2025-11-27 09:05:05 | INFO | equity_bot | FEEDBACK_INIT | PerformanceFeedback initialized (window: 20)
2025-11-27 09:05:05 | INFO | equity_bot | REGIME_INIT | RegimeDetector initialized (SMA: 20/50, ATR: 14)
2025-11-27 09:05:06 | INFO | equity_bot | CORRELATION_INIT | CorrelationAnalyzer initialized (threshold: 0.7)
2025-11-27 09:05:06 | INFO | equity_bot | POSITIONER_INIT | AdvancedPositionSizer initialized | base_size=100 | risk_per_trade=1.0%
2025-11-27 09:05:06 | INFO | equity_bot | CORRELATION_INIT | CorrelationAnalyzer initialized (threshold: 0.7)
2025-11-27 09:05:06 | INFO | equity_bot | POSITIONER_INIT | AdvancedPositionSizer initialized | base_size=100 | risk_per_trade=1.0%
2025-11-27 09:05:06 | INFO | equity_bot | BOT_CLEANUP | Bot cleanup on exit | uptime_seconds=0 | active_positions=0
2025-11-27 09:05:06 | INFO | equity_bot | FEEDBACK_INIT | PerformanceFeedback initialized (window: 20)
2025-11-27 09:05:06 | INFO | equity_bot | REGIME_INIT | RegimeDetector initialized (SMA: 20/50, ATR: 14)
2025-11-27 09:05:06 | INFO | equity_bot | CORRELATION_INIT | CorrelationAnalyzer initialized (threshold: 0.7)
2025-11-27 09:05:06 | INFO | equity_bot | POSITIONER_INIT | AdvancedPositionSizer initialized | base_size=100 | risk_per_trade=1.0%
2025-11-27 09:05:06 | INFO | equity_bot | CORRELATION_INIT | CorrelationAnalyzer initialized (threshold: 0.7)
2025-11-27 09:05:06 | INFO | equity_bot | POSITIONER_INIT | AdvancedPositionSizer initialized | base_size=100 | risk_per_trade=1.0%
2025-11-27 09:05:07 | INFO | equity_bot | STARTUP | Starting Equity Trading Bot...
2025-11-27 09:05:07 | INFO | equity_bot | STARTUP | Validating configuration...
2025-11-27 09:05:07 | INFO | equity_bot | CONFIG | Configuration validation passed
2025-11-27 09:05:07 | INFO | equity_bot | CONFIG | Current configuration | trading_mode=LIVE | max_capital=20000.0 | cap_per_trade=2000.0 | max_slots=10 | default_sl_percentage=0.5 | trail_sl_enabled=True | monitor_interval=20 | webhook_port=80 | margin_percentage=0.2 | paper_trading=False
2025-11-27 09:05:07 | INFO | equity_bot | STARTUP | Hybrid learning engine initialized
2025-11-27 09:05:07 | INFO | equity_bot | STARTUP |   Storage: /root/santhosh/trading/equity/data/learning
2025-11-27 09:05:07 | INFO | equity_bot | STARTUP |   Status: ML system ready for real-time learning
2025-11-27 09:05:07 | INFO | equity_bot | EOD_SCHEDULER_SCHEDULED | EOD scheduler scheduled with two stages | squareoff_time=15:12 | learning_time=15:15 | description=Stage 1: Square-off at 3:12 PM (avoid EOD rush) | Stage 2: Learning at 3:15 PM (get more data)
2025-11-27 09:05:07 | INFO | equity_bot | EOD_SCHEDULER_STARTED | EOD scheduler started, squareoff: 15:12, learning: 15:15
2025-11-27 09:05:07 | INFO | equity_bot | EOD_DAEMON_STARTED | EOD scheduler started as daemon thread (square-off at 15:12, learning at 15:15) | squareoff_time=15:12 | learning_time=15:15
2025-11-27 09:05:07 | INFO | equity_bot | STARTUP | EOD scheduler daemon started (daily update at 3:30 PM IST on port 80)
2025-11-27 09:05:07 | INFO | equity_bot | STARTUP | All components initialized successfully
2025-11-27 09:05:07 | INFO | equity_bot | STARTUP | Trading Mode: LIVE
2025-11-27 09:05:07 | INFO | equity_bot | STARTUP | Bot is ready to receive webhook alerts
2025-11-27 09:05:07 | INFO | equity_bot | STARTUP | Starting webhook server...
2025-11-27 09:05:07 | INFO | equity_bot | BOT_STARTUP | Trading bot starting up | startup_time=2025-11-27T09:05:07.239013 | capital_per_trade=2000.0 | max_slots=10 | paper_trading=False
2025-11-27 09:05:07 | INFO | equity_bot | RATE_LIMITER | Token bucket 'per_second' initialized | capacity=8 | refill_rate=8
2025-11-27 09:05:07 | INFO | equity_bot | RATE_LIMITER | Token bucket 'per_minute' initialized | capacity=180 | refill_rate=3.0
2025-11-27 09:05:07 | INFO | equity_bot | RATE_LIMITER | AngelOne rate limiter initialized | rps_limit=8 | rpm_limit=180
2025-11-27 09:05:07 | INFO | equity_bot | INSTRUMENTS | Loaded 2338 instruments
2025-11-27 09:05:07 | INFO | equity_bot | SESSION | Performing fresh login
2025-11-27 09:05:07 | INFO | equity_bot | SESSION_DEBUG | SmartConnect instance ID: 138465722034144 | has_access_token=True | has_refresh_token=True | access_token_set=True | api_key=PSYIiZ0c
2025-11-27 09:05:07 | INFO | equity_bot | SESSION | Session saved to file
2025-11-27 09:05:07 | INFO | equity_bot | SESSION | Login successful | client_code=S635655 | session_id=Bearer eyJ...
2025-11-27 09:05:07 | INFO | equity_bot | SESSION_REFRESH | Proactive session refresh thread started
2025-11-27 09:05:07 | INFO | equity_bot | SESSION_REFRESH | Proactive session refresh thread started successfully
2025-11-27 09:05:07 | INFO | equity_bot | RATE_LIMITER | API call recorded: login
2025-11-27 09:05:07 | INFO | equity_bot | ALERT_QUEUE | Alert queue initialized - burst-safe processing enabled
2025-11-27 09:05:07 | INFO | equity_bot | FEEDBACK_INIT | PerformanceFeedback initialized (window: 20)
2025-11-27 09:05:07 | INFO | equity_bot | MONITOR | PositionMonitor instance created successfully
2025-11-27 09:05:07 | INFO | equity_bot | MONITOR | Position monitor started in background
2025-11-27 09:05:07 | INFO | equity_bot | MONITOR | Monitor initialized with 0 existing positions
2025-11-27 09:05:07 | INFO | equity_bot | SYSTEM | Trading system initialized successfully
2025-11-27 09:05:07 | INFO | equity_bot | ALERT_QUEUE | Alert queue worker started successfully
2025-11-27 09:05:07 | INFO | equity_bot | ALERT_QUEUE | Alert queue worker thread started
2025-11-27 09:05:07 | INFO | equity_bot | SERVER | Starting webhook server on 0.0.0.0:80
2025-11-27 09:05:08 | INFO | equity_bot | FEEDBACK_INIT | PerformanceFeedback initialized (window: 20)
2025-11-27 09:05:08 | INFO | equity_bot | REGIME_INIT | RegimeDetector initialized (SMA: 20/50, ATR: 14)
2025-11-27 09:05:08 | INFO | equity_bot | CORRELATION_INIT | CorrelationAnalyzer initialized (threshold: 0.7)
2025-11-27 09:05:08 | INFO | equity_bot | POSITIONER_INIT | AdvancedPositionSizer initialized | base_size=100 | risk_per_trade=1.0%
2025-11-27 09:05:08 | INFO | equity_bot | CORRELATION_INIT | CorrelationAnalyzer initialized (threshold: 0.7)
2025-11-27 09:05:08 | INFO | equity_bot | POSITIONER_INIT | AdvancedPositionSizer initialized | base_size=100 | risk_per_trade=1.0%
2025-11-27 09:05:08 | INFO | equity_bot | STARTUP | Starting Equity Trading Bot...
2025-11-27 09:05:08 | INFO | equity_bot | STARTUP | Validating configuration...
2025-11-27 09:05:08 | INFO | equity_bot | CONFIG | Configuration validation passed
2025-11-27 09:05:08 | INFO | equity_bot | CONFIG | Current configuration | trading_mode=LIVE | max_capital=20000.0 | cap_per_trade=2000.0 | max_slots=10 | default_sl_percentage=0.5 | trail_sl_enabled=True | monitor_interval=20 | webhook_port=80 | margin_percentage=0.2 | paper_trading=False
2025-11-27 09:05:08 | INFO | equity_bot | STARTUP | Hybrid learning engine initialized
2025-11-27 09:05:08 | INFO | equity_bot | STARTUP |   Storage: /root/santhosh/trading/equity/data/learning
2025-11-27 09:05:08 | INFO | equity_bot | STARTUP |   Status: ML system ready for real-time learning
2025-11-27 09:05:08 | INFO | equity_bot | EOD_SCHEDULER_SCHEDULED | EOD scheduler scheduled with two stages | squareoff_time=15:12 | learning_time=15:15 | description=Stage 1: Square-off at 3:12 PM (avoid EOD rush) | Stage 2: Learning at 3:15 PM (get more data)
2025-11-27 09:05:08 | INFO | equity_bot | EOD_SCHEDULER_STARTED | EOD scheduler started, squareoff: 15:12, learning: 15:15
2025-11-27 09:05:08 | INFO | equity_bot | EOD_DAEMON_STARTED | EOD scheduler started as daemon thread (square-off at 15:12, learning at 15:15) | squareoff_time=15:12 | learning_time=15:15
2025-11-27 09:05:08 | INFO | equity_bot | STARTUP | EOD scheduler daemon started (daily update at 3:30 PM IST on port 80)
2025-11-27 09:05:08 | INFO | equity_bot | STARTUP | All components initialized successfully
2025-11-27 09:05:08 | INFO | equity_bot | STARTUP | Trading Mode: LIVE
2025-11-27 09:05:08 | INFO | equity_bot | STARTUP | Bot is ready to receive webhook alerts
2025-11-27 09:05:08 | INFO | equity_bot | STARTUP | Starting webhook server...
2025-11-27 09:05:08 | INFO | equity_bot | BOT_STARTUP | Trading bot starting up | startup_time=2025-11-27T09:05:08.372778 | capital_per_trade=2000.0 | max_slots=10 | paper_trading=False
2025-11-27 09:05:08 | INFO | equity_bot | RATE_LIMITER | Token bucket 'per_second' initialized | capacity=8 | refill_rate=8
2025-11-27 09:05:08 | INFO | equity_bot | RATE_LIMITER | Token bucket 'per_minute' initialized | capacity=180 | refill_rate=3.0
2025-11-27 09:05:08 | INFO | equity_bot | RATE_LIMITER | AngelOne rate limiter initialized | rps_limit=8 | rpm_limit=180
2025-11-27 09:05:08 | INFO | equity_bot | INSTRUMENTS | Loaded 2338 instruments
2025-11-27 09:05:08 | INFO | equity_bot | SESSION | Performing fresh login
2025-11-27 09:05:08 | INFO | equity_bot | SESSION_DEBUG | SmartConnect instance ID: 129549844179680 | has_access_token=True | has_refresh_token=True | access_token_set=True | api_key=PSYIiZ0c
2025-11-27 09:05:08 | INFO | equity_bot | SESSION | Session saved to file
2025-11-27 09:05:08 | INFO | equity_bot | SESSION | Login successful | client_code=S635655 | session_id=Bearer eyJ...
2025-11-27 09:05:08 | INFO | equity_bot | SESSION_REFRESH | Proactive session refresh thread started
2025-11-27 09:05:08 | INFO | equity_bot | SESSION_REFRESH | Proactive session refresh thread started successfully
2025-11-27 09:05:08 | INFO | equity_bot | RATE_LIMITER | API call recorded: login
2025-11-27 09:05:08 | INFO | equity_bot | ALERT_QUEUE | Alert queue initialized - burst-safe processing enabled
2025-11-27 09:05:08 | INFO | equity_bot | FEEDBACK_INIT | PerformanceFeedback initialized (window: 20)
2025-11-27 09:05:08 | INFO | equity_bot | MONITOR | PositionMonitor instance created successfully
2025-11-27 09:05:08 | INFO | equity_bot | MONITOR | Position monitor started in background
2025-11-27 09:05:09 | INFO | equity_bot | MONITOR | Monitor initialized with 0 existing positions
2025-11-27 09:05:09 | INFO | equity_bot | SYSTEM | Trading system initialized successfully
2025-11-27 09:05:09 | INFO | equity_bot | ALERT_QUEUE | Alert queue worker started successfully
2025-11-27 09:05:09 | INFO | equity_bot | ALERT_QUEUE | Alert queue worker thread started
2025-11-27 09:05:09 | INFO | equity_bot | SERVER | Starting webhook server on 0.0.0.0:80
2025-11-27 09:05:09 | INFO | equity_bot | BOT_CLEANUP | Bot cleanup on exit | uptime_seconds=0 | active_positions=0
2025-11-27 09:05:24 | INFO | equity_bot | FEEDBACK_INIT | PerformanceFeedback initialized (window: 20)
2025-11-27 09:05:24 | INFO | equity_bot | REGIME_INIT | RegimeDetector initialized (SMA: 20/50, ATR: 14)
2025-11-27 09:05:24 | INFO | equity_bot | CORRELATION_INIT | CorrelationAnalyzer initialized (threshold: 0.7)
2025-11-27 09:05:24 | INFO | equity_bot | POSITIONER_INIT | AdvancedPositionSizer initialized | base_size=100 | risk_per_trade=1.0%
2025-11-27 09:05:24 | INFO | equity_bot | CORRELATION_INIT | CorrelationAnalyzer initialized (threshold: 0.7)
2025-11-27 09:05:24 | INFO | equity_bot | POSITIONER_INIT | AdvancedPositionSizer initialized | base_size=100 | risk_per_trade=1.0%
2025-11-27 09:05:25 | INFO | equity_bot | STARTUP | Starting Equity Trading Bot...
2025-11-27 09:05:25 | INFO | equity_bot | STARTUP | Validating configuration...
2025-11-27 09:05:25 | INFO | equity_bot | CONFIG | Configuration validation passed
2025-11-27 09:05:25 | INFO | equity_bot | CONFIG | Current configuration | trading_mode=LIVE | max_capital=20000.0 | cap_per_trade=2000.0 | max_slots=10 | default_sl_percentage=0.5 | trail_sl_enabled=True | monitor_interval=20 | webhook_port=80 | margin_percentage=0.2 | paper_trading=False
2025-11-27 09:05:25 | INFO | equity_bot | STARTUP | Hybrid learning engine initialized
2025-11-27 09:05:25 | INFO | equity_bot | STARTUP |   Storage: /root/santhosh/trading/equity/data/learning
2025-11-27 09:05:25 | INFO | equity_bot | STARTUP |   Status: ML system ready for real-time learning
2025-11-27 09:05:25 | INFO | equity_bot | EOD_SCHEDULER_SCHEDULED | EOD scheduler scheduled with two stages | squareoff_time=15:12 | learning_time=15:15 | description=Stage 1: Square-off at 3:12 PM (avoid EOD rush) | Stage 2: Learning at 3:15 PM (get more data)
2025-11-27 09:05:25 | INFO | equity_bot | EOD_SCHEDULER_STARTED | EOD scheduler started, squareoff: 15:12, learning: 15:15
2025-11-27 09:05:25 | INFO | equity_bot | EOD_DAEMON_STARTED | EOD scheduler started as daemon thread (square-off at 15:12, learning at 15:15) | squareoff_time=15:12 | learning_time=15:15
2025-11-27 09:05:25 | INFO | equity_bot | STARTUP | EOD scheduler daemon started (daily update at 3:30 PM IST on port 80)
2025-11-27 09:05:25 | INFO | equity_bot | STARTUP | All components initialized successfully
2025-11-27 09:05:25 | INFO | equity_bot | STARTUP | Trading Mode: LIVE
2025-11-27 09:05:25 | INFO | equity_bot | STARTUP | Bot is ready to receive webhook alerts
2025-11-27 09:05:25 | INFO | equity_bot | STARTUP | Starting webhook server...
2025-11-27 09:05:25 | INFO | equity_bot | BOT_STARTUP | Trading bot starting up | startup_time=2025-11-27T09:05:25.028483 | capital_per_trade=2000.0 | max_slots=10 | paper_trading=False
2025-11-27 09:05:25 | INFO | equity_bot | RATE_LIMITER | Token bucket 'per_second' initialized | capacity=8 | refill_rate=8
2025-11-27 09:05:25 | INFO | equity_bot | RATE_LIMITER | Token bucket 'per_minute' initialized | capacity=180 | refill_rate=3.0
2025-11-27 09:05:25 | INFO | equity_bot | RATE_LIMITER | AngelOne rate limiter initialized | rps_limit=8 | rpm_limit=180
2025-11-27 09:05:25 | INFO | equity_bot | INSTRUMENTS | Loaded 2338 instruments
2025-11-27 09:05:25 | INFO | equity_bot | SESSION | Performing fresh login
2025-11-27 09:05:25 | INFO | equity_bot | SESSION_DEBUG | SmartConnect instance ID: 132206847667200 | has_access_token=True | has_refresh_token=True | access_token_set=True | api_key=PSYIiZ0c
2025-11-27 09:05:25 | INFO | equity_bot | SESSION | Session saved to file
2025-11-27 09:05:25 | INFO | equity_bot | SESSION | Login successful | client_code=S635655 | session_id=Bearer eyJ...
2025-11-27 09:05:25 | INFO | equity_bot | SESSION_REFRESH | Proactive session refresh thread started
2025-11-27 09:05:25 | INFO | equity_bot | SESSION_REFRESH | Proactive session refresh thread started successfully
2025-11-27 09:05:25 | INFO | equity_bot | RATE_LIMITER | API call recorded: login
2025-11-27 09:05:25 | INFO | equity_bot | ALERT_QUEUE | Alert queue initialized - burst-safe processing enabled
2025-11-27 09:05:25 | INFO | equity_bot | FEEDBACK_INIT | PerformanceFeedback initialized (window: 20)
2025-11-27 09:05:25 | INFO | equity_bot | MONITOR | PositionMonitor instance created successfully
2025-11-27 09:05:25 | INFO | equity_bot | MONITOR | Position monitor started in background
2025-11-27 09:05:25 | INFO | equity_bot | MONITOR | Monitor initialized with 0 existing positions
2025-11-27 09:05:25 | INFO | equity_bot | SYSTEM | Trading system initialized successfully
2025-11-27 09:05:25 | INFO | equity_bot | ALERT_QUEUE | Alert queue worker started successfully
2025-11-27 09:05:25 | INFO | equity_bot | ALERT_QUEUE | Alert queue worker thread started
2025-11-27 09:05:25 | INFO | equity_bot | SERVER | Starting webhook server on 0.0.0.0:80
2025-11-27 09:05:25 | INFO | equity_bot | BOT_CLEANUP | Bot cleanup on exit | uptime_seconds=0 | active_positions=0
2025-11-27 09:05:41 | INFO | equity_bot | FEEDBACK_INIT | PerformanceFeedback initialized (window: 20)
2025-11-27 09:05:41 | INFO | equity_bot | REGIME_INIT | RegimeDetector initialized (SMA: 20/50, ATR: 14)
2025-11-27 09:05:41 | INFO | equity_bot | CORRELATION_INIT | CorrelationAnalyzer initialized (threshold: 0.7)
2025-11-27 09:05:41 | INFO | equity_bot | POSITIONER_INIT | AdvancedPositionSizer initialized | base_size=100 | risk_per_trade=1.0%
2025-11-27 09:05:41 | INFO | equity_bot | CORRELATION_INIT | CorrelationAnalyzer initialized (threshold: 0.7)
2025-11-27 09:05:41 | INFO | equity_bot | POSITIONER_INIT | AdvancedPositionSizer initialized | base_size=100 | risk_per_trade=1.0%
2025-11-27 09:05:41 | INFO | equity_bot | STARTUP | Starting Equity Trading Bot...
2025-11-27 09:05:41 | INFO | equity_bot | STARTUP | Validating configuration...
2025-11-27 09:05:41 | INFO | equity_bot | CONFIG | Configuration validation passed
2025-11-27 09:05:41 | INFO | equity_bot | CONFIG | Current configuration | trading_mode=LIVE | max_capital=20000.0 | cap_per_trade=2000.0 | max_slots=10 | default_sl_percentage=0.5 | trail_sl_enabled=True | monitor_interval=20 | webhook_port=80 | margin_percentage=0.2 | paper_trading=False
2025-11-27 09:05:41 | INFO | equity_bot | STARTUP | Hybrid learning engine initialized
2025-11-27 09:05:41 | INFO | equity_bot | STARTUP |   Storage: /root/santhosh/trading/equity/data/learning
2025-11-27 09:05:41 | INFO | equity_bot | STARTUP |   Status: ML system ready for real-time learning
2025-11-27 09:05:41 | INFO | equity_bot | EOD_SCHEDULER_SCHEDULED | EOD scheduler scheduled with two stages | squareoff_time=15:12 | learning_time=15:15 | description=Stage 1: Square-off at 3:12 PM (avoid EOD rush) | Stage 2: Learning at 3:15 PM (get more data)
2025-11-27 09:05:41 | INFO | equity_bot | EOD_SCHEDULER_STARTED | EOD scheduler started, squareoff: 15:12, learning: 15:15
2025-11-27 09:05:41 | INFO | equity_bot | EOD_DAEMON_STARTED | EOD scheduler started as daemon thread (square-off at 15:12, learning at 15:15) | squareoff_time=15:12 | learning_time=15:15
2025-11-27 09:05:41 | INFO | equity_bot | STARTUP | EOD scheduler daemon started (daily update at 3:30 PM IST on port 80)
2025-11-27 09:05:41 | INFO | equity_bot | STARTUP | All components initialized successfully
2025-11-27 09:05:41 | INFO | equity_bot | STARTUP | Trading Mode: LIVE
2025-11-27 09:05:41 | INFO | equity_bot | STARTUP | Bot is ready to receive webhook alerts
2025-11-27 09:05:41 | INFO | equity_bot | STARTUP | Starting webhook server...
2025-11-27 09:05:41 | INFO | equity_bot | BOT_STARTUP | Trading bot starting up | startup_time=2025-11-27T09:05:41.548573 | capital_per_trade=2000.0 | max_slots=10 | paper_trading=False
2025-11-27 09:05:41 | INFO | equity_bot | RATE_LIMITER | Token bucket 'per_second' initialized | capacity=8 | refill_rate=8
2025-11-27 09:05:41 | INFO | equity_bot | RATE_LIMITER | Token bucket 'per_minute' initialized | capacity=180 | refill_rate=3.0
2025-11-27 09:05:41 | INFO | equity_bot | RATE_LIMITER | AngelOne rate limiter initialized | rps_limit=8 | rpm_limit=180
2025-11-27 09:05:41 | INFO | equity_bot | INSTRUMENTS | Loaded 2338 instruments
2025-11-27 09:05:41 | INFO | equity_bot | SESSION | Performing fresh login
2025-11-27 09:05:41 | INFO | equity_bot | SESSION_DEBUG | SmartConnect instance ID: 130362391947952 | has_access_token=True | has_refresh_token=True | access_token_set=True | api_key=PSYIiZ0c
2025-11-27 09:05:41 | INFO | equity_bot | SESSION | Session saved to file
2025-11-27 09:05:41 | INFO | equity_bot | SESSION | Login successful | client_code=S635655 | session_id=Bearer eyJ...
2025-11-27 09:05:41 | INFO | equity_bot | SESSION_REFRESH | Proactive session refresh thread started
2025-11-27 09:05:41 | INFO | equity_bot | SESSION_REFRESH | Proactive session refresh thread started successfully
2025-11-27 09:05:41 | INFO | equity_bot | RATE_LIMITER | API call recorded: login
2025-11-27 09:05:41 | INFO | equity_bot | ALERT_QUEUE | Alert queue initialized - burst-safe processing enabled
2025-11-27 09:05:41 | INFO | equity_bot | FEEDBACK_INIT | PerformanceFeedback initialized (window: 20)
2025-11-27 09:05:42 | INFO | equity_bot | MONITOR | PositionMonitor instance created successfully
2025-11-27 09:05:42 | INFO | equity_bot | MONITOR | Position monitor started in background
2025-11-27 09:05:42 | INFO | equity_bot | MONITOR | Monitor initialized with 0 existing positions
2025-11-27 09:05:42 | INFO | equity_bot | SYSTEM | Trading system initialized successfully
2025-11-27 09:05:42 | INFO | equity_bot | ALERT_QUEUE | Alert queue worker started successfully
2025-11-27 09:05:42 | INFO | equity_bot | ALERT_QUEUE | Alert queue worker thread started
2025-11-27 09:05:42 | INFO | equity_bot | SERVER | Starting webhook server on 0.0.0.0:80
2025-11-27 09:05:42 | INFO | equity_bot | BOT_CLEANUP | Bot cleanup on exit | uptime_seconds=0 | active_positions=0
2025-11-27 09:05:57 | INFO | equity_bot | FEEDBACK_INIT | PerformanceFeedback initialized (window: 20)
2025-11-27 09:05:57 | INFO | equity_bot | REGIME_INIT | RegimeDetector initialized (SMA: 20/50, ATR: 14)
2025-11-27 09:05:57 | INFO | equity_bot | CORRELATION_INIT | CorrelationAnalyzer initialized (threshold: 0.7)
2025-11-27 09:05:57 | INFO | equity_bot | POSITIONER_INIT | AdvancedPositionSizer initialized | base_size=100 | risk_per_trade=1.0%
2025-11-27 09:05:57 | INFO | equity_bot | CORRELATION_INIT | CorrelationAnalyzer initialized (threshold: 0.7)
2025-11-27 09:05:57 | INFO | equity_bot | POSITIONER_INIT | AdvancedPositionSizer initialized | base_size=100 | risk_per_trade=1.0%
2025-11-27 09:05:58 | INFO | equity_bot | STARTUP | Starting Equity Trading Bot...
2025-11-27 09:05:58 | INFO | equity_bot | STARTUP | Validating configuration...
2025-11-27 09:05:58 | INFO | equity_bot | CONFIG | Configuration validation passed
2025-11-27 09:05:58 | INFO | equity_bot | CONFIG | Current configuration | trading_mode=LIVE | max_capital=20000.0 | cap_per_trade=2000.0 | max_slots=10 | default_sl_percentage=0.5 | trail_sl_enabled=True | monitor_interval=20 | webhook_port=80 | margin_percentage=0.2 | paper_trading=False
2025-11-27 09:05:58 | INFO | equity_bot | STARTUP | Hybrid learning engine initialized
2025-11-27 09:05:58 | INFO | equity_bot | STARTUP |   Storage: /root/santhosh/trading/equity/data/learning
2025-11-27 09:05:58 | INFO | equity_bot | STARTUP |   Status: ML system ready for real-time learning
2025-11-27 09:05:58 | INFO | equity_bot | EOD_SCHEDULER_SCHEDULED | EOD scheduler scheduled with two stages | squareoff_time=15:12 | learning_time=15:15 | description=Stage 1: Square-off at 3:12 PM (avoid EOD rush) | Stage 2: Learning at 3:15 PM (get more data)
2025-11-27 09:05:58 | INFO | equity_bot | EOD_SCHEDULER_STARTED | EOD scheduler started, squareoff: 15:12, learning: 15:15
2025-11-27 09:05:58 | INFO | equity_bot | EOD_DAEMON_STARTED | EOD scheduler started as daemon thread (square-off at 15:12, learning at 15:15) | squareoff_time=15:12 | learning_time=15:15
2025-11-27 09:05:58 | INFO | equity_bot | STARTUP | EOD scheduler daemon started (daily update at 3:30 PM IST on port 80)
2025-11-27 09:05:58 | INFO | equity_bot | STARTUP | All components initialized successfully
2025-11-27 09:05:58 | INFO | equity_bot | STARTUP | Trading Mode: LIVE
2025-11-27 09:05:58 | INFO | equity_bot | STARTUP | Bot is ready to receive webhook alerts
2025-11-27 09:05:58 | INFO | equity_bot | STARTUP | Starting webhook server...
2025-11-27 09:05:58 | INFO | equity_bot | BOT_STARTUP | Trading bot starting up | startup_time=2025-11-27T09:05:58.023895 | capital_per_trade=2000.0 | max_slots=10 | paper_trading=False
2025-11-27 09:05:58 | INFO | equity_bot | RATE_LIMITER | Token bucket 'per_second' initialized | capacity=8 | refill_rate=8
2025-11-27 09:05:58 | INFO | equity_bot | RATE_LIMITER | Token bucket 'per_minute' initialized | capacity=180 | refill_rate=3.0
2025-11-27 09:05:58 | INFO | equity_bot | RATE_LIMITER | AngelOne rate limiter initialized | rps_limit=8 | rpm_limit=180
2025-11-27 09:05:58 | INFO | equity_bot | INSTRUMENTS | Loaded 2338 instruments
2025-11-27 09:05:58 | INFO | equity_bot | SESSION | Performing fresh login
2025-11-27 09:05:58 | INFO | equity_bot | SESSION_DEBUG | SmartConnect instance ID: 132092685938048 | has_access_token=True | has_refresh_token=True | access_token_set=True | api_key=PSYIiZ0c
2025-11-27 09:05:58 | INFO | equity_bot | SESSION | Session saved to file
2025-11-27 09:05:58 | INFO | equity_bot | SESSION | Login successful | client_code=S635655 | session_id=Bearer eyJ...
2025-11-27 09:05:58 | INFO | equity_bot | SESSION_REFRESH | Proactive session refresh thread started
2025-11-27 09:05:58 | INFO | equity_bot | SESSION_REFRESH | Proactive session refresh thread started successfully
2025-11-27 09:05:58 | INFO | equity_bot | RATE_LIMITER | API call recorded: login
2025-11-27 09:05:58 | INFO | equity_bot | ALERT_QUEUE | Alert queue initialized - burst-safe processing enabled
2025-11-27 09:05:58 | INFO | equity_bot | FEEDBACK_INIT | PerformanceFeedback initialized (window: 20)
2025-11-27 09:05:58 | INFO | equity_bot | MONITOR | PositionMonitor instance created successfully
2025-11-27 09:05:58 | INFO | equity_bot | MONITOR | Position monitor started in background
2025-11-27 09:05:58 | INFO | equity_bot | MONITOR | Monitor initialized with 0 existing positions
2025-11-27 09:05:58 | INFO | equity_bot | SYSTEM | Trading system initialized successfully
2025-11-27 09:05:58 | INFO | equity_bot | ALERT_QUEUE | Alert queue worker started successfully
2025-11-27 09:05:58 | INFO | equity_bot | ALERT_QUEUE | Alert queue worker thread started
2025-11-27 09:05:58 | INFO | equity_bot | SERVER | Starting webhook server on 0.0.0.0:80
2025-11-27 09:05:58 | INFO | equity_bot | BOT_CLEANUP | Bot cleanup on exit | uptime_seconds=0 | active_positions=0
2025-11-27 09:06:14 | INFO | equity_bot | FEEDBACK_INIT | PerformanceFeedback initialized (window: 20)
2025-11-27 09:06:14 | INFO | equity_bot | REGIME_INIT | RegimeDetector initialized (SMA: 20/50, ATR: 14)
2025-11-27 09:06:14 | INFO | equity_bot | CORRELATION_INIT | CorrelationAnalyzer initialized (threshold: 0.7)
2025-11-27 09:06:14 | INFO | equity_bot | POSITIONER_INIT | AdvancedPositionSizer initialized | base_size=100 | risk_per_trade=1.0%
2025-11-27 09:06:14 | INFO | equity_bot | CORRELATION_INIT | CorrelationAnalyzer initialized (threshold: 0.7)
2025-11-27 09:06:14 | INFO | equity_bot | POSITIONER_INIT | AdvancedPositionSizer initialized | base_size=100 | risk_per_trade=1.0%
2025-11-27 09:06:14 | INFO | equity_bot | STARTUP | Starting Equity Trading Bot...
2025-11-27 09:06:14 | INFO | equity_bot | STARTUP | Validating configuration...
2025-11-27 09:06:14 | INFO | equity_bot | CONFIG | Configuration validation passed
2025-11-27 09:06:14 | INFO | equity_bot | CONFIG | Current configuration | trading_mode=LIVE | max_capital=20000.0 | cap_per_trade=2000.0 | max_slots=10 | default_sl_percentage=0.5 | trail_sl_enabled=True | monitor_interval=20 | webhook_port=80 | margin_percentage=0.2 | paper_trading=False
2025-11-27 09:06:14 | INFO | equity_bot | STARTUP | Hybrid learning engine initialized
2025-11-27 09:06:14 | INFO | equity_bot | STARTUP |   Storage: /root/santhosh/trading/equity/data/learning
2025-11-27 09:06:14 | INFO | equity_bot | STARTUP |   Status: ML system ready for real-time learning
2025-11-27 09:06:14 | INFO | equity_bot | EOD_SCHEDULER_SCHEDULED | EOD scheduler scheduled with two stages | squareoff_time=15:12 | learning_time=15:15 | description=Stage 1: Square-off at 3:12 PM (avoid EOD rush) | Stage 2: Learning at 3:15 PM (get more data)
2025-11-27 09:06:14 | INFO | equity_bot | EOD_SCHEDULER_STARTED | EOD scheduler started, squareoff: 15:12, learning: 15:15
2025-11-27 09:06:14 | INFO | equity_bot | EOD_DAEMON_STARTED | EOD scheduler started as daemon thread (square-off at 15:12, learning at 15:15) | squareoff_time=15:12 | learning_time=15:15
2025-11-27 09:06:14 | INFO | equity_bot | STARTUP | EOD scheduler daemon started (daily update at 3:30 PM IST on port 80)
2025-11-27 09:06:14 | INFO | equity_bot | STARTUP | All components initialized successfully
2025-11-27 09:06:14 | INFO | equity_bot | STARTUP | Trading Mode: LIVE
2025-11-27 09:06:14 | INFO | equity_bot | STARTUP | Bot is ready to receive webhook alerts
2025-11-27 09:06:14 | INFO | equity_bot | STARTUP | Starting webhook server...
2025-11-27 09:06:14 | INFO | equity_bot | BOT_STARTUP | Trading bot starting up | startup_time=2025-11-27T09:06:14.551049 | capital_per_trade=2000.0 | max_slots=10 | paper_trading=False
2025-11-27 09:06:14 | INFO | equity_bot | RATE_LIMITER | Token bucket 'per_second' initialized | capacity=8 | refill_rate=8
2025-11-27 09:06:14 | INFO | equity_bot | RATE_LIMITER | Token bucket 'per_minute' initialized | capacity=180 | refill_rate=3.0
2025-11-27 09:06:14 | INFO | equity_bot | RATE_LIMITER | AngelOne rate limiter initialized | rps_limit=8 | rpm_limit=180
2025-11-27 09:06:14 | INFO | equity_bot | INSTRUMENTS | Loaded 2338 instruments
2025-11-27 09:06:14 | INFO | equity_bot | SESSION | Performing fresh login
2025-11-27 09:06:14 | INFO | equity_bot | SESSION_DEBUG | SmartConnect instance ID: 124327296952048 | has_access_token=True | has_refresh_token=True | access_token_set=True | api_key=PSYIiZ0c
2025-11-27 09:06:14 | INFO | equity_bot | SESSION | Session saved to file
2025-11-27 09:06:14 | INFO | equity_bot | SESSION | Login successful | client_code=S635655 | session_id=Bearer eyJ...
2025-11-27 09:06:14 | INFO | equity_bot | SESSION_REFRESH | Proactive session refresh thread started
2025-11-27 09:06:14 | INFO | equity_bot | SESSION_REFRESH | Proactive session refresh thread started successfully
2025-11-27 09:06:14 | INFO | equity_bot | RATE_LIMITER | API call recorded: login
2025-11-27 09:06:14 | INFO | equity_bot | ALERT_QUEUE | Alert queue initialized - burst-safe processing enabled
2025-11-27 09:06:14 | INFO | equity_bot | FEEDBACK_INIT | PerformanceFeedback initialized (window: 20)
2025-11-27 09:06:15 | INFO | equity_bot | MONITOR | PositionMonitor instance created successfully
2025-11-27 09:06:15 | INFO | equity_bot | MONITOR | Position monitor started in background
2025-11-27 09:06:15 | INFO | equity_bot | MONITOR | Monitor initialized with 0 existing positions
2025-11-27 09:06:15 | INFO | equity_bot | SYSTEM | Trading system initialized successfully
2025-11-27 09:06:15 | INFO | equity_bot | ALERT_QUEUE | Alert queue worker started successfully
2025-11-27 09:06:15 | INFO | equity_bot | ALERT_QUEUE | Alert queue worker thread started
2025-11-27 09:06:15 | INFO | equity_bot | SERVER | Starting webhook server on 0.0.0.0:80
2025-11-27 09:06:15 | INFO | equity_bot | BOT_CLEANUP | Bot cleanup on exit | uptime_seconds=0 | active_positions=0
2025-11-27 09:06:30 | INFO | equity_bot | FEEDBACK_INIT | PerformanceFeedback initialized (window: 20)
2025-11-27 09:06:30 | INFO | equity_bot | REGIME_INIT | RegimeDetector initialized (SMA: 20/50, ATR: 14)
2025-11-27 09:06:30 | INFO | equity_bot | CORRELATION_INIT | CorrelationAnalyzer initialized (threshold: 0.7)
2025-11-27 09:06:30 | INFO | equity_bot | POSITIONER_INIT | AdvancedPositionSizer initialized | base_size=100 | risk_per_trade=1.0%
2025-11-27 09:06:30 | INFO | equity_bot | CORRELATION_INIT | CorrelationAnalyzer initialized (threshold: 0.7)
2025-11-27 09:06:30 | INFO | equity_bot | POSITIONER_INIT | AdvancedPositionSizer initialized | base_size=100 | risk_per_trade=1.0%
2025-11-27 09:06:31 | INFO | equity_bot | STARTUP | Starting Equity Trading Bot...
2025-11-27 09:06:31 | INFO | equity_bot | STARTUP | Validating configuration...
2025-11-27 09:06:31 | INFO | equity_bot | CONFIG | Configuration validation passed
2025-11-27 09:06:31 | INFO | equity_bot | CONFIG | Current configuration | trading_mode=LIVE | max_capital=20000.0 | cap_per_trade=2000.0 | max_slots=10 | default_sl_percentage=0.5 | trail_sl_enabled=True | monitor_interval=20 | webhook_port=80 | margin_percentage=0.2 | paper_trading=False
2025-11-27 09:06:31 | INFO | equity_bot | STARTUP | Hybrid learning engine initialized
2025-11-27 09:06:31 | INFO | equity_bot | STARTUP |   Storage: /root/santhosh/trading/equity/data/learning
2025-11-27 09:06:31 | INFO | equity_bot | STARTUP |   Status: ML system ready for real-time learning
2025-11-27 09:06:31 | INFO | equity_bot | EOD_SCHEDULER_SCHEDULED | EOD scheduler scheduled with two stages | squareoff_time=15:12 | learning_time=15:15 | description=Stage 1: Square-off at 3:12 PM (avoid EOD rush) | Stage 2: Learning at 3:15 PM (get more data)
2025-11-27 09:06:31 | INFO | equity_bot | EOD_SCHEDULER_STARTED | EOD scheduler started, squareoff: 15:12, learning: 15:15
2025-11-27 09:06:31 | INFO | equity_bot | EOD_DAEMON_STARTED | EOD scheduler started as daemon thread (square-off at 15:12, learning at 15:15) | squareoff_time=15:12 | learning_time=15:15
2025-11-27 09:06:31 | INFO | equity_bot | STARTUP | EOD scheduler daemon started (daily update at 3:30 PM IST on port 80)
2025-11-27 09:06:31 | INFO | equity_bot | STARTUP | All components initialized successfully
2025-11-27 09:06:31 | INFO | equity_bot | STARTUP | Trading Mode: LIVE
2025-11-27 09:06:31 | INFO | equity_bot | STARTUP | Bot is ready to receive webhook alerts
2025-11-27 09:06:31 | INFO | equity_bot | STARTUP | Starting webhook server...
2025-11-27 09:06:31 | INFO | equity_bot | BOT_STARTUP | Trading bot starting up | startup_time=2025-11-27T09:06:31.031092 | capital_per_trade=2000.0 | max_slots=10 | paper_trading=False
2025-11-27 09:06:31 | INFO | equity_bot | RATE_LIMITER | Token bucket 'per_second' initialized | capacity=8 | refill_rate=8
2025-11-27 09:06:31 | INFO | equity_bot | RATE_LIMITER | Token bucket 'per_minute' initialized | capacity=180 | refill_rate=3.0
2025-11-27 09:06:31 | INFO | equity_bot | RATE_LIMITER | AngelOne rate limiter initialized | rps_limit=8 | rpm_limit=180
2025-11-27 09:06:31 | INFO | equity_bot | INSTRUMENTS | Loaded 2338 instruments
2025-11-27 09:06:31 | INFO | equity_bot | SESSION | Performing fresh login
2025-11-27 09:06:31 | INFO | equity_bot | SESSION_DEBUG | SmartConnect instance ID: 129079206406688 | has_access_token=True | has_refresh_token=True | access_token_set=True | api_key=PSYIiZ0c
2025-11-27 09:06:31 | INFO | equity_bot | SESSION | Session saved to file
2025-11-27 09:06:31 | INFO | equity_bot | SESSION | Login successful | client_code=S635655 | session_id=Bearer eyJ...
2025-11-27 09:06:31 | INFO | equity_bot | SESSION_REFRESH | Proactive session refresh thread started
2025-11-27 09:06:31 | INFO | equity_bot | SESSION_REFRESH | Proactive session refresh thread started successfully
2025-11-27 09:06:31 | INFO | equity_bot | RATE_LIMITER | API call recorded: login
2025-11-27 09:06:31 | INFO | equity_bot | ALERT_QUEUE | Alert queue initialized - burst-safe processing enabled
2025-11-27 09:06:31 | INFO | equity_bot | FEEDBACK_INIT | PerformanceFeedback initialized (window: 20)
2025-11-27 09:06:31 | INFO | equity_bot | MONITOR | PositionMonitor instance created successfully
2025-11-27 09:06:31 | INFO | equity_bot | MONITOR | Position monitor started in background
2025-11-27 09:06:31 | INFO | equity_bot | MONITOR | Monitor initialized with 0 existing positions
2025-11-27 09:06:31 | INFO | equity_bot | SYSTEM | Trading system initialized successfully
2025-11-27 09:06:31 | INFO | equity_bot | ALERT_QUEUE | Alert queue worker started successfully
2025-11-27 09:06:31 | INFO | equity_bot | ALERT_QUEUE | Alert queue worker thread started
2025-11-27 09:06:31 | INFO | equity_bot | SERVER | Starting webhook server on 0.0.0.0:80
2025-11-27 09:06:31 | INFO | equity_bot | BOT_CLEANUP | Bot cleanup on exit | uptime_seconds=0 | active_positions=0
2025-11-27 09:06:47 | INFO | equity_bot | FEEDBACK_INIT | PerformanceFeedback initialized (window: 20)
2025-11-27 09:06:47 | INFO | equity_bot | REGIME_INIT | RegimeDetector initialized (SMA: 20/50, ATR: 14)
2025-11-27 09:06:47 | INFO | equity_bot | CORRELATION_INIT | CorrelationAnalyzer initialized (threshold: 0.7)
2025-11-27 09:06:47 | INFO | equity_bot | POSITIONER_INIT | AdvancedPositionSizer initialized | base_size=100 | risk_per_trade=1.0%
2025-11-27 09:06:47 | INFO | equity_bot | CORRELATION_INIT | CorrelationAnalyzer initialized (threshold: 0.7)
2025-11-27 09:06:47 | INFO | equity_bot | POSITIONER_INIT | AdvancedPositionSizer initialized | base_size=100 | risk_per_trade=1.0%
2025-11-27 09:06:47 | INFO | equity_bot | STARTUP | Starting Equity Trading Bot...
2025-11-27 09:06:47 | INFO | equity_bot | STARTUP | Validating configuration...
2025-11-27 09:06:47 | INFO | equity_bot | CONFIG | Configuration validation passed
2025-11-27 09:06:47 | INFO | equity_bot | CONFIG | Current configuration | trading_mode=LIVE | max_capital=20000.0 | cap_per_trade=2000.0 | max_slots=10 | default_sl_percentage=0.5 | trail_sl_enabled=True | monitor_interval=20 | webhook_port=80 | margin_percentage=0.2 | paper_trading=False
2025-11-27 09:06:47 | INFO | equity_bot | STARTUP | Hybrid learning engine initialized
2025-11-27 09:06:47 | INFO | equity_bot | STARTUP |   Storage: /root/santhosh/trading/equity/data/learning
2025-11-27 09:06:47 | INFO | equity_bot | STARTUP |   Status: ML system ready for real-time learning
2025-11-27 09:06:47 | INFO | equity_bot | EOD_SCHEDULER_SCHEDULED | EOD scheduler scheduled with two stages | squareoff_time=15:12 | learning_time=15:15 | description=Stage 1: Square-off at 3:12 PM (avoid EOD rush) | Stage 2: Learning at 3:15 PM (get more data)
2025-11-27 09:06:47 | INFO | equity_bot | EOD_SCHEDULER_STARTED | EOD scheduler started, squareoff: 15:12, learning: 15:15
2025-11-27 09:06:47 | INFO | equity_bot | EOD_DAEMON_STARTED | EOD scheduler started as daemon thread (square-off at 15:12, learning at 15:15) | squareoff_time=15:12 | learning_time=15:15
2025-11-27 09:06:47 | INFO | equity_bot | STARTUP | EOD scheduler daemon started (daily update at 3:30 PM IST on port 80)
2025-11-27 09:06:47 | INFO | equity_bot | STARTUP | All components initialized successfully
2025-11-27 09:06:47 | INFO | equity_bot | STARTUP | Trading Mode: LIVE
2025-11-27 09:06:47 | INFO | equity_bot | STARTUP | Bot is ready to receive webhook alerts
2025-11-27 09:06:47 | INFO | equity_bot | STARTUP | Starting webhook server...
2025-11-27 09:06:47 | INFO | equity_bot | BOT_STARTUP | Trading bot starting up | startup_time=2025-11-27T09:06:47.536159 | capital_per_trade=2000.0 | max_slots=10 | paper_trading=False
2025-11-27 09:06:47 | INFO | equity_bot | RATE_LIMITER | Token bucket 'per_second' initialized | capacity=8 | refill_rate=8
2025-11-27 09:06:47 | INFO | equity_bot | RATE_LIMITER | Token bucket 'per_minute' initialized | capacity=180 | refill_rate=3.0
2025-11-27 09:06:47 | INFO | equity_bot | RATE_LIMITER | AngelOne rate limiter initialized | rps_limit=8 | rpm_limit=180
2025-11-27 09:06:47 | INFO | equity_bot | INSTRUMENTS | Loaded 2338 instruments
2025-11-27 09:06:47 | INFO | equity_bot | SESSION | Performing fresh login
2025-11-27 09:06:47 | INFO | equity_bot | SESSION_DEBUG | SmartConnect instance ID: 123638131993072 | has_access_token=True | has_refresh_token=True | access_token_set=True | api_key=PSYIiZ0c
2025-11-27 09:06:47 | INFO | equity_bot | SESSION | Session saved to file
2025-11-27 09:06:47 | INFO | equity_bot | SESSION | Login successful | client_code=S635655 | session_id=Bearer eyJ...
2025-11-27 09:06:47 | INFO | equity_bot | SESSION_REFRESH | Proactive session refresh thread started
2025-11-27 09:06:47 | INFO | equity_bot | SESSION_REFRESH | Proactive session refresh thread started successfully
2025-11-27 09:06:47 | INFO | equity_bot | RATE_LIMITER | API call recorded: login
2025-11-27 09:06:47 | INFO | equity_bot | ALERT_QUEUE | Alert queue initialized - burst-safe processing enabled
2025-11-27 09:06:47 | INFO | equity_bot | FEEDBACK_INIT | PerformanceFeedback initialized (window: 20)
2025-11-27 09:06:48 | INFO | equity_bot | MONITOR | PositionMonitor instance created successfully
2025-11-27 09:06:48 | INFO | equity_bot | MONITOR | Position monitor started in background
2025-11-27 09:06:48 | INFO | equity_bot | MONITOR | Monitor initialized with 0 existing positions
2025-11-27 09:06:48 | INFO | equity_bot | SYSTEM | Trading system initialized successfully
2025-11-27 09:06:48 | INFO | equity_bot | ALERT_QUEUE | Alert queue worker started successfully
2025-11-27 09:06:48 | INFO | equity_bot | ALERT_QUEUE | Alert queue worker thread started
2025-11-27 09:06:48 | INFO | equity_bot | SERVER | Starting webhook server on 0.0.0.0:80
2025-11-27 09:06:48 | INFO | equity_bot | BOT_CLEANUP | Bot cleanup on exit | uptime_seconds=0 | active_positions=0
2025-11-27 09:07:03 | INFO | equity_bot | FEEDBACK_INIT | PerformanceFeedback initialized (window: 20)
2025-11-27 09:07:03 | INFO | equity_bot | REGIME_INIT | RegimeDetector initialized (SMA: 20/50, ATR: 14)
2025-11-27 09:07:03 | INFO | equity_bot | CORRELATION_INIT | CorrelationAnalyzer initialized (threshold: 0.7)
2025-11-27 09:07:03 | INFO | equity_bot | POSITIONER_INIT | AdvancedPositionSizer initialized | base_size=100 | risk_per_trade=1.0%
2025-11-27 09:07:03 | INFO | equity_bot | CORRELATION_INIT | CorrelationAnalyzer initialized (threshold: 0.7)
2025-11-27 09:07:03 | INFO | equity_bot | POSITIONER_INIT | AdvancedPositionSizer initialized | base_size=100 | risk_per_trade=1.0%
2025-11-27 09:07:04 | INFO | equity_bot | STARTUP | Starting Equity Trading Bot...
2025-11-27 09:07:04 | INFO | equity_bot | STARTUP | Validating configuration...
2025-11-27 09:07:04 | INFO | equity_bot | CONFIG | Configuration validation passed
2025-11-27 09:07:04 | INFO | equity_bot | CONFIG | Current configuration | trading_mode=LIVE | max_capital=20000.0 | cap_per_trade=2000.0 | max_slots=10 | default_sl_percentage=0.5 | trail_sl_enabled=True | monitor_interval=20 | webhook_port=80 | margin_percentage=0.2 | paper_trading=False
2025-11-27 09:07:04 | INFO | equity_bot | STARTUP | Hybrid learning engine initialized
2025-11-27 09:07:04 | INFO | equity_bot | STARTUP |   Storage: /root/santhosh/trading/equity/data/learning
2025-11-27 09:07:04 | INFO | equity_bot | STARTUP |   Status: ML system ready for real-time learning
2025-11-27 09:07:04 | INFO | equity_bot | EOD_SCHEDULER_SCHEDULED | EOD scheduler scheduled with two stages | squareoff_time=15:12 | learning_time=15:15 | description=Stage 1: Square-off at 3:12 PM (avoid EOD rush) | Stage 2: Learning at 3:15 PM (get more data)
2025-11-27 09:07:04 | INFO | equity_bot | EOD_SCHEDULER_STARTED | EOD scheduler started, squareoff: 15:12, learning: 15:15
2025-11-27 09:07:04 | INFO | equity_bot | EOD_DAEMON_STARTED | EOD scheduler started as daemon thread (square-off at 15:12, learning at 15:15) | squareoff_time=15:12 | learning_time=15:15
2025-11-27 09:07:04 | INFO | equity_bot | STARTUP | EOD scheduler daemon started (daily update at 3:30 PM IST on port 80)
2025-11-27 09:07:04 | INFO | equity_bot | STARTUP | All components initialized successfully
2025-11-27 09:07:04 | INFO | equity_bot | STARTUP | Trading Mode: LIVE
2025-11-27 09:07:04 | INFO | equity_bot | STARTUP | Bot is ready to receive webhook alerts
2025-11-27 09:07:04 | INFO | equity_bot | STARTUP | Starting webhook server...
2025-11-27 09:07:04 | INFO | equity_bot | BOT_STARTUP | Trading bot starting up | startup_time=2025-11-27T09:07:04.033292 | capital_per_trade=2000.0 | max_slots=10 | paper_trading=False
2025-11-27 09:07:04 | INFO | equity_bot | RATE_LIMITER | Token bucket 'per_second' initialized | capacity=8 | refill_rate=8
2025-11-27 09:07:04 | INFO | equity_bot | RATE_LIMITER | Token bucket 'per_minute' initialized | capacity=180 | refill_rate=3.0
2025-11-27 09:07:04 | INFO | equity_bot | RATE_LIMITER | AngelOne rate limiter initialized | rps_limit=8 | rpm_limit=180
2025-11-27 09:07:04 | INFO | equity_bot | INSTRUMENTS | Loaded 2338 instruments
2025-11-27 09:07:04 | INFO | equity_bot | SESSION | Performing fresh login
2025-11-27 09:07:04 | INFO | equity_bot | SESSION_DEBUG | SmartConnect instance ID: 126656799893280 | has_access_token=True | has_refresh_token=True | access_token_set=True | api_key=PSYIiZ0c
2025-11-27 09:07:04 | INFO | equity_bot | SESSION | Session saved to file
2025-11-27 09:07:04 | INFO | equity_bot | SESSION | Login successful | client_code=S635655 | session_id=Bearer eyJ...
2025-11-27 09:07:04 | INFO | equity_bot | SESSION_REFRESH | Proactive session refresh thread started
2025-11-27 09:07:04 | INFO | equity_bot | SESSION_REFRESH | Proactive session refresh thread started successfully
2025-11-27 09:07:04 | INFO | equity_bot | RATE_LIMITER | API call recorded: login
2025-11-27 09:07:04 | INFO | equity_bot | ALERT_QUEUE | Alert queue initialized - burst-safe processing enabled
2025-11-27 09:07:04 | INFO | equity_bot | FEEDBACK_INIT | PerformanceFeedback initialized (window: 20)
2025-11-27 09:07:04 | INFO | equity_bot | MONITOR | PositionMonitor instance created successfully
2025-11-27 09:07:04 | INFO | equity_bot | MONITOR | Position monitor started in background
2025-11-27 09:07:04 | INFO | equity_bot | MONITOR | Monitor initialized with 0 existing positions
2025-11-27 09:07:04 | INFO | equity_bot | SYSTEM | Trading system initialized successfully
2025-11-27 09:07:04 | INFO | equity_bot | ALERT_QUEUE | Alert queue worker started successfully
2025-11-27 09:07:04 | INFO | equity_bot | ALERT_QUEUE | Alert queue worker thread started
2025-11-27 09:07:04 | INFO | equity_bot | SERVER | Starting webhook server on 0.0.0.0:80
2025-11-27 09:07:04 | INFO | equity_bot | BOT_CLEANUP | Bot cleanup on exit | uptime_seconds=0 | active_positions=0
2025-11-27 09:07:20 | INFO | equity_bot | FEEDBACK_INIT | PerformanceFeedback initialized (window: 20)
2025-11-27 09:07:20 | INFO | equity_bot | REGIME_INIT | RegimeDetector initialized (SMA: 20/50, ATR: 14)
2025-11-27 09:07:20 | INFO | equity_bot | CORRELATION_INIT | CorrelationAnalyzer initialized (threshold: 0.7)
2025-11-27 09:07:20 | INFO | equity_bot | POSITIONER_INIT | AdvancedPositionSizer initialized | base_size=100 | risk_per_trade=1.0%
2025-11-27 09:07:20 | INFO | equity_bot | CORRELATION_INIT | CorrelationAnalyzer initialized (threshold: 0.7)
2025-11-27 09:07:20 | INFO | equity_bot | POSITIONER_INIT | AdvancedPositionSizer initialized | base_size=100 | risk_per_trade=1.0%
2025-11-27 09:07:20 | INFO | equity_bot | STARTUP | Starting Equity Trading Bot...
2025-11-27 09:07:20 | INFO | equity_bot | STARTUP | Validating configuration...
2025-11-27 09:07:20 | INFO | equity_bot | CONFIG | Configuration validation passed
2025-11-27 09:07:20 | INFO | equity_bot | CONFIG | Current configuration | trading_mode=LIVE | max_capital=20000.0 | cap_per_trade=2000.0 | max_slots=10 | default_sl_percentage=0.5 | trail_sl_enabled=True | monitor_interval=20 | webhook_port=80 | margin_percentage=0.2 | paper_trading=False
2025-11-27 09:07:20 | INFO | equity_bot | STARTUP | Hybrid learning engine initialized
2025-11-27 09:07:20 | INFO | equity_bot | STARTUP |   Storage: /root/santhosh/trading/equity/data/learning
2025-11-27 09:07:20 | INFO | equity_bot | STARTUP |   Status: ML system ready for real-time learning
2025-11-27 09:07:20 | INFO | equity_bot | EOD_SCHEDULER_SCHEDULED | EOD scheduler scheduled with two stages | squareoff_time=15:12 | learning_time=15:15 | description=Stage 1: Square-off at 3:12 PM (avoid EOD rush) | Stage 2: Learning at 3:15 PM (get more data)
2025-11-27 09:07:20 | INFO | equity_bot | EOD_SCHEDULER_STARTED | EOD scheduler started, squareoff: 15:12, learning: 15:15
2025-11-27 09:07:20 | INFO | equity_bot | EOD_DAEMON_STARTED | EOD scheduler started as daemon thread (square-off at 15:12, learning at 15:15) | squareoff_time=15:12 | learning_time=15:15
2025-11-27 09:07:20 | INFO | equity_bot | STARTUP | EOD scheduler daemon started (daily update at 3:30 PM IST on port 80)
2025-11-27 09:07:20 | INFO | equity_bot | STARTUP | All components initialized successfully
2025-11-27 09:07:20 | INFO | equity_bot | STARTUP | Trading Mode: LIVE
2025-11-27 09:07:20 | INFO | equity_bot | STARTUP | Bot is ready to receive webhook alerts
2025-11-27 09:07:20 | INFO | equity_bot | STARTUP | Starting webhook server...
2025-11-27 09:07:20 | INFO | equity_bot | BOT_STARTUP | Trading bot starting up | startup_time=2025-11-27T09:07:20.533928 | capital_per_trade=2000.0 | max_slots=10 | paper_trading=False
2025-11-27 09:07:20 | INFO | equity_bot | RATE_LIMITER | Token bucket 'per_second' initialized | capacity=8 | refill_rate=8
2025-11-27 09:07:20 | INFO | equity_bot | RATE_LIMITER | Token bucket 'per_minute' initialized | capacity=180 | refill_rate=3.0
2025-11-27 09:07:20 | INFO | equity_bot | RATE_LIMITER | AngelOne rate limiter initialized | rps_limit=8 | rpm_limit=180
2025-11-27 09:07:20 | INFO | equity_bot | INSTRUMENTS | Loaded 2338 instruments
2025-11-27 09:07:20 | INFO | equity_bot | SESSION | Performing fresh login
2025-11-27 09:07:20 | INFO | equity_bot | SESSION_DEBUG | SmartConnect instance ID: 125173139155680 | has_access_token=True | has_refresh_token=True | access_token_set=True | api_key=PSYIiZ0c
2025-11-27 09:07:20 | INFO | equity_bot | SESSION | Session saved to file
2025-11-27 09:07:20 | INFO | equity_bot | SESSION | Login successful | client_code=S635655 | session_id=Bearer eyJ...
2025-11-27 09:07:20 | INFO | equity_bot | SESSION_REFRESH | Proactive session refresh thread started
2025-11-27 09:07:20 | INFO | equity_bot | SESSION_REFRESH | Proactive session refresh thread started successfully
2025-11-27 09:07:20 | INFO | equity_bot | RATE_LIMITER | API call recorded: login
2025-11-27 09:07:20 | INFO | equity_bot | ALERT_QUEUE | Alert queue initialized - burst-safe processing enabled
2025-11-27 09:07:20 | INFO | equity_bot | FEEDBACK_INIT | PerformanceFeedback initialized (window: 20)
2025-11-27 09:07:21 | INFO | equity_bot | MONITOR | PositionMonitor instance created successfully
2025-11-27 09:07:21 | INFO | equity_bot | MONITOR | Position monitor started in background
2025-11-27 09:07:21 | INFO | equity_bot | MONITOR | Monitor initialized with 0 existing positions
2025-11-27 09:07:21 | INFO | equity_bot | SYSTEM | Trading system initialized successfully
2025-11-27 09:07:21 | INFO | equity_bot | ALERT_QUEUE | Alert queue worker started successfully
2025-11-27 09:07:21 | INFO | equity_bot | ALERT_QUEUE | Alert queue worker thread started
2025-11-27 09:07:21 | INFO | equity_bot | SERVER | Starting webhook server on 0.0.0.0:80
2025-11-27 09:07:21 | INFO | equity_bot | BOT_CLEANUP | Bot cleanup on exit | uptime_seconds=0 | active_positions=0
2025-11-27 09:07:36 | INFO | equity_bot | FEEDBACK_INIT | PerformanceFeedback initialized (window: 20)
2025-11-27 09:07:36 | INFO | equity_bot | REGIME_INIT | RegimeDetector initialized (SMA: 20/50, ATR: 14)
2025-11-27 09:07:36 | INFO | equity_bot | CORRELATION_INIT | CorrelationAnalyzer initialized (threshold: 0.7)
2025-11-27 09:07:36 | INFO | equity_bot | POSITIONER_INIT | AdvancedPositionSizer initialized | base_size=100 | risk_per_trade=1.0%
2025-11-27 09:07:36 | INFO | equity_bot | CORRELATION_INIT | CorrelationAnalyzer initialized (threshold: 0.7)
2025-11-27 09:07:36 | INFO | equity_bot | POSITIONER_INIT | AdvancedPositionSizer initialized | base_size=100 | risk_per_trade=1.0%
2025-11-27 09:07:37 | INFO | equity_bot | STARTUP | Starting Equity Trading Bot...
2025-11-27 09:07:37 | INFO | equity_bot | STARTUP | Validating configuration...
2025-11-27 09:07:37 | INFO | equity_bot | CONFIG | Configuration validation passed
2025-11-27 09:07:37 | INFO | equity_bot | CONFIG | Current configuration | trading_mode=LIVE | max_capital=20000.0 | cap_per_trade=2000.0 | max_slots=10 | default_sl_percentage=0.5 | trail_sl_enabled=True | monitor_interval=20 | webhook_port=80 | margin_percentage=0.2 | paper_trading=False
2025-11-27 09:07:37 | INFO | equity_bot | STARTUP | Hybrid learning engine initialized
2025-11-27 09:07:37 | INFO | equity_bot | STARTUP |   Storage: /root/santhosh/trading/equity/data/learning
2025-11-27 09:07:37 | INFO | equity_bot | STARTUP |   Status: ML system ready for real-time learning
2025-11-27 09:07:37 | INFO | equity_bot | EOD_SCHEDULER_SCHEDULED | EOD scheduler scheduled with two stages | squareoff_time=15:12 | learning_time=15:15 | description=Stage 1: Square-off at 3:12 PM (avoid EOD rush) | Stage 2: Learning at 3:15 PM (get more data)
2025-11-27 09:07:37 | INFO | equity_bot | EOD_SCHEDULER_STARTED | EOD scheduler started, squareoff: 15:12, learning: 15:15
2025-11-27 09:07:37 | INFO | equity_bot | EOD_DAEMON_STARTED | EOD scheduler started as daemon thread (square-off at 15:12, learning at 15:15) | squareoff_time=15:12 | learning_time=15:15
2025-11-27 09:07:37 | INFO | equity_bot | STARTUP | EOD scheduler daemon started (daily update at 3:30 PM IST on port 80)
2025-11-27 09:07:37 | INFO | equity_bot | STARTUP | All components initialized successfully
2025-11-27 09:07:37 | INFO | equity_bot | STARTUP | Trading Mode: LIVE
2025-11-27 09:07:37 | INFO | equity_bot | STARTUP | Bot is ready to receive webhook alerts
2025-11-27 09:07:37 | INFO | equity_bot | STARTUP | Starting webhook server...
2025-11-27 09:07:37 | INFO | equity_bot | BOT_STARTUP | Trading bot starting up | startup_time=2025-11-27T09:07:37.078044 | capital_per_trade=2000.0 | max_slots=10 | paper_trading=False
2025-11-27 09:07:37 | INFO | equity_bot | RATE_LIMITER | Token bucket 'per_second' initialized | capacity=8 | refill_rate=8
2025-11-27 09:07:37 | INFO | equity_bot | RATE_LIMITER | Token bucket 'per_minute' initialized | capacity=180 | refill_rate=3.0
2025-11-27 09:07:37 | INFO | equity_bot | RATE_LIMITER | AngelOne rate limiter initialized | rps_limit=8 | rpm_limit=180
2025-11-27 09:07:37 | INFO | equity_bot | INSTRUMENTS | Loaded 2338 instruments
2025-11-27 09:07:37 | INFO | equity_bot | SESSION | Performing fresh login
2025-11-27 09:07:37 | INFO | equity_bot | SESSION_DEBUG | SmartConnect instance ID: 139017087543888 | has_access_token=True | has_refresh_token=True | access_token_set=True | api_key=PSYIiZ0c
2025-11-27 09:07:37 | INFO | equity_bot | SESSION | Session saved to file
2025-11-27 09:07:37 | INFO | equity_bot | SESSION | Login successful | client_code=S635655 | session_id=Bearer eyJ...
2025-11-27 09:07:37 | INFO | equity_bot | SESSION_REFRESH | Proactive session refresh thread started
2025-11-27 09:07:37 | INFO | equity_bot | SESSION_REFRESH | Proactive session refresh thread started successfully
2025-11-27 09:07:37 | INFO | equity_bot | RATE_LIMITER | API call recorded: login
2025-11-27 09:07:37 | INFO | equity_bot | ALERT_QUEUE | Alert queue initialized - burst-safe processing enabled
2025-11-27 09:07:37 | INFO | equity_bot | FEEDBACK_INIT | PerformanceFeedback initialized (window: 20)
2025-11-27 09:07:37 | INFO | equity_bot | MONITOR | PositionMonitor instance created successfully
2025-11-27 09:07:37 | INFO | equity_bot | MONITOR | Position monitor started in background
2025-11-27 09:07:37 | INFO | equity_bot | MONITOR | Monitor initialized with 0 existing positions
2025-11-27 09:07:37 | INFO | equity_bot | SYSTEM | Trading system initialized successfully
2025-11-27 09:07:37 | INFO | equity_bot | ALERT_QUEUE | Alert queue worker started successfully
2025-11-27 09:07:37 | INFO | equity_bot | ALERT_QUEUE | Alert queue worker thread started
2025-11-27 09:07:37 | INFO | equity_bot | SERVER | Starting webhook server on 0.0.0.0:80
2025-11-27 09:07:37 | INFO | equity_bot | BOT_CLEANUP | Bot cleanup on exit | uptime_seconds=0 | active_positions=0
2025-11-27 09:07:53 | INFO | equity_bot | FEEDBACK_INIT | PerformanceFeedback initialized (window: 20)
2025-11-27 09:07:53 | INFO | equity_bot | REGIME_INIT | RegimeDetector initialized (SMA: 20/50, ATR: 14)
2025-11-27 09:07:53 | INFO | equity_bot | CORRELATION_INIT | CorrelationAnalyzer initialized (threshold: 0.7)
2025-11-27 09:07:53 | INFO | equity_bot | POSITIONER_INIT | AdvancedPositionSizer initialized | base_size=100 | risk_per_trade=1.0%
2025-11-27 09:07:53 | INFO | equity_bot | CORRELATION_INIT | CorrelationAnalyzer initialized (threshold: 0.7)
2025-11-27 09:07:53 | INFO | equity_bot | POSITIONER_INIT | AdvancedPositionSizer initialized | base_size=100 | risk_per_trade=1.0%
2025-11-27 09:07:53 | INFO | equity_bot | STARTUP | Starting Equity Trading Bot...
2025-11-27 09:07:53 | INFO | equity_bot | STARTUP | Validating configuration...
2025-11-27 09:07:53 | INFO | equity_bot | CONFIG | Configuration validation passed
2025-11-27 09:07:53 | INFO | equity_bot | CONFIG | Current configuration | trading_mode=LIVE | max_capital=20000.0 | cap_per_trade=2000.0 | max_slots=10 | default_sl_percentage=0.5 | trail_sl_enabled=True | monitor_interval=20 | webhook_port=80 | margin_percentage=0.2 | paper_trading=False
2025-11-27 09:07:53 | INFO | equity_bot | STARTUP | Hybrid learning engine initialized
2025-11-27 09:07:53 | INFO | equity_bot | STARTUP |   Storage: /root/santhosh/trading/equity/data/learning
2025-11-27 09:07:53 | INFO | equity_bot | STARTUP |   Status: ML system ready for real-time learning
2025-11-27 09:07:53 | INFO | equity_bot | EOD_SCHEDULER_SCHEDULED | EOD scheduler scheduled with two stages | squareoff_time=15:12 | learning_time=15:15 | description=Stage 1: Square-off at 3:12 PM (avoid EOD rush) | Stage 2: Learning at 3:15 PM (get more data)
2025-11-27 09:07:53 | INFO | equity_bot | EOD_SCHEDULER_STARTED | EOD scheduler started, squareoff: 15:12, learning: 15:15
2025-11-27 09:07:53 | INFO | equity_bot | EOD_DAEMON_STARTED | EOD scheduler started as daemon thread (square-off at 15:12, learning at 15:15) | squareoff_time=15:12 | learning_time=15:15
2025-11-27 09:07:53 | INFO | equity_bot | STARTUP | EOD scheduler daemon started (daily update at 3:30 PM IST on port 80)
2025-11-27 09:07:53 | INFO | equity_bot | STARTUP | All components initialized successfully
2025-11-27 09:07:53 | INFO | equity_bot | STARTUP | Trading Mode: LIVE
2025-11-27 09:07:53 | INFO | equity_bot | STARTUP | Bot is ready to receive webhook alerts
2025-11-27 09:07:53 | INFO | equity_bot | STARTUP | Starting webhook server...
2025-11-27 09:07:53 | INFO | equity_bot | BOT_STARTUP | Trading bot starting up | startup_time=2025-11-27T09:07:53.504161 | capital_per_trade=2000.0 | max_slots=10 | paper_trading=False
2025-11-27 09:07:53 | INFO | equity_bot | RATE_LIMITER | Token bucket 'per_second' initialized | capacity=8 | refill_rate=8
2025-11-27 09:07:53 | INFO | equity_bot | RATE_LIMITER | Token bucket 'per_minute' initialized | capacity=180 | refill_rate=3.0
2025-11-27 09:07:53 | INFO | equity_bot | RATE_LIMITER | AngelOne rate limiter initialized | rps_limit=8 | rpm_limit=180
2025-11-27 09:07:53 | INFO | equity_bot | INSTRUMENTS | Loaded 2338 instruments
2025-11-27 09:07:53 | INFO | equity_bot | SESSION | Performing fresh login
2025-11-27 09:07:53 | INFO | equity_bot | SESSION_DEBUG | SmartConnect instance ID: 138639535172512 | has_access_token=True | has_refresh_token=True | access_token_set=True | api_key=PSYIiZ0c
2025-11-27 09:07:53 | INFO | equity_bot | SESSION | Session saved to file
2025-11-27 09:07:53 | INFO | equity_bot | SESSION | Login successful | client_code=S635655 | session_id=Bearer eyJ...
2025-11-27 09:07:53 | INFO | equity_bot | SESSION_REFRESH | Proactive session refresh thread started
2025-11-27 09:07:53 | INFO | equity_bot | SESSION_REFRESH | Proactive session refresh thread started successfully
2025-11-27 09:07:53 | INFO | equity_bot | RATE_LIMITER | API call recorded: login
2025-11-27 09:07:53 | INFO | equity_bot | ALERT_QUEUE | Alert queue initialized - burst-safe processing enabled
2025-11-27 09:07:53 | INFO | equity_bot | FEEDBACK_INIT | PerformanceFeedback initialized (window: 20)
2025-11-27 09:07:54 | INFO | equity_bot | MONITOR | PositionMonitor instance created successfully
2025-11-27 09:07:54 | INFO | equity_bot | MONITOR | Position monitor started in background
2025-11-27 09:07:54 | INFO | equity_bot | MONITOR | Monitor initialized with 0 existing positions
2025-11-27 09:07:54 | INFO | equity_bot | SYSTEM | Trading system initialized successfully
2025-11-27 09:07:54 | INFO | equity_bot | ALERT_QUEUE | Alert queue worker started successfully
2025-11-27 09:07:54 | INFO | equity_bot | ALERT_QUEUE | Alert queue worker thread started
2025-11-27 09:07:54 | INFO | equity_bot | SERVER | Starting webhook server on 0.0.0.0:80
2025-11-27 09:07:54 | INFO | equity_bot | BOT_CLEANUP | Bot cleanup on exit | uptime_seconds=0 | active_positions=0
2025-11-27 09:08:09 | INFO | equity_bot | FEEDBACK_INIT | PerformanceFeedback initialized (window: 20)
2025-11-27 09:08:09 | INFO | equity_bot | REGIME_INIT | RegimeDetector initialized (SMA: 20/50, ATR: 14)
2025-11-27 09:08:09 | INFO | equity_bot | CORRELATION_INIT | CorrelationAnalyzer initialized (threshold: 0.7)
2025-11-27 09:08:09 | INFO | equity_bot | POSITIONER_INIT | AdvancedPositionSizer initialized | base_size=100 | risk_per_trade=1.0%
2025-11-27 09:08:09 | INFO | equity_bot | CORRELATION_INIT | CorrelationAnalyzer initialized (threshold: 0.7)
2025-11-27 09:08:09 | INFO | equity_bot | POSITIONER_INIT | AdvancedPositionSizer initialized | base_size=100 | risk_per_trade=1.0%
2025-11-27 09:08:10 | INFO | equity_bot | STARTUP | Starting Equity Trading Bot...
2025-11-27 09:08:10 | INFO | equity_bot | STARTUP | Validating configuration...
2025-11-27 09:08:10 | INFO | equity_bot | CONFIG | Configuration validation passed
2025-11-27 09:08:10 | INFO | equity_bot | CONFIG | Current configuration | trading_mode=LIVE | max_capital=20000.0 | cap_per_trade=2000.0 | max_slots=10 | default_sl_percentage=0.5 | trail_sl_enabled=True | monitor_interval=20 | webhook_port=80 | margin_percentage=0.2 | paper_trading=False
2025-11-27 09:08:10 | INFO | equity_bot | STARTUP | Hybrid learning engine initialized
2025-11-27 09:08:10 | INFO | equity_bot | STARTUP |   Storage: /root/santhosh/trading/equity/data/learning
2025-11-27 09:08:10 | INFO | equity_bot | STARTUP |   Status: ML system ready for real-time learning
2025-11-27 09:08:10 | INFO | equity_bot | EOD_SCHEDULER_SCHEDULED | EOD scheduler scheduled with two stages | squareoff_time=15:12 | learning_time=15:15 | description=Stage 1: Square-off at 3:12 PM (avoid EOD rush) | Stage 2: Learning at 3:15 PM (get more data)
2025-11-27 09:08:10 | INFO | equity_bot | EOD_SCHEDULER_STARTED | EOD scheduler started, squareoff: 15:12, learning: 15:15
2025-11-27 09:08:10 | INFO | equity_bot | EOD_DAEMON_STARTED | EOD scheduler started as daemon thread (square-off at 15:12, learning at 15:15) | squareoff_time=15:12 | learning_time=15:15
2025-11-27 09:08:10 | INFO | equity_bot | STARTUP | EOD scheduler daemon started (daily update at 3:30 PM IST on port 80)
2025-11-27 09:08:10 | INFO | equity_bot | STARTUP | All components initialized successfully
2025-11-27 09:08:10 | INFO | equity_bot | STARTUP | Trading Mode: LIVE
2025-11-27 09:08:10 | INFO | equity_bot | STARTUP | Bot is ready to receive webhook alerts
2025-11-27 09:08:10 | INFO | equity_bot | STARTUP | Starting webhook server...
2025-11-27 09:08:10 | INFO | equity_bot | BOT_STARTUP | Trading bot starting up | startup_time=2025-11-27T09:08:10.087307 | capital_per_trade=2000.0 | max_slots=10 | paper_trading=False
2025-11-27 09:08:10 | INFO | equity_bot | RATE_LIMITER | Token bucket 'per_second' initialized | capacity=8 | refill_rate=8
2025-11-27 09:08:10 | INFO | equity_bot | RATE_LIMITER | Token bucket 'per_minute' initialized | capacity=180 | refill_rate=3.0
2025-11-27 09:08:10 | INFO | equity_bot | RATE_LIMITER | AngelOne rate limiter initialized | rps_limit=8 | rpm_limit=180
2025-11-27 09:08:10 | INFO | equity_bot | INSTRUMENTS | Loaded 2338 instruments
2025-11-27 09:08:10 | INFO | equity_bot | SESSION | Performing fresh login
2025-11-27 09:08:10 | INFO | equity_bot | SESSION_DEBUG | SmartConnect instance ID: 140223508015456 | has_access_token=True | has_refresh_token=True | access_token_set=True | api_key=PSYIiZ0c
2025-11-27 09:08:10 | INFO | equity_bot | SESSION | Session saved to file
2025-11-27 09:08:10 | INFO | equity_bot | SESSION | Login successful | client_code=S635655 | session_id=Bearer eyJ...
2025-11-27 09:08:10 | INFO | equity_bot | SESSION_REFRESH | Proactive session refresh thread started
2025-11-27 09:08:10 | INFO | equity_bot | SESSION_REFRESH | Proactive session refresh thread started successfully
2025-11-27 09:08:10 | INFO | equity_bot | RATE_LIMITER | API call recorded: login
2025-11-27 09:08:10 | INFO | equity_bot | ALERT_QUEUE | Alert queue initialized - burst-safe processing enabled
2025-11-27 09:08:10 | INFO | equity_bot | FEEDBACK_INIT | PerformanceFeedback initialized (window: 20)
2025-11-27 09:08:10 | INFO | equity_bot | MONITOR | PositionMonitor instance created successfully
2025-11-27 09:08:10 | INFO | equity_bot | MONITOR | Position monitor started in background
2025-11-27 09:08:10 | INFO | equity_bot | MONITOR | Monitor initialized with 0 existing positions
2025-11-27 09:08:10 | INFO | equity_bot | SYSTEM | Trading system initialized successfully
2025-11-27 09:08:10 | INFO | equity_bot | ALERT_QUEUE | Alert queue worker started successfully
2025-11-27 09:08:10 | INFO | equity_bot | ALERT_QUEUE | Alert queue worker thread started
2025-11-27 09:08:10 | INFO | equity_bot | SERVER | Starting webhook server on 0.0.0.0:80
2025-11-27 09:08:10 | INFO | equity_bot | BOT_CLEANUP | Bot cleanup on exit | uptime_seconds=0 | active_positions=0
2025-11-27 09:08:26 | INFO | equity_bot | FEEDBACK_INIT | PerformanceFeedback initialized (window: 20)
2025-11-27 09:08:26 | INFO | equity_bot | REGIME_INIT | RegimeDetector initialized (SMA: 20/50, ATR: 14)
2025-11-27 09:08:26 | INFO | equity_bot | CORRELATION_INIT | CorrelationAnalyzer initialized (threshold: 0.7)
2025-11-27 09:08:26 | INFO | equity_bot | POSITIONER_INIT | AdvancedPositionSizer initialized | base_size=100 | risk_per_trade=1.0%
2025-11-27 09:08:26 | INFO | equity_bot | CORRELATION_INIT | CorrelationAnalyzer initialized (threshold: 0.7)
2025-11-27 09:08:26 | INFO | equity_bot | POSITIONER_INIT | AdvancedPositionSizer initialized | base_size=100 | risk_per_trade=1.0%
2025-11-27 09:08:26 | INFO | equity_bot | STARTUP | Starting Equity Trading Bot...
2025-11-27 09:08:26 | INFO | equity_bot | STARTUP | Validating configuration...
2025-11-27 09:08:26 | INFO | equity_bot | CONFIG | Configuration validation passed
2025-11-27 09:08:26 | INFO | equity_bot | CONFIG | Current configuration | trading_mode=LIVE | max_capital=20000.0 | cap_per_trade=2000.0 | max_slots=10 | default_sl_percentage=0.5 | trail_sl_enabled=True | monitor_interval=20 | webhook_port=80 | margin_percentage=0.2 | paper_trading=False
2025-11-27 09:08:26 | INFO | equity_bot | STARTUP | Hybrid learning engine initialized
2025-11-27 09:08:26 | INFO | equity_bot | STARTUP |   Storage: /root/santhosh/trading/equity/data/learning
2025-11-27 09:08:26 | INFO | equity_bot | STARTUP |   Status: ML system ready for real-time learning
2025-11-27 09:08:26 | INFO | equity_bot | EOD_SCHEDULER_SCHEDULED | EOD scheduler scheduled with two stages | squareoff_time=15:12 | learning_time=15:15 | description=Stage 1: Square-off at 3:12 PM (avoid EOD rush) | Stage 2: Learning at 3:15 PM (get more data)
2025-11-27 09:08:26 | INFO | equity_bot | EOD_SCHEDULER_STARTED | EOD scheduler started, squareoff: 15:12, learning: 15:15
2025-11-27 09:08:26 | INFO | equity_bot | EOD_DAEMON_STARTED | EOD scheduler started as daemon thread (square-off at 15:12, learning at 15:15) | squareoff_time=15:12 | learning_time=15:15
2025-11-27 09:08:26 | INFO | equity_bot | STARTUP | EOD scheduler daemon started (daily update at 3:30 PM IST on port 80)
2025-11-27 09:08:26 | INFO | equity_bot | STARTUP | All components initialized successfully
2025-11-27 09:08:26 | INFO | equity_bot | STARTUP | Trading Mode: LIVE
2025-11-27 09:08:26 | INFO | equity_bot | STARTUP | Bot is ready to receive webhook alerts
2025-11-27 09:08:26 | INFO | equity_bot | STARTUP | Starting webhook server...
2025-11-27 09:08:26 | INFO | equity_bot | BOT_STARTUP | Trading bot starting up | startup_time=2025-11-27T09:08:26.542205 | capital_per_trade=2000.0 | max_slots=10 | paper_trading=False
2025-11-27 09:08:26 | INFO | equity_bot | RATE_LIMITER | Token bucket 'per_second' initialized | capacity=8 | refill_rate=8
2025-11-27 09:08:26 | INFO | equity_bot | RATE_LIMITER | Token bucket 'per_minute' initialized | capacity=180 | refill_rate=3.0
2025-11-27 09:08:26 | INFO | equity_bot | RATE_LIMITER | AngelOne rate limiter initialized | rps_limit=8 | rpm_limit=180
2025-11-27 09:08:26 | INFO | equity_bot | INSTRUMENTS | Loaded 2338 instruments
2025-11-27 09:08:26 | INFO | equity_bot | SESSION | Performing fresh login
2025-11-27 09:08:26 | INFO | equity_bot | SESSION_DEBUG | SmartConnect instance ID: 136899466307456 | has_access_token=True | has_refresh_token=True | access_token_set=True | api_key=PSYIiZ0c
2025-11-27 09:08:26 | INFO | equity_bot | SESSION | Session saved to file
2025-11-27 09:08:26 | INFO | equity_bot | SESSION | Login successful | client_code=S635655 | session_id=Bearer eyJ...
2025-11-27 09:08:26 | INFO | equity_bot | SESSION_REFRESH | Proactive session refresh thread started
2025-11-27 09:08:26 | INFO | equity_bot | SESSION_REFRESH | Proactive session refresh thread started successfully
2025-11-27 09:08:26 | INFO | equity_bot | RATE_LIMITER | API call recorded: login
2025-11-27 09:08:26 | INFO | equity_bot | ALERT_QUEUE | Alert queue initialized - burst-safe processing enabled
2025-11-27 09:08:26 | INFO | equity_bot | FEEDBACK_INIT | PerformanceFeedback initialized (window: 20)
2025-11-27 09:08:26 | INFO | equity_bot | MONITOR | PositionMonitor instance created successfully
2025-11-27 09:08:27 | INFO | equity_bot | MONITOR | Position monitor started in background
2025-11-27 09:08:27 | INFO | equity_bot | MONITOR | Monitor initialized with 0 existing positions
2025-11-27 09:08:27 | INFO | equity_bot | SYSTEM | Trading system initialized successfully
2025-11-27 09:08:27 | INFO | equity_bot | ALERT_QUEUE | Alert queue worker started successfully
2025-11-27 09:08:27 | INFO | equity_bot | ALERT_QUEUE | Alert queue worker thread started
2025-11-27 09:08:27 | INFO | equity_bot | SERVER | Starting webhook server on 0.0.0.0:80
2025-11-27 09:08:27 | INFO | equity_bot | BOT_CLEANUP | Bot cleanup on exit | uptime_seconds=0 | active_positions=0
2025-11-27 09:08:42 | INFO | equity_bot | FEEDBACK_INIT | PerformanceFeedback initialized (window: 20)
2025-11-27 09:08:42 | INFO | equity_bot | REGIME_INIT | RegimeDetector initialized (SMA: 20/50, ATR: 14)
2025-11-27 09:08:42 | INFO | equity_bot | CORRELATION_INIT | CorrelationAnalyzer initialized (threshold: 0.7)
2025-11-27 09:08:42 | INFO | equity_bot | POSITIONER_INIT | AdvancedPositionSizer initialized | base_size=100 | risk_per_trade=1.0%
2025-11-27 09:08:42 | INFO | equity_bot | CORRELATION_INIT | CorrelationAnalyzer initialized (threshold: 0.7)
2025-11-27 09:08:42 | INFO | equity_bot | POSITIONER_INIT | AdvancedPositionSizer initialized | base_size=100 | risk_per_trade=1.0%
2025-11-27 09:08:43 | INFO | equity_bot | STARTUP | Starting Equity Trading Bot...
2025-11-27 09:08:43 | INFO | equity_bot | STARTUP | Validating configuration...
2025-11-27 09:08:43 | INFO | equity_bot | CONFIG | Configuration validation passed
2025-11-27 09:08:43 | INFO | equity_bot | CONFIG | Current configuration | trading_mode=LIVE | max_capital=20000.0 | cap_per_trade=2000.0 | max_slots=10 | default_sl_percentage=0.5 | trail_sl_enabled=True | monitor_interval=20 | webhook_port=80 | margin_percentage=0.2 | paper_trading=False
2025-11-27 09:08:43 | INFO | equity_bot | STARTUP | Hybrid learning engine initialized
2025-11-27 09:08:43 | INFO | equity_bot | STARTUP |   Storage: /root/santhosh/trading/equity/data/learning
2025-11-27 09:08:43 | INFO | equity_bot | STARTUP |   Status: ML system ready for real-time learning
2025-11-27 09:08:43 | INFO | equity_bot | EOD_SCHEDULER_SCHEDULED | EOD scheduler scheduled with two stages | squareoff_time=15:12 | learning_time=15:15 | description=Stage 1: Square-off at 3:12 PM (avoid EOD rush) | Stage 2: Learning at 3:15 PM (get more data)
2025-11-27 09:08:43 | INFO | equity_bot | EOD_SCHEDULER_STARTED | EOD scheduler started, squareoff: 15:12, learning: 15:15
2025-11-27 09:08:43 | INFO | equity_bot | EOD_DAEMON_STARTED | EOD scheduler started as daemon thread (square-off at 15:12, learning at 15:15) | squareoff_time=15:12 | learning_time=15:15
2025-11-27 09:08:43 | INFO | equity_bot | STARTUP | EOD scheduler daemon started (daily update at 3:30 PM IST on port 80)
2025-11-27 09:08:43 | INFO | equity_bot | STARTUP | All components initialized successfully
2025-11-27 09:08:43 | INFO | equity_bot | STARTUP | Trading Mode: LIVE
2025-11-27 09:08:43 | INFO | equity_bot | STARTUP | Bot is ready to receive webhook alerts
2025-11-27 09:08:43 | INFO | equity_bot | STARTUP | Starting webhook server...
2025-11-27 09:08:43 | INFO | equity_bot | BOT_STARTUP | Trading bot starting up | startup_time=2025-11-27T09:08:43.040265 | capital_per_trade=2000.0 | max_slots=10 | paper_trading=False
2025-11-27 09:08:43 | INFO | equity_bot | RATE_LIMITER | Token bucket 'per_second' initialized | capacity=8 | refill_rate=8
2025-11-27 09:08:43 | INFO | equity_bot | RATE_LIMITER | Token bucket 'per_minute' initialized | capacity=180 | refill_rate=3.0
2025-11-27 09:08:43 | INFO | equity_bot | RATE_LIMITER | AngelOne rate limiter initialized | rps_limit=8 | rpm_limit=180
2025-11-27 09:08:43 | INFO | equity_bot | INSTRUMENTS | Loaded 2338 instruments
2025-11-27 09:08:43 | INFO | equity_bot | SESSION | Performing fresh login
2025-11-27 09:08:43 | INFO | equity_bot | SESSION_DEBUG | SmartConnect instance ID: 129610710722768 | has_access_token=True | has_refresh_token=True | access_token_set=True | api_key=PSYIiZ0c
2025-11-27 09:08:43 | INFO | equity_bot | SESSION | Session saved to file
2025-11-27 09:08:43 | INFO | equity_bot | SESSION | Login successful | client_code=S635655 | session_id=Bearer eyJ...
2025-11-27 09:08:43 | INFO | equity_bot | SESSION_REFRESH | Proactive session refresh thread started
2025-11-27 09:08:43 | INFO | equity_bot | SESSION_REFRESH | Proactive session refresh thread started successfully
2025-11-27 09:08:43 | INFO | equity_bot | RATE_LIMITER | API call recorded: login
2025-11-27 09:08:43 | INFO | equity_bot | ALERT_QUEUE | Alert queue initialized - burst-safe processing enabled
2025-11-27 09:08:43 | INFO | equity_bot | FEEDBACK_INIT | PerformanceFeedback initialized (window: 20)
2025-11-27 09:08:43 | INFO | equity_bot | MONITOR | PositionMonitor instance created successfully
2025-11-27 09:08:43 | INFO | equity_bot | MONITOR | Position monitor started in background
2025-11-27 09:08:43 | INFO | equity_bot | MONITOR | Monitor initialized with 0 existing positions
2025-11-27 09:08:43 | INFO | equity_bot | SYSTEM | Trading system initialized successfully
2025-11-27 09:08:43 | INFO | equity_bot | ALERT_QUEUE | Alert queue worker started successfully
2025-11-27 09:08:43 | INFO | equity_bot | ALERT_QUEUE | Alert queue worker thread started
2025-11-27 09:08:43 | INFO | equity_bot | SERVER | Starting webhook server on 0.0.0.0:80
2025-11-27 09:08:43 | INFO | equity_bot | BOT_CLEANUP | Bot cleanup on exit | uptime_seconds=0 | active_positions=0
2025-11-27 09:08:59 | INFO | equity_bot | FEEDBACK_INIT | PerformanceFeedback initialized (window: 20)
2025-11-27 09:08:59 | INFO | equity_bot | REGIME_INIT | RegimeDetector initialized (SMA: 20/50, ATR: 14)
2025-11-27 09:08:59 | INFO | equity_bot | CORRELATION_INIT | CorrelationAnalyzer initialized (threshold: 0.7)
2025-11-27 09:08:59 | INFO | equity_bot | POSITIONER_INIT | AdvancedPositionSizer initialized | base_size=100 | risk_per_trade=1.0%
2025-11-27 09:08:59 | INFO | equity_bot | CORRELATION_INIT | CorrelationAnalyzer initialized (threshold: 0.7)
2025-11-27 09:08:59 | INFO | equity_bot | POSITIONER_INIT | AdvancedPositionSizer initialized | base_size=100 | risk_per_trade=1.0%
2025-11-27 09:08:59 | INFO | equity_bot | STARTUP | Starting Equity Trading Bot...
2025-11-27 09:08:59 | INFO | equity_bot | STARTUP | Validating configuration...
2025-11-27 09:08:59 | INFO | equity_bot | CONFIG | Configuration validation passed
2025-11-27 09:08:59 | INFO | equity_bot | CONFIG | Current configuration | trading_mode=LIVE | max_capital=20000.0 | cap_per_trade=2000.0 | max_slots=10 | default_sl_percentage=0.5 | trail_sl_enabled=True | monitor_interval=20 | webhook_port=80 | margin_percentage=0.2 | paper_trading=False
2025-11-27 09:08:59 | INFO | equity_bot | STARTUP | Hybrid learning engine initialized
2025-11-27 09:08:59 | INFO | equity_bot | STARTUP |   Storage: /root/santhosh/trading/equity/data/learning
2025-11-27 09:08:59 | INFO | equity_bot | STARTUP |   Status: ML system ready for real-time learning
2025-11-27 09:08:59 | INFO | equity_bot | EOD_SCHEDULER_SCHEDULED | EOD scheduler scheduled with two stages | squareoff_time=15:12 | learning_time=15:15 | description=Stage 1: Square-off at 3:12 PM (avoid EOD rush) | Stage 2: Learning at 3:15 PM (get more data)
2025-11-27 09:08:59 | INFO | equity_bot | EOD_SCHEDULER_STARTED | EOD scheduler started, squareoff: 15:12, learning: 15:15
2025-11-27 09:08:59 | INFO | equity_bot | EOD_DAEMON_STARTED | EOD scheduler started as daemon thread (square-off at 15:12, learning at 15:15) | squareoff_time=15:12 | learning_time=15:15
2025-11-27 09:08:59 | INFO | equity_bot | STARTUP | EOD scheduler daemon started (daily update at 3:30 PM IST on port 80)
2025-11-27 09:08:59 | INFO | equity_bot | STARTUP | All components initialized successfully
2025-11-27 09:08:59 | INFO | equity_bot | STARTUP | Trading Mode: LIVE
2025-11-27 09:08:59 | INFO | equity_bot | STARTUP | Bot is ready to receive webhook alerts
2025-11-27 09:08:59 | INFO | equity_bot | STARTUP | Starting webhook server...
2025-11-27 09:08:59 | INFO | equity_bot | BOT_STARTUP | Trading bot starting up | startup_time=2025-11-27T09:08:59.553088 | capital_per_trade=2000.0 | max_slots=10 | paper_trading=False
2025-11-27 09:08:59 | INFO | equity_bot | RATE_LIMITER | Token bucket 'per_second' initialized | capacity=8 | refill_rate=8
2025-11-27 09:08:59 | INFO | equity_bot | RATE_LIMITER | Token bucket 'per_minute' initialized | capacity=180 | refill_rate=3.0
2025-11-27 09:08:59 | INFO | equity_bot | RATE_LIMITER | AngelOne rate limiter initialized | rps_limit=8 | rpm_limit=180
2025-11-27 09:08:59 | INFO | equity_bot | INSTRUMENTS | Loaded 2338 instruments
2025-11-27 09:08:59 | INFO | equity_bot | SESSION | Performing fresh login
2025-11-27 09:08:59 | INFO | equity_bot | SESSION_DEBUG | SmartConnect instance ID: 133306877668880 | has_access_token=True | has_refresh_token=True | access_token_set=True | api_key=PSYIiZ0c
2025-11-27 09:08:59 | INFO | equity_bot | SESSION | Session saved to file
2025-11-27 09:08:59 | INFO | equity_bot | SESSION | Login successful | client_code=S635655 | session_id=Bearer eyJ...
2025-11-27 09:08:59 | INFO | equity_bot | SESSION_REFRESH | Proactive session refresh thread started
2025-11-27 09:08:59 | INFO | equity_bot | SESSION_REFRESH | Proactive session refresh thread started successfully
2025-11-27 09:08:59 | INFO | equity_bot | RATE_LIMITER | API call recorded: login
2025-11-27 09:08:59 | INFO | equity_bot | ALERT_QUEUE | Alert queue initialized - burst-safe processing enabled
2025-11-27 09:08:59 | INFO | equity_bot | FEEDBACK_INIT | PerformanceFeedback initialized (window: 20)
2025-11-27 09:09:00 | INFO | equity_bot | MONITOR | PositionMonitor instance created successfully
2025-11-27 09:09:00 | INFO | equity_bot | MONITOR | Position monitor started in background
2025-11-27 09:09:00 | INFO | equity_bot | MONITOR | Monitor initialized with 0 existing positions
2025-11-27 09:09:00 | INFO | equity_bot | SYSTEM | Trading system initialized successfully
2025-11-27 09:09:00 | INFO | equity_bot | ALERT_QUEUE | Alert queue worker started successfully
2025-11-27 09:09:00 | INFO | equity_bot | ALERT_QUEUE | Alert queue worker thread started
2025-11-27 09:09:00 | INFO | equity_bot | SERVER | Starting webhook server on 0.0.0.0:80
2025-11-27 09:09:00 | INFO | equity_bot | BOT_CLEANUP | Bot cleanup on exit | uptime_seconds=0 | active_positions=0
2025-11-27 09:09:15 | INFO | equity_bot | FEEDBACK_INIT | PerformanceFeedback initialized (window: 20)
2025-11-27 09:09:15 | INFO | equity_bot | REGIME_INIT | RegimeDetector initialized (SMA: 20/50, ATR: 14)
2025-11-27 09:09:15 | INFO | equity_bot | CORRELATION_INIT | CorrelationAnalyzer initialized (threshold: 0.7)
2025-11-27 09:09:15 | INFO | equity_bot | POSITIONER_INIT | AdvancedPositionSizer initialized | base_size=100 | risk_per_trade=1.0%
2025-11-27 09:09:15 | INFO | equity_bot | CORRELATION_INIT | CorrelationAnalyzer initialized (threshold: 0.7)
2025-11-27 09:09:15 | INFO | equity_bot | POSITIONER_INIT | AdvancedPositionSizer initialized | base_size=100 | risk_per_trade=1.0%
2025-11-27 09:09:16 | INFO | equity_bot | STARTUP | Starting Equity Trading Bot...
2025-11-27 09:09:16 | INFO | equity_bot | STARTUP | Validating configuration...
2025-11-27 09:09:16 | INFO | equity_bot | CONFIG | Configuration validation passed
2025-11-27 09:09:16 | INFO | equity_bot | CONFIG | Current configuration | trading_mode=LIVE | max_capital=20000.0 | cap_per_trade=2000.0 | max_slots=10 | default_sl_percentage=0.5 | trail_sl_enabled=True | monitor_interval=20 | webhook_port=80 | margin_percentage=0.2 | paper_trading=False
2025-11-27 09:09:16 | INFO | equity_bot | STARTUP | Hybrid learning engine initialized
2025-11-27 09:09:16 | INFO | equity_bot | STARTUP |   Storage: /root/santhosh/trading/equity/data/learning
2025-11-27 09:09:16 | INFO | equity_bot | STARTUP |   Status: ML system ready for real-time learning
2025-11-27 09:09:16 | INFO | equity_bot | EOD_SCHEDULER_SCHEDULED | EOD scheduler scheduled with two stages | squareoff_time=15:12 | learning_time=15:15 | description=Stage 1: Square-off at 3:12 PM (avoid EOD rush) | Stage 2: Learning at 3:15 PM (get more data)
2025-11-27 09:09:16 | INFO | equity_bot | EOD_SCHEDULER_STARTED | EOD scheduler started, squareoff: 15:12, learning: 15:15
2025-11-27 09:09:16 | INFO | equity_bot | EOD_DAEMON_STARTED | EOD scheduler started as daemon thread (square-off at 15:12, learning at 15:15) | squareoff_time=15:12 | learning_time=15:15
2025-11-27 09:09:16 | INFO | equity_bot | STARTUP | EOD scheduler daemon started (daily update at 3:30 PM IST on port 80)
2025-11-27 09:09:16 | INFO | equity_bot | STARTUP | All components initialized successfully
2025-11-27 09:09:16 | INFO | equity_bot | STARTUP | Trading Mode: LIVE
2025-11-27 09:09:16 | INFO | equity_bot | STARTUP | Bot is ready to receive webhook alerts
2025-11-27 09:09:16 | INFO | equity_bot | STARTUP | Starting webhook server...
2025-11-27 09:09:16 | INFO | equity_bot | BOT_STARTUP | Trading bot starting up | startup_time=2025-11-27T09:09:16.036383 | capital_per_trade=2000.0 | max_slots=10 | paper_trading=False
2025-11-27 09:09:16 | INFO | equity_bot | RATE_LIMITER | Token bucket 'per_second' initialized | capacity=8 | refill_rate=8
2025-11-27 09:09:16 | INFO | equity_bot | RATE_LIMITER | Token bucket 'per_minute' initialized | capacity=180 | refill_rate=3.0
2025-11-27 09:09:16 | INFO | equity_bot | RATE_LIMITER | AngelOne rate limiter initialized | rps_limit=8 | rpm_limit=180
2025-11-27 09:09:16 | INFO | equity_bot | INSTRUMENTS | Loaded 2338 instruments
2025-11-27 09:09:16 | INFO | equity_bot | SESSION | Performing fresh login
2025-11-27 09:09:16 | INFO | equity_bot | SESSION_DEBUG | SmartConnect instance ID: 136658009124080 | has_access_token=True | has_refresh_token=True | access_token_set=True | api_key=PSYIiZ0c
2025-11-27 09:09:16 | INFO | equity_bot | SESSION | Session saved to file
2025-11-27 09:09:16 | INFO | equity_bot | SESSION | Login successful | client_code=S635655 | session_id=Bearer eyJ...
2025-11-27 09:09:16 | INFO | equity_bot | SESSION_REFRESH | Proactive session refresh thread started
2025-11-27 09:09:16 | INFO | equity_bot | SESSION_REFRESH | Proactive session refresh thread started successfully
2025-11-27 09:09:16 | INFO | equity_bot | RATE_LIMITER | API call recorded: login
2025-11-27 09:09:16 | INFO | equity_bot | ALERT_QUEUE | Alert queue initialized - burst-safe processing enabled
2025-11-27 09:09:16 | INFO | equity_bot | FEEDBACK_INIT | PerformanceFeedback initialized (window: 20)
2025-11-27 09:09:16 | INFO | equity_bot | MONITOR | PositionMonitor instance created successfully
2025-11-27 09:09:16 | INFO | equity_bot | MONITOR | Position monitor started in background
2025-11-27 09:09:16 | INFO | equity_bot | MONITOR | Monitor initialized with 0 existing positions
2025-11-27 09:09:16 | INFO | equity_bot | SYSTEM | Trading system initialized successfully
2025-11-27 09:09:16 | INFO | equity_bot | ALERT_QUEUE | Alert queue worker started successfully
2025-11-27 09:09:16 | INFO | equity_bot | ALERT_QUEUE | Alert queue worker thread started
2025-11-27 09:09:16 | INFO | equity_bot | SERVER | Starting webhook server on 0.0.0.0:80
2025-11-27 09:09:16 | INFO | equity_bot | BOT_CLEANUP | Bot cleanup on exit | uptime_seconds=0 | active_positions=0
2025-11-27 09:09:32 | INFO | equity_bot | FEEDBACK_INIT | PerformanceFeedback initialized (window: 20)
2025-11-27 09:09:32 | INFO | equity_bot | REGIME_INIT | RegimeDetector initialized (SMA: 20/50, ATR: 14)
2025-11-27 09:09:32 | INFO | equity_bot | CORRELATION_INIT | CorrelationAnalyzer initialized (threshold: 0.7)
2025-11-27 09:09:32 | INFO | equity_bot | POSITIONER_INIT | AdvancedPositionSizer initialized | base_size=100 | risk_per_trade=1.0%
2025-11-27 09:09:32 | INFO | equity_bot | CORRELATION_INIT | CorrelationAnalyzer initialized (threshold: 0.7)
2025-11-27 09:09:32 | INFO | equity_bot | POSITIONER_INIT | AdvancedPositionSizer initialized | base_size=100 | risk_per_trade=1.0%
2025-11-27 09:09:32 | INFO | equity_bot | STARTUP | Starting Equity Trading Bot...
2025-11-27 09:09:32 | INFO | equity_bot | STARTUP | Validating configuration...
2025-11-27 09:09:32 | INFO | equity_bot | CONFIG | Configuration validation passed
2025-11-27 09:09:32 | INFO | equity_bot | CONFIG | Current configuration | trading_mode=LIVE | max_capital=20000.0 | cap_per_trade=2000.0 | max_slots=10 | default_sl_percentage=0.5 | trail_sl_enabled=True | monitor_interval=20 | webhook_port=80 | margin_percentage=0.2 | paper_trading=False
2025-11-27 09:09:32 | INFO | equity_bot | STARTUP | Hybrid learning engine initialized
2025-11-27 09:09:32 | INFO | equity_bot | STARTUP |   Storage: /root/santhosh/trading/equity/data/learning
2025-11-27 09:09:32 | INFO | equity_bot | STARTUP |   Status: ML system ready for real-time learning
2025-11-27 09:09:32 | INFO | equity_bot | EOD_SCHEDULER_SCHEDULED | EOD scheduler scheduled with two stages | squareoff_time=15:12 | learning_time=15:15 | description=Stage 1: Square-off at 3:12 PM (avoid EOD rush) | Stage 2: Learning at 3:15 PM (get more data)
2025-11-27 09:09:32 | INFO | equity_bot | EOD_SCHEDULER_STARTED | EOD scheduler started, squareoff: 15:12, learning: 15:15
2025-11-27 09:09:32 | INFO | equity_bot | EOD_DAEMON_STARTED | EOD scheduler started as daemon thread (square-off at 15:12, learning at 15:15) | squareoff_time=15:12 | learning_time=15:15
2025-11-27 09:09:32 | INFO | equity_bot | STARTUP | EOD scheduler daemon started (daily update at 3:30 PM IST on port 80)
2025-11-27 09:09:32 | INFO | equity_bot | STARTUP | All components initialized successfully
2025-11-27 09:09:32 | INFO | equity_bot | STARTUP | Trading Mode: LIVE
2025-11-27 09:09:32 | INFO | equity_bot | STARTUP | Bot is ready to receive webhook alerts
2025-11-27 09:09:32 | INFO | equity_bot | STARTUP | Starting webhook server...
2025-11-27 09:09:32 | INFO | equity_bot | BOT_STARTUP | Trading bot starting up | startup_time=2025-11-27T09:09:32.543120 | capital_per_trade=2000.0 | max_slots=10 | paper_trading=False
2025-11-27 09:09:32 | INFO | equity_bot | RATE_LIMITER | Token bucket 'per_second' initialized | capacity=8 | refill_rate=8
2025-11-27 09:09:32 | INFO | equity_bot | RATE_LIMITER | Token bucket 'per_minute' initialized | capacity=180 | refill_rate=3.0
2025-11-27 09:09:32 | INFO | equity_bot | RATE_LIMITER | AngelOne rate limiter initialized | rps_limit=8 | rpm_limit=180
2025-11-27 09:09:32 | INFO | equity_bot | INSTRUMENTS | Loaded 2338 instruments
2025-11-27 09:09:32 | INFO | equity_bot | SESSION | Performing fresh login
2025-11-27 09:09:32 | INFO | equity_bot | SESSION_DEBUG | SmartConnect instance ID: 134874660989952 | has_access_token=True | has_refresh_token=True | access_token_set=True | api_key=PSYIiZ0c
2025-11-27 09:09:32 | INFO | equity_bot | SESSION | Session saved to file
2025-11-27 09:09:32 | INFO | equity_bot | SESSION | Login successful | client_code=S635655 | session_id=Bearer eyJ...
2025-11-27 09:09:32 | INFO | equity_bot | SESSION_REFRESH | Proactive session refresh thread started
2025-11-27 09:09:32 | INFO | equity_bot | SESSION_REFRESH | Proactive session refresh thread started successfully
2025-11-27 09:09:32 | INFO | equity_bot | RATE_LIMITER | API call recorded: login
2025-11-27 09:09:32 | INFO | equity_bot | ALERT_QUEUE | Alert queue initialized - burst-safe processing enabled
2025-11-27 09:09:32 | INFO | equity_bot | FEEDBACK_INIT | PerformanceFeedback initialized (window: 20)
2025-11-27 09:09:33 | INFO | equity_bot | MONITOR | PositionMonitor instance created successfully
2025-11-27 09:09:33 | INFO | equity_bot | MONITOR | Position monitor started in background
2025-11-27 09:09:33 | INFO | equity_bot | MONITOR | Monitor initialized with 0 existing positions
2025-11-27 09:09:33 | INFO | equity_bot | SYSTEM | Trading system initialized successfully
2025-11-27 09:09:33 | INFO | equity_bot | ALERT_QUEUE | Alert queue worker started successfully
2025-11-27 09:09:33 | INFO | equity_bot | ALERT_QUEUE | Alert queue worker thread started
2025-11-27 09:09:33 | INFO | equity_bot | SERVER | Starting webhook server on 0.0.0.0:80
2025-11-27 09:09:33 | INFO | equity_bot | BOT_CLEANUP | Bot cleanup on exit | uptime_seconds=0 | active_positions=0
2025-11-27 09:09:48 | INFO | equity_bot | FEEDBACK_INIT | PerformanceFeedback initialized (window: 20)
2025-11-27 09:09:48 | INFO | equity_bot | REGIME_INIT | RegimeDetector initialized (SMA: 20/50, ATR: 14)
2025-11-27 09:09:48 | INFO | equity_bot | CORRELATION_INIT | CorrelationAnalyzer initialized (threshold: 0.7)
2025-11-27 09:09:48 | INFO | equity_bot | POSITIONER_INIT | AdvancedPositionSizer initialized | base_size=100 | risk_per_trade=1.0%
2025-11-27 09:09:48 | INFO | equity_bot | CORRELATION_INIT | CorrelationAnalyzer initialized (threshold: 0.7)
2025-11-27 09:09:48 | INFO | equity_bot | POSITIONER_INIT | AdvancedPositionSizer initialized | base_size=100 | risk_per_trade=1.0%
2025-11-27 09:09:49 | INFO | equity_bot | STARTUP | Starting Equity Trading Bot...
2025-11-27 09:09:49 | INFO | equity_bot | STARTUP | Validating configuration...
2025-11-27 09:09:49 | INFO | equity_bot | CONFIG | Configuration validation passed
2025-11-27 09:09:49 | INFO | equity_bot | CONFIG | Current configuration | trading_mode=LIVE | max_capital=20000.0 | cap_per_trade=2000.0 | max_slots=10 | default_sl_percentage=0.5 | trail_sl_enabled=True | monitor_interval=20 | webhook_port=80 | margin_percentage=0.2 | paper_trading=False
2025-11-27 09:09:49 | INFO | equity_bot | STARTUP | Hybrid learning engine initialized
2025-11-27 09:09:49 | INFO | equity_bot | STARTUP |   Storage: /root/santhosh/trading/equity/data/learning
2025-11-27 09:09:49 | INFO | equity_bot | STARTUP |   Status: ML system ready for real-time learning
2025-11-27 09:09:49 | INFO | equity_bot | EOD_SCHEDULER_SCHEDULED | EOD scheduler scheduled with two stages | squareoff_time=15:12 | learning_time=15:15 | description=Stage 1: Square-off at 3:12 PM (avoid EOD rush) | Stage 2: Learning at 3:15 PM (get more data)
2025-11-27 09:09:49 | INFO | equity_bot | EOD_SCHEDULER_STARTED | EOD scheduler started, squareoff: 15:12, learning: 15:15
2025-11-27 09:09:49 | INFO | equity_bot | EOD_DAEMON_STARTED | EOD scheduler started as daemon thread (square-off at 15:12, learning at 15:15) | squareoff_time=15:12 | learning_time=15:15
2025-11-27 09:09:49 | INFO | equity_bot | STARTUP | EOD scheduler daemon started (daily update at 3:30 PM IST on port 80)
2025-11-27 09:09:49 | INFO | equity_bot | STARTUP | All components initialized successfully
2025-11-27 09:09:49 | INFO | equity_bot | STARTUP | Trading Mode: LIVE
2025-11-27 09:09:49 | INFO | equity_bot | STARTUP | Bot is ready to receive webhook alerts
2025-11-27 09:09:49 | INFO | equity_bot | STARTUP | Starting webhook server...
2025-11-27 09:09:49 | INFO | equity_bot | BOT_STARTUP | Trading bot starting up | startup_time=2025-11-27T09:09:49.034364 | capital_per_trade=2000.0 | max_slots=10 | paper_trading=False
2025-11-27 09:09:49 | INFO | equity_bot | RATE_LIMITER | Token bucket 'per_second' initialized | capacity=8 | refill_rate=8
2025-11-27 09:09:49 | INFO | equity_bot | RATE_LIMITER | Token bucket 'per_minute' initialized | capacity=180 | refill_rate=3.0
2025-11-27 09:09:49 | INFO | equity_bot | RATE_LIMITER | AngelOne rate limiter initialized | rps_limit=8 | rpm_limit=180
2025-11-27 09:09:49 | INFO | equity_bot | INSTRUMENTS | Loaded 2338 instruments
2025-11-27 09:09:49 | INFO | equity_bot | SESSION | Performing fresh login
2025-11-27 09:09:49 | INFO | equity_bot | SESSION_DEBUG | SmartConnect instance ID: 135382876384544 | has_access_token=True | has_refresh_token=True | access_token_set=True | api_key=PSYIiZ0c
2025-11-27 09:09:49 | INFO | equity_bot | SESSION | Session saved to file
2025-11-27 09:09:49 | INFO | equity_bot | SESSION | Login successful | client_code=S635655 | session_id=Bearer eyJ...
2025-11-27 09:09:49 | INFO | equity_bot | SESSION_REFRESH | Proactive session refresh thread started
2025-11-27 09:09:49 | INFO | equity_bot | SESSION_REFRESH | Proactive session refresh thread started successfully
2025-11-27 09:09:49 | INFO | equity_bot | RATE_LIMITER | API call recorded: login
2025-11-27 09:09:49 | INFO | equity_bot | ALERT_QUEUE | Alert queue initialized - burst-safe processing enabled
2025-11-27 09:09:49 | INFO | equity_bot | FEEDBACK_INIT | PerformanceFeedback initialized (window: 20)
2025-11-27 09:09:49 | INFO | equity_bot | MONITOR | PositionMonitor instance created successfully
2025-11-27 09:09:49 | INFO | equity_bot | MONITOR | Position monitor started in background
2025-11-27 09:09:49 | INFO | equity_bot | MONITOR | Monitor initialized with 0 existing positions
2025-11-27 09:09:49 | INFO | equity_bot | SYSTEM | Trading system initialized successfully
2025-11-27 09:09:49 | INFO | equity_bot | ALERT_QUEUE | Alert queue worker started successfully
2025-11-27 09:09:49 | INFO | equity_bot | ALERT_QUEUE | Alert queue worker thread started
2025-11-27 09:09:49 | INFO | equity_bot | SERVER | Starting webhook server on 0.0.0.0:80
2025-11-27 09:09:49 | INFO | equity_bot | BOT_CLEANUP | Bot cleanup on exit | uptime_seconds=0 | active_positions=0
2025-11-27 09:10:03 | INFO | equity_bot | SESSION | Performing lightweight session validation
2025-11-27 09:10:03 | INFO | equity_bot | RATE_LIMIT_WAIT_START | Waiting for rate limit clearance | endpoint=rmsLimit | timeout_seconds=2.0
2025-11-27 09:10:03 | INFO | equity_bot | API_CALL_DEBUG | About to call rmsLimit with args=(), kwargs={}
2025-11-27 09:10:03 | INFO | equity_bot | API_CALL_DEBUG | rmsLimit returned: {'status': True, 'message': 'SUCCESS', 'errorcode': '', 'data': {'net': '17067.5600', 'availablecash': '17067.5600', 'availableintradaypayin': '0.0000', 'availablelimitmargin': '0.0000', 'collateral': '0.0000', 'm2munrealized': '0.0000', 'm2mrealized': '0.0000', 'utiliseddebits': '0.0000', 'utilisedspan': None, 'utilisedoptionpremium': None, 'utilisedholdingsales': None, 'utilisedexposure': None, 'utilisedturnover': None, 'utilisedpayout': '17067.5600'}}
2025-11-27 09:10:03 | INFO | equity_bot | SESSION | Session valid
2025-11-27 09:10:03 | INFO | equity_bot | SHUTDOWN | Received signal 15, initiating graceful shutdown...
2025-11-27 09:10:03 | INFO | equity_bot | SHUTDOWN | Initiating bot shutdown...
2025-11-27 09:10:03 | INFO | equity_bot | EOD_SCHEDULER_STOP_REQUESTED | EOD scheduler stop requested
2025-11-27 09:10:03 | INFO | equity_bot | SHUTDOWN | EOD scheduler stopped
2025-11-27 09:10:03 | INFO | equity_bot | SHUTDOWN | Bot shutdown completed successfully
2025-11-27 09:10:03 | INFO | equity_bot | BOT_CLEANUP | Bot cleanup on exit | uptime_seconds=296 | active_positions=0
2025-11-27 09:10:09 | INFO | equity_bot | FEEDBACK_INIT | PerformanceFeedback initialized (window: 20)
2025-11-27 09:10:09 | INFO | equity_bot | REGIME_INIT | RegimeDetector initialized (SMA: 20/50, ATR: 14)
2025-11-27 09:10:09 | INFO | equity_bot | CORRELATION_INIT | CorrelationAnalyzer initialized (threshold: 0.7)
2025-11-27 09:10:09 | INFO | equity_bot | POSITIONER_INIT | AdvancedPositionSizer initialized | base_size=100 | risk_per_trade=1.0%
2025-11-27 09:10:09 | INFO | equity_bot | CORRELATION_INIT | CorrelationAnalyzer initialized (threshold: 0.7)
2025-11-27 09:10:09 | INFO | equity_bot | POSITIONER_INIT | AdvancedPositionSizer initialized | base_size=100 | risk_per_trade=1.0%
2025-11-27 09:10:10 | INFO | equity_bot | STARTUP | Starting Equity Trading Bot...
2025-11-27 09:10:10 | INFO | equity_bot | STARTUP | Validating configuration...
2025-11-27 09:10:10 | INFO | equity_bot | CONFIG | Configuration validation passed
2025-11-27 09:10:10 | INFO | equity_bot | CONFIG | Current configuration | trading_mode=LIVE | max_capital=20000.0 | cap_per_trade=2000.0 | max_slots=10 | default_sl_percentage=0.5 | trail_sl_enabled=True | monitor_interval=20 | webhook_port=80 | margin_percentage=0.2 | paper_trading=False
2025-11-27 09:10:10 | INFO | equity_bot | STARTUP | Hybrid learning engine initialized
2025-11-27 09:10:10 | INFO | equity_bot | STARTUP |   Storage: /root/santhosh/trading/equity/data/learning
2025-11-27 09:10:10 | INFO | equity_bot | STARTUP |   Status: ML system ready for real-time learning
2025-11-27 09:10:10 | INFO | equity_bot | EOD_SCHEDULER_SCHEDULED | EOD scheduler scheduled with two stages | squareoff_time=15:12 | learning_time=15:15 | description=Stage 1: Square-off at 3:12 PM (avoid EOD rush) | Stage 2: Learning at 3:15 PM (get more data)
2025-11-27 09:10:10 | INFO | equity_bot | EOD_SCHEDULER_STARTED | EOD scheduler started, squareoff: 15:12, learning: 15:15
2025-11-27 09:10:10 | INFO | equity_bot | EOD_DAEMON_STARTED | EOD scheduler started as daemon thread (square-off at 15:12, learning at 15:15) | squareoff_time=15:12 | learning_time=15:15
2025-11-27 09:10:10 | INFO | equity_bot | STARTUP | EOD scheduler daemon started (daily update at 3:30 PM IST on port 80)
2025-11-27 09:10:10 | INFO | equity_bot | STARTUP | All components initialized successfully
2025-11-27 09:10:10 | INFO | equity_bot | STARTUP | Trading Mode: LIVE
2025-11-27 09:10:10 | INFO | equity_bot | STARTUP | Bot is ready to receive webhook alerts
2025-11-27 09:10:10 | INFO | equity_bot | STARTUP | Starting webhook server...
2025-11-27 09:10:10 | INFO | equity_bot | BOT_STARTUP | Trading bot starting up | startup_time=2025-11-27T09:10:10.354099 | capital_per_trade=2000.0 | max_slots=10 | paper_trading=False
2025-11-27 09:10:10 | INFO | equity_bot | RATE_LIMITER | Token bucket 'per_second' initialized | capacity=8 | refill_rate=8
2025-11-27 09:10:10 | INFO | equity_bot | RATE_LIMITER | Token bucket 'per_minute' initialized | capacity=180 | refill_rate=3.0
2025-11-27 09:10:10 | INFO | equity_bot | RATE_LIMITER | AngelOne rate limiter initialized | rps_limit=8 | rpm_limit=180
2025-11-27 09:10:10 | INFO | equity_bot | INSTRUMENTS | Loaded 2338 instruments
2025-11-27 09:10:10 | INFO | equity_bot | SESSION | Performing fresh login
2025-11-27 09:10:10 | INFO | equity_bot | SESSION_DEBUG | SmartConnect instance ID: 138814123055616 | has_access_token=True | has_refresh_token=True | access_token_set=True | api_key=PSYIiZ0c
2025-11-27 09:10:10 | INFO | equity_bot | SESSION | Session saved to file
2025-11-27 09:10:10 | INFO | equity_bot | SESSION | Login successful | client_code=S635655 | session_id=Bearer eyJ...
2025-11-27 09:10:10 | INFO | equity_bot | SESSION_REFRESH | Proactive session refresh thread started
2025-11-27 09:10:10 | INFO | equity_bot | SESSION_REFRESH | Proactive session refresh thread started successfully
2025-11-27 09:10:10 | INFO | equity_bot | RATE_LIMITER | API call recorded: login
2025-11-27 09:10:10 | INFO | equity_bot | ALERT_QUEUE | Alert queue initialized - burst-safe processing enabled
2025-11-27 09:10:10 | INFO | equity_bot | FEEDBACK_INIT | PerformanceFeedback initialized (window: 20)
2025-11-27 09:10:10 | INFO | equity_bot | MONITOR | PositionMonitor instance created successfully
2025-11-27 09:10:10 | INFO | equity_bot | MONITOR | Position monitor started in background
2025-11-27 09:10:10 | INFO | equity_bot | MONITOR | Monitor initialized with 0 existing positions
2025-11-27 09:10:10 | INFO | equity_bot | SYSTEM | Trading system initialized successfully
2025-11-27 09:10:10 | INFO | equity_bot | ALERT_QUEUE | Alert queue worker started successfully
2025-11-27 09:10:10 | INFO | equity_bot | ALERT_QUEUE | Alert queue worker thread started
2025-11-27 09:10:10 | INFO | equity_bot | SERVER | Starting webhook server on 0.0.0.0:80
2025-11-27 09:15:03 | INFO | equity_bot | SESSION | Performing lightweight session validation
2025-11-27 09:15:03 | INFO | equity_bot | RATE_LIMIT_WAIT_START | Waiting for rate limit clearance | endpoint=rmsLimit | timeout_seconds=2.0
2025-11-27 09:15:03 | INFO | equity_bot | API_CALL_DEBUG | About to call rmsLimit with args=(), kwargs={}
2025-11-27 09:15:03 | INFO | equity_bot | API_CALL_DEBUG | rmsLimit returned: {'status': True, 'message': 'SUCCESS', 'errorcode': '', 'data': {'net': '17067.5600', 'availablecash': '17067.5600', 'availableintradaypayin': '0.0000', 'availablelimitmargin': '0.0000', 'collateral': '0.0000', 'm2munrealized': '0.0000', 'm2mrealized': '0.0000', 'utiliseddebits': '0.0000', 'utilisedspan': None, 'utilisedoptionpremium': None, 'utilisedholdingsales': None, 'utilisedexposure': None, 'utilisedturnover': None, 'utilisedpayout': '17067.5600'}}
2025-11-27 09:15:03 | INFO | equity_bot | SESSION | Session valid
2025-11-27 09:20:05 | INFO | equity_bot | SESSION | Performing lightweight session validation
2025-11-27 09:20:05 | INFO | equity_bot | RATE_LIMIT_WAIT_START | Waiting for rate limit clearance | endpoint=rmsLimit | timeout_seconds=2.0
2025-11-27 09:20:05 | INFO | equity_bot | API_CALL_DEBUG | About to call rmsLimit with args=(), kwargs={}
2025-11-27 09:20:05 | INFO | equity_bot | API_CALL_DEBUG | rmsLimit returned: {'status': True, 'message': 'SUCCESS', 'errorcode': '', 'data': {'net': '17067.5600', 'availablecash': '17067.5600', 'availableintradaypayin': '0.0000', 'availablelimitmargin': '0.0000', 'collateral': '0.0000', 'm2munrealized': '0.0000', 'm2mrealized': '0.0000', 'utiliseddebits': '0.0000', 'utilisedspan': None, 'utilisedoptionpremium': None, 'utilisedholdingsales': None, 'utilisedexposure': None, 'utilisedturnover': None, 'utilisedpayout': '17067.5600'}}
2025-11-27 09:20:05 | INFO | equity_bot | SESSION | Session valid
2025-11-27 09:25:04 | INFO | equity_bot | SESSION | Using cached session status (checked 299s ago)
2025-11-27 09:25:10 | INFO | equity_bot | SESSION_REFRESH | Proactive refresh triggered (session age: 15.0m)
2025-11-27 09:25:10 | INFO | equity_bot | SESSION | Attempting session refresh with refresh token
2025-11-27 09:25:10 | INFO | equity_bot | SESSION | Session saved to file
2025-11-27 09:25:10 | INFO | equity_bot | SESSION | Session refreshed successfully
2025-11-27 09:25:10 | INFO | equity_bot | SESSION_REFRESH | ✅ Proactive session refresh successful
2025-11-27 09:30:01 | INFO | equity_bot | SESSION | Using cached session status (checked 291s ago)
2025-11-27 09:35:05 | INFO | equity_bot | SESSION | Performing lightweight session validation
2025-11-27 09:35:05 | INFO | equity_bot | RATE_LIMIT_WAIT_START | Waiting for rate limit clearance | endpoint=rmsLimit | timeout_seconds=2.0
2025-11-27 09:35:05 | INFO | equity_bot | API_CALL_DEBUG | About to call rmsLimit with args=(), kwargs={}
2025-11-27 09:35:05 | INFO | equity_bot | API_CALL_DEBUG | rmsLimit returned: {'status': True, 'message': 'SUCCESS', 'errorcode': '', 'data': {'net': '17067.5600', 'availablecash': '17067.5600', 'availableintradaypayin': '0.0000', 'availablelimitmargin': '0.0000', 'collateral': '0.0000', 'm2munrealized': '0.0000', 'm2mrealized': '0.0000', 'utiliseddebits': '0.0000', 'utilisedspan': None, 'utilisedoptionpremium': None, 'utilisedholdingsales': None, 'utilisedexposure': None, 'utilisedturnover': None, 'utilisedpayout': '17067.5600'}}
2025-11-27 09:35:05 | INFO | equity_bot | SESSION | Session valid
2025-11-27 09:40:03 | INFO | equity_bot | SESSION | Using cached session status (checked 298s ago)
2025-11-27 09:40:10 | INFO | equity_bot | SESSION_REFRESH | Proactive refresh triggered (session age: 15.0m)
2025-11-27 09:40:10 | INFO | equity_bot | SESSION | Attempting session refresh with refresh token
2025-11-27 09:40:11 | INFO | equity_bot | SESSION | Session saved to file
2025-11-27 09:40:11 | INFO | equity_bot | SESSION | Session refreshed successfully
2025-11-27 09:40:11 | INFO | equity_bot | SESSION_REFRESH | ✅ Proactive session refresh successful
2025-11-27 09:45:04 | INFO | equity_bot | SESSION | Using cached session status (checked 293s ago)
2025-11-27 09:50:01 | INFO | equity_bot | SESSION | Performing lightweight session validation
2025-11-27 09:50:01 | INFO | equity_bot | RATE_LIMIT_WAIT_START | Waiting for rate limit clearance | endpoint=rmsLimit | timeout_seconds=2.0
2025-11-27 09:50:01 | INFO | equity_bot | API_CALL_DEBUG | About to call rmsLimit with args=(), kwargs={}
2025-11-27 09:50:02 | INFO | equity_bot | API_CALL_DEBUG | rmsLimit returned: {'status': True, 'message': 'SUCCESS', 'errorcode': '', 'data': {'net': '17067.5600', 'availablecash': '17067.5600', 'availableintradaypayin': '0.0000', 'availablelimitmargin': '0.0000', 'collateral': '0.0000', 'm2munrealized': '0.0000', 'm2mrealized': '0.0000', 'utiliseddebits': '0.0000', 'utilisedspan': None, 'utilisedoptionpremium': None, 'utilisedholdingsales': None, 'utilisedexposure': None, 'utilisedturnover': None, 'utilisedpayout': '17067.5600'}}
2025-11-27 09:50:02 | INFO | equity_bot | SESSION | Session valid
2025-11-27 09:55:05 | INFO | equity_bot | SESSION | Performing lightweight session validation
2025-11-27 09:55:05 | INFO | equity_bot | RATE_LIMIT_WAIT_START | Waiting for rate limit clearance | endpoint=rmsLimit | timeout_seconds=2.0
2025-11-27 09:55:05 | INFO | equity_bot | API_CALL_DEBUG | About to call rmsLimit with args=(), kwargs={}
2025-11-27 09:55:05 | INFO | equity_bot | API_CALL_DEBUG | rmsLimit returned: {'status': True, 'message': 'SUCCESS', 'errorcode': '', 'data': {'net': '17067.5600', 'availablecash': '17067.5600', 'availableintradaypayin': '0.0000', 'availablelimitmargin': '0.0000', 'collateral': '0.0000', 'm2munrealized': '0.0000', 'm2mrealized': '0.0000', 'utiliseddebits': '0.0000', 'utilisedspan': None, 'utilisedoptionpremium': None, 'utilisedholdingsales': None, 'utilisedexposure': None, 'utilisedturnover': None, 'utilisedpayout': '17067.5600'}}
2025-11-27 09:55:05 | INFO | equity_bot | SESSION | Session valid
2025-11-27 09:55:11 | INFO | equity_bot | SESSION_REFRESH | Proactive refresh triggered (session age: 15.0m)
2025-11-27 09:55:11 | INFO | equity_bot | SESSION | Attempting session refresh with refresh token
2025-11-27 09:55:11 | INFO | equity_bot | SESSION | Session saved to file
2025-11-27 09:55:11 | INFO | equity_bot | SESSION | Session refreshed successfully
2025-11-27 09:55:11 | INFO | equity_bot | SESSION_REFRESH | ✅ Proactive session refresh successful
2025-11-27 10:00:04 | INFO | equity_bot | SESSION | Using cached session status (checked 293s ago)
2025-11-27 10:03:01 | INFO | equity_bot | WEBHOOK_RECEIVED | Incoming webhook from 34.212.75.30
2025-11-27 10:05:03 | INFO | equity_bot | SESSION | Performing lightweight session validation
2025-11-27 10:05:03 | INFO | equity_bot | RATE_LIMIT_WAIT_START | Waiting for rate limit clearance | endpoint=rmsLimit | timeout_seconds=2.0
2025-11-27 10:05:03 | INFO | equity_bot | API_CALL_DEBUG | About to call rmsLimit with args=(), kwargs={}
2025-11-27 10:05:03 | INFO | equity_bot | API_CALL_DEBUG | rmsLimit returned: {'status': True, 'message': 'SUCCESS', 'errorcode': '', 'data': {'net': '17067.5600', 'availablecash': '17067.5600', 'availableintradaypayin': '0.0000', 'availablelimitmargin': '0.0000', 'collateral': '0.0000', 'm2munrealized': '0.0000', 'm2mrealized': '0.0000', 'utiliseddebits': '0.0000', 'utilisedspan': None, 'utilisedoptionpremium': None, 'utilisedholdingsales': None, 'utilisedexposure': None, 'utilisedturnover': None, 'utilisedpayout': '17067.5600'}}
2025-11-27 10:05:03 | INFO | equity_bot | SESSION | Session valid
2025-11-27 10:06:01 | INFO | equity_bot | WEBHOOK_RECEIVED | Incoming webhook from 52.32.178.7
2025-11-27 10:06:05 | INFO | equity_bot | WEBHOOK_RECEIVED | Incoming webhook from 34.212.75.30
2025-11-27 10:10:03 | INFO | equity_bot | SESSION | Performing lightweight session validation
2025-11-27 10:10:03 | INFO | equity_bot | RATE_LIMIT_WAIT_START | Waiting for rate limit clearance | endpoint=rmsLimit | timeout_seconds=2.0
2025-11-27 10:10:03 | INFO | equity_bot | API_CALL_DEBUG | About to call rmsLimit with args=(), kwargs={}
2025-11-27 10:10:03 | INFO | equity_bot | API_CALL_DEBUG | rmsLimit returned: {'status': True, 'message': 'SUCCESS', 'errorcode': '', 'data': {'net': '17067.5600', 'availablecash': '17067.5600', 'availableintradaypayin': '0.0000', 'availablelimitmargin': '0.0000', 'collateral': '0.0000', 'm2munrealized': '0.0000', 'm2mrealized': '0.0000', 'utiliseddebits': '0.0000', 'utilisedspan': None, 'utilisedoptionpremium': None, 'utilisedholdingsales': None, 'utilisedexposure': None, 'utilisedturnover': None, 'utilisedpayout': '17067.5600'}}
2025-11-27 10:10:03 | INFO | equity_bot | SESSION | Session valid
2025-11-27 10:10:11 | INFO | equity_bot | SESSION_REFRESH | Proactive refresh triggered (session age: 15.0m)
2025-11-27 10:10:11 | INFO | equity_bot | SESSION | Attempting session refresh with refresh token
2025-11-27 10:10:11 | INFO | equity_bot | SESSION | Session saved to file
2025-11-27 10:10:11 | INFO | equity_bot | SESSION | Session refreshed successfully
2025-11-27 10:10:11 | INFO | equity_bot | SESSION_REFRESH | ✅ Proactive session refresh successful
2025-11-27 10:15:00 | INFO | equity_bot | WEBHOOK_RECEIVED | Incoming webhook from 52.32.178.7
2025-11-27 10:15:01 | INFO | equity_bot | WEBHOOK_RECEIVED | Incoming webhook from 52.32.178.7
2025-11-27 10:15:01 | INFO | equity_bot | WEBHOOK_RECEIVED | Incoming webhook from 52.32.178.7
2025-11-27 10:15:02 | INFO | equity_bot | WEBHOOK_RECEIVED | Incoming webhook from 34.212.75.30
2025-11-27 10:15:05 | INFO | equity_bot | SESSION | Using cached session status (checked 294s ago)
2025-11-27 10:15:07 | INFO | equity_bot | WEBHOOK_RECEIVED | Incoming webhook from 34.212.75.30
2025-11-27 10:18:01 | INFO | equity_bot | WEBHOOK_RECEIVED | Incoming webhook from 52.32.178.7
2025-11-27 10:20:04 | INFO | equity_bot | SESSION | Performing lightweight session validation
2025-11-27 10:20:04 | INFO | equity_bot | RATE_LIMIT_WAIT_START | Waiting for rate limit clearance | endpoint=rmsLimit | timeout_seconds=2.0
2025-11-27 10:20:04 | INFO | equity_bot | API_CALL_DEBUG | About to call rmsLimit with args=(), kwargs={}
2025-11-27 10:20:04 | INFO | equity_bot | API_CALL_DEBUG | rmsLimit returned: {'status': True, 'message': 'SUCCESS', 'errorcode': '', 'data': {'net': '17067.5600', 'availablecash': '17067.5600', 'availableintradaypayin': '0.0000', 'availablelimitmargin': '0.0000', 'collateral': '0.0000', 'm2munrealized': '0.0000', 'm2mrealized': '0.0000', 'utiliseddebits': '0.0000', 'utilisedspan': None, 'utilisedoptionpremium': None, 'utilisedholdingsales': None, 'utilisedexposure': None, 'utilisedturnover': None, 'utilisedpayout': '17067.5600'}}
2025-11-27 10:20:04 | INFO | equity_bot | SESSION | Session valid
2025-11-27 10:21:01 | INFO | equity_bot | WEBHOOK_RECEIVED | Incoming webhook from 52.32.178.7
2025-11-27 10:21:02 | INFO | equity_bot | WEBHOOK_RECEIVED | Incoming webhook from 34.212.75.30
2025-11-27 10:25:01 | INFO | equity_bot | SESSION | Using cached session status (checked 297s ago)
2025-11-27 10:25:11 | INFO | equity_bot | SESSION_REFRESH | Proactive refresh triggered (session age: 15.0m)
2025-11-27 10:25:11 | INFO | equity_bot | SESSION | Attempting session refresh with refresh token
2025-11-27 10:25:11 | INFO | equity_bot | SESSION | Session saved to file
2025-11-27 10:25:11 | INFO | equity_bot | SESSION | Session refreshed successfully
2025-11-27 10:25:11 | INFO | equity_bot | SESSION_REFRESH | ✅ Proactive session refresh successful
2025-11-27 10:27:01 | INFO | equity_bot | WEBHOOK_RECEIVED | Incoming webhook from 52.32.178.7
2025-11-27 10:27:02 | INFO | equity_bot | WEBHOOK_RECEIVED | Incoming webhook from 52.32.178.7
2025-11-27 10:30:05 | INFO | equity_bot | SESSION | Using cached session status (checked 294s ago)
2025-11-27 10:33:01 | INFO | equity_bot | WEBHOOK_RECEIVED | Incoming webhook from 52.32.178.7
2025-11-27 10:33:02 | INFO | equity_bot | WEBHOOK_RECEIVED | Incoming webhook from 34.212.75.30
2025-11-27 10:33:05 | INFO | equity_bot | WEBHOOK_RECEIVED | Incoming webhook from 34.212.75.30
2025-11-27 10:35:03 | INFO | equity_bot | SESSION | Performing lightweight session validation
2025-11-27 10:35:03 | INFO | equity_bot | RATE_LIMIT_WAIT_START | Waiting for rate limit clearance | endpoint=rmsLimit | timeout_seconds=2.0
2025-11-27 10:35:03 | INFO | equity_bot | API_CALL_DEBUG | About to call rmsLimit with args=(), kwargs={}
2025-11-27 10:35:03 | INFO | equity_bot | API_CALL_DEBUG | rmsLimit returned: {'status': True, 'message': 'SUCCESS', 'errorcode': '', 'data': {'net': '17067.5600', 'availablecash': '17067.5600', 'availableintradaypayin': '0.0000', 'availablelimitmargin': '0.0000', 'collateral': '0.0000', 'm2munrealized': '0.0000', 'm2mrealized': '0.0000', 'utiliseddebits': '0.0000', 'utilisedspan': None, 'utilisedoptionpremium': None, 'utilisedholdingsales': None, 'utilisedexposure': None, 'utilisedturnover': None, 'utilisedpayout': '17067.5600'}}
2025-11-27 10:35:03 | INFO | equity_bot | SESSION | Session valid
2025-11-27 10:36:00 | INFO | equity_bot | WEBHOOK_RECEIVED | Incoming webhook from 34.212.75.30
2025-11-27 10:36:01 | INFO | equity_bot | WEBHOOK_RECEIVED | Incoming webhook from 34.212.75.30
2025-11-27 10:39:04 | INFO | equity_bot | WEBHOOK_RECEIVED | Incoming webhook from 34.212.75.30
2025-11-27 10:40:03 | INFO | equity_bot | SESSION | Using cached session status (checked 300s ago)
2025-11-27 10:40:11 | INFO | equity_bot | SESSION_REFRESH | Proactive refresh triggered (session age: 15.0m)
2025-11-27 10:40:11 | INFO | equity_bot | SESSION | Attempting session refresh with refresh token
2025-11-27 10:40:12 | INFO | equity_bot | SESSION | Session saved to file
2025-11-27 10:40:12 | INFO | equity_bot | SESSION | Session refreshed successfully
2025-11-27 10:40:12 | INFO | equity_bot | SESSION_REFRESH | ✅ Proactive session refresh successful
2025-11-27 10:45:05 | INFO | equity_bot | SESSION | Using cached session status (checked 294s ago)
2025-11-27 10:48:01 | INFO | equity_bot | WEBHOOK_RECEIVED | Incoming webhook from 34.212.75.30
2025-11-27 10:50:04 | INFO | equity_bot | SESSION | Performing lightweight session validation
2025-11-27 10:50:04 | INFO | equity_bot | RATE_LIMIT_WAIT_START | Waiting for rate limit clearance | endpoint=rmsLimit | timeout_seconds=2.0
2025-11-27 10:50:04 | INFO | equity_bot | API_CALL_DEBUG | About to call rmsLimit with args=(), kwargs={}
2025-11-27 10:50:04 | INFO | equity_bot | API_CALL_DEBUG | rmsLimit returned: {'status': True, 'message': 'SUCCESS', 'errorcode': '', 'data': {'net': '17067.5600', 'availablecash': '17067.5600', 'availableintradaypayin': '0.0000', 'availablelimitmargin': '0.0000', 'collateral': '0.0000', 'm2munrealized': '0.0000', 'm2mrealized': '0.0000', 'utiliseddebits': '0.0000', 'utilisedspan': None, 'utilisedoptionpremium': None, 'utilisedholdingsales': None, 'utilisedexposure': None, 'utilisedturnover': None, 'utilisedpayout': '17067.5600'}}
2025-11-27 10:50:04 | INFO | equity_bot | SESSION | Session valid
2025-11-27 10:55:01 | INFO | equity_bot | SESSION | Using cached session status (checked 297s ago)
2025-11-27 10:55:12 | INFO | equity_bot | SESSION_REFRESH | Proactive refresh triggered (session age: 15.0m)
2025-11-27 10:55:12 | INFO | equity_bot | SESSION | Attempting session refresh with refresh token
2025-11-27 10:55:12 | INFO | equity_bot | SESSION | Session saved to file
2025-11-27 10:55:12 | INFO | equity_bot | SESSION | Session refreshed successfully
2025-11-27 10:55:12 | INFO | equity_bot | SESSION_REFRESH | ✅ Proactive session refresh successful
2025-11-27 11:00:03 | INFO | equity_bot | SESSION | Using cached session status (checked 291s ago)
2025-11-27 11:05:04 | INFO | equity_bot | SESSION | Performing lightweight session validation
2025-11-27 11:05:04 | INFO | equity_bot | RATE_LIMIT_WAIT_START | Waiting for rate limit clearance | endpoint=rmsLimit | timeout_seconds=2.0
2025-11-27 11:05:04 | INFO | equity_bot | API_CALL_DEBUG | About to call rmsLimit with args=(), kwargs={}
2025-11-27 11:05:04 | INFO | equity_bot | API_CALL_DEBUG | rmsLimit returned: {'status': True, 'message': 'SUCCESS', 'errorcode': '', 'data': {'net': '17067.5600', 'availablecash': '17067.5600', 'availableintradaypayin': '0.0000', 'availablelimitmargin': '0.0000', 'collateral': '0.0000', 'm2munrealized': '0.0000', 'm2mrealized': '0.0000', 'utiliseddebits': '0.0000', 'utilisedspan': None, 'utilisedoptionpremium': None, 'utilisedholdingsales': None, 'utilisedexposure': None, 'utilisedturnover': None, 'utilisedpayout': '17067.5600'}}
2025-11-27 11:05:04 | INFO | equity_bot | SESSION | Session valid
2025-11-27 11:10:02 | INFO | equity_bot | SESSION | Using cached session status (checked 298s ago)
2025-11-27 11:10:12 | INFO | equity_bot | SESSION_REFRESH | Proactive refresh triggered (session age: 15.0m)
2025-11-27 11:10:12 | INFO | equity_bot | SESSION | Attempting session refresh with refresh token
2025-11-27 11:10:12 | INFO | equity_bot | SESSION | Session saved to file
2025-11-27 11:10:12 | INFO | equity_bot | SESSION | Session refreshed successfully
2025-11-27 11:10:12 | INFO | equity_bot | SESSION_REFRESH | ✅ Proactive session refresh successful
2025-11-27 11:15:02 | INFO | equity_bot | SESSION | Using cached session status (checked 290s ago)
2025-11-27 11:20:04 | INFO | equity_bot | SESSION | Performing lightweight session validation
2025-11-27 11:20:04 | INFO | equity_bot | RATE_LIMIT_WAIT_START | Waiting for rate limit clearance | endpoint=rmsLimit | timeout_seconds=2.0
2025-11-27 11:20:04 | INFO | equity_bot | API_CALL_DEBUG | About to call rmsLimit with args=(), kwargs={}
2025-11-27 11:20:04 | INFO | equity_bot | API_CALL_DEBUG | rmsLimit returned: {'status': True, 'message': 'SUCCESS', 'errorcode': '', 'data': {'net': '17067.5600', 'availablecash': '17067.5600', 'availableintradaypayin': '0.0000', 'availablelimitmargin': '0.0000', 'collateral': '0.0000', 'm2munrealized': '0.0000', 'm2mrealized': '0.0000', 'utiliseddebits': '0.0000', 'utilisedspan': None, 'utilisedoptionpremium': None, 'utilisedholdingsales': None, 'utilisedexposure': None, 'utilisedturnover': None, 'utilisedpayout': '17067.5600'}}
2025-11-27 11:20:04 | INFO | equity_bot | SESSION | Session valid
2025-11-27 11:25:04 | INFO | equity_bot | SESSION | Using cached session status (checked 299s ago)
2025-11-27 11:25:12 | INFO | equity_bot | SESSION_REFRESH | Proactive refresh triggered (session age: 15.0m)
2025-11-27 11:25:12 | INFO | equity_bot | SESSION | Attempting session refresh with refresh token
2025-11-27 11:25:12 | INFO | equity_bot | SESSION | Session saved to file
2025-11-27 11:25:12 | INFO | equity_bot | SESSION | Session refreshed successfully
2025-11-27 11:25:12 | INFO | equity_bot | SESSION_REFRESH | ✅ Proactive session refresh successful
2025-11-27 11:30:01 | INFO | equity_bot | SESSION | Using cached session status (checked 289s ago)
2025-11-27 11:35:05 | INFO | equity_bot | SESSION | Performing lightweight session validation
2025-11-27 11:35:05 | INFO | equity_bot | RATE_LIMIT_WAIT_START | Waiting for rate limit clearance | endpoint=rmsLimit | timeout_seconds=2.0
2025-11-27 11:35:05 | INFO | equity_bot | API_CALL_DEBUG | About to call rmsLimit with args=(), kwargs={}
2025-11-27 11:35:05 | INFO | equity_bot | API_CALL_DEBUG | rmsLimit returned: {'status': True, 'message': 'SUCCESS', 'errorcode': '', 'data': {'net': '17067.5600', 'availablecash': '17067.5600', 'availableintradaypayin': '0.0000', 'availablelimitmargin': '0.0000', 'collateral': '0.0000', 'm2munrealized': '0.0000', 'm2mrealized': '0.0000', 'utiliseddebits': '0.0000', 'utilisedspan': None, 'utilisedoptionpremium': None, 'utilisedholdingsales': None, 'utilisedexposure': None, 'utilisedturnover': None, 'utilisedpayout': '17067.5600'}}
2025-11-27 11:35:05 | INFO | equity_bot | SESSION | Session valid
2025-11-27 11:40:01 | INFO | equity_bot | SESSION | Using cached session status (checked 297s ago)
2025-11-27 11:40:12 | INFO | equity_bot | SESSION_REFRESH | Proactive refresh triggered (session age: 15.0m)
2025-11-27 11:40:12 | INFO | equity_bot | SESSION | Attempting session refresh with refresh token
2025-11-27 11:40:13 | INFO | equity_bot | SESSION | Session saved to file
2025-11-27 11:40:13 | INFO | equity_bot | SESSION | Session refreshed successfully
2025-11-27 11:40:13 | INFO | equity_bot | SESSION_REFRESH | ✅ Proactive session refresh successful
2025-11-27 11:45:02 | INFO | equity_bot | SESSION | Using cached session status (checked 289s ago)
2025-11-27 11:50:05 | INFO | equity_bot | SESSION | Performing lightweight session validation
2025-11-27 11:50:05 | INFO | equity_bot | RATE_LIMIT_WAIT_START | Waiting for rate limit clearance | endpoint=rmsLimit | timeout_seconds=2.0
2025-11-27 11:50:05 | INFO | equity_bot | API_CALL_DEBUG | About to call rmsLimit with args=(), kwargs={}
2025-11-27 11:50:06 | INFO | equity_bot | API_CALL_DEBUG | rmsLimit returned: {'status': True, 'message': 'SUCCESS', 'errorcode': '', 'data': {'net': '17067.5600', 'availablecash': '17067.5600', 'availableintradaypayin': '0.0000', 'availablelimitmargin': '0.0000', 'collateral': '0.0000', 'm2munrealized': '0.0000', 'm2mrealized': '0.0000', 'utiliseddebits': '0.0000', 'utilisedspan': None, 'utilisedoptionpremium': None, 'utilisedholdingsales': None, 'utilisedexposure': None, 'utilisedturnover': None, 'utilisedpayout': '17067.5600'}}
2025-11-27 11:50:06 | INFO | equity_bot | SESSION | Session valid
2025-11-27 11:55:01 | INFO | equity_bot | SESSION | Using cached session status (checked 296s ago)
2025-11-27 11:55:13 | INFO | equity_bot | SESSION_REFRESH | Proactive refresh triggered (session age: 15.0m)
2025-11-27 11:55:13 | INFO | equity_bot | SESSION | Attempting session refresh with refresh token
2025-11-27 11:55:13 | INFO | equity_bot | SESSION | Session saved to file
2025-11-27 11:55:13 | INFO | equity_bot | SESSION | Session refreshed successfully
2025-11-27 11:55:13 | INFO | equity_bot | SESSION_REFRESH | ✅ Proactive session refresh successful
2025-11-27 12:00:06 | INFO | equity_bot | SESSION | Using cached session status (checked 293s ago)
2025-11-27 12:05:04 | INFO | equity_bot | SESSION | Performing lightweight session validation
2025-11-27 12:05:04 | INFO | equity_bot | RATE_LIMIT_WAIT_START | Waiting for rate limit clearance | endpoint=rmsLimit | timeout_seconds=2.0
2025-11-27 12:05:04 | INFO | equity_bot | API_CALL_DEBUG | About to call rmsLimit with args=(), kwargs={}
2025-11-27 12:05:04 | INFO | equity_bot | API_CALL_DEBUG | rmsLimit returned: {'status': True, 'message': 'SUCCESS', 'errorcode': '', 'data': {'net': '17067.5600', 'availablecash': '17067.5600', 'availableintradaypayin': '0.0000', 'availablelimitmargin': '0.0000', 'collateral': '0.0000', 'm2munrealized': '0.0000', 'm2mrealized': '0.0000', 'utiliseddebits': '0.0000', 'utilisedspan': None, 'utilisedoptionpremium': None, 'utilisedholdingsales': None, 'utilisedexposure': None, 'utilisedturnover': None, 'utilisedpayout': '17067.5600'}}
2025-11-27 12:05:04 | INFO | equity_bot | SESSION | Session valid
2025-11-27 12:10:03 | INFO | equity_bot | SESSION | Using cached session status (checked 299s ago)
2025-11-27 12:10:13 | INFO | equity_bot | SESSION_REFRESH | Proactive refresh triggered (session age: 15.0m)
2025-11-27 12:10:13 | INFO | equity_bot | SESSION | Attempting session refresh with refresh token
2025-11-27 12:10:13 | INFO | equity_bot | SESSION | Session saved to file
2025-11-27 12:10:13 | INFO | equity_bot | SESSION | Session refreshed successfully
2025-11-27 12:10:13 | INFO | equity_bot | SESSION_REFRESH | ✅ Proactive session refresh successful
2025-11-27 12:15:01 | INFO | equity_bot | SESSION | Using cached session status (checked 289s ago)
2025-11-27 12:20:04 | INFO | equity_bot | SESSION | Performing lightweight session validation
2025-11-27 12:20:04 | INFO | equity_bot | RATE_LIMIT_WAIT_START | Waiting for rate limit clearance | endpoint=rmsLimit | timeout_seconds=2.0
2025-11-27 12:20:04 | INFO | equity_bot | API_CALL_DEBUG | About to call rmsLimit with args=(), kwargs={}
2025-11-27 12:20:04 | INFO | equity_bot | API_CALL_DEBUG | rmsLimit returned: {'status': True, 'message': 'SUCCESS', 'errorcode': '', 'data': {'net': '17067.5600', 'availablecash': '17067.5600', 'availableintradaypayin': '0.0000', 'availablelimitmargin': '0.0000', 'collateral': '0.0000', 'm2munrealized': '0.0000', 'm2mrealized': '0.0000', 'utiliseddebits': '0.0000', 'utilisedspan': None, 'utilisedoptionpremium': None, 'utilisedholdingsales': None, 'utilisedexposure': None, 'utilisedturnover': None, 'utilisedpayout': '17067.5600'}}
2025-11-27 12:20:04 | INFO | equity_bot | SESSION | Session valid
2025-11-27 12:25:01 | INFO | equity_bot | SESSION | Using cached session status (checked 296s ago)
2025-11-27 12:25:13 | INFO | equity_bot | SESSION_REFRESH | Proactive refresh triggered (session age: 15.0m)
2025-11-27 12:25:13 | INFO | equity_bot | SESSION | Attempting session refresh with refresh token
2025-11-27 12:25:13 | INFO | equity_bot | SESSION | Session saved to file
2025-11-27 12:25:13 | INFO | equity_bot | SESSION | Session refreshed successfully
2025-11-27 12:25:13 | INFO | equity_bot | SESSION_REFRESH | ✅ Proactive session refresh successful
2025-11-27 12:30:01 | INFO | equity_bot | SESSION | Using cached session status (checked 288s ago)
2025-11-27 12:35:02 | INFO | equity_bot | SESSION | Performing lightweight session validation
2025-11-27 12:35:02 | INFO | equity_bot | RATE_LIMIT_WAIT_START | Waiting for rate limit clearance | endpoint=rmsLimit | timeout_seconds=2.0
2025-11-27 12:35:02 | INFO | equity_bot | API_CALL_DEBUG | About to call rmsLimit with args=(), kwargs={}
2025-11-27 12:35:02 | INFO | equity_bot | API_CALL_DEBUG | rmsLimit returned: {'status': True, 'message': 'SUCCESS', 'errorcode': '', 'data': {'net': '17067.5600', 'availablecash': '17067.5600', 'availableintradaypayin': '0.0000', 'availablelimitmargin': '0.0000', 'collateral': '0.0000', 'm2munrealized': '0.0000', 'm2mrealized': '0.0000', 'utiliseddebits': '0.0000', 'utilisedspan': None, 'utilisedoptionpremium': None, 'utilisedholdingsales': None, 'utilisedexposure': None, 'utilisedturnover': None, 'utilisedpayout': '17067.5600'}}
2025-11-27 12:35:02 | INFO | equity_bot | SESSION | Session valid
2025-11-27 12:40:03 | INFO | equity_bot | SESSION | Performing lightweight session validation
2025-11-27 12:40:03 | INFO | equity_bot | RATE_LIMIT_WAIT_START | Waiting for rate limit clearance | endpoint=rmsLimit | timeout_seconds=2.0
2025-11-27 12:40:03 | INFO | equity_bot | API_CALL_DEBUG | About to call rmsLimit with args=(), kwargs={}
2025-11-27 12:40:03 | INFO | equity_bot | API_CALL_DEBUG | rmsLimit returned: {'status': True, 'message': 'SUCCESS', 'errorcode': '', 'data': {'net': '17067.5600', 'availablecash': '17067.5600', 'availableintradaypayin': '0.0000', 'availablelimitmargin': '0.0000', 'collateral': '0.0000', 'm2munrealized': '0.0000', 'm2mrealized': '0.0000', 'utiliseddebits': '0.0000', 'utilisedspan': None, 'utilisedoptionpremium': None, 'utilisedholdingsales': None, 'utilisedexposure': None, 'utilisedturnover': None, 'utilisedpayout': '17067.5600'}}
2025-11-27 12:40:03 | INFO | equity_bot | SESSION | Session valid
2025-11-27 12:40:13 | INFO | equity_bot | SESSION_REFRESH | Proactive refresh triggered (session age: 15.0m)
2025-11-27 12:40:13 | INFO | equity_bot | SESSION | Attempting session refresh with refresh token
2025-11-27 12:40:14 | INFO | equity_bot | SESSION | Session saved to file
2025-11-27 12:40:14 | INFO | equity_bot | SESSION | Session refreshed successfully
2025-11-27 12:40:14 | INFO | equity_bot | SESSION_REFRESH | ✅ Proactive session refresh successful
2025-11-27 12:45:03 | INFO | equity_bot | SESSION | Using cached session status (checked 290s ago)
2025-11-27 12:50:04 | INFO | equity_bot | SESSION | Performing lightweight session validation
2025-11-27 12:50:04 | INFO | equity_bot | RATE_LIMIT_WAIT_START | Waiting for rate limit clearance | endpoint=rmsLimit | timeout_seconds=2.0
2025-11-27 12:50:04 | INFO | equity_bot | API_CALL_DEBUG | About to call rmsLimit with args=(), kwargs={}
2025-11-27 12:50:05 | INFO | equity_bot | API_CALL_DEBUG | rmsLimit returned: {'status': True, 'message': 'SUCCESS', 'errorcode': '', 'data': {'net': '17067.5600', 'availablecash': '17067.5600', 'availableintradaypayin': '0.0000', 'availablelimitmargin': '0.0000', 'collateral': '0.0000', 'm2munrealized': '0.0000', 'm2mrealized': '0.0000', 'utiliseddebits': '0.0000', 'utilisedspan': None, 'utilisedoptionpremium': None, 'utilisedholdingsales': None, 'utilisedexposure': None, 'utilisedturnover': None, 'utilisedpayout': '17067.5600'}}
2025-11-27 12:50:05 | INFO | equity_bot | SESSION | Session valid
2025-11-27 12:55:04 | INFO | equity_bot | SESSION | Using cached session status (checked 299s ago)
2025-11-27 12:55:14 | INFO | equity_bot | SESSION_REFRESH | Proactive refresh triggered (session age: 15.0m)
2025-11-27 12:55:14 | INFO | equity_bot | SESSION | Attempting session refresh with refresh token
2025-11-27 12:55:14 | INFO | equity_bot | SESSION | Session saved to file
2025-11-27 12:55:14 | INFO | equity_bot | SESSION | Session refreshed successfully
2025-11-27 12:55:14 | INFO | equity_bot | SESSION_REFRESH | ✅ Proactive session refresh successful
2025-11-27 13:00:02 | INFO | equity_bot | SESSION | Using cached session status (checked 289s ago)
2025-11-27 13:05:01 | INFO | equity_bot | SESSION | Performing lightweight session validation
2025-11-27 13:05:01 | INFO | equity_bot | RATE_LIMIT_WAIT_START | Waiting for rate limit clearance | endpoint=rmsLimit | timeout_seconds=2.0
2025-11-27 13:05:01 | INFO | equity_bot | API_CALL_DEBUG | About to call rmsLimit with args=(), kwargs={}
2025-11-27 13:05:01 | INFO | equity_bot | API_CALL_DEBUG | rmsLimit returned: {'status': True, 'message': 'SUCCESS', 'errorcode': '', 'data': {'net': '17067.5600', 'availablecash': '17067.5600', 'availableintradaypayin': '0.0000', 'availablelimitmargin': '0.0000', 'collateral': '0.0000', 'm2munrealized': '0.0000', 'm2mrealized': '0.0000', 'utiliseddebits': '0.0000', 'utilisedspan': None, 'utilisedoptionpremium': None, 'utilisedholdingsales': None, 'utilisedexposure': None, 'utilisedturnover': None, 'utilisedpayout': '17067.5600'}}
2025-11-27 13:05:01 | INFO | equity_bot | SESSION | Session valid
2025-11-27 13:10:02 | INFO | equity_bot | SESSION | Performing lightweight session validation
2025-11-27 13:10:02 | INFO | equity_bot | RATE_LIMIT_WAIT_START | Waiting for rate limit clearance | endpoint=rmsLimit | timeout_seconds=2.0
2025-11-27 13:10:02 | INFO | equity_bot | API_CALL_DEBUG | About to call rmsLimit with args=(), kwargs={}
2025-11-27 13:10:03 | INFO | equity_bot | API_CALL_DEBUG | rmsLimit returned: {'status': True, 'message': 'SUCCESS', 'errorcode': '', 'data': {'net': '17067.5600', 'availablecash': '17067.5600', 'availableintradaypayin': '0.0000', 'availablelimitmargin': '0.0000', 'collateral': '0.0000', 'm2munrealized': '0.0000', 'm2mrealized': '0.0000', 'utiliseddebits': '0.0000', 'utilisedspan': None, 'utilisedoptionpremium': None, 'utilisedholdingsales': None, 'utilisedexposure': None, 'utilisedturnover': None, 'utilisedpayout': '17067.5600'}}
2025-11-27 13:10:03 | INFO | equity_bot | SESSION | Session valid
2025-11-27 13:10:14 | INFO | equity_bot | SESSION_REFRESH | Proactive refresh triggered (session age: 15.0m)
2025-11-27 13:10:14 | INFO | equity_bot | SESSION | Attempting session refresh with refresh token
2025-11-27 13:10:14 | INFO | equity_bot | SESSION | Session saved to file
2025-11-27 13:10:14 | INFO | equity_bot | SESSION | Session refreshed successfully
2025-11-27 13:10:14 | INFO | equity_bot | SESSION_REFRESH | ✅ Proactive session refresh successful
2025-11-27 13:15:01 | INFO | equity_bot | SESSION | Using cached session status (checked 287s ago)
2025-11-27 13:20:04 | INFO | equity_bot | SESSION | Performing lightweight session validation
2025-11-27 13:20:04 | INFO | equity_bot | RATE_LIMIT_WAIT_START | Waiting for rate limit clearance | endpoint=rmsLimit | timeout_seconds=2.0
2025-11-27 13:20:04 | INFO | equity_bot | API_CALL_DEBUG | About to call rmsLimit with args=(), kwargs={}
2025-11-27 13:20:05 | INFO | equity_bot | API_CALL_DEBUG | rmsLimit returned: {'status': True, 'message': 'SUCCESS', 'errorcode': '', 'data': {'net': '17067.5600', 'availablecash': '17067.5600', 'availableintradaypayin': '0.0000', 'availablelimitmargin': '0.0000', 'collateral': '0.0000', 'm2munrealized': '0.0000', 'm2mrealized': '0.0000', 'utiliseddebits': '0.0000', 'utilisedspan': None, 'utilisedoptionpremium': None, 'utilisedholdingsales': None, 'utilisedexposure': None, 'utilisedturnover': None, 'utilisedpayout': '17067.5600'}}
2025-11-27 13:20:05 | INFO | equity_bot | SESSION | Session valid
2025-11-27 13:25:01 | INFO | equity_bot | SESSION | Using cached session status (checked 297s ago)
2025-11-27 13:25:14 | INFO | equity_bot | SESSION_REFRESH | Proactive refresh triggered (session age: 15.0m)
2025-11-27 13:25:14 | INFO | equity_bot | SESSION | Attempting session refresh with refresh token
2025-11-27 13:25:14 | INFO | equity_bot | SESSION | Session saved to file
2025-11-27 13:25:14 | INFO | equity_bot | SESSION | Session refreshed successfully
2025-11-27 13:25:14 | INFO | equity_bot | SESSION_REFRESH | ✅ Proactive session refresh successful
2025-11-27 13:30:02 | INFO | equity_bot | SESSION | Using cached session status (checked 288s ago)
2025-11-27 13:35:01 | INFO | equity_bot | SESSION | Performing lightweight session validation
2025-11-27 13:35:01 | INFO | equity_bot | RATE_LIMIT_WAIT_START | Waiting for rate limit clearance | endpoint=rmsLimit | timeout_seconds=2.0
2025-11-27 13:35:01 | INFO | equity_bot | API_CALL_DEBUG | About to call rmsLimit with args=(), kwargs={}
2025-11-27 13:35:01 | INFO | equity_bot | API_CALL_DEBUG | rmsLimit returned: {'status': True, 'message': 'SUCCESS', 'errorcode': '', 'data': {'net': '17067.5600', 'availablecash': '17067.5600', 'availableintradaypayin': '0.0000', 'availablelimitmargin': '0.0000', 'collateral': '0.0000', 'm2munrealized': '0.0000', 'm2mrealized': '0.0000', 'utiliseddebits': '0.0000', 'utilisedspan': None, 'utilisedoptionpremium': None, 'utilisedholdingsales': None, 'utilisedexposure': None, 'utilisedturnover': None, 'utilisedpayout': '17067.5600'}}
2025-11-27 13:35:01 | INFO | equity_bot | SESSION | Session valid
2025-11-27 13:40:02 | INFO | equity_bot | SESSION | Performing lightweight session validation
2025-11-27 13:40:02 | INFO | equity_bot | RATE_LIMIT_WAIT_START | Waiting for rate limit clearance | endpoint=rmsLimit | timeout_seconds=2.0
2025-11-27 13:40:02 | INFO | equity_bot | API_CALL_DEBUG | About to call rmsLimit with args=(), kwargs={}
2025-11-27 13:40:02 | INFO | equity_bot | API_CALL_DEBUG | rmsLimit returned: {'status': True, 'message': 'SUCCESS', 'errorcode': '', 'data': {'net': '17067.5600', 'availablecash': '17067.5600', 'availableintradaypayin': '0.0000', 'availablelimitmargin': '0.0000', 'collateral': '0.0000', 'm2munrealized': '0.0000', 'm2mrealized': '0.0000', 'utiliseddebits': '0.0000', 'utilisedspan': None, 'utilisedoptionpremium': None, 'utilisedholdingsales': None, 'utilisedexposure': None, 'utilisedturnover': None, 'utilisedpayout': '17067.5600'}}
2025-11-27 13:40:02 | INFO | equity_bot | SESSION | Session valid
2025-11-27 13:40:14 | INFO | equity_bot | SESSION_REFRESH | Proactive refresh triggered (session age: 15.0m)
2025-11-27 13:40:14 | INFO | equity_bot | SESSION | Attempting session refresh with refresh token
2025-11-27 13:40:15 | INFO | equity_bot | SESSION | Session saved to file
2025-11-27 13:40:15 | INFO | equity_bot | SESSION | Session refreshed successfully
2025-11-27 13:40:15 | INFO | equity_bot | SESSION_REFRESH | ✅ Proactive session refresh successful
2025-11-27 13:45:04 | INFO | equity_bot | SESSION | Using cached session status (checked 290s ago)
2025-11-27 13:50:01 | INFO | equity_bot | SESSION | Performing lightweight session validation
2025-11-27 13:50:01 | INFO | equity_bot | RATE_LIMIT_WAIT_START | Waiting for rate limit clearance | endpoint=rmsLimit | timeout_seconds=2.0
2025-11-27 13:50:01 | INFO | equity_bot | API_CALL_DEBUG | About to call rmsLimit with args=(), kwargs={}
2025-11-27 13:50:01 | INFO | equity_bot | API_CALL_DEBUG | rmsLimit returned: {'status': True, 'message': 'SUCCESS', 'errorcode': '', 'data': {'net': '17067.5600', 'availablecash': '17067.5600', 'availableintradaypayin': '0.0000', 'availablelimitmargin': '0.0000', 'collateral': '0.0000', 'm2munrealized': '0.0000', 'm2mrealized': '0.0000', 'utiliseddebits': '0.0000', 'utilisedspan': None, 'utilisedoptionpremium': None, 'utilisedholdingsales': None, 'utilisedexposure': None, 'utilisedturnover': None, 'utilisedpayout': '17067.5600'}}
2025-11-27 13:50:01 | INFO | equity_bot | SESSION | Session valid
2025-11-27 13:55:02 | INFO | equity_bot | SESSION | Performing lightweight session validation
2025-11-27 13:55:02 | INFO | equity_bot | RATE_LIMIT_WAIT_START | Waiting for rate limit clearance | endpoint=rmsLimit | timeout_seconds=2.0
2025-11-27 13:55:02 | INFO | equity_bot | API_CALL_DEBUG | About to call rmsLimit with args=(), kwargs={}
2025-11-27 13:55:02 | INFO | equity_bot | API_CALL_DEBUG | rmsLimit returned: {'status': True, 'message': 'SUCCESS', 'errorcode': '', 'data': {'net': '17067.5600', 'availablecash': '17067.5600', 'availableintradaypayin': '0.0000', 'availablelimitmargin': '0.0000', 'collateral': '0.0000', 'm2munrealized': '0.0000', 'm2mrealized': '0.0000', 'utiliseddebits': '0.0000', 'utilisedspan': None, 'utilisedoptionpremium': None, 'utilisedholdingsales': None, 'utilisedexposure': None, 'utilisedturnover': None, 'utilisedpayout': '17067.5600'}}
2025-11-27 13:55:02 | INFO | equity_bot | SESSION | Session valid
2025-11-27 13:55:15 | INFO | equity_bot | SESSION_REFRESH | Proactive refresh triggered (session age: 15.0m)
2025-11-27 13:55:15 | INFO | equity_bot | SESSION | Attempting session refresh with refresh token
2025-11-27 13:55:15 | INFO | equity_bot | SESSION | Session saved to file
2025-11-27 13:55:15 | INFO | equity_bot | SESSION | Session refreshed successfully
2025-11-27 13:55:15 | INFO | equity_bot | SESSION_REFRESH | ✅ Proactive session refresh successful
2025-11-27 14:00:05 | INFO | equity_bot | SESSION | Using cached session status (checked 290s ago)
2025-11-27 14:05:03 | INFO | equity_bot | SESSION | Performing lightweight session validation
2025-11-27 14:05:03 | INFO | equity_bot | RATE_LIMIT_WAIT_START | Waiting for rate limit clearance | endpoint=rmsLimit | timeout_seconds=2.0
2025-11-27 14:05:03 | INFO | equity_bot | API_CALL_DEBUG | About to call rmsLimit with args=(), kwargs={}
2025-11-27 14:05:03 | INFO | equity_bot | API_CALL_DEBUG | rmsLimit returned: {'status': True, 'message': 'SUCCESS', 'errorcode': '', 'data': {'net': '17067.5600', 'availablecash': '17067.5600', 'availableintradaypayin': '0.0000', 'availablelimitmargin': '0.0000', 'collateral': '0.0000', 'm2munrealized': '0.0000', 'm2mrealized': '0.0000', 'utiliseddebits': '0.0000', 'utilisedspan': None, 'utilisedoptionpremium': None, 'utilisedholdingsales': None, 'utilisedexposure': None, 'utilisedturnover': None, 'utilisedpayout': '17067.5600'}}
2025-11-27 14:05:03 | INFO | equity_bot | SESSION | Session valid
2025-11-27 14:10:04 | INFO | equity_bot | SESSION | Performing lightweight session validation
2025-11-27 14:10:04 | INFO | equity_bot | RATE_LIMIT_WAIT_START | Waiting for rate limit clearance | endpoint=rmsLimit | timeout_seconds=2.0
2025-11-27 14:10:04 | INFO | equity_bot | API_CALL_DEBUG | About to call rmsLimit with args=(), kwargs={}
2025-11-27 14:10:05 | INFO | equity_bot | API_CALL_DEBUG | rmsLimit returned: {'status': True, 'message': 'SUCCESS', 'errorcode': '', 'data': {'net': '17067.5600', 'availablecash': '17067.5600', 'availableintradaypayin': '0.0000', 'availablelimitmargin': '0.0000', 'collateral': '0.0000', 'm2munrealized': '0.0000', 'm2mrealized': '0.0000', 'utiliseddebits': '0.0000', 'utilisedspan': None, 'utilisedoptionpremium': None, 'utilisedholdingsales': None, 'utilisedexposure': None, 'utilisedturnover': None, 'utilisedpayout': '17067.5600'}}
2025-11-27 14:10:05 | INFO | equity_bot | SESSION | Session valid
2025-11-27 14:10:15 | INFO | equity_bot | SESSION_REFRESH | Proactive refresh triggered (session age: 15.0m)
2025-11-27 14:10:15 | INFO | equity_bot | SESSION | Attempting session refresh with refresh token
2025-11-27 14:10:15 | INFO | equity_bot | SESSION | Session saved to file
2025-11-27 14:10:15 | INFO | equity_bot | SESSION | Session refreshed successfully
2025-11-27 14:10:15 | INFO | equity_bot | SESSION_REFRESH | ✅ Proactive session refresh successful
2025-11-27 14:15:03 | INFO | equity_bot | SESSION | Using cached session status (checked 288s ago)
2025-11-27 14:20:01 | INFO | equity_bot | SESSION | Performing lightweight session validation
2025-11-27 14:20:01 | INFO | equity_bot | RATE_LIMIT_WAIT_START | Waiting for rate limit clearance | endpoint=rmsLimit | timeout_seconds=2.0
2025-11-27 14:20:01 | INFO | equity_bot | API_CALL_DEBUG | About to call rmsLimit with args=(), kwargs={}
2025-11-27 14:20:01 | INFO | equity_bot | API_CALL_DEBUG | rmsLimit returned: {'status': True, 'message': 'SUCCESS', 'errorcode': '', 'data': {'net': '17067.5600', 'availablecash': '17067.5600', 'availableintradaypayin': '0.0000', 'availablelimitmargin': '0.0000', 'collateral': '0.0000', 'm2munrealized': '0.0000', 'm2mrealized': '0.0000', 'utiliseddebits': '0.0000', 'utilisedspan': None, 'utilisedoptionpremium': None, 'utilisedholdingsales': None, 'utilisedexposure': None, 'utilisedturnover': None, 'utilisedpayout': '17067.5600'}}
2025-11-27 14:20:01 | INFO | equity_bot | SESSION | Session valid
2025-11-27 14:25:03 | INFO | equity_bot | SESSION | Performing lightweight session validation
2025-11-27 14:25:03 | INFO | equity_bot | RATE_LIMIT_WAIT_START | Waiting for rate limit clearance | endpoint=rmsLimit | timeout_seconds=2.0
2025-11-27 14:25:03 | INFO | equity_bot | API_CALL_DEBUG | About to call rmsLimit with args=(), kwargs={}
2025-11-27 14:25:03 | INFO | equity_bot | API_CALL_DEBUG | rmsLimit returned: {'status': True, 'message': 'SUCCESS', 'errorcode': '', 'data': {'net': '17067.5600', 'availablecash': '17067.5600', 'availableintradaypayin': '0.0000', 'availablelimitmargin': '0.0000', 'collateral': '0.0000', 'm2munrealized': '0.0000', 'm2mrealized': '0.0000', 'utiliseddebits': '0.0000', 'utilisedspan': None, 'utilisedoptionpremium': None, 'utilisedholdingsales': None, 'utilisedexposure': None, 'utilisedturnover': None, 'utilisedpayout': '17067.5600'}}
2025-11-27 14:25:03 | INFO | equity_bot | SESSION | Session valid
2025-11-27 14:25:15 | INFO | equity_bot | SESSION_REFRESH | Proactive refresh triggered (session age: 15.0m)
2025-11-27 14:25:15 | INFO | equity_bot | SESSION | Attempting session refresh with refresh token
2025-11-27 14:25:15 | INFO | equity_bot | SESSION | Session saved to file
2025-11-27 14:25:15 | INFO | equity_bot | SESSION | Session refreshed successfully
2025-11-27 14:25:15 | INFO | equity_bot | SESSION_REFRESH | ✅ Proactive session refresh successful
2025-11-27 14:30:04 | INFO | equity_bot | SESSION | Using cached session status (checked 289s ago)
2025-11-27 14:35:02 | INFO | equity_bot | SESSION | Performing lightweight session validation
2025-11-27 14:35:02 | INFO | equity_bot | RATE_LIMIT_WAIT_START | Waiting for rate limit clearance | endpoint=rmsLimit | timeout_seconds=2.0
2025-11-27 14:35:02 | INFO | equity_bot | API_CALL_DEBUG | About to call rmsLimit with args=(), kwargs={}
2025-11-27 14:35:03 | INFO | equity_bot | API_CALL_DEBUG | rmsLimit returned: {'status': True, 'message': 'SUCCESS', 'errorcode': '', 'data': {'net': '17067.5600', 'availablecash': '17067.5600', 'availableintradaypayin': '0.0000', 'availablelimitmargin': '0.0000', 'collateral': '0.0000', 'm2munrealized': '0.0000', 'm2mrealized': '0.0000', 'utiliseddebits': '0.0000', 'utilisedspan': None, 'utilisedoptionpremium': None, 'utilisedholdingsales': None, 'utilisedexposure': None, 'utilisedturnover': None, 'utilisedpayout': '17067.5600'}}
2025-11-27 14:35:03 | INFO | equity_bot | SESSION | Session valid
2025-11-27 14:40:05 | INFO | equity_bot | SESSION | Performing lightweight session validation
2025-11-27 14:40:05 | INFO | equity_bot | RATE_LIMIT_WAIT_START | Waiting for rate limit clearance | endpoint=rmsLimit | timeout_seconds=2.0
2025-11-27 14:40:05 | INFO | equity_bot | API_CALL_DEBUG | About to call rmsLimit with args=(), kwargs={}
2025-11-27 14:40:05 | INFO | equity_bot | API_CALL_DEBUG | rmsLimit returned: {'status': True, 'message': 'SUCCESS', 'errorcode': '', 'data': {'net': '17067.5600', 'availablecash': '17067.5600', 'availableintradaypayin': '0.0000', 'availablelimitmargin': '0.0000', 'collateral': '0.0000', 'm2munrealized': '0.0000', 'm2mrealized': '0.0000', 'utiliseddebits': '0.0000', 'utilisedspan': None, 'utilisedoptionpremium': None, 'utilisedholdingsales': None, 'utilisedexposure': None, 'utilisedturnover': None, 'utilisedpayout': '17067.5600'}}
2025-11-27 14:40:05 | INFO | equity_bot | SESSION | Session valid
2025-11-27 14:40:15 | INFO | equity_bot | SESSION_REFRESH | Proactive refresh triggered (session age: 15.0m)
2025-11-27 14:40:15 | INFO | equity_bot | SESSION | Attempting session refresh with refresh token
2025-11-27 14:40:16 | INFO | equity_bot | SESSION | Session saved to file
2025-11-27 14:40:16 | INFO | equity_bot | SESSION | Session refreshed successfully
2025-11-27 14:40:16 | INFO | equity_bot | SESSION_REFRESH | ✅ Proactive session refresh successful
2025-11-27 14:45:04 | INFO | equity_bot | SESSION | Using cached session status (checked 288s ago)
2025-11-27 14:50:01 | INFO | equity_bot | SESSION | Performing lightweight session validation
2025-11-27 14:50:01 | INFO | equity_bot | RATE_LIMIT_WAIT_START | Waiting for rate limit clearance | endpoint=rmsLimit | timeout_seconds=2.0
2025-11-27 14:50:01 | INFO | equity_bot | API_CALL_DEBUG | About to call rmsLimit with args=(), kwargs={}
2025-11-27 14:50:02 | INFO | equity_bot | API_CALL_DEBUG | rmsLimit returned: {'status': True, 'message': 'SUCCESS', 'errorcode': '', 'data': {'net': '17067.5600', 'availablecash': '17067.5600', 'availableintradaypayin': '0.0000', 'availablelimitmargin': '0.0000', 'collateral': '0.0000', 'm2munrealized': '0.0000', 'm2mrealized': '0.0000', 'utiliseddebits': '0.0000', 'utilisedspan': None, 'utilisedoptionpremium': None, 'utilisedholdingsales': None, 'utilisedexposure': None, 'utilisedturnover': None, 'utilisedpayout': '17067.5600'}}
2025-11-27 14:50:02 | INFO | equity_bot | SESSION | Session valid
2025-11-27 14:55:03 | INFO | equity_bot | SESSION | Performing lightweight session validation
2025-11-27 14:55:03 | INFO | equity_bot | RATE_LIMIT_WAIT_START | Waiting for rate limit clearance | endpoint=rmsLimit | timeout_seconds=2.0
2025-11-27 14:55:03 | INFO | equity_bot | API_CALL_DEBUG | About to call rmsLimit with args=(), kwargs={}
2025-11-27 14:55:03 | INFO | equity_bot | API_CALL_DEBUG | rmsLimit returned: {'status': True, 'message': 'SUCCESS', 'errorcode': '', 'data': {'net': '17067.5600', 'availablecash': '17067.5600', 'availableintradaypayin': '0.0000', 'availablelimitmargin': '0.0000', 'collateral': '0.0000', 'm2munrealized': '0.0000', 'm2mrealized': '0.0000', 'utiliseddebits': '0.0000', 'utilisedspan': None, 'utilisedoptionpremium': None, 'utilisedholdingsales': None, 'utilisedexposure': None, 'utilisedturnover': None, 'utilisedpayout': '17067.5600'}}
2025-11-27 14:55:03 | INFO | equity_bot | SESSION | Session valid
2025-11-27 14:55:16 | INFO | equity_bot | SESSION_REFRESH | Proactive refresh triggered (session age: 15.0m)
2025-11-27 14:55:16 | INFO | equity_bot | SESSION | Attempting session refresh with refresh token
2025-11-27 14:55:16 | INFO | equity_bot | SESSION | Session saved to file
2025-11-27 14:55:16 | INFO | equity_bot | SESSION | Session refreshed successfully
2025-11-27 14:55:16 | INFO | equity_bot | SESSION_REFRESH | ✅ Proactive session refresh successful
2025-11-27 15:00:03 | INFO | equity_bot | SESSION | Using cached session status (checked 287s ago)
2025-11-27 15:05:04 | INFO | equity_bot | SESSION | Performing lightweight session validation
2025-11-27 15:05:04 | INFO | equity_bot | RATE_LIMIT_WAIT_START | Waiting for rate limit clearance | endpoint=rmsLimit | timeout_seconds=2.0
2025-11-27 15:05:04 | INFO | equity_bot | API_CALL_DEBUG | About to call rmsLimit with args=(), kwargs={}
2025-11-27 15:05:04 | INFO | equity_bot | API_CALL_DEBUG | rmsLimit returned: {'status': True, 'message': 'SUCCESS', 'errorcode': '', 'data': {'net': '17067.5600', 'availablecash': '17067.5600', 'availableintradaypayin': '0.0000', 'availablelimitmargin': '0.0000', 'collateral': '0.0000', 'm2munrealized': '0.0000', 'm2mrealized': '0.0000', 'utiliseddebits': '0.0000', 'utilisedspan': None, 'utilisedoptionpremium': None, 'utilisedholdingsales': None, 'utilisedexposure': None, 'utilisedturnover': None, 'utilisedpayout': '17067.5600'}}
2025-11-27 15:05:04 | INFO | equity_bot | SESSION | Session valid
2025-11-27 15:10:01 | INFO | equity_bot | SESSION | Using cached session status (checked 297s ago)
2025-11-27 15:10:16 | INFO | equity_bot | SESSION_REFRESH | Proactive refresh triggered (session age: 15.0m)
2025-11-27 15:10:16 | INFO | equity_bot | SESSION | Attempting session refresh with refresh token
2025-11-27 15:10:16 | INFO | equity_bot | SESSION | Session saved to file
2025-11-27 15:10:16 | INFO | equity_bot | SESSION | Session refreshed successfully
2025-11-27 15:10:16 | INFO | equity_bot | SESSION_REFRESH | ✅ Proactive session refresh successful
2025-11-27 15:12:10 | INFO | equity_bot | EOD_SQUAREOFF | Triggering position square-off at 2025-11-27T15:12:10.425039
2025-11-27 15:12:10 | INFO | equity_bot | SQUARE_OFF | Attempting to square off all positions at 3:12 PM
2025-11-27 15:12:10 | INFO | equity_bot | SQUARE_OFF_START | Starting square-off of 0 positions | reason=EOD_SQUAREOFF
2025-11-27 15:12:10 | INFO | equity_bot | SQUARE_OFF_COMPLETE | No positions to square off
2025-11-27 15:12:10 | INFO | equity_bot | EOD_SQUAREOFF_SUCCESS | Position square-off completed successfully | squareoff_count=1 | timestamp=2025-11-27T15:12:10.431421 | details={"message": "No open positions to close", "positions_closed": 0, "reason": "EOD_SQUAREOFF", "status": "success", "timestamp": "2025-11-27T15:12:10.430066", "total_pnl": 0}
2025-11-27 15:15:01 | INFO | equity_bot | SESSION | Using cached session status (checked 285s ago)
2025-11-27 15:15:10 | INFO | equity_bot | EOD_SCHEDULER | Triggering EOD learning update at 2025-11-27T15:15:10.432397
2025-11-27 15:15:10 | INFO | equity_bot | EOD_LEARNING_UPDATE | Triggering end-of-day learning update
2025-11-27 15:15:10 | INFO | equity_bot | EOD_ANALYSIS_COMPLETE | Learning update completed | summary={"real_trades_executed": 0, "paper_trades_executed": 0, "total_trades": 0, "csv_trades_ingested": 0, "missed_alerts_paper_traded": 0, "paper_pnl_total": 0.0}
2025-11-27 15:15:10 | INFO | equity_bot | EOD_UPDATE_SUCCESS | EOD learning update completed successfully | update_count=1 | timestamp=2025-11-27T15:15:10.443437
2025-11-27 15:20:05 | INFO | equity_bot | SESSION | Performing lightweight session validation
2025-11-27 15:20:05 | INFO | equity_bot | RATE_LIMIT_WAIT_START | Waiting for rate limit clearance | endpoint=rmsLimit | timeout_seconds=2.0
2025-11-27 15:20:05 | INFO | equity_bot | API_CALL_DEBUG | About to call rmsLimit with args=(), kwargs={}
2025-11-27 15:20:05 | INFO | equity_bot | API_CALL_DEBUG | rmsLimit returned: {'status': True, 'message': 'SUCCESS', 'errorcode': '', 'data': {'net': '17067.5600', 'availablecash': '17067.5600', 'availableintradaypayin': '0.0000', 'availablelimitmargin': '0.0000', 'collateral': '0.0000', 'm2munrealized': '0.0000', 'm2mrealized': '0.0000', 'utiliseddebits': '0.0000', 'utilisedspan': None, 'utilisedoptionpremium': None, 'utilisedholdingsales': None, 'utilisedexposure': None, 'utilisedturnover': None, 'utilisedpayout': '17067.5600'}}
2025-11-27 15:20:05 | INFO | equity_bot | SESSION | Session valid
2025-11-27 15:25:04 | INFO | equity_bot | SESSION | Using cached session status (checked 299s ago)
2025-11-27 15:25:16 | INFO | equity_bot | SESSION_REFRESH | Proactive refresh triggered (session age: 15.0m)
2025-11-27 15:25:16 | INFO | equity_bot | SESSION | Attempting session refresh with refresh token
2025-11-27 15:25:16 | INFO | equity_bot | SESSION | Session saved to file
2025-11-27 15:25:16 | INFO | equity_bot | SESSION | Session refreshed successfully
2025-11-27 15:25:16 | INFO | equity_bot | SESSION_REFRESH | ✅ Proactive session refresh successful
2025-11-27 15:30:02 | INFO | equity_bot | SESSION | Using cached session status (checked 286s ago)
2025-11-27 15:35:05 | INFO | equity_bot | SESSION | Performing lightweight session validation
2025-11-27 15:35:05 | INFO | equity_bot | RATE_LIMIT_WAIT_START | Waiting for rate limit clearance | endpoint=rmsLimit | timeout_seconds=2.0
2025-11-27 15:35:05 | INFO | equity_bot | API_CALL_DEBUG | About to call rmsLimit with args=(), kwargs={}
2025-11-27 15:35:05 | INFO | equity_bot | API_CALL_DEBUG | rmsLimit returned: {'status': True, 'message': 'SUCCESS', 'errorcode': '', 'data': {'net': '17067.5600', 'availablecash': '17067.5600', 'availableintradaypayin': '0.0000', 'availablelimitmargin': '0.0000', 'collateral': '0.0000', 'm2munrealized': '0.0000', 'm2mrealized': '0.0000', 'utiliseddebits': '0.0000', 'utilisedspan': None, 'utilisedoptionpremium': None, 'utilisedholdingsales': None, 'utilisedexposure': None, 'utilisedturnover': None, 'utilisedpayout': '17067.5600'}}
2025-11-27 15:35:05 | INFO | equity_bot | SESSION | Session valid
2025-11-27 15:40:03 | INFO | equity_bot | SESSION | Using cached session status (checked 298s ago)
2025-11-27 15:40:16 | INFO | equity_bot | SESSION_REFRESH | Proactive refresh triggered (session age: 15.0m)
2025-11-27 15:40:16 | INFO | equity_bot | SESSION | Attempting session refresh with refresh token
2025-11-27 15:40:17 | INFO | equity_bot | SESSION | Session saved to file
2025-11-27 15:40:17 | INFO | equity_bot | SESSION | Session refreshed successfully
2025-11-27 15:40:17 | INFO | equity_bot | SESSION_REFRESH | ✅ Proactive session refresh successful
2025-11-27 15:45:04 | INFO | equity_bot | SESSION | Using cached session status (checked 287s ago)
2025-11-27 15:50:02 | INFO | equity_bot | SESSION | Performing lightweight session validation
2025-11-27 15:50:02 | INFO | equity_bot | RATE_LIMIT_WAIT_START | Waiting for rate limit clearance | endpoint=rmsLimit | timeout_seconds=2.0
2025-11-27 15:50:02 | INFO | equity_bot | API_CALL_DEBUG | About to call rmsLimit with args=(), kwargs={}
2025-11-27 15:50:02 | INFO | equity_bot | API_CALL_DEBUG | rmsLimit returned: {'status': True, 'message': 'SUCCESS', 'errorcode': '', 'data': {'net': '17067.5600', 'availablecash': '17067.5600', 'availableintradaypayin': '0.0000', 'availablelimitmargin': '0.0000', 'collateral': '0.0000', 'm2munrealized': '0.0000', 'm2mrealized': '0.0000', 'utiliseddebits': '0.0000', 'utilisedspan': None, 'utilisedoptionpremium': None, 'utilisedholdingsales': None, 'utilisedexposure': None, 'utilisedturnover': None, 'utilisedpayout': '17067.5600'}}
2025-11-27 15:50:02 | INFO | equity_bot | SESSION | Session valid
2025-11-27 15:55:01 | INFO | equity_bot | SESSION | Using cached session status (checked 299s ago)
2025-11-27 15:55:17 | INFO | equity_bot | SESSION_REFRESH | Proactive refresh triggered (session age: 15.0m)
2025-11-27 15:55:17 | INFO | equity_bot | SESSION | Attempting session refresh with refresh token
2025-11-27 15:55:17 | INFO | equity_bot | SESSION | Session saved to file
2025-11-27 15:55:17 | INFO | equity_bot | SESSION | Session refreshed successfully
2025-11-27 15:55:17 | INFO | equity_bot | SESSION_REFRESH | ✅ Proactive session refresh successful
2025-11-27 16:00:05 | INFO | equity_bot | SESSION | Using cached session status (checked 289s ago)
2025-11-27 16:05:03 | INFO | equity_bot | SESSION | Performing lightweight session validation
2025-11-27 16:05:03 | INFO | equity_bot | RATE_LIMIT_WAIT_START | Waiting for rate limit clearance | endpoint=rmsLimit | timeout_seconds=2.0
2025-11-27 16:05:03 | INFO | equity_bot | API_CALL_DEBUG | About to call rmsLimit with args=(), kwargs={}
2025-11-27 16:05:03 | INFO | equity_bot | API_CALL_DEBUG | rmsLimit returned: {'status': True, 'message': 'SUCCESS', 'errorcode': '', 'data': {'net': '17067.5600', 'availablecash': '17067.5600', 'availableintradaypayin': '0.0000', 'availablelimitmargin': '0.0000', 'collateral': '0.0000', 'm2munrealized': '0.0000', 'm2mrealized': '0.0000', 'utiliseddebits': '0.0000', 'utilisedspan': None, 'utilisedoptionpremium': None, 'utilisedholdingsales': None, 'utilisedexposure': None, 'utilisedturnover': None, 'utilisedpayout': '17067.5600'}}
2025-11-27 16:05:03 | INFO | equity_bot | SESSION | Session valid
2025-11-27 16:10:04 | INFO | equity_bot | SESSION | Performing lightweight session validation
2025-11-27 16:10:04 | INFO | equity_bot | RATE_LIMIT_WAIT_START | Waiting for rate limit clearance | endpoint=rmsLimit | timeout_seconds=2.0
2025-11-27 16:10:04 | INFO | equity_bot | API_CALL_DEBUG | About to call rmsLimit with args=(), kwargs={}
2025-11-27 16:10:04 | INFO | equity_bot | API_CALL_DEBUG | rmsLimit returned: {'status': True, 'message': 'SUCCESS', 'errorcode': '', 'data': {'net': '17067.5600', 'availablecash': '17067.5600', 'availableintradaypayin': '0.0000', 'availablelimitmargin': '0.0000', 'collateral': '0.0000', 'm2munrealized': '0.0000', 'm2mrealized': '0.0000', 'utiliseddebits': '0.0000', 'utilisedspan': None, 'utilisedoptionpremium': None, 'utilisedholdingsales': None, 'utilisedexposure': None, 'utilisedturnover': None, 'utilisedpayout': '17067.5600'}}
2025-11-27 16:10:04 | INFO | equity_bot | SESSION | Session valid
2025-11-27 16:10:17 | INFO | equity_bot | SESSION_REFRESH | Proactive refresh triggered (session age: 15.0m)
2025-11-27 16:10:17 | INFO | equity_bot | SESSION | Attempting session refresh with refresh token
2025-11-27 16:10:17 | INFO | equity_bot | SESSION | Session saved to file
2025-11-27 16:10:17 | INFO | equity_bot | SESSION | Session refreshed successfully
2025-11-27 16:10:17 | INFO | equity_bot | SESSION_REFRESH | ✅ Proactive session refresh successful
2025-11-27 16:15:01 | INFO | equity_bot | SESSION | Using cached session status (checked 284s ago)
2025-11-27 16:20:01 | INFO | equity_bot | SESSION | Performing lightweight session validation
2025-11-27 16:20:01 | INFO | equity_bot | RATE_LIMIT_WAIT_START | Waiting for rate limit clearance | endpoint=rmsLimit | timeout_seconds=2.0
2025-11-27 16:20:01 | INFO | equity_bot | API_CALL_DEBUG | About to call rmsLimit with args=(), kwargs={}
2025-11-27 16:20:01 | INFO | equity_bot | API_CALL_DEBUG | rmsLimit returned: {'status': True, 'message': 'SUCCESS', 'errorcode': '', 'data': {'net': '17067.5600', 'availablecash': '17067.5600', 'availableintradaypayin': '0.0000', 'availablelimitmargin': '0.0000', 'collateral': '0.0000', 'm2munrealized': '0.0000', 'm2mrealized': '0.0000', 'utiliseddebits': '0.0000', 'utilisedspan': None, 'utilisedoptionpremium': None, 'utilisedholdingsales': None, 'utilisedexposure': None, 'utilisedturnover': None, 'utilisedpayout': '17067.5600'}}
2025-11-27 16:20:01 | INFO | equity_bot | SESSION | Session valid
2025-11-27 16:25:04 | INFO | equity_bot | SESSION | Performing lightweight session validation
2025-11-27 16:25:04 | INFO | equity_bot | RATE_LIMIT_WAIT_START | Waiting for rate limit clearance | endpoint=rmsLimit | timeout_seconds=2.0
2025-11-27 16:25:04 | INFO | equity_bot | API_CALL_DEBUG | About to call rmsLimit with args=(), kwargs={}
2025-11-27 16:25:04 | INFO | equity_bot | API_CALL_DEBUG | rmsLimit returned: {'status': True, 'message': 'SUCCESS', 'errorcode': '', 'data': {'net': '17067.5600', 'availablecash': '17067.5600', 'availableintradaypayin': '0.0000', 'availablelimitmargin': '0.0000', 'collateral': '0.0000', 'm2munrealized': '0.0000', 'm2mrealized': '0.0000', 'utiliseddebits': '0.0000', 'utilisedspan': None, 'utilisedoptionpremium': None, 'utilisedholdingsales': None, 'utilisedexposure': None, 'utilisedturnover': None, 'utilisedpayout': '17067.5600'}}
2025-11-27 16:25:04 | INFO | equity_bot | SESSION | Session valid
2025-11-27 16:25:17 | INFO | equity_bot | SESSION_REFRESH | Proactive refresh triggered (session age: 15.0m)
2025-11-27 16:25:17 | INFO | equity_bot | SESSION | Attempting session refresh with refresh token
2025-11-27 16:25:17 | INFO | equity_bot | SESSION | Session saved to file
2025-11-27 16:25:17 | INFO | equity_bot | SESSION | Session refreshed successfully
2025-11-27 16:25:17 | INFO | equity_bot | SESSION_REFRESH | ✅ Proactive session refresh successful
2025-11-27 16:30:10 | INFO | equity_bot | FEEDBACK_INIT | PerformanceFeedback initialized (window: 20)
2025-11-27 16:30:10 | INFO | equity_bot | REGIME_INIT | RegimeDetector initialized (SMA: 20/50, ATR: 14)
2025-11-27 16:30:10 | INFO | equity_bot | CORRELATION_INIT | CorrelationAnalyzer initialized (threshold: 0.7)
2025-11-27 16:30:10 | INFO | equity_bot | POSITIONER_INIT | AdvancedPositionSizer initialized | base_size=100 | risk_per_trade=1.0%
2025-11-27 16:30:10 | INFO | equity_bot | CORRELATION_INIT | CorrelationAnalyzer initialized (threshold: 0.7)
2025-11-27 16:30:10 | INFO | equity_bot | POSITIONER_INIT | AdvancedPositionSizer initialized | base_size=100 | risk_per_trade=1.0%
2025-11-27 16:30:10 | INFO | equity_bot | STARTUP | Starting Equity Trading Bot...
2025-11-27 16:30:10 | INFO | equity_bot | STARTUP | Validating configuration...
2025-11-27 16:30:10 | INFO | equity_bot | CONFIG | Configuration validation passed
2025-11-27 16:30:10 | INFO | equity_bot | CONFIG | Current configuration | trading_mode=LIVE | max_capital=20000.0 | cap_per_trade=2000.0 | max_slots=10 | default_sl_percentage=0.5 | trail_sl_enabled=True | monitor_interval=20 | webhook_port=80 | margin_percentage=0.2 | paper_trading=False
2025-11-27 16:30:10 | INFO | equity_bot | STARTUP | Hybrid learning engine initialized
2025-11-27 16:30:10 | INFO | equity_bot | STARTUP |   Storage: /root/santhosh/trading/equity/data/learning
2025-11-27 16:30:10 | INFO | equity_bot | STARTUP |   Status: ML system ready for real-time learning
2025-11-27 16:30:10 | INFO | equity_bot | EOD_SCHEDULER_SCHEDULED | EOD scheduler scheduled with two stages | squareoff_time=15:12 | learning_time=15:15 | description=Stage 1: Square-off at 3:12 PM (avoid EOD rush) | Stage 2: Learning at 3:15 PM (get more data)
2025-11-27 16:30:10 | INFO | equity_bot | EOD_SCHEDULER_STARTED | EOD scheduler started, squareoff: 15:12, learning: 15:15
2025-11-27 16:30:10 | INFO | equity_bot | EOD_DAEMON_STARTED | EOD scheduler started as daemon thread (square-off at 15:12, learning at 15:15) | squareoff_time=15:12 | learning_time=15:15
2025-11-27 16:30:10 | INFO | equity_bot | EOD_SCHEDULER | Bot started after trigger time - attempting missed EOD update
2025-11-27 16:30:10 | INFO | equity_bot | EOD_SCHEDULER | Triggering EOD learning update at 2025-11-27T16:30:10.927288
2025-11-27 16:30:10 | INFO | equity_bot | STARTUP | EOD scheduler daemon started (daily update at 3:30 PM IST on port 80)
2025-11-27 16:30:10 | INFO | equity_bot | STARTUP | All components initialized successfully
2025-11-27 16:30:10 | INFO | equity_bot | STARTUP | Trading Mode: LIVE
2025-11-27 16:30:10 | INFO | equity_bot | STARTUP | Bot is ready to receive webhook alerts
2025-11-27 16:30:10 | INFO | equity_bot | STARTUP | Starting webhook server...
2025-11-27 16:30:10 | INFO | equity_bot | BOT_STARTUP | Trading bot starting up | startup_time=2025-11-27T16:30:10.934503 | capital_per_trade=2000.0 | max_slots=10 | paper_trading=False
2025-11-27 16:30:10 | INFO | equity_bot | RATE_LIMITER | Token bucket 'per_second' initialized | capacity=8 | refill_rate=8
2025-11-27 16:30:10 | INFO | equity_bot | RATE_LIMITER | Token bucket 'per_minute' initialized | capacity=180 | refill_rate=3.0
2025-11-27 16:30:10 | INFO | equity_bot | RATE_LIMITER | AngelOne rate limiter initialized | rps_limit=8 | rpm_limit=180
2025-11-27 16:30:10 | INFO | equity_bot | INSTRUMENTS | Loaded 2338 instruments
2025-11-27 16:30:10 | INFO | equity_bot | SESSION | Performing fresh login
2025-11-27 16:30:10 | ERROR | equity_bot | ERROR | EOD_CONNECTION_ERROR | Failed to connect to bot at http://localhost:80
2025-11-27 16:30:10 | INFO | equity_bot | EOD_SCHEDULER | EOD update triggered (may be a missed trigger from late bot start) | trigger_time=2025-11-27T16:30:10.924238
2025-11-27 16:30:10 | INFO | equity_bot | EOD_SCHEDULER | Triggering EOD learning update at 2025-11-27T16:30:10.956741
2025-11-27 16:30:10 | ERROR | equity_bot | ERROR | EOD_CONNECTION_ERROR | Failed to connect to bot at http://localhost:80
2025-11-27 16:30:11 | INFO | equity_bot | SESSION_DEBUG | SmartConnect instance ID: 135158276433504 | has_access_token=True | has_refresh_token=True | access_token_set=True | api_key=PSYIiZ0c
2025-11-27 16:30:11 | INFO | equity_bot | SESSION | Session saved to file
2025-11-27 16:30:11 | INFO | equity_bot | SESSION | Login successful | client_code=S635655 | session_id=Bearer eyJ...
2025-11-27 16:30:11 | INFO | equity_bot | SESSION_REFRESH | Proactive session refresh thread started
2025-11-27 16:30:11 | INFO | equity_bot | SESSION_REFRESH | Proactive session refresh thread started successfully
2025-11-27 16:30:11 | INFO | equity_bot | RATE_LIMITER | API call recorded: login
2025-11-27 16:30:11 | INFO | equity_bot | ALERT_QUEUE | Alert queue initialized - burst-safe processing enabled
2025-11-27 16:30:11 | INFO | equity_bot | FEEDBACK_INIT | PerformanceFeedback initialized (window: 20)
2025-11-27 16:30:11 | INFO | equity_bot | MONITOR | PositionMonitor instance created successfully
2025-11-27 16:30:11 | INFO | equity_bot | MONITOR | Position monitor started in background
2025-11-27 16:30:11 | INFO | equity_bot | MONITOR | Monitor initialized with 0 existing positions
2025-11-27 16:30:11 | INFO | equity_bot | SYSTEM | Trading system initialized successfully
2025-11-27 16:30:11 | INFO | equity_bot | ALERT_QUEUE | Alert queue worker started successfully
2025-11-27 16:30:11 | INFO | equity_bot | ALERT_QUEUE | Alert queue worker thread started
2025-11-27 16:30:11 | INFO | equity_bot | SERVER | Starting webhook server on 0.0.0.0:80
2025-11-27 16:31:10 | INFO | equity_bot | EOD_SCHEDULER | EOD update triggered (may be a missed trigger from late bot start) | trigger_time=2025-11-27T16:30:10.924238
2025-11-27 16:31:10 | INFO | equity_bot | EOD_SCHEDULER | Triggering EOD learning update at 2025-11-27T16:31:10.971808
2025-11-27 16:31:10 | INFO | equity_bot | EOD_LEARNING_UPDATE | Triggering end-of-day learning update
2025-11-27 16:31:10 | INFO | equity_bot | EOD_ANALYSIS_COMPLETE | Learning update completed | summary={"real_trades_executed": 0, "paper_trades_executed": 0, "total_trades": 0, "csv_trades_ingested": 0, "missed_alerts_paper_traded": 0, "paper_pnl_total": 0.0}
2025-11-27 16:31:10 | INFO | equity_bot | EOD_UPDATE_SUCCESS | EOD learning update completed successfully | update_count=1 | timestamp=2025-11-27T16:31:10.983018
2025-11-27 16:35:03 | INFO | equity_bot | SESSION | Performing lightweight session validation
2025-11-27 16:35:03 | INFO | equity_bot | RATE_LIMIT_WAIT_START | Waiting for rate limit clearance | endpoint=rmsLimit | timeout_seconds=2.0
2025-11-27 16:35:03 | INFO | equity_bot | API_CALL_DEBUG | About to call rmsLimit with args=(), kwargs={}
2025-11-27 16:35:03 | INFO | equity_bot | API_CALL_DEBUG | rmsLimit returned: {'status': True, 'message': 'SUCCESS', 'errorcode': '', 'data': {'net': '17067.5600', 'availablecash': '17067.5600', 'availableintradaypayin': '0.0000', 'availablelimitmargin': '0.0000', 'collateral': '0.0000', 'm2munrealized': '0.0000', 'm2mrealized': '0.0000', 'utiliseddebits': '0.0000', 'utilisedspan': None, 'utilisedoptionpremium': None, 'utilisedholdingsales': None, 'utilisedexposure': None, 'utilisedturnover': None, 'utilisedpayout': '17067.5600'}}
2025-11-27 16:35:03 | INFO | equity_bot | SESSION | Session valid
2025-11-27 16:40:05 | INFO | equity_bot | SESSION | Performing lightweight session validation
2025-11-27 16:40:05 | INFO | equity_bot | RATE_LIMIT_WAIT_START | Waiting for rate limit clearance | endpoint=rmsLimit | timeout_seconds=2.0
2025-11-27 16:40:05 | INFO | equity_bot | API_CALL_DEBUG | About to call rmsLimit with args=(), kwargs={}
2025-11-27 16:40:05 | INFO | equity_bot | API_CALL_DEBUG | rmsLimit returned: {'status': True, 'message': 'SUCCESS', 'errorcode': '', 'data': {'net': '17067.5600', 'availablecash': '17067.5600', 'availableintradaypayin': '0.0000', 'availablelimitmargin': '0.0000', 'collateral': '0.0000', 'm2munrealized': '0.0000', 'm2mrealized': '0.0000', 'utiliseddebits': '0.0000', 'utilisedspan': None, 'utilisedoptionpremium': None, 'utilisedholdingsales': None, 'utilisedexposure': None, 'utilisedturnover': None, 'utilisedpayout': '17067.5600'}}
2025-11-27 16:40:05 | INFO | equity_bot | SESSION | Session valid
2025-11-27 16:45:03 | INFO | equity_bot | SESSION | Using cached session status (checked 298s ago)
2025-11-27 16:45:11 | INFO | equity_bot | SESSION_REFRESH | Proactive refresh triggered (session age: 15.0m)
2025-11-27 16:45:11 | INFO | equity_bot | SESSION | Attempting session refresh with refresh token
2025-11-27 16:45:11 | INFO | equity_bot | SESSION | Session saved to file
2025-11-27 16:45:11 | INFO | equity_bot | SESSION | Session refreshed successfully
2025-11-27 16:45:11 | INFO | equity_bot | SESSION_REFRESH | ✅ Proactive session refresh successful
2025-11-27 16:50:03 | INFO | equity_bot | SESSION | Using cached session status (checked 292s ago)
2025-11-27 16:55:05 | INFO | equity_bot | SESSION | Performing lightweight session validation
2025-11-27 16:55:05 | INFO | equity_bot | RATE_LIMIT_WAIT_START | Waiting for rate limit clearance | endpoint=rmsLimit | timeout_seconds=2.0
2025-11-27 16:55:05 | INFO | equity_bot | API_CALL_DEBUG | About to call rmsLimit with args=(), kwargs={}
2025-11-27 16:55:05 | INFO | equity_bot | API_CALL_DEBUG | rmsLimit returned: {'status': True, 'message': 'SUCCESS', 'errorcode': '', 'data': {'net': '17067.5600', 'availablecash': '17067.5600', 'availableintradaypayin': '0.0000', 'availablelimitmargin': '0.0000', 'collateral': '0.0000', 'm2munrealized': '0.0000', 'm2mrealized': '0.0000', 'utiliseddebits': '0.0000', 'utilisedspan': None, 'utilisedoptionpremium': None, 'utilisedholdingsales': None, 'utilisedexposure': None, 'utilisedturnover': None, 'utilisedpayout': '17067.5600'}}
2025-11-27 16:55:05 | INFO | equity_bot | SESSION | Session valid
2025-11-27 17:00:01 | INFO | equity_bot | SESSION | Using cached session status (checked 296s ago)
2025-11-27 17:00:11 | INFO | equity_bot | SESSION_REFRESH | Proactive refresh triggered (session age: 15.0m)
2025-11-27 17:00:11 | INFO | equity_bot | SESSION | Attempting session refresh with refresh token
2025-11-27 17:00:11 | INFO | equity_bot | SESSION | Session saved to file
2025-11-27 17:00:11 | INFO | equity_bot | SESSION | Session refreshed successfully
2025-11-27 17:00:11 | INFO | equity_bot | SESSION_REFRESH | ✅ Proactive session refresh successful
2025-11-27 17:05:04 | INFO | equity_bot | SESSION | Using cached session status (checked 293s ago)
2025-11-27 17:10:01 | INFO | equity_bot | SESSION | Performing lightweight session validation
2025-11-27 17:10:01 | INFO | equity_bot | RATE_LIMIT_WAIT_START | Waiting for rate limit clearance | endpoint=rmsLimit | timeout_seconds=2.0
2025-11-27 17:10:01 | INFO | equity_bot | API_CALL_DEBUG | About to call rmsLimit with args=(), kwargs={}
2025-11-27 17:10:01 | INFO | equity_bot | API_CALL_DEBUG | rmsLimit returned: {'status': True, 'message': 'SUCCESS', 'errorcode': '', 'data': {'net': '17067.5600', 'availablecash': '17067.5600', 'availableintradaypayin': '0.0000', 'availablelimitmargin': '0.0000', 'collateral': '0.0000', 'm2munrealized': '0.0000', 'm2mrealized': '0.0000', 'utiliseddebits': '0.0000', 'utilisedspan': None, 'utilisedoptionpremium': None, 'utilisedholdingsales': None, 'utilisedexposure': None, 'utilisedturnover': None, 'utilisedpayout': '17067.5600'}}
2025-11-27 17:10:01 | INFO | equity_bot | SESSION | Session valid
2025-11-27 17:15:02 | INFO | equity_bot | SESSION | Performing lightweight session validation
2025-11-27 17:15:02 | INFO | equity_bot | RATE_LIMIT_WAIT_START | Waiting for rate limit clearance | endpoint=rmsLimit | timeout_seconds=2.0
2025-11-27 17:15:02 | INFO | equity_bot | API_CALL_DEBUG | About to call rmsLimit with args=(), kwargs={}
2025-11-27 17:15:03 | INFO | equity_bot | API_CALL_DEBUG | rmsLimit returned: {'status': True, 'message': 'SUCCESS', 'errorcode': '', 'data': {'net': '17067.5600', 'availablecash': '17067.5600', 'availableintradaypayin': '0.0000', 'availablelimitmargin': '0.0000', 'collateral': '0.0000', 'm2munrealized': '0.0000', 'm2mrealized': '0.0000', 'utiliseddebits': '0.0000', 'utilisedspan': None, 'utilisedoptionpremium': None, 'utilisedholdingsales': None, 'utilisedexposure': None, 'utilisedturnover': None, 'utilisedpayout': '17067.5600'}}
2025-11-27 17:15:03 | INFO | equity_bot | SESSION | Session valid
2025-11-27 17:15:11 | INFO | equity_bot | SESSION_REFRESH | Proactive refresh triggered (session age: 15.0m)
2025-11-27 17:15:11 | INFO | equity_bot | SESSION | Attempting session refresh with refresh token
2025-11-27 17:15:12 | INFO | equity_bot | SESSION | Session saved to file
2025-11-27 17:15:12 | INFO | equity_bot | SESSION | Session refreshed successfully
2025-11-27 17:15:12 | INFO | equity_bot | SESSION_REFRESH | ✅ Proactive session refresh successful
2025-11-27 17:20:05 | INFO | equity_bot | SESSION | Using cached session status (checked 294s ago)
2025-11-27 17:25:01 | INFO | equity_bot | SESSION | Performing lightweight session validation
2025-11-27 17:25:01 | INFO | equity_bot | RATE_LIMIT_WAIT_START | Waiting for rate limit clearance | endpoint=rmsLimit | timeout_seconds=2.0
2025-11-27 17:25:01 | INFO | equity_bot | API_CALL_DEBUG | About to call rmsLimit with args=(), kwargs={}
2025-11-27 17:25:01 | INFO | equity_bot | API_CALL_DEBUG | rmsLimit returned: {'status': True, 'message': 'SUCCESS', 'errorcode': '', 'data': {'net': '17067.5600', 'availablecash': '17067.5600', 'availableintradaypayin': '0.0000', 'availablelimitmargin': '0.0000', 'collateral': '0.0000', 'm2munrealized': '0.0000', 'm2mrealized': '0.0000', 'utiliseddebits': '0.0000', 'utilisedspan': None, 'utilisedoptionpremium': None, 'utilisedholdingsales': None, 'utilisedexposure': None, 'utilisedturnover': None, 'utilisedpayout': '17067.5600'}}
2025-11-27 17:25:01 | INFO | equity_bot | SESSION | Session valid
2025-11-27 17:30:03 | INFO | equity_bot | SESSION | Performing lightweight session validation
2025-11-27 17:30:03 | INFO | equity_bot | RATE_LIMIT_WAIT_START | Waiting for rate limit clearance | endpoint=rmsLimit | timeout_seconds=2.0
2025-11-27 17:30:03 | INFO | equity_bot | API_CALL_DEBUG | About to call rmsLimit with args=(), kwargs={}
2025-11-27 17:30:03 | INFO | equity_bot | API_CALL_DEBUG | rmsLimit returned: {'status': True, 'message': 'SUCCESS', 'errorcode': '', 'data': {'net': '17067.5600', 'availablecash': '17067.5600', 'availableintradaypayin': '0.0000', 'availablelimitmargin': '0.0000', 'collateral': '0.0000', 'm2munrealized': '0.0000', 'm2mrealized': '0.0000', 'utiliseddebits': '0.0000', 'utilisedspan': None, 'utilisedoptionpremium': None, 'utilisedholdingsales': None, 'utilisedexposure': None, 'utilisedturnover': None, 'utilisedpayout': '17067.5600'}}
2025-11-27 17:30:03 | INFO | equity_bot | SESSION | Session valid
2025-11-27 17:30:12 | INFO | equity_bot | SESSION_REFRESH | Proactive refresh triggered (session age: 15.0m)
2025-11-27 17:30:12 | INFO | equity_bot | SESSION | Attempting session refresh with refresh token
2025-11-27 17:30:12 | INFO | equity_bot | SESSION | Session saved to file
2025-11-27 17:30:12 | INFO | equity_bot | SESSION | Session refreshed successfully
2025-11-27 17:30:12 | INFO | equity_bot | SESSION_REFRESH | ✅ Proactive session refresh successful
2025-11-27 17:35:05 | INFO | equity_bot | SESSION | Using cached session status (checked 294s ago)
2025-11-27 17:40:03 | INFO | equity_bot | SESSION | Performing lightweight session validation
2025-11-27 17:40:03 | INFO | equity_bot | RATE_LIMIT_WAIT_START | Waiting for rate limit clearance | endpoint=rmsLimit | timeout_seconds=2.0
2025-11-27 17:40:03 | INFO | equity_bot | API_CALL_DEBUG | About to call rmsLimit with args=(), kwargs={}
2025-11-27 17:40:03 | INFO | equity_bot | API_CALL_DEBUG | rmsLimit returned: {'status': True, 'message': 'SUCCESS', 'errorcode': '', 'data': {'net': '17067.5600', 'availablecash': '17067.5600', 'availableintradaypayin': '0.0000', 'availablelimitmargin': '0.0000', 'collateral': '0.0000', 'm2munrealized': '0.0000', 'm2mrealized': '0.0000', 'utiliseddebits': '0.0000', 'utilisedspan': None, 'utilisedoptionpremium': None, 'utilisedholdingsales': None, 'utilisedexposure': None, 'utilisedturnover': None, 'utilisedpayout': '17067.5600'}}
2025-11-27 17:40:03 | INFO | equity_bot | SESSION | Session valid
2025-11-27 17:45:03 | INFO | equity_bot | SESSION | Performing lightweight session validation
2025-11-27 17:45:03 | INFO | equity_bot | RATE_LIMIT_WAIT_START | Waiting for rate limit clearance | endpoint=rmsLimit | timeout_seconds=2.0
2025-11-27 17:45:03 | INFO | equity_bot | API_CALL_DEBUG | About to call rmsLimit with args=(), kwargs={}
2025-11-27 17:45:04 | INFO | equity_bot | API_CALL_DEBUG | rmsLimit returned: {'status': True, 'message': 'SUCCESS', 'errorcode': '', 'data': {'net': '17067.5600', 'availablecash': '17067.5600', 'availableintradaypayin': '0.0000', 'availablelimitmargin': '0.0000', 'collateral': '0.0000', 'm2munrealized': '0.0000', 'm2mrealized': '0.0000', 'utiliseddebits': '0.0000', 'utilisedspan': None, 'utilisedoptionpremium': None, 'utilisedholdingsales': None, 'utilisedexposure': None, 'utilisedturnover': None, 'utilisedpayout': '17067.5600'}}
2025-11-27 17:45:04 | INFO | equity_bot | SESSION | Session valid
2025-11-27 17:45:12 | INFO | equity_bot | SESSION_REFRESH | Proactive refresh triggered (session age: 15.0m)
2025-11-27 17:45:12 | INFO | equity_bot | SESSION | Attempting session refresh with refresh token
2025-11-27 17:45:12 | INFO | equity_bot | SESSION | Session saved to file
2025-11-27 17:45:12 | INFO | equity_bot | SESSION | Session refreshed successfully
2025-11-27 17:45:12 | INFO | equity_bot | SESSION_REFRESH | ✅ Proactive session refresh successful
2025-11-27 17:50:01 | INFO | equity_bot | SESSION | Using cached session status (checked 289s ago)
2025-11-27 17:55:04 | INFO | equity_bot | SESSION | Performing lightweight session validation
2025-11-27 17:55:04 | INFO | equity_bot | RATE_LIMIT_WAIT_START | Waiting for rate limit clearance | endpoint=rmsLimit | timeout_seconds=2.0
2025-11-27 17:55:04 | INFO | equity_bot | API_CALL_DEBUG | About to call rmsLimit with args=(), kwargs={}
2025-11-27 17:55:04 | INFO | equity_bot | API_CALL_DEBUG | rmsLimit returned: {'status': True, 'message': 'SUCCESS', 'errorcode': '', 'data': {'net': '17067.5600', 'availablecash': '17067.5600', 'availableintradaypayin': '0.0000', 'availablelimitmargin': '0.0000', 'collateral': '0.0000', 'm2munrealized': '0.0000', 'm2mrealized': '0.0000', 'utiliseddebits': '0.0000', 'utilisedspan': None, 'utilisedoptionpremium': None, 'utilisedholdingsales': None, 'utilisedexposure': None, 'utilisedturnover': None, 'utilisedpayout': '17067.5600'}}
2025-11-27 17:55:04 | INFO | equity_bot | SESSION | Session valid
2025-11-27 18:00:03 | INFO | equity_bot | SESSION | Using cached session status (checked 299s ago)
2025-11-27 18:00:12 | INFO | equity_bot | SESSION_REFRESH | Proactive refresh triggered (session age: 15.0m)
2025-11-27 18:00:12 | INFO | equity_bot | SESSION | Attempting session refresh with refresh token
2025-11-27 18:00:12 | INFO | equity_bot | SESSION | Session saved to file
2025-11-27 18:00:12 | INFO | equity_bot | SESSION | Session refreshed successfully
2025-11-27 18:00:12 | INFO | equity_bot | SESSION_REFRESH | ✅ Proactive session refresh successful
2025-11-27 18:05:05 | INFO | equity_bot | SESSION | Using cached session status (checked 293s ago)
2025-11-27 18:10:04 | INFO | equity_bot | SESSION | Performing lightweight session validation
2025-11-27 18:10:04 | INFO | equity_bot | RATE_LIMIT_WAIT_START | Waiting for rate limit clearance | endpoint=rmsLimit | timeout_seconds=2.0
2025-11-27 18:10:04 | INFO | equity_bot | API_CALL_DEBUG | About to call rmsLimit with args=(), kwargs={}
2025-11-27 18:10:04 | INFO | equity_bot | API_CALL_DEBUG | rmsLimit returned: {'status': True, 'message': 'SUCCESS', 'errorcode': '', 'data': {'net': '17067.5600', 'availablecash': '17067.5600', 'availableintradaypayin': '0.0000', 'availablelimitmargin': '0.0000', 'collateral': '0.0000', 'm2munrealized': '0.0000', 'm2mrealized': '0.0000', 'utiliseddebits': '0.0000', 'utilisedspan': None, 'utilisedoptionpremium': None, 'utilisedholdingsales': None, 'utilisedexposure': None, 'utilisedturnover': None, 'utilisedpayout': '17067.5600'}}
2025-11-27 18:10:04 | INFO | equity_bot | SESSION | Session valid
2025-11-27 18:15:01 | INFO | equity_bot | SESSION | Using cached session status (checked 297s ago)
2025-11-27 18:15:12 | INFO | equity_bot | SESSION_REFRESH | Proactive refresh triggered (session age: 15.0m)
2025-11-27 18:15:12 | INFO | equity_bot | SESSION | Attempting session refresh with refresh token
2025-11-27 18:15:13 | INFO | equity_bot | SESSION | Session saved to file
2025-11-27 18:15:13 | INFO | equity_bot | SESSION | Session refreshed successfully
2025-11-27 18:15:13 | INFO | equity_bot | SESSION_REFRESH | ✅ Proactive session refresh successful
2025-11-27 18:20:04 | INFO | equity_bot | SESSION | Using cached session status (checked 292s ago)
2025-11-27 18:25:01 | INFO | equity_bot | SESSION | Performing lightweight session validation
2025-11-27 18:25:01 | INFO | equity_bot | RATE_LIMIT_WAIT_START | Waiting for rate limit clearance | endpoint=rmsLimit | timeout_seconds=2.0
2025-11-27 18:25:01 | INFO | equity_bot | API_CALL_DEBUG | About to call rmsLimit with args=(), kwargs={}
2025-11-27 18:25:01 | INFO | equity_bot | API_CALL_DEBUG | rmsLimit returned: {'status': True, 'message': 'SUCCESS', 'errorcode': '', 'data': {'net': '17067.5600', 'availablecash': '17067.5600', 'availableintradaypayin': '0.0000', 'availablelimitmargin': '0.0000', 'collateral': '0.0000', 'm2munrealized': '0.0000', 'm2mrealized': '0.0000', 'utiliseddebits': '0.0000', 'utilisedspan': None, 'utilisedoptionpremium': None, 'utilisedholdingsales': None, 'utilisedexposure': None, 'utilisedturnover': None, 'utilisedpayout': '17067.5600'}}
2025-11-27 18:25:01 | INFO | equity_bot | SESSION | Session valid
2025-11-27 18:30:05 | INFO | equity_bot | SESSION | Performing lightweight session validation
2025-11-27 18:30:05 | INFO | equity_bot | RATE_LIMIT_WAIT_START | Waiting for rate limit clearance | endpoint=rmsLimit | timeout_seconds=2.0
2025-11-27 18:30:05 | INFO | equity_bot | API_CALL_DEBUG | About to call rmsLimit with args=(), kwargs={}
2025-11-27 18:30:05 | INFO | equity_bot | API_CALL_DEBUG | rmsLimit returned: {'status': True, 'message': 'SUCCESS', 'errorcode': '', 'data': {'net': '17067.5600', 'availablecash': '17067.5600', 'availableintradaypayin': '0.0000', 'availablelimitmargin': '0.0000', 'collateral': '0.0000', 'm2munrealized': '0.0000', 'm2mrealized': '0.0000', 'utiliseddebits': '0.0000', 'utilisedspan': None, 'utilisedoptionpremium': None, 'utilisedholdingsales': None, 'utilisedexposure': None, 'utilisedturnover': None, 'utilisedpayout': '17067.5600'}}
2025-11-27 18:30:05 | INFO | equity_bot | SESSION | Session valid
2025-11-27 18:30:13 | INFO | equity_bot | SESSION_REFRESH | Proactive refresh triggered (session age: 15.0m)
2025-11-27 18:30:13 | INFO | equity_bot | SESSION | Attempting session refresh with refresh token
2025-11-27 18:30:13 | INFO | equity_bot | SESSION | Session saved to file
2025-11-27 18:30:13 | INFO | equity_bot | SESSION | Session refreshed successfully
2025-11-27 18:30:13 | INFO | equity_bot | SESSION_REFRESH | ✅ Proactive session refresh successful
2025-11-27 18:35:04 | INFO | equity_bot | SESSION | Using cached session status (checked 291s ago)
2025-11-27 18:40:01 | INFO | equity_bot | SESSION | Performing lightweight session validation
2025-11-27 18:40:01 | INFO | equity_bot | RATE_LIMIT_WAIT_START | Waiting for rate limit clearance | endpoint=rmsLimit | timeout_seconds=2.0
2025-11-27 18:40:01 | INFO | equity_bot | API_CALL_DEBUG | About to call rmsLimit with args=(), kwargs={}
2025-11-27 18:40:01 | INFO | equity_bot | API_CALL_DEBUG | rmsLimit returned: {'status': True, 'message': 'SUCCESS', 'errorcode': '', 'data': {'net': '17067.5600', 'availablecash': '17067.5600', 'availableintradaypayin': '0.0000', 'availablelimitmargin': '0.0000', 'collateral': '0.0000', 'm2munrealized': '0.0000', 'm2mrealized': '0.0000', 'utiliseddebits': '0.0000', 'utilisedspan': None, 'utilisedoptionpremium': None, 'utilisedholdingsales': None, 'utilisedexposure': None, 'utilisedturnover': None, 'utilisedpayout': '17067.5600'}}
2025-11-27 18:40:01 | INFO | equity_bot | SESSION | Session valid
2025-11-27 18:45:03 | INFO | equity_bot | SESSION | Performing lightweight session validation
2025-11-27 18:45:03 | INFO | equity_bot | RATE_LIMIT_WAIT_START | Waiting for rate limit clearance | endpoint=rmsLimit | timeout_seconds=2.0
2025-11-27 18:45:03 | INFO | equity_bot | API_CALL_DEBUG | About to call rmsLimit with args=(), kwargs={}
2025-11-27 18:45:03 | INFO | equity_bot | API_CALL_DEBUG | rmsLimit returned: {'status': True, 'message': 'SUCCESS', 'errorcode': '', 'data': {'net': '17067.5600', 'availablecash': '17067.5600', 'availableintradaypayin': '0.0000', 'availablelimitmargin': '0.0000', 'collateral': '0.0000', 'm2munrealized': '0.0000', 'm2mrealized': '0.0000', 'utiliseddebits': '0.0000', 'utilisedspan': None, 'utilisedoptionpremium': None, 'utilisedholdingsales': None, 'utilisedexposure': None, 'utilisedturnover': None, 'utilisedpayout': '17067.5600'}}
2025-11-27 18:45:03 | INFO | equity_bot | SESSION | Session valid
2025-11-27 18:45:13 | INFO | equity_bot | SESSION_REFRESH | Proactive refresh triggered (session age: 15.0m)
2025-11-27 18:45:13 | INFO | equity_bot | SESSION | Attempting session refresh with refresh token
2025-11-27 18:45:13 | INFO | equity_bot | SESSION | Session saved to file
2025-11-27 18:45:13 | INFO | equity_bot | SESSION | Session refreshed successfully
2025-11-27 18:45:13 | INFO | equity_bot | SESSION_REFRESH | ✅ Proactive session refresh successful
2025-11-27 18:50:03 | INFO | equity_bot | SESSION | Using cached session status (checked 291s ago)
2025-11-27 18:55:01 | INFO | equity_bot | SESSION | Performing lightweight session validation
2025-11-27 18:55:01 | INFO | equity_bot | RATE_LIMIT_WAIT_START | Waiting for rate limit clearance | endpoint=rmsLimit | timeout_seconds=2.0
2025-11-27 18:55:01 | INFO | equity_bot | API_CALL_DEBUG | About to call rmsLimit with args=(), kwargs={}
2025-11-27 18:55:01 | INFO | equity_bot | API_CALL_DEBUG | rmsLimit returned: {'status': True, 'message': 'SUCCESS', 'errorcode': '', 'data': {'net': '17067.5600', 'availablecash': '17067.5600', 'availableintradaypayin': '0.0000', 'availablelimitmargin': '0.0000', 'collateral': '0.0000', 'm2munrealized': '0.0000', 'm2mrealized': '0.0000', 'utiliseddebits': '0.0000', 'utilisedspan': None, 'utilisedoptionpremium': None, 'utilisedholdingsales': None, 'utilisedexposure': None, 'utilisedturnover': None, 'utilisedpayout': '17067.5600'}}
2025-11-27 18:55:01 | INFO | equity_bot | SESSION | Session valid
2025-11-27 19:00:03 | INFO | equity_bot | SESSION | Performing lightweight session validation
2025-11-27 19:00:03 | INFO | equity_bot | RATE_LIMIT_WAIT_START | Waiting for rate limit clearance | endpoint=rmsLimit | timeout_seconds=2.0
2025-11-27 19:00:03 | INFO | equity_bot | API_CALL_DEBUG | About to call rmsLimit with args=(), kwargs={}
2025-11-27 19:00:03 | INFO | equity_bot | API_CALL_DEBUG | rmsLimit returned: {'status': True, 'message': 'SUCCESS', 'errorcode': '', 'data': {'net': '17067.5600', 'availablecash': '17067.5600', 'availableintradaypayin': '0.0000', 'availablelimitmargin': '0.0000', 'collateral': '0.0000', 'm2munrealized': '0.0000', 'm2mrealized': '0.0000', 'utiliseddebits': '0.0000', 'utilisedspan': None, 'utilisedoptionpremium': None, 'utilisedholdingsales': None, 'utilisedexposure': None, 'utilisedturnover': None, 'utilisedpayout': '17067.5600'}}
2025-11-27 19:00:03 | INFO | equity_bot | SESSION | Session valid
2025-11-27 19:00:13 | INFO | equity_bot | SESSION_REFRESH | Proactive refresh triggered (session age: 15.0m)
2025-11-27 19:00:13 | INFO | equity_bot | SESSION | Attempting session refresh with refresh token
2025-11-27 19:00:13 | INFO | equity_bot | SESSION | Session saved to file
2025-11-27 19:00:13 | INFO | equity_bot | SESSION | Session refreshed successfully
2025-11-27 19:00:13 | INFO | equity_bot | SESSION_REFRESH | ✅ Proactive session refresh successful
2025-11-27 19:05:03 | INFO | equity_bot | SESSION | Using cached session status (checked 290s ago)
2025-11-27 19:10:05 | INFO | equity_bot | SESSION | Performing lightweight session validation
2025-11-27 19:10:05 | INFO | equity_bot | RATE_LIMIT_WAIT_START | Waiting for rate limit clearance | endpoint=rmsLimit | timeout_seconds=2.0
2025-11-27 19:10:05 | INFO | equity_bot | API_CALL_DEBUG | About to call rmsLimit with args=(), kwargs={}
2025-11-27 19:10:05 | INFO | equity_bot | API_CALL_DEBUG | rmsLimit returned: {'status': True, 'message': 'SUCCESS', 'errorcode': '', 'data': {'net': '17067.5600', 'availablecash': '17067.5600', 'availableintradaypayin': '0.0000', 'availablelimitmargin': '0.0000', 'collateral': '0.0000', 'm2munrealized': '0.0000', 'm2mrealized': '0.0000', 'utiliseddebits': '0.0000', 'utilisedspan': None, 'utilisedoptionpremium': None, 'utilisedholdingsales': None, 'utilisedexposure': None, 'utilisedturnover': None, 'utilisedpayout': '17067.5600'}}
2025-11-27 19:10:05 | INFO | equity_bot | SESSION | Session valid
2025-11-27 19:15:04 | INFO | equity_bot | SESSION | Using cached session status (checked 299s ago)
2025-11-27 19:15:13 | INFO | equity_bot | SESSION_REFRESH | Proactive refresh triggered (session age: 15.0m)
2025-11-27 19:15:13 | INFO | equity_bot | SESSION | Attempting session refresh with refresh token
2025-11-27 19:15:14 | INFO | equity_bot | SESSION | Session saved to file
2025-11-27 19:15:14 | INFO | equity_bot | SESSION | Session refreshed successfully
2025-11-27 19:15:14 | INFO | equity_bot | SESSION_REFRESH | ✅ Proactive session refresh successful
2025-11-27 19:20:02 | INFO | equity_bot | SESSION | Using cached session status (checked 289s ago)
2025-11-27 19:25:05 | INFO | equity_bot | SESSION | Performing lightweight session validation
2025-11-27 19:25:05 | INFO | equity_bot | RATE_LIMIT_WAIT_START | Waiting for rate limit clearance | endpoint=rmsLimit | timeout_seconds=2.0
2025-11-27 19:25:05 | INFO | equity_bot | API_CALL_DEBUG | About to call rmsLimit with args=(), kwargs={}
2025-11-27 19:25:06 | INFO | equity_bot | API_CALL_DEBUG | rmsLimit returned: {'status': True, 'message': 'SUCCESS', 'errorcode': '', 'data': {'net': '17067.5600', 'availablecash': '17067.5600', 'availableintradaypayin': '0.0000', 'availablelimitmargin': '0.0000', 'collateral': '0.0000', 'm2munrealized': '0.0000', 'm2mrealized': '0.0000', 'utiliseddebits': '0.0000', 'utilisedspan': None, 'utilisedoptionpremium': None, 'utilisedholdingsales': None, 'utilisedexposure': None, 'utilisedturnover': None, 'utilisedpayout': '17067.5600'}}
2025-11-27 19:25:06 | INFO | equity_bot | SESSION | Session valid
2025-11-27 19:30:01 | INFO | equity_bot | SESSION | Using cached session status (checked 296s ago)
2025-11-27 19:30:14 | INFO | equity_bot | SESSION_REFRESH | Proactive refresh triggered (session age: 15.0m)
2025-11-27 19:30:14 | INFO | equity_bot | SESSION | Attempting session refresh with refresh token
2025-11-27 19:30:14 | INFO | equity_bot | SESSION | Session saved to file
2025-11-27 19:30:14 | INFO | equity_bot | SESSION | Session refreshed successfully
2025-11-27 19:30:14 | INFO | equity_bot | SESSION_REFRESH | ✅ Proactive session refresh successful
2025-11-27 19:35:03 | INFO | equity_bot | SESSION | Using cached session status (checked 289s ago)
2025-11-27 19:40:05 | INFO | equity_bot | SESSION | Performing lightweight session validation
2025-11-27 19:40:05 | INFO | equity_bot | RATE_LIMIT_WAIT_START | Waiting for rate limit clearance | endpoint=rmsLimit | timeout_seconds=2.0
2025-11-27 19:40:05 | INFO | equity_bot | API_CALL_DEBUG | About to call rmsLimit with args=(), kwargs={}
2025-11-27 19:40:05 | INFO | equity_bot | API_CALL_DEBUG | rmsLimit returned: {'status': True, 'message': 'SUCCESS', 'errorcode': '', 'data': {'net': '17067.5600', 'availablecash': '17067.5600', 'availableintradaypayin': '0.0000', 'availablelimitmargin': '0.0000', 'collateral': '0.0000', 'm2munrealized': '0.0000', 'm2mrealized': '0.0000', 'utiliseddebits': '0.0000', 'utilisedspan': None, 'utilisedoptionpremium': None, 'utilisedholdingsales': None, 'utilisedexposure': None, 'utilisedturnover': None, 'utilisedpayout': '17067.5600'}}
2025-11-27 19:40:05 | INFO | equity_bot | SESSION | Session valid
2025-11-27 19:45:03 | INFO | equity_bot | SESSION | Using cached session status (checked 298s ago)
2025-11-27 19:45:14 | INFO | equity_bot | SESSION_REFRESH | Proactive refresh triggered (session age: 15.0m)
2025-11-27 19:45:14 | INFO | equity_bot | SESSION | Attempting session refresh with refresh token
2025-11-27 19:45:14 | INFO | equity_bot | SESSION | Session saved to file
2025-11-27 19:45:14 | INFO | equity_bot | SESSION | Session refreshed successfully
2025-11-27 19:45:14 | INFO | equity_bot | SESSION_REFRESH | ✅ Proactive session refresh successful
2025-11-27 19:50:01 | INFO | equity_bot | SESSION | Using cached session status (checked 287s ago)
2025-11-27 19:55:05 | INFO | equity_bot | SESSION | Performing lightweight session validation
2025-11-27 19:55:05 | INFO | equity_bot | RATE_LIMIT_WAIT_START | Waiting for rate limit clearance | endpoint=rmsLimit | timeout_seconds=2.0
2025-11-27 19:55:05 | INFO | equity_bot | API_CALL_DEBUG | About to call rmsLimit with args=(), kwargs={}
2025-11-27 19:55:05 | INFO | equity_bot | API_CALL_DEBUG | rmsLimit returned: {'status': True, 'message': 'SUCCESS', 'errorcode': '', 'data': {'net': '17067.5600', 'availablecash': '17067.5600', 'availableintradaypayin': '0.0000', 'availablelimitmargin': '0.0000', 'collateral': '0.0000', 'm2munrealized': '0.0000', 'm2mrealized': '0.0000', 'utiliseddebits': '0.0000', 'utilisedspan': None, 'utilisedoptionpremium': None, 'utilisedholdingsales': None, 'utilisedexposure': None, 'utilisedturnover': None, 'utilisedpayout': '17067.5600'}}
2025-11-27 19:55:05 | INFO | equity_bot | SESSION | Session valid
2025-11-27 20:00:04 | INFO | equity_bot | SESSION | Using cached session status (checked 299s ago)
2025-11-27 20:00:14 | INFO | equity_bot | SESSION_REFRESH | Proactive refresh triggered (session age: 15.0m)
2025-11-27 20:00:14 | INFO | equity_bot | SESSION | Attempting session refresh with refresh token
2025-11-27 20:00:14 | INFO | equity_bot | SESSION | Session saved to file
2025-11-27 20:00:14 | INFO | equity_bot | SESSION | Session refreshed successfully
2025-11-27 20:00:14 | INFO | equity_bot | SESSION_REFRESH | ✅ Proactive session refresh successful
2025-11-27 20:05:01 | INFO | equity_bot | SESSION | Using cached session status (checked 287s ago)
2025-11-27 20:10:03 | INFO | equity_bot | SESSION | Performing lightweight session validation
2025-11-27 20:10:03 | INFO | equity_bot | RATE_LIMIT_WAIT_START | Waiting for rate limit clearance | endpoint=rmsLimit | timeout_seconds=2.0
2025-11-27 20:10:03 | INFO | equity_bot | API_CALL_DEBUG | About to call rmsLimit with args=(), kwargs={}
2025-11-27 20:10:03 | INFO | equity_bot | API_CALL_DEBUG | rmsLimit returned: {'status': True, 'message': 'SUCCESS', 'errorcode': '', 'data': {'net': '17067.5600', 'availablecash': '17067.5600', 'availableintradaypayin': '0.0000', 'availablelimitmargin': '0.0000', 'collateral': '0.0000', 'm2munrealized': '0.0000', 'm2mrealized': '0.0000', 'utiliseddebits': '0.0000', 'utilisedspan': None, 'utilisedoptionpremium': None, 'utilisedholdingsales': None, 'utilisedexposure': None, 'utilisedturnover': None, 'utilisedpayout': '17067.5600'}}
2025-11-27 20:10:03 | INFO | equity_bot | SESSION | Session valid
2025-11-27 20:15:03 | INFO | equity_bot | SESSION | Using cached session status (checked 300s ago)
2025-11-27 20:15:14 | INFO | equity_bot | SESSION_REFRESH | Proactive refresh triggered (session age: 15.0m)
2025-11-27 20:15:14 | INFO | equity_bot | SESSION | Attempting session refresh with refresh token
2025-11-27 20:15:15 | INFO | equity_bot | SESSION | Session saved to file
2025-11-27 20:15:15 | INFO | equity_bot | SESSION | Session refreshed successfully
2025-11-27 20:15:15 | INFO | equity_bot | SESSION_REFRESH | ✅ Proactive session refresh successful
2025-11-27 20:20:01 | INFO | equity_bot | SESSION | Using cached session status (checked 287s ago)
2025-11-27 20:25:03 | INFO | equity_bot | SESSION | Performing lightweight session validation
2025-11-27 20:25:03 | INFO | equity_bot | RATE_LIMIT_WAIT_START | Waiting for rate limit clearance | endpoint=rmsLimit | timeout_seconds=2.0
2025-11-27 20:25:03 | INFO | equity_bot | API_CALL_DEBUG | About to call rmsLimit with args=(), kwargs={}
2025-11-27 20:25:03 | INFO | equity_bot | API_CALL_DEBUG | rmsLimit returned: {'status': True, 'message': 'SUCCESS', 'errorcode': '', 'data': {'net': '17067.5600', 'availablecash': '17067.5600', 'availableintradaypayin': '0.0000', 'availablelimitmargin': '0.0000', 'collateral': '0.0000', 'm2munrealized': '0.0000', 'm2mrealized': '0.0000', 'utiliseddebits': '0.0000', 'utilisedspan': None, 'utilisedoptionpremium': None, 'utilisedholdingsales': None, 'utilisedexposure': None, 'utilisedturnover': None, 'utilisedpayout': '17067.5600'}}
2025-11-27 20:25:03 | INFO | equity_bot | SESSION | Session valid
2025-11-27 20:30:03 | INFO | equity_bot | SESSION | Using cached session status (checked 300s ago)
2025-11-27 20:30:15 | INFO | equity_bot | SESSION_REFRESH | Proactive refresh triggered (session age: 15.0m)
2025-11-27 20:30:15 | INFO | equity_bot | SESSION | Attempting session refresh with refresh token
2025-11-27 20:30:15 | INFO | equity_bot | SESSION | Session saved to file
2025-11-27 20:30:15 | INFO | equity_bot | SESSION | Session refreshed successfully
2025-11-27 20:30:15 | INFO | equity_bot | SESSION_REFRESH | ✅ Proactive session refresh successful
2025-11-27 20:35:01 | INFO | equity_bot | SESSION | Using cached session status (checked 286s ago)
2025-11-27 20:40:01 | INFO | equity_bot | SESSION | Performing lightweight session validation
2025-11-27 20:40:01 | INFO | equity_bot | RATE_LIMIT_WAIT_START | Waiting for rate limit clearance | endpoint=rmsLimit | timeout_seconds=2.0
2025-11-27 20:40:01 | INFO | equity_bot | API_CALL_DEBUG | About to call rmsLimit with args=(), kwargs={}
2025-11-27 20:40:01 | INFO | equity_bot | API_CALL_DEBUG | rmsLimit returned: {'status': True, 'message': 'SUCCESS', 'errorcode': '', 'data': {'net': '17067.5600', 'availablecash': '17067.5600', 'availableintradaypayin': '0.0000', 'availablelimitmargin': '0.0000', 'collateral': '0.0000', 'm2munrealized': '0.0000', 'm2mrealized': '0.0000', 'utiliseddebits': '0.0000', 'utilisedspan': None, 'utilisedoptionpremium': None, 'utilisedholdingsales': None, 'utilisedexposure': None, 'utilisedturnover': None, 'utilisedpayout': '17067.5600'}}
2025-11-27 20:40:01 | INFO | equity_bot | SESSION | Session valid
2025-11-27 20:45:01 | INFO | equity_bot | SESSION | Using cached session status (checked 300s ago)
2025-11-27 20:45:15 | INFO | equity_bot | SESSION_REFRESH | Proactive refresh triggered (session age: 15.0m)
2025-11-27 20:45:15 | INFO | equity_bot | SESSION | Attempting session refresh with refresh token
2025-11-27 20:45:15 | INFO | equity_bot | SESSION | Session saved to file
2025-11-27 20:45:15 | INFO | equity_bot | SESSION | Session refreshed successfully
2025-11-27 20:45:15 | INFO | equity_bot | SESSION_REFRESH | ✅ Proactive session refresh successful
2025-11-27 20:50:01 | INFO | equity_bot | SESSION | Using cached session status (checked 286s ago)
2025-11-27 20:55:02 | INFO | equity_bot | SESSION | Performing lightweight session validation
2025-11-27 20:55:02 | INFO | equity_bot | RATE_LIMIT_WAIT_START | Waiting for rate limit clearance | endpoint=rmsLimit | timeout_seconds=2.0
2025-11-27 20:55:02 | INFO | equity_bot | API_CALL_DEBUG | About to call rmsLimit with args=(), kwargs={}
2025-11-27 20:55:02 | INFO | equity_bot | API_CALL_DEBUG | rmsLimit returned: {'status': True, 'message': 'SUCCESS', 'errorcode': '', 'data': {'net': '17067.5600', 'availablecash': '17067.5600', 'availableintradaypayin': '0.0000', 'availablelimitmargin': '0.0000', 'collateral': '0.0000', 'm2munrealized': '0.0000', 'm2mrealized': '0.0000', 'utiliseddebits': '0.0000', 'utilisedspan': None, 'utilisedoptionpremium': None, 'utilisedholdingsales': None, 'utilisedexposure': None, 'utilisedturnover': None, 'utilisedpayout': '17067.5600'}}
2025-11-27 20:55:02 | INFO | equity_bot | SESSION | Session valid
2025-11-27 21:00:01 | INFO | equity_bot | SESSION | Using cached session status (checked 299s ago)
2025-11-27 21:00:15 | INFO | equity_bot | SESSION_REFRESH | Proactive refresh triggered (session age: 15.0m)
2025-11-27 21:00:15 | INFO | equity_bot | SESSION | Attempting session refresh with refresh token
2025-11-27 21:00:15 | INFO | equity_bot | SESSION | Session saved to file
2025-11-27 21:00:15 | INFO | equity_bot | SESSION | Session refreshed successfully
2025-11-27 21:00:15 | INFO | equity_bot | SESSION_REFRESH | ✅ Proactive session refresh successful
2025-11-27 21:05:01 | INFO | equity_bot | SESSION | Using cached session status (checked 286s ago)
2025-11-27 21:10:01 | INFO | equity_bot | SESSION | Performing lightweight session validation
2025-11-27 21:10:01 | INFO | equity_bot | RATE_LIMIT_WAIT_START | Waiting for rate limit clearance | endpoint=rmsLimit | timeout_seconds=2.0
2025-11-27 21:10:01 | INFO | equity_bot | API_CALL_DEBUG | About to call rmsLimit with args=(), kwargs={}
2025-11-27 21:10:01 | INFO | equity_bot | API_CALL_DEBUG | rmsLimit returned: {'status': True, 'message': 'SUCCESS', 'errorcode': '', 'data': {'net': '17067.5600', 'availablecash': '17067.5600', 'availableintradaypayin': '0.0000', 'availablelimitmargin': '0.0000', 'collateral': '0.0000', 'm2munrealized': '0.0000', 'm2mrealized': '0.0000', 'utiliseddebits': '0.0000', 'utilisedspan': None, 'utilisedoptionpremium': None, 'utilisedholdingsales': None, 'utilisedexposure': None, 'utilisedturnover': None, 'utilisedpayout': '17067.5600'}}
2025-11-27 21:10:01 | INFO | equity_bot | SESSION | Session valid
2025-11-27 21:15:02 | INFO | equity_bot | SESSION | Performing lightweight session validation
2025-11-27 21:15:02 | INFO | equity_bot | RATE_LIMIT_WAIT_START | Waiting for rate limit clearance | endpoint=rmsLimit | timeout_seconds=2.0
2025-11-27 21:15:02 | INFO | equity_bot | API_CALL_DEBUG | About to call rmsLimit with args=(), kwargs={}
2025-11-27 21:15:02 | INFO | equity_bot | API_CALL_DEBUG | rmsLimit returned: {'status': True, 'message': 'SUCCESS', 'errorcode': '', 'data': {'net': '17067.5600', 'availablecash': '17067.5600', 'availableintradaypayin': '0.0000', 'availablelimitmargin': '0.0000', 'collateral': '0.0000', 'm2munrealized': '0.0000', 'm2mrealized': '0.0000', 'utiliseddebits': '0.0000', 'utilisedspan': None, 'utilisedoptionpremium': None, 'utilisedholdingsales': None, 'utilisedexposure': None, 'utilisedturnover': None, 'utilisedpayout': '17067.5600'}}
2025-11-27 21:15:02 | INFO | equity_bot | SESSION | Session valid
2025-11-27 21:15:15 | INFO | equity_bot | SESSION_REFRESH | Proactive refresh triggered (session age: 15.0m)
2025-11-27 21:15:15 | INFO | equity_bot | SESSION | Attempting session refresh with refresh token
2025-11-27 21:15:16 | INFO | equity_bot | SESSION | Session saved to file
2025-11-27 21:15:16 | INFO | equity_bot | SESSION | Session refreshed successfully
2025-11-27 21:15:16 | INFO | equity_bot | SESSION_REFRESH | ✅ Proactive session refresh successful
2025-11-27 21:20:01 | INFO | equity_bot | SESSION | Using cached session status (checked 285s ago)
2025-11-27 21:25:04 | INFO | equity_bot | SESSION | Performing lightweight session validation
2025-11-27 21:25:04 | INFO | equity_bot | RATE_LIMIT_WAIT_START | Waiting for rate limit clearance | endpoint=rmsLimit | timeout_seconds=2.0
2025-11-27 21:25:04 | INFO | equity_bot | API_CALL_DEBUG | About to call rmsLimit with args=(), kwargs={}
2025-11-27 21:25:04 | INFO | equity_bot | API_CALL_DEBUG | rmsLimit returned: {'status': True, 'message': 'SUCCESS', 'errorcode': '', 'data': {'net': '17067.5600', 'availablecash': '17067.5600', 'availableintradaypayin': '0.0000', 'availablelimitmargin': '0.0000', 'collateral': '0.0000', 'm2munrealized': '0.0000', 'm2mrealized': '0.0000', 'utiliseddebits': '0.0000', 'utilisedspan': None, 'utilisedoptionpremium': None, 'utilisedholdingsales': None, 'utilisedexposure': None, 'utilisedturnover': None, 'utilisedpayout': '17067.5600'}}
2025-11-27 21:25:04 | INFO | equity_bot | SESSION | Session valid
2025-11-27 21:30:01 | INFO | equity_bot | SESSION | Using cached session status (checked 297s ago)
2025-11-27 21:30:16 | INFO | equity_bot | SESSION_REFRESH | Proactive refresh triggered (session age: 15.0m)
2025-11-27 21:30:16 | INFO | equity_bot | SESSION | Attempting session refresh with refresh token
2025-11-27 21:30:16 | INFO | equity_bot | SESSION | Session saved to file
2025-11-27 21:30:16 | INFO | equity_bot | SESSION | Session refreshed successfully
2025-11-27 21:30:16 | INFO | equity_bot | SESSION_REFRESH | ✅ Proactive session refresh successful
2025-11-27 21:35:01 | INFO | equity_bot | SESSION | Using cached session status (checked 285s ago)
2025-11-27 21:40:02 | INFO | equity_bot | SESSION | Performing lightweight session validation
2025-11-27 21:40:02 | INFO | equity_bot | RATE_LIMIT_WAIT_START | Waiting for rate limit clearance | endpoint=rmsLimit | timeout_seconds=2.0
2025-11-27 21:40:02 | INFO | equity_bot | API_CALL_DEBUG | About to call rmsLimit with args=(), kwargs={}
2025-11-27 21:40:02 | INFO | equity_bot | API_CALL_DEBUG | rmsLimit returned: {'status': True, 'message': 'SUCCESS', 'errorcode': '', 'data': {'net': '17067.5600', 'availablecash': '17067.5600', 'availableintradaypayin': '0.0000', 'availablelimitmargin': '0.0000', 'collateral': '0.0000', 'm2munrealized': '0.0000', 'm2mrealized': '0.0000', 'utiliseddebits': '0.0000', 'utilisedspan': None, 'utilisedoptionpremium': None, 'utilisedholdingsales': None, 'utilisedexposure': None, 'utilisedturnover': None, 'utilisedpayout': '17067.5600'}}
2025-11-27 21:40:02 | INFO | equity_bot | SESSION | Session valid
2025-11-27 21:45:03 | INFO | equity_bot | SESSION | Performing lightweight session validation
2025-11-27 21:45:03 | INFO | equity_bot | RATE_LIMIT_WAIT_START | Waiting for rate limit clearance | endpoint=rmsLimit | timeout_seconds=2.0
2025-11-27 21:45:03 | INFO | equity_bot | API_CALL_DEBUG | About to call rmsLimit with args=(), kwargs={}
2025-11-27 21:45:03 | INFO | equity_bot | API_CALL_DEBUG | rmsLimit returned: {'status': True, 'message': 'SUCCESS', 'errorcode': '', 'data': {'net': '17067.5600', 'availablecash': '17067.5600', 'availableintradaypayin': '0.0000', 'availablelimitmargin': '0.0000', 'collateral': '0.0000', 'm2munrealized': '0.0000', 'm2mrealized': '0.0000', 'utiliseddebits': '0.0000', 'utilisedspan': None, 'utilisedoptionpremium': None, 'utilisedholdingsales': None, 'utilisedexposure': None, 'utilisedturnover': None, 'utilisedpayout': '17067.5600'}}
2025-11-27 21:45:03 | INFO | equity_bot | SESSION | Session valid
2025-11-27 21:45:16 | INFO | equity_bot | SESSION_REFRESH | Proactive refresh triggered (session age: 15.0m)
2025-11-27 21:45:16 | INFO | equity_bot | SESSION | Attempting session refresh with refresh token
2025-11-27 21:45:16 | INFO | equity_bot | SESSION | Session saved to file
2025-11-27 21:45:16 | INFO | equity_bot | SESSION | Session refreshed successfully
2025-11-27 21:45:16 | INFO | equity_bot | SESSION_REFRESH | ✅ Proactive session refresh successful
2025-11-27 21:50:03 | INFO | equity_bot | SESSION | Using cached session status (checked 287s ago)
2025-11-27 21:55:03 | INFO | equity_bot | SESSION | Performing lightweight session validation
2025-11-27 21:55:03 | INFO | equity_bot | RATE_LIMIT_WAIT_START | Waiting for rate limit clearance | endpoint=rmsLimit | timeout_seconds=2.0
2025-11-27 21:55:03 | INFO | equity_bot | API_CALL_DEBUG | About to call rmsLimit with args=(), kwargs={}
2025-11-27 21:55:03 | INFO | equity_bot | API_CALL_DEBUG | rmsLimit returned: {'status': True, 'message': 'SUCCESS', 'errorcode': '', 'data': {'net': '17067.5600', 'availablecash': '17067.5600', 'availableintradaypayin': '0.0000', 'availablelimitmargin': '0.0000', 'collateral': '0.0000', 'm2munrealized': '0.0000', 'm2mrealized': '0.0000', 'utiliseddebits': '0.0000', 'utilisedspan': None, 'utilisedoptionpremium': None, 'utilisedholdingsales': None, 'utilisedexposure': None, 'utilisedturnover': None, 'utilisedpayout': '17067.5600'}}
2025-11-27 21:55:03 | INFO | equity_bot | SESSION | Session valid
2025-11-27 22:00:06 | INFO | equity_bot | SESSION | Performing lightweight session validation
2025-11-27 22:00:06 | INFO | equity_bot | RATE_LIMIT_WAIT_START | Waiting for rate limit clearance | endpoint=rmsLimit | timeout_seconds=2.0
2025-11-27 22:00:06 | INFO | equity_bot | API_CALL_DEBUG | About to call rmsLimit with args=(), kwargs={}
2025-11-27 22:00:06 | INFO | equity_bot | API_CALL_DEBUG | rmsLimit returned: {'status': True, 'message': 'SUCCESS', 'errorcode': '', 'data': {'net': '17067.5600', 'availablecash': '17067.5600', 'availableintradaypayin': '0.0000', 'availablelimitmargin': '0.0000', 'collateral': '0.0000', 'm2munrealized': '0.0000', 'm2mrealized': '0.0000', 'utiliseddebits': '0.0000', 'utilisedspan': None, 'utilisedoptionpremium': None, 'utilisedholdingsales': None, 'utilisedexposure': None, 'utilisedturnover': None, 'utilisedpayout': '17067.5600'}}
2025-11-27 22:00:06 | INFO | equity_bot | SESSION | Session valid
2025-11-27 22:00:16 | INFO | equity_bot | SESSION_REFRESH | Proactive refresh triggered (session age: 15.0m)
2025-11-27 22:00:16 | INFO | equity_bot | SESSION | Attempting session refresh with refresh token
2025-11-27 22:00:16 | INFO | equity_bot | SESSION | Session saved to file
2025-11-27 22:00:16 | INFO | equity_bot | SESSION | Session refreshed successfully
2025-11-27 22:00:16 | INFO | equity_bot | SESSION_REFRESH | ✅ Proactive session refresh successful
2025-11-27 22:05:05 | INFO | equity_bot | SESSION | Using cached session status (checked 288s ago)
2025-11-27 22:10:03 | INFO | equity_bot | SESSION | Performing lightweight session validation
2025-11-27 22:10:03 | INFO | equity_bot | RATE_LIMIT_WAIT_START | Waiting for rate limit clearance | endpoint=rmsLimit | timeout_seconds=2.0
2025-11-27 22:10:03 | INFO | equity_bot | API_CALL_DEBUG | About to call rmsLimit with args=(), kwargs={}
2025-11-27 22:10:03 | INFO | equity_bot | API_CALL_DEBUG | rmsLimit returned: {'status': True, 'message': 'SUCCESS', 'errorcode': '', 'data': {'net': '17067.5600', 'availablecash': '17067.5600', 'availableintradaypayin': '0.0000', 'availablelimitmargin': '0.0000', 'collateral': '0.0000', 'm2munrealized': '0.0000', 'm2mrealized': '0.0000', 'utiliseddebits': '0.0000', 'utilisedspan': None, 'utilisedoptionpremium': None, 'utilisedholdingsales': None, 'utilisedexposure': None, 'utilisedturnover': None, 'utilisedpayout': '17067.5600'}}
2025-11-27 22:10:03 | INFO | equity_bot | SESSION | Session valid
2025-11-27 22:15:01 | INFO | equity_bot | SESSION | Using cached session status (checked 298s ago)
2025-11-27 22:15:16 | INFO | equity_bot | SESSION_REFRESH | Proactive refresh triggered (session age: 15.0m)
2025-11-27 22:15:16 | INFO | equity_bot | SESSION | Attempting session refresh with refresh token
2025-11-27 22:15:17 | INFO | equity_bot | SESSION | Session saved to file
2025-11-27 22:15:17 | INFO | equity_bot | SESSION | Session refreshed successfully
2025-11-27 22:15:17 | INFO | equity_bot | SESSION_REFRESH | ✅ Proactive session refresh successful
2025-11-27 22:20:04 | INFO | equity_bot | SESSION | Using cached session status (checked 287s ago)
2025-11-27 22:25:03 | INFO | equity_bot | SESSION | Performing lightweight session validation
2025-11-27 22:25:03 | INFO | equity_bot | RATE_LIMIT_WAIT_START | Waiting for rate limit clearance | endpoint=rmsLimit | timeout_seconds=2.0
2025-11-27 22:25:03 | INFO | equity_bot | API_CALL_DEBUG | About to call rmsLimit with args=(), kwargs={}
2025-11-27 22:25:03 | INFO | equity_bot | API_CALL_DEBUG | rmsLimit returned: {'status': True, 'message': 'SUCCESS', 'errorcode': '', 'data': {'net': '17067.5600', 'availablecash': '17067.5600', 'availableintradaypayin': '0.0000', 'availablelimitmargin': '0.0000', 'collateral': '0.0000', 'm2munrealized': '0.0000', 'm2mrealized': '0.0000', 'utiliseddebits': '0.0000', 'utilisedspan': None, 'utilisedoptionpremium': None, 'utilisedholdingsales': None, 'utilisedexposure': None, 'utilisedturnover': None, 'utilisedpayout': '17067.5600'}}
2025-11-27 22:25:03 | INFO | equity_bot | SESSION | Session valid
2025-11-27 22:30:04 | INFO | equity_bot | SESSION | Performing lightweight session validation
2025-11-27 22:30:04 | INFO | equity_bot | RATE_LIMIT_WAIT_START | Waiting for rate limit clearance | endpoint=rmsLimit | timeout_seconds=2.0
2025-11-27 22:30:04 | INFO | equity_bot | API_CALL_DEBUG | About to call rmsLimit with args=(), kwargs={}
2025-11-27 22:30:04 | INFO | equity_bot | API_CALL_DEBUG | rmsLimit returned: {'status': True, 'message': 'SUCCESS', 'errorcode': '', 'data': {'net': '17067.5600', 'availablecash': '17067.5600', 'availableintradaypayin': '0.0000', 'availablelimitmargin': '0.0000', 'collateral': '0.0000', 'm2munrealized': '0.0000', 'm2mrealized': '0.0000', 'utiliseddebits': '0.0000', 'utilisedspan': None, 'utilisedoptionpremium': None, 'utilisedholdingsales': None, 'utilisedexposure': None, 'utilisedturnover': None, 'utilisedpayout': '17067.5600'}}
2025-11-27 22:30:04 | INFO | equity_bot | SESSION | Session valid
2025-11-27 22:30:17 | INFO | equity_bot | SESSION_REFRESH | Proactive refresh triggered (session age: 15.0m)
2025-11-27 22:30:17 | INFO | equity_bot | SESSION | Attempting session refresh with refresh token
2025-11-27 22:30:17 | INFO | equity_bot | SESSION | Session saved to file
2025-11-27 22:30:17 | INFO | equity_bot | SESSION | Session refreshed successfully
2025-11-27 22:30:17 | INFO | equity_bot | SESSION_REFRESH | ✅ Proactive session refresh successful
2025-11-27 22:35:02 | INFO | equity_bot | SESSION | Using cached session status (checked 285s ago)
2025-11-27 22:40:01 | INFO | equity_bot | SESSION | Performing lightweight session validation
2025-11-27 22:40:01 | INFO | equity_bot | RATE_LIMIT_WAIT_START | Waiting for rate limit clearance | endpoint=rmsLimit | timeout_seconds=2.0
2025-11-27 22:40:01 | INFO | equity_bot | API_CALL_DEBUG | About to call rmsLimit with args=(), kwargs={}
2025-11-27 22:40:01 | INFO | equity_bot | API_CALL_DEBUG | rmsLimit returned: {'status': True, 'message': 'SUCCESS', 'errorcode': '', 'data': {'net': '17067.5600', 'availablecash': '17067.5600', 'availableintradaypayin': '0.0000', 'availablelimitmargin': '0.0000', 'collateral': '0.0000', 'm2munrealized': '0.0000', 'm2mrealized': '0.0000', 'utiliseddebits': '0.0000', 'utilisedspan': None, 'utilisedoptionpremium': None, 'utilisedholdingsales': None, 'utilisedexposure': None, 'utilisedturnover': None, 'utilisedpayout': '17067.5600'}}
2025-11-27 22:40:01 | INFO | equity_bot | SESSION | Session valid
2025-11-27 22:45:03 | INFO | equity_bot | SESSION | Performing lightweight session validation
2025-11-27 22:45:03 | INFO | equity_bot | RATE_LIMIT_WAIT_START | Waiting for rate limit clearance | endpoint=rmsLimit | timeout_seconds=2.0
2025-11-27 22:45:03 | INFO | equity_bot | API_CALL_DEBUG | About to call rmsLimit with args=(), kwargs={}
2025-11-27 22:45:03 | INFO | equity_bot | API_CALL_DEBUG | rmsLimit returned: {'status': True, 'message': 'SUCCESS', 'errorcode': '', 'data': {'net': '17067.5600', 'availablecash': '17067.5600', 'availableintradaypayin': '0.0000', 'availablelimitmargin': '0.0000', 'collateral': '0.0000', 'm2munrealized': '0.0000', 'm2mrealized': '0.0000', 'utiliseddebits': '0.0000', 'utilisedspan': None, 'utilisedoptionpremium': None, 'utilisedholdingsales': None, 'utilisedexposure': None, 'utilisedturnover': None, 'utilisedpayout': '17067.5600'}}
2025-11-27 22:45:03 | INFO | equity_bot | SESSION | Session valid
2025-11-27 22:45:17 | INFO | equity_bot | SESSION_REFRESH | Proactive refresh triggered (session age: 15.0m)
2025-11-27 22:45:17 | INFO | equity_bot | SESSION | Attempting session refresh with refresh token
2025-11-27 22:45:17 | INFO | equity_bot | SESSION | Session saved to file
2025-11-27 22:45:17 | INFO | equity_bot | SESSION | Session refreshed successfully
2025-11-27 22:45:17 | INFO | equity_bot | SESSION_REFRESH | ✅ Proactive session refresh successful
2025-11-27 22:50:03 | INFO | equity_bot | SESSION | Using cached session status (checked 286s ago)
2025-11-27 22:55:01 | INFO | equity_bot | SESSION | Performing lightweight session validation
2025-11-27 22:55:01 | INFO | equity_bot | RATE_LIMIT_WAIT_START | Waiting for rate limit clearance | endpoint=rmsLimit | timeout_seconds=2.0
2025-11-27 22:55:01 | INFO | equity_bot | API_CALL_DEBUG | About to call rmsLimit with args=(), kwargs={}
2025-11-27 22:55:01 | INFO | equity_bot | API_CALL_DEBUG | rmsLimit returned: {'status': True, 'message': 'SUCCESS', 'errorcode': '', 'data': {'net': '17067.5600', 'availablecash': '17067.5600', 'availableintradaypayin': '0.0000', 'availablelimitmargin': '0.0000', 'collateral': '0.0000', 'm2munrealized': '0.0000', 'm2mrealized': '0.0000', 'utiliseddebits': '0.0000', 'utilisedspan': None, 'utilisedoptionpremium': None, 'utilisedholdingsales': None, 'utilisedexposure': None, 'utilisedturnover': None, 'utilisedpayout': '17067.5600'}}
2025-11-27 22:55:01 | INFO | equity_bot | SESSION | Session valid
2025-11-27 23:00:04 | INFO | equity_bot | SESSION | Performing lightweight session validation
2025-11-27 23:00:04 | INFO | equity_bot | RATE_LIMIT_WAIT_START | Waiting for rate limit clearance | endpoint=rmsLimit | timeout_seconds=2.0
2025-11-27 23:00:04 | INFO | equity_bot | API_CALL_DEBUG | About to call rmsLimit with args=(), kwargs={}
2025-11-27 23:00:04 | INFO | equity_bot | API_CALL_DEBUG | rmsLimit returned: {'status': True, 'message': 'SUCCESS', 'errorcode': '', 'data': {'net': '17067.5600', 'availablecash': '17067.5600', 'availableintradaypayin': '0.0000', 'availablelimitmargin': '0.0000', 'collateral': '0.0000', 'm2munrealized': '0.0000', 'm2mrealized': '0.0000', 'utiliseddebits': '0.0000', 'utilisedspan': None, 'utilisedoptionpremium': None, 'utilisedholdingsales': None, 'utilisedexposure': None, 'utilisedturnover': None, 'utilisedpayout': '17067.5600'}}
2025-11-27 23:00:04 | INFO | equity_bot | SESSION | Session valid
2025-11-27 23:00:17 | INFO | equity_bot | SESSION_REFRESH | Proactive refresh triggered (session age: 15.0m)
2025-11-27 23:00:17 | INFO | equity_bot | SESSION | Attempting session refresh with refresh token
2025-11-27 23:00:17 | INFO | equity_bot | SESSION | Session saved to file
2025-11-27 23:00:17 | INFO | equity_bot | SESSION | Session refreshed successfully
2025-11-27 23:00:17 | INFO | equity_bot | SESSION_REFRESH | ✅ Proactive session refresh successful
2025-11-27 23:05:01 | INFO | equity_bot | SESSION | Using cached session status (checked 284s ago)
2025-11-27 23:10:01 | INFO | equity_bot | SESSION | Performing lightweight session validation
2025-11-27 23:10:01 | INFO | equity_bot | RATE_LIMIT_WAIT_START | Waiting for rate limit clearance | endpoint=rmsLimit | timeout_seconds=2.0
2025-11-27 23:10:01 | INFO | equity_bot | API_CALL_DEBUG | About to call rmsLimit with args=(), kwargs={}
2025-11-27 23:10:01 | INFO | equity_bot | API_CALL_DEBUG | rmsLimit returned: {'status': True, 'message': 'SUCCESS', 'errorcode': '', 'data': {'net': '17067.5600', 'availablecash': '17067.5600', 'availableintradaypayin': '0.0000', 'availablelimitmargin': '0.0000', 'collateral': '0.0000', 'm2munrealized': '0.0000', 'm2mrealized': '0.0000', 'utiliseddebits': '0.0000', 'utilisedspan': None, 'utilisedoptionpremium': None, 'utilisedholdingsales': None, 'utilisedexposure': None, 'utilisedturnover': None, 'utilisedpayout': '17067.5600'}}
2025-11-27 23:10:01 | INFO | equity_bot | SESSION | Session valid
2025-11-27 23:15:02 | INFO | equity_bot | SESSION | Performing lightweight session validation
2025-11-27 23:15:02 | INFO | equity_bot | RATE_LIMIT_WAIT_START | Waiting for rate limit clearance | endpoint=rmsLimit | timeout_seconds=2.0
2025-11-27 23:15:02 | INFO | equity_bot | API_CALL_DEBUG | About to call rmsLimit with args=(), kwargs={}
2025-11-27 23:15:03 | INFO | equity_bot | API_CALL_DEBUG | rmsLimit returned: {'status': True, 'message': 'SUCCESS', 'errorcode': '', 'data': {'net': '17067.5600', 'availablecash': '17067.5600', 'availableintradaypayin': '0.0000', 'availablelimitmargin': '0.0000', 'collateral': '0.0000', 'm2munrealized': '0.0000', 'm2mrealized': '0.0000', 'utiliseddebits': '0.0000', 'utilisedspan': None, 'utilisedoptionpremium': None, 'utilisedholdingsales': None, 'utilisedexposure': None, 'utilisedturnover': None, 'utilisedpayout': '17067.5600'}}
2025-11-27 23:15:03 | INFO | equity_bot | SESSION | Session valid
2025-11-27 23:15:17 | INFO | equity_bot | SESSION_REFRESH | Proactive refresh triggered (session age: 15.0m)
2025-11-27 23:15:17 | INFO | equity_bot | SESSION | Attempting session refresh with refresh token
2025-11-27 23:15:18 | INFO | equity_bot | SESSION | Session saved to file
2025-11-27 23:15:18 | INFO | equity_bot | SESSION | Session refreshed successfully
2025-11-27 23:15:18 | INFO | equity_bot | SESSION_REFRESH | ✅ Proactive session refresh successful
2025-11-27 23:20:04 | INFO | equity_bot | SESSION | Using cached session status (checked 286s ago)
2025-11-27 23:25:02 | INFO | equity_bot | SESSION | Performing lightweight session validation
2025-11-27 23:25:02 | INFO | equity_bot | RATE_LIMIT_WAIT_START | Waiting for rate limit clearance | endpoint=rmsLimit | timeout_seconds=2.0
2025-11-27 23:25:02 | INFO | equity_bot | API_CALL_DEBUG | About to call rmsLimit with args=(), kwargs={}
2025-11-27 23:25:02 | INFO | equity_bot | API_CALL_DEBUG | rmsLimit returned: {'status': True, 'message': 'SUCCESS', 'errorcode': '', 'data': {'net': '17067.5600', 'availablecash': '17067.5600', 'availableintradaypayin': '0.0000', 'availablelimitmargin': '0.0000', 'collateral': '0.0000', 'm2munrealized': '0.0000', 'm2mrealized': '0.0000', 'utiliseddebits': '0.0000', 'utilisedspan': None, 'utilisedoptionpremium': None, 'utilisedholdingsales': None, 'utilisedexposure': None, 'utilisedturnover': None, 'utilisedpayout': '17067.5600'}}
2025-11-27 23:25:02 | INFO | equity_bot | SESSION | Session valid
2025-11-27 23:30:03 | INFO | equity_bot | SESSION | Performing lightweight session validation
2025-11-27 23:30:03 | INFO | equity_bot | RATE_LIMIT_WAIT_START | Waiting for rate limit clearance | endpoint=rmsLimit | timeout_seconds=2.0
2025-11-27 23:30:03 | INFO | equity_bot | API_CALL_DEBUG | About to call rmsLimit with args=(), kwargs={}
2025-11-27 23:30:03 | INFO | equity_bot | API_CALL_DEBUG | rmsLimit returned: {'status': True, 'message': 'SUCCESS', 'errorcode': '', 'data': {'net': '17067.5600', 'availablecash': '17067.5600', 'availableintradaypayin': '0.0000', 'availablelimitmargin': '0.0000', 'collateral': '0.0000', 'm2munrealized': '0.0000', 'm2mrealized': '0.0000', 'utiliseddebits': '0.0000', 'utilisedspan': None, 'utilisedoptionpremium': None, 'utilisedholdingsales': None, 'utilisedexposure': None, 'utilisedturnover': None, 'utilisedpayout': '17067.5600'}}
2025-11-27 23:30:03 | INFO | equity_bot | SESSION | Session valid
2025-11-27 23:30:18 | INFO | equity_bot | SESSION_REFRESH | Proactive refresh triggered (session age: 15.0m)
2025-11-27 23:30:18 | INFO | equity_bot | SESSION | Attempting session refresh with refresh token
2025-11-27 23:30:18 | INFO | equity_bot | SESSION | Session saved to file
2025-11-27 23:30:18 | INFO | equity_bot | SESSION | Session refreshed successfully
2025-11-27 23:30:18 | INFO | equity_bot | SESSION_REFRESH | ✅ Proactive session refresh successful
2025-11-27 23:35:05 | INFO | equity_bot | SESSION | Using cached session status (checked 287s ago)
2025-11-27 23:40:02 | INFO | equity_bot | SESSION | Performing lightweight session validation
2025-11-27 23:40:02 | INFO | equity_bot | RATE_LIMIT_WAIT_START | Waiting for rate limit clearance | endpoint=rmsLimit | timeout_seconds=2.0
2025-11-27 23:40:02 | INFO | equity_bot | API_CALL_DEBUG | About to call rmsLimit with args=(), kwargs={}
2025-11-27 23:40:03 | INFO | equity_bot | API_CALL_DEBUG | rmsLimit returned: {'status': True, 'message': 'SUCCESS', 'errorcode': '', 'data': {'net': '17067.5600', 'availablecash': '17067.5600', 'availableintradaypayin': '0.0000', 'availablelimitmargin': '0.0000', 'collateral': '0.0000', 'm2munrealized': '0.0000', 'm2mrealized': '0.0000', 'utiliseddebits': '0.0000', 'utilisedspan': None, 'utilisedoptionpremium': None, 'utilisedholdingsales': None, 'utilisedexposure': None, 'utilisedturnover': None, 'utilisedpayout': '17067.5600'}}
2025-11-27 23:40:03 | INFO | equity_bot | SESSION | Session valid
2025-11-27 23:45:01 | INFO | equity_bot | SESSION | Using cached session status (checked 299s ago)
2025-11-27 23:45:18 | INFO | equity_bot | SESSION_REFRESH | Proactive refresh triggered (session age: 15.0m)
2025-11-27 23:45:18 | INFO | equity_bot | SESSION | Attempting session refresh with refresh token
2025-11-27 23:45:18 | INFO | equity_bot | SESSION | Session saved to file
2025-11-27 23:45:18 | INFO | equity_bot | SESSION | Session refreshed successfully
2025-11-27 23:45:18 | INFO | equity_bot | SESSION_REFRESH | ✅ Proactive session refresh successful
2025-11-27 23:50:01 | INFO | equity_bot | SESSION | Using cached session status (checked 283s ago)
2025-11-27 23:55:03 | INFO | equity_bot | SESSION | Performing lightweight session validation
2025-11-27 23:55:03 | INFO | equity_bot | RATE_LIMIT_WAIT_START | Waiting for rate limit clearance | endpoint=rmsLimit | timeout_seconds=2.0
2025-11-27 23:55:03 | INFO | equity_bot | API_CALL_DEBUG | About to call rmsLimit with args=(), kwargs={}
2025-11-27 23:55:03 | INFO | equity_bot | API_CALL_DEBUG | rmsLimit returned: {'status': True, 'message': 'SUCCESS', 'errorcode': '', 'data': {'net': '17067.5600', 'availablecash': '17067.5600', 'availableintradaypayin': '0.0000', 'availablelimitmargin': '0.0000', 'collateral': '0.0000', 'm2munrealized': '0.0000', 'm2mrealized': '0.0000', 'utiliseddebits': '0.0000', 'utilisedspan': None, 'utilisedoptionpremium': None, 'utilisedholdingsales': None, 'utilisedexposure': None, 'utilisedturnover': None, 'utilisedpayout': '17067.5600'}}
2025-11-27 23:55:03 | INFO | equity_bot | SESSION | Session valid
2025-11-28 00:00:02 | INFO | equity_bot | SESSION | Using cached session status (checked 299s ago)
2025-11-28 00:00:18 | INFO | equity_bot | SESSION_REFRESH | Proactive refresh triggered (session age: 15.0m)
2025-11-28 00:00:18 | INFO | equity_bot | SESSION | Attempting session refresh with refresh token
2025-11-28 00:00:18 | INFO | equity_bot | SESSION | Session saved to file
2025-11-28 00:00:18 | INFO | equity_bot | SESSION | Session refreshed successfully
2025-11-28 00:00:18 | INFO | equity_bot | SESSION_REFRESH | ✅ Proactive session refresh successful
2025-11-28 00:05:05 | INFO | equity_bot | SESSION | Using cached session status (checked 286s ago)
2025-11-28 00:10:03 | INFO | equity_bot | SESSION | Performing lightweight session validation
2025-11-28 00:10:03 | INFO | equity_bot | RATE_LIMIT_WAIT_START | Waiting for rate limit clearance | endpoint=rmsLimit | timeout_seconds=2.0
2025-11-28 00:10:03 | INFO | equity_bot | API_CALL_DEBUG | About to call rmsLimit with args=(), kwargs={}
2025-11-28 00:10:03 | INFO | equity_bot | API_CALL_DEBUG | rmsLimit returned: {'status': True, 'message': 'SUCCESS', 'errorcode': '', 'data': {'net': '17067.5600', 'availablecash': '17067.5600', 'availableintradaypayin': '0.0000', 'availablelimitmargin': '0.0000', 'collateral': '0.0000', 'm2munrealized': '0.0000', 'm2mrealized': '0.0000', 'utiliseddebits': '0.0000', 'utilisedspan': None, 'utilisedoptionpremium': None, 'utilisedholdingsales': None, 'utilisedexposure': None, 'utilisedturnover': None, 'utilisedpayout': '17067.5600'}}
2025-11-28 00:10:03 | INFO | equity_bot | SESSION | Session valid
2025-11-28 00:15:01 | INFO | equity_bot | SESSION | Using cached session status (checked 299s ago)
2025-11-28 00:15:18 | INFO | equity_bot | SESSION_REFRESH | Proactive refresh triggered (session age: 15.0m)
2025-11-28 00:15:18 | INFO | equity_bot | SESSION | Attempting session refresh with refresh token
2025-11-28 00:15:19 | INFO | equity_bot | SESSION | Session saved to file
2025-11-28 00:15:19 | INFO | equity_bot | SESSION | Session refreshed successfully
2025-11-28 00:15:19 | INFO | equity_bot | SESSION_REFRESH | ✅ Proactive session refresh successful
2025-11-28 00:20:06 | INFO | equity_bot | SESSION | Using cached session status (checked 287s ago)
2025-11-28 00:25:01 | INFO | equity_bot | SESSION | Performing lightweight session validation
2025-11-28 00:25:01 | INFO | equity_bot | RATE_LIMIT_WAIT_START | Waiting for rate limit clearance | endpoint=rmsLimit | timeout_seconds=2.0
2025-11-28 00:25:01 | INFO | equity_bot | API_CALL_DEBUG | About to call rmsLimit with args=(), kwargs={}
2025-11-28 00:25:01 | INFO | equity_bot | API_CALL_DEBUG | rmsLimit returned: {'status': True, 'message': 'SUCCESS', 'errorcode': '', 'data': {'net': '17067.5600', 'availablecash': '17067.5600', 'availableintradaypayin': '0.0000', 'availablelimitmargin': '0.0000', 'collateral': '0.0000', 'm2munrealized': '0.0000', 'm2mrealized': '0.0000', 'utiliseddebits': '0.0000', 'utilisedspan': None, 'utilisedoptionpremium': None, 'utilisedholdingsales': None, 'utilisedexposure': None, 'utilisedturnover': None, 'utilisedpayout': '17067.5600'}}
2025-11-28 00:25:01 | INFO | equity_bot | SESSION | Session valid
2025-11-28 00:30:02 | INFO | equity_bot | SESSION | Performing lightweight session validation
2025-11-28 00:30:02 | INFO | equity_bot | RATE_LIMIT_WAIT_START | Waiting for rate limit clearance | endpoint=rmsLimit | timeout_seconds=2.0
2025-11-28 00:30:02 | INFO | equity_bot | API_CALL_DEBUG | About to call rmsLimit with args=(), kwargs={}
2025-11-28 00:30:03 | INFO | equity_bot | API_CALL_DEBUG | rmsLimit returned: {'status': True, 'message': 'SUCCESS', 'errorcode': '', 'data': {'net': '17067.5600', 'availablecash': '17067.5600', 'availableintradaypayin': '0.0000', 'availablelimitmargin': '0.0000', 'collateral': '0.0000', 'm2munrealized': '0.0000', 'm2mrealized': '0.0000', 'utiliseddebits': '0.0000', 'utilisedspan': None, 'utilisedoptionpremium': None, 'utilisedholdingsales': None, 'utilisedexposure': None, 'utilisedturnover': None, 'utilisedpayout': '17067.5600'}}
2025-11-28 00:30:03 | INFO | equity_bot | SESSION | Session valid
2025-11-28 00:30:19 | INFO | equity_bot | SESSION_REFRESH | Proactive refresh triggered (session age: 15.0m)
2025-11-28 00:30:19 | INFO | equity_bot | SESSION | Attempting session refresh with refresh token
2025-11-28 00:30:19 | INFO | equity_bot | SESSION | Session saved to file
2025-11-28 00:30:19 | INFO | equity_bot | SESSION | Session refreshed successfully
2025-11-28 00:30:19 | INFO | equity_bot | SESSION_REFRESH | ✅ Proactive session refresh successful
2025-11-28 00:35:01 | INFO | equity_bot | SESSION | Using cached session status (checked 283s ago)
2025-11-28 00:40:03 | INFO | equity_bot | SESSION | Performing lightweight session validation
2025-11-28 00:40:03 | INFO | equity_bot | RATE_LIMIT_WAIT_START | Waiting for rate limit clearance | endpoint=rmsLimit | timeout_seconds=2.0
2025-11-28 00:40:03 | INFO | equity_bot | API_CALL_DEBUG | About to call rmsLimit with args=(), kwargs={}
2025-11-28 00:40:03 | INFO | equity_bot | API_CALL_DEBUG | rmsLimit returned: {'status': True, 'message': 'SUCCESS', 'errorcode': '', 'data': {'net': '17067.5600', 'availablecash': '17067.5600', 'availableintradaypayin': '0.0000', 'availablelimitmargin': '0.0000', 'collateral': '0.0000', 'm2munrealized': '0.0000', 'm2mrealized': '0.0000', 'utiliseddebits': '0.0000', 'utilisedspan': None, 'utilisedoptionpremium': None, 'utilisedholdingsales': None, 'utilisedexposure': None, 'utilisedturnover': None, 'utilisedpayout': '17067.5600'}}
2025-11-28 00:40:03 | INFO | equity_bot | SESSION | Session valid
2025-11-28 00:45:03 | INFO | equity_bot | SESSION | Using cached session status (checked 300s ago)
2025-11-28 00:45:19 | INFO | equity_bot | SESSION_REFRESH | Proactive refresh triggered (session age: 15.0m)
2025-11-28 00:45:19 | INFO | equity_bot | SESSION | Attempting session refresh with refresh token
2025-11-28 00:45:19 | INFO | equity_bot | SESSION | Session saved to file
2025-11-28 00:45:19 | INFO | equity_bot | SESSION | Session refreshed successfully
2025-11-28 00:45:19 | INFO | equity_bot | SESSION_REFRESH | ✅ Proactive session refresh successful
2025-11-28 00:50:03 | INFO | equity_bot | SESSION | Using cached session status (checked 284s ago)
2025-11-28 00:55:02 | INFO | equity_bot | SESSION | Performing lightweight session validation
2025-11-28 00:55:02 | INFO | equity_bot | RATE_LIMIT_WAIT_START | Waiting for rate limit clearance | endpoint=rmsLimit | timeout_seconds=2.0
2025-11-28 00:55:02 | INFO | equity_bot | API_CALL_DEBUG | About to call rmsLimit with args=(), kwargs={}
2025-11-28 00:55:03 | INFO | equity_bot | API_CALL_DEBUG | rmsLimit returned: {'status': True, 'message': 'SUCCESS', 'errorcode': '', 'data': {'net': '17067.5600', 'availablecash': '17067.5600', 'availableintradaypayin': '0.0000', 'availablelimitmargin': '0.0000', 'collateral': '0.0000', 'm2munrealized': '0.0000', 'm2mrealized': '0.0000', 'utiliseddebits': '0.0000', 'utilisedspan': None, 'utilisedoptionpremium': None, 'utilisedholdingsales': None, 'utilisedexposure': None, 'utilisedturnover': None, 'utilisedpayout': '17067.5600'}}
2025-11-28 00:55:03 | INFO | equity_bot | SESSION | Session valid
2025-11-28 01:00:02 | INFO | equity_bot | SESSION | Performing lightweight session validation
2025-11-28 01:00:02 | INFO | equity_bot | RATE_LIMIT_WAIT_START | Waiting for rate limit clearance | endpoint=rmsLimit | timeout_seconds=2.0
2025-11-28 01:00:02 | INFO | equity_bot | API_CALL_DEBUG | About to call rmsLimit with args=(), kwargs={}
2025-11-28 01:00:03 | INFO | equity_bot | API_CALL_DEBUG | rmsLimit returned: {'status': True, 'message': 'SUCCESS', 'errorcode': '', 'data': {'net': '17067.5600', 'availablecash': '17067.5600', 'availableintradaypayin': '0.0000', 'availablelimitmargin': '0.0000', 'collateral': '0.0000', 'm2munrealized': '0.0000', 'm2mrealized': '0.0000', 'utiliseddebits': '0.0000', 'utilisedspan': None, 'utilisedoptionpremium': None, 'utilisedholdingsales': None, 'utilisedexposure': None, 'utilisedturnover': None, 'utilisedpayout': '17067.5600'}}
2025-11-28 01:00:03 | INFO | equity_bot | SESSION | Session valid
2025-11-28 01:00:19 | INFO | equity_bot | SESSION_REFRESH | Proactive refresh triggered (session age: 15.0m)
2025-11-28 01:00:19 | INFO | equity_bot | SESSION | Attempting session refresh with refresh token
2025-11-28 01:00:20 | INFO | equity_bot | SESSION | Session saved to file
2025-11-28 01:00:20 | INFO | equity_bot | SESSION | Session refreshed successfully
2025-11-28 01:00:20 | INFO | equity_bot | SESSION_REFRESH | ✅ Proactive session refresh successful
2025-11-28 01:05:02 | INFO | equity_bot | SESSION | Using cached session status (checked 283s ago)
2025-11-28 01:10:02 | INFO | equity_bot | SESSION | Performing lightweight session validation
2025-11-28 01:10:02 | INFO | equity_bot | RATE_LIMIT_WAIT_START | Waiting for rate limit clearance | endpoint=rmsLimit | timeout_seconds=2.0
2025-11-28 01:10:02 | INFO | equity_bot | API_CALL_DEBUG | About to call rmsLimit with args=(), kwargs={}
2025-11-28 01:10:03 | INFO | equity_bot | API_CALL_DEBUG | rmsLimit returned: {'status': True, 'message': 'SUCCESS', 'errorcode': '', 'data': {'net': '17067.5600', 'availablecash': '17067.5600', 'availableintradaypayin': '0.0000', 'availablelimitmargin': '0.0000', 'collateral': '0.0000', 'm2munrealized': '0.0000', 'm2mrealized': '0.0000', 'utiliseddebits': '0.0000', 'utilisedspan': None, 'utilisedoptionpremium': None, 'utilisedholdingsales': None, 'utilisedexposure': None, 'utilisedturnover': None, 'utilisedpayout': '17067.5600'}}
2025-11-28 01:10:03 | INFO | equity_bot | SESSION | Session valid
2025-11-28 01:15:05 | INFO | equity_bot | SESSION | Performing lightweight session validation
2025-11-28 01:15:05 | INFO | equity_bot | RATE_LIMIT_WAIT_START | Waiting for rate limit clearance | endpoint=rmsLimit | timeout_seconds=2.0
2025-11-28 01:15:05 | INFO | equity_bot | API_CALL_DEBUG | About to call rmsLimit with args=(), kwargs={}
2025-11-28 01:15:05 | INFO | equity_bot | API_CALL_DEBUG | rmsLimit returned: {'status': True, 'message': 'SUCCESS', 'errorcode': '', 'data': {'net': '17067.5600', 'availablecash': '17067.5600', 'availableintradaypayin': '0.0000', 'availablelimitmargin': '0.0000', 'collateral': '0.0000', 'm2munrealized': '0.0000', 'm2mrealized': '0.0000', 'utiliseddebits': '0.0000', 'utilisedspan': None, 'utilisedoptionpremium': None, 'utilisedholdingsales': None, 'utilisedexposure': None, 'utilisedturnover': None, 'utilisedpayout': '17067.5600'}}
2025-11-28 01:15:05 | INFO | equity_bot | SESSION | Session valid
2025-11-28 01:15:20 | INFO | equity_bot | SESSION_REFRESH | Proactive refresh triggered (session age: 15.0m)
2025-11-28 01:15:20 | INFO | equity_bot | SESSION | Attempting session refresh with refresh token
2025-11-28 01:15:20 | INFO | equity_bot | SESSION | Session saved to file
2025-11-28 01:15:20 | INFO | equity_bot | SESSION | Session refreshed successfully
2025-11-28 01:15:20 | INFO | equity_bot | SESSION_REFRESH | ✅ Proactive session refresh successful
2025-11-28 01:20:02 | INFO | equity_bot | SESSION | Using cached session status (checked 283s ago)
2025-11-28 01:25:01 | INFO | equity_bot | SESSION | Performing lightweight session validation
2025-11-28 01:25:01 | INFO | equity_bot | RATE_LIMIT_WAIT_START | Waiting for rate limit clearance | endpoint=rmsLimit | timeout_seconds=2.0
2025-11-28 01:25:01 | INFO | equity_bot | API_CALL_DEBUG | About to call rmsLimit with args=(), kwargs={}
2025-11-28 01:25:01 | INFO | equity_bot | API_CALL_DEBUG | rmsLimit returned: {'status': True, 'message': 'SUCCESS', 'errorcode': '', 'data': {'net': '17067.5600', 'availablecash': '17067.5600', 'availableintradaypayin': '0.0000', 'availablelimitmargin': '0.0000', 'collateral': '0.0000', 'm2munrealized': '0.0000', 'm2mrealized': '0.0000', 'utiliseddebits': '0.0000', 'utilisedspan': None, 'utilisedoptionpremium': None, 'utilisedholdingsales': None, 'utilisedexposure': None, 'utilisedturnover': None, 'utilisedpayout': '17067.5600'}}
2025-11-28 01:25:01 | INFO | equity_bot | SESSION | Session valid
2025-11-28 01:30:01 | INFO | equity_bot | SESSION | Using cached session status (checked 300s ago)
2025-11-28 01:30:20 | INFO | equity_bot | SESSION_REFRESH | Proactive refresh triggered (session age: 15.0m)
2025-11-28 01:30:20 | INFO | equity_bot | SESSION | Attempting session refresh with refresh token
2025-11-28 01:30:20 | INFO | equity_bot | SESSION | Session saved to file
2025-11-28 01:30:20 | INFO | equity_bot | SESSION | Session refreshed successfully
2025-11-28 01:30:20 | INFO | equity_bot | SESSION_REFRESH | ✅ Proactive session refresh successful
2025-11-28 01:35:03 | INFO | equity_bot | SESSION | Using cached session status (checked 283s ago)
2025-11-28 01:40:01 | INFO | equity_bot | SESSION | Performing lightweight session validation
2025-11-28 01:40:01 | INFO | equity_bot | RATE_LIMIT_WAIT_START | Waiting for rate limit clearance | endpoint=rmsLimit | timeout_seconds=2.0
2025-11-28 01:40:01 | INFO | equity_bot | API_CALL_DEBUG | About to call rmsLimit with args=(), kwargs={}
2025-11-28 01:40:01 | INFO | equity_bot | API_CALL_DEBUG | rmsLimit returned: {'status': True, 'message': 'SUCCESS', 'errorcode': '', 'data': {'net': '17067.5600', 'availablecash': '17067.5600', 'availableintradaypayin': '0.0000', 'availablelimitmargin': '0.0000', 'collateral': '0.0000', 'm2munrealized': '0.0000', 'm2mrealized': '0.0000', 'utiliseddebits': '0.0000', 'utilisedspan': None, 'utilisedoptionpremium': None, 'utilisedholdingsales': None, 'utilisedexposure': None, 'utilisedturnover': None, 'utilisedpayout': '17067.5600'}}
2025-11-28 01:40:01 | INFO | equity_bot | SESSION | Session valid
2025-11-28 01:45:05 | INFO | equity_bot | SESSION | Performing lightweight session validation
2025-11-28 01:45:05 | INFO | equity_bot | RATE_LIMIT_WAIT_START | Waiting for rate limit clearance | endpoint=rmsLimit | timeout_seconds=2.0
2025-11-28 01:45:05 | INFO | equity_bot | API_CALL_DEBUG | About to call rmsLimit with args=(), kwargs={}
2025-11-28 01:45:06 | INFO | equity_bot | API_CALL_DEBUG | rmsLimit returned: {'status': True, 'message': 'SUCCESS', 'errorcode': '', 'data': {'net': '17067.5600', 'availablecash': '17067.5600', 'availableintradaypayin': '0.0000', 'availablelimitmargin': '0.0000', 'collateral': '0.0000', 'm2munrealized': '0.0000', 'm2mrealized': '0.0000', 'utiliseddebits': '0.0000', 'utilisedspan': None, 'utilisedoptionpremium': None, 'utilisedholdingsales': None, 'utilisedexposure': None, 'utilisedturnover': None, 'utilisedpayout': '17067.5600'}}
2025-11-28 01:45:06 | INFO | equity_bot | SESSION | Session valid
2025-11-28 01:45:20 | INFO | equity_bot | SESSION_REFRESH | Proactive refresh triggered (session age: 15.0m)
2025-11-28 01:45:20 | INFO | equity_bot | SESSION | Attempting session refresh with refresh token
2025-11-28 01:45:20 | INFO | equity_bot | SESSION | Session saved to file
2025-11-28 01:45:20 | INFO | equity_bot | SESSION | Session refreshed successfully
2025-11-28 01:45:20 | INFO | equity_bot | SESSION_REFRESH | ✅ Proactive session refresh successful
2025-11-28 01:50:03 | INFO | equity_bot | SESSION | Using cached session status (checked 283s ago)
2025-11-28 01:55:03 | INFO | equity_bot | SESSION | Performing lightweight session validation
2025-11-28 01:55:03 | INFO | equity_bot | RATE_LIMIT_WAIT_START | Waiting for rate limit clearance | endpoint=rmsLimit | timeout_seconds=2.0
2025-11-28 01:55:03 | INFO | equity_bot | API_CALL_DEBUG | About to call rmsLimit with args=(), kwargs={}
2025-11-28 01:55:03 | INFO | equity_bot | API_CALL_DEBUG | rmsLimit returned: {'status': True, 'message': 'SUCCESS', 'errorcode': '', 'data': {'net': '17067.5600', 'availablecash': '17067.5600', 'availableintradaypayin': '0.0000', 'availablelimitmargin': '0.0000', 'collateral': '0.0000', 'm2munrealized': '0.0000', 'm2mrealized': '0.0000', 'utiliseddebits': '0.0000', 'utilisedspan': None, 'utilisedoptionpremium': None, 'utilisedholdingsales': None, 'utilisedexposure': None, 'utilisedturnover': None, 'utilisedpayout': '17067.5600'}}
2025-11-28 01:55:03 | INFO | equity_bot | SESSION | Session valid
2025-11-28 02:00:02 | INFO | equity_bot | SESSION | Using cached session status (checked 299s ago)
2025-11-28 02:00:20 | INFO | equity_bot | SESSION_REFRESH | Proactive refresh triggered (session age: 15.0m)
2025-11-28 02:00:20 | INFO | equity_bot | SESSION | Attempting session refresh with refresh token
2025-11-28 02:00:21 | INFO | equity_bot | SESSION | Session saved to file
2025-11-28 02:00:21 | INFO | equity_bot | SESSION | Session refreshed successfully
2025-11-28 02:00:21 | INFO | equity_bot | SESSION_REFRESH | ✅ Proactive session refresh successful
2025-11-28 02:05:05 | INFO | equity_bot | SESSION | Using cached session status (checked 284s ago)
2025-11-28 02:10:03 | INFO | equity_bot | SESSION | Performing lightweight session validation
2025-11-28 02:10:03 | INFO | equity_bot | RATE_LIMIT_WAIT_START | Waiting for rate limit clearance | endpoint=rmsLimit | timeout_seconds=2.0
2025-11-28 02:10:03 | INFO | equity_bot | API_CALL_DEBUG | About to call rmsLimit with args=(), kwargs={}
2025-11-28 02:10:03 | INFO | equity_bot | API_CALL_DEBUG | rmsLimit returned: {'status': True, 'message': 'SUCCESS', 'errorcode': '', 'data': {'net': '17067.5600', 'availablecash': '17067.5600', 'availableintradaypayin': '0.0000', 'availablelimitmargin': '0.0000', 'collateral': '0.0000', 'm2munrealized': '0.0000', 'm2mrealized': '0.0000', 'utiliseddebits': '0.0000', 'utilisedspan': None, 'utilisedoptionpremium': None, 'utilisedholdingsales': None, 'utilisedexposure': None, 'utilisedturnover': None, 'utilisedpayout': '17067.5600'}}
2025-11-28 02:10:03 | INFO | equity_bot | SESSION | Session valid
2025-11-28 02:15:01 | INFO | equity_bot | SESSION | Using cached session status (checked 298s ago)
2025-11-28 02:15:21 | INFO | equity_bot | SESSION_REFRESH | Proactive refresh triggered (session age: 15.0m)
2025-11-28 02:15:21 | INFO | equity_bot | SESSION | Attempting session refresh with refresh token
2025-11-28 02:15:21 | INFO | equity_bot | SESSION | Session saved to file
2025-11-28 02:15:21 | INFO | equity_bot | SESSION | Session refreshed successfully
2025-11-28 02:15:21 | INFO | equity_bot | SESSION_REFRESH | ✅ Proactive session refresh successful
2025-11-28 02:20:03 | INFO | equity_bot | SESSION | Using cached session status (checked 282s ago)
2025-11-28 02:25:04 | INFO | equity_bot | SESSION | Performing lightweight session validation
2025-11-28 02:25:04 | INFO | equity_bot | RATE_LIMIT_WAIT_START | Waiting for rate limit clearance | endpoint=rmsLimit | timeout_seconds=2.0
2025-11-28 02:25:04 | INFO | equity_bot | API_CALL_DEBUG | About to call rmsLimit with args=(), kwargs={}
2025-11-28 02:25:04 | INFO | equity_bot | API_CALL_DEBUG | rmsLimit returned: {'status': True, 'message': 'SUCCESS', 'errorcode': '', 'data': {'net': '17067.5600', 'availablecash': '17067.5600', 'availableintradaypayin': '0.0000', 'availablelimitmargin': '0.0000', 'collateral': '0.0000', 'm2munrealized': '0.0000', 'm2mrealized': '0.0000', 'utiliseddebits': '0.0000', 'utilisedspan': None, 'utilisedoptionpremium': None, 'utilisedholdingsales': None, 'utilisedexposure': None, 'utilisedturnover': None, 'utilisedpayout': '17067.5600'}}
2025-11-28 02:25:04 | INFO | equity_bot | SESSION | Session valid
2025-11-28 02:30:03 | INFO | equity_bot | SESSION | Using cached session status (checked 299s ago)
2025-11-28 02:30:21 | INFO | equity_bot | SESSION_REFRESH | Proactive refresh triggered (session age: 15.0m)
2025-11-28 02:30:21 | INFO | equity_bot | SESSION | Attempting session refresh with refresh token
2025-11-28 02:30:21 | INFO | equity_bot | SESSION | Session saved to file
2025-11-28 02:30:21 | INFO | equity_bot | SESSION | Session refreshed successfully
2025-11-28 02:30:21 | INFO | equity_bot | SESSION_REFRESH | ✅ Proactive session refresh successful
2025-11-28 02:35:03 | INFO | equity_bot | SESSION | Using cached session status (checked 282s ago)
2025-11-28 02:40:04 | INFO | equity_bot | SESSION | Performing lightweight session validation
2025-11-28 02:40:04 | INFO | equity_bot | RATE_LIMIT_WAIT_START | Waiting for rate limit clearance | endpoint=rmsLimit | timeout_seconds=2.0
2025-11-28 02:40:04 | INFO | equity_bot | API_CALL_DEBUG | About to call rmsLimit with args=(), kwargs={}
2025-11-28 02:40:04 | INFO | equity_bot | API_CALL_DEBUG | rmsLimit returned: {'status': True, 'message': 'SUCCESS', 'errorcode': '', 'data': {'net': '17067.5600', 'availablecash': '17067.5600', 'availableintradaypayin': '0.0000', 'availablelimitmargin': '0.0000', 'collateral': '0.0000', 'm2munrealized': '0.0000', 'm2mrealized': '0.0000', 'utiliseddebits': '0.0000', 'utilisedspan': None, 'utilisedoptionpremium': None, 'utilisedholdingsales': None, 'utilisedexposure': None, 'utilisedturnover': None, 'utilisedpayout': '17067.5600'}}
2025-11-28 02:40:04 | INFO | equity_bot | SESSION | Session valid
2025-11-28 02:45:01 | INFO | equity_bot | SESSION | Using cached session status (checked 297s ago)
2025-11-28 02:45:21 | INFO | equity_bot | SESSION_REFRESH | Proactive refresh triggered (session age: 15.0m)
2025-11-28 02:45:21 | INFO | equity_bot | SESSION | Attempting session refresh with refresh token
2025-11-28 02:45:21 | INFO | equity_bot | SESSION | Session saved to file
2025-11-28 02:45:21 | INFO | equity_bot | SESSION | Session refreshed successfully
2025-11-28 02:45:21 | INFO | equity_bot | SESSION_REFRESH | ✅ Proactive session refresh successful
2025-11-28 02:50:01 | INFO | equity_bot | SESSION | Using cached session status (checked 280s ago)
2025-11-28 02:55:03 | INFO | equity_bot | SESSION | Performing lightweight session validation
2025-11-28 02:55:03 | INFO | equity_bot | RATE_LIMIT_WAIT_START | Waiting for rate limit clearance | endpoint=rmsLimit | timeout_seconds=2.0
2025-11-28 02:55:04 | INFO | equity_bot | API_CALL_DEBUG | About to call rmsLimit with args=(), kwargs={}
2025-11-28 02:55:04 | INFO | equity_bot | API_CALL_DEBUG | rmsLimit returned: {'status': True, 'message': 'SUCCESS', 'errorcode': '', 'data': {'net': '17067.5600', 'availablecash': '17067.5600', 'availableintradaypayin': '0.0000', 'availablelimitmargin': '0.0000', 'collateral': '0.0000', 'm2munrealized': '0.0000', 'm2mrealized': '0.0000', 'utiliseddebits': '0.0000', 'utilisedspan': None, 'utilisedoptionpremium': None, 'utilisedholdingsales': None, 'utilisedexposure': None, 'utilisedturnover': None, 'utilisedpayout': '17067.5600'}}
2025-11-28 02:55:04 | INFO | equity_bot | SESSION | Session valid
2025-11-28 03:00:03 | INFO | equity_bot | SESSION | Using cached session status (checked 300s ago)
2025-11-28 03:00:21 | INFO | equity_bot | SESSION_REFRESH | Proactive refresh triggered (session age: 15.0m)
2025-11-28 03:00:21 | INFO | equity_bot | SESSION | Attempting session refresh with refresh token
2025-11-28 03:00:22 | INFO | equity_bot | SESSION | Session saved to file
2025-11-28 03:00:22 | INFO | equity_bot | SESSION | Session refreshed successfully
2025-11-28 03:00:22 | INFO | equity_bot | SESSION_REFRESH | ✅ Proactive session refresh successful
2025-11-28 03:05:04 | INFO | equity_bot | SESSION | Using cached session status (checked 282s ago)
2025-11-28 03:10:03 | INFO | equity_bot | SESSION | Performing lightweight session validation
2025-11-28 03:10:03 | INFO | equity_bot | RATE_LIMIT_WAIT_START | Waiting for rate limit clearance | endpoint=rmsLimit | timeout_seconds=2.0
2025-11-28 03:10:03 | INFO | equity_bot | API_CALL_DEBUG | About to call rmsLimit with args=(), kwargs={}
2025-11-28 03:10:03 | INFO | equity_bot | API_CALL_DEBUG | rmsLimit returned: {'status': True, 'message': 'SUCCESS', 'errorcode': '', 'data': {'net': '17067.5600', 'availablecash': '17067.5600', 'availableintradaypayin': '0.0000', 'availablelimitmargin': '0.0000', 'collateral': '0.0000', 'm2munrealized': '0.0000', 'm2mrealized': '0.0000', 'utiliseddebits': '0.0000', 'utilisedspan': None, 'utilisedoptionpremium': None, 'utilisedholdingsales': None, 'utilisedexposure': None, 'utilisedturnover': None, 'utilisedpayout': '17067.5600'}}
2025-11-28 03:10:03 | INFO | equity_bot | SESSION | Session valid
2025-11-28 03:15:03 | INFO | equity_bot | SESSION | Using cached session status (checked 300s ago)
2025-11-28 03:15:22 | INFO | equity_bot | SESSION_REFRESH | Proactive refresh triggered (session age: 15.0m)
2025-11-28 03:15:22 | INFO | equity_bot | SESSION | Attempting session refresh with refresh token
2025-11-28 03:15:22 | INFO | equity_bot | SESSION | Session saved to file
2025-11-28 03:15:22 | INFO | equity_bot | SESSION | Session refreshed successfully
2025-11-28 03:15:22 | INFO | equity_bot | SESSION_REFRESH | ✅ Proactive session refresh successful
2025-11-28 03:20:06 | INFO | equity_bot | SESSION | Using cached session status (checked 284s ago)
2025-11-28 03:25:03 | INFO | equity_bot | SESSION | Performing lightweight session validation
2025-11-28 03:25:03 | INFO | equity_bot | RATE_LIMIT_WAIT_START | Waiting for rate limit clearance | endpoint=rmsLimit | timeout_seconds=2.0
2025-11-28 03:25:03 | INFO | equity_bot | API_CALL_DEBUG | About to call rmsLimit with args=(), kwargs={}
2025-11-28 03:25:04 | INFO | equity_bot | API_CALL_DEBUG | rmsLimit returned: {'status': True, 'message': 'SUCCESS', 'errorcode': '', 'data': {'net': '17067.5600', 'availablecash': '17067.5600', 'availableintradaypayin': '0.0000', 'availablelimitmargin': '0.0000', 'collateral': '0.0000', 'm2munrealized': '0.0000', 'm2mrealized': '0.0000', 'utiliseddebits': '0.0000', 'utilisedspan': None, 'utilisedoptionpremium': None, 'utilisedholdingsales': None, 'utilisedexposure': None, 'utilisedturnover': None, 'utilisedpayout': '17067.5600'}}
2025-11-28 03:25:04 | INFO | equity_bot | SESSION | Session valid
2025-11-28 03:30:01 | INFO | equity_bot | SESSION | Using cached session status (checked 297s ago)
2025-11-28 03:30:22 | INFO | equity_bot | SESSION_REFRESH | Proactive refresh triggered (session age: 15.0m)
2025-11-28 03:30:22 | INFO | equity_bot | SESSION | Attempting session refresh with refresh token
2025-11-28 03:30:22 | INFO | equity_bot | SESSION | Session saved to file
2025-11-28 03:30:22 | INFO | equity_bot | SESSION | Session refreshed successfully
2025-11-28 03:30:22 | INFO | equity_bot | SESSION_REFRESH | ✅ Proactive session refresh successful
2025-11-28 03:35:05 | INFO | equity_bot | SESSION | Using cached session status (checked 283s ago)
2025-11-28 03:40:03 | INFO | equity_bot | SESSION | Performing lightweight session validation
2025-11-28 03:40:03 | INFO | equity_bot | RATE_LIMIT_WAIT_START | Waiting for rate limit clearance | endpoint=rmsLimit | timeout_seconds=2.0
2025-11-28 03:40:03 | INFO | equity_bot | API_CALL_DEBUG | About to call rmsLimit with args=(), kwargs={}
2025-11-28 03:40:03 | INFO | equity_bot | API_CALL_DEBUG | rmsLimit returned: {'status': True, 'message': 'SUCCESS', 'errorcode': '', 'data': {'net': '17067.5600', 'availablecash': '17067.5600', 'availableintradaypayin': '0.0000', 'availablelimitmargin': '0.0000', 'collateral': '0.0000', 'm2munrealized': '0.0000', 'm2mrealized': '0.0000', 'utiliseddebits': '0.0000', 'utilisedspan': None, 'utilisedoptionpremium': None, 'utilisedholdingsales': None, 'utilisedexposure': None, 'utilisedturnover': None, 'utilisedpayout': '17067.5600'}}
2025-11-28 03:40:03 | INFO | equity_bot | SESSION | Session valid
2025-11-28 03:45:01 | INFO | equity_bot | SESSION | Using cached session status (checked 299s ago)
2025-11-28 03:45:22 | INFO | equity_bot | SESSION_REFRESH | Proactive refresh triggered (session age: 15.0m)
2025-11-28 03:45:22 | INFO | equity_bot | SESSION | Attempting session refresh with refresh token
2025-11-28 03:45:23 | INFO | equity_bot | SESSION | Session saved to file
2025-11-28 03:45:23 | INFO | equity_bot | SESSION | Session refreshed successfully
2025-11-28 03:45:23 | INFO | equity_bot | SESSION_REFRESH | ✅ Proactive session refresh successful
2025-11-28 03:50:03 | INFO | equity_bot | SESSION | Using cached session status (checked 280s ago)
2025-11-28 03:55:04 | INFO | equity_bot | SESSION | Performing lightweight session validation
2025-11-28 03:55:04 | INFO | equity_bot | RATE_LIMIT_WAIT_START | Waiting for rate limit clearance | endpoint=rmsLimit | timeout_seconds=2.0
2025-11-28 03:55:04 | INFO | equity_bot | API_CALL_DEBUG | About to call rmsLimit with args=(), kwargs={}
2025-11-28 03:55:04 | INFO | equity_bot | API_CALL_DEBUG | rmsLimit returned: {'status': True, 'message': 'SUCCESS', 'errorcode': '', 'data': {'net': '17067.5600', 'availablecash': '17067.5600', 'availableintradaypayin': '0.0000', 'availablelimitmargin': '0.0000', 'collateral': '0.0000', 'm2munrealized': '0.0000', 'm2mrealized': '0.0000', 'utiliseddebits': '0.0000', 'utilisedspan': None, 'utilisedoptionpremium': None, 'utilisedholdingsales': None, 'utilisedexposure': None, 'utilisedturnover': None, 'utilisedpayout': '17067.5600'}}
2025-11-28 03:55:04 | INFO | equity_bot | SESSION | Session valid
2025-11-28 04:00:01 | INFO | equity_bot | SESSION | Using cached session status (checked 297s ago)
2025-11-28 04:00:23 | INFO | equity_bot | SESSION_REFRESH | Proactive refresh triggered (session age: 15.0m)
2025-11-28 04:00:23 | INFO | equity_bot | SESSION | Attempting session refresh with refresh token
2025-11-28 04:00:23 | INFO | equity_bot | SESSION | Session saved to file
2025-11-28 04:00:23 | INFO | equity_bot | SESSION | Session refreshed successfully
2025-11-28 04:00:23 | INFO | equity_bot | SESSION_REFRESH | ✅ Proactive session refresh successful
2025-11-28 04:05:01 | INFO | equity_bot | SESSION | Using cached session status (checked 278s ago)
2025-11-28 04:10:04 | INFO | equity_bot | SESSION | Performing lightweight session validation
2025-11-28 04:10:04 | INFO | equity_bot | RATE_LIMIT_WAIT_START | Waiting for rate limit clearance | endpoint=rmsLimit | timeout_seconds=2.0
2025-11-28 04:10:04 | INFO | equity_bot | API_CALL_DEBUG | About to call rmsLimit with args=(), kwargs={}
2025-11-28 04:10:04 | INFO | equity_bot | API_CALL_DEBUG | rmsLimit returned: {'status': True, 'message': 'SUCCESS', 'errorcode': '', 'data': {'net': '17067.5600', 'availablecash': '17067.5600', 'availableintradaypayin': '0.0000', 'availablelimitmargin': '0.0000', 'collateral': '0.0000', 'm2munrealized': '0.0000', 'm2mrealized': '0.0000', 'utiliseddebits': '0.0000', 'utilisedspan': None, 'utilisedoptionpremium': None, 'utilisedholdingsales': None, 'utilisedexposure': None, 'utilisedturnover': None, 'utilisedpayout': '17067.5600'}}
2025-11-28 04:10:04 | INFO | equity_bot | SESSION | Session valid
2025-11-28 04:15:01 | INFO | equity_bot | SESSION | Using cached session status (checked 297s ago)
2025-11-28 04:15:23 | INFO | equity_bot | SESSION_REFRESH | Proactive refresh triggered (session age: 15.0m)
2025-11-28 04:15:23 | INFO | equity_bot | SESSION | Attempting session refresh with refresh token
2025-11-28 04:15:23 | INFO | equity_bot | SESSION | Session saved to file
2025-11-28 04:15:23 | INFO | equity_bot | SESSION | Session refreshed successfully
2025-11-28 04:15:23 | INFO | equity_bot | SESSION_REFRESH | ✅ Proactive session refresh successful
2025-11-28 04:20:04 | INFO | equity_bot | SESSION | Using cached session status (checked 281s ago)
2025-11-28 04:25:04 | INFO | equity_bot | SESSION | Performing lightweight session validation
2025-11-28 04:25:04 | INFO | equity_bot | RATE_LIMIT_WAIT_START | Waiting for rate limit clearance | endpoint=rmsLimit | timeout_seconds=2.0
2025-11-28 04:25:04 | INFO | equity_bot | API_CALL_DEBUG | About to call rmsLimit with args=(), kwargs={}
2025-11-28 04:25:04 | INFO | equity_bot | API_CALL_DEBUG | rmsLimit returned: {'status': True, 'message': 'SUCCESS', 'errorcode': '', 'data': {'net': '17067.5600', 'availablecash': '17067.5600', 'availableintradaypayin': '0.0000', 'availablelimitmargin': '0.0000', 'collateral': '0.0000', 'm2munrealized': '0.0000', 'm2mrealized': '0.0000', 'utiliseddebits': '0.0000', 'utilisedspan': None, 'utilisedoptionpremium': None, 'utilisedholdingsales': None, 'utilisedexposure': None, 'utilisedturnover': None, 'utilisedpayout': '17067.5600'}}
2025-11-28 04:25:04 | INFO | equity_bot | SESSION | Session valid
2025-11-28 04:30:03 | INFO | equity_bot | SESSION | Using cached session status (checked 299s ago)
2025-11-28 04:30:23 | INFO | equity_bot | SESSION_REFRESH | Proactive refresh triggered (session age: 15.0m)
2025-11-28 04:30:23 | INFO | equity_bot | SESSION | Attempting session refresh with refresh token
2025-11-28 04:30:23 | INFO | equity_bot | SESSION | Session saved to file
2025-11-28 04:30:23 | INFO | equity_bot | SESSION | Session refreshed successfully
2025-11-28 04:30:23 | INFO | equity_bot | SESSION_REFRESH | ✅ Proactive session refresh successful
2025-11-28 04:35:04 | INFO | equity_bot | SESSION | Using cached session status (checked 281s ago)
2025-11-28 04:40:04 | INFO | equity_bot | SESSION | Performing lightweight session validation
2025-11-28 04:40:04 | INFO | equity_bot | RATE_LIMIT_WAIT_START | Waiting for rate limit clearance | endpoint=rmsLimit | timeout_seconds=2.0
2025-11-28 04:40:04 | INFO | equity_bot | API_CALL_DEBUG | About to call rmsLimit with args=(), kwargs={}
2025-11-28 04:40:04 | INFO | equity_bot | API_CALL_DEBUG | rmsLimit returned: {'status': True, 'message': 'SUCCESS', 'errorcode': '', 'data': {'net': '17067.5600', 'availablecash': '17067.5600', 'availableintradaypayin': '0.0000', 'availablelimitmargin': '0.0000', 'collateral': '0.0000', 'm2munrealized': '0.0000', 'm2mrealized': '0.0000', 'utiliseddebits': '0.0000', 'utilisedspan': None, 'utilisedoptionpremium': None, 'utilisedholdingsales': None, 'utilisedexposure': None, 'utilisedturnover': None, 'utilisedpayout': '17067.5600'}}
2025-11-28 04:40:04 | INFO | equity_bot | SESSION | Session valid
2025-11-28 04:45:01 | INFO | equity_bot | SESSION | Using cached session status (checked 298s ago)
2025-11-28 04:45:23 | INFO | equity_bot | SESSION_REFRESH | Proactive refresh triggered (session age: 15.0m)
2025-11-28 04:45:23 | INFO | equity_bot | SESSION | Attempting session refresh with refresh token
2025-11-28 04:45:24 | INFO | equity_bot | SESSION | Session saved to file
2025-11-28 04:45:24 | INFO | equity_bot | SESSION | Session refreshed successfully
2025-11-28 04:45:24 | INFO | equity_bot | SESSION_REFRESH | ✅ Proactive session refresh successful
2025-11-28 04:50:05 | INFO | equity_bot | SESSION | Using cached session status (checked 282s ago)
2025-11-28 04:55:03 | INFO | equity_bot | SESSION | Performing lightweight session validation
2025-11-28 04:55:03 | INFO | equity_bot | RATE_LIMIT_WAIT_START | Waiting for rate limit clearance | endpoint=rmsLimit | timeout_seconds=2.0
2025-11-28 04:55:03 | INFO | equity_bot | API_CALL_DEBUG | About to call rmsLimit with args=(), kwargs={}
2025-11-28 04:55:04 | INFO | equity_bot | API_CALL_DEBUG | rmsLimit returned: {'status': True, 'message': 'SUCCESS', 'errorcode': '', 'data': {'net': '17067.5600', 'availablecash': '17067.5600', 'availableintradaypayin': '0.0000', 'availablelimitmargin': '0.0000', 'collateral': '0.0000', 'm2munrealized': '0.0000', 'm2mrealized': '0.0000', 'utiliseddebits': '0.0000', 'utilisedspan': None, 'utilisedoptionpremium': None, 'utilisedholdingsales': None, 'utilisedexposure': None, 'utilisedturnover': None, 'utilisedpayout': '17067.5600'}}
2025-11-28 04:55:04 | INFO | equity_bot | SESSION | Session valid
2025-11-28 05:00:02 | INFO | equity_bot | SESSION | Using cached session status (checked 299s ago)
2025-11-28 05:00:24 | INFO | equity_bot | SESSION_REFRESH | Proactive refresh triggered (session age: 15.0m)
2025-11-28 05:00:24 | INFO | equity_bot | SESSION | Attempting session refresh with refresh token
2025-11-28 05:00:24 | INFO | equity_bot | SESSION | Session saved to file
2025-11-28 05:00:24 | INFO | equity_bot | SESSION | Session refreshed successfully
2025-11-28 05:00:24 | INFO | equity_bot | SESSION_REFRESH | ✅ Proactive session refresh successful
2025-11-28 05:05:02 | INFO | equity_bot | SESSION | Using cached session status (checked 278s ago)
2025-11-28 05:10:03 | INFO | equity_bot | SESSION | Performing lightweight session validation
2025-11-28 05:10:03 | INFO | equity_bot | RATE_LIMIT_WAIT_START | Waiting for rate limit clearance | endpoint=rmsLimit | timeout_seconds=2.0
2025-11-28 05:10:03 | INFO | equity_bot | API_CALL_DEBUG | About to call rmsLimit with args=(), kwargs={}
2025-11-28 05:10:03 | INFO | equity_bot | API_CALL_DEBUG | rmsLimit returned: {'status': True, 'message': 'SUCCESS', 'errorcode': '', 'data': {'net': '17067.5600', 'availablecash': '17067.5600', 'availableintradaypayin': '0.0000', 'availablelimitmargin': '0.0000', 'collateral': '0.0000', 'm2munrealized': '0.0000', 'm2mrealized': '0.0000', 'utiliseddebits': '0.0000', 'utilisedspan': None, 'utilisedoptionpremium': None, 'utilisedholdingsales': None, 'utilisedexposure': None, 'utilisedturnover': None, 'utilisedpayout': '17067.5600'}}
2025-11-28 05:10:03 | INFO | equity_bot | SESSION | Session valid
2025-11-28 05:15:01 | INFO | equity_bot | SESSION | Using cached session status (checked 298s ago)
2025-11-28 05:15:24 | INFO | equity_bot | SESSION_REFRESH | Proactive refresh triggered (session age: 15.0m)
2025-11-28 05:15:24 | INFO | equity_bot | SESSION | Attempting session refresh with refresh token
2025-11-28 05:15:24 | INFO | equity_bot | SESSION | Session saved to file
2025-11-28 05:15:24 | INFO | equity_bot | SESSION | Session refreshed successfully
2025-11-28 05:15:24 | INFO | equity_bot | SESSION_REFRESH | ✅ Proactive session refresh successful
2025-11-28 05:20:05 | INFO | equity_bot | SESSION | Using cached session status (checked 281s ago)
2025-11-28 05:25:03 | INFO | equity_bot | SESSION | Performing lightweight session validation
2025-11-28 05:25:03 | INFO | equity_bot | RATE_LIMIT_WAIT_START | Waiting for rate limit clearance | endpoint=rmsLimit | timeout_seconds=2.0
2025-11-28 05:25:03 | INFO | equity_bot | API_CALL_DEBUG | About to call rmsLimit with args=(), kwargs={}
2025-11-28 05:25:04 | INFO | equity_bot | API_CALL_DEBUG | rmsLimit returned: {'status': True, 'message': 'SUCCESS', 'errorcode': '', 'data': {'net': '17067.5600', 'availablecash': '17067.5600', 'availableintradaypayin': '0.0000', 'availablelimitmargin': '0.0000', 'collateral': '0.0000', 'm2munrealized': '0.0000', 'm2mrealized': '0.0000', 'utiliseddebits': '0.0000', 'utilisedspan': None, 'utilisedoptionpremium': None, 'utilisedholdingsales': None, 'utilisedexposure': None, 'utilisedturnover': None, 'utilisedpayout': '17067.5600'}}
2025-11-28 05:25:04 | INFO | equity_bot | SESSION | Session valid
2025-11-28 05:30:02 | INFO | equity_bot | SESSION | Using cached session status (checked 298s ago)
2025-11-28 05:30:24 | INFO | equity_bot | SESSION_REFRESH | Proactive refresh triggered (session age: 15.0m)
2025-11-28 05:30:24 | INFO | equity_bot | SESSION | Attempting session refresh with refresh token
2025-11-28 05:30:24 | INFO | equity_bot | SESSION | Session saved to file
2025-11-28 05:30:24 | INFO | equity_bot | SESSION | Session refreshed successfully
2025-11-28 05:30:24 | INFO | equity_bot | SESSION_REFRESH | ✅ Proactive session refresh successful
2025-11-28 05:35:05 | INFO | equity_bot | SESSION | Using cached session status (checked 281s ago)
2025-11-28 05:40:04 | INFO | equity_bot | SESSION | Performing lightweight session validation
2025-11-28 05:40:04 | INFO | equity_bot | RATE_LIMIT_WAIT_START | Waiting for rate limit clearance | endpoint=rmsLimit | timeout_seconds=2.0
2025-11-28 05:40:04 | INFO | equity_bot | API_CALL_DEBUG | About to call rmsLimit with args=(), kwargs={}
2025-11-28 05:40:04 | INFO | equity_bot | API_CALL_DEBUG | rmsLimit returned: {'status': True, 'message': 'SUCCESS', 'errorcode': '', 'data': {'net': '17067.5600', 'availablecash': '17067.5600', 'availableintradaypayin': '0.0000', 'availablelimitmargin': '0.0000', 'collateral': '0.0000', 'm2munrealized': '0.0000', 'm2mrealized': '0.0000', 'utiliseddebits': '0.0000', 'utilisedspan': None, 'utilisedoptionpremium': None, 'utilisedholdingsales': None, 'utilisedexposure': None, 'utilisedturnover': None, 'utilisedpayout': '17067.5600'}}
2025-11-28 05:40:04 | INFO | equity_bot | SESSION | Session valid
2025-11-28 05:45:01 | INFO | equity_bot | SESSION | Using cached session status (checked 298s ago)
2025-11-28 05:45:24 | INFO | equity_bot | SESSION_REFRESH | Proactive refresh triggered (session age: 15.0m)
2025-11-28 05:45:24 | INFO | equity_bot | SESSION | Attempting session refresh with refresh token
2025-11-28 05:45:25 | INFO | equity_bot | SESSION | Session saved to file
2025-11-28 05:45:25 | INFO | equity_bot | SESSION | Session refreshed successfully
2025-11-28 05:45:25 | INFO | equity_bot | SESSION_REFRESH | ✅ Proactive session refresh successful
2025-11-28 05:50:02 | INFO | equity_bot | SESSION | Using cached session status (checked 278s ago)
2025-11-28 05:55:03 | INFO | equity_bot | SESSION | Performing lightweight session validation
2025-11-28 05:55:03 | INFO | equity_bot | RATE_LIMIT_WAIT_START | Waiting for rate limit clearance | endpoint=rmsLimit | timeout_seconds=2.0
2025-11-28 05:55:03 | INFO | equity_bot | API_CALL_DEBUG | About to call rmsLimit with args=(), kwargs={}
2025-11-28 05:55:03 | INFO | equity_bot | API_CALL_DEBUG | rmsLimit returned: {'status': True, 'message': 'SUCCESS', 'errorcode': '', 'data': {'net': '17067.5600', 'availablecash': '17067.5600', 'availableintradaypayin': '0.0000', 'availablelimitmargin': '0.0000', 'collateral': '0.0000', 'm2munrealized': '0.0000', 'm2mrealized': '0.0000', 'utiliseddebits': '0.0000', 'utilisedspan': None, 'utilisedoptionpremium': None, 'utilisedholdingsales': None, 'utilisedexposure': None, 'utilisedturnover': None, 'utilisedpayout': '17067.5600'}}
2025-11-28 05:55:03 | INFO | equity_bot | SESSION | Session valid
2025-11-28 06:00:01 | INFO | equity_bot | SESSION | Using cached session status (checked 298s ago)
2025-11-28 06:00:25 | INFO | equity_bot | SESSION_REFRESH | Proactive refresh triggered (session age: 15.0m)
2025-11-28 06:00:25 | INFO | equity_bot | SESSION | Attempting session refresh with refresh token
2025-11-28 06:00:25 | INFO | equity_bot | SESSION | Session saved to file
2025-11-28 06:00:25 | INFO | equity_bot | SESSION | Session refreshed successfully
2025-11-28 06:00:25 | INFO | equity_bot | SESSION_REFRESH | ✅ Proactive session refresh successful
2025-11-28 06:05:05 | INFO | equity_bot | SESSION | Using cached session status (checked 280s ago)
2025-11-28 06:10:04 | INFO | equity_bot | SESSION | Performing lightweight session validation
2025-11-28 06:10:04 | INFO | equity_bot | RATE_LIMIT_WAIT_START | Waiting for rate limit clearance | endpoint=rmsLimit | timeout_seconds=2.0
2025-11-28 06:10:04 | INFO | equity_bot | API_CALL_DEBUG | About to call rmsLimit with args=(), kwargs={}
2025-11-28 06:10:04 | INFO | equity_bot | API_CALL_DEBUG | rmsLimit returned: {'status': True, 'message': 'SUCCESS', 'errorcode': '', 'data': {'net': '17067.5600', 'availablecash': '17067.5600', 'availableintradaypayin': '0.0000', 'availablelimitmargin': '0.0000', 'collateral': '0.0000', 'm2munrealized': '0.0000', 'm2mrealized': '0.0000', 'utiliseddebits': '0.0000', 'utilisedspan': None, 'utilisedoptionpremium': None, 'utilisedholdingsales': None, 'utilisedexposure': None, 'utilisedturnover': None, 'utilisedpayout': '17067.5600'}}
2025-11-28 06:10:04 | INFO | equity_bot | SESSION | Session valid
2025-11-28 06:15:01 | INFO | equity_bot | SESSION | Using cached session status (checked 296s ago)
2025-11-28 06:15:25 | INFO | equity_bot | SESSION_REFRESH | Proactive refresh triggered (session age: 15.0m)
2025-11-28 06:15:25 | INFO | equity_bot | SESSION | Attempting session refresh with refresh token
2025-11-28 06:15:25 | INFO | equity_bot | SESSION | Session saved to file
2025-11-28 06:15:25 | INFO | equity_bot | SESSION | Session refreshed successfully
2025-11-28 06:15:25 | INFO | equity_bot | SESSION_REFRESH | ✅ Proactive session refresh successful
2025-11-28 06:20:01 | INFO | equity_bot | SESSION | Using cached session status (checked 276s ago)
2025-11-28 06:25:01 | INFO | equity_bot | SESSION | Performing lightweight session validation
2025-11-28 06:25:01 | INFO | equity_bot | RATE_LIMIT_WAIT_START | Waiting for rate limit clearance | endpoint=rmsLimit | timeout_seconds=2.0
2025-11-28 06:25:01 | INFO | equity_bot | API_CALL_DEBUG | About to call rmsLimit with args=(), kwargs={}
2025-11-28 06:25:01 | INFO | equity_bot | API_CALL_DEBUG | rmsLimit returned: {'status': True, 'message': 'SUCCESS', 'errorcode': '', 'data': {'net': '17067.5600', 'availablecash': '17067.5600', 'availableintradaypayin': '0.0000', 'availablelimitmargin': '0.0000', 'collateral': '0.0000', 'm2munrealized': '0.0000', 'm2mrealized': '0.0000', 'utiliseddebits': '0.0000', 'utilisedspan': None, 'utilisedoptionpremium': None, 'utilisedholdingsales': None, 'utilisedexposure': None, 'utilisedturnover': None, 'utilisedpayout': '17067.5600'}}
2025-11-28 06:25:01 | INFO | equity_bot | SESSION | Session valid
2025-11-28 06:30:02 | INFO | equity_bot | SESSION | Performing lightweight session validation
2025-11-28 06:30:02 | INFO | equity_bot | RATE_LIMIT_WAIT_START | Waiting for rate limit clearance | endpoint=rmsLimit | timeout_seconds=2.0
2025-11-28 06:30:02 | INFO | equity_bot | API_CALL_DEBUG | About to call rmsLimit with args=(), kwargs={}
2025-11-28 06:30:02 | INFO | equity_bot | API_CALL_DEBUG | rmsLimit returned: {'status': True, 'message': 'SUCCESS', 'errorcode': '', 'data': {'net': '17067.5600', 'availablecash': '17067.5600', 'availableintradaypayin': '0.0000', 'availablelimitmargin': '0.0000', 'collateral': '0.0000', 'm2munrealized': '0.0000', 'm2mrealized': '0.0000', 'utiliseddebits': '0.0000', 'utilisedspan': None, 'utilisedoptionpremium': None, 'utilisedholdingsales': None, 'utilisedexposure': None, 'utilisedturnover': None, 'utilisedpayout': '17067.5600'}}
2025-11-28 06:30:02 | INFO | equity_bot | SESSION | Session valid
2025-11-28 06:30:25 | INFO | equity_bot | SESSION_REFRESH | Proactive refresh triggered (session age: 15.0m)
2025-11-28 06:30:25 | INFO | equity_bot | SESSION | Attempting session refresh with refresh token
2025-11-28 06:30:25 | INFO | equity_bot | SESSION | Session saved to file
2025-11-28 06:30:25 | INFO | equity_bot | SESSION | Session refreshed successfully
2025-11-28 06:30:25 | INFO | equity_bot | SESSION_REFRESH | ✅ Proactive session refresh successful
2025-11-28 06:35:05 | INFO | equity_bot | SESSION | Using cached session status (checked 279s ago)
2025-11-28 06:40:04 | INFO | equity_bot | SESSION | Performing lightweight session validation
2025-11-28 06:40:04 | INFO | equity_bot | RATE_LIMIT_WAIT_START | Waiting for rate limit clearance | endpoint=rmsLimit | timeout_seconds=2.0
2025-11-28 06:40:04 | INFO | equity_bot | API_CALL_DEBUG | About to call rmsLimit with args=(), kwargs={}
2025-11-28 06:40:04 | INFO | equity_bot | API_CALL_DEBUG | rmsLimit returned: {'status': True, 'message': 'SUCCESS', 'errorcode': '', 'data': {'net': '17067.5600', 'availablecash': '17067.5600', 'availableintradaypayin': '0.0000', 'availablelimitmargin': '0.0000', 'collateral': '0.0000', 'm2munrealized': '0.0000', 'm2mrealized': '0.0000', 'utiliseddebits': '0.0000', 'utilisedspan': None, 'utilisedoptionpremium': None, 'utilisedholdingsales': None, 'utilisedexposure': None, 'utilisedturnover': None, 'utilisedpayout': '17067.5600'}}
2025-11-28 06:40:04 | INFO | equity_bot | SESSION | Session valid
2025-11-28 06:45:01 | INFO | equity_bot | SESSION | Using cached session status (checked 297s ago)
2025-11-28 06:45:25 | INFO | equity_bot | SESSION_REFRESH | Proactive refresh triggered (session age: 15.0m)
2025-11-28 06:45:25 | INFO | equity_bot | SESSION | Attempting session refresh with refresh token
2025-11-28 06:45:26 | INFO | equity_bot | SESSION | Session saved to file
2025-11-28 06:45:26 | INFO | equity_bot | SESSION | Session refreshed successfully
2025-11-28 06:45:26 | INFO | equity_bot | SESSION_REFRESH | ✅ Proactive session refresh successful
2025-11-28 06:50:04 | INFO | equity_bot | SESSION | Using cached session status (checked 279s ago)
2025-11-28 06:55:01 | INFO | equity_bot | SESSION | Performing lightweight session validation
2025-11-28 06:55:01 | INFO | equity_bot | RATE_LIMIT_WAIT_START | Waiting for rate limit clearance | endpoint=rmsLimit | timeout_seconds=2.0
2025-11-28 06:55:01 | INFO | equity_bot | API_CALL_DEBUG | About to call rmsLimit with args=(), kwargs={}
2025-11-28 06:55:01 | INFO | equity_bot | API_CALL_DEBUG | rmsLimit returned: {'status': True, 'message': 'SUCCESS', 'errorcode': '', 'data': {'net': '17067.5600', 'availablecash': '17067.5600', 'availableintradaypayin': '0.0000', 'availablelimitmargin': '0.0000', 'collateral': '0.0000', 'm2munrealized': '0.0000', 'm2mrealized': '0.0000', 'utiliseddebits': '0.0000', 'utilisedspan': None, 'utilisedoptionpremium': None, 'utilisedholdingsales': None, 'utilisedexposure': None, 'utilisedturnover': None, 'utilisedpayout': '17067.5600'}}
2025-11-28 06:55:01 | INFO | equity_bot | SESSION | Session valid
2025-11-28 07:00:05 | INFO | equity_bot | SESSION | Performing lightweight session validation
2025-11-28 07:00:05 | INFO | equity_bot | RATE_LIMIT_WAIT_START | Waiting for rate limit clearance | endpoint=rmsLimit | timeout_seconds=2.0
2025-11-28 07:00:05 | INFO | equity_bot | API_CALL_DEBUG | About to call rmsLimit with args=(), kwargs={}
2025-11-28 07:00:05 | INFO | equity_bot | API_CALL_DEBUG | rmsLimit returned: {'status': True, 'message': 'SUCCESS', 'errorcode': '', 'data': {'net': '17067.5600', 'availablecash': '17067.5600', 'availableintradaypayin': '0.0000', 'availablelimitmargin': '0.0000', 'collateral': '0.0000', 'm2munrealized': '0.0000', 'm2mrealized': '0.0000', 'utiliseddebits': '0.0000', 'utilisedspan': None, 'utilisedoptionpremium': None, 'utilisedholdingsales': None, 'utilisedexposure': None, 'utilisedturnover': None, 'utilisedpayout': '17067.5600'}}
2025-11-28 07:00:05 | INFO | equity_bot | SESSION | Session valid
2025-11-28 07:00:26 | INFO | equity_bot | SESSION_REFRESH | Proactive refresh triggered (session age: 15.0m)
2025-11-28 07:00:26 | INFO | equity_bot | SESSION | Attempting session refresh with refresh token
2025-11-28 07:00:26 | INFO | equity_bot | SESSION | Session saved to file
2025-11-28 07:00:26 | INFO | equity_bot | SESSION | Session refreshed successfully
2025-11-28 07:00:26 | INFO | equity_bot | SESSION_REFRESH | ✅ Proactive session refresh successful
2025-11-28 07:05:04 | INFO | equity_bot | SESSION | Using cached session status (checked 278s ago)
2025-11-28 07:10:02 | INFO | equity_bot | SESSION | Performing lightweight session validation
2025-11-28 07:10:02 | INFO | equity_bot | RATE_LIMIT_WAIT_START | Waiting for rate limit clearance | endpoint=rmsLimit | timeout_seconds=2.0
2025-11-28 07:10:02 | INFO | equity_bot | API_CALL_DEBUG | About to call rmsLimit with args=(), kwargs={}
2025-11-28 07:10:02 | INFO | equity_bot | API_CALL_DEBUG | rmsLimit returned: {'status': True, 'message': 'SUCCESS', 'errorcode': '', 'data': {'net': '17067.5600', 'availablecash': '17067.5600', 'availableintradaypayin': '0.0000', 'availablelimitmargin': '0.0000', 'collateral': '0.0000', 'm2munrealized': '0.0000', 'm2mrealized': '0.0000', 'utiliseddebits': '0.0000', 'utilisedspan': None, 'utilisedoptionpremium': None, 'utilisedholdingsales': None, 'utilisedexposure': None, 'utilisedturnover': None, 'utilisedpayout': '17067.5600'}}
2025-11-28 07:10:02 | INFO | equity_bot | SESSION | Session valid
2025-11-28 07:15:04 | INFO | equity_bot | SESSION | Performing lightweight session validation
2025-11-28 07:15:04 | INFO | equity_bot | RATE_LIMIT_WAIT_START | Waiting for rate limit clearance | endpoint=rmsLimit | timeout_seconds=2.0
2025-11-28 07:15:04 | INFO | equity_bot | API_CALL_DEBUG | About to call rmsLimit with args=(), kwargs={}
2025-11-28 07:15:05 | INFO | equity_bot | API_CALL_DEBUG | rmsLimit returned: {'status': True, 'message': 'SUCCESS', 'errorcode': '', 'data': {'net': '17067.5600', 'availablecash': '17067.5600', 'availableintradaypayin': '0.0000', 'availablelimitmargin': '0.0000', 'collateral': '0.0000', 'm2munrealized': '0.0000', 'm2mrealized': '0.0000', 'utiliseddebits': '0.0000', 'utilisedspan': None, 'utilisedoptionpremium': None, 'utilisedholdingsales': None, 'utilisedexposure': None, 'utilisedturnover': None, 'utilisedpayout': '17067.5600'}}
2025-11-28 07:15:05 | INFO | equity_bot | SESSION | Session valid
2025-11-28 07:15:26 | INFO | equity_bot | SESSION_REFRESH | Proactive refresh triggered (session age: 15.0m)
2025-11-28 07:15:26 | INFO | equity_bot | SESSION | Attempting session refresh with refresh token
2025-11-28 07:15:26 | INFO | equity_bot | SESSION | Session saved to file
2025-11-28 07:15:26 | INFO | equity_bot | SESSION | Session refreshed successfully
2025-11-28 07:15:26 | INFO | equity_bot | SESSION_REFRESH | ✅ Proactive session refresh successful
2025-11-28 07:20:01 | INFO | equity_bot | SESSION | Using cached session status (checked 275s ago)
2025-11-28 07:25:02 | INFO | equity_bot | SESSION | Performing lightweight session validation
2025-11-28 07:25:02 | INFO | equity_bot | RATE_LIMIT_WAIT_START | Waiting for rate limit clearance | endpoint=rmsLimit | timeout_seconds=2.0
2025-11-28 07:25:02 | INFO | equity_bot | API_CALL_DEBUG | About to call rmsLimit with args=(), kwargs={}
2025-11-28 07:25:02 | INFO | equity_bot | API_CALL_DEBUG | rmsLimit returned: {'status': True, 'message': 'SUCCESS', 'errorcode': '', 'data': {'net': '17067.5600', 'availablecash': '17067.5600', 'availableintradaypayin': '0.0000', 'availablelimitmargin': '0.0000', 'collateral': '0.0000', 'm2munrealized': '0.0000', 'm2mrealized': '0.0000', 'utiliseddebits': '0.0000', 'utilisedspan': None, 'utilisedoptionpremium': None, 'utilisedholdingsales': None, 'utilisedexposure': None, 'utilisedturnover': None, 'utilisedpayout': '17067.5600'}}
2025-11-28 07:25:02 | INFO | equity_bot | SESSION | Session valid
2025-11-28 07:30:04 | INFO | equity_bot | SESSION | Performing lightweight session validation
2025-11-28 07:30:04 | INFO | equity_bot | RATE_LIMIT_WAIT_START | Waiting for rate limit clearance | endpoint=rmsLimit | timeout_seconds=2.0
2025-11-28 07:30:04 | INFO | equity_bot | API_CALL_DEBUG | About to call rmsLimit with args=(), kwargs={}
2025-11-28 07:30:04 | INFO | equity_bot | API_CALL_DEBUG | rmsLimit returned: {'status': True, 'message': 'SUCCESS', 'errorcode': '', 'data': {'net': '17067.5600', 'availablecash': '17067.5600', 'availableintradaypayin': '0.0000', 'availablelimitmargin': '0.0000', 'collateral': '0.0000', 'm2munrealized': '0.0000', 'm2mrealized': '0.0000', 'utiliseddebits': '0.0000', 'utilisedspan': None, 'utilisedoptionpremium': None, 'utilisedholdingsales': None, 'utilisedexposure': None, 'utilisedturnover': None, 'utilisedpayout': '17067.5600'}}
2025-11-28 07:30:04 | INFO | equity_bot | SESSION | Session valid
2025-11-28 07:30:26 | INFO | equity_bot | SESSION_REFRESH | Proactive refresh triggered (session age: 15.0m)
2025-11-28 07:30:26 | INFO | equity_bot | SESSION | Attempting session refresh with refresh token
2025-11-28 07:30:26 | INFO | equity_bot | SESSION | Session saved to file
2025-11-28 07:30:26 | INFO | equity_bot | SESSION | Session refreshed successfully
2025-11-28 07:30:26 | INFO | equity_bot | SESSION_REFRESH | ✅ Proactive session refresh successful
2025-11-28 07:35:01 | INFO | equity_bot | SESSION | Using cached session status (checked 275s ago)
2025-11-28 07:40:03 | INFO | equity_bot | SESSION | Performing lightweight session validation
2025-11-28 07:40:03 | INFO | equity_bot | RATE_LIMIT_WAIT_START | Waiting for rate limit clearance | endpoint=rmsLimit | timeout_seconds=2.0
2025-11-28 07:40:03 | INFO | equity_bot | API_CALL_DEBUG | About to call rmsLimit with args=(), kwargs={}
2025-11-28 07:40:03 | INFO | equity_bot | API_CALL_DEBUG | rmsLimit returned: {'status': True, 'message': 'SUCCESS', 'errorcode': '', 'data': {'net': '17067.5600', 'availablecash': '17067.5600', 'availableintradaypayin': '0.0000', 'availablelimitmargin': '0.0000', 'collateral': '0.0000', 'm2munrealized': '0.0000', 'm2mrealized': '0.0000', 'utiliseddebits': '0.0000', 'utilisedspan': None, 'utilisedoptionpremium': None, 'utilisedholdingsales': None, 'utilisedexposure': None, 'utilisedturnover': None, 'utilisedpayout': '17067.5600'}}
2025-11-28 07:40:03 | INFO | equity_bot | SESSION | Session valid
2025-11-28 07:45:03 | INFO | equity_bot | SESSION | Performing lightweight session validation
2025-11-28 07:45:03 | INFO | equity_bot | RATE_LIMIT_WAIT_START | Waiting for rate limit clearance | endpoint=rmsLimit | timeout_seconds=2.0
2025-11-28 07:45:03 | INFO | equity_bot | API_CALL_DEBUG | About to call rmsLimit with args=(), kwargs={}
2025-11-28 07:45:04 | INFO | equity_bot | API_CALL_DEBUG | rmsLimit returned: {'status': True, 'message': 'SUCCESS', 'errorcode': '', 'data': {'net': '17067.5600', 'availablecash': '17067.5600', 'availableintradaypayin': '0.0000', 'availablelimitmargin': '0.0000', 'collateral': '0.0000', 'm2munrealized': '0.0000', 'm2mrealized': '0.0000', 'utiliseddebits': '0.0000', 'utilisedspan': None, 'utilisedoptionpremium': None, 'utilisedholdingsales': None, 'utilisedexposure': None, 'utilisedturnover': None, 'utilisedpayout': '17067.5600'}}
2025-11-28 07:45:04 | INFO | equity_bot | SESSION | Session valid
2025-11-28 07:45:26 | INFO | equity_bot | SESSION_REFRESH | Proactive refresh triggered (session age: 15.0m)
2025-11-28 07:45:26 | INFO | equity_bot | SESSION | Attempting session refresh with refresh token
2025-11-28 07:45:27 | INFO | equity_bot | SESSION | Session saved to file
2025-11-28 07:45:27 | INFO | equity_bot | SESSION | Session refreshed successfully
2025-11-28 07:45:27 | INFO | equity_bot | SESSION_REFRESH | ✅ Proactive session refresh successful
2025-11-28 07:50:01 | INFO | equity_bot | SESSION | Using cached session status (checked 274s ago)
2025-11-28 07:55:04 | INFO | equity_bot | SESSION | Performing lightweight session validation
2025-11-28 07:55:04 | INFO | equity_bot | RATE_LIMIT_WAIT_START | Waiting for rate limit clearance | endpoint=rmsLimit | timeout_seconds=2.0
2025-11-28 07:55:04 | INFO | equity_bot | API_CALL_DEBUG | About to call rmsLimit with args=(), kwargs={}
2025-11-28 07:55:04 | INFO | equity_bot | API_CALL_DEBUG | rmsLimit returned: {'status': True, 'message': 'SUCCESS', 'errorcode': '', 'data': {'net': '17067.5600', 'availablecash': '17067.5600', 'availableintradaypayin': '0.0000', 'availablelimitmargin': '0.0000', 'collateral': '0.0000', 'm2munrealized': '0.0000', 'm2mrealized': '0.0000', 'utiliseddebits': '0.0000', 'utilisedspan': None, 'utilisedoptionpremium': None, 'utilisedholdingsales': None, 'utilisedexposure': None, 'utilisedturnover': None, 'utilisedpayout': '17067.5600'}}
2025-11-28 07:55:04 | INFO | equity_bot | SESSION | Session valid
2025-11-28 08:00:05 | INFO | equity_bot | SESSION | Performing lightweight session validation
2025-11-28 08:00:05 | INFO | equity_bot | RATE_LIMIT_WAIT_START | Waiting for rate limit clearance | endpoint=rmsLimit | timeout_seconds=2.0
2025-11-28 08:00:05 | INFO | equity_bot | API_CALL_DEBUG | About to call rmsLimit with args=(), kwargs={}
2025-11-28 08:00:05 | INFO | equity_bot | API_CALL_DEBUG | rmsLimit returned: {'status': True, 'message': 'SUCCESS', 'errorcode': '', 'data': {'net': '17067.5600', 'availablecash': '17067.5600', 'availableintradaypayin': '0.0000', 'availablelimitmargin': '0.0000', 'collateral': '0.0000', 'm2munrealized': '0.0000', 'm2mrealized': '0.0000', 'utiliseddebits': '0.0000', 'utilisedspan': None, 'utilisedoptionpremium': None, 'utilisedholdingsales': None, 'utilisedexposure': None, 'utilisedturnover': None, 'utilisedpayout': '17067.5600'}}
2025-11-28 08:00:05 | INFO | equity_bot | SESSION | Session valid
2025-11-28 08:00:27 | INFO | equity_bot | SESSION_REFRESH | Proactive refresh triggered (session age: 15.0m)
2025-11-28 08:00:27 | INFO | equity_bot | SESSION | Attempting session refresh with refresh token
2025-11-28 08:00:27 | INFO | equity_bot | SESSION | Session saved to file
2025-11-28 08:00:27 | INFO | equity_bot | SESSION | Session refreshed successfully
2025-11-28 08:00:27 | INFO | equity_bot | SESSION_REFRESH | ✅ Proactive session refresh successful
2025-11-28 08:05:03 | INFO | equity_bot | SESSION | Using cached session status (checked 276s ago)
2025-11-28 08:10:01 | INFO | equity_bot | SESSION | Performing lightweight session validation
2025-11-28 08:10:01 | INFO | equity_bot | RATE_LIMIT_WAIT_START | Waiting for rate limit clearance | endpoint=rmsLimit | timeout_seconds=2.0
2025-11-28 08:10:01 | INFO | equity_bot | API_CALL_DEBUG | About to call rmsLimit with args=(), kwargs={}
2025-11-28 08:10:01 | INFO | equity_bot | API_CALL_DEBUG | rmsLimit returned: {'status': True, 'message': 'SUCCESS', 'errorcode': '', 'data': {'net': '17067.5600', 'availablecash': '17067.5600', 'availableintradaypayin': '0.0000', 'availablelimitmargin': '0.0000', 'collateral': '0.0000', 'm2munrealized': '0.0000', 'm2mrealized': '0.0000', 'utiliseddebits': '0.0000', 'utilisedspan': None, 'utilisedoptionpremium': None, 'utilisedholdingsales': None, 'utilisedexposure': None, 'utilisedturnover': None, 'utilisedpayout': '17067.5600'}}
2025-11-28 08:10:01 | INFO | equity_bot | SESSION | Session valid
2025-11-28 08:15:01 | INFO | equity_bot | SESSION | Performing lightweight session validation
2025-11-28 08:15:01 | INFO | equity_bot | RATE_LIMIT_WAIT_START | Waiting for rate limit clearance | endpoint=rmsLimit | timeout_seconds=2.0
2025-11-28 08:15:01 | INFO | equity_bot | API_CALL_DEBUG | About to call rmsLimit with args=(), kwargs={}
2025-11-28 08:15:01 | INFO | equity_bot | API_CALL_DEBUG | rmsLimit returned: {'status': True, 'message': 'SUCCESS', 'errorcode': '', 'data': {'net': '17067.5600', 'availablecash': '17067.5600', 'availableintradaypayin': '0.0000', 'availablelimitmargin': '0.0000', 'collateral': '0.0000', 'm2munrealized': '0.0000', 'm2mrealized': '0.0000', 'utiliseddebits': '0.0000', 'utilisedspan': None, 'utilisedoptionpremium': None, 'utilisedholdingsales': None, 'utilisedexposure': None, 'utilisedturnover': None, 'utilisedpayout': '17067.5600'}}
2025-11-28 08:15:01 | INFO | equity_bot | SESSION | Session valid
2025-11-28 08:15:27 | INFO | equity_bot | SESSION_REFRESH | Proactive refresh triggered (session age: 15.0m)
2025-11-28 08:15:27 | INFO | equity_bot | SESSION | Attempting session refresh with refresh token
2025-11-28 08:15:27 | INFO | equity_bot | SESSION | Session saved to file
2025-11-28 08:15:27 | INFO | equity_bot | SESSION | Session refreshed successfully
2025-11-28 08:15:27 | INFO | equity_bot | SESSION_REFRESH | ✅ Proactive session refresh successful
2025-11-28 08:20:03 | INFO | equity_bot | SESSION | Using cached session status (checked 276s ago)
2025-11-28 08:25:05 | INFO | equity_bot | SESSION | Performing lightweight session validation
2025-11-28 08:25:05 | INFO | equity_bot | RATE_LIMIT_WAIT_START | Waiting for rate limit clearance | endpoint=rmsLimit | timeout_seconds=2.0
2025-11-28 08:25:05 | INFO | equity_bot | API_CALL_DEBUG | About to call rmsLimit with args=(), kwargs={}
2025-11-28 08:25:05 | INFO | equity_bot | API_CALL_DEBUG | rmsLimit returned: {'status': True, 'message': 'SUCCESS', 'errorcode': '', 'data': {'net': '17067.5600', 'availablecash': '17067.5600', 'availableintradaypayin': '0.0000', 'availablelimitmargin': '0.0000', 'collateral': '0.0000', 'm2munrealized': '0.0000', 'm2mrealized': '0.0000', 'utiliseddebits': '0.0000', 'utilisedspan': None, 'utilisedoptionpremium': None, 'utilisedholdingsales': None, 'utilisedexposure': None, 'utilisedturnover': None, 'utilisedpayout': '17067.5600'}}
2025-11-28 08:25:05 | INFO | equity_bot | SESSION | Session valid
2025-11-28 08:30:04 | INFO | equity_bot | SESSION | Using cached session status (checked 300s ago)
2025-11-28 08:30:27 | INFO | equity_bot | SESSION_REFRESH | Proactive refresh triggered (session age: 15.0m)
2025-11-28 08:30:27 | INFO | equity_bot | SESSION | Attempting session refresh with refresh token
2025-11-28 08:30:28 | INFO | equity_bot | SESSION | Session saved to file
2025-11-28 08:30:28 | INFO | equity_bot | SESSION | Session refreshed successfully
2025-11-28 08:30:28 | INFO | equity_bot | SESSION_REFRESH | ✅ Proactive session refresh successful
2025-11-28 08:35:03 | INFO | equity_bot | SESSION | Using cached session status (checked 276s ago)
2025-11-28 08:40:04 | INFO | equity_bot | SESSION | Performing lightweight session validation
2025-11-28 08:40:04 | INFO | equity_bot | RATE_LIMIT_WAIT_START | Waiting for rate limit clearance | endpoint=rmsLimit | timeout_seconds=2.0
2025-11-28 08:40:04 | INFO | equity_bot | API_CALL_DEBUG | About to call rmsLimit with args=(), kwargs={}
2025-11-28 08:40:04 | INFO | equity_bot | API_CALL_DEBUG | rmsLimit returned: {'status': True, 'message': 'SUCCESS', 'errorcode': '', 'data': {'net': '17067.5600', 'availablecash': '17067.5600', 'availableintradaypayin': '0.0000', 'availablelimitmargin': '0.0000', 'collateral': '0.0000', 'm2munrealized': '0.0000', 'm2mrealized': '0.0000', 'utiliseddebits': '0.0000', 'utilisedspan': None, 'utilisedoptionpremium': None, 'utilisedholdingsales': None, 'utilisedexposure': None, 'utilisedturnover': None, 'utilisedpayout': '17067.5600'}}
2025-11-28 08:40:04 | INFO | equity_bot | SESSION | Session valid
2025-11-28 08:45:01 | INFO | equity_bot | SESSION | Using cached session status (checked 297s ago)
2025-11-28 08:45:28 | INFO | equity_bot | SESSION_REFRESH | Proactive refresh triggered (session age: 15.0m)
2025-11-28 08:45:28 | INFO | equity_bot | SESSION | Attempting session refresh with refresh token
2025-11-28 08:45:28 | INFO | equity_bot | SESSION | Session saved to file
2025-11-28 08:45:28 | INFO | equity_bot | SESSION | Session refreshed successfully
2025-11-28 08:45:28 | INFO | equity_bot | SESSION_REFRESH | ✅ Proactive session refresh successful
2025-11-28 08:50:03 | INFO | equity_bot | SESSION | Using cached session status (checked 276s ago)
2025-11-28 08:55:04 | INFO | equity_bot | SESSION | Performing lightweight session validation
2025-11-28 08:55:04 | INFO | equity_bot | RATE_LIMIT_WAIT_START | Waiting for rate limit clearance | endpoint=rmsLimit | timeout_seconds=2.0
2025-11-28 08:55:04 | INFO | equity_bot | API_CALL_DEBUG | About to call rmsLimit with args=(), kwargs={}
2025-11-28 08:55:04 | INFO | equity_bot | API_CALL_DEBUG | rmsLimit returned: {'status': True, 'message': 'SUCCESS', 'errorcode': '', 'data': {'net': '17067.5600', 'availablecash': '17067.5600', 'availableintradaypayin': '0.0000', 'availablelimitmargin': '0.0000', 'collateral': '0.0000', 'm2munrealized': '0.0000', 'm2mrealized': '0.0000', 'utiliseddebits': '0.0000', 'utilisedspan': None, 'utilisedoptionpremium': None, 'utilisedholdingsales': None, 'utilisedexposure': None, 'utilisedturnover': None, 'utilisedpayout': '17067.5600'}}
2025-11-28 08:55:04 | INFO | equity_bot | SESSION | Session valid
2025-11-28 09:00:01 | INFO | equity_bot | SESSION | Using cached session status (checked 297s ago)
2025-11-28 09:00:28 | INFO | equity_bot | SESSION_REFRESH | Proactive refresh triggered (session age: 15.0m)
2025-11-28 09:00:28 | INFO | equity_bot | SESSION | Attempting session refresh with refresh token
2025-11-28 09:00:28 | INFO | equity_bot | SESSION | Session saved to file
2025-11-28 09:00:28 | INFO | equity_bot | SESSION | Session refreshed successfully
2025-11-28 09:00:28 | INFO | equity_bot | SESSION_REFRESH | ✅ Proactive session refresh successful
