2025-11-27 09:05:05 | INFO | STARTUP | Logging initialized | log_dir=/root/santhosh/trading/equity/logs/2025-11-27
2025-11-27 09:05:06 | INFO | STARTUP | Logging initialized | log_dir=/root/santhosh/trading/equity/logs/2025-11-27
2025-11-27 09:05:07 | INFO | FEEDBACK_INIT | PerformanceFeedback initialized for adaptive trading
2025-11-27 09:05:07 | INFO | MONITOR | Backed up stale positions.json to positions.json.startup_1764214507
2025-11-27 09:05:07 | INFO | MONITOR | ✓ Cleared stale positions.json - will rebuild from broker holdings
2025-11-27 09:05:07 | INFO | MONITOR | Skipping file load - broker will be source of truth
2025-11-27 09:05:07 | INFO | HOLDINGS_SYNC | Fetching positions and holdings from broker...
2025-11-27 09:05:07 | INFO | HOLDINGS_SYNC | No positions or holdings found at broker
2025-11-27 09:05:07 | INFO | MONITOR | Position monitoring started with bucketed LTP checking
2025-11-27 09:05:07 | INFO | MONITOR | Event loop thread started
2025-11-27 09:05:07 | INFO | MONITOR | Event loop started successfully for priority queue
2025-11-27 09:05:08 | INFO | STARTUP | Logging initialized | log_dir=/root/santhosh/trading/equity/logs/2025-11-27
2025-11-27 09:05:08 | INFO | MONITOR | Priority API queue enabled and started
2025-11-27 09:05:08 | INFO | SL_RETRY | SL retry thread started - waiting 30s before initial placement (conserve startup API quota)
2025-11-27 09:05:08 | INFO | SL_RETRY | SL retry thread started successfully
2025-11-27 09:05:08 | INFO | MONITOR_SLEEP | Sleeping for 20s (base=20s, consecutive_errors=0, monitoring_suspended=False)
2025-11-27 09:05:08 | INFO | FEEDBACK_INIT | PerformanceFeedback initialized for adaptive trading
2025-11-27 09:05:08 | INFO | MONITOR | Backed up stale positions.json to positions.json.startup_1764214508
2025-11-27 09:05:08 | INFO | MONITOR | ✓ Cleared stale positions.json - will rebuild from broker holdings
2025-11-27 09:05:08 | INFO | MONITOR | Skipping file load - broker will be source of truth
2025-11-27 09:05:08 | INFO | HOLDINGS_SYNC | Fetching positions and holdings from broker...
2025-11-27 09:05:08 | INFO | HOLDINGS_SYNC | No positions or holdings found at broker
2025-11-27 09:05:08 | INFO | MONITOR | Position monitoring started with bucketed LTP checking
2025-11-27 09:05:08 | INFO | MONITOR | Event loop thread started
2025-11-27 09:05:09 | INFO | MONITOR | Event loop started successfully for priority queue
2025-11-27 09:05:24 | INFO | STARTUP | Logging initialized | log_dir=/root/santhosh/trading/equity/logs/2025-11-27
2025-11-27 09:05:25 | INFO | FEEDBACK_INIT | PerformanceFeedback initialized for adaptive trading
2025-11-27 09:05:25 | INFO | MONITOR | Backed up stale positions.json to positions.json.startup_1764214525
2025-11-27 09:05:25 | INFO | MONITOR | ✓ Cleared stale positions.json - will rebuild from broker holdings
2025-11-27 09:05:25 | INFO | MONITOR | Skipping file load - broker will be source of truth
2025-11-27 09:05:25 | INFO | HOLDINGS_SYNC | Fetching positions and holdings from broker...
2025-11-27 09:05:25 | INFO | HOLDINGS_SYNC | No positions or holdings found at broker
2025-11-27 09:05:25 | INFO | MONITOR | Position monitoring started with bucketed LTP checking
2025-11-27 09:05:25 | INFO | MONITOR | Event loop thread started
2025-11-27 09:05:25 | INFO | MONITOR | Event loop started successfully for priority queue
2025-11-27 09:05:28 | INFO | MONITOR_SLEEP | Sleeping for 20s (base=20s, consecutive_errors=0, monitoring_suspended=False)
2025-11-27 09:05:38 | INFO | SL_RETRY | SL retry thread active - conservative mode (1 SL per 20s, max 10 retries)
2025-11-27 09:05:41 | INFO | STARTUP | Logging initialized | log_dir=/root/santhosh/trading/equity/logs/2025-11-27
2025-11-27 09:05:41 | INFO | FEEDBACK_INIT | PerformanceFeedback initialized for adaptive trading
2025-11-27 09:05:41 | INFO | MONITOR | Backed up stale positions.json to positions.json.startup_1764214541
2025-11-27 09:05:41 | INFO | MONITOR | ✓ Cleared stale positions.json - will rebuild from broker holdings
2025-11-27 09:05:41 | INFO | MONITOR | Skipping file load - broker will be source of truth
2025-11-27 09:05:41 | INFO | HOLDINGS_SYNC | Fetching positions and holdings from broker...
2025-11-27 09:05:42 | INFO | HOLDINGS_SYNC | No positions or holdings found at broker
2025-11-27 09:05:42 | INFO | MONITOR | Position monitoring started with bucketed LTP checking
2025-11-27 09:05:42 | INFO | MONITOR | Event loop thread started
2025-11-27 09:05:42 | INFO | MONITOR | Event loop started successfully for priority queue
2025-11-27 09:05:48 | INFO | MONITOR_SLEEP | Sleeping for 20s (base=20s, consecutive_errors=0, monitoring_suspended=False)
2025-11-27 09:05:57 | INFO | STARTUP | Logging initialized | log_dir=/root/santhosh/trading/equity/logs/2025-11-27
2025-11-27 09:05:58 | INFO | FEEDBACK_INIT | PerformanceFeedback initialized for adaptive trading
2025-11-27 09:05:58 | INFO | MONITOR | Backed up stale positions.json to positions.json.startup_1764214558
2025-11-27 09:05:58 | INFO | MONITOR | ✓ Cleared stale positions.json - will rebuild from broker holdings
2025-11-27 09:05:58 | INFO | MONITOR | Skipping file load - broker will be source of truth
2025-11-27 09:05:58 | INFO | HOLDINGS_SYNC | Fetching positions and holdings from broker...
2025-11-27 09:05:58 | INFO | HOLDINGS_SYNC | No positions or holdings found at broker
2025-11-27 09:05:58 | INFO | MONITOR | Position monitoring started with bucketed LTP checking
2025-11-27 09:05:58 | INFO | MONITOR | Event loop thread started
2025-11-27 09:05:58 | INFO | MONITOR | Event loop started successfully for priority queue
2025-11-27 09:06:08 | INFO | MONITOR | Paper trades checked (next in 60s)
2025-11-27 09:06:08 | INFO | MONITOR_SLEEP | Sleeping for 20s (base=20s, consecutive_errors=0, monitoring_suspended=False)
2025-11-27 09:06:14 | INFO | STARTUP | Logging initialized | log_dir=/root/santhosh/trading/equity/logs/2025-11-27
2025-11-27 09:06:14 | INFO | FEEDBACK_INIT | PerformanceFeedback initialized for adaptive trading
2025-11-27 09:06:14 | INFO | MONITOR | Backed up stale positions.json to positions.json.startup_1764214574
2025-11-27 09:06:14 | INFO | MONITOR | ✓ Cleared stale positions.json - will rebuild from broker holdings
2025-11-27 09:06:14 | INFO | MONITOR | Skipping file load - broker will be source of truth
2025-11-27 09:06:14 | INFO | HOLDINGS_SYNC | Fetching positions and holdings from broker...
2025-11-27 09:06:15 | INFO | HOLDINGS_SYNC | No positions or holdings found at broker
2025-11-27 09:06:15 | INFO | MONITOR | Position monitoring started with bucketed LTP checking
2025-11-27 09:06:15 | INFO | MONITOR | Event loop thread started
2025-11-27 09:06:15 | INFO | MONITOR | Event loop started successfully for priority queue
2025-11-27 09:06:28 | INFO | MONITOR_SLEEP | Sleeping for 20s (base=20s, consecutive_errors=0, monitoring_suspended=False)
2025-11-27 09:06:30 | INFO | STARTUP | Logging initialized | log_dir=/root/santhosh/trading/equity/logs/2025-11-27
2025-11-27 09:06:31 | INFO | FEEDBACK_INIT | PerformanceFeedback initialized for adaptive trading
2025-11-27 09:06:31 | INFO | MONITOR | Backed up stale positions.json to positions.json.startup_1764214591
2025-11-27 09:06:31 | INFO | MONITOR | ✓ Cleared stale positions.json - will rebuild from broker holdings
2025-11-27 09:06:31 | INFO | MONITOR | Skipping file load - broker will be source of truth
2025-11-27 09:06:31 | INFO | HOLDINGS_SYNC | Fetching positions and holdings from broker...
2025-11-27 09:06:31 | INFO | HOLDINGS_SYNC | No positions or holdings found at broker
2025-11-27 09:06:31 | INFO | MONITOR | Position monitoring started with bucketed LTP checking
2025-11-27 09:06:31 | INFO | MONITOR | Event loop thread started
2025-11-27 09:06:31 | INFO | MONITOR | Event loop started successfully for priority queue
2025-11-27 09:06:47 | INFO | STARTUP | Logging initialized | log_dir=/root/santhosh/trading/equity/logs/2025-11-27
2025-11-27 09:06:47 | INFO | FEEDBACK_INIT | PerformanceFeedback initialized for adaptive trading
2025-11-27 09:06:47 | INFO | MONITOR | Backed up stale positions.json to positions.json.startup_1764214607
2025-11-27 09:06:47 | INFO | MONITOR | ✓ Cleared stale positions.json - will rebuild from broker holdings
2025-11-27 09:06:47 | INFO | MONITOR | Skipping file load - broker will be source of truth
2025-11-27 09:06:47 | INFO | HOLDINGS_SYNC | Fetching positions and holdings from broker...
2025-11-27 09:06:48 | INFO | HOLDINGS_SYNC | No positions or holdings found at broker
2025-11-27 09:06:48 | INFO | MONITOR | Position monitoring started with bucketed LTP checking
2025-11-27 09:06:48 | INFO | MONITOR | Event loop thread started
2025-11-27 09:06:48 | INFO | MONITOR | Event loop started successfully for priority queue
2025-11-27 09:06:48 | INFO | MONITOR_SLEEP | Sleeping for 20s (base=20s, consecutive_errors=0, monitoring_suspended=False)
2025-11-27 09:07:03 | INFO | STARTUP | Logging initialized | log_dir=/root/santhosh/trading/equity/logs/2025-11-27
2025-11-27 09:07:04 | INFO | FEEDBACK_INIT | PerformanceFeedback initialized for adaptive trading
2025-11-27 09:07:04 | INFO | MONITOR | Backed up stale positions.json to positions.json.startup_1764214624
2025-11-27 09:07:04 | INFO | MONITOR | ✓ Cleared stale positions.json - will rebuild from broker holdings
2025-11-27 09:07:04 | INFO | MONITOR | Skipping file load - broker will be source of truth
2025-11-27 09:07:04 | INFO | HOLDINGS_SYNC | Fetching positions and holdings from broker...
2025-11-27 09:07:04 | INFO | HOLDINGS_SYNC | No positions or holdings found at broker
2025-11-27 09:07:04 | INFO | MONITOR | Position monitoring started with bucketed LTP checking
2025-11-27 09:07:04 | INFO | MONITOR | Event loop thread started
2025-11-27 09:07:04 | INFO | MONITOR | Event loop started successfully for priority queue
2025-11-27 09:07:08 | INFO | MONITOR | Paper trades checked (next in 60s)
2025-11-27 09:07:08 | INFO | MONITOR_SLEEP | Sleeping for 20s (base=20s, consecutive_errors=0, monitoring_suspended=False)
2025-11-27 09:07:20 | INFO | STARTUP | Logging initialized | log_dir=/root/santhosh/trading/equity/logs/2025-11-27
2025-11-27 09:07:20 | INFO | FEEDBACK_INIT | PerformanceFeedback initialized for adaptive trading
2025-11-27 09:07:20 | INFO | MONITOR | Backed up stale positions.json to positions.json.startup_1764214640
2025-11-27 09:07:20 | INFO | MONITOR | ✓ Cleared stale positions.json - will rebuild from broker holdings
2025-11-27 09:07:20 | INFO | MONITOR | Skipping file load - broker will be source of truth
2025-11-27 09:07:20 | INFO | HOLDINGS_SYNC | Fetching positions and holdings from broker...
2025-11-27 09:07:21 | INFO | HOLDINGS_SYNC | No positions or holdings found at broker
2025-11-27 09:07:21 | INFO | MONITOR | Position monitoring started with bucketed LTP checking
2025-11-27 09:07:21 | INFO | MONITOR | Event loop thread started
2025-11-27 09:07:21 | INFO | MONITOR | Event loop started successfully for priority queue
2025-11-27 09:07:28 | INFO | MONITOR_SLEEP | Sleeping for 20s (base=20s, consecutive_errors=0, monitoring_suspended=False)
2025-11-27 09:07:36 | INFO | STARTUP | Logging initialized | log_dir=/root/santhosh/trading/equity/logs/2025-11-27
2025-11-27 09:07:37 | INFO | FEEDBACK_INIT | PerformanceFeedback initialized for adaptive trading
2025-11-27 09:07:37 | INFO | MONITOR | Backed up stale positions.json to positions.json.startup_1764214657
2025-11-27 09:07:37 | INFO | MONITOR | ✓ Cleared stale positions.json - will rebuild from broker holdings
2025-11-27 09:07:37 | INFO | MONITOR | Skipping file load - broker will be source of truth
2025-11-27 09:07:37 | INFO | HOLDINGS_SYNC | Fetching positions and holdings from broker...
2025-11-27 09:07:37 | INFO | HOLDINGS_SYNC | No positions or holdings found at broker
2025-11-27 09:07:37 | INFO | MONITOR | Position monitoring started with bucketed LTP checking
2025-11-27 09:07:37 | INFO | MONITOR | Event loop thread started
2025-11-27 09:07:37 | INFO | MONITOR | Event loop started successfully for priority queue
2025-11-27 09:07:48 | INFO | MONITOR_SLEEP | Sleeping for 20s (base=20s, consecutive_errors=0, monitoring_suspended=False)
2025-11-27 09:07:53 | INFO | STARTUP | Logging initialized | log_dir=/root/santhosh/trading/equity/logs/2025-11-27
2025-11-27 09:07:53 | INFO | FEEDBACK_INIT | PerformanceFeedback initialized for adaptive trading
2025-11-27 09:07:53 | INFO | MONITOR | Backed up stale positions.json to positions.json.startup_1764214673
2025-11-27 09:07:53 | INFO | MONITOR | ✓ Cleared stale positions.json - will rebuild from broker holdings
2025-11-27 09:07:53 | INFO | MONITOR | Skipping file load - broker will be source of truth
2025-11-27 09:07:53 | INFO | HOLDINGS_SYNC | Fetching positions and holdings from broker...
2025-11-27 09:07:54 | INFO | HOLDINGS_SYNC | No positions or holdings found at broker
2025-11-27 09:07:54 | INFO | MONITOR | Position monitoring started with bucketed LTP checking
2025-11-27 09:07:54 | INFO | MONITOR | Event loop thread started
2025-11-27 09:07:54 | INFO | MONITOR | Event loop started successfully for priority queue
2025-11-27 09:08:08 | INFO | MONITOR | Paper trades checked (next in 60s)
2025-11-27 09:08:08 | INFO | MONITOR_SLEEP | Sleeping for 20s (base=20s, consecutive_errors=0, monitoring_suspended=False)
2025-11-27 09:08:09 | INFO | STARTUP | Logging initialized | log_dir=/root/santhosh/trading/equity/logs/2025-11-27
2025-11-27 09:08:10 | INFO | FEEDBACK_INIT | PerformanceFeedback initialized for adaptive trading
2025-11-27 09:08:10 | INFO | MONITOR | Backed up stale positions.json to positions.json.startup_1764214690
2025-11-27 09:08:10 | INFO | MONITOR | ✓ Cleared stale positions.json - will rebuild from broker holdings
2025-11-27 09:08:10 | INFO | MONITOR | Skipping file load - broker will be source of truth
2025-11-27 09:08:10 | INFO | HOLDINGS_SYNC | Fetching positions and holdings from broker...
2025-11-27 09:08:10 | INFO | HOLDINGS_SYNC | No positions or holdings found at broker
2025-11-27 09:08:10 | INFO | MONITOR | Position monitoring started with bucketed LTP checking
2025-11-27 09:08:10 | INFO | MONITOR | Event loop thread started
2025-11-27 09:08:10 | INFO | MONITOR | Event loop started successfully for priority queue
2025-11-27 09:08:26 | INFO | STARTUP | Logging initialized | log_dir=/root/santhosh/trading/equity/logs/2025-11-27
2025-11-27 09:08:26 | INFO | FEEDBACK_INIT | PerformanceFeedback initialized for adaptive trading
2025-11-27 09:08:26 | INFO | MONITOR | Backed up stale positions.json to positions.json.startup_1764214706
2025-11-27 09:08:26 | INFO | MONITOR | ✓ Cleared stale positions.json - will rebuild from broker holdings
2025-11-27 09:08:26 | INFO | MONITOR | Skipping file load - broker will be source of truth
2025-11-27 09:08:26 | INFO | HOLDINGS_SYNC | Fetching positions and holdings from broker...
2025-11-27 09:08:26 | INFO | HOLDINGS_SYNC | No positions or holdings found at broker
2025-11-27 09:08:27 | INFO | MONITOR | Position monitoring started with bucketed LTP checking
2025-11-27 09:08:27 | INFO | MONITOR | Event loop thread started
2025-11-27 09:08:27 | INFO | MONITOR | Event loop started successfully for priority queue
2025-11-27 09:08:28 | INFO | MONITOR_SLEEP | Sleeping for 20s (base=20s, consecutive_errors=0, monitoring_suspended=False)
2025-11-27 09:08:42 | INFO | STARTUP | Logging initialized | log_dir=/root/santhosh/trading/equity/logs/2025-11-27
2025-11-27 09:08:43 | INFO | FEEDBACK_INIT | PerformanceFeedback initialized for adaptive trading
2025-11-27 09:08:43 | INFO | MONITOR | Backed up stale positions.json to positions.json.startup_1764214723
2025-11-27 09:08:43 | INFO | MONITOR | ✓ Cleared stale positions.json - will rebuild from broker holdings
2025-11-27 09:08:43 | INFO | MONITOR | Skipping file load - broker will be source of truth
2025-11-27 09:08:43 | INFO | HOLDINGS_SYNC | Fetching positions and holdings from broker...
2025-11-27 09:08:43 | INFO | HOLDINGS_SYNC | No positions or holdings found at broker
2025-11-27 09:08:43 | INFO | MONITOR | Position monitoring started with bucketed LTP checking
2025-11-27 09:08:43 | INFO | MONITOR | Event loop thread started
2025-11-27 09:08:43 | INFO | MONITOR | Event loop started successfully for priority queue
2025-11-27 09:08:48 | INFO | MONITOR_SLEEP | Sleeping for 20s (base=20s, consecutive_errors=0, monitoring_suspended=False)
2025-11-27 09:08:59 | INFO | STARTUP | Logging initialized | log_dir=/root/santhosh/trading/equity/logs/2025-11-27
2025-11-27 09:08:59 | INFO | FEEDBACK_INIT | PerformanceFeedback initialized for adaptive trading
2025-11-27 09:08:59 | INFO | MONITOR | Backed up stale positions.json to positions.json.startup_1764214739
2025-11-27 09:08:59 | INFO | MONITOR | ✓ Cleared stale positions.json - will rebuild from broker holdings
2025-11-27 09:08:59 | INFO | MONITOR | Skipping file load - broker will be source of truth
2025-11-27 09:08:59 | INFO | HOLDINGS_SYNC | Fetching positions and holdings from broker...
2025-11-27 09:09:00 | INFO | HOLDINGS_SYNC | No positions or holdings found at broker
2025-11-27 09:09:00 | INFO | MONITOR | Position monitoring started with bucketed LTP checking
2025-11-27 09:09:00 | INFO | MONITOR | Event loop thread started
2025-11-27 09:09:00 | INFO | MONITOR | Event loop started successfully for priority queue
2025-11-27 09:09:08 | INFO | MONITOR | Paper trades checked (next in 60s)
2025-11-27 09:09:08 | INFO | MONITOR_SLEEP | Sleeping for 20s (base=20s, consecutive_errors=0, monitoring_suspended=False)
2025-11-27 09:09:15 | INFO | STARTUP | Logging initialized | log_dir=/root/santhosh/trading/equity/logs/2025-11-27
2025-11-27 09:09:16 | INFO | FEEDBACK_INIT | PerformanceFeedback initialized for adaptive trading
2025-11-27 09:09:16 | INFO | MONITOR | Backed up stale positions.json to positions.json.startup_1764214756
2025-11-27 09:09:16 | INFO | MONITOR | ✓ Cleared stale positions.json - will rebuild from broker holdings
2025-11-27 09:09:16 | INFO | MONITOR | Skipping file load - broker will be source of truth
2025-11-27 09:09:16 | INFO | HOLDINGS_SYNC | Fetching positions and holdings from broker...
2025-11-27 09:09:16 | INFO | HOLDINGS_SYNC | No positions or holdings found at broker
2025-11-27 09:09:16 | INFO | MONITOR | Position monitoring started with bucketed LTP checking
2025-11-27 09:09:16 | INFO | MONITOR | Event loop thread started
2025-11-27 09:09:16 | INFO | MONITOR | Event loop started successfully for priority queue
2025-11-27 09:09:28 | INFO | MONITOR_SLEEP | Sleeping for 20s (base=20s, consecutive_errors=0, monitoring_suspended=False)
2025-11-27 09:09:32 | INFO | STARTUP | Logging initialized | log_dir=/root/santhosh/trading/equity/logs/2025-11-27
2025-11-27 09:09:32 | INFO | FEEDBACK_INIT | PerformanceFeedback initialized for adaptive trading
2025-11-27 09:09:32 | INFO | MONITOR | Backed up stale positions.json to positions.json.startup_1764214772
2025-11-27 09:09:32 | INFO | MONITOR | ✓ Cleared stale positions.json - will rebuild from broker holdings
2025-11-27 09:09:32 | INFO | MONITOR | Skipping file load - broker will be source of truth
2025-11-27 09:09:32 | INFO | HOLDINGS_SYNC | Fetching positions and holdings from broker...
2025-11-27 09:09:33 | INFO | HOLDINGS_SYNC | No positions or holdings found at broker
2025-11-27 09:09:33 | INFO | MONITOR | Position monitoring started with bucketed LTP checking
2025-11-27 09:09:33 | INFO | MONITOR | Event loop thread started
2025-11-27 09:09:33 | INFO | MONITOR | Event loop started successfully for priority queue
2025-11-27 09:09:48 | INFO | MONITOR_SLEEP | Sleeping for 20s (base=20s, consecutive_errors=0, monitoring_suspended=False)
2025-11-27 09:09:48 | INFO | STARTUP | Logging initialized | log_dir=/root/santhosh/trading/equity/logs/2025-11-27
2025-11-27 09:09:49 | INFO | FEEDBACK_INIT | PerformanceFeedback initialized for adaptive trading
2025-11-27 09:09:49 | INFO | MONITOR | Backed up stale positions.json to positions.json.startup_1764214789
2025-11-27 09:09:49 | INFO | MONITOR | ✓ Cleared stale positions.json - will rebuild from broker holdings
2025-11-27 09:09:49 | INFO | MONITOR | Skipping file load - broker will be source of truth
2025-11-27 09:09:49 | INFO | HOLDINGS_SYNC | Fetching positions and holdings from broker...
2025-11-27 09:09:49 | INFO | HOLDINGS_SYNC | No positions or holdings found at broker
2025-11-27 09:09:49 | INFO | MONITOR | Position monitoring started with bucketed LTP checking
2025-11-27 09:09:49 | INFO | MONITOR | Event loop thread started
2025-11-27 09:09:49 | INFO | MONITOR | Event loop started successfully for priority queue
2025-11-27 09:10:09 | INFO | STARTUP | Logging initialized | log_dir=/root/santhosh/trading/equity/logs/2025-11-27
2025-11-27 09:10:10 | INFO | FEEDBACK_INIT | PerformanceFeedback initialized for adaptive trading
2025-11-27 09:10:10 | INFO | MONITOR | Backed up stale positions.json to positions.json.startup_1764214810
2025-11-27 09:10:10 | INFO | MONITOR | ✓ Cleared stale positions.json - will rebuild from broker holdings
2025-11-27 09:10:10 | INFO | MONITOR | Skipping file load - broker will be source of truth
2025-11-27 09:10:10 | INFO | HOLDINGS_SYNC | Fetching positions and holdings from broker...
2025-11-27 09:10:10 | INFO | HOLDINGS_SYNC | No positions or holdings found at broker
2025-11-27 09:10:10 | INFO | MONITOR | Position monitoring started with bucketed LTP checking
2025-11-27 09:10:10 | INFO | MONITOR | Event loop thread started
2025-11-27 09:10:10 | INFO | MONITOR | Event loop started successfully for priority queue
2025-11-27 09:10:11 | INFO | MONITOR | Priority API queue enabled and started
2025-11-27 09:10:11 | INFO | SL_RETRY | SL retry thread started - waiting 30s before initial placement (conserve startup API quota)
2025-11-27 09:10:11 | INFO | SL_RETRY | SL retry thread started successfully
2025-11-27 09:10:11 | INFO | MONITOR_SLEEP | Sleeping for 20s (base=20s, consecutive_errors=0, monitoring_suspended=False)
2025-11-27 09:10:31 | INFO | MONITOR_SLEEP | Sleeping for 20s (base=20s, consecutive_errors=0, monitoring_suspended=False)
2025-11-27 09:10:41 | INFO | SL_RETRY | SL retry thread active - conservative mode (1 SL per 20s, max 10 retries)
2025-11-27 09:10:51 | INFO | MONITOR_SLEEP | Sleeping for 20s (base=20s, consecutive_errors=0, monitoring_suspended=False)
2025-11-27 09:11:11 | INFO | MONITOR | Paper trades checked (next in 60s)
2025-11-27 09:11:11 | INFO | MONITOR_SLEEP | Sleeping for 20s (base=20s, consecutive_errors=0, monitoring_suspended=False)
2025-11-27 09:11:31 | INFO | MONITOR_SLEEP | Sleeping for 20s (base=20s, consecutive_errors=0, monitoring_suspended=False)
2025-11-27 09:11:51 | INFO | MONITOR_SLEEP | Sleeping for 20s (base=20s, consecutive_errors=0, monitoring_suspended=False)
2025-11-27 09:12:11 | INFO | MONITOR | Paper trades checked (next in 60s)
2025-11-27 09:12:11 | INFO | MONITOR_SLEEP | Sleeping for 20s (base=20s, consecutive_errors=0, monitoring_suspended=False)
2025-11-27 09:12:31 | INFO | MONITOR_SLEEP | Sleeping for 20s (base=20s, consecutive_errors=0, monitoring_suspended=False)
2025-11-27 09:12:51 | INFO | MONITOR_SLEEP | Sleeping for 20s (base=20s, consecutive_errors=0, monitoring_suspended=False)
2025-11-27 09:13:11 | INFO | MONITOR | Paper trades checked (next in 60s)
2025-11-27 09:13:11 | INFO | MONITOR_SLEEP | Sleeping for 20s (base=20s, consecutive_errors=0, monitoring_suspended=False)
2025-11-27 09:13:31 | INFO | MONITOR_SLEEP | Sleeping for 20s (base=20s, consecutive_errors=0, monitoring_suspended=False)
2025-11-27 09:13:51 | INFO | MONITOR_SLEEP | Sleeping for 20s (base=20s, consecutive_errors=0, monitoring_suspended=False)
2025-11-27 09:14:11 | INFO | MONITOR | Paper trades checked (next in 60s)
2025-11-27 09:14:11 | INFO | MONITOR_SLEEP | Sleeping for 20s (base=20s, consecutive_errors=0, monitoring_suspended=False)
2025-11-27 09:14:31 | INFO | MONITOR_SLEEP | Sleeping for 20s (base=20s, consecutive_errors=0, monitoring_suspended=False)
2025-11-27 09:14:51 | INFO | MONITOR_SLEEP | Sleeping for 20s (base=20s, consecutive_errors=0, monitoring_suspended=False)
2025-11-27 09:15:11 | INFO | MONITOR | Paper trades checked (next in 60s)
2025-11-27 09:15:11 | INFO | MONITOR_SLEEP | Sleeping for 20s (base=20s, consecutive_errors=0, monitoring_suspended=False)
2025-11-27 09:15:31 | INFO | MONITOR_SLEEP | Sleeping for 20s (base=20s, consecutive_errors=0, monitoring_suspended=False)
2025-11-27 09:15:51 | INFO | MONITOR_SLEEP | Sleeping for 20s (base=20s, consecutive_errors=0, monitoring_suspended=False)
2025-11-27 09:16:11 | INFO | MONITOR | Paper trades checked (next in 60s)
2025-11-27 09:16:11 | INFO | MONITOR_SLEEP | Sleeping for 20s (base=20s, consecutive_errors=0, monitoring_suspended=False)
2025-11-27 09:16:31 | INFO | MONITOR_SLEEP | Sleeping for 20s (base=20s, consecutive_errors=0, monitoring_suspended=False)
2025-11-27 09:16:51 | INFO | MONITOR_SLEEP | Sleeping for 20s (base=20s, consecutive_errors=0, monitoring_suspended=False)
2025-11-27 09:17:11 | INFO | MONITOR | Paper trades checked (next in 60s)
2025-11-27 09:17:11 | INFO | MONITOR_SLEEP | Sleeping for 20s (base=20s, consecutive_errors=0, monitoring_suspended=False)
2025-11-27 09:17:31 | INFO | MONITOR_SLEEP | Sleeping for 20s (base=20s, consecutive_errors=0, monitoring_suspended=False)
2025-11-27 09:17:51 | INFO | MONITOR_SLEEP | Sleeping for 20s (base=20s, consecutive_errors=0, monitoring_suspended=False)
2025-11-27 09:18:11 | INFO | MONITOR | Paper trades checked (next in 60s)
2025-11-27 09:18:11 | INFO | MONITOR_SLEEP | Sleeping for 20s (base=20s, consecutive_errors=0, monitoring_suspended=False)
2025-11-27 09:18:31 | INFO | MONITOR_SLEEP | Sleeping for 20s (base=20s, consecutive_errors=0, monitoring_suspended=False)
2025-11-27 09:18:51 | INFO | MONITOR_SLEEP | Sleeping for 20s (base=20s, consecutive_errors=0, monitoring_suspended=False)
2025-11-27 09:19:11 | INFO | MONITOR | Paper trades checked (next in 60s)
2025-11-27 09:19:11 | INFO | MONITOR_SLEEP | Sleeping for 20s (base=20s, consecutive_errors=0, monitoring_suspended=False)
2025-11-27 09:19:31 | INFO | MONITOR_SLEEP | Sleeping for 20s (base=20s, consecutive_errors=0, monitoring_suspended=False)
2025-11-27 09:19:51 | INFO | MONITOR_SLEEP | Sleeping for 20s (base=20s, consecutive_errors=0, monitoring_suspended=False)
2025-11-27 09:20:11 | INFO | MONITOR | Paper trades checked (next in 60s)
2025-11-27 09:20:11 | INFO | MONITOR_SLEEP | Sleeping for 20s (base=20s, consecutive_errors=0, monitoring_suspended=False)
2025-11-27 09:20:31 | INFO | MONITOR_SLEEP | Sleeping for 20s (base=20s, consecutive_errors=0, monitoring_suspended=False)
2025-11-27 09:20:51 | INFO | MONITOR_SLEEP | Sleeping for 20s (base=20s, consecutive_errors=0, monitoring_suspended=False)
2025-11-27 09:21:11 | INFO | MONITOR | Paper trades checked (next in 60s)
2025-11-27 09:21:11 | INFO | MONITOR_SLEEP | Sleeping for 20s (base=20s, consecutive_errors=0, monitoring_suspended=False)
2025-11-27 09:21:31 | INFO | MONITOR_SLEEP | Sleeping for 20s (base=20s, consecutive_errors=0, monitoring_suspended=False)
2025-11-27 09:21:51 | INFO | MONITOR_SLEEP | Sleeping for 20s (base=20s, consecutive_errors=0, monitoring_suspended=False)
2025-11-27 09:22:11 | INFO | MONITOR | Paper trades checked (next in 60s)
2025-11-27 09:22:11 | INFO | MONITOR_SLEEP | Sleeping for 20s (base=20s, consecutive_errors=0, monitoring_suspended=False)
2025-11-27 09:22:31 | INFO | MONITOR_SLEEP | Sleeping for 20s (base=20s, consecutive_errors=0, monitoring_suspended=False)
2025-11-27 09:22:51 | INFO | MONITOR_SLEEP | Sleeping for 20s (base=20s, consecutive_errors=0, monitoring_suspended=False)
2025-11-27 09:23:11 | INFO | MONITOR | Paper trades checked (next in 60s)
2025-11-27 09:23:11 | INFO | MONITOR_SLEEP | Sleeping for 20s (base=20s, consecutive_errors=0, monitoring_suspended=False)
2025-11-27 09:23:31 | INFO | MONITOR_SLEEP | Sleeping for 20s (base=20s, consecutive_errors=0, monitoring_suspended=False)
2025-11-27 09:23:51 | INFO | MONITOR_SLEEP | Sleeping for 20s (base=20s, consecutive_errors=0, monitoring_suspended=False)
2025-11-27 09:24:11 | INFO | MONITOR | Paper trades checked (next in 60s)
2025-11-27 09:24:11 | INFO | MONITOR_SLEEP | Sleeping for 20s (base=20s, consecutive_errors=0, monitoring_suspended=False)
2025-11-27 09:24:31 | INFO | MONITOR_SLEEP | Sleeping for 20s (base=20s, consecutive_errors=0, monitoring_suspended=False)
2025-11-27 09:24:51 | INFO | MONITOR_SLEEP | Sleeping for 20s (base=20s, consecutive_errors=0, monitoring_suspended=False)
2025-11-27 09:25:11 | INFO | MONITOR | Paper trades checked (next in 60s)
2025-11-27 09:25:11 | INFO | MONITOR_SLEEP | Sleeping for 20s (base=20s, consecutive_errors=0, monitoring_suspended=False)
2025-11-27 09:25:31 | INFO | MONITOR_SLEEP | Sleeping for 20s (base=20s, consecutive_errors=0, monitoring_suspended=False)
2025-11-27 09:25:51 | INFO | MONITOR_SLEEP | Sleeping for 20s (base=20s, consecutive_errors=0, monitoring_suspended=False)
2025-11-27 09:26:11 | INFO | MONITOR | Paper trades checked (next in 60s)
2025-11-27 09:26:11 | INFO | MONITOR_SLEEP | Sleeping for 20s (base=20s, consecutive_errors=0, monitoring_suspended=False)
2025-11-27 09:26:31 | INFO | MONITOR_SLEEP | Sleeping for 20s (base=20s, consecutive_errors=0, monitoring_suspended=False)
2025-11-27 09:26:51 | INFO | MONITOR_SLEEP | Sleeping for 20s (base=20s, consecutive_errors=0, monitoring_suspended=False)
2025-11-27 09:27:11 | INFO | MONITOR | Paper trades checked (next in 60s)
2025-11-27 09:27:11 | INFO | MONITOR_SLEEP | Sleeping for 20s (base=20s, consecutive_errors=0, monitoring_suspended=False)
2025-11-27 09:27:31 | INFO | MONITOR_SLEEP | Sleeping for 20s (base=20s, consecutive_errors=0, monitoring_suspended=False)
2025-11-27 09:27:51 | INFO | MONITOR_SLEEP | Sleeping for 20s (base=20s, consecutive_errors=0, monitoring_suspended=False)
2025-11-27 09:28:11 | INFO | MONITOR | Paper trades checked (next in 60s)
2025-11-27 09:28:11 | INFO | MONITOR_SLEEP | Sleeping for 20s (base=20s, consecutive_errors=0, monitoring_suspended=False)
2025-11-27 09:28:31 | INFO | MONITOR_SLEEP | Sleeping for 20s (base=20s, consecutive_errors=0, monitoring_suspended=False)
2025-11-27 09:28:51 | INFO | MONITOR_SLEEP | Sleeping for 20s (base=20s, consecutive_errors=0, monitoring_suspended=False)
2025-11-27 09:29:11 | INFO | MONITOR | Paper trades checked (next in 60s)
2025-11-27 09:29:11 | INFO | MONITOR_SLEEP | Sleeping for 20s (base=20s, consecutive_errors=0, monitoring_suspended=False)
2025-11-27 09:29:31 | INFO | MONITOR_SLEEP | Sleeping for 20s (base=20s, consecutive_errors=0, monitoring_suspended=False)
2025-11-27 09:29:51 | INFO | MONITOR_SLEEP | Sleeping for 20s (base=20s, consecutive_errors=0, monitoring_suspended=False)
2025-11-27 09:30:11 | INFO | MONITOR | Paper trades checked (next in 60s)
2025-11-27 09:30:11 | INFO | MONITOR_SLEEP | Sleeping for 20s (base=20s, consecutive_errors=0, monitoring_suspended=False)
2025-11-27 09:30:31 | INFO | MONITOR_SLEEP | Sleeping for 20s (base=20s, consecutive_errors=0, monitoring_suspended=False)
2025-11-27 09:30:51 | INFO | MONITOR_SLEEP | Sleeping for 20s (base=20s, consecutive_errors=0, monitoring_suspended=False)
2025-11-27 09:31:11 | INFO | MONITOR | Paper trades checked (next in 60s)
2025-11-27 09:31:11 | INFO | MONITOR_SLEEP | Sleeping for 20s (base=20s, consecutive_errors=0, monitoring_suspended=False)
2025-11-27 09:31:31 | INFO | MONITOR_SLEEP | Sleeping for 20s (base=20s, consecutive_errors=0, monitoring_suspended=False)
2025-11-27 09:31:51 | INFO | MONITOR_SLEEP | Sleeping for 20s (base=20s, consecutive_errors=0, monitoring_suspended=False)
2025-11-27 09:32:11 | INFO | MONITOR | Paper trades checked (next in 60s)
2025-11-27 09:32:11 | INFO | MONITOR_SLEEP | Sleeping for 20s (base=20s, consecutive_errors=0, monitoring_suspended=False)
2025-11-27 09:32:31 | INFO | MONITOR_SLEEP | Sleeping for 20s (base=20s, consecutive_errors=0, monitoring_suspended=False)
2025-11-27 09:32:51 | INFO | MONITOR_SLEEP | Sleeping for 20s (base=20s, consecutive_errors=0, monitoring_suspended=False)
2025-11-27 09:33:11 | INFO | MONITOR | Paper trades checked (next in 60s)
2025-11-27 09:33:11 | INFO | MONITOR_SLEEP | Sleeping for 20s (base=20s, consecutive_errors=0, monitoring_suspended=False)
2025-11-27 09:33:31 | INFO | MONITOR_SLEEP | Sleeping for 20s (base=20s, consecutive_errors=0, monitoring_suspended=False)
2025-11-27 09:33:51 | INFO | MONITOR_SLEEP | Sleeping for 20s (base=20s, consecutive_errors=0, monitoring_suspended=False)
2025-11-27 09:34:11 | INFO | MONITOR | Paper trades checked (next in 60s)
2025-11-27 09:34:11 | INFO | MONITOR_SLEEP | Sleeping for 20s (base=20s, consecutive_errors=0, monitoring_suspended=False)
2025-11-27 09:34:31 | INFO | MONITOR_SLEEP | Sleeping for 20s (base=20s, consecutive_errors=0, monitoring_suspended=False)
2025-11-27 09:34:51 | INFO | MONITOR_SLEEP | Sleeping for 20s (base=20s, consecutive_errors=0, monitoring_suspended=False)
2025-11-27 09:35:11 | INFO | MONITOR | Paper trades checked (next in 60s)
2025-11-27 09:35:11 | INFO | MONITOR_SLEEP | Sleeping for 20s (base=20s, consecutive_errors=0, monitoring_suspended=False)
2025-11-27 09:35:31 | INFO | MONITOR_SLEEP | Sleeping for 20s (base=20s, consecutive_errors=0, monitoring_suspended=False)
2025-11-27 09:35:51 | INFO | MONITOR_SLEEP | Sleeping for 20s (base=20s, consecutive_errors=0, monitoring_suspended=False)
2025-11-27 09:36:11 | INFO | MONITOR | Paper trades checked (next in 60s)
2025-11-27 09:36:11 | INFO | MONITOR_SLEEP | Sleeping for 20s (base=20s, consecutive_errors=0, monitoring_suspended=False)
2025-11-27 09:36:31 | INFO | MONITOR_SLEEP | Sleeping for 20s (base=20s, consecutive_errors=0, monitoring_suspended=False)
2025-11-27 09:36:51 | INFO | MONITOR_SLEEP | Sleeping for 20s (base=20s, consecutive_errors=0, monitoring_suspended=False)
2025-11-27 09:37:11 | INFO | MONITOR | Paper trades checked (next in 60s)
2025-11-27 09:37:11 | INFO | MONITOR_SLEEP | Sleeping for 20s (base=20s, consecutive_errors=0, monitoring_suspended=False)
2025-11-27 09:37:31 | INFO | MONITOR_SLEEP | Sleeping for 20s (base=20s, consecutive_errors=0, monitoring_suspended=False)
2025-11-27 09:37:51 | INFO | MONITOR_SLEEP | Sleeping for 20s (base=20s, consecutive_errors=0, monitoring_suspended=False)
2025-11-27 09:38:11 | INFO | MONITOR | Paper trades checked (next in 60s)
2025-11-27 09:38:11 | INFO | MONITOR_SLEEP | Sleeping for 20s (base=20s, consecutive_errors=0, monitoring_suspended=False)
2025-11-27 09:38:31 | INFO | MONITOR_SLEEP | Sleeping for 20s (base=20s, consecutive_errors=0, monitoring_suspended=False)
2025-11-27 09:38:51 | INFO | MONITOR_SLEEP | Sleeping for 20s (base=20s, consecutive_errors=0, monitoring_suspended=False)
2025-11-27 09:39:11 | INFO | MONITOR | Paper trades checked (next in 60s)
2025-11-27 09:39:11 | INFO | MONITOR_SLEEP | Sleeping for 20s (base=20s, consecutive_errors=0, monitoring_suspended=False)
2025-11-27 09:39:31 | INFO | MONITOR_SLEEP | Sleeping for 20s (base=20s, consecutive_errors=0, monitoring_suspended=False)
2025-11-27 09:39:51 | INFO | MONITOR_SLEEP | Sleeping for 20s (base=20s, consecutive_errors=0, monitoring_suspended=False)
2025-11-27 09:40:11 | INFO | MONITOR | Paper trades checked (next in 60s)
2025-11-27 09:40:11 | INFO | MONITOR_SLEEP | Sleeping for 20s (base=20s, consecutive_errors=0, monitoring_suspended=False)
2025-11-27 09:40:31 | INFO | MONITOR_SLEEP | Sleeping for 20s (base=20s, consecutive_errors=0, monitoring_suspended=False)
2025-11-27 09:40:51 | INFO | MONITOR_SLEEP | Sleeping for 20s (base=20s, consecutive_errors=0, monitoring_suspended=False)
2025-11-27 09:41:11 | INFO | MONITOR | Paper trades checked (next in 60s)
2025-11-27 09:41:11 | INFO | MONITOR_SLEEP | Sleeping for 20s (base=20s, consecutive_errors=0, monitoring_suspended=False)
2025-11-27 09:41:31 | INFO | MONITOR_SLEEP | Sleeping for 20s (base=20s, consecutive_errors=0, monitoring_suspended=False)
2025-11-27 09:41:51 | INFO | MONITOR_SLEEP | Sleeping for 20s (base=20s, consecutive_errors=0, monitoring_suspended=False)
2025-11-27 09:42:11 | INFO | MONITOR | Paper trades checked (next in 60s)
2025-11-27 09:42:11 | INFO | MONITOR_SLEEP | Sleeping for 20s (base=20s, consecutive_errors=0, monitoring_suspended=False)
2025-11-27 09:42:31 | INFO | MONITOR_SLEEP | Sleeping for 20s (base=20s, consecutive_errors=0, monitoring_suspended=False)
2025-11-27 09:42:51 | INFO | MONITOR_SLEEP | Sleeping for 20s (base=20s, consecutive_errors=0, monitoring_suspended=False)
2025-11-27 09:43:11 | INFO | MONITOR | Paper trades checked (next in 60s)
2025-11-27 09:43:11 | INFO | MONITOR_SLEEP | Sleeping for 20s (base=20s, consecutive_errors=0, monitoring_suspended=False)
2025-11-27 09:43:31 | INFO | MONITOR_SLEEP | Sleeping for 20s (base=20s, consecutive_errors=0, monitoring_suspended=False)
2025-11-27 09:43:51 | INFO | MONITOR_SLEEP | Sleeping for 20s (base=20s, consecutive_errors=0, monitoring_suspended=False)
2025-11-27 09:44:11 | INFO | MONITOR | Paper trades checked (next in 60s)
2025-11-27 09:44:11 | INFO | MONITOR_SLEEP | Sleeping for 20s (base=20s, consecutive_errors=0, monitoring_suspended=False)
2025-11-27 09:44:31 | INFO | MONITOR_SLEEP | Sleeping for 20s (base=20s, consecutive_errors=0, monitoring_suspended=False)
2025-11-27 09:44:51 | INFO | MONITOR_SLEEP | Sleeping for 20s (base=20s, consecutive_errors=0, monitoring_suspended=False)
2025-11-27 09:45:11 | INFO | MONITOR | Paper trades checked (next in 60s)
2025-11-27 09:45:11 | INFO | MONITOR_SLEEP | Sleeping for 20s (base=20s, consecutive_errors=0, monitoring_suspended=False)
2025-11-27 09:45:31 | INFO | MONITOR_SLEEP | Sleeping for 20s (base=20s, consecutive_errors=0, monitoring_suspended=False)
2025-11-27 09:45:51 | INFO | MONITOR_SLEEP | Sleeping for 20s (base=20s, consecutive_errors=0, monitoring_suspended=False)
2025-11-27 09:46:11 | INFO | MONITOR | Paper trades checked (next in 60s)
2025-11-27 09:46:11 | INFO | MONITOR_SLEEP | Sleeping for 20s (base=20s, consecutive_errors=0, monitoring_suspended=False)
2025-11-27 09:46:31 | INFO | MONITOR_SLEEP | Sleeping for 20s (base=20s, consecutive_errors=0, monitoring_suspended=False)
2025-11-27 09:46:51 | INFO | MONITOR_SLEEP | Sleeping for 20s (base=20s, consecutive_errors=0, monitoring_suspended=False)
2025-11-27 09:47:11 | INFO | MONITOR | Paper trades checked (next in 60s)
2025-11-27 09:47:11 | INFO | MONITOR_SLEEP | Sleeping for 20s (base=20s, consecutive_errors=0, monitoring_suspended=False)
2025-11-27 09:47:31 | INFO | MONITOR_SLEEP | Sleeping for 20s (base=20s, consecutive_errors=0, monitoring_suspended=False)
2025-11-27 09:47:51 | INFO | MONITOR_SLEEP | Sleeping for 20s (base=20s, consecutive_errors=0, monitoring_suspended=False)
2025-11-27 09:48:11 | INFO | MONITOR | Paper trades checked (next in 60s)
2025-11-27 09:48:11 | INFO | MONITOR_SLEEP | Sleeping for 20s (base=20s, consecutive_errors=0, monitoring_suspended=False)
2025-11-27 09:48:31 | INFO | MONITOR_SLEEP | Sleeping for 20s (base=20s, consecutive_errors=0, monitoring_suspended=False)
2025-11-27 09:48:51 | INFO | MONITOR_SLEEP | Sleeping for 20s (base=20s, consecutive_errors=0, monitoring_suspended=False)
2025-11-27 09:49:11 | INFO | MONITOR | Paper trades checked (next in 60s)
2025-11-27 09:49:11 | INFO | MONITOR_SLEEP | Sleeping for 20s (base=20s, consecutive_errors=0, monitoring_suspended=False)
2025-11-27 09:49:31 | INFO | MONITOR_SLEEP | Sleeping for 20s (base=20s, consecutive_errors=0, monitoring_suspended=False)
2025-11-27 09:49:51 | INFO | MONITOR_SLEEP | Sleeping for 20s (base=20s, consecutive_errors=0, monitoring_suspended=False)
2025-11-27 09:50:11 | INFO | MONITOR | Paper trades checked (next in 60s)
2025-11-27 09:50:11 | INFO | MONITOR_SLEEP | Sleeping for 20s (base=20s, consecutive_errors=0, monitoring_suspended=False)
2025-11-27 09:50:31 | INFO | MONITOR_SLEEP | Sleeping for 20s (base=20s, consecutive_errors=0, monitoring_suspended=False)
2025-11-27 09:50:51 | INFO | MONITOR_SLEEP | Sleeping for 20s (base=20s, consecutive_errors=0, monitoring_suspended=False)
2025-11-27 09:51:11 | INFO | MONITOR | Paper trades checked (next in 60s)
2025-11-27 09:51:11 | INFO | MONITOR_SLEEP | Sleeping for 20s (base=20s, consecutive_errors=0, monitoring_suspended=False)
2025-11-27 09:51:31 | INFO | MONITOR_SLEEP | Sleeping for 20s (base=20s, consecutive_errors=0, monitoring_suspended=False)
2025-11-27 09:51:51 | INFO | MONITOR_SLEEP | Sleeping for 20s (base=20s, consecutive_errors=0, monitoring_suspended=False)
2025-11-27 09:52:11 | INFO | MONITOR | Paper trades checked (next in 60s)
2025-11-27 09:52:11 | INFO | MONITOR_SLEEP | Sleeping for 20s (base=20s, consecutive_errors=0, monitoring_suspended=False)
2025-11-27 09:52:31 | INFO | MONITOR_SLEEP | Sleeping for 20s (base=20s, consecutive_errors=0, monitoring_suspended=False)
2025-11-27 09:52:51 | INFO | MONITOR_SLEEP | Sleeping for 20s (base=20s, consecutive_errors=0, monitoring_suspended=False)
2025-11-27 09:53:11 | INFO | MONITOR | Paper trades checked (next in 60s)
2025-11-27 09:53:11 | INFO | MONITOR_SLEEP | Sleeping for 20s (base=20s, consecutive_errors=0, monitoring_suspended=False)
2025-11-27 09:53:31 | INFO | MONITOR_SLEEP | Sleeping for 20s (base=20s, consecutive_errors=0, monitoring_suspended=False)
2025-11-27 09:53:51 | INFO | MONITOR_SLEEP | Sleeping for 20s (base=20s, consecutive_errors=0, monitoring_suspended=False)
2025-11-27 09:54:11 | INFO | MONITOR | Paper trades checked (next in 60s)
2025-11-27 09:54:11 | INFO | MONITOR_SLEEP | Sleeping for 20s (base=20s, consecutive_errors=0, monitoring_suspended=False)
2025-11-27 09:54:31 | INFO | MONITOR_SLEEP | Sleeping for 20s (base=20s, consecutive_errors=0, monitoring_suspended=False)
2025-11-27 09:54:51 | INFO | MONITOR_SLEEP | Sleeping for 20s (base=20s, consecutive_errors=0, monitoring_suspended=False)
2025-11-27 09:55:11 | INFO | MONITOR | Paper trades checked (next in 60s)
2025-11-27 09:55:11 | INFO | MONITOR_SLEEP | Sleeping for 20s (base=20s, consecutive_errors=0, monitoring_suspended=False)
2025-11-27 09:55:31 | INFO | MONITOR_SLEEP | Sleeping for 20s (base=20s, consecutive_errors=0, monitoring_suspended=False)
2025-11-27 09:55:51 | INFO | MONITOR_SLEEP | Sleeping for 20s (base=20s, consecutive_errors=0, monitoring_suspended=False)
2025-11-27 09:56:11 | INFO | MONITOR | Paper trades checked (next in 60s)
2025-11-27 09:56:11 | INFO | MONITOR_SLEEP | Sleeping for 20s (base=20s, consecutive_errors=0, monitoring_suspended=False)
2025-11-27 09:56:31 | INFO | MONITOR_SLEEP | Sleeping for 20s (base=20s, consecutive_errors=0, monitoring_suspended=False)
2025-11-27 09:56:51 | INFO | MONITOR_SLEEP | Sleeping for 20s (base=20s, consecutive_errors=0, monitoring_suspended=False)
2025-11-27 09:57:11 | INFO | MONITOR | Paper trades checked (next in 60s)
2025-11-27 09:57:11 | INFO | MONITOR_SLEEP | Sleeping for 20s (base=20s, consecutive_errors=0, monitoring_suspended=False)
2025-11-27 09:57:31 | INFO | MONITOR_SLEEP | Sleeping for 20s (base=20s, consecutive_errors=0, monitoring_suspended=False)
2025-11-27 09:57:51 | INFO | MONITOR_SLEEP | Sleeping for 20s (base=20s, consecutive_errors=0, monitoring_suspended=False)
2025-11-27 09:58:11 | INFO | MONITOR | Paper trades checked (next in 60s)
2025-11-27 09:58:11 | INFO | MONITOR_SLEEP | Sleeping for 20s (base=20s, consecutive_errors=0, monitoring_suspended=False)
2025-11-27 09:58:31 | INFO | MONITOR_SLEEP | Sleeping for 20s (base=20s, consecutive_errors=0, monitoring_suspended=False)
2025-11-27 09:58:51 | INFO | MONITOR_SLEEP | Sleeping for 20s (base=20s, consecutive_errors=0, monitoring_suspended=False)
2025-11-27 09:59:11 | INFO | MONITOR | Paper trades checked (next in 60s)
2025-11-27 09:59:11 | INFO | MONITOR_SLEEP | Sleeping for 20s (base=20s, consecutive_errors=0, monitoring_suspended=False)
2025-11-27 09:59:31 | INFO | MONITOR_SLEEP | Sleeping for 20s (base=20s, consecutive_errors=0, monitoring_suspended=False)
2025-11-27 09:59:51 | INFO | MONITOR_SLEEP | Sleeping for 20s (base=20s, consecutive_errors=0, monitoring_suspended=False)
2025-11-27 10:00:11 | INFO | MONITOR | Paper trades checked (next in 60s)
2025-11-27 10:00:11 | INFO | MONITOR_SLEEP | Sleeping for 20s (base=20s, consecutive_errors=0, monitoring_suspended=False)
2025-11-27 10:00:31 | INFO | MONITOR_SLEEP | Sleeping for 20s (base=20s, consecutive_errors=0, monitoring_suspended=False)
2025-11-27 10:00:51 | INFO | MONITOR_SLEEP | Sleeping for 20s (base=20s, consecutive_errors=0, monitoring_suspended=False)
2025-11-27 10:01:11 | INFO | MONITOR | Paper trades checked (next in 60s)
2025-11-27 10:01:11 | INFO | MONITOR_SLEEP | Sleeping for 20s (base=20s, consecutive_errors=0, monitoring_suspended=False)
2025-11-27 10:01:31 | INFO | MONITOR_SLEEP | Sleeping for 20s (base=20s, consecutive_errors=0, monitoring_suspended=False)
2025-11-27 10:01:51 | INFO | MONITOR_SLEEP | Sleeping for 20s (base=20s, consecutive_errors=0, monitoring_suspended=False)
2025-11-27 10:02:11 | INFO | MONITOR | Paper trades checked (next in 60s)
2025-11-27 10:02:11 | INFO | MONITOR_SLEEP | Sleeping for 20s (base=20s, consecutive_errors=0, monitoring_suspended=False)
2025-11-27 10:02:31 | INFO | MONITOR_SLEEP | Sleeping for 20s (base=20s, consecutive_errors=0, monitoring_suspended=False)
2025-11-27 10:02:51 | INFO | MONITOR_SLEEP | Sleeping for 20s (base=20s, consecutive_errors=0, monitoring_suspended=False)
2025-11-27 10:03:11 | INFO | MONITOR | Paper trades checked (next in 60s)
2025-11-27 10:03:11 | INFO | MONITOR_SLEEP | Sleeping for 20s (base=20s, consecutive_errors=0, monitoring_suspended=False)
2025-11-27 10:03:31 | INFO | MONITOR_SLEEP | Sleeping for 20s (base=20s, consecutive_errors=0, monitoring_suspended=False)
2025-11-27 10:03:51 | INFO | MONITOR_SLEEP | Sleeping for 20s (base=20s, consecutive_errors=0, monitoring_suspended=False)
2025-11-27 10:04:11 | INFO | MONITOR | Paper trades checked (next in 60s)
2025-11-27 10:04:11 | INFO | MONITOR_SLEEP | Sleeping for 20s (base=20s, consecutive_errors=0, monitoring_suspended=False)
2025-11-27 10:04:31 | INFO | MONITOR_SLEEP | Sleeping for 20s (base=20s, consecutive_errors=0, monitoring_suspended=False)
2025-11-27 10:04:51 | INFO | MONITOR_SLEEP | Sleeping for 20s (base=20s, consecutive_errors=0, monitoring_suspended=False)
2025-11-27 10:05:11 | INFO | MONITOR | Paper trades checked (next in 60s)
2025-11-27 10:05:11 | INFO | MONITOR_SLEEP | Sleeping for 20s (base=20s, consecutive_errors=0, monitoring_suspended=False)
2025-11-27 10:05:31 | INFO | MONITOR_SLEEP | Sleeping for 20s (base=20s, consecutive_errors=0, monitoring_suspended=False)
2025-11-27 10:05:51 | INFO | MONITOR_SLEEP | Sleeping for 20s (base=20s, consecutive_errors=0, monitoring_suspended=False)
2025-11-27 10:06:11 | INFO | MONITOR | Paper trades checked (next in 60s)
2025-11-27 10:06:11 | INFO | MONITOR_SLEEP | Sleeping for 20s (base=20s, consecutive_errors=0, monitoring_suspended=False)
2025-11-27 10:06:31 | INFO | MONITOR_SLEEP | Sleeping for 20s (base=20s, consecutive_errors=0, monitoring_suspended=False)
2025-11-27 10:06:51 | INFO | MONITOR_SLEEP | Sleeping for 20s (base=20s, consecutive_errors=0, monitoring_suspended=False)
2025-11-27 10:07:11 | INFO | MONITOR | Paper trades checked (next in 60s)
2025-11-27 10:07:11 | INFO | MONITOR_SLEEP | Sleeping for 20s (base=20s, consecutive_errors=0, monitoring_suspended=False)
2025-11-27 10:07:31 | INFO | MONITOR_SLEEP | Sleeping for 20s (base=20s, consecutive_errors=0, monitoring_suspended=False)
2025-11-27 10:07:51 | INFO | MONITOR_SLEEP | Sleeping for 20s (base=20s, consecutive_errors=0, monitoring_suspended=False)
2025-11-27 10:08:11 | INFO | MONITOR | Paper trades checked (next in 60s)
2025-11-27 10:08:11 | INFO | MONITOR_SLEEP | Sleeping for 20s (base=20s, consecutive_errors=0, monitoring_suspended=False)
2025-11-27 10:08:31 | INFO | MONITOR_SLEEP | Sleeping for 20s (base=20s, consecutive_errors=0, monitoring_suspended=False)
2025-11-27 10:08:51 | INFO | MONITOR_SLEEP | Sleeping for 20s (base=20s, consecutive_errors=0, monitoring_suspended=False)
2025-11-27 10:09:11 | INFO | MONITOR | Paper trades checked (next in 60s)
2025-11-27 10:09:11 | INFO | MONITOR_SLEEP | Sleeping for 20s (base=20s, consecutive_errors=0, monitoring_suspended=False)
2025-11-27 10:09:31 | INFO | MONITOR_SLEEP | Sleeping for 20s (base=20s, consecutive_errors=0, monitoring_suspended=False)
2025-11-27 10:09:51 | INFO | MONITOR_SLEEP | Sleeping for 20s (base=20s, consecutive_errors=0, monitoring_suspended=False)
2025-11-27 10:10:11 | INFO | MONITOR | Paper trades checked (next in 60s)
2025-11-27 10:10:11 | INFO | MONITOR_SLEEP | Sleeping for 20s (base=20s, consecutive_errors=0, monitoring_suspended=False)
2025-11-27 10:10:31 | INFO | MONITOR_SLEEP | Sleeping for 20s (base=20s, consecutive_errors=0, monitoring_suspended=False)
2025-11-27 10:10:51 | INFO | MONITOR_SLEEP | Sleeping for 20s (base=20s, consecutive_errors=0, monitoring_suspended=False)
2025-11-27 10:11:11 | INFO | MONITOR | Paper trades checked (next in 60s)
2025-11-27 10:11:11 | INFO | MONITOR_SLEEP | Sleeping for 20s (base=20s, consecutive_errors=0, monitoring_suspended=False)
2025-11-27 10:11:31 | INFO | MONITOR_SLEEP | Sleeping for 20s (base=20s, consecutive_errors=0, monitoring_suspended=False)
2025-11-27 10:11:51 | INFO | MONITOR_SLEEP | Sleeping for 20s (base=20s, consecutive_errors=0, monitoring_suspended=False)
2025-11-27 10:12:11 | INFO | MONITOR | Paper trades checked (next in 60s)
2025-11-27 10:12:11 | INFO | MONITOR_SLEEP | Sleeping for 20s (base=20s, consecutive_errors=0, monitoring_suspended=False)
2025-11-27 10:12:31 | INFO | MONITOR_SLEEP | Sleeping for 20s (base=20s, consecutive_errors=0, monitoring_suspended=False)
2025-11-27 10:12:51 | INFO | MONITOR_SLEEP | Sleeping for 20s (base=20s, consecutive_errors=0, monitoring_suspended=False)
2025-11-27 10:13:11 | INFO | MONITOR | Paper trades checked (next in 60s)
2025-11-27 10:13:11 | INFO | MONITOR_SLEEP | Sleeping for 20s (base=20s, consecutive_errors=0, monitoring_suspended=False)
2025-11-27 10:13:31 | INFO | MONITOR_SLEEP | Sleeping for 20s (base=20s, consecutive_errors=0, monitoring_suspended=False)
2025-11-27 10:13:51 | INFO | MONITOR_SLEEP | Sleeping for 20s (base=20s, consecutive_errors=0, monitoring_suspended=False)
2025-11-27 10:14:11 | INFO | MONITOR | Paper trades checked (next in 60s)
2025-11-27 10:14:11 | INFO | MONITOR_SLEEP | Sleeping for 20s (base=20s, consecutive_errors=0, monitoring_suspended=False)
2025-11-27 10:14:31 | INFO | MONITOR_SLEEP | Sleeping for 20s (base=20s, consecutive_errors=0, monitoring_suspended=False)
2025-11-27 10:14:51 | INFO | MONITOR_SLEEP | Sleeping for 20s (base=20s, consecutive_errors=0, monitoring_suspended=False)
2025-11-27 10:15:11 | INFO | MONITOR | Paper trades checked (next in 60s)
2025-11-27 10:15:11 | INFO | MONITOR_SLEEP | Sleeping for 20s (base=20s, consecutive_errors=0, monitoring_suspended=False)
2025-11-27 10:15:31 | INFO | MONITOR_SLEEP | Sleeping for 20s (base=20s, consecutive_errors=0, monitoring_suspended=False)
2025-11-27 10:15:51 | INFO | MONITOR_SLEEP | Sleeping for 20s (base=20s, consecutive_errors=0, monitoring_suspended=False)
2025-11-27 10:16:11 | INFO | MONITOR | Paper trades checked (next in 60s)
2025-11-27 10:16:11 | INFO | MONITOR_SLEEP | Sleeping for 20s (base=20s, consecutive_errors=0, monitoring_suspended=False)
2025-11-27 10:16:31 | INFO | MONITOR_SLEEP | Sleeping for 20s (base=20s, consecutive_errors=0, monitoring_suspended=False)
2025-11-27 10:16:51 | INFO | MONITOR_SLEEP | Sleeping for 20s (base=20s, consecutive_errors=0, monitoring_suspended=False)
2025-11-27 10:17:11 | INFO | MONITOR | Paper trades checked (next in 60s)
2025-11-27 10:17:11 | INFO | MONITOR_SLEEP | Sleeping for 20s (base=20s, consecutive_errors=0, monitoring_suspended=False)
2025-11-27 10:17:31 | INFO | MONITOR_SLEEP | Sleeping for 20s (base=20s, consecutive_errors=0, monitoring_suspended=False)
2025-11-27 10:17:51 | INFO | MONITOR_SLEEP | Sleeping for 20s (base=20s, consecutive_errors=0, monitoring_suspended=False)
2025-11-27 10:18:11 | INFO | MONITOR | Paper trades checked (next in 60s)
2025-11-27 10:18:11 | INFO | MONITOR_SLEEP | Sleeping for 20s (base=20s, consecutive_errors=0, monitoring_suspended=False)
2025-11-27 10:18:31 | INFO | MONITOR_SLEEP | Sleeping for 20s (base=20s, consecutive_errors=0, monitoring_suspended=False)
2025-11-27 10:18:51 | INFO | MONITOR_SLEEP | Sleeping for 20s (base=20s, consecutive_errors=0, monitoring_suspended=False)
2025-11-27 10:19:11 | INFO | MONITOR | Paper trades checked (next in 60s)
2025-11-27 10:19:11 | INFO | MONITOR_SLEEP | Sleeping for 20s (base=20s, consecutive_errors=0, monitoring_suspended=False)
2025-11-27 10:19:31 | INFO | MONITOR_SLEEP | Sleeping for 20s (base=20s, consecutive_errors=0, monitoring_suspended=False)
2025-11-27 10:19:51 | INFO | MONITOR_SLEEP | Sleeping for 20s (base=20s, consecutive_errors=0, monitoring_suspended=False)
2025-11-27 10:20:11 | INFO | MONITOR | Paper trades checked (next in 60s)
2025-11-27 10:20:11 | INFO | MONITOR_SLEEP | Sleeping for 20s (base=20s, consecutive_errors=0, monitoring_suspended=False)
2025-11-27 10:20:31 | INFO | MONITOR_SLEEP | Sleeping for 20s (base=20s, consecutive_errors=0, monitoring_suspended=False)
2025-11-27 10:20:51 | INFO | MONITOR_SLEEP | Sleeping for 20s (base=20s, consecutive_errors=0, monitoring_suspended=False)
2025-11-27 10:21:11 | INFO | MONITOR | Paper trades checked (next in 60s)
2025-11-27 10:21:11 | INFO | MONITOR_SLEEP | Sleeping for 20s (base=20s, consecutive_errors=0, monitoring_suspended=False)
2025-11-27 10:21:31 | INFO | MONITOR_SLEEP | Sleeping for 20s (base=20s, consecutive_errors=0, monitoring_suspended=False)
2025-11-27 10:21:51 | INFO | MONITOR_SLEEP | Sleeping for 20s (base=20s, consecutive_errors=0, monitoring_suspended=False)
2025-11-27 10:22:11 | INFO | MONITOR | Paper trades checked (next in 60s)
2025-11-27 10:22:11 | INFO | MONITOR_SLEEP | Sleeping for 20s (base=20s, consecutive_errors=0, monitoring_suspended=False)
2025-11-27 10:22:31 | INFO | MONITOR_SLEEP | Sleeping for 20s (base=20s, consecutive_errors=0, monitoring_suspended=False)
2025-11-27 10:22:51 | INFO | MONITOR_SLEEP | Sleeping for 20s (base=20s, consecutive_errors=0, monitoring_suspended=False)
2025-11-27 10:23:11 | INFO | MONITOR | Paper trades checked (next in 60s)
2025-11-27 10:23:11 | INFO | MONITOR_SLEEP | Sleeping for 20s (base=20s, consecutive_errors=0, monitoring_suspended=False)
2025-11-27 10:23:31 | INFO | MONITOR_SLEEP | Sleeping for 20s (base=20s, consecutive_errors=0, monitoring_suspended=False)
2025-11-27 10:23:51 | INFO | MONITOR_SLEEP | Sleeping for 20s (base=20s, consecutive_errors=0, monitoring_suspended=False)
2025-11-27 10:24:11 | INFO | MONITOR | Paper trades checked (next in 60s)
2025-11-27 10:24:11 | INFO | MONITOR_SLEEP | Sleeping for 20s (base=20s, consecutive_errors=0, monitoring_suspended=False)
2025-11-27 10:24:31 | INFO | MONITOR_SLEEP | Sleeping for 20s (base=20s, consecutive_errors=0, monitoring_suspended=False)
2025-11-27 10:24:51 | INFO | MONITOR_SLEEP | Sleeping for 20s (base=20s, consecutive_errors=0, monitoring_suspended=False)
2025-11-27 10:25:11 | INFO | MONITOR | Paper trades checked (next in 60s)
2025-11-27 10:25:11 | INFO | MONITOR_SLEEP | Sleeping for 20s (base=20s, consecutive_errors=0, monitoring_suspended=False)
2025-11-27 10:25:31 | INFO | MONITOR_SLEEP | Sleeping for 20s (base=20s, consecutive_errors=0, monitoring_suspended=False)
2025-11-27 10:25:51 | INFO | MONITOR_SLEEP | Sleeping for 20s (base=20s, consecutive_errors=0, monitoring_suspended=False)
2025-11-27 10:26:11 | INFO | MONITOR | Paper trades checked (next in 60s)
2025-11-27 10:26:11 | INFO | MONITOR_SLEEP | Sleeping for 20s (base=20s, consecutive_errors=0, monitoring_suspended=False)
2025-11-27 10:26:31 | INFO | MONITOR_SLEEP | Sleeping for 20s (base=20s, consecutive_errors=0, monitoring_suspended=False)
2025-11-27 10:26:51 | INFO | MONITOR_SLEEP | Sleeping for 20s (base=20s, consecutive_errors=0, monitoring_suspended=False)
2025-11-27 10:27:11 | INFO | MONITOR | Paper trades checked (next in 60s)
2025-11-27 10:27:11 | INFO | MONITOR_SLEEP | Sleeping for 20s (base=20s, consecutive_errors=0, monitoring_suspended=False)
2025-11-27 10:27:31 | INFO | MONITOR_SLEEP | Sleeping for 20s (base=20s, consecutive_errors=0, monitoring_suspended=False)
2025-11-27 10:27:51 | INFO | MONITOR_SLEEP | Sleeping for 20s (base=20s, consecutive_errors=0, monitoring_suspended=False)
2025-11-27 10:28:11 | INFO | MONITOR | Paper trades checked (next in 60s)
2025-11-27 10:28:11 | INFO | MONITOR_SLEEP | Sleeping for 20s (base=20s, consecutive_errors=0, monitoring_suspended=False)
2025-11-27 10:28:31 | INFO | MONITOR_SLEEP | Sleeping for 20s (base=20s, consecutive_errors=0, monitoring_suspended=False)
2025-11-27 10:28:51 | INFO | MONITOR_SLEEP | Sleeping for 20s (base=20s, consecutive_errors=0, monitoring_suspended=False)
2025-11-27 10:29:11 | INFO | MONITOR | Paper trades checked (next in 60s)
2025-11-27 10:29:11 | INFO | MONITOR_SLEEP | Sleeping for 20s (base=20s, consecutive_errors=0, monitoring_suspended=False)
2025-11-27 10:29:31 | INFO | MONITOR_SLEEP | Sleeping for 20s (base=20s, consecutive_errors=0, monitoring_suspended=False)
2025-11-27 10:29:51 | INFO | MONITOR_SLEEP | Sleeping for 20s (base=20s, consecutive_errors=0, monitoring_suspended=False)
2025-11-27 10:30:11 | INFO | MONITOR | Paper trades checked (next in 60s)
2025-11-27 10:30:11 | INFO | MONITOR_SLEEP | Sleeping for 20s (base=20s, consecutive_errors=0, monitoring_suspended=False)
2025-11-27 10:30:31 | INFO | MONITOR_SLEEP | Sleeping for 20s (base=20s, consecutive_errors=0, monitoring_suspended=False)
2025-11-27 10:30:51 | INFO | MONITOR_SLEEP | Sleeping for 20s (base=20s, consecutive_errors=0, monitoring_suspended=False)
2025-11-27 10:31:11 | INFO | MONITOR | Paper trades checked (next in 60s)
2025-11-27 10:31:11 | INFO | MONITOR_SLEEP | Sleeping for 20s (base=20s, consecutive_errors=0, monitoring_suspended=False)
2025-11-27 10:31:31 | INFO | MONITOR_SLEEP | Sleeping for 20s (base=20s, consecutive_errors=0, monitoring_suspended=False)
2025-11-27 10:31:51 | INFO | MONITOR_SLEEP | Sleeping for 20s (base=20s, consecutive_errors=0, monitoring_suspended=False)
2025-11-27 10:32:11 | INFO | MONITOR | Paper trades checked (next in 60s)
2025-11-27 10:32:11 | INFO | MONITOR_SLEEP | Sleeping for 20s (base=20s, consecutive_errors=0, monitoring_suspended=False)
2025-11-27 10:32:31 | INFO | MONITOR_SLEEP | Sleeping for 20s (base=20s, consecutive_errors=0, monitoring_suspended=False)
2025-11-27 10:32:51 | INFO | MONITOR_SLEEP | Sleeping for 20s (base=20s, consecutive_errors=0, monitoring_suspended=False)
2025-11-27 10:33:11 | INFO | MONITOR | Paper trades checked (next in 60s)
2025-11-27 10:33:11 | INFO | MONITOR_SLEEP | Sleeping for 20s (base=20s, consecutive_errors=0, monitoring_suspended=False)
2025-11-27 10:33:31 | INFO | MONITOR_SLEEP | Sleeping for 20s (base=20s, consecutive_errors=0, monitoring_suspended=False)
2025-11-27 10:33:51 | INFO | MONITOR_SLEEP | Sleeping for 20s (base=20s, consecutive_errors=0, monitoring_suspended=False)
2025-11-27 10:34:11 | INFO | MONITOR | Paper trades checked (next in 60s)
2025-11-27 10:34:11 | INFO | MONITOR_SLEEP | Sleeping for 20s (base=20s, consecutive_errors=0, monitoring_suspended=False)
2025-11-27 10:34:31 | INFO | MONITOR_SLEEP | Sleeping for 20s (base=20s, consecutive_errors=0, monitoring_suspended=False)
2025-11-27 10:34:51 | INFO | MONITOR_SLEEP | Sleeping for 20s (base=20s, consecutive_errors=0, monitoring_suspended=False)
2025-11-27 10:35:11 | INFO | MONITOR | Paper trades checked (next in 60s)
2025-11-27 10:35:11 | INFO | MONITOR_SLEEP | Sleeping for 20s (base=20s, consecutive_errors=0, monitoring_suspended=False)
2025-11-27 10:35:31 | INFO | MONITOR_SLEEP | Sleeping for 20s (base=20s, consecutive_errors=0, monitoring_suspended=False)
2025-11-27 10:35:51 | INFO | MONITOR_SLEEP | Sleeping for 20s (base=20s, consecutive_errors=0, monitoring_suspended=False)
2025-11-27 10:36:11 | INFO | MONITOR | Paper trades checked (next in 60s)
2025-11-27 10:36:11 | INFO | MONITOR_SLEEP | Sleeping for 20s (base=20s, consecutive_errors=0, monitoring_suspended=False)
2025-11-27 10:36:31 | INFO | MONITOR_SLEEP | Sleeping for 20s (base=20s, consecutive_errors=0, monitoring_suspended=False)
2025-11-27 10:36:51 | INFO | MONITOR_SLEEP | Sleeping for 20s (base=20s, consecutive_errors=0, monitoring_suspended=False)
2025-11-27 10:37:11 | INFO | MONITOR | Paper trades checked (next in 60s)
2025-11-27 10:37:11 | INFO | MONITOR_SLEEP | Sleeping for 20s (base=20s, consecutive_errors=0, monitoring_suspended=False)
2025-11-27 10:37:31 | INFO | MONITOR_SLEEP | Sleeping for 20s (base=20s, consecutive_errors=0, monitoring_suspended=False)
2025-11-27 10:37:51 | INFO | MONITOR_SLEEP | Sleeping for 20s (base=20s, consecutive_errors=0, monitoring_suspended=False)
2025-11-27 10:38:11 | INFO | MONITOR | Paper trades checked (next in 60s)
2025-11-27 10:38:11 | INFO | MONITOR_SLEEP | Sleeping for 20s (base=20s, consecutive_errors=0, monitoring_suspended=False)
2025-11-27 10:38:31 | INFO | MONITOR_SLEEP | Sleeping for 20s (base=20s, consecutive_errors=0, monitoring_suspended=False)
2025-11-27 10:38:51 | INFO | MONITOR_SLEEP | Sleeping for 20s (base=20s, consecutive_errors=0, monitoring_suspended=False)
2025-11-27 10:39:11 | INFO | MONITOR | Paper trades checked (next in 60s)
2025-11-27 10:39:11 | INFO | MONITOR_SLEEP | Sleeping for 20s (base=20s, consecutive_errors=0, monitoring_suspended=False)
2025-11-27 10:39:31 | INFO | MONITOR_SLEEP | Sleeping for 20s (base=20s, consecutive_errors=0, monitoring_suspended=False)
2025-11-27 10:39:51 | INFO | MONITOR_SLEEP | Sleeping for 20s (base=20s, consecutive_errors=0, monitoring_suspended=False)
2025-11-27 10:40:11 | INFO | MONITOR | Paper trades checked (next in 60s)
2025-11-27 10:40:11 | INFO | MONITOR_SLEEP | Sleeping for 20s (base=20s, consecutive_errors=0, monitoring_suspended=False)
2025-11-27 10:40:31 | INFO | MONITOR_SLEEP | Sleeping for 20s (base=20s, consecutive_errors=0, monitoring_suspended=False)
2025-11-27 10:40:51 | INFO | MONITOR_SLEEP | Sleeping for 20s (base=20s, consecutive_errors=0, monitoring_suspended=False)
2025-11-27 10:41:11 | INFO | MONITOR | Paper trades checked (next in 60s)
2025-11-27 10:41:11 | INFO | MONITOR_SLEEP | Sleeping for 20s (base=20s, consecutive_errors=0, monitoring_suspended=False)
2025-11-27 10:41:31 | INFO | MONITOR_SLEEP | Sleeping for 20s (base=20s, consecutive_errors=0, monitoring_suspended=False)
2025-11-27 10:41:51 | INFO | MONITOR_SLEEP | Sleeping for 20s (base=20s, consecutive_errors=0, monitoring_suspended=False)
2025-11-27 10:42:11 | INFO | MONITOR | Paper trades checked (next in 60s)
2025-11-27 10:42:11 | INFO | MONITOR_SLEEP | Sleeping for 20s (base=20s, consecutive_errors=0, monitoring_suspended=False)
2025-11-27 10:42:31 | INFO | MONITOR_SLEEP | Sleeping for 20s (base=20s, consecutive_errors=0, monitoring_suspended=False)
2025-11-27 10:42:51 | INFO | MONITOR_SLEEP | Sleeping for 20s (base=20s, consecutive_errors=0, monitoring_suspended=False)
2025-11-27 10:43:11 | INFO | MONITOR | Paper trades checked (next in 60s)
2025-11-27 10:43:11 | INFO | MONITOR_SLEEP | Sleeping for 20s (base=20s, consecutive_errors=0, monitoring_suspended=False)
2025-11-27 10:43:31 | INFO | MONITOR_SLEEP | Sleeping for 20s (base=20s, consecutive_errors=0, monitoring_suspended=False)
2025-11-27 10:43:51 | INFO | MONITOR_SLEEP | Sleeping for 20s (base=20s, consecutive_errors=0, monitoring_suspended=False)
2025-11-27 10:44:11 | INFO | MONITOR | Paper trades checked (next in 60s)
2025-11-27 10:44:11 | INFO | MONITOR_SLEEP | Sleeping for 20s (base=20s, consecutive_errors=0, monitoring_suspended=False)
2025-11-27 10:44:31 | INFO | MONITOR_SLEEP | Sleeping for 20s (base=20s, consecutive_errors=0, monitoring_suspended=False)
2025-11-27 10:44:51 | INFO | MONITOR_SLEEP | Sleeping for 20s (base=20s, consecutive_errors=0, monitoring_suspended=False)
2025-11-27 10:45:11 | INFO | MONITOR | Paper trades checked (next in 60s)
2025-11-27 10:45:11 | INFO | MONITOR_SLEEP | Sleeping for 20s (base=20s, consecutive_errors=0, monitoring_suspended=False)
2025-11-27 10:45:31 | INFO | MONITOR_SLEEP | Sleeping for 20s (base=20s, consecutive_errors=0, monitoring_suspended=False)
2025-11-27 10:45:51 | INFO | MONITOR_SLEEP | Sleeping for 20s (base=20s, consecutive_errors=0, monitoring_suspended=False)
2025-11-27 10:46:11 | INFO | MONITOR | Paper trades checked (next in 60s)
2025-11-27 10:46:11 | INFO | MONITOR_SLEEP | Sleeping for 20s (base=20s, consecutive_errors=0, monitoring_suspended=False)
2025-11-27 10:46:31 | INFO | MONITOR_SLEEP | Sleeping for 20s (base=20s, consecutive_errors=0, monitoring_suspended=False)
2025-11-27 10:46:51 | INFO | MONITOR_SLEEP | Sleeping for 20s (base=20s, consecutive_errors=0, monitoring_suspended=False)
2025-11-27 10:47:11 | INFO | MONITOR | Paper trades checked (next in 60s)
2025-11-27 10:47:11 | INFO | MONITOR_SLEEP | Sleeping for 20s (base=20s, consecutive_errors=0, monitoring_suspended=False)
2025-11-27 10:47:31 | INFO | MONITOR_SLEEP | Sleeping for 20s (base=20s, consecutive_errors=0, monitoring_suspended=False)
2025-11-27 10:47:51 | INFO | MONITOR_SLEEP | Sleeping for 20s (base=20s, consecutive_errors=0, monitoring_suspended=False)
2025-11-27 10:48:11 | INFO | MONITOR | Paper trades checked (next in 60s)
2025-11-27 10:48:11 | INFO | MONITOR_SLEEP | Sleeping for 20s (base=20s, consecutive_errors=0, monitoring_suspended=False)
2025-11-27 10:48:31 | INFO | MONITOR_SLEEP | Sleeping for 20s (base=20s, consecutive_errors=0, monitoring_suspended=False)
2025-11-27 10:48:51 | INFO | MONITOR_SLEEP | Sleeping for 20s (base=20s, consecutive_errors=0, monitoring_suspended=False)
2025-11-27 10:49:11 | INFO | MONITOR | Paper trades checked (next in 60s)
2025-11-27 10:49:11 | INFO | MONITOR_SLEEP | Sleeping for 20s (base=20s, consecutive_errors=0, monitoring_suspended=False)
2025-11-27 10:49:31 | INFO | MONITOR_SLEEP | Sleeping for 20s (base=20s, consecutive_errors=0, monitoring_suspended=False)
2025-11-27 10:49:51 | INFO | MONITOR_SLEEP | Sleeping for 20s (base=20s, consecutive_errors=0, monitoring_suspended=False)
2025-11-27 10:50:11 | INFO | MONITOR | Paper trades checked (next in 60s)
2025-11-27 10:50:11 | INFO | MONITOR_SLEEP | Sleeping for 20s (base=20s, consecutive_errors=0, monitoring_suspended=False)
2025-11-27 10:50:31 | INFO | MONITOR_SLEEP | Sleeping for 20s (base=20s, consecutive_errors=0, monitoring_suspended=False)
2025-11-27 10:50:51 | INFO | MONITOR_SLEEP | Sleeping for 20s (base=20s, consecutive_errors=0, monitoring_suspended=False)
2025-11-27 10:51:11 | INFO | MONITOR | Paper trades checked (next in 60s)
2025-11-27 10:51:11 | INFO | MONITOR_SLEEP | Sleeping for 20s (base=20s, consecutive_errors=0, monitoring_suspended=False)
2025-11-27 10:51:31 | INFO | MONITOR_SLEEP | Sleeping for 20s (base=20s, consecutive_errors=0, monitoring_suspended=False)
2025-11-27 10:51:51 | INFO | MONITOR_SLEEP | Sleeping for 20s (base=20s, consecutive_errors=0, monitoring_suspended=False)
2025-11-27 10:52:11 | INFO | MONITOR | Paper trades checked (next in 60s)
2025-11-27 10:52:11 | INFO | MONITOR_SLEEP | Sleeping for 20s (base=20s, consecutive_errors=0, monitoring_suspended=False)
2025-11-27 10:52:31 | INFO | MONITOR_SLEEP | Sleeping for 20s (base=20s, consecutive_errors=0, monitoring_suspended=False)
2025-11-27 10:52:51 | INFO | MONITOR_SLEEP | Sleeping for 20s (base=20s, consecutive_errors=0, monitoring_suspended=False)
2025-11-27 10:53:11 | INFO | MONITOR | Paper trades checked (next in 60s)
2025-11-27 10:53:11 | INFO | MONITOR_SLEEP | Sleeping for 20s (base=20s, consecutive_errors=0, monitoring_suspended=False)
2025-11-27 10:53:31 | INFO | MONITOR_SLEEP | Sleeping for 20s (base=20s, consecutive_errors=0, monitoring_suspended=False)
2025-11-27 10:53:51 | INFO | MONITOR_SLEEP | Sleeping for 20s (base=20s, consecutive_errors=0, monitoring_suspended=False)
2025-11-27 10:54:11 | INFO | MONITOR | Paper trades checked (next in 60s)
2025-11-27 10:54:11 | INFO | MONITOR_SLEEP | Sleeping for 20s (base=20s, consecutive_errors=0, monitoring_suspended=False)
2025-11-27 10:54:31 | INFO | MONITOR_SLEEP | Sleeping for 20s (base=20s, consecutive_errors=0, monitoring_suspended=False)
2025-11-27 10:54:51 | INFO | MONITOR_SLEEP | Sleeping for 20s (base=20s, consecutive_errors=0, monitoring_suspended=False)
2025-11-27 10:55:11 | INFO | MONITOR | Paper trades checked (next in 60s)
2025-11-27 10:55:11 | INFO | MONITOR_SLEEP | Sleeping for 20s (base=20s, consecutive_errors=0, monitoring_suspended=False)
2025-11-27 10:55:31 | INFO | MONITOR_SLEEP | Sleeping for 20s (base=20s, consecutive_errors=0, monitoring_suspended=False)
2025-11-27 10:55:51 | INFO | MONITOR_SLEEP | Sleeping for 20s (base=20s, consecutive_errors=0, monitoring_suspended=False)
2025-11-27 10:56:11 | INFO | MONITOR | Paper trades checked (next in 60s)
2025-11-27 10:56:11 | INFO | MONITOR_SLEEP | Sleeping for 20s (base=20s, consecutive_errors=0, monitoring_suspended=False)
2025-11-27 10:56:31 | INFO | MONITOR_SLEEP | Sleeping for 20s (base=20s, consecutive_errors=0, monitoring_suspended=False)
2025-11-27 10:56:51 | INFO | MONITOR_SLEEP | Sleeping for 20s (base=20s, consecutive_errors=0, monitoring_suspended=False)
2025-11-27 10:57:11 | INFO | MONITOR | Paper trades checked (next in 60s)
2025-11-27 10:57:11 | INFO | MONITOR_SLEEP | Sleeping for 20s (base=20s, consecutive_errors=0, monitoring_suspended=False)
2025-11-27 10:57:31 | INFO | MONITOR_SLEEP | Sleeping for 20s (base=20s, consecutive_errors=0, monitoring_suspended=False)
2025-11-27 10:57:51 | INFO | MONITOR_SLEEP | Sleeping for 20s (base=20s, consecutive_errors=0, monitoring_suspended=False)
2025-11-27 10:58:11 | INFO | MONITOR | Paper trades checked (next in 60s)
2025-11-27 10:58:11 | INFO | MONITOR_SLEEP | Sleeping for 20s (base=20s, consecutive_errors=0, monitoring_suspended=False)
2025-11-27 10:58:31 | INFO | MONITOR_SLEEP | Sleeping for 20s (base=20s, consecutive_errors=0, monitoring_suspended=False)
2025-11-27 10:58:51 | INFO | MONITOR_SLEEP | Sleeping for 20s (base=20s, consecutive_errors=0, monitoring_suspended=False)
2025-11-27 10:59:11 | INFO | MONITOR | Paper trades checked (next in 60s)
2025-11-27 10:59:11 | INFO | MONITOR_SLEEP | Sleeping for 20s (base=20s, consecutive_errors=0, monitoring_suspended=False)
2025-11-27 10:59:31 | INFO | MONITOR_SLEEP | Sleeping for 20s (base=20s, consecutive_errors=0, monitoring_suspended=False)
2025-11-27 10:59:51 | INFO | MONITOR_SLEEP | Sleeping for 20s (base=20s, consecutive_errors=0, monitoring_suspended=False)
2025-11-27 11:00:11 | INFO | MONITOR | Paper trades checked (next in 60s)
2025-11-27 11:00:11 | INFO | MONITOR_SLEEP | Sleeping for 20s (base=20s, consecutive_errors=0, monitoring_suspended=False)
2025-11-27 11:00:31 | INFO | MONITOR_SLEEP | Sleeping for 20s (base=20s, consecutive_errors=0, monitoring_suspended=False)
2025-11-27 11:00:51 | INFO | MONITOR_SLEEP | Sleeping for 20s (base=20s, consecutive_errors=0, monitoring_suspended=False)
2025-11-27 11:01:11 | INFO | MONITOR | Paper trades checked (next in 60s)
2025-11-27 11:01:11 | INFO | MONITOR_SLEEP | Sleeping for 20s (base=20s, consecutive_errors=0, monitoring_suspended=False)
2025-11-27 11:01:31 | INFO | MONITOR_SLEEP | Sleeping for 20s (base=20s, consecutive_errors=0, monitoring_suspended=False)
2025-11-27 11:01:51 | INFO | MONITOR_SLEEP | Sleeping for 20s (base=20s, consecutive_errors=0, monitoring_suspended=False)
2025-11-27 11:02:11 | INFO | MONITOR | Paper trades checked (next in 60s)
2025-11-27 11:02:11 | INFO | MONITOR_SLEEP | Sleeping for 20s (base=20s, consecutive_errors=0, monitoring_suspended=False)
2025-11-27 11:02:31 | INFO | MONITOR_SLEEP | Sleeping for 20s (base=20s, consecutive_errors=0, monitoring_suspended=False)
2025-11-27 11:02:51 | INFO | MONITOR_SLEEP | Sleeping for 20s (base=20s, consecutive_errors=0, monitoring_suspended=False)
2025-11-27 11:03:11 | INFO | MONITOR | Paper trades checked (next in 60s)
2025-11-27 11:03:11 | INFO | MONITOR_SLEEP | Sleeping for 20s (base=20s, consecutive_errors=0, monitoring_suspended=False)
2025-11-27 11:03:31 | INFO | MONITOR_SLEEP | Sleeping for 20s (base=20s, consecutive_errors=0, monitoring_suspended=False)
2025-11-27 11:03:51 | INFO | MONITOR_SLEEP | Sleeping for 20s (base=20s, consecutive_errors=0, monitoring_suspended=False)
2025-11-27 11:04:11 | INFO | MONITOR | Paper trades checked (next in 60s)
2025-11-27 11:04:11 | INFO | MONITOR_SLEEP | Sleeping for 20s (base=20s, consecutive_errors=0, monitoring_suspended=False)
2025-11-27 11:04:31 | INFO | MONITOR_SLEEP | Sleeping for 20s (base=20s, consecutive_errors=0, monitoring_suspended=False)
2025-11-27 11:04:51 | INFO | MONITOR_SLEEP | Sleeping for 20s (base=20s, consecutive_errors=0, monitoring_suspended=False)
2025-11-27 11:05:11 | INFO | MONITOR | Paper trades checked (next in 60s)
2025-11-27 11:05:11 | INFO | MONITOR_SLEEP | Sleeping for 20s (base=20s, consecutive_errors=0, monitoring_suspended=False)
2025-11-27 11:05:31 | INFO | MONITOR_SLEEP | Sleeping for 20s (base=20s, consecutive_errors=0, monitoring_suspended=False)
2025-11-27 11:05:51 | INFO | MONITOR_SLEEP | Sleeping for 20s (base=20s, consecutive_errors=0, monitoring_suspended=False)
2025-11-27 11:06:11 | INFO | MONITOR | Paper trades checked (next in 60s)
2025-11-27 11:06:11 | INFO | MONITOR_SLEEP | Sleeping for 20s (base=20s, consecutive_errors=0, monitoring_suspended=False)
2025-11-27 11:06:31 | INFO | MONITOR_SLEEP | Sleeping for 20s (base=20s, consecutive_errors=0, monitoring_suspended=False)
2025-11-27 11:06:51 | INFO | MONITOR_SLEEP | Sleeping for 20s (base=20s, consecutive_errors=0, monitoring_suspended=False)
2025-11-27 11:07:11 | INFO | MONITOR | Paper trades checked (next in 60s)
2025-11-27 11:07:11 | INFO | MONITOR_SLEEP | Sleeping for 20s (base=20s, consecutive_errors=0, monitoring_suspended=False)
2025-11-27 11:07:31 | INFO | MONITOR_SLEEP | Sleeping for 20s (base=20s, consecutive_errors=0, monitoring_suspended=False)
2025-11-27 11:07:51 | INFO | MONITOR_SLEEP | Sleeping for 20s (base=20s, consecutive_errors=0, monitoring_suspended=False)
2025-11-27 11:08:11 | INFO | MONITOR | Paper trades checked (next in 60s)
2025-11-27 11:08:11 | INFO | MONITOR_SLEEP | Sleeping for 20s (base=20s, consecutive_errors=0, monitoring_suspended=False)
2025-11-27 11:08:31 | INFO | MONITOR_SLEEP | Sleeping for 20s (base=20s, consecutive_errors=0, monitoring_suspended=False)
2025-11-27 11:08:51 | INFO | MONITOR_SLEEP | Sleeping for 20s (base=20s, consecutive_errors=0, monitoring_suspended=False)
2025-11-27 11:09:11 | INFO | MONITOR | Paper trades checked (next in 60s)
2025-11-27 11:09:11 | INFO | MONITOR_SLEEP | Sleeping for 20s (base=20s, consecutive_errors=0, monitoring_suspended=False)
2025-11-27 11:09:31 | INFO | MONITOR_SLEEP | Sleeping for 20s (base=20s, consecutive_errors=0, monitoring_suspended=False)
2025-11-27 11:09:51 | INFO | MONITOR_SLEEP | Sleeping for 20s (base=20s, consecutive_errors=0, monitoring_suspended=False)
2025-11-27 11:10:11 | INFO | MONITOR | Paper trades checked (next in 60s)
2025-11-27 11:10:11 | INFO | MONITOR_SLEEP | Sleeping for 20s (base=20s, consecutive_errors=0, monitoring_suspended=False)
2025-11-27 11:10:31 | INFO | MONITOR_SLEEP | Sleeping for 20s (base=20s, consecutive_errors=0, monitoring_suspended=False)
2025-11-27 11:10:51 | INFO | MONITOR_SLEEP | Sleeping for 20s (base=20s, consecutive_errors=0, monitoring_suspended=False)
2025-11-27 11:11:11 | INFO | MONITOR | Paper trades checked (next in 60s)
2025-11-27 11:11:11 | INFO | MONITOR_SLEEP | Sleeping for 20s (base=20s, consecutive_errors=0, monitoring_suspended=False)
2025-11-27 11:11:31 | INFO | MONITOR_SLEEP | Sleeping for 20s (base=20s, consecutive_errors=0, monitoring_suspended=False)
2025-11-27 11:11:51 | INFO | MONITOR_SLEEP | Sleeping for 20s (base=20s, consecutive_errors=0, monitoring_suspended=False)
2025-11-27 11:12:11 | INFO | MONITOR | Paper trades checked (next in 60s)
2025-11-27 11:12:11 | INFO | MONITOR_SLEEP | Sleeping for 20s (base=20s, consecutive_errors=0, monitoring_suspended=False)
2025-11-27 11:12:31 | INFO | MONITOR_SLEEP | Sleeping for 20s (base=20s, consecutive_errors=0, monitoring_suspended=False)
2025-11-27 11:12:51 | INFO | MONITOR_SLEEP | Sleeping for 20s (base=20s, consecutive_errors=0, monitoring_suspended=False)
2025-11-27 11:13:11 | INFO | MONITOR | Paper trades checked (next in 60s)
2025-11-27 11:13:11 | INFO | MONITOR_SLEEP | Sleeping for 20s (base=20s, consecutive_errors=0, monitoring_suspended=False)
2025-11-27 11:13:31 | INFO | MONITOR_SLEEP | Sleeping for 20s (base=20s, consecutive_errors=0, monitoring_suspended=False)
2025-11-27 11:13:51 | INFO | MONITOR_SLEEP | Sleeping for 20s (base=20s, consecutive_errors=0, monitoring_suspended=False)
2025-11-27 11:14:11 | INFO | MONITOR | Paper trades checked (next in 60s)
2025-11-27 11:14:11 | INFO | MONITOR_SLEEP | Sleeping for 20s (base=20s, consecutive_errors=0, monitoring_suspended=False)
2025-11-27 11:14:31 | INFO | MONITOR_SLEEP | Sleeping for 20s (base=20s, consecutive_errors=0, monitoring_suspended=False)
2025-11-27 11:14:51 | INFO | MONITOR_SLEEP | Sleeping for 20s (base=20s, consecutive_errors=0, monitoring_suspended=False)
2025-11-27 11:15:11 | INFO | MONITOR | Paper trades checked (next in 60s)
2025-11-27 11:15:11 | INFO | MONITOR_SLEEP | Sleeping for 20s (base=20s, consecutive_errors=0, monitoring_suspended=False)
2025-11-27 11:15:31 | INFO | MONITOR_SLEEP | Sleeping for 20s (base=20s, consecutive_errors=0, monitoring_suspended=False)
2025-11-27 11:15:51 | INFO | MONITOR_SLEEP | Sleeping for 20s (base=20s, consecutive_errors=0, monitoring_suspended=False)
2025-11-27 11:16:11 | INFO | MONITOR | Paper trades checked (next in 60s)
2025-11-27 11:16:11 | INFO | MONITOR_SLEEP | Sleeping for 20s (base=20s, consecutive_errors=0, monitoring_suspended=False)
2025-11-27 11:16:31 | INFO | MONITOR_SLEEP | Sleeping for 20s (base=20s, consecutive_errors=0, monitoring_suspended=False)
2025-11-27 11:16:51 | INFO | MONITOR_SLEEP | Sleeping for 20s (base=20s, consecutive_errors=0, monitoring_suspended=False)
2025-11-27 11:17:11 | INFO | MONITOR | Paper trades checked (next in 60s)
2025-11-27 11:17:11 | INFO | MONITOR_SLEEP | Sleeping for 20s (base=20s, consecutive_errors=0, monitoring_suspended=False)
2025-11-27 11:17:31 | INFO | MONITOR_SLEEP | Sleeping for 20s (base=20s, consecutive_errors=0, monitoring_suspended=False)
2025-11-27 11:17:51 | INFO | MONITOR_SLEEP | Sleeping for 20s (base=20s, consecutive_errors=0, monitoring_suspended=False)
2025-11-27 11:18:11 | INFO | MONITOR | Paper trades checked (next in 60s)
2025-11-27 11:18:11 | INFO | MONITOR_SLEEP | Sleeping for 20s (base=20s, consecutive_errors=0, monitoring_suspended=False)
2025-11-27 11:18:31 | INFO | MONITOR_SLEEP | Sleeping for 20s (base=20s, consecutive_errors=0, monitoring_suspended=False)
2025-11-27 11:18:51 | INFO | MONITOR_SLEEP | Sleeping for 20s (base=20s, consecutive_errors=0, monitoring_suspended=False)
2025-11-27 11:19:11 | INFO | MONITOR | Paper trades checked (next in 60s)
2025-11-27 11:19:11 | INFO | MONITOR_SLEEP | Sleeping for 20s (base=20s, consecutive_errors=0, monitoring_suspended=False)
2025-11-27 11:19:31 | INFO | MONITOR_SLEEP | Sleeping for 20s (base=20s, consecutive_errors=0, monitoring_suspended=False)
2025-11-27 11:19:51 | INFO | MONITOR_SLEEP | Sleeping for 20s (base=20s, consecutive_errors=0, monitoring_suspended=False)
2025-11-27 11:20:11 | INFO | MONITOR | Paper trades checked (next in 60s)
2025-11-27 11:20:11 | INFO | MONITOR_SLEEP | Sleeping for 20s (base=20s, consecutive_errors=0, monitoring_suspended=False)
2025-11-27 11:20:31 | INFO | MONITOR_SLEEP | Sleeping for 20s (base=20s, consecutive_errors=0, monitoring_suspended=False)
2025-11-27 11:20:51 | INFO | MONITOR_SLEEP | Sleeping for 20s (base=20s, consecutive_errors=0, monitoring_suspended=False)
2025-11-27 11:21:11 | INFO | MONITOR | Paper trades checked (next in 60s)
2025-11-27 11:21:11 | INFO | MONITOR_SLEEP | Sleeping for 20s (base=20s, consecutive_errors=0, monitoring_suspended=False)
2025-11-27 11:21:31 | INFO | MONITOR_SLEEP | Sleeping for 20s (base=20s, consecutive_errors=0, monitoring_suspended=False)
2025-11-27 11:21:51 | INFO | MONITOR_SLEEP | Sleeping for 20s (base=20s, consecutive_errors=0, monitoring_suspended=False)
2025-11-27 11:22:11 | INFO | MONITOR | Paper trades checked (next in 60s)
2025-11-27 11:22:11 | INFO | MONITOR_SLEEP | Sleeping for 20s (base=20s, consecutive_errors=0, monitoring_suspended=False)
2025-11-27 11:22:31 | INFO | MONITOR_SLEEP | Sleeping for 20s (base=20s, consecutive_errors=0, monitoring_suspended=False)
2025-11-27 11:22:51 | INFO | MONITOR_SLEEP | Sleeping for 20s (base=20s, consecutive_errors=0, monitoring_suspended=False)
2025-11-27 11:23:11 | INFO | MONITOR | Paper trades checked (next in 60s)
2025-11-27 11:23:11 | INFO | MONITOR_SLEEP | Sleeping for 20s (base=20s, consecutive_errors=0, monitoring_suspended=False)
2025-11-27 11:23:31 | INFO | MONITOR_SLEEP | Sleeping for 20s (base=20s, consecutive_errors=0, monitoring_suspended=False)
2025-11-27 11:23:51 | INFO | MONITOR_SLEEP | Sleeping for 20s (base=20s, consecutive_errors=0, monitoring_suspended=False)
2025-11-27 11:24:11 | INFO | MONITOR | Paper trades checked (next in 60s)
2025-11-27 11:24:11 | INFO | MONITOR_SLEEP | Sleeping for 20s (base=20s, consecutive_errors=0, monitoring_suspended=False)
2025-11-27 11:24:31 | INFO | MONITOR_SLEEP | Sleeping for 20s (base=20s, consecutive_errors=0, monitoring_suspended=False)
2025-11-27 11:24:51 | INFO | MONITOR_SLEEP | Sleeping for 20s (base=20s, consecutive_errors=0, monitoring_suspended=False)
2025-11-27 11:25:11 | INFO | MONITOR | Paper trades checked (next in 60s)
2025-11-27 11:25:11 | INFO | MONITOR_SLEEP | Sleeping for 20s (base=20s, consecutive_errors=0, monitoring_suspended=False)
2025-11-27 11:25:31 | INFO | MONITOR_SLEEP | Sleeping for 20s (base=20s, consecutive_errors=0, monitoring_suspended=False)
2025-11-27 11:25:51 | INFO | MONITOR_SLEEP | Sleeping for 20s (base=20s, consecutive_errors=0, monitoring_suspended=False)
2025-11-27 11:26:11 | INFO | MONITOR | Paper trades checked (next in 60s)
2025-11-27 11:26:11 | INFO | MONITOR_SLEEP | Sleeping for 20s (base=20s, consecutive_errors=0, monitoring_suspended=False)
2025-11-27 11:26:31 | INFO | MONITOR_SLEEP | Sleeping for 20s (base=20s, consecutive_errors=0, monitoring_suspended=False)
2025-11-27 11:26:51 | INFO | MONITOR_SLEEP | Sleeping for 20s (base=20s, consecutive_errors=0, monitoring_suspended=False)
2025-11-27 11:27:11 | INFO | MONITOR | Paper trades checked (next in 60s)
2025-11-27 11:27:11 | INFO | MONITOR_SLEEP | Sleeping for 20s (base=20s, consecutive_errors=0, monitoring_suspended=False)
2025-11-27 11:27:31 | INFO | MONITOR_SLEEP | Sleeping for 20s (base=20s, consecutive_errors=0, monitoring_suspended=False)
2025-11-27 11:27:51 | INFO | MONITOR_SLEEP | Sleeping for 20s (base=20s, consecutive_errors=0, monitoring_suspended=False)
2025-11-27 11:28:11 | INFO | MONITOR | Paper trades checked (next in 60s)
2025-11-27 11:28:11 | INFO | MONITOR_SLEEP | Sleeping for 20s (base=20s, consecutive_errors=0, monitoring_suspended=False)
2025-11-27 11:28:31 | INFO | MONITOR_SLEEP | Sleeping for 20s (base=20s, consecutive_errors=0, monitoring_suspended=False)
2025-11-27 11:28:51 | INFO | MONITOR_SLEEP | Sleeping for 20s (base=20s, consecutive_errors=0, monitoring_suspended=False)
2025-11-27 11:29:11 | INFO | MONITOR | Paper trades checked (next in 60s)
2025-11-27 11:29:11 | INFO | MONITOR_SLEEP | Sleeping for 20s (base=20s, consecutive_errors=0, monitoring_suspended=False)
2025-11-27 11:29:31 | INFO | MONITOR_SLEEP | Sleeping for 20s (base=20s, consecutive_errors=0, monitoring_suspended=False)
2025-11-27 11:29:51 | INFO | MONITOR_SLEEP | Sleeping for 20s (base=20s, consecutive_errors=0, monitoring_suspended=False)
2025-11-27 11:30:11 | INFO | MONITOR | Paper trades checked (next in 60s)
2025-11-27 11:30:11 | INFO | MONITOR_SLEEP | Sleeping for 20s (base=20s, consecutive_errors=0, monitoring_suspended=False)
2025-11-27 11:30:31 | INFO | MONITOR_SLEEP | Sleeping for 20s (base=20s, consecutive_errors=0, monitoring_suspended=False)
2025-11-27 11:30:51 | INFO | MONITOR_SLEEP | Sleeping for 20s (base=20s, consecutive_errors=0, monitoring_suspended=False)
2025-11-27 11:31:11 | INFO | MONITOR | Paper trades checked (next in 60s)
2025-11-27 11:31:11 | INFO | MONITOR_SLEEP | Sleeping for 20s (base=20s, consecutive_errors=0, monitoring_suspended=False)
2025-11-27 11:31:31 | INFO | MONITOR_SLEEP | Sleeping for 20s (base=20s, consecutive_errors=0, monitoring_suspended=False)
2025-11-27 11:31:51 | INFO | MONITOR_SLEEP | Sleeping for 20s (base=20s, consecutive_errors=0, monitoring_suspended=False)
2025-11-27 11:32:11 | INFO | MONITOR | Paper trades checked (next in 60s)
2025-11-27 11:32:11 | INFO | MONITOR_SLEEP | Sleeping for 20s (base=20s, consecutive_errors=0, monitoring_suspended=False)
2025-11-27 11:32:31 | INFO | MONITOR_SLEEP | Sleeping for 20s (base=20s, consecutive_errors=0, monitoring_suspended=False)
2025-11-27 11:32:51 | INFO | MONITOR_SLEEP | Sleeping for 20s (base=20s, consecutive_errors=0, monitoring_suspended=False)
2025-11-27 11:33:11 | INFO | MONITOR | Paper trades checked (next in 60s)
2025-11-27 11:33:11 | INFO | MONITOR_SLEEP | Sleeping for 20s (base=20s, consecutive_errors=0, monitoring_suspended=False)
2025-11-27 11:33:31 | INFO | MONITOR_SLEEP | Sleeping for 20s (base=20s, consecutive_errors=0, monitoring_suspended=False)
2025-11-27 11:33:51 | INFO | MONITOR_SLEEP | Sleeping for 20s (base=20s, consecutive_errors=0, monitoring_suspended=False)
2025-11-27 11:34:11 | INFO | MONITOR | Paper trades checked (next in 60s)
2025-11-27 11:34:11 | INFO | MONITOR_SLEEP | Sleeping for 20s (base=20s, consecutive_errors=0, monitoring_suspended=False)
2025-11-27 11:34:31 | INFO | MONITOR_SLEEP | Sleeping for 20s (base=20s, consecutive_errors=0, monitoring_suspended=False)
2025-11-27 11:34:51 | INFO | MONITOR_SLEEP | Sleeping for 20s (base=20s, consecutive_errors=0, monitoring_suspended=False)
2025-11-27 11:35:11 | INFO | MONITOR | Paper trades checked (next in 60s)
2025-11-27 11:35:11 | INFO | MONITOR_SLEEP | Sleeping for 20s (base=20s, consecutive_errors=0, monitoring_suspended=False)
2025-11-27 11:35:31 | INFO | MONITOR_SLEEP | Sleeping for 20s (base=20s, consecutive_errors=0, monitoring_suspended=False)
2025-11-27 11:35:51 | INFO | MONITOR_SLEEP | Sleeping for 20s (base=20s, consecutive_errors=0, monitoring_suspended=False)
2025-11-27 11:36:11 | INFO | MONITOR | Paper trades checked (next in 60s)
2025-11-27 11:36:11 | INFO | MONITOR_SLEEP | Sleeping for 20s (base=20s, consecutive_errors=0, monitoring_suspended=False)
2025-11-27 11:36:31 | INFO | MONITOR_SLEEP | Sleeping for 20s (base=20s, consecutive_errors=0, monitoring_suspended=False)
2025-11-27 11:36:51 | INFO | MONITOR_SLEEP | Sleeping for 20s (base=20s, consecutive_errors=0, monitoring_suspended=False)
2025-11-27 11:37:11 | INFO | MONITOR | Paper trades checked (next in 60s)
2025-11-27 11:37:11 | INFO | MONITOR_SLEEP | Sleeping for 20s (base=20s, consecutive_errors=0, monitoring_suspended=False)
2025-11-27 11:37:31 | INFO | MONITOR_SLEEP | Sleeping for 20s (base=20s, consecutive_errors=0, monitoring_suspended=False)
2025-11-27 11:37:51 | INFO | MONITOR_SLEEP | Sleeping for 20s (base=20s, consecutive_errors=0, monitoring_suspended=False)
2025-11-27 11:38:11 | INFO | MONITOR | Paper trades checked (next in 60s)
2025-11-27 11:38:11 | INFO | MONITOR_SLEEP | Sleeping for 20s (base=20s, consecutive_errors=0, monitoring_suspended=False)
2025-11-27 11:38:31 | INFO | MONITOR_SLEEP | Sleeping for 20s (base=20s, consecutive_errors=0, monitoring_suspended=False)
2025-11-27 11:38:51 | INFO | MONITOR_SLEEP | Sleeping for 20s (base=20s, consecutive_errors=0, monitoring_suspended=False)
2025-11-27 11:39:11 | INFO | MONITOR | Paper trades checked (next in 60s)
2025-11-27 11:39:11 | INFO | MONITOR_SLEEP | Sleeping for 20s (base=20s, consecutive_errors=0, monitoring_suspended=False)
2025-11-27 11:39:31 | INFO | MONITOR_SLEEP | Sleeping for 20s (base=20s, consecutive_errors=0, monitoring_suspended=False)
2025-11-27 11:39:51 | INFO | MONITOR_SLEEP | Sleeping for 20s (base=20s, consecutive_errors=0, monitoring_suspended=False)
2025-11-27 11:40:11 | INFO | MONITOR | Paper trades checked (next in 60s)
2025-11-27 11:40:11 | INFO | MONITOR_SLEEP | Sleeping for 20s (base=20s, consecutive_errors=0, monitoring_suspended=False)
2025-11-27 11:40:31 | INFO | MONITOR_SLEEP | Sleeping for 20s (base=20s, consecutive_errors=0, monitoring_suspended=False)
2025-11-27 11:40:51 | INFO | MONITOR_SLEEP | Sleeping for 20s (base=20s, consecutive_errors=0, monitoring_suspended=False)
2025-11-27 11:41:11 | INFO | MONITOR | Paper trades checked (next in 60s)
2025-11-27 11:41:11 | INFO | MONITOR_SLEEP | Sleeping for 20s (base=20s, consecutive_errors=0, monitoring_suspended=False)
2025-11-27 11:41:31 | INFO | MONITOR_SLEEP | Sleeping for 20s (base=20s, consecutive_errors=0, monitoring_suspended=False)
2025-11-27 11:41:51 | INFO | MONITOR_SLEEP | Sleeping for 20s (base=20s, consecutive_errors=0, monitoring_suspended=False)
2025-11-27 11:42:11 | INFO | MONITOR | Paper trades checked (next in 60s)
2025-11-27 11:42:11 | INFO | MONITOR_SLEEP | Sleeping for 20s (base=20s, consecutive_errors=0, monitoring_suspended=False)
2025-11-27 11:42:31 | INFO | MONITOR_SLEEP | Sleeping for 20s (base=20s, consecutive_errors=0, monitoring_suspended=False)
2025-11-27 11:42:51 | INFO | MONITOR_SLEEP | Sleeping for 20s (base=20s, consecutive_errors=0, monitoring_suspended=False)
2025-11-27 11:43:11 | INFO | MONITOR | Paper trades checked (next in 60s)
2025-11-27 11:43:11 | INFO | MONITOR_SLEEP | Sleeping for 20s (base=20s, consecutive_errors=0, monitoring_suspended=False)
2025-11-27 11:43:31 | INFO | MONITOR_SLEEP | Sleeping for 20s (base=20s, consecutive_errors=0, monitoring_suspended=False)
2025-11-27 11:43:51 | INFO | MONITOR_SLEEP | Sleeping for 20s (base=20s, consecutive_errors=0, monitoring_suspended=False)
2025-11-27 11:44:11 | INFO | MONITOR | Paper trades checked (next in 60s)
2025-11-27 11:44:11 | INFO | MONITOR_SLEEP | Sleeping for 20s (base=20s, consecutive_errors=0, monitoring_suspended=False)
2025-11-27 11:44:31 | INFO | MONITOR_SLEEP | Sleeping for 20s (base=20s, consecutive_errors=0, monitoring_suspended=False)
2025-11-27 11:44:51 | INFO | MONITOR_SLEEP | Sleeping for 20s (base=20s, consecutive_errors=0, monitoring_suspended=False)
2025-11-27 11:45:11 | INFO | MONITOR | Paper trades checked (next in 60s)
2025-11-27 11:45:11 | INFO | MONITOR_SLEEP | Sleeping for 20s (base=20s, consecutive_errors=0, monitoring_suspended=False)
2025-11-27 11:45:31 | INFO | MONITOR_SLEEP | Sleeping for 20s (base=20s, consecutive_errors=0, monitoring_suspended=False)
2025-11-27 11:45:51 | INFO | MONITOR_SLEEP | Sleeping for 20s (base=20s, consecutive_errors=0, monitoring_suspended=False)
2025-11-27 11:46:11 | INFO | MONITOR | Paper trades checked (next in 60s)
2025-11-27 11:46:11 | INFO | MONITOR_SLEEP | Sleeping for 20s (base=20s, consecutive_errors=0, monitoring_suspended=False)
2025-11-27 11:46:31 | INFO | MONITOR_SLEEP | Sleeping for 20s (base=20s, consecutive_errors=0, monitoring_suspended=False)
2025-11-27 11:46:51 | INFO | MONITOR_SLEEP | Sleeping for 20s (base=20s, consecutive_errors=0, monitoring_suspended=False)
2025-11-27 11:47:11 | INFO | MONITOR | Paper trades checked (next in 60s)
2025-11-27 11:47:11 | INFO | MONITOR_SLEEP | Sleeping for 20s (base=20s, consecutive_errors=0, monitoring_suspended=False)
2025-11-27 11:47:31 | INFO | MONITOR_SLEEP | Sleeping for 20s (base=20s, consecutive_errors=0, monitoring_suspended=False)
2025-11-27 11:47:51 | INFO | MONITOR_SLEEP | Sleeping for 20s (base=20s, consecutive_errors=0, monitoring_suspended=False)
2025-11-27 11:48:11 | INFO | MONITOR | Paper trades checked (next in 60s)
2025-11-27 11:48:11 | INFO | MONITOR_SLEEP | Sleeping for 20s (base=20s, consecutive_errors=0, monitoring_suspended=False)
2025-11-27 11:48:31 | INFO | MONITOR_SLEEP | Sleeping for 20s (base=20s, consecutive_errors=0, monitoring_suspended=False)
2025-11-27 11:48:51 | INFO | MONITOR_SLEEP | Sleeping for 20s (base=20s, consecutive_errors=0, monitoring_suspended=False)
2025-11-27 11:49:11 | INFO | MONITOR | Paper trades checked (next in 60s)
2025-11-27 11:49:11 | INFO | MONITOR_SLEEP | Sleeping for 20s (base=20s, consecutive_errors=0, monitoring_suspended=False)
2025-11-27 11:49:31 | INFO | MONITOR_SLEEP | Sleeping for 20s (base=20s, consecutive_errors=0, monitoring_suspended=False)
2025-11-27 11:49:51 | INFO | MONITOR_SLEEP | Sleeping for 20s (base=20s, consecutive_errors=0, monitoring_suspended=False)
2025-11-27 11:50:11 | INFO | MONITOR | Paper trades checked (next in 60s)
2025-11-27 11:50:11 | INFO | MONITOR_SLEEP | Sleeping for 20s (base=20s, consecutive_errors=0, monitoring_suspended=False)
2025-11-27 11:50:31 | INFO | MONITOR_SLEEP | Sleeping for 20s (base=20s, consecutive_errors=0, monitoring_suspended=False)
2025-11-27 11:50:51 | INFO | MONITOR_SLEEP | Sleeping for 20s (base=20s, consecutive_errors=0, monitoring_suspended=False)
2025-11-27 11:51:11 | INFO | MONITOR | Paper trades checked (next in 60s)
2025-11-27 11:51:11 | INFO | MONITOR_SLEEP | Sleeping for 20s (base=20s, consecutive_errors=0, monitoring_suspended=False)
2025-11-27 11:51:31 | INFO | MONITOR_SLEEP | Sleeping for 20s (base=20s, consecutive_errors=0, monitoring_suspended=False)
2025-11-27 11:51:51 | INFO | MONITOR_SLEEP | Sleeping for 20s (base=20s, consecutive_errors=0, monitoring_suspended=False)
2025-11-27 11:52:11 | INFO | MONITOR | Paper trades checked (next in 60s)
2025-11-27 11:52:11 | INFO | MONITOR_SLEEP | Sleeping for 20s (base=20s, consecutive_errors=0, monitoring_suspended=False)
2025-11-27 11:52:31 | INFO | MONITOR_SLEEP | Sleeping for 20s (base=20s, consecutive_errors=0, monitoring_suspended=False)
2025-11-27 11:52:51 | INFO | MONITOR_SLEEP | Sleeping for 20s (base=20s, consecutive_errors=0, monitoring_suspended=False)
2025-11-27 11:53:11 | INFO | MONITOR | Paper trades checked (next in 60s)
2025-11-27 11:53:11 | INFO | MONITOR_SLEEP | Sleeping for 20s (base=20s, consecutive_errors=0, monitoring_suspended=False)
2025-11-27 11:53:31 | INFO | MONITOR_SLEEP | Sleeping for 20s (base=20s, consecutive_errors=0, monitoring_suspended=False)
2025-11-27 11:53:51 | INFO | MONITOR_SLEEP | Sleeping for 20s (base=20s, consecutive_errors=0, monitoring_suspended=False)
2025-11-27 11:54:11 | INFO | MONITOR | Paper trades checked (next in 60s)
2025-11-27 11:54:11 | INFO | MONITOR_SLEEP | Sleeping for 20s (base=20s, consecutive_errors=0, monitoring_suspended=False)
2025-11-27 11:54:31 | INFO | MONITOR_SLEEP | Sleeping for 20s (base=20s, consecutive_errors=0, monitoring_suspended=False)
2025-11-27 11:54:51 | INFO | MONITOR_SLEEP | Sleeping for 20s (base=20s, consecutive_errors=0, monitoring_suspended=False)
2025-11-27 11:55:11 | INFO | MONITOR | Paper trades checked (next in 60s)
2025-11-27 11:55:11 | INFO | MONITOR_SLEEP | Sleeping for 20s (base=20s, consecutive_errors=0, monitoring_suspended=False)
2025-11-27 11:55:31 | INFO | MONITOR_SLEEP | Sleeping for 20s (base=20s, consecutive_errors=0, monitoring_suspended=False)
2025-11-27 11:55:51 | INFO | MONITOR_SLEEP | Sleeping for 20s (base=20s, consecutive_errors=0, monitoring_suspended=False)
2025-11-27 11:56:11 | INFO | MONITOR | Paper trades checked (next in 60s)
2025-11-27 11:56:11 | INFO | MONITOR_SLEEP | Sleeping for 20s (base=20s, consecutive_errors=0, monitoring_suspended=False)
2025-11-27 11:56:31 | INFO | MONITOR_SLEEP | Sleeping for 20s (base=20s, consecutive_errors=0, monitoring_suspended=False)
2025-11-27 11:56:51 | INFO | MONITOR_SLEEP | Sleeping for 20s (base=20s, consecutive_errors=0, monitoring_suspended=False)
2025-11-27 11:57:11 | INFO | MONITOR | Paper trades checked (next in 60s)
2025-11-27 11:57:11 | INFO | MONITOR_SLEEP | Sleeping for 20s (base=20s, consecutive_errors=0, monitoring_suspended=False)
2025-11-27 11:57:31 | INFO | MONITOR_SLEEP | Sleeping for 20s (base=20s, consecutive_errors=0, monitoring_suspended=False)
2025-11-27 11:57:51 | INFO | MONITOR_SLEEP | Sleeping for 20s (base=20s, consecutive_errors=0, monitoring_suspended=False)
2025-11-27 11:58:11 | INFO | MONITOR | Paper trades checked (next in 60s)
2025-11-27 11:58:11 | INFO | MONITOR_SLEEP | Sleeping for 20s (base=20s, consecutive_errors=0, monitoring_suspended=False)
2025-11-27 11:58:31 | INFO | MONITOR_SLEEP | Sleeping for 20s (base=20s, consecutive_errors=0, monitoring_suspended=False)
2025-11-27 11:58:51 | INFO | MONITOR_SLEEP | Sleeping for 20s (base=20s, consecutive_errors=0, monitoring_suspended=False)
2025-11-27 11:59:11 | INFO | MONITOR | Paper trades checked (next in 60s)
2025-11-27 11:59:11 | INFO | MONITOR_SLEEP | Sleeping for 20s (base=20s, consecutive_errors=0, monitoring_suspended=False)
2025-11-27 11:59:31 | INFO | MONITOR_SLEEP | Sleeping for 20s (base=20s, consecutive_errors=0, monitoring_suspended=False)
2025-11-27 11:59:51 | INFO | MONITOR_SLEEP | Sleeping for 20s (base=20s, consecutive_errors=0, monitoring_suspended=False)
2025-11-27 12:00:11 | INFO | MONITOR | Paper trades checked (next in 60s)
2025-11-27 12:00:11 | INFO | MONITOR_SLEEP | Sleeping for 20s (base=20s, consecutive_errors=0, monitoring_suspended=False)
2025-11-27 12:00:31 | INFO | MONITOR_SLEEP | Sleeping for 20s (base=20s, consecutive_errors=0, monitoring_suspended=False)
2025-11-27 12:00:51 | INFO | MONITOR_SLEEP | Sleeping for 20s (base=20s, consecutive_errors=0, monitoring_suspended=False)
2025-11-27 12:01:11 | INFO | MONITOR | Paper trades checked (next in 60s)
2025-11-27 12:01:11 | INFO | MONITOR_SLEEP | Sleeping for 20s (base=20s, consecutive_errors=0, monitoring_suspended=False)
2025-11-27 12:01:31 | INFO | MONITOR_SLEEP | Sleeping for 20s (base=20s, consecutive_errors=0, monitoring_suspended=False)
2025-11-27 12:01:51 | INFO | MONITOR_SLEEP | Sleeping for 20s (base=20s, consecutive_errors=0, monitoring_suspended=False)
2025-11-27 12:02:11 | INFO | MONITOR | Paper trades checked (next in 60s)
2025-11-27 12:02:11 | INFO | MONITOR_SLEEP | Sleeping for 20s (base=20s, consecutive_errors=0, monitoring_suspended=False)
2025-11-27 12:02:31 | INFO | MONITOR_SLEEP | Sleeping for 20s (base=20s, consecutive_errors=0, monitoring_suspended=False)
2025-11-27 12:02:51 | INFO | MONITOR_SLEEP | Sleeping for 20s (base=20s, consecutive_errors=0, monitoring_suspended=False)
2025-11-27 12:03:11 | INFO | MONITOR | Paper trades checked (next in 60s)
2025-11-27 12:03:11 | INFO | MONITOR_SLEEP | Sleeping for 20s (base=20s, consecutive_errors=0, monitoring_suspended=False)
2025-11-27 12:03:31 | INFO | MONITOR_SLEEP | Sleeping for 20s (base=20s, consecutive_errors=0, monitoring_suspended=False)
2025-11-27 12:03:51 | INFO | MONITOR_SLEEP | Sleeping for 20s (base=20s, consecutive_errors=0, monitoring_suspended=False)
2025-11-27 12:04:11 | INFO | MONITOR | Paper trades checked (next in 60s)
2025-11-27 12:04:11 | INFO | MONITOR_SLEEP | Sleeping for 20s (base=20s, consecutive_errors=0, monitoring_suspended=False)
2025-11-27 12:04:31 | INFO | MONITOR_SLEEP | Sleeping for 20s (base=20s, consecutive_errors=0, monitoring_suspended=False)
2025-11-27 12:04:51 | INFO | MONITOR_SLEEP | Sleeping for 20s (base=20s, consecutive_errors=0, monitoring_suspended=False)
2025-11-27 12:05:11 | INFO | MONITOR | Paper trades checked (next in 60s)
2025-11-27 12:05:11 | INFO | MONITOR_SLEEP | Sleeping for 20s (base=20s, consecutive_errors=0, monitoring_suspended=False)
2025-11-27 12:05:31 | INFO | MONITOR_SLEEP | Sleeping for 20s (base=20s, consecutive_errors=0, monitoring_suspended=False)
2025-11-27 12:05:51 | INFO | MONITOR_SLEEP | Sleeping for 20s (base=20s, consecutive_errors=0, monitoring_suspended=False)
2025-11-27 12:06:11 | INFO | MONITOR | Paper trades checked (next in 60s)
2025-11-27 12:06:11 | INFO | MONITOR_SLEEP | Sleeping for 20s (base=20s, consecutive_errors=0, monitoring_suspended=False)
2025-11-27 12:06:31 | INFO | MONITOR_SLEEP | Sleeping for 20s (base=20s, consecutive_errors=0, monitoring_suspended=False)
2025-11-27 12:06:51 | INFO | MONITOR_SLEEP | Sleeping for 20s (base=20s, consecutive_errors=0, monitoring_suspended=False)
2025-11-27 12:07:11 | INFO | MONITOR | Paper trades checked (next in 60s)
2025-11-27 12:07:11 | INFO | MONITOR_SLEEP | Sleeping for 20s (base=20s, consecutive_errors=0, monitoring_suspended=False)
2025-11-27 12:07:31 | INFO | MONITOR_SLEEP | Sleeping for 20s (base=20s, consecutive_errors=0, monitoring_suspended=False)
2025-11-27 12:07:51 | INFO | MONITOR_SLEEP | Sleeping for 20s (base=20s, consecutive_errors=0, monitoring_suspended=False)
2025-11-27 12:08:11 | INFO | MONITOR | Paper trades checked (next in 60s)
2025-11-27 12:08:11 | INFO | MONITOR_SLEEP | Sleeping for 20s (base=20s, consecutive_errors=0, monitoring_suspended=False)
2025-11-27 12:08:31 | INFO | MONITOR_SLEEP | Sleeping for 20s (base=20s, consecutive_errors=0, monitoring_suspended=False)
2025-11-27 12:08:51 | INFO | MONITOR_SLEEP | Sleeping for 20s (base=20s, consecutive_errors=0, monitoring_suspended=False)
2025-11-27 12:09:11 | INFO | MONITOR | Paper trades checked (next in 60s)
2025-11-27 12:09:11 | INFO | MONITOR_SLEEP | Sleeping for 20s (base=20s, consecutive_errors=0, monitoring_suspended=False)
2025-11-27 12:09:31 | INFO | MONITOR_SLEEP | Sleeping for 20s (base=20s, consecutive_errors=0, monitoring_suspended=False)
2025-11-27 12:09:51 | INFO | MONITOR_SLEEP | Sleeping for 20s (base=20s, consecutive_errors=0, monitoring_suspended=False)
2025-11-27 12:10:11 | INFO | MONITOR | Paper trades checked (next in 60s)
2025-11-27 12:10:11 | INFO | MONITOR_SLEEP | Sleeping for 20s (base=20s, consecutive_errors=0, monitoring_suspended=False)
2025-11-27 12:10:31 | INFO | MONITOR_SLEEP | Sleeping for 20s (base=20s, consecutive_errors=0, monitoring_suspended=False)
2025-11-27 12:10:51 | INFO | MONITOR_SLEEP | Sleeping for 20s (base=20s, consecutive_errors=0, monitoring_suspended=False)
2025-11-27 12:11:11 | INFO | MONITOR | Paper trades checked (next in 60s)
2025-11-27 12:11:11 | INFO | MONITOR_SLEEP | Sleeping for 20s (base=20s, consecutive_errors=0, monitoring_suspended=False)
2025-11-27 12:11:31 | INFO | MONITOR_SLEEP | Sleeping for 20s (base=20s, consecutive_errors=0, monitoring_suspended=False)
2025-11-27 12:11:51 | INFO | MONITOR_SLEEP | Sleeping for 20s (base=20s, consecutive_errors=0, monitoring_suspended=False)
2025-11-27 12:12:11 | INFO | MONITOR | Paper trades checked (next in 60s)
2025-11-27 12:12:11 | INFO | MONITOR_SLEEP | Sleeping for 20s (base=20s, consecutive_errors=0, monitoring_suspended=False)
2025-11-27 12:12:31 | INFO | MONITOR_SLEEP | Sleeping for 20s (base=20s, consecutive_errors=0, monitoring_suspended=False)
2025-11-27 12:12:51 | INFO | MONITOR_SLEEP | Sleeping for 20s (base=20s, consecutive_errors=0, monitoring_suspended=False)
2025-11-27 12:13:11 | INFO | MONITOR | Paper trades checked (next in 60s)
2025-11-27 12:13:11 | INFO | MONITOR_SLEEP | Sleeping for 20s (base=20s, consecutive_errors=0, monitoring_suspended=False)
2025-11-27 12:13:31 | INFO | MONITOR_SLEEP | Sleeping for 20s (base=20s, consecutive_errors=0, monitoring_suspended=False)
2025-11-27 12:13:51 | INFO | MONITOR_SLEEP | Sleeping for 20s (base=20s, consecutive_errors=0, monitoring_suspended=False)
2025-11-27 12:14:11 | INFO | MONITOR | Paper trades checked (next in 60s)
2025-11-27 12:14:11 | INFO | MONITOR_SLEEP | Sleeping for 20s (base=20s, consecutive_errors=0, monitoring_suspended=False)
2025-11-27 12:14:31 | INFO | MONITOR_SLEEP | Sleeping for 20s (base=20s, consecutive_errors=0, monitoring_suspended=False)
2025-11-27 12:14:51 | INFO | MONITOR_SLEEP | Sleeping for 20s (base=20s, consecutive_errors=0, monitoring_suspended=False)
2025-11-27 12:15:11 | INFO | MONITOR | Paper trades checked (next in 60s)
2025-11-27 12:15:11 | INFO | MONITOR_SLEEP | Sleeping for 20s (base=20s, consecutive_errors=0, monitoring_suspended=False)
2025-11-27 12:15:31 | INFO | MONITOR_SLEEP | Sleeping for 20s (base=20s, consecutive_errors=0, monitoring_suspended=False)
2025-11-27 12:15:51 | INFO | MONITOR_SLEEP | Sleeping for 20s (base=20s, consecutive_errors=0, monitoring_suspended=False)
2025-11-27 12:16:11 | INFO | MONITOR | Paper trades checked (next in 60s)
2025-11-27 12:16:11 | INFO | MONITOR_SLEEP | Sleeping for 20s (base=20s, consecutive_errors=0, monitoring_suspended=False)
2025-11-27 12:16:31 | INFO | MONITOR_SLEEP | Sleeping for 20s (base=20s, consecutive_errors=0, monitoring_suspended=False)
2025-11-27 12:16:51 | INFO | MONITOR_SLEEP | Sleeping for 20s (base=20s, consecutive_errors=0, monitoring_suspended=False)
2025-11-27 12:17:11 | INFO | MONITOR | Paper trades checked (next in 60s)
2025-11-27 12:17:11 | INFO | MONITOR_SLEEP | Sleeping for 20s (base=20s, consecutive_errors=0, monitoring_suspended=False)
2025-11-27 12:17:31 | INFO | MONITOR_SLEEP | Sleeping for 20s (base=20s, consecutive_errors=0, monitoring_suspended=False)
2025-11-27 12:17:51 | INFO | MONITOR_SLEEP | Sleeping for 20s (base=20s, consecutive_errors=0, monitoring_suspended=False)
2025-11-27 12:18:11 | INFO | MONITOR | Paper trades checked (next in 60s)
2025-11-27 12:18:11 | INFO | MONITOR_SLEEP | Sleeping for 20s (base=20s, consecutive_errors=0, monitoring_suspended=False)
2025-11-27 12:18:31 | INFO | MONITOR_SLEEP | Sleeping for 20s (base=20s, consecutive_errors=0, monitoring_suspended=False)
2025-11-27 12:18:51 | INFO | MONITOR_SLEEP | Sleeping for 20s (base=20s, consecutive_errors=0, monitoring_suspended=False)
2025-11-27 12:19:11 | INFO | MONITOR | Paper trades checked (next in 60s)
2025-11-27 12:19:11 | INFO | MONITOR_SLEEP | Sleeping for 20s (base=20s, consecutive_errors=0, monitoring_suspended=False)
2025-11-27 12:19:31 | INFO | MONITOR_SLEEP | Sleeping for 20s (base=20s, consecutive_errors=0, monitoring_suspended=False)
2025-11-27 12:19:51 | INFO | MONITOR_SLEEP | Sleeping for 20s (base=20s, consecutive_errors=0, monitoring_suspended=False)
2025-11-27 12:20:11 | INFO | MONITOR | Paper trades checked (next in 60s)
2025-11-27 12:20:11 | INFO | MONITOR_SLEEP | Sleeping for 20s (base=20s, consecutive_errors=0, monitoring_suspended=False)
2025-11-27 12:20:31 | INFO | MONITOR_SLEEP | Sleeping for 20s (base=20s, consecutive_errors=0, monitoring_suspended=False)
2025-11-27 12:20:51 | INFO | MONITOR_SLEEP | Sleeping for 20s (base=20s, consecutive_errors=0, monitoring_suspended=False)
2025-11-27 12:21:11 | INFO | MONITOR | Paper trades checked (next in 60s)
2025-11-27 12:21:11 | INFO | MONITOR_SLEEP | Sleeping for 20s (base=20s, consecutive_errors=0, monitoring_suspended=False)
2025-11-27 12:21:31 | INFO | MONITOR_SLEEP | Sleeping for 20s (base=20s, consecutive_errors=0, monitoring_suspended=False)
2025-11-27 12:21:51 | INFO | MONITOR_SLEEP | Sleeping for 20s (base=20s, consecutive_errors=0, monitoring_suspended=False)
2025-11-27 12:22:11 | INFO | MONITOR | Paper trades checked (next in 60s)
2025-11-27 12:22:11 | INFO | MONITOR_SLEEP | Sleeping for 20s (base=20s, consecutive_errors=0, monitoring_suspended=False)
2025-11-27 12:22:31 | INFO | MONITOR_SLEEP | Sleeping for 20s (base=20s, consecutive_errors=0, monitoring_suspended=False)
2025-11-27 12:22:51 | INFO | MONITOR_SLEEP | Sleeping for 20s (base=20s, consecutive_errors=0, monitoring_suspended=False)
2025-11-27 12:23:11 | INFO | MONITOR | Paper trades checked (next in 60s)
2025-11-27 12:23:11 | INFO | MONITOR_SLEEP | Sleeping for 20s (base=20s, consecutive_errors=0, monitoring_suspended=False)
2025-11-27 12:23:31 | INFO | MONITOR_SLEEP | Sleeping for 20s (base=20s, consecutive_errors=0, monitoring_suspended=False)
2025-11-27 12:23:51 | INFO | MONITOR_SLEEP | Sleeping for 20s (base=20s, consecutive_errors=0, monitoring_suspended=False)
2025-11-27 12:24:11 | INFO | MONITOR | Paper trades checked (next in 60s)
2025-11-27 12:24:11 | INFO | MONITOR_SLEEP | Sleeping for 20s (base=20s, consecutive_errors=0, monitoring_suspended=False)
2025-11-27 12:24:31 | INFO | MONITOR_SLEEP | Sleeping for 20s (base=20s, consecutive_errors=0, monitoring_suspended=False)
2025-11-27 12:24:51 | INFO | MONITOR_SLEEP | Sleeping for 20s (base=20s, consecutive_errors=0, monitoring_suspended=False)
2025-11-27 12:25:11 | INFO | MONITOR | Paper trades checked (next in 60s)
2025-11-27 12:25:11 | INFO | MONITOR_SLEEP | Sleeping for 20s (base=20s, consecutive_errors=0, monitoring_suspended=False)
2025-11-27 12:25:31 | INFO | MONITOR_SLEEP | Sleeping for 20s (base=20s, consecutive_errors=0, monitoring_suspended=False)
2025-11-27 12:25:51 | INFO | MONITOR_SLEEP | Sleeping for 20s (base=20s, consecutive_errors=0, monitoring_suspended=False)
2025-11-27 12:26:11 | INFO | MONITOR | Paper trades checked (next in 60s)
2025-11-27 12:26:11 | INFO | MONITOR_SLEEP | Sleeping for 20s (base=20s, consecutive_errors=0, monitoring_suspended=False)
2025-11-27 12:26:31 | INFO | MONITOR_SLEEP | Sleeping for 20s (base=20s, consecutive_errors=0, monitoring_suspended=False)
2025-11-27 12:26:51 | INFO | MONITOR_SLEEP | Sleeping for 20s (base=20s, consecutive_errors=0, monitoring_suspended=False)
2025-11-27 12:27:11 | INFO | MONITOR | Paper trades checked (next in 60s)
2025-11-27 12:27:11 | INFO | MONITOR_SLEEP | Sleeping for 20s (base=20s, consecutive_errors=0, monitoring_suspended=False)
2025-11-27 12:27:31 | INFO | MONITOR_SLEEP | Sleeping for 20s (base=20s, consecutive_errors=0, monitoring_suspended=False)
2025-11-27 12:27:51 | INFO | MONITOR_SLEEP | Sleeping for 20s (base=20s, consecutive_errors=0, monitoring_suspended=False)
2025-11-27 12:28:11 | INFO | MONITOR | Paper trades checked (next in 60s)
2025-11-27 12:28:11 | INFO | MONITOR_SLEEP | Sleeping for 20s (base=20s, consecutive_errors=0, monitoring_suspended=False)
2025-11-27 12:28:31 | INFO | MONITOR_SLEEP | Sleeping for 20s (base=20s, consecutive_errors=0, monitoring_suspended=False)
2025-11-27 12:28:51 | INFO | MONITOR_SLEEP | Sleeping for 20s (base=20s, consecutive_errors=0, monitoring_suspended=False)
2025-11-27 12:29:11 | INFO | MONITOR | Paper trades checked (next in 60s)
2025-11-27 12:29:11 | INFO | MONITOR_SLEEP | Sleeping for 20s (base=20s, consecutive_errors=0, monitoring_suspended=False)
2025-11-27 12:29:31 | INFO | MONITOR_SLEEP | Sleeping for 20s (base=20s, consecutive_errors=0, monitoring_suspended=False)
2025-11-27 12:29:51 | INFO | MONITOR_SLEEP | Sleeping for 20s (base=20s, consecutive_errors=0, monitoring_suspended=False)
2025-11-27 12:30:11 | INFO | MONITOR | Paper trades checked (next in 60s)
2025-11-27 12:30:11 | INFO | MONITOR_SLEEP | Sleeping for 20s (base=20s, consecutive_errors=0, monitoring_suspended=False)
2025-11-27 12:30:31 | INFO | MONITOR_SLEEP | Sleeping for 20s (base=20s, consecutive_errors=0, monitoring_suspended=False)
2025-11-27 12:30:51 | INFO | MONITOR_SLEEP | Sleeping for 20s (base=20s, consecutive_errors=0, monitoring_suspended=False)
2025-11-27 12:31:11 | INFO | MONITOR | Paper trades checked (next in 60s)
2025-11-27 12:31:11 | INFO | MONITOR_SLEEP | Sleeping for 20s (base=20s, consecutive_errors=0, monitoring_suspended=False)
2025-11-27 12:31:31 | INFO | MONITOR_SLEEP | Sleeping for 20s (base=20s, consecutive_errors=0, monitoring_suspended=False)
2025-11-27 12:31:51 | INFO | MONITOR_SLEEP | Sleeping for 20s (base=20s, consecutive_errors=0, monitoring_suspended=False)
2025-11-27 12:32:11 | INFO | MONITOR | Paper trades checked (next in 60s)
2025-11-27 12:32:11 | INFO | MONITOR_SLEEP | Sleeping for 20s (base=20s, consecutive_errors=0, monitoring_suspended=False)
2025-11-27 12:32:31 | INFO | MONITOR_SLEEP | Sleeping for 20s (base=20s, consecutive_errors=0, monitoring_suspended=False)
2025-11-27 12:32:51 | INFO | MONITOR_SLEEP | Sleeping for 20s (base=20s, consecutive_errors=0, monitoring_suspended=False)
2025-11-27 12:33:11 | INFO | MONITOR | Paper trades checked (next in 60s)
2025-11-27 12:33:11 | INFO | MONITOR_SLEEP | Sleeping for 20s (base=20s, consecutive_errors=0, monitoring_suspended=False)
2025-11-27 12:33:31 | INFO | MONITOR_SLEEP | Sleeping for 20s (base=20s, consecutive_errors=0, monitoring_suspended=False)
2025-11-27 12:33:51 | INFO | MONITOR_SLEEP | Sleeping for 20s (base=20s, consecutive_errors=0, monitoring_suspended=False)
2025-11-27 12:34:11 | INFO | MONITOR | Paper trades checked (next in 60s)
2025-11-27 12:34:11 | INFO | MONITOR_SLEEP | Sleeping for 20s (base=20s, consecutive_errors=0, monitoring_suspended=False)
2025-11-27 12:34:31 | INFO | MONITOR_SLEEP | Sleeping for 20s (base=20s, consecutive_errors=0, monitoring_suspended=False)
2025-11-27 12:34:52 | INFO | MONITOR_SLEEP | Sleeping for 20s (base=20s, consecutive_errors=0, monitoring_suspended=False)
2025-11-27 12:35:12 | INFO | MONITOR | Paper trades checked (next in 60s)
2025-11-27 12:35:12 | INFO | MONITOR_SLEEP | Sleeping for 20s (base=20s, consecutive_errors=0, monitoring_suspended=False)
2025-11-27 12:35:32 | INFO | MONITOR_SLEEP | Sleeping for 20s (base=20s, consecutive_errors=0, monitoring_suspended=False)
2025-11-27 12:35:52 | INFO | MONITOR_SLEEP | Sleeping for 20s (base=20s, consecutive_errors=0, monitoring_suspended=False)
2025-11-27 12:36:12 | INFO | MONITOR | Paper trades checked (next in 60s)
2025-11-27 12:36:12 | INFO | MONITOR_SLEEP | Sleeping for 20s (base=20s, consecutive_errors=0, monitoring_suspended=False)
2025-11-27 12:36:32 | INFO | MONITOR_SLEEP | Sleeping for 20s (base=20s, consecutive_errors=0, monitoring_suspended=False)
2025-11-27 12:36:52 | INFO | MONITOR_SLEEP | Sleeping for 20s (base=20s, consecutive_errors=0, monitoring_suspended=False)
2025-11-27 12:37:12 | INFO | MONITOR | Paper trades checked (next in 60s)
2025-11-27 12:37:12 | INFO | MONITOR_SLEEP | Sleeping for 20s (base=20s, consecutive_errors=0, monitoring_suspended=False)
2025-11-27 12:37:32 | INFO | MONITOR_SLEEP | Sleeping for 20s (base=20s, consecutive_errors=0, monitoring_suspended=False)
2025-11-27 12:37:52 | INFO | MONITOR_SLEEP | Sleeping for 20s (base=20s, consecutive_errors=0, monitoring_suspended=False)
2025-11-27 12:38:12 | INFO | MONITOR | Paper trades checked (next in 60s)
2025-11-27 12:38:12 | INFO | MONITOR_SLEEP | Sleeping for 20s (base=20s, consecutive_errors=0, monitoring_suspended=False)
2025-11-27 12:38:32 | INFO | MONITOR_SLEEP | Sleeping for 20s (base=20s, consecutive_errors=0, monitoring_suspended=False)
2025-11-27 12:38:52 | INFO | MONITOR_SLEEP | Sleeping for 20s (base=20s, consecutive_errors=0, monitoring_suspended=False)
2025-11-27 12:39:12 | INFO | MONITOR | Paper trades checked (next in 60s)
2025-11-27 12:39:12 | INFO | MONITOR_SLEEP | Sleeping for 20s (base=20s, consecutive_errors=0, monitoring_suspended=False)
2025-11-27 12:39:32 | INFO | MONITOR_SLEEP | Sleeping for 20s (base=20s, consecutive_errors=0, monitoring_suspended=False)
2025-11-27 12:39:52 | INFO | MONITOR_SLEEP | Sleeping for 20s (base=20s, consecutive_errors=0, monitoring_suspended=False)
2025-11-27 12:40:12 | INFO | MONITOR | Paper trades checked (next in 60s)
2025-11-27 12:40:12 | INFO | MONITOR_SLEEP | Sleeping for 20s (base=20s, consecutive_errors=0, monitoring_suspended=False)
2025-11-27 12:40:32 | INFO | MONITOR_SLEEP | Sleeping for 20s (base=20s, consecutive_errors=0, monitoring_suspended=False)
2025-11-27 12:40:52 | INFO | MONITOR_SLEEP | Sleeping for 20s (base=20s, consecutive_errors=0, monitoring_suspended=False)
2025-11-27 12:41:12 | INFO | MONITOR | Paper trades checked (next in 60s)
2025-11-27 12:41:12 | INFO | MONITOR_SLEEP | Sleeping for 20s (base=20s, consecutive_errors=0, monitoring_suspended=False)
2025-11-27 12:41:32 | INFO | MONITOR_SLEEP | Sleeping for 20s (base=20s, consecutive_errors=0, monitoring_suspended=False)
2025-11-27 12:41:52 | INFO | MONITOR_SLEEP | Sleeping for 20s (base=20s, consecutive_errors=0, monitoring_suspended=False)
2025-11-27 12:42:12 | INFO | MONITOR | Paper trades checked (next in 60s)
2025-11-27 12:42:12 | INFO | MONITOR_SLEEP | Sleeping for 20s (base=20s, consecutive_errors=0, monitoring_suspended=False)
2025-11-27 12:42:32 | INFO | MONITOR_SLEEP | Sleeping for 20s (base=20s, consecutive_errors=0, monitoring_suspended=False)
2025-11-27 12:42:52 | INFO | MONITOR_SLEEP | Sleeping for 20s (base=20s, consecutive_errors=0, monitoring_suspended=False)
2025-11-27 12:43:12 | INFO | MONITOR | Paper trades checked (next in 60s)
2025-11-27 12:43:12 | INFO | MONITOR_SLEEP | Sleeping for 20s (base=20s, consecutive_errors=0, monitoring_suspended=False)
2025-11-27 12:43:32 | INFO | MONITOR_SLEEP | Sleeping for 20s (base=20s, consecutive_errors=0, monitoring_suspended=False)
2025-11-27 12:43:52 | INFO | MONITOR_SLEEP | Sleeping for 20s (base=20s, consecutive_errors=0, monitoring_suspended=False)
2025-11-27 12:44:12 | INFO | MONITOR | Paper trades checked (next in 60s)
2025-11-27 12:44:12 | INFO | MONITOR_SLEEP | Sleeping for 20s (base=20s, consecutive_errors=0, monitoring_suspended=False)
2025-11-27 12:44:32 | INFO | MONITOR_SLEEP | Sleeping for 20s (base=20s, consecutive_errors=0, monitoring_suspended=False)
2025-11-27 12:44:52 | INFO | MONITOR_SLEEP | Sleeping for 20s (base=20s, consecutive_errors=0, monitoring_suspended=False)
2025-11-27 12:45:12 | INFO | MONITOR | Paper trades checked (next in 60s)
2025-11-27 12:45:12 | INFO | MONITOR_SLEEP | Sleeping for 20s (base=20s, consecutive_errors=0, monitoring_suspended=False)
2025-11-27 12:45:32 | INFO | MONITOR_SLEEP | Sleeping for 20s (base=20s, consecutive_errors=0, monitoring_suspended=False)
2025-11-27 12:45:52 | INFO | MONITOR_SLEEP | Sleeping for 20s (base=20s, consecutive_errors=0, monitoring_suspended=False)
2025-11-27 12:46:12 | INFO | MONITOR | Paper trades checked (next in 60s)
2025-11-27 12:46:12 | INFO | MONITOR_SLEEP | Sleeping for 20s (base=20s, consecutive_errors=0, monitoring_suspended=False)
2025-11-27 12:46:32 | INFO | MONITOR_SLEEP | Sleeping for 20s (base=20s, consecutive_errors=0, monitoring_suspended=False)
2025-11-27 12:46:52 | INFO | MONITOR_SLEEP | Sleeping for 20s (base=20s, consecutive_errors=0, monitoring_suspended=False)
2025-11-27 12:47:12 | INFO | MONITOR | Paper trades checked (next in 60s)
2025-11-27 12:47:12 | INFO | MONITOR_SLEEP | Sleeping for 20s (base=20s, consecutive_errors=0, monitoring_suspended=False)
2025-11-27 12:47:32 | INFO | MONITOR_SLEEP | Sleeping for 20s (base=20s, consecutive_errors=0, monitoring_suspended=False)
2025-11-27 12:47:52 | INFO | MONITOR_SLEEP | Sleeping for 20s (base=20s, consecutive_errors=0, monitoring_suspended=False)
2025-11-27 12:48:12 | INFO | MONITOR | Paper trades checked (next in 60s)
2025-11-27 12:48:12 | INFO | MONITOR_SLEEP | Sleeping for 20s (base=20s, consecutive_errors=0, monitoring_suspended=False)
2025-11-27 12:48:32 | INFO | MONITOR_SLEEP | Sleeping for 20s (base=20s, consecutive_errors=0, monitoring_suspended=False)
2025-11-27 12:48:52 | INFO | MONITOR_SLEEP | Sleeping for 20s (base=20s, consecutive_errors=0, monitoring_suspended=False)
2025-11-27 12:49:12 | INFO | MONITOR | Paper trades checked (next in 60s)
2025-11-27 12:49:12 | INFO | MONITOR_SLEEP | Sleeping for 20s (base=20s, consecutive_errors=0, monitoring_suspended=False)
2025-11-27 12:49:32 | INFO | MONITOR_SLEEP | Sleeping for 20s (base=20s, consecutive_errors=0, monitoring_suspended=False)
2025-11-27 12:49:52 | INFO | MONITOR_SLEEP | Sleeping for 20s (base=20s, consecutive_errors=0, monitoring_suspended=False)
2025-11-27 12:50:12 | INFO | MONITOR | Paper trades checked (next in 60s)
2025-11-27 12:50:12 | INFO | MONITOR_SLEEP | Sleeping for 20s (base=20s, consecutive_errors=0, monitoring_suspended=False)
2025-11-27 12:50:32 | INFO | MONITOR_SLEEP | Sleeping for 20s (base=20s, consecutive_errors=0, monitoring_suspended=False)
2025-11-27 12:50:52 | INFO | MONITOR_SLEEP | Sleeping for 20s (base=20s, consecutive_errors=0, monitoring_suspended=False)
2025-11-27 12:51:12 | INFO | MONITOR | Paper trades checked (next in 60s)
2025-11-27 12:51:12 | INFO | MONITOR_SLEEP | Sleeping for 20s (base=20s, consecutive_errors=0, monitoring_suspended=False)
2025-11-27 12:51:32 | INFO | MONITOR_SLEEP | Sleeping for 20s (base=20s, consecutive_errors=0, monitoring_suspended=False)
2025-11-27 12:51:52 | INFO | MONITOR_SLEEP | Sleeping for 20s (base=20s, consecutive_errors=0, monitoring_suspended=False)
2025-11-27 12:52:12 | INFO | MONITOR | Paper trades checked (next in 60s)
2025-11-27 12:52:12 | INFO | MONITOR_SLEEP | Sleeping for 20s (base=20s, consecutive_errors=0, monitoring_suspended=False)
2025-11-27 12:52:32 | INFO | MONITOR_SLEEP | Sleeping for 20s (base=20s, consecutive_errors=0, monitoring_suspended=False)
2025-11-27 12:52:52 | INFO | MONITOR_SLEEP | Sleeping for 20s (base=20s, consecutive_errors=0, monitoring_suspended=False)
2025-11-27 12:53:12 | INFO | MONITOR | Paper trades checked (next in 60s)
2025-11-27 12:53:12 | INFO | MONITOR_SLEEP | Sleeping for 20s (base=20s, consecutive_errors=0, monitoring_suspended=False)
2025-11-27 12:53:32 | INFO | MONITOR_SLEEP | Sleeping for 20s (base=20s, consecutive_errors=0, monitoring_suspended=False)
2025-11-27 12:53:52 | INFO | MONITOR_SLEEP | Sleeping for 20s (base=20s, consecutive_errors=0, monitoring_suspended=False)
2025-11-27 12:54:12 | INFO | MONITOR | Paper trades checked (next in 60s)
2025-11-27 12:54:12 | INFO | MONITOR_SLEEP | Sleeping for 20s (base=20s, consecutive_errors=0, monitoring_suspended=False)
2025-11-27 12:54:32 | INFO | MONITOR_SLEEP | Sleeping for 20s (base=20s, consecutive_errors=0, monitoring_suspended=False)
2025-11-27 12:54:52 | INFO | MONITOR_SLEEP | Sleeping for 20s (base=20s, consecutive_errors=0, monitoring_suspended=False)
2025-11-27 12:55:12 | INFO | MONITOR | Paper trades checked (next in 60s)
2025-11-27 12:55:12 | INFO | MONITOR_SLEEP | Sleeping for 20s (base=20s, consecutive_errors=0, monitoring_suspended=False)
2025-11-27 12:55:32 | INFO | MONITOR_SLEEP | Sleeping for 20s (base=20s, consecutive_errors=0, monitoring_suspended=False)
2025-11-27 12:55:52 | INFO | MONITOR_SLEEP | Sleeping for 20s (base=20s, consecutive_errors=0, monitoring_suspended=False)
2025-11-27 12:56:12 | INFO | MONITOR | Paper trades checked (next in 60s)
2025-11-27 12:56:12 | INFO | MONITOR_SLEEP | Sleeping for 20s (base=20s, consecutive_errors=0, monitoring_suspended=False)
2025-11-27 12:56:32 | INFO | MONITOR_SLEEP | Sleeping for 20s (base=20s, consecutive_errors=0, monitoring_suspended=False)
2025-11-27 12:56:52 | INFO | MONITOR_SLEEP | Sleeping for 20s (base=20s, consecutive_errors=0, monitoring_suspended=False)
2025-11-27 12:57:12 | INFO | MONITOR | Paper trades checked (next in 60s)
2025-11-27 12:57:12 | INFO | MONITOR_SLEEP | Sleeping for 20s (base=20s, consecutive_errors=0, monitoring_suspended=False)
2025-11-27 12:57:32 | INFO | MONITOR_SLEEP | Sleeping for 20s (base=20s, consecutive_errors=0, monitoring_suspended=False)
2025-11-27 12:57:52 | INFO | MONITOR_SLEEP | Sleeping for 20s (base=20s, consecutive_errors=0, monitoring_suspended=False)
2025-11-27 12:58:12 | INFO | MONITOR | Paper trades checked (next in 60s)
2025-11-27 12:58:12 | INFO | MONITOR_SLEEP | Sleeping for 20s (base=20s, consecutive_errors=0, monitoring_suspended=False)
2025-11-27 12:58:32 | INFO | MONITOR_SLEEP | Sleeping for 20s (base=20s, consecutive_errors=0, monitoring_suspended=False)
2025-11-27 12:58:52 | INFO | MONITOR_SLEEP | Sleeping for 20s (base=20s, consecutive_errors=0, monitoring_suspended=False)
2025-11-27 12:59:12 | INFO | MONITOR | Paper trades checked (next in 60s)
2025-11-27 12:59:12 | INFO | MONITOR_SLEEP | Sleeping for 20s (base=20s, consecutive_errors=0, monitoring_suspended=False)
2025-11-27 12:59:32 | INFO | MONITOR_SLEEP | Sleeping for 20s (base=20s, consecutive_errors=0, monitoring_suspended=False)
2025-11-27 12:59:52 | INFO | MONITOR_SLEEP | Sleeping for 20s (base=20s, consecutive_errors=0, monitoring_suspended=False)
2025-11-27 13:00:12 | INFO | MONITOR | Paper trades checked (next in 60s)
2025-11-27 13:00:12 | INFO | MONITOR_SLEEP | Sleeping for 20s (base=20s, consecutive_errors=0, monitoring_suspended=False)
2025-11-27 13:00:32 | INFO | MONITOR_SLEEP | Sleeping for 20s (base=20s, consecutive_errors=0, monitoring_suspended=False)
2025-11-27 13:00:52 | INFO | MONITOR_SLEEP | Sleeping for 20s (base=20s, consecutive_errors=0, monitoring_suspended=False)
2025-11-27 13:01:12 | INFO | MONITOR | Paper trades checked (next in 60s)
2025-11-27 13:01:12 | INFO | MONITOR_SLEEP | Sleeping for 20s (base=20s, consecutive_errors=0, monitoring_suspended=False)
2025-11-27 13:01:32 | INFO | MONITOR_SLEEP | Sleeping for 20s (base=20s, consecutive_errors=0, monitoring_suspended=False)
2025-11-27 13:01:52 | INFO | MONITOR_SLEEP | Sleeping for 20s (base=20s, consecutive_errors=0, monitoring_suspended=False)
2025-11-27 13:02:12 | INFO | MONITOR | Paper trades checked (next in 60s)
2025-11-27 13:02:12 | INFO | MONITOR_SLEEP | Sleeping for 20s (base=20s, consecutive_errors=0, monitoring_suspended=False)
2025-11-27 13:02:32 | INFO | MONITOR_SLEEP | Sleeping for 20s (base=20s, consecutive_errors=0, monitoring_suspended=False)
2025-11-27 13:02:52 | INFO | MONITOR_SLEEP | Sleeping for 20s (base=20s, consecutive_errors=0, monitoring_suspended=False)
2025-11-27 13:03:12 | INFO | MONITOR | Paper trades checked (next in 60s)
2025-11-27 13:03:12 | INFO | MONITOR_SLEEP | Sleeping for 20s (base=20s, consecutive_errors=0, monitoring_suspended=False)
2025-11-27 13:03:32 | INFO | MONITOR_SLEEP | Sleeping for 20s (base=20s, consecutive_errors=0, monitoring_suspended=False)
2025-11-27 13:03:52 | INFO | MONITOR_SLEEP | Sleeping for 20s (base=20s, consecutive_errors=0, monitoring_suspended=False)
2025-11-27 13:04:12 | INFO | MONITOR | Paper trades checked (next in 60s)
2025-11-27 13:04:12 | INFO | MONITOR_SLEEP | Sleeping for 20s (base=20s, consecutive_errors=0, monitoring_suspended=False)
2025-11-27 13:04:32 | INFO | MONITOR_SLEEP | Sleeping for 20s (base=20s, consecutive_errors=0, monitoring_suspended=False)
2025-11-27 13:04:52 | INFO | MONITOR_SLEEP | Sleeping for 20s (base=20s, consecutive_errors=0, monitoring_suspended=False)
2025-11-27 13:05:12 | INFO | MONITOR | Paper trades checked (next in 60s)
2025-11-27 13:05:12 | INFO | MONITOR_SLEEP | Sleeping for 20s (base=20s, consecutive_errors=0, monitoring_suspended=False)
2025-11-27 13:05:32 | INFO | MONITOR_SLEEP | Sleeping for 20s (base=20s, consecutive_errors=0, monitoring_suspended=False)
2025-11-27 13:05:52 | INFO | MONITOR_SLEEP | Sleeping for 20s (base=20s, consecutive_errors=0, monitoring_suspended=False)
2025-11-27 13:06:12 | INFO | MONITOR | Paper trades checked (next in 60s)
2025-11-27 13:06:12 | INFO | MONITOR_SLEEP | Sleeping for 20s (base=20s, consecutive_errors=0, monitoring_suspended=False)
2025-11-27 13:06:32 | INFO | MONITOR_SLEEP | Sleeping for 20s (base=20s, consecutive_errors=0, monitoring_suspended=False)
2025-11-27 13:06:52 | INFO | MONITOR_SLEEP | Sleeping for 20s (base=20s, consecutive_errors=0, monitoring_suspended=False)
2025-11-27 13:07:12 | INFO | MONITOR | Paper trades checked (next in 60s)
2025-11-27 13:07:12 | INFO | MONITOR_SLEEP | Sleeping for 20s (base=20s, consecutive_errors=0, monitoring_suspended=False)
2025-11-27 13:07:32 | INFO | MONITOR_SLEEP | Sleeping for 20s (base=20s, consecutive_errors=0, monitoring_suspended=False)
2025-11-27 13:07:52 | INFO | MONITOR_SLEEP | Sleeping for 20s (base=20s, consecutive_errors=0, monitoring_suspended=False)
2025-11-27 13:08:12 | INFO | MONITOR | Paper trades checked (next in 60s)
2025-11-27 13:08:12 | INFO | MONITOR_SLEEP | Sleeping for 20s (base=20s, consecutive_errors=0, monitoring_suspended=False)
2025-11-27 13:08:32 | INFO | MONITOR_SLEEP | Sleeping for 20s (base=20s, consecutive_errors=0, monitoring_suspended=False)
2025-11-27 13:08:52 | INFO | MONITOR_SLEEP | Sleeping for 20s (base=20s, consecutive_errors=0, monitoring_suspended=False)
2025-11-27 13:09:12 | INFO | MONITOR | Paper trades checked (next in 60s)
2025-11-27 13:09:12 | INFO | MONITOR_SLEEP | Sleeping for 20s (base=20s, consecutive_errors=0, monitoring_suspended=False)
2025-11-27 13:09:32 | INFO | MONITOR_SLEEP | Sleeping for 20s (base=20s, consecutive_errors=0, monitoring_suspended=False)
2025-11-27 13:09:52 | INFO | MONITOR_SLEEP | Sleeping for 20s (base=20s, consecutive_errors=0, monitoring_suspended=False)
2025-11-27 13:10:12 | INFO | MONITOR | Paper trades checked (next in 60s)
2025-11-27 13:10:12 | INFO | MONITOR_SLEEP | Sleeping for 20s (base=20s, consecutive_errors=0, monitoring_suspended=False)
2025-11-27 13:10:32 | INFO | MONITOR_SLEEP | Sleeping for 20s (base=20s, consecutive_errors=0, monitoring_suspended=False)
2025-11-27 13:10:52 | INFO | MONITOR_SLEEP | Sleeping for 20s (base=20s, consecutive_errors=0, monitoring_suspended=False)
2025-11-27 13:11:12 | INFO | MONITOR | Paper trades checked (next in 60s)
2025-11-27 13:11:12 | INFO | MONITOR_SLEEP | Sleeping for 20s (base=20s, consecutive_errors=0, monitoring_suspended=False)
2025-11-27 13:11:32 | INFO | MONITOR_SLEEP | Sleeping for 20s (base=20s, consecutive_errors=0, monitoring_suspended=False)
2025-11-27 13:11:52 | INFO | MONITOR_SLEEP | Sleeping for 20s (base=20s, consecutive_errors=0, monitoring_suspended=False)
2025-11-27 13:12:12 | INFO | MONITOR | Paper trades checked (next in 60s)
2025-11-27 13:12:12 | INFO | MONITOR_SLEEP | Sleeping for 20s (base=20s, consecutive_errors=0, monitoring_suspended=False)
2025-11-27 13:12:32 | INFO | MONITOR_SLEEP | Sleeping for 20s (base=20s, consecutive_errors=0, monitoring_suspended=False)
2025-11-27 13:12:52 | INFO | MONITOR_SLEEP | Sleeping for 20s (base=20s, consecutive_errors=0, monitoring_suspended=False)
2025-11-27 13:13:12 | INFO | MONITOR | Paper trades checked (next in 60s)
2025-11-27 13:13:12 | INFO | MONITOR_SLEEP | Sleeping for 20s (base=20s, consecutive_errors=0, monitoring_suspended=False)
2025-11-27 13:13:32 | INFO | MONITOR_SLEEP | Sleeping for 20s (base=20s, consecutive_errors=0, monitoring_suspended=False)
2025-11-27 13:13:52 | INFO | MONITOR_SLEEP | Sleeping for 20s (base=20s, consecutive_errors=0, monitoring_suspended=False)
2025-11-27 13:14:12 | INFO | MONITOR | Paper trades checked (next in 60s)
2025-11-27 13:14:12 | INFO | MONITOR_SLEEP | Sleeping for 20s (base=20s, consecutive_errors=0, monitoring_suspended=False)
2025-11-27 13:14:32 | INFO | MONITOR_SLEEP | Sleeping for 20s (base=20s, consecutive_errors=0, monitoring_suspended=False)
2025-11-27 13:14:52 | INFO | MONITOR_SLEEP | Sleeping for 20s (base=20s, consecutive_errors=0, monitoring_suspended=False)
2025-11-27 13:15:12 | INFO | MONITOR | Paper trades checked (next in 60s)
2025-11-27 13:15:12 | INFO | MONITOR_SLEEP | Sleeping for 20s (base=20s, consecutive_errors=0, monitoring_suspended=False)
2025-11-27 13:15:32 | INFO | MONITOR_SLEEP | Sleeping for 20s (base=20s, consecutive_errors=0, monitoring_suspended=False)
2025-11-27 13:15:52 | INFO | MONITOR_SLEEP | Sleeping for 20s (base=20s, consecutive_errors=0, monitoring_suspended=False)
2025-11-27 13:16:12 | INFO | MONITOR | Paper trades checked (next in 60s)
2025-11-27 13:16:12 | INFO | MONITOR_SLEEP | Sleeping for 20s (base=20s, consecutive_errors=0, monitoring_suspended=False)
2025-11-27 13:16:32 | INFO | MONITOR_SLEEP | Sleeping for 20s (base=20s, consecutive_errors=0, monitoring_suspended=False)
2025-11-27 13:16:52 | INFO | MONITOR_SLEEP | Sleeping for 20s (base=20s, consecutive_errors=0, monitoring_suspended=False)
2025-11-27 13:17:12 | INFO | MONITOR | Paper trades checked (next in 60s)
2025-11-27 13:17:12 | INFO | MONITOR_SLEEP | Sleeping for 20s (base=20s, consecutive_errors=0, monitoring_suspended=False)
2025-11-27 13:17:32 | INFO | MONITOR_SLEEP | Sleeping for 20s (base=20s, consecutive_errors=0, monitoring_suspended=False)
2025-11-27 13:17:52 | INFO | MONITOR_SLEEP | Sleeping for 20s (base=20s, consecutive_errors=0, monitoring_suspended=False)
2025-11-27 13:18:12 | INFO | MONITOR | Paper trades checked (next in 60s)
2025-11-27 13:18:12 | INFO | MONITOR_SLEEP | Sleeping for 20s (base=20s, consecutive_errors=0, monitoring_suspended=False)
2025-11-27 13:18:32 | INFO | MONITOR_SLEEP | Sleeping for 20s (base=20s, consecutive_errors=0, monitoring_suspended=False)
2025-11-27 13:18:52 | INFO | MONITOR_SLEEP | Sleeping for 20s (base=20s, consecutive_errors=0, monitoring_suspended=False)
2025-11-27 13:19:12 | INFO | MONITOR | Paper trades checked (next in 60s)
2025-11-27 13:19:12 | INFO | MONITOR_SLEEP | Sleeping for 20s (base=20s, consecutive_errors=0, monitoring_suspended=False)
2025-11-27 13:19:32 | INFO | MONITOR_SLEEP | Sleeping for 20s (base=20s, consecutive_errors=0, monitoring_suspended=False)
2025-11-27 13:19:52 | INFO | MONITOR_SLEEP | Sleeping for 20s (base=20s, consecutive_errors=0, monitoring_suspended=False)
2025-11-27 13:20:12 | INFO | MONITOR | Paper trades checked (next in 60s)
2025-11-27 13:20:12 | INFO | MONITOR_SLEEP | Sleeping for 20s (base=20s, consecutive_errors=0, monitoring_suspended=False)
2025-11-27 13:20:32 | INFO | MONITOR_SLEEP | Sleeping for 20s (base=20s, consecutive_errors=0, monitoring_suspended=False)
2025-11-27 13:20:52 | INFO | MONITOR_SLEEP | Sleeping for 20s (base=20s, consecutive_errors=0, monitoring_suspended=False)
2025-11-27 13:21:12 | INFO | MONITOR | Paper trades checked (next in 60s)
2025-11-27 13:21:12 | INFO | MONITOR_SLEEP | Sleeping for 20s (base=20s, consecutive_errors=0, monitoring_suspended=False)
2025-11-27 13:21:32 | INFO | MONITOR_SLEEP | Sleeping for 20s (base=20s, consecutive_errors=0, monitoring_suspended=False)
2025-11-27 13:21:52 | INFO | MONITOR_SLEEP | Sleeping for 20s (base=20s, consecutive_errors=0, monitoring_suspended=False)
2025-11-27 13:22:12 | INFO | MONITOR | Paper trades checked (next in 60s)
2025-11-27 13:22:12 | INFO | MONITOR_SLEEP | Sleeping for 20s (base=20s, consecutive_errors=0, monitoring_suspended=False)
2025-11-27 13:22:32 | INFO | MONITOR_SLEEP | Sleeping for 20s (base=20s, consecutive_errors=0, monitoring_suspended=False)
2025-11-27 13:22:52 | INFO | MONITOR_SLEEP | Sleeping for 20s (base=20s, consecutive_errors=0, monitoring_suspended=False)
2025-11-27 13:23:12 | INFO | MONITOR | Paper trades checked (next in 60s)
2025-11-27 13:23:12 | INFO | MONITOR_SLEEP | Sleeping for 20s (base=20s, consecutive_errors=0, monitoring_suspended=False)
2025-11-27 13:23:32 | INFO | MONITOR_SLEEP | Sleeping for 20s (base=20s, consecutive_errors=0, monitoring_suspended=False)
2025-11-27 13:23:52 | INFO | MONITOR_SLEEP | Sleeping for 20s (base=20s, consecutive_errors=0, monitoring_suspended=False)
2025-11-27 13:24:12 | INFO | MONITOR | Paper trades checked (next in 60s)
2025-11-27 13:24:12 | INFO | MONITOR_SLEEP | Sleeping for 20s (base=20s, consecutive_errors=0, monitoring_suspended=False)
2025-11-27 13:24:32 | INFO | MONITOR_SLEEP | Sleeping for 20s (base=20s, consecutive_errors=0, monitoring_suspended=False)
2025-11-27 13:24:52 | INFO | MONITOR_SLEEP | Sleeping for 20s (base=20s, consecutive_errors=0, monitoring_suspended=False)
2025-11-27 13:25:12 | INFO | MONITOR | Paper trades checked (next in 60s)
2025-11-27 13:25:12 | INFO | MONITOR_SLEEP | Sleeping for 20s (base=20s, consecutive_errors=0, monitoring_suspended=False)
2025-11-27 13:25:32 | INFO | MONITOR_SLEEP | Sleeping for 20s (base=20s, consecutive_errors=0, monitoring_suspended=False)
2025-11-27 13:25:52 | INFO | MONITOR_SLEEP | Sleeping for 20s (base=20s, consecutive_errors=0, monitoring_suspended=False)
2025-11-27 13:26:12 | INFO | MONITOR | Paper trades checked (next in 60s)
2025-11-27 13:26:12 | INFO | MONITOR_SLEEP | Sleeping for 20s (base=20s, consecutive_errors=0, monitoring_suspended=False)
2025-11-27 13:26:32 | INFO | MONITOR_SLEEP | Sleeping for 20s (base=20s, consecutive_errors=0, monitoring_suspended=False)
2025-11-27 13:26:52 | INFO | MONITOR_SLEEP | Sleeping for 20s (base=20s, consecutive_errors=0, monitoring_suspended=False)
2025-11-27 13:27:12 | INFO | MONITOR | Paper trades checked (next in 60s)
2025-11-27 13:27:12 | INFO | MONITOR_SLEEP | Sleeping for 20s (base=20s, consecutive_errors=0, monitoring_suspended=False)
2025-11-27 13:27:32 | INFO | MONITOR_SLEEP | Sleeping for 20s (base=20s, consecutive_errors=0, monitoring_suspended=False)
2025-11-27 13:27:52 | INFO | MONITOR_SLEEP | Sleeping for 20s (base=20s, consecutive_errors=0, monitoring_suspended=False)
2025-11-27 13:28:12 | INFO | MONITOR | Paper trades checked (next in 60s)
2025-11-27 13:28:12 | INFO | MONITOR_SLEEP | Sleeping for 20s (base=20s, consecutive_errors=0, monitoring_suspended=False)
2025-11-27 13:28:32 | INFO | MONITOR_SLEEP | Sleeping for 20s (base=20s, consecutive_errors=0, monitoring_suspended=False)
2025-11-27 13:28:52 | INFO | MONITOR_SLEEP | Sleeping for 20s (base=20s, consecutive_errors=0, monitoring_suspended=False)
2025-11-27 13:29:12 | INFO | MONITOR | Paper trades checked (next in 60s)
2025-11-27 13:29:12 | INFO | MONITOR_SLEEP | Sleeping for 20s (base=20s, consecutive_errors=0, monitoring_suspended=False)
2025-11-27 13:29:32 | INFO | MONITOR_SLEEP | Sleeping for 20s (base=20s, consecutive_errors=0, monitoring_suspended=False)
2025-11-27 13:29:52 | INFO | MONITOR_SLEEP | Sleeping for 20s (base=20s, consecutive_errors=0, monitoring_suspended=False)
2025-11-27 13:30:12 | INFO | MONITOR | Paper trades checked (next in 60s)
2025-11-27 13:30:12 | INFO | MONITOR_SLEEP | Sleeping for 20s (base=20s, consecutive_errors=0, monitoring_suspended=False)
2025-11-27 13:30:32 | INFO | MONITOR_SLEEP | Sleeping for 20s (base=20s, consecutive_errors=0, monitoring_suspended=False)
2025-11-27 13:30:52 | INFO | MONITOR_SLEEP | Sleeping for 20s (base=20s, consecutive_errors=0, monitoring_suspended=False)
2025-11-27 13:31:12 | INFO | MONITOR | Paper trades checked (next in 60s)
2025-11-27 13:31:12 | INFO | MONITOR_SLEEP | Sleeping for 20s (base=20s, consecutive_errors=0, monitoring_suspended=False)
2025-11-27 13:31:32 | INFO | MONITOR_SLEEP | Sleeping for 20s (base=20s, consecutive_errors=0, monitoring_suspended=False)
2025-11-27 13:31:52 | INFO | MONITOR_SLEEP | Sleeping for 20s (base=20s, consecutive_errors=0, monitoring_suspended=False)
2025-11-27 13:32:12 | INFO | MONITOR | Paper trades checked (next in 60s)
2025-11-27 13:32:12 | INFO | MONITOR_SLEEP | Sleeping for 20s (base=20s, consecutive_errors=0, monitoring_suspended=False)
2025-11-27 13:32:32 | INFO | MONITOR_SLEEP | Sleeping for 20s (base=20s, consecutive_errors=0, monitoring_suspended=False)
2025-11-27 13:32:52 | INFO | MONITOR_SLEEP | Sleeping for 20s (base=20s, consecutive_errors=0, monitoring_suspended=False)
2025-11-27 13:33:12 | INFO | MONITOR | Paper trades checked (next in 60s)
2025-11-27 13:33:12 | INFO | MONITOR_SLEEP | Sleeping for 20s (base=20s, consecutive_errors=0, monitoring_suspended=False)
2025-11-27 13:33:32 | INFO | MONITOR_SLEEP | Sleeping for 20s (base=20s, consecutive_errors=0, monitoring_suspended=False)
2025-11-27 13:33:52 | INFO | MONITOR_SLEEP | Sleeping for 20s (base=20s, consecutive_errors=0, monitoring_suspended=False)
2025-11-27 13:34:12 | INFO | MONITOR | Paper trades checked (next in 60s)
2025-11-27 13:34:12 | INFO | MONITOR_SLEEP | Sleeping for 20s (base=20s, consecutive_errors=0, monitoring_suspended=False)
2025-11-27 13:34:32 | INFO | MONITOR_SLEEP | Sleeping for 20s (base=20s, consecutive_errors=0, monitoring_suspended=False)
2025-11-27 13:34:52 | INFO | MONITOR_SLEEP | Sleeping for 20s (base=20s, consecutive_errors=0, monitoring_suspended=False)
2025-11-27 13:35:12 | INFO | MONITOR | Paper trades checked (next in 60s)
2025-11-27 13:35:12 | INFO | MONITOR_SLEEP | Sleeping for 20s (base=20s, consecutive_errors=0, monitoring_suspended=False)
2025-11-27 13:35:32 | INFO | MONITOR_SLEEP | Sleeping for 20s (base=20s, consecutive_errors=0, monitoring_suspended=False)
2025-11-27 13:35:52 | INFO | MONITOR_SLEEP | Sleeping for 20s (base=20s, consecutive_errors=0, monitoring_suspended=False)
2025-11-27 13:36:12 | INFO | MONITOR | Paper trades checked (next in 60s)
2025-11-27 13:36:12 | INFO | MONITOR_SLEEP | Sleeping for 20s (base=20s, consecutive_errors=0, monitoring_suspended=False)
2025-11-27 13:36:32 | INFO | MONITOR_SLEEP | Sleeping for 20s (base=20s, consecutive_errors=0, monitoring_suspended=False)
2025-11-27 13:36:52 | INFO | MONITOR_SLEEP | Sleeping for 20s (base=20s, consecutive_errors=0, monitoring_suspended=False)
2025-11-27 13:37:12 | INFO | MONITOR | Paper trades checked (next in 60s)
2025-11-27 13:37:12 | INFO | MONITOR_SLEEP | Sleeping for 20s (base=20s, consecutive_errors=0, monitoring_suspended=False)
2025-11-27 13:37:32 | INFO | MONITOR_SLEEP | Sleeping for 20s (base=20s, consecutive_errors=0, monitoring_suspended=False)
2025-11-27 13:37:52 | INFO | MONITOR_SLEEP | Sleeping for 20s (base=20s, consecutive_errors=0, monitoring_suspended=False)
2025-11-27 13:38:12 | INFO | MONITOR | Paper trades checked (next in 60s)
2025-11-27 13:38:12 | INFO | MONITOR_SLEEP | Sleeping for 20s (base=20s, consecutive_errors=0, monitoring_suspended=False)
2025-11-27 13:38:32 | INFO | MONITOR_SLEEP | Sleeping for 20s (base=20s, consecutive_errors=0, monitoring_suspended=False)
2025-11-27 13:38:52 | INFO | MONITOR_SLEEP | Sleeping for 20s (base=20s, consecutive_errors=0, monitoring_suspended=False)
2025-11-27 13:39:12 | INFO | MONITOR | Paper trades checked (next in 60s)
2025-11-27 13:39:12 | INFO | MONITOR_SLEEP | Sleeping for 20s (base=20s, consecutive_errors=0, monitoring_suspended=False)
2025-11-27 13:39:32 | INFO | MONITOR_SLEEP | Sleeping for 20s (base=20s, consecutive_errors=0, monitoring_suspended=False)
2025-11-27 13:39:52 | INFO | MONITOR_SLEEP | Sleeping for 20s (base=20s, consecutive_errors=0, monitoring_suspended=False)
2025-11-27 13:40:12 | INFO | MONITOR | Paper trades checked (next in 60s)
2025-11-27 13:40:12 | INFO | MONITOR_SLEEP | Sleeping for 20s (base=20s, consecutive_errors=0, monitoring_suspended=False)
2025-11-27 13:40:32 | INFO | MONITOR_SLEEP | Sleeping for 20s (base=20s, consecutive_errors=0, monitoring_suspended=False)
2025-11-27 13:40:52 | INFO | MONITOR_SLEEP | Sleeping for 20s (base=20s, consecutive_errors=0, monitoring_suspended=False)
2025-11-27 13:41:12 | INFO | MONITOR | Paper trades checked (next in 60s)
2025-11-27 13:41:12 | INFO | MONITOR_SLEEP | Sleeping for 20s (base=20s, consecutive_errors=0, monitoring_suspended=False)
2025-11-27 13:41:32 | INFO | MONITOR_SLEEP | Sleeping for 20s (base=20s, consecutive_errors=0, monitoring_suspended=False)
2025-11-27 13:41:52 | INFO | MONITOR_SLEEP | Sleeping for 20s (base=20s, consecutive_errors=0, monitoring_suspended=False)
2025-11-27 13:42:12 | INFO | MONITOR | Paper trades checked (next in 60s)
2025-11-27 13:42:12 | INFO | MONITOR_SLEEP | Sleeping for 20s (base=20s, consecutive_errors=0, monitoring_suspended=False)
2025-11-27 13:42:32 | INFO | MONITOR_SLEEP | Sleeping for 20s (base=20s, consecutive_errors=0, monitoring_suspended=False)
2025-11-27 13:42:52 | INFO | MONITOR_SLEEP | Sleeping for 20s (base=20s, consecutive_errors=0, monitoring_suspended=False)
2025-11-27 13:43:12 | INFO | MONITOR | Paper trades checked (next in 60s)
2025-11-27 13:43:12 | INFO | MONITOR_SLEEP | Sleeping for 20s (base=20s, consecutive_errors=0, monitoring_suspended=False)
2025-11-27 13:43:32 | INFO | MONITOR_SLEEP | Sleeping for 20s (base=20s, consecutive_errors=0, monitoring_suspended=False)
2025-11-27 13:43:52 | INFO | MONITOR_SLEEP | Sleeping for 20s (base=20s, consecutive_errors=0, monitoring_suspended=False)
2025-11-27 13:44:12 | INFO | MONITOR | Paper trades checked (next in 60s)
2025-11-27 13:44:12 | INFO | MONITOR_SLEEP | Sleeping for 20s (base=20s, consecutive_errors=0, monitoring_suspended=False)
2025-11-27 13:44:32 | INFO | MONITOR_SLEEP | Sleeping for 20s (base=20s, consecutive_errors=0, monitoring_suspended=False)
2025-11-27 13:44:52 | INFO | MONITOR_SLEEP | Sleeping for 20s (base=20s, consecutive_errors=0, monitoring_suspended=False)
2025-11-27 13:45:12 | INFO | MONITOR | Paper trades checked (next in 60s)
2025-11-27 13:45:12 | INFO | MONITOR_SLEEP | Sleeping for 20s (base=20s, consecutive_errors=0, monitoring_suspended=False)
2025-11-27 13:45:32 | INFO | MONITOR_SLEEP | Sleeping for 20s (base=20s, consecutive_errors=0, monitoring_suspended=False)
2025-11-27 13:45:52 | INFO | MONITOR_SLEEP | Sleeping for 20s (base=20s, consecutive_errors=0, monitoring_suspended=False)
2025-11-27 13:46:12 | INFO | MONITOR | Paper trades checked (next in 60s)
2025-11-27 13:46:12 | INFO | MONITOR_SLEEP | Sleeping for 20s (base=20s, consecutive_errors=0, monitoring_suspended=False)
2025-11-27 13:46:32 | INFO | MONITOR_SLEEP | Sleeping for 20s (base=20s, consecutive_errors=0, monitoring_suspended=False)
2025-11-27 13:46:52 | INFO | MONITOR_SLEEP | Sleeping for 20s (base=20s, consecutive_errors=0, monitoring_suspended=False)
2025-11-27 13:47:12 | INFO | MONITOR | Paper trades checked (next in 60s)
2025-11-27 13:47:12 | INFO | MONITOR_SLEEP | Sleeping for 20s (base=20s, consecutive_errors=0, monitoring_suspended=False)
2025-11-27 13:47:32 | INFO | MONITOR_SLEEP | Sleeping for 20s (base=20s, consecutive_errors=0, monitoring_suspended=False)
2025-11-27 13:47:52 | INFO | MONITOR_SLEEP | Sleeping for 20s (base=20s, consecutive_errors=0, monitoring_suspended=False)
2025-11-27 13:48:12 | INFO | MONITOR | Paper trades checked (next in 60s)
2025-11-27 13:48:12 | INFO | MONITOR_SLEEP | Sleeping for 20s (base=20s, consecutive_errors=0, monitoring_suspended=False)
2025-11-27 13:48:32 | INFO | MONITOR_SLEEP | Sleeping for 20s (base=20s, consecutive_errors=0, monitoring_suspended=False)
2025-11-27 13:48:52 | INFO | MONITOR_SLEEP | Sleeping for 20s (base=20s, consecutive_errors=0, monitoring_suspended=False)
2025-11-27 13:49:12 | INFO | MONITOR | Paper trades checked (next in 60s)
2025-11-27 13:49:12 | INFO | MONITOR_SLEEP | Sleeping for 20s (base=20s, consecutive_errors=0, monitoring_suspended=False)
2025-11-27 13:49:32 | INFO | MONITOR_SLEEP | Sleeping for 20s (base=20s, consecutive_errors=0, monitoring_suspended=False)
2025-11-27 13:49:52 | INFO | MONITOR_SLEEP | Sleeping for 20s (base=20s, consecutive_errors=0, monitoring_suspended=False)
2025-11-27 13:50:12 | INFO | MONITOR | Paper trades checked (next in 60s)
2025-11-27 13:50:12 | INFO | MONITOR_SLEEP | Sleeping for 20s (base=20s, consecutive_errors=0, monitoring_suspended=False)
2025-11-27 13:50:32 | INFO | MONITOR_SLEEP | Sleeping for 20s (base=20s, consecutive_errors=0, monitoring_suspended=False)
2025-11-27 13:50:52 | INFO | MONITOR_SLEEP | Sleeping for 20s (base=20s, consecutive_errors=0, monitoring_suspended=False)
2025-11-27 13:51:12 | INFO | MONITOR | Paper trades checked (next in 60s)
2025-11-27 13:51:12 | INFO | MONITOR_SLEEP | Sleeping for 20s (base=20s, consecutive_errors=0, monitoring_suspended=False)
2025-11-27 13:51:32 | INFO | MONITOR_SLEEP | Sleeping for 20s (base=20s, consecutive_errors=0, monitoring_suspended=False)
2025-11-27 13:51:52 | INFO | MONITOR_SLEEP | Sleeping for 20s (base=20s, consecutive_errors=0, monitoring_suspended=False)
2025-11-27 13:52:12 | INFO | MONITOR | Paper trades checked (next in 60s)
2025-11-27 13:52:12 | INFO | MONITOR_SLEEP | Sleeping for 20s (base=20s, consecutive_errors=0, monitoring_suspended=False)
2025-11-27 13:52:32 | INFO | MONITOR_SLEEP | Sleeping for 20s (base=20s, consecutive_errors=0, monitoring_suspended=False)
2025-11-27 13:52:52 | INFO | MONITOR_SLEEP | Sleeping for 20s (base=20s, consecutive_errors=0, monitoring_suspended=False)
2025-11-27 13:53:12 | INFO | MONITOR | Paper trades checked (next in 60s)
2025-11-27 13:53:12 | INFO | MONITOR_SLEEP | Sleeping for 20s (base=20s, consecutive_errors=0, monitoring_suspended=False)
2025-11-27 13:53:32 | INFO | MONITOR_SLEEP | Sleeping for 20s (base=20s, consecutive_errors=0, monitoring_suspended=False)
2025-11-27 13:53:52 | INFO | MONITOR_SLEEP | Sleeping for 20s (base=20s, consecutive_errors=0, monitoring_suspended=False)
2025-11-27 13:54:12 | INFO | MONITOR | Paper trades checked (next in 60s)
2025-11-27 13:54:12 | INFO | MONITOR_SLEEP | Sleeping for 20s (base=20s, consecutive_errors=0, monitoring_suspended=False)
2025-11-27 13:54:32 | INFO | MONITOR_SLEEP | Sleeping for 20s (base=20s, consecutive_errors=0, monitoring_suspended=False)
2025-11-27 13:54:52 | INFO | MONITOR_SLEEP | Sleeping for 20s (base=20s, consecutive_errors=0, monitoring_suspended=False)
2025-11-27 13:55:12 | INFO | MONITOR | Paper trades checked (next in 60s)
2025-11-27 13:55:12 | INFO | MONITOR_SLEEP | Sleeping for 20s (base=20s, consecutive_errors=0, monitoring_suspended=False)
2025-11-27 13:55:32 | INFO | MONITOR_SLEEP | Sleeping for 20s (base=20s, consecutive_errors=0, monitoring_suspended=False)
2025-11-27 13:55:52 | INFO | MONITOR_SLEEP | Sleeping for 20s (base=20s, consecutive_errors=0, monitoring_suspended=False)
2025-11-27 13:56:12 | INFO | MONITOR | Paper trades checked (next in 60s)
2025-11-27 13:56:12 | INFO | MONITOR_SLEEP | Sleeping for 20s (base=20s, consecutive_errors=0, monitoring_suspended=False)
2025-11-27 13:56:32 | INFO | MONITOR_SLEEP | Sleeping for 20s (base=20s, consecutive_errors=0, monitoring_suspended=False)
2025-11-27 13:56:52 | INFO | MONITOR_SLEEP | Sleeping for 20s (base=20s, consecutive_errors=0, monitoring_suspended=False)
2025-11-27 13:57:12 | INFO | MONITOR | Paper trades checked (next in 60s)
2025-11-27 13:57:12 | INFO | MONITOR_SLEEP | Sleeping for 20s (base=20s, consecutive_errors=0, monitoring_suspended=False)
2025-11-27 13:57:32 | INFO | MONITOR_SLEEP | Sleeping for 20s (base=20s, consecutive_errors=0, monitoring_suspended=False)
2025-11-27 13:57:52 | INFO | MONITOR_SLEEP | Sleeping for 20s (base=20s, consecutive_errors=0, monitoring_suspended=False)
2025-11-27 13:58:12 | INFO | MONITOR | Paper trades checked (next in 60s)
2025-11-27 13:58:12 | INFO | MONITOR_SLEEP | Sleeping for 20s (base=20s, consecutive_errors=0, monitoring_suspended=False)
2025-11-27 13:58:32 | INFO | MONITOR_SLEEP | Sleeping for 20s (base=20s, consecutive_errors=0, monitoring_suspended=False)
2025-11-27 13:58:52 | INFO | MONITOR_SLEEP | Sleeping for 20s (base=20s, consecutive_errors=0, monitoring_suspended=False)
2025-11-27 13:59:12 | INFO | MONITOR | Paper trades checked (next in 60s)
2025-11-27 13:59:12 | INFO | MONITOR_SLEEP | Sleeping for 20s (base=20s, consecutive_errors=0, monitoring_suspended=False)
2025-11-27 13:59:32 | INFO | MONITOR_SLEEP | Sleeping for 20s (base=20s, consecutive_errors=0, monitoring_suspended=False)
2025-11-27 13:59:52 | INFO | MONITOR_SLEEP | Sleeping for 20s (base=20s, consecutive_errors=0, monitoring_suspended=False)
2025-11-27 14:00:12 | INFO | MONITOR | Paper trades checked (next in 60s)
2025-11-27 14:00:12 | INFO | MONITOR_SLEEP | Sleeping for 20s (base=20s, consecutive_errors=0, monitoring_suspended=False)
2025-11-27 14:00:32 | INFO | MONITOR_SLEEP | Sleeping for 20s (base=20s, consecutive_errors=0, monitoring_suspended=False)
2025-11-27 14:00:52 | INFO | MONITOR_SLEEP | Sleeping for 20s (base=20s, consecutive_errors=0, monitoring_suspended=False)
2025-11-27 14:01:12 | INFO | MONITOR | Paper trades checked (next in 60s)
2025-11-27 14:01:12 | INFO | MONITOR_SLEEP | Sleeping for 20s (base=20s, consecutive_errors=0, monitoring_suspended=False)
2025-11-27 14:01:32 | INFO | MONITOR_SLEEP | Sleeping for 20s (base=20s, consecutive_errors=0, monitoring_suspended=False)
2025-11-27 14:01:52 | INFO | MONITOR_SLEEP | Sleeping for 20s (base=20s, consecutive_errors=0, monitoring_suspended=False)
2025-11-27 14:02:12 | INFO | MONITOR | Paper trades checked (next in 60s)
2025-11-27 14:02:12 | INFO | MONITOR_SLEEP | Sleeping for 20s (base=20s, consecutive_errors=0, monitoring_suspended=False)
2025-11-27 14:02:32 | INFO | MONITOR_SLEEP | Sleeping for 20s (base=20s, consecutive_errors=0, monitoring_suspended=False)
2025-11-27 14:02:52 | INFO | MONITOR_SLEEP | Sleeping for 20s (base=20s, consecutive_errors=0, monitoring_suspended=False)
2025-11-27 14:03:12 | INFO | MONITOR | Paper trades checked (next in 60s)
2025-11-27 14:03:12 | INFO | MONITOR_SLEEP | Sleeping for 20s (base=20s, consecutive_errors=0, monitoring_suspended=False)
2025-11-27 14:03:32 | INFO | MONITOR_SLEEP | Sleeping for 20s (base=20s, consecutive_errors=0, monitoring_suspended=False)
2025-11-27 14:03:52 | INFO | MONITOR_SLEEP | Sleeping for 20s (base=20s, consecutive_errors=0, monitoring_suspended=False)
2025-11-27 14:04:12 | INFO | MONITOR | Paper trades checked (next in 60s)
2025-11-27 14:04:12 | INFO | MONITOR_SLEEP | Sleeping for 20s (base=20s, consecutive_errors=0, monitoring_suspended=False)
2025-11-27 14:04:32 | INFO | MONITOR_SLEEP | Sleeping for 20s (base=20s, consecutive_errors=0, monitoring_suspended=False)
2025-11-27 14:04:52 | INFO | MONITOR_SLEEP | Sleeping for 20s (base=20s, consecutive_errors=0, monitoring_suspended=False)
2025-11-27 14:05:12 | INFO | MONITOR | Paper trades checked (next in 60s)
2025-11-27 14:05:12 | INFO | MONITOR_SLEEP | Sleeping for 20s (base=20s, consecutive_errors=0, monitoring_suspended=False)
2025-11-27 14:05:32 | INFO | MONITOR_SLEEP | Sleeping for 20s (base=20s, consecutive_errors=0, monitoring_suspended=False)
2025-11-27 14:05:52 | INFO | MONITOR_SLEEP | Sleeping for 20s (base=20s, consecutive_errors=0, monitoring_suspended=False)
2025-11-27 14:06:12 | INFO | MONITOR | Paper trades checked (next in 60s)
2025-11-27 14:06:12 | INFO | MONITOR_SLEEP | Sleeping for 20s (base=20s, consecutive_errors=0, monitoring_suspended=False)
2025-11-27 14:06:32 | INFO | MONITOR_SLEEP | Sleeping for 20s (base=20s, consecutive_errors=0, monitoring_suspended=False)
2025-11-27 14:06:52 | INFO | MONITOR_SLEEP | Sleeping for 20s (base=20s, consecutive_errors=0, monitoring_suspended=False)
2025-11-27 14:07:12 | INFO | MONITOR | Paper trades checked (next in 60s)
2025-11-27 14:07:12 | INFO | MONITOR_SLEEP | Sleeping for 20s (base=20s, consecutive_errors=0, monitoring_suspended=False)
2025-11-27 14:07:32 | INFO | MONITOR_SLEEP | Sleeping for 20s (base=20s, consecutive_errors=0, monitoring_suspended=False)
2025-11-27 14:07:52 | INFO | MONITOR_SLEEP | Sleeping for 20s (base=20s, consecutive_errors=0, monitoring_suspended=False)
2025-11-27 14:08:12 | INFO | MONITOR | Paper trades checked (next in 60s)
2025-11-27 14:08:12 | INFO | MONITOR_SLEEP | Sleeping for 20s (base=20s, consecutive_errors=0, monitoring_suspended=False)
2025-11-27 14:08:32 | INFO | MONITOR_SLEEP | Sleeping for 20s (base=20s, consecutive_errors=0, monitoring_suspended=False)
2025-11-27 14:08:52 | INFO | MONITOR_SLEEP | Sleeping for 20s (base=20s, consecutive_errors=0, monitoring_suspended=False)
2025-11-27 14:09:12 | INFO | MONITOR | Paper trades checked (next in 60s)
2025-11-27 14:09:12 | INFO | MONITOR_SLEEP | Sleeping for 20s (base=20s, consecutive_errors=0, monitoring_suspended=False)
2025-11-27 14:09:32 | INFO | MONITOR_SLEEP | Sleeping for 20s (base=20s, consecutive_errors=0, monitoring_suspended=False)
2025-11-27 14:09:52 | INFO | MONITOR_SLEEP | Sleeping for 20s (base=20s, consecutive_errors=0, monitoring_suspended=False)
2025-11-27 14:10:12 | INFO | MONITOR | Paper trades checked (next in 60s)
2025-11-27 14:10:12 | INFO | MONITOR_SLEEP | Sleeping for 20s (base=20s, consecutive_errors=0, monitoring_suspended=False)
2025-11-27 14:10:32 | INFO | MONITOR_SLEEP | Sleeping for 20s (base=20s, consecutive_errors=0, monitoring_suspended=False)
2025-11-27 14:10:52 | INFO | MONITOR_SLEEP | Sleeping for 20s (base=20s, consecutive_errors=0, monitoring_suspended=False)
2025-11-27 14:11:12 | INFO | MONITOR | Paper trades checked (next in 60s)
2025-11-27 14:11:12 | INFO | MONITOR_SLEEP | Sleeping for 20s (base=20s, consecutive_errors=0, monitoring_suspended=False)
2025-11-27 14:11:32 | INFO | MONITOR_SLEEP | Sleeping for 20s (base=20s, consecutive_errors=0, monitoring_suspended=False)
2025-11-27 14:11:52 | INFO | MONITOR_SLEEP | Sleeping for 20s (base=20s, consecutive_errors=0, monitoring_suspended=False)
2025-11-27 14:12:12 | INFO | MONITOR | Paper trades checked (next in 60s)
2025-11-27 14:12:12 | INFO | MONITOR_SLEEP | Sleeping for 20s (base=20s, consecutive_errors=0, monitoring_suspended=False)
2025-11-27 14:12:32 | INFO | MONITOR_SLEEP | Sleeping for 20s (base=20s, consecutive_errors=0, monitoring_suspended=False)
2025-11-27 14:12:52 | INFO | MONITOR_SLEEP | Sleeping for 20s (base=20s, consecutive_errors=0, monitoring_suspended=False)
2025-11-27 14:13:12 | INFO | MONITOR | Paper trades checked (next in 60s)
2025-11-27 14:13:12 | INFO | MONITOR_SLEEP | Sleeping for 20s (base=20s, consecutive_errors=0, monitoring_suspended=False)
2025-11-27 14:13:32 | INFO | MONITOR_SLEEP | Sleeping for 20s (base=20s, consecutive_errors=0, monitoring_suspended=False)
2025-11-27 14:13:52 | INFO | MONITOR_SLEEP | Sleeping for 20s (base=20s, consecutive_errors=0, monitoring_suspended=False)
2025-11-27 14:14:12 | INFO | MONITOR | Paper trades checked (next in 60s)
2025-11-27 14:14:12 | INFO | MONITOR_SLEEP | Sleeping for 20s (base=20s, consecutive_errors=0, monitoring_suspended=False)
2025-11-27 14:14:32 | INFO | MONITOR_SLEEP | Sleeping for 20s (base=20s, consecutive_errors=0, monitoring_suspended=False)
2025-11-27 14:14:52 | INFO | MONITOR_SLEEP | Sleeping for 20s (base=20s, consecutive_errors=0, monitoring_suspended=False)
2025-11-27 14:15:12 | INFO | MONITOR | Paper trades checked (next in 60s)
2025-11-27 14:15:12 | INFO | MONITOR_SLEEP | Sleeping for 20s (base=20s, consecutive_errors=0, monitoring_suspended=False)
2025-11-27 14:15:32 | INFO | MONITOR_SLEEP | Sleeping for 20s (base=20s, consecutive_errors=0, monitoring_suspended=False)
2025-11-27 14:15:52 | INFO | MONITOR_SLEEP | Sleeping for 20s (base=20s, consecutive_errors=0, monitoring_suspended=False)
2025-11-27 14:16:12 | INFO | MONITOR | Paper trades checked (next in 60s)
2025-11-27 14:16:12 | INFO | MONITOR_SLEEP | Sleeping for 20s (base=20s, consecutive_errors=0, monitoring_suspended=False)
2025-11-27 14:16:32 | INFO | MONITOR_SLEEP | Sleeping for 20s (base=20s, consecutive_errors=0, monitoring_suspended=False)
2025-11-27 14:16:52 | INFO | MONITOR_SLEEP | Sleeping for 20s (base=20s, consecutive_errors=0, monitoring_suspended=False)
2025-11-27 14:17:12 | INFO | MONITOR | Paper trades checked (next in 60s)
2025-11-27 14:17:12 | INFO | MONITOR_SLEEP | Sleeping for 20s (base=20s, consecutive_errors=0, monitoring_suspended=False)
2025-11-27 14:17:32 | INFO | MONITOR_SLEEP | Sleeping for 20s (base=20s, consecutive_errors=0, monitoring_suspended=False)
2025-11-27 14:17:52 | INFO | MONITOR_SLEEP | Sleeping for 20s (base=20s, consecutive_errors=0, monitoring_suspended=False)
2025-11-27 14:18:12 | INFO | MONITOR | Paper trades checked (next in 60s)
2025-11-27 14:18:12 | INFO | MONITOR_SLEEP | Sleeping for 20s (base=20s, consecutive_errors=0, monitoring_suspended=False)
2025-11-27 14:18:32 | INFO | MONITOR_SLEEP | Sleeping for 20s (base=20s, consecutive_errors=0, monitoring_suspended=False)
2025-11-27 14:18:52 | INFO | MONITOR_SLEEP | Sleeping for 20s (base=20s, consecutive_errors=0, monitoring_suspended=False)
2025-11-27 14:19:12 | INFO | MONITOR | Paper trades checked (next in 60s)
2025-11-27 14:19:12 | INFO | MONITOR_SLEEP | Sleeping for 20s (base=20s, consecutive_errors=0, monitoring_suspended=False)
2025-11-27 14:19:32 | INFO | MONITOR_SLEEP | Sleeping for 20s (base=20s, consecutive_errors=0, monitoring_suspended=False)
2025-11-27 14:19:52 | INFO | MONITOR_SLEEP | Sleeping for 20s (base=20s, consecutive_errors=0, monitoring_suspended=False)
2025-11-27 14:20:12 | INFO | MONITOR | Paper trades checked (next in 60s)
2025-11-27 14:20:12 | INFO | MONITOR_SLEEP | Sleeping for 20s (base=20s, consecutive_errors=0, monitoring_suspended=False)
2025-11-27 14:20:32 | INFO | MONITOR_SLEEP | Sleeping for 20s (base=20s, consecutive_errors=0, monitoring_suspended=False)
2025-11-27 14:20:52 | INFO | MONITOR_SLEEP | Sleeping for 20s (base=20s, consecutive_errors=0, monitoring_suspended=False)
2025-11-27 14:21:12 | INFO | MONITOR | Paper trades checked (next in 60s)
2025-11-27 14:21:12 | INFO | MONITOR_SLEEP | Sleeping for 20s (base=20s, consecutive_errors=0, monitoring_suspended=False)
2025-11-27 14:21:32 | INFO | MONITOR_SLEEP | Sleeping for 20s (base=20s, consecutive_errors=0, monitoring_suspended=False)
2025-11-27 14:21:52 | INFO | MONITOR_SLEEP | Sleeping for 20s (base=20s, consecutive_errors=0, monitoring_suspended=False)
2025-11-27 14:22:12 | INFO | MONITOR | Paper trades checked (next in 60s)
2025-11-27 14:22:12 | INFO | MONITOR_SLEEP | Sleeping for 20s (base=20s, consecutive_errors=0, monitoring_suspended=False)
2025-11-27 14:22:32 | INFO | MONITOR_SLEEP | Sleeping for 20s (base=20s, consecutive_errors=0, monitoring_suspended=False)
2025-11-27 14:22:52 | INFO | MONITOR_SLEEP | Sleeping for 20s (base=20s, consecutive_errors=0, monitoring_suspended=False)
2025-11-27 14:23:12 | INFO | MONITOR | Paper trades checked (next in 60s)
2025-11-27 14:23:12 | INFO | MONITOR_SLEEP | Sleeping for 20s (base=20s, consecutive_errors=0, monitoring_suspended=False)
2025-11-27 14:23:32 | INFO | MONITOR_SLEEP | Sleeping for 20s (base=20s, consecutive_errors=0, monitoring_suspended=False)
2025-11-27 14:23:52 | INFO | MONITOR_SLEEP | Sleeping for 20s (base=20s, consecutive_errors=0, monitoring_suspended=False)
2025-11-27 14:24:12 | INFO | MONITOR | Paper trades checked (next in 60s)
2025-11-27 14:24:12 | INFO | MONITOR_SLEEP | Sleeping for 20s (base=20s, consecutive_errors=0, monitoring_suspended=False)
2025-11-27 14:24:32 | INFO | MONITOR_SLEEP | Sleeping for 20s (base=20s, consecutive_errors=0, monitoring_suspended=False)
2025-11-27 14:24:52 | INFO | MONITOR_SLEEP | Sleeping for 20s (base=20s, consecutive_errors=0, monitoring_suspended=False)
2025-11-27 14:25:12 | INFO | MONITOR | Paper trades checked (next in 60s)
2025-11-27 14:25:12 | INFO | MONITOR_SLEEP | Sleeping for 20s (base=20s, consecutive_errors=0, monitoring_suspended=False)
2025-11-27 14:25:32 | INFO | MONITOR_SLEEP | Sleeping for 20s (base=20s, consecutive_errors=0, monitoring_suspended=False)
2025-11-27 14:25:52 | INFO | MONITOR_SLEEP | Sleeping for 20s (base=20s, consecutive_errors=0, monitoring_suspended=False)
2025-11-27 14:26:12 | INFO | MONITOR | Paper trades checked (next in 60s)
2025-11-27 14:26:12 | INFO | MONITOR_SLEEP | Sleeping for 20s (base=20s, consecutive_errors=0, monitoring_suspended=False)
2025-11-27 14:26:32 | INFO | MONITOR_SLEEP | Sleeping for 20s (base=20s, consecutive_errors=0, monitoring_suspended=False)
2025-11-27 14:26:52 | INFO | MONITOR_SLEEP | Sleeping for 20s (base=20s, consecutive_errors=0, monitoring_suspended=False)
2025-11-27 14:27:12 | INFO | MONITOR | Paper trades checked (next in 60s)
2025-11-27 14:27:12 | INFO | MONITOR_SLEEP | Sleeping for 20s (base=20s, consecutive_errors=0, monitoring_suspended=False)
2025-11-27 14:27:32 | INFO | MONITOR_SLEEP | Sleeping for 20s (base=20s, consecutive_errors=0, monitoring_suspended=False)
2025-11-27 14:27:52 | INFO | MONITOR_SLEEP | Sleeping for 20s (base=20s, consecutive_errors=0, monitoring_suspended=False)
2025-11-27 14:28:12 | INFO | MONITOR | Paper trades checked (next in 60s)
2025-11-27 14:28:12 | INFO | MONITOR_SLEEP | Sleeping for 20s (base=20s, consecutive_errors=0, monitoring_suspended=False)
2025-11-27 14:28:32 | INFO | MONITOR_SLEEP | Sleeping for 20s (base=20s, consecutive_errors=0, monitoring_suspended=False)
2025-11-27 14:28:52 | INFO | MONITOR_SLEEP | Sleeping for 20s (base=20s, consecutive_errors=0, monitoring_suspended=False)
2025-11-27 14:29:12 | INFO | MONITOR | Paper trades checked (next in 60s)
2025-11-27 14:29:12 | INFO | MONITOR_SLEEP | Sleeping for 20s (base=20s, consecutive_errors=0, monitoring_suspended=False)
2025-11-27 14:29:32 | INFO | MONITOR_SLEEP | Sleeping for 20s (base=20s, consecutive_errors=0, monitoring_suspended=False)
2025-11-27 14:29:52 | INFO | MONITOR_SLEEP | Sleeping for 20s (base=20s, consecutive_errors=0, monitoring_suspended=False)
2025-11-27 14:30:12 | INFO | MONITOR | Paper trades checked (next in 60s)
2025-11-27 14:30:12 | INFO | MONITOR_SLEEP | Sleeping for 20s (base=20s, consecutive_errors=0, monitoring_suspended=False)
2025-11-27 14:30:32 | INFO | MONITOR_SLEEP | Sleeping for 20s (base=20s, consecutive_errors=0, monitoring_suspended=False)
2025-11-27 14:30:52 | INFO | MONITOR_SLEEP | Sleeping for 20s (base=20s, consecutive_errors=0, monitoring_suspended=False)
2025-11-27 14:31:12 | INFO | MONITOR | Paper trades checked (next in 60s)
2025-11-27 14:31:12 | INFO | MONITOR_SLEEP | Sleeping for 20s (base=20s, consecutive_errors=0, monitoring_suspended=False)
2025-11-27 14:31:32 | INFO | MONITOR_SLEEP | Sleeping for 20s (base=20s, consecutive_errors=0, monitoring_suspended=False)
2025-11-27 14:31:52 | INFO | MONITOR_SLEEP | Sleeping for 20s (base=20s, consecutive_errors=0, monitoring_suspended=False)
2025-11-27 14:32:12 | INFO | MONITOR | Paper trades checked (next in 60s)
2025-11-27 14:32:12 | INFO | MONITOR_SLEEP | Sleeping for 20s (base=20s, consecutive_errors=0, monitoring_suspended=False)
2025-11-27 14:32:32 | INFO | MONITOR_SLEEP | Sleeping for 20s (base=20s, consecutive_errors=0, monitoring_suspended=False)
2025-11-27 14:32:52 | INFO | MONITOR_SLEEP | Sleeping for 20s (base=20s, consecutive_errors=0, monitoring_suspended=False)
2025-11-27 14:33:12 | INFO | MONITOR | Paper trades checked (next in 60s)
2025-11-27 14:33:12 | INFO | MONITOR_SLEEP | Sleeping for 20s (base=20s, consecutive_errors=0, monitoring_suspended=False)
2025-11-27 14:33:32 | INFO | MONITOR_SLEEP | Sleeping for 20s (base=20s, consecutive_errors=0, monitoring_suspended=False)
2025-11-27 14:33:52 | INFO | MONITOR_SLEEP | Sleeping for 20s (base=20s, consecutive_errors=0, monitoring_suspended=False)
2025-11-27 14:34:12 | INFO | MONITOR | Paper trades checked (next in 60s)
2025-11-27 14:34:12 | INFO | MONITOR_SLEEP | Sleeping for 20s (base=20s, consecutive_errors=0, monitoring_suspended=False)
2025-11-27 14:34:32 | INFO | MONITOR_SLEEP | Sleeping for 20s (base=20s, consecutive_errors=0, monitoring_suspended=False)
2025-11-27 14:34:52 | INFO | MONITOR_SLEEP | Sleeping for 20s (base=20s, consecutive_errors=0, monitoring_suspended=False)
2025-11-27 14:35:12 | INFO | MONITOR | Paper trades checked (next in 60s)
2025-11-27 14:35:12 | INFO | MONITOR_SLEEP | Sleeping for 20s (base=20s, consecutive_errors=0, monitoring_suspended=False)
2025-11-27 14:35:32 | INFO | MONITOR_SLEEP | Sleeping for 20s (base=20s, consecutive_errors=0, monitoring_suspended=False)
2025-11-27 14:35:52 | INFO | MONITOR_SLEEP | Sleeping for 20s (base=20s, consecutive_errors=0, monitoring_suspended=False)
2025-11-27 14:36:12 | INFO | MONITOR | Paper trades checked (next in 60s)
2025-11-27 14:36:12 | INFO | MONITOR_SLEEP | Sleeping for 20s (base=20s, consecutive_errors=0, monitoring_suspended=False)
2025-11-27 14:36:32 | INFO | MONITOR_SLEEP | Sleeping for 20s (base=20s, consecutive_errors=0, monitoring_suspended=False)
2025-11-27 14:36:52 | INFO | MONITOR_SLEEP | Sleeping for 20s (base=20s, consecutive_errors=0, monitoring_suspended=False)
2025-11-27 14:37:12 | INFO | MONITOR | Paper trades checked (next in 60s)
2025-11-27 14:37:12 | INFO | MONITOR_SLEEP | Sleeping for 20s (base=20s, consecutive_errors=0, monitoring_suspended=False)
2025-11-27 14:37:32 | INFO | MONITOR_SLEEP | Sleeping for 20s (base=20s, consecutive_errors=0, monitoring_suspended=False)
2025-11-27 14:37:52 | INFO | MONITOR_SLEEP | Sleeping for 20s (base=20s, consecutive_errors=0, monitoring_suspended=False)
2025-11-27 14:38:12 | INFO | MONITOR | Paper trades checked (next in 60s)
2025-11-27 14:38:12 | INFO | MONITOR_SLEEP | Sleeping for 20s (base=20s, consecutive_errors=0, monitoring_suspended=False)
2025-11-27 14:38:32 | INFO | MONITOR_SLEEP | Sleeping for 20s (base=20s, consecutive_errors=0, monitoring_suspended=False)
2025-11-27 14:38:52 | INFO | MONITOR_SLEEP | Sleeping for 20s (base=20s, consecutive_errors=0, monitoring_suspended=False)
2025-11-27 14:39:12 | INFO | MONITOR | Paper trades checked (next in 60s)
2025-11-27 14:39:12 | INFO | MONITOR_SLEEP | Sleeping for 20s (base=20s, consecutive_errors=0, monitoring_suspended=False)
2025-11-27 14:39:32 | INFO | MONITOR_SLEEP | Sleeping for 20s (base=20s, consecutive_errors=0, monitoring_suspended=False)
2025-11-27 14:39:52 | INFO | MONITOR_SLEEP | Sleeping for 20s (base=20s, consecutive_errors=0, monitoring_suspended=False)
2025-11-27 14:40:12 | INFO | MONITOR | Paper trades checked (next in 60s)
2025-11-27 14:40:12 | INFO | MONITOR_SLEEP | Sleeping for 20s (base=20s, consecutive_errors=0, monitoring_suspended=False)
2025-11-27 14:40:32 | INFO | MONITOR_SLEEP | Sleeping for 20s (base=20s, consecutive_errors=0, monitoring_suspended=False)
2025-11-27 14:40:52 | INFO | MONITOR_SLEEP | Sleeping for 20s (base=20s, consecutive_errors=0, monitoring_suspended=False)
2025-11-27 14:41:12 | INFO | MONITOR | Paper trades checked (next in 60s)
2025-11-27 14:41:12 | INFO | MONITOR_SLEEP | Sleeping for 20s (base=20s, consecutive_errors=0, monitoring_suspended=False)
2025-11-27 14:41:32 | INFO | MONITOR_SLEEP | Sleeping for 20s (base=20s, consecutive_errors=0, monitoring_suspended=False)
2025-11-27 14:41:52 | INFO | MONITOR_SLEEP | Sleeping for 20s (base=20s, consecutive_errors=0, monitoring_suspended=False)
2025-11-27 14:42:12 | INFO | MONITOR | Paper trades checked (next in 60s)
2025-11-27 14:42:12 | INFO | MONITOR_SLEEP | Sleeping for 20s (base=20s, consecutive_errors=0, monitoring_suspended=False)
2025-11-27 14:42:32 | INFO | MONITOR_SLEEP | Sleeping for 20s (base=20s, consecutive_errors=0, monitoring_suspended=False)
2025-11-27 14:42:52 | INFO | MONITOR_SLEEP | Sleeping for 20s (base=20s, consecutive_errors=0, monitoring_suspended=False)
2025-11-27 14:43:12 | INFO | MONITOR | Paper trades checked (next in 60s)
2025-11-27 14:43:12 | INFO | MONITOR_SLEEP | Sleeping for 20s (base=20s, consecutive_errors=0, monitoring_suspended=False)
2025-11-27 14:43:32 | INFO | MONITOR_SLEEP | Sleeping for 20s (base=20s, consecutive_errors=0, monitoring_suspended=False)
2025-11-27 14:43:52 | INFO | MONITOR_SLEEP | Sleeping for 20s (base=20s, consecutive_errors=0, monitoring_suspended=False)
2025-11-27 14:44:12 | INFO | MONITOR | Paper trades checked (next in 60s)
2025-11-27 14:44:12 | INFO | MONITOR_SLEEP | Sleeping for 20s (base=20s, consecutive_errors=0, monitoring_suspended=False)
2025-11-27 14:44:32 | INFO | MONITOR_SLEEP | Sleeping for 20s (base=20s, consecutive_errors=0, monitoring_suspended=False)
2025-11-27 14:44:52 | INFO | MONITOR_SLEEP | Sleeping for 20s (base=20s, consecutive_errors=0, monitoring_suspended=False)
2025-11-27 14:45:12 | INFO | MONITOR | Paper trades checked (next in 60s)
2025-11-27 14:45:12 | INFO | MONITOR_SLEEP | Sleeping for 20s (base=20s, consecutive_errors=0, monitoring_suspended=False)
2025-11-27 14:45:32 | INFO | MONITOR_SLEEP | Sleeping for 20s (base=20s, consecutive_errors=0, monitoring_suspended=False)
2025-11-27 14:45:52 | INFO | MONITOR_SLEEP | Sleeping for 20s (base=20s, consecutive_errors=0, monitoring_suspended=False)
2025-11-27 14:46:12 | INFO | MONITOR | Paper trades checked (next in 60s)
2025-11-27 14:46:12 | INFO | MONITOR_SLEEP | Sleeping for 20s (base=20s, consecutive_errors=0, monitoring_suspended=False)
2025-11-27 14:46:32 | INFO | MONITOR_SLEEP | Sleeping for 20s (base=20s, consecutive_errors=0, monitoring_suspended=False)
2025-11-27 14:46:52 | INFO | MONITOR_SLEEP | Sleeping for 20s (base=20s, consecutive_errors=0, monitoring_suspended=False)
2025-11-27 14:47:12 | INFO | MONITOR | Paper trades checked (next in 60s)
2025-11-27 14:47:12 | INFO | MONITOR_SLEEP | Sleeping for 20s (base=20s, consecutive_errors=0, monitoring_suspended=False)
2025-11-27 14:47:32 | INFO | MONITOR_SLEEP | Sleeping for 20s (base=20s, consecutive_errors=0, monitoring_suspended=False)
2025-11-27 14:47:52 | INFO | MONITOR_SLEEP | Sleeping for 20s (base=20s, consecutive_errors=0, monitoring_suspended=False)
2025-11-27 14:48:12 | INFO | MONITOR | Paper trades checked (next in 60s)
2025-11-27 14:48:12 | INFO | MONITOR_SLEEP | Sleeping for 20s (base=20s, consecutive_errors=0, monitoring_suspended=False)
2025-11-27 14:48:32 | INFO | MONITOR_SLEEP | Sleeping for 20s (base=20s, consecutive_errors=0, monitoring_suspended=False)
2025-11-27 14:48:52 | INFO | MONITOR_SLEEP | Sleeping for 20s (base=20s, consecutive_errors=0, monitoring_suspended=False)
2025-11-27 14:49:12 | INFO | MONITOR | Paper trades checked (next in 60s)
2025-11-27 14:49:12 | INFO | MONITOR_SLEEP | Sleeping for 20s (base=20s, consecutive_errors=0, monitoring_suspended=False)
2025-11-27 14:49:32 | INFO | MONITOR_SLEEP | Sleeping for 20s (base=20s, consecutive_errors=0, monitoring_suspended=False)
2025-11-27 14:49:52 | INFO | MONITOR_SLEEP | Sleeping for 20s (base=20s, consecutive_errors=0, monitoring_suspended=False)
2025-11-27 14:50:12 | INFO | MONITOR | Paper trades checked (next in 60s)
2025-11-27 14:50:12 | INFO | MONITOR_SLEEP | Sleeping for 20s (base=20s, consecutive_errors=0, monitoring_suspended=False)
2025-11-27 14:50:32 | INFO | MONITOR_SLEEP | Sleeping for 20s (base=20s, consecutive_errors=0, monitoring_suspended=False)
2025-11-27 14:50:52 | INFO | MONITOR_SLEEP | Sleeping for 20s (base=20s, consecutive_errors=0, monitoring_suspended=False)
2025-11-27 14:51:12 | INFO | MONITOR | Paper trades checked (next in 60s)
2025-11-27 14:51:12 | INFO | MONITOR_SLEEP | Sleeping for 20s (base=20s, consecutive_errors=0, monitoring_suspended=False)
2025-11-27 14:51:32 | INFO | MONITOR_SLEEP | Sleeping for 20s (base=20s, consecutive_errors=0, monitoring_suspended=False)
2025-11-27 14:51:52 | INFO | MONITOR_SLEEP | Sleeping for 20s (base=20s, consecutive_errors=0, monitoring_suspended=False)
2025-11-27 14:52:12 | INFO | MONITOR | Paper trades checked (next in 60s)
2025-11-27 14:52:12 | INFO | MONITOR_SLEEP | Sleeping for 20s (base=20s, consecutive_errors=0, monitoring_suspended=False)
2025-11-27 14:52:32 | INFO | MONITOR_SLEEP | Sleeping for 20s (base=20s, consecutive_errors=0, monitoring_suspended=False)
2025-11-27 14:52:52 | INFO | MONITOR_SLEEP | Sleeping for 20s (base=20s, consecutive_errors=0, monitoring_suspended=False)
2025-11-27 14:53:12 | INFO | MONITOR | Paper trades checked (next in 60s)
2025-11-27 14:53:12 | INFO | MONITOR_SLEEP | Sleeping for 20s (base=20s, consecutive_errors=0, monitoring_suspended=False)
2025-11-27 14:53:32 | INFO | MONITOR_SLEEP | Sleeping for 20s (base=20s, consecutive_errors=0, monitoring_suspended=False)
2025-11-27 14:53:52 | INFO | MONITOR_SLEEP | Sleeping for 20s (base=20s, consecutive_errors=0, monitoring_suspended=False)
2025-11-27 14:54:12 | INFO | MONITOR | Paper trades checked (next in 60s)
2025-11-27 14:54:12 | INFO | MONITOR_SLEEP | Sleeping for 20s (base=20s, consecutive_errors=0, monitoring_suspended=False)
2025-11-27 14:54:32 | INFO | MONITOR_SLEEP | Sleeping for 20s (base=20s, consecutive_errors=0, monitoring_suspended=False)
2025-11-27 14:54:52 | INFO | MONITOR_SLEEP | Sleeping for 20s (base=20s, consecutive_errors=0, monitoring_suspended=False)
2025-11-27 14:55:12 | INFO | MONITOR | Paper trades checked (next in 60s)
2025-11-27 14:55:12 | INFO | MONITOR_SLEEP | Sleeping for 20s (base=20s, consecutive_errors=0, monitoring_suspended=False)
2025-11-27 14:55:32 | INFO | MONITOR_SLEEP | Sleeping for 20s (base=20s, consecutive_errors=0, monitoring_suspended=False)
2025-11-27 14:55:52 | INFO | MONITOR_SLEEP | Sleeping for 20s (base=20s, consecutive_errors=0, monitoring_suspended=False)
2025-11-27 14:56:12 | INFO | MONITOR | Paper trades checked (next in 60s)
2025-11-27 14:56:12 | INFO | MONITOR_SLEEP | Sleeping for 20s (base=20s, consecutive_errors=0, monitoring_suspended=False)
2025-11-27 14:56:32 | INFO | MONITOR_SLEEP | Sleeping for 20s (base=20s, consecutive_errors=0, monitoring_suspended=False)
2025-11-27 14:56:52 | INFO | MONITOR_SLEEP | Sleeping for 20s (base=20s, consecutive_errors=0, monitoring_suspended=False)
2025-11-27 14:57:12 | INFO | MONITOR | Paper trades checked (next in 60s)
2025-11-27 14:57:12 | INFO | MONITOR_SLEEP | Sleeping for 20s (base=20s, consecutive_errors=0, monitoring_suspended=False)
2025-11-27 14:57:32 | INFO | MONITOR_SLEEP | Sleeping for 20s (base=20s, consecutive_errors=0, monitoring_suspended=False)
2025-11-27 14:57:52 | INFO | MONITOR_SLEEP | Sleeping for 20s (base=20s, consecutive_errors=0, monitoring_suspended=False)
2025-11-27 14:58:12 | INFO | MONITOR | Paper trades checked (next in 60s)
2025-11-27 14:58:12 | INFO | MONITOR_SLEEP | Sleeping for 20s (base=20s, consecutive_errors=0, monitoring_suspended=False)
2025-11-27 14:58:32 | INFO | MONITOR_SLEEP | Sleeping for 20s (base=20s, consecutive_errors=0, monitoring_suspended=False)
2025-11-27 14:58:52 | INFO | MONITOR_SLEEP | Sleeping for 20s (base=20s, consecutive_errors=0, monitoring_suspended=False)
2025-11-27 14:59:12 | INFO | MONITOR | Paper trades checked (next in 60s)
2025-11-27 14:59:12 | INFO | MONITOR_SLEEP | Sleeping for 20s (base=20s, consecutive_errors=0, monitoring_suspended=False)
2025-11-27 14:59:32 | INFO | MONITOR_SLEEP | Sleeping for 20s (base=20s, consecutive_errors=0, monitoring_suspended=False)
2025-11-27 14:59:52 | INFO | MONITOR_SLEEP | Sleeping for 20s (base=20s, consecutive_errors=0, monitoring_suspended=False)
2025-11-27 15:00:12 | INFO | MONITOR | Paper trades checked (next in 60s)
2025-11-27 15:00:12 | INFO | MONITOR_SLEEP | Sleeping for 20s (base=20s, consecutive_errors=0, monitoring_suspended=False)
2025-11-27 15:00:32 | INFO | MONITOR_SLEEP | Sleeping for 20s (base=20s, consecutive_errors=0, monitoring_suspended=False)
2025-11-27 15:00:52 | INFO | MONITOR_SLEEP | Sleeping for 20s (base=20s, consecutive_errors=0, monitoring_suspended=False)
2025-11-27 15:01:12 | INFO | MONITOR | Paper trades checked (next in 60s)
2025-11-27 15:01:12 | INFO | MONITOR_SLEEP | Sleeping for 20s (base=20s, consecutive_errors=0, monitoring_suspended=False)
2025-11-27 15:01:32 | INFO | MONITOR_SLEEP | Sleeping for 20s (base=20s, consecutive_errors=0, monitoring_suspended=False)
2025-11-27 15:01:52 | INFO | MONITOR_SLEEP | Sleeping for 20s (base=20s, consecutive_errors=0, monitoring_suspended=False)
2025-11-27 15:02:12 | INFO | MONITOR | Paper trades checked (next in 60s)
2025-11-27 15:02:12 | INFO | MONITOR_SLEEP | Sleeping for 20s (base=20s, consecutive_errors=0, monitoring_suspended=False)
2025-11-27 15:02:32 | INFO | MONITOR_SLEEP | Sleeping for 20s (base=20s, consecutive_errors=0, monitoring_suspended=False)
2025-11-27 15:02:52 | INFO | MONITOR_SLEEP | Sleeping for 20s (base=20s, consecutive_errors=0, monitoring_suspended=False)
2025-11-27 15:03:12 | INFO | MONITOR | Paper trades checked (next in 60s)
2025-11-27 15:03:12 | INFO | MONITOR_SLEEP | Sleeping for 20s (base=20s, consecutive_errors=0, monitoring_suspended=False)
2025-11-27 15:03:32 | INFO | MONITOR_SLEEP | Sleeping for 20s (base=20s, consecutive_errors=0, monitoring_suspended=False)
2025-11-27 15:03:52 | INFO | MONITOR_SLEEP | Sleeping for 20s (base=20s, consecutive_errors=0, monitoring_suspended=False)
2025-11-27 15:04:12 | INFO | MONITOR | Paper trades checked (next in 60s)
2025-11-27 15:04:12 | INFO | MONITOR_SLEEP | Sleeping for 20s (base=20s, consecutive_errors=0, monitoring_suspended=False)
2025-11-27 15:04:32 | INFO | MONITOR_SLEEP | Sleeping for 20s (base=20s, consecutive_errors=0, monitoring_suspended=False)
2025-11-27 15:04:52 | INFO | MONITOR_SLEEP | Sleeping for 20s (base=20s, consecutive_errors=0, monitoring_suspended=False)
2025-11-27 15:05:12 | INFO | MONITOR | Paper trades checked (next in 60s)
2025-11-27 15:05:12 | INFO | MONITOR_SLEEP | Sleeping for 20s (base=20s, consecutive_errors=0, monitoring_suspended=False)
2025-11-27 15:05:32 | INFO | MONITOR_SLEEP | Sleeping for 20s (base=20s, consecutive_errors=0, monitoring_suspended=False)
2025-11-27 15:05:52 | INFO | MONITOR_SLEEP | Sleeping for 20s (base=20s, consecutive_errors=0, monitoring_suspended=False)
2025-11-27 15:06:12 | INFO | MONITOR | Paper trades checked (next in 60s)
2025-11-27 15:06:12 | INFO | MONITOR_SLEEP | Sleeping for 20s (base=20s, consecutive_errors=0, monitoring_suspended=False)
2025-11-27 15:06:32 | INFO | MONITOR_SLEEP | Sleeping for 20s (base=20s, consecutive_errors=0, monitoring_suspended=False)
2025-11-27 15:06:52 | INFO | MONITOR_SLEEP | Sleeping for 20s (base=20s, consecutive_errors=0, monitoring_suspended=False)
2025-11-27 15:07:12 | INFO | MONITOR | Paper trades checked (next in 60s)
2025-11-27 15:07:12 | INFO | MONITOR_SLEEP | Sleeping for 20s (base=20s, consecutive_errors=0, monitoring_suspended=False)
2025-11-27 15:07:32 | INFO | MONITOR_SLEEP | Sleeping for 20s (base=20s, consecutive_errors=0, monitoring_suspended=False)
2025-11-27 15:07:52 | INFO | MONITOR_SLEEP | Sleeping for 20s (base=20s, consecutive_errors=0, monitoring_suspended=False)
2025-11-27 15:08:12 | INFO | MONITOR | Paper trades checked (next in 60s)
2025-11-27 15:08:12 | INFO | MONITOR_SLEEP | Sleeping for 20s (base=20s, consecutive_errors=0, monitoring_suspended=False)
2025-11-27 15:08:32 | INFO | MONITOR_SLEEP | Sleeping for 20s (base=20s, consecutive_errors=0, monitoring_suspended=False)
2025-11-27 15:08:52 | INFO | MONITOR_SLEEP | Sleeping for 20s (base=20s, consecutive_errors=0, monitoring_suspended=False)
2025-11-27 15:09:12 | INFO | MONITOR | Paper trades checked (next in 60s)
2025-11-27 15:09:12 | INFO | MONITOR_SLEEP | Sleeping for 20s (base=20s, consecutive_errors=0, monitoring_suspended=False)
2025-11-27 15:09:32 | INFO | MONITOR_SLEEP | Sleeping for 20s (base=20s, consecutive_errors=0, monitoring_suspended=False)
2025-11-27 15:09:52 | INFO | MONITOR_SLEEP | Sleeping for 20s (base=20s, consecutive_errors=0, monitoring_suspended=False)
2025-11-27 15:10:12 | INFO | MONITOR | Paper trades checked (next in 60s)
2025-11-27 15:10:12 | INFO | MONITOR_SLEEP | Sleeping for 20s (base=20s, consecutive_errors=0, monitoring_suspended=False)
2025-11-27 15:10:32 | INFO | MONITOR_SLEEP | Sleeping for 20s (base=20s, consecutive_errors=0, monitoring_suspended=False)
2025-11-27 15:10:52 | INFO | MONITOR_SLEEP | Sleeping for 20s (base=20s, consecutive_errors=0, monitoring_suspended=False)
2025-11-27 15:11:12 | INFO | MONITOR | Paper trades checked (next in 60s)
2025-11-27 15:11:12 | INFO | MONITOR_SLEEP | Sleeping for 20s (base=20s, consecutive_errors=0, monitoring_suspended=False)
2025-11-27 15:11:32 | INFO | MONITOR_SLEEP | Sleeping for 20s (base=20s, consecutive_errors=0, monitoring_suspended=False)
2025-11-27 15:11:52 | INFO | MONITOR_SLEEP | Sleeping for 20s (base=20s, consecutive_errors=0, monitoring_suspended=False)
2025-11-27 15:12:12 | INFO | MONITOR | Paper trades checked (next in 60s)
2025-11-27 15:12:12 | INFO | MONITOR_SLEEP | Sleeping for 20s (base=20s, consecutive_errors=0, monitoring_suspended=False)
2025-11-27 15:12:32 | INFO | MONITOR_SLEEP | Sleeping for 20s (base=20s, consecutive_errors=0, monitoring_suspended=False)
2025-11-27 15:12:52 | INFO | MONITOR_SLEEP | Sleeping for 20s (base=20s, consecutive_errors=0, monitoring_suspended=False)
2025-11-27 15:13:12 | INFO | MONITOR | Paper trades checked (next in 60s)
2025-11-27 15:13:12 | INFO | MONITOR_SLEEP | Sleeping for 20s (base=20s, consecutive_errors=0, monitoring_suspended=False)
2025-11-27 15:13:32 | INFO | MONITOR_SLEEP | Sleeping for 20s (base=20s, consecutive_errors=0, monitoring_suspended=False)
2025-11-27 15:13:52 | INFO | MONITOR_SLEEP | Sleeping for 20s (base=20s, consecutive_errors=0, monitoring_suspended=False)
2025-11-27 15:14:12 | INFO | MONITOR | Paper trades checked (next in 60s)
2025-11-27 15:14:12 | INFO | MONITOR_SLEEP | Sleeping for 20s (base=20s, consecutive_errors=0, monitoring_suspended=False)
2025-11-27 15:14:32 | INFO | MONITOR_SLEEP | Sleeping for 20s (base=20s, consecutive_errors=0, monitoring_suspended=False)
2025-11-27 15:14:52 | INFO | MONITOR_SLEEP | Sleeping for 20s (base=20s, consecutive_errors=0, monitoring_suspended=False)
2025-11-27 15:15:12 | INFO | MONITOR | Paper trades checked (next in 60s)
2025-11-27 15:15:12 | INFO | MONITOR_SLEEP | Sleeping for 20s (base=20s, consecutive_errors=0, monitoring_suspended=False)
2025-11-27 15:15:32 | INFO | MONITOR_SLEEP | Sleeping for 20s (base=20s, consecutive_errors=0, monitoring_suspended=False)
2025-11-27 15:15:52 | INFO | MONITOR_SLEEP | Sleeping for 20s (base=20s, consecutive_errors=0, monitoring_suspended=False)
2025-11-27 15:16:12 | INFO | MONITOR | Paper trades checked (next in 60s)
2025-11-27 15:16:12 | INFO | MONITOR_SLEEP | Sleeping for 20s (base=20s, consecutive_errors=0, monitoring_suspended=False)
2025-11-27 15:16:32 | INFO | MONITOR_SLEEP | Sleeping for 20s (base=20s, consecutive_errors=0, monitoring_suspended=False)
2025-11-27 15:16:52 | INFO | MONITOR_SLEEP | Sleeping for 20s (base=20s, consecutive_errors=0, monitoring_suspended=False)
2025-11-27 15:17:12 | INFO | MONITOR | Paper trades checked (next in 60s)
2025-11-27 15:17:12 | INFO | MONITOR_SLEEP | Sleeping for 20s (base=20s, consecutive_errors=0, monitoring_suspended=False)
2025-11-27 15:17:32 | INFO | MONITOR_SLEEP | Sleeping for 20s (base=20s, consecutive_errors=0, monitoring_suspended=False)
2025-11-27 15:17:52 | INFO | MONITOR_SLEEP | Sleeping for 20s (base=20s, consecutive_errors=0, monitoring_suspended=False)
2025-11-27 15:18:12 | INFO | MONITOR | Paper trades checked (next in 60s)
2025-11-27 15:18:12 | INFO | MONITOR_SLEEP | Sleeping for 20s (base=20s, consecutive_errors=0, monitoring_suspended=False)
2025-11-27 15:18:32 | INFO | MONITOR_SLEEP | Sleeping for 20s (base=20s, consecutive_errors=0, monitoring_suspended=False)
2025-11-27 15:18:52 | INFO | MONITOR_SLEEP | Sleeping for 20s (base=20s, consecutive_errors=0, monitoring_suspended=False)
2025-11-27 15:19:12 | INFO | MONITOR | Paper trades checked (next in 60s)
2025-11-27 15:19:12 | INFO | MONITOR_SLEEP | Sleeping for 20s (base=20s, consecutive_errors=0, monitoring_suspended=False)
2025-11-27 15:19:32 | INFO | MONITOR_SLEEP | Sleeping for 20s (base=20s, consecutive_errors=0, monitoring_suspended=False)
2025-11-27 15:19:52 | INFO | MONITOR_SLEEP | Sleeping for 20s (base=20s, consecutive_errors=0, monitoring_suspended=False)
2025-11-27 15:20:12 | INFO | MONITOR | Paper trades checked (next in 60s)
2025-11-27 15:20:12 | INFO | MONITOR_SLEEP | Sleeping for 20s (base=20s, consecutive_errors=0, monitoring_suspended=False)
2025-11-27 15:20:32 | INFO | MONITOR_SLEEP | Sleeping for 20s (base=20s, consecutive_errors=0, monitoring_suspended=False)
2025-11-27 15:20:52 | INFO | MONITOR_SLEEP | Sleeping for 20s (base=20s, consecutive_errors=0, monitoring_suspended=False)
2025-11-27 15:21:12 | INFO | MONITOR | Paper trades checked (next in 60s)
2025-11-27 15:21:12 | INFO | MONITOR_SLEEP | Sleeping for 20s (base=20s, consecutive_errors=0, monitoring_suspended=False)
2025-11-27 15:21:32 | INFO | MONITOR_SLEEP | Sleeping for 20s (base=20s, consecutive_errors=0, monitoring_suspended=False)
2025-11-27 15:21:52 | INFO | MONITOR_SLEEP | Sleeping for 20s (base=20s, consecutive_errors=0, monitoring_suspended=False)
2025-11-27 15:22:12 | INFO | MONITOR | Paper trades checked (next in 60s)
2025-11-27 15:22:12 | INFO | MONITOR_SLEEP | Sleeping for 20s (base=20s, consecutive_errors=0, monitoring_suspended=False)
2025-11-27 15:22:32 | INFO | MONITOR_SLEEP | Sleeping for 20s (base=20s, consecutive_errors=0, monitoring_suspended=False)
2025-11-27 15:22:52 | INFO | MONITOR_SLEEP | Sleeping for 20s (base=20s, consecutive_errors=0, monitoring_suspended=False)
2025-11-27 15:23:12 | INFO | MONITOR | Paper trades checked (next in 60s)
2025-11-27 15:23:12 | INFO | MONITOR_SLEEP | Sleeping for 20s (base=20s, consecutive_errors=0, monitoring_suspended=False)
2025-11-27 15:23:32 | INFO | MONITOR_SLEEP | Sleeping for 20s (base=20s, consecutive_errors=0, monitoring_suspended=False)
2025-11-27 15:23:52 | INFO | MONITOR_SLEEP | Sleeping for 20s (base=20s, consecutive_errors=0, monitoring_suspended=False)
2025-11-27 15:24:12 | INFO | MONITOR | Paper trades checked (next in 60s)
2025-11-27 15:24:12 | INFO | MONITOR_SLEEP | Sleeping for 20s (base=20s, consecutive_errors=0, monitoring_suspended=False)
2025-11-27 15:24:32 | INFO | MONITOR_SLEEP | Sleeping for 20s (base=20s, consecutive_errors=0, monitoring_suspended=False)
2025-11-27 15:24:52 | INFO | MONITOR_SLEEP | Sleeping for 20s (base=20s, consecutive_errors=0, monitoring_suspended=False)
2025-11-27 15:25:12 | INFO | MONITOR | Paper trades checked (next in 60s)
2025-11-27 15:25:12 | INFO | MONITOR_SLEEP | Sleeping for 20s (base=20s, consecutive_errors=0, monitoring_suspended=False)
2025-11-27 15:25:32 | INFO | MONITOR_SLEEP | Sleeping for 20s (base=20s, consecutive_errors=0, monitoring_suspended=False)
2025-11-27 15:25:52 | INFO | MONITOR_SLEEP | Sleeping for 20s (base=20s, consecutive_errors=0, monitoring_suspended=False)
2025-11-27 15:26:12 | INFO | MONITOR | Paper trades checked (next in 60s)
2025-11-27 15:26:12 | INFO | MONITOR_SLEEP | Sleeping for 20s (base=20s, consecutive_errors=0, monitoring_suspended=False)
2025-11-27 15:26:32 | INFO | MONITOR_SLEEP | Sleeping for 20s (base=20s, consecutive_errors=0, monitoring_suspended=False)
2025-11-27 15:26:52 | INFO | MONITOR_SLEEP | Sleeping for 20s (base=20s, consecutive_errors=0, monitoring_suspended=False)
2025-11-27 15:27:12 | INFO | MONITOR | Paper trades checked (next in 60s)
2025-11-27 15:27:12 | INFO | MONITOR_SLEEP | Sleeping for 20s (base=20s, consecutive_errors=0, monitoring_suspended=False)
2025-11-27 15:27:32 | INFO | MONITOR_SLEEP | Sleeping for 20s (base=20s, consecutive_errors=0, monitoring_suspended=False)
2025-11-27 15:27:52 | INFO | MONITOR_SLEEP | Sleeping for 20s (base=20s, consecutive_errors=0, monitoring_suspended=False)
2025-11-27 15:28:12 | INFO | MONITOR | Paper trades checked (next in 60s)
2025-11-27 15:28:12 | INFO | MONITOR_SLEEP | Sleeping for 20s (base=20s, consecutive_errors=0, monitoring_suspended=False)
2025-11-27 15:28:32 | INFO | MONITOR_SLEEP | Sleeping for 20s (base=20s, consecutive_errors=0, monitoring_suspended=False)
2025-11-27 15:28:52 | INFO | MONITOR_SLEEP | Sleeping for 20s (base=20s, consecutive_errors=0, monitoring_suspended=False)
2025-11-27 15:29:12 | INFO | MONITOR | Paper trades checked (next in 60s)
2025-11-27 15:29:12 | INFO | MONITOR_SLEEP | Sleeping for 20s (base=20s, consecutive_errors=0, monitoring_suspended=False)
2025-11-27 15:29:32 | INFO | MONITOR_SLEEP | Sleeping for 20s (base=20s, consecutive_errors=0, monitoring_suspended=False)
2025-11-27 15:29:52 | INFO | MONITOR_SLEEP | Sleeping for 20s (base=20s, consecutive_errors=0, monitoring_suspended=False)
2025-11-27 15:30:12 | INFO | MONITOR | Paper trades checked (next in 60s)
2025-11-27 15:30:12 | INFO | MONITOR_SLEEP | Sleeping for 20s (base=20s, consecutive_errors=0, monitoring_suspended=False)
2025-11-27 15:30:32 | INFO | MONITOR_SLEEP | Sleeping for 20s (base=20s, consecutive_errors=0, monitoring_suspended=False)
2025-11-27 15:30:52 | INFO | MONITOR_SLEEP | Sleeping for 20s (base=20s, consecutive_errors=0, monitoring_suspended=False)
2025-11-27 15:31:12 | INFO | MONITOR | Paper trades checked (next in 60s)
2025-11-27 15:31:12 | INFO | MONITOR_SLEEP | Sleeping for 20s (base=20s, consecutive_errors=0, monitoring_suspended=False)
2025-11-27 15:31:32 | INFO | MONITOR_SLEEP | Sleeping for 20s (base=20s, consecutive_errors=0, monitoring_suspended=False)
2025-11-27 15:31:52 | INFO | MONITOR_SLEEP | Sleeping for 20s (base=20s, consecutive_errors=0, monitoring_suspended=False)
2025-11-27 15:32:12 | INFO | MONITOR | Paper trades checked (next in 60s)
2025-11-27 15:32:12 | INFO | MONITOR_SLEEP | Sleeping for 20s (base=20s, consecutive_errors=0, monitoring_suspended=False)
2025-11-27 15:32:32 | INFO | MONITOR_SLEEP | Sleeping for 20s (base=20s, consecutive_errors=0, monitoring_suspended=False)
2025-11-27 15:32:52 | INFO | MONITOR_SLEEP | Sleeping for 20s (base=20s, consecutive_errors=0, monitoring_suspended=False)
2025-11-27 15:33:12 | INFO | MONITOR | Paper trades checked (next in 60s)
2025-11-27 15:33:12 | INFO | MONITOR_SLEEP | Sleeping for 20s (base=20s, consecutive_errors=0, monitoring_suspended=False)
2025-11-27 15:33:32 | INFO | MONITOR_SLEEP | Sleeping for 20s (base=20s, consecutive_errors=0, monitoring_suspended=False)
2025-11-27 15:33:52 | INFO | MONITOR_SLEEP | Sleeping for 20s (base=20s, consecutive_errors=0, monitoring_suspended=False)
2025-11-27 15:34:12 | INFO | MONITOR | Paper trades checked (next in 60s)
2025-11-27 15:34:12 | INFO | MONITOR_SLEEP | Sleeping for 20s (base=20s, consecutive_errors=0, monitoring_suspended=False)
2025-11-27 15:34:32 | INFO | MONITOR_SLEEP | Sleeping for 20s (base=20s, consecutive_errors=0, monitoring_suspended=False)
2025-11-27 15:34:52 | INFO | MONITOR_SLEEP | Sleeping for 20s (base=20s, consecutive_errors=0, monitoring_suspended=False)
2025-11-27 15:35:12 | INFO | MONITOR | Paper trades checked (next in 60s)
2025-11-27 15:35:12 | INFO | MONITOR_SLEEP | Sleeping for 20s (base=20s, consecutive_errors=0, monitoring_suspended=False)
2025-11-27 15:35:32 | INFO | MONITOR_SLEEP | Sleeping for 20s (base=20s, consecutive_errors=0, monitoring_suspended=False)
2025-11-27 15:35:52 | INFO | MONITOR_SLEEP | Sleeping for 20s (base=20s, consecutive_errors=0, monitoring_suspended=False)
2025-11-27 15:36:12 | INFO | MONITOR | Paper trades checked (next in 60s)
2025-11-27 15:36:12 | INFO | MONITOR_SLEEP | Sleeping for 20s (base=20s, consecutive_errors=0, monitoring_suspended=False)
2025-11-27 15:36:32 | INFO | MONITOR_SLEEP | Sleeping for 20s (base=20s, consecutive_errors=0, monitoring_suspended=False)
2025-11-27 15:36:52 | INFO | MONITOR_SLEEP | Sleeping for 20s (base=20s, consecutive_errors=0, monitoring_suspended=False)
2025-11-27 15:37:12 | INFO | MONITOR | Paper trades checked (next in 60s)
2025-11-27 15:37:12 | INFO | MONITOR_SLEEP | Sleeping for 20s (base=20s, consecutive_errors=0, monitoring_suspended=False)
2025-11-27 15:37:32 | INFO | MONITOR_SLEEP | Sleeping for 20s (base=20s, consecutive_errors=0, monitoring_suspended=False)
2025-11-27 15:37:52 | INFO | MONITOR_SLEEP | Sleeping for 20s (base=20s, consecutive_errors=0, monitoring_suspended=False)
2025-11-27 15:38:12 | INFO | MONITOR | Paper trades checked (next in 60s)
2025-11-27 15:38:12 | INFO | MONITOR_SLEEP | Sleeping for 20s (base=20s, consecutive_errors=0, monitoring_suspended=False)
2025-11-27 15:38:32 | INFO | MONITOR_SLEEP | Sleeping for 20s (base=20s, consecutive_errors=0, monitoring_suspended=False)
2025-11-27 15:38:52 | INFO | MONITOR_SLEEP | Sleeping for 20s (base=20s, consecutive_errors=0, monitoring_suspended=False)
2025-11-27 15:39:12 | INFO | MONITOR | Paper trades checked (next in 60s)
2025-11-27 15:39:12 | INFO | MONITOR_SLEEP | Sleeping for 20s (base=20s, consecutive_errors=0, monitoring_suspended=False)
2025-11-27 15:39:32 | INFO | MONITOR_SLEEP | Sleeping for 20s (base=20s, consecutive_errors=0, monitoring_suspended=False)
2025-11-27 15:39:52 | INFO | MONITOR_SLEEP | Sleeping for 20s (base=20s, consecutive_errors=0, monitoring_suspended=False)
2025-11-27 15:40:12 | INFO | MONITOR | Paper trades checked (next in 60s)
2025-11-27 15:40:12 | INFO | MONITOR_SLEEP | Sleeping for 20s (base=20s, consecutive_errors=0, monitoring_suspended=False)
2025-11-27 15:40:32 | INFO | MONITOR_SLEEP | Sleeping for 20s (base=20s, consecutive_errors=0, monitoring_suspended=False)
2025-11-27 15:40:52 | INFO | MONITOR_SLEEP | Sleeping for 20s (base=20s, consecutive_errors=0, monitoring_suspended=False)
2025-11-27 15:41:12 | INFO | MONITOR | Paper trades checked (next in 60s)
2025-11-27 15:41:12 | INFO | MONITOR_SLEEP | Sleeping for 20s (base=20s, consecutive_errors=0, monitoring_suspended=False)
2025-11-27 15:41:32 | INFO | MONITOR_SLEEP | Sleeping for 20s (base=20s, consecutive_errors=0, monitoring_suspended=False)
2025-11-27 15:41:52 | INFO | MONITOR_SLEEP | Sleeping for 20s (base=20s, consecutive_errors=0, monitoring_suspended=False)
2025-11-27 15:42:12 | INFO | MONITOR | Paper trades checked (next in 60s)
2025-11-27 15:42:12 | INFO | MONITOR_SLEEP | Sleeping for 20s (base=20s, consecutive_errors=0, monitoring_suspended=False)
2025-11-27 15:42:32 | INFO | MONITOR_SLEEP | Sleeping for 20s (base=20s, consecutive_errors=0, monitoring_suspended=False)
2025-11-27 15:42:52 | INFO | MONITOR_SLEEP | Sleeping for 20s (base=20s, consecutive_errors=0, monitoring_suspended=False)
2025-11-27 15:43:12 | INFO | MONITOR | Paper trades checked (next in 60s)
2025-11-27 15:43:12 | INFO | MONITOR_SLEEP | Sleeping for 20s (base=20s, consecutive_errors=0, monitoring_suspended=False)
2025-11-27 15:43:32 | INFO | MONITOR_SLEEP | Sleeping for 20s (base=20s, consecutive_errors=0, monitoring_suspended=False)
2025-11-27 15:43:52 | INFO | MONITOR_SLEEP | Sleeping for 20s (base=20s, consecutive_errors=0, monitoring_suspended=False)
2025-11-27 15:44:12 | INFO | MONITOR | Paper trades checked (next in 60s)
2025-11-27 15:44:12 | INFO | MONITOR_SLEEP | Sleeping for 20s (base=20s, consecutive_errors=0, monitoring_suspended=False)
2025-11-27 15:44:32 | INFO | MONITOR_SLEEP | Sleeping for 20s (base=20s, consecutive_errors=0, monitoring_suspended=False)
2025-11-27 15:44:52 | INFO | MONITOR_SLEEP | Sleeping for 20s (base=20s, consecutive_errors=0, monitoring_suspended=False)
2025-11-27 15:45:12 | INFO | MONITOR | Paper trades checked (next in 60s)
2025-11-27 15:45:12 | INFO | MONITOR_SLEEP | Sleeping for 20s (base=20s, consecutive_errors=0, monitoring_suspended=False)
2025-11-27 15:45:32 | INFO | MONITOR_SLEEP | Sleeping for 20s (base=20s, consecutive_errors=0, monitoring_suspended=False)
2025-11-27 15:45:52 | INFO | MONITOR_SLEEP | Sleeping for 20s (base=20s, consecutive_errors=0, monitoring_suspended=False)
2025-11-27 15:46:12 | INFO | MONITOR | Paper trades checked (next in 60s)
2025-11-27 15:46:12 | INFO | MONITOR_SLEEP | Sleeping for 20s (base=20s, consecutive_errors=0, monitoring_suspended=False)
2025-11-27 15:46:32 | INFO | MONITOR_SLEEP | Sleeping for 20s (base=20s, consecutive_errors=0, monitoring_suspended=False)
2025-11-27 15:46:52 | INFO | MONITOR_SLEEP | Sleeping for 20s (base=20s, consecutive_errors=0, monitoring_suspended=False)
2025-11-27 15:47:12 | INFO | MONITOR | Paper trades checked (next in 60s)
2025-11-27 15:47:12 | INFO | MONITOR_SLEEP | Sleeping for 20s (base=20s, consecutive_errors=0, monitoring_suspended=False)
2025-11-27 15:47:32 | INFO | MONITOR_SLEEP | Sleeping for 20s (base=20s, consecutive_errors=0, monitoring_suspended=False)
2025-11-27 15:47:52 | INFO | MONITOR_SLEEP | Sleeping for 20s (base=20s, consecutive_errors=0, monitoring_suspended=False)
2025-11-27 15:48:12 | INFO | MONITOR | Paper trades checked (next in 60s)
2025-11-27 15:48:12 | INFO | MONITOR_SLEEP | Sleeping for 20s (base=20s, consecutive_errors=0, monitoring_suspended=False)
2025-11-27 15:48:32 | INFO | MONITOR_SLEEP | Sleeping for 20s (base=20s, consecutive_errors=0, monitoring_suspended=False)
2025-11-27 15:48:52 | INFO | MONITOR_SLEEP | Sleeping for 20s (base=20s, consecutive_errors=0, monitoring_suspended=False)
2025-11-27 15:49:12 | INFO | MONITOR | Paper trades checked (next in 60s)
2025-11-27 15:49:12 | INFO | MONITOR_SLEEP | Sleeping for 20s (base=20s, consecutive_errors=0, monitoring_suspended=False)
2025-11-27 15:49:32 | INFO | MONITOR_SLEEP | Sleeping for 20s (base=20s, consecutive_errors=0, monitoring_suspended=False)
2025-11-27 15:49:52 | INFO | MONITOR_SLEEP | Sleeping for 20s (base=20s, consecutive_errors=0, monitoring_suspended=False)
2025-11-27 15:50:12 | INFO | MONITOR | Paper trades checked (next in 60s)
2025-11-27 15:50:12 | INFO | MONITOR_SLEEP | Sleeping for 20s (base=20s, consecutive_errors=0, monitoring_suspended=False)
2025-11-27 15:50:32 | INFO | MONITOR_SLEEP | Sleeping for 20s (base=20s, consecutive_errors=0, monitoring_suspended=False)
2025-11-27 15:50:52 | INFO | MONITOR_SLEEP | Sleeping for 20s (base=20s, consecutive_errors=0, monitoring_suspended=False)
2025-11-27 15:51:12 | INFO | MONITOR | Paper trades checked (next in 60s)
2025-11-27 15:51:12 | INFO | MONITOR_SLEEP | Sleeping for 20s (base=20s, consecutive_errors=0, monitoring_suspended=False)
2025-11-27 15:51:32 | INFO | MONITOR_SLEEP | Sleeping for 20s (base=20s, consecutive_errors=0, monitoring_suspended=False)
2025-11-27 15:51:52 | INFO | MONITOR_SLEEP | Sleeping for 20s (base=20s, consecutive_errors=0, monitoring_suspended=False)
2025-11-27 15:52:12 | INFO | MONITOR | Paper trades checked (next in 60s)
2025-11-27 15:52:12 | INFO | MONITOR_SLEEP | Sleeping for 20s (base=20s, consecutive_errors=0, monitoring_suspended=False)
2025-11-27 15:52:32 | INFO | MONITOR_SLEEP | Sleeping for 20s (base=20s, consecutive_errors=0, monitoring_suspended=False)
2025-11-27 15:52:52 | INFO | MONITOR_SLEEP | Sleeping for 20s (base=20s, consecutive_errors=0, monitoring_suspended=False)
2025-11-27 15:53:12 | INFO | MONITOR | Paper trades checked (next in 60s)
2025-11-27 15:53:12 | INFO | MONITOR_SLEEP | Sleeping for 20s (base=20s, consecutive_errors=0, monitoring_suspended=False)
2025-11-27 15:53:32 | INFO | MONITOR_SLEEP | Sleeping for 20s (base=20s, consecutive_errors=0, monitoring_suspended=False)
2025-11-27 15:53:52 | INFO | MONITOR_SLEEP | Sleeping for 20s (base=20s, consecutive_errors=0, monitoring_suspended=False)
2025-11-27 15:54:12 | INFO | MONITOR | Paper trades checked (next in 60s)
2025-11-27 15:54:12 | INFO | MONITOR_SLEEP | Sleeping for 20s (base=20s, consecutive_errors=0, monitoring_suspended=False)
2025-11-27 15:54:32 | INFO | MONITOR_SLEEP | Sleeping for 20s (base=20s, consecutive_errors=0, monitoring_suspended=False)
2025-11-27 15:54:52 | INFO | MONITOR_SLEEP | Sleeping for 20s (base=20s, consecutive_errors=0, monitoring_suspended=False)
2025-11-27 15:55:12 | INFO | MONITOR | Paper trades checked (next in 60s)
2025-11-27 15:55:12 | INFO | MONITOR_SLEEP | Sleeping for 20s (base=20s, consecutive_errors=0, monitoring_suspended=False)
2025-11-27 15:55:32 | INFO | MONITOR_SLEEP | Sleeping for 20s (base=20s, consecutive_errors=0, monitoring_suspended=False)
2025-11-27 15:55:52 | INFO | MONITOR_SLEEP | Sleeping for 20s (base=20s, consecutive_errors=0, monitoring_suspended=False)
2025-11-27 15:56:12 | INFO | MONITOR | Paper trades checked (next in 60s)
2025-11-27 15:56:12 | INFO | MONITOR_SLEEP | Sleeping for 20s (base=20s, consecutive_errors=0, monitoring_suspended=False)
2025-11-27 15:56:32 | INFO | MONITOR_SLEEP | Sleeping for 20s (base=20s, consecutive_errors=0, monitoring_suspended=False)
2025-11-27 15:56:52 | INFO | MONITOR_SLEEP | Sleeping for 20s (base=20s, consecutive_errors=0, monitoring_suspended=False)
2025-11-27 15:57:12 | INFO | MONITOR | Paper trades checked (next in 60s)
2025-11-27 15:57:12 | INFO | MONITOR_SLEEP | Sleeping for 20s (base=20s, consecutive_errors=0, monitoring_suspended=False)
2025-11-27 15:57:32 | INFO | MONITOR_SLEEP | Sleeping for 20s (base=20s, consecutive_errors=0, monitoring_suspended=False)
2025-11-27 15:57:52 | INFO | MONITOR_SLEEP | Sleeping for 20s (base=20s, consecutive_errors=0, monitoring_suspended=False)
2025-11-27 15:58:12 | INFO | MONITOR | Paper trades checked (next in 60s)
2025-11-27 15:58:12 | INFO | MONITOR_SLEEP | Sleeping for 20s (base=20s, consecutive_errors=0, monitoring_suspended=False)
2025-11-27 15:58:32 | INFO | MONITOR_SLEEP | Sleeping for 20s (base=20s, consecutive_errors=0, monitoring_suspended=False)
2025-11-27 15:58:52 | INFO | MONITOR_SLEEP | Sleeping for 20s (base=20s, consecutive_errors=0, monitoring_suspended=False)
2025-11-27 15:59:12 | INFO | MONITOR | Paper trades checked (next in 60s)
2025-11-27 15:59:12 | INFO | MONITOR_SLEEP | Sleeping for 20s (base=20s, consecutive_errors=0, monitoring_suspended=False)
2025-11-27 15:59:32 | INFO | MONITOR_SLEEP | Sleeping for 20s (base=20s, consecutive_errors=0, monitoring_suspended=False)
2025-11-27 15:59:52 | INFO | MONITOR_SLEEP | Sleeping for 20s (base=20s, consecutive_errors=0, monitoring_suspended=False)
2025-11-27 16:00:12 | INFO | MONITOR | Paper trades checked (next in 60s)
2025-11-27 16:00:12 | INFO | MONITOR_SLEEP | Sleeping for 20s (base=20s, consecutive_errors=0, monitoring_suspended=False)
2025-11-27 16:00:32 | INFO | MONITOR_SLEEP | Sleeping for 20s (base=20s, consecutive_errors=0, monitoring_suspended=False)
2025-11-27 16:00:52 | INFO | MONITOR_SLEEP | Sleeping for 20s (base=20s, consecutive_errors=0, monitoring_suspended=False)
2025-11-27 16:01:12 | INFO | MONITOR | Paper trades checked (next in 60s)
2025-11-27 16:01:12 | INFO | MONITOR_SLEEP | Sleeping for 20s (base=20s, consecutive_errors=0, monitoring_suspended=False)
2025-11-27 16:01:32 | INFO | MONITOR_SLEEP | Sleeping for 20s (base=20s, consecutive_errors=0, monitoring_suspended=False)
2025-11-27 16:01:52 | INFO | MONITOR_SLEEP | Sleeping for 20s (base=20s, consecutive_errors=0, monitoring_suspended=False)
2025-11-27 16:02:12 | INFO | MONITOR | Paper trades checked (next in 60s)
2025-11-27 16:02:12 | INFO | MONITOR_SLEEP | Sleeping for 20s (base=20s, consecutive_errors=0, monitoring_suspended=False)
2025-11-27 16:02:32 | INFO | MONITOR_SLEEP | Sleeping for 20s (base=20s, consecutive_errors=0, monitoring_suspended=False)
2025-11-27 16:02:52 | INFO | MONITOR_SLEEP | Sleeping for 20s (base=20s, consecutive_errors=0, monitoring_suspended=False)
2025-11-27 16:03:12 | INFO | MONITOR | Paper trades checked (next in 60s)
2025-11-27 16:03:12 | INFO | MONITOR_SLEEP | Sleeping for 20s (base=20s, consecutive_errors=0, monitoring_suspended=False)
2025-11-27 16:03:32 | INFO | MONITOR_SLEEP | Sleeping for 20s (base=20s, consecutive_errors=0, monitoring_suspended=False)
2025-11-27 16:03:52 | INFO | MONITOR_SLEEP | Sleeping for 20s (base=20s, consecutive_errors=0, monitoring_suspended=False)
2025-11-27 16:04:12 | INFO | MONITOR | Paper trades checked (next in 60s)
2025-11-27 16:04:12 | INFO | MONITOR_SLEEP | Sleeping for 20s (base=20s, consecutive_errors=0, monitoring_suspended=False)
2025-11-27 16:04:32 | INFO | MONITOR_SLEEP | Sleeping for 20s (base=20s, consecutive_errors=0, monitoring_suspended=False)
2025-11-27 16:04:52 | INFO | MONITOR_SLEEP | Sleeping for 20s (base=20s, consecutive_errors=0, monitoring_suspended=False)
2025-11-27 16:05:12 | INFO | MONITOR | Paper trades checked (next in 60s)
2025-11-27 16:05:12 | INFO | MONITOR_SLEEP | Sleeping for 20s (base=20s, consecutive_errors=0, monitoring_suspended=False)
2025-11-27 16:05:32 | INFO | MONITOR_SLEEP | Sleeping for 20s (base=20s, consecutive_errors=0, monitoring_suspended=False)
2025-11-27 16:05:52 | INFO | MONITOR_SLEEP | Sleeping for 20s (base=20s, consecutive_errors=0, monitoring_suspended=False)
2025-11-27 16:06:12 | INFO | MONITOR | Paper trades checked (next in 60s)
2025-11-27 16:06:12 | INFO | MONITOR_SLEEP | Sleeping for 20s (base=20s, consecutive_errors=0, monitoring_suspended=False)
2025-11-27 16:06:32 | INFO | MONITOR_SLEEP | Sleeping for 20s (base=20s, consecutive_errors=0, monitoring_suspended=False)
2025-11-27 16:06:52 | INFO | MONITOR_SLEEP | Sleeping for 20s (base=20s, consecutive_errors=0, monitoring_suspended=False)
2025-11-27 16:07:12 | INFO | MONITOR | Paper trades checked (next in 60s)
2025-11-27 16:07:12 | INFO | MONITOR_SLEEP | Sleeping for 20s (base=20s, consecutive_errors=0, monitoring_suspended=False)
2025-11-27 16:07:32 | INFO | MONITOR_SLEEP | Sleeping for 20s (base=20s, consecutive_errors=0, monitoring_suspended=False)
2025-11-27 16:07:52 | INFO | MONITOR_SLEEP | Sleeping for 20s (base=20s, consecutive_errors=0, monitoring_suspended=False)
2025-11-27 16:08:12 | INFO | MONITOR | Paper trades checked (next in 60s)
2025-11-27 16:08:12 | INFO | MONITOR_SLEEP | Sleeping for 20s (base=20s, consecutive_errors=0, monitoring_suspended=False)
2025-11-27 16:08:32 | INFO | MONITOR_SLEEP | Sleeping for 20s (base=20s, consecutive_errors=0, monitoring_suspended=False)
2025-11-27 16:08:52 | INFO | MONITOR_SLEEP | Sleeping for 20s (base=20s, consecutive_errors=0, monitoring_suspended=False)
2025-11-27 16:09:12 | INFO | MONITOR | Paper trades checked (next in 60s)
2025-11-27 16:09:12 | INFO | MONITOR_SLEEP | Sleeping for 20s (base=20s, consecutive_errors=0, monitoring_suspended=False)
2025-11-27 16:09:32 | INFO | MONITOR_SLEEP | Sleeping for 20s (base=20s, consecutive_errors=0, monitoring_suspended=False)
2025-11-27 16:09:52 | INFO | MONITOR_SLEEP | Sleeping for 20s (base=20s, consecutive_errors=0, monitoring_suspended=False)
2025-11-27 16:10:12 | INFO | MONITOR | Paper trades checked (next in 60s)
2025-11-27 16:10:12 | INFO | MONITOR_SLEEP | Sleeping for 20s (base=20s, consecutive_errors=0, monitoring_suspended=False)
2025-11-27 16:10:32 | INFO | MONITOR_SLEEP | Sleeping for 20s (base=20s, consecutive_errors=0, monitoring_suspended=False)
2025-11-27 16:10:52 | INFO | MONITOR_SLEEP | Sleeping for 20s (base=20s, consecutive_errors=0, monitoring_suspended=False)
2025-11-27 16:11:12 | INFO | MONITOR | Paper trades checked (next in 60s)
2025-11-27 16:11:12 | INFO | MONITOR_SLEEP | Sleeping for 20s (base=20s, consecutive_errors=0, monitoring_suspended=False)
2025-11-27 16:11:32 | INFO | MONITOR_SLEEP | Sleeping for 20s (base=20s, consecutive_errors=0, monitoring_suspended=False)
2025-11-27 16:11:52 | INFO | MONITOR_SLEEP | Sleeping for 20s (base=20s, consecutive_errors=0, monitoring_suspended=False)
2025-11-27 16:12:12 | INFO | MONITOR | Paper trades checked (next in 60s)
2025-11-27 16:12:12 | INFO | MONITOR_SLEEP | Sleeping for 20s (base=20s, consecutive_errors=0, monitoring_suspended=False)
2025-11-27 16:12:32 | INFO | MONITOR_SLEEP | Sleeping for 20s (base=20s, consecutive_errors=0, monitoring_suspended=False)
2025-11-27 16:12:52 | INFO | MONITOR_SLEEP | Sleeping for 20s (base=20s, consecutive_errors=0, monitoring_suspended=False)
2025-11-27 16:13:12 | INFO | MONITOR | Paper trades checked (next in 60s)
2025-11-27 16:13:12 | INFO | MONITOR_SLEEP | Sleeping for 20s (base=20s, consecutive_errors=0, monitoring_suspended=False)
2025-11-27 16:13:32 | INFO | MONITOR_SLEEP | Sleeping for 20s (base=20s, consecutive_errors=0, monitoring_suspended=False)
2025-11-27 16:13:52 | INFO | MONITOR_SLEEP | Sleeping for 20s (base=20s, consecutive_errors=0, monitoring_suspended=False)
2025-11-27 16:14:12 | INFO | MONITOR | Paper trades checked (next in 60s)
2025-11-27 16:14:12 | INFO | MONITOR_SLEEP | Sleeping for 20s (base=20s, consecutive_errors=0, monitoring_suspended=False)
2025-11-27 16:14:32 | INFO | MONITOR_SLEEP | Sleeping for 20s (base=20s, consecutive_errors=0, monitoring_suspended=False)
2025-11-27 16:14:52 | INFO | MONITOR_SLEEP | Sleeping for 20s (base=20s, consecutive_errors=0, monitoring_suspended=False)
2025-11-27 16:15:12 | INFO | MONITOR | Paper trades checked (next in 60s)
2025-11-27 16:15:12 | INFO | MONITOR_SLEEP | Sleeping for 20s (base=20s, consecutive_errors=0, monitoring_suspended=False)
2025-11-27 16:15:32 | INFO | MONITOR_SLEEP | Sleeping for 20s (base=20s, consecutive_errors=0, monitoring_suspended=False)
2025-11-27 16:15:52 | INFO | MONITOR_SLEEP | Sleeping for 20s (base=20s, consecutive_errors=0, monitoring_suspended=False)
2025-11-27 16:16:12 | INFO | MONITOR | Paper trades checked (next in 60s)
2025-11-27 16:16:12 | INFO | MONITOR_SLEEP | Sleeping for 20s (base=20s, consecutive_errors=0, monitoring_suspended=False)
2025-11-27 16:16:32 | INFO | MONITOR_SLEEP | Sleeping for 20s (base=20s, consecutive_errors=0, monitoring_suspended=False)
2025-11-27 16:16:52 | INFO | MONITOR_SLEEP | Sleeping for 20s (base=20s, consecutive_errors=0, monitoring_suspended=False)
2025-11-27 16:17:12 | INFO | MONITOR | Paper trades checked (next in 60s)
2025-11-27 16:17:12 | INFO | MONITOR_SLEEP | Sleeping for 20s (base=20s, consecutive_errors=0, monitoring_suspended=False)
2025-11-27 16:17:32 | INFO | MONITOR_SLEEP | Sleeping for 20s (base=20s, consecutive_errors=0, monitoring_suspended=False)
2025-11-27 16:17:52 | INFO | MONITOR_SLEEP | Sleeping for 20s (base=20s, consecutive_errors=0, monitoring_suspended=False)
2025-11-27 16:18:12 | INFO | MONITOR | Paper trades checked (next in 60s)
2025-11-27 16:18:12 | INFO | MONITOR_SLEEP | Sleeping for 20s (base=20s, consecutive_errors=0, monitoring_suspended=False)
2025-11-27 16:18:32 | INFO | MONITOR_SLEEP | Sleeping for 20s (base=20s, consecutive_errors=0, monitoring_suspended=False)
2025-11-27 16:18:52 | INFO | MONITOR_SLEEP | Sleeping for 20s (base=20s, consecutive_errors=0, monitoring_suspended=False)
2025-11-27 16:19:12 | INFO | MONITOR | Paper trades checked (next in 60s)
2025-11-27 16:19:12 | INFO | MONITOR_SLEEP | Sleeping for 20s (base=20s, consecutive_errors=0, monitoring_suspended=False)
2025-11-27 16:19:32 | INFO | MONITOR_SLEEP | Sleeping for 20s (base=20s, consecutive_errors=0, monitoring_suspended=False)
2025-11-27 16:19:52 | INFO | MONITOR_SLEEP | Sleeping for 20s (base=20s, consecutive_errors=0, monitoring_suspended=False)
2025-11-27 16:20:12 | INFO | MONITOR | Paper trades checked (next in 60s)
2025-11-27 16:20:12 | INFO | MONITOR_SLEEP | Sleeping for 20s (base=20s, consecutive_errors=0, monitoring_suspended=False)
2025-11-27 16:20:32 | INFO | MONITOR_SLEEP | Sleeping for 20s (base=20s, consecutive_errors=0, monitoring_suspended=False)
2025-11-27 16:20:52 | INFO | MONITOR_SLEEP | Sleeping for 20s (base=20s, consecutive_errors=0, monitoring_suspended=False)
2025-11-27 16:21:12 | INFO | MONITOR | Paper trades checked (next in 60s)
2025-11-27 16:21:12 | INFO | MONITOR_SLEEP | Sleeping for 20s (base=20s, consecutive_errors=0, monitoring_suspended=False)
2025-11-27 16:21:32 | INFO | MONITOR_SLEEP | Sleeping for 20s (base=20s, consecutive_errors=0, monitoring_suspended=False)
2025-11-27 16:21:52 | INFO | MONITOR_SLEEP | Sleeping for 20s (base=20s, consecutive_errors=0, monitoring_suspended=False)
2025-11-27 16:22:12 | INFO | MONITOR | Paper trades checked (next in 60s)
2025-11-27 16:22:12 | INFO | MONITOR_SLEEP | Sleeping for 20s (base=20s, consecutive_errors=0, monitoring_suspended=False)
2025-11-27 16:22:32 | INFO | MONITOR_SLEEP | Sleeping for 20s (base=20s, consecutive_errors=0, monitoring_suspended=False)
2025-11-27 16:22:52 | INFO | MONITOR_SLEEP | Sleeping for 20s (base=20s, consecutive_errors=0, monitoring_suspended=False)
2025-11-27 16:23:12 | INFO | MONITOR | Paper trades checked (next in 60s)
2025-11-27 16:23:12 | INFO | MONITOR_SLEEP | Sleeping for 20s (base=20s, consecutive_errors=0, monitoring_suspended=False)
2025-11-27 16:23:32 | INFO | MONITOR_SLEEP | Sleeping for 20s (base=20s, consecutive_errors=0, monitoring_suspended=False)
2025-11-27 16:23:52 | INFO | MONITOR_SLEEP | Sleeping for 20s (base=20s, consecutive_errors=0, monitoring_suspended=False)
2025-11-27 16:24:12 | INFO | MONITOR | Paper trades checked (next in 60s)
2025-11-27 16:24:12 | INFO | MONITOR_SLEEP | Sleeping for 20s (base=20s, consecutive_errors=0, monitoring_suspended=False)
2025-11-27 16:24:32 | INFO | MONITOR_SLEEP | Sleeping for 20s (base=20s, consecutive_errors=0, monitoring_suspended=False)
2025-11-27 16:24:52 | INFO | MONITOR_SLEEP | Sleeping for 20s (base=20s, consecutive_errors=0, monitoring_suspended=False)
2025-11-27 16:25:12 | INFO | MONITOR | Paper trades checked (next in 60s)
2025-11-27 16:25:12 | INFO | MONITOR_SLEEP | Sleeping for 20s (base=20s, consecutive_errors=0, monitoring_suspended=False)
2025-11-27 16:25:32 | INFO | MONITOR_SLEEP | Sleeping for 20s (base=20s, consecutive_errors=0, monitoring_suspended=False)
2025-11-27 16:25:52 | INFO | MONITOR_SLEEP | Sleeping for 20s (base=20s, consecutive_errors=0, monitoring_suspended=False)
2025-11-27 16:26:12 | INFO | MONITOR | Paper trades checked (next in 60s)
2025-11-27 16:26:12 | INFO | MONITOR_SLEEP | Sleeping for 20s (base=20s, consecutive_errors=0, monitoring_suspended=False)
2025-11-27 16:26:32 | INFO | MONITOR_SLEEP | Sleeping for 20s (base=20s, consecutive_errors=0, monitoring_suspended=False)
2025-11-27 16:26:52 | INFO | MONITOR_SLEEP | Sleeping for 20s (base=20s, consecutive_errors=0, monitoring_suspended=False)
2025-11-27 16:27:12 | INFO | MONITOR | Paper trades checked (next in 60s)
2025-11-27 16:27:12 | INFO | MONITOR_SLEEP | Sleeping for 20s (base=20s, consecutive_errors=0, monitoring_suspended=False)
2025-11-27 16:27:32 | INFO | MONITOR_SLEEP | Sleeping for 20s (base=20s, consecutive_errors=0, monitoring_suspended=False)
2025-11-27 16:27:52 | INFO | MONITOR_SLEEP | Sleeping for 20s (base=20s, consecutive_errors=0, monitoring_suspended=False)
2025-11-27 16:28:12 | INFO | MONITOR | Paper trades checked (next in 60s)
2025-11-27 16:28:12 | INFO | MONITOR_SLEEP | Sleeping for 20s (base=20s, consecutive_errors=0, monitoring_suspended=False)
2025-11-27 16:28:32 | INFO | MONITOR_SLEEP | Sleeping for 20s (base=20s, consecutive_errors=0, monitoring_suspended=False)
2025-11-27 16:28:52 | INFO | MONITOR_SLEEP | Sleeping for 20s (base=20s, consecutive_errors=0, monitoring_suspended=False)
2025-11-27 16:29:12 | INFO | MONITOR | Paper trades checked (next in 60s)
2025-11-27 16:29:12 | INFO | MONITOR_SLEEP | Sleeping for 20s (base=20s, consecutive_errors=0, monitoring_suspended=False)
2025-11-27 16:29:32 | INFO | MONITOR_SLEEP | Sleeping for 20s (base=20s, consecutive_errors=0, monitoring_suspended=False)
2025-11-27 16:29:52 | INFO | MONITOR_SLEEP | Sleeping for 20s (base=20s, consecutive_errors=0, monitoring_suspended=False)
2025-11-27 16:30:10 | INFO | STARTUP | Logging initialized | log_dir=/root/santhosh/trading/equity/logs/2025-11-27
2025-11-27 16:30:11 | INFO | FEEDBACK_INIT | PerformanceFeedback initialized for adaptive trading
2025-11-27 16:30:11 | INFO | MONITOR | Backed up stale positions.json to positions.json.startup_1764241211
2025-11-27 16:30:11 | INFO | MONITOR | ✓ Cleared stale positions.json - will rebuild from broker holdings
2025-11-27 16:30:11 | INFO | MONITOR | Skipping file load - broker will be source of truth
2025-11-27 16:30:11 | INFO | HOLDINGS_SYNC | Fetching positions and holdings from broker...
2025-11-27 16:30:11 | INFO | HOLDINGS_SYNC | No positions or holdings found at broker
2025-11-27 16:30:11 | INFO | MONITOR | Position monitoring started with bucketed LTP checking
2025-11-27 16:30:11 | INFO | MONITOR | Event loop thread started
2025-11-27 16:30:11 | INFO | MONITOR | Event loop started successfully for priority queue
2025-11-27 16:30:12 | INFO | MONITOR | Priority API queue enabled and started
2025-11-27 16:30:12 | INFO | SL_RETRY | SL retry thread started - waiting 30s before initial placement (conserve startup API quota)
2025-11-27 16:30:12 | INFO | SL_RETRY | SL retry thread started successfully
2025-11-27 16:30:12 | INFO | MONITOR_SLEEP | Sleeping for 20s (base=20s, consecutive_errors=0, monitoring_suspended=False)
2025-11-27 16:30:32 | INFO | MONITOR_SLEEP | Sleeping for 20s (base=20s, consecutive_errors=0, monitoring_suspended=False)
2025-11-27 16:30:42 | INFO | SL_RETRY | SL retry thread active - conservative mode (1 SL per 20s, max 10 retries)
2025-11-27 16:30:52 | INFO | MONITOR_SLEEP | Sleeping for 20s (base=20s, consecutive_errors=0, monitoring_suspended=False)
2025-11-27 16:31:12 | INFO | MONITOR | Paper trades checked (next in 60s)
2025-11-27 16:31:12 | INFO | MONITOR_SLEEP | Sleeping for 20s (base=20s, consecutive_errors=0, monitoring_suspended=False)
2025-11-27 16:31:32 | INFO | MONITOR_SLEEP | Sleeping for 20s (base=20s, consecutive_errors=0, monitoring_suspended=False)
2025-11-27 16:31:52 | INFO | MONITOR_SLEEP | Sleeping for 20s (base=20s, consecutive_errors=0, monitoring_suspended=False)
2025-11-27 16:32:12 | INFO | MONITOR | Paper trades checked (next in 60s)
2025-11-27 16:32:12 | INFO | MONITOR_SLEEP | Sleeping for 20s (base=20s, consecutive_errors=0, monitoring_suspended=False)
2025-11-27 16:32:32 | INFO | MONITOR_SLEEP | Sleeping for 20s (base=20s, consecutive_errors=0, monitoring_suspended=False)
2025-11-27 16:32:52 | INFO | MONITOR_SLEEP | Sleeping for 20s (base=20s, consecutive_errors=0, monitoring_suspended=False)
2025-11-27 16:33:12 | INFO | MONITOR | Paper trades checked (next in 60s)
2025-11-27 16:33:12 | INFO | MONITOR_SLEEP | Sleeping for 20s (base=20s, consecutive_errors=0, monitoring_suspended=False)
2025-11-27 16:33:32 | INFO | MONITOR_SLEEP | Sleeping for 20s (base=20s, consecutive_errors=0, monitoring_suspended=False)
2025-11-27 16:33:52 | INFO | MONITOR_SLEEP | Sleeping for 20s (base=20s, consecutive_errors=0, monitoring_suspended=False)
2025-11-27 16:34:12 | INFO | MONITOR | Paper trades checked (next in 60s)
2025-11-27 16:34:12 | INFO | MONITOR_SLEEP | Sleeping for 20s (base=20s, consecutive_errors=0, monitoring_suspended=False)
2025-11-27 16:34:32 | INFO | MONITOR_SLEEP | Sleeping for 20s (base=20s, consecutive_errors=0, monitoring_suspended=False)
2025-11-27 16:34:52 | INFO | MONITOR_SLEEP | Sleeping for 20s (base=20s, consecutive_errors=0, monitoring_suspended=False)
2025-11-27 16:35:12 | INFO | MONITOR | Paper trades checked (next in 60s)
2025-11-27 16:35:12 | INFO | MONITOR_SLEEP | Sleeping for 20s (base=20s, consecutive_errors=0, monitoring_suspended=False)
2025-11-27 16:35:32 | INFO | MONITOR_SLEEP | Sleeping for 20s (base=20s, consecutive_errors=0, monitoring_suspended=False)
2025-11-27 16:35:52 | INFO | MONITOR_SLEEP | Sleeping for 20s (base=20s, consecutive_errors=0, monitoring_suspended=False)
2025-11-27 16:36:12 | INFO | MONITOR | Paper trades checked (next in 60s)
2025-11-27 16:36:12 | INFO | MONITOR_SLEEP | Sleeping for 20s (base=20s, consecutive_errors=0, monitoring_suspended=False)
2025-11-27 16:36:32 | INFO | MONITOR_SLEEP | Sleeping for 20s (base=20s, consecutive_errors=0, monitoring_suspended=False)
2025-11-27 16:36:52 | INFO | MONITOR_SLEEP | Sleeping for 20s (base=20s, consecutive_errors=0, monitoring_suspended=False)
2025-11-27 16:37:12 | INFO | MONITOR | Paper trades checked (next in 60s)
2025-11-27 16:37:12 | INFO | MONITOR_SLEEP | Sleeping for 20s (base=20s, consecutive_errors=0, monitoring_suspended=False)
2025-11-27 16:37:32 | INFO | MONITOR_SLEEP | Sleeping for 20s (base=20s, consecutive_errors=0, monitoring_suspended=False)
2025-11-27 16:37:52 | INFO | MONITOR_SLEEP | Sleeping for 20s (base=20s, consecutive_errors=0, monitoring_suspended=False)
2025-11-27 16:38:12 | INFO | MONITOR | Paper trades checked (next in 60s)
2025-11-27 16:38:12 | INFO | MONITOR_SLEEP | Sleeping for 20s (base=20s, consecutive_errors=0, monitoring_suspended=False)
2025-11-27 16:38:32 | INFO | MONITOR_SLEEP | Sleeping for 20s (base=20s, consecutive_errors=0, monitoring_suspended=False)
2025-11-27 16:38:52 | INFO | MONITOR_SLEEP | Sleeping for 20s (base=20s, consecutive_errors=0, monitoring_suspended=False)
2025-11-27 16:39:12 | INFO | MONITOR | Paper trades checked (next in 60s)
2025-11-27 16:39:12 | INFO | MONITOR_SLEEP | Sleeping for 20s (base=20s, consecutive_errors=0, monitoring_suspended=False)
2025-11-27 16:39:32 | INFO | MONITOR_SLEEP | Sleeping for 20s (base=20s, consecutive_errors=0, monitoring_suspended=False)
2025-11-27 16:39:52 | INFO | MONITOR_SLEEP | Sleeping for 20s (base=20s, consecutive_errors=0, monitoring_suspended=False)
2025-11-27 16:40:12 | INFO | MONITOR | Paper trades checked (next in 60s)
2025-11-27 16:40:12 | INFO | MONITOR_SLEEP | Sleeping for 20s (base=20s, consecutive_errors=0, monitoring_suspended=False)
2025-11-27 16:40:32 | INFO | MONITOR_SLEEP | Sleeping for 20s (base=20s, consecutive_errors=0, monitoring_suspended=False)
2025-11-27 16:40:52 | INFO | MONITOR_SLEEP | Sleeping for 20s (base=20s, consecutive_errors=0, monitoring_suspended=False)
2025-11-27 16:41:12 | INFO | MONITOR | Paper trades checked (next in 60s)
2025-11-27 16:41:12 | INFO | MONITOR_SLEEP | Sleeping for 20s (base=20s, consecutive_errors=0, monitoring_suspended=False)
2025-11-27 16:41:32 | INFO | MONITOR_SLEEP | Sleeping for 20s (base=20s, consecutive_errors=0, monitoring_suspended=False)
2025-11-27 16:41:52 | INFO | MONITOR_SLEEP | Sleeping for 20s (base=20s, consecutive_errors=0, monitoring_suspended=False)
2025-11-27 16:42:12 | INFO | MONITOR | Paper trades checked (next in 60s)
2025-11-27 16:42:12 | INFO | MONITOR_SLEEP | Sleeping for 20s (base=20s, consecutive_errors=0, monitoring_suspended=False)
2025-11-27 16:42:32 | INFO | MONITOR_SLEEP | Sleeping for 20s (base=20s, consecutive_errors=0, monitoring_suspended=False)
2025-11-27 16:42:52 | INFO | MONITOR_SLEEP | Sleeping for 20s (base=20s, consecutive_errors=0, monitoring_suspended=False)
2025-11-27 16:43:12 | INFO | MONITOR | Paper trades checked (next in 60s)
2025-11-27 16:43:12 | INFO | MONITOR_SLEEP | Sleeping for 20s (base=20s, consecutive_errors=0, monitoring_suspended=False)
2025-11-27 16:43:32 | INFO | MONITOR_SLEEP | Sleeping for 20s (base=20s, consecutive_errors=0, monitoring_suspended=False)
2025-11-27 16:43:52 | INFO | MONITOR_SLEEP | Sleeping for 20s (base=20s, consecutive_errors=0, monitoring_suspended=False)
2025-11-27 16:44:12 | INFO | MONITOR | Paper trades checked (next in 60s)
2025-11-27 16:44:12 | INFO | MONITOR_SLEEP | Sleeping for 20s (base=20s, consecutive_errors=0, monitoring_suspended=False)
2025-11-27 16:44:32 | INFO | MONITOR_SLEEP | Sleeping for 20s (base=20s, consecutive_errors=0, monitoring_suspended=False)
2025-11-27 16:44:52 | INFO | MONITOR_SLEEP | Sleeping for 20s (base=20s, consecutive_errors=0, monitoring_suspended=False)
2025-11-27 16:45:12 | INFO | MONITOR | Paper trades checked (next in 60s)
2025-11-27 16:45:12 | INFO | MONITOR_SLEEP | Sleeping for 20s (base=20s, consecutive_errors=0, monitoring_suspended=False)
2025-11-27 16:45:32 | INFO | MONITOR_SLEEP | Sleeping for 20s (base=20s, consecutive_errors=0, monitoring_suspended=False)
2025-11-27 16:45:52 | INFO | MONITOR_SLEEP | Sleeping for 20s (base=20s, consecutive_errors=0, monitoring_suspended=False)
2025-11-27 16:46:12 | INFO | MONITOR | Paper trades checked (next in 60s)
2025-11-27 16:46:12 | INFO | MONITOR_SLEEP | Sleeping for 20s (base=20s, consecutive_errors=0, monitoring_suspended=False)
2025-11-27 16:46:32 | INFO | MONITOR_SLEEP | Sleeping for 20s (base=20s, consecutive_errors=0, monitoring_suspended=False)
2025-11-27 16:46:52 | INFO | MONITOR_SLEEP | Sleeping for 20s (base=20s, consecutive_errors=0, monitoring_suspended=False)
2025-11-27 16:47:12 | INFO | MONITOR | Paper trades checked (next in 60s)
2025-11-27 16:47:12 | INFO | MONITOR_SLEEP | Sleeping for 20s (base=20s, consecutive_errors=0, monitoring_suspended=False)
2025-11-27 16:47:32 | INFO | MONITOR_SLEEP | Sleeping for 20s (base=20s, consecutive_errors=0, monitoring_suspended=False)
2025-11-27 16:47:52 | INFO | MONITOR_SLEEP | Sleeping for 20s (base=20s, consecutive_errors=0, monitoring_suspended=False)
2025-11-27 16:48:12 | INFO | MONITOR | Paper trades checked (next in 60s)
2025-11-27 16:48:12 | INFO | MONITOR_SLEEP | Sleeping for 20s (base=20s, consecutive_errors=0, monitoring_suspended=False)
2025-11-27 16:48:32 | INFO | MONITOR_SLEEP | Sleeping for 20s (base=20s, consecutive_errors=0, monitoring_suspended=False)
2025-11-27 16:48:52 | INFO | MONITOR_SLEEP | Sleeping for 20s (base=20s, consecutive_errors=0, monitoring_suspended=False)
2025-11-27 16:49:12 | INFO | MONITOR | Paper trades checked (next in 60s)
2025-11-27 16:49:12 | INFO | MONITOR_SLEEP | Sleeping for 20s (base=20s, consecutive_errors=0, monitoring_suspended=False)
2025-11-27 16:49:32 | INFO | MONITOR_SLEEP | Sleeping for 20s (base=20s, consecutive_errors=0, monitoring_suspended=False)
2025-11-27 16:49:52 | INFO | MONITOR_SLEEP | Sleeping for 20s (base=20s, consecutive_errors=0, monitoring_suspended=False)
2025-11-27 16:50:12 | INFO | MONITOR | Paper trades checked (next in 60s)
2025-11-27 16:50:12 | INFO | MONITOR_SLEEP | Sleeping for 20s (base=20s, consecutive_errors=0, monitoring_suspended=False)
2025-11-27 16:50:32 | INFO | MONITOR_SLEEP | Sleeping for 20s (base=20s, consecutive_errors=0, monitoring_suspended=False)
2025-11-27 16:50:52 | INFO | MONITOR_SLEEP | Sleeping for 20s (base=20s, consecutive_errors=0, monitoring_suspended=False)
2025-11-27 16:51:12 | INFO | MONITOR | Paper trades checked (next in 60s)
2025-11-27 16:51:12 | INFO | MONITOR_SLEEP | Sleeping for 20s (base=20s, consecutive_errors=0, monitoring_suspended=False)
2025-11-27 16:51:32 | INFO | MONITOR_SLEEP | Sleeping for 20s (base=20s, consecutive_errors=0, monitoring_suspended=False)
2025-11-27 16:51:52 | INFO | MONITOR_SLEEP | Sleeping for 20s (base=20s, consecutive_errors=0, monitoring_suspended=False)
2025-11-27 16:52:12 | INFO | MONITOR | Paper trades checked (next in 60s)
2025-11-27 16:52:12 | INFO | MONITOR_SLEEP | Sleeping for 20s (base=20s, consecutive_errors=0, monitoring_suspended=False)
2025-11-27 16:52:32 | INFO | MONITOR_SLEEP | Sleeping for 20s (base=20s, consecutive_errors=0, monitoring_suspended=False)
2025-11-27 16:52:52 | INFO | MONITOR_SLEEP | Sleeping for 20s (base=20s, consecutive_errors=0, monitoring_suspended=False)
2025-11-27 16:53:12 | INFO | MONITOR | Paper trades checked (next in 60s)
2025-11-27 16:53:12 | INFO | MONITOR_SLEEP | Sleeping for 20s (base=20s, consecutive_errors=0, monitoring_suspended=False)
2025-11-27 16:53:32 | INFO | MONITOR_SLEEP | Sleeping for 20s (base=20s, consecutive_errors=0, monitoring_suspended=False)
2025-11-27 16:53:52 | INFO | MONITOR_SLEEP | Sleeping for 20s (base=20s, consecutive_errors=0, monitoring_suspended=False)
2025-11-27 16:54:12 | INFO | MONITOR | Paper trades checked (next in 60s)
2025-11-27 16:54:12 | INFO | MONITOR_SLEEP | Sleeping for 20s (base=20s, consecutive_errors=0, monitoring_suspended=False)
2025-11-27 16:54:32 | INFO | MONITOR_SLEEP | Sleeping for 20s (base=20s, consecutive_errors=0, monitoring_suspended=False)
2025-11-27 16:54:52 | INFO | MONITOR_SLEEP | Sleeping for 20s (base=20s, consecutive_errors=0, monitoring_suspended=False)
2025-11-27 16:55:12 | INFO | MONITOR | Paper trades checked (next in 60s)
2025-11-27 16:55:12 | INFO | MONITOR_SLEEP | Sleeping for 20s (base=20s, consecutive_errors=0, monitoring_suspended=False)
2025-11-27 16:55:32 | INFO | MONITOR_SLEEP | Sleeping for 20s (base=20s, consecutive_errors=0, monitoring_suspended=False)
2025-11-27 16:55:52 | INFO | MONITOR_SLEEP | Sleeping for 20s (base=20s, consecutive_errors=0, monitoring_suspended=False)
2025-11-27 16:56:12 | INFO | MONITOR | Paper trades checked (next in 60s)
2025-11-27 16:56:12 | INFO | MONITOR_SLEEP | Sleeping for 20s (base=20s, consecutive_errors=0, monitoring_suspended=False)
2025-11-27 16:56:32 | INFO | MONITOR_SLEEP | Sleeping for 20s (base=20s, consecutive_errors=0, monitoring_suspended=False)
2025-11-27 16:56:52 | INFO | MONITOR_SLEEP | Sleeping for 20s (base=20s, consecutive_errors=0, monitoring_suspended=False)
2025-11-27 16:57:12 | INFO | MONITOR | Paper trades checked (next in 60s)
2025-11-27 16:57:12 | INFO | MONITOR_SLEEP | Sleeping for 20s (base=20s, consecutive_errors=0, monitoring_suspended=False)
2025-11-27 16:57:32 | INFO | MONITOR_SLEEP | Sleeping for 20s (base=20s, consecutive_errors=0, monitoring_suspended=False)
2025-11-27 16:57:52 | INFO | MONITOR_SLEEP | Sleeping for 20s (base=20s, consecutive_errors=0, monitoring_suspended=False)
2025-11-27 16:58:12 | INFO | MONITOR | Paper trades checked (next in 60s)
2025-11-27 16:58:12 | INFO | MONITOR_SLEEP | Sleeping for 20s (base=20s, consecutive_errors=0, monitoring_suspended=False)
2025-11-27 16:58:32 | INFO | MONITOR_SLEEP | Sleeping for 20s (base=20s, consecutive_errors=0, monitoring_suspended=False)
2025-11-27 16:58:52 | INFO | MONITOR_SLEEP | Sleeping for 20s (base=20s, consecutive_errors=0, monitoring_suspended=False)
2025-11-27 16:59:12 | INFO | MONITOR | Paper trades checked (next in 60s)
2025-11-27 16:59:12 | INFO | MONITOR_SLEEP | Sleeping for 20s (base=20s, consecutive_errors=0, monitoring_suspended=False)
2025-11-27 16:59:32 | INFO | MONITOR_SLEEP | Sleeping for 20s (base=20s, consecutive_errors=0, monitoring_suspended=False)
2025-11-27 16:59:52 | INFO | MONITOR_SLEEP | Sleeping for 20s (base=20s, consecutive_errors=0, monitoring_suspended=False)
2025-11-27 17:00:12 | INFO | MONITOR | Paper trades checked (next in 60s)
2025-11-27 17:00:12 | INFO | MONITOR_SLEEP | Sleeping for 20s (base=20s, consecutive_errors=0, monitoring_suspended=False)
2025-11-27 17:00:32 | INFO | MONITOR_SLEEP | Sleeping for 20s (base=20s, consecutive_errors=0, monitoring_suspended=False)
2025-11-27 17:00:52 | INFO | MONITOR_SLEEP | Sleeping for 20s (base=20s, consecutive_errors=0, monitoring_suspended=False)
2025-11-27 17:01:12 | INFO | MONITOR | Paper trades checked (next in 60s)
2025-11-27 17:01:12 | INFO | MONITOR_SLEEP | Sleeping for 20s (base=20s, consecutive_errors=0, monitoring_suspended=False)
2025-11-27 17:01:32 | INFO | MONITOR_SLEEP | Sleeping for 20s (base=20s, consecutive_errors=0, monitoring_suspended=False)
2025-11-27 17:01:52 | INFO | MONITOR_SLEEP | Sleeping for 20s (base=20s, consecutive_errors=0, monitoring_suspended=False)
2025-11-27 17:02:12 | INFO | MONITOR | Paper trades checked (next in 60s)
2025-11-27 17:02:12 | INFO | MONITOR_SLEEP | Sleeping for 20s (base=20s, consecutive_errors=0, monitoring_suspended=False)
2025-11-27 17:02:32 | INFO | MONITOR_SLEEP | Sleeping for 20s (base=20s, consecutive_errors=0, monitoring_suspended=False)
2025-11-27 17:02:52 | INFO | MONITOR_SLEEP | Sleeping for 20s (base=20s, consecutive_errors=0, monitoring_suspended=False)
2025-11-27 17:03:12 | INFO | MONITOR | Paper trades checked (next in 60s)
2025-11-27 17:03:12 | INFO | MONITOR_SLEEP | Sleeping for 20s (base=20s, consecutive_errors=0, monitoring_suspended=False)
2025-11-27 17:03:32 | INFO | MONITOR_SLEEP | Sleeping for 20s (base=20s, consecutive_errors=0, monitoring_suspended=False)
2025-11-27 17:03:52 | INFO | MONITOR_SLEEP | Sleeping for 20s (base=20s, consecutive_errors=0, monitoring_suspended=False)
2025-11-27 17:04:12 | INFO | MONITOR | Paper trades checked (next in 60s)
2025-11-27 17:04:12 | INFO | MONITOR_SLEEP | Sleeping for 20s (base=20s, consecutive_errors=0, monitoring_suspended=False)
2025-11-27 17:04:32 | INFO | MONITOR_SLEEP | Sleeping for 20s (base=20s, consecutive_errors=0, monitoring_suspended=False)
2025-11-27 17:04:52 | INFO | MONITOR_SLEEP | Sleeping for 20s (base=20s, consecutive_errors=0, monitoring_suspended=False)
2025-11-27 17:05:12 | INFO | MONITOR | Paper trades checked (next in 60s)
2025-11-27 17:05:12 | INFO | MONITOR_SLEEP | Sleeping for 20s (base=20s, consecutive_errors=0, monitoring_suspended=False)
2025-11-27 17:05:32 | INFO | MONITOR_SLEEP | Sleeping for 20s (base=20s, consecutive_errors=0, monitoring_suspended=False)
2025-11-27 17:05:52 | INFO | MONITOR_SLEEP | Sleeping for 20s (base=20s, consecutive_errors=0, monitoring_suspended=False)
2025-11-27 17:06:12 | INFO | MONITOR | Paper trades checked (next in 60s)
2025-11-27 17:06:12 | INFO | MONITOR_SLEEP | Sleeping for 20s (base=20s, consecutive_errors=0, monitoring_suspended=False)
2025-11-27 17:06:32 | INFO | MONITOR_SLEEP | Sleeping for 20s (base=20s, consecutive_errors=0, monitoring_suspended=False)
2025-11-27 17:06:52 | INFO | MONITOR_SLEEP | Sleeping for 20s (base=20s, consecutive_errors=0, monitoring_suspended=False)
2025-11-27 17:07:12 | INFO | MONITOR | Paper trades checked (next in 60s)
2025-11-27 17:07:12 | INFO | MONITOR_SLEEP | Sleeping for 20s (base=20s, consecutive_errors=0, monitoring_suspended=False)
2025-11-27 17:07:32 | INFO | MONITOR_SLEEP | Sleeping for 20s (base=20s, consecutive_errors=0, monitoring_suspended=False)
2025-11-27 17:07:52 | INFO | MONITOR_SLEEP | Sleeping for 20s (base=20s, consecutive_errors=0, monitoring_suspended=False)
2025-11-27 17:08:12 | INFO | MONITOR | Paper trades checked (next in 60s)
2025-11-27 17:08:12 | INFO | MONITOR_SLEEP | Sleeping for 20s (base=20s, consecutive_errors=0, monitoring_suspended=False)
2025-11-27 17:08:32 | INFO | MONITOR_SLEEP | Sleeping for 20s (base=20s, consecutive_errors=0, monitoring_suspended=False)
2025-11-27 17:08:52 | INFO | MONITOR_SLEEP | Sleeping for 20s (base=20s, consecutive_errors=0, monitoring_suspended=False)
2025-11-27 17:09:12 | INFO | MONITOR | Paper trades checked (next in 60s)
2025-11-27 17:09:12 | INFO | MONITOR_SLEEP | Sleeping for 20s (base=20s, consecutive_errors=0, monitoring_suspended=False)
2025-11-27 17:09:32 | INFO | MONITOR_SLEEP | Sleeping for 20s (base=20s, consecutive_errors=0, monitoring_suspended=False)
2025-11-27 17:09:52 | INFO | MONITOR_SLEEP | Sleeping for 20s (base=20s, consecutive_errors=0, monitoring_suspended=False)
2025-11-27 17:10:12 | INFO | MONITOR | Paper trades checked (next in 60s)
2025-11-27 17:10:12 | INFO | MONITOR_SLEEP | Sleeping for 20s (base=20s, consecutive_errors=0, monitoring_suspended=False)
2025-11-27 17:10:32 | INFO | MONITOR_SLEEP | Sleeping for 20s (base=20s, consecutive_errors=0, monitoring_suspended=False)
2025-11-27 17:10:52 | INFO | MONITOR_SLEEP | Sleeping for 20s (base=20s, consecutive_errors=0, monitoring_suspended=False)
2025-11-27 17:11:12 | INFO | MONITOR | Paper trades checked (next in 60s)
2025-11-27 17:11:12 | INFO | MONITOR_SLEEP | Sleeping for 20s (base=20s, consecutive_errors=0, monitoring_suspended=False)
2025-11-27 17:11:32 | INFO | MONITOR_SLEEP | Sleeping for 20s (base=20s, consecutive_errors=0, monitoring_suspended=False)
2025-11-27 17:11:52 | INFO | MONITOR_SLEEP | Sleeping for 20s (base=20s, consecutive_errors=0, monitoring_suspended=False)
2025-11-27 17:12:12 | INFO | MONITOR | Paper trades checked (next in 60s)
2025-11-27 17:12:12 | INFO | MONITOR_SLEEP | Sleeping for 20s (base=20s, consecutive_errors=0, monitoring_suspended=False)
2025-11-27 17:12:32 | INFO | MONITOR_SLEEP | Sleeping for 20s (base=20s, consecutive_errors=0, monitoring_suspended=False)
2025-11-27 17:12:52 | INFO | MONITOR_SLEEP | Sleeping for 20s (base=20s, consecutive_errors=0, monitoring_suspended=False)
2025-11-27 17:13:12 | INFO | MONITOR | Paper trades checked (next in 60s)
2025-11-27 17:13:12 | INFO | MONITOR_SLEEP | Sleeping for 20s (base=20s, consecutive_errors=0, monitoring_suspended=False)
2025-11-27 17:13:32 | INFO | MONITOR_SLEEP | Sleeping for 20s (base=20s, consecutive_errors=0, monitoring_suspended=False)
2025-11-27 17:13:52 | INFO | MONITOR_SLEEP | Sleeping for 20s (base=20s, consecutive_errors=0, monitoring_suspended=False)
2025-11-27 17:14:12 | INFO | MONITOR | Paper trades checked (next in 60s)
2025-11-27 17:14:12 | INFO | MONITOR_SLEEP | Sleeping for 20s (base=20s, consecutive_errors=0, monitoring_suspended=False)
2025-11-27 17:14:32 | INFO | MONITOR_SLEEP | Sleeping for 20s (base=20s, consecutive_errors=0, monitoring_suspended=False)
2025-11-27 17:14:52 | INFO | MONITOR_SLEEP | Sleeping for 20s (base=20s, consecutive_errors=0, monitoring_suspended=False)
2025-11-27 17:15:12 | INFO | MONITOR | Paper trades checked (next in 60s)
2025-11-27 17:15:12 | INFO | MONITOR_SLEEP | Sleeping for 20s (base=20s, consecutive_errors=0, monitoring_suspended=False)
2025-11-27 17:15:32 | INFO | MONITOR_SLEEP | Sleeping for 20s (base=20s, consecutive_errors=0, monitoring_suspended=False)
2025-11-27 17:15:52 | INFO | MONITOR_SLEEP | Sleeping for 20s (base=20s, consecutive_errors=0, monitoring_suspended=False)
2025-11-27 17:16:12 | INFO | MONITOR | Paper trades checked (next in 60s)
2025-11-27 17:16:12 | INFO | MONITOR_SLEEP | Sleeping for 20s (base=20s, consecutive_errors=0, monitoring_suspended=False)
2025-11-27 17:16:32 | INFO | MONITOR_SLEEP | Sleeping for 20s (base=20s, consecutive_errors=0, monitoring_suspended=False)
2025-11-27 17:16:52 | INFO | MONITOR_SLEEP | Sleeping for 20s (base=20s, consecutive_errors=0, monitoring_suspended=False)
2025-11-27 17:17:12 | INFO | MONITOR | Paper trades checked (next in 60s)
2025-11-27 17:17:12 | INFO | MONITOR_SLEEP | Sleeping for 20s (base=20s, consecutive_errors=0, monitoring_suspended=False)
2025-11-27 17:17:32 | INFO | MONITOR_SLEEP | Sleeping for 20s (base=20s, consecutive_errors=0, monitoring_suspended=False)
2025-11-27 17:17:52 | INFO | MONITOR_SLEEP | Sleeping for 20s (base=20s, consecutive_errors=0, monitoring_suspended=False)
2025-11-27 17:18:12 | INFO | MONITOR | Paper trades checked (next in 60s)
2025-11-27 17:18:12 | INFO | MONITOR_SLEEP | Sleeping for 20s (base=20s, consecutive_errors=0, monitoring_suspended=False)
2025-11-27 17:18:32 | INFO | MONITOR_SLEEP | Sleeping for 20s (base=20s, consecutive_errors=0, monitoring_suspended=False)
2025-11-27 17:18:52 | INFO | MONITOR_SLEEP | Sleeping for 20s (base=20s, consecutive_errors=0, monitoring_suspended=False)
2025-11-27 17:19:12 | INFO | MONITOR | Paper trades checked (next in 60s)
2025-11-27 17:19:12 | INFO | MONITOR_SLEEP | Sleeping for 20s (base=20s, consecutive_errors=0, monitoring_suspended=False)
2025-11-27 17:19:32 | INFO | MONITOR_SLEEP | Sleeping for 20s (base=20s, consecutive_errors=0, monitoring_suspended=False)
2025-11-27 17:19:52 | INFO | MONITOR_SLEEP | Sleeping for 20s (base=20s, consecutive_errors=0, monitoring_suspended=False)
2025-11-27 17:20:12 | INFO | MONITOR | Paper trades checked (next in 60s)
2025-11-27 17:20:12 | INFO | MONITOR_SLEEP | Sleeping for 20s (base=20s, consecutive_errors=0, monitoring_suspended=False)
2025-11-27 17:20:32 | INFO | MONITOR_SLEEP | Sleeping for 20s (base=20s, consecutive_errors=0, monitoring_suspended=False)
2025-11-27 17:20:52 | INFO | MONITOR_SLEEP | Sleeping for 20s (base=20s, consecutive_errors=0, monitoring_suspended=False)
2025-11-27 17:21:12 | INFO | MONITOR | Paper trades checked (next in 60s)
2025-11-27 17:21:12 | INFO | MONITOR_SLEEP | Sleeping for 20s (base=20s, consecutive_errors=0, monitoring_suspended=False)
2025-11-27 17:21:32 | INFO | MONITOR_SLEEP | Sleeping for 20s (base=20s, consecutive_errors=0, monitoring_suspended=False)
2025-11-27 17:21:52 | INFO | MONITOR_SLEEP | Sleeping for 20s (base=20s, consecutive_errors=0, monitoring_suspended=False)
2025-11-27 17:22:12 | INFO | MONITOR | Paper trades checked (next in 60s)
2025-11-27 17:22:12 | INFO | MONITOR_SLEEP | Sleeping for 20s (base=20s, consecutive_errors=0, monitoring_suspended=False)
2025-11-27 17:22:32 | INFO | MONITOR_SLEEP | Sleeping for 20s (base=20s, consecutive_errors=0, monitoring_suspended=False)
2025-11-27 17:22:52 | INFO | MONITOR_SLEEP | Sleeping for 20s (base=20s, consecutive_errors=0, monitoring_suspended=False)
2025-11-27 17:23:12 | INFO | MONITOR | Paper trades checked (next in 60s)
2025-11-27 17:23:12 | INFO | MONITOR_SLEEP | Sleeping for 20s (base=20s, consecutive_errors=0, monitoring_suspended=False)
2025-11-27 17:23:32 | INFO | MONITOR_SLEEP | Sleeping for 20s (base=20s, consecutive_errors=0, monitoring_suspended=False)
2025-11-27 17:23:52 | INFO | MONITOR_SLEEP | Sleeping for 20s (base=20s, consecutive_errors=0, monitoring_suspended=False)
2025-11-27 17:24:12 | INFO | MONITOR | Paper trades checked (next in 60s)
2025-11-27 17:24:12 | INFO | MONITOR_SLEEP | Sleeping for 20s (base=20s, consecutive_errors=0, monitoring_suspended=False)
2025-11-27 17:24:32 | INFO | MONITOR_SLEEP | Sleeping for 20s (base=20s, consecutive_errors=0, monitoring_suspended=False)
2025-11-27 17:24:52 | INFO | MONITOR_SLEEP | Sleeping for 20s (base=20s, consecutive_errors=0, monitoring_suspended=False)
2025-11-27 17:25:12 | INFO | MONITOR | Paper trades checked (next in 60s)
2025-11-27 17:25:12 | INFO | MONITOR_SLEEP | Sleeping for 20s (base=20s, consecutive_errors=0, monitoring_suspended=False)
2025-11-27 17:25:32 | INFO | MONITOR_SLEEP | Sleeping for 20s (base=20s, consecutive_errors=0, monitoring_suspended=False)
2025-11-27 17:25:52 | INFO | MONITOR_SLEEP | Sleeping for 20s (base=20s, consecutive_errors=0, monitoring_suspended=False)
2025-11-27 17:26:12 | INFO | MONITOR | Paper trades checked (next in 60s)
2025-11-27 17:26:12 | INFO | MONITOR_SLEEP | Sleeping for 20s (base=20s, consecutive_errors=0, monitoring_suspended=False)
2025-11-27 17:26:32 | INFO | MONITOR_SLEEP | Sleeping for 20s (base=20s, consecutive_errors=0, monitoring_suspended=False)
2025-11-27 17:26:52 | INFO | MONITOR_SLEEP | Sleeping for 20s (base=20s, consecutive_errors=0, monitoring_suspended=False)
2025-11-27 17:27:12 | INFO | MONITOR | Paper trades checked (next in 60s)
2025-11-27 17:27:12 | INFO | MONITOR_SLEEP | Sleeping for 20s (base=20s, consecutive_errors=0, monitoring_suspended=False)
2025-11-27 17:27:32 | INFO | MONITOR_SLEEP | Sleeping for 20s (base=20s, consecutive_errors=0, monitoring_suspended=False)
2025-11-27 17:27:52 | INFO | MONITOR_SLEEP | Sleeping for 20s (base=20s, consecutive_errors=0, monitoring_suspended=False)
2025-11-27 17:28:12 | INFO | MONITOR | Paper trades checked (next in 60s)
2025-11-27 17:28:12 | INFO | MONITOR_SLEEP | Sleeping for 20s (base=20s, consecutive_errors=0, monitoring_suspended=False)
2025-11-27 17:28:32 | INFO | MONITOR_SLEEP | Sleeping for 20s (base=20s, consecutive_errors=0, monitoring_suspended=False)
2025-11-27 17:28:52 | INFO | MONITOR_SLEEP | Sleeping for 20s (base=20s, consecutive_errors=0, monitoring_suspended=False)
2025-11-27 17:29:12 | INFO | MONITOR | Paper trades checked (next in 60s)
2025-11-27 17:29:12 | INFO | MONITOR_SLEEP | Sleeping for 20s (base=20s, consecutive_errors=0, monitoring_suspended=False)
2025-11-27 17:29:32 | INFO | MONITOR_SLEEP | Sleeping for 20s (base=20s, consecutive_errors=0, monitoring_suspended=False)
2025-11-27 17:29:52 | INFO | MONITOR_SLEEP | Sleeping for 20s (base=20s, consecutive_errors=0, monitoring_suspended=False)
2025-11-27 17:30:12 | INFO | MONITOR | Paper trades checked (next in 60s)
2025-11-27 17:30:12 | INFO | MONITOR_SLEEP | Sleeping for 20s (base=20s, consecutive_errors=0, monitoring_suspended=False)
2025-11-27 17:30:32 | INFO | MONITOR_SLEEP | Sleeping for 20s (base=20s, consecutive_errors=0, monitoring_suspended=False)
2025-11-27 17:30:52 | INFO | MONITOR_SLEEP | Sleeping for 20s (base=20s, consecutive_errors=0, monitoring_suspended=False)
2025-11-27 17:31:12 | INFO | MONITOR | Paper trades checked (next in 60s)
2025-11-27 17:31:12 | INFO | MONITOR_SLEEP | Sleeping for 20s (base=20s, consecutive_errors=0, monitoring_suspended=False)
2025-11-27 17:31:32 | INFO | MONITOR_SLEEP | Sleeping for 20s (base=20s, consecutive_errors=0, monitoring_suspended=False)
2025-11-27 17:31:52 | INFO | MONITOR_SLEEP | Sleeping for 20s (base=20s, consecutive_errors=0, monitoring_suspended=False)
2025-11-27 17:32:12 | INFO | MONITOR | Paper trades checked (next in 60s)
2025-11-27 17:32:12 | INFO | MONITOR_SLEEP | Sleeping for 20s (base=20s, consecutive_errors=0, monitoring_suspended=False)
2025-11-27 17:32:32 | INFO | MONITOR_SLEEP | Sleeping for 20s (base=20s, consecutive_errors=0, monitoring_suspended=False)
2025-11-27 17:32:52 | INFO | MONITOR_SLEEP | Sleeping for 20s (base=20s, consecutive_errors=0, monitoring_suspended=False)
2025-11-27 17:33:12 | INFO | MONITOR | Paper trades checked (next in 60s)
2025-11-27 17:33:12 | INFO | MONITOR_SLEEP | Sleeping for 20s (base=20s, consecutive_errors=0, monitoring_suspended=False)
2025-11-27 17:33:32 | INFO | MONITOR_SLEEP | Sleeping for 20s (base=20s, consecutive_errors=0, monitoring_suspended=False)
2025-11-27 17:33:52 | INFO | MONITOR_SLEEP | Sleeping for 20s (base=20s, consecutive_errors=0, monitoring_suspended=False)
2025-11-27 17:34:12 | INFO | MONITOR | Paper trades checked (next in 60s)
2025-11-27 17:34:12 | INFO | MONITOR_SLEEP | Sleeping for 20s (base=20s, consecutive_errors=0, monitoring_suspended=False)
2025-11-27 17:34:32 | INFO | MONITOR_SLEEP | Sleeping for 20s (base=20s, consecutive_errors=0, monitoring_suspended=False)
2025-11-27 17:34:52 | INFO | MONITOR_SLEEP | Sleeping for 20s (base=20s, consecutive_errors=0, monitoring_suspended=False)
2025-11-27 17:35:12 | INFO | MONITOR | Paper trades checked (next in 60s)
2025-11-27 17:35:12 | INFO | MONITOR_SLEEP | Sleeping for 20s (base=20s, consecutive_errors=0, monitoring_suspended=False)
2025-11-27 17:35:32 | INFO | MONITOR_SLEEP | Sleeping for 20s (base=20s, consecutive_errors=0, monitoring_suspended=False)
2025-11-27 17:35:52 | INFO | MONITOR_SLEEP | Sleeping for 20s (base=20s, consecutive_errors=0, monitoring_suspended=False)
2025-11-27 17:36:12 | INFO | MONITOR | Paper trades checked (next in 60s)
2025-11-27 17:36:12 | INFO | MONITOR_SLEEP | Sleeping for 20s (base=20s, consecutive_errors=0, monitoring_suspended=False)
2025-11-27 17:36:32 | INFO | MONITOR_SLEEP | Sleeping for 20s (base=20s, consecutive_errors=0, monitoring_suspended=False)
2025-11-27 17:36:52 | INFO | MONITOR_SLEEP | Sleeping for 20s (base=20s, consecutive_errors=0, monitoring_suspended=False)
2025-11-27 17:37:12 | INFO | MONITOR | Paper trades checked (next in 60s)
2025-11-27 17:37:12 | INFO | MONITOR_SLEEP | Sleeping for 20s (base=20s, consecutive_errors=0, monitoring_suspended=False)
2025-11-27 17:37:32 | INFO | MONITOR_SLEEP | Sleeping for 20s (base=20s, consecutive_errors=0, monitoring_suspended=False)
2025-11-27 17:37:52 | INFO | MONITOR_SLEEP | Sleeping for 20s (base=20s, consecutive_errors=0, monitoring_suspended=False)
2025-11-27 17:38:12 | INFO | MONITOR | Paper trades checked (next in 60s)
2025-11-27 17:38:12 | INFO | MONITOR_SLEEP | Sleeping for 20s (base=20s, consecutive_errors=0, monitoring_suspended=False)
2025-11-27 17:38:32 | INFO | MONITOR_SLEEP | Sleeping for 20s (base=20s, consecutive_errors=0, monitoring_suspended=False)
2025-11-27 17:38:52 | INFO | MONITOR_SLEEP | Sleeping for 20s (base=20s, consecutive_errors=0, monitoring_suspended=False)
2025-11-27 17:39:12 | INFO | MONITOR | Paper trades checked (next in 60s)
2025-11-27 17:39:12 | INFO | MONITOR_SLEEP | Sleeping for 20s (base=20s, consecutive_errors=0, monitoring_suspended=False)
2025-11-27 17:39:32 | INFO | MONITOR_SLEEP | Sleeping for 20s (base=20s, consecutive_errors=0, monitoring_suspended=False)
2025-11-27 17:39:52 | INFO | MONITOR_SLEEP | Sleeping for 20s (base=20s, consecutive_errors=0, monitoring_suspended=False)
2025-11-27 17:40:12 | INFO | MONITOR | Paper trades checked (next in 60s)
2025-11-27 17:40:12 | INFO | MONITOR_SLEEP | Sleeping for 20s (base=20s, consecutive_errors=0, monitoring_suspended=False)
2025-11-27 17:40:32 | INFO | MONITOR_SLEEP | Sleeping for 20s (base=20s, consecutive_errors=0, monitoring_suspended=False)
2025-11-27 17:40:52 | INFO | MONITOR_SLEEP | Sleeping for 20s (base=20s, consecutive_errors=0, monitoring_suspended=False)
2025-11-27 17:41:12 | INFO | MONITOR | Paper trades checked (next in 60s)
2025-11-27 17:41:12 | INFO | MONITOR_SLEEP | Sleeping for 20s (base=20s, consecutive_errors=0, monitoring_suspended=False)
2025-11-27 17:41:32 | INFO | MONITOR_SLEEP | Sleeping for 20s (base=20s, consecutive_errors=0, monitoring_suspended=False)
2025-11-27 17:41:52 | INFO | MONITOR_SLEEP | Sleeping for 20s (base=20s, consecutive_errors=0, monitoring_suspended=False)
2025-11-27 17:42:12 | INFO | MONITOR | Paper trades checked (next in 60s)
2025-11-27 17:42:12 | INFO | MONITOR_SLEEP | Sleeping for 20s (base=20s, consecutive_errors=0, monitoring_suspended=False)
2025-11-27 17:42:32 | INFO | MONITOR_SLEEP | Sleeping for 20s (base=20s, consecutive_errors=0, monitoring_suspended=False)
2025-11-27 17:42:52 | INFO | MONITOR_SLEEP | Sleeping for 20s (base=20s, consecutive_errors=0, monitoring_suspended=False)
2025-11-27 17:43:12 | INFO | MONITOR | Paper trades checked (next in 60s)
2025-11-27 17:43:12 | INFO | MONITOR_SLEEP | Sleeping for 20s (base=20s, consecutive_errors=0, monitoring_suspended=False)
2025-11-27 17:43:32 | INFO | MONITOR_SLEEP | Sleeping for 20s (base=20s, consecutive_errors=0, monitoring_suspended=False)
2025-11-27 17:43:52 | INFO | MONITOR_SLEEP | Sleeping for 20s (base=20s, consecutive_errors=0, monitoring_suspended=False)
2025-11-27 17:44:12 | INFO | MONITOR | Paper trades checked (next in 60s)
2025-11-27 17:44:12 | INFO | MONITOR_SLEEP | Sleeping for 20s (base=20s, consecutive_errors=0, monitoring_suspended=False)
2025-11-27 17:44:32 | INFO | MONITOR_SLEEP | Sleeping for 20s (base=20s, consecutive_errors=0, monitoring_suspended=False)
2025-11-27 17:44:52 | INFO | MONITOR_SLEEP | Sleeping for 20s (base=20s, consecutive_errors=0, monitoring_suspended=False)
2025-11-27 17:45:12 | INFO | MONITOR | Paper trades checked (next in 60s)
2025-11-27 17:45:12 | INFO | MONITOR_SLEEP | Sleeping for 20s (base=20s, consecutive_errors=0, monitoring_suspended=False)
2025-11-27 17:45:32 | INFO | MONITOR_SLEEP | Sleeping for 20s (base=20s, consecutive_errors=0, monitoring_suspended=False)
2025-11-27 17:45:52 | INFO | MONITOR_SLEEP | Sleeping for 20s (base=20s, consecutive_errors=0, monitoring_suspended=False)
2025-11-27 17:46:12 | INFO | MONITOR | Paper trades checked (next in 60s)
2025-11-27 17:46:12 | INFO | MONITOR_SLEEP | Sleeping for 20s (base=20s, consecutive_errors=0, monitoring_suspended=False)
2025-11-27 17:46:32 | INFO | MONITOR_SLEEP | Sleeping for 20s (base=20s, consecutive_errors=0, monitoring_suspended=False)
2025-11-27 17:46:52 | INFO | MONITOR_SLEEP | Sleeping for 20s (base=20s, consecutive_errors=0, monitoring_suspended=False)
2025-11-27 17:47:12 | INFO | MONITOR | Paper trades checked (next in 60s)
2025-11-27 17:47:12 | INFO | MONITOR_SLEEP | Sleeping for 20s (base=20s, consecutive_errors=0, monitoring_suspended=False)
2025-11-27 17:47:32 | INFO | MONITOR_SLEEP | Sleeping for 20s (base=20s, consecutive_errors=0, monitoring_suspended=False)
2025-11-27 17:47:52 | INFO | MONITOR_SLEEP | Sleeping for 20s (base=20s, consecutive_errors=0, monitoring_suspended=False)
2025-11-27 17:48:12 | INFO | MONITOR | Paper trades checked (next in 60s)
2025-11-27 17:48:12 | INFO | MONITOR_SLEEP | Sleeping for 20s (base=20s, consecutive_errors=0, monitoring_suspended=False)
2025-11-27 17:48:32 | INFO | MONITOR_SLEEP | Sleeping for 20s (base=20s, consecutive_errors=0, monitoring_suspended=False)
2025-11-27 17:48:52 | INFO | MONITOR_SLEEP | Sleeping for 20s (base=20s, consecutive_errors=0, monitoring_suspended=False)
2025-11-27 17:49:12 | INFO | MONITOR | Paper trades checked (next in 60s)
2025-11-27 17:49:12 | INFO | MONITOR_SLEEP | Sleeping for 20s (base=20s, consecutive_errors=0, monitoring_suspended=False)
2025-11-27 17:49:32 | INFO | MONITOR_SLEEP | Sleeping for 20s (base=20s, consecutive_errors=0, monitoring_suspended=False)
2025-11-27 17:49:52 | INFO | MONITOR_SLEEP | Sleeping for 20s (base=20s, consecutive_errors=0, monitoring_suspended=False)
2025-11-27 17:50:12 | INFO | MONITOR | Paper trades checked (next in 60s)
2025-11-27 17:50:12 | INFO | MONITOR_SLEEP | Sleeping for 20s (base=20s, consecutive_errors=0, monitoring_suspended=False)
2025-11-27 17:50:32 | INFO | MONITOR_SLEEP | Sleeping for 20s (base=20s, consecutive_errors=0, monitoring_suspended=False)
2025-11-27 17:50:52 | INFO | MONITOR_SLEEP | Sleeping for 20s (base=20s, consecutive_errors=0, monitoring_suspended=False)
2025-11-27 17:51:12 | INFO | MONITOR | Paper trades checked (next in 60s)
2025-11-27 17:51:12 | INFO | MONITOR_SLEEP | Sleeping for 20s (base=20s, consecutive_errors=0, monitoring_suspended=False)
2025-11-27 17:51:32 | INFO | MONITOR_SLEEP | Sleeping for 20s (base=20s, consecutive_errors=0, monitoring_suspended=False)
2025-11-27 17:51:52 | INFO | MONITOR_SLEEP | Sleeping for 20s (base=20s, consecutive_errors=0, monitoring_suspended=False)
2025-11-27 17:52:12 | INFO | MONITOR | Paper trades checked (next in 60s)
2025-11-27 17:52:12 | INFO | MONITOR_SLEEP | Sleeping for 20s (base=20s, consecutive_errors=0, monitoring_suspended=False)
2025-11-27 17:52:32 | INFO | MONITOR_SLEEP | Sleeping for 20s (base=20s, consecutive_errors=0, monitoring_suspended=False)
2025-11-27 17:52:52 | INFO | MONITOR_SLEEP | Sleeping for 20s (base=20s, consecutive_errors=0, monitoring_suspended=False)
2025-11-27 17:53:12 | INFO | MONITOR | Paper trades checked (next in 60s)
2025-11-27 17:53:12 | INFO | MONITOR_SLEEP | Sleeping for 20s (base=20s, consecutive_errors=0, monitoring_suspended=False)
2025-11-27 17:53:32 | INFO | MONITOR_SLEEP | Sleeping for 20s (base=20s, consecutive_errors=0, monitoring_suspended=False)
2025-11-27 17:53:52 | INFO | MONITOR_SLEEP | Sleeping for 20s (base=20s, consecutive_errors=0, monitoring_suspended=False)
2025-11-27 17:54:12 | INFO | MONITOR | Paper trades checked (next in 60s)
2025-11-27 17:54:12 | INFO | MONITOR_SLEEP | Sleeping for 20s (base=20s, consecutive_errors=0, monitoring_suspended=False)
2025-11-27 17:54:32 | INFO | MONITOR_SLEEP | Sleeping for 20s (base=20s, consecutive_errors=0, monitoring_suspended=False)
2025-11-27 17:54:52 | INFO | MONITOR_SLEEP | Sleeping for 20s (base=20s, consecutive_errors=0, monitoring_suspended=False)
2025-11-27 17:55:12 | INFO | MONITOR | Paper trades checked (next in 60s)
2025-11-27 17:55:12 | INFO | MONITOR_SLEEP | Sleeping for 20s (base=20s, consecutive_errors=0, monitoring_suspended=False)
2025-11-27 17:55:32 | INFO | MONITOR_SLEEP | Sleeping for 20s (base=20s, consecutive_errors=0, monitoring_suspended=False)
2025-11-27 17:55:52 | INFO | MONITOR_SLEEP | Sleeping for 20s (base=20s, consecutive_errors=0, monitoring_suspended=False)
2025-11-27 17:56:12 | INFO | MONITOR | Paper trades checked (next in 60s)
2025-11-27 17:56:12 | INFO | MONITOR_SLEEP | Sleeping for 20s (base=20s, consecutive_errors=0, monitoring_suspended=False)
2025-11-27 17:56:32 | INFO | MONITOR_SLEEP | Sleeping for 20s (base=20s, consecutive_errors=0, monitoring_suspended=False)
2025-11-27 17:56:52 | INFO | MONITOR_SLEEP | Sleeping for 20s (base=20s, consecutive_errors=0, monitoring_suspended=False)
2025-11-27 17:57:12 | INFO | MONITOR | Paper trades checked (next in 60s)
2025-11-27 17:57:12 | INFO | MONITOR_SLEEP | Sleeping for 20s (base=20s, consecutive_errors=0, monitoring_suspended=False)
2025-11-27 17:57:32 | INFO | MONITOR_SLEEP | Sleeping for 20s (base=20s, consecutive_errors=0, monitoring_suspended=False)
2025-11-27 17:57:52 | INFO | MONITOR_SLEEP | Sleeping for 20s (base=20s, consecutive_errors=0, monitoring_suspended=False)
2025-11-27 17:58:12 | INFO | MONITOR | Paper trades checked (next in 60s)
2025-11-27 17:58:12 | INFO | MONITOR_SLEEP | Sleeping for 20s (base=20s, consecutive_errors=0, monitoring_suspended=False)
2025-11-27 17:58:32 | INFO | MONITOR_SLEEP | Sleeping for 20s (base=20s, consecutive_errors=0, monitoring_suspended=False)
2025-11-27 17:58:52 | INFO | MONITOR_SLEEP | Sleeping for 20s (base=20s, consecutive_errors=0, monitoring_suspended=False)
2025-11-27 17:59:12 | INFO | MONITOR | Paper trades checked (next in 60s)
2025-11-27 17:59:12 | INFO | MONITOR_SLEEP | Sleeping for 20s (base=20s, consecutive_errors=0, monitoring_suspended=False)
2025-11-27 17:59:32 | INFO | MONITOR_SLEEP | Sleeping for 20s (base=20s, consecutive_errors=0, monitoring_suspended=False)
2025-11-27 17:59:52 | INFO | MONITOR_SLEEP | Sleeping for 20s (base=20s, consecutive_errors=0, monitoring_suspended=False)
2025-11-27 18:00:12 | INFO | MONITOR | Paper trades checked (next in 60s)
2025-11-27 18:00:12 | INFO | MONITOR_SLEEP | Sleeping for 20s (base=20s, consecutive_errors=0, monitoring_suspended=False)
2025-11-27 18:00:32 | INFO | MONITOR_SLEEP | Sleeping for 20s (base=20s, consecutive_errors=0, monitoring_suspended=False)
2025-11-27 18:00:52 | INFO | MONITOR_SLEEP | Sleeping for 20s (base=20s, consecutive_errors=0, monitoring_suspended=False)
2025-11-27 18:01:12 | INFO | MONITOR | Paper trades checked (next in 60s)
2025-11-27 18:01:12 | INFO | MONITOR_SLEEP | Sleeping for 20s (base=20s, consecutive_errors=0, monitoring_suspended=False)
2025-11-27 18:01:32 | INFO | MONITOR_SLEEP | Sleeping for 20s (base=20s, consecutive_errors=0, monitoring_suspended=False)
2025-11-27 18:01:52 | INFO | MONITOR_SLEEP | Sleeping for 20s (base=20s, consecutive_errors=0, monitoring_suspended=False)
2025-11-27 18:02:12 | INFO | MONITOR | Paper trades checked (next in 60s)
2025-11-27 18:02:12 | INFO | MONITOR_SLEEP | Sleeping for 20s (base=20s, consecutive_errors=0, monitoring_suspended=False)
2025-11-27 18:02:32 | INFO | MONITOR_SLEEP | Sleeping for 20s (base=20s, consecutive_errors=0, monitoring_suspended=False)
2025-11-27 18:02:52 | INFO | MONITOR_SLEEP | Sleeping for 20s (base=20s, consecutive_errors=0, monitoring_suspended=False)
2025-11-27 18:03:12 | INFO | MONITOR | Paper trades checked (next in 60s)
2025-11-27 18:03:12 | INFO | MONITOR_SLEEP | Sleeping for 20s (base=20s, consecutive_errors=0, monitoring_suspended=False)
2025-11-27 18:03:32 | INFO | MONITOR_SLEEP | Sleeping for 20s (base=20s, consecutive_errors=0, monitoring_suspended=False)
2025-11-27 18:03:52 | INFO | MONITOR_SLEEP | Sleeping for 20s (base=20s, consecutive_errors=0, monitoring_suspended=False)
2025-11-27 18:04:12 | INFO | MONITOR | Paper trades checked (next in 60s)
2025-11-27 18:04:12 | INFO | MONITOR_SLEEP | Sleeping for 20s (base=20s, consecutive_errors=0, monitoring_suspended=False)
2025-11-27 18:04:32 | INFO | MONITOR_SLEEP | Sleeping for 20s (base=20s, consecutive_errors=0, monitoring_suspended=False)
2025-11-27 18:04:52 | INFO | MONITOR_SLEEP | Sleeping for 20s (base=20s, consecutive_errors=0, monitoring_suspended=False)
2025-11-27 18:05:12 | INFO | MONITOR | Paper trades checked (next in 60s)
2025-11-27 18:05:12 | INFO | MONITOR_SLEEP | Sleeping for 20s (base=20s, consecutive_errors=0, monitoring_suspended=False)
2025-11-27 18:05:32 | INFO | MONITOR_SLEEP | Sleeping for 20s (base=20s, consecutive_errors=0, monitoring_suspended=False)
2025-11-27 18:05:52 | INFO | MONITOR_SLEEP | Sleeping for 20s (base=20s, consecutive_errors=0, monitoring_suspended=False)
2025-11-27 18:06:12 | INFO | MONITOR | Paper trades checked (next in 60s)
2025-11-27 18:06:12 | INFO | MONITOR_SLEEP | Sleeping for 20s (base=20s, consecutive_errors=0, monitoring_suspended=False)
2025-11-27 18:06:32 | INFO | MONITOR_SLEEP | Sleeping for 20s (base=20s, consecutive_errors=0, monitoring_suspended=False)
2025-11-27 18:06:52 | INFO | MONITOR_SLEEP | Sleeping for 20s (base=20s, consecutive_errors=0, monitoring_suspended=False)
2025-11-27 18:07:12 | INFO | MONITOR | Paper trades checked (next in 60s)
2025-11-27 18:07:12 | INFO | MONITOR_SLEEP | Sleeping for 20s (base=20s, consecutive_errors=0, monitoring_suspended=False)
2025-11-27 18:07:32 | INFO | MONITOR_SLEEP | Sleeping for 20s (base=20s, consecutive_errors=0, monitoring_suspended=False)
2025-11-27 18:07:52 | INFO | MONITOR_SLEEP | Sleeping for 20s (base=20s, consecutive_errors=0, monitoring_suspended=False)
2025-11-27 18:08:12 | INFO | MONITOR | Paper trades checked (next in 60s)
2025-11-27 18:08:12 | INFO | MONITOR_SLEEP | Sleeping for 20s (base=20s, consecutive_errors=0, monitoring_suspended=False)
2025-11-27 18:08:32 | INFO | MONITOR_SLEEP | Sleeping for 20s (base=20s, consecutive_errors=0, monitoring_suspended=False)
2025-11-27 18:08:52 | INFO | MONITOR_SLEEP | Sleeping for 20s (base=20s, consecutive_errors=0, monitoring_suspended=False)
2025-11-27 18:09:12 | INFO | MONITOR | Paper trades checked (next in 60s)
2025-11-27 18:09:12 | INFO | MONITOR_SLEEP | Sleeping for 20s (base=20s, consecutive_errors=0, monitoring_suspended=False)
2025-11-27 18:09:32 | INFO | MONITOR_SLEEP | Sleeping for 20s (base=20s, consecutive_errors=0, monitoring_suspended=False)
2025-11-27 18:09:52 | INFO | MONITOR_SLEEP | Sleeping for 20s (base=20s, consecutive_errors=0, monitoring_suspended=False)
2025-11-27 18:10:12 | INFO | MONITOR | Paper trades checked (next in 60s)
2025-11-27 18:10:12 | INFO | MONITOR_SLEEP | Sleeping for 20s (base=20s, consecutive_errors=0, monitoring_suspended=False)
2025-11-27 18:10:32 | INFO | MONITOR_SLEEP | Sleeping for 20s (base=20s, consecutive_errors=0, monitoring_suspended=False)
2025-11-27 18:10:52 | INFO | MONITOR_SLEEP | Sleeping for 20s (base=20s, consecutive_errors=0, monitoring_suspended=False)
2025-11-27 18:11:12 | INFO | MONITOR | Paper trades checked (next in 60s)
2025-11-27 18:11:12 | INFO | MONITOR_SLEEP | Sleeping for 20s (base=20s, consecutive_errors=0, monitoring_suspended=False)
2025-11-27 18:11:32 | INFO | MONITOR_SLEEP | Sleeping for 20s (base=20s, consecutive_errors=0, monitoring_suspended=False)
2025-11-27 18:11:52 | INFO | MONITOR_SLEEP | Sleeping for 20s (base=20s, consecutive_errors=0, monitoring_suspended=False)
2025-11-27 18:12:12 | INFO | MONITOR | Paper trades checked (next in 60s)
2025-11-27 18:12:12 | INFO | MONITOR_SLEEP | Sleeping for 20s (base=20s, consecutive_errors=0, monitoring_suspended=False)
2025-11-27 18:12:32 | INFO | MONITOR_SLEEP | Sleeping for 20s (base=20s, consecutive_errors=0, monitoring_suspended=False)
2025-11-27 18:12:52 | INFO | MONITOR_SLEEP | Sleeping for 20s (base=20s, consecutive_errors=0, monitoring_suspended=False)
2025-11-27 18:13:12 | INFO | MONITOR | Paper trades checked (next in 60s)
2025-11-27 18:13:12 | INFO | MONITOR_SLEEP | Sleeping for 20s (base=20s, consecutive_errors=0, monitoring_suspended=False)
2025-11-27 18:13:32 | INFO | MONITOR_SLEEP | Sleeping for 20s (base=20s, consecutive_errors=0, monitoring_suspended=False)
2025-11-27 18:13:52 | INFO | MONITOR_SLEEP | Sleeping for 20s (base=20s, consecutive_errors=0, monitoring_suspended=False)
2025-11-27 18:14:12 | INFO | MONITOR | Paper trades checked (next in 60s)
2025-11-27 18:14:12 | INFO | MONITOR_SLEEP | Sleeping for 20s (base=20s, consecutive_errors=0, monitoring_suspended=False)
2025-11-27 18:14:32 | INFO | MONITOR_SLEEP | Sleeping for 20s (base=20s, consecutive_errors=0, monitoring_suspended=False)
2025-11-27 18:14:52 | INFO | MONITOR_SLEEP | Sleeping for 20s (base=20s, consecutive_errors=0, monitoring_suspended=False)
2025-11-27 18:15:12 | INFO | MONITOR | Paper trades checked (next in 60s)
2025-11-27 18:15:12 | INFO | MONITOR_SLEEP | Sleeping for 20s (base=20s, consecutive_errors=0, monitoring_suspended=False)
2025-11-27 18:15:32 | INFO | MONITOR_SLEEP | Sleeping for 20s (base=20s, consecutive_errors=0, monitoring_suspended=False)
2025-11-27 18:15:52 | INFO | MONITOR_SLEEP | Sleeping for 20s (base=20s, consecutive_errors=0, monitoring_suspended=False)
2025-11-27 18:16:12 | INFO | MONITOR | Paper trades checked (next in 60s)
2025-11-27 18:16:12 | INFO | MONITOR_SLEEP | Sleeping for 20s (base=20s, consecutive_errors=0, monitoring_suspended=False)
2025-11-27 18:16:32 | INFO | MONITOR_SLEEP | Sleeping for 20s (base=20s, consecutive_errors=0, monitoring_suspended=False)
2025-11-27 18:16:52 | INFO | MONITOR_SLEEP | Sleeping for 20s (base=20s, consecutive_errors=0, monitoring_suspended=False)
2025-11-27 18:17:12 | INFO | MONITOR | Paper trades checked (next in 60s)
2025-11-27 18:17:12 | INFO | MONITOR_SLEEP | Sleeping for 20s (base=20s, consecutive_errors=0, monitoring_suspended=False)
2025-11-27 18:17:32 | INFO | MONITOR_SLEEP | Sleeping for 20s (base=20s, consecutive_errors=0, monitoring_suspended=False)
2025-11-27 18:17:52 | INFO | MONITOR_SLEEP | Sleeping for 20s (base=20s, consecutive_errors=0, monitoring_suspended=False)
2025-11-27 18:18:12 | INFO | MONITOR | Paper trades checked (next in 60s)
2025-11-27 18:18:12 | INFO | MONITOR_SLEEP | Sleeping for 20s (base=20s, consecutive_errors=0, monitoring_suspended=False)
2025-11-27 18:18:32 | INFO | MONITOR_SLEEP | Sleeping for 20s (base=20s, consecutive_errors=0, monitoring_suspended=False)
2025-11-27 18:18:52 | INFO | MONITOR_SLEEP | Sleeping for 20s (base=20s, consecutive_errors=0, monitoring_suspended=False)
2025-11-27 18:19:12 | INFO | MONITOR | Paper trades checked (next in 60s)
2025-11-27 18:19:12 | INFO | MONITOR_SLEEP | Sleeping for 20s (base=20s, consecutive_errors=0, monitoring_suspended=False)
2025-11-27 18:19:32 | INFO | MONITOR_SLEEP | Sleeping for 20s (base=20s, consecutive_errors=0, monitoring_suspended=False)
2025-11-27 18:19:52 | INFO | MONITOR_SLEEP | Sleeping for 20s (base=20s, consecutive_errors=0, monitoring_suspended=False)
2025-11-27 18:20:12 | INFO | MONITOR | Paper trades checked (next in 60s)
2025-11-27 18:20:12 | INFO | MONITOR_SLEEP | Sleeping for 20s (base=20s, consecutive_errors=0, monitoring_suspended=False)
2025-11-27 18:20:32 | INFO | MONITOR_SLEEP | Sleeping for 20s (base=20s, consecutive_errors=0, monitoring_suspended=False)
2025-11-27 18:20:52 | INFO | MONITOR_SLEEP | Sleeping for 20s (base=20s, consecutive_errors=0, monitoring_suspended=False)
2025-11-27 18:21:12 | INFO | MONITOR | Paper trades checked (next in 60s)
2025-11-27 18:21:12 | INFO | MONITOR_SLEEP | Sleeping for 20s (base=20s, consecutive_errors=0, monitoring_suspended=False)
2025-11-27 18:21:32 | INFO | MONITOR_SLEEP | Sleeping for 20s (base=20s, consecutive_errors=0, monitoring_suspended=False)
2025-11-27 18:21:52 | INFO | MONITOR_SLEEP | Sleeping for 20s (base=20s, consecutive_errors=0, monitoring_suspended=False)
2025-11-27 18:22:12 | INFO | MONITOR | Paper trades checked (next in 60s)
2025-11-27 18:22:12 | INFO | MONITOR_SLEEP | Sleeping for 20s (base=20s, consecutive_errors=0, monitoring_suspended=False)
2025-11-27 18:22:32 | INFO | MONITOR_SLEEP | Sleeping for 20s (base=20s, consecutive_errors=0, monitoring_suspended=False)
2025-11-27 18:22:52 | INFO | MONITOR_SLEEP | Sleeping for 20s (base=20s, consecutive_errors=0, monitoring_suspended=False)
2025-11-27 18:23:12 | INFO | MONITOR | Paper trades checked (next in 60s)
2025-11-27 18:23:12 | INFO | MONITOR_SLEEP | Sleeping for 20s (base=20s, consecutive_errors=0, monitoring_suspended=False)
2025-11-27 18:23:32 | INFO | MONITOR_SLEEP | Sleeping for 20s (base=20s, consecutive_errors=0, monitoring_suspended=False)
2025-11-27 18:23:52 | INFO | MONITOR_SLEEP | Sleeping for 20s (base=20s, consecutive_errors=0, monitoring_suspended=False)
2025-11-27 18:24:12 | INFO | MONITOR | Paper trades checked (next in 60s)
2025-11-27 18:24:12 | INFO | MONITOR_SLEEP | Sleeping for 20s (base=20s, consecutive_errors=0, monitoring_suspended=False)
2025-11-27 18:24:32 | INFO | MONITOR_SLEEP | Sleeping for 20s (base=20s, consecutive_errors=0, monitoring_suspended=False)
2025-11-27 18:24:52 | INFO | MONITOR_SLEEP | Sleeping for 20s (base=20s, consecutive_errors=0, monitoring_suspended=False)
2025-11-27 18:25:12 | INFO | MONITOR | Paper trades checked (next in 60s)
2025-11-27 18:25:12 | INFO | MONITOR_SLEEP | Sleeping for 20s (base=20s, consecutive_errors=0, monitoring_suspended=False)
2025-11-27 18:25:32 | INFO | MONITOR_SLEEP | Sleeping for 20s (base=20s, consecutive_errors=0, monitoring_suspended=False)
2025-11-27 18:25:52 | INFO | MONITOR_SLEEP | Sleeping for 20s (base=20s, consecutive_errors=0, monitoring_suspended=False)
2025-11-27 18:26:12 | INFO | MONITOR | Paper trades checked (next in 60s)
2025-11-27 18:26:12 | INFO | MONITOR_SLEEP | Sleeping for 20s (base=20s, consecutive_errors=0, monitoring_suspended=False)
2025-11-27 18:26:32 | INFO | MONITOR_SLEEP | Sleeping for 20s (base=20s, consecutive_errors=0, monitoring_suspended=False)
2025-11-27 18:26:52 | INFO | MONITOR_SLEEP | Sleeping for 20s (base=20s, consecutive_errors=0, monitoring_suspended=False)
2025-11-27 18:27:12 | INFO | MONITOR | Paper trades checked (next in 60s)
2025-11-27 18:27:12 | INFO | MONITOR_SLEEP | Sleeping for 20s (base=20s, consecutive_errors=0, monitoring_suspended=False)
2025-11-27 18:27:32 | INFO | MONITOR_SLEEP | Sleeping for 20s (base=20s, consecutive_errors=0, monitoring_suspended=False)
2025-11-27 18:27:52 | INFO | MONITOR_SLEEP | Sleeping for 20s (base=20s, consecutive_errors=0, monitoring_suspended=False)
2025-11-27 18:28:12 | INFO | MONITOR | Paper trades checked (next in 60s)
2025-11-27 18:28:12 | INFO | MONITOR_SLEEP | Sleeping for 20s (base=20s, consecutive_errors=0, monitoring_suspended=False)
2025-11-27 18:28:32 | INFO | MONITOR_SLEEP | Sleeping for 20s (base=20s, consecutive_errors=0, monitoring_suspended=False)
2025-11-27 18:28:52 | INFO | MONITOR_SLEEP | Sleeping for 20s (base=20s, consecutive_errors=0, monitoring_suspended=False)
2025-11-27 18:29:12 | INFO | MONITOR | Paper trades checked (next in 60s)
2025-11-27 18:29:12 | INFO | MONITOR_SLEEP | Sleeping for 20s (base=20s, consecutive_errors=0, monitoring_suspended=False)
2025-11-27 18:29:32 | INFO | MONITOR_SLEEP | Sleeping for 20s (base=20s, consecutive_errors=0, monitoring_suspended=False)
2025-11-27 18:29:52 | INFO | MONITOR_SLEEP | Sleeping for 20s (base=20s, consecutive_errors=0, monitoring_suspended=False)
2025-11-27 18:30:12 | INFO | MONITOR | Paper trades checked (next in 60s)
2025-11-27 18:30:12 | INFO | MONITOR_SLEEP | Sleeping for 20s (base=20s, consecutive_errors=0, monitoring_suspended=False)
2025-11-27 18:30:32 | INFO | MONITOR_SLEEP | Sleeping for 20s (base=20s, consecutive_errors=0, monitoring_suspended=False)
2025-11-27 18:30:52 | INFO | MONITOR_SLEEP | Sleeping for 20s (base=20s, consecutive_errors=0, monitoring_suspended=False)
2025-11-27 18:31:12 | INFO | MONITOR | Paper trades checked (next in 60s)
2025-11-27 18:31:12 | INFO | MONITOR_SLEEP | Sleeping for 20s (base=20s, consecutive_errors=0, monitoring_suspended=False)
2025-11-27 18:31:32 | INFO | MONITOR_SLEEP | Sleeping for 20s (base=20s, consecutive_errors=0, monitoring_suspended=False)
2025-11-27 18:31:52 | INFO | MONITOR_SLEEP | Sleeping for 20s (base=20s, consecutive_errors=0, monitoring_suspended=False)
2025-11-27 18:32:12 | INFO | MONITOR | Paper trades checked (next in 60s)
2025-11-27 18:32:12 | INFO | MONITOR_SLEEP | Sleeping for 20s (base=20s, consecutive_errors=0, monitoring_suspended=False)
2025-11-27 18:32:32 | INFO | MONITOR_SLEEP | Sleeping for 20s (base=20s, consecutive_errors=0, monitoring_suspended=False)
2025-11-27 18:32:52 | INFO | MONITOR_SLEEP | Sleeping for 20s (base=20s, consecutive_errors=0, monitoring_suspended=False)
2025-11-27 18:33:12 | INFO | MONITOR | Paper trades checked (next in 60s)
2025-11-27 18:33:12 | INFO | MONITOR_SLEEP | Sleeping for 20s (base=20s, consecutive_errors=0, monitoring_suspended=False)
2025-11-27 18:33:32 | INFO | MONITOR_SLEEP | Sleeping for 20s (base=20s, consecutive_errors=0, monitoring_suspended=False)
2025-11-27 18:33:52 | INFO | MONITOR_SLEEP | Sleeping for 20s (base=20s, consecutive_errors=0, monitoring_suspended=False)
2025-11-27 18:34:12 | INFO | MONITOR | Paper trades checked (next in 60s)
2025-11-27 18:34:12 | INFO | MONITOR_SLEEP | Sleeping for 20s (base=20s, consecutive_errors=0, monitoring_suspended=False)
2025-11-27 18:34:32 | INFO | MONITOR_SLEEP | Sleeping for 20s (base=20s, consecutive_errors=0, monitoring_suspended=False)
2025-11-27 18:34:52 | INFO | MONITOR_SLEEP | Sleeping for 20s (base=20s, consecutive_errors=0, monitoring_suspended=False)
2025-11-27 18:35:12 | INFO | MONITOR | Paper trades checked (next in 60s)
2025-11-27 18:35:12 | INFO | MONITOR_SLEEP | Sleeping for 20s (base=20s, consecutive_errors=0, monitoring_suspended=False)
2025-11-27 18:35:32 | INFO | MONITOR_SLEEP | Sleeping for 20s (base=20s, consecutive_errors=0, monitoring_suspended=False)
2025-11-27 18:35:52 | INFO | MONITOR_SLEEP | Sleeping for 20s (base=20s, consecutive_errors=0, monitoring_suspended=False)
2025-11-27 18:36:12 | INFO | MONITOR | Paper trades checked (next in 60s)
2025-11-27 18:36:12 | INFO | MONITOR_SLEEP | Sleeping for 20s (base=20s, consecutive_errors=0, monitoring_suspended=False)
2025-11-27 18:36:32 | INFO | MONITOR_SLEEP | Sleeping for 20s (base=20s, consecutive_errors=0, monitoring_suspended=False)
2025-11-27 18:36:52 | INFO | MONITOR_SLEEP | Sleeping for 20s (base=20s, consecutive_errors=0, monitoring_suspended=False)
2025-11-27 18:37:12 | INFO | MONITOR | Paper trades checked (next in 60s)
2025-11-27 18:37:12 | INFO | MONITOR_SLEEP | Sleeping for 20s (base=20s, consecutive_errors=0, monitoring_suspended=False)
2025-11-27 18:37:32 | INFO | MONITOR_SLEEP | Sleeping for 20s (base=20s, consecutive_errors=0, monitoring_suspended=False)
2025-11-27 18:37:52 | INFO | MONITOR_SLEEP | Sleeping for 20s (base=20s, consecutive_errors=0, monitoring_suspended=False)
2025-11-27 18:38:12 | INFO | MONITOR | Paper trades checked (next in 60s)
2025-11-27 18:38:12 | INFO | MONITOR_SLEEP | Sleeping for 20s (base=20s, consecutive_errors=0, monitoring_suspended=False)
2025-11-27 18:38:32 | INFO | MONITOR_SLEEP | Sleeping for 20s (base=20s, consecutive_errors=0, monitoring_suspended=False)
2025-11-27 18:38:52 | INFO | MONITOR_SLEEP | Sleeping for 20s (base=20s, consecutive_errors=0, monitoring_suspended=False)
2025-11-27 18:39:12 | INFO | MONITOR | Paper trades checked (next in 60s)
2025-11-27 18:39:12 | INFO | MONITOR_SLEEP | Sleeping for 20s (base=20s, consecutive_errors=0, monitoring_suspended=False)
2025-11-27 18:39:32 | INFO | MONITOR_SLEEP | Sleeping for 20s (base=20s, consecutive_errors=0, monitoring_suspended=False)
2025-11-27 18:39:52 | INFO | MONITOR_SLEEP | Sleeping for 20s (base=20s, consecutive_errors=0, monitoring_suspended=False)
2025-11-27 18:40:12 | INFO | MONITOR | Paper trades checked (next in 60s)
2025-11-27 18:40:12 | INFO | MONITOR_SLEEP | Sleeping for 20s (base=20s, consecutive_errors=0, monitoring_suspended=False)
2025-11-27 18:40:32 | INFO | MONITOR_SLEEP | Sleeping for 20s (base=20s, consecutive_errors=0, monitoring_suspended=False)
2025-11-27 18:40:52 | INFO | MONITOR_SLEEP | Sleeping for 20s (base=20s, consecutive_errors=0, monitoring_suspended=False)
2025-11-27 18:41:12 | INFO | MONITOR | Paper trades checked (next in 60s)
2025-11-27 18:41:12 | INFO | MONITOR_SLEEP | Sleeping for 20s (base=20s, consecutive_errors=0, monitoring_suspended=False)
2025-11-27 18:41:32 | INFO | MONITOR_SLEEP | Sleeping for 20s (base=20s, consecutive_errors=0, monitoring_suspended=False)
2025-11-27 18:41:52 | INFO | MONITOR_SLEEP | Sleeping for 20s (base=20s, consecutive_errors=0, monitoring_suspended=False)
2025-11-27 18:42:12 | INFO | MONITOR | Paper trades checked (next in 60s)
2025-11-27 18:42:12 | INFO | MONITOR_SLEEP | Sleeping for 20s (base=20s, consecutive_errors=0, monitoring_suspended=False)
2025-11-27 18:42:32 | INFO | MONITOR_SLEEP | Sleeping for 20s (base=20s, consecutive_errors=0, monitoring_suspended=False)
2025-11-27 18:42:52 | INFO | MONITOR_SLEEP | Sleeping for 20s (base=20s, consecutive_errors=0, monitoring_suspended=False)
2025-11-27 18:43:12 | INFO | MONITOR | Paper trades checked (next in 60s)
2025-11-27 18:43:12 | INFO | MONITOR_SLEEP | Sleeping for 20s (base=20s, consecutive_errors=0, monitoring_suspended=False)
2025-11-27 18:43:32 | INFO | MONITOR_SLEEP | Sleeping for 20s (base=20s, consecutive_errors=0, monitoring_suspended=False)
2025-11-27 18:43:52 | INFO | MONITOR_SLEEP | Sleeping for 20s (base=20s, consecutive_errors=0, monitoring_suspended=False)
2025-11-27 18:44:12 | INFO | MONITOR | Paper trades checked (next in 60s)
2025-11-27 18:44:12 | INFO | MONITOR_SLEEP | Sleeping for 20s (base=20s, consecutive_errors=0, monitoring_suspended=False)
2025-11-27 18:44:32 | INFO | MONITOR_SLEEP | Sleeping for 20s (base=20s, consecutive_errors=0, monitoring_suspended=False)
2025-11-27 18:44:52 | INFO | MONITOR_SLEEP | Sleeping for 20s (base=20s, consecutive_errors=0, monitoring_suspended=False)
2025-11-27 18:45:12 | INFO | MONITOR | Paper trades checked (next in 60s)
2025-11-27 18:45:12 | INFO | MONITOR_SLEEP | Sleeping for 20s (base=20s, consecutive_errors=0, monitoring_suspended=False)
2025-11-27 18:45:32 | INFO | MONITOR_SLEEP | Sleeping for 20s (base=20s, consecutive_errors=0, monitoring_suspended=False)
2025-11-27 18:45:52 | INFO | MONITOR_SLEEP | Sleeping for 20s (base=20s, consecutive_errors=0, monitoring_suspended=False)
2025-11-27 18:46:12 | INFO | MONITOR | Paper trades checked (next in 60s)
2025-11-27 18:46:12 | INFO | MONITOR_SLEEP | Sleeping for 20s (base=20s, consecutive_errors=0, monitoring_suspended=False)
2025-11-27 18:46:32 | INFO | MONITOR_SLEEP | Sleeping for 20s (base=20s, consecutive_errors=0, monitoring_suspended=False)
2025-11-27 18:46:52 | INFO | MONITOR_SLEEP | Sleeping for 20s (base=20s, consecutive_errors=0, monitoring_suspended=False)
2025-11-27 18:47:12 | INFO | MONITOR | Paper trades checked (next in 60s)
2025-11-27 18:47:12 | INFO | MONITOR_SLEEP | Sleeping for 20s (base=20s, consecutive_errors=0, monitoring_suspended=False)
2025-11-27 18:47:32 | INFO | MONITOR_SLEEP | Sleeping for 20s (base=20s, consecutive_errors=0, monitoring_suspended=False)
2025-11-27 18:47:52 | INFO | MONITOR_SLEEP | Sleeping for 20s (base=20s, consecutive_errors=0, monitoring_suspended=False)
2025-11-27 18:48:12 | INFO | MONITOR | Paper trades checked (next in 60s)
2025-11-27 18:48:12 | INFO | MONITOR_SLEEP | Sleeping for 20s (base=20s, consecutive_errors=0, monitoring_suspended=False)
2025-11-27 18:48:32 | INFO | MONITOR_SLEEP | Sleeping for 20s (base=20s, consecutive_errors=0, monitoring_suspended=False)
2025-11-27 18:48:52 | INFO | MONITOR_SLEEP | Sleeping for 20s (base=20s, consecutive_errors=0, monitoring_suspended=False)
2025-11-27 18:49:12 | INFO | MONITOR | Paper trades checked (next in 60s)
2025-11-27 18:49:12 | INFO | MONITOR_SLEEP | Sleeping for 20s (base=20s, consecutive_errors=0, monitoring_suspended=False)
2025-11-27 18:49:32 | INFO | MONITOR_SLEEP | Sleeping for 20s (base=20s, consecutive_errors=0, monitoring_suspended=False)
2025-11-27 18:49:52 | INFO | MONITOR_SLEEP | Sleeping for 20s (base=20s, consecutive_errors=0, monitoring_suspended=False)
2025-11-27 18:50:12 | INFO | MONITOR | Paper trades checked (next in 60s)
2025-11-27 18:50:12 | INFO | MONITOR_SLEEP | Sleeping for 20s (base=20s, consecutive_errors=0, monitoring_suspended=False)
2025-11-27 18:50:32 | INFO | MONITOR_SLEEP | Sleeping for 20s (base=20s, consecutive_errors=0, monitoring_suspended=False)
2025-11-27 18:50:52 | INFO | MONITOR_SLEEP | Sleeping for 20s (base=20s, consecutive_errors=0, monitoring_suspended=False)
2025-11-27 18:51:12 | INFO | MONITOR | Paper trades checked (next in 60s)
2025-11-27 18:51:12 | INFO | MONITOR_SLEEP | Sleeping for 20s (base=20s, consecutive_errors=0, monitoring_suspended=False)
2025-11-27 18:51:32 | INFO | MONITOR_SLEEP | Sleeping for 20s (base=20s, consecutive_errors=0, monitoring_suspended=False)
2025-11-27 18:51:52 | INFO | MONITOR_SLEEP | Sleeping for 20s (base=20s, consecutive_errors=0, monitoring_suspended=False)
2025-11-27 18:52:12 | INFO | MONITOR | Paper trades checked (next in 60s)
2025-11-27 18:52:12 | INFO | MONITOR_SLEEP | Sleeping for 20s (base=20s, consecutive_errors=0, monitoring_suspended=False)
2025-11-27 18:52:32 | INFO | MONITOR_SLEEP | Sleeping for 20s (base=20s, consecutive_errors=0, monitoring_suspended=False)
2025-11-27 18:52:52 | INFO | MONITOR_SLEEP | Sleeping for 20s (base=20s, consecutive_errors=0, monitoring_suspended=False)
2025-11-27 18:53:12 | INFO | MONITOR | Paper trades checked (next in 60s)
2025-11-27 18:53:12 | INFO | MONITOR_SLEEP | Sleeping for 20s (base=20s, consecutive_errors=0, monitoring_suspended=False)
2025-11-27 18:53:32 | INFO | MONITOR_SLEEP | Sleeping for 20s (base=20s, consecutive_errors=0, monitoring_suspended=False)
2025-11-27 18:53:52 | INFO | MONITOR_SLEEP | Sleeping for 20s (base=20s, consecutive_errors=0, monitoring_suspended=False)
2025-11-27 18:54:12 | INFO | MONITOR | Paper trades checked (next in 60s)
2025-11-27 18:54:12 | INFO | MONITOR_SLEEP | Sleeping for 20s (base=20s, consecutive_errors=0, monitoring_suspended=False)
2025-11-27 18:54:32 | INFO | MONITOR_SLEEP | Sleeping for 20s (base=20s, consecutive_errors=0, monitoring_suspended=False)
2025-11-27 18:54:52 | INFO | MONITOR_SLEEP | Sleeping for 20s (base=20s, consecutive_errors=0, monitoring_suspended=False)
2025-11-27 18:55:12 | INFO | MONITOR | Paper trades checked (next in 60s)
2025-11-27 18:55:12 | INFO | MONITOR_SLEEP | Sleeping for 20s (base=20s, consecutive_errors=0, monitoring_suspended=False)
2025-11-27 18:55:32 | INFO | MONITOR_SLEEP | Sleeping for 20s (base=20s, consecutive_errors=0, monitoring_suspended=False)
2025-11-27 18:55:52 | INFO | MONITOR_SLEEP | Sleeping for 20s (base=20s, consecutive_errors=0, monitoring_suspended=False)
2025-11-27 18:56:12 | INFO | MONITOR | Paper trades checked (next in 60s)
2025-11-27 18:56:12 | INFO | MONITOR_SLEEP | Sleeping for 20s (base=20s, consecutive_errors=0, monitoring_suspended=False)
2025-11-27 18:56:32 | INFO | MONITOR_SLEEP | Sleeping for 20s (base=20s, consecutive_errors=0, monitoring_suspended=False)
2025-11-27 18:56:52 | INFO | MONITOR_SLEEP | Sleeping for 20s (base=20s, consecutive_errors=0, monitoring_suspended=False)
2025-11-27 18:57:12 | INFO | MONITOR | Paper trades checked (next in 60s)
2025-11-27 18:57:12 | INFO | MONITOR_SLEEP | Sleeping for 20s (base=20s, consecutive_errors=0, monitoring_suspended=False)
2025-11-27 18:57:32 | INFO | MONITOR_SLEEP | Sleeping for 20s (base=20s, consecutive_errors=0, monitoring_suspended=False)
2025-11-27 18:57:52 | INFO | MONITOR_SLEEP | Sleeping for 20s (base=20s, consecutive_errors=0, monitoring_suspended=False)
2025-11-27 18:58:12 | INFO | MONITOR | Paper trades checked (next in 60s)
2025-11-27 18:58:12 | INFO | MONITOR_SLEEP | Sleeping for 20s (base=20s, consecutive_errors=0, monitoring_suspended=False)
2025-11-27 18:58:32 | INFO | MONITOR_SLEEP | Sleeping for 20s (base=20s, consecutive_errors=0, monitoring_suspended=False)
2025-11-27 18:58:52 | INFO | MONITOR_SLEEP | Sleeping for 20s (base=20s, consecutive_errors=0, monitoring_suspended=False)
2025-11-27 18:59:12 | INFO | MONITOR | Paper trades checked (next in 60s)
2025-11-27 18:59:12 | INFO | MONITOR_SLEEP | Sleeping for 20s (base=20s, consecutive_errors=0, monitoring_suspended=False)
2025-11-27 18:59:32 | INFO | MONITOR_SLEEP | Sleeping for 20s (base=20s, consecutive_errors=0, monitoring_suspended=False)
2025-11-27 18:59:52 | INFO | MONITOR_SLEEP | Sleeping for 20s (base=20s, consecutive_errors=0, monitoring_suspended=False)
2025-11-27 19:00:12 | INFO | MONITOR | Paper trades checked (next in 60s)
2025-11-27 19:00:12 | INFO | MONITOR_SLEEP | Sleeping for 20s (base=20s, consecutive_errors=0, monitoring_suspended=False)
2025-11-27 19:00:32 | INFO | MONITOR_SLEEP | Sleeping for 20s (base=20s, consecutive_errors=0, monitoring_suspended=False)
2025-11-27 19:00:52 | INFO | MONITOR_SLEEP | Sleeping for 20s (base=20s, consecutive_errors=0, monitoring_suspended=False)
2025-11-27 19:01:12 | INFO | MONITOR | Paper trades checked (next in 60s)
2025-11-27 19:01:12 | INFO | MONITOR_SLEEP | Sleeping for 20s (base=20s, consecutive_errors=0, monitoring_suspended=False)
2025-11-27 19:01:32 | INFO | MONITOR_SLEEP | Sleeping for 20s (base=20s, consecutive_errors=0, monitoring_suspended=False)
2025-11-27 19:01:52 | INFO | MONITOR_SLEEP | Sleeping for 20s (base=20s, consecutive_errors=0, monitoring_suspended=False)
2025-11-27 19:02:12 | INFO | MONITOR | Paper trades checked (next in 60s)
2025-11-27 19:02:12 | INFO | MONITOR_SLEEP | Sleeping for 20s (base=20s, consecutive_errors=0, monitoring_suspended=False)
2025-11-27 19:02:32 | INFO | MONITOR_SLEEP | Sleeping for 20s (base=20s, consecutive_errors=0, monitoring_suspended=False)
2025-11-27 19:02:52 | INFO | MONITOR_SLEEP | Sleeping for 20s (base=20s, consecutive_errors=0, monitoring_suspended=False)
2025-11-27 19:03:12 | INFO | MONITOR | Paper trades checked (next in 60s)
2025-11-27 19:03:12 | INFO | MONITOR_SLEEP | Sleeping for 20s (base=20s, consecutive_errors=0, monitoring_suspended=False)
2025-11-27 19:03:32 | INFO | MONITOR_SLEEP | Sleeping for 20s (base=20s, consecutive_errors=0, monitoring_suspended=False)
2025-11-27 19:03:52 | INFO | MONITOR_SLEEP | Sleeping for 20s (base=20s, consecutive_errors=0, monitoring_suspended=False)
2025-11-27 19:04:12 | INFO | MONITOR | Paper trades checked (next in 60s)
2025-11-27 19:04:12 | INFO | MONITOR_SLEEP | Sleeping for 20s (base=20s, consecutive_errors=0, monitoring_suspended=False)
2025-11-27 19:04:32 | INFO | MONITOR_SLEEP | Sleeping for 20s (base=20s, consecutive_errors=0, monitoring_suspended=False)
2025-11-27 19:04:52 | INFO | MONITOR_SLEEP | Sleeping for 20s (base=20s, consecutive_errors=0, monitoring_suspended=False)
2025-11-27 19:05:12 | INFO | MONITOR | Paper trades checked (next in 60s)
2025-11-27 19:05:12 | INFO | MONITOR_SLEEP | Sleeping for 20s (base=20s, consecutive_errors=0, monitoring_suspended=False)
2025-11-27 19:05:32 | INFO | MONITOR_SLEEP | Sleeping for 20s (base=20s, consecutive_errors=0, monitoring_suspended=False)
2025-11-27 19:05:52 | INFO | MONITOR_SLEEP | Sleeping for 20s (base=20s, consecutive_errors=0, monitoring_suspended=False)
2025-11-27 19:06:12 | INFO | MONITOR | Paper trades checked (next in 60s)
2025-11-27 19:06:12 | INFO | MONITOR_SLEEP | Sleeping for 20s (base=20s, consecutive_errors=0, monitoring_suspended=False)
2025-11-27 19:06:32 | INFO | MONITOR_SLEEP | Sleeping for 20s (base=20s, consecutive_errors=0, monitoring_suspended=False)
2025-11-27 19:06:52 | INFO | MONITOR_SLEEP | Sleeping for 20s (base=20s, consecutive_errors=0, monitoring_suspended=False)
2025-11-27 19:07:12 | INFO | MONITOR | Paper trades checked (next in 60s)
2025-11-27 19:07:12 | INFO | MONITOR_SLEEP | Sleeping for 20s (base=20s, consecutive_errors=0, monitoring_suspended=False)
2025-11-27 19:07:32 | INFO | MONITOR_SLEEP | Sleeping for 20s (base=20s, consecutive_errors=0, monitoring_suspended=False)
2025-11-27 19:07:52 | INFO | MONITOR_SLEEP | Sleeping for 20s (base=20s, consecutive_errors=0, monitoring_suspended=False)
2025-11-27 19:08:12 | INFO | MONITOR | Paper trades checked (next in 60s)
2025-11-27 19:08:12 | INFO | MONITOR_SLEEP | Sleeping for 20s (base=20s, consecutive_errors=0, monitoring_suspended=False)
2025-11-27 19:08:32 | INFO | MONITOR_SLEEP | Sleeping for 20s (base=20s, consecutive_errors=0, monitoring_suspended=False)
2025-11-27 19:08:52 | INFO | MONITOR_SLEEP | Sleeping for 20s (base=20s, consecutive_errors=0, monitoring_suspended=False)
2025-11-27 19:09:12 | INFO | MONITOR | Paper trades checked (next in 60s)
2025-11-27 19:09:12 | INFO | MONITOR_SLEEP | Sleeping for 20s (base=20s, consecutive_errors=0, monitoring_suspended=False)
2025-11-27 19:09:32 | INFO | MONITOR_SLEEP | Sleeping for 20s (base=20s, consecutive_errors=0, monitoring_suspended=False)
2025-11-27 19:09:52 | INFO | MONITOR_SLEEP | Sleeping for 20s (base=20s, consecutive_errors=0, monitoring_suspended=False)
2025-11-27 19:10:12 | INFO | MONITOR | Paper trades checked (next in 60s)
2025-11-27 19:10:12 | INFO | MONITOR_SLEEP | Sleeping for 20s (base=20s, consecutive_errors=0, monitoring_suspended=False)
2025-11-27 19:10:32 | INFO | MONITOR_SLEEP | Sleeping for 20s (base=20s, consecutive_errors=0, monitoring_suspended=False)
2025-11-27 19:10:52 | INFO | MONITOR_SLEEP | Sleeping for 20s (base=20s, consecutive_errors=0, monitoring_suspended=False)
2025-11-27 19:11:12 | INFO | MONITOR | Paper trades checked (next in 60s)
2025-11-27 19:11:12 | INFO | MONITOR_SLEEP | Sleeping for 20s (base=20s, consecutive_errors=0, monitoring_suspended=False)
2025-11-27 19:11:32 | INFO | MONITOR_SLEEP | Sleeping for 20s (base=20s, consecutive_errors=0, monitoring_suspended=False)
2025-11-27 19:11:52 | INFO | MONITOR_SLEEP | Sleeping for 20s (base=20s, consecutive_errors=0, monitoring_suspended=False)
2025-11-27 19:12:12 | INFO | MONITOR | Paper trades checked (next in 60s)
2025-11-27 19:12:12 | INFO | MONITOR_SLEEP | Sleeping for 20s (base=20s, consecutive_errors=0, monitoring_suspended=False)
2025-11-27 19:12:32 | INFO | MONITOR_SLEEP | Sleeping for 20s (base=20s, consecutive_errors=0, monitoring_suspended=False)
2025-11-27 19:12:52 | INFO | MONITOR_SLEEP | Sleeping for 20s (base=20s, consecutive_errors=0, monitoring_suspended=False)
2025-11-27 19:13:12 | INFO | MONITOR | Paper trades checked (next in 60s)
2025-11-27 19:13:12 | INFO | MONITOR_SLEEP | Sleeping for 20s (base=20s, consecutive_errors=0, monitoring_suspended=False)
2025-11-27 19:13:32 | INFO | MONITOR_SLEEP | Sleeping for 20s (base=20s, consecutive_errors=0, monitoring_suspended=False)
2025-11-27 19:13:52 | INFO | MONITOR_SLEEP | Sleeping for 20s (base=20s, consecutive_errors=0, monitoring_suspended=False)
2025-11-27 19:14:12 | INFO | MONITOR | Paper trades checked (next in 60s)
2025-11-27 19:14:12 | INFO | MONITOR_SLEEP | Sleeping for 20s (base=20s, consecutive_errors=0, monitoring_suspended=False)
2025-11-27 19:14:32 | INFO | MONITOR_SLEEP | Sleeping for 20s (base=20s, consecutive_errors=0, monitoring_suspended=False)
2025-11-27 19:14:52 | INFO | MONITOR_SLEEP | Sleeping for 20s (base=20s, consecutive_errors=0, monitoring_suspended=False)
2025-11-27 19:15:12 | INFO | MONITOR | Paper trades checked (next in 60s)
2025-11-27 19:15:12 | INFO | MONITOR_SLEEP | Sleeping for 20s (base=20s, consecutive_errors=0, monitoring_suspended=False)
2025-11-27 19:15:32 | INFO | MONITOR_SLEEP | Sleeping for 20s (base=20s, consecutive_errors=0, monitoring_suspended=False)
2025-11-27 19:15:52 | INFO | MONITOR_SLEEP | Sleeping for 20s (base=20s, consecutive_errors=0, monitoring_suspended=False)
2025-11-27 19:16:12 | INFO | MONITOR | Paper trades checked (next in 60s)
2025-11-27 19:16:12 | INFO | MONITOR_SLEEP | Sleeping for 20s (base=20s, consecutive_errors=0, monitoring_suspended=False)
2025-11-27 19:16:32 | INFO | MONITOR_SLEEP | Sleeping for 20s (base=20s, consecutive_errors=0, monitoring_suspended=False)
2025-11-27 19:16:52 | INFO | MONITOR_SLEEP | Sleeping for 20s (base=20s, consecutive_errors=0, monitoring_suspended=False)
2025-11-27 19:17:12 | INFO | MONITOR | Paper trades checked (next in 60s)
2025-11-27 19:17:12 | INFO | MONITOR_SLEEP | Sleeping for 20s (base=20s, consecutive_errors=0, monitoring_suspended=False)
2025-11-27 19:17:32 | INFO | MONITOR_SLEEP | Sleeping for 20s (base=20s, consecutive_errors=0, monitoring_suspended=False)
2025-11-27 19:17:52 | INFO | MONITOR_SLEEP | Sleeping for 20s (base=20s, consecutive_errors=0, monitoring_suspended=False)
2025-11-27 19:18:12 | INFO | MONITOR | Paper trades checked (next in 60s)
2025-11-27 19:18:12 | INFO | MONITOR_SLEEP | Sleeping for 20s (base=20s, consecutive_errors=0, monitoring_suspended=False)
2025-11-27 19:18:32 | INFO | MONITOR_SLEEP | Sleeping for 20s (base=20s, consecutive_errors=0, monitoring_suspended=False)
2025-11-27 19:18:52 | INFO | MONITOR_SLEEP | Sleeping for 20s (base=20s, consecutive_errors=0, monitoring_suspended=False)
2025-11-27 19:19:12 | INFO | MONITOR | Paper trades checked (next in 60s)
2025-11-27 19:19:12 | INFO | MONITOR_SLEEP | Sleeping for 20s (base=20s, consecutive_errors=0, monitoring_suspended=False)
2025-11-27 19:19:32 | INFO | MONITOR_SLEEP | Sleeping for 20s (base=20s, consecutive_errors=0, monitoring_suspended=False)
2025-11-27 19:19:52 | INFO | MONITOR_SLEEP | Sleeping for 20s (base=20s, consecutive_errors=0, monitoring_suspended=False)
2025-11-27 19:20:12 | INFO | MONITOR | Paper trades checked (next in 60s)
2025-11-27 19:20:12 | INFO | MONITOR_SLEEP | Sleeping for 20s (base=20s, consecutive_errors=0, monitoring_suspended=False)
2025-11-27 19:20:32 | INFO | MONITOR_SLEEP | Sleeping for 20s (base=20s, consecutive_errors=0, monitoring_suspended=False)
2025-11-27 19:20:52 | INFO | MONITOR_SLEEP | Sleeping for 20s (base=20s, consecutive_errors=0, monitoring_suspended=False)
2025-11-27 19:21:12 | INFO | MONITOR | Paper trades checked (next in 60s)
2025-11-27 19:21:12 | INFO | MONITOR_SLEEP | Sleeping for 20s (base=20s, consecutive_errors=0, monitoring_suspended=False)
2025-11-27 19:21:32 | INFO | MONITOR_SLEEP | Sleeping for 20s (base=20s, consecutive_errors=0, monitoring_suspended=False)
2025-11-27 19:21:52 | INFO | MONITOR_SLEEP | Sleeping for 20s (base=20s, consecutive_errors=0, monitoring_suspended=False)
2025-11-27 19:22:12 | INFO | MONITOR | Paper trades checked (next in 60s)
2025-11-27 19:22:12 | INFO | MONITOR_SLEEP | Sleeping for 20s (base=20s, consecutive_errors=0, monitoring_suspended=False)
2025-11-27 19:22:32 | INFO | MONITOR_SLEEP | Sleeping for 20s (base=20s, consecutive_errors=0, monitoring_suspended=False)
2025-11-27 19:22:52 | INFO | MONITOR_SLEEP | Sleeping for 20s (base=20s, consecutive_errors=0, monitoring_suspended=False)
2025-11-27 19:23:12 | INFO | MONITOR | Paper trades checked (next in 60s)
2025-11-27 19:23:12 | INFO | MONITOR_SLEEP | Sleeping for 20s (base=20s, consecutive_errors=0, monitoring_suspended=False)
2025-11-27 19:23:32 | INFO | MONITOR_SLEEP | Sleeping for 20s (base=20s, consecutive_errors=0, monitoring_suspended=False)
2025-11-27 19:23:52 | INFO | MONITOR_SLEEP | Sleeping for 20s (base=20s, consecutive_errors=0, monitoring_suspended=False)
2025-11-27 19:24:12 | INFO | MONITOR | Paper trades checked (next in 60s)
2025-11-27 19:24:12 | INFO | MONITOR_SLEEP | Sleeping for 20s (base=20s, consecutive_errors=0, monitoring_suspended=False)
2025-11-27 19:24:32 | INFO | MONITOR_SLEEP | Sleeping for 20s (base=20s, consecutive_errors=0, monitoring_suspended=False)
2025-11-27 19:24:52 | INFO | MONITOR_SLEEP | Sleeping for 20s (base=20s, consecutive_errors=0, monitoring_suspended=False)
2025-11-27 19:25:12 | INFO | MONITOR | Paper trades checked (next in 60s)
2025-11-27 19:25:12 | INFO | MONITOR_SLEEP | Sleeping for 20s (base=20s, consecutive_errors=0, monitoring_suspended=False)
2025-11-27 19:25:32 | INFO | MONITOR_SLEEP | Sleeping for 20s (base=20s, consecutive_errors=0, monitoring_suspended=False)
2025-11-27 19:25:52 | INFO | MONITOR_SLEEP | Sleeping for 20s (base=20s, consecutive_errors=0, monitoring_suspended=False)
2025-11-27 19:26:12 | INFO | MONITOR | Paper trades checked (next in 60s)
2025-11-27 19:26:12 | INFO | MONITOR_SLEEP | Sleeping for 20s (base=20s, consecutive_errors=0, monitoring_suspended=False)
2025-11-27 19:26:32 | INFO | MONITOR_SLEEP | Sleeping for 20s (base=20s, consecutive_errors=0, monitoring_suspended=False)
2025-11-27 19:26:52 | INFO | MONITOR_SLEEP | Sleeping for 20s (base=20s, consecutive_errors=0, monitoring_suspended=False)
2025-11-27 19:27:12 | INFO | MONITOR | Paper trades checked (next in 60s)
2025-11-27 19:27:12 | INFO | MONITOR_SLEEP | Sleeping for 20s (base=20s, consecutive_errors=0, monitoring_suspended=False)
2025-11-27 19:27:32 | INFO | MONITOR_SLEEP | Sleeping for 20s (base=20s, consecutive_errors=0, monitoring_suspended=False)
2025-11-27 19:27:52 | INFO | MONITOR_SLEEP | Sleeping for 20s (base=20s, consecutive_errors=0, monitoring_suspended=False)
2025-11-27 19:28:12 | INFO | MONITOR | Paper trades checked (next in 60s)
2025-11-27 19:28:12 | INFO | MONITOR_SLEEP | Sleeping for 20s (base=20s, consecutive_errors=0, monitoring_suspended=False)
2025-11-27 19:28:32 | INFO | MONITOR_SLEEP | Sleeping for 20s (base=20s, consecutive_errors=0, monitoring_suspended=False)
2025-11-27 19:28:52 | INFO | MONITOR_SLEEP | Sleeping for 20s (base=20s, consecutive_errors=0, monitoring_suspended=False)
2025-11-27 19:29:12 | INFO | MONITOR | Paper trades checked (next in 60s)
2025-11-27 19:29:12 | INFO | MONITOR_SLEEP | Sleeping for 20s (base=20s, consecutive_errors=0, monitoring_suspended=False)
2025-11-27 19:29:32 | INFO | MONITOR_SLEEP | Sleeping for 20s (base=20s, consecutive_errors=0, monitoring_suspended=False)
2025-11-27 19:29:52 | INFO | MONITOR_SLEEP | Sleeping for 20s (base=20s, consecutive_errors=0, monitoring_suspended=False)
2025-11-27 19:30:12 | INFO | MONITOR | Paper trades checked (next in 60s)
2025-11-27 19:30:12 | INFO | MONITOR_SLEEP | Sleeping for 20s (base=20s, consecutive_errors=0, monitoring_suspended=False)
2025-11-27 19:30:32 | INFO | MONITOR_SLEEP | Sleeping for 20s (base=20s, consecutive_errors=0, monitoring_suspended=False)
2025-11-27 19:30:52 | INFO | MONITOR_SLEEP | Sleeping for 20s (base=20s, consecutive_errors=0, monitoring_suspended=False)
2025-11-27 19:31:12 | INFO | MONITOR | Paper trades checked (next in 60s)
2025-11-27 19:31:12 | INFO | MONITOR_SLEEP | Sleeping for 20s (base=20s, consecutive_errors=0, monitoring_suspended=False)
2025-11-27 19:31:32 | INFO | MONITOR_SLEEP | Sleeping for 20s (base=20s, consecutive_errors=0, monitoring_suspended=False)
2025-11-27 19:31:52 | INFO | MONITOR_SLEEP | Sleeping for 20s (base=20s, consecutive_errors=0, monitoring_suspended=False)
2025-11-27 19:32:12 | INFO | MONITOR | Paper trades checked (next in 60s)
2025-11-27 19:32:12 | INFO | MONITOR_SLEEP | Sleeping for 20s (base=20s, consecutive_errors=0, monitoring_suspended=False)
2025-11-27 19:32:32 | INFO | MONITOR_SLEEP | Sleeping for 20s (base=20s, consecutive_errors=0, monitoring_suspended=False)
2025-11-27 19:32:52 | INFO | MONITOR_SLEEP | Sleeping for 20s (base=20s, consecutive_errors=0, monitoring_suspended=False)
2025-11-27 19:33:12 | INFO | MONITOR | Paper trades checked (next in 60s)
2025-11-27 19:33:12 | INFO | MONITOR_SLEEP | Sleeping for 20s (base=20s, consecutive_errors=0, monitoring_suspended=False)
2025-11-27 19:33:32 | INFO | MONITOR_SLEEP | Sleeping for 20s (base=20s, consecutive_errors=0, monitoring_suspended=False)
2025-11-27 19:33:52 | INFO | MONITOR_SLEEP | Sleeping for 20s (base=20s, consecutive_errors=0, monitoring_suspended=False)
2025-11-27 19:34:12 | INFO | MONITOR | Paper trades checked (next in 60s)
2025-11-27 19:34:12 | INFO | MONITOR_SLEEP | Sleeping for 20s (base=20s, consecutive_errors=0, monitoring_suspended=False)
2025-11-27 19:34:32 | INFO | MONITOR_SLEEP | Sleeping for 20s (base=20s, consecutive_errors=0, monitoring_suspended=False)
2025-11-27 19:34:52 | INFO | MONITOR_SLEEP | Sleeping for 20s (base=20s, consecutive_errors=0, monitoring_suspended=False)
2025-11-27 19:35:12 | INFO | MONITOR | Paper trades checked (next in 60s)
2025-11-27 19:35:12 | INFO | MONITOR_SLEEP | Sleeping for 20s (base=20s, consecutive_errors=0, monitoring_suspended=False)
2025-11-27 19:35:32 | INFO | MONITOR_SLEEP | Sleeping for 20s (base=20s, consecutive_errors=0, monitoring_suspended=False)
2025-11-27 19:35:52 | INFO | MONITOR_SLEEP | Sleeping for 20s (base=20s, consecutive_errors=0, monitoring_suspended=False)
2025-11-27 19:36:12 | INFO | MONITOR | Paper trades checked (next in 60s)
2025-11-27 19:36:12 | INFO | MONITOR_SLEEP | Sleeping for 20s (base=20s, consecutive_errors=0, monitoring_suspended=False)
2025-11-27 19:36:32 | INFO | MONITOR_SLEEP | Sleeping for 20s (base=20s, consecutive_errors=0, monitoring_suspended=False)
2025-11-27 19:36:52 | INFO | MONITOR_SLEEP | Sleeping for 20s (base=20s, consecutive_errors=0, monitoring_suspended=False)
2025-11-27 19:37:12 | INFO | MONITOR | Paper trades checked (next in 60s)
2025-11-27 19:37:12 | INFO | MONITOR_SLEEP | Sleeping for 20s (base=20s, consecutive_errors=0, monitoring_suspended=False)
2025-11-27 19:37:32 | INFO | MONITOR_SLEEP | Sleeping for 20s (base=20s, consecutive_errors=0, monitoring_suspended=False)
2025-11-27 19:37:52 | INFO | MONITOR_SLEEP | Sleeping for 20s (base=20s, consecutive_errors=0, monitoring_suspended=False)
2025-11-27 19:38:12 | INFO | MONITOR | Paper trades checked (next in 60s)
2025-11-27 19:38:12 | INFO | MONITOR_SLEEP | Sleeping for 20s (base=20s, consecutive_errors=0, monitoring_suspended=False)
2025-11-27 19:38:32 | INFO | MONITOR_SLEEP | Sleeping for 20s (base=20s, consecutive_errors=0, monitoring_suspended=False)
2025-11-27 19:38:52 | INFO | MONITOR_SLEEP | Sleeping for 20s (base=20s, consecutive_errors=0, monitoring_suspended=False)
2025-11-27 19:39:12 | INFO | MONITOR | Paper trades checked (next in 60s)
2025-11-27 19:39:12 | INFO | MONITOR_SLEEP | Sleeping for 20s (base=20s, consecutive_errors=0, monitoring_suspended=False)
2025-11-27 19:39:32 | INFO | MONITOR_SLEEP | Sleeping for 20s (base=20s, consecutive_errors=0, monitoring_suspended=False)
2025-11-27 19:39:52 | INFO | MONITOR_SLEEP | Sleeping for 20s (base=20s, consecutive_errors=0, monitoring_suspended=False)
2025-11-27 19:40:12 | INFO | MONITOR | Paper trades checked (next in 60s)
2025-11-27 19:40:12 | INFO | MONITOR_SLEEP | Sleeping for 20s (base=20s, consecutive_errors=0, monitoring_suspended=False)
2025-11-27 19:40:32 | INFO | MONITOR_SLEEP | Sleeping for 20s (base=20s, consecutive_errors=0, monitoring_suspended=False)
2025-11-27 19:40:52 | INFO | MONITOR_SLEEP | Sleeping for 20s (base=20s, consecutive_errors=0, monitoring_suspended=False)
2025-11-27 19:41:12 | INFO | MONITOR | Paper trades checked (next in 60s)
2025-11-27 19:41:12 | INFO | MONITOR_SLEEP | Sleeping for 20s (base=20s, consecutive_errors=0, monitoring_suspended=False)
2025-11-27 19:41:32 | INFO | MONITOR_SLEEP | Sleeping for 20s (base=20s, consecutive_errors=0, monitoring_suspended=False)
2025-11-27 19:41:52 | INFO | MONITOR_SLEEP | Sleeping for 20s (base=20s, consecutive_errors=0, monitoring_suspended=False)
2025-11-27 19:42:12 | INFO | MONITOR | Paper trades checked (next in 60s)
2025-11-27 19:42:12 | INFO | MONITOR_SLEEP | Sleeping for 20s (base=20s, consecutive_errors=0, monitoring_suspended=False)
2025-11-27 19:42:32 | INFO | MONITOR_SLEEP | Sleeping for 20s (base=20s, consecutive_errors=0, monitoring_suspended=False)
2025-11-27 19:42:52 | INFO | MONITOR_SLEEP | Sleeping for 20s (base=20s, consecutive_errors=0, monitoring_suspended=False)
2025-11-27 19:43:12 | INFO | MONITOR | Paper trades checked (next in 60s)
2025-11-27 19:43:12 | INFO | MONITOR_SLEEP | Sleeping for 20s (base=20s, consecutive_errors=0, monitoring_suspended=False)
2025-11-27 19:43:32 | INFO | MONITOR_SLEEP | Sleeping for 20s (base=20s, consecutive_errors=0, monitoring_suspended=False)
2025-11-27 19:43:52 | INFO | MONITOR_SLEEP | Sleeping for 20s (base=20s, consecutive_errors=0, monitoring_suspended=False)
2025-11-27 19:44:12 | INFO | MONITOR | Paper trades checked (next in 60s)
2025-11-27 19:44:12 | INFO | MONITOR_SLEEP | Sleeping for 20s (base=20s, consecutive_errors=0, monitoring_suspended=False)
2025-11-27 19:44:32 | INFO | MONITOR_SLEEP | Sleeping for 20s (base=20s, consecutive_errors=0, monitoring_suspended=False)
2025-11-27 19:44:52 | INFO | MONITOR_SLEEP | Sleeping for 20s (base=20s, consecutive_errors=0, monitoring_suspended=False)
2025-11-27 19:45:12 | INFO | MONITOR | Paper trades checked (next in 60s)
2025-11-27 19:45:12 | INFO | MONITOR_SLEEP | Sleeping for 20s (base=20s, consecutive_errors=0, monitoring_suspended=False)
2025-11-27 19:45:32 | INFO | MONITOR_SLEEP | Sleeping for 20s (base=20s, consecutive_errors=0, monitoring_suspended=False)
2025-11-27 19:45:52 | INFO | MONITOR_SLEEP | Sleeping for 20s (base=20s, consecutive_errors=0, monitoring_suspended=False)
2025-11-27 19:46:12 | INFO | MONITOR | Paper trades checked (next in 60s)
2025-11-27 19:46:12 | INFO | MONITOR_SLEEP | Sleeping for 20s (base=20s, consecutive_errors=0, monitoring_suspended=False)
2025-11-27 19:46:32 | INFO | MONITOR_SLEEP | Sleeping for 20s (base=20s, consecutive_errors=0, monitoring_suspended=False)
2025-11-27 19:46:52 | INFO | MONITOR_SLEEP | Sleeping for 20s (base=20s, consecutive_errors=0, monitoring_suspended=False)
2025-11-27 19:47:12 | INFO | MONITOR | Paper trades checked (next in 60s)
2025-11-27 19:47:12 | INFO | MONITOR_SLEEP | Sleeping for 20s (base=20s, consecutive_errors=0, monitoring_suspended=False)
2025-11-27 19:47:32 | INFO | MONITOR_SLEEP | Sleeping for 20s (base=20s, consecutive_errors=0, monitoring_suspended=False)
2025-11-27 19:47:52 | INFO | MONITOR_SLEEP | Sleeping for 20s (base=20s, consecutive_errors=0, monitoring_suspended=False)
2025-11-27 19:48:12 | INFO | MONITOR | Paper trades checked (next in 60s)
2025-11-27 19:48:12 | INFO | MONITOR_SLEEP | Sleeping for 20s (base=20s, consecutive_errors=0, monitoring_suspended=False)
2025-11-27 19:48:32 | INFO | MONITOR_SLEEP | Sleeping for 20s (base=20s, consecutive_errors=0, monitoring_suspended=False)
2025-11-27 19:48:52 | INFO | MONITOR_SLEEP | Sleeping for 20s (base=20s, consecutive_errors=0, monitoring_suspended=False)
2025-11-27 19:49:12 | INFO | MONITOR | Paper trades checked (next in 60s)
2025-11-27 19:49:12 | INFO | MONITOR_SLEEP | Sleeping for 20s (base=20s, consecutive_errors=0, monitoring_suspended=False)
2025-11-27 19:49:32 | INFO | MONITOR_SLEEP | Sleeping for 20s (base=20s, consecutive_errors=0, monitoring_suspended=False)
2025-11-27 19:49:52 | INFO | MONITOR_SLEEP | Sleeping for 20s (base=20s, consecutive_errors=0, monitoring_suspended=False)
2025-11-27 19:50:12 | INFO | MONITOR | Paper trades checked (next in 60s)
2025-11-27 19:50:12 | INFO | MONITOR_SLEEP | Sleeping for 20s (base=20s, consecutive_errors=0, monitoring_suspended=False)
2025-11-27 19:50:32 | INFO | MONITOR_SLEEP | Sleeping for 20s (base=20s, consecutive_errors=0, monitoring_suspended=False)
2025-11-27 19:50:52 | INFO | MONITOR_SLEEP | Sleeping for 20s (base=20s, consecutive_errors=0, monitoring_suspended=False)
2025-11-27 19:51:12 | INFO | MONITOR | Paper trades checked (next in 60s)
2025-11-27 19:51:12 | INFO | MONITOR_SLEEP | Sleeping for 20s (base=20s, consecutive_errors=0, monitoring_suspended=False)
2025-11-27 19:51:32 | INFO | MONITOR_SLEEP | Sleeping for 20s (base=20s, consecutive_errors=0, monitoring_suspended=False)
2025-11-27 19:51:52 | INFO | MONITOR_SLEEP | Sleeping for 20s (base=20s, consecutive_errors=0, monitoring_suspended=False)
2025-11-27 19:52:12 | INFO | MONITOR | Paper trades checked (next in 60s)
2025-11-27 19:52:12 | INFO | MONITOR_SLEEP | Sleeping for 20s (base=20s, consecutive_errors=0, monitoring_suspended=False)
2025-11-27 19:52:32 | INFO | MONITOR_SLEEP | Sleeping for 20s (base=20s, consecutive_errors=0, monitoring_suspended=False)
2025-11-27 19:52:52 | INFO | MONITOR_SLEEP | Sleeping for 20s (base=20s, consecutive_errors=0, monitoring_suspended=False)
2025-11-27 19:53:12 | INFO | MONITOR | Paper trades checked (next in 60s)
2025-11-27 19:53:12 | INFO | MONITOR_SLEEP | Sleeping for 20s (base=20s, consecutive_errors=0, monitoring_suspended=False)
2025-11-27 19:53:32 | INFO | MONITOR_SLEEP | Sleeping for 20s (base=20s, consecutive_errors=0, monitoring_suspended=False)
2025-11-27 19:53:52 | INFO | MONITOR_SLEEP | Sleeping for 20s (base=20s, consecutive_errors=0, monitoring_suspended=False)
2025-11-27 19:54:12 | INFO | MONITOR | Paper trades checked (next in 60s)
2025-11-27 19:54:12 | INFO | MONITOR_SLEEP | Sleeping for 20s (base=20s, consecutive_errors=0, monitoring_suspended=False)
2025-11-27 19:54:32 | INFO | MONITOR_SLEEP | Sleeping for 20s (base=20s, consecutive_errors=0, monitoring_suspended=False)
2025-11-27 19:54:52 | INFO | MONITOR_SLEEP | Sleeping for 20s (base=20s, consecutive_errors=0, monitoring_suspended=False)
2025-11-27 19:55:12 | INFO | MONITOR | Paper trades checked (next in 60s)
2025-11-27 19:55:12 | INFO | MONITOR_SLEEP | Sleeping for 20s (base=20s, consecutive_errors=0, monitoring_suspended=False)
2025-11-27 19:55:32 | INFO | MONITOR_SLEEP | Sleeping for 20s (base=20s, consecutive_errors=0, monitoring_suspended=False)
2025-11-27 19:55:52 | INFO | MONITOR_SLEEP | Sleeping for 20s (base=20s, consecutive_errors=0, monitoring_suspended=False)
2025-11-27 19:56:12 | INFO | MONITOR | Paper trades checked (next in 60s)
2025-11-27 19:56:12 | INFO | MONITOR_SLEEP | Sleeping for 20s (base=20s, consecutive_errors=0, monitoring_suspended=False)
2025-11-27 19:56:32 | INFO | MONITOR_SLEEP | Sleeping for 20s (base=20s, consecutive_errors=0, monitoring_suspended=False)
2025-11-27 19:56:52 | INFO | MONITOR_SLEEP | Sleeping for 20s (base=20s, consecutive_errors=0, monitoring_suspended=False)
2025-11-27 19:57:12 | INFO | MONITOR | Paper trades checked (next in 60s)
2025-11-27 19:57:12 | INFO | MONITOR_SLEEP | Sleeping for 20s (base=20s, consecutive_errors=0, monitoring_suspended=False)
2025-11-27 19:57:32 | INFO | MONITOR_SLEEP | Sleeping for 20s (base=20s, consecutive_errors=0, monitoring_suspended=False)
2025-11-27 19:57:52 | INFO | MONITOR_SLEEP | Sleeping for 20s (base=20s, consecutive_errors=0, monitoring_suspended=False)
2025-11-27 19:58:12 | INFO | MONITOR | Paper trades checked (next in 60s)
2025-11-27 19:58:12 | INFO | MONITOR_SLEEP | Sleeping for 20s (base=20s, consecutive_errors=0, monitoring_suspended=False)
2025-11-27 19:58:32 | INFO | MONITOR_SLEEP | Sleeping for 20s (base=20s, consecutive_errors=0, monitoring_suspended=False)
2025-11-27 19:58:52 | INFO | MONITOR_SLEEP | Sleeping for 20s (base=20s, consecutive_errors=0, monitoring_suspended=False)
2025-11-27 19:59:12 | INFO | MONITOR | Paper trades checked (next in 60s)
2025-11-27 19:59:12 | INFO | MONITOR_SLEEP | Sleeping for 20s (base=20s, consecutive_errors=0, monitoring_suspended=False)
2025-11-27 19:59:32 | INFO | MONITOR_SLEEP | Sleeping for 20s (base=20s, consecutive_errors=0, monitoring_suspended=False)
2025-11-27 19:59:52 | INFO | MONITOR_SLEEP | Sleeping for 20s (base=20s, consecutive_errors=0, monitoring_suspended=False)
2025-11-27 20:00:12 | INFO | MONITOR | Paper trades checked (next in 60s)
2025-11-27 20:00:12 | INFO | MONITOR_SLEEP | Sleeping for 20s (base=20s, consecutive_errors=0, monitoring_suspended=False)
2025-11-27 20:00:32 | INFO | MONITOR_SLEEP | Sleeping for 20s (base=20s, consecutive_errors=0, monitoring_suspended=False)
2025-11-27 20:00:52 | INFO | MONITOR_SLEEP | Sleeping for 20s (base=20s, consecutive_errors=0, monitoring_suspended=False)
2025-11-27 20:01:12 | INFO | MONITOR | Paper trades checked (next in 60s)
2025-11-27 20:01:12 | INFO | MONITOR_SLEEP | Sleeping for 20s (base=20s, consecutive_errors=0, monitoring_suspended=False)
2025-11-27 20:01:32 | INFO | MONITOR_SLEEP | Sleeping for 20s (base=20s, consecutive_errors=0, monitoring_suspended=False)
2025-11-27 20:01:52 | INFO | MONITOR_SLEEP | Sleeping for 20s (base=20s, consecutive_errors=0, monitoring_suspended=False)
2025-11-27 20:02:12 | INFO | MONITOR | Paper trades checked (next in 60s)
2025-11-27 20:02:12 | INFO | MONITOR_SLEEP | Sleeping for 20s (base=20s, consecutive_errors=0, monitoring_suspended=False)
2025-11-27 20:02:32 | INFO | MONITOR_SLEEP | Sleeping for 20s (base=20s, consecutive_errors=0, monitoring_suspended=False)
2025-11-27 20:02:52 | INFO | MONITOR_SLEEP | Sleeping for 20s (base=20s, consecutive_errors=0, monitoring_suspended=False)
2025-11-27 20:03:12 | INFO | MONITOR | Paper trades checked (next in 60s)
2025-11-27 20:03:12 | INFO | MONITOR_SLEEP | Sleeping for 20s (base=20s, consecutive_errors=0, monitoring_suspended=False)
2025-11-27 20:03:32 | INFO | MONITOR_SLEEP | Sleeping for 20s (base=20s, consecutive_errors=0, monitoring_suspended=False)
2025-11-27 20:03:52 | INFO | MONITOR_SLEEP | Sleeping for 20s (base=20s, consecutive_errors=0, monitoring_suspended=False)
2025-11-27 20:04:12 | INFO | MONITOR | Paper trades checked (next in 60s)
2025-11-27 20:04:12 | INFO | MONITOR_SLEEP | Sleeping for 20s (base=20s, consecutive_errors=0, monitoring_suspended=False)
2025-11-27 20:04:32 | INFO | MONITOR_SLEEP | Sleeping for 20s (base=20s, consecutive_errors=0, monitoring_suspended=False)
2025-11-27 20:04:52 | INFO | MONITOR_SLEEP | Sleeping for 20s (base=20s, consecutive_errors=0, monitoring_suspended=False)
2025-11-27 20:05:12 | INFO | MONITOR | Paper trades checked (next in 60s)
2025-11-27 20:05:12 | INFO | MONITOR_SLEEP | Sleeping for 20s (base=20s, consecutive_errors=0, monitoring_suspended=False)
2025-11-27 20:05:32 | INFO | MONITOR_SLEEP | Sleeping for 20s (base=20s, consecutive_errors=0, monitoring_suspended=False)
2025-11-27 20:05:52 | INFO | MONITOR_SLEEP | Sleeping for 20s (base=20s, consecutive_errors=0, monitoring_suspended=False)
2025-11-27 20:06:12 | INFO | MONITOR | Paper trades checked (next in 60s)
2025-11-27 20:06:12 | INFO | MONITOR_SLEEP | Sleeping for 20s (base=20s, consecutive_errors=0, monitoring_suspended=False)
2025-11-27 20:06:32 | INFO | MONITOR_SLEEP | Sleeping for 20s (base=20s, consecutive_errors=0, monitoring_suspended=False)
2025-11-27 20:06:52 | INFO | MONITOR_SLEEP | Sleeping for 20s (base=20s, consecutive_errors=0, monitoring_suspended=False)
2025-11-27 20:07:12 | INFO | MONITOR | Paper trades checked (next in 60s)
2025-11-27 20:07:12 | INFO | MONITOR_SLEEP | Sleeping for 20s (base=20s, consecutive_errors=0, monitoring_suspended=False)
2025-11-27 20:07:32 | INFO | MONITOR_SLEEP | Sleeping for 20s (base=20s, consecutive_errors=0, monitoring_suspended=False)
2025-11-27 20:07:52 | INFO | MONITOR_SLEEP | Sleeping for 20s (base=20s, consecutive_errors=0, monitoring_suspended=False)
2025-11-27 20:08:12 | INFO | MONITOR | Paper trades checked (next in 60s)
2025-11-27 20:08:12 | INFO | MONITOR_SLEEP | Sleeping for 20s (base=20s, consecutive_errors=0, monitoring_suspended=False)
2025-11-27 20:08:32 | INFO | MONITOR_SLEEP | Sleeping for 20s (base=20s, consecutive_errors=0, monitoring_suspended=False)
2025-11-27 20:08:52 | INFO | MONITOR_SLEEP | Sleeping for 20s (base=20s, consecutive_errors=0, monitoring_suspended=False)
2025-11-27 20:09:12 | INFO | MONITOR | Paper trades checked (next in 60s)
2025-11-27 20:09:12 | INFO | MONITOR_SLEEP | Sleeping for 20s (base=20s, consecutive_errors=0, monitoring_suspended=False)
2025-11-27 20:09:32 | INFO | MONITOR_SLEEP | Sleeping for 20s (base=20s, consecutive_errors=0, monitoring_suspended=False)
2025-11-27 20:09:52 | INFO | MONITOR_SLEEP | Sleeping for 20s (base=20s, consecutive_errors=0, monitoring_suspended=False)
2025-11-27 20:10:12 | INFO | MONITOR | Paper trades checked (next in 60s)
2025-11-27 20:10:12 | INFO | MONITOR_SLEEP | Sleeping for 20s (base=20s, consecutive_errors=0, monitoring_suspended=False)
2025-11-27 20:10:32 | INFO | MONITOR_SLEEP | Sleeping for 20s (base=20s, consecutive_errors=0, monitoring_suspended=False)
2025-11-27 20:10:52 | INFO | MONITOR_SLEEP | Sleeping for 20s (base=20s, consecutive_errors=0, monitoring_suspended=False)
2025-11-27 20:11:12 | INFO | MONITOR | Paper trades checked (next in 60s)
2025-11-27 20:11:12 | INFO | MONITOR_SLEEP | Sleeping for 20s (base=20s, consecutive_errors=0, monitoring_suspended=False)
2025-11-27 20:11:32 | INFO | MONITOR_SLEEP | Sleeping for 20s (base=20s, consecutive_errors=0, monitoring_suspended=False)
2025-11-27 20:11:52 | INFO | MONITOR_SLEEP | Sleeping for 20s (base=20s, consecutive_errors=0, monitoring_suspended=False)
2025-11-27 20:12:12 | INFO | MONITOR | Paper trades checked (next in 60s)
2025-11-27 20:12:12 | INFO | MONITOR_SLEEP | Sleeping for 20s (base=20s, consecutive_errors=0, monitoring_suspended=False)
2025-11-27 20:12:32 | INFO | MONITOR_SLEEP | Sleeping for 20s (base=20s, consecutive_errors=0, monitoring_suspended=False)
2025-11-27 20:12:52 | INFO | MONITOR_SLEEP | Sleeping for 20s (base=20s, consecutive_errors=0, monitoring_suspended=False)
2025-11-27 20:13:12 | INFO | MONITOR | Paper trades checked (next in 60s)
2025-11-27 20:13:12 | INFO | MONITOR_SLEEP | Sleeping for 20s (base=20s, consecutive_errors=0, monitoring_suspended=False)
2025-11-27 20:13:32 | INFO | MONITOR_SLEEP | Sleeping for 20s (base=20s, consecutive_errors=0, monitoring_suspended=False)
2025-11-27 20:13:52 | INFO | MONITOR_SLEEP | Sleeping for 20s (base=20s, consecutive_errors=0, monitoring_suspended=False)
2025-11-27 20:14:12 | INFO | MONITOR | Paper trades checked (next in 60s)
2025-11-27 20:14:12 | INFO | MONITOR_SLEEP | Sleeping for 20s (base=20s, consecutive_errors=0, monitoring_suspended=False)
2025-11-27 20:14:32 | INFO | MONITOR_SLEEP | Sleeping for 20s (base=20s, consecutive_errors=0, monitoring_suspended=False)
2025-11-27 20:14:52 | INFO | MONITOR_SLEEP | Sleeping for 20s (base=20s, consecutive_errors=0, monitoring_suspended=False)
2025-11-27 20:15:12 | INFO | MONITOR | Paper trades checked (next in 60s)
2025-11-27 20:15:12 | INFO | MONITOR_SLEEP | Sleeping for 20s (base=20s, consecutive_errors=0, monitoring_suspended=False)
2025-11-27 20:15:32 | INFO | MONITOR_SLEEP | Sleeping for 20s (base=20s, consecutive_errors=0, monitoring_suspended=False)
2025-11-27 20:15:52 | INFO | MONITOR_SLEEP | Sleeping for 20s (base=20s, consecutive_errors=0, monitoring_suspended=False)
2025-11-27 20:16:12 | INFO | MONITOR | Paper trades checked (next in 60s)
2025-11-27 20:16:12 | INFO | MONITOR_SLEEP | Sleeping for 20s (base=20s, consecutive_errors=0, monitoring_suspended=False)
2025-11-27 20:16:32 | INFO | MONITOR_SLEEP | Sleeping for 20s (base=20s, consecutive_errors=0, monitoring_suspended=False)
2025-11-27 20:16:52 | INFO | MONITOR_SLEEP | Sleeping for 20s (base=20s, consecutive_errors=0, monitoring_suspended=False)
2025-11-27 20:17:12 | INFO | MONITOR | Paper trades checked (next in 60s)
2025-11-27 20:17:12 | INFO | MONITOR_SLEEP | Sleeping for 20s (base=20s, consecutive_errors=0, monitoring_suspended=False)
2025-11-27 20:17:32 | INFO | MONITOR_SLEEP | Sleeping for 20s (base=20s, consecutive_errors=0, monitoring_suspended=False)
2025-11-27 20:17:52 | INFO | MONITOR_SLEEP | Sleeping for 20s (base=20s, consecutive_errors=0, monitoring_suspended=False)
2025-11-27 20:18:12 | INFO | MONITOR | Paper trades checked (next in 60s)
2025-11-27 20:18:12 | INFO | MONITOR_SLEEP | Sleeping for 20s (base=20s, consecutive_errors=0, monitoring_suspended=False)
2025-11-27 20:18:32 | INFO | MONITOR_SLEEP | Sleeping for 20s (base=20s, consecutive_errors=0, monitoring_suspended=False)
2025-11-27 20:18:52 | INFO | MONITOR_SLEEP | Sleeping for 20s (base=20s, consecutive_errors=0, monitoring_suspended=False)
2025-11-27 20:19:12 | INFO | MONITOR | Paper trades checked (next in 60s)
2025-11-27 20:19:12 | INFO | MONITOR_SLEEP | Sleeping for 20s (base=20s, consecutive_errors=0, monitoring_suspended=False)
2025-11-27 20:19:32 | INFO | MONITOR_SLEEP | Sleeping for 20s (base=20s, consecutive_errors=0, monitoring_suspended=False)
2025-11-27 20:19:52 | INFO | MONITOR_SLEEP | Sleeping for 20s (base=20s, consecutive_errors=0, monitoring_suspended=False)
2025-11-27 20:20:12 | INFO | MONITOR | Paper trades checked (next in 60s)
2025-11-27 20:20:12 | INFO | MONITOR_SLEEP | Sleeping for 20s (base=20s, consecutive_errors=0, monitoring_suspended=False)
2025-11-27 20:20:32 | INFO | MONITOR_SLEEP | Sleeping for 20s (base=20s, consecutive_errors=0, monitoring_suspended=False)
2025-11-27 20:20:52 | INFO | MONITOR_SLEEP | Sleeping for 20s (base=20s, consecutive_errors=0, monitoring_suspended=False)
2025-11-27 20:21:12 | INFO | MONITOR | Paper trades checked (next in 60s)
2025-11-27 20:21:12 | INFO | MONITOR_SLEEP | Sleeping for 20s (base=20s, consecutive_errors=0, monitoring_suspended=False)
2025-11-27 20:21:32 | INFO | MONITOR_SLEEP | Sleeping for 20s (base=20s, consecutive_errors=0, monitoring_suspended=False)
2025-11-27 20:21:52 | INFO | MONITOR_SLEEP | Sleeping for 20s (base=20s, consecutive_errors=0, monitoring_suspended=False)
2025-11-27 20:22:12 | INFO | MONITOR | Paper trades checked (next in 60s)
2025-11-27 20:22:12 | INFO | MONITOR_SLEEP | Sleeping for 20s (base=20s, consecutive_errors=0, monitoring_suspended=False)
2025-11-27 20:22:32 | INFO | MONITOR_SLEEP | Sleeping for 20s (base=20s, consecutive_errors=0, monitoring_suspended=False)
2025-11-27 20:22:52 | INFO | MONITOR_SLEEP | Sleeping for 20s (base=20s, consecutive_errors=0, monitoring_suspended=False)
2025-11-27 20:23:12 | INFO | MONITOR | Paper trades checked (next in 60s)
2025-11-27 20:23:12 | INFO | MONITOR_SLEEP | Sleeping for 20s (base=20s, consecutive_errors=0, monitoring_suspended=False)
2025-11-27 20:23:32 | INFO | MONITOR_SLEEP | Sleeping for 20s (base=20s, consecutive_errors=0, monitoring_suspended=False)
2025-11-27 20:23:52 | INFO | MONITOR_SLEEP | Sleeping for 20s (base=20s, consecutive_errors=0, monitoring_suspended=False)
2025-11-27 20:24:12 | INFO | MONITOR | Paper trades checked (next in 60s)
2025-11-27 20:24:12 | INFO | MONITOR_SLEEP | Sleeping for 20s (base=20s, consecutive_errors=0, monitoring_suspended=False)
2025-11-27 20:24:32 | INFO | MONITOR_SLEEP | Sleeping for 20s (base=20s, consecutive_errors=0, monitoring_suspended=False)
2025-11-27 20:24:52 | INFO | MONITOR_SLEEP | Sleeping for 20s (base=20s, consecutive_errors=0, monitoring_suspended=False)
2025-11-27 20:25:12 | INFO | MONITOR | Paper trades checked (next in 60s)
2025-11-27 20:25:12 | INFO | MONITOR_SLEEP | Sleeping for 20s (base=20s, consecutive_errors=0, monitoring_suspended=False)
2025-11-27 20:25:32 | INFO | MONITOR_SLEEP | Sleeping for 20s (base=20s, consecutive_errors=0, monitoring_suspended=False)
2025-11-27 20:25:52 | INFO | MONITOR_SLEEP | Sleeping for 20s (base=20s, consecutive_errors=0, monitoring_suspended=False)
2025-11-27 20:26:12 | INFO | MONITOR | Paper trades checked (next in 60s)
2025-11-27 20:26:12 | INFO | MONITOR_SLEEP | Sleeping for 20s (base=20s, consecutive_errors=0, monitoring_suspended=False)
2025-11-27 20:26:32 | INFO | MONITOR_SLEEP | Sleeping for 20s (base=20s, consecutive_errors=0, monitoring_suspended=False)
2025-11-27 20:26:52 | INFO | MONITOR_SLEEP | Sleeping for 20s (base=20s, consecutive_errors=0, monitoring_suspended=False)
2025-11-27 20:27:12 | INFO | MONITOR | Paper trades checked (next in 60s)
2025-11-27 20:27:12 | INFO | MONITOR_SLEEP | Sleeping for 20s (base=20s, consecutive_errors=0, monitoring_suspended=False)
2025-11-27 20:27:32 | INFO | MONITOR_SLEEP | Sleeping for 20s (base=20s, consecutive_errors=0, monitoring_suspended=False)
2025-11-27 20:27:52 | INFO | MONITOR_SLEEP | Sleeping for 20s (base=20s, consecutive_errors=0, monitoring_suspended=False)
2025-11-27 20:28:12 | INFO | MONITOR | Paper trades checked (next in 60s)
2025-11-27 20:28:12 | INFO | MONITOR_SLEEP | Sleeping for 20s (base=20s, consecutive_errors=0, monitoring_suspended=False)
2025-11-27 20:28:32 | INFO | MONITOR_SLEEP | Sleeping for 20s (base=20s, consecutive_errors=0, monitoring_suspended=False)
2025-11-27 20:28:52 | INFO | MONITOR_SLEEP | Sleeping for 20s (base=20s, consecutive_errors=0, monitoring_suspended=False)
2025-11-27 20:29:12 | INFO | MONITOR | Paper trades checked (next in 60s)
2025-11-27 20:29:12 | INFO | MONITOR_SLEEP | Sleeping for 20s (base=20s, consecutive_errors=0, monitoring_suspended=False)
2025-11-27 20:29:32 | INFO | MONITOR_SLEEP | Sleeping for 20s (base=20s, consecutive_errors=0, monitoring_suspended=False)
2025-11-27 20:29:52 | INFO | MONITOR_SLEEP | Sleeping for 20s (base=20s, consecutive_errors=0, monitoring_suspended=False)
2025-11-27 20:30:12 | INFO | MONITOR | Paper trades checked (next in 60s)
2025-11-27 20:30:12 | INFO | MONITOR_SLEEP | Sleeping for 20s (base=20s, consecutive_errors=0, monitoring_suspended=False)
2025-11-27 20:30:32 | INFO | MONITOR_SLEEP | Sleeping for 20s (base=20s, consecutive_errors=0, monitoring_suspended=False)
2025-11-27 20:30:52 | INFO | MONITOR_SLEEP | Sleeping for 20s (base=20s, consecutive_errors=0, monitoring_suspended=False)
2025-11-27 20:31:12 | INFO | MONITOR | Paper trades checked (next in 60s)
2025-11-27 20:31:12 | INFO | MONITOR_SLEEP | Sleeping for 20s (base=20s, consecutive_errors=0, monitoring_suspended=False)
2025-11-27 20:31:32 | INFO | MONITOR_SLEEP | Sleeping for 20s (base=20s, consecutive_errors=0, monitoring_suspended=False)
2025-11-27 20:31:52 | INFO | MONITOR_SLEEP | Sleeping for 20s (base=20s, consecutive_errors=0, monitoring_suspended=False)
2025-11-27 20:32:12 | INFO | MONITOR | Paper trades checked (next in 60s)
2025-11-27 20:32:12 | INFO | MONITOR_SLEEP | Sleeping for 20s (base=20s, consecutive_errors=0, monitoring_suspended=False)
2025-11-27 20:32:32 | INFO | MONITOR_SLEEP | Sleeping for 20s (base=20s, consecutive_errors=0, monitoring_suspended=False)
2025-11-27 20:32:52 | INFO | MONITOR_SLEEP | Sleeping for 20s (base=20s, consecutive_errors=0, monitoring_suspended=False)
2025-11-27 20:33:12 | INFO | MONITOR | Paper trades checked (next in 60s)
2025-11-27 20:33:12 | INFO | MONITOR_SLEEP | Sleeping for 20s (base=20s, consecutive_errors=0, monitoring_suspended=False)
2025-11-27 20:33:32 | INFO | MONITOR_SLEEP | Sleeping for 20s (base=20s, consecutive_errors=0, monitoring_suspended=False)
2025-11-27 20:33:52 | INFO | MONITOR_SLEEP | Sleeping for 20s (base=20s, consecutive_errors=0, monitoring_suspended=False)
2025-11-27 20:34:12 | INFO | MONITOR | Paper trades checked (next in 60s)
2025-11-27 20:34:12 | INFO | MONITOR_SLEEP | Sleeping for 20s (base=20s, consecutive_errors=0, monitoring_suspended=False)
2025-11-27 20:34:32 | INFO | MONITOR_SLEEP | Sleeping for 20s (base=20s, consecutive_errors=0, monitoring_suspended=False)
2025-11-27 20:34:52 | INFO | MONITOR_SLEEP | Sleeping for 20s (base=20s, consecutive_errors=0, monitoring_suspended=False)
2025-11-27 20:35:12 | INFO | MONITOR | Paper trades checked (next in 60s)
2025-11-27 20:35:12 | INFO | MONITOR_SLEEP | Sleeping for 20s (base=20s, consecutive_errors=0, monitoring_suspended=False)
2025-11-27 20:35:32 | INFO | MONITOR_SLEEP | Sleeping for 20s (base=20s, consecutive_errors=0, monitoring_suspended=False)
2025-11-27 20:35:52 | INFO | MONITOR_SLEEP | Sleeping for 20s (base=20s, consecutive_errors=0, monitoring_suspended=False)
2025-11-27 20:36:12 | INFO | MONITOR | Paper trades checked (next in 60s)
2025-11-27 20:36:12 | INFO | MONITOR_SLEEP | Sleeping for 20s (base=20s, consecutive_errors=0, monitoring_suspended=False)
2025-11-27 20:36:32 | INFO | MONITOR_SLEEP | Sleeping for 20s (base=20s, consecutive_errors=0, monitoring_suspended=False)
2025-11-27 20:36:52 | INFO | MONITOR_SLEEP | Sleeping for 20s (base=20s, consecutive_errors=0, monitoring_suspended=False)
2025-11-27 20:37:12 | INFO | MONITOR | Paper trades checked (next in 60s)
2025-11-27 20:37:12 | INFO | MONITOR_SLEEP | Sleeping for 20s (base=20s, consecutive_errors=0, monitoring_suspended=False)
2025-11-27 20:37:32 | INFO | MONITOR_SLEEP | Sleeping for 20s (base=20s, consecutive_errors=0, monitoring_suspended=False)
2025-11-27 20:37:52 | INFO | MONITOR_SLEEP | Sleeping for 20s (base=20s, consecutive_errors=0, monitoring_suspended=False)
2025-11-27 20:38:12 | INFO | MONITOR | Paper trades checked (next in 60s)
2025-11-27 20:38:12 | INFO | MONITOR_SLEEP | Sleeping for 20s (base=20s, consecutive_errors=0, monitoring_suspended=False)
2025-11-27 20:38:32 | INFO | MONITOR_SLEEP | Sleeping for 20s (base=20s, consecutive_errors=0, monitoring_suspended=False)
2025-11-27 20:38:52 | INFO | MONITOR_SLEEP | Sleeping for 20s (base=20s, consecutive_errors=0, monitoring_suspended=False)
2025-11-27 20:39:12 | INFO | MONITOR | Paper trades checked (next in 60s)
2025-11-27 20:39:12 | INFO | MONITOR_SLEEP | Sleeping for 20s (base=20s, consecutive_errors=0, monitoring_suspended=False)
2025-11-27 20:39:32 | INFO | MONITOR_SLEEP | Sleeping for 20s (base=20s, consecutive_errors=0, monitoring_suspended=False)
2025-11-27 20:39:52 | INFO | MONITOR_SLEEP | Sleeping for 20s (base=20s, consecutive_errors=0, monitoring_suspended=False)
2025-11-27 20:40:12 | INFO | MONITOR | Paper trades checked (next in 60s)
2025-11-27 20:40:12 | INFO | MONITOR_SLEEP | Sleeping for 20s (base=20s, consecutive_errors=0, monitoring_suspended=False)
2025-11-27 20:40:32 | INFO | MONITOR_SLEEP | Sleeping for 20s (base=20s, consecutive_errors=0, monitoring_suspended=False)
2025-11-27 20:40:52 | INFO | MONITOR_SLEEP | Sleeping for 20s (base=20s, consecutive_errors=0, monitoring_suspended=False)
2025-11-27 20:41:12 | INFO | MONITOR | Paper trades checked (next in 60s)
2025-11-27 20:41:12 | INFO | MONITOR_SLEEP | Sleeping for 20s (base=20s, consecutive_errors=0, monitoring_suspended=False)
2025-11-27 20:41:32 | INFO | MONITOR_SLEEP | Sleeping for 20s (base=20s, consecutive_errors=0, monitoring_suspended=False)
2025-11-27 20:41:52 | INFO | MONITOR_SLEEP | Sleeping for 20s (base=20s, consecutive_errors=0, monitoring_suspended=False)
2025-11-27 20:42:12 | INFO | MONITOR | Paper trades checked (next in 60s)
2025-11-27 20:42:12 | INFO | MONITOR_SLEEP | Sleeping for 20s (base=20s, consecutive_errors=0, monitoring_suspended=False)
2025-11-27 20:42:32 | INFO | MONITOR_SLEEP | Sleeping for 20s (base=20s, consecutive_errors=0, monitoring_suspended=False)
2025-11-27 20:42:52 | INFO | MONITOR_SLEEP | Sleeping for 20s (base=20s, consecutive_errors=0, monitoring_suspended=False)
2025-11-27 20:43:12 | INFO | MONITOR | Paper trades checked (next in 60s)
2025-11-27 20:43:12 | INFO | MONITOR_SLEEP | Sleeping for 20s (base=20s, consecutive_errors=0, monitoring_suspended=False)
2025-11-27 20:43:32 | INFO | MONITOR_SLEEP | Sleeping for 20s (base=20s, consecutive_errors=0, monitoring_suspended=False)
2025-11-27 20:43:52 | INFO | MONITOR_SLEEP | Sleeping for 20s (base=20s, consecutive_errors=0, monitoring_suspended=False)
2025-11-27 20:44:12 | INFO | MONITOR | Paper trades checked (next in 60s)
2025-11-27 20:44:12 | INFO | MONITOR_SLEEP | Sleeping for 20s (base=20s, consecutive_errors=0, monitoring_suspended=False)
2025-11-27 20:44:32 | INFO | MONITOR_SLEEP | Sleeping for 20s (base=20s, consecutive_errors=0, monitoring_suspended=False)
2025-11-27 20:44:52 | INFO | MONITOR_SLEEP | Sleeping for 20s (base=20s, consecutive_errors=0, monitoring_suspended=False)
2025-11-27 20:45:12 | INFO | MONITOR | Paper trades checked (next in 60s)
2025-11-27 20:45:12 | INFO | MONITOR_SLEEP | Sleeping for 20s (base=20s, consecutive_errors=0, monitoring_suspended=False)
2025-11-27 20:45:32 | INFO | MONITOR_SLEEP | Sleeping for 20s (base=20s, consecutive_errors=0, monitoring_suspended=False)
2025-11-27 20:45:52 | INFO | MONITOR_SLEEP | Sleeping for 20s (base=20s, consecutive_errors=0, monitoring_suspended=False)
2025-11-27 20:46:12 | INFO | MONITOR | Paper trades checked (next in 60s)
2025-11-27 20:46:12 | INFO | MONITOR_SLEEP | Sleeping for 20s (base=20s, consecutive_errors=0, monitoring_suspended=False)
2025-11-27 20:46:32 | INFO | MONITOR_SLEEP | Sleeping for 20s (base=20s, consecutive_errors=0, monitoring_suspended=False)
2025-11-27 20:46:52 | INFO | MONITOR_SLEEP | Sleeping for 20s (base=20s, consecutive_errors=0, monitoring_suspended=False)
2025-11-27 20:47:12 | INFO | MONITOR | Paper trades checked (next in 60s)
2025-11-27 20:47:12 | INFO | MONITOR_SLEEP | Sleeping for 20s (base=20s, consecutive_errors=0, monitoring_suspended=False)
2025-11-27 20:47:32 | INFO | MONITOR_SLEEP | Sleeping for 20s (base=20s, consecutive_errors=0, monitoring_suspended=False)
2025-11-27 20:47:52 | INFO | MONITOR_SLEEP | Sleeping for 20s (base=20s, consecutive_errors=0, monitoring_suspended=False)
2025-11-27 20:48:12 | INFO | MONITOR | Paper trades checked (next in 60s)
2025-11-27 20:48:12 | INFO | MONITOR_SLEEP | Sleeping for 20s (base=20s, consecutive_errors=0, monitoring_suspended=False)
2025-11-27 20:48:32 | INFO | MONITOR_SLEEP | Sleeping for 20s (base=20s, consecutive_errors=0, monitoring_suspended=False)
2025-11-27 20:48:52 | INFO | MONITOR_SLEEP | Sleeping for 20s (base=20s, consecutive_errors=0, monitoring_suspended=False)
2025-11-27 20:49:12 | INFO | MONITOR | Paper trades checked (next in 60s)
2025-11-27 20:49:12 | INFO | MONITOR_SLEEP | Sleeping for 20s (base=20s, consecutive_errors=0, monitoring_suspended=False)
2025-11-27 20:49:32 | INFO | MONITOR_SLEEP | Sleeping for 20s (base=20s, consecutive_errors=0, monitoring_suspended=False)
2025-11-27 20:49:52 | INFO | MONITOR_SLEEP | Sleeping for 20s (base=20s, consecutive_errors=0, monitoring_suspended=False)
2025-11-27 20:50:12 | INFO | MONITOR | Paper trades checked (next in 60s)
2025-11-27 20:50:12 | INFO | MONITOR_SLEEP | Sleeping for 20s (base=20s, consecutive_errors=0, monitoring_suspended=False)
2025-11-27 20:50:32 | INFO | MONITOR_SLEEP | Sleeping for 20s (base=20s, consecutive_errors=0, monitoring_suspended=False)
2025-11-27 20:50:52 | INFO | MONITOR_SLEEP | Sleeping for 20s (base=20s, consecutive_errors=0, monitoring_suspended=False)
2025-11-27 20:51:12 | INFO | MONITOR | Paper trades checked (next in 60s)
2025-11-27 20:51:12 | INFO | MONITOR_SLEEP | Sleeping for 20s (base=20s, consecutive_errors=0, monitoring_suspended=False)
2025-11-27 20:51:32 | INFO | MONITOR_SLEEP | Sleeping for 20s (base=20s, consecutive_errors=0, monitoring_suspended=False)
2025-11-27 20:51:52 | INFO | MONITOR_SLEEP | Sleeping for 20s (base=20s, consecutive_errors=0, monitoring_suspended=False)
2025-11-27 20:52:12 | INFO | MONITOR | Paper trades checked (next in 60s)
2025-11-27 20:52:12 | INFO | MONITOR_SLEEP | Sleeping for 20s (base=20s, consecutive_errors=0, monitoring_suspended=False)
2025-11-27 20:52:32 | INFO | MONITOR_SLEEP | Sleeping for 20s (base=20s, consecutive_errors=0, monitoring_suspended=False)
2025-11-27 20:52:52 | INFO | MONITOR_SLEEP | Sleeping for 20s (base=20s, consecutive_errors=0, monitoring_suspended=False)
2025-11-27 20:53:12 | INFO | MONITOR | Paper trades checked (next in 60s)
2025-11-27 20:53:12 | INFO | MONITOR_SLEEP | Sleeping for 20s (base=20s, consecutive_errors=0, monitoring_suspended=False)
2025-11-27 20:53:32 | INFO | MONITOR_SLEEP | Sleeping for 20s (base=20s, consecutive_errors=0, monitoring_suspended=False)
2025-11-27 20:53:52 | INFO | MONITOR_SLEEP | Sleeping for 20s (base=20s, consecutive_errors=0, monitoring_suspended=False)
2025-11-27 20:54:12 | INFO | MONITOR | Paper trades checked (next in 60s)
2025-11-27 20:54:12 | INFO | MONITOR_SLEEP | Sleeping for 20s (base=20s, consecutive_errors=0, monitoring_suspended=False)
2025-11-27 20:54:32 | INFO | MONITOR_SLEEP | Sleeping for 20s (base=20s, consecutive_errors=0, monitoring_suspended=False)
2025-11-27 20:54:52 | INFO | MONITOR_SLEEP | Sleeping for 20s (base=20s, consecutive_errors=0, monitoring_suspended=False)
2025-11-27 20:55:12 | INFO | MONITOR | Paper trades checked (next in 60s)
2025-11-27 20:55:12 | INFO | MONITOR_SLEEP | Sleeping for 20s (base=20s, consecutive_errors=0, monitoring_suspended=False)
2025-11-27 20:55:32 | INFO | MONITOR_SLEEP | Sleeping for 20s (base=20s, consecutive_errors=0, monitoring_suspended=False)
2025-11-27 20:55:52 | INFO | MONITOR_SLEEP | Sleeping for 20s (base=20s, consecutive_errors=0, monitoring_suspended=False)
2025-11-27 20:56:12 | INFO | MONITOR | Paper trades checked (next in 60s)
2025-11-27 20:56:12 | INFO | MONITOR_SLEEP | Sleeping for 20s (base=20s, consecutive_errors=0, monitoring_suspended=False)
2025-11-27 20:56:32 | INFO | MONITOR_SLEEP | Sleeping for 20s (base=20s, consecutive_errors=0, monitoring_suspended=False)
2025-11-27 20:56:52 | INFO | MONITOR_SLEEP | Sleeping for 20s (base=20s, consecutive_errors=0, monitoring_suspended=False)
2025-11-27 20:57:12 | INFO | MONITOR | Paper trades checked (next in 60s)
2025-11-27 20:57:12 | INFO | MONITOR_SLEEP | Sleeping for 20s (base=20s, consecutive_errors=0, monitoring_suspended=False)
2025-11-27 20:57:32 | INFO | MONITOR_SLEEP | Sleeping for 20s (base=20s, consecutive_errors=0, monitoring_suspended=False)
2025-11-27 20:57:52 | INFO | MONITOR_SLEEP | Sleeping for 20s (base=20s, consecutive_errors=0, monitoring_suspended=False)
2025-11-27 20:58:12 | INFO | MONITOR | Paper trades checked (next in 60s)
2025-11-27 20:58:12 | INFO | MONITOR_SLEEP | Sleeping for 20s (base=20s, consecutive_errors=0, monitoring_suspended=False)
2025-11-27 20:58:32 | INFO | MONITOR_SLEEP | Sleeping for 20s (base=20s, consecutive_errors=0, monitoring_suspended=False)
2025-11-27 20:58:52 | INFO | MONITOR_SLEEP | Sleeping for 20s (base=20s, consecutive_errors=0, monitoring_suspended=False)
2025-11-27 20:59:12 | INFO | MONITOR | Paper trades checked (next in 60s)
2025-11-27 20:59:12 | INFO | MONITOR_SLEEP | Sleeping for 20s (base=20s, consecutive_errors=0, monitoring_suspended=False)
2025-11-27 20:59:32 | INFO | MONITOR_SLEEP | Sleeping for 20s (base=20s, consecutive_errors=0, monitoring_suspended=False)
2025-11-27 20:59:52 | INFO | MONITOR_SLEEP | Sleeping for 20s (base=20s, consecutive_errors=0, monitoring_suspended=False)
2025-11-27 21:00:12 | INFO | MONITOR | Paper trades checked (next in 60s)
2025-11-27 21:00:12 | INFO | MONITOR_SLEEP | Sleeping for 20s (base=20s, consecutive_errors=0, monitoring_suspended=False)
2025-11-27 21:00:32 | INFO | MONITOR_SLEEP | Sleeping for 20s (base=20s, consecutive_errors=0, monitoring_suspended=False)
2025-11-27 21:00:52 | INFO | MONITOR_SLEEP | Sleeping for 20s (base=20s, consecutive_errors=0, monitoring_suspended=False)
2025-11-27 21:01:12 | INFO | MONITOR | Paper trades checked (next in 60s)
2025-11-27 21:01:12 | INFO | MONITOR_SLEEP | Sleeping for 20s (base=20s, consecutive_errors=0, monitoring_suspended=False)
2025-11-27 21:01:32 | INFO | MONITOR_SLEEP | Sleeping for 20s (base=20s, consecutive_errors=0, monitoring_suspended=False)
2025-11-27 21:01:52 | INFO | MONITOR_SLEEP | Sleeping for 20s (base=20s, consecutive_errors=0, monitoring_suspended=False)
2025-11-27 21:02:12 | INFO | MONITOR | Paper trades checked (next in 60s)
2025-11-27 21:02:12 | INFO | MONITOR_SLEEP | Sleeping for 20s (base=20s, consecutive_errors=0, monitoring_suspended=False)
2025-11-27 21:02:32 | INFO | MONITOR_SLEEP | Sleeping for 20s (base=20s, consecutive_errors=0, monitoring_suspended=False)
2025-11-27 21:02:52 | INFO | MONITOR_SLEEP | Sleeping for 20s (base=20s, consecutive_errors=0, monitoring_suspended=False)
2025-11-27 21:03:12 | INFO | MONITOR | Paper trades checked (next in 60s)
2025-11-27 21:03:12 | INFO | MONITOR_SLEEP | Sleeping for 20s (base=20s, consecutive_errors=0, monitoring_suspended=False)
2025-11-27 21:03:32 | INFO | MONITOR_SLEEP | Sleeping for 20s (base=20s, consecutive_errors=0, monitoring_suspended=False)
2025-11-27 21:03:52 | INFO | MONITOR_SLEEP | Sleeping for 20s (base=20s, consecutive_errors=0, monitoring_suspended=False)
2025-11-27 21:04:12 | INFO | MONITOR | Paper trades checked (next in 60s)
2025-11-27 21:04:12 | INFO | MONITOR_SLEEP | Sleeping for 20s (base=20s, consecutive_errors=0, monitoring_suspended=False)
2025-11-27 21:04:32 | INFO | MONITOR_SLEEP | Sleeping for 20s (base=20s, consecutive_errors=0, monitoring_suspended=False)
2025-11-27 21:04:52 | INFO | MONITOR_SLEEP | Sleeping for 20s (base=20s, consecutive_errors=0, monitoring_suspended=False)
2025-11-27 21:05:12 | INFO | MONITOR | Paper trades checked (next in 60s)
2025-11-27 21:05:12 | INFO | MONITOR_SLEEP | Sleeping for 20s (base=20s, consecutive_errors=0, monitoring_suspended=False)
2025-11-27 21:05:32 | INFO | MONITOR_SLEEP | Sleeping for 20s (base=20s, consecutive_errors=0, monitoring_suspended=False)
2025-11-27 21:05:52 | INFO | MONITOR_SLEEP | Sleeping for 20s (base=20s, consecutive_errors=0, monitoring_suspended=False)
2025-11-27 21:06:12 | INFO | MONITOR | Paper trades checked (next in 60s)
2025-11-27 21:06:12 | INFO | MONITOR_SLEEP | Sleeping for 20s (base=20s, consecutive_errors=0, monitoring_suspended=False)
2025-11-27 21:06:32 | INFO | MONITOR_SLEEP | Sleeping for 20s (base=20s, consecutive_errors=0, monitoring_suspended=False)
2025-11-27 21:06:52 | INFO | MONITOR_SLEEP | Sleeping for 20s (base=20s, consecutive_errors=0, monitoring_suspended=False)
2025-11-27 21:07:12 | INFO | MONITOR | Paper trades checked (next in 60s)
2025-11-27 21:07:12 | INFO | MONITOR_SLEEP | Sleeping for 20s (base=20s, consecutive_errors=0, monitoring_suspended=False)
2025-11-27 21:07:32 | INFO | MONITOR_SLEEP | Sleeping for 20s (base=20s, consecutive_errors=0, monitoring_suspended=False)
2025-11-27 21:07:52 | INFO | MONITOR_SLEEP | Sleeping for 20s (base=20s, consecutive_errors=0, monitoring_suspended=False)
2025-11-27 21:08:12 | INFO | MONITOR | Paper trades checked (next in 60s)
2025-11-27 21:08:12 | INFO | MONITOR_SLEEP | Sleeping for 20s (base=20s, consecutive_errors=0, monitoring_suspended=False)
2025-11-27 21:08:32 | INFO | MONITOR_SLEEP | Sleeping for 20s (base=20s, consecutive_errors=0, monitoring_suspended=False)
2025-11-27 21:08:52 | INFO | MONITOR_SLEEP | Sleeping for 20s (base=20s, consecutive_errors=0, monitoring_suspended=False)
2025-11-27 21:09:12 | INFO | MONITOR | Paper trades checked (next in 60s)
2025-11-27 21:09:12 | INFO | MONITOR_SLEEP | Sleeping for 20s (base=20s, consecutive_errors=0, monitoring_suspended=False)
2025-11-27 21:09:32 | INFO | MONITOR_SLEEP | Sleeping for 20s (base=20s, consecutive_errors=0, monitoring_suspended=False)
2025-11-27 21:09:52 | INFO | MONITOR_SLEEP | Sleeping for 20s (base=20s, consecutive_errors=0, monitoring_suspended=False)
2025-11-27 21:10:12 | INFO | MONITOR | Paper trades checked (next in 60s)
2025-11-27 21:10:12 | INFO | MONITOR_SLEEP | Sleeping for 20s (base=20s, consecutive_errors=0, monitoring_suspended=False)
2025-11-27 21:10:32 | INFO | MONITOR_SLEEP | Sleeping for 20s (base=20s, consecutive_errors=0, monitoring_suspended=False)
2025-11-27 21:10:52 | INFO | MONITOR_SLEEP | Sleeping for 20s (base=20s, consecutive_errors=0, monitoring_suspended=False)
2025-11-27 21:11:12 | INFO | MONITOR | Paper trades checked (next in 60s)
2025-11-27 21:11:12 | INFO | MONITOR_SLEEP | Sleeping for 20s (base=20s, consecutive_errors=0, monitoring_suspended=False)
2025-11-27 21:11:32 | INFO | MONITOR_SLEEP | Sleeping for 20s (base=20s, consecutive_errors=0, monitoring_suspended=False)
2025-11-27 21:11:52 | INFO | MONITOR_SLEEP | Sleeping for 20s (base=20s, consecutive_errors=0, monitoring_suspended=False)
2025-11-27 21:12:12 | INFO | MONITOR | Paper trades checked (next in 60s)
2025-11-27 21:12:12 | INFO | MONITOR_SLEEP | Sleeping for 20s (base=20s, consecutive_errors=0, monitoring_suspended=False)
2025-11-27 21:12:32 | INFO | MONITOR_SLEEP | Sleeping for 20s (base=20s, consecutive_errors=0, monitoring_suspended=False)
2025-11-27 21:12:52 | INFO | MONITOR_SLEEP | Sleeping for 20s (base=20s, consecutive_errors=0, monitoring_suspended=False)
2025-11-27 21:13:12 | INFO | MONITOR | Paper trades checked (next in 60s)
2025-11-27 21:13:12 | INFO | MONITOR_SLEEP | Sleeping for 20s (base=20s, consecutive_errors=0, monitoring_suspended=False)
2025-11-27 21:13:32 | INFO | MONITOR_SLEEP | Sleeping for 20s (base=20s, consecutive_errors=0, monitoring_suspended=False)
2025-11-27 21:13:52 | INFO | MONITOR_SLEEP | Sleeping for 20s (base=20s, consecutive_errors=0, monitoring_suspended=False)
2025-11-27 21:14:12 | INFO | MONITOR | Paper trades checked (next in 60s)
2025-11-27 21:14:12 | INFO | MONITOR_SLEEP | Sleeping for 20s (base=20s, consecutive_errors=0, monitoring_suspended=False)
2025-11-27 21:14:32 | INFO | MONITOR_SLEEP | Sleeping for 20s (base=20s, consecutive_errors=0, monitoring_suspended=False)
2025-11-27 21:14:52 | INFO | MONITOR_SLEEP | Sleeping for 20s (base=20s, consecutive_errors=0, monitoring_suspended=False)
2025-11-27 21:15:12 | INFO | MONITOR | Paper trades checked (next in 60s)
2025-11-27 21:15:12 | INFO | MONITOR_SLEEP | Sleeping for 20s (base=20s, consecutive_errors=0, monitoring_suspended=False)
2025-11-27 21:15:32 | INFO | MONITOR_SLEEP | Sleeping for 20s (base=20s, consecutive_errors=0, monitoring_suspended=False)
2025-11-27 21:15:52 | INFO | MONITOR_SLEEP | Sleeping for 20s (base=20s, consecutive_errors=0, monitoring_suspended=False)
2025-11-27 21:16:12 | INFO | MONITOR | Paper trades checked (next in 60s)
2025-11-27 21:16:12 | INFO | MONITOR_SLEEP | Sleeping for 20s (base=20s, consecutive_errors=0, monitoring_suspended=False)
2025-11-27 21:16:32 | INFO | MONITOR_SLEEP | Sleeping for 20s (base=20s, consecutive_errors=0, monitoring_suspended=False)
2025-11-27 21:16:52 | INFO | MONITOR_SLEEP | Sleeping for 20s (base=20s, consecutive_errors=0, monitoring_suspended=False)
2025-11-27 21:17:12 | INFO | MONITOR | Paper trades checked (next in 60s)
2025-11-27 21:17:12 | INFO | MONITOR_SLEEP | Sleeping for 20s (base=20s, consecutive_errors=0, monitoring_suspended=False)
2025-11-27 21:17:32 | INFO | MONITOR_SLEEP | Sleeping for 20s (base=20s, consecutive_errors=0, monitoring_suspended=False)
2025-11-27 21:17:52 | INFO | MONITOR_SLEEP | Sleeping for 20s (base=20s, consecutive_errors=0, monitoring_suspended=False)
2025-11-27 21:18:12 | INFO | MONITOR | Paper trades checked (next in 60s)
2025-11-27 21:18:12 | INFO | MONITOR_SLEEP | Sleeping for 20s (base=20s, consecutive_errors=0, monitoring_suspended=False)
2025-11-27 21:18:32 | INFO | MONITOR_SLEEP | Sleeping for 20s (base=20s, consecutive_errors=0, monitoring_suspended=False)
2025-11-27 21:18:52 | INFO | MONITOR_SLEEP | Sleeping for 20s (base=20s, consecutive_errors=0, monitoring_suspended=False)
2025-11-27 21:19:12 | INFO | MONITOR | Paper trades checked (next in 60s)
2025-11-27 21:19:12 | INFO | MONITOR_SLEEP | Sleeping for 20s (base=20s, consecutive_errors=0, monitoring_suspended=False)
2025-11-27 21:19:32 | INFO | MONITOR_SLEEP | Sleeping for 20s (base=20s, consecutive_errors=0, monitoring_suspended=False)
2025-11-27 21:19:52 | INFO | MONITOR_SLEEP | Sleeping for 20s (base=20s, consecutive_errors=0, monitoring_suspended=False)
2025-11-27 21:20:12 | INFO | MONITOR | Paper trades checked (next in 60s)
2025-11-27 21:20:12 | INFO | MONITOR_SLEEP | Sleeping for 20s (base=20s, consecutive_errors=0, monitoring_suspended=False)
2025-11-27 21:20:32 | INFO | MONITOR_SLEEP | Sleeping for 20s (base=20s, consecutive_errors=0, monitoring_suspended=False)
2025-11-27 21:20:52 | INFO | MONITOR_SLEEP | Sleeping for 20s (base=20s, consecutive_errors=0, monitoring_suspended=False)
2025-11-27 21:21:12 | INFO | MONITOR | Paper trades checked (next in 60s)
2025-11-27 21:21:12 | INFO | MONITOR_SLEEP | Sleeping for 20s (base=20s, consecutive_errors=0, monitoring_suspended=False)
2025-11-27 21:21:32 | INFO | MONITOR_SLEEP | Sleeping for 20s (base=20s, consecutive_errors=0, monitoring_suspended=False)
2025-11-27 21:21:52 | INFO | MONITOR_SLEEP | Sleeping for 20s (base=20s, consecutive_errors=0, monitoring_suspended=False)
2025-11-27 21:22:12 | INFO | MONITOR | Paper trades checked (next in 60s)
2025-11-27 21:22:12 | INFO | MONITOR_SLEEP | Sleeping for 20s (base=20s, consecutive_errors=0, monitoring_suspended=False)
2025-11-27 21:22:32 | INFO | MONITOR_SLEEP | Sleeping for 20s (base=20s, consecutive_errors=0, monitoring_suspended=False)
2025-11-27 21:22:52 | INFO | MONITOR_SLEEP | Sleeping for 20s (base=20s, consecutive_errors=0, monitoring_suspended=False)
2025-11-27 21:23:12 | INFO | MONITOR | Paper trades checked (next in 60s)
2025-11-27 21:23:12 | INFO | MONITOR_SLEEP | Sleeping for 20s (base=20s, consecutive_errors=0, monitoring_suspended=False)
2025-11-27 21:23:32 | INFO | MONITOR_SLEEP | Sleeping for 20s (base=20s, consecutive_errors=0, monitoring_suspended=False)
2025-11-27 21:23:52 | INFO | MONITOR_SLEEP | Sleeping for 20s (base=20s, consecutive_errors=0, monitoring_suspended=False)
2025-11-27 21:24:12 | INFO | MONITOR | Paper trades checked (next in 60s)
2025-11-27 21:24:12 | INFO | MONITOR_SLEEP | Sleeping for 20s (base=20s, consecutive_errors=0, monitoring_suspended=False)
2025-11-27 21:24:32 | INFO | MONITOR_SLEEP | Sleeping for 20s (base=20s, consecutive_errors=0, monitoring_suspended=False)
2025-11-27 21:24:53 | INFO | MONITOR_SLEEP | Sleeping for 20s (base=20s, consecutive_errors=0, monitoring_suspended=False)
2025-11-27 21:25:13 | INFO | MONITOR | Paper trades checked (next in 60s)
2025-11-27 21:25:13 | INFO | MONITOR_SLEEP | Sleeping for 20s (base=20s, consecutive_errors=0, monitoring_suspended=False)
2025-11-27 21:25:33 | INFO | MONITOR_SLEEP | Sleeping for 20s (base=20s, consecutive_errors=0, monitoring_suspended=False)
2025-11-27 21:25:53 | INFO | MONITOR_SLEEP | Sleeping for 20s (base=20s, consecutive_errors=0, monitoring_suspended=False)
2025-11-27 21:26:13 | INFO | MONITOR | Paper trades checked (next in 60s)
2025-11-27 21:26:13 | INFO | MONITOR_SLEEP | Sleeping for 20s (base=20s, consecutive_errors=0, monitoring_suspended=False)
2025-11-27 21:26:33 | INFO | MONITOR_SLEEP | Sleeping for 20s (base=20s, consecutive_errors=0, monitoring_suspended=False)
2025-11-27 21:26:53 | INFO | MONITOR_SLEEP | Sleeping for 20s (base=20s, consecutive_errors=0, monitoring_suspended=False)
2025-11-27 21:27:13 | INFO | MONITOR | Paper trades checked (next in 60s)
2025-11-27 21:27:13 | INFO | MONITOR_SLEEP | Sleeping for 20s (base=20s, consecutive_errors=0, monitoring_suspended=False)
2025-11-27 21:27:33 | INFO | MONITOR_SLEEP | Sleeping for 20s (base=20s, consecutive_errors=0, monitoring_suspended=False)
2025-11-27 21:27:53 | INFO | MONITOR_SLEEP | Sleeping for 20s (base=20s, consecutive_errors=0, monitoring_suspended=False)
2025-11-27 21:28:13 | INFO | MONITOR | Paper trades checked (next in 60s)
2025-11-27 21:28:13 | INFO | MONITOR_SLEEP | Sleeping for 20s (base=20s, consecutive_errors=0, monitoring_suspended=False)
2025-11-27 21:28:33 | INFO | MONITOR_SLEEP | Sleeping for 20s (base=20s, consecutive_errors=0, monitoring_suspended=False)
2025-11-27 21:28:53 | INFO | MONITOR_SLEEP | Sleeping for 20s (base=20s, consecutive_errors=0, monitoring_suspended=False)
2025-11-27 21:29:13 | INFO | MONITOR | Paper trades checked (next in 60s)
2025-11-27 21:29:13 | INFO | MONITOR_SLEEP | Sleeping for 20s (base=20s, consecutive_errors=0, monitoring_suspended=False)
2025-11-27 21:29:33 | INFO | MONITOR_SLEEP | Sleeping for 20s (base=20s, consecutive_errors=0, monitoring_suspended=False)
2025-11-27 21:29:53 | INFO | MONITOR_SLEEP | Sleeping for 20s (base=20s, consecutive_errors=0, monitoring_suspended=False)
2025-11-27 21:30:13 | INFO | MONITOR | Paper trades checked (next in 60s)
2025-11-27 21:30:13 | INFO | MONITOR_SLEEP | Sleeping for 20s (base=20s, consecutive_errors=0, monitoring_suspended=False)
2025-11-27 21:30:33 | INFO | MONITOR_SLEEP | Sleeping for 20s (base=20s, consecutive_errors=0, monitoring_suspended=False)
2025-11-27 21:30:53 | INFO | MONITOR_SLEEP | Sleeping for 20s (base=20s, consecutive_errors=0, monitoring_suspended=False)
2025-11-27 21:31:13 | INFO | MONITOR | Paper trades checked (next in 60s)
2025-11-27 21:31:13 | INFO | MONITOR_SLEEP | Sleeping for 20s (base=20s, consecutive_errors=0, monitoring_suspended=False)
2025-11-27 21:31:33 | INFO | MONITOR_SLEEP | Sleeping for 20s (base=20s, consecutive_errors=0, monitoring_suspended=False)
2025-11-27 21:31:53 | INFO | MONITOR_SLEEP | Sleeping for 20s (base=20s, consecutive_errors=0, monitoring_suspended=False)
2025-11-27 21:32:13 | INFO | MONITOR | Paper trades checked (next in 60s)
2025-11-27 21:32:13 | INFO | MONITOR_SLEEP | Sleeping for 20s (base=20s, consecutive_errors=0, monitoring_suspended=False)
2025-11-27 21:32:33 | INFO | MONITOR_SLEEP | Sleeping for 20s (base=20s, consecutive_errors=0, monitoring_suspended=False)
2025-11-27 21:32:53 | INFO | MONITOR_SLEEP | Sleeping for 20s (base=20s, consecutive_errors=0, monitoring_suspended=False)
2025-11-27 21:33:13 | INFO | MONITOR | Paper trades checked (next in 60s)
2025-11-27 21:33:13 | INFO | MONITOR_SLEEP | Sleeping for 20s (base=20s, consecutive_errors=0, monitoring_suspended=False)
2025-11-27 21:33:33 | INFO | MONITOR_SLEEP | Sleeping for 20s (base=20s, consecutive_errors=0, monitoring_suspended=False)
2025-11-27 21:33:53 | INFO | MONITOR_SLEEP | Sleeping for 20s (base=20s, consecutive_errors=0, monitoring_suspended=False)
2025-11-27 21:34:13 | INFO | MONITOR | Paper trades checked (next in 60s)
2025-11-27 21:34:13 | INFO | MONITOR_SLEEP | Sleeping for 20s (base=20s, consecutive_errors=0, monitoring_suspended=False)
2025-11-27 21:34:33 | INFO | MONITOR_SLEEP | Sleeping for 20s (base=20s, consecutive_errors=0, monitoring_suspended=False)
2025-11-27 21:34:53 | INFO | MONITOR_SLEEP | Sleeping for 20s (base=20s, consecutive_errors=0, monitoring_suspended=False)
2025-11-27 21:35:13 | INFO | MONITOR | Paper trades checked (next in 60s)
2025-11-27 21:35:13 | INFO | MONITOR_SLEEP | Sleeping for 20s (base=20s, consecutive_errors=0, monitoring_suspended=False)
2025-11-27 21:35:33 | INFO | MONITOR_SLEEP | Sleeping for 20s (base=20s, consecutive_errors=0, monitoring_suspended=False)
2025-11-27 21:35:53 | INFO | MONITOR_SLEEP | Sleeping for 20s (base=20s, consecutive_errors=0, monitoring_suspended=False)
2025-11-27 21:36:13 | INFO | MONITOR | Paper trades checked (next in 60s)
2025-11-27 21:36:13 | INFO | MONITOR_SLEEP | Sleeping for 20s (base=20s, consecutive_errors=0, monitoring_suspended=False)
2025-11-27 21:36:33 | INFO | MONITOR_SLEEP | Sleeping for 20s (base=20s, consecutive_errors=0, monitoring_suspended=False)
2025-11-27 21:36:53 | INFO | MONITOR_SLEEP | Sleeping for 20s (base=20s, consecutive_errors=0, monitoring_suspended=False)
2025-11-27 21:37:13 | INFO | MONITOR | Paper trades checked (next in 60s)
2025-11-27 21:37:13 | INFO | MONITOR_SLEEP | Sleeping for 20s (base=20s, consecutive_errors=0, monitoring_suspended=False)
2025-11-27 21:37:33 | INFO | MONITOR_SLEEP | Sleeping for 20s (base=20s, consecutive_errors=0, monitoring_suspended=False)
2025-11-27 21:37:53 | INFO | MONITOR_SLEEP | Sleeping for 20s (base=20s, consecutive_errors=0, monitoring_suspended=False)
2025-11-27 21:38:13 | INFO | MONITOR | Paper trades checked (next in 60s)
2025-11-27 21:38:13 | INFO | MONITOR_SLEEP | Sleeping for 20s (base=20s, consecutive_errors=0, monitoring_suspended=False)
2025-11-27 21:38:33 | INFO | MONITOR_SLEEP | Sleeping for 20s (base=20s, consecutive_errors=0, monitoring_suspended=False)
2025-11-27 21:38:53 | INFO | MONITOR_SLEEP | Sleeping for 20s (base=20s, consecutive_errors=0, monitoring_suspended=False)
2025-11-27 21:39:13 | INFO | MONITOR | Paper trades checked (next in 60s)
2025-11-27 21:39:13 | INFO | MONITOR_SLEEP | Sleeping for 20s (base=20s, consecutive_errors=0, monitoring_suspended=False)
2025-11-27 21:39:33 | INFO | MONITOR_SLEEP | Sleeping for 20s (base=20s, consecutive_errors=0, monitoring_suspended=False)
2025-11-27 21:39:53 | INFO | MONITOR_SLEEP | Sleeping for 20s (base=20s, consecutive_errors=0, monitoring_suspended=False)
2025-11-27 21:40:13 | INFO | MONITOR | Paper trades checked (next in 60s)
2025-11-27 21:40:13 | INFO | MONITOR_SLEEP | Sleeping for 20s (base=20s, consecutive_errors=0, monitoring_suspended=False)
2025-11-27 21:40:33 | INFO | MONITOR_SLEEP | Sleeping for 20s (base=20s, consecutive_errors=0, monitoring_suspended=False)
2025-11-27 21:40:53 | INFO | MONITOR_SLEEP | Sleeping for 20s (base=20s, consecutive_errors=0, monitoring_suspended=False)
2025-11-27 21:41:13 | INFO | MONITOR | Paper trades checked (next in 60s)
2025-11-27 21:41:13 | INFO | MONITOR_SLEEP | Sleeping for 20s (base=20s, consecutive_errors=0, monitoring_suspended=False)
2025-11-27 21:41:33 | INFO | MONITOR_SLEEP | Sleeping for 20s (base=20s, consecutive_errors=0, monitoring_suspended=False)
2025-11-27 21:41:53 | INFO | MONITOR_SLEEP | Sleeping for 20s (base=20s, consecutive_errors=0, monitoring_suspended=False)
2025-11-27 21:42:13 | INFO | MONITOR | Paper trades checked (next in 60s)
2025-11-27 21:42:13 | INFO | MONITOR_SLEEP | Sleeping for 20s (base=20s, consecutive_errors=0, monitoring_suspended=False)
2025-11-27 21:42:33 | INFO | MONITOR_SLEEP | Sleeping for 20s (base=20s, consecutive_errors=0, monitoring_suspended=False)
2025-11-27 21:42:53 | INFO | MONITOR_SLEEP | Sleeping for 20s (base=20s, consecutive_errors=0, monitoring_suspended=False)
2025-11-27 21:43:13 | INFO | MONITOR | Paper trades checked (next in 60s)
2025-11-27 21:43:13 | INFO | MONITOR_SLEEP | Sleeping for 20s (base=20s, consecutive_errors=0, monitoring_suspended=False)
2025-11-27 21:43:33 | INFO | MONITOR_SLEEP | Sleeping for 20s (base=20s, consecutive_errors=0, monitoring_suspended=False)
2025-11-27 21:43:53 | INFO | MONITOR_SLEEP | Sleeping for 20s (base=20s, consecutive_errors=0, monitoring_suspended=False)
2025-11-27 21:44:13 | INFO | MONITOR | Paper trades checked (next in 60s)
2025-11-27 21:44:13 | INFO | MONITOR_SLEEP | Sleeping for 20s (base=20s, consecutive_errors=0, monitoring_suspended=False)
2025-11-27 21:44:33 | INFO | MONITOR_SLEEP | Sleeping for 20s (base=20s, consecutive_errors=0, monitoring_suspended=False)
2025-11-27 21:44:53 | INFO | MONITOR_SLEEP | Sleeping for 20s (base=20s, consecutive_errors=0, monitoring_suspended=False)
2025-11-27 21:45:13 | INFO | MONITOR | Paper trades checked (next in 60s)
2025-11-27 21:45:13 | INFO | MONITOR_SLEEP | Sleeping for 20s (base=20s, consecutive_errors=0, monitoring_suspended=False)
2025-11-27 21:45:33 | INFO | MONITOR_SLEEP | Sleeping for 20s (base=20s, consecutive_errors=0, monitoring_suspended=False)
2025-11-27 21:45:53 | INFO | MONITOR_SLEEP | Sleeping for 20s (base=20s, consecutive_errors=0, monitoring_suspended=False)
2025-11-27 21:46:13 | INFO | MONITOR | Paper trades checked (next in 60s)
2025-11-27 21:46:13 | INFO | MONITOR_SLEEP | Sleeping for 20s (base=20s, consecutive_errors=0, monitoring_suspended=False)
2025-11-27 21:46:33 | INFO | MONITOR_SLEEP | Sleeping for 20s (base=20s, consecutive_errors=0, monitoring_suspended=False)
2025-11-27 21:46:53 | INFO | MONITOR_SLEEP | Sleeping for 20s (base=20s, consecutive_errors=0, monitoring_suspended=False)
2025-11-27 21:47:13 | INFO | MONITOR | Paper trades checked (next in 60s)
2025-11-27 21:47:13 | INFO | MONITOR_SLEEP | Sleeping for 20s (base=20s, consecutive_errors=0, monitoring_suspended=False)
2025-11-27 21:47:33 | INFO | MONITOR_SLEEP | Sleeping for 20s (base=20s, consecutive_errors=0, monitoring_suspended=False)
2025-11-27 21:47:53 | INFO | MONITOR_SLEEP | Sleeping for 20s (base=20s, consecutive_errors=0, monitoring_suspended=False)
2025-11-27 21:48:13 | INFO | MONITOR | Paper trades checked (next in 60s)
2025-11-27 21:48:13 | INFO | MONITOR_SLEEP | Sleeping for 20s (base=20s, consecutive_errors=0, monitoring_suspended=False)
2025-11-27 21:48:33 | INFO | MONITOR_SLEEP | Sleeping for 20s (base=20s, consecutive_errors=0, monitoring_suspended=False)
2025-11-27 21:48:53 | INFO | MONITOR_SLEEP | Sleeping for 20s (base=20s, consecutive_errors=0, monitoring_suspended=False)
2025-11-27 21:49:13 | INFO | MONITOR | Paper trades checked (next in 60s)
2025-11-27 21:49:13 | INFO | MONITOR_SLEEP | Sleeping for 20s (base=20s, consecutive_errors=0, monitoring_suspended=False)
2025-11-27 21:49:33 | INFO | MONITOR_SLEEP | Sleeping for 20s (base=20s, consecutive_errors=0, monitoring_suspended=False)
2025-11-27 21:49:53 | INFO | MONITOR_SLEEP | Sleeping for 20s (base=20s, consecutive_errors=0, monitoring_suspended=False)
2025-11-27 21:50:13 | INFO | MONITOR | Paper trades checked (next in 60s)
2025-11-27 21:50:13 | INFO | MONITOR_SLEEP | Sleeping for 20s (base=20s, consecutive_errors=0, monitoring_suspended=False)
2025-11-27 21:50:33 | INFO | MONITOR_SLEEP | Sleeping for 20s (base=20s, consecutive_errors=0, monitoring_suspended=False)
2025-11-27 21:50:53 | INFO | MONITOR_SLEEP | Sleeping for 20s (base=20s, consecutive_errors=0, monitoring_suspended=False)
2025-11-27 21:51:13 | INFO | MONITOR | Paper trades checked (next in 60s)
2025-11-27 21:51:13 | INFO | MONITOR_SLEEP | Sleeping for 20s (base=20s, consecutive_errors=0, monitoring_suspended=False)
2025-11-27 21:51:33 | INFO | MONITOR_SLEEP | Sleeping for 20s (base=20s, consecutive_errors=0, monitoring_suspended=False)
2025-11-27 21:51:53 | INFO | MONITOR_SLEEP | Sleeping for 20s (base=20s, consecutive_errors=0, monitoring_suspended=False)
2025-11-27 21:52:13 | INFO | MONITOR | Paper trades checked (next in 60s)
2025-11-27 21:52:13 | INFO | MONITOR_SLEEP | Sleeping for 20s (base=20s, consecutive_errors=0, monitoring_suspended=False)
2025-11-27 21:52:33 | INFO | MONITOR_SLEEP | Sleeping for 20s (base=20s, consecutive_errors=0, monitoring_suspended=False)
2025-11-27 21:52:53 | INFO | MONITOR_SLEEP | Sleeping for 20s (base=20s, consecutive_errors=0, monitoring_suspended=False)
2025-11-27 21:53:13 | INFO | MONITOR | Paper trades checked (next in 60s)
2025-11-27 21:53:13 | INFO | MONITOR_SLEEP | Sleeping for 20s (base=20s, consecutive_errors=0, monitoring_suspended=False)
2025-11-27 21:53:33 | INFO | MONITOR_SLEEP | Sleeping for 20s (base=20s, consecutive_errors=0, monitoring_suspended=False)
2025-11-27 21:53:53 | INFO | MONITOR_SLEEP | Sleeping for 20s (base=20s, consecutive_errors=0, monitoring_suspended=False)
2025-11-27 21:54:13 | INFO | MONITOR | Paper trades checked (next in 60s)
2025-11-27 21:54:13 | INFO | MONITOR_SLEEP | Sleeping for 20s (base=20s, consecutive_errors=0, monitoring_suspended=False)
2025-11-27 21:54:33 | INFO | MONITOR_SLEEP | Sleeping for 20s (base=20s, consecutive_errors=0, monitoring_suspended=False)
2025-11-27 21:54:53 | INFO | MONITOR_SLEEP | Sleeping for 20s (base=20s, consecutive_errors=0, monitoring_suspended=False)
2025-11-27 21:55:13 | INFO | MONITOR | Paper trades checked (next in 60s)
2025-11-27 21:55:13 | INFO | MONITOR_SLEEP | Sleeping for 20s (base=20s, consecutive_errors=0, monitoring_suspended=False)
2025-11-27 21:55:33 | INFO | MONITOR_SLEEP | Sleeping for 20s (base=20s, consecutive_errors=0, monitoring_suspended=False)
2025-11-27 21:55:53 | INFO | MONITOR_SLEEP | Sleeping for 20s (base=20s, consecutive_errors=0, monitoring_suspended=False)
2025-11-27 21:56:13 | INFO | MONITOR | Paper trades checked (next in 60s)
2025-11-27 21:56:13 | INFO | MONITOR_SLEEP | Sleeping for 20s (base=20s, consecutive_errors=0, monitoring_suspended=False)
2025-11-27 21:56:33 | INFO | MONITOR_SLEEP | Sleeping for 20s (base=20s, consecutive_errors=0, monitoring_suspended=False)
2025-11-27 21:56:53 | INFO | MONITOR_SLEEP | Sleeping for 20s (base=20s, consecutive_errors=0, monitoring_suspended=False)
2025-11-27 21:57:13 | INFO | MONITOR | Paper trades checked (next in 60s)
2025-11-27 21:57:13 | INFO | MONITOR_SLEEP | Sleeping for 20s (base=20s, consecutive_errors=0, monitoring_suspended=False)
2025-11-27 21:57:33 | INFO | MONITOR_SLEEP | Sleeping for 20s (base=20s, consecutive_errors=0, monitoring_suspended=False)
2025-11-27 21:57:53 | INFO | MONITOR_SLEEP | Sleeping for 20s (base=20s, consecutive_errors=0, monitoring_suspended=False)
2025-11-27 21:58:13 | INFO | MONITOR | Paper trades checked (next in 60s)
2025-11-27 21:58:13 | INFO | MONITOR_SLEEP | Sleeping for 20s (base=20s, consecutive_errors=0, monitoring_suspended=False)
2025-11-27 21:58:33 | INFO | MONITOR_SLEEP | Sleeping for 20s (base=20s, consecutive_errors=0, monitoring_suspended=False)
2025-11-27 21:58:53 | INFO | MONITOR_SLEEP | Sleeping for 20s (base=20s, consecutive_errors=0, monitoring_suspended=False)
2025-11-27 21:59:13 | INFO | MONITOR | Paper trades checked (next in 60s)
2025-11-27 21:59:13 | INFO | MONITOR_SLEEP | Sleeping for 20s (base=20s, consecutive_errors=0, monitoring_suspended=False)
2025-11-27 21:59:33 | INFO | MONITOR_SLEEP | Sleeping for 20s (base=20s, consecutive_errors=0, monitoring_suspended=False)
2025-11-27 21:59:53 | INFO | MONITOR_SLEEP | Sleeping for 20s (base=20s, consecutive_errors=0, monitoring_suspended=False)
2025-11-27 22:00:13 | INFO | MONITOR | Paper trades checked (next in 60s)
2025-11-27 22:00:13 | INFO | MONITOR_SLEEP | Sleeping for 20s (base=20s, consecutive_errors=0, monitoring_suspended=False)
2025-11-27 22:00:33 | INFO | MONITOR_SLEEP | Sleeping for 20s (base=20s, consecutive_errors=0, monitoring_suspended=False)
2025-11-27 22:00:53 | INFO | MONITOR_SLEEP | Sleeping for 20s (base=20s, consecutive_errors=0, monitoring_suspended=False)
2025-11-27 22:01:13 | INFO | MONITOR | Paper trades checked (next in 60s)
2025-11-27 22:01:13 | INFO | MONITOR_SLEEP | Sleeping for 20s (base=20s, consecutive_errors=0, monitoring_suspended=False)
2025-11-27 22:01:33 | INFO | MONITOR_SLEEP | Sleeping for 20s (base=20s, consecutive_errors=0, monitoring_suspended=False)
2025-11-27 22:01:53 | INFO | MONITOR_SLEEP | Sleeping for 20s (base=20s, consecutive_errors=0, monitoring_suspended=False)
2025-11-27 22:02:13 | INFO | MONITOR | Paper trades checked (next in 60s)
2025-11-27 22:02:13 | INFO | MONITOR_SLEEP | Sleeping for 20s (base=20s, consecutive_errors=0, monitoring_suspended=False)
2025-11-27 22:02:33 | INFO | MONITOR_SLEEP | Sleeping for 20s (base=20s, consecutive_errors=0, monitoring_suspended=False)
2025-11-27 22:02:53 | INFO | MONITOR_SLEEP | Sleeping for 20s (base=20s, consecutive_errors=0, monitoring_suspended=False)
2025-11-27 22:03:13 | INFO | MONITOR | Paper trades checked (next in 60s)
2025-11-27 22:03:13 | INFO | MONITOR_SLEEP | Sleeping for 20s (base=20s, consecutive_errors=0, monitoring_suspended=False)
2025-11-27 22:03:33 | INFO | MONITOR_SLEEP | Sleeping for 20s (base=20s, consecutive_errors=0, monitoring_suspended=False)
2025-11-27 22:03:53 | INFO | MONITOR_SLEEP | Sleeping for 20s (base=20s, consecutive_errors=0, monitoring_suspended=False)
2025-11-27 22:04:13 | INFO | MONITOR | Paper trades checked (next in 60s)
2025-11-27 22:04:13 | INFO | MONITOR_SLEEP | Sleeping for 20s (base=20s, consecutive_errors=0, monitoring_suspended=False)
2025-11-27 22:04:33 | INFO | MONITOR_SLEEP | Sleeping for 20s (base=20s, consecutive_errors=0, monitoring_suspended=False)
2025-11-27 22:04:53 | INFO | MONITOR_SLEEP | Sleeping for 20s (base=20s, consecutive_errors=0, monitoring_suspended=False)
2025-11-27 22:05:13 | INFO | MONITOR | Paper trades checked (next in 60s)
2025-11-27 22:05:13 | INFO | MONITOR_SLEEP | Sleeping for 20s (base=20s, consecutive_errors=0, monitoring_suspended=False)
2025-11-27 22:05:33 | INFO | MONITOR_SLEEP | Sleeping for 20s (base=20s, consecutive_errors=0, monitoring_suspended=False)
2025-11-27 22:05:53 | INFO | MONITOR_SLEEP | Sleeping for 20s (base=20s, consecutive_errors=0, monitoring_suspended=False)
2025-11-27 22:06:13 | INFO | MONITOR | Paper trades checked (next in 60s)
2025-11-27 22:06:13 | INFO | MONITOR_SLEEP | Sleeping for 20s (base=20s, consecutive_errors=0, monitoring_suspended=False)
2025-11-27 22:06:33 | INFO | MONITOR_SLEEP | Sleeping for 20s (base=20s, consecutive_errors=0, monitoring_suspended=False)
2025-11-27 22:06:53 | INFO | MONITOR_SLEEP | Sleeping for 20s (base=20s, consecutive_errors=0, monitoring_suspended=False)
2025-11-27 22:07:13 | INFO | MONITOR | Paper trades checked (next in 60s)
2025-11-27 22:07:13 | INFO | MONITOR_SLEEP | Sleeping for 20s (base=20s, consecutive_errors=0, monitoring_suspended=False)
2025-11-27 22:07:33 | INFO | MONITOR_SLEEP | Sleeping for 20s (base=20s, consecutive_errors=0, monitoring_suspended=False)
2025-11-27 22:07:53 | INFO | MONITOR_SLEEP | Sleeping for 20s (base=20s, consecutive_errors=0, monitoring_suspended=False)
2025-11-27 22:08:13 | INFO | MONITOR | Paper trades checked (next in 60s)
2025-11-27 22:08:13 | INFO | MONITOR_SLEEP | Sleeping for 20s (base=20s, consecutive_errors=0, monitoring_suspended=False)
2025-11-27 22:08:33 | INFO | MONITOR_SLEEP | Sleeping for 20s (base=20s, consecutive_errors=0, monitoring_suspended=False)
2025-11-27 22:08:53 | INFO | MONITOR_SLEEP | Sleeping for 20s (base=20s, consecutive_errors=0, monitoring_suspended=False)
2025-11-27 22:09:13 | INFO | MONITOR | Paper trades checked (next in 60s)
2025-11-27 22:09:13 | INFO | MONITOR_SLEEP | Sleeping for 20s (base=20s, consecutive_errors=0, monitoring_suspended=False)
2025-11-27 22:09:33 | INFO | MONITOR_SLEEP | Sleeping for 20s (base=20s, consecutive_errors=0, monitoring_suspended=False)
2025-11-27 22:09:53 | INFO | MONITOR_SLEEP | Sleeping for 20s (base=20s, consecutive_errors=0, monitoring_suspended=False)
2025-11-27 22:10:13 | INFO | MONITOR | Paper trades checked (next in 60s)
2025-11-27 22:10:13 | INFO | MONITOR_SLEEP | Sleeping for 20s (base=20s, consecutive_errors=0, monitoring_suspended=False)
2025-11-27 22:10:33 | INFO | MONITOR_SLEEP | Sleeping for 20s (base=20s, consecutive_errors=0, monitoring_suspended=False)
2025-11-27 22:10:53 | INFO | MONITOR_SLEEP | Sleeping for 20s (base=20s, consecutive_errors=0, monitoring_suspended=False)
2025-11-27 22:11:13 | INFO | MONITOR | Paper trades checked (next in 60s)
2025-11-27 22:11:13 | INFO | MONITOR_SLEEP | Sleeping for 20s (base=20s, consecutive_errors=0, monitoring_suspended=False)
2025-11-27 22:11:33 | INFO | MONITOR_SLEEP | Sleeping for 20s (base=20s, consecutive_errors=0, monitoring_suspended=False)
2025-11-27 22:11:53 | INFO | MONITOR_SLEEP | Sleeping for 20s (base=20s, consecutive_errors=0, monitoring_suspended=False)
2025-11-27 22:12:13 | INFO | MONITOR | Paper trades checked (next in 60s)
2025-11-27 22:12:13 | INFO | MONITOR_SLEEP | Sleeping for 20s (base=20s, consecutive_errors=0, monitoring_suspended=False)
2025-11-27 22:12:33 | INFO | MONITOR_SLEEP | Sleeping for 20s (base=20s, consecutive_errors=0, monitoring_suspended=False)
2025-11-27 22:12:53 | INFO | MONITOR_SLEEP | Sleeping for 20s (base=20s, consecutive_errors=0, monitoring_suspended=False)
2025-11-27 22:13:13 | INFO | MONITOR | Paper trades checked (next in 60s)
2025-11-27 22:13:13 | INFO | MONITOR_SLEEP | Sleeping for 20s (base=20s, consecutive_errors=0, monitoring_suspended=False)
2025-11-27 22:13:33 | INFO | MONITOR_SLEEP | Sleeping for 20s (base=20s, consecutive_errors=0, monitoring_suspended=False)
2025-11-27 22:13:53 | INFO | MONITOR_SLEEP | Sleeping for 20s (base=20s, consecutive_errors=0, monitoring_suspended=False)
2025-11-27 22:14:13 | INFO | MONITOR | Paper trades checked (next in 60s)
2025-11-27 22:14:13 | INFO | MONITOR_SLEEP | Sleeping for 20s (base=20s, consecutive_errors=0, monitoring_suspended=False)
2025-11-27 22:14:33 | INFO | MONITOR_SLEEP | Sleeping for 20s (base=20s, consecutive_errors=0, monitoring_suspended=False)
2025-11-27 22:14:53 | INFO | MONITOR_SLEEP | Sleeping for 20s (base=20s, consecutive_errors=0, monitoring_suspended=False)
2025-11-27 22:15:13 | INFO | MONITOR | Paper trades checked (next in 60s)
2025-11-27 22:15:13 | INFO | MONITOR_SLEEP | Sleeping for 20s (base=20s, consecutive_errors=0, monitoring_suspended=False)
2025-11-27 22:15:33 | INFO | MONITOR_SLEEP | Sleeping for 20s (base=20s, consecutive_errors=0, monitoring_suspended=False)
2025-11-27 22:15:53 | INFO | MONITOR_SLEEP | Sleeping for 20s (base=20s, consecutive_errors=0, monitoring_suspended=False)
2025-11-27 22:16:13 | INFO | MONITOR | Paper trades checked (next in 60s)
2025-11-27 22:16:13 | INFO | MONITOR_SLEEP | Sleeping for 20s (base=20s, consecutive_errors=0, monitoring_suspended=False)
2025-11-27 22:16:33 | INFO | MONITOR_SLEEP | Sleeping for 20s (base=20s, consecutive_errors=0, monitoring_suspended=False)
2025-11-27 22:16:53 | INFO | MONITOR_SLEEP | Sleeping for 20s (base=20s, consecutive_errors=0, monitoring_suspended=False)
2025-11-27 22:17:13 | INFO | MONITOR | Paper trades checked (next in 60s)
2025-11-27 22:17:13 | INFO | MONITOR_SLEEP | Sleeping for 20s (base=20s, consecutive_errors=0, monitoring_suspended=False)
2025-11-27 22:17:33 | INFO | MONITOR_SLEEP | Sleeping for 20s (base=20s, consecutive_errors=0, monitoring_suspended=False)
2025-11-27 22:17:53 | INFO | MONITOR_SLEEP | Sleeping for 20s (base=20s, consecutive_errors=0, monitoring_suspended=False)
2025-11-27 22:18:13 | INFO | MONITOR | Paper trades checked (next in 60s)
2025-11-27 22:18:13 | INFO | MONITOR_SLEEP | Sleeping for 20s (base=20s, consecutive_errors=0, monitoring_suspended=False)
2025-11-27 22:18:33 | INFO | MONITOR_SLEEP | Sleeping for 20s (base=20s, consecutive_errors=0, monitoring_suspended=False)
2025-11-27 22:18:53 | INFO | MONITOR_SLEEP | Sleeping for 20s (base=20s, consecutive_errors=0, monitoring_suspended=False)
2025-11-27 22:19:13 | INFO | MONITOR | Paper trades checked (next in 60s)
2025-11-27 22:19:13 | INFO | MONITOR_SLEEP | Sleeping for 20s (base=20s, consecutive_errors=0, monitoring_suspended=False)
2025-11-27 22:19:33 | INFO | MONITOR_SLEEP | Sleeping for 20s (base=20s, consecutive_errors=0, monitoring_suspended=False)
2025-11-27 22:19:53 | INFO | MONITOR_SLEEP | Sleeping for 20s (base=20s, consecutive_errors=0, monitoring_suspended=False)
2025-11-27 22:20:13 | INFO | MONITOR | Paper trades checked (next in 60s)
2025-11-27 22:20:13 | INFO | MONITOR_SLEEP | Sleeping for 20s (base=20s, consecutive_errors=0, monitoring_suspended=False)
2025-11-27 22:20:33 | INFO | MONITOR_SLEEP | Sleeping for 20s (base=20s, consecutive_errors=0, monitoring_suspended=False)
2025-11-27 22:20:53 | INFO | MONITOR_SLEEP | Sleeping for 20s (base=20s, consecutive_errors=0, monitoring_suspended=False)
2025-11-27 22:21:13 | INFO | MONITOR | Paper trades checked (next in 60s)
2025-11-27 22:21:13 | INFO | MONITOR_SLEEP | Sleeping for 20s (base=20s, consecutive_errors=0, monitoring_suspended=False)
2025-11-27 22:21:33 | INFO | MONITOR_SLEEP | Sleeping for 20s (base=20s, consecutive_errors=0, monitoring_suspended=False)
2025-11-27 22:21:53 | INFO | MONITOR_SLEEP | Sleeping for 20s (base=20s, consecutive_errors=0, monitoring_suspended=False)
2025-11-27 22:22:13 | INFO | MONITOR | Paper trades checked (next in 60s)
2025-11-27 22:22:13 | INFO | MONITOR_SLEEP | Sleeping for 20s (base=20s, consecutive_errors=0, monitoring_suspended=False)
2025-11-27 22:22:33 | INFO | MONITOR_SLEEP | Sleeping for 20s (base=20s, consecutive_errors=0, monitoring_suspended=False)
2025-11-27 22:22:53 | INFO | MONITOR_SLEEP | Sleeping for 20s (base=20s, consecutive_errors=0, monitoring_suspended=False)
2025-11-27 22:23:13 | INFO | MONITOR | Paper trades checked (next in 60s)
2025-11-27 22:23:13 | INFO | MONITOR_SLEEP | Sleeping for 20s (base=20s, consecutive_errors=0, monitoring_suspended=False)
2025-11-27 22:23:33 | INFO | MONITOR_SLEEP | Sleeping for 20s (base=20s, consecutive_errors=0, monitoring_suspended=False)
2025-11-27 22:23:53 | INFO | MONITOR_SLEEP | Sleeping for 20s (base=20s, consecutive_errors=0, monitoring_suspended=False)
2025-11-27 22:24:13 | INFO | MONITOR | Paper trades checked (next in 60s)
2025-11-27 22:24:13 | INFO | MONITOR_SLEEP | Sleeping for 20s (base=20s, consecutive_errors=0, monitoring_suspended=False)
2025-11-27 22:24:33 | INFO | MONITOR_SLEEP | Sleeping for 20s (base=20s, consecutive_errors=0, monitoring_suspended=False)
2025-11-27 22:24:53 | INFO | MONITOR_SLEEP | Sleeping for 20s (base=20s, consecutive_errors=0, monitoring_suspended=False)
2025-11-27 22:25:13 | INFO | MONITOR | Paper trades checked (next in 60s)
2025-11-27 22:25:13 | INFO | MONITOR_SLEEP | Sleeping for 20s (base=20s, consecutive_errors=0, monitoring_suspended=False)
2025-11-27 22:25:33 | INFO | MONITOR_SLEEP | Sleeping for 20s (base=20s, consecutive_errors=0, monitoring_suspended=False)
2025-11-27 22:25:53 | INFO | MONITOR_SLEEP | Sleeping for 20s (base=20s, consecutive_errors=0, monitoring_suspended=False)
2025-11-27 22:26:13 | INFO | MONITOR | Paper trades checked (next in 60s)
2025-11-27 22:26:13 | INFO | MONITOR_SLEEP | Sleeping for 20s (base=20s, consecutive_errors=0, monitoring_suspended=False)
2025-11-27 22:26:33 | INFO | MONITOR_SLEEP | Sleeping for 20s (base=20s, consecutive_errors=0, monitoring_suspended=False)
2025-11-27 22:26:53 | INFO | MONITOR_SLEEP | Sleeping for 20s (base=20s, consecutive_errors=0, monitoring_suspended=False)
2025-11-27 22:27:13 | INFO | MONITOR | Paper trades checked (next in 60s)
2025-11-27 22:27:13 | INFO | MONITOR_SLEEP | Sleeping for 20s (base=20s, consecutive_errors=0, monitoring_suspended=False)
2025-11-27 22:27:33 | INFO | MONITOR_SLEEP | Sleeping for 20s (base=20s, consecutive_errors=0, monitoring_suspended=False)
2025-11-27 22:27:53 | INFO | MONITOR_SLEEP | Sleeping for 20s (base=20s, consecutive_errors=0, monitoring_suspended=False)
2025-11-27 22:28:13 | INFO | MONITOR | Paper trades checked (next in 60s)
2025-11-27 22:28:13 | INFO | MONITOR_SLEEP | Sleeping for 20s (base=20s, consecutive_errors=0, monitoring_suspended=False)
2025-11-27 22:28:33 | INFO | MONITOR_SLEEP | Sleeping for 20s (base=20s, consecutive_errors=0, monitoring_suspended=False)
2025-11-27 22:28:53 | INFO | MONITOR_SLEEP | Sleeping for 20s (base=20s, consecutive_errors=0, monitoring_suspended=False)
2025-11-27 22:29:13 | INFO | MONITOR | Paper trades checked (next in 60s)
2025-11-27 22:29:13 | INFO | MONITOR_SLEEP | Sleeping for 20s (base=20s, consecutive_errors=0, monitoring_suspended=False)
2025-11-27 22:29:33 | INFO | MONITOR_SLEEP | Sleeping for 20s (base=20s, consecutive_errors=0, monitoring_suspended=False)
2025-11-27 22:29:53 | INFO | MONITOR_SLEEP | Sleeping for 20s (base=20s, consecutive_errors=0, monitoring_suspended=False)
2025-11-27 22:30:13 | INFO | MONITOR | Paper trades checked (next in 60s)
2025-11-27 22:30:13 | INFO | MONITOR_SLEEP | Sleeping for 20s (base=20s, consecutive_errors=0, monitoring_suspended=False)
2025-11-27 22:30:33 | INFO | MONITOR_SLEEP | Sleeping for 20s (base=20s, consecutive_errors=0, monitoring_suspended=False)
2025-11-27 22:30:53 | INFO | MONITOR_SLEEP | Sleeping for 20s (base=20s, consecutive_errors=0, monitoring_suspended=False)
2025-11-27 22:31:13 | INFO | MONITOR | Paper trades checked (next in 60s)
2025-11-27 22:31:13 | INFO | MONITOR_SLEEP | Sleeping for 20s (base=20s, consecutive_errors=0, monitoring_suspended=False)
2025-11-27 22:31:33 | INFO | MONITOR_SLEEP | Sleeping for 20s (base=20s, consecutive_errors=0, monitoring_suspended=False)
2025-11-27 22:31:53 | INFO | MONITOR_SLEEP | Sleeping for 20s (base=20s, consecutive_errors=0, monitoring_suspended=False)
2025-11-27 22:32:13 | INFO | MONITOR | Paper trades checked (next in 60s)
2025-11-27 22:32:13 | INFO | MONITOR_SLEEP | Sleeping for 20s (base=20s, consecutive_errors=0, monitoring_suspended=False)
2025-11-27 22:32:33 | INFO | MONITOR_SLEEP | Sleeping for 20s (base=20s, consecutive_errors=0, monitoring_suspended=False)
2025-11-27 22:32:53 | INFO | MONITOR_SLEEP | Sleeping for 20s (base=20s, consecutive_errors=0, monitoring_suspended=False)
2025-11-27 22:33:13 | INFO | MONITOR | Paper trades checked (next in 60s)
2025-11-27 22:33:13 | INFO | MONITOR_SLEEP | Sleeping for 20s (base=20s, consecutive_errors=0, monitoring_suspended=False)
2025-11-27 22:33:33 | INFO | MONITOR_SLEEP | Sleeping for 20s (base=20s, consecutive_errors=0, monitoring_suspended=False)
2025-11-27 22:33:53 | INFO | MONITOR_SLEEP | Sleeping for 20s (base=20s, consecutive_errors=0, monitoring_suspended=False)
2025-11-27 22:34:13 | INFO | MONITOR | Paper trades checked (next in 60s)
2025-11-27 22:34:13 | INFO | MONITOR_SLEEP | Sleeping for 20s (base=20s, consecutive_errors=0, monitoring_suspended=False)
2025-11-27 22:34:33 | INFO | MONITOR_SLEEP | Sleeping for 20s (base=20s, consecutive_errors=0, monitoring_suspended=False)
2025-11-27 22:34:53 | INFO | MONITOR_SLEEP | Sleeping for 20s (base=20s, consecutive_errors=0, monitoring_suspended=False)
2025-11-27 22:35:13 | INFO | MONITOR | Paper trades checked (next in 60s)
2025-11-27 22:35:13 | INFO | MONITOR_SLEEP | Sleeping for 20s (base=20s, consecutive_errors=0, monitoring_suspended=False)
2025-11-27 22:35:33 | INFO | MONITOR_SLEEP | Sleeping for 20s (base=20s, consecutive_errors=0, monitoring_suspended=False)
2025-11-27 22:35:53 | INFO | MONITOR_SLEEP | Sleeping for 20s (base=20s, consecutive_errors=0, monitoring_suspended=False)
2025-11-27 22:36:13 | INFO | MONITOR | Paper trades checked (next in 60s)
2025-11-27 22:36:13 | INFO | MONITOR_SLEEP | Sleeping for 20s (base=20s, consecutive_errors=0, monitoring_suspended=False)
2025-11-27 22:36:33 | INFO | MONITOR_SLEEP | Sleeping for 20s (base=20s, consecutive_errors=0, monitoring_suspended=False)
2025-11-27 22:36:53 | INFO | MONITOR_SLEEP | Sleeping for 20s (base=20s, consecutive_errors=0, monitoring_suspended=False)
2025-11-27 22:37:13 | INFO | MONITOR | Paper trades checked (next in 60s)
2025-11-27 22:37:13 | INFO | MONITOR_SLEEP | Sleeping for 20s (base=20s, consecutive_errors=0, monitoring_suspended=False)
2025-11-27 22:37:33 | INFO | MONITOR_SLEEP | Sleeping for 20s (base=20s, consecutive_errors=0, monitoring_suspended=False)
2025-11-27 22:37:53 | INFO | MONITOR_SLEEP | Sleeping for 20s (base=20s, consecutive_errors=0, monitoring_suspended=False)
2025-11-27 22:38:13 | INFO | MONITOR | Paper trades checked (next in 60s)
2025-11-27 22:38:13 | INFO | MONITOR_SLEEP | Sleeping for 20s (base=20s, consecutive_errors=0, monitoring_suspended=False)
2025-11-27 22:38:33 | INFO | MONITOR_SLEEP | Sleeping for 20s (base=20s, consecutive_errors=0, monitoring_suspended=False)
2025-11-27 22:38:53 | INFO | MONITOR_SLEEP | Sleeping for 20s (base=20s, consecutive_errors=0, monitoring_suspended=False)
2025-11-27 22:39:13 | INFO | MONITOR | Paper trades checked (next in 60s)
2025-11-27 22:39:13 | INFO | MONITOR_SLEEP | Sleeping for 20s (base=20s, consecutive_errors=0, monitoring_suspended=False)
2025-11-27 22:39:33 | INFO | MONITOR_SLEEP | Sleeping for 20s (base=20s, consecutive_errors=0, monitoring_suspended=False)
2025-11-27 22:39:53 | INFO | MONITOR_SLEEP | Sleeping for 20s (base=20s, consecutive_errors=0, monitoring_suspended=False)
2025-11-27 22:40:13 | INFO | MONITOR | Paper trades checked (next in 60s)
2025-11-27 22:40:13 | INFO | MONITOR_SLEEP | Sleeping for 20s (base=20s, consecutive_errors=0, monitoring_suspended=False)
2025-11-27 22:40:33 | INFO | MONITOR_SLEEP | Sleeping for 20s (base=20s, consecutive_errors=0, monitoring_suspended=False)
2025-11-27 22:40:53 | INFO | MONITOR_SLEEP | Sleeping for 20s (base=20s, consecutive_errors=0, monitoring_suspended=False)
2025-11-27 22:41:13 | INFO | MONITOR | Paper trades checked (next in 60s)
2025-11-27 22:41:13 | INFO | MONITOR_SLEEP | Sleeping for 20s (base=20s, consecutive_errors=0, monitoring_suspended=False)
2025-11-27 22:41:33 | INFO | MONITOR_SLEEP | Sleeping for 20s (base=20s, consecutive_errors=0, monitoring_suspended=False)
2025-11-27 22:41:53 | INFO | MONITOR_SLEEP | Sleeping for 20s (base=20s, consecutive_errors=0, monitoring_suspended=False)
2025-11-27 22:42:13 | INFO | MONITOR | Paper trades checked (next in 60s)
2025-11-27 22:42:13 | INFO | MONITOR_SLEEP | Sleeping for 20s (base=20s, consecutive_errors=0, monitoring_suspended=False)
2025-11-27 22:42:33 | INFO | MONITOR_SLEEP | Sleeping for 20s (base=20s, consecutive_errors=0, monitoring_suspended=False)
2025-11-27 22:42:53 | INFO | MONITOR_SLEEP | Sleeping for 20s (base=20s, consecutive_errors=0, monitoring_suspended=False)
2025-11-27 22:43:13 | INFO | MONITOR | Paper trades checked (next in 60s)
2025-11-27 22:43:13 | INFO | MONITOR_SLEEP | Sleeping for 20s (base=20s, consecutive_errors=0, monitoring_suspended=False)
2025-11-27 22:43:33 | INFO | MONITOR_SLEEP | Sleeping for 20s (base=20s, consecutive_errors=0, monitoring_suspended=False)
2025-11-27 22:43:53 | INFO | MONITOR_SLEEP | Sleeping for 20s (base=20s, consecutive_errors=0, monitoring_suspended=False)
2025-11-27 22:44:13 | INFO | MONITOR | Paper trades checked (next in 60s)
2025-11-27 22:44:13 | INFO | MONITOR_SLEEP | Sleeping for 20s (base=20s, consecutive_errors=0, monitoring_suspended=False)
2025-11-27 22:44:33 | INFO | MONITOR_SLEEP | Sleeping for 20s (base=20s, consecutive_errors=0, monitoring_suspended=False)
2025-11-27 22:44:53 | INFO | MONITOR_SLEEP | Sleeping for 20s (base=20s, consecutive_errors=0, monitoring_suspended=False)
2025-11-27 22:45:13 | INFO | MONITOR | Paper trades checked (next in 60s)
2025-11-27 22:45:13 | INFO | MONITOR_SLEEP | Sleeping for 20s (base=20s, consecutive_errors=0, monitoring_suspended=False)
2025-11-27 22:45:33 | INFO | MONITOR_SLEEP | Sleeping for 20s (base=20s, consecutive_errors=0, monitoring_suspended=False)
2025-11-27 22:45:53 | INFO | MONITOR_SLEEP | Sleeping for 20s (base=20s, consecutive_errors=0, monitoring_suspended=False)
2025-11-27 22:46:13 | INFO | MONITOR | Paper trades checked (next in 60s)
2025-11-27 22:46:13 | INFO | MONITOR_SLEEP | Sleeping for 20s (base=20s, consecutive_errors=0, monitoring_suspended=False)
2025-11-27 22:46:33 | INFO | MONITOR_SLEEP | Sleeping for 20s (base=20s, consecutive_errors=0, monitoring_suspended=False)
2025-11-27 22:46:53 | INFO | MONITOR_SLEEP | Sleeping for 20s (base=20s, consecutive_errors=0, monitoring_suspended=False)
2025-11-27 22:47:13 | INFO | MONITOR | Paper trades checked (next in 60s)
2025-11-27 22:47:13 | INFO | MONITOR_SLEEP | Sleeping for 20s (base=20s, consecutive_errors=0, monitoring_suspended=False)
2025-11-27 22:47:33 | INFO | MONITOR_SLEEP | Sleeping for 20s (base=20s, consecutive_errors=0, monitoring_suspended=False)
2025-11-27 22:47:53 | INFO | MONITOR_SLEEP | Sleeping for 20s (base=20s, consecutive_errors=0, monitoring_suspended=False)
2025-11-27 22:48:13 | INFO | MONITOR | Paper trades checked (next in 60s)
2025-11-27 22:48:13 | INFO | MONITOR_SLEEP | Sleeping for 20s (base=20s, consecutive_errors=0, monitoring_suspended=False)
2025-11-27 22:48:33 | INFO | MONITOR_SLEEP | Sleeping for 20s (base=20s, consecutive_errors=0, monitoring_suspended=False)
2025-11-27 22:48:53 | INFO | MONITOR_SLEEP | Sleeping for 20s (base=20s, consecutive_errors=0, monitoring_suspended=False)
2025-11-27 22:49:13 | INFO | MONITOR | Paper trades checked (next in 60s)
2025-11-27 22:49:13 | INFO | MONITOR_SLEEP | Sleeping for 20s (base=20s, consecutive_errors=0, monitoring_suspended=False)
2025-11-27 22:49:33 | INFO | MONITOR_SLEEP | Sleeping for 20s (base=20s, consecutive_errors=0, monitoring_suspended=False)
2025-11-27 22:49:53 | INFO | MONITOR_SLEEP | Sleeping for 20s (base=20s, consecutive_errors=0, monitoring_suspended=False)
2025-11-27 22:50:13 | INFO | MONITOR | Paper trades checked (next in 60s)
2025-11-27 22:50:13 | INFO | MONITOR_SLEEP | Sleeping for 20s (base=20s, consecutive_errors=0, monitoring_suspended=False)
2025-11-27 22:50:33 | INFO | MONITOR_SLEEP | Sleeping for 20s (base=20s, consecutive_errors=0, monitoring_suspended=False)
2025-11-27 22:50:53 | INFO | MONITOR_SLEEP | Sleeping for 20s (base=20s, consecutive_errors=0, monitoring_suspended=False)
2025-11-27 22:51:13 | INFO | MONITOR | Paper trades checked (next in 60s)
2025-11-27 22:51:13 | INFO | MONITOR_SLEEP | Sleeping for 20s (base=20s, consecutive_errors=0, monitoring_suspended=False)
2025-11-27 22:51:33 | INFO | MONITOR_SLEEP | Sleeping for 20s (base=20s, consecutive_errors=0, monitoring_suspended=False)
2025-11-27 22:51:53 | INFO | MONITOR_SLEEP | Sleeping for 20s (base=20s, consecutive_errors=0, monitoring_suspended=False)
2025-11-27 22:52:13 | INFO | MONITOR | Paper trades checked (next in 60s)
2025-11-27 22:52:13 | INFO | MONITOR_SLEEP | Sleeping for 20s (base=20s, consecutive_errors=0, monitoring_suspended=False)
2025-11-27 22:52:33 | INFO | MONITOR_SLEEP | Sleeping for 20s (base=20s, consecutive_errors=0, monitoring_suspended=False)
2025-11-27 22:52:53 | INFO | MONITOR_SLEEP | Sleeping for 20s (base=20s, consecutive_errors=0, monitoring_suspended=False)
2025-11-27 22:53:13 | INFO | MONITOR | Paper trades checked (next in 60s)
2025-11-27 22:53:13 | INFO | MONITOR_SLEEP | Sleeping for 20s (base=20s, consecutive_errors=0, monitoring_suspended=False)
2025-11-27 22:53:33 | INFO | MONITOR_SLEEP | Sleeping for 20s (base=20s, consecutive_errors=0, monitoring_suspended=False)
2025-11-27 22:53:53 | INFO | MONITOR_SLEEP | Sleeping for 20s (base=20s, consecutive_errors=0, monitoring_suspended=False)
2025-11-27 22:54:13 | INFO | MONITOR | Paper trades checked (next in 60s)
2025-11-27 22:54:13 | INFO | MONITOR_SLEEP | Sleeping for 20s (base=20s, consecutive_errors=0, monitoring_suspended=False)
2025-11-27 22:54:33 | INFO | MONITOR_SLEEP | Sleeping for 20s (base=20s, consecutive_errors=0, monitoring_suspended=False)
2025-11-27 22:54:53 | INFO | MONITOR_SLEEP | Sleeping for 20s (base=20s, consecutive_errors=0, monitoring_suspended=False)
2025-11-27 22:55:13 | INFO | MONITOR | Paper trades checked (next in 60s)
2025-11-27 22:55:13 | INFO | MONITOR_SLEEP | Sleeping for 20s (base=20s, consecutive_errors=0, monitoring_suspended=False)
2025-11-27 22:55:33 | INFO | MONITOR_SLEEP | Sleeping for 20s (base=20s, consecutive_errors=0, monitoring_suspended=False)
2025-11-27 22:55:53 | INFO | MONITOR_SLEEP | Sleeping for 20s (base=20s, consecutive_errors=0, monitoring_suspended=False)
2025-11-27 22:56:13 | INFO | MONITOR | Paper trades checked (next in 60s)
2025-11-27 22:56:13 | INFO | MONITOR_SLEEP | Sleeping for 20s (base=20s, consecutive_errors=0, monitoring_suspended=False)
2025-11-27 22:56:33 | INFO | MONITOR_SLEEP | Sleeping for 20s (base=20s, consecutive_errors=0, monitoring_suspended=False)
2025-11-27 22:56:53 | INFO | MONITOR_SLEEP | Sleeping for 20s (base=20s, consecutive_errors=0, monitoring_suspended=False)
2025-11-27 22:57:13 | INFO | MONITOR | Paper trades checked (next in 60s)
2025-11-27 22:57:13 | INFO | MONITOR_SLEEP | Sleeping for 20s (base=20s, consecutive_errors=0, monitoring_suspended=False)
2025-11-27 22:57:33 | INFO | MONITOR_SLEEP | Sleeping for 20s (base=20s, consecutive_errors=0, monitoring_suspended=False)
2025-11-27 22:57:53 | INFO | MONITOR_SLEEP | Sleeping for 20s (base=20s, consecutive_errors=0, monitoring_suspended=False)
2025-11-27 22:58:13 | INFO | MONITOR | Paper trades checked (next in 60s)
2025-11-27 22:58:13 | INFO | MONITOR_SLEEP | Sleeping for 20s (base=20s, consecutive_errors=0, monitoring_suspended=False)
2025-11-27 22:58:33 | INFO | MONITOR_SLEEP | Sleeping for 20s (base=20s, consecutive_errors=0, monitoring_suspended=False)
2025-11-27 22:58:53 | INFO | MONITOR_SLEEP | Sleeping for 20s (base=20s, consecutive_errors=0, monitoring_suspended=False)
2025-11-27 22:59:13 | INFO | MONITOR | Paper trades checked (next in 60s)
2025-11-27 22:59:13 | INFO | MONITOR_SLEEP | Sleeping for 20s (base=20s, consecutive_errors=0, monitoring_suspended=False)
2025-11-27 22:59:33 | INFO | MONITOR_SLEEP | Sleeping for 20s (base=20s, consecutive_errors=0, monitoring_suspended=False)
2025-11-27 22:59:53 | INFO | MONITOR_SLEEP | Sleeping for 20s (base=20s, consecutive_errors=0, monitoring_suspended=False)
2025-11-27 23:00:13 | INFO | MONITOR | Paper trades checked (next in 60s)
2025-11-27 23:00:13 | INFO | MONITOR_SLEEP | Sleeping for 20s (base=20s, consecutive_errors=0, monitoring_suspended=False)
2025-11-27 23:00:33 | INFO | MONITOR_SLEEP | Sleeping for 20s (base=20s, consecutive_errors=0, monitoring_suspended=False)
2025-11-27 23:00:53 | INFO | MONITOR_SLEEP | Sleeping for 20s (base=20s, consecutive_errors=0, monitoring_suspended=False)
2025-11-27 23:01:13 | INFO | MONITOR | Paper trades checked (next in 60s)
2025-11-27 23:01:13 | INFO | MONITOR_SLEEP | Sleeping for 20s (base=20s, consecutive_errors=0, monitoring_suspended=False)
2025-11-27 23:01:33 | INFO | MONITOR_SLEEP | Sleeping for 20s (base=20s, consecutive_errors=0, monitoring_suspended=False)
2025-11-27 23:01:53 | INFO | MONITOR_SLEEP | Sleeping for 20s (base=20s, consecutive_errors=0, monitoring_suspended=False)
2025-11-27 23:02:13 | INFO | MONITOR | Paper trades checked (next in 60s)
2025-11-27 23:02:13 | INFO | MONITOR_SLEEP | Sleeping for 20s (base=20s, consecutive_errors=0, monitoring_suspended=False)
2025-11-27 23:02:33 | INFO | MONITOR_SLEEP | Sleeping for 20s (base=20s, consecutive_errors=0, monitoring_suspended=False)
2025-11-27 23:02:53 | INFO | MONITOR_SLEEP | Sleeping for 20s (base=20s, consecutive_errors=0, monitoring_suspended=False)
2025-11-27 23:03:13 | INFO | MONITOR | Paper trades checked (next in 60s)
2025-11-27 23:03:13 | INFO | MONITOR_SLEEP | Sleeping for 20s (base=20s, consecutive_errors=0, monitoring_suspended=False)
2025-11-27 23:03:33 | INFO | MONITOR_SLEEP | Sleeping for 20s (base=20s, consecutive_errors=0, monitoring_suspended=False)
2025-11-27 23:03:53 | INFO | MONITOR_SLEEP | Sleeping for 20s (base=20s, consecutive_errors=0, monitoring_suspended=False)
2025-11-27 23:04:13 | INFO | MONITOR | Paper trades checked (next in 60s)
2025-11-27 23:04:13 | INFO | MONITOR_SLEEP | Sleeping for 20s (base=20s, consecutive_errors=0, monitoring_suspended=False)
2025-11-27 23:04:33 | INFO | MONITOR_SLEEP | Sleeping for 20s (base=20s, consecutive_errors=0, monitoring_suspended=False)
2025-11-27 23:04:53 | INFO | MONITOR_SLEEP | Sleeping for 20s (base=20s, consecutive_errors=0, monitoring_suspended=False)
2025-11-27 23:05:13 | INFO | MONITOR | Paper trades checked (next in 60s)
2025-11-27 23:05:13 | INFO | MONITOR_SLEEP | Sleeping for 20s (base=20s, consecutive_errors=0, monitoring_suspended=False)
2025-11-27 23:05:33 | INFO | MONITOR_SLEEP | Sleeping for 20s (base=20s, consecutive_errors=0, monitoring_suspended=False)
2025-11-27 23:05:53 | INFO | MONITOR_SLEEP | Sleeping for 20s (base=20s, consecutive_errors=0, monitoring_suspended=False)
2025-11-27 23:06:13 | INFO | MONITOR | Paper trades checked (next in 60s)
2025-11-27 23:06:13 | INFO | MONITOR_SLEEP | Sleeping for 20s (base=20s, consecutive_errors=0, monitoring_suspended=False)
2025-11-27 23:06:33 | INFO | MONITOR_SLEEP | Sleeping for 20s (base=20s, consecutive_errors=0, monitoring_suspended=False)
2025-11-27 23:06:53 | INFO | MONITOR_SLEEP | Sleeping for 20s (base=20s, consecutive_errors=0, monitoring_suspended=False)
2025-11-27 23:07:13 | INFO | MONITOR | Paper trades checked (next in 60s)
2025-11-27 23:07:13 | INFO | MONITOR_SLEEP | Sleeping for 20s (base=20s, consecutive_errors=0, monitoring_suspended=False)
2025-11-27 23:07:33 | INFO | MONITOR_SLEEP | Sleeping for 20s (base=20s, consecutive_errors=0, monitoring_suspended=False)
2025-11-27 23:07:53 | INFO | MONITOR_SLEEP | Sleeping for 20s (base=20s, consecutive_errors=0, monitoring_suspended=False)
2025-11-27 23:08:13 | INFO | MONITOR | Paper trades checked (next in 60s)
2025-11-27 23:08:13 | INFO | MONITOR_SLEEP | Sleeping for 20s (base=20s, consecutive_errors=0, monitoring_suspended=False)
2025-11-27 23:08:33 | INFO | MONITOR_SLEEP | Sleeping for 20s (base=20s, consecutive_errors=0, monitoring_suspended=False)
2025-11-27 23:08:53 | INFO | MONITOR_SLEEP | Sleeping for 20s (base=20s, consecutive_errors=0, monitoring_suspended=False)
2025-11-27 23:09:13 | INFO | MONITOR | Paper trades checked (next in 60s)
2025-11-27 23:09:13 | INFO | MONITOR_SLEEP | Sleeping for 20s (base=20s, consecutive_errors=0, monitoring_suspended=False)
2025-11-27 23:09:33 | INFO | MONITOR_SLEEP | Sleeping for 20s (base=20s, consecutive_errors=0, monitoring_suspended=False)
2025-11-27 23:09:53 | INFO | MONITOR_SLEEP | Sleeping for 20s (base=20s, consecutive_errors=0, monitoring_suspended=False)
2025-11-27 23:10:13 | INFO | MONITOR | Paper trades checked (next in 60s)
2025-11-27 23:10:13 | INFO | MONITOR_SLEEP | Sleeping for 20s (base=20s, consecutive_errors=0, monitoring_suspended=False)
2025-11-27 23:10:33 | INFO | MONITOR_SLEEP | Sleeping for 20s (base=20s, consecutive_errors=0, monitoring_suspended=False)
2025-11-27 23:10:53 | INFO | MONITOR_SLEEP | Sleeping for 20s (base=20s, consecutive_errors=0, monitoring_suspended=False)
2025-11-27 23:11:13 | INFO | MONITOR | Paper trades checked (next in 60s)
2025-11-27 23:11:13 | INFO | MONITOR_SLEEP | Sleeping for 20s (base=20s, consecutive_errors=0, monitoring_suspended=False)
2025-11-27 23:11:33 | INFO | MONITOR_SLEEP | Sleeping for 20s (base=20s, consecutive_errors=0, monitoring_suspended=False)
2025-11-27 23:11:53 | INFO | MONITOR_SLEEP | Sleeping for 20s (base=20s, consecutive_errors=0, monitoring_suspended=False)
2025-11-27 23:12:13 | INFO | MONITOR | Paper trades checked (next in 60s)
2025-11-27 23:12:13 | INFO | MONITOR_SLEEP | Sleeping for 20s (base=20s, consecutive_errors=0, monitoring_suspended=False)
2025-11-27 23:12:33 | INFO | MONITOR_SLEEP | Sleeping for 20s (base=20s, consecutive_errors=0, monitoring_suspended=False)
2025-11-27 23:12:53 | INFO | MONITOR_SLEEP | Sleeping for 20s (base=20s, consecutive_errors=0, monitoring_suspended=False)
2025-11-27 23:13:13 | INFO | MONITOR | Paper trades checked (next in 60s)
2025-11-27 23:13:13 | INFO | MONITOR_SLEEP | Sleeping for 20s (base=20s, consecutive_errors=0, monitoring_suspended=False)
2025-11-27 23:13:33 | INFO | MONITOR_SLEEP | Sleeping for 20s (base=20s, consecutive_errors=0, monitoring_suspended=False)
2025-11-27 23:13:53 | INFO | MONITOR_SLEEP | Sleeping for 20s (base=20s, consecutive_errors=0, monitoring_suspended=False)
2025-11-27 23:14:13 | INFO | MONITOR | Paper trades checked (next in 60s)
2025-11-27 23:14:13 | INFO | MONITOR_SLEEP | Sleeping for 20s (base=20s, consecutive_errors=0, monitoring_suspended=False)
2025-11-27 23:14:33 | INFO | MONITOR_SLEEP | Sleeping for 20s (base=20s, consecutive_errors=0, monitoring_suspended=False)
2025-11-27 23:14:53 | INFO | MONITOR_SLEEP | Sleeping for 20s (base=20s, consecutive_errors=0, monitoring_suspended=False)
2025-11-27 23:15:13 | INFO | MONITOR | Paper trades checked (next in 60s)
2025-11-27 23:15:13 | INFO | MONITOR_SLEEP | Sleeping for 20s (base=20s, consecutive_errors=0, monitoring_suspended=False)
2025-11-27 23:15:33 | INFO | MONITOR_SLEEP | Sleeping for 20s (base=20s, consecutive_errors=0, monitoring_suspended=False)
2025-11-27 23:15:53 | INFO | MONITOR_SLEEP | Sleeping for 20s (base=20s, consecutive_errors=0, monitoring_suspended=False)
2025-11-27 23:16:13 | INFO | MONITOR | Paper trades checked (next in 60s)
2025-11-27 23:16:13 | INFO | MONITOR_SLEEP | Sleeping for 20s (base=20s, consecutive_errors=0, monitoring_suspended=False)
2025-11-27 23:16:33 | INFO | MONITOR_SLEEP | Sleeping for 20s (base=20s, consecutive_errors=0, monitoring_suspended=False)
2025-11-27 23:16:53 | INFO | MONITOR_SLEEP | Sleeping for 20s (base=20s, consecutive_errors=0, monitoring_suspended=False)
2025-11-27 23:17:13 | INFO | MONITOR | Paper trades checked (next in 60s)
2025-11-27 23:17:13 | INFO | MONITOR_SLEEP | Sleeping for 20s (base=20s, consecutive_errors=0, monitoring_suspended=False)
2025-11-27 23:17:33 | INFO | MONITOR_SLEEP | Sleeping for 20s (base=20s, consecutive_errors=0, monitoring_suspended=False)
2025-11-27 23:17:53 | INFO | MONITOR_SLEEP | Sleeping for 20s (base=20s, consecutive_errors=0, monitoring_suspended=False)
2025-11-27 23:18:13 | INFO | MONITOR | Paper trades checked (next in 60s)
2025-11-27 23:18:13 | INFO | MONITOR_SLEEP | Sleeping for 20s (base=20s, consecutive_errors=0, monitoring_suspended=False)
2025-11-27 23:18:33 | INFO | MONITOR_SLEEP | Sleeping for 20s (base=20s, consecutive_errors=0, monitoring_suspended=False)
2025-11-27 23:18:53 | INFO | MONITOR_SLEEP | Sleeping for 20s (base=20s, consecutive_errors=0, monitoring_suspended=False)
2025-11-27 23:19:13 | INFO | MONITOR | Paper trades checked (next in 60s)
2025-11-27 23:19:13 | INFO | MONITOR_SLEEP | Sleeping for 20s (base=20s, consecutive_errors=0, monitoring_suspended=False)
2025-11-27 23:19:33 | INFO | MONITOR_SLEEP | Sleeping for 20s (base=20s, consecutive_errors=0, monitoring_suspended=False)
2025-11-27 23:19:53 | INFO | MONITOR_SLEEP | Sleeping for 20s (base=20s, consecutive_errors=0, monitoring_suspended=False)
2025-11-27 23:20:13 | INFO | MONITOR | Paper trades checked (next in 60s)
2025-11-27 23:20:13 | INFO | MONITOR_SLEEP | Sleeping for 20s (base=20s, consecutive_errors=0, monitoring_suspended=False)
2025-11-27 23:20:33 | INFO | MONITOR_SLEEP | Sleeping for 20s (base=20s, consecutive_errors=0, monitoring_suspended=False)
2025-11-27 23:20:53 | INFO | MONITOR_SLEEP | Sleeping for 20s (base=20s, consecutive_errors=0, monitoring_suspended=False)
2025-11-27 23:21:13 | INFO | MONITOR | Paper trades checked (next in 60s)
2025-11-27 23:21:13 | INFO | MONITOR_SLEEP | Sleeping for 20s (base=20s, consecutive_errors=0, monitoring_suspended=False)
2025-11-27 23:21:33 | INFO | MONITOR_SLEEP | Sleeping for 20s (base=20s, consecutive_errors=0, monitoring_suspended=False)
2025-11-27 23:21:53 | INFO | MONITOR_SLEEP | Sleeping for 20s (base=20s, consecutive_errors=0, monitoring_suspended=False)
2025-11-27 23:22:13 | INFO | MONITOR | Paper trades checked (next in 60s)
2025-11-27 23:22:13 | INFO | MONITOR_SLEEP | Sleeping for 20s (base=20s, consecutive_errors=0, monitoring_suspended=False)
2025-11-27 23:22:33 | INFO | MONITOR_SLEEP | Sleeping for 20s (base=20s, consecutive_errors=0, monitoring_suspended=False)
2025-11-27 23:22:53 | INFO | MONITOR_SLEEP | Sleeping for 20s (base=20s, consecutive_errors=0, monitoring_suspended=False)
2025-11-27 23:23:13 | INFO | MONITOR | Paper trades checked (next in 60s)
2025-11-27 23:23:13 | INFO | MONITOR_SLEEP | Sleeping for 20s (base=20s, consecutive_errors=0, monitoring_suspended=False)
2025-11-27 23:23:33 | INFO | MONITOR_SLEEP | Sleeping for 20s (base=20s, consecutive_errors=0, monitoring_suspended=False)
2025-11-27 23:23:53 | INFO | MONITOR_SLEEP | Sleeping for 20s (base=20s, consecutive_errors=0, monitoring_suspended=False)
2025-11-27 23:24:13 | INFO | MONITOR | Paper trades checked (next in 60s)
2025-11-27 23:24:13 | INFO | MONITOR_SLEEP | Sleeping for 20s (base=20s, consecutive_errors=0, monitoring_suspended=False)
2025-11-27 23:24:33 | INFO | MONITOR_SLEEP | Sleeping for 20s (base=20s, consecutive_errors=0, monitoring_suspended=False)
2025-11-27 23:24:53 | INFO | MONITOR_SLEEP | Sleeping for 20s (base=20s, consecutive_errors=0, monitoring_suspended=False)
2025-11-27 23:25:13 | INFO | MONITOR | Paper trades checked (next in 60s)
2025-11-27 23:25:13 | INFO | MONITOR_SLEEP | Sleeping for 20s (base=20s, consecutive_errors=0, monitoring_suspended=False)
2025-11-27 23:25:33 | INFO | MONITOR_SLEEP | Sleeping for 20s (base=20s, consecutive_errors=0, monitoring_suspended=False)
2025-11-27 23:25:53 | INFO | MONITOR_SLEEP | Sleeping for 20s (base=20s, consecutive_errors=0, monitoring_suspended=False)
2025-11-27 23:26:13 | INFO | MONITOR | Paper trades checked (next in 60s)
2025-11-27 23:26:13 | INFO | MONITOR_SLEEP | Sleeping for 20s (base=20s, consecutive_errors=0, monitoring_suspended=False)
2025-11-27 23:26:33 | INFO | MONITOR_SLEEP | Sleeping for 20s (base=20s, consecutive_errors=0, monitoring_suspended=False)
2025-11-27 23:26:53 | INFO | MONITOR_SLEEP | Sleeping for 20s (base=20s, consecutive_errors=0, monitoring_suspended=False)
2025-11-27 23:27:13 | INFO | MONITOR | Paper trades checked (next in 60s)
2025-11-27 23:27:13 | INFO | MONITOR_SLEEP | Sleeping for 20s (base=20s, consecutive_errors=0, monitoring_suspended=False)
2025-11-27 23:27:33 | INFO | MONITOR_SLEEP | Sleeping for 20s (base=20s, consecutive_errors=0, monitoring_suspended=False)
2025-11-27 23:27:53 | INFO | MONITOR_SLEEP | Sleeping for 20s (base=20s, consecutive_errors=0, monitoring_suspended=False)
2025-11-27 23:28:13 | INFO | MONITOR | Paper trades checked (next in 60s)
2025-11-27 23:28:13 | INFO | MONITOR_SLEEP | Sleeping for 20s (base=20s, consecutive_errors=0, monitoring_suspended=False)
2025-11-27 23:28:33 | INFO | MONITOR_SLEEP | Sleeping for 20s (base=20s, consecutive_errors=0, monitoring_suspended=False)
2025-11-27 23:28:53 | INFO | MONITOR_SLEEP | Sleeping for 20s (base=20s, consecutive_errors=0, monitoring_suspended=False)
2025-11-27 23:29:13 | INFO | MONITOR | Paper trades checked (next in 60s)
2025-11-27 23:29:13 | INFO | MONITOR_SLEEP | Sleeping for 20s (base=20s, consecutive_errors=0, monitoring_suspended=False)
2025-11-27 23:29:33 | INFO | MONITOR_SLEEP | Sleeping for 20s (base=20s, consecutive_errors=0, monitoring_suspended=False)
2025-11-27 23:29:53 | INFO | MONITOR_SLEEP | Sleeping for 20s (base=20s, consecutive_errors=0, monitoring_suspended=False)
2025-11-27 23:30:13 | INFO | MONITOR | Paper trades checked (next in 60s)
2025-11-27 23:30:13 | INFO | MONITOR_SLEEP | Sleeping for 20s (base=20s, consecutive_errors=0, monitoring_suspended=False)
2025-11-27 23:30:33 | INFO | MONITOR_SLEEP | Sleeping for 20s (base=20s, consecutive_errors=0, monitoring_suspended=False)
2025-11-27 23:30:53 | INFO | MONITOR_SLEEP | Sleeping for 20s (base=20s, consecutive_errors=0, monitoring_suspended=False)
2025-11-27 23:31:13 | INFO | MONITOR | Paper trades checked (next in 60s)
2025-11-27 23:31:13 | INFO | MONITOR_SLEEP | Sleeping for 20s (base=20s, consecutive_errors=0, monitoring_suspended=False)
2025-11-27 23:31:33 | INFO | MONITOR_SLEEP | Sleeping for 20s (base=20s, consecutive_errors=0, monitoring_suspended=False)
2025-11-27 23:31:53 | INFO | MONITOR_SLEEP | Sleeping for 20s (base=20s, consecutive_errors=0, monitoring_suspended=False)
2025-11-27 23:32:13 | INFO | MONITOR | Paper trades checked (next in 60s)
2025-11-27 23:32:13 | INFO | MONITOR_SLEEP | Sleeping for 20s (base=20s, consecutive_errors=0, monitoring_suspended=False)
2025-11-27 23:32:33 | INFO | MONITOR_SLEEP | Sleeping for 20s (base=20s, consecutive_errors=0, monitoring_suspended=False)
2025-11-27 23:32:53 | INFO | MONITOR_SLEEP | Sleeping for 20s (base=20s, consecutive_errors=0, monitoring_suspended=False)
2025-11-27 23:33:13 | INFO | MONITOR | Paper trades checked (next in 60s)
2025-11-27 23:33:13 | INFO | MONITOR_SLEEP | Sleeping for 20s (base=20s, consecutive_errors=0, monitoring_suspended=False)
2025-11-27 23:33:33 | INFO | MONITOR_SLEEP | Sleeping for 20s (base=20s, consecutive_errors=0, monitoring_suspended=False)
2025-11-27 23:33:53 | INFO | MONITOR_SLEEP | Sleeping for 20s (base=20s, consecutive_errors=0, monitoring_suspended=False)
2025-11-27 23:34:13 | INFO | MONITOR | Paper trades checked (next in 60s)
2025-11-27 23:34:13 | INFO | MONITOR_SLEEP | Sleeping for 20s (base=20s, consecutive_errors=0, monitoring_suspended=False)
2025-11-27 23:34:33 | INFO | MONITOR_SLEEP | Sleeping for 20s (base=20s, consecutive_errors=0, monitoring_suspended=False)
2025-11-27 23:34:53 | INFO | MONITOR_SLEEP | Sleeping for 20s (base=20s, consecutive_errors=0, monitoring_suspended=False)
2025-11-27 23:35:13 | INFO | MONITOR | Paper trades checked (next in 60s)
2025-11-27 23:35:13 | INFO | MONITOR_SLEEP | Sleeping for 20s (base=20s, consecutive_errors=0, monitoring_suspended=False)
2025-11-27 23:35:33 | INFO | MONITOR_SLEEP | Sleeping for 20s (base=20s, consecutive_errors=0, monitoring_suspended=False)
2025-11-27 23:35:53 | INFO | MONITOR_SLEEP | Sleeping for 20s (base=20s, consecutive_errors=0, monitoring_suspended=False)
2025-11-27 23:36:13 | INFO | MONITOR | Paper trades checked (next in 60s)
2025-11-27 23:36:13 | INFO | MONITOR_SLEEP | Sleeping for 20s (base=20s, consecutive_errors=0, monitoring_suspended=False)
2025-11-27 23:36:33 | INFO | MONITOR_SLEEP | Sleeping for 20s (base=20s, consecutive_errors=0, monitoring_suspended=False)
2025-11-27 23:36:53 | INFO | MONITOR_SLEEP | Sleeping for 20s (base=20s, consecutive_errors=0, monitoring_suspended=False)
2025-11-27 23:37:13 | INFO | MONITOR | Paper trades checked (next in 60s)
2025-11-27 23:37:13 | INFO | MONITOR_SLEEP | Sleeping for 20s (base=20s, consecutive_errors=0, monitoring_suspended=False)
2025-11-27 23:37:33 | INFO | MONITOR_SLEEP | Sleeping for 20s (base=20s, consecutive_errors=0, monitoring_suspended=False)
2025-11-27 23:37:53 | INFO | MONITOR_SLEEP | Sleeping for 20s (base=20s, consecutive_errors=0, monitoring_suspended=False)
2025-11-27 23:38:13 | INFO | MONITOR | Paper trades checked (next in 60s)
2025-11-27 23:38:13 | INFO | MONITOR_SLEEP | Sleeping for 20s (base=20s, consecutive_errors=0, monitoring_suspended=False)
2025-11-27 23:38:33 | INFO | MONITOR_SLEEP | Sleeping for 20s (base=20s, consecutive_errors=0, monitoring_suspended=False)
2025-11-27 23:38:53 | INFO | MONITOR_SLEEP | Sleeping for 20s (base=20s, consecutive_errors=0, monitoring_suspended=False)
2025-11-27 23:39:13 | INFO | MONITOR | Paper trades checked (next in 60s)
2025-11-27 23:39:13 | INFO | MONITOR_SLEEP | Sleeping for 20s (base=20s, consecutive_errors=0, monitoring_suspended=False)
2025-11-27 23:39:33 | INFO | MONITOR_SLEEP | Sleeping for 20s (base=20s, consecutive_errors=0, monitoring_suspended=False)
2025-11-27 23:39:53 | INFO | MONITOR_SLEEP | Sleeping for 20s (base=20s, consecutive_errors=0, monitoring_suspended=False)
2025-11-27 23:40:13 | INFO | MONITOR | Paper trades checked (next in 60s)
2025-11-27 23:40:13 | INFO | MONITOR_SLEEP | Sleeping for 20s (base=20s, consecutive_errors=0, monitoring_suspended=False)
2025-11-27 23:40:33 | INFO | MONITOR_SLEEP | Sleeping for 20s (base=20s, consecutive_errors=0, monitoring_suspended=False)
2025-11-27 23:40:53 | INFO | MONITOR_SLEEP | Sleeping for 20s (base=20s, consecutive_errors=0, monitoring_suspended=False)
2025-11-27 23:41:13 | INFO | MONITOR | Paper trades checked (next in 60s)
2025-11-27 23:41:13 | INFO | MONITOR_SLEEP | Sleeping for 20s (base=20s, consecutive_errors=0, monitoring_suspended=False)
2025-11-27 23:41:33 | INFO | MONITOR_SLEEP | Sleeping for 20s (base=20s, consecutive_errors=0, monitoring_suspended=False)
2025-11-27 23:41:53 | INFO | MONITOR_SLEEP | Sleeping for 20s (base=20s, consecutive_errors=0, monitoring_suspended=False)
2025-11-27 23:42:13 | INFO | MONITOR | Paper trades checked (next in 60s)
2025-11-27 23:42:13 | INFO | MONITOR_SLEEP | Sleeping for 20s (base=20s, consecutive_errors=0, monitoring_suspended=False)
2025-11-27 23:42:33 | INFO | MONITOR_SLEEP | Sleeping for 20s (base=20s, consecutive_errors=0, monitoring_suspended=False)
2025-11-27 23:42:53 | INFO | MONITOR_SLEEP | Sleeping for 20s (base=20s, consecutive_errors=0, monitoring_suspended=False)
2025-11-27 23:43:13 | INFO | MONITOR | Paper trades checked (next in 60s)
2025-11-27 23:43:13 | INFO | MONITOR_SLEEP | Sleeping for 20s (base=20s, consecutive_errors=0, monitoring_suspended=False)
2025-11-27 23:43:33 | INFO | MONITOR_SLEEP | Sleeping for 20s (base=20s, consecutive_errors=0, monitoring_suspended=False)
2025-11-27 23:43:53 | INFO | MONITOR_SLEEP | Sleeping for 20s (base=20s, consecutive_errors=0, monitoring_suspended=False)
2025-11-27 23:44:13 | INFO | MONITOR | Paper trades checked (next in 60s)
2025-11-27 23:44:13 | INFO | MONITOR_SLEEP | Sleeping for 20s (base=20s, consecutive_errors=0, monitoring_suspended=False)
2025-11-27 23:44:33 | INFO | MONITOR_SLEEP | Sleeping for 20s (base=20s, consecutive_errors=0, monitoring_suspended=False)
2025-11-27 23:44:53 | INFO | MONITOR_SLEEP | Sleeping for 20s (base=20s, consecutive_errors=0, monitoring_suspended=False)
2025-11-27 23:45:13 | INFO | MONITOR | Paper trades checked (next in 60s)
2025-11-27 23:45:13 | INFO | MONITOR_SLEEP | Sleeping for 20s (base=20s, consecutive_errors=0, monitoring_suspended=False)
2025-11-27 23:45:33 | INFO | MONITOR_SLEEP | Sleeping for 20s (base=20s, consecutive_errors=0, monitoring_suspended=False)
2025-11-27 23:45:53 | INFO | MONITOR_SLEEP | Sleeping for 20s (base=20s, consecutive_errors=0, monitoring_suspended=False)
2025-11-27 23:46:13 | INFO | MONITOR | Paper trades checked (next in 60s)
2025-11-27 23:46:13 | INFO | MONITOR_SLEEP | Sleeping for 20s (base=20s, consecutive_errors=0, monitoring_suspended=False)
2025-11-27 23:46:33 | INFO | MONITOR_SLEEP | Sleeping for 20s (base=20s, consecutive_errors=0, monitoring_suspended=False)
2025-11-27 23:46:53 | INFO | MONITOR_SLEEP | Sleeping for 20s (base=20s, consecutive_errors=0, monitoring_suspended=False)
2025-11-27 23:47:13 | INFO | MONITOR | Paper trades checked (next in 60s)
2025-11-27 23:47:13 | INFO | MONITOR_SLEEP | Sleeping for 20s (base=20s, consecutive_errors=0, monitoring_suspended=False)
2025-11-27 23:47:33 | INFO | MONITOR_SLEEP | Sleeping for 20s (base=20s, consecutive_errors=0, monitoring_suspended=False)
2025-11-27 23:47:53 | INFO | MONITOR_SLEEP | Sleeping for 20s (base=20s, consecutive_errors=0, monitoring_suspended=False)
2025-11-27 23:48:13 | INFO | MONITOR | Paper trades checked (next in 60s)
2025-11-27 23:48:13 | INFO | MONITOR_SLEEP | Sleeping for 20s (base=20s, consecutive_errors=0, monitoring_suspended=False)
2025-11-27 23:48:33 | INFO | MONITOR_SLEEP | Sleeping for 20s (base=20s, consecutive_errors=0, monitoring_suspended=False)
2025-11-27 23:48:53 | INFO | MONITOR_SLEEP | Sleeping for 20s (base=20s, consecutive_errors=0, monitoring_suspended=False)
2025-11-27 23:49:13 | INFO | MONITOR | Paper trades checked (next in 60s)
2025-11-27 23:49:13 | INFO | MONITOR_SLEEP | Sleeping for 20s (base=20s, consecutive_errors=0, monitoring_suspended=False)
2025-11-27 23:49:33 | INFO | MONITOR_SLEEP | Sleeping for 20s (base=20s, consecutive_errors=0, monitoring_suspended=False)
2025-11-27 23:49:53 | INFO | MONITOR_SLEEP | Sleeping for 20s (base=20s, consecutive_errors=0, monitoring_suspended=False)
2025-11-27 23:50:13 | INFO | MONITOR | Paper trades checked (next in 60s)
2025-11-27 23:50:13 | INFO | MONITOR_SLEEP | Sleeping for 20s (base=20s, consecutive_errors=0, monitoring_suspended=False)
2025-11-27 23:50:33 | INFO | MONITOR_SLEEP | Sleeping for 20s (base=20s, consecutive_errors=0, monitoring_suspended=False)
2025-11-27 23:50:53 | INFO | MONITOR_SLEEP | Sleeping for 20s (base=20s, consecutive_errors=0, monitoring_suspended=False)
2025-11-27 23:51:13 | INFO | MONITOR | Paper trades checked (next in 60s)
2025-11-27 23:51:13 | INFO | MONITOR_SLEEP | Sleeping for 20s (base=20s, consecutive_errors=0, monitoring_suspended=False)
2025-11-27 23:51:33 | INFO | MONITOR_SLEEP | Sleeping for 20s (base=20s, consecutive_errors=0, monitoring_suspended=False)
2025-11-27 23:51:53 | INFO | MONITOR_SLEEP | Sleeping for 20s (base=20s, consecutive_errors=0, monitoring_suspended=False)
2025-11-27 23:52:13 | INFO | MONITOR | Paper trades checked (next in 60s)
2025-11-27 23:52:13 | INFO | MONITOR_SLEEP | Sleeping for 20s (base=20s, consecutive_errors=0, monitoring_suspended=False)
2025-11-27 23:52:33 | INFO | MONITOR_SLEEP | Sleeping for 20s (base=20s, consecutive_errors=0, monitoring_suspended=False)
2025-11-27 23:52:53 | INFO | MONITOR_SLEEP | Sleeping for 20s (base=20s, consecutive_errors=0, monitoring_suspended=False)
2025-11-27 23:53:13 | INFO | MONITOR | Paper trades checked (next in 60s)
2025-11-27 23:53:13 | INFO | MONITOR_SLEEP | Sleeping for 20s (base=20s, consecutive_errors=0, monitoring_suspended=False)
2025-11-27 23:53:33 | INFO | MONITOR_SLEEP | Sleeping for 20s (base=20s, consecutive_errors=0, monitoring_suspended=False)
2025-11-27 23:53:53 | INFO | MONITOR_SLEEP | Sleeping for 20s (base=20s, consecutive_errors=0, monitoring_suspended=False)
2025-11-27 23:54:13 | INFO | MONITOR | Paper trades checked (next in 60s)
2025-11-27 23:54:13 | INFO | MONITOR_SLEEP | Sleeping for 20s (base=20s, consecutive_errors=0, monitoring_suspended=False)
2025-11-27 23:54:33 | INFO | MONITOR_SLEEP | Sleeping for 20s (base=20s, consecutive_errors=0, monitoring_suspended=False)
2025-11-27 23:54:53 | INFO | MONITOR_SLEEP | Sleeping for 20s (base=20s, consecutive_errors=0, monitoring_suspended=False)
2025-11-27 23:55:13 | INFO | MONITOR | Paper trades checked (next in 60s)
2025-11-27 23:55:13 | INFO | MONITOR_SLEEP | Sleeping for 20s (base=20s, consecutive_errors=0, monitoring_suspended=False)
2025-11-27 23:55:33 | INFO | MONITOR_SLEEP | Sleeping for 20s (base=20s, consecutive_errors=0, monitoring_suspended=False)
2025-11-27 23:55:53 | INFO | MONITOR_SLEEP | Sleeping for 20s (base=20s, consecutive_errors=0, monitoring_suspended=False)
2025-11-27 23:56:13 | INFO | MONITOR | Paper trades checked (next in 60s)
2025-11-27 23:56:13 | INFO | MONITOR_SLEEP | Sleeping for 20s (base=20s, consecutive_errors=0, monitoring_suspended=False)
2025-11-27 23:56:33 | INFO | MONITOR_SLEEP | Sleeping for 20s (base=20s, consecutive_errors=0, monitoring_suspended=False)
2025-11-27 23:56:53 | INFO | MONITOR_SLEEP | Sleeping for 20s (base=20s, consecutive_errors=0, monitoring_suspended=False)
2025-11-27 23:57:13 | INFO | MONITOR | Paper trades checked (next in 60s)
2025-11-27 23:57:13 | INFO | MONITOR_SLEEP | Sleeping for 20s (base=20s, consecutive_errors=0, monitoring_suspended=False)
2025-11-27 23:57:33 | INFO | MONITOR_SLEEP | Sleeping for 20s (base=20s, consecutive_errors=0, monitoring_suspended=False)
2025-11-27 23:57:53 | INFO | MONITOR_SLEEP | Sleeping for 20s (base=20s, consecutive_errors=0, monitoring_suspended=False)
2025-11-27 23:58:13 | INFO | MONITOR | Paper trades checked (next in 60s)
2025-11-27 23:58:13 | INFO | MONITOR_SLEEP | Sleeping for 20s (base=20s, consecutive_errors=0, monitoring_suspended=False)
2025-11-27 23:58:33 | INFO | MONITOR_SLEEP | Sleeping for 20s (base=20s, consecutive_errors=0, monitoring_suspended=False)
2025-11-27 23:58:53 | INFO | MONITOR_SLEEP | Sleeping for 20s (base=20s, consecutive_errors=0, monitoring_suspended=False)
2025-11-27 23:59:13 | INFO | MONITOR | Paper trades checked (next in 60s)
2025-11-27 23:59:13 | INFO | MONITOR_SLEEP | Sleeping for 20s (base=20s, consecutive_errors=0, monitoring_suspended=False)
2025-11-27 23:59:33 | INFO | MONITOR_SLEEP | Sleeping for 20s (base=20s, consecutive_errors=0, monitoring_suspended=False)
2025-11-27 23:59:53 | INFO | MONITOR_SLEEP | Sleeping for 20s (base=20s, consecutive_errors=0, monitoring_suspended=False)
2025-11-28 00:00:13 | INFO | MONITOR | Paper trades checked (next in 60s)
2025-11-28 00:00:13 | INFO | MONITOR_SLEEP | Sleeping for 20s (base=20s, consecutive_errors=0, monitoring_suspended=False)
2025-11-28 00:00:33 | INFO | MONITOR_SLEEP | Sleeping for 20s (base=20s, consecutive_errors=0, monitoring_suspended=False)
2025-11-28 00:00:53 | INFO | MONITOR_SLEEP | Sleeping for 20s (base=20s, consecutive_errors=0, monitoring_suspended=False)
2025-11-28 00:01:13 | INFO | MONITOR | Paper trades checked (next in 60s)
2025-11-28 00:01:13 | INFO | MONITOR_SLEEP | Sleeping for 20s (base=20s, consecutive_errors=0, monitoring_suspended=False)
2025-11-28 00:01:33 | INFO | MONITOR_SLEEP | Sleeping for 20s (base=20s, consecutive_errors=0, monitoring_suspended=False)
2025-11-28 00:01:53 | INFO | MONITOR_SLEEP | Sleeping for 20s (base=20s, consecutive_errors=0, monitoring_suspended=False)
2025-11-28 00:02:13 | INFO | MONITOR | Paper trades checked (next in 60s)
2025-11-28 00:02:13 | INFO | MONITOR_SLEEP | Sleeping for 20s (base=20s, consecutive_errors=0, monitoring_suspended=False)
2025-11-28 00:02:33 | INFO | MONITOR_SLEEP | Sleeping for 20s (base=20s, consecutive_errors=0, monitoring_suspended=False)
2025-11-28 00:02:53 | INFO | MONITOR_SLEEP | Sleeping for 20s (base=20s, consecutive_errors=0, monitoring_suspended=False)
2025-11-28 00:03:13 | INFO | MONITOR | Paper trades checked (next in 60s)
2025-11-28 00:03:13 | INFO | MONITOR_SLEEP | Sleeping for 20s (base=20s, consecutive_errors=0, monitoring_suspended=False)
2025-11-28 00:03:33 | INFO | MONITOR_SLEEP | Sleeping for 20s (base=20s, consecutive_errors=0, monitoring_suspended=False)
2025-11-28 00:03:53 | INFO | MONITOR_SLEEP | Sleeping for 20s (base=20s, consecutive_errors=0, monitoring_suspended=False)
2025-11-28 00:04:13 | INFO | MONITOR | Paper trades checked (next in 60s)
2025-11-28 00:04:13 | INFO | MONITOR_SLEEP | Sleeping for 20s (base=20s, consecutive_errors=0, monitoring_suspended=False)
2025-11-28 00:04:33 | INFO | MONITOR_SLEEP | Sleeping for 20s (base=20s, consecutive_errors=0, monitoring_suspended=False)
2025-11-28 00:04:53 | INFO | MONITOR_SLEEP | Sleeping for 20s (base=20s, consecutive_errors=0, monitoring_suspended=False)
2025-11-28 00:05:13 | INFO | MONITOR | Paper trades checked (next in 60s)
2025-11-28 00:05:13 | INFO | MONITOR_SLEEP | Sleeping for 20s (base=20s, consecutive_errors=0, monitoring_suspended=False)
2025-11-28 00:05:33 | INFO | MONITOR_SLEEP | Sleeping for 20s (base=20s, consecutive_errors=0, monitoring_suspended=False)
2025-11-28 00:05:53 | INFO | MONITOR_SLEEP | Sleeping for 20s (base=20s, consecutive_errors=0, monitoring_suspended=False)
2025-11-28 00:06:13 | INFO | MONITOR | Paper trades checked (next in 60s)
2025-11-28 00:06:13 | INFO | MONITOR_SLEEP | Sleeping for 20s (base=20s, consecutive_errors=0, monitoring_suspended=False)
2025-11-28 00:06:33 | INFO | MONITOR_SLEEP | Sleeping for 20s (base=20s, consecutive_errors=0, monitoring_suspended=False)
2025-11-28 00:06:53 | INFO | MONITOR_SLEEP | Sleeping for 20s (base=20s, consecutive_errors=0, monitoring_suspended=False)
2025-11-28 00:07:13 | INFO | MONITOR | Paper trades checked (next in 60s)
2025-11-28 00:07:13 | INFO | MONITOR_SLEEP | Sleeping for 20s (base=20s, consecutive_errors=0, monitoring_suspended=False)
2025-11-28 00:07:33 | INFO | MONITOR_SLEEP | Sleeping for 20s (base=20s, consecutive_errors=0, monitoring_suspended=False)
2025-11-28 00:07:53 | INFO | MONITOR_SLEEP | Sleeping for 20s (base=20s, consecutive_errors=0, monitoring_suspended=False)
2025-11-28 00:08:13 | INFO | MONITOR | Paper trades checked (next in 60s)
2025-11-28 00:08:13 | INFO | MONITOR_SLEEP | Sleeping for 20s (base=20s, consecutive_errors=0, monitoring_suspended=False)
2025-11-28 00:08:33 | INFO | MONITOR_SLEEP | Sleeping for 20s (base=20s, consecutive_errors=0, monitoring_suspended=False)
2025-11-28 00:08:53 | INFO | MONITOR_SLEEP | Sleeping for 20s (base=20s, consecutive_errors=0, monitoring_suspended=False)
2025-11-28 00:09:13 | INFO | MONITOR | Paper trades checked (next in 60s)
2025-11-28 00:09:13 | INFO | MONITOR_SLEEP | Sleeping for 20s (base=20s, consecutive_errors=0, monitoring_suspended=False)
2025-11-28 00:09:33 | INFO | MONITOR_SLEEP | Sleeping for 20s (base=20s, consecutive_errors=0, monitoring_suspended=False)
2025-11-28 00:09:53 | INFO | MONITOR_SLEEP | Sleeping for 20s (base=20s, consecutive_errors=0, monitoring_suspended=False)
2025-11-28 00:10:13 | INFO | MONITOR | Paper trades checked (next in 60s)
2025-11-28 00:10:13 | INFO | MONITOR_SLEEP | Sleeping for 20s (base=20s, consecutive_errors=0, monitoring_suspended=False)
2025-11-28 00:10:33 | INFO | MONITOR_SLEEP | Sleeping for 20s (base=20s, consecutive_errors=0, monitoring_suspended=False)
2025-11-28 00:10:53 | INFO | MONITOR_SLEEP | Sleeping for 20s (base=20s, consecutive_errors=0, monitoring_suspended=False)
2025-11-28 00:11:13 | INFO | MONITOR | Paper trades checked (next in 60s)
2025-11-28 00:11:13 | INFO | MONITOR_SLEEP | Sleeping for 20s (base=20s, consecutive_errors=0, monitoring_suspended=False)
2025-11-28 00:11:33 | INFO | MONITOR_SLEEP | Sleeping for 20s (base=20s, consecutive_errors=0, monitoring_suspended=False)
2025-11-28 00:11:53 | INFO | MONITOR_SLEEP | Sleeping for 20s (base=20s, consecutive_errors=0, monitoring_suspended=False)
2025-11-28 00:12:13 | INFO | MONITOR | Paper trades checked (next in 60s)
2025-11-28 00:12:13 | INFO | MONITOR_SLEEP | Sleeping for 20s (base=20s, consecutive_errors=0, monitoring_suspended=False)
2025-11-28 00:12:33 | INFO | MONITOR_SLEEP | Sleeping for 20s (base=20s, consecutive_errors=0, monitoring_suspended=False)
2025-11-28 00:12:53 | INFO | MONITOR_SLEEP | Sleeping for 20s (base=20s, consecutive_errors=0, monitoring_suspended=False)
2025-11-28 00:13:13 | INFO | MONITOR | Paper trades checked (next in 60s)
2025-11-28 00:13:13 | INFO | MONITOR_SLEEP | Sleeping for 20s (base=20s, consecutive_errors=0, monitoring_suspended=False)
2025-11-28 00:13:33 | INFO | MONITOR_SLEEP | Sleeping for 20s (base=20s, consecutive_errors=0, monitoring_suspended=False)
2025-11-28 00:13:53 | INFO | MONITOR_SLEEP | Sleeping for 20s (base=20s, consecutive_errors=0, monitoring_suspended=False)
2025-11-28 00:14:13 | INFO | MONITOR | Paper trades checked (next in 60s)
2025-11-28 00:14:13 | INFO | MONITOR_SLEEP | Sleeping for 20s (base=20s, consecutive_errors=0, monitoring_suspended=False)
2025-11-28 00:14:33 | INFO | MONITOR_SLEEP | Sleeping for 20s (base=20s, consecutive_errors=0, monitoring_suspended=False)
2025-11-28 00:14:53 | INFO | MONITOR_SLEEP | Sleeping for 20s (base=20s, consecutive_errors=0, monitoring_suspended=False)
2025-11-28 00:15:13 | INFO | MONITOR | Paper trades checked (next in 60s)
2025-11-28 00:15:13 | INFO | MONITOR_SLEEP | Sleeping for 20s (base=20s, consecutive_errors=0, monitoring_suspended=False)
2025-11-28 00:15:33 | INFO | MONITOR_SLEEP | Sleeping for 20s (base=20s, consecutive_errors=0, monitoring_suspended=False)
2025-11-28 00:15:53 | INFO | MONITOR_SLEEP | Sleeping for 20s (base=20s, consecutive_errors=0, monitoring_suspended=False)
2025-11-28 00:16:13 | INFO | MONITOR | Paper trades checked (next in 60s)
2025-11-28 00:16:13 | INFO | MONITOR_SLEEP | Sleeping for 20s (base=20s, consecutive_errors=0, monitoring_suspended=False)
2025-11-28 00:16:33 | INFO | MONITOR_SLEEP | Sleeping for 20s (base=20s, consecutive_errors=0, monitoring_suspended=False)
2025-11-28 00:16:53 | INFO | MONITOR_SLEEP | Sleeping for 20s (base=20s, consecutive_errors=0, monitoring_suspended=False)
2025-11-28 00:17:13 | INFO | MONITOR | Paper trades checked (next in 60s)
2025-11-28 00:17:13 | INFO | MONITOR_SLEEP | Sleeping for 20s (base=20s, consecutive_errors=0, monitoring_suspended=False)
2025-11-28 00:17:33 | INFO | MONITOR_SLEEP | Sleeping for 20s (base=20s, consecutive_errors=0, monitoring_suspended=False)
2025-11-28 00:17:53 | INFO | MONITOR_SLEEP | Sleeping for 20s (base=20s, consecutive_errors=0, monitoring_suspended=False)
2025-11-28 00:18:13 | INFO | MONITOR | Paper trades checked (next in 60s)
2025-11-28 00:18:13 | INFO | MONITOR_SLEEP | Sleeping for 20s (base=20s, consecutive_errors=0, monitoring_suspended=False)
2025-11-28 00:18:33 | INFO | MONITOR_SLEEP | Sleeping for 20s (base=20s, consecutive_errors=0, monitoring_suspended=False)
2025-11-28 00:18:53 | INFO | MONITOR_SLEEP | Sleeping for 20s (base=20s, consecutive_errors=0, monitoring_suspended=False)
2025-11-28 00:19:13 | INFO | MONITOR | Paper trades checked (next in 60s)
2025-11-28 00:19:13 | INFO | MONITOR_SLEEP | Sleeping for 20s (base=20s, consecutive_errors=0, monitoring_suspended=False)
2025-11-28 00:19:33 | INFO | MONITOR_SLEEP | Sleeping for 20s (base=20s, consecutive_errors=0, monitoring_suspended=False)
2025-11-28 00:19:53 | INFO | MONITOR_SLEEP | Sleeping for 20s (base=20s, consecutive_errors=0, monitoring_suspended=False)
2025-11-28 00:20:13 | INFO | MONITOR | Paper trades checked (next in 60s)
2025-11-28 00:20:13 | INFO | MONITOR_SLEEP | Sleeping for 20s (base=20s, consecutive_errors=0, monitoring_suspended=False)
2025-11-28 00:20:33 | INFO | MONITOR_SLEEP | Sleeping for 20s (base=20s, consecutive_errors=0, monitoring_suspended=False)
2025-11-28 00:20:53 | INFO | MONITOR_SLEEP | Sleeping for 20s (base=20s, consecutive_errors=0, monitoring_suspended=False)
2025-11-28 00:21:13 | INFO | MONITOR | Paper trades checked (next in 60s)
2025-11-28 00:21:13 | INFO | MONITOR_SLEEP | Sleeping for 20s (base=20s, consecutive_errors=0, monitoring_suspended=False)
2025-11-28 00:21:33 | INFO | MONITOR_SLEEP | Sleeping for 20s (base=20s, consecutive_errors=0, monitoring_suspended=False)
2025-11-28 00:21:53 | INFO | MONITOR_SLEEP | Sleeping for 20s (base=20s, consecutive_errors=0, monitoring_suspended=False)
2025-11-28 00:22:13 | INFO | MONITOR | Paper trades checked (next in 60s)
2025-11-28 00:22:13 | INFO | MONITOR_SLEEP | Sleeping for 20s (base=20s, consecutive_errors=0, monitoring_suspended=False)
2025-11-28 00:22:33 | INFO | MONITOR_SLEEP | Sleeping for 20s (base=20s, consecutive_errors=0, monitoring_suspended=False)
2025-11-28 00:22:53 | INFO | MONITOR_SLEEP | Sleeping for 20s (base=20s, consecutive_errors=0, monitoring_suspended=False)
2025-11-28 00:23:13 | INFO | MONITOR | Paper trades checked (next in 60s)
2025-11-28 00:23:13 | INFO | MONITOR_SLEEP | Sleeping for 20s (base=20s, consecutive_errors=0, monitoring_suspended=False)
2025-11-28 00:23:33 | INFO | MONITOR_SLEEP | Sleeping for 20s (base=20s, consecutive_errors=0, monitoring_suspended=False)
2025-11-28 00:23:53 | INFO | MONITOR_SLEEP | Sleeping for 20s (base=20s, consecutive_errors=0, monitoring_suspended=False)
2025-11-28 00:24:13 | INFO | MONITOR | Paper trades checked (next in 60s)
2025-11-28 00:24:13 | INFO | MONITOR_SLEEP | Sleeping for 20s (base=20s, consecutive_errors=0, monitoring_suspended=False)
2025-11-28 00:24:33 | INFO | MONITOR_SLEEP | Sleeping for 20s (base=20s, consecutive_errors=0, monitoring_suspended=False)
2025-11-28 00:24:53 | INFO | MONITOR_SLEEP | Sleeping for 20s (base=20s, consecutive_errors=0, monitoring_suspended=False)
2025-11-28 00:25:13 | INFO | MONITOR | Paper trades checked (next in 60s)
2025-11-28 00:25:13 | INFO | MONITOR_SLEEP | Sleeping for 20s (base=20s, consecutive_errors=0, monitoring_suspended=False)
2025-11-28 00:25:33 | INFO | MONITOR_SLEEP | Sleeping for 20s (base=20s, consecutive_errors=0, monitoring_suspended=False)
2025-11-28 00:25:53 | INFO | MONITOR_SLEEP | Sleeping for 20s (base=20s, consecutive_errors=0, monitoring_suspended=False)
2025-11-28 00:26:13 | INFO | MONITOR | Paper trades checked (next in 60s)
2025-11-28 00:26:13 | INFO | MONITOR_SLEEP | Sleeping for 20s (base=20s, consecutive_errors=0, monitoring_suspended=False)
2025-11-28 00:26:33 | INFO | MONITOR_SLEEP | Sleeping for 20s (base=20s, consecutive_errors=0, monitoring_suspended=False)
2025-11-28 00:26:53 | INFO | MONITOR_SLEEP | Sleeping for 20s (base=20s, consecutive_errors=0, monitoring_suspended=False)
2025-11-28 00:27:13 | INFO | MONITOR | Paper trades checked (next in 60s)
2025-11-28 00:27:13 | INFO | MONITOR_SLEEP | Sleeping for 20s (base=20s, consecutive_errors=0, monitoring_suspended=False)
2025-11-28 00:27:33 | INFO | MONITOR_SLEEP | Sleeping for 20s (base=20s, consecutive_errors=0, monitoring_suspended=False)
2025-11-28 00:27:53 | INFO | MONITOR_SLEEP | Sleeping for 20s (base=20s, consecutive_errors=0, monitoring_suspended=False)
2025-11-28 00:28:13 | INFO | MONITOR | Paper trades checked (next in 60s)
2025-11-28 00:28:13 | INFO | MONITOR_SLEEP | Sleeping for 20s (base=20s, consecutive_errors=0, monitoring_suspended=False)
2025-11-28 00:28:33 | INFO | MONITOR_SLEEP | Sleeping for 20s (base=20s, consecutive_errors=0, monitoring_suspended=False)
2025-11-28 00:28:53 | INFO | MONITOR_SLEEP | Sleeping for 20s (base=20s, consecutive_errors=0, monitoring_suspended=False)
2025-11-28 00:29:13 | INFO | MONITOR | Paper trades checked (next in 60s)
2025-11-28 00:29:13 | INFO | MONITOR_SLEEP | Sleeping for 20s (base=20s, consecutive_errors=0, monitoring_suspended=False)
2025-11-28 00:29:33 | INFO | MONITOR_SLEEP | Sleeping for 20s (base=20s, consecutive_errors=0, monitoring_suspended=False)
2025-11-28 00:29:53 | INFO | MONITOR_SLEEP | Sleeping for 20s (base=20s, consecutive_errors=0, monitoring_suspended=False)
2025-11-28 00:30:13 | INFO | MONITOR | Paper trades checked (next in 60s)
2025-11-28 00:30:13 | INFO | MONITOR_SLEEP | Sleeping for 20s (base=20s, consecutive_errors=0, monitoring_suspended=False)
2025-11-28 00:30:33 | INFO | MONITOR_SLEEP | Sleeping for 20s (base=20s, consecutive_errors=0, monitoring_suspended=False)
2025-11-28 00:30:53 | INFO | MONITOR_SLEEP | Sleeping for 20s (base=20s, consecutive_errors=0, monitoring_suspended=False)
2025-11-28 00:31:13 | INFO | MONITOR | Paper trades checked (next in 60s)
2025-11-28 00:31:13 | INFO | MONITOR_SLEEP | Sleeping for 20s (base=20s, consecutive_errors=0, monitoring_suspended=False)
2025-11-28 00:31:33 | INFO | MONITOR_SLEEP | Sleeping for 20s (base=20s, consecutive_errors=0, monitoring_suspended=False)
2025-11-28 00:31:53 | INFO | MONITOR_SLEEP | Sleeping for 20s (base=20s, consecutive_errors=0, monitoring_suspended=False)
2025-11-28 00:32:13 | INFO | MONITOR | Paper trades checked (next in 60s)
2025-11-28 00:32:13 | INFO | MONITOR_SLEEP | Sleeping for 20s (base=20s, consecutive_errors=0, monitoring_suspended=False)
2025-11-28 00:32:33 | INFO | MONITOR_SLEEP | Sleeping for 20s (base=20s, consecutive_errors=0, monitoring_suspended=False)
2025-11-28 00:32:53 | INFO | MONITOR_SLEEP | Sleeping for 20s (base=20s, consecutive_errors=0, monitoring_suspended=False)
2025-11-28 00:33:13 | INFO | MONITOR | Paper trades checked (next in 60s)
2025-11-28 00:33:13 | INFO | MONITOR_SLEEP | Sleeping for 20s (base=20s, consecutive_errors=0, monitoring_suspended=False)
2025-11-28 00:33:33 | INFO | MONITOR_SLEEP | Sleeping for 20s (base=20s, consecutive_errors=0, monitoring_suspended=False)
2025-11-28 00:33:53 | INFO | MONITOR_SLEEP | Sleeping for 20s (base=20s, consecutive_errors=0, monitoring_suspended=False)
2025-11-28 00:34:13 | INFO | MONITOR | Paper trades checked (next in 60s)
2025-11-28 00:34:13 | INFO | MONITOR_SLEEP | Sleeping for 20s (base=20s, consecutive_errors=0, monitoring_suspended=False)
2025-11-28 00:34:33 | INFO | MONITOR_SLEEP | Sleeping for 20s (base=20s, consecutive_errors=0, monitoring_suspended=False)
2025-11-28 00:34:53 | INFO | MONITOR_SLEEP | Sleeping for 20s (base=20s, consecutive_errors=0, monitoring_suspended=False)
2025-11-28 00:35:13 | INFO | MONITOR | Paper trades checked (next in 60s)
2025-11-28 00:35:13 | INFO | MONITOR_SLEEP | Sleeping for 20s (base=20s, consecutive_errors=0, monitoring_suspended=False)
2025-11-28 00:35:33 | INFO | MONITOR_SLEEP | Sleeping for 20s (base=20s, consecutive_errors=0, monitoring_suspended=False)
2025-11-28 00:35:53 | INFO | MONITOR_SLEEP | Sleeping for 20s (base=20s, consecutive_errors=0, monitoring_suspended=False)
2025-11-28 00:36:13 | INFO | MONITOR | Paper trades checked (next in 60s)
2025-11-28 00:36:13 | INFO | MONITOR_SLEEP | Sleeping for 20s (base=20s, consecutive_errors=0, monitoring_suspended=False)
2025-11-28 00:36:33 | INFO | MONITOR_SLEEP | Sleeping for 20s (base=20s, consecutive_errors=0, monitoring_suspended=False)
2025-11-28 00:36:53 | INFO | MONITOR_SLEEP | Sleeping for 20s (base=20s, consecutive_errors=0, monitoring_suspended=False)
2025-11-28 00:37:13 | INFO | MONITOR | Paper trades checked (next in 60s)
2025-11-28 00:37:13 | INFO | MONITOR_SLEEP | Sleeping for 20s (base=20s, consecutive_errors=0, monitoring_suspended=False)
2025-11-28 00:37:33 | INFO | MONITOR_SLEEP | Sleeping for 20s (base=20s, consecutive_errors=0, monitoring_suspended=False)
2025-11-28 00:37:53 | INFO | MONITOR_SLEEP | Sleeping for 20s (base=20s, consecutive_errors=0, monitoring_suspended=False)
2025-11-28 00:38:13 | INFO | MONITOR | Paper trades checked (next in 60s)
2025-11-28 00:38:13 | INFO | MONITOR_SLEEP | Sleeping for 20s (base=20s, consecutive_errors=0, monitoring_suspended=False)
2025-11-28 00:38:33 | INFO | MONITOR_SLEEP | Sleeping for 20s (base=20s, consecutive_errors=0, monitoring_suspended=False)
2025-11-28 00:38:53 | INFO | MONITOR_SLEEP | Sleeping for 20s (base=20s, consecutive_errors=0, monitoring_suspended=False)
2025-11-28 00:39:13 | INFO | MONITOR | Paper trades checked (next in 60s)
2025-11-28 00:39:13 | INFO | MONITOR_SLEEP | Sleeping for 20s (base=20s, consecutive_errors=0, monitoring_suspended=False)
2025-11-28 00:39:33 | INFO | MONITOR_SLEEP | Sleeping for 20s (base=20s, consecutive_errors=0, monitoring_suspended=False)
2025-11-28 00:39:53 | INFO | MONITOR_SLEEP | Sleeping for 20s (base=20s, consecutive_errors=0, monitoring_suspended=False)
2025-11-28 00:40:13 | INFO | MONITOR | Paper trades checked (next in 60s)
2025-11-28 00:40:13 | INFO | MONITOR_SLEEP | Sleeping for 20s (base=20s, consecutive_errors=0, monitoring_suspended=False)
2025-11-28 00:40:33 | INFO | MONITOR_SLEEP | Sleeping for 20s (base=20s, consecutive_errors=0, monitoring_suspended=False)
2025-11-28 00:40:53 | INFO | MONITOR_SLEEP | Sleeping for 20s (base=20s, consecutive_errors=0, monitoring_suspended=False)
2025-11-28 00:41:13 | INFO | MONITOR | Paper trades checked (next in 60s)
2025-11-28 00:41:13 | INFO | MONITOR_SLEEP | Sleeping for 20s (base=20s, consecutive_errors=0, monitoring_suspended=False)
2025-11-28 00:41:33 | INFO | MONITOR_SLEEP | Sleeping for 20s (base=20s, consecutive_errors=0, monitoring_suspended=False)
2025-11-28 00:41:53 | INFO | MONITOR_SLEEP | Sleeping for 20s (base=20s, consecutive_errors=0, monitoring_suspended=False)
2025-11-28 00:42:13 | INFO | MONITOR | Paper trades checked (next in 60s)
2025-11-28 00:42:13 | INFO | MONITOR_SLEEP | Sleeping for 20s (base=20s, consecutive_errors=0, monitoring_suspended=False)
2025-11-28 00:42:33 | INFO | MONITOR_SLEEP | Sleeping for 20s (base=20s, consecutive_errors=0, monitoring_suspended=False)
2025-11-28 00:42:53 | INFO | MONITOR_SLEEP | Sleeping for 20s (base=20s, consecutive_errors=0, monitoring_suspended=False)
2025-11-28 00:43:13 | INFO | MONITOR | Paper trades checked (next in 60s)
2025-11-28 00:43:13 | INFO | MONITOR_SLEEP | Sleeping for 20s (base=20s, consecutive_errors=0, monitoring_suspended=False)
2025-11-28 00:43:33 | INFO | MONITOR_SLEEP | Sleeping for 20s (base=20s, consecutive_errors=0, monitoring_suspended=False)
2025-11-28 00:43:53 | INFO | MONITOR_SLEEP | Sleeping for 20s (base=20s, consecutive_errors=0, monitoring_suspended=False)
2025-11-28 00:44:13 | INFO | MONITOR | Paper trades checked (next in 60s)
2025-11-28 00:44:13 | INFO | MONITOR_SLEEP | Sleeping for 20s (base=20s, consecutive_errors=0, monitoring_suspended=False)
2025-11-28 00:44:33 | INFO | MONITOR_SLEEP | Sleeping for 20s (base=20s, consecutive_errors=0, monitoring_suspended=False)
2025-11-28 00:44:53 | INFO | MONITOR_SLEEP | Sleeping for 20s (base=20s, consecutive_errors=0, monitoring_suspended=False)
2025-11-28 00:45:13 | INFO | MONITOR | Paper trades checked (next in 60s)
2025-11-28 00:45:13 | INFO | MONITOR_SLEEP | Sleeping for 20s (base=20s, consecutive_errors=0, monitoring_suspended=False)
2025-11-28 00:45:33 | INFO | MONITOR_SLEEP | Sleeping for 20s (base=20s, consecutive_errors=0, monitoring_suspended=False)
2025-11-28 00:45:53 | INFO | MONITOR_SLEEP | Sleeping for 20s (base=20s, consecutive_errors=0, monitoring_suspended=False)
2025-11-28 00:46:13 | INFO | MONITOR | Paper trades checked (next in 60s)
2025-11-28 00:46:13 | INFO | MONITOR_SLEEP | Sleeping for 20s (base=20s, consecutive_errors=0, monitoring_suspended=False)
2025-11-28 00:46:33 | INFO | MONITOR_SLEEP | Sleeping for 20s (base=20s, consecutive_errors=0, monitoring_suspended=False)
2025-11-28 00:46:53 | INFO | MONITOR_SLEEP | Sleeping for 20s (base=20s, consecutive_errors=0, monitoring_suspended=False)
2025-11-28 00:47:13 | INFO | MONITOR | Paper trades checked (next in 60s)
2025-11-28 00:47:13 | INFO | MONITOR_SLEEP | Sleeping for 20s (base=20s, consecutive_errors=0, monitoring_suspended=False)
2025-11-28 00:47:33 | INFO | MONITOR_SLEEP | Sleeping for 20s (base=20s, consecutive_errors=0, monitoring_suspended=False)
2025-11-28 00:47:53 | INFO | MONITOR_SLEEP | Sleeping for 20s (base=20s, consecutive_errors=0, monitoring_suspended=False)
2025-11-28 00:48:13 | INFO | MONITOR | Paper trades checked (next in 60s)
2025-11-28 00:48:13 | INFO | MONITOR_SLEEP | Sleeping for 20s (base=20s, consecutive_errors=0, monitoring_suspended=False)
2025-11-28 00:48:33 | INFO | MONITOR_SLEEP | Sleeping for 20s (base=20s, consecutive_errors=0, monitoring_suspended=False)
2025-11-28 00:48:53 | INFO | MONITOR_SLEEP | Sleeping for 20s (base=20s, consecutive_errors=0, monitoring_suspended=False)
2025-11-28 00:49:13 | INFO | MONITOR | Paper trades checked (next in 60s)
2025-11-28 00:49:13 | INFO | MONITOR_SLEEP | Sleeping for 20s (base=20s, consecutive_errors=0, monitoring_suspended=False)
2025-11-28 00:49:33 | INFO | MONITOR_SLEEP | Sleeping for 20s (base=20s, consecutive_errors=0, monitoring_suspended=False)
2025-11-28 00:49:53 | INFO | MONITOR_SLEEP | Sleeping for 20s (base=20s, consecutive_errors=0, monitoring_suspended=False)
2025-11-28 00:50:13 | INFO | MONITOR | Paper trades checked (next in 60s)
2025-11-28 00:50:13 | INFO | MONITOR_SLEEP | Sleeping for 20s (base=20s, consecutive_errors=0, monitoring_suspended=False)
2025-11-28 00:50:33 | INFO | MONITOR_SLEEP | Sleeping for 20s (base=20s, consecutive_errors=0, monitoring_suspended=False)
2025-11-28 00:50:53 | INFO | MONITOR_SLEEP | Sleeping for 20s (base=20s, consecutive_errors=0, monitoring_suspended=False)
2025-11-28 00:51:13 | INFO | MONITOR | Paper trades checked (next in 60s)
2025-11-28 00:51:13 | INFO | MONITOR_SLEEP | Sleeping for 20s (base=20s, consecutive_errors=0, monitoring_suspended=False)
2025-11-28 00:51:33 | INFO | MONITOR_SLEEP | Sleeping for 20s (base=20s, consecutive_errors=0, monitoring_suspended=False)
2025-11-28 00:51:53 | INFO | MONITOR_SLEEP | Sleeping for 20s (base=20s, consecutive_errors=0, monitoring_suspended=False)
2025-11-28 00:52:13 | INFO | MONITOR | Paper trades checked (next in 60s)
2025-11-28 00:52:13 | INFO | MONITOR_SLEEP | Sleeping for 20s (base=20s, consecutive_errors=0, monitoring_suspended=False)
2025-11-28 00:52:33 | INFO | MONITOR_SLEEP | Sleeping for 20s (base=20s, consecutive_errors=0, monitoring_suspended=False)
2025-11-28 00:52:53 | INFO | MONITOR_SLEEP | Sleeping for 20s (base=20s, consecutive_errors=0, monitoring_suspended=False)
2025-11-28 00:53:13 | INFO | MONITOR | Paper trades checked (next in 60s)
2025-11-28 00:53:13 | INFO | MONITOR_SLEEP | Sleeping for 20s (base=20s, consecutive_errors=0, monitoring_suspended=False)
2025-11-28 00:53:33 | INFO | MONITOR_SLEEP | Sleeping for 20s (base=20s, consecutive_errors=0, monitoring_suspended=False)
2025-11-28 00:53:53 | INFO | MONITOR_SLEEP | Sleeping for 20s (base=20s, consecutive_errors=0, monitoring_suspended=False)
2025-11-28 00:54:13 | INFO | MONITOR | Paper trades checked (next in 60s)
2025-11-28 00:54:13 | INFO | MONITOR_SLEEP | Sleeping for 20s (base=20s, consecutive_errors=0, monitoring_suspended=False)
2025-11-28 00:54:33 | INFO | MONITOR_SLEEP | Sleeping for 20s (base=20s, consecutive_errors=0, monitoring_suspended=False)
2025-11-28 00:54:53 | INFO | MONITOR_SLEEP | Sleeping for 20s (base=20s, consecutive_errors=0, monitoring_suspended=False)
2025-11-28 00:55:13 | INFO | MONITOR | Paper trades checked (next in 60s)
2025-11-28 00:55:13 | INFO | MONITOR_SLEEP | Sleeping for 20s (base=20s, consecutive_errors=0, monitoring_suspended=False)
2025-11-28 00:55:33 | INFO | MONITOR_SLEEP | Sleeping for 20s (base=20s, consecutive_errors=0, monitoring_suspended=False)
2025-11-28 00:55:53 | INFO | MONITOR_SLEEP | Sleeping for 20s (base=20s, consecutive_errors=0, monitoring_suspended=False)
2025-11-28 00:56:13 | INFO | MONITOR | Paper trades checked (next in 60s)
2025-11-28 00:56:13 | INFO | MONITOR_SLEEP | Sleeping for 20s (base=20s, consecutive_errors=0, monitoring_suspended=False)
2025-11-28 00:56:33 | INFO | MONITOR_SLEEP | Sleeping for 20s (base=20s, consecutive_errors=0, monitoring_suspended=False)
2025-11-28 00:56:53 | INFO | MONITOR_SLEEP | Sleeping for 20s (base=20s, consecutive_errors=0, monitoring_suspended=False)
2025-11-28 00:57:13 | INFO | MONITOR | Paper trades checked (next in 60s)
2025-11-28 00:57:13 | INFO | MONITOR_SLEEP | Sleeping for 20s (base=20s, consecutive_errors=0, monitoring_suspended=False)
2025-11-28 00:57:33 | INFO | MONITOR_SLEEP | Sleeping for 20s (base=20s, consecutive_errors=0, monitoring_suspended=False)
2025-11-28 00:57:53 | INFO | MONITOR_SLEEP | Sleeping for 20s (base=20s, consecutive_errors=0, monitoring_suspended=False)
2025-11-28 00:58:13 | INFO | MONITOR | Paper trades checked (next in 60s)
2025-11-28 00:58:13 | INFO | MONITOR_SLEEP | Sleeping for 20s (base=20s, consecutive_errors=0, monitoring_suspended=False)
2025-11-28 00:58:33 | INFO | MONITOR_SLEEP | Sleeping for 20s (base=20s, consecutive_errors=0, monitoring_suspended=False)
2025-11-28 00:58:53 | INFO | MONITOR_SLEEP | Sleeping for 20s (base=20s, consecutive_errors=0, monitoring_suspended=False)
2025-11-28 00:59:13 | INFO | MONITOR | Paper trades checked (next in 60s)
2025-11-28 00:59:13 | INFO | MONITOR_SLEEP | Sleeping for 20s (base=20s, consecutive_errors=0, monitoring_suspended=False)
2025-11-28 00:59:33 | INFO | MONITOR_SLEEP | Sleeping for 20s (base=20s, consecutive_errors=0, monitoring_suspended=False)
2025-11-28 00:59:53 | INFO | MONITOR_SLEEP | Sleeping for 20s (base=20s, consecutive_errors=0, monitoring_suspended=False)
2025-11-28 01:00:13 | INFO | MONITOR | Paper trades checked (next in 60s)
2025-11-28 01:00:13 | INFO | MONITOR_SLEEP | Sleeping for 20s (base=20s, consecutive_errors=0, monitoring_suspended=False)
2025-11-28 01:00:33 | INFO | MONITOR_SLEEP | Sleeping for 20s (base=20s, consecutive_errors=0, monitoring_suspended=False)
2025-11-28 01:00:53 | INFO | MONITOR_SLEEP | Sleeping for 20s (base=20s, consecutive_errors=0, monitoring_suspended=False)
2025-11-28 01:01:13 | INFO | MONITOR | Paper trades checked (next in 60s)
2025-11-28 01:01:13 | INFO | MONITOR_SLEEP | Sleeping for 20s (base=20s, consecutive_errors=0, monitoring_suspended=False)
2025-11-28 01:01:33 | INFO | MONITOR_SLEEP | Sleeping for 20s (base=20s, consecutive_errors=0, monitoring_suspended=False)
2025-11-28 01:01:53 | INFO | MONITOR_SLEEP | Sleeping for 20s (base=20s, consecutive_errors=0, monitoring_suspended=False)
2025-11-28 01:02:13 | INFO | MONITOR | Paper trades checked (next in 60s)
2025-11-28 01:02:13 | INFO | MONITOR_SLEEP | Sleeping for 20s (base=20s, consecutive_errors=0, monitoring_suspended=False)
2025-11-28 01:02:33 | INFO | MONITOR_SLEEP | Sleeping for 20s (base=20s, consecutive_errors=0, monitoring_suspended=False)
2025-11-28 01:02:53 | INFO | MONITOR_SLEEP | Sleeping for 20s (base=20s, consecutive_errors=0, monitoring_suspended=False)
2025-11-28 01:03:13 | INFO | MONITOR | Paper trades checked (next in 60s)
2025-11-28 01:03:13 | INFO | MONITOR_SLEEP | Sleeping for 20s (base=20s, consecutive_errors=0, monitoring_suspended=False)
2025-11-28 01:03:33 | INFO | MONITOR_SLEEP | Sleeping for 20s (base=20s, consecutive_errors=0, monitoring_suspended=False)
2025-11-28 01:03:53 | INFO | MONITOR_SLEEP | Sleeping for 20s (base=20s, consecutive_errors=0, monitoring_suspended=False)
2025-11-28 01:04:13 | INFO | MONITOR | Paper trades checked (next in 60s)
2025-11-28 01:04:13 | INFO | MONITOR_SLEEP | Sleeping for 20s (base=20s, consecutive_errors=0, monitoring_suspended=False)
2025-11-28 01:04:33 | INFO | MONITOR_SLEEP | Sleeping for 20s (base=20s, consecutive_errors=0, monitoring_suspended=False)
2025-11-28 01:04:53 | INFO | MONITOR_SLEEP | Sleeping for 20s (base=20s, consecutive_errors=0, monitoring_suspended=False)
2025-11-28 01:05:13 | INFO | MONITOR | Paper trades checked (next in 60s)
2025-11-28 01:05:13 | INFO | MONITOR_SLEEP | Sleeping for 20s (base=20s, consecutive_errors=0, monitoring_suspended=False)
2025-11-28 01:05:33 | INFO | MONITOR_SLEEP | Sleeping for 20s (base=20s, consecutive_errors=0, monitoring_suspended=False)
2025-11-28 01:05:53 | INFO | MONITOR_SLEEP | Sleeping for 20s (base=20s, consecutive_errors=0, monitoring_suspended=False)
2025-11-28 01:06:13 | INFO | MONITOR | Paper trades checked (next in 60s)
2025-11-28 01:06:13 | INFO | MONITOR_SLEEP | Sleeping for 20s (base=20s, consecutive_errors=0, monitoring_suspended=False)
2025-11-28 01:06:33 | INFO | MONITOR_SLEEP | Sleeping for 20s (base=20s, consecutive_errors=0, monitoring_suspended=False)
2025-11-28 01:06:53 | INFO | MONITOR_SLEEP | Sleeping for 20s (base=20s, consecutive_errors=0, monitoring_suspended=False)
2025-11-28 01:07:13 | INFO | MONITOR | Paper trades checked (next in 60s)
2025-11-28 01:07:13 | INFO | MONITOR_SLEEP | Sleeping for 20s (base=20s, consecutive_errors=0, monitoring_suspended=False)
2025-11-28 01:07:33 | INFO | MONITOR_SLEEP | Sleeping for 20s (base=20s, consecutive_errors=0, monitoring_suspended=False)
2025-11-28 01:07:53 | INFO | MONITOR_SLEEP | Sleeping for 20s (base=20s, consecutive_errors=0, monitoring_suspended=False)
2025-11-28 01:08:13 | INFO | MONITOR | Paper trades checked (next in 60s)
2025-11-28 01:08:13 | INFO | MONITOR_SLEEP | Sleeping for 20s (base=20s, consecutive_errors=0, monitoring_suspended=False)
2025-11-28 01:08:33 | INFO | MONITOR_SLEEP | Sleeping for 20s (base=20s, consecutive_errors=0, monitoring_suspended=False)
2025-11-28 01:08:53 | INFO | MONITOR_SLEEP | Sleeping for 20s (base=20s, consecutive_errors=0, monitoring_suspended=False)
2025-11-28 01:09:13 | INFO | MONITOR | Paper trades checked (next in 60s)
2025-11-28 01:09:13 | INFO | MONITOR_SLEEP | Sleeping for 20s (base=20s, consecutive_errors=0, monitoring_suspended=False)
2025-11-28 01:09:33 | INFO | MONITOR_SLEEP | Sleeping for 20s (base=20s, consecutive_errors=0, monitoring_suspended=False)
2025-11-28 01:09:53 | INFO | MONITOR_SLEEP | Sleeping for 20s (base=20s, consecutive_errors=0, monitoring_suspended=False)
2025-11-28 01:10:13 | INFO | MONITOR | Paper trades checked (next in 60s)
2025-11-28 01:10:13 | INFO | MONITOR_SLEEP | Sleeping for 20s (base=20s, consecutive_errors=0, monitoring_suspended=False)
2025-11-28 01:10:33 | INFO | MONITOR_SLEEP | Sleeping for 20s (base=20s, consecutive_errors=0, monitoring_suspended=False)
2025-11-28 01:10:53 | INFO | MONITOR_SLEEP | Sleeping for 20s (base=20s, consecutive_errors=0, monitoring_suspended=False)
2025-11-28 01:11:13 | INFO | MONITOR | Paper trades checked (next in 60s)
2025-11-28 01:11:13 | INFO | MONITOR_SLEEP | Sleeping for 20s (base=20s, consecutive_errors=0, monitoring_suspended=False)
2025-11-28 01:11:33 | INFO | MONITOR_SLEEP | Sleeping for 20s (base=20s, consecutive_errors=0, monitoring_suspended=False)
2025-11-28 01:11:53 | INFO | MONITOR_SLEEP | Sleeping for 20s (base=20s, consecutive_errors=0, monitoring_suspended=False)
2025-11-28 01:12:13 | INFO | MONITOR | Paper trades checked (next in 60s)
2025-11-28 01:12:13 | INFO | MONITOR_SLEEP | Sleeping for 20s (base=20s, consecutive_errors=0, monitoring_suspended=False)
2025-11-28 01:12:33 | INFO | MONITOR_SLEEP | Sleeping for 20s (base=20s, consecutive_errors=0, monitoring_suspended=False)
2025-11-28 01:12:53 | INFO | MONITOR_SLEEP | Sleeping for 20s (base=20s, consecutive_errors=0, monitoring_suspended=False)
2025-11-28 01:13:13 | INFO | MONITOR | Paper trades checked (next in 60s)
2025-11-28 01:13:13 | INFO | MONITOR_SLEEP | Sleeping for 20s (base=20s, consecutive_errors=0, monitoring_suspended=False)
2025-11-28 01:13:33 | INFO | MONITOR_SLEEP | Sleeping for 20s (base=20s, consecutive_errors=0, monitoring_suspended=False)
2025-11-28 01:13:53 | INFO | MONITOR_SLEEP | Sleeping for 20s (base=20s, consecutive_errors=0, monitoring_suspended=False)
2025-11-28 01:14:13 | INFO | MONITOR | Paper trades checked (next in 60s)
2025-11-28 01:14:13 | INFO | MONITOR_SLEEP | Sleeping for 20s (base=20s, consecutive_errors=0, monitoring_suspended=False)
2025-11-28 01:14:33 | INFO | MONITOR_SLEEP | Sleeping for 20s (base=20s, consecutive_errors=0, monitoring_suspended=False)
2025-11-28 01:14:53 | INFO | MONITOR_SLEEP | Sleeping for 20s (base=20s, consecutive_errors=0, monitoring_suspended=False)
2025-11-28 01:15:13 | INFO | MONITOR | Paper trades checked (next in 60s)
2025-11-28 01:15:13 | INFO | MONITOR_SLEEP | Sleeping for 20s (base=20s, consecutive_errors=0, monitoring_suspended=False)
2025-11-28 01:15:33 | INFO | MONITOR_SLEEP | Sleeping for 20s (base=20s, consecutive_errors=0, monitoring_suspended=False)
2025-11-28 01:15:53 | INFO | MONITOR_SLEEP | Sleeping for 20s (base=20s, consecutive_errors=0, monitoring_suspended=False)
2025-11-28 01:16:13 | INFO | MONITOR | Paper trades checked (next in 60s)
2025-11-28 01:16:13 | INFO | MONITOR_SLEEP | Sleeping for 20s (base=20s, consecutive_errors=0, monitoring_suspended=False)
2025-11-28 01:16:33 | INFO | MONITOR_SLEEP | Sleeping for 20s (base=20s, consecutive_errors=0, monitoring_suspended=False)
2025-11-28 01:16:53 | INFO | MONITOR_SLEEP | Sleeping for 20s (base=20s, consecutive_errors=0, monitoring_suspended=False)
2025-11-28 01:17:13 | INFO | MONITOR | Paper trades checked (next in 60s)
2025-11-28 01:17:13 | INFO | MONITOR_SLEEP | Sleeping for 20s (base=20s, consecutive_errors=0, monitoring_suspended=False)
2025-11-28 01:17:33 | INFO | MONITOR_SLEEP | Sleeping for 20s (base=20s, consecutive_errors=0, monitoring_suspended=False)
2025-11-28 01:17:53 | INFO | MONITOR_SLEEP | Sleeping for 20s (base=20s, consecutive_errors=0, monitoring_suspended=False)
2025-11-28 01:18:13 | INFO | MONITOR | Paper trades checked (next in 60s)
2025-11-28 01:18:13 | INFO | MONITOR_SLEEP | Sleeping for 20s (base=20s, consecutive_errors=0, monitoring_suspended=False)
2025-11-28 01:18:33 | INFO | MONITOR_SLEEP | Sleeping for 20s (base=20s, consecutive_errors=0, monitoring_suspended=False)
2025-11-28 01:18:53 | INFO | MONITOR_SLEEP | Sleeping for 20s (base=20s, consecutive_errors=0, monitoring_suspended=False)
2025-11-28 01:19:13 | INFO | MONITOR | Paper trades checked (next in 60s)
2025-11-28 01:19:13 | INFO | MONITOR_SLEEP | Sleeping for 20s (base=20s, consecutive_errors=0, monitoring_suspended=False)
2025-11-28 01:19:33 | INFO | MONITOR_SLEEP | Sleeping for 20s (base=20s, consecutive_errors=0, monitoring_suspended=False)
2025-11-28 01:19:53 | INFO | MONITOR_SLEEP | Sleeping for 20s (base=20s, consecutive_errors=0, monitoring_suspended=False)
2025-11-28 01:20:13 | INFO | MONITOR | Paper trades checked (next in 60s)
2025-11-28 01:20:13 | INFO | MONITOR_SLEEP | Sleeping for 20s (base=20s, consecutive_errors=0, monitoring_suspended=False)
2025-11-28 01:20:33 | INFO | MONITOR_SLEEP | Sleeping for 20s (base=20s, consecutive_errors=0, monitoring_suspended=False)
2025-11-28 01:20:53 | INFO | MONITOR_SLEEP | Sleeping for 20s (base=20s, consecutive_errors=0, monitoring_suspended=False)
2025-11-28 01:21:13 | INFO | MONITOR | Paper trades checked (next in 60s)
2025-11-28 01:21:13 | INFO | MONITOR_SLEEP | Sleeping for 20s (base=20s, consecutive_errors=0, monitoring_suspended=False)
2025-11-28 01:21:33 | INFO | MONITOR_SLEEP | Sleeping for 20s (base=20s, consecutive_errors=0, monitoring_suspended=False)
2025-11-28 01:21:53 | INFO | MONITOR_SLEEP | Sleeping for 20s (base=20s, consecutive_errors=0, monitoring_suspended=False)
2025-11-28 01:22:13 | INFO | MONITOR | Paper trades checked (next in 60s)
2025-11-28 01:22:13 | INFO | MONITOR_SLEEP | Sleeping for 20s (base=20s, consecutive_errors=0, monitoring_suspended=False)
2025-11-28 01:22:33 | INFO | MONITOR_SLEEP | Sleeping for 20s (base=20s, consecutive_errors=0, monitoring_suspended=False)
2025-11-28 01:22:53 | INFO | MONITOR_SLEEP | Sleeping for 20s (base=20s, consecutive_errors=0, monitoring_suspended=False)
2025-11-28 01:23:13 | INFO | MONITOR | Paper trades checked (next in 60s)
2025-11-28 01:23:13 | INFO | MONITOR_SLEEP | Sleeping for 20s (base=20s, consecutive_errors=0, monitoring_suspended=False)
2025-11-28 01:23:33 | INFO | MONITOR_SLEEP | Sleeping for 20s (base=20s, consecutive_errors=0, monitoring_suspended=False)
2025-11-28 01:23:53 | INFO | MONITOR_SLEEP | Sleeping for 20s (base=20s, consecutive_errors=0, monitoring_suspended=False)
2025-11-28 01:24:13 | INFO | MONITOR | Paper trades checked (next in 60s)
2025-11-28 01:24:13 | INFO | MONITOR_SLEEP | Sleeping for 20s (base=20s, consecutive_errors=0, monitoring_suspended=False)
2025-11-28 01:24:33 | INFO | MONITOR_SLEEP | Sleeping for 20s (base=20s, consecutive_errors=0, monitoring_suspended=False)
2025-11-28 01:24:53 | INFO | MONITOR_SLEEP | Sleeping for 20s (base=20s, consecutive_errors=0, monitoring_suspended=False)
2025-11-28 01:25:13 | INFO | MONITOR | Paper trades checked (next in 60s)
2025-11-28 01:25:13 | INFO | MONITOR_SLEEP | Sleeping for 20s (base=20s, consecutive_errors=0, monitoring_suspended=False)
2025-11-28 01:25:33 | INFO | MONITOR_SLEEP | Sleeping for 20s (base=20s, consecutive_errors=0, monitoring_suspended=False)
2025-11-28 01:25:53 | INFO | MONITOR_SLEEP | Sleeping for 20s (base=20s, consecutive_errors=0, monitoring_suspended=False)
2025-11-28 01:26:13 | INFO | MONITOR | Paper trades checked (next in 60s)
2025-11-28 01:26:13 | INFO | MONITOR_SLEEP | Sleeping for 20s (base=20s, consecutive_errors=0, monitoring_suspended=False)
2025-11-28 01:26:33 | INFO | MONITOR_SLEEP | Sleeping for 20s (base=20s, consecutive_errors=0, monitoring_suspended=False)
2025-11-28 01:26:53 | INFO | MONITOR_SLEEP | Sleeping for 20s (base=20s, consecutive_errors=0, monitoring_suspended=False)
2025-11-28 01:27:13 | INFO | MONITOR | Paper trades checked (next in 60s)
2025-11-28 01:27:13 | INFO | MONITOR_SLEEP | Sleeping for 20s (base=20s, consecutive_errors=0, monitoring_suspended=False)
2025-11-28 01:27:33 | INFO | MONITOR_SLEEP | Sleeping for 20s (base=20s, consecutive_errors=0, monitoring_suspended=False)
2025-11-28 01:27:53 | INFO | MONITOR_SLEEP | Sleeping for 20s (base=20s, consecutive_errors=0, monitoring_suspended=False)
2025-11-28 01:28:13 | INFO | MONITOR | Paper trades checked (next in 60s)
2025-11-28 01:28:13 | INFO | MONITOR_SLEEP | Sleeping for 20s (base=20s, consecutive_errors=0, monitoring_suspended=False)
2025-11-28 01:28:33 | INFO | MONITOR_SLEEP | Sleeping for 20s (base=20s, consecutive_errors=0, monitoring_suspended=False)
2025-11-28 01:28:53 | INFO | MONITOR_SLEEP | Sleeping for 20s (base=20s, consecutive_errors=0, monitoring_suspended=False)
2025-11-28 01:29:13 | INFO | MONITOR | Paper trades checked (next in 60s)
2025-11-28 01:29:13 | INFO | MONITOR_SLEEP | Sleeping for 20s (base=20s, consecutive_errors=0, monitoring_suspended=False)
2025-11-28 01:29:33 | INFO | MONITOR_SLEEP | Sleeping for 20s (base=20s, consecutive_errors=0, monitoring_suspended=False)
2025-11-28 01:29:53 | INFO | MONITOR_SLEEP | Sleeping for 20s (base=20s, consecutive_errors=0, monitoring_suspended=False)
2025-11-28 01:30:13 | INFO | MONITOR | Paper trades checked (next in 60s)
2025-11-28 01:30:13 | INFO | MONITOR_SLEEP | Sleeping for 20s (base=20s, consecutive_errors=0, monitoring_suspended=False)
2025-11-28 01:30:33 | INFO | MONITOR_SLEEP | Sleeping for 20s (base=20s, consecutive_errors=0, monitoring_suspended=False)
2025-11-28 01:30:53 | INFO | MONITOR_SLEEP | Sleeping for 20s (base=20s, consecutive_errors=0, monitoring_suspended=False)
2025-11-28 01:31:13 | INFO | MONITOR | Paper trades checked (next in 60s)
2025-11-28 01:31:13 | INFO | MONITOR_SLEEP | Sleeping for 20s (base=20s, consecutive_errors=0, monitoring_suspended=False)
2025-11-28 01:31:33 | INFO | MONITOR_SLEEP | Sleeping for 20s (base=20s, consecutive_errors=0, monitoring_suspended=False)
2025-11-28 01:31:53 | INFO | MONITOR_SLEEP | Sleeping for 20s (base=20s, consecutive_errors=0, monitoring_suspended=False)
2025-11-28 01:32:13 | INFO | MONITOR | Paper trades checked (next in 60s)
2025-11-28 01:32:13 | INFO | MONITOR_SLEEP | Sleeping for 20s (base=20s, consecutive_errors=0, monitoring_suspended=False)
2025-11-28 01:32:33 | INFO | MONITOR_SLEEP | Sleeping for 20s (base=20s, consecutive_errors=0, monitoring_suspended=False)
2025-11-28 01:32:53 | INFO | MONITOR_SLEEP | Sleeping for 20s (base=20s, consecutive_errors=0, monitoring_suspended=False)
2025-11-28 01:33:13 | INFO | MONITOR | Paper trades checked (next in 60s)
2025-11-28 01:33:13 | INFO | MONITOR_SLEEP | Sleeping for 20s (base=20s, consecutive_errors=0, monitoring_suspended=False)
2025-11-28 01:33:33 | INFO | MONITOR_SLEEP | Sleeping for 20s (base=20s, consecutive_errors=0, monitoring_suspended=False)
2025-11-28 01:33:53 | INFO | MONITOR_SLEEP | Sleeping for 20s (base=20s, consecutive_errors=0, monitoring_suspended=False)
2025-11-28 01:34:13 | INFO | MONITOR | Paper trades checked (next in 60s)
2025-11-28 01:34:13 | INFO | MONITOR_SLEEP | Sleeping for 20s (base=20s, consecutive_errors=0, monitoring_suspended=False)
2025-11-28 01:34:33 | INFO | MONITOR_SLEEP | Sleeping for 20s (base=20s, consecutive_errors=0, monitoring_suspended=False)
2025-11-28 01:34:53 | INFO | MONITOR_SLEEP | Sleeping for 20s (base=20s, consecutive_errors=0, monitoring_suspended=False)
2025-11-28 01:35:13 | INFO | MONITOR | Paper trades checked (next in 60s)
2025-11-28 01:35:13 | INFO | MONITOR_SLEEP | Sleeping for 20s (base=20s, consecutive_errors=0, monitoring_suspended=False)
2025-11-28 01:35:33 | INFO | MONITOR_SLEEP | Sleeping for 20s (base=20s, consecutive_errors=0, monitoring_suspended=False)
2025-11-28 01:35:53 | INFO | MONITOR_SLEEP | Sleeping for 20s (base=20s, consecutive_errors=0, monitoring_suspended=False)
2025-11-28 01:36:13 | INFO | MONITOR | Paper trades checked (next in 60s)
2025-11-28 01:36:13 | INFO | MONITOR_SLEEP | Sleeping for 20s (base=20s, consecutive_errors=0, monitoring_suspended=False)
2025-11-28 01:36:33 | INFO | MONITOR_SLEEP | Sleeping for 20s (base=20s, consecutive_errors=0, monitoring_suspended=False)
2025-11-28 01:36:53 | INFO | MONITOR_SLEEP | Sleeping for 20s (base=20s, consecutive_errors=0, monitoring_suspended=False)
2025-11-28 01:37:13 | INFO | MONITOR | Paper trades checked (next in 60s)
2025-11-28 01:37:13 | INFO | MONITOR_SLEEP | Sleeping for 20s (base=20s, consecutive_errors=0, monitoring_suspended=False)
2025-11-28 01:37:33 | INFO | MONITOR_SLEEP | Sleeping for 20s (base=20s, consecutive_errors=0, monitoring_suspended=False)
2025-11-28 01:37:53 | INFO | MONITOR_SLEEP | Sleeping for 20s (base=20s, consecutive_errors=0, monitoring_suspended=False)
2025-11-28 01:38:13 | INFO | MONITOR | Paper trades checked (next in 60s)
2025-11-28 01:38:13 | INFO | MONITOR_SLEEP | Sleeping for 20s (base=20s, consecutive_errors=0, monitoring_suspended=False)
2025-11-28 01:38:33 | INFO | MONITOR_SLEEP | Sleeping for 20s (base=20s, consecutive_errors=0, monitoring_suspended=False)
2025-11-28 01:38:53 | INFO | MONITOR_SLEEP | Sleeping for 20s (base=20s, consecutive_errors=0, monitoring_suspended=False)
2025-11-28 01:39:13 | INFO | MONITOR | Paper trades checked (next in 60s)
2025-11-28 01:39:13 | INFO | MONITOR_SLEEP | Sleeping for 20s (base=20s, consecutive_errors=0, monitoring_suspended=False)
2025-11-28 01:39:33 | INFO | MONITOR_SLEEP | Sleeping for 20s (base=20s, consecutive_errors=0, monitoring_suspended=False)
2025-11-28 01:39:53 | INFO | MONITOR_SLEEP | Sleeping for 20s (base=20s, consecutive_errors=0, monitoring_suspended=False)
2025-11-28 01:40:13 | INFO | MONITOR | Paper trades checked (next in 60s)
2025-11-28 01:40:13 | INFO | MONITOR_SLEEP | Sleeping for 20s (base=20s, consecutive_errors=0, monitoring_suspended=False)
2025-11-28 01:40:33 | INFO | MONITOR_SLEEP | Sleeping for 20s (base=20s, consecutive_errors=0, monitoring_suspended=False)
2025-11-28 01:40:53 | INFO | MONITOR_SLEEP | Sleeping for 20s (base=20s, consecutive_errors=0, monitoring_suspended=False)
2025-11-28 01:41:13 | INFO | MONITOR | Paper trades checked (next in 60s)
2025-11-28 01:41:13 | INFO | MONITOR_SLEEP | Sleeping for 20s (base=20s, consecutive_errors=0, monitoring_suspended=False)
2025-11-28 01:41:33 | INFO | MONITOR_SLEEP | Sleeping for 20s (base=20s, consecutive_errors=0, monitoring_suspended=False)
2025-11-28 01:41:53 | INFO | MONITOR_SLEEP | Sleeping for 20s (base=20s, consecutive_errors=0, monitoring_suspended=False)
2025-11-28 01:42:13 | INFO | MONITOR | Paper trades checked (next in 60s)
2025-11-28 01:42:13 | INFO | MONITOR_SLEEP | Sleeping for 20s (base=20s, consecutive_errors=0, monitoring_suspended=False)
2025-11-28 01:42:33 | INFO | MONITOR_SLEEP | Sleeping for 20s (base=20s, consecutive_errors=0, monitoring_suspended=False)
2025-11-28 01:42:53 | INFO | MONITOR_SLEEP | Sleeping for 20s (base=20s, consecutive_errors=0, monitoring_suspended=False)
2025-11-28 01:43:13 | INFO | MONITOR | Paper trades checked (next in 60s)
2025-11-28 01:43:13 | INFO | MONITOR_SLEEP | Sleeping for 20s (base=20s, consecutive_errors=0, monitoring_suspended=False)
2025-11-28 01:43:33 | INFO | MONITOR_SLEEP | Sleeping for 20s (base=20s, consecutive_errors=0, monitoring_suspended=False)
2025-11-28 01:43:53 | INFO | MONITOR_SLEEP | Sleeping for 20s (base=20s, consecutive_errors=0, monitoring_suspended=False)
2025-11-28 01:44:13 | INFO | MONITOR | Paper trades checked (next in 60s)
2025-11-28 01:44:13 | INFO | MONITOR_SLEEP | Sleeping for 20s (base=20s, consecutive_errors=0, monitoring_suspended=False)
2025-11-28 01:44:33 | INFO | MONITOR_SLEEP | Sleeping for 20s (base=20s, consecutive_errors=0, monitoring_suspended=False)
2025-11-28 01:44:53 | INFO | MONITOR_SLEEP | Sleeping for 20s (base=20s, consecutive_errors=0, monitoring_suspended=False)
2025-11-28 01:45:13 | INFO | MONITOR | Paper trades checked (next in 60s)
2025-11-28 01:45:13 | INFO | MONITOR_SLEEP | Sleeping for 20s (base=20s, consecutive_errors=0, monitoring_suspended=False)
2025-11-28 01:45:33 | INFO | MONITOR_SLEEP | Sleeping for 20s (base=20s, consecutive_errors=0, monitoring_suspended=False)
2025-11-28 01:45:53 | INFO | MONITOR_SLEEP | Sleeping for 20s (base=20s, consecutive_errors=0, monitoring_suspended=False)
2025-11-28 01:46:13 | INFO | MONITOR | Paper trades checked (next in 60s)
2025-11-28 01:46:13 | INFO | MONITOR_SLEEP | Sleeping for 20s (base=20s, consecutive_errors=0, monitoring_suspended=False)
2025-11-28 01:46:33 | INFO | MONITOR_SLEEP | Sleeping for 20s (base=20s, consecutive_errors=0, monitoring_suspended=False)
2025-11-28 01:46:53 | INFO | MONITOR_SLEEP | Sleeping for 20s (base=20s, consecutive_errors=0, monitoring_suspended=False)
2025-11-28 01:47:13 | INFO | MONITOR | Paper trades checked (next in 60s)
2025-11-28 01:47:13 | INFO | MONITOR_SLEEP | Sleeping for 20s (base=20s, consecutive_errors=0, monitoring_suspended=False)
2025-11-28 01:47:33 | INFO | MONITOR_SLEEP | Sleeping for 20s (base=20s, consecutive_errors=0, monitoring_suspended=False)
2025-11-28 01:47:53 | INFO | MONITOR_SLEEP | Sleeping for 20s (base=20s, consecutive_errors=0, monitoring_suspended=False)
2025-11-28 01:48:13 | INFO | MONITOR | Paper trades checked (next in 60s)
2025-11-28 01:48:13 | INFO | MONITOR_SLEEP | Sleeping for 20s (base=20s, consecutive_errors=0, monitoring_suspended=False)
2025-11-28 01:48:33 | INFO | MONITOR_SLEEP | Sleeping for 20s (base=20s, consecutive_errors=0, monitoring_suspended=False)
2025-11-28 01:48:53 | INFO | MONITOR_SLEEP | Sleeping for 20s (base=20s, consecutive_errors=0, monitoring_suspended=False)
2025-11-28 01:49:13 | INFO | MONITOR | Paper trades checked (next in 60s)
2025-11-28 01:49:13 | INFO | MONITOR_SLEEP | Sleeping for 20s (base=20s, consecutive_errors=0, monitoring_suspended=False)
2025-11-28 01:49:33 | INFO | MONITOR_SLEEP | Sleeping for 20s (base=20s, consecutive_errors=0, monitoring_suspended=False)
2025-11-28 01:49:53 | INFO | MONITOR_SLEEP | Sleeping for 20s (base=20s, consecutive_errors=0, monitoring_suspended=False)
2025-11-28 01:50:13 | INFO | MONITOR | Paper trades checked (next in 60s)
2025-11-28 01:50:13 | INFO | MONITOR_SLEEP | Sleeping for 20s (base=20s, consecutive_errors=0, monitoring_suspended=False)
2025-11-28 01:50:33 | INFO | MONITOR_SLEEP | Sleeping for 20s (base=20s, consecutive_errors=0, monitoring_suspended=False)
2025-11-28 01:50:53 | INFO | MONITOR_SLEEP | Sleeping for 20s (base=20s, consecutive_errors=0, monitoring_suspended=False)
2025-11-28 01:51:13 | INFO | MONITOR | Paper trades checked (next in 60s)
2025-11-28 01:51:13 | INFO | MONITOR_SLEEP | Sleeping for 20s (base=20s, consecutive_errors=0, monitoring_suspended=False)
2025-11-28 01:51:33 | INFO | MONITOR_SLEEP | Sleeping for 20s (base=20s, consecutive_errors=0, monitoring_suspended=False)
2025-11-28 01:51:53 | INFO | MONITOR_SLEEP | Sleeping for 20s (base=20s, consecutive_errors=0, monitoring_suspended=False)
2025-11-28 01:52:13 | INFO | MONITOR | Paper trades checked (next in 60s)
2025-11-28 01:52:13 | INFO | MONITOR_SLEEP | Sleeping for 20s (base=20s, consecutive_errors=0, monitoring_suspended=False)
2025-11-28 01:52:33 | INFO | MONITOR_SLEEP | Sleeping for 20s (base=20s, consecutive_errors=0, monitoring_suspended=False)
2025-11-28 01:52:53 | INFO | MONITOR_SLEEP | Sleeping for 20s (base=20s, consecutive_errors=0, monitoring_suspended=False)
2025-11-28 01:53:13 | INFO | MONITOR | Paper trades checked (next in 60s)
2025-11-28 01:53:13 | INFO | MONITOR_SLEEP | Sleeping for 20s (base=20s, consecutive_errors=0, monitoring_suspended=False)
2025-11-28 01:53:33 | INFO | MONITOR_SLEEP | Sleeping for 20s (base=20s, consecutive_errors=0, monitoring_suspended=False)
2025-11-28 01:53:53 | INFO | MONITOR_SLEEP | Sleeping for 20s (base=20s, consecutive_errors=0, monitoring_suspended=False)
2025-11-28 01:54:13 | INFO | MONITOR | Paper trades checked (next in 60s)
2025-11-28 01:54:13 | INFO | MONITOR_SLEEP | Sleeping for 20s (base=20s, consecutive_errors=0, monitoring_suspended=False)
2025-11-28 01:54:33 | INFO | MONITOR_SLEEP | Sleeping for 20s (base=20s, consecutive_errors=0, monitoring_suspended=False)
2025-11-28 01:54:53 | INFO | MONITOR_SLEEP | Sleeping for 20s (base=20s, consecutive_errors=0, monitoring_suspended=False)
2025-11-28 01:55:13 | INFO | MONITOR | Paper trades checked (next in 60s)
2025-11-28 01:55:13 | INFO | MONITOR_SLEEP | Sleeping for 20s (base=20s, consecutive_errors=0, monitoring_suspended=False)
2025-11-28 01:55:33 | INFO | MONITOR_SLEEP | Sleeping for 20s (base=20s, consecutive_errors=0, monitoring_suspended=False)
2025-11-28 01:55:53 | INFO | MONITOR_SLEEP | Sleeping for 20s (base=20s, consecutive_errors=0, monitoring_suspended=False)
2025-11-28 01:56:13 | INFO | MONITOR | Paper trades checked (next in 60s)
2025-11-28 01:56:13 | INFO | MONITOR_SLEEP | Sleeping for 20s (base=20s, consecutive_errors=0, monitoring_suspended=False)
2025-11-28 01:56:33 | INFO | MONITOR_SLEEP | Sleeping for 20s (base=20s, consecutive_errors=0, monitoring_suspended=False)
2025-11-28 01:56:53 | INFO | MONITOR_SLEEP | Sleeping for 20s (base=20s, consecutive_errors=0, monitoring_suspended=False)
2025-11-28 01:57:13 | INFO | MONITOR | Paper trades checked (next in 60s)
2025-11-28 01:57:13 | INFO | MONITOR_SLEEP | Sleeping for 20s (base=20s, consecutive_errors=0, monitoring_suspended=False)
2025-11-28 01:57:33 | INFO | MONITOR_SLEEP | Sleeping for 20s (base=20s, consecutive_errors=0, monitoring_suspended=False)
2025-11-28 01:57:53 | INFO | MONITOR_SLEEP | Sleeping for 20s (base=20s, consecutive_errors=0, monitoring_suspended=False)
2025-11-28 01:58:13 | INFO | MONITOR | Paper trades checked (next in 60s)
2025-11-28 01:58:13 | INFO | MONITOR_SLEEP | Sleeping for 20s (base=20s, consecutive_errors=0, monitoring_suspended=False)
2025-11-28 01:58:33 | INFO | MONITOR_SLEEP | Sleeping for 20s (base=20s, consecutive_errors=0, monitoring_suspended=False)
2025-11-28 01:58:53 | INFO | MONITOR_SLEEP | Sleeping for 20s (base=20s, consecutive_errors=0, monitoring_suspended=False)
2025-11-28 01:59:13 | INFO | MONITOR | Paper trades checked (next in 60s)
2025-11-28 01:59:13 | INFO | MONITOR_SLEEP | Sleeping for 20s (base=20s, consecutive_errors=0, monitoring_suspended=False)
2025-11-28 01:59:33 | INFO | MONITOR_SLEEP | Sleeping for 20s (base=20s, consecutive_errors=0, monitoring_suspended=False)
2025-11-28 01:59:53 | INFO | MONITOR_SLEEP | Sleeping for 20s (base=20s, consecutive_errors=0, monitoring_suspended=False)
2025-11-28 02:00:13 | INFO | MONITOR | Paper trades checked (next in 60s)
2025-11-28 02:00:13 | INFO | MONITOR_SLEEP | Sleeping for 20s (base=20s, consecutive_errors=0, monitoring_suspended=False)
2025-11-28 02:00:33 | INFO | MONITOR_SLEEP | Sleeping for 20s (base=20s, consecutive_errors=0, monitoring_suspended=False)
2025-11-28 02:00:53 | INFO | MONITOR_SLEEP | Sleeping for 20s (base=20s, consecutive_errors=0, monitoring_suspended=False)
2025-11-28 02:01:13 | INFO | MONITOR | Paper trades checked (next in 60s)
2025-11-28 02:01:13 | INFO | MONITOR_SLEEP | Sleeping for 20s (base=20s, consecutive_errors=0, monitoring_suspended=False)
2025-11-28 02:01:33 | INFO | MONITOR_SLEEP | Sleeping for 20s (base=20s, consecutive_errors=0, monitoring_suspended=False)
2025-11-28 02:01:53 | INFO | MONITOR_SLEEP | Sleeping for 20s (base=20s, consecutive_errors=0, monitoring_suspended=False)
2025-11-28 02:02:13 | INFO | MONITOR | Paper trades checked (next in 60s)
2025-11-28 02:02:13 | INFO | MONITOR_SLEEP | Sleeping for 20s (base=20s, consecutive_errors=0, monitoring_suspended=False)
2025-11-28 02:02:33 | INFO | MONITOR_SLEEP | Sleeping for 20s (base=20s, consecutive_errors=0, monitoring_suspended=False)
2025-11-28 02:02:53 | INFO | MONITOR_SLEEP | Sleeping for 20s (base=20s, consecutive_errors=0, monitoring_suspended=False)
2025-11-28 02:03:13 | INFO | MONITOR | Paper trades checked (next in 60s)
2025-11-28 02:03:13 | INFO | MONITOR_SLEEP | Sleeping for 20s (base=20s, consecutive_errors=0, monitoring_suspended=False)
2025-11-28 02:03:33 | INFO | MONITOR_SLEEP | Sleeping for 20s (base=20s, consecutive_errors=0, monitoring_suspended=False)
2025-11-28 02:03:53 | INFO | MONITOR_SLEEP | Sleeping for 20s (base=20s, consecutive_errors=0, monitoring_suspended=False)
2025-11-28 02:04:13 | INFO | MONITOR | Paper trades checked (next in 60s)
2025-11-28 02:04:13 | INFO | MONITOR_SLEEP | Sleeping for 20s (base=20s, consecutive_errors=0, monitoring_suspended=False)
2025-11-28 02:04:33 | INFO | MONITOR_SLEEP | Sleeping for 20s (base=20s, consecutive_errors=0, monitoring_suspended=False)
2025-11-28 02:04:53 | INFO | MONITOR_SLEEP | Sleeping for 20s (base=20s, consecutive_errors=0, monitoring_suspended=False)
2025-11-28 02:05:13 | INFO | MONITOR | Paper trades checked (next in 60s)
2025-11-28 02:05:13 | INFO | MONITOR_SLEEP | Sleeping for 20s (base=20s, consecutive_errors=0, monitoring_suspended=False)
2025-11-28 02:05:33 | INFO | MONITOR_SLEEP | Sleeping for 20s (base=20s, consecutive_errors=0, monitoring_suspended=False)
2025-11-28 02:05:53 | INFO | MONITOR_SLEEP | Sleeping for 20s (base=20s, consecutive_errors=0, monitoring_suspended=False)
2025-11-28 02:06:13 | INFO | MONITOR | Paper trades checked (next in 60s)
2025-11-28 02:06:13 | INFO | MONITOR_SLEEP | Sleeping for 20s (base=20s, consecutive_errors=0, monitoring_suspended=False)
2025-11-28 02:06:33 | INFO | MONITOR_SLEEP | Sleeping for 20s (base=20s, consecutive_errors=0, monitoring_suspended=False)
2025-11-28 02:06:53 | INFO | MONITOR_SLEEP | Sleeping for 20s (base=20s, consecutive_errors=0, monitoring_suspended=False)
2025-11-28 02:07:13 | INFO | MONITOR | Paper trades checked (next in 60s)
2025-11-28 02:07:13 | INFO | MONITOR_SLEEP | Sleeping for 20s (base=20s, consecutive_errors=0, monitoring_suspended=False)
2025-11-28 02:07:33 | INFO | MONITOR_SLEEP | Sleeping for 20s (base=20s, consecutive_errors=0, monitoring_suspended=False)
2025-11-28 02:07:53 | INFO | MONITOR_SLEEP | Sleeping for 20s (base=20s, consecutive_errors=0, monitoring_suspended=False)
2025-11-28 02:08:13 | INFO | MONITOR | Paper trades checked (next in 60s)
2025-11-28 02:08:13 | INFO | MONITOR_SLEEP | Sleeping for 20s (base=20s, consecutive_errors=0, monitoring_suspended=False)
2025-11-28 02:08:33 | INFO | MONITOR_SLEEP | Sleeping for 20s (base=20s, consecutive_errors=0, monitoring_suspended=False)
2025-11-28 02:08:53 | INFO | MONITOR_SLEEP | Sleeping for 20s (base=20s, consecutive_errors=0, monitoring_suspended=False)
2025-11-28 02:09:13 | INFO | MONITOR | Paper trades checked (next in 60s)
2025-11-28 02:09:13 | INFO | MONITOR_SLEEP | Sleeping for 20s (base=20s, consecutive_errors=0, monitoring_suspended=False)
2025-11-28 02:09:33 | INFO | MONITOR_SLEEP | Sleeping for 20s (base=20s, consecutive_errors=0, monitoring_suspended=False)
2025-11-28 02:09:53 | INFO | MONITOR_SLEEP | Sleeping for 20s (base=20s, consecutive_errors=0, monitoring_suspended=False)
2025-11-28 02:10:13 | INFO | MONITOR | Paper trades checked (next in 60s)
2025-11-28 02:10:13 | INFO | MONITOR_SLEEP | Sleeping for 20s (base=20s, consecutive_errors=0, monitoring_suspended=False)
2025-11-28 02:10:33 | INFO | MONITOR_SLEEP | Sleeping for 20s (base=20s, consecutive_errors=0, monitoring_suspended=False)
2025-11-28 02:10:53 | INFO | MONITOR_SLEEP | Sleeping for 20s (base=20s, consecutive_errors=0, monitoring_suspended=False)
2025-11-28 02:11:13 | INFO | MONITOR | Paper trades checked (next in 60s)
2025-11-28 02:11:13 | INFO | MONITOR_SLEEP | Sleeping for 20s (base=20s, consecutive_errors=0, monitoring_suspended=False)
2025-11-28 02:11:33 | INFO | MONITOR_SLEEP | Sleeping for 20s (base=20s, consecutive_errors=0, monitoring_suspended=False)
2025-11-28 02:11:53 | INFO | MONITOR_SLEEP | Sleeping for 20s (base=20s, consecutive_errors=0, monitoring_suspended=False)
2025-11-28 02:12:13 | INFO | MONITOR | Paper trades checked (next in 60s)
2025-11-28 02:12:13 | INFO | MONITOR_SLEEP | Sleeping for 20s (base=20s, consecutive_errors=0, monitoring_suspended=False)
2025-11-28 02:12:33 | INFO | MONITOR_SLEEP | Sleeping for 20s (base=20s, consecutive_errors=0, monitoring_suspended=False)
2025-11-28 02:12:53 | INFO | MONITOR_SLEEP | Sleeping for 20s (base=20s, consecutive_errors=0, monitoring_suspended=False)
2025-11-28 02:13:13 | INFO | MONITOR | Paper trades checked (next in 60s)
2025-11-28 02:13:13 | INFO | MONITOR_SLEEP | Sleeping for 20s (base=20s, consecutive_errors=0, monitoring_suspended=False)
2025-11-28 02:13:33 | INFO | MONITOR_SLEEP | Sleeping for 20s (base=20s, consecutive_errors=0, monitoring_suspended=False)
2025-11-28 02:13:53 | INFO | MONITOR_SLEEP | Sleeping for 20s (base=20s, consecutive_errors=0, monitoring_suspended=False)
2025-11-28 02:14:13 | INFO | MONITOR | Paper trades checked (next in 60s)
2025-11-28 02:14:13 | INFO | MONITOR_SLEEP | Sleeping for 20s (base=20s, consecutive_errors=0, monitoring_suspended=False)
2025-11-28 02:14:33 | INFO | MONITOR_SLEEP | Sleeping for 20s (base=20s, consecutive_errors=0, monitoring_suspended=False)
2025-11-28 02:14:53 | INFO | MONITOR_SLEEP | Sleeping for 20s (base=20s, consecutive_errors=0, monitoring_suspended=False)
2025-11-28 02:15:13 | INFO | MONITOR | Paper trades checked (next in 60s)
2025-11-28 02:15:13 | INFO | MONITOR_SLEEP | Sleeping for 20s (base=20s, consecutive_errors=0, monitoring_suspended=False)
2025-11-28 02:15:33 | INFO | MONITOR_SLEEP | Sleeping for 20s (base=20s, consecutive_errors=0, monitoring_suspended=False)
2025-11-28 02:15:53 | INFO | MONITOR_SLEEP | Sleeping for 20s (base=20s, consecutive_errors=0, monitoring_suspended=False)
2025-11-28 02:16:13 | INFO | MONITOR | Paper trades checked (next in 60s)
2025-11-28 02:16:13 | INFO | MONITOR_SLEEP | Sleeping for 20s (base=20s, consecutive_errors=0, monitoring_suspended=False)
2025-11-28 02:16:33 | INFO | MONITOR_SLEEP | Sleeping for 20s (base=20s, consecutive_errors=0, monitoring_suspended=False)
2025-11-28 02:16:53 | INFO | MONITOR_SLEEP | Sleeping for 20s (base=20s, consecutive_errors=0, monitoring_suspended=False)
2025-11-28 02:17:13 | INFO | MONITOR | Paper trades checked (next in 60s)
2025-11-28 02:17:13 | INFO | MONITOR_SLEEP | Sleeping for 20s (base=20s, consecutive_errors=0, monitoring_suspended=False)
2025-11-28 02:17:33 | INFO | MONITOR_SLEEP | Sleeping for 20s (base=20s, consecutive_errors=0, monitoring_suspended=False)
2025-11-28 02:17:53 | INFO | MONITOR_SLEEP | Sleeping for 20s (base=20s, consecutive_errors=0, monitoring_suspended=False)
2025-11-28 02:18:13 | INFO | MONITOR | Paper trades checked (next in 60s)
2025-11-28 02:18:13 | INFO | MONITOR_SLEEP | Sleeping for 20s (base=20s, consecutive_errors=0, monitoring_suspended=False)
2025-11-28 02:18:33 | INFO | MONITOR_SLEEP | Sleeping for 20s (base=20s, consecutive_errors=0, monitoring_suspended=False)
2025-11-28 02:18:53 | INFO | MONITOR_SLEEP | Sleeping for 20s (base=20s, consecutive_errors=0, monitoring_suspended=False)
2025-11-28 02:19:13 | INFO | MONITOR | Paper trades checked (next in 60s)
2025-11-28 02:19:13 | INFO | MONITOR_SLEEP | Sleeping for 20s (base=20s, consecutive_errors=0, monitoring_suspended=False)
2025-11-28 02:19:33 | INFO | MONITOR_SLEEP | Sleeping for 20s (base=20s, consecutive_errors=0, monitoring_suspended=False)
2025-11-28 02:19:53 | INFO | MONITOR_SLEEP | Sleeping for 20s (base=20s, consecutive_errors=0, monitoring_suspended=False)
2025-11-28 02:20:13 | INFO | MONITOR | Paper trades checked (next in 60s)
2025-11-28 02:20:13 | INFO | MONITOR_SLEEP | Sleeping for 20s (base=20s, consecutive_errors=0, monitoring_suspended=False)
2025-11-28 02:20:33 | INFO | MONITOR_SLEEP | Sleeping for 20s (base=20s, consecutive_errors=0, monitoring_suspended=False)
2025-11-28 02:20:53 | INFO | MONITOR_SLEEP | Sleeping for 20s (base=20s, consecutive_errors=0, monitoring_suspended=False)
2025-11-28 02:21:13 | INFO | MONITOR | Paper trades checked (next in 60s)
2025-11-28 02:21:13 | INFO | MONITOR_SLEEP | Sleeping for 20s (base=20s, consecutive_errors=0, monitoring_suspended=False)
2025-11-28 02:21:33 | INFO | MONITOR_SLEEP | Sleeping for 20s (base=20s, consecutive_errors=0, monitoring_suspended=False)
2025-11-28 02:21:53 | INFO | MONITOR_SLEEP | Sleeping for 20s (base=20s, consecutive_errors=0, monitoring_suspended=False)
2025-11-28 02:22:13 | INFO | MONITOR | Paper trades checked (next in 60s)
2025-11-28 02:22:13 | INFO | MONITOR_SLEEP | Sleeping for 20s (base=20s, consecutive_errors=0, monitoring_suspended=False)
2025-11-28 02:22:33 | INFO | MONITOR_SLEEP | Sleeping for 20s (base=20s, consecutive_errors=0, monitoring_suspended=False)
2025-11-28 02:22:53 | INFO | MONITOR_SLEEP | Sleeping for 20s (base=20s, consecutive_errors=0, monitoring_suspended=False)
2025-11-28 02:23:13 | INFO | MONITOR | Paper trades checked (next in 60s)
2025-11-28 02:23:13 | INFO | MONITOR_SLEEP | Sleeping for 20s (base=20s, consecutive_errors=0, monitoring_suspended=False)
2025-11-28 02:23:33 | INFO | MONITOR_SLEEP | Sleeping for 20s (base=20s, consecutive_errors=0, monitoring_suspended=False)
2025-11-28 02:23:53 | INFO | MONITOR_SLEEP | Sleeping for 20s (base=20s, consecutive_errors=0, monitoring_suspended=False)
2025-11-28 02:24:13 | INFO | MONITOR | Paper trades checked (next in 60s)
2025-11-28 02:24:13 | INFO | MONITOR_SLEEP | Sleeping for 20s (base=20s, consecutive_errors=0, monitoring_suspended=False)
2025-11-28 02:24:33 | INFO | MONITOR_SLEEP | Sleeping for 20s (base=20s, consecutive_errors=0, monitoring_suspended=False)
2025-11-28 02:24:53 | INFO | MONITOR_SLEEP | Sleeping for 20s (base=20s, consecutive_errors=0, monitoring_suspended=False)
2025-11-28 02:25:13 | INFO | MONITOR | Paper trades checked (next in 60s)
2025-11-28 02:25:13 | INFO | MONITOR_SLEEP | Sleeping for 20s (base=20s, consecutive_errors=0, monitoring_suspended=False)
2025-11-28 02:25:33 | INFO | MONITOR_SLEEP | Sleeping for 20s (base=20s, consecutive_errors=0, monitoring_suspended=False)
2025-11-28 02:25:53 | INFO | MONITOR_SLEEP | Sleeping for 20s (base=20s, consecutive_errors=0, monitoring_suspended=False)
2025-11-28 02:26:13 | INFO | MONITOR | Paper trades checked (next in 60s)
2025-11-28 02:26:13 | INFO | MONITOR_SLEEP | Sleeping for 20s (base=20s, consecutive_errors=0, monitoring_suspended=False)
2025-11-28 02:26:33 | INFO | MONITOR_SLEEP | Sleeping for 20s (base=20s, consecutive_errors=0, monitoring_suspended=False)
2025-11-28 02:26:53 | INFO | MONITOR_SLEEP | Sleeping for 20s (base=20s, consecutive_errors=0, monitoring_suspended=False)
2025-11-28 02:27:13 | INFO | MONITOR | Paper trades checked (next in 60s)
2025-11-28 02:27:13 | INFO | MONITOR_SLEEP | Sleeping for 20s (base=20s, consecutive_errors=0, monitoring_suspended=False)
2025-11-28 02:27:33 | INFO | MONITOR_SLEEP | Sleeping for 20s (base=20s, consecutive_errors=0, monitoring_suspended=False)
2025-11-28 02:27:53 | INFO | MONITOR_SLEEP | Sleeping for 20s (base=20s, consecutive_errors=0, monitoring_suspended=False)
2025-11-28 02:28:13 | INFO | MONITOR | Paper trades checked (next in 60s)
2025-11-28 02:28:13 | INFO | MONITOR_SLEEP | Sleeping for 20s (base=20s, consecutive_errors=0, monitoring_suspended=False)
2025-11-28 02:28:33 | INFO | MONITOR_SLEEP | Sleeping for 20s (base=20s, consecutive_errors=0, monitoring_suspended=False)
2025-11-28 02:28:53 | INFO | MONITOR_SLEEP | Sleeping for 20s (base=20s, consecutive_errors=0, monitoring_suspended=False)
2025-11-28 02:29:13 | INFO | MONITOR | Paper trades checked (next in 60s)
2025-11-28 02:29:13 | INFO | MONITOR_SLEEP | Sleeping for 20s (base=20s, consecutive_errors=0, monitoring_suspended=False)
2025-11-28 02:29:33 | INFO | MONITOR_SLEEP | Sleeping for 20s (base=20s, consecutive_errors=0, monitoring_suspended=False)
2025-11-28 02:29:53 | INFO | MONITOR_SLEEP | Sleeping for 20s (base=20s, consecutive_errors=0, monitoring_suspended=False)
2025-11-28 02:30:13 | INFO | MONITOR | Paper trades checked (next in 60s)
2025-11-28 02:30:13 | INFO | MONITOR_SLEEP | Sleeping for 20s (base=20s, consecutive_errors=0, monitoring_suspended=False)
2025-11-28 02:30:33 | INFO | MONITOR_SLEEP | Sleeping for 20s (base=20s, consecutive_errors=0, monitoring_suspended=False)
2025-11-28 02:30:53 | INFO | MONITOR_SLEEP | Sleeping for 20s (base=20s, consecutive_errors=0, monitoring_suspended=False)
2025-11-28 02:31:13 | INFO | MONITOR | Paper trades checked (next in 60s)
2025-11-28 02:31:13 | INFO | MONITOR_SLEEP | Sleeping for 20s (base=20s, consecutive_errors=0, monitoring_suspended=False)
2025-11-28 02:31:33 | INFO | MONITOR_SLEEP | Sleeping for 20s (base=20s, consecutive_errors=0, monitoring_suspended=False)
2025-11-28 02:31:53 | INFO | MONITOR_SLEEP | Sleeping for 20s (base=20s, consecutive_errors=0, monitoring_suspended=False)
2025-11-28 02:32:13 | INFO | MONITOR | Paper trades checked (next in 60s)
2025-11-28 02:32:13 | INFO | MONITOR_SLEEP | Sleeping for 20s (base=20s, consecutive_errors=0, monitoring_suspended=False)
2025-11-28 02:32:33 | INFO | MONITOR_SLEEP | Sleeping for 20s (base=20s, consecutive_errors=0, monitoring_suspended=False)
2025-11-28 02:32:53 | INFO | MONITOR_SLEEP | Sleeping for 20s (base=20s, consecutive_errors=0, monitoring_suspended=False)
2025-11-28 02:33:13 | INFO | MONITOR | Paper trades checked (next in 60s)
2025-11-28 02:33:13 | INFO | MONITOR_SLEEP | Sleeping for 20s (base=20s, consecutive_errors=0, monitoring_suspended=False)
2025-11-28 02:33:33 | INFO | MONITOR_SLEEP | Sleeping for 20s (base=20s, consecutive_errors=0, monitoring_suspended=False)
2025-11-28 02:33:53 | INFO | MONITOR_SLEEP | Sleeping for 20s (base=20s, consecutive_errors=0, monitoring_suspended=False)
2025-11-28 02:34:13 | INFO | MONITOR | Paper trades checked (next in 60s)
2025-11-28 02:34:13 | INFO | MONITOR_SLEEP | Sleeping for 20s (base=20s, consecutive_errors=0, monitoring_suspended=False)
2025-11-28 02:34:33 | INFO | MONITOR_SLEEP | Sleeping for 20s (base=20s, consecutive_errors=0, monitoring_suspended=False)
2025-11-28 02:34:53 | INFO | MONITOR_SLEEP | Sleeping for 20s (base=20s, consecutive_errors=0, monitoring_suspended=False)
2025-11-28 02:35:13 | INFO | MONITOR | Paper trades checked (next in 60s)
2025-11-28 02:35:13 | INFO | MONITOR_SLEEP | Sleeping for 20s (base=20s, consecutive_errors=0, monitoring_suspended=False)
2025-11-28 02:35:33 | INFO | MONITOR_SLEEP | Sleeping for 20s (base=20s, consecutive_errors=0, monitoring_suspended=False)
2025-11-28 02:35:53 | INFO | MONITOR_SLEEP | Sleeping for 20s (base=20s, consecutive_errors=0, monitoring_suspended=False)
2025-11-28 02:36:13 | INFO | MONITOR | Paper trades checked (next in 60s)
2025-11-28 02:36:13 | INFO | MONITOR_SLEEP | Sleeping for 20s (base=20s, consecutive_errors=0, monitoring_suspended=False)
2025-11-28 02:36:33 | INFO | MONITOR_SLEEP | Sleeping for 20s (base=20s, consecutive_errors=0, monitoring_suspended=False)
2025-11-28 02:36:53 | INFO | MONITOR_SLEEP | Sleeping for 20s (base=20s, consecutive_errors=0, monitoring_suspended=False)
2025-11-28 02:37:13 | INFO | MONITOR | Paper trades checked (next in 60s)
2025-11-28 02:37:13 | INFO | MONITOR_SLEEP | Sleeping for 20s (base=20s, consecutive_errors=0, monitoring_suspended=False)
2025-11-28 02:37:33 | INFO | MONITOR_SLEEP | Sleeping for 20s (base=20s, consecutive_errors=0, monitoring_suspended=False)
2025-11-28 02:37:53 | INFO | MONITOR_SLEEP | Sleeping for 20s (base=20s, consecutive_errors=0, monitoring_suspended=False)
2025-11-28 02:38:13 | INFO | MONITOR | Paper trades checked (next in 60s)
2025-11-28 02:38:13 | INFO | MONITOR_SLEEP | Sleeping for 20s (base=20s, consecutive_errors=0, monitoring_suspended=False)
2025-11-28 02:38:33 | INFO | MONITOR_SLEEP | Sleeping for 20s (base=20s, consecutive_errors=0, monitoring_suspended=False)
2025-11-28 02:38:53 | INFO | MONITOR_SLEEP | Sleeping for 20s (base=20s, consecutive_errors=0, monitoring_suspended=False)
2025-11-28 02:39:13 | INFO | MONITOR | Paper trades checked (next in 60s)
2025-11-28 02:39:13 | INFO | MONITOR_SLEEP | Sleeping for 20s (base=20s, consecutive_errors=0, monitoring_suspended=False)
2025-11-28 02:39:33 | INFO | MONITOR_SLEEP | Sleeping for 20s (base=20s, consecutive_errors=0, monitoring_suspended=False)
2025-11-28 02:39:53 | INFO | MONITOR_SLEEP | Sleeping for 20s (base=20s, consecutive_errors=0, monitoring_suspended=False)
2025-11-28 02:40:13 | INFO | MONITOR | Paper trades checked (next in 60s)
2025-11-28 02:40:13 | INFO | MONITOR_SLEEP | Sleeping for 20s (base=20s, consecutive_errors=0, monitoring_suspended=False)
2025-11-28 02:40:33 | INFO | MONITOR_SLEEP | Sleeping for 20s (base=20s, consecutive_errors=0, monitoring_suspended=False)
2025-11-28 02:40:53 | INFO | MONITOR_SLEEP | Sleeping for 20s (base=20s, consecutive_errors=0, monitoring_suspended=False)
2025-11-28 02:41:13 | INFO | MONITOR | Paper trades checked (next in 60s)
2025-11-28 02:41:13 | INFO | MONITOR_SLEEP | Sleeping for 20s (base=20s, consecutive_errors=0, monitoring_suspended=False)
2025-11-28 02:41:33 | INFO | MONITOR_SLEEP | Sleeping for 20s (base=20s, consecutive_errors=0, monitoring_suspended=False)
2025-11-28 02:41:53 | INFO | MONITOR_SLEEP | Sleeping for 20s (base=20s, consecutive_errors=0, monitoring_suspended=False)
2025-11-28 02:42:13 | INFO | MONITOR | Paper trades checked (next in 60s)
2025-11-28 02:42:13 | INFO | MONITOR_SLEEP | Sleeping for 20s (base=20s, consecutive_errors=0, monitoring_suspended=False)
2025-11-28 02:42:33 | INFO | MONITOR_SLEEP | Sleeping for 20s (base=20s, consecutive_errors=0, monitoring_suspended=False)
2025-11-28 02:42:53 | INFO | MONITOR_SLEEP | Sleeping for 20s (base=20s, consecutive_errors=0, monitoring_suspended=False)
2025-11-28 02:43:13 | INFO | MONITOR | Paper trades checked (next in 60s)
2025-11-28 02:43:13 | INFO | MONITOR_SLEEP | Sleeping for 20s (base=20s, consecutive_errors=0, monitoring_suspended=False)
2025-11-28 02:43:33 | INFO | MONITOR_SLEEP | Sleeping for 20s (base=20s, consecutive_errors=0, monitoring_suspended=False)
2025-11-28 02:43:53 | INFO | MONITOR_SLEEP | Sleeping for 20s (base=20s, consecutive_errors=0, monitoring_suspended=False)
2025-11-28 02:44:13 | INFO | MONITOR | Paper trades checked (next in 60s)
2025-11-28 02:44:13 | INFO | MONITOR_SLEEP | Sleeping for 20s (base=20s, consecutive_errors=0, monitoring_suspended=False)
2025-11-28 02:44:33 | INFO | MONITOR_SLEEP | Sleeping for 20s (base=20s, consecutive_errors=0, monitoring_suspended=False)
2025-11-28 02:44:53 | INFO | MONITOR_SLEEP | Sleeping for 20s (base=20s, consecutive_errors=0, monitoring_suspended=False)
2025-11-28 02:45:13 | INFO | MONITOR | Paper trades checked (next in 60s)
2025-11-28 02:45:13 | INFO | MONITOR_SLEEP | Sleeping for 20s (base=20s, consecutive_errors=0, monitoring_suspended=False)
2025-11-28 02:45:33 | INFO | MONITOR_SLEEP | Sleeping for 20s (base=20s, consecutive_errors=0, monitoring_suspended=False)
2025-11-28 02:45:53 | INFO | MONITOR_SLEEP | Sleeping for 20s (base=20s, consecutive_errors=0, monitoring_suspended=False)
2025-11-28 02:46:13 | INFO | MONITOR | Paper trades checked (next in 60s)
2025-11-28 02:46:13 | INFO | MONITOR_SLEEP | Sleeping for 20s (base=20s, consecutive_errors=0, monitoring_suspended=False)
2025-11-28 02:46:33 | INFO | MONITOR_SLEEP | Sleeping for 20s (base=20s, consecutive_errors=0, monitoring_suspended=False)
2025-11-28 02:46:53 | INFO | MONITOR_SLEEP | Sleeping for 20s (base=20s, consecutive_errors=0, monitoring_suspended=False)
2025-11-28 02:47:13 | INFO | MONITOR | Paper trades checked (next in 60s)
2025-11-28 02:47:13 | INFO | MONITOR_SLEEP | Sleeping for 20s (base=20s, consecutive_errors=0, monitoring_suspended=False)
2025-11-28 02:47:33 | INFO | MONITOR_SLEEP | Sleeping for 20s (base=20s, consecutive_errors=0, monitoring_suspended=False)
2025-11-28 02:47:53 | INFO | MONITOR_SLEEP | Sleeping for 20s (base=20s, consecutive_errors=0, monitoring_suspended=False)
2025-11-28 02:48:13 | INFO | MONITOR | Paper trades checked (next in 60s)
2025-11-28 02:48:13 | INFO | MONITOR_SLEEP | Sleeping for 20s (base=20s, consecutive_errors=0, monitoring_suspended=False)
2025-11-28 02:48:33 | INFO | MONITOR_SLEEP | Sleeping for 20s (base=20s, consecutive_errors=0, monitoring_suspended=False)
2025-11-28 02:48:53 | INFO | MONITOR_SLEEP | Sleeping for 20s (base=20s, consecutive_errors=0, monitoring_suspended=False)
2025-11-28 02:49:13 | INFO | MONITOR | Paper trades checked (next in 60s)
2025-11-28 02:49:13 | INFO | MONITOR_SLEEP | Sleeping for 20s (base=20s, consecutive_errors=0, monitoring_suspended=False)
2025-11-28 02:49:33 | INFO | MONITOR_SLEEP | Sleeping for 20s (base=20s, consecutive_errors=0, monitoring_suspended=False)
2025-11-28 02:49:53 | INFO | MONITOR_SLEEP | Sleeping for 20s (base=20s, consecutive_errors=0, monitoring_suspended=False)
2025-11-28 02:50:13 | INFO | MONITOR | Paper trades checked (next in 60s)
2025-11-28 02:50:13 | INFO | MONITOR_SLEEP | Sleeping for 20s (base=20s, consecutive_errors=0, monitoring_suspended=False)
2025-11-28 02:50:33 | INFO | MONITOR_SLEEP | Sleeping for 20s (base=20s, consecutive_errors=0, monitoring_suspended=False)
2025-11-28 02:50:53 | INFO | MONITOR_SLEEP | Sleeping for 20s (base=20s, consecutive_errors=0, monitoring_suspended=False)
2025-11-28 02:51:13 | INFO | MONITOR | Paper trades checked (next in 60s)
2025-11-28 02:51:13 | INFO | MONITOR_SLEEP | Sleeping for 20s (base=20s, consecutive_errors=0, monitoring_suspended=False)
2025-11-28 02:51:33 | INFO | MONITOR_SLEEP | Sleeping for 20s (base=20s, consecutive_errors=0, monitoring_suspended=False)
2025-11-28 02:51:53 | INFO | MONITOR_SLEEP | Sleeping for 20s (base=20s, consecutive_errors=0, monitoring_suspended=False)
2025-11-28 02:52:13 | INFO | MONITOR | Paper trades checked (next in 60s)
2025-11-28 02:52:13 | INFO | MONITOR_SLEEP | Sleeping for 20s (base=20s, consecutive_errors=0, monitoring_suspended=False)
2025-11-28 02:52:33 | INFO | MONITOR_SLEEP | Sleeping for 20s (base=20s, consecutive_errors=0, monitoring_suspended=False)
2025-11-28 02:52:53 | INFO | MONITOR_SLEEP | Sleeping for 20s (base=20s, consecutive_errors=0, monitoring_suspended=False)
2025-11-28 02:53:13 | INFO | MONITOR | Paper trades checked (next in 60s)
2025-11-28 02:53:13 | INFO | MONITOR_SLEEP | Sleeping for 20s (base=20s, consecutive_errors=0, monitoring_suspended=False)
2025-11-28 02:53:33 | INFO | MONITOR_SLEEP | Sleeping for 20s (base=20s, consecutive_errors=0, monitoring_suspended=False)
2025-11-28 02:53:53 | INFO | MONITOR_SLEEP | Sleeping for 20s (base=20s, consecutive_errors=0, monitoring_suspended=False)
2025-11-28 02:54:13 | INFO | MONITOR | Paper trades checked (next in 60s)
2025-11-28 02:54:13 | INFO | MONITOR_SLEEP | Sleeping for 20s (base=20s, consecutive_errors=0, monitoring_suspended=False)
2025-11-28 02:54:33 | INFO | MONITOR_SLEEP | Sleeping for 20s (base=20s, consecutive_errors=0, monitoring_suspended=False)
2025-11-28 02:54:53 | INFO | MONITOR_SLEEP | Sleeping for 20s (base=20s, consecutive_errors=0, monitoring_suspended=False)
2025-11-28 02:55:13 | INFO | MONITOR | Paper trades checked (next in 60s)
2025-11-28 02:55:13 | INFO | MONITOR_SLEEP | Sleeping for 20s (base=20s, consecutive_errors=0, monitoring_suspended=False)
2025-11-28 02:55:33 | INFO | MONITOR_SLEEP | Sleeping for 20s (base=20s, consecutive_errors=0, monitoring_suspended=False)
2025-11-28 02:55:53 | INFO | MONITOR_SLEEP | Sleeping for 20s (base=20s, consecutive_errors=0, monitoring_suspended=False)
2025-11-28 02:56:13 | INFO | MONITOR | Paper trades checked (next in 60s)
2025-11-28 02:56:13 | INFO | MONITOR_SLEEP | Sleeping for 20s (base=20s, consecutive_errors=0, monitoring_suspended=False)
2025-11-28 02:56:33 | INFO | MONITOR_SLEEP | Sleeping for 20s (base=20s, consecutive_errors=0, monitoring_suspended=False)
2025-11-28 02:56:53 | INFO | MONITOR_SLEEP | Sleeping for 20s (base=20s, consecutive_errors=0, monitoring_suspended=False)
2025-11-28 02:57:13 | INFO | MONITOR | Paper trades checked (next in 60s)
2025-11-28 02:57:13 | INFO | MONITOR_SLEEP | Sleeping for 20s (base=20s, consecutive_errors=0, monitoring_suspended=False)
2025-11-28 02:57:33 | INFO | MONITOR_SLEEP | Sleeping for 20s (base=20s, consecutive_errors=0, monitoring_suspended=False)
2025-11-28 02:57:53 | INFO | MONITOR_SLEEP | Sleeping for 20s (base=20s, consecutive_errors=0, monitoring_suspended=False)
2025-11-28 02:58:13 | INFO | MONITOR | Paper trades checked (next in 60s)
2025-11-28 02:58:13 | INFO | MONITOR_SLEEP | Sleeping for 20s (base=20s, consecutive_errors=0, monitoring_suspended=False)
2025-11-28 02:58:33 | INFO | MONITOR_SLEEP | Sleeping for 20s (base=20s, consecutive_errors=0, monitoring_suspended=False)
2025-11-28 02:58:53 | INFO | MONITOR_SLEEP | Sleeping for 20s (base=20s, consecutive_errors=0, monitoring_suspended=False)
2025-11-28 02:59:13 | INFO | MONITOR | Paper trades checked (next in 60s)
2025-11-28 02:59:13 | INFO | MONITOR_SLEEP | Sleeping for 20s (base=20s, consecutive_errors=0, monitoring_suspended=False)
2025-11-28 02:59:33 | INFO | MONITOR_SLEEP | Sleeping for 20s (base=20s, consecutive_errors=0, monitoring_suspended=False)
2025-11-28 02:59:53 | INFO | MONITOR_SLEEP | Sleeping for 20s (base=20s, consecutive_errors=0, monitoring_suspended=False)
2025-11-28 03:00:13 | INFO | MONITOR | Paper trades checked (next in 60s)
2025-11-28 03:00:13 | INFO | MONITOR_SLEEP | Sleeping for 20s (base=20s, consecutive_errors=0, monitoring_suspended=False)
2025-11-28 03:00:33 | INFO | MONITOR_SLEEP | Sleeping for 20s (base=20s, consecutive_errors=0, monitoring_suspended=False)
2025-11-28 03:00:53 | INFO | MONITOR_SLEEP | Sleeping for 20s (base=20s, consecutive_errors=0, monitoring_suspended=False)
2025-11-28 03:01:13 | INFO | MONITOR | Paper trades checked (next in 60s)
2025-11-28 03:01:13 | INFO | MONITOR_SLEEP | Sleeping for 20s (base=20s, consecutive_errors=0, monitoring_suspended=False)
2025-11-28 03:01:33 | INFO | MONITOR_SLEEP | Sleeping for 20s (base=20s, consecutive_errors=0, monitoring_suspended=False)
2025-11-28 03:01:53 | INFO | MONITOR_SLEEP | Sleeping for 20s (base=20s, consecutive_errors=0, monitoring_suspended=False)
2025-11-28 03:02:13 | INFO | MONITOR | Paper trades checked (next in 60s)
2025-11-28 03:02:13 | INFO | MONITOR_SLEEP | Sleeping for 20s (base=20s, consecutive_errors=0, monitoring_suspended=False)
2025-11-28 03:02:33 | INFO | MONITOR_SLEEP | Sleeping for 20s (base=20s, consecutive_errors=0, monitoring_suspended=False)
2025-11-28 03:02:53 | INFO | MONITOR_SLEEP | Sleeping for 20s (base=20s, consecutive_errors=0, monitoring_suspended=False)
2025-11-28 03:03:13 | INFO | MONITOR | Paper trades checked (next in 60s)
2025-11-28 03:03:13 | INFO | MONITOR_SLEEP | Sleeping for 20s (base=20s, consecutive_errors=0, monitoring_suspended=False)
2025-11-28 03:03:33 | INFO | MONITOR_SLEEP | Sleeping for 20s (base=20s, consecutive_errors=0, monitoring_suspended=False)
2025-11-28 03:03:53 | INFO | MONITOR_SLEEP | Sleeping for 20s (base=20s, consecutive_errors=0, monitoring_suspended=False)
2025-11-28 03:04:13 | INFO | MONITOR | Paper trades checked (next in 60s)
2025-11-28 03:04:13 | INFO | MONITOR_SLEEP | Sleeping for 20s (base=20s, consecutive_errors=0, monitoring_suspended=False)
2025-11-28 03:04:33 | INFO | MONITOR_SLEEP | Sleeping for 20s (base=20s, consecutive_errors=0, monitoring_suspended=False)
2025-11-28 03:04:53 | INFO | MONITOR_SLEEP | Sleeping for 20s (base=20s, consecutive_errors=0, monitoring_suspended=False)
2025-11-28 03:05:13 | INFO | MONITOR | Paper trades checked (next in 60s)
2025-11-28 03:05:13 | INFO | MONITOR_SLEEP | Sleeping for 20s (base=20s, consecutive_errors=0, monitoring_suspended=False)
2025-11-28 03:05:33 | INFO | MONITOR_SLEEP | Sleeping for 20s (base=20s, consecutive_errors=0, monitoring_suspended=False)
2025-11-28 03:05:53 | INFO | MONITOR_SLEEP | Sleeping for 20s (base=20s, consecutive_errors=0, monitoring_suspended=False)
2025-11-28 03:06:13 | INFO | MONITOR | Paper trades checked (next in 60s)
2025-11-28 03:06:13 | INFO | MONITOR_SLEEP | Sleeping for 20s (base=20s, consecutive_errors=0, monitoring_suspended=False)
2025-11-28 03:06:33 | INFO | MONITOR_SLEEP | Sleeping for 20s (base=20s, consecutive_errors=0, monitoring_suspended=False)
2025-11-28 03:06:53 | INFO | MONITOR_SLEEP | Sleeping for 20s (base=20s, consecutive_errors=0, monitoring_suspended=False)
2025-11-28 03:07:13 | INFO | MONITOR | Paper trades checked (next in 60s)
2025-11-28 03:07:13 | INFO | MONITOR_SLEEP | Sleeping for 20s (base=20s, consecutive_errors=0, monitoring_suspended=False)
2025-11-28 03:07:33 | INFO | MONITOR_SLEEP | Sleeping for 20s (base=20s, consecutive_errors=0, monitoring_suspended=False)
2025-11-28 03:07:53 | INFO | MONITOR_SLEEP | Sleeping for 20s (base=20s, consecutive_errors=0, monitoring_suspended=False)
2025-11-28 03:08:13 | INFO | MONITOR | Paper trades checked (next in 60s)
2025-11-28 03:08:13 | INFO | MONITOR_SLEEP | Sleeping for 20s (base=20s, consecutive_errors=0, monitoring_suspended=False)
2025-11-28 03:08:33 | INFO | MONITOR_SLEEP | Sleeping for 20s (base=20s, consecutive_errors=0, monitoring_suspended=False)
2025-11-28 03:08:53 | INFO | MONITOR_SLEEP | Sleeping for 20s (base=20s, consecutive_errors=0, monitoring_suspended=False)
2025-11-28 03:09:13 | INFO | MONITOR | Paper trades checked (next in 60s)
2025-11-28 03:09:13 | INFO | MONITOR_SLEEP | Sleeping for 20s (base=20s, consecutive_errors=0, monitoring_suspended=False)
2025-11-28 03:09:33 | INFO | MONITOR_SLEEP | Sleeping for 20s (base=20s, consecutive_errors=0, monitoring_suspended=False)
2025-11-28 03:09:53 | INFO | MONITOR_SLEEP | Sleeping for 20s (base=20s, consecutive_errors=0, monitoring_suspended=False)
2025-11-28 03:10:13 | INFO | MONITOR | Paper trades checked (next in 60s)
2025-11-28 03:10:13 | INFO | MONITOR_SLEEP | Sleeping for 20s (base=20s, consecutive_errors=0, monitoring_suspended=False)
2025-11-28 03:10:33 | INFO | MONITOR_SLEEP | Sleeping for 20s (base=20s, consecutive_errors=0, monitoring_suspended=False)
2025-11-28 03:10:53 | INFO | MONITOR_SLEEP | Sleeping for 20s (base=20s, consecutive_errors=0, monitoring_suspended=False)
2025-11-28 03:11:13 | INFO | MONITOR | Paper trades checked (next in 60s)
2025-11-28 03:11:13 | INFO | MONITOR_SLEEP | Sleeping for 20s (base=20s, consecutive_errors=0, monitoring_suspended=False)
2025-11-28 03:11:33 | INFO | MONITOR_SLEEP | Sleeping for 20s (base=20s, consecutive_errors=0, monitoring_suspended=False)
2025-11-28 03:11:53 | INFO | MONITOR_SLEEP | Sleeping for 20s (base=20s, consecutive_errors=0, monitoring_suspended=False)
2025-11-28 03:12:13 | INFO | MONITOR | Paper trades checked (next in 60s)
2025-11-28 03:12:13 | INFO | MONITOR_SLEEP | Sleeping for 20s (base=20s, consecutive_errors=0, monitoring_suspended=False)
2025-11-28 03:12:33 | INFO | MONITOR_SLEEP | Sleeping for 20s (base=20s, consecutive_errors=0, monitoring_suspended=False)
2025-11-28 03:12:53 | INFO | MONITOR_SLEEP | Sleeping for 20s (base=20s, consecutive_errors=0, monitoring_suspended=False)
2025-11-28 03:13:13 | INFO | MONITOR | Paper trades checked (next in 60s)
2025-11-28 03:13:13 | INFO | MONITOR_SLEEP | Sleeping for 20s (base=20s, consecutive_errors=0, monitoring_suspended=False)
2025-11-28 03:13:33 | INFO | MONITOR_SLEEP | Sleeping for 20s (base=20s, consecutive_errors=0, monitoring_suspended=False)
2025-11-28 03:13:53 | INFO | MONITOR_SLEEP | Sleeping for 20s (base=20s, consecutive_errors=0, monitoring_suspended=False)
2025-11-28 03:14:13 | INFO | MONITOR | Paper trades checked (next in 60s)
2025-11-28 03:14:13 | INFO | MONITOR_SLEEP | Sleeping for 20s (base=20s, consecutive_errors=0, monitoring_suspended=False)
2025-11-28 03:14:33 | INFO | MONITOR_SLEEP | Sleeping for 20s (base=20s, consecutive_errors=0, monitoring_suspended=False)
2025-11-28 03:14:53 | INFO | MONITOR_SLEEP | Sleeping for 20s (base=20s, consecutive_errors=0, monitoring_suspended=False)
2025-11-28 03:15:13 | INFO | MONITOR | Paper trades checked (next in 60s)
2025-11-28 03:15:13 | INFO | MONITOR_SLEEP | Sleeping for 20s (base=20s, consecutive_errors=0, monitoring_suspended=False)
2025-11-28 03:15:33 | INFO | MONITOR_SLEEP | Sleeping for 20s (base=20s, consecutive_errors=0, monitoring_suspended=False)
2025-11-28 03:15:53 | INFO | MONITOR_SLEEP | Sleeping for 20s (base=20s, consecutive_errors=0, monitoring_suspended=False)
2025-11-28 03:16:13 | INFO | MONITOR | Paper trades checked (next in 60s)
2025-11-28 03:16:13 | INFO | MONITOR_SLEEP | Sleeping for 20s (base=20s, consecutive_errors=0, monitoring_suspended=False)
2025-11-28 03:16:33 | INFO | MONITOR_SLEEP | Sleeping for 20s (base=20s, consecutive_errors=0, monitoring_suspended=False)
2025-11-28 03:16:53 | INFO | MONITOR_SLEEP | Sleeping for 20s (base=20s, consecutive_errors=0, monitoring_suspended=False)
2025-11-28 03:17:13 | INFO | MONITOR | Paper trades checked (next in 60s)
2025-11-28 03:17:13 | INFO | MONITOR_SLEEP | Sleeping for 20s (base=20s, consecutive_errors=0, monitoring_suspended=False)
2025-11-28 03:17:33 | INFO | MONITOR_SLEEP | Sleeping for 20s (base=20s, consecutive_errors=0, monitoring_suspended=False)
2025-11-28 03:17:53 | INFO | MONITOR_SLEEP | Sleeping for 20s (base=20s, consecutive_errors=0, monitoring_suspended=False)
2025-11-28 03:18:13 | INFO | MONITOR | Paper trades checked (next in 60s)
2025-11-28 03:18:13 | INFO | MONITOR_SLEEP | Sleeping for 20s (base=20s, consecutive_errors=0, monitoring_suspended=False)
2025-11-28 03:18:33 | INFO | MONITOR_SLEEP | Sleeping for 20s (base=20s, consecutive_errors=0, monitoring_suspended=False)
2025-11-28 03:18:53 | INFO | MONITOR_SLEEP | Sleeping for 20s (base=20s, consecutive_errors=0, monitoring_suspended=False)
2025-11-28 03:19:13 | INFO | MONITOR | Paper trades checked (next in 60s)
2025-11-28 03:19:13 | INFO | MONITOR_SLEEP | Sleeping for 20s (base=20s, consecutive_errors=0, monitoring_suspended=False)
2025-11-28 03:19:33 | INFO | MONITOR_SLEEP | Sleeping for 20s (base=20s, consecutive_errors=0, monitoring_suspended=False)
2025-11-28 03:19:53 | INFO | MONITOR_SLEEP | Sleeping for 20s (base=20s, consecutive_errors=0, monitoring_suspended=False)
2025-11-28 03:20:13 | INFO | MONITOR | Paper trades checked (next in 60s)
2025-11-28 03:20:13 | INFO | MONITOR_SLEEP | Sleeping for 20s (base=20s, consecutive_errors=0, monitoring_suspended=False)
2025-11-28 03:20:33 | INFO | MONITOR_SLEEP | Sleeping for 20s (base=20s, consecutive_errors=0, monitoring_suspended=False)
2025-11-28 03:20:53 | INFO | MONITOR_SLEEP | Sleeping for 20s (base=20s, consecutive_errors=0, monitoring_suspended=False)
2025-11-28 03:21:13 | INFO | MONITOR | Paper trades checked (next in 60s)
2025-11-28 03:21:13 | INFO | MONITOR_SLEEP | Sleeping for 20s (base=20s, consecutive_errors=0, monitoring_suspended=False)
2025-11-28 03:21:33 | INFO | MONITOR_SLEEP | Sleeping for 20s (base=20s, consecutive_errors=0, monitoring_suspended=False)
2025-11-28 03:21:53 | INFO | MONITOR_SLEEP | Sleeping for 20s (base=20s, consecutive_errors=0, monitoring_suspended=False)
2025-11-28 03:22:13 | INFO | MONITOR | Paper trades checked (next in 60s)
2025-11-28 03:22:13 | INFO | MONITOR_SLEEP | Sleeping for 20s (base=20s, consecutive_errors=0, monitoring_suspended=False)
2025-11-28 03:22:33 | INFO | MONITOR_SLEEP | Sleeping for 20s (base=20s, consecutive_errors=0, monitoring_suspended=False)
2025-11-28 03:22:53 | INFO | MONITOR_SLEEP | Sleeping for 20s (base=20s, consecutive_errors=0, monitoring_suspended=False)
2025-11-28 03:23:13 | INFO | MONITOR | Paper trades checked (next in 60s)
2025-11-28 03:23:13 | INFO | MONITOR_SLEEP | Sleeping for 20s (base=20s, consecutive_errors=0, monitoring_suspended=False)
2025-11-28 03:23:33 | INFO | MONITOR_SLEEP | Sleeping for 20s (base=20s, consecutive_errors=0, monitoring_suspended=False)
2025-11-28 03:23:53 | INFO | MONITOR_SLEEP | Sleeping for 20s (base=20s, consecutive_errors=0, monitoring_suspended=False)
2025-11-28 03:24:13 | INFO | MONITOR | Paper trades checked (next in 60s)
2025-11-28 03:24:13 | INFO | MONITOR_SLEEP | Sleeping for 20s (base=20s, consecutive_errors=0, monitoring_suspended=False)
2025-11-28 03:24:33 | INFO | MONITOR_SLEEP | Sleeping for 20s (base=20s, consecutive_errors=0, monitoring_suspended=False)
2025-11-28 03:24:53 | INFO | MONITOR_SLEEP | Sleeping for 20s (base=20s, consecutive_errors=0, monitoring_suspended=False)
2025-11-28 03:25:13 | INFO | MONITOR | Paper trades checked (next in 60s)
2025-11-28 03:25:13 | INFO | MONITOR_SLEEP | Sleeping for 20s (base=20s, consecutive_errors=0, monitoring_suspended=False)
2025-11-28 03:25:33 | INFO | MONITOR_SLEEP | Sleeping for 20s (base=20s, consecutive_errors=0, monitoring_suspended=False)
2025-11-28 03:25:53 | INFO | MONITOR_SLEEP | Sleeping for 20s (base=20s, consecutive_errors=0, monitoring_suspended=False)
2025-11-28 03:26:13 | INFO | MONITOR | Paper trades checked (next in 60s)
2025-11-28 03:26:13 | INFO | MONITOR_SLEEP | Sleeping for 20s (base=20s, consecutive_errors=0, monitoring_suspended=False)
2025-11-28 03:26:33 | INFO | MONITOR_SLEEP | Sleeping for 20s (base=20s, consecutive_errors=0, monitoring_suspended=False)
2025-11-28 03:26:53 | INFO | MONITOR_SLEEP | Sleeping for 20s (base=20s, consecutive_errors=0, monitoring_suspended=False)
2025-11-28 03:27:13 | INFO | MONITOR | Paper trades checked (next in 60s)
2025-11-28 03:27:13 | INFO | MONITOR_SLEEP | Sleeping for 20s (base=20s, consecutive_errors=0, monitoring_suspended=False)
2025-11-28 03:27:33 | INFO | MONITOR_SLEEP | Sleeping for 20s (base=20s, consecutive_errors=0, monitoring_suspended=False)
2025-11-28 03:27:53 | INFO | MONITOR_SLEEP | Sleeping for 20s (base=20s, consecutive_errors=0, monitoring_suspended=False)
2025-11-28 03:28:13 | INFO | MONITOR | Paper trades checked (next in 60s)
2025-11-28 03:28:13 | INFO | MONITOR_SLEEP | Sleeping for 20s (base=20s, consecutive_errors=0, monitoring_suspended=False)
2025-11-28 03:28:33 | INFO | MONITOR_SLEEP | Sleeping for 20s (base=20s, consecutive_errors=0, monitoring_suspended=False)
2025-11-28 03:28:53 | INFO | MONITOR_SLEEP | Sleeping for 20s (base=20s, consecutive_errors=0, monitoring_suspended=False)
2025-11-28 03:29:13 | INFO | MONITOR | Paper trades checked (next in 60s)
2025-11-28 03:29:13 | INFO | MONITOR_SLEEP | Sleeping for 20s (base=20s, consecutive_errors=0, monitoring_suspended=False)
2025-11-28 03:29:33 | INFO | MONITOR_SLEEP | Sleeping for 20s (base=20s, consecutive_errors=0, monitoring_suspended=False)
2025-11-28 03:29:53 | INFO | MONITOR_SLEEP | Sleeping for 20s (base=20s, consecutive_errors=0, monitoring_suspended=False)
2025-11-28 03:30:13 | INFO | MONITOR | Paper trades checked (next in 60s)
2025-11-28 03:30:13 | INFO | MONITOR_SLEEP | Sleeping for 20s (base=20s, consecutive_errors=0, monitoring_suspended=False)
2025-11-28 03:30:33 | INFO | MONITOR_SLEEP | Sleeping for 20s (base=20s, consecutive_errors=0, monitoring_suspended=False)
2025-11-28 03:30:53 | INFO | MONITOR_SLEEP | Sleeping for 20s (base=20s, consecutive_errors=0, monitoring_suspended=False)
2025-11-28 03:31:13 | INFO | MONITOR | Paper trades checked (next in 60s)
2025-11-28 03:31:13 | INFO | MONITOR_SLEEP | Sleeping for 20s (base=20s, consecutive_errors=0, monitoring_suspended=False)
2025-11-28 03:31:33 | INFO | MONITOR_SLEEP | Sleeping for 20s (base=20s, consecutive_errors=0, monitoring_suspended=False)
2025-11-28 03:31:53 | INFO | MONITOR_SLEEP | Sleeping for 20s (base=20s, consecutive_errors=0, monitoring_suspended=False)
2025-11-28 03:32:13 | INFO | MONITOR | Paper trades checked (next in 60s)
2025-11-28 03:32:13 | INFO | MONITOR_SLEEP | Sleeping for 20s (base=20s, consecutive_errors=0, monitoring_suspended=False)
2025-11-28 03:32:33 | INFO | MONITOR_SLEEP | Sleeping for 20s (base=20s, consecutive_errors=0, monitoring_suspended=False)
2025-11-28 03:32:53 | INFO | MONITOR_SLEEP | Sleeping for 20s (base=20s, consecutive_errors=0, monitoring_suspended=False)
2025-11-28 03:33:13 | INFO | MONITOR | Paper trades checked (next in 60s)
2025-11-28 03:33:13 | INFO | MONITOR_SLEEP | Sleeping for 20s (base=20s, consecutive_errors=0, monitoring_suspended=False)
2025-11-28 03:33:33 | INFO | MONITOR_SLEEP | Sleeping for 20s (base=20s, consecutive_errors=0, monitoring_suspended=False)
2025-11-28 03:33:53 | INFO | MONITOR_SLEEP | Sleeping for 20s (base=20s, consecutive_errors=0, monitoring_suspended=False)
2025-11-28 03:34:13 | INFO | MONITOR | Paper trades checked (next in 60s)
2025-11-28 03:34:13 | INFO | MONITOR_SLEEP | Sleeping for 20s (base=20s, consecutive_errors=0, monitoring_suspended=False)
2025-11-28 03:34:33 | INFO | MONITOR_SLEEP | Sleeping for 20s (base=20s, consecutive_errors=0, monitoring_suspended=False)
2025-11-28 03:34:53 | INFO | MONITOR_SLEEP | Sleeping for 20s (base=20s, consecutive_errors=0, monitoring_suspended=False)
2025-11-28 03:35:13 | INFO | MONITOR | Paper trades checked (next in 60s)
2025-11-28 03:35:13 | INFO | MONITOR_SLEEP | Sleeping for 20s (base=20s, consecutive_errors=0, monitoring_suspended=False)
2025-11-28 03:35:33 | INFO | MONITOR_SLEEP | Sleeping for 20s (base=20s, consecutive_errors=0, monitoring_suspended=False)
2025-11-28 03:35:53 | INFO | MONITOR_SLEEP | Sleeping for 20s (base=20s, consecutive_errors=0, monitoring_suspended=False)
2025-11-28 03:36:13 | INFO | MONITOR | Paper trades checked (next in 60s)
2025-11-28 03:36:13 | INFO | MONITOR_SLEEP | Sleeping for 20s (base=20s, consecutive_errors=0, monitoring_suspended=False)
2025-11-28 03:36:33 | INFO | MONITOR_SLEEP | Sleeping for 20s (base=20s, consecutive_errors=0, monitoring_suspended=False)
2025-11-28 03:36:53 | INFO | MONITOR_SLEEP | Sleeping for 20s (base=20s, consecutive_errors=0, monitoring_suspended=False)
2025-11-28 03:37:13 | INFO | MONITOR | Paper trades checked (next in 60s)
2025-11-28 03:37:13 | INFO | MONITOR_SLEEP | Sleeping for 20s (base=20s, consecutive_errors=0, monitoring_suspended=False)
2025-11-28 03:37:33 | INFO | MONITOR_SLEEP | Sleeping for 20s (base=20s, consecutive_errors=0, monitoring_suspended=False)
2025-11-28 03:37:53 | INFO | MONITOR_SLEEP | Sleeping for 20s (base=20s, consecutive_errors=0, monitoring_suspended=False)
2025-11-28 03:38:13 | INFO | MONITOR | Paper trades checked (next in 60s)
2025-11-28 03:38:13 | INFO | MONITOR_SLEEP | Sleeping for 20s (base=20s, consecutive_errors=0, monitoring_suspended=False)
2025-11-28 03:38:33 | INFO | MONITOR_SLEEP | Sleeping for 20s (base=20s, consecutive_errors=0, monitoring_suspended=False)
2025-11-28 03:38:53 | INFO | MONITOR_SLEEP | Sleeping for 20s (base=20s, consecutive_errors=0, monitoring_suspended=False)
2025-11-28 03:39:13 | INFO | MONITOR | Paper trades checked (next in 60s)
2025-11-28 03:39:13 | INFO | MONITOR_SLEEP | Sleeping for 20s (base=20s, consecutive_errors=0, monitoring_suspended=False)
2025-11-28 03:39:33 | INFO | MONITOR_SLEEP | Sleeping for 20s (base=20s, consecutive_errors=0, monitoring_suspended=False)
2025-11-28 03:39:53 | INFO | MONITOR_SLEEP | Sleeping for 20s (base=20s, consecutive_errors=0, monitoring_suspended=False)
2025-11-28 03:40:13 | INFO | MONITOR | Paper trades checked (next in 60s)
2025-11-28 03:40:13 | INFO | MONITOR_SLEEP | Sleeping for 20s (base=20s, consecutive_errors=0, monitoring_suspended=False)
2025-11-28 03:40:33 | INFO | MONITOR_SLEEP | Sleeping for 20s (base=20s, consecutive_errors=0, monitoring_suspended=False)
2025-11-28 03:40:53 | INFO | MONITOR_SLEEP | Sleeping for 20s (base=20s, consecutive_errors=0, monitoring_suspended=False)
2025-11-28 03:41:13 | INFO | MONITOR | Paper trades checked (next in 60s)
2025-11-28 03:41:13 | INFO | MONITOR_SLEEP | Sleeping for 20s (base=20s, consecutive_errors=0, monitoring_suspended=False)
2025-11-28 03:41:33 | INFO | MONITOR_SLEEP | Sleeping for 20s (base=20s, consecutive_errors=0, monitoring_suspended=False)
2025-11-28 03:41:53 | INFO | MONITOR_SLEEP | Sleeping for 20s (base=20s, consecutive_errors=0, monitoring_suspended=False)
2025-11-28 03:42:13 | INFO | MONITOR | Paper trades checked (next in 60s)
2025-11-28 03:42:13 | INFO | MONITOR_SLEEP | Sleeping for 20s (base=20s, consecutive_errors=0, monitoring_suspended=False)
2025-11-28 03:42:33 | INFO | MONITOR_SLEEP | Sleeping for 20s (base=20s, consecutive_errors=0, monitoring_suspended=False)
2025-11-28 03:42:53 | INFO | MONITOR_SLEEP | Sleeping for 20s (base=20s, consecutive_errors=0, monitoring_suspended=False)
2025-11-28 03:43:13 | INFO | MONITOR | Paper trades checked (next in 60s)
2025-11-28 03:43:13 | INFO | MONITOR_SLEEP | Sleeping for 20s (base=20s, consecutive_errors=0, monitoring_suspended=False)
2025-11-28 03:43:33 | INFO | MONITOR_SLEEP | Sleeping for 20s (base=20s, consecutive_errors=0, monitoring_suspended=False)
2025-11-28 03:43:53 | INFO | MONITOR_SLEEP | Sleeping for 20s (base=20s, consecutive_errors=0, monitoring_suspended=False)
2025-11-28 03:44:13 | INFO | MONITOR | Paper trades checked (next in 60s)
2025-11-28 03:44:13 | INFO | MONITOR_SLEEP | Sleeping for 20s (base=20s, consecutive_errors=0, monitoring_suspended=False)
2025-11-28 03:44:33 | INFO | MONITOR_SLEEP | Sleeping for 20s (base=20s, consecutive_errors=0, monitoring_suspended=False)
2025-11-28 03:44:53 | INFO | MONITOR_SLEEP | Sleeping for 20s (base=20s, consecutive_errors=0, monitoring_suspended=False)
2025-11-28 03:45:13 | INFO | MONITOR | Paper trades checked (next in 60s)
2025-11-28 03:45:13 | INFO | MONITOR_SLEEP | Sleeping for 20s (base=20s, consecutive_errors=0, monitoring_suspended=False)
2025-11-28 03:45:33 | INFO | MONITOR_SLEEP | Sleeping for 20s (base=20s, consecutive_errors=0, monitoring_suspended=False)
2025-11-28 03:45:53 | INFO | MONITOR_SLEEP | Sleeping for 20s (base=20s, consecutive_errors=0, monitoring_suspended=False)
2025-11-28 03:46:13 | INFO | MONITOR | Paper trades checked (next in 60s)
2025-11-28 03:46:13 | INFO | MONITOR_SLEEP | Sleeping for 20s (base=20s, consecutive_errors=0, monitoring_suspended=False)
2025-11-28 03:46:33 | INFO | MONITOR_SLEEP | Sleeping for 20s (base=20s, consecutive_errors=0, monitoring_suspended=False)
2025-11-28 03:46:53 | INFO | MONITOR_SLEEP | Sleeping for 20s (base=20s, consecutive_errors=0, monitoring_suspended=False)
2025-11-28 03:47:13 | INFO | MONITOR | Paper trades checked (next in 60s)
2025-11-28 03:47:13 | INFO | MONITOR_SLEEP | Sleeping for 20s (base=20s, consecutive_errors=0, monitoring_suspended=False)
2025-11-28 03:47:33 | INFO | MONITOR_SLEEP | Sleeping for 20s (base=20s, consecutive_errors=0, monitoring_suspended=False)
2025-11-28 03:47:53 | INFO | MONITOR_SLEEP | Sleeping for 20s (base=20s, consecutive_errors=0, monitoring_suspended=False)
2025-11-28 03:48:13 | INFO | MONITOR | Paper trades checked (next in 60s)
2025-11-28 03:48:13 | INFO | MONITOR_SLEEP | Sleeping for 20s (base=20s, consecutive_errors=0, monitoring_suspended=False)
2025-11-28 03:48:33 | INFO | MONITOR_SLEEP | Sleeping for 20s (base=20s, consecutive_errors=0, monitoring_suspended=False)
2025-11-28 03:48:53 | INFO | MONITOR_SLEEP | Sleeping for 20s (base=20s, consecutive_errors=0, monitoring_suspended=False)
2025-11-28 03:49:13 | INFO | MONITOR | Paper trades checked (next in 60s)
2025-11-28 03:49:13 | INFO | MONITOR_SLEEP | Sleeping for 20s (base=20s, consecutive_errors=0, monitoring_suspended=False)
2025-11-28 03:49:33 | INFO | MONITOR_SLEEP | Sleeping for 20s (base=20s, consecutive_errors=0, monitoring_suspended=False)
2025-11-28 03:49:53 | INFO | MONITOR_SLEEP | Sleeping for 20s (base=20s, consecutive_errors=0, monitoring_suspended=False)
2025-11-28 03:50:13 | INFO | MONITOR | Paper trades checked (next in 60s)
2025-11-28 03:50:13 | INFO | MONITOR_SLEEP | Sleeping for 20s (base=20s, consecutive_errors=0, monitoring_suspended=False)
2025-11-28 03:50:33 | INFO | MONITOR_SLEEP | Sleeping for 20s (base=20s, consecutive_errors=0, monitoring_suspended=False)
2025-11-28 03:50:53 | INFO | MONITOR_SLEEP | Sleeping for 20s (base=20s, consecutive_errors=0, monitoring_suspended=False)
2025-11-28 03:51:13 | INFO | MONITOR | Paper trades checked (next in 60s)
2025-11-28 03:51:13 | INFO | MONITOR_SLEEP | Sleeping for 20s (base=20s, consecutive_errors=0, monitoring_suspended=False)
2025-11-28 03:51:34 | INFO | MONITOR_SLEEP | Sleeping for 20s (base=20s, consecutive_errors=0, monitoring_suspended=False)
2025-11-28 03:51:54 | INFO | MONITOR_SLEEP | Sleeping for 20s (base=20s, consecutive_errors=0, monitoring_suspended=False)
2025-11-28 03:52:14 | INFO | MONITOR | Paper trades checked (next in 60s)
2025-11-28 03:52:14 | INFO | MONITOR_SLEEP | Sleeping for 20s (base=20s, consecutive_errors=0, monitoring_suspended=False)
2025-11-28 03:52:34 | INFO | MONITOR_SLEEP | Sleeping for 20s (base=20s, consecutive_errors=0, monitoring_suspended=False)
2025-11-28 03:52:54 | INFO | MONITOR_SLEEP | Sleeping for 20s (base=20s, consecutive_errors=0, monitoring_suspended=False)
2025-11-28 03:53:14 | INFO | MONITOR | Paper trades checked (next in 60s)
2025-11-28 03:53:14 | INFO | MONITOR_SLEEP | Sleeping for 20s (base=20s, consecutive_errors=0, monitoring_suspended=False)
2025-11-28 03:53:34 | INFO | MONITOR_SLEEP | Sleeping for 20s (base=20s, consecutive_errors=0, monitoring_suspended=False)
2025-11-28 03:53:54 | INFO | MONITOR_SLEEP | Sleeping for 20s (base=20s, consecutive_errors=0, monitoring_suspended=False)
2025-11-28 03:54:14 | INFO | MONITOR | Paper trades checked (next in 60s)
2025-11-28 03:54:14 | INFO | MONITOR_SLEEP | Sleeping for 20s (base=20s, consecutive_errors=0, monitoring_suspended=False)
2025-11-28 03:54:34 | INFO | MONITOR_SLEEP | Sleeping for 20s (base=20s, consecutive_errors=0, monitoring_suspended=False)
2025-11-28 03:54:54 | INFO | MONITOR_SLEEP | Sleeping for 20s (base=20s, consecutive_errors=0, monitoring_suspended=False)
2025-11-28 03:55:14 | INFO | MONITOR | Paper trades checked (next in 60s)
2025-11-28 03:55:14 | INFO | MONITOR_SLEEP | Sleeping for 20s (base=20s, consecutive_errors=0, monitoring_suspended=False)
2025-11-28 03:55:34 | INFO | MONITOR_SLEEP | Sleeping for 20s (base=20s, consecutive_errors=0, monitoring_suspended=False)
2025-11-28 03:55:54 | INFO | MONITOR_SLEEP | Sleeping for 20s (base=20s, consecutive_errors=0, monitoring_suspended=False)
2025-11-28 03:56:14 | INFO | MONITOR | Paper trades checked (next in 60s)
2025-11-28 03:56:14 | INFO | MONITOR_SLEEP | Sleeping for 20s (base=20s, consecutive_errors=0, monitoring_suspended=False)
2025-11-28 03:56:34 | INFO | MONITOR_SLEEP | Sleeping for 20s (base=20s, consecutive_errors=0, monitoring_suspended=False)
2025-11-28 03:56:54 | INFO | MONITOR_SLEEP | Sleeping for 20s (base=20s, consecutive_errors=0, monitoring_suspended=False)
2025-11-28 03:57:14 | INFO | MONITOR | Paper trades checked (next in 60s)
2025-11-28 03:57:14 | INFO | MONITOR_SLEEP | Sleeping for 20s (base=20s, consecutive_errors=0, monitoring_suspended=False)
2025-11-28 03:57:34 | INFO | MONITOR_SLEEP | Sleeping for 20s (base=20s, consecutive_errors=0, monitoring_suspended=False)
2025-11-28 03:57:54 | INFO | MONITOR_SLEEP | Sleeping for 20s (base=20s, consecutive_errors=0, monitoring_suspended=False)
2025-11-28 03:58:14 | INFO | MONITOR | Paper trades checked (next in 60s)
2025-11-28 03:58:14 | INFO | MONITOR_SLEEP | Sleeping for 20s (base=20s, consecutive_errors=0, monitoring_suspended=False)
2025-11-28 03:58:34 | INFO | MONITOR_SLEEP | Sleeping for 20s (base=20s, consecutive_errors=0, monitoring_suspended=False)
2025-11-28 03:58:54 | INFO | MONITOR_SLEEP | Sleeping for 20s (base=20s, consecutive_errors=0, monitoring_suspended=False)
2025-11-28 03:59:14 | INFO | MONITOR | Paper trades checked (next in 60s)
2025-11-28 03:59:14 | INFO | MONITOR_SLEEP | Sleeping for 20s (base=20s, consecutive_errors=0, monitoring_suspended=False)
2025-11-28 03:59:34 | INFO | MONITOR_SLEEP | Sleeping for 20s (base=20s, consecutive_errors=0, monitoring_suspended=False)
2025-11-28 03:59:54 | INFO | MONITOR_SLEEP | Sleeping for 20s (base=20s, consecutive_errors=0, monitoring_suspended=False)
2025-11-28 04:00:14 | INFO | MONITOR | Paper trades checked (next in 60s)
2025-11-28 04:00:14 | INFO | MONITOR_SLEEP | Sleeping for 20s (base=20s, consecutive_errors=0, monitoring_suspended=False)
2025-11-28 04:00:34 | INFO | MONITOR_SLEEP | Sleeping for 20s (base=20s, consecutive_errors=0, monitoring_suspended=False)
2025-11-28 04:00:54 | INFO | MONITOR_SLEEP | Sleeping for 20s (base=20s, consecutive_errors=0, monitoring_suspended=False)
2025-11-28 04:01:14 | INFO | MONITOR | Paper trades checked (next in 60s)
2025-11-28 04:01:14 | INFO | MONITOR_SLEEP | Sleeping for 20s (base=20s, consecutive_errors=0, monitoring_suspended=False)
2025-11-28 04:01:34 | INFO | MONITOR_SLEEP | Sleeping for 20s (base=20s, consecutive_errors=0, monitoring_suspended=False)
2025-11-28 04:01:54 | INFO | MONITOR_SLEEP | Sleeping for 20s (base=20s, consecutive_errors=0, monitoring_suspended=False)
2025-11-28 04:02:14 | INFO | MONITOR | Paper trades checked (next in 60s)
2025-11-28 04:02:14 | INFO | MONITOR_SLEEP | Sleeping for 20s (base=20s, consecutive_errors=0, monitoring_suspended=False)
2025-11-28 04:02:34 | INFO | MONITOR_SLEEP | Sleeping for 20s (base=20s, consecutive_errors=0, monitoring_suspended=False)
2025-11-28 04:02:54 | INFO | MONITOR_SLEEP | Sleeping for 20s (base=20s, consecutive_errors=0, monitoring_suspended=False)
2025-11-28 04:03:14 | INFO | MONITOR | Paper trades checked (next in 60s)
2025-11-28 04:03:14 | INFO | MONITOR_SLEEP | Sleeping for 20s (base=20s, consecutive_errors=0, monitoring_suspended=False)
2025-11-28 04:03:34 | INFO | MONITOR_SLEEP | Sleeping for 20s (base=20s, consecutive_errors=0, monitoring_suspended=False)
2025-11-28 04:03:54 | INFO | MONITOR_SLEEP | Sleeping for 20s (base=20s, consecutive_errors=0, monitoring_suspended=False)
2025-11-28 04:04:14 | INFO | MONITOR | Paper trades checked (next in 60s)
2025-11-28 04:04:14 | INFO | MONITOR_SLEEP | Sleeping for 20s (base=20s, consecutive_errors=0, monitoring_suspended=False)
2025-11-28 04:04:34 | INFO | MONITOR_SLEEP | Sleeping for 20s (base=20s, consecutive_errors=0, monitoring_suspended=False)
2025-11-28 04:04:54 | INFO | MONITOR_SLEEP | Sleeping for 20s (base=20s, consecutive_errors=0, monitoring_suspended=False)
2025-11-28 04:05:14 | INFO | MONITOR | Paper trades checked (next in 60s)
2025-11-28 04:05:14 | INFO | MONITOR_SLEEP | Sleeping for 20s (base=20s, consecutive_errors=0, monitoring_suspended=False)
2025-11-28 04:05:34 | INFO | MONITOR_SLEEP | Sleeping for 20s (base=20s, consecutive_errors=0, monitoring_suspended=False)
2025-11-28 04:05:54 | INFO | MONITOR_SLEEP | Sleeping for 20s (base=20s, consecutive_errors=0, monitoring_suspended=False)
2025-11-28 04:06:14 | INFO | MONITOR | Paper trades checked (next in 60s)
2025-11-28 04:06:14 | INFO | MONITOR_SLEEP | Sleeping for 20s (base=20s, consecutive_errors=0, monitoring_suspended=False)
2025-11-28 04:06:34 | INFO | MONITOR_SLEEP | Sleeping for 20s (base=20s, consecutive_errors=0, monitoring_suspended=False)
2025-11-28 04:06:54 | INFO | MONITOR_SLEEP | Sleeping for 20s (base=20s, consecutive_errors=0, monitoring_suspended=False)
2025-11-28 04:07:14 | INFO | MONITOR | Paper trades checked (next in 60s)
2025-11-28 04:07:14 | INFO | MONITOR_SLEEP | Sleeping for 20s (base=20s, consecutive_errors=0, monitoring_suspended=False)
2025-11-28 04:07:34 | INFO | MONITOR_SLEEP | Sleeping for 20s (base=20s, consecutive_errors=0, monitoring_suspended=False)
2025-11-28 04:07:54 | INFO | MONITOR_SLEEP | Sleeping for 20s (base=20s, consecutive_errors=0, monitoring_suspended=False)
2025-11-28 04:08:14 | INFO | MONITOR | Paper trades checked (next in 60s)
2025-11-28 04:08:14 | INFO | MONITOR_SLEEP | Sleeping for 20s (base=20s, consecutive_errors=0, monitoring_suspended=False)
2025-11-28 04:08:34 | INFO | MONITOR_SLEEP | Sleeping for 20s (base=20s, consecutive_errors=0, monitoring_suspended=False)
2025-11-28 04:08:54 | INFO | MONITOR_SLEEP | Sleeping for 20s (base=20s, consecutive_errors=0, monitoring_suspended=False)
2025-11-28 04:09:14 | INFO | MONITOR | Paper trades checked (next in 60s)
2025-11-28 04:09:14 | INFO | MONITOR_SLEEP | Sleeping for 20s (base=20s, consecutive_errors=0, monitoring_suspended=False)
2025-11-28 04:09:34 | INFO | MONITOR_SLEEP | Sleeping for 20s (base=20s, consecutive_errors=0, monitoring_suspended=False)
2025-11-28 04:09:54 | INFO | MONITOR_SLEEP | Sleeping for 20s (base=20s, consecutive_errors=0, monitoring_suspended=False)
2025-11-28 04:10:14 | INFO | MONITOR | Paper trades checked (next in 60s)
2025-11-28 04:10:14 | INFO | MONITOR_SLEEP | Sleeping for 20s (base=20s, consecutive_errors=0, monitoring_suspended=False)
2025-11-28 04:10:34 | INFO | MONITOR_SLEEP | Sleeping for 20s (base=20s, consecutive_errors=0, monitoring_suspended=False)
2025-11-28 04:10:54 | INFO | MONITOR_SLEEP | Sleeping for 20s (base=20s, consecutive_errors=0, monitoring_suspended=False)
2025-11-28 04:11:14 | INFO | MONITOR | Paper trades checked (next in 60s)
2025-11-28 04:11:14 | INFO | MONITOR_SLEEP | Sleeping for 20s (base=20s, consecutive_errors=0, monitoring_suspended=False)
2025-11-28 04:11:34 | INFO | MONITOR_SLEEP | Sleeping for 20s (base=20s, consecutive_errors=0, monitoring_suspended=False)
2025-11-28 04:11:54 | INFO | MONITOR_SLEEP | Sleeping for 20s (base=20s, consecutive_errors=0, monitoring_suspended=False)
2025-11-28 04:12:14 | INFO | MONITOR | Paper trades checked (next in 60s)
2025-11-28 04:12:14 | INFO | MONITOR_SLEEP | Sleeping for 20s (base=20s, consecutive_errors=0, monitoring_suspended=False)
2025-11-28 04:12:34 | INFO | MONITOR_SLEEP | Sleeping for 20s (base=20s, consecutive_errors=0, monitoring_suspended=False)
2025-11-28 04:12:54 | INFO | MONITOR_SLEEP | Sleeping for 20s (base=20s, consecutive_errors=0, monitoring_suspended=False)
2025-11-28 04:13:14 | INFO | MONITOR | Paper trades checked (next in 60s)
2025-11-28 04:13:14 | INFO | MONITOR_SLEEP | Sleeping for 20s (base=20s, consecutive_errors=0, monitoring_suspended=False)
2025-11-28 04:13:34 | INFO | MONITOR_SLEEP | Sleeping for 20s (base=20s, consecutive_errors=0, monitoring_suspended=False)
2025-11-28 04:13:54 | INFO | MONITOR_SLEEP | Sleeping for 20s (base=20s, consecutive_errors=0, monitoring_suspended=False)
2025-11-28 04:14:14 | INFO | MONITOR | Paper trades checked (next in 60s)
2025-11-28 04:14:14 | INFO | MONITOR_SLEEP | Sleeping for 20s (base=20s, consecutive_errors=0, monitoring_suspended=False)
2025-11-28 04:14:34 | INFO | MONITOR_SLEEP | Sleeping for 20s (base=20s, consecutive_errors=0, monitoring_suspended=False)
2025-11-28 04:14:54 | INFO | MONITOR_SLEEP | Sleeping for 20s (base=20s, consecutive_errors=0, monitoring_suspended=False)
2025-11-28 04:15:14 | INFO | MONITOR | Paper trades checked (next in 60s)
2025-11-28 04:15:14 | INFO | MONITOR_SLEEP | Sleeping for 20s (base=20s, consecutive_errors=0, monitoring_suspended=False)
2025-11-28 04:15:34 | INFO | MONITOR_SLEEP | Sleeping for 20s (base=20s, consecutive_errors=0, monitoring_suspended=False)
2025-11-28 04:15:54 | INFO | MONITOR_SLEEP | Sleeping for 20s (base=20s, consecutive_errors=0, monitoring_suspended=False)
2025-11-28 04:16:14 | INFO | MONITOR | Paper trades checked (next in 60s)
2025-11-28 04:16:14 | INFO | MONITOR_SLEEP | Sleeping for 20s (base=20s, consecutive_errors=0, monitoring_suspended=False)
2025-11-28 04:16:34 | INFO | MONITOR_SLEEP | Sleeping for 20s (base=20s, consecutive_errors=0, monitoring_suspended=False)
2025-11-28 04:16:54 | INFO | MONITOR_SLEEP | Sleeping for 20s (base=20s, consecutive_errors=0, monitoring_suspended=False)
2025-11-28 04:17:14 | INFO | MONITOR | Paper trades checked (next in 60s)
2025-11-28 04:17:14 | INFO | MONITOR_SLEEP | Sleeping for 20s (base=20s, consecutive_errors=0, monitoring_suspended=False)
2025-11-28 04:17:34 | INFO | MONITOR_SLEEP | Sleeping for 20s (base=20s, consecutive_errors=0, monitoring_suspended=False)
2025-11-28 04:17:54 | INFO | MONITOR_SLEEP | Sleeping for 20s (base=20s, consecutive_errors=0, monitoring_suspended=False)
2025-11-28 04:18:14 | INFO | MONITOR | Paper trades checked (next in 60s)
2025-11-28 04:18:14 | INFO | MONITOR_SLEEP | Sleeping for 20s (base=20s, consecutive_errors=0, monitoring_suspended=False)
2025-11-28 04:18:34 | INFO | MONITOR_SLEEP | Sleeping for 20s (base=20s, consecutive_errors=0, monitoring_suspended=False)
2025-11-28 04:18:54 | INFO | MONITOR_SLEEP | Sleeping for 20s (base=20s, consecutive_errors=0, monitoring_suspended=False)
2025-11-28 04:19:14 | INFO | MONITOR | Paper trades checked (next in 60s)
2025-11-28 04:19:14 | INFO | MONITOR_SLEEP | Sleeping for 20s (base=20s, consecutive_errors=0, monitoring_suspended=False)
2025-11-28 04:19:34 | INFO | MONITOR_SLEEP | Sleeping for 20s (base=20s, consecutive_errors=0, monitoring_suspended=False)
2025-11-28 04:19:54 | INFO | MONITOR_SLEEP | Sleeping for 20s (base=20s, consecutive_errors=0, monitoring_suspended=False)
2025-11-28 04:20:14 | INFO | MONITOR | Paper trades checked (next in 60s)
2025-11-28 04:20:14 | INFO | MONITOR_SLEEP | Sleeping for 20s (base=20s, consecutive_errors=0, monitoring_suspended=False)
2025-11-28 04:20:34 | INFO | MONITOR_SLEEP | Sleeping for 20s (base=20s, consecutive_errors=0, monitoring_suspended=False)
2025-11-28 04:20:54 | INFO | MONITOR_SLEEP | Sleeping for 20s (base=20s, consecutive_errors=0, monitoring_suspended=False)
2025-11-28 04:21:14 | INFO | MONITOR | Paper trades checked (next in 60s)
2025-11-28 04:21:14 | INFO | MONITOR_SLEEP | Sleeping for 20s (base=20s, consecutive_errors=0, monitoring_suspended=False)
2025-11-28 04:21:34 | INFO | MONITOR_SLEEP | Sleeping for 20s (base=20s, consecutive_errors=0, monitoring_suspended=False)
2025-11-28 04:21:54 | INFO | MONITOR_SLEEP | Sleeping for 20s (base=20s, consecutive_errors=0, monitoring_suspended=False)
2025-11-28 04:22:14 | INFO | MONITOR | Paper trades checked (next in 60s)
2025-11-28 04:22:14 | INFO | MONITOR_SLEEP | Sleeping for 20s (base=20s, consecutive_errors=0, monitoring_suspended=False)
2025-11-28 04:22:34 | INFO | MONITOR_SLEEP | Sleeping for 20s (base=20s, consecutive_errors=0, monitoring_suspended=False)
2025-11-28 04:22:54 | INFO | MONITOR_SLEEP | Sleeping for 20s (base=20s, consecutive_errors=0, monitoring_suspended=False)
2025-11-28 04:23:14 | INFO | MONITOR | Paper trades checked (next in 60s)
2025-11-28 04:23:14 | INFO | MONITOR_SLEEP | Sleeping for 20s (base=20s, consecutive_errors=0, monitoring_suspended=False)
2025-11-28 04:23:34 | INFO | MONITOR_SLEEP | Sleeping for 20s (base=20s, consecutive_errors=0, monitoring_suspended=False)
2025-11-28 04:23:54 | INFO | MONITOR_SLEEP | Sleeping for 20s (base=20s, consecutive_errors=0, monitoring_suspended=False)
2025-11-28 04:24:14 | INFO | MONITOR | Paper trades checked (next in 60s)
2025-11-28 04:24:14 | INFO | MONITOR_SLEEP | Sleeping for 20s (base=20s, consecutive_errors=0, monitoring_suspended=False)
2025-11-28 04:24:34 | INFO | MONITOR_SLEEP | Sleeping for 20s (base=20s, consecutive_errors=0, monitoring_suspended=False)
2025-11-28 04:24:54 | INFO | MONITOR_SLEEP | Sleeping for 20s (base=20s, consecutive_errors=0, monitoring_suspended=False)
2025-11-28 04:25:14 | INFO | MONITOR | Paper trades checked (next in 60s)
2025-11-28 04:25:14 | INFO | MONITOR_SLEEP | Sleeping for 20s (base=20s, consecutive_errors=0, monitoring_suspended=False)
2025-11-28 04:25:34 | INFO | MONITOR_SLEEP | Sleeping for 20s (base=20s, consecutive_errors=0, monitoring_suspended=False)
2025-11-28 04:25:54 | INFO | MONITOR_SLEEP | Sleeping for 20s (base=20s, consecutive_errors=0, monitoring_suspended=False)
2025-11-28 04:26:14 | INFO | MONITOR | Paper trades checked (next in 60s)
2025-11-28 04:26:14 | INFO | MONITOR_SLEEP | Sleeping for 20s (base=20s, consecutive_errors=0, monitoring_suspended=False)
2025-11-28 04:26:34 | INFO | MONITOR_SLEEP | Sleeping for 20s (base=20s, consecutive_errors=0, monitoring_suspended=False)
2025-11-28 04:26:54 | INFO | MONITOR_SLEEP | Sleeping for 20s (base=20s, consecutive_errors=0, monitoring_suspended=False)
2025-11-28 04:27:14 | INFO | MONITOR | Paper trades checked (next in 60s)
2025-11-28 04:27:14 | INFO | MONITOR_SLEEP | Sleeping for 20s (base=20s, consecutive_errors=0, monitoring_suspended=False)
2025-11-28 04:27:34 | INFO | MONITOR_SLEEP | Sleeping for 20s (base=20s, consecutive_errors=0, monitoring_suspended=False)
2025-11-28 04:27:54 | INFO | MONITOR_SLEEP | Sleeping for 20s (base=20s, consecutive_errors=0, monitoring_suspended=False)
2025-11-28 04:28:14 | INFO | MONITOR | Paper trades checked (next in 60s)
2025-11-28 04:28:14 | INFO | MONITOR_SLEEP | Sleeping for 20s (base=20s, consecutive_errors=0, monitoring_suspended=False)
2025-11-28 04:28:34 | INFO | MONITOR_SLEEP | Sleeping for 20s (base=20s, consecutive_errors=0, monitoring_suspended=False)
2025-11-28 04:28:54 | INFO | MONITOR_SLEEP | Sleeping for 20s (base=20s, consecutive_errors=0, monitoring_suspended=False)
2025-11-28 04:29:14 | INFO | MONITOR | Paper trades checked (next in 60s)
2025-11-28 04:29:14 | INFO | MONITOR_SLEEP | Sleeping for 20s (base=20s, consecutive_errors=0, monitoring_suspended=False)
2025-11-28 04:29:34 | INFO | MONITOR_SLEEP | Sleeping for 20s (base=20s, consecutive_errors=0, monitoring_suspended=False)
2025-11-28 04:29:54 | INFO | MONITOR_SLEEP | Sleeping for 20s (base=20s, consecutive_errors=0, monitoring_suspended=False)
2025-11-28 04:30:14 | INFO | MONITOR | Paper trades checked (next in 60s)
2025-11-28 04:30:14 | INFO | MONITOR_SLEEP | Sleeping for 20s (base=20s, consecutive_errors=0, monitoring_suspended=False)
2025-11-28 04:30:34 | INFO | MONITOR_SLEEP | Sleeping for 20s (base=20s, consecutive_errors=0, monitoring_suspended=False)
2025-11-28 04:30:54 | INFO | MONITOR_SLEEP | Sleeping for 20s (base=20s, consecutive_errors=0, monitoring_suspended=False)
2025-11-28 04:31:14 | INFO | MONITOR | Paper trades checked (next in 60s)
2025-11-28 04:31:14 | INFO | MONITOR_SLEEP | Sleeping for 20s (base=20s, consecutive_errors=0, monitoring_suspended=False)
2025-11-28 04:31:34 | INFO | MONITOR_SLEEP | Sleeping for 20s (base=20s, consecutive_errors=0, monitoring_suspended=False)
2025-11-28 04:31:54 | INFO | MONITOR_SLEEP | Sleeping for 20s (base=20s, consecutive_errors=0, monitoring_suspended=False)
2025-11-28 04:32:14 | INFO | MONITOR | Paper trades checked (next in 60s)
2025-11-28 04:32:14 | INFO | MONITOR_SLEEP | Sleeping for 20s (base=20s, consecutive_errors=0, monitoring_suspended=False)
2025-11-28 04:32:34 | INFO | MONITOR_SLEEP | Sleeping for 20s (base=20s, consecutive_errors=0, monitoring_suspended=False)
2025-11-28 04:32:54 | INFO | MONITOR_SLEEP | Sleeping for 20s (base=20s, consecutive_errors=0, monitoring_suspended=False)
2025-11-28 04:33:14 | INFO | MONITOR | Paper trades checked (next in 60s)
2025-11-28 04:33:14 | INFO | MONITOR_SLEEP | Sleeping for 20s (base=20s, consecutive_errors=0, monitoring_suspended=False)
2025-11-28 04:33:34 | INFO | MONITOR_SLEEP | Sleeping for 20s (base=20s, consecutive_errors=0, monitoring_suspended=False)
2025-11-28 04:33:54 | INFO | MONITOR_SLEEP | Sleeping for 20s (base=20s, consecutive_errors=0, monitoring_suspended=False)
2025-11-28 04:34:14 | INFO | MONITOR | Paper trades checked (next in 60s)
2025-11-28 04:34:14 | INFO | MONITOR_SLEEP | Sleeping for 20s (base=20s, consecutive_errors=0, monitoring_suspended=False)
2025-11-28 04:34:34 | INFO | MONITOR_SLEEP | Sleeping for 20s (base=20s, consecutive_errors=0, monitoring_suspended=False)
2025-11-28 04:34:54 | INFO | MONITOR_SLEEP | Sleeping for 20s (base=20s, consecutive_errors=0, monitoring_suspended=False)
2025-11-28 04:35:14 | INFO | MONITOR | Paper trades checked (next in 60s)
2025-11-28 04:35:14 | INFO | MONITOR_SLEEP | Sleeping for 20s (base=20s, consecutive_errors=0, monitoring_suspended=False)
2025-11-28 04:35:34 | INFO | MONITOR_SLEEP | Sleeping for 20s (base=20s, consecutive_errors=0, monitoring_suspended=False)
2025-11-28 04:35:54 | INFO | MONITOR_SLEEP | Sleeping for 20s (base=20s, consecutive_errors=0, monitoring_suspended=False)
2025-11-28 04:36:14 | INFO | MONITOR | Paper trades checked (next in 60s)
2025-11-28 04:36:14 | INFO | MONITOR_SLEEP | Sleeping for 20s (base=20s, consecutive_errors=0, monitoring_suspended=False)
2025-11-28 04:36:34 | INFO | MONITOR_SLEEP | Sleeping for 20s (base=20s, consecutive_errors=0, monitoring_suspended=False)
2025-11-28 04:36:54 | INFO | MONITOR_SLEEP | Sleeping for 20s (base=20s, consecutive_errors=0, monitoring_suspended=False)
2025-11-28 04:37:14 | INFO | MONITOR | Paper trades checked (next in 60s)
2025-11-28 04:37:14 | INFO | MONITOR_SLEEP | Sleeping for 20s (base=20s, consecutive_errors=0, monitoring_suspended=False)
2025-11-28 04:37:34 | INFO | MONITOR_SLEEP | Sleeping for 20s (base=20s, consecutive_errors=0, monitoring_suspended=False)
2025-11-28 04:37:54 | INFO | MONITOR_SLEEP | Sleeping for 20s (base=20s, consecutive_errors=0, monitoring_suspended=False)
2025-11-28 04:38:14 | INFO | MONITOR | Paper trades checked (next in 60s)
2025-11-28 04:38:14 | INFO | MONITOR_SLEEP | Sleeping for 20s (base=20s, consecutive_errors=0, monitoring_suspended=False)
2025-11-28 04:38:34 | INFO | MONITOR_SLEEP | Sleeping for 20s (base=20s, consecutive_errors=0, monitoring_suspended=False)
2025-11-28 04:38:54 | INFO | MONITOR_SLEEP | Sleeping for 20s (base=20s, consecutive_errors=0, monitoring_suspended=False)
2025-11-28 04:39:14 | INFO | MONITOR | Paper trades checked (next in 60s)
2025-11-28 04:39:14 | INFO | MONITOR_SLEEP | Sleeping for 20s (base=20s, consecutive_errors=0, monitoring_suspended=False)
2025-11-28 04:39:34 | INFO | MONITOR_SLEEP | Sleeping for 20s (base=20s, consecutive_errors=0, monitoring_suspended=False)
2025-11-28 04:39:54 | INFO | MONITOR_SLEEP | Sleeping for 20s (base=20s, consecutive_errors=0, monitoring_suspended=False)
2025-11-28 04:40:14 | INFO | MONITOR | Paper trades checked (next in 60s)
2025-11-28 04:40:14 | INFO | MONITOR_SLEEP | Sleeping for 20s (base=20s, consecutive_errors=0, monitoring_suspended=False)
2025-11-28 04:40:34 | INFO | MONITOR_SLEEP | Sleeping for 20s (base=20s, consecutive_errors=0, monitoring_suspended=False)
2025-11-28 04:40:54 | INFO | MONITOR_SLEEP | Sleeping for 20s (base=20s, consecutive_errors=0, monitoring_suspended=False)
2025-11-28 04:41:14 | INFO | MONITOR | Paper trades checked (next in 60s)
2025-11-28 04:41:14 | INFO | MONITOR_SLEEP | Sleeping for 20s (base=20s, consecutive_errors=0, monitoring_suspended=False)
2025-11-28 04:41:34 | INFO | MONITOR_SLEEP | Sleeping for 20s (base=20s, consecutive_errors=0, monitoring_suspended=False)
2025-11-28 04:41:54 | INFO | MONITOR_SLEEP | Sleeping for 20s (base=20s, consecutive_errors=0, monitoring_suspended=False)
2025-11-28 04:42:14 | INFO | MONITOR | Paper trades checked (next in 60s)
2025-11-28 04:42:14 | INFO | MONITOR_SLEEP | Sleeping for 20s (base=20s, consecutive_errors=0, monitoring_suspended=False)
2025-11-28 04:42:34 | INFO | MONITOR_SLEEP | Sleeping for 20s (base=20s, consecutive_errors=0, monitoring_suspended=False)
2025-11-28 04:42:54 | INFO | MONITOR_SLEEP | Sleeping for 20s (base=20s, consecutive_errors=0, monitoring_suspended=False)
2025-11-28 04:43:14 | INFO | MONITOR | Paper trades checked (next in 60s)
2025-11-28 04:43:14 | INFO | MONITOR_SLEEP | Sleeping for 20s (base=20s, consecutive_errors=0, monitoring_suspended=False)
2025-11-28 04:43:34 | INFO | MONITOR_SLEEP | Sleeping for 20s (base=20s, consecutive_errors=0, monitoring_suspended=False)
2025-11-28 04:43:54 | INFO | MONITOR_SLEEP | Sleeping for 20s (base=20s, consecutive_errors=0, monitoring_suspended=False)
2025-11-28 04:44:14 | INFO | MONITOR | Paper trades checked (next in 60s)
2025-11-28 04:44:14 | INFO | MONITOR_SLEEP | Sleeping for 20s (base=20s, consecutive_errors=0, monitoring_suspended=False)
2025-11-28 04:44:34 | INFO | MONITOR_SLEEP | Sleeping for 20s (base=20s, consecutive_errors=0, monitoring_suspended=False)
2025-11-28 04:44:54 | INFO | MONITOR_SLEEP | Sleeping for 20s (base=20s, consecutive_errors=0, monitoring_suspended=False)
2025-11-28 04:45:14 | INFO | MONITOR | Paper trades checked (next in 60s)
2025-11-28 04:45:14 | INFO | MONITOR_SLEEP | Sleeping for 20s (base=20s, consecutive_errors=0, monitoring_suspended=False)
2025-11-28 04:45:34 | INFO | MONITOR_SLEEP | Sleeping for 20s (base=20s, consecutive_errors=0, monitoring_suspended=False)
2025-11-28 04:45:54 | INFO | MONITOR_SLEEP | Sleeping for 20s (base=20s, consecutive_errors=0, monitoring_suspended=False)
2025-11-28 04:46:14 | INFO | MONITOR | Paper trades checked (next in 60s)
2025-11-28 04:46:14 | INFO | MONITOR_SLEEP | Sleeping for 20s (base=20s, consecutive_errors=0, monitoring_suspended=False)
2025-11-28 04:46:34 | INFO | MONITOR_SLEEP | Sleeping for 20s (base=20s, consecutive_errors=0, monitoring_suspended=False)
2025-11-28 04:46:54 | INFO | MONITOR_SLEEP | Sleeping for 20s (base=20s, consecutive_errors=0, monitoring_suspended=False)
2025-11-28 04:47:14 | INFO | MONITOR | Paper trades checked (next in 60s)
2025-11-28 04:47:14 | INFO | MONITOR_SLEEP | Sleeping for 20s (base=20s, consecutive_errors=0, monitoring_suspended=False)
2025-11-28 04:47:34 | INFO | MONITOR_SLEEP | Sleeping for 20s (base=20s, consecutive_errors=0, monitoring_suspended=False)
2025-11-28 04:47:54 | INFO | MONITOR_SLEEP | Sleeping for 20s (base=20s, consecutive_errors=0, monitoring_suspended=False)
2025-11-28 04:48:14 | INFO | MONITOR | Paper trades checked (next in 60s)
2025-11-28 04:48:14 | INFO | MONITOR_SLEEP | Sleeping for 20s (base=20s, consecutive_errors=0, monitoring_suspended=False)
2025-11-28 04:48:34 | INFO | MONITOR_SLEEP | Sleeping for 20s (base=20s, consecutive_errors=0, monitoring_suspended=False)
2025-11-28 04:48:54 | INFO | MONITOR_SLEEP | Sleeping for 20s (base=20s, consecutive_errors=0, monitoring_suspended=False)
2025-11-28 04:49:14 | INFO | MONITOR | Paper trades checked (next in 60s)
2025-11-28 04:49:14 | INFO | MONITOR_SLEEP | Sleeping for 20s (base=20s, consecutive_errors=0, monitoring_suspended=False)
2025-11-28 04:49:34 | INFO | MONITOR_SLEEP | Sleeping for 20s (base=20s, consecutive_errors=0, monitoring_suspended=False)
2025-11-28 04:49:54 | INFO | MONITOR_SLEEP | Sleeping for 20s (base=20s, consecutive_errors=0, monitoring_suspended=False)
2025-11-28 04:50:14 | INFO | MONITOR | Paper trades checked (next in 60s)
2025-11-28 04:50:14 | INFO | MONITOR_SLEEP | Sleeping for 20s (base=20s, consecutive_errors=0, monitoring_suspended=False)
2025-11-28 04:50:34 | INFO | MONITOR_SLEEP | Sleeping for 20s (base=20s, consecutive_errors=0, monitoring_suspended=False)
2025-11-28 04:50:54 | INFO | MONITOR_SLEEP | Sleeping for 20s (base=20s, consecutive_errors=0, monitoring_suspended=False)
2025-11-28 04:51:14 | INFO | MONITOR | Paper trades checked (next in 60s)
2025-11-28 04:51:14 | INFO | MONITOR_SLEEP | Sleeping for 20s (base=20s, consecutive_errors=0, monitoring_suspended=False)
2025-11-28 04:51:34 | INFO | MONITOR_SLEEP | Sleeping for 20s (base=20s, consecutive_errors=0, monitoring_suspended=False)
2025-11-28 04:51:54 | INFO | MONITOR_SLEEP | Sleeping for 20s (base=20s, consecutive_errors=0, monitoring_suspended=False)
2025-11-28 04:52:14 | INFO | MONITOR | Paper trades checked (next in 60s)
2025-11-28 04:52:14 | INFO | MONITOR_SLEEP | Sleeping for 20s (base=20s, consecutive_errors=0, monitoring_suspended=False)
2025-11-28 04:52:34 | INFO | MONITOR_SLEEP | Sleeping for 20s (base=20s, consecutive_errors=0, monitoring_suspended=False)
2025-11-28 04:52:54 | INFO | MONITOR_SLEEP | Sleeping for 20s (base=20s, consecutive_errors=0, monitoring_suspended=False)
2025-11-28 04:53:14 | INFO | MONITOR | Paper trades checked (next in 60s)
2025-11-28 04:53:14 | INFO | MONITOR_SLEEP | Sleeping for 20s (base=20s, consecutive_errors=0, monitoring_suspended=False)
2025-11-28 04:53:34 | INFO | MONITOR_SLEEP | Sleeping for 20s (base=20s, consecutive_errors=0, monitoring_suspended=False)
2025-11-28 04:53:54 | INFO | MONITOR_SLEEP | Sleeping for 20s (base=20s, consecutive_errors=0, monitoring_suspended=False)
2025-11-28 04:54:14 | INFO | MONITOR | Paper trades checked (next in 60s)
2025-11-28 04:54:14 | INFO | MONITOR_SLEEP | Sleeping for 20s (base=20s, consecutive_errors=0, monitoring_suspended=False)
2025-11-28 04:54:34 | INFO | MONITOR_SLEEP | Sleeping for 20s (base=20s, consecutive_errors=0, monitoring_suspended=False)
2025-11-28 04:54:54 | INFO | MONITOR_SLEEP | Sleeping for 20s (base=20s, consecutive_errors=0, monitoring_suspended=False)
2025-11-28 04:55:14 | INFO | MONITOR | Paper trades checked (next in 60s)
2025-11-28 04:55:14 | INFO | MONITOR_SLEEP | Sleeping for 20s (base=20s, consecutive_errors=0, monitoring_suspended=False)
2025-11-28 04:55:34 | INFO | MONITOR_SLEEP | Sleeping for 20s (base=20s, consecutive_errors=0, monitoring_suspended=False)
2025-11-28 04:55:54 | INFO | MONITOR_SLEEP | Sleeping for 20s (base=20s, consecutive_errors=0, monitoring_suspended=False)
2025-11-28 04:56:14 | INFO | MONITOR | Paper trades checked (next in 60s)
2025-11-28 04:56:14 | INFO | MONITOR_SLEEP | Sleeping for 20s (base=20s, consecutive_errors=0, monitoring_suspended=False)
2025-11-28 04:56:34 | INFO | MONITOR_SLEEP | Sleeping for 20s (base=20s, consecutive_errors=0, monitoring_suspended=False)
2025-11-28 04:56:54 | INFO | MONITOR_SLEEP | Sleeping for 20s (base=20s, consecutive_errors=0, monitoring_suspended=False)
2025-11-28 04:57:14 | INFO | MONITOR | Paper trades checked (next in 60s)
2025-11-28 04:57:14 | INFO | MONITOR_SLEEP | Sleeping for 20s (base=20s, consecutive_errors=0, monitoring_suspended=False)
2025-11-28 04:57:34 | INFO | MONITOR_SLEEP | Sleeping for 20s (base=20s, consecutive_errors=0, monitoring_suspended=False)
2025-11-28 04:57:54 | INFO | MONITOR_SLEEP | Sleeping for 20s (base=20s, consecutive_errors=0, monitoring_suspended=False)
2025-11-28 04:58:14 | INFO | MONITOR | Paper trades checked (next in 60s)
2025-11-28 04:58:14 | INFO | MONITOR_SLEEP | Sleeping for 20s (base=20s, consecutive_errors=0, monitoring_suspended=False)
2025-11-28 04:58:34 | INFO | MONITOR_SLEEP | Sleeping for 20s (base=20s, consecutive_errors=0, monitoring_suspended=False)
2025-11-28 04:58:54 | INFO | MONITOR_SLEEP | Sleeping for 20s (base=20s, consecutive_errors=0, monitoring_suspended=False)
2025-11-28 04:59:14 | INFO | MONITOR | Paper trades checked (next in 60s)
2025-11-28 04:59:14 | INFO | MONITOR_SLEEP | Sleeping for 20s (base=20s, consecutive_errors=0, monitoring_suspended=False)
2025-11-28 04:59:34 | INFO | MONITOR_SLEEP | Sleeping for 20s (base=20s, consecutive_errors=0, monitoring_suspended=False)
2025-11-28 04:59:54 | INFO | MONITOR_SLEEP | Sleeping for 20s (base=20s, consecutive_errors=0, monitoring_suspended=False)
2025-11-28 05:00:14 | INFO | MONITOR | Paper trades checked (next in 60s)
2025-11-28 05:00:14 | INFO | MONITOR_SLEEP | Sleeping for 20s (base=20s, consecutive_errors=0, monitoring_suspended=False)
2025-11-28 05:00:34 | INFO | MONITOR_SLEEP | Sleeping for 20s (base=20s, consecutive_errors=0, monitoring_suspended=False)
2025-11-28 05:00:54 | INFO | MONITOR_SLEEP | Sleeping for 20s (base=20s, consecutive_errors=0, monitoring_suspended=False)
2025-11-28 05:01:14 | INFO | MONITOR | Paper trades checked (next in 60s)
2025-11-28 05:01:14 | INFO | MONITOR_SLEEP | Sleeping for 20s (base=20s, consecutive_errors=0, monitoring_suspended=False)
2025-11-28 05:01:34 | INFO | MONITOR_SLEEP | Sleeping for 20s (base=20s, consecutive_errors=0, monitoring_suspended=False)
2025-11-28 05:01:54 | INFO | MONITOR_SLEEP | Sleeping for 20s (base=20s, consecutive_errors=0, monitoring_suspended=False)
2025-11-28 05:02:14 | INFO | MONITOR | Paper trades checked (next in 60s)
2025-11-28 05:02:14 | INFO | MONITOR_SLEEP | Sleeping for 20s (base=20s, consecutive_errors=0, monitoring_suspended=False)
2025-11-28 05:02:34 | INFO | MONITOR_SLEEP | Sleeping for 20s (base=20s, consecutive_errors=0, monitoring_suspended=False)
2025-11-28 05:02:54 | INFO | MONITOR_SLEEP | Sleeping for 20s (base=20s, consecutive_errors=0, monitoring_suspended=False)
2025-11-28 05:03:14 | INFO | MONITOR | Paper trades checked (next in 60s)
2025-11-28 05:03:14 | INFO | MONITOR_SLEEP | Sleeping for 20s (base=20s, consecutive_errors=0, monitoring_suspended=False)
2025-11-28 05:03:34 | INFO | MONITOR_SLEEP | Sleeping for 20s (base=20s, consecutive_errors=0, monitoring_suspended=False)
2025-11-28 05:03:54 | INFO | MONITOR_SLEEP | Sleeping for 20s (base=20s, consecutive_errors=0, monitoring_suspended=False)
2025-11-28 05:04:14 | INFO | MONITOR | Paper trades checked (next in 60s)
2025-11-28 05:04:14 | INFO | MONITOR_SLEEP | Sleeping for 20s (base=20s, consecutive_errors=0, monitoring_suspended=False)
2025-11-28 05:04:34 | INFO | MONITOR_SLEEP | Sleeping for 20s (base=20s, consecutive_errors=0, monitoring_suspended=False)
2025-11-28 05:04:54 | INFO | MONITOR_SLEEP | Sleeping for 20s (base=20s, consecutive_errors=0, monitoring_suspended=False)
2025-11-28 05:05:14 | INFO | MONITOR | Paper trades checked (next in 60s)
2025-11-28 05:05:14 | INFO | MONITOR_SLEEP | Sleeping for 20s (base=20s, consecutive_errors=0, monitoring_suspended=False)
2025-11-28 05:05:34 | INFO | MONITOR_SLEEP | Sleeping for 20s (base=20s, consecutive_errors=0, monitoring_suspended=False)
2025-11-28 05:05:54 | INFO | MONITOR_SLEEP | Sleeping for 20s (base=20s, consecutive_errors=0, monitoring_suspended=False)
2025-11-28 05:06:14 | INFO | MONITOR | Paper trades checked (next in 60s)
2025-11-28 05:06:14 | INFO | MONITOR_SLEEP | Sleeping for 20s (base=20s, consecutive_errors=0, monitoring_suspended=False)
2025-11-28 05:06:34 | INFO | MONITOR_SLEEP | Sleeping for 20s (base=20s, consecutive_errors=0, monitoring_suspended=False)
2025-11-28 05:06:54 | INFO | MONITOR_SLEEP | Sleeping for 20s (base=20s, consecutive_errors=0, monitoring_suspended=False)
2025-11-28 05:07:14 | INFO | MONITOR | Paper trades checked (next in 60s)
2025-11-28 05:07:14 | INFO | MONITOR_SLEEP | Sleeping for 20s (base=20s, consecutive_errors=0, monitoring_suspended=False)
2025-11-28 05:07:34 | INFO | MONITOR_SLEEP | Sleeping for 20s (base=20s, consecutive_errors=0, monitoring_suspended=False)
2025-11-28 05:07:54 | INFO | MONITOR_SLEEP | Sleeping for 20s (base=20s, consecutive_errors=0, monitoring_suspended=False)
2025-11-28 05:08:14 | INFO | MONITOR | Paper trades checked (next in 60s)
2025-11-28 05:08:14 | INFO | MONITOR_SLEEP | Sleeping for 20s (base=20s, consecutive_errors=0, monitoring_suspended=False)
2025-11-28 05:08:34 | INFO | MONITOR_SLEEP | Sleeping for 20s (base=20s, consecutive_errors=0, monitoring_suspended=False)
2025-11-28 05:08:54 | INFO | MONITOR_SLEEP | Sleeping for 20s (base=20s, consecutive_errors=0, monitoring_suspended=False)
2025-11-28 05:09:14 | INFO | MONITOR | Paper trades checked (next in 60s)
2025-11-28 05:09:14 | INFO | MONITOR_SLEEP | Sleeping for 20s (base=20s, consecutive_errors=0, monitoring_suspended=False)
2025-11-28 05:09:34 | INFO | MONITOR_SLEEP | Sleeping for 20s (base=20s, consecutive_errors=0, monitoring_suspended=False)
2025-11-28 05:09:54 | INFO | MONITOR_SLEEP | Sleeping for 20s (base=20s, consecutive_errors=0, monitoring_suspended=False)
2025-11-28 05:10:14 | INFO | MONITOR | Paper trades checked (next in 60s)
2025-11-28 05:10:14 | INFO | MONITOR_SLEEP | Sleeping for 20s (base=20s, consecutive_errors=0, monitoring_suspended=False)
2025-11-28 05:10:34 | INFO | MONITOR_SLEEP | Sleeping for 20s (base=20s, consecutive_errors=0, monitoring_suspended=False)
2025-11-28 05:10:54 | INFO | MONITOR_SLEEP | Sleeping for 20s (base=20s, consecutive_errors=0, monitoring_suspended=False)
2025-11-28 05:11:14 | INFO | MONITOR | Paper trades checked (next in 60s)
2025-11-28 05:11:14 | INFO | MONITOR_SLEEP | Sleeping for 20s (base=20s, consecutive_errors=0, monitoring_suspended=False)
2025-11-28 05:11:34 | INFO | MONITOR_SLEEP | Sleeping for 20s (base=20s, consecutive_errors=0, monitoring_suspended=False)
2025-11-28 05:11:54 | INFO | MONITOR_SLEEP | Sleeping for 20s (base=20s, consecutive_errors=0, monitoring_suspended=False)
2025-11-28 05:12:14 | INFO | MONITOR | Paper trades checked (next in 60s)
2025-11-28 05:12:14 | INFO | MONITOR_SLEEP | Sleeping for 20s (base=20s, consecutive_errors=0, monitoring_suspended=False)
2025-11-28 05:12:34 | INFO | MONITOR_SLEEP | Sleeping for 20s (base=20s, consecutive_errors=0, monitoring_suspended=False)
2025-11-28 05:12:54 | INFO | MONITOR_SLEEP | Sleeping for 20s (base=20s, consecutive_errors=0, monitoring_suspended=False)
2025-11-28 05:13:14 | INFO | MONITOR | Paper trades checked (next in 60s)
2025-11-28 05:13:14 | INFO | MONITOR_SLEEP | Sleeping for 20s (base=20s, consecutive_errors=0, monitoring_suspended=False)
2025-11-28 05:13:34 | INFO | MONITOR_SLEEP | Sleeping for 20s (base=20s, consecutive_errors=0, monitoring_suspended=False)
2025-11-28 05:13:54 | INFO | MONITOR_SLEEP | Sleeping for 20s (base=20s, consecutive_errors=0, monitoring_suspended=False)
2025-11-28 05:14:14 | INFO | MONITOR | Paper trades checked (next in 60s)
2025-11-28 05:14:14 | INFO | MONITOR_SLEEP | Sleeping for 20s (base=20s, consecutive_errors=0, monitoring_suspended=False)
2025-11-28 05:14:34 | INFO | MONITOR_SLEEP | Sleeping for 20s (base=20s, consecutive_errors=0, monitoring_suspended=False)
2025-11-28 05:14:54 | INFO | MONITOR_SLEEP | Sleeping for 20s (base=20s, consecutive_errors=0, monitoring_suspended=False)
2025-11-28 05:15:14 | INFO | MONITOR | Paper trades checked (next in 60s)
2025-11-28 05:15:14 | INFO | MONITOR_SLEEP | Sleeping for 20s (base=20s, consecutive_errors=0, monitoring_suspended=False)
2025-11-28 05:15:34 | INFO | MONITOR_SLEEP | Sleeping for 20s (base=20s, consecutive_errors=0, monitoring_suspended=False)
2025-11-28 05:15:54 | INFO | MONITOR_SLEEP | Sleeping for 20s (base=20s, consecutive_errors=0, monitoring_suspended=False)
2025-11-28 05:16:14 | INFO | MONITOR | Paper trades checked (next in 60s)
2025-11-28 05:16:14 | INFO | MONITOR_SLEEP | Sleeping for 20s (base=20s, consecutive_errors=0, monitoring_suspended=False)
2025-11-28 05:16:34 | INFO | MONITOR_SLEEP | Sleeping for 20s (base=20s, consecutive_errors=0, monitoring_suspended=False)
2025-11-28 05:16:54 | INFO | MONITOR_SLEEP | Sleeping for 20s (base=20s, consecutive_errors=0, monitoring_suspended=False)
2025-11-28 05:17:14 | INFO | MONITOR | Paper trades checked (next in 60s)
2025-11-28 05:17:14 | INFO | MONITOR_SLEEP | Sleeping for 20s (base=20s, consecutive_errors=0, monitoring_suspended=False)
2025-11-28 05:17:34 | INFO | MONITOR_SLEEP | Sleeping for 20s (base=20s, consecutive_errors=0, monitoring_suspended=False)
2025-11-28 05:17:54 | INFO | MONITOR_SLEEP | Sleeping for 20s (base=20s, consecutive_errors=0, monitoring_suspended=False)
2025-11-28 05:18:14 | INFO | MONITOR | Paper trades checked (next in 60s)
2025-11-28 05:18:14 | INFO | MONITOR_SLEEP | Sleeping for 20s (base=20s, consecutive_errors=0, monitoring_suspended=False)
2025-11-28 05:18:34 | INFO | MONITOR_SLEEP | Sleeping for 20s (base=20s, consecutive_errors=0, monitoring_suspended=False)
2025-11-28 05:18:54 | INFO | MONITOR_SLEEP | Sleeping for 20s (base=20s, consecutive_errors=0, monitoring_suspended=False)
2025-11-28 05:19:14 | INFO | MONITOR | Paper trades checked (next in 60s)
2025-11-28 05:19:14 | INFO | MONITOR_SLEEP | Sleeping for 20s (base=20s, consecutive_errors=0, monitoring_suspended=False)
2025-11-28 05:19:34 | INFO | MONITOR_SLEEP | Sleeping for 20s (base=20s, consecutive_errors=0, monitoring_suspended=False)
2025-11-28 05:19:54 | INFO | MONITOR_SLEEP | Sleeping for 20s (base=20s, consecutive_errors=0, monitoring_suspended=False)
2025-11-28 05:20:14 | INFO | MONITOR | Paper trades checked (next in 60s)
2025-11-28 05:20:14 | INFO | MONITOR_SLEEP | Sleeping for 20s (base=20s, consecutive_errors=0, monitoring_suspended=False)
2025-11-28 05:20:34 | INFO | MONITOR_SLEEP | Sleeping for 20s (base=20s, consecutive_errors=0, monitoring_suspended=False)
2025-11-28 05:20:54 | INFO | MONITOR_SLEEP | Sleeping for 20s (base=20s, consecutive_errors=0, monitoring_suspended=False)
2025-11-28 05:21:14 | INFO | MONITOR | Paper trades checked (next in 60s)
2025-11-28 05:21:14 | INFO | MONITOR_SLEEP | Sleeping for 20s (base=20s, consecutive_errors=0, monitoring_suspended=False)
2025-11-28 05:21:34 | INFO | MONITOR_SLEEP | Sleeping for 20s (base=20s, consecutive_errors=0, monitoring_suspended=False)
2025-11-28 05:21:54 | INFO | MONITOR_SLEEP | Sleeping for 20s (base=20s, consecutive_errors=0, monitoring_suspended=False)
2025-11-28 05:22:14 | INFO | MONITOR | Paper trades checked (next in 60s)
2025-11-28 05:22:14 | INFO | MONITOR_SLEEP | Sleeping for 20s (base=20s, consecutive_errors=0, monitoring_suspended=False)
2025-11-28 05:22:34 | INFO | MONITOR_SLEEP | Sleeping for 20s (base=20s, consecutive_errors=0, monitoring_suspended=False)
2025-11-28 05:22:54 | INFO | MONITOR_SLEEP | Sleeping for 20s (base=20s, consecutive_errors=0, monitoring_suspended=False)
2025-11-28 05:23:14 | INFO | MONITOR | Paper trades checked (next in 60s)
2025-11-28 05:23:14 | INFO | MONITOR_SLEEP | Sleeping for 20s (base=20s, consecutive_errors=0, monitoring_suspended=False)
2025-11-28 05:23:34 | INFO | MONITOR_SLEEP | Sleeping for 20s (base=20s, consecutive_errors=0, monitoring_suspended=False)
2025-11-28 05:23:54 | INFO | MONITOR_SLEEP | Sleeping for 20s (base=20s, consecutive_errors=0, monitoring_suspended=False)
2025-11-28 05:24:14 | INFO | MONITOR | Paper trades checked (next in 60s)
2025-11-28 05:24:14 | INFO | MONITOR_SLEEP | Sleeping for 20s (base=20s, consecutive_errors=0, monitoring_suspended=False)
2025-11-28 05:24:34 | INFO | MONITOR_SLEEP | Sleeping for 20s (base=20s, consecutive_errors=0, monitoring_suspended=False)
2025-11-28 05:24:54 | INFO | MONITOR_SLEEP | Sleeping for 20s (base=20s, consecutive_errors=0, monitoring_suspended=False)
2025-11-28 05:25:14 | INFO | MONITOR | Paper trades checked (next in 60s)
2025-11-28 05:25:14 | INFO | MONITOR_SLEEP | Sleeping for 20s (base=20s, consecutive_errors=0, monitoring_suspended=False)
2025-11-28 05:25:34 | INFO | MONITOR_SLEEP | Sleeping for 20s (base=20s, consecutive_errors=0, monitoring_suspended=False)
2025-11-28 05:25:54 | INFO | MONITOR_SLEEP | Sleeping for 20s (base=20s, consecutive_errors=0, monitoring_suspended=False)
2025-11-28 05:26:14 | INFO | MONITOR | Paper trades checked (next in 60s)
2025-11-28 05:26:14 | INFO | MONITOR_SLEEP | Sleeping for 20s (base=20s, consecutive_errors=0, monitoring_suspended=False)
2025-11-28 05:26:34 | INFO | MONITOR_SLEEP | Sleeping for 20s (base=20s, consecutive_errors=0, monitoring_suspended=False)
2025-11-28 05:26:54 | INFO | MONITOR_SLEEP | Sleeping for 20s (base=20s, consecutive_errors=0, monitoring_suspended=False)
2025-11-28 05:27:14 | INFO | MONITOR | Paper trades checked (next in 60s)
2025-11-28 05:27:14 | INFO | MONITOR_SLEEP | Sleeping for 20s (base=20s, consecutive_errors=0, monitoring_suspended=False)
2025-11-28 05:27:34 | INFO | MONITOR_SLEEP | Sleeping for 20s (base=20s, consecutive_errors=0, monitoring_suspended=False)
2025-11-28 05:27:54 | INFO | MONITOR_SLEEP | Sleeping for 20s (base=20s, consecutive_errors=0, monitoring_suspended=False)
2025-11-28 05:28:14 | INFO | MONITOR | Paper trades checked (next in 60s)
2025-11-28 05:28:14 | INFO | MONITOR_SLEEP | Sleeping for 20s (base=20s, consecutive_errors=0, monitoring_suspended=False)
2025-11-28 05:28:34 | INFO | MONITOR_SLEEP | Sleeping for 20s (base=20s, consecutive_errors=0, monitoring_suspended=False)
2025-11-28 05:28:54 | INFO | MONITOR_SLEEP | Sleeping for 20s (base=20s, consecutive_errors=0, monitoring_suspended=False)
2025-11-28 05:29:14 | INFO | MONITOR | Paper trades checked (next in 60s)
2025-11-28 05:29:14 | INFO | MONITOR_SLEEP | Sleeping for 20s (base=20s, consecutive_errors=0, monitoring_suspended=False)
2025-11-28 05:29:34 | INFO | MONITOR_SLEEP | Sleeping for 20s (base=20s, consecutive_errors=0, monitoring_suspended=False)
2025-11-28 05:29:54 | INFO | MONITOR_SLEEP | Sleeping for 20s (base=20s, consecutive_errors=0, monitoring_suspended=False)
2025-11-28 05:30:14 | INFO | MONITOR | Paper trades checked (next in 60s)
2025-11-28 05:30:14 | INFO | MONITOR_SLEEP | Sleeping for 20s (base=20s, consecutive_errors=0, monitoring_suspended=False)
2025-11-28 05:30:34 | INFO | MONITOR_SLEEP | Sleeping for 20s (base=20s, consecutive_errors=0, monitoring_suspended=False)
2025-11-28 05:30:54 | INFO | MONITOR_SLEEP | Sleeping for 20s (base=20s, consecutive_errors=0, monitoring_suspended=False)
2025-11-28 05:31:14 | INFO | MONITOR | Paper trades checked (next in 60s)
2025-11-28 05:31:14 | INFO | MONITOR_SLEEP | Sleeping for 20s (base=20s, consecutive_errors=0, monitoring_suspended=False)
2025-11-28 05:31:34 | INFO | MONITOR_SLEEP | Sleeping for 20s (base=20s, consecutive_errors=0, monitoring_suspended=False)
2025-11-28 05:31:54 | INFO | MONITOR_SLEEP | Sleeping for 20s (base=20s, consecutive_errors=0, monitoring_suspended=False)
2025-11-28 05:32:14 | INFO | MONITOR | Paper trades checked (next in 60s)
2025-11-28 05:32:14 | INFO | MONITOR_SLEEP | Sleeping for 20s (base=20s, consecutive_errors=0, monitoring_suspended=False)
2025-11-28 05:32:34 | INFO | MONITOR_SLEEP | Sleeping for 20s (base=20s, consecutive_errors=0, monitoring_suspended=False)
2025-11-28 05:32:54 | INFO | MONITOR_SLEEP | Sleeping for 20s (base=20s, consecutive_errors=0, monitoring_suspended=False)
2025-11-28 05:33:14 | INFO | MONITOR | Paper trades checked (next in 60s)
2025-11-28 05:33:14 | INFO | MONITOR_SLEEP | Sleeping for 20s (base=20s, consecutive_errors=0, monitoring_suspended=False)
2025-11-28 05:33:34 | INFO | MONITOR_SLEEP | Sleeping for 20s (base=20s, consecutive_errors=0, monitoring_suspended=False)
2025-11-28 05:33:54 | INFO | MONITOR_SLEEP | Sleeping for 20s (base=20s, consecutive_errors=0, monitoring_suspended=False)
2025-11-28 05:34:14 | INFO | MONITOR | Paper trades checked (next in 60s)
2025-11-28 05:34:14 | INFO | MONITOR_SLEEP | Sleeping for 20s (base=20s, consecutive_errors=0, monitoring_suspended=False)
2025-11-28 05:34:34 | INFO | MONITOR_SLEEP | Sleeping for 20s (base=20s, consecutive_errors=0, monitoring_suspended=False)
2025-11-28 05:34:54 | INFO | MONITOR_SLEEP | Sleeping for 20s (base=20s, consecutive_errors=0, monitoring_suspended=False)
2025-11-28 05:35:14 | INFO | MONITOR | Paper trades checked (next in 60s)
2025-11-28 05:35:14 | INFO | MONITOR_SLEEP | Sleeping for 20s (base=20s, consecutive_errors=0, monitoring_suspended=False)
2025-11-28 05:35:34 | INFO | MONITOR_SLEEP | Sleeping for 20s (base=20s, consecutive_errors=0, monitoring_suspended=False)
2025-11-28 05:35:54 | INFO | MONITOR_SLEEP | Sleeping for 20s (base=20s, consecutive_errors=0, monitoring_suspended=False)
2025-11-28 05:36:14 | INFO | MONITOR | Paper trades checked (next in 60s)
2025-11-28 05:36:14 | INFO | MONITOR_SLEEP | Sleeping for 20s (base=20s, consecutive_errors=0, monitoring_suspended=False)
2025-11-28 05:36:34 | INFO | MONITOR_SLEEP | Sleeping for 20s (base=20s, consecutive_errors=0, monitoring_suspended=False)
2025-11-28 05:36:54 | INFO | MONITOR_SLEEP | Sleeping for 20s (base=20s, consecutive_errors=0, monitoring_suspended=False)
2025-11-28 05:37:14 | INFO | MONITOR | Paper trades checked (next in 60s)
2025-11-28 05:37:14 | INFO | MONITOR_SLEEP | Sleeping for 20s (base=20s, consecutive_errors=0, monitoring_suspended=False)
2025-11-28 05:37:34 | INFO | MONITOR_SLEEP | Sleeping for 20s (base=20s, consecutive_errors=0, monitoring_suspended=False)
2025-11-28 05:37:54 | INFO | MONITOR_SLEEP | Sleeping for 20s (base=20s, consecutive_errors=0, monitoring_suspended=False)
2025-11-28 05:38:14 | INFO | MONITOR | Paper trades checked (next in 60s)
2025-11-28 05:38:14 | INFO | MONITOR_SLEEP | Sleeping for 20s (base=20s, consecutive_errors=0, monitoring_suspended=False)
2025-11-28 05:38:34 | INFO | MONITOR_SLEEP | Sleeping for 20s (base=20s, consecutive_errors=0, monitoring_suspended=False)
2025-11-28 05:38:54 | INFO | MONITOR_SLEEP | Sleeping for 20s (base=20s, consecutive_errors=0, monitoring_suspended=False)
2025-11-28 05:39:14 | INFO | MONITOR | Paper trades checked (next in 60s)
2025-11-28 05:39:14 | INFO | MONITOR_SLEEP | Sleeping for 20s (base=20s, consecutive_errors=0, monitoring_suspended=False)
2025-11-28 05:39:34 | INFO | MONITOR_SLEEP | Sleeping for 20s (base=20s, consecutive_errors=0, monitoring_suspended=False)
2025-11-28 05:39:54 | INFO | MONITOR_SLEEP | Sleeping for 20s (base=20s, consecutive_errors=0, monitoring_suspended=False)
2025-11-28 05:40:14 | INFO | MONITOR | Paper trades checked (next in 60s)
2025-11-28 05:40:14 | INFO | MONITOR_SLEEP | Sleeping for 20s (base=20s, consecutive_errors=0, monitoring_suspended=False)
2025-11-28 05:40:34 | INFO | MONITOR_SLEEP | Sleeping for 20s (base=20s, consecutive_errors=0, monitoring_suspended=False)
2025-11-28 05:40:54 | INFO | MONITOR_SLEEP | Sleeping for 20s (base=20s, consecutive_errors=0, monitoring_suspended=False)
2025-11-28 05:41:14 | INFO | MONITOR | Paper trades checked (next in 60s)
2025-11-28 05:41:14 | INFO | MONITOR_SLEEP | Sleeping for 20s (base=20s, consecutive_errors=0, monitoring_suspended=False)
2025-11-28 05:41:34 | INFO | MONITOR_SLEEP | Sleeping for 20s (base=20s, consecutive_errors=0, monitoring_suspended=False)
2025-11-28 05:41:54 | INFO | MONITOR_SLEEP | Sleeping for 20s (base=20s, consecutive_errors=0, monitoring_suspended=False)
2025-11-28 05:42:14 | INFO | MONITOR | Paper trades checked (next in 60s)
2025-11-28 05:42:14 | INFO | MONITOR_SLEEP | Sleeping for 20s (base=20s, consecutive_errors=0, monitoring_suspended=False)
2025-11-28 05:42:34 | INFO | MONITOR_SLEEP | Sleeping for 20s (base=20s, consecutive_errors=0, monitoring_suspended=False)
2025-11-28 05:42:54 | INFO | MONITOR_SLEEP | Sleeping for 20s (base=20s, consecutive_errors=0, monitoring_suspended=False)
2025-11-28 05:43:14 | INFO | MONITOR | Paper trades checked (next in 60s)
2025-11-28 05:43:14 | INFO | MONITOR_SLEEP | Sleeping for 20s (base=20s, consecutive_errors=0, monitoring_suspended=False)
2025-11-28 05:43:34 | INFO | MONITOR_SLEEP | Sleeping for 20s (base=20s, consecutive_errors=0, monitoring_suspended=False)
2025-11-28 05:43:54 | INFO | MONITOR_SLEEP | Sleeping for 20s (base=20s, consecutive_errors=0, monitoring_suspended=False)
2025-11-28 05:44:14 | INFO | MONITOR | Paper trades checked (next in 60s)
2025-11-28 05:44:14 | INFO | MONITOR_SLEEP | Sleeping for 20s (base=20s, consecutive_errors=0, monitoring_suspended=False)
2025-11-28 05:44:34 | INFO | MONITOR_SLEEP | Sleeping for 20s (base=20s, consecutive_errors=0, monitoring_suspended=False)
2025-11-28 05:44:54 | INFO | MONITOR_SLEEP | Sleeping for 20s (base=20s, consecutive_errors=0, monitoring_suspended=False)
2025-11-28 05:45:14 | INFO | MONITOR | Paper trades checked (next in 60s)
2025-11-28 05:45:14 | INFO | MONITOR_SLEEP | Sleeping for 20s (base=20s, consecutive_errors=0, monitoring_suspended=False)
2025-11-28 05:45:34 | INFO | MONITOR_SLEEP | Sleeping for 20s (base=20s, consecutive_errors=0, monitoring_suspended=False)
2025-11-28 05:45:54 | INFO | MONITOR_SLEEP | Sleeping for 20s (base=20s, consecutive_errors=0, monitoring_suspended=False)
2025-11-28 05:46:14 | INFO | MONITOR | Paper trades checked (next in 60s)
2025-11-28 05:46:14 | INFO | MONITOR_SLEEP | Sleeping for 20s (base=20s, consecutive_errors=0, monitoring_suspended=False)
2025-11-28 05:46:34 | INFO | MONITOR_SLEEP | Sleeping for 20s (base=20s, consecutive_errors=0, monitoring_suspended=False)
2025-11-28 05:46:54 | INFO | MONITOR_SLEEP | Sleeping for 20s (base=20s, consecutive_errors=0, monitoring_suspended=False)
2025-11-28 05:47:14 | INFO | MONITOR | Paper trades checked (next in 60s)
2025-11-28 05:47:14 | INFO | MONITOR_SLEEP | Sleeping for 20s (base=20s, consecutive_errors=0, monitoring_suspended=False)
2025-11-28 05:47:34 | INFO | MONITOR_SLEEP | Sleeping for 20s (base=20s, consecutive_errors=0, monitoring_suspended=False)
2025-11-28 05:47:54 | INFO | MONITOR_SLEEP | Sleeping for 20s (base=20s, consecutive_errors=0, monitoring_suspended=False)
2025-11-28 05:48:14 | INFO | MONITOR | Paper trades checked (next in 60s)
2025-11-28 05:48:14 | INFO | MONITOR_SLEEP | Sleeping for 20s (base=20s, consecutive_errors=0, monitoring_suspended=False)
2025-11-28 05:48:34 | INFO | MONITOR_SLEEP | Sleeping for 20s (base=20s, consecutive_errors=0, monitoring_suspended=False)
2025-11-28 05:48:54 | INFO | MONITOR_SLEEP | Sleeping for 20s (base=20s, consecutive_errors=0, monitoring_suspended=False)
2025-11-28 05:49:14 | INFO | MONITOR | Paper trades checked (next in 60s)
2025-11-28 05:49:14 | INFO | MONITOR_SLEEP | Sleeping for 20s (base=20s, consecutive_errors=0, monitoring_suspended=False)
2025-11-28 05:49:34 | INFO | MONITOR_SLEEP | Sleeping for 20s (base=20s, consecutive_errors=0, monitoring_suspended=False)
2025-11-28 05:49:54 | INFO | MONITOR_SLEEP | Sleeping for 20s (base=20s, consecutive_errors=0, monitoring_suspended=False)
2025-11-28 05:50:14 | INFO | MONITOR | Paper trades checked (next in 60s)
2025-11-28 05:50:14 | INFO | MONITOR_SLEEP | Sleeping for 20s (base=20s, consecutive_errors=0, monitoring_suspended=False)
2025-11-28 05:50:34 | INFO | MONITOR_SLEEP | Sleeping for 20s (base=20s, consecutive_errors=0, monitoring_suspended=False)
2025-11-28 05:50:54 | INFO | MONITOR_SLEEP | Sleeping for 20s (base=20s, consecutive_errors=0, monitoring_suspended=False)
2025-11-28 05:51:14 | INFO | MONITOR | Paper trades checked (next in 60s)
2025-11-28 05:51:14 | INFO | MONITOR_SLEEP | Sleeping for 20s (base=20s, consecutive_errors=0, monitoring_suspended=False)
2025-11-28 05:51:34 | INFO | MONITOR_SLEEP | Sleeping for 20s (base=20s, consecutive_errors=0, monitoring_suspended=False)
2025-11-28 05:51:54 | INFO | MONITOR_SLEEP | Sleeping for 20s (base=20s, consecutive_errors=0, monitoring_suspended=False)
2025-11-28 05:52:14 | INFO | MONITOR | Paper trades checked (next in 60s)
2025-11-28 05:52:14 | INFO | MONITOR_SLEEP | Sleeping for 20s (base=20s, consecutive_errors=0, monitoring_suspended=False)
2025-11-28 05:52:34 | INFO | MONITOR_SLEEP | Sleeping for 20s (base=20s, consecutive_errors=0, monitoring_suspended=False)
2025-11-28 05:52:54 | INFO | MONITOR_SLEEP | Sleeping for 20s (base=20s, consecutive_errors=0, monitoring_suspended=False)
2025-11-28 05:53:14 | INFO | MONITOR | Paper trades checked (next in 60s)
2025-11-28 05:53:14 | INFO | MONITOR_SLEEP | Sleeping for 20s (base=20s, consecutive_errors=0, monitoring_suspended=False)
2025-11-28 05:53:34 | INFO | MONITOR_SLEEP | Sleeping for 20s (base=20s, consecutive_errors=0, monitoring_suspended=False)
2025-11-28 05:53:54 | INFO | MONITOR_SLEEP | Sleeping for 20s (base=20s, consecutive_errors=0, monitoring_suspended=False)
2025-11-28 05:54:14 | INFO | MONITOR | Paper trades checked (next in 60s)
2025-11-28 05:54:14 | INFO | MONITOR_SLEEP | Sleeping for 20s (base=20s, consecutive_errors=0, monitoring_suspended=False)
2025-11-28 05:54:34 | INFO | MONITOR_SLEEP | Sleeping for 20s (base=20s, consecutive_errors=0, monitoring_suspended=False)
2025-11-28 05:54:54 | INFO | MONITOR_SLEEP | Sleeping for 20s (base=20s, consecutive_errors=0, monitoring_suspended=False)
2025-11-28 05:55:14 | INFO | MONITOR | Paper trades checked (next in 60s)
2025-11-28 05:55:14 | INFO | MONITOR_SLEEP | Sleeping for 20s (base=20s, consecutive_errors=0, monitoring_suspended=False)
2025-11-28 05:55:34 | INFO | MONITOR_SLEEP | Sleeping for 20s (base=20s, consecutive_errors=0, monitoring_suspended=False)
2025-11-28 05:55:54 | INFO | MONITOR_SLEEP | Sleeping for 20s (base=20s, consecutive_errors=0, monitoring_suspended=False)
2025-11-28 05:56:14 | INFO | MONITOR | Paper trades checked (next in 60s)
2025-11-28 05:56:14 | INFO | MONITOR_SLEEP | Sleeping for 20s (base=20s, consecutive_errors=0, monitoring_suspended=False)
2025-11-28 05:56:34 | INFO | MONITOR_SLEEP | Sleeping for 20s (base=20s, consecutive_errors=0, monitoring_suspended=False)
2025-11-28 05:56:54 | INFO | MONITOR_SLEEP | Sleeping for 20s (base=20s, consecutive_errors=0, monitoring_suspended=False)
2025-11-28 05:57:14 | INFO | MONITOR | Paper trades checked (next in 60s)
2025-11-28 05:57:14 | INFO | MONITOR_SLEEP | Sleeping for 20s (base=20s, consecutive_errors=0, monitoring_suspended=False)
2025-11-28 05:57:34 | INFO | MONITOR_SLEEP | Sleeping for 20s (base=20s, consecutive_errors=0, monitoring_suspended=False)
2025-11-28 05:57:54 | INFO | MONITOR_SLEEP | Sleeping for 20s (base=20s, consecutive_errors=0, monitoring_suspended=False)
2025-11-28 05:58:14 | INFO | MONITOR | Paper trades checked (next in 60s)
2025-11-28 05:58:14 | INFO | MONITOR_SLEEP | Sleeping for 20s (base=20s, consecutive_errors=0, monitoring_suspended=False)
2025-11-28 05:58:34 | INFO | MONITOR_SLEEP | Sleeping for 20s (base=20s, consecutive_errors=0, monitoring_suspended=False)
2025-11-28 05:58:54 | INFO | MONITOR_SLEEP | Sleeping for 20s (base=20s, consecutive_errors=0, monitoring_suspended=False)
2025-11-28 05:59:14 | INFO | MONITOR | Paper trades checked (next in 60s)
2025-11-28 05:59:14 | INFO | MONITOR_SLEEP | Sleeping for 20s (base=20s, consecutive_errors=0, monitoring_suspended=False)
2025-11-28 05:59:34 | INFO | MONITOR_SLEEP | Sleeping for 20s (base=20s, consecutive_errors=0, monitoring_suspended=False)
2025-11-28 05:59:54 | INFO | MONITOR_SLEEP | Sleeping for 20s (base=20s, consecutive_errors=0, monitoring_suspended=False)
2025-11-28 06:00:14 | INFO | MONITOR | Paper trades checked (next in 60s)
2025-11-28 06:00:14 | INFO | MONITOR_SLEEP | Sleeping for 20s (base=20s, consecutive_errors=0, monitoring_suspended=False)
2025-11-28 06:00:34 | INFO | MONITOR_SLEEP | Sleeping for 20s (base=20s, consecutive_errors=0, monitoring_suspended=False)
2025-11-28 06:00:54 | INFO | MONITOR_SLEEP | Sleeping for 20s (base=20s, consecutive_errors=0, monitoring_suspended=False)
2025-11-28 06:01:14 | INFO | MONITOR | Paper trades checked (next in 60s)
2025-11-28 06:01:14 | INFO | MONITOR_SLEEP | Sleeping for 20s (base=20s, consecutive_errors=0, monitoring_suspended=False)
2025-11-28 06:01:34 | INFO | MONITOR_SLEEP | Sleeping for 20s (base=20s, consecutive_errors=0, monitoring_suspended=False)
2025-11-28 06:01:54 | INFO | MONITOR_SLEEP | Sleeping for 20s (base=20s, consecutive_errors=0, monitoring_suspended=False)
2025-11-28 06:02:14 | INFO | MONITOR | Paper trades checked (next in 60s)
2025-11-28 06:02:14 | INFO | MONITOR_SLEEP | Sleeping for 20s (base=20s, consecutive_errors=0, monitoring_suspended=False)
2025-11-28 06:02:34 | INFO | MONITOR_SLEEP | Sleeping for 20s (base=20s, consecutive_errors=0, monitoring_suspended=False)
2025-11-28 06:02:54 | INFO | MONITOR_SLEEP | Sleeping for 20s (base=20s, consecutive_errors=0, monitoring_suspended=False)
2025-11-28 06:03:14 | INFO | MONITOR | Paper trades checked (next in 60s)
2025-11-28 06:03:14 | INFO | MONITOR_SLEEP | Sleeping for 20s (base=20s, consecutive_errors=0, monitoring_suspended=False)
2025-11-28 06:03:34 | INFO | MONITOR_SLEEP | Sleeping for 20s (base=20s, consecutive_errors=0, monitoring_suspended=False)
2025-11-28 06:03:54 | INFO | MONITOR_SLEEP | Sleeping for 20s (base=20s, consecutive_errors=0, monitoring_suspended=False)
2025-11-28 06:04:14 | INFO | MONITOR | Paper trades checked (next in 60s)
2025-11-28 06:04:14 | INFO | MONITOR_SLEEP | Sleeping for 20s (base=20s, consecutive_errors=0, monitoring_suspended=False)
2025-11-28 06:04:34 | INFO | MONITOR_SLEEP | Sleeping for 20s (base=20s, consecutive_errors=0, monitoring_suspended=False)
2025-11-28 06:04:54 | INFO | MONITOR_SLEEP | Sleeping for 20s (base=20s, consecutive_errors=0, monitoring_suspended=False)
2025-11-28 06:05:14 | INFO | MONITOR | Paper trades checked (next in 60s)
2025-11-28 06:05:14 | INFO | MONITOR_SLEEP | Sleeping for 20s (base=20s, consecutive_errors=0, monitoring_suspended=False)
2025-11-28 06:05:34 | INFO | MONITOR_SLEEP | Sleeping for 20s (base=20s, consecutive_errors=0, monitoring_suspended=False)
2025-11-28 06:05:54 | INFO | MONITOR_SLEEP | Sleeping for 20s (base=20s, consecutive_errors=0, monitoring_suspended=False)
2025-11-28 06:06:14 | INFO | MONITOR | Paper trades checked (next in 60s)
2025-11-28 06:06:14 | INFO | MONITOR_SLEEP | Sleeping for 20s (base=20s, consecutive_errors=0, monitoring_suspended=False)
2025-11-28 06:06:34 | INFO | MONITOR_SLEEP | Sleeping for 20s (base=20s, consecutive_errors=0, monitoring_suspended=False)
2025-11-28 06:06:54 | INFO | MONITOR_SLEEP | Sleeping for 20s (base=20s, consecutive_errors=0, monitoring_suspended=False)
2025-11-28 06:07:14 | INFO | MONITOR | Paper trades checked (next in 60s)
2025-11-28 06:07:14 | INFO | MONITOR_SLEEP | Sleeping for 20s (base=20s, consecutive_errors=0, monitoring_suspended=False)
2025-11-28 06:07:34 | INFO | MONITOR_SLEEP | Sleeping for 20s (base=20s, consecutive_errors=0, monitoring_suspended=False)
2025-11-28 06:07:54 | INFO | MONITOR_SLEEP | Sleeping for 20s (base=20s, consecutive_errors=0, monitoring_suspended=False)
2025-11-28 06:08:14 | INFO | MONITOR | Paper trades checked (next in 60s)
2025-11-28 06:08:14 | INFO | MONITOR_SLEEP | Sleeping for 20s (base=20s, consecutive_errors=0, monitoring_suspended=False)
2025-11-28 06:08:34 | INFO | MONITOR_SLEEP | Sleeping for 20s (base=20s, consecutive_errors=0, monitoring_suspended=False)
2025-11-28 06:08:54 | INFO | MONITOR_SLEEP | Sleeping for 20s (base=20s, consecutive_errors=0, monitoring_suspended=False)
2025-11-28 06:09:14 | INFO | MONITOR | Paper trades checked (next in 60s)
2025-11-28 06:09:14 | INFO | MONITOR_SLEEP | Sleeping for 20s (base=20s, consecutive_errors=0, monitoring_suspended=False)
2025-11-28 06:09:34 | INFO | MONITOR_SLEEP | Sleeping for 20s (base=20s, consecutive_errors=0, monitoring_suspended=False)
2025-11-28 06:09:54 | INFO | MONITOR_SLEEP | Sleeping for 20s (base=20s, consecutive_errors=0, monitoring_suspended=False)
2025-11-28 06:10:14 | INFO | MONITOR | Paper trades checked (next in 60s)
2025-11-28 06:10:14 | INFO | MONITOR_SLEEP | Sleeping for 20s (base=20s, consecutive_errors=0, monitoring_suspended=False)
2025-11-28 06:10:34 | INFO | MONITOR_SLEEP | Sleeping for 20s (base=20s, consecutive_errors=0, monitoring_suspended=False)
2025-11-28 06:10:54 | INFO | MONITOR_SLEEP | Sleeping for 20s (base=20s, consecutive_errors=0, monitoring_suspended=False)
2025-11-28 06:11:14 | INFO | MONITOR | Paper trades checked (next in 60s)
2025-11-28 06:11:14 | INFO | MONITOR_SLEEP | Sleeping for 20s (base=20s, consecutive_errors=0, monitoring_suspended=False)
2025-11-28 06:11:34 | INFO | MONITOR_SLEEP | Sleeping for 20s (base=20s, consecutive_errors=0, monitoring_suspended=False)
2025-11-28 06:11:54 | INFO | MONITOR_SLEEP | Sleeping for 20s (base=20s, consecutive_errors=0, monitoring_suspended=False)
2025-11-28 06:12:14 | INFO | MONITOR | Paper trades checked (next in 60s)
2025-11-28 06:12:14 | INFO | MONITOR_SLEEP | Sleeping for 20s (base=20s, consecutive_errors=0, monitoring_suspended=False)
2025-11-28 06:12:34 | INFO | MONITOR_SLEEP | Sleeping for 20s (base=20s, consecutive_errors=0, monitoring_suspended=False)
2025-11-28 06:12:54 | INFO | MONITOR_SLEEP | Sleeping for 20s (base=20s, consecutive_errors=0, monitoring_suspended=False)
2025-11-28 06:13:14 | INFO | MONITOR | Paper trades checked (next in 60s)
2025-11-28 06:13:14 | INFO | MONITOR_SLEEP | Sleeping for 20s (base=20s, consecutive_errors=0, monitoring_suspended=False)
2025-11-28 06:13:34 | INFO | MONITOR_SLEEP | Sleeping for 20s (base=20s, consecutive_errors=0, monitoring_suspended=False)
2025-11-28 06:13:54 | INFO | MONITOR_SLEEP | Sleeping for 20s (base=20s, consecutive_errors=0, monitoring_suspended=False)
2025-11-28 06:14:14 | INFO | MONITOR | Paper trades checked (next in 60s)
2025-11-28 06:14:14 | INFO | MONITOR_SLEEP | Sleeping for 20s (base=20s, consecutive_errors=0, monitoring_suspended=False)
2025-11-28 06:14:34 | INFO | MONITOR_SLEEP | Sleeping for 20s (base=20s, consecutive_errors=0, monitoring_suspended=False)
2025-11-28 06:14:54 | INFO | MONITOR_SLEEP | Sleeping for 20s (base=20s, consecutive_errors=0, monitoring_suspended=False)
2025-11-28 06:15:14 | INFO | MONITOR | Paper trades checked (next in 60s)
2025-11-28 06:15:14 | INFO | MONITOR_SLEEP | Sleeping for 20s (base=20s, consecutive_errors=0, monitoring_suspended=False)
2025-11-28 06:15:34 | INFO | MONITOR_SLEEP | Sleeping for 20s (base=20s, consecutive_errors=0, monitoring_suspended=False)
2025-11-28 06:15:54 | INFO | MONITOR_SLEEP | Sleeping for 20s (base=20s, consecutive_errors=0, monitoring_suspended=False)
2025-11-28 06:16:14 | INFO | MONITOR | Paper trades checked (next in 60s)
2025-11-28 06:16:14 | INFO | MONITOR_SLEEP | Sleeping for 20s (base=20s, consecutive_errors=0, monitoring_suspended=False)
2025-11-28 06:16:34 | INFO | MONITOR_SLEEP | Sleeping for 20s (base=20s, consecutive_errors=0, monitoring_suspended=False)
2025-11-28 06:16:54 | INFO | MONITOR_SLEEP | Sleeping for 20s (base=20s, consecutive_errors=0, monitoring_suspended=False)
2025-11-28 06:17:14 | INFO | MONITOR | Paper trades checked (next in 60s)
2025-11-28 06:17:14 | INFO | MONITOR_SLEEP | Sleeping for 20s (base=20s, consecutive_errors=0, monitoring_suspended=False)
2025-11-28 06:17:34 | INFO | MONITOR_SLEEP | Sleeping for 20s (base=20s, consecutive_errors=0, monitoring_suspended=False)
2025-11-28 06:17:54 | INFO | MONITOR_SLEEP | Sleeping for 20s (base=20s, consecutive_errors=0, monitoring_suspended=False)
2025-11-28 06:18:14 | INFO | MONITOR | Paper trades checked (next in 60s)
2025-11-28 06:18:14 | INFO | MONITOR_SLEEP | Sleeping for 20s (base=20s, consecutive_errors=0, monitoring_suspended=False)
2025-11-28 06:18:34 | INFO | MONITOR_SLEEP | Sleeping for 20s (base=20s, consecutive_errors=0, monitoring_suspended=False)
2025-11-28 06:18:54 | INFO | MONITOR_SLEEP | Sleeping for 20s (base=20s, consecutive_errors=0, monitoring_suspended=False)
2025-11-28 06:19:14 | INFO | MONITOR | Paper trades checked (next in 60s)
2025-11-28 06:19:14 | INFO | MONITOR_SLEEP | Sleeping for 20s (base=20s, consecutive_errors=0, monitoring_suspended=False)
2025-11-28 06:19:34 | INFO | MONITOR_SLEEP | Sleeping for 20s (base=20s, consecutive_errors=0, monitoring_suspended=False)
2025-11-28 06:19:54 | INFO | MONITOR_SLEEP | Sleeping for 20s (base=20s, consecutive_errors=0, monitoring_suspended=False)
2025-11-28 06:20:14 | INFO | MONITOR | Paper trades checked (next in 60s)
2025-11-28 06:20:14 | INFO | MONITOR_SLEEP | Sleeping for 20s (base=20s, consecutive_errors=0, monitoring_suspended=False)
2025-11-28 06:20:34 | INFO | MONITOR_SLEEP | Sleeping for 20s (base=20s, consecutive_errors=0, monitoring_suspended=False)
2025-11-28 06:20:54 | INFO | MONITOR_SLEEP | Sleeping for 20s (base=20s, consecutive_errors=0, monitoring_suspended=False)
2025-11-28 06:21:14 | INFO | MONITOR | Paper trades checked (next in 60s)
2025-11-28 06:21:14 | INFO | MONITOR_SLEEP | Sleeping for 20s (base=20s, consecutive_errors=0, monitoring_suspended=False)
2025-11-28 06:21:34 | INFO | MONITOR_SLEEP | Sleeping for 20s (base=20s, consecutive_errors=0, monitoring_suspended=False)
2025-11-28 06:21:54 | INFO | MONITOR_SLEEP | Sleeping for 20s (base=20s, consecutive_errors=0, monitoring_suspended=False)
2025-11-28 06:22:14 | INFO | MONITOR | Paper trades checked (next in 60s)
2025-11-28 06:22:14 | INFO | MONITOR_SLEEP | Sleeping for 20s (base=20s, consecutive_errors=0, monitoring_suspended=False)
2025-11-28 06:22:34 | INFO | MONITOR_SLEEP | Sleeping for 20s (base=20s, consecutive_errors=0, monitoring_suspended=False)
2025-11-28 06:22:54 | INFO | MONITOR_SLEEP | Sleeping for 20s (base=20s, consecutive_errors=0, monitoring_suspended=False)
2025-11-28 06:23:14 | INFO | MONITOR | Paper trades checked (next in 60s)
2025-11-28 06:23:14 | INFO | MONITOR_SLEEP | Sleeping for 20s (base=20s, consecutive_errors=0, monitoring_suspended=False)
2025-11-28 06:23:34 | INFO | MONITOR_SLEEP | Sleeping for 20s (base=20s, consecutive_errors=0, monitoring_suspended=False)
2025-11-28 06:23:54 | INFO | MONITOR_SLEEP | Sleeping for 20s (base=20s, consecutive_errors=0, monitoring_suspended=False)
2025-11-28 06:24:14 | INFO | MONITOR | Paper trades checked (next in 60s)
2025-11-28 06:24:14 | INFO | MONITOR_SLEEP | Sleeping for 20s (base=20s, consecutive_errors=0, monitoring_suspended=False)
2025-11-28 06:24:34 | INFO | MONITOR_SLEEP | Sleeping for 20s (base=20s, consecutive_errors=0, monitoring_suspended=False)
2025-11-28 06:24:54 | INFO | MONITOR_SLEEP | Sleeping for 20s (base=20s, consecutive_errors=0, monitoring_suspended=False)
2025-11-28 06:25:14 | INFO | MONITOR | Paper trades checked (next in 60s)
2025-11-28 06:25:14 | INFO | MONITOR_SLEEP | Sleeping for 20s (base=20s, consecutive_errors=0, monitoring_suspended=False)
2025-11-28 06:25:34 | INFO | MONITOR_SLEEP | Sleeping for 20s (base=20s, consecutive_errors=0, monitoring_suspended=False)
2025-11-28 06:25:54 | INFO | MONITOR_SLEEP | Sleeping for 20s (base=20s, consecutive_errors=0, monitoring_suspended=False)
2025-11-28 06:26:14 | INFO | MONITOR | Paper trades checked (next in 60s)
2025-11-28 06:26:14 | INFO | MONITOR_SLEEP | Sleeping for 20s (base=20s, consecutive_errors=0, monitoring_suspended=False)
2025-11-28 06:26:34 | INFO | MONITOR_SLEEP | Sleeping for 20s (base=20s, consecutive_errors=0, monitoring_suspended=False)
2025-11-28 06:26:54 | INFO | MONITOR_SLEEP | Sleeping for 20s (base=20s, consecutive_errors=0, monitoring_suspended=False)
2025-11-28 06:27:14 | INFO | MONITOR | Paper trades checked (next in 60s)
2025-11-28 06:27:14 | INFO | MONITOR_SLEEP | Sleeping for 20s (base=20s, consecutive_errors=0, monitoring_suspended=False)
2025-11-28 06:27:34 | INFO | MONITOR_SLEEP | Sleeping for 20s (base=20s, consecutive_errors=0, monitoring_suspended=False)
2025-11-28 06:27:54 | INFO | MONITOR_SLEEP | Sleeping for 20s (base=20s, consecutive_errors=0, monitoring_suspended=False)
2025-11-28 06:28:14 | INFO | MONITOR | Paper trades checked (next in 60s)
2025-11-28 06:28:14 | INFO | MONITOR_SLEEP | Sleeping for 20s (base=20s, consecutive_errors=0, monitoring_suspended=False)
2025-11-28 06:28:34 | INFO | MONITOR_SLEEP | Sleeping for 20s (base=20s, consecutive_errors=0, monitoring_suspended=False)
2025-11-28 06:28:54 | INFO | MONITOR_SLEEP | Sleeping for 20s (base=20s, consecutive_errors=0, monitoring_suspended=False)
2025-11-28 06:29:14 | INFO | MONITOR | Paper trades checked (next in 60s)
2025-11-28 06:29:14 | INFO | MONITOR_SLEEP | Sleeping for 20s (base=20s, consecutive_errors=0, monitoring_suspended=False)
2025-11-28 06:29:34 | INFO | MONITOR_SLEEP | Sleeping for 20s (base=20s, consecutive_errors=0, monitoring_suspended=False)
2025-11-28 06:29:54 | INFO | MONITOR_SLEEP | Sleeping for 20s (base=20s, consecutive_errors=0, monitoring_suspended=False)
2025-11-28 06:30:14 | INFO | MONITOR | Paper trades checked (next in 60s)
2025-11-28 06:30:14 | INFO | MONITOR_SLEEP | Sleeping for 20s (base=20s, consecutive_errors=0, monitoring_suspended=False)
2025-11-28 06:30:34 | INFO | MONITOR_SLEEP | Sleeping for 20s (base=20s, consecutive_errors=0, monitoring_suspended=False)
2025-11-28 06:30:54 | INFO | MONITOR_SLEEP | Sleeping for 20s (base=20s, consecutive_errors=0, monitoring_suspended=False)
2025-11-28 06:31:14 | INFO | MONITOR | Paper trades checked (next in 60s)
2025-11-28 06:31:14 | INFO | MONITOR_SLEEP | Sleeping for 20s (base=20s, consecutive_errors=0, monitoring_suspended=False)
2025-11-28 06:31:34 | INFO | MONITOR_SLEEP | Sleeping for 20s (base=20s, consecutive_errors=0, monitoring_suspended=False)
2025-11-28 06:31:54 | INFO | MONITOR_SLEEP | Sleeping for 20s (base=20s, consecutive_errors=0, monitoring_suspended=False)
2025-11-28 06:32:14 | INFO | MONITOR | Paper trades checked (next in 60s)
2025-11-28 06:32:14 | INFO | MONITOR_SLEEP | Sleeping for 20s (base=20s, consecutive_errors=0, monitoring_suspended=False)
2025-11-28 06:32:34 | INFO | MONITOR_SLEEP | Sleeping for 20s (base=20s, consecutive_errors=0, monitoring_suspended=False)
2025-11-28 06:32:54 | INFO | MONITOR_SLEEP | Sleeping for 20s (base=20s, consecutive_errors=0, monitoring_suspended=False)
2025-11-28 06:33:14 | INFO | MONITOR | Paper trades checked (next in 60s)
2025-11-28 06:33:14 | INFO | MONITOR_SLEEP | Sleeping for 20s (base=20s, consecutive_errors=0, monitoring_suspended=False)
2025-11-28 06:33:34 | INFO | MONITOR_SLEEP | Sleeping for 20s (base=20s, consecutive_errors=0, monitoring_suspended=False)
2025-11-28 06:33:54 | INFO | MONITOR_SLEEP | Sleeping for 20s (base=20s, consecutive_errors=0, monitoring_suspended=False)
2025-11-28 06:34:14 | INFO | MONITOR | Paper trades checked (next in 60s)
2025-11-28 06:34:14 | INFO | MONITOR_SLEEP | Sleeping for 20s (base=20s, consecutive_errors=0, monitoring_suspended=False)
2025-11-28 06:34:34 | INFO | MONITOR_SLEEP | Sleeping for 20s (base=20s, consecutive_errors=0, monitoring_suspended=False)
2025-11-28 06:34:54 | INFO | MONITOR_SLEEP | Sleeping for 20s (base=20s, consecutive_errors=0, monitoring_suspended=False)
2025-11-28 06:35:14 | INFO | MONITOR | Paper trades checked (next in 60s)
2025-11-28 06:35:14 | INFO | MONITOR_SLEEP | Sleeping for 20s (base=20s, consecutive_errors=0, monitoring_suspended=False)
2025-11-28 06:35:34 | INFO | MONITOR_SLEEP | Sleeping for 20s (base=20s, consecutive_errors=0, monitoring_suspended=False)
2025-11-28 06:35:54 | INFO | MONITOR_SLEEP | Sleeping for 20s (base=20s, consecutive_errors=0, monitoring_suspended=False)
2025-11-28 06:36:14 | INFO | MONITOR | Paper trades checked (next in 60s)
2025-11-28 06:36:14 | INFO | MONITOR_SLEEP | Sleeping for 20s (base=20s, consecutive_errors=0, monitoring_suspended=False)
2025-11-28 06:36:34 | INFO | MONITOR_SLEEP | Sleeping for 20s (base=20s, consecutive_errors=0, monitoring_suspended=False)
2025-11-28 06:36:54 | INFO | MONITOR_SLEEP | Sleeping for 20s (base=20s, consecutive_errors=0, monitoring_suspended=False)
2025-11-28 06:37:14 | INFO | MONITOR | Paper trades checked (next in 60s)
2025-11-28 06:37:14 | INFO | MONITOR_SLEEP | Sleeping for 20s (base=20s, consecutive_errors=0, monitoring_suspended=False)
2025-11-28 06:37:34 | INFO | MONITOR_SLEEP | Sleeping for 20s (base=20s, consecutive_errors=0, monitoring_suspended=False)
2025-11-28 06:37:54 | INFO | MONITOR_SLEEP | Sleeping for 20s (base=20s, consecutive_errors=0, monitoring_suspended=False)
2025-11-28 06:38:14 | INFO | MONITOR | Paper trades checked (next in 60s)
2025-11-28 06:38:14 | INFO | MONITOR_SLEEP | Sleeping for 20s (base=20s, consecutive_errors=0, monitoring_suspended=False)
2025-11-28 06:38:34 | INFO | MONITOR_SLEEP | Sleeping for 20s (base=20s, consecutive_errors=0, monitoring_suspended=False)
2025-11-28 06:38:54 | INFO | MONITOR_SLEEP | Sleeping for 20s (base=20s, consecutive_errors=0, monitoring_suspended=False)
2025-11-28 06:39:14 | INFO | MONITOR | Paper trades checked (next in 60s)
2025-11-28 06:39:14 | INFO | MONITOR_SLEEP | Sleeping for 20s (base=20s, consecutive_errors=0, monitoring_suspended=False)
2025-11-28 06:39:34 | INFO | MONITOR_SLEEP | Sleeping for 20s (base=20s, consecutive_errors=0, monitoring_suspended=False)
2025-11-28 06:39:54 | INFO | MONITOR_SLEEP | Sleeping for 20s (base=20s, consecutive_errors=0, monitoring_suspended=False)
2025-11-28 06:40:14 | INFO | MONITOR | Paper trades checked (next in 60s)
2025-11-28 06:40:14 | INFO | MONITOR_SLEEP | Sleeping for 20s (base=20s, consecutive_errors=0, monitoring_suspended=False)
2025-11-28 06:40:34 | INFO | MONITOR_SLEEP | Sleeping for 20s (base=20s, consecutive_errors=0, monitoring_suspended=False)
2025-11-28 06:40:54 | INFO | MONITOR_SLEEP | Sleeping for 20s (base=20s, consecutive_errors=0, monitoring_suspended=False)
2025-11-28 06:41:14 | INFO | MONITOR | Paper trades checked (next in 60s)
2025-11-28 06:41:14 | INFO | MONITOR_SLEEP | Sleeping for 20s (base=20s, consecutive_errors=0, monitoring_suspended=False)
2025-11-28 06:41:34 | INFO | MONITOR_SLEEP | Sleeping for 20s (base=20s, consecutive_errors=0, monitoring_suspended=False)
2025-11-28 06:41:54 | INFO | MONITOR_SLEEP | Sleeping for 20s (base=20s, consecutive_errors=0, monitoring_suspended=False)
2025-11-28 06:42:14 | INFO | MONITOR | Paper trades checked (next in 60s)
2025-11-28 06:42:14 | INFO | MONITOR_SLEEP | Sleeping for 20s (base=20s, consecutive_errors=0, monitoring_suspended=False)
2025-11-28 06:42:34 | INFO | MONITOR_SLEEP | Sleeping for 20s (base=20s, consecutive_errors=0, monitoring_suspended=False)
2025-11-28 06:42:54 | INFO | MONITOR_SLEEP | Sleeping for 20s (base=20s, consecutive_errors=0, monitoring_suspended=False)
2025-11-28 06:43:14 | INFO | MONITOR | Paper trades checked (next in 60s)
2025-11-28 06:43:14 | INFO | MONITOR_SLEEP | Sleeping for 20s (base=20s, consecutive_errors=0, monitoring_suspended=False)
2025-11-28 06:43:34 | INFO | MONITOR_SLEEP | Sleeping for 20s (base=20s, consecutive_errors=0, monitoring_suspended=False)
2025-11-28 06:43:54 | INFO | MONITOR_SLEEP | Sleeping for 20s (base=20s, consecutive_errors=0, monitoring_suspended=False)
2025-11-28 06:44:14 | INFO | MONITOR | Paper trades checked (next in 60s)
2025-11-28 06:44:14 | INFO | MONITOR_SLEEP | Sleeping for 20s (base=20s, consecutive_errors=0, monitoring_suspended=False)
2025-11-28 06:44:34 | INFO | MONITOR_SLEEP | Sleeping for 20s (base=20s, consecutive_errors=0, monitoring_suspended=False)
2025-11-28 06:44:54 | INFO | MONITOR_SLEEP | Sleeping for 20s (base=20s, consecutive_errors=0, monitoring_suspended=False)
2025-11-28 06:45:14 | INFO | MONITOR | Paper trades checked (next in 60s)
2025-11-28 06:45:14 | INFO | MONITOR_SLEEP | Sleeping for 20s (base=20s, consecutive_errors=0, monitoring_suspended=False)
2025-11-28 06:45:34 | INFO | MONITOR_SLEEP | Sleeping for 20s (base=20s, consecutive_errors=0, monitoring_suspended=False)
2025-11-28 06:45:54 | INFO | MONITOR_SLEEP | Sleeping for 20s (base=20s, consecutive_errors=0, monitoring_suspended=False)
2025-11-28 06:46:14 | INFO | MONITOR | Paper trades checked (next in 60s)
2025-11-28 06:46:14 | INFO | MONITOR_SLEEP | Sleeping for 20s (base=20s, consecutive_errors=0, monitoring_suspended=False)
2025-11-28 06:46:34 | INFO | MONITOR_SLEEP | Sleeping for 20s (base=20s, consecutive_errors=0, monitoring_suspended=False)
2025-11-28 06:46:54 | INFO | MONITOR_SLEEP | Sleeping for 20s (base=20s, consecutive_errors=0, monitoring_suspended=False)
2025-11-28 06:47:14 | INFO | MONITOR | Paper trades checked (next in 60s)
2025-11-28 06:47:14 | INFO | MONITOR_SLEEP | Sleeping for 20s (base=20s, consecutive_errors=0, monitoring_suspended=False)
2025-11-28 06:47:34 | INFO | MONITOR_SLEEP | Sleeping for 20s (base=20s, consecutive_errors=0, monitoring_suspended=False)
2025-11-28 06:47:54 | INFO | MONITOR_SLEEP | Sleeping for 20s (base=20s, consecutive_errors=0, monitoring_suspended=False)
2025-11-28 06:48:14 | INFO | MONITOR | Paper trades checked (next in 60s)
2025-11-28 06:48:14 | INFO | MONITOR_SLEEP | Sleeping for 20s (base=20s, consecutive_errors=0, monitoring_suspended=False)
2025-11-28 06:48:34 | INFO | MONITOR_SLEEP | Sleeping for 20s (base=20s, consecutive_errors=0, monitoring_suspended=False)
2025-11-28 06:48:54 | INFO | MONITOR_SLEEP | Sleeping for 20s (base=20s, consecutive_errors=0, monitoring_suspended=False)
2025-11-28 06:49:14 | INFO | MONITOR | Paper trades checked (next in 60s)
2025-11-28 06:49:14 | INFO | MONITOR_SLEEP | Sleeping for 20s (base=20s, consecutive_errors=0, monitoring_suspended=False)
2025-11-28 06:49:34 | INFO | MONITOR_SLEEP | Sleeping for 20s (base=20s, consecutive_errors=0, monitoring_suspended=False)
2025-11-28 06:49:54 | INFO | MONITOR_SLEEP | Sleeping for 20s (base=20s, consecutive_errors=0, monitoring_suspended=False)
2025-11-28 06:50:14 | INFO | MONITOR | Paper trades checked (next in 60s)
2025-11-28 06:50:14 | INFO | MONITOR_SLEEP | Sleeping for 20s (base=20s, consecutive_errors=0, monitoring_suspended=False)
2025-11-28 06:50:34 | INFO | MONITOR_SLEEP | Sleeping for 20s (base=20s, consecutive_errors=0, monitoring_suspended=False)
2025-11-28 06:50:54 | INFO | MONITOR_SLEEP | Sleeping for 20s (base=20s, consecutive_errors=0, monitoring_suspended=False)
2025-11-28 06:51:14 | INFO | MONITOR | Paper trades checked (next in 60s)
2025-11-28 06:51:14 | INFO | MONITOR_SLEEP | Sleeping for 20s (base=20s, consecutive_errors=0, monitoring_suspended=False)
2025-11-28 06:51:34 | INFO | MONITOR_SLEEP | Sleeping for 20s (base=20s, consecutive_errors=0, monitoring_suspended=False)
2025-11-28 06:51:54 | INFO | MONITOR_SLEEP | Sleeping for 20s (base=20s, consecutive_errors=0, monitoring_suspended=False)
2025-11-28 06:52:14 | INFO | MONITOR | Paper trades checked (next in 60s)
2025-11-28 06:52:14 | INFO | MONITOR_SLEEP | Sleeping for 20s (base=20s, consecutive_errors=0, monitoring_suspended=False)
2025-11-28 06:52:34 | INFO | MONITOR_SLEEP | Sleeping for 20s (base=20s, consecutive_errors=0, monitoring_suspended=False)
2025-11-28 06:52:54 | INFO | MONITOR_SLEEP | Sleeping for 20s (base=20s, consecutive_errors=0, monitoring_suspended=False)
2025-11-28 06:53:14 | INFO | MONITOR | Paper trades checked (next in 60s)
2025-11-28 06:53:14 | INFO | MONITOR_SLEEP | Sleeping for 20s (base=20s, consecutive_errors=0, monitoring_suspended=False)
2025-11-28 06:53:34 | INFO | MONITOR_SLEEP | Sleeping for 20s (base=20s, consecutive_errors=0, monitoring_suspended=False)
2025-11-28 06:53:54 | INFO | MONITOR_SLEEP | Sleeping for 20s (base=20s, consecutive_errors=0, monitoring_suspended=False)
2025-11-28 06:54:14 | INFO | MONITOR | Paper trades checked (next in 60s)
2025-11-28 06:54:14 | INFO | MONITOR_SLEEP | Sleeping for 20s (base=20s, consecutive_errors=0, monitoring_suspended=False)
2025-11-28 06:54:34 | INFO | MONITOR_SLEEP | Sleeping for 20s (base=20s, consecutive_errors=0, monitoring_suspended=False)
2025-11-28 06:54:54 | INFO | MONITOR_SLEEP | Sleeping for 20s (base=20s, consecutive_errors=0, monitoring_suspended=False)
2025-11-28 06:55:14 | INFO | MONITOR | Paper trades checked (next in 60s)
2025-11-28 06:55:14 | INFO | MONITOR_SLEEP | Sleeping for 20s (base=20s, consecutive_errors=0, monitoring_suspended=False)
2025-11-28 06:55:34 | INFO | MONITOR_SLEEP | Sleeping for 20s (base=20s, consecutive_errors=0, monitoring_suspended=False)
2025-11-28 06:55:54 | INFO | MONITOR_SLEEP | Sleeping for 20s (base=20s, consecutive_errors=0, monitoring_suspended=False)
2025-11-28 06:56:14 | INFO | MONITOR | Paper trades checked (next in 60s)
2025-11-28 06:56:14 | INFO | MONITOR_SLEEP | Sleeping for 20s (base=20s, consecutive_errors=0, monitoring_suspended=False)
2025-11-28 06:56:34 | INFO | MONITOR_SLEEP | Sleeping for 20s (base=20s, consecutive_errors=0, monitoring_suspended=False)
2025-11-28 06:56:54 | INFO | MONITOR_SLEEP | Sleeping for 20s (base=20s, consecutive_errors=0, monitoring_suspended=False)
2025-11-28 06:57:14 | INFO | MONITOR | Paper trades checked (next in 60s)
2025-11-28 06:57:14 | INFO | MONITOR_SLEEP | Sleeping for 20s (base=20s, consecutive_errors=0, monitoring_suspended=False)
2025-11-28 06:57:34 | INFO | MONITOR_SLEEP | Sleeping for 20s (base=20s, consecutive_errors=0, monitoring_suspended=False)
2025-11-28 06:57:54 | INFO | MONITOR_SLEEP | Sleeping for 20s (base=20s, consecutive_errors=0, monitoring_suspended=False)
2025-11-28 06:58:14 | INFO | MONITOR | Paper trades checked (next in 60s)
2025-11-28 06:58:14 | INFO | MONITOR_SLEEP | Sleeping for 20s (base=20s, consecutive_errors=0, monitoring_suspended=False)
2025-11-28 06:58:34 | INFO | MONITOR_SLEEP | Sleeping for 20s (base=20s, consecutive_errors=0, monitoring_suspended=False)
2025-11-28 06:58:54 | INFO | MONITOR_SLEEP | Sleeping for 20s (base=20s, consecutive_errors=0, monitoring_suspended=False)
2025-11-28 06:59:14 | INFO | MONITOR | Paper trades checked (next in 60s)
2025-11-28 06:59:14 | INFO | MONITOR_SLEEP | Sleeping for 20s (base=20s, consecutive_errors=0, monitoring_suspended=False)
2025-11-28 06:59:34 | INFO | MONITOR_SLEEP | Sleeping for 20s (base=20s, consecutive_errors=0, monitoring_suspended=False)
2025-11-28 06:59:54 | INFO | MONITOR_SLEEP | Sleeping for 20s (base=20s, consecutive_errors=0, monitoring_suspended=False)
2025-11-28 07:00:14 | INFO | MONITOR | Paper trades checked (next in 60s)
2025-11-28 07:00:14 | INFO | MONITOR_SLEEP | Sleeping for 20s (base=20s, consecutive_errors=0, monitoring_suspended=False)
2025-11-28 07:00:34 | INFO | MONITOR_SLEEP | Sleeping for 20s (base=20s, consecutive_errors=0, monitoring_suspended=False)
2025-11-28 07:00:54 | INFO | MONITOR_SLEEP | Sleeping for 20s (base=20s, consecutive_errors=0, monitoring_suspended=False)
2025-11-28 07:01:14 | INFO | MONITOR | Paper trades checked (next in 60s)
2025-11-28 07:01:14 | INFO | MONITOR_SLEEP | Sleeping for 20s (base=20s, consecutive_errors=0, monitoring_suspended=False)
2025-11-28 07:01:34 | INFO | MONITOR_SLEEP | Sleeping for 20s (base=20s, consecutive_errors=0, monitoring_suspended=False)
2025-11-28 07:01:54 | INFO | MONITOR_SLEEP | Sleeping for 20s (base=20s, consecutive_errors=0, monitoring_suspended=False)
2025-11-28 07:02:14 | INFO | MONITOR | Paper trades checked (next in 60s)
2025-11-28 07:02:14 | INFO | MONITOR_SLEEP | Sleeping for 20s (base=20s, consecutive_errors=0, monitoring_suspended=False)
2025-11-28 07:02:34 | INFO | MONITOR_SLEEP | Sleeping for 20s (base=20s, consecutive_errors=0, monitoring_suspended=False)
2025-11-28 07:02:54 | INFO | MONITOR_SLEEP | Sleeping for 20s (base=20s, consecutive_errors=0, monitoring_suspended=False)
2025-11-28 07:03:14 | INFO | MONITOR | Paper trades checked (next in 60s)
2025-11-28 07:03:14 | INFO | MONITOR_SLEEP | Sleeping for 20s (base=20s, consecutive_errors=0, monitoring_suspended=False)
2025-11-28 07:03:34 | INFO | MONITOR_SLEEP | Sleeping for 20s (base=20s, consecutive_errors=0, monitoring_suspended=False)
2025-11-28 07:03:54 | INFO | MONITOR_SLEEP | Sleeping for 20s (base=20s, consecutive_errors=0, monitoring_suspended=False)
2025-11-28 07:04:14 | INFO | MONITOR | Paper trades checked (next in 60s)
2025-11-28 07:04:14 | INFO | MONITOR_SLEEP | Sleeping for 20s (base=20s, consecutive_errors=0, monitoring_suspended=False)
2025-11-28 07:04:34 | INFO | MONITOR_SLEEP | Sleeping for 20s (base=20s, consecutive_errors=0, monitoring_suspended=False)
2025-11-28 07:04:54 | INFO | MONITOR_SLEEP | Sleeping for 20s (base=20s, consecutive_errors=0, monitoring_suspended=False)
2025-11-28 07:05:14 | INFO | MONITOR | Paper trades checked (next in 60s)
2025-11-28 07:05:14 | INFO | MONITOR_SLEEP | Sleeping for 20s (base=20s, consecutive_errors=0, monitoring_suspended=False)
2025-11-28 07:05:34 | INFO | MONITOR_SLEEP | Sleeping for 20s (base=20s, consecutive_errors=0, monitoring_suspended=False)
2025-11-28 07:05:54 | INFO | MONITOR_SLEEP | Sleeping for 20s (base=20s, consecutive_errors=0, monitoring_suspended=False)
2025-11-28 07:06:14 | INFO | MONITOR | Paper trades checked (next in 60s)
2025-11-28 07:06:14 | INFO | MONITOR_SLEEP | Sleeping for 20s (base=20s, consecutive_errors=0, monitoring_suspended=False)
2025-11-28 07:06:34 | INFO | MONITOR_SLEEP | Sleeping for 20s (base=20s, consecutive_errors=0, monitoring_suspended=False)
2025-11-28 07:06:54 | INFO | MONITOR_SLEEP | Sleeping for 20s (base=20s, consecutive_errors=0, monitoring_suspended=False)
2025-11-28 07:07:14 | INFO | MONITOR | Paper trades checked (next in 60s)
2025-11-28 07:07:14 | INFO | MONITOR_SLEEP | Sleeping for 20s (base=20s, consecutive_errors=0, monitoring_suspended=False)
2025-11-28 07:07:34 | INFO | MONITOR_SLEEP | Sleeping for 20s (base=20s, consecutive_errors=0, monitoring_suspended=False)
2025-11-28 07:07:54 | INFO | MONITOR_SLEEP | Sleeping for 20s (base=20s, consecutive_errors=0, monitoring_suspended=False)
2025-11-28 07:08:14 | INFO | MONITOR | Paper trades checked (next in 60s)
2025-11-28 07:08:14 | INFO | MONITOR_SLEEP | Sleeping for 20s (base=20s, consecutive_errors=0, monitoring_suspended=False)
2025-11-28 07:08:34 | INFO | MONITOR_SLEEP | Sleeping for 20s (base=20s, consecutive_errors=0, monitoring_suspended=False)
2025-11-28 07:08:54 | INFO | MONITOR_SLEEP | Sleeping for 20s (base=20s, consecutive_errors=0, monitoring_suspended=False)
2025-11-28 07:09:14 | INFO | MONITOR | Paper trades checked (next in 60s)
2025-11-28 07:09:14 | INFO | MONITOR_SLEEP | Sleeping for 20s (base=20s, consecutive_errors=0, monitoring_suspended=False)
2025-11-28 07:09:34 | INFO | MONITOR_SLEEP | Sleeping for 20s (base=20s, consecutive_errors=0, monitoring_suspended=False)
2025-11-28 07:09:54 | INFO | MONITOR_SLEEP | Sleeping for 20s (base=20s, consecutive_errors=0, monitoring_suspended=False)
2025-11-28 07:10:14 | INFO | MONITOR | Paper trades checked (next in 60s)
2025-11-28 07:10:14 | INFO | MONITOR_SLEEP | Sleeping for 20s (base=20s, consecutive_errors=0, monitoring_suspended=False)
2025-11-28 07:10:34 | INFO | MONITOR_SLEEP | Sleeping for 20s (base=20s, consecutive_errors=0, monitoring_suspended=False)
2025-11-28 07:10:54 | INFO | MONITOR_SLEEP | Sleeping for 20s (base=20s, consecutive_errors=0, monitoring_suspended=False)
2025-11-28 07:11:14 | INFO | MONITOR | Paper trades checked (next in 60s)
2025-11-28 07:11:14 | INFO | MONITOR_SLEEP | Sleeping for 20s (base=20s, consecutive_errors=0, monitoring_suspended=False)
2025-11-28 07:11:34 | INFO | MONITOR_SLEEP | Sleeping for 20s (base=20s, consecutive_errors=0, monitoring_suspended=False)
2025-11-28 07:11:54 | INFO | MONITOR_SLEEP | Sleeping for 20s (base=20s, consecutive_errors=0, monitoring_suspended=False)
2025-11-28 07:12:14 | INFO | MONITOR | Paper trades checked (next in 60s)
2025-11-28 07:12:14 | INFO | MONITOR_SLEEP | Sleeping for 20s (base=20s, consecutive_errors=0, monitoring_suspended=False)
2025-11-28 07:12:34 | INFO | MONITOR_SLEEP | Sleeping for 20s (base=20s, consecutive_errors=0, monitoring_suspended=False)
2025-11-28 07:12:54 | INFO | MONITOR_SLEEP | Sleeping for 20s (base=20s, consecutive_errors=0, monitoring_suspended=False)
2025-11-28 07:13:14 | INFO | MONITOR | Paper trades checked (next in 60s)
2025-11-28 07:13:14 | INFO | MONITOR_SLEEP | Sleeping for 20s (base=20s, consecutive_errors=0, monitoring_suspended=False)
2025-11-28 07:13:34 | INFO | MONITOR_SLEEP | Sleeping for 20s (base=20s, consecutive_errors=0, monitoring_suspended=False)
2025-11-28 07:13:54 | INFO | MONITOR_SLEEP | Sleeping for 20s (base=20s, consecutive_errors=0, monitoring_suspended=False)
2025-11-28 07:14:14 | INFO | MONITOR | Paper trades checked (next in 60s)
2025-11-28 07:14:14 | INFO | MONITOR_SLEEP | Sleeping for 20s (base=20s, consecutive_errors=0, monitoring_suspended=False)
2025-11-28 07:14:34 | INFO | MONITOR_SLEEP | Sleeping for 20s (base=20s, consecutive_errors=0, monitoring_suspended=False)
2025-11-28 07:14:54 | INFO | MONITOR_SLEEP | Sleeping for 20s (base=20s, consecutive_errors=0, monitoring_suspended=False)
2025-11-28 07:15:14 | INFO | MONITOR | Paper trades checked (next in 60s)
2025-11-28 07:15:14 | INFO | MONITOR_SLEEP | Sleeping for 20s (base=20s, consecutive_errors=0, monitoring_suspended=False)
2025-11-28 07:15:34 | INFO | MONITOR_SLEEP | Sleeping for 20s (base=20s, consecutive_errors=0, monitoring_suspended=False)
2025-11-28 07:15:54 | INFO | MONITOR_SLEEP | Sleeping for 20s (base=20s, consecutive_errors=0, monitoring_suspended=False)
2025-11-28 07:16:14 | INFO | MONITOR | Paper trades checked (next in 60s)
2025-11-28 07:16:14 | INFO | MONITOR_SLEEP | Sleeping for 20s (base=20s, consecutive_errors=0, monitoring_suspended=False)
2025-11-28 07:16:34 | INFO | MONITOR_SLEEP | Sleeping for 20s (base=20s, consecutive_errors=0, monitoring_suspended=False)
2025-11-28 07:16:54 | INFO | MONITOR_SLEEP | Sleeping for 20s (base=20s, consecutive_errors=0, monitoring_suspended=False)
2025-11-28 07:17:14 | INFO | MONITOR | Paper trades checked (next in 60s)
2025-11-28 07:17:14 | INFO | MONITOR_SLEEP | Sleeping for 20s (base=20s, consecutive_errors=0, monitoring_suspended=False)
2025-11-28 07:17:34 | INFO | MONITOR_SLEEP | Sleeping for 20s (base=20s, consecutive_errors=0, monitoring_suspended=False)
2025-11-28 07:17:54 | INFO | MONITOR_SLEEP | Sleeping for 20s (base=20s, consecutive_errors=0, monitoring_suspended=False)
2025-11-28 07:18:14 | INFO | MONITOR | Paper trades checked (next in 60s)
2025-11-28 07:18:14 | INFO | MONITOR_SLEEP | Sleeping for 20s (base=20s, consecutive_errors=0, monitoring_suspended=False)
2025-11-28 07:18:34 | INFO | MONITOR_SLEEP | Sleeping for 20s (base=20s, consecutive_errors=0, monitoring_suspended=False)
2025-11-28 07:18:54 | INFO | MONITOR_SLEEP | Sleeping for 20s (base=20s, consecutive_errors=0, monitoring_suspended=False)
2025-11-28 07:19:14 | INFO | MONITOR | Paper trades checked (next in 60s)
2025-11-28 07:19:14 | INFO | MONITOR_SLEEP | Sleeping for 20s (base=20s, consecutive_errors=0, monitoring_suspended=False)
2025-11-28 07:19:34 | INFO | MONITOR_SLEEP | Sleeping for 20s (base=20s, consecutive_errors=0, monitoring_suspended=False)
2025-11-28 07:19:54 | INFO | MONITOR_SLEEP | Sleeping for 20s (base=20s, consecutive_errors=0, monitoring_suspended=False)
2025-11-28 07:20:14 | INFO | MONITOR | Paper trades checked (next in 60s)
2025-11-28 07:20:14 | INFO | MONITOR_SLEEP | Sleeping for 20s (base=20s, consecutive_errors=0, monitoring_suspended=False)
2025-11-28 07:20:34 | INFO | MONITOR_SLEEP | Sleeping for 20s (base=20s, consecutive_errors=0, monitoring_suspended=False)
2025-11-28 07:20:54 | INFO | MONITOR_SLEEP | Sleeping for 20s (base=20s, consecutive_errors=0, monitoring_suspended=False)
2025-11-28 07:21:14 | INFO | MONITOR | Paper trades checked (next in 60s)
2025-11-28 07:21:14 | INFO | MONITOR_SLEEP | Sleeping for 20s (base=20s, consecutive_errors=0, monitoring_suspended=False)
2025-11-28 07:21:34 | INFO | MONITOR_SLEEP | Sleeping for 20s (base=20s, consecutive_errors=0, monitoring_suspended=False)
2025-11-28 07:21:54 | INFO | MONITOR_SLEEP | Sleeping for 20s (base=20s, consecutive_errors=0, monitoring_suspended=False)
2025-11-28 07:22:14 | INFO | MONITOR | Paper trades checked (next in 60s)
2025-11-28 07:22:14 | INFO | MONITOR_SLEEP | Sleeping for 20s (base=20s, consecutive_errors=0, monitoring_suspended=False)
2025-11-28 07:22:34 | INFO | MONITOR_SLEEP | Sleeping for 20s (base=20s, consecutive_errors=0, monitoring_suspended=False)
2025-11-28 07:22:54 | INFO | MONITOR_SLEEP | Sleeping for 20s (base=20s, consecutive_errors=0, monitoring_suspended=False)
2025-11-28 07:23:14 | INFO | MONITOR | Paper trades checked (next in 60s)
2025-11-28 07:23:14 | INFO | MONITOR_SLEEP | Sleeping for 20s (base=20s, consecutive_errors=0, monitoring_suspended=False)
2025-11-28 07:23:34 | INFO | MONITOR_SLEEP | Sleeping for 20s (base=20s, consecutive_errors=0, monitoring_suspended=False)
2025-11-28 07:23:54 | INFO | MONITOR_SLEEP | Sleeping for 20s (base=20s, consecutive_errors=0, monitoring_suspended=False)
2025-11-28 07:24:14 | INFO | MONITOR | Paper trades checked (next in 60s)
2025-11-28 07:24:14 | INFO | MONITOR_SLEEP | Sleeping for 20s (base=20s, consecutive_errors=0, monitoring_suspended=False)
2025-11-28 07:24:34 | INFO | MONITOR_SLEEP | Sleeping for 20s (base=20s, consecutive_errors=0, monitoring_suspended=False)
2025-11-28 07:24:54 | INFO | MONITOR_SLEEP | Sleeping for 20s (base=20s, consecutive_errors=0, monitoring_suspended=False)
2025-11-28 07:25:14 | INFO | MONITOR | Paper trades checked (next in 60s)
2025-11-28 07:25:14 | INFO | MONITOR_SLEEP | Sleeping for 20s (base=20s, consecutive_errors=0, monitoring_suspended=False)
2025-11-28 07:25:34 | INFO | MONITOR_SLEEP | Sleeping for 20s (base=20s, consecutive_errors=0, monitoring_suspended=False)
2025-11-28 07:25:54 | INFO | MONITOR_SLEEP | Sleeping for 20s (base=20s, consecutive_errors=0, monitoring_suspended=False)
2025-11-28 07:26:14 | INFO | MONITOR | Paper trades checked (next in 60s)
2025-11-28 07:26:14 | INFO | MONITOR_SLEEP | Sleeping for 20s (base=20s, consecutive_errors=0, monitoring_suspended=False)
2025-11-28 07:26:34 | INFO | MONITOR_SLEEP | Sleeping for 20s (base=20s, consecutive_errors=0, monitoring_suspended=False)
2025-11-28 07:26:54 | INFO | MONITOR_SLEEP | Sleeping for 20s (base=20s, consecutive_errors=0, monitoring_suspended=False)
2025-11-28 07:27:14 | INFO | MONITOR | Paper trades checked (next in 60s)
2025-11-28 07:27:14 | INFO | MONITOR_SLEEP | Sleeping for 20s (base=20s, consecutive_errors=0, monitoring_suspended=False)
2025-11-28 07:27:34 | INFO | MONITOR_SLEEP | Sleeping for 20s (base=20s, consecutive_errors=0, monitoring_suspended=False)
2025-11-28 07:27:54 | INFO | MONITOR_SLEEP | Sleeping for 20s (base=20s, consecutive_errors=0, monitoring_suspended=False)
2025-11-28 07:28:14 | INFO | MONITOR | Paper trades checked (next in 60s)
2025-11-28 07:28:14 | INFO | MONITOR_SLEEP | Sleeping for 20s (base=20s, consecutive_errors=0, monitoring_suspended=False)
2025-11-28 07:28:34 | INFO | MONITOR_SLEEP | Sleeping for 20s (base=20s, consecutive_errors=0, monitoring_suspended=False)
2025-11-28 07:28:54 | INFO | MONITOR_SLEEP | Sleeping for 20s (base=20s, consecutive_errors=0, monitoring_suspended=False)
2025-11-28 07:29:14 | INFO | MONITOR | Paper trades checked (next in 60s)
2025-11-28 07:29:14 | INFO | MONITOR_SLEEP | Sleeping for 20s (base=20s, consecutive_errors=0, monitoring_suspended=False)
2025-11-28 07:29:34 | INFO | MONITOR_SLEEP | Sleeping for 20s (base=20s, consecutive_errors=0, monitoring_suspended=False)
2025-11-28 07:29:54 | INFO | MONITOR_SLEEP | Sleeping for 20s (base=20s, consecutive_errors=0, monitoring_suspended=False)
2025-11-28 07:30:14 | INFO | MONITOR | Paper trades checked (next in 60s)
2025-11-28 07:30:14 | INFO | MONITOR_SLEEP | Sleeping for 20s (base=20s, consecutive_errors=0, monitoring_suspended=False)
2025-11-28 07:30:34 | INFO | MONITOR_SLEEP | Sleeping for 20s (base=20s, consecutive_errors=0, monitoring_suspended=False)
2025-11-28 07:30:54 | INFO | MONITOR_SLEEP | Sleeping for 20s (base=20s, consecutive_errors=0, monitoring_suspended=False)
2025-11-28 07:31:14 | INFO | MONITOR | Paper trades checked (next in 60s)
2025-11-28 07:31:14 | INFO | MONITOR_SLEEP | Sleeping for 20s (base=20s, consecutive_errors=0, monitoring_suspended=False)
2025-11-28 07:31:34 | INFO | MONITOR_SLEEP | Sleeping for 20s (base=20s, consecutive_errors=0, monitoring_suspended=False)
2025-11-28 07:31:54 | INFO | MONITOR_SLEEP | Sleeping for 20s (base=20s, consecutive_errors=0, monitoring_suspended=False)
2025-11-28 07:32:14 | INFO | MONITOR | Paper trades checked (next in 60s)
2025-11-28 07:32:14 | INFO | MONITOR_SLEEP | Sleeping for 20s (base=20s, consecutive_errors=0, monitoring_suspended=False)
2025-11-28 07:32:34 | INFO | MONITOR_SLEEP | Sleeping for 20s (base=20s, consecutive_errors=0, monitoring_suspended=False)
2025-11-28 07:32:54 | INFO | MONITOR_SLEEP | Sleeping for 20s (base=20s, consecutive_errors=0, monitoring_suspended=False)
2025-11-28 07:33:14 | INFO | MONITOR | Paper trades checked (next in 60s)
2025-11-28 07:33:14 | INFO | MONITOR_SLEEP | Sleeping for 20s (base=20s, consecutive_errors=0, monitoring_suspended=False)
2025-11-28 07:33:34 | INFO | MONITOR_SLEEP | Sleeping for 20s (base=20s, consecutive_errors=0, monitoring_suspended=False)
2025-11-28 07:33:54 | INFO | MONITOR_SLEEP | Sleeping for 20s (base=20s, consecutive_errors=0, monitoring_suspended=False)
2025-11-28 07:34:14 | INFO | MONITOR | Paper trades checked (next in 60s)
2025-11-28 07:34:14 | INFO | MONITOR_SLEEP | Sleeping for 20s (base=20s, consecutive_errors=0, monitoring_suspended=False)
2025-11-28 07:34:34 | INFO | MONITOR_SLEEP | Sleeping for 20s (base=20s, consecutive_errors=0, monitoring_suspended=False)
2025-11-28 07:34:54 | INFO | MONITOR_SLEEP | Sleeping for 20s (base=20s, consecutive_errors=0, monitoring_suspended=False)
2025-11-28 07:35:14 | INFO | MONITOR | Paper trades checked (next in 60s)
2025-11-28 07:35:14 | INFO | MONITOR_SLEEP | Sleeping for 20s (base=20s, consecutive_errors=0, monitoring_suspended=False)
2025-11-28 07:35:34 | INFO | MONITOR_SLEEP | Sleeping for 20s (base=20s, consecutive_errors=0, monitoring_suspended=False)
2025-11-28 07:35:54 | INFO | MONITOR_SLEEP | Sleeping for 20s (base=20s, consecutive_errors=0, monitoring_suspended=False)
2025-11-28 07:36:14 | INFO | MONITOR | Paper trades checked (next in 60s)
2025-11-28 07:36:14 | INFO | MONITOR_SLEEP | Sleeping for 20s (base=20s, consecutive_errors=0, monitoring_suspended=False)
2025-11-28 07:36:34 | INFO | MONITOR_SLEEP | Sleeping for 20s (base=20s, consecutive_errors=0, monitoring_suspended=False)
2025-11-28 07:36:54 | INFO | MONITOR_SLEEP | Sleeping for 20s (base=20s, consecutive_errors=0, monitoring_suspended=False)
2025-11-28 07:37:14 | INFO | MONITOR | Paper trades checked (next in 60s)
2025-11-28 07:37:14 | INFO | MONITOR_SLEEP | Sleeping for 20s (base=20s, consecutive_errors=0, monitoring_suspended=False)
2025-11-28 07:37:34 | INFO | MONITOR_SLEEP | Sleeping for 20s (base=20s, consecutive_errors=0, monitoring_suspended=False)
2025-11-28 07:37:54 | INFO | MONITOR_SLEEP | Sleeping for 20s (base=20s, consecutive_errors=0, monitoring_suspended=False)
2025-11-28 07:38:14 | INFO | MONITOR | Paper trades checked (next in 60s)
2025-11-28 07:38:14 | INFO | MONITOR_SLEEP | Sleeping for 20s (base=20s, consecutive_errors=0, monitoring_suspended=False)
2025-11-28 07:38:34 | INFO | MONITOR_SLEEP | Sleeping for 20s (base=20s, consecutive_errors=0, monitoring_suspended=False)
2025-11-28 07:38:54 | INFO | MONITOR_SLEEP | Sleeping for 20s (base=20s, consecutive_errors=0, monitoring_suspended=False)
2025-11-28 07:39:14 | INFO | MONITOR | Paper trades checked (next in 60s)
2025-11-28 07:39:14 | INFO | MONITOR_SLEEP | Sleeping for 20s (base=20s, consecutive_errors=0, monitoring_suspended=False)
2025-11-28 07:39:34 | INFO | MONITOR_SLEEP | Sleeping for 20s (base=20s, consecutive_errors=0, monitoring_suspended=False)
2025-11-28 07:39:54 | INFO | MONITOR_SLEEP | Sleeping for 20s (base=20s, consecutive_errors=0, monitoring_suspended=False)
2025-11-28 07:40:14 | INFO | MONITOR | Paper trades checked (next in 60s)
2025-11-28 07:40:14 | INFO | MONITOR_SLEEP | Sleeping for 20s (base=20s, consecutive_errors=0, monitoring_suspended=False)
2025-11-28 07:40:34 | INFO | MONITOR_SLEEP | Sleeping for 20s (base=20s, consecutive_errors=0, monitoring_suspended=False)
2025-11-28 07:40:54 | INFO | MONITOR_SLEEP | Sleeping for 20s (base=20s, consecutive_errors=0, monitoring_suspended=False)
2025-11-28 07:41:14 | INFO | MONITOR | Paper trades checked (next in 60s)
2025-11-28 07:41:14 | INFO | MONITOR_SLEEP | Sleeping for 20s (base=20s, consecutive_errors=0, monitoring_suspended=False)
2025-11-28 07:41:34 | INFO | MONITOR_SLEEP | Sleeping for 20s (base=20s, consecutive_errors=0, monitoring_suspended=False)
2025-11-28 07:41:54 | INFO | MONITOR_SLEEP | Sleeping for 20s (base=20s, consecutive_errors=0, monitoring_suspended=False)
2025-11-28 07:42:14 | INFO | MONITOR | Paper trades checked (next in 60s)
2025-11-28 07:42:14 | INFO | MONITOR_SLEEP | Sleeping for 20s (base=20s, consecutive_errors=0, monitoring_suspended=False)
2025-11-28 07:42:34 | INFO | MONITOR_SLEEP | Sleeping for 20s (base=20s, consecutive_errors=0, monitoring_suspended=False)
2025-11-28 07:42:54 | INFO | MONITOR_SLEEP | Sleeping for 20s (base=20s, consecutive_errors=0, monitoring_suspended=False)
2025-11-28 07:43:14 | INFO | MONITOR | Paper trades checked (next in 60s)
2025-11-28 07:43:14 | INFO | MONITOR_SLEEP | Sleeping for 20s (base=20s, consecutive_errors=0, monitoring_suspended=False)
2025-11-28 07:43:34 | INFO | MONITOR_SLEEP | Sleeping for 20s (base=20s, consecutive_errors=0, monitoring_suspended=False)
2025-11-28 07:43:54 | INFO | MONITOR_SLEEP | Sleeping for 20s (base=20s, consecutive_errors=0, monitoring_suspended=False)
2025-11-28 07:44:14 | INFO | MONITOR | Paper trades checked (next in 60s)
2025-11-28 07:44:14 | INFO | MONITOR_SLEEP | Sleeping for 20s (base=20s, consecutive_errors=0, monitoring_suspended=False)
2025-11-28 07:44:34 | INFO | MONITOR_SLEEP | Sleeping for 20s (base=20s, consecutive_errors=0, monitoring_suspended=False)
2025-11-28 07:44:54 | INFO | MONITOR_SLEEP | Sleeping for 20s (base=20s, consecutive_errors=0, monitoring_suspended=False)
2025-11-28 07:45:14 | INFO | MONITOR | Paper trades checked (next in 60s)
2025-11-28 07:45:14 | INFO | MONITOR_SLEEP | Sleeping for 20s (base=20s, consecutive_errors=0, monitoring_suspended=False)
2025-11-28 07:45:34 | INFO | MONITOR_SLEEP | Sleeping for 20s (base=20s, consecutive_errors=0, monitoring_suspended=False)
2025-11-28 07:45:54 | INFO | MONITOR_SLEEP | Sleeping for 20s (base=20s, consecutive_errors=0, monitoring_suspended=False)
2025-11-28 07:46:14 | INFO | MONITOR | Paper trades checked (next in 60s)
2025-11-28 07:46:14 | INFO | MONITOR_SLEEP | Sleeping for 20s (base=20s, consecutive_errors=0, monitoring_suspended=False)
2025-11-28 07:46:34 | INFO | MONITOR_SLEEP | Sleeping for 20s (base=20s, consecutive_errors=0, monitoring_suspended=False)
2025-11-28 07:46:54 | INFO | MONITOR_SLEEP | Sleeping for 20s (base=20s, consecutive_errors=0, monitoring_suspended=False)
2025-11-28 07:47:14 | INFO | MONITOR | Paper trades checked (next in 60s)
2025-11-28 07:47:14 | INFO | MONITOR_SLEEP | Sleeping for 20s (base=20s, consecutive_errors=0, monitoring_suspended=False)
2025-11-28 07:47:34 | INFO | MONITOR_SLEEP | Sleeping for 20s (base=20s, consecutive_errors=0, monitoring_suspended=False)
2025-11-28 07:47:54 | INFO | MONITOR_SLEEP | Sleeping for 20s (base=20s, consecutive_errors=0, monitoring_suspended=False)
2025-11-28 07:48:14 | INFO | MONITOR | Paper trades checked (next in 60s)
2025-11-28 07:48:14 | INFO | MONITOR_SLEEP | Sleeping for 20s (base=20s, consecutive_errors=0, monitoring_suspended=False)
2025-11-28 07:48:34 | INFO | MONITOR_SLEEP | Sleeping for 20s (base=20s, consecutive_errors=0, monitoring_suspended=False)
2025-11-28 07:48:54 | INFO | MONITOR_SLEEP | Sleeping for 20s (base=20s, consecutive_errors=0, monitoring_suspended=False)
2025-11-28 07:49:14 | INFO | MONITOR | Paper trades checked (next in 60s)
2025-11-28 07:49:14 | INFO | MONITOR_SLEEP | Sleeping for 20s (base=20s, consecutive_errors=0, monitoring_suspended=False)
2025-11-28 07:49:34 | INFO | MONITOR_SLEEP | Sleeping for 20s (base=20s, consecutive_errors=0, monitoring_suspended=False)
2025-11-28 07:49:54 | INFO | MONITOR_SLEEP | Sleeping for 20s (base=20s, consecutive_errors=0, monitoring_suspended=False)
2025-11-28 07:50:14 | INFO | MONITOR | Paper trades checked (next in 60s)
2025-11-28 07:50:14 | INFO | MONITOR_SLEEP | Sleeping for 20s (base=20s, consecutive_errors=0, monitoring_suspended=False)
2025-11-28 07:50:34 | INFO | MONITOR_SLEEP | Sleeping for 20s (base=20s, consecutive_errors=0, monitoring_suspended=False)
2025-11-28 07:50:54 | INFO | MONITOR_SLEEP | Sleeping for 20s (base=20s, consecutive_errors=0, monitoring_suspended=False)
2025-11-28 07:51:14 | INFO | MONITOR | Paper trades checked (next in 60s)
2025-11-28 07:51:14 | INFO | MONITOR_SLEEP | Sleeping for 20s (base=20s, consecutive_errors=0, monitoring_suspended=False)
2025-11-28 07:51:34 | INFO | MONITOR_SLEEP | Sleeping for 20s (base=20s, consecutive_errors=0, monitoring_suspended=False)
2025-11-28 07:51:54 | INFO | MONITOR_SLEEP | Sleeping for 20s (base=20s, consecutive_errors=0, monitoring_suspended=False)
2025-11-28 07:52:14 | INFO | MONITOR | Paper trades checked (next in 60s)
2025-11-28 07:52:14 | INFO | MONITOR_SLEEP | Sleeping for 20s (base=20s, consecutive_errors=0, monitoring_suspended=False)
2025-11-28 07:52:34 | INFO | MONITOR_SLEEP | Sleeping for 20s (base=20s, consecutive_errors=0, monitoring_suspended=False)
2025-11-28 07:52:54 | INFO | MONITOR_SLEEP | Sleeping for 20s (base=20s, consecutive_errors=0, monitoring_suspended=False)
2025-11-28 07:53:14 | INFO | MONITOR | Paper trades checked (next in 60s)
2025-11-28 07:53:14 | INFO | MONITOR_SLEEP | Sleeping for 20s (base=20s, consecutive_errors=0, monitoring_suspended=False)
2025-11-28 07:53:34 | INFO | MONITOR_SLEEP | Sleeping for 20s (base=20s, consecutive_errors=0, monitoring_suspended=False)
2025-11-28 07:53:54 | INFO | MONITOR_SLEEP | Sleeping for 20s (base=20s, consecutive_errors=0, monitoring_suspended=False)
2025-11-28 07:54:14 | INFO | MONITOR | Paper trades checked (next in 60s)
2025-11-28 07:54:14 | INFO | MONITOR_SLEEP | Sleeping for 20s (base=20s, consecutive_errors=0, monitoring_suspended=False)
2025-11-28 07:54:34 | INFO | MONITOR_SLEEP | Sleeping for 20s (base=20s, consecutive_errors=0, monitoring_suspended=False)
2025-11-28 07:54:54 | INFO | MONITOR_SLEEP | Sleeping for 20s (base=20s, consecutive_errors=0, monitoring_suspended=False)
2025-11-28 07:55:14 | INFO | MONITOR | Paper trades checked (next in 60s)
2025-11-28 07:55:14 | INFO | MONITOR_SLEEP | Sleeping for 20s (base=20s, consecutive_errors=0, monitoring_suspended=False)
2025-11-28 07:55:34 | INFO | MONITOR_SLEEP | Sleeping for 20s (base=20s, consecutive_errors=0, monitoring_suspended=False)
2025-11-28 07:55:54 | INFO | MONITOR_SLEEP | Sleeping for 20s (base=20s, consecutive_errors=0, monitoring_suspended=False)
2025-11-28 07:56:14 | INFO | MONITOR | Paper trades checked (next in 60s)
2025-11-28 07:56:14 | INFO | MONITOR_SLEEP | Sleeping for 20s (base=20s, consecutive_errors=0, monitoring_suspended=False)
2025-11-28 07:56:34 | INFO | MONITOR_SLEEP | Sleeping for 20s (base=20s, consecutive_errors=0, monitoring_suspended=False)
2025-11-28 07:56:54 | INFO | MONITOR_SLEEP | Sleeping for 20s (base=20s, consecutive_errors=0, monitoring_suspended=False)
2025-11-28 07:57:14 | INFO | MONITOR | Paper trades checked (next in 60s)
2025-11-28 07:57:14 | INFO | MONITOR_SLEEP | Sleeping for 20s (base=20s, consecutive_errors=0, monitoring_suspended=False)
2025-11-28 07:57:34 | INFO | MONITOR_SLEEP | Sleeping for 20s (base=20s, consecutive_errors=0, monitoring_suspended=False)
2025-11-28 07:57:54 | INFO | MONITOR_SLEEP | Sleeping for 20s (base=20s, consecutive_errors=0, monitoring_suspended=False)
2025-11-28 07:58:14 | INFO | MONITOR | Paper trades checked (next in 60s)
2025-11-28 07:58:14 | INFO | MONITOR_SLEEP | Sleeping for 20s (base=20s, consecutive_errors=0, monitoring_suspended=False)
2025-11-28 07:58:34 | INFO | MONITOR_SLEEP | Sleeping for 20s (base=20s, consecutive_errors=0, monitoring_suspended=False)
2025-11-28 07:58:54 | INFO | MONITOR_SLEEP | Sleeping for 20s (base=20s, consecutive_errors=0, monitoring_suspended=False)
2025-11-28 07:59:14 | INFO | MONITOR | Paper trades checked (next in 60s)
2025-11-28 07:59:14 | INFO | MONITOR_SLEEP | Sleeping for 20s (base=20s, consecutive_errors=0, monitoring_suspended=False)
2025-11-28 07:59:34 | INFO | MONITOR_SLEEP | Sleeping for 20s (base=20s, consecutive_errors=0, monitoring_suspended=False)
2025-11-28 07:59:54 | INFO | MONITOR_SLEEP | Sleeping for 20s (base=20s, consecutive_errors=0, monitoring_suspended=False)
2025-11-28 08:00:14 | INFO | MONITOR | Paper trades checked (next in 60s)
2025-11-28 08:00:14 | INFO | MONITOR_SLEEP | Sleeping for 20s (base=20s, consecutive_errors=0, monitoring_suspended=False)
2025-11-28 08:00:34 | INFO | MONITOR_SLEEP | Sleeping for 20s (base=20s, consecutive_errors=0, monitoring_suspended=False)
2025-11-28 08:00:54 | INFO | MONITOR_SLEEP | Sleeping for 20s (base=20s, consecutive_errors=0, monitoring_suspended=False)
2025-11-28 08:01:14 | INFO | MONITOR | Paper trades checked (next in 60s)
2025-11-28 08:01:14 | INFO | MONITOR_SLEEP | Sleeping for 20s (base=20s, consecutive_errors=0, monitoring_suspended=False)
2025-11-28 08:01:34 | INFO | MONITOR_SLEEP | Sleeping for 20s (base=20s, consecutive_errors=0, monitoring_suspended=False)
2025-11-28 08:01:54 | INFO | MONITOR_SLEEP | Sleeping for 20s (base=20s, consecutive_errors=0, monitoring_suspended=False)
2025-11-28 08:02:14 | INFO | MONITOR | Paper trades checked (next in 60s)
2025-11-28 08:02:14 | INFO | MONITOR_SLEEP | Sleeping for 20s (base=20s, consecutive_errors=0, monitoring_suspended=False)
2025-11-28 08:02:34 | INFO | MONITOR_SLEEP | Sleeping for 20s (base=20s, consecutive_errors=0, monitoring_suspended=False)
2025-11-28 08:02:54 | INFO | MONITOR_SLEEP | Sleeping for 20s (base=20s, consecutive_errors=0, monitoring_suspended=False)
2025-11-28 08:03:14 | INFO | MONITOR | Paper trades checked (next in 60s)
2025-11-28 08:03:14 | INFO | MONITOR_SLEEP | Sleeping for 20s (base=20s, consecutive_errors=0, monitoring_suspended=False)
2025-11-28 08:03:34 | INFO | MONITOR_SLEEP | Sleeping for 20s (base=20s, consecutive_errors=0, monitoring_suspended=False)
2025-11-28 08:03:54 | INFO | MONITOR_SLEEP | Sleeping for 20s (base=20s, consecutive_errors=0, monitoring_suspended=False)
2025-11-28 08:04:14 | INFO | MONITOR | Paper trades checked (next in 60s)
2025-11-28 08:04:14 | INFO | MONITOR_SLEEP | Sleeping for 20s (base=20s, consecutive_errors=0, monitoring_suspended=False)
2025-11-28 08:04:34 | INFO | MONITOR_SLEEP | Sleeping for 20s (base=20s, consecutive_errors=0, monitoring_suspended=False)
2025-11-28 08:04:54 | INFO | MONITOR_SLEEP | Sleeping for 20s (base=20s, consecutive_errors=0, monitoring_suspended=False)
2025-11-28 08:05:14 | INFO | MONITOR | Paper trades checked (next in 60s)
2025-11-28 08:05:14 | INFO | MONITOR_SLEEP | Sleeping for 20s (base=20s, consecutive_errors=0, monitoring_suspended=False)
2025-11-28 08:05:34 | INFO | MONITOR_SLEEP | Sleeping for 20s (base=20s, consecutive_errors=0, monitoring_suspended=False)
2025-11-28 08:05:54 | INFO | MONITOR_SLEEP | Sleeping for 20s (base=20s, consecutive_errors=0, monitoring_suspended=False)
2025-11-28 08:06:14 | INFO | MONITOR | Paper trades checked (next in 60s)
2025-11-28 08:06:14 | INFO | MONITOR_SLEEP | Sleeping for 20s (base=20s, consecutive_errors=0, monitoring_suspended=False)
2025-11-28 08:06:34 | INFO | MONITOR_SLEEP | Sleeping for 20s (base=20s, consecutive_errors=0, monitoring_suspended=False)
2025-11-28 08:06:54 | INFO | MONITOR_SLEEP | Sleeping for 20s (base=20s, consecutive_errors=0, monitoring_suspended=False)
2025-11-28 08:07:14 | INFO | MONITOR | Paper trades checked (next in 60s)
2025-11-28 08:07:14 | INFO | MONITOR_SLEEP | Sleeping for 20s (base=20s, consecutive_errors=0, monitoring_suspended=False)
2025-11-28 08:07:34 | INFO | MONITOR_SLEEP | Sleeping for 20s (base=20s, consecutive_errors=0, monitoring_suspended=False)
2025-11-28 08:07:54 | INFO | MONITOR_SLEEP | Sleeping for 20s (base=20s, consecutive_errors=0, monitoring_suspended=False)
2025-11-28 08:08:14 | INFO | MONITOR | Paper trades checked (next in 60s)
2025-11-28 08:08:14 | INFO | MONITOR_SLEEP | Sleeping for 20s (base=20s, consecutive_errors=0, monitoring_suspended=False)
2025-11-28 08:08:34 | INFO | MONITOR_SLEEP | Sleeping for 20s (base=20s, consecutive_errors=0, monitoring_suspended=False)
2025-11-28 08:08:54 | INFO | MONITOR_SLEEP | Sleeping for 20s (base=20s, consecutive_errors=0, monitoring_suspended=False)
2025-11-28 08:09:14 | INFO | MONITOR | Paper trades checked (next in 60s)
2025-11-28 08:09:14 | INFO | MONITOR_SLEEP | Sleeping for 20s (base=20s, consecutive_errors=0, monitoring_suspended=False)
2025-11-28 08:09:34 | INFO | MONITOR_SLEEP | Sleeping for 20s (base=20s, consecutive_errors=0, monitoring_suspended=False)
2025-11-28 08:09:54 | INFO | MONITOR_SLEEP | Sleeping for 20s (base=20s, consecutive_errors=0, monitoring_suspended=False)
2025-11-28 08:10:14 | INFO | MONITOR | Paper trades checked (next in 60s)
2025-11-28 08:10:14 | INFO | MONITOR_SLEEP | Sleeping for 20s (base=20s, consecutive_errors=0, monitoring_suspended=False)
2025-11-28 08:10:34 | INFO | MONITOR_SLEEP | Sleeping for 20s (base=20s, consecutive_errors=0, monitoring_suspended=False)
2025-11-28 08:10:54 | INFO | MONITOR_SLEEP | Sleeping for 20s (base=20s, consecutive_errors=0, monitoring_suspended=False)
2025-11-28 08:11:14 | INFO | MONITOR | Paper trades checked (next in 60s)
2025-11-28 08:11:14 | INFO | MONITOR_SLEEP | Sleeping for 20s (base=20s, consecutive_errors=0, monitoring_suspended=False)
2025-11-28 08:11:34 | INFO | MONITOR_SLEEP | Sleeping for 20s (base=20s, consecutive_errors=0, monitoring_suspended=False)
2025-11-28 08:11:54 | INFO | MONITOR_SLEEP | Sleeping for 20s (base=20s, consecutive_errors=0, monitoring_suspended=False)
2025-11-28 08:12:14 | INFO | MONITOR | Paper trades checked (next in 60s)
2025-11-28 08:12:14 | INFO | MONITOR_SLEEP | Sleeping for 20s (base=20s, consecutive_errors=0, monitoring_suspended=False)
2025-11-28 08:12:34 | INFO | MONITOR_SLEEP | Sleeping for 20s (base=20s, consecutive_errors=0, monitoring_suspended=False)
2025-11-28 08:12:54 | INFO | MONITOR_SLEEP | Sleeping for 20s (base=20s, consecutive_errors=0, monitoring_suspended=False)
2025-11-28 08:13:14 | INFO | MONITOR | Paper trades checked (next in 60s)
2025-11-28 08:13:14 | INFO | MONITOR_SLEEP | Sleeping for 20s (base=20s, consecutive_errors=0, monitoring_suspended=False)
2025-11-28 08:13:34 | INFO | MONITOR_SLEEP | Sleeping for 20s (base=20s, consecutive_errors=0, monitoring_suspended=False)
2025-11-28 08:13:54 | INFO | MONITOR_SLEEP | Sleeping for 20s (base=20s, consecutive_errors=0, monitoring_suspended=False)
2025-11-28 08:14:14 | INFO | MONITOR | Paper trades checked (next in 60s)
2025-11-28 08:14:14 | INFO | MONITOR_SLEEP | Sleeping for 20s (base=20s, consecutive_errors=0, monitoring_suspended=False)
2025-11-28 08:14:34 | INFO | MONITOR_SLEEP | Sleeping for 20s (base=20s, consecutive_errors=0, monitoring_suspended=False)
2025-11-28 08:14:54 | INFO | MONITOR_SLEEP | Sleeping for 20s (base=20s, consecutive_errors=0, monitoring_suspended=False)
2025-11-28 08:15:14 | INFO | MONITOR | Paper trades checked (next in 60s)
2025-11-28 08:15:14 | INFO | MONITOR_SLEEP | Sleeping for 20s (base=20s, consecutive_errors=0, monitoring_suspended=False)
2025-11-28 08:15:34 | INFO | MONITOR_SLEEP | Sleeping for 20s (base=20s, consecutive_errors=0, monitoring_suspended=False)
2025-11-28 08:15:54 | INFO | MONITOR_SLEEP | Sleeping for 20s (base=20s, consecutive_errors=0, monitoring_suspended=False)
2025-11-28 08:16:14 | INFO | MONITOR | Paper trades checked (next in 60s)
2025-11-28 08:16:14 | INFO | MONITOR_SLEEP | Sleeping for 20s (base=20s, consecutive_errors=0, monitoring_suspended=False)
2025-11-28 08:16:34 | INFO | MONITOR_SLEEP | Sleeping for 20s (base=20s, consecutive_errors=0, monitoring_suspended=False)
2025-11-28 08:16:54 | INFO | MONITOR_SLEEP | Sleeping for 20s (base=20s, consecutive_errors=0, monitoring_suspended=False)
2025-11-28 08:17:14 | INFO | MONITOR | Paper trades checked (next in 60s)
2025-11-28 08:17:14 | INFO | MONITOR_SLEEP | Sleeping for 20s (base=20s, consecutive_errors=0, monitoring_suspended=False)
2025-11-28 08:17:34 | INFO | MONITOR_SLEEP | Sleeping for 20s (base=20s, consecutive_errors=0, monitoring_suspended=False)
2025-11-28 08:17:54 | INFO | MONITOR_SLEEP | Sleeping for 20s (base=20s, consecutive_errors=0, monitoring_suspended=False)
2025-11-28 08:18:14 | INFO | MONITOR | Paper trades checked (next in 60s)
2025-11-28 08:18:14 | INFO | MONITOR_SLEEP | Sleeping for 20s (base=20s, consecutive_errors=0, monitoring_suspended=False)
2025-11-28 08:18:34 | INFO | MONITOR_SLEEP | Sleeping for 20s (base=20s, consecutive_errors=0, monitoring_suspended=False)
2025-11-28 08:18:54 | INFO | MONITOR_SLEEP | Sleeping for 20s (base=20s, consecutive_errors=0, monitoring_suspended=False)
2025-11-28 08:19:14 | INFO | MONITOR | Paper trades checked (next in 60s)
2025-11-28 08:19:14 | INFO | MONITOR_SLEEP | Sleeping for 20s (base=20s, consecutive_errors=0, monitoring_suspended=False)
2025-11-28 08:19:34 | INFO | MONITOR_SLEEP | Sleeping for 20s (base=20s, consecutive_errors=0, monitoring_suspended=False)
2025-11-28 08:19:54 | INFO | MONITOR_SLEEP | Sleeping for 20s (base=20s, consecutive_errors=0, monitoring_suspended=False)
2025-11-28 08:20:14 | INFO | MONITOR | Paper trades checked (next in 60s)
2025-11-28 08:20:14 | INFO | MONITOR_SLEEP | Sleeping for 20s (base=20s, consecutive_errors=0, monitoring_suspended=False)
2025-11-28 08:20:34 | INFO | MONITOR_SLEEP | Sleeping for 20s (base=20s, consecutive_errors=0, monitoring_suspended=False)
2025-11-28 08:20:54 | INFO | MONITOR_SLEEP | Sleeping for 20s (base=20s, consecutive_errors=0, monitoring_suspended=False)
2025-11-28 08:21:14 | INFO | MONITOR | Paper trades checked (next in 60s)
2025-11-28 08:21:14 | INFO | MONITOR_SLEEP | Sleeping for 20s (base=20s, consecutive_errors=0, monitoring_suspended=False)
2025-11-28 08:21:34 | INFO | MONITOR_SLEEP | Sleeping for 20s (base=20s, consecutive_errors=0, monitoring_suspended=False)
2025-11-28 08:21:54 | INFO | MONITOR_SLEEP | Sleeping for 20s (base=20s, consecutive_errors=0, monitoring_suspended=False)
2025-11-28 08:22:14 | INFO | MONITOR | Paper trades checked (next in 60s)
2025-11-28 08:22:14 | INFO | MONITOR_SLEEP | Sleeping for 20s (base=20s, consecutive_errors=0, monitoring_suspended=False)
2025-11-28 08:22:34 | INFO | MONITOR_SLEEP | Sleeping for 20s (base=20s, consecutive_errors=0, monitoring_suspended=False)
2025-11-28 08:22:54 | INFO | MONITOR_SLEEP | Sleeping for 20s (base=20s, consecutive_errors=0, monitoring_suspended=False)
2025-11-28 08:23:14 | INFO | MONITOR | Paper trades checked (next in 60s)
2025-11-28 08:23:14 | INFO | MONITOR_SLEEP | Sleeping for 20s (base=20s, consecutive_errors=0, monitoring_suspended=False)
2025-11-28 08:23:34 | INFO | MONITOR_SLEEP | Sleeping for 20s (base=20s, consecutive_errors=0, monitoring_suspended=False)
2025-11-28 08:23:54 | INFO | MONITOR_SLEEP | Sleeping for 20s (base=20s, consecutive_errors=0, monitoring_suspended=False)
2025-11-28 08:24:14 | INFO | MONITOR | Paper trades checked (next in 60s)
2025-11-28 08:24:14 | INFO | MONITOR_SLEEP | Sleeping for 20s (base=20s, consecutive_errors=0, monitoring_suspended=False)
2025-11-28 08:24:34 | INFO | MONITOR_SLEEP | Sleeping for 20s (base=20s, consecutive_errors=0, monitoring_suspended=False)
2025-11-28 08:24:54 | INFO | MONITOR_SLEEP | Sleeping for 20s (base=20s, consecutive_errors=0, monitoring_suspended=False)
2025-11-28 08:25:14 | INFO | MONITOR | Paper trades checked (next in 60s)
2025-11-28 08:25:14 | INFO | MONITOR_SLEEP | Sleeping for 20s (base=20s, consecutive_errors=0, monitoring_suspended=False)
2025-11-28 08:25:34 | INFO | MONITOR_SLEEP | Sleeping for 20s (base=20s, consecutive_errors=0, monitoring_suspended=False)
2025-11-28 08:25:54 | INFO | MONITOR_SLEEP | Sleeping for 20s (base=20s, consecutive_errors=0, monitoring_suspended=False)
2025-11-28 08:26:14 | INFO | MONITOR | Paper trades checked (next in 60s)
2025-11-28 08:26:14 | INFO | MONITOR_SLEEP | Sleeping for 20s (base=20s, consecutive_errors=0, monitoring_suspended=False)
2025-11-28 08:26:34 | INFO | MONITOR_SLEEP | Sleeping for 20s (base=20s, consecutive_errors=0, monitoring_suspended=False)
2025-11-28 08:26:54 | INFO | MONITOR_SLEEP | Sleeping for 20s (base=20s, consecutive_errors=0, monitoring_suspended=False)
2025-11-28 08:27:14 | INFO | MONITOR | Paper trades checked (next in 60s)
2025-11-28 08:27:14 | INFO | MONITOR_SLEEP | Sleeping for 20s (base=20s, consecutive_errors=0, monitoring_suspended=False)
2025-11-28 08:27:34 | INFO | MONITOR_SLEEP | Sleeping for 20s (base=20s, consecutive_errors=0, monitoring_suspended=False)
2025-11-28 08:27:54 | INFO | MONITOR_SLEEP | Sleeping for 20s (base=20s, consecutive_errors=0, monitoring_suspended=False)
2025-11-28 08:28:14 | INFO | MONITOR | Paper trades checked (next in 60s)
2025-11-28 08:28:14 | INFO | MONITOR_SLEEP | Sleeping for 20s (base=20s, consecutive_errors=0, monitoring_suspended=False)
2025-11-28 08:28:34 | INFO | MONITOR_SLEEP | Sleeping for 20s (base=20s, consecutive_errors=0, monitoring_suspended=False)
2025-11-28 08:28:54 | INFO | MONITOR_SLEEP | Sleeping for 20s (base=20s, consecutive_errors=0, monitoring_suspended=False)
2025-11-28 08:29:14 | INFO | MONITOR | Paper trades checked (next in 60s)
2025-11-28 08:29:14 | INFO | MONITOR_SLEEP | Sleeping for 20s (base=20s, consecutive_errors=0, monitoring_suspended=False)
2025-11-28 08:29:34 | INFO | MONITOR_SLEEP | Sleeping for 20s (base=20s, consecutive_errors=0, monitoring_suspended=False)
2025-11-28 08:29:54 | INFO | MONITOR_SLEEP | Sleeping for 20s (base=20s, consecutive_errors=0, monitoring_suspended=False)
2025-11-28 08:30:14 | INFO | MONITOR | Paper trades checked (next in 60s)
2025-11-28 08:30:14 | INFO | MONITOR_SLEEP | Sleeping for 20s (base=20s, consecutive_errors=0, monitoring_suspended=False)
2025-11-28 08:30:34 | INFO | MONITOR_SLEEP | Sleeping for 20s (base=20s, consecutive_errors=0, monitoring_suspended=False)
2025-11-28 08:30:54 | INFO | MONITOR_SLEEP | Sleeping for 20s (base=20s, consecutive_errors=0, monitoring_suspended=False)
2025-11-28 08:31:14 | INFO | MONITOR | Paper trades checked (next in 60s)
2025-11-28 08:31:14 | INFO | MONITOR_SLEEP | Sleeping for 20s (base=20s, consecutive_errors=0, monitoring_suspended=False)
2025-11-28 08:31:34 | INFO | MONITOR_SLEEP | Sleeping for 20s (base=20s, consecutive_errors=0, monitoring_suspended=False)
2025-11-28 08:31:54 | INFO | MONITOR_SLEEP | Sleeping for 20s (base=20s, consecutive_errors=0, monitoring_suspended=False)
2025-11-28 08:32:14 | INFO | MONITOR | Paper trades checked (next in 60s)
2025-11-28 08:32:14 | INFO | MONITOR_SLEEP | Sleeping for 20s (base=20s, consecutive_errors=0, monitoring_suspended=False)
2025-11-28 08:32:34 | INFO | MONITOR_SLEEP | Sleeping for 20s (base=20s, consecutive_errors=0, monitoring_suspended=False)
2025-11-28 08:32:54 | INFO | MONITOR_SLEEP | Sleeping for 20s (base=20s, consecutive_errors=0, monitoring_suspended=False)
2025-11-28 08:33:14 | INFO | MONITOR | Paper trades checked (next in 60s)
2025-11-28 08:33:14 | INFO | MONITOR_SLEEP | Sleeping for 20s (base=20s, consecutive_errors=0, monitoring_suspended=False)
2025-11-28 08:33:34 | INFO | MONITOR_SLEEP | Sleeping for 20s (base=20s, consecutive_errors=0, monitoring_suspended=False)
2025-11-28 08:33:54 | INFO | MONITOR_SLEEP | Sleeping for 20s (base=20s, consecutive_errors=0, monitoring_suspended=False)
2025-11-28 08:34:14 | INFO | MONITOR | Paper trades checked (next in 60s)
2025-11-28 08:34:14 | INFO | MONITOR_SLEEP | Sleeping for 20s (base=20s, consecutive_errors=0, monitoring_suspended=False)
2025-11-28 08:34:34 | INFO | MONITOR_SLEEP | Sleeping for 20s (base=20s, consecutive_errors=0, monitoring_suspended=False)
2025-11-28 08:34:54 | INFO | MONITOR_SLEEP | Sleeping for 20s (base=20s, consecutive_errors=0, monitoring_suspended=False)
2025-11-28 08:35:14 | INFO | MONITOR | Paper trades checked (next in 60s)
2025-11-28 08:35:14 | INFO | MONITOR_SLEEP | Sleeping for 20s (base=20s, consecutive_errors=0, monitoring_suspended=False)
2025-11-28 08:35:34 | INFO | MONITOR_SLEEP | Sleeping for 20s (base=20s, consecutive_errors=0, monitoring_suspended=False)
2025-11-28 08:35:54 | INFO | MONITOR_SLEEP | Sleeping for 20s (base=20s, consecutive_errors=0, monitoring_suspended=False)
2025-11-28 08:36:14 | INFO | MONITOR | Paper trades checked (next in 60s)
2025-11-28 08:36:14 | INFO | MONITOR_SLEEP | Sleeping for 20s (base=20s, consecutive_errors=0, monitoring_suspended=False)
2025-11-28 08:36:34 | INFO | MONITOR_SLEEP | Sleeping for 20s (base=20s, consecutive_errors=0, monitoring_suspended=False)
2025-11-28 08:36:54 | INFO | MONITOR_SLEEP | Sleeping for 20s (base=20s, consecutive_errors=0, monitoring_suspended=False)
2025-11-28 08:37:14 | INFO | MONITOR | Paper trades checked (next in 60s)
2025-11-28 08:37:14 | INFO | MONITOR_SLEEP | Sleeping for 20s (base=20s, consecutive_errors=0, monitoring_suspended=False)
2025-11-28 08:37:34 | INFO | MONITOR_SLEEP | Sleeping for 20s (base=20s, consecutive_errors=0, monitoring_suspended=False)
2025-11-28 08:37:54 | INFO | MONITOR_SLEEP | Sleeping for 20s (base=20s, consecutive_errors=0, monitoring_suspended=False)
2025-11-28 08:38:14 | INFO | MONITOR | Paper trades checked (next in 60s)
2025-11-28 08:38:14 | INFO | MONITOR_SLEEP | Sleeping for 20s (base=20s, consecutive_errors=0, monitoring_suspended=False)
2025-11-28 08:38:34 | INFO | MONITOR_SLEEP | Sleeping for 20s (base=20s, consecutive_errors=0, monitoring_suspended=False)
2025-11-28 08:38:54 | INFO | MONITOR_SLEEP | Sleeping for 20s (base=20s, consecutive_errors=0, monitoring_suspended=False)
2025-11-28 08:39:14 | INFO | MONITOR | Paper trades checked (next in 60s)
2025-11-28 08:39:14 | INFO | MONITOR_SLEEP | Sleeping for 20s (base=20s, consecutive_errors=0, monitoring_suspended=False)
2025-11-28 08:39:34 | INFO | MONITOR_SLEEP | Sleeping for 20s (base=20s, consecutive_errors=0, monitoring_suspended=False)
2025-11-28 08:39:54 | INFO | MONITOR_SLEEP | Sleeping for 20s (base=20s, consecutive_errors=0, monitoring_suspended=False)
2025-11-28 08:40:14 | INFO | MONITOR | Paper trades checked (next in 60s)
2025-11-28 08:40:14 | INFO | MONITOR_SLEEP | Sleeping for 20s (base=20s, consecutive_errors=0, monitoring_suspended=False)
2025-11-28 08:40:34 | INFO | MONITOR_SLEEP | Sleeping for 20s (base=20s, consecutive_errors=0, monitoring_suspended=False)
2025-11-28 08:40:54 | INFO | MONITOR_SLEEP | Sleeping for 20s (base=20s, consecutive_errors=0, monitoring_suspended=False)
2025-11-28 08:41:14 | INFO | MONITOR | Paper trades checked (next in 60s)
2025-11-28 08:41:14 | INFO | MONITOR_SLEEP | Sleeping for 20s (base=20s, consecutive_errors=0, monitoring_suspended=False)
2025-11-28 08:41:34 | INFO | MONITOR_SLEEP | Sleeping for 20s (base=20s, consecutive_errors=0, monitoring_suspended=False)
2025-11-28 08:41:54 | INFO | MONITOR_SLEEP | Sleeping for 20s (base=20s, consecutive_errors=0, monitoring_suspended=False)
2025-11-28 08:42:14 | INFO | MONITOR | Paper trades checked (next in 60s)
2025-11-28 08:42:14 | INFO | MONITOR_SLEEP | Sleeping for 20s (base=20s, consecutive_errors=0, monitoring_suspended=False)
2025-11-28 08:42:34 | INFO | MONITOR_SLEEP | Sleeping for 20s (base=20s, consecutive_errors=0, monitoring_suspended=False)
2025-11-28 08:42:54 | INFO | MONITOR_SLEEP | Sleeping for 20s (base=20s, consecutive_errors=0, monitoring_suspended=False)
2025-11-28 08:43:14 | INFO | MONITOR | Paper trades checked (next in 60s)
2025-11-28 08:43:14 | INFO | MONITOR_SLEEP | Sleeping for 20s (base=20s, consecutive_errors=0, monitoring_suspended=False)
2025-11-28 08:43:34 | INFO | MONITOR_SLEEP | Sleeping for 20s (base=20s, consecutive_errors=0, monitoring_suspended=False)
2025-11-28 08:43:54 | INFO | MONITOR_SLEEP | Sleeping for 20s (base=20s, consecutive_errors=0, monitoring_suspended=False)
2025-11-28 08:44:14 | INFO | MONITOR | Paper trades checked (next in 60s)
2025-11-28 08:44:14 | INFO | MONITOR_SLEEP | Sleeping for 20s (base=20s, consecutive_errors=0, monitoring_suspended=False)
2025-11-28 08:44:34 | INFO | MONITOR_SLEEP | Sleeping for 20s (base=20s, consecutive_errors=0, monitoring_suspended=False)
2025-11-28 08:44:54 | INFO | MONITOR_SLEEP | Sleeping for 20s (base=20s, consecutive_errors=0, monitoring_suspended=False)
2025-11-28 08:45:14 | INFO | MONITOR | Paper trades checked (next in 60s)
2025-11-28 08:45:14 | INFO | MONITOR_SLEEP | Sleeping for 20s (base=20s, consecutive_errors=0, monitoring_suspended=False)
2025-11-28 08:45:34 | INFO | MONITOR_SLEEP | Sleeping for 20s (base=20s, consecutive_errors=0, monitoring_suspended=False)
2025-11-28 08:45:54 | INFO | MONITOR_SLEEP | Sleeping for 20s (base=20s, consecutive_errors=0, monitoring_suspended=False)
2025-11-28 08:46:14 | INFO | MONITOR | Paper trades checked (next in 60s)
2025-11-28 08:46:14 | INFO | MONITOR_SLEEP | Sleeping for 20s (base=20s, consecutive_errors=0, monitoring_suspended=False)
2025-11-28 08:46:34 | INFO | MONITOR_SLEEP | Sleeping for 20s (base=20s, consecutive_errors=0, monitoring_suspended=False)
2025-11-28 08:46:54 | INFO | MONITOR_SLEEP | Sleeping for 20s (base=20s, consecutive_errors=0, monitoring_suspended=False)
2025-11-28 08:47:14 | INFO | MONITOR | Paper trades checked (next in 60s)
2025-11-28 08:47:14 | INFO | MONITOR_SLEEP | Sleeping for 20s (base=20s, consecutive_errors=0, monitoring_suspended=False)
2025-11-28 08:47:34 | INFO | MONITOR_SLEEP | Sleeping for 20s (base=20s, consecutive_errors=0, monitoring_suspended=False)
2025-11-28 08:47:54 | INFO | MONITOR_SLEEP | Sleeping for 20s (base=20s, consecutive_errors=0, monitoring_suspended=False)
2025-11-28 08:48:14 | INFO | MONITOR | Paper trades checked (next in 60s)
2025-11-28 08:48:14 | INFO | MONITOR_SLEEP | Sleeping for 20s (base=20s, consecutive_errors=0, monitoring_suspended=False)
2025-11-28 08:48:34 | INFO | MONITOR_SLEEP | Sleeping for 20s (base=20s, consecutive_errors=0, monitoring_suspended=False)
2025-11-28 08:48:54 | INFO | MONITOR_SLEEP | Sleeping for 20s (base=20s, consecutive_errors=0, monitoring_suspended=False)
2025-11-28 08:49:14 | INFO | MONITOR | Paper trades checked (next in 60s)
2025-11-28 08:49:14 | INFO | MONITOR_SLEEP | Sleeping for 20s (base=20s, consecutive_errors=0, monitoring_suspended=False)
2025-11-28 08:49:34 | INFO | MONITOR_SLEEP | Sleeping for 20s (base=20s, consecutive_errors=0, monitoring_suspended=False)
2025-11-28 08:49:54 | INFO | MONITOR_SLEEP | Sleeping for 20s (base=20s, consecutive_errors=0, monitoring_suspended=False)
2025-11-28 08:50:14 | INFO | MONITOR | Paper trades checked (next in 60s)
2025-11-28 08:50:14 | INFO | MONITOR_SLEEP | Sleeping for 20s (base=20s, consecutive_errors=0, monitoring_suspended=False)
2025-11-28 08:50:34 | INFO | MONITOR_SLEEP | Sleeping for 20s (base=20s, consecutive_errors=0, monitoring_suspended=False)
2025-11-28 08:50:54 | INFO | MONITOR_SLEEP | Sleeping for 20s (base=20s, consecutive_errors=0, monitoring_suspended=False)
2025-11-28 08:51:14 | INFO | MONITOR | Paper trades checked (next in 60s)
2025-11-28 08:51:14 | INFO | MONITOR_SLEEP | Sleeping for 20s (base=20s, consecutive_errors=0, monitoring_suspended=False)
2025-11-28 08:51:34 | INFO | MONITOR_SLEEP | Sleeping for 20s (base=20s, consecutive_errors=0, monitoring_suspended=False)
2025-11-28 08:51:54 | INFO | MONITOR_SLEEP | Sleeping for 20s (base=20s, consecutive_errors=0, monitoring_suspended=False)
2025-11-28 08:52:14 | INFO | MONITOR | Paper trades checked (next in 60s)
2025-11-28 08:52:14 | INFO | MONITOR_SLEEP | Sleeping for 20s (base=20s, consecutive_errors=0, monitoring_suspended=False)
2025-11-28 08:52:34 | INFO | MONITOR_SLEEP | Sleeping for 20s (base=20s, consecutive_errors=0, monitoring_suspended=False)
2025-11-28 08:52:54 | INFO | MONITOR_SLEEP | Sleeping for 20s (base=20s, consecutive_errors=0, monitoring_suspended=False)
2025-11-28 08:53:14 | INFO | MONITOR | Paper trades checked (next in 60s)
2025-11-28 08:53:14 | INFO | MONITOR_SLEEP | Sleeping for 20s (base=20s, consecutive_errors=0, monitoring_suspended=False)
2025-11-28 08:53:34 | INFO | MONITOR_SLEEP | Sleeping for 20s (base=20s, consecutive_errors=0, monitoring_suspended=False)
2025-11-28 08:53:54 | INFO | MONITOR_SLEEP | Sleeping for 20s (base=20s, consecutive_errors=0, monitoring_suspended=False)
2025-11-28 08:54:14 | INFO | MONITOR | Paper trades checked (next in 60s)
2025-11-28 08:54:14 | INFO | MONITOR_SLEEP | Sleeping for 20s (base=20s, consecutive_errors=0, monitoring_suspended=False)
2025-11-28 08:54:34 | INFO | MONITOR_SLEEP | Sleeping for 20s (base=20s, consecutive_errors=0, monitoring_suspended=False)
2025-11-28 08:54:54 | INFO | MONITOR_SLEEP | Sleeping for 20s (base=20s, consecutive_errors=0, monitoring_suspended=False)
2025-11-28 08:55:14 | INFO | MONITOR | Paper trades checked (next in 60s)
2025-11-28 08:55:14 | INFO | MONITOR_SLEEP | Sleeping for 20s (base=20s, consecutive_errors=0, monitoring_suspended=False)
2025-11-28 08:55:34 | INFO | MONITOR_SLEEP | Sleeping for 20s (base=20s, consecutive_errors=0, monitoring_suspended=False)
2025-11-28 08:55:54 | INFO | MONITOR_SLEEP | Sleeping for 20s (base=20s, consecutive_errors=0, monitoring_suspended=False)
2025-11-28 08:56:14 | INFO | MONITOR | Paper trades checked (next in 60s)
2025-11-28 08:56:14 | INFO | MONITOR_SLEEP | Sleeping for 20s (base=20s, consecutive_errors=0, monitoring_suspended=False)
2025-11-28 08:56:34 | INFO | MONITOR_SLEEP | Sleeping for 20s (base=20s, consecutive_errors=0, monitoring_suspended=False)
2025-11-28 08:56:54 | INFO | MONITOR_SLEEP | Sleeping for 20s (base=20s, consecutive_errors=0, monitoring_suspended=False)
2025-11-28 08:57:14 | INFO | MONITOR | Paper trades checked (next in 60s)
2025-11-28 08:57:14 | INFO | MONITOR_SLEEP | Sleeping for 20s (base=20s, consecutive_errors=0, monitoring_suspended=False)
2025-11-28 08:57:34 | INFO | MONITOR_SLEEP | Sleeping for 20s (base=20s, consecutive_errors=0, monitoring_suspended=False)
2025-11-28 08:57:54 | INFO | MONITOR_SLEEP | Sleeping for 20s (base=20s, consecutive_errors=0, monitoring_suspended=False)
2025-11-28 08:58:14 | INFO | MONITOR | Paper trades checked (next in 60s)
2025-11-28 08:58:14 | INFO | MONITOR_SLEEP | Sleeping for 20s (base=20s, consecutive_errors=0, monitoring_suspended=False)
2025-11-28 08:58:34 | INFO | MONITOR_SLEEP | Sleeping for 20s (base=20s, consecutive_errors=0, monitoring_suspended=False)
2025-11-28 08:58:54 | INFO | MONITOR_SLEEP | Sleeping for 20s (base=20s, consecutive_errors=0, monitoring_suspended=False)
2025-11-28 08:59:14 | INFO | MONITOR | Paper trades checked (next in 60s)
2025-11-28 08:59:14 | INFO | MONITOR_SLEEP | Sleeping for 20s (base=20s, consecutive_errors=0, monitoring_suspended=False)
2025-11-28 08:59:34 | INFO | MONITOR_SLEEP | Sleeping for 20s (base=20s, consecutive_errors=0, monitoring_suspended=False)
2025-11-28 08:59:54 | INFO | MONITOR_SLEEP | Sleeping for 20s (base=20s, consecutive_errors=0, monitoring_suspended=False)
2025-11-28 09:00:14 | INFO | MONITOR | Paper trades checked (next in 60s)
2025-11-28 09:00:14 | INFO | MONITOR_SLEEP | Sleeping for 20s (base=20s, consecutive_errors=0, monitoring_suspended=False)
2025-11-28 09:00:34 | INFO | MONITOR_SLEEP | Sleeping for 20s (base=20s, consecutive_errors=0, monitoring_suspended=False)
2025-11-28 09:00:54 | INFO | MONITOR_SLEEP | Sleeping for 20s (base=20s, consecutive_errors=0, monitoring_suspended=False)
2025-11-28 09:01:14 | INFO | MONITOR | Paper trades checked (next in 60s)
2025-11-28 09:01:14 | INFO | MONITOR_SLEEP | Sleeping for 20s (base=20s, consecutive_errors=0, monitoring_suspended=False)
2025-11-28 09:01:34 | INFO | MONITOR_SLEEP | Sleeping for 20s (base=20s, consecutive_errors=0, monitoring_suspended=False)
2025-11-28 09:01:54 | INFO | MONITOR_SLEEP | Sleeping for 20s (base=20s, consecutive_errors=0, monitoring_suspended=False)
2025-11-28 09:02:14 | INFO | MONITOR | Paper trades checked (next in 60s)
2025-11-28 09:02:14 | INFO | MONITOR_SLEEP | Sleeping for 20s (base=20s, consecutive_errors=0, monitoring_suspended=False)
2025-11-28 09:02:34 | INFO | MONITOR_SLEEP | Sleeping for 20s (base=20s, consecutive_errors=0, monitoring_suspended=False)
2025-11-28 09:02:54 | INFO | MONITOR_SLEEP | Sleeping for 20s (base=20s, consecutive_errors=0, monitoring_suspended=False)
2025-11-28 09:03:14 | INFO | MONITOR | Paper trades checked (next in 60s)
2025-11-28 09:03:14 | INFO | MONITOR_SLEEP | Sleeping for 20s (base=20s, consecutive_errors=0, monitoring_suspended=False)
2025-11-28 09:03:34 | INFO | MONITOR_SLEEP | Sleeping for 20s (base=20s, consecutive_errors=0, monitoring_suspended=False)
2025-11-28 09:03:54 | INFO | MONITOR_SLEEP | Sleeping for 20s (base=20s, consecutive_errors=0, monitoring_suspended=False)
2025-11-28 09:04:14 | INFO | MONITOR | Paper trades checked (next in 60s)
2025-11-28 09:04:14 | INFO | MONITOR_SLEEP | Sleeping for 20s (base=20s, consecutive_errors=0, monitoring_suspended=False)
2025-11-28 09:04:34 | INFO | MONITOR_SLEEP | Sleeping for 20s (base=20s, consecutive_errors=0, monitoring_suspended=False)
2025-11-28 09:04:54 | INFO | MONITOR_SLEEP | Sleeping for 20s (base=20s, consecutive_errors=0, monitoring_suspended=False)
