2025-11-26 06:01:36 | INFO | equity_bot | FEEDBACK_INIT | PerformanceFeedback initialized (window: 20)
2025-11-26 06:01:36 | INFO | equity_bot | REGIME_INIT | RegimeDetector initialized (SMA: 20/50, ATR: 14)
2025-11-26 06:01:36 | INFO | equity_bot | CORRELATION_INIT | CorrelationAnalyzer initialized (threshold: 0.7)
2025-11-26 06:01:36 | INFO | equity_bot | POSITIONER_INIT | AdvancedPositionSizer initialized | base_size=100 | risk_per_trade=1.0%
2025-11-26 06:01:36 | INFO | equity_bot | CORRELATION_INIT | CorrelationAnalyzer initialized (threshold: 0.7)
2025-11-26 06:01:36 | INFO | equity_bot | POSITIONER_INIT | AdvancedPositionSizer initialized | base_size=100 | risk_per_trade=1.0%
2025-11-26 06:01:36 | INFO | equity_bot | STARTUP | Starting Equity Trading Bot...
2025-11-26 06:01:36 | INFO | equity_bot | STARTUP | Validating configuration...
2025-11-26 06:01:36 | INFO | equity_bot | CONFIG | Configuration validation passed
2025-11-26 06:01:36 | INFO | equity_bot | CONFIG | Current configuration | trading_mode=LIVE | max_capital=20000.0 | cap_per_trade=2000.0 | max_slots=10 | default_sl_percentage=0.5 | trail_sl_enabled=True | monitor_interval=20 | webhook_port=80 | margin_percentage=0.2 | paper_trading=False
2025-11-26 06:01:36 | INFO | equity_bot | STARTUP | Hybrid learning engine initialized
2025-11-26 06:01:36 | INFO | equity_bot | STARTUP |   Storage: /root/santhosh/trading/equity/data/learning
2025-11-26 06:01:36 | INFO | equity_bot | STARTUP |   Status: ML system ready for real-time learning
2025-11-26 06:01:36 | INFO | equity_bot | EOD_SCHEDULER_SCHEDULED | EOD scheduler scheduled with two stages | squareoff_time=15:12 | learning_time=15:15 | description=Stage 1: Square-off at 3:12 PM (avoid EOD rush) | Stage 2: Learning at 3:15 PM (get more data)
2025-11-26 06:01:36 | INFO | equity_bot | EOD_SCHEDULER_STARTED | EOD scheduler started, squareoff: 15:12, learning: 15:15
2025-11-26 06:01:36 | INFO | equity_bot | EOD_DAEMON_STARTED | EOD scheduler started as daemon thread (square-off at 15:12, learning at 15:15) | squareoff_time=15:12 | learning_time=15:15
2025-11-26 06:01:36 | INFO | equity_bot | STARTUP | EOD scheduler daemon started (daily update at 3:30 PM IST on port 80)
2025-11-26 06:01:36 | INFO | equity_bot | STARTUP | All components initialized successfully
2025-11-26 06:01:36 | INFO | equity_bot | STARTUP | Trading Mode: LIVE
2025-11-26 06:01:36 | INFO | equity_bot | STARTUP | Bot is ready to receive webhook alerts
2025-11-26 06:01:36 | INFO | equity_bot | STARTUP | Starting webhook server...
2025-11-26 06:01:36 | INFO | equity_bot | BOT_STARTUP | Trading bot starting up | startup_time=2025-11-26T06:01:36.272951 | capital_per_trade=2000.0 | max_slots=10 | paper_trading=False
2025-11-26 06:01:36 | INFO | equity_bot | RATE_LIMITER | Token bucket 'per_second' initialized | capacity=8 | refill_rate=8
2025-11-26 06:01:36 | INFO | equity_bot | RATE_LIMITER | Token bucket 'per_minute' initialized | capacity=180 | refill_rate=3.0
2025-11-26 06:01:36 | INFO | equity_bot | RATE_LIMITER | AngelOne rate limiter initialized | rps_limit=8 | rpm_limit=180
2025-11-26 06:01:36 | INFO | equity_bot | INSTRUMENTS | Loaded 2336 instruments
2025-11-26 06:01:36 | INFO | equity_bot | SESSION | Performing fresh login
2025-11-26 06:01:36 | INFO | equity_bot | SESSION_DEBUG | SmartConnect instance ID: 126092361967776 | has_access_token=True | has_refresh_token=True | access_token_set=True | api_key=PSYIiZ0c
2025-11-26 06:01:36 | INFO | equity_bot | SESSION | Session saved to file
2025-11-26 06:01:36 | INFO | equity_bot | SESSION | Login successful | client_code=S635655 | session_id=Bearer eyJ...
2025-11-26 06:01:36 | INFO | equity_bot | SESSION_REFRESH | Proactive session refresh thread started
2025-11-26 06:01:36 | INFO | equity_bot | SESSION_REFRESH | Proactive session refresh thread started successfully
2025-11-26 06:01:36 | INFO | equity_bot | RATE_LIMITER | API call recorded: login
2025-11-26 06:01:36 | INFO | equity_bot | ALERT_QUEUE | Alert queue initialized - burst-safe processing enabled
2025-11-26 06:01:36 | INFO | equity_bot | FEEDBACK_INIT | PerformanceFeedback initialized (window: 20)
2025-11-26 06:01:37 | INFO | equity_bot | MONITOR | PositionMonitor instance created successfully
2025-11-26 06:01:37 | INFO | equity_bot | MONITOR | Position monitor started in background
2025-11-26 06:01:37 | INFO | equity_bot | MONITOR | Monitor initialized with 0 existing positions
2025-11-26 06:01:37 | INFO | equity_bot | SYSTEM | Trading system initialized successfully
2025-11-26 06:01:37 | INFO | equity_bot | ALERT_QUEUE | Alert queue worker started successfully
2025-11-26 06:01:37 | INFO | equity_bot | ALERT_QUEUE | Alert queue worker thread started
2025-11-26 06:01:37 | INFO | equity_bot | SERVER | Starting webhook server on 0.0.0.0:80
2025-11-26 06:05:03 | INFO | equity_bot | SESSION | Performing lightweight session validation
2025-11-26 06:05:03 | INFO | equity_bot | RATE_LIMIT_WAIT_START | Waiting for rate limit clearance | endpoint=rmsLimit | timeout_seconds=2.0
2025-11-26 06:05:03 | INFO | equity_bot | API_CALL_DEBUG | About to call rmsLimit with args=(), kwargs={}
2025-11-26 06:05:03 | INFO | equity_bot | API_CALL_DEBUG | rmsLimit returned: {'status': True, 'message': 'SUCCESS', 'errorcode': '', 'data': {'net': '17067.5600', 'availablecash': '17067.5600', 'availableintradaypayin': '0.0000', 'availablelimitmargin': '0.0000', 'collateral': '0.0000', 'm2munrealized': '0.0000', 'm2mrealized': '0.0000', 'utiliseddebits': '0.0000', 'utilisedspan': None, 'utilisedoptionpremium': None, 'utilisedholdingsales': None, 'utilisedexposure': None, 'utilisedturnover': None, 'utilisedpayout': '17067.5600'}}
2025-11-26 06:05:03 | INFO | equity_bot | SESSION | Session valid
2025-11-26 06:10:01 | INFO | equity_bot | SESSION | Using cached session status (checked 298s ago)
2025-11-26 06:15:03 | INFO | equity_bot | SESSION | Performing lightweight session validation
2025-11-26 06:15:03 | INFO | equity_bot | RATE_LIMIT_WAIT_START | Waiting for rate limit clearance | endpoint=rmsLimit | timeout_seconds=2.0
2025-11-26 06:15:03 | INFO | equity_bot | API_CALL_DEBUG | About to call rmsLimit with args=(), kwargs={}
2025-11-26 06:15:03 | INFO | equity_bot | API_CALL_DEBUG | rmsLimit returned: {'status': True, 'message': 'SUCCESS', 'errorcode': '', 'data': {'net': '17067.5600', 'availablecash': '17067.5600', 'availableintradaypayin': '0.0000', 'availablelimitmargin': '0.0000', 'collateral': '0.0000', 'm2munrealized': '0.0000', 'm2mrealized': '0.0000', 'utiliseddebits': '0.0000', 'utilisedspan': None, 'utilisedoptionpremium': None, 'utilisedholdingsales': None, 'utilisedexposure': None, 'utilisedturnover': None, 'utilisedpayout': '17067.5600'}}
2025-11-26 06:15:03 | INFO | equity_bot | SESSION | Session valid
2025-11-26 06:16:36 | INFO | equity_bot | SESSION_REFRESH | Proactive refresh triggered (session age: 15.0m)
2025-11-26 06:16:36 | INFO | equity_bot | SESSION | Attempting session refresh with refresh token
2025-11-26 06:16:36 | INFO | equity_bot | SESSION | Session saved to file
2025-11-26 06:16:36 | INFO | equity_bot | SESSION | Session refreshed successfully
2025-11-26 06:16:36 | INFO | equity_bot | SESSION_REFRESH | ✅ Proactive session refresh successful
2025-11-26 06:20:03 | INFO | equity_bot | SESSION | Using cached session status (checked 207s ago)
2025-11-26 06:25:03 | INFO | equity_bot | SESSION | Performing lightweight session validation
2025-11-26 06:25:03 | INFO | equity_bot | RATE_LIMIT_WAIT_START | Waiting for rate limit clearance | endpoint=rmsLimit | timeout_seconds=2.0
2025-11-26 06:25:03 | INFO | equity_bot | API_CALL_DEBUG | About to call rmsLimit with args=(), kwargs={}
2025-11-26 06:25:03 | INFO | equity_bot | API_CALL_DEBUG | rmsLimit returned: {'status': True, 'message': 'SUCCESS', 'errorcode': '', 'data': {'net': '17067.5600', 'availablecash': '17067.5600', 'availableintradaypayin': '0.0000', 'availablelimitmargin': '0.0000', 'collateral': '0.0000', 'm2munrealized': '0.0000', 'm2mrealized': '0.0000', 'utiliseddebits': '0.0000', 'utilisedspan': None, 'utilisedoptionpremium': None, 'utilisedholdingsales': None, 'utilisedexposure': None, 'utilisedturnover': None, 'utilisedpayout': '17067.5600'}}
2025-11-26 06:25:03 | INFO | equity_bot | SESSION | Session valid
2025-11-26 06:30:01 | INFO | equity_bot | SESSION | Using cached session status (checked 299s ago)
2025-11-26 06:31:36 | INFO | equity_bot | SESSION_REFRESH | Proactive refresh triggered (session age: 15.0m)
2025-11-26 06:31:36 | INFO | equity_bot | SESSION | Attempting session refresh with refresh token
2025-11-26 06:31:37 | INFO | equity_bot | SESSION | Session saved to file
2025-11-26 06:31:37 | INFO | equity_bot | SESSION | Session refreshed successfully
2025-11-26 06:31:37 | INFO | equity_bot | SESSION_REFRESH | ✅ Proactive session refresh successful
2025-11-26 06:35:01 | INFO | equity_bot | SESSION | Using cached session status (checked 205s ago)
2025-11-26 06:40:01 | INFO | equity_bot | SESSION | Performing lightweight session validation
2025-11-26 06:40:01 | INFO | equity_bot | RATE_LIMIT_WAIT_START | Waiting for rate limit clearance | endpoint=rmsLimit | timeout_seconds=2.0
2025-11-26 06:40:01 | INFO | equity_bot | API_CALL_DEBUG | About to call rmsLimit with args=(), kwargs={}
2025-11-26 06:40:01 | INFO | equity_bot | API_CALL_DEBUG | rmsLimit returned: {'status': True, 'message': 'SUCCESS', 'errorcode': '', 'data': {'net': '17067.5600', 'availablecash': '17067.5600', 'availableintradaypayin': '0.0000', 'availablelimitmargin': '0.0000', 'collateral': '0.0000', 'm2munrealized': '0.0000', 'm2mrealized': '0.0000', 'utiliseddebits': '0.0000', 'utilisedspan': None, 'utilisedoptionpremium': None, 'utilisedholdingsales': None, 'utilisedexposure': None, 'utilisedturnover': None, 'utilisedpayout': '17067.5600'}}
2025-11-26 06:40:01 | INFO | equity_bot | SESSION | Session valid
2025-11-26 06:45:02 | INFO | equity_bot | SESSION | Performing lightweight session validation
2025-11-26 06:45:02 | INFO | equity_bot | RATE_LIMIT_WAIT_START | Waiting for rate limit clearance | endpoint=rmsLimit | timeout_seconds=2.0
2025-11-26 06:45:02 | INFO | equity_bot | API_CALL_DEBUG | About to call rmsLimit with args=(), kwargs={}
2025-11-26 06:45:03 | INFO | equity_bot | API_CALL_DEBUG | rmsLimit returned: {'status': True, 'message': 'SUCCESS', 'errorcode': '', 'data': {'net': '17067.5600', 'availablecash': '17067.5600', 'availableintradaypayin': '0.0000', 'availablelimitmargin': '0.0000', 'collateral': '0.0000', 'm2munrealized': '0.0000', 'm2mrealized': '0.0000', 'utiliseddebits': '0.0000', 'utilisedspan': None, 'utilisedoptionpremium': None, 'utilisedholdingsales': None, 'utilisedexposure': None, 'utilisedturnover': None, 'utilisedpayout': '17067.5600'}}
2025-11-26 06:45:03 | INFO | equity_bot | SESSION | Session valid
2025-11-26 06:46:37 | INFO | equity_bot | SESSION_REFRESH | Proactive refresh triggered (session age: 15.0m)
2025-11-26 06:46:37 | INFO | equity_bot | SESSION | Attempting session refresh with refresh token
2025-11-26 06:46:37 | INFO | equity_bot | SESSION | Session saved to file
2025-11-26 06:46:37 | INFO | equity_bot | SESSION | Session refreshed successfully
2025-11-26 06:46:37 | INFO | equity_bot | SESSION_REFRESH | ✅ Proactive session refresh successful
2025-11-26 06:50:05 | INFO | equity_bot | SESSION | Using cached session status (checked 208s ago)
2025-11-26 06:55:04 | INFO | equity_bot | SESSION | Performing lightweight session validation
2025-11-26 06:55:04 | INFO | equity_bot | RATE_LIMIT_WAIT_START | Waiting for rate limit clearance | endpoint=rmsLimit | timeout_seconds=2.0
2025-11-26 06:55:04 | INFO | equity_bot | API_CALL_DEBUG | About to call rmsLimit with args=(), kwargs={}
2025-11-26 06:55:04 | INFO | equity_bot | API_CALL_DEBUG | rmsLimit returned: {'status': True, 'message': 'SUCCESS', 'errorcode': '', 'data': {'net': '17067.5600', 'availablecash': '17067.5600', 'availableintradaypayin': '0.0000', 'availablelimitmargin': '0.0000', 'collateral': '0.0000', 'm2munrealized': '0.0000', 'm2mrealized': '0.0000', 'utiliseddebits': '0.0000', 'utilisedspan': None, 'utilisedoptionpremium': None, 'utilisedholdingsales': None, 'utilisedexposure': None, 'utilisedturnover': None, 'utilisedpayout': '17067.5600'}}
2025-11-26 06:55:04 | INFO | equity_bot | SESSION | Session valid
2025-11-26 07:00:02 | INFO | equity_bot | SESSION | Using cached session status (checked 298s ago)
2025-11-26 07:01:37 | INFO | equity_bot | SESSION_REFRESH | Proactive refresh triggered (session age: 15.0m)
2025-11-26 07:01:37 | INFO | equity_bot | SESSION | Attempting session refresh with refresh token
2025-11-26 07:01:37 | INFO | equity_bot | SESSION | Session saved to file
2025-11-26 07:01:37 | INFO | equity_bot | SESSION | Session refreshed successfully
2025-11-26 07:01:37 | INFO | equity_bot | SESSION_REFRESH | ✅ Proactive session refresh successful
2025-11-26 07:05:05 | INFO | equity_bot | SESSION | Using cached session status (checked 208s ago)
2025-11-26 07:10:03 | INFO | equity_bot | SESSION | Performing lightweight session validation
2025-11-26 07:10:03 | INFO | equity_bot | RATE_LIMIT_WAIT_START | Waiting for rate limit clearance | endpoint=rmsLimit | timeout_seconds=2.0
2025-11-26 07:10:03 | INFO | equity_bot | API_CALL_DEBUG | About to call rmsLimit with args=(), kwargs={}
2025-11-26 07:10:03 | INFO | equity_bot | API_CALL_DEBUG | rmsLimit returned: {'status': True, 'message': 'SUCCESS', 'errorcode': '', 'data': {'net': '17067.5600', 'availablecash': '17067.5600', 'availableintradaypayin': '0.0000', 'availablelimitmargin': '0.0000', 'collateral': '0.0000', 'm2munrealized': '0.0000', 'm2mrealized': '0.0000', 'utiliseddebits': '0.0000', 'utilisedspan': None, 'utilisedoptionpremium': None, 'utilisedholdingsales': None, 'utilisedexposure': None, 'utilisedturnover': None, 'utilisedpayout': '17067.5600'}}
2025-11-26 07:10:03 | INFO | equity_bot | SESSION | Session valid
2025-11-26 07:15:01 | INFO | equity_bot | SESSION | Using cached session status (checked 298s ago)
2025-11-26 07:16:37 | INFO | equity_bot | SESSION_REFRESH | Proactive refresh triggered (session age: 15.0m)
2025-11-26 07:16:37 | INFO | equity_bot | SESSION | Attempting session refresh with refresh token
2025-11-26 07:16:37 | INFO | equity_bot | SESSION | Session saved to file
2025-11-26 07:16:37 | INFO | equity_bot | SESSION | Session refreshed successfully
2025-11-26 07:16:37 | INFO | equity_bot | SESSION_REFRESH | ✅ Proactive session refresh successful
2025-11-26 07:20:01 | INFO | equity_bot | SESSION | Using cached session status (checked 204s ago)
2025-11-26 07:25:01 | INFO | equity_bot | SESSION | Performing lightweight session validation
2025-11-26 07:25:01 | INFO | equity_bot | RATE_LIMIT_WAIT_START | Waiting for rate limit clearance | endpoint=rmsLimit | timeout_seconds=2.0
2025-11-26 07:25:01 | INFO | equity_bot | API_CALL_DEBUG | About to call rmsLimit with args=(), kwargs={}
2025-11-26 07:25:01 | INFO | equity_bot | API_CALL_DEBUG | rmsLimit returned: {'status': True, 'message': 'SUCCESS', 'errorcode': '', 'data': {'net': '17067.5600', 'availablecash': '17067.5600', 'availableintradaypayin': '0.0000', 'availablelimitmargin': '0.0000', 'collateral': '0.0000', 'm2munrealized': '0.0000', 'm2mrealized': '0.0000', 'utiliseddebits': '0.0000', 'utilisedspan': None, 'utilisedoptionpremium': None, 'utilisedholdingsales': None, 'utilisedexposure': None, 'utilisedturnover': None, 'utilisedpayout': '17067.5600'}}
2025-11-26 07:25:01 | INFO | equity_bot | SESSION | Session valid
2025-11-26 07:30:01 | INFO | equity_bot | SESSION | Performing lightweight session validation
2025-11-26 07:30:01 | INFO | equity_bot | RATE_LIMIT_WAIT_START | Waiting for rate limit clearance | endpoint=rmsLimit | timeout_seconds=2.0
2025-11-26 07:30:01 | INFO | equity_bot | API_CALL_DEBUG | About to call rmsLimit with args=(), kwargs={}
2025-11-26 07:30:01 | INFO | equity_bot | API_CALL_DEBUG | rmsLimit returned: {'status': True, 'message': 'SUCCESS', 'errorcode': '', 'data': {'net': '17067.5600', 'availablecash': '17067.5600', 'availableintradaypayin': '0.0000', 'availablelimitmargin': '0.0000', 'collateral': '0.0000', 'm2munrealized': '0.0000', 'm2mrealized': '0.0000', 'utiliseddebits': '0.0000', 'utilisedspan': None, 'utilisedoptionpremium': None, 'utilisedholdingsales': None, 'utilisedexposure': None, 'utilisedturnover': None, 'utilisedpayout': '17067.5600'}}
2025-11-26 07:30:01 | INFO | equity_bot | SESSION | Session valid
2025-11-26 07:31:37 | INFO | equity_bot | SESSION_REFRESH | Proactive refresh triggered (session age: 15.0m)
2025-11-26 07:31:37 | INFO | equity_bot | SESSION | Attempting session refresh with refresh token
2025-11-26 07:31:38 | INFO | equity_bot | SESSION | Session saved to file
2025-11-26 07:31:38 | INFO | equity_bot | SESSION | Session refreshed successfully
2025-11-26 07:31:38 | INFO | equity_bot | SESSION_REFRESH | ✅ Proactive session refresh successful
2025-11-26 07:35:05 | INFO | equity_bot | SESSION | Using cached session status (checked 208s ago)
2025-11-26 07:40:04 | INFO | equity_bot | SESSION | Performing lightweight session validation
2025-11-26 07:40:04 | INFO | equity_bot | RATE_LIMIT_WAIT_START | Waiting for rate limit clearance | endpoint=rmsLimit | timeout_seconds=2.0
2025-11-26 07:40:04 | INFO | equity_bot | API_CALL_DEBUG | About to call rmsLimit with args=(), kwargs={}
2025-11-26 07:40:04 | INFO | equity_bot | API_CALL_DEBUG | rmsLimit returned: {'status': True, 'message': 'SUCCESS', 'errorcode': '', 'data': {'net': '17067.5600', 'availablecash': '17067.5600', 'availableintradaypayin': '0.0000', 'availablelimitmargin': '0.0000', 'collateral': '0.0000', 'm2munrealized': '0.0000', 'm2mrealized': '0.0000', 'utiliseddebits': '0.0000', 'utilisedspan': None, 'utilisedoptionpremium': None, 'utilisedholdingsales': None, 'utilisedexposure': None, 'utilisedturnover': None, 'utilisedpayout': '17067.5600'}}
2025-11-26 07:40:04 | INFO | equity_bot | SESSION | Session valid
2025-11-26 07:45:03 | INFO | equity_bot | SESSION | Using cached session status (checked 299s ago)
2025-11-26 07:46:38 | INFO | equity_bot | SESSION_REFRESH | Proactive refresh triggered (session age: 15.0m)
2025-11-26 07:46:38 | INFO | equity_bot | SESSION | Attempting session refresh with refresh token
2025-11-26 07:46:38 | INFO | equity_bot | SESSION | Session saved to file
2025-11-26 07:46:38 | INFO | equity_bot | SESSION | Session refreshed successfully
2025-11-26 07:46:38 | INFO | equity_bot | SESSION_REFRESH | ✅ Proactive session refresh successful
2025-11-26 07:50:02 | INFO | equity_bot | SESSION | Using cached session status (checked 204s ago)
2025-11-26 07:55:06 | INFO | equity_bot | SESSION | Performing lightweight session validation
2025-11-26 07:55:06 | INFO | equity_bot | RATE_LIMIT_WAIT_START | Waiting for rate limit clearance | endpoint=rmsLimit | timeout_seconds=2.0
2025-11-26 07:55:06 | INFO | equity_bot | API_CALL_DEBUG | About to call rmsLimit with args=(), kwargs={}
2025-11-26 07:55:06 | INFO | equity_bot | API_CALL_DEBUG | rmsLimit returned: {'status': True, 'message': 'SUCCESS', 'errorcode': '', 'data': {'net': '17067.5600', 'availablecash': '17067.5600', 'availableintradaypayin': '0.0000', 'availablelimitmargin': '0.0000', 'collateral': '0.0000', 'm2munrealized': '0.0000', 'm2mrealized': '0.0000', 'utiliseddebits': '0.0000', 'utilisedspan': None, 'utilisedoptionpremium': None, 'utilisedholdingsales': None, 'utilisedexposure': None, 'utilisedturnover': None, 'utilisedpayout': '17067.5600'}}
2025-11-26 07:55:06 | INFO | equity_bot | SESSION | Session valid
2025-11-26 08:00:03 | INFO | equity_bot | SESSION | Using cached session status (checked 297s ago)
2025-11-26 08:01:38 | INFO | equity_bot | SESSION_REFRESH | Proactive refresh triggered (session age: 15.0m)
2025-11-26 08:01:38 | INFO | equity_bot | SESSION | Attempting session refresh with refresh token
2025-11-26 08:01:38 | INFO | equity_bot | SESSION | Session saved to file
2025-11-26 08:01:38 | INFO | equity_bot | SESSION | Session refreshed successfully
2025-11-26 08:01:38 | INFO | equity_bot | SESSION_REFRESH | ✅ Proactive session refresh successful
2025-11-26 08:05:01 | INFO | equity_bot | SESSION | Using cached session status (checked 203s ago)
2025-11-26 08:10:01 | INFO | equity_bot | SESSION | Performing lightweight session validation
2025-11-26 08:10:01 | INFO | equity_bot | RATE_LIMIT_WAIT_START | Waiting for rate limit clearance | endpoint=rmsLimit | timeout_seconds=2.0
2025-11-26 08:10:01 | INFO | equity_bot | API_CALL_DEBUG | About to call rmsLimit with args=(), kwargs={}
2025-11-26 08:10:01 | INFO | equity_bot | API_CALL_DEBUG | rmsLimit returned: {'status': True, 'message': 'SUCCESS', 'errorcode': '', 'data': {'net': '17067.5600', 'availablecash': '17067.5600', 'availableintradaypayin': '0.0000', 'availablelimitmargin': '0.0000', 'collateral': '0.0000', 'm2munrealized': '0.0000', 'm2mrealized': '0.0000', 'utiliseddebits': '0.0000', 'utilisedspan': None, 'utilisedoptionpremium': None, 'utilisedholdingsales': None, 'utilisedexposure': None, 'utilisedturnover': None, 'utilisedpayout': '17067.5600'}}
2025-11-26 08:10:01 | INFO | equity_bot | SESSION | Session valid
2025-11-26 08:15:03 | INFO | equity_bot | SESSION | Performing lightweight session validation
2025-11-26 08:15:03 | INFO | equity_bot | RATE_LIMIT_WAIT_START | Waiting for rate limit clearance | endpoint=rmsLimit | timeout_seconds=2.0
2025-11-26 08:15:03 | INFO | equity_bot | API_CALL_DEBUG | About to call rmsLimit with args=(), kwargs={}
2025-11-26 08:15:03 | INFO | equity_bot | API_CALL_DEBUG | rmsLimit returned: {'status': True, 'message': 'SUCCESS', 'errorcode': '', 'data': {'net': '17067.5600', 'availablecash': '17067.5600', 'availableintradaypayin': '0.0000', 'availablelimitmargin': '0.0000', 'collateral': '0.0000', 'm2munrealized': '0.0000', 'm2mrealized': '0.0000', 'utiliseddebits': '0.0000', 'utilisedspan': None, 'utilisedoptionpremium': None, 'utilisedholdingsales': None, 'utilisedexposure': None, 'utilisedturnover': None, 'utilisedpayout': '17067.5600'}}
2025-11-26 08:15:03 | INFO | equity_bot | SESSION | Session valid
2025-11-26 08:16:38 | INFO | equity_bot | SESSION_REFRESH | Proactive refresh triggered (session age: 15.0m)
2025-11-26 08:16:38 | INFO | equity_bot | SESSION | Attempting session refresh with refresh token
2025-11-26 08:16:38 | INFO | equity_bot | SESSION | Session saved to file
2025-11-26 08:16:38 | INFO | equity_bot | SESSION | Session refreshed successfully
2025-11-26 08:16:38 | INFO | equity_bot | SESSION_REFRESH | ✅ Proactive session refresh successful
2025-11-26 08:20:03 | INFO | equity_bot | SESSION | Using cached session status (checked 205s ago)
2025-11-26 08:25:02 | INFO | equity_bot | SESSION | Performing lightweight session validation
2025-11-26 08:25:02 | INFO | equity_bot | RATE_LIMIT_WAIT_START | Waiting for rate limit clearance | endpoint=rmsLimit | timeout_seconds=2.0
2025-11-26 08:25:02 | INFO | equity_bot | API_CALL_DEBUG | About to call rmsLimit with args=(), kwargs={}
2025-11-26 08:25:02 | INFO | equity_bot | API_CALL_DEBUG | rmsLimit returned: {'status': True, 'message': 'SUCCESS', 'errorcode': '', 'data': {'net': '17067.5600', 'availablecash': '17067.5600', 'availableintradaypayin': '0.0000', 'availablelimitmargin': '0.0000', 'collateral': '0.0000', 'm2munrealized': '0.0000', 'm2mrealized': '0.0000', 'utiliseddebits': '0.0000', 'utilisedspan': None, 'utilisedoptionpremium': None, 'utilisedholdingsales': None, 'utilisedexposure': None, 'utilisedturnover': None, 'utilisedpayout': '17067.5600'}}
2025-11-26 08:25:02 | INFO | equity_bot | SESSION | Session valid
2025-11-26 08:30:06 | INFO | equity_bot | SESSION | Performing lightweight session validation
2025-11-26 08:30:06 | INFO | equity_bot | RATE_LIMIT_WAIT_START | Waiting for rate limit clearance | endpoint=rmsLimit | timeout_seconds=2.0
2025-11-26 08:30:06 | INFO | equity_bot | API_CALL_DEBUG | About to call rmsLimit with args=(), kwargs={}
2025-11-26 08:30:06 | INFO | equity_bot | API_CALL_DEBUG | rmsLimit returned: {'status': True, 'message': 'SUCCESS', 'errorcode': '', 'data': {'net': '17067.5600', 'availablecash': '17067.5600', 'availableintradaypayin': '0.0000', 'availablelimitmargin': '0.0000', 'collateral': '0.0000', 'm2munrealized': '0.0000', 'm2mrealized': '0.0000', 'utiliseddebits': '0.0000', 'utilisedspan': None, 'utilisedoptionpremium': None, 'utilisedholdingsales': None, 'utilisedexposure': None, 'utilisedturnover': None, 'utilisedpayout': '17067.5600'}}
2025-11-26 08:30:06 | INFO | equity_bot | SESSION | Session valid
2025-11-26 08:31:38 | INFO | equity_bot | SESSION_REFRESH | Proactive refresh triggered (session age: 15.0m)
2025-11-26 08:31:38 | INFO | equity_bot | SESSION | Attempting session refresh with refresh token
2025-11-26 08:31:39 | INFO | equity_bot | SESSION | Session saved to file
2025-11-26 08:31:39 | INFO | equity_bot | SESSION | Session refreshed successfully
2025-11-26 08:31:39 | INFO | equity_bot | SESSION_REFRESH | ✅ Proactive session refresh successful
2025-11-26 08:35:01 | INFO | equity_bot | SESSION | Using cached session status (checked 203s ago)
2025-11-26 08:40:02 | INFO | equity_bot | SESSION | Performing lightweight session validation
2025-11-26 08:40:02 | INFO | equity_bot | RATE_LIMIT_WAIT_START | Waiting for rate limit clearance | endpoint=rmsLimit | timeout_seconds=2.0
2025-11-26 08:40:02 | INFO | equity_bot | API_CALL_DEBUG | About to call rmsLimit with args=(), kwargs={}
2025-11-26 08:40:02 | INFO | equity_bot | API_CALL_DEBUG | rmsLimit returned: {'status': True, 'message': 'SUCCESS', 'errorcode': '', 'data': {'net': '17067.5600', 'availablecash': '17067.5600', 'availableintradaypayin': '0.0000', 'availablelimitmargin': '0.0000', 'collateral': '0.0000', 'm2munrealized': '0.0000', 'm2mrealized': '0.0000', 'utiliseddebits': '0.0000', 'utilisedspan': None, 'utilisedoptionpremium': None, 'utilisedholdingsales': None, 'utilisedexposure': None, 'utilisedturnover': None, 'utilisedpayout': '17067.5600'}}
2025-11-26 08:40:02 | INFO | equity_bot | SESSION | Session valid
2025-11-26 08:45:04 | INFO | equity_bot | SESSION | Performing lightweight session validation
2025-11-26 08:45:04 | INFO | equity_bot | RATE_LIMIT_WAIT_START | Waiting for rate limit clearance | endpoint=rmsLimit | timeout_seconds=2.0
2025-11-26 08:45:04 | INFO | equity_bot | API_CALL_DEBUG | About to call rmsLimit with args=(), kwargs={}
2025-11-26 08:45:04 | INFO | equity_bot | API_CALL_DEBUG | rmsLimit returned: {'status': True, 'message': 'SUCCESS', 'errorcode': '', 'data': {'net': '17067.5600', 'availablecash': '17067.5600', 'availableintradaypayin': '0.0000', 'availablelimitmargin': '0.0000', 'collateral': '0.0000', 'm2munrealized': '0.0000', 'm2mrealized': '0.0000', 'utiliseddebits': '0.0000', 'utilisedspan': None, 'utilisedoptionpremium': None, 'utilisedholdingsales': None, 'utilisedexposure': None, 'utilisedturnover': None, 'utilisedpayout': '17067.5600'}}
2025-11-26 08:45:04 | INFO | equity_bot | SESSION | Session valid
2025-11-26 08:46:39 | INFO | equity_bot | SESSION_REFRESH | Proactive refresh triggered (session age: 15.0m)
2025-11-26 08:46:39 | INFO | equity_bot | SESSION | Attempting session refresh with refresh token
2025-11-26 08:46:39 | INFO | equity_bot | SESSION | Session saved to file
2025-11-26 08:46:39 | INFO | equity_bot | SESSION | Session refreshed successfully
2025-11-26 08:46:39 | INFO | equity_bot | SESSION_REFRESH | ✅ Proactive session refresh successful
2025-11-26 08:50:03 | INFO | equity_bot | SESSION | Using cached session status (checked 205s ago)
2025-11-26 08:55:01 | INFO | equity_bot | SESSION | Performing lightweight session validation
2025-11-26 08:55:01 | INFO | equity_bot | RATE_LIMIT_WAIT_START | Waiting for rate limit clearance | endpoint=rmsLimit | timeout_seconds=2.0
2025-11-26 08:55:01 | INFO | equity_bot | API_CALL_DEBUG | About to call rmsLimit with args=(), kwargs={}
2025-11-26 08:55:01 | INFO | equity_bot | API_CALL_DEBUG | rmsLimit returned: {'status': True, 'message': 'SUCCESS', 'errorcode': '', 'data': {'net': '17067.5600', 'availablecash': '17067.5600', 'availableintradaypayin': '0.0000', 'availablelimitmargin': '0.0000', 'collateral': '0.0000', 'm2munrealized': '0.0000', 'm2mrealized': '0.0000', 'utiliseddebits': '0.0000', 'utilisedspan': None, 'utilisedoptionpremium': None, 'utilisedholdingsales': None, 'utilisedexposure': None, 'utilisedturnover': None, 'utilisedpayout': '17067.5600'}}
2025-11-26 08:55:01 | INFO | equity_bot | SESSION | Session valid
2025-11-26 09:00:05 | INFO | equity_bot | SESSION | Performing lightweight session validation
2025-11-26 09:00:05 | INFO | equity_bot | RATE_LIMIT_WAIT_START | Waiting for rate limit clearance | endpoint=rmsLimit | timeout_seconds=2.0
2025-11-26 09:00:05 | INFO | equity_bot | API_CALL_DEBUG | About to call rmsLimit with args=(), kwargs={}
2025-11-26 09:00:05 | INFO | equity_bot | API_CALL_DEBUG | rmsLimit returned: {'status': True, 'message': 'SUCCESS', 'errorcode': '', 'data': {'net': '17067.5600', 'availablecash': '17067.5600', 'availableintradaypayin': '0.0000', 'availablelimitmargin': '0.0000', 'collateral': '0.0000', 'm2munrealized': '0.0000', 'm2mrealized': '0.0000', 'utiliseddebits': '0.0000', 'utilisedspan': None, 'utilisedoptionpremium': None, 'utilisedholdingsales': None, 'utilisedexposure': None, 'utilisedturnover': None, 'utilisedpayout': '17067.5600'}}
2025-11-26 09:00:05 | INFO | equity_bot | SESSION | Session valid
2025-11-26 09:01:39 | INFO | equity_bot | SESSION_REFRESH | Proactive refresh triggered (session age: 15.0m)
2025-11-26 09:01:39 | INFO | equity_bot | SESSION | Attempting session refresh with refresh token
2025-11-26 09:01:39 | INFO | equity_bot | SESSION | Session saved to file
2025-11-26 09:01:39 | INFO | equity_bot | SESSION | Session refreshed successfully
2025-11-26 09:01:39 | INFO | equity_bot | SESSION_REFRESH | ✅ Proactive session refresh successful
2025-11-26 09:05:05 | INFO | equity_bot | FEEDBACK_INIT | PerformanceFeedback initialized (window: 20)
2025-11-26 09:05:06 | INFO | equity_bot | REGIME_INIT | RegimeDetector initialized (SMA: 20/50, ATR: 14)
2025-11-26 09:05:06 | INFO | equity_bot | CORRELATION_INIT | CorrelationAnalyzer initialized (threshold: 0.7)
2025-11-26 09:05:06 | INFO | equity_bot | POSITIONER_INIT | AdvancedPositionSizer initialized | base_size=100 | risk_per_trade=1.0%
2025-11-26 09:05:06 | INFO | equity_bot | CORRELATION_INIT | CorrelationAnalyzer initialized (threshold: 0.7)
2025-11-26 09:05:06 | INFO | equity_bot | POSITIONER_INIT | AdvancedPositionSizer initialized | base_size=100 | risk_per_trade=1.0%
2025-11-26 09:05:06 | INFO | equity_bot | BOT_CLEANUP | Bot cleanup on exit | uptime_seconds=0 | active_positions=0
2025-11-26 09:05:09 | INFO | equity_bot | FEEDBACK_INIT | PerformanceFeedback initialized (window: 20)
2025-11-26 09:05:09 | INFO | equity_bot | REGIME_INIT | RegimeDetector initialized (SMA: 20/50, ATR: 14)
2025-11-26 09:05:09 | INFO | equity_bot | CORRELATION_INIT | CorrelationAnalyzer initialized (threshold: 0.7)
2025-11-26 09:05:09 | INFO | equity_bot | POSITIONER_INIT | AdvancedPositionSizer initialized | base_size=100 | risk_per_trade=1.0%
2025-11-26 09:05:09 | INFO | equity_bot | CORRELATION_INIT | CorrelationAnalyzer initialized (threshold: 0.7)
2025-11-26 09:05:09 | INFO | equity_bot | POSITIONER_INIT | AdvancedPositionSizer initialized | base_size=100 | risk_per_trade=1.0%
2025-11-26 09:05:10 | INFO | equity_bot | STARTUP | Starting Equity Trading Bot...
2025-11-26 09:05:10 | INFO | equity_bot | STARTUP | Validating configuration...
2025-11-26 09:05:10 | INFO | equity_bot | CONFIG | Configuration validation passed
2025-11-26 09:05:10 | INFO | equity_bot | CONFIG | Current configuration | trading_mode=LIVE | max_capital=20000.0 | cap_per_trade=2000.0 | max_slots=10 | default_sl_percentage=0.5 | trail_sl_enabled=True | monitor_interval=20 | webhook_port=80 | margin_percentage=0.2 | paper_trading=False
2025-11-26 09:05:10 | INFO | equity_bot | STARTUP | Hybrid learning engine initialized
2025-11-26 09:05:10 | INFO | equity_bot | STARTUP |   Storage: /root/santhosh/trading/equity/data/learning
2025-11-26 09:05:10 | INFO | equity_bot | STARTUP |   Status: ML system ready for real-time learning
2025-11-26 09:05:10 | INFO | equity_bot | EOD_SCHEDULER_SCHEDULED | EOD scheduler scheduled with two stages | squareoff_time=15:12 | learning_time=15:15 | description=Stage 1: Square-off at 3:12 PM (avoid EOD rush) | Stage 2: Learning at 3:15 PM (get more data)
2025-11-26 09:05:10 | INFO | equity_bot | EOD_SCHEDULER_STARTED | EOD scheduler started, squareoff: 15:12, learning: 15:15
2025-11-26 09:05:10 | INFO | equity_bot | EOD_DAEMON_STARTED | EOD scheduler started as daemon thread (square-off at 15:12, learning at 15:15) | squareoff_time=15:12 | learning_time=15:15
2025-11-26 09:05:10 | INFO | equity_bot | STARTUP | EOD scheduler daemon started (daily update at 3:30 PM IST on port 80)
2025-11-26 09:05:10 | INFO | equity_bot | STARTUP | All components initialized successfully
2025-11-26 09:05:10 | INFO | equity_bot | STARTUP | Trading Mode: LIVE
2025-11-26 09:05:10 | INFO | equity_bot | STARTUP | Bot is ready to receive webhook alerts
2025-11-26 09:05:10 | INFO | equity_bot | STARTUP | Starting webhook server...
2025-11-26 09:05:10 | INFO | equity_bot | BOT_STARTUP | Trading bot starting up | startup_time=2025-11-26T09:05:10.421770 | capital_per_trade=2000.0 | max_slots=10 | paper_trading=False
2025-11-26 09:05:10 | INFO | equity_bot | RATE_LIMITER | Token bucket 'per_second' initialized | capacity=8 | refill_rate=8
2025-11-26 09:05:10 | INFO | equity_bot | RATE_LIMITER | Token bucket 'per_minute' initialized | capacity=180 | refill_rate=3.0
2025-11-26 09:05:10 | INFO | equity_bot | RATE_LIMITER | AngelOne rate limiter initialized | rps_limit=8 | rpm_limit=180
2025-11-26 09:05:10 | INFO | equity_bot | INSTRUMENTS | Loaded 2336 instruments
2025-11-26 09:05:10 | INFO | equity_bot | SESSION | Performing fresh login
2025-11-26 09:05:10 | INFO | equity_bot | SESSION_DEBUG | SmartConnect instance ID: 129986315297392 | has_access_token=True | has_refresh_token=True | access_token_set=True | api_key=PSYIiZ0c
2025-11-26 09:05:10 | INFO | equity_bot | SESSION | Session saved to file
2025-11-26 09:05:10 | INFO | equity_bot | SESSION | Login successful | client_code=S635655 | session_id=Bearer eyJ...
2025-11-26 09:05:10 | INFO | equity_bot | SESSION_REFRESH | Proactive session refresh thread started
2025-11-26 09:05:10 | INFO | equity_bot | SESSION_REFRESH | Proactive session refresh thread started successfully
2025-11-26 09:05:10 | INFO | equity_bot | RATE_LIMITER | API call recorded: login
2025-11-26 09:05:10 | INFO | equity_bot | ALERT_QUEUE | Alert queue initialized - burst-safe processing enabled
2025-11-26 09:05:10 | INFO | equity_bot | FEEDBACK_INIT | PerformanceFeedback initialized (window: 20)
2025-11-26 09:05:10 | INFO | equity_bot | MONITOR | PositionMonitor instance created successfully
2025-11-26 09:05:10 | INFO | equity_bot | MONITOR | Position monitor started in background
2025-11-26 09:05:11 | INFO | equity_bot | MONITOR | Monitor initialized with 0 existing positions
2025-11-26 09:05:11 | INFO | equity_bot | SYSTEM | Trading system initialized successfully
2025-11-26 09:05:11 | INFO | equity_bot | ALERT_QUEUE | Alert queue worker thread started
2025-11-26 09:05:11 | INFO | equity_bot | SERVER | Starting webhook server on 0.0.0.0:80
2025-11-26 09:05:11 | INFO | equity_bot | ALERT_QUEUE | Alert queue worker started successfully
2025-11-26 09:10:04 | INFO | equity_bot | SESSION | Performing lightweight session validation
2025-11-26 09:10:04 | INFO | equity_bot | RATE_LIMIT_WAIT_START | Waiting for rate limit clearance | endpoint=rmsLimit | timeout_seconds=2.0
2025-11-26 09:10:04 | INFO | equity_bot | API_CALL_DEBUG | About to call rmsLimit with args=(), kwargs={}
2025-11-26 09:10:04 | INFO | equity_bot | API_CALL_DEBUG | rmsLimit returned: {'status': True, 'message': 'SUCCESS', 'errorcode': '', 'data': {'net': '17067.5600', 'availablecash': '17067.5600', 'availableintradaypayin': '0.0000', 'availablelimitmargin': '0.0000', 'collateral': '0.0000', 'm2munrealized': '0.0000', 'm2mrealized': '0.0000', 'utiliseddebits': '0.0000', 'utilisedspan': None, 'utilisedoptionpremium': None, 'utilisedholdingsales': None, 'utilisedexposure': None, 'utilisedturnover': None, 'utilisedpayout': '17067.5600'}}
2025-11-26 09:10:04 | INFO | equity_bot | SESSION | Session valid
2025-11-26 09:15:01 | INFO | equity_bot | SESSION | Using cached session status (checked 298s ago)
2025-11-26 09:20:03 | INFO | equity_bot | SESSION | Performing lightweight session validation
2025-11-26 09:20:03 | INFO | equity_bot | RATE_LIMIT_WAIT_START | Waiting for rate limit clearance | endpoint=rmsLimit | timeout_seconds=2.0
2025-11-26 09:20:03 | INFO | equity_bot | API_CALL_DEBUG | About to call rmsLimit with args=(), kwargs={}
2025-11-26 09:20:03 | INFO | equity_bot | API_CALL_DEBUG | rmsLimit returned: {'status': True, 'message': 'SUCCESS', 'errorcode': '', 'data': {'net': '17067.5600', 'availablecash': '17067.5600', 'availableintradaypayin': '0.0000', 'availablelimitmargin': '0.0000', 'collateral': '0.0000', 'm2munrealized': '0.0000', 'm2mrealized': '0.0000', 'utiliseddebits': '0.0000', 'utilisedspan': None, 'utilisedoptionpremium': None, 'utilisedholdingsales': None, 'utilisedexposure': None, 'utilisedturnover': None, 'utilisedpayout': '17067.5600'}}
2025-11-26 09:20:03 | INFO | equity_bot | SESSION | Session valid
2025-11-26 09:20:10 | INFO | equity_bot | SESSION_REFRESH | Proactive refresh triggered (session age: 15.0m)
2025-11-26 09:20:10 | INFO | equity_bot | SESSION | Attempting session refresh with refresh token
2025-11-26 09:20:10 | INFO | equity_bot | SESSION | Session saved to file
2025-11-26 09:20:10 | INFO | equity_bot | SESSION | Session refreshed successfully
2025-11-26 09:20:10 | INFO | equity_bot | SESSION_REFRESH | ✅ Proactive session refresh successful
2025-11-26 09:25:02 | INFO | equity_bot | SESSION | Using cached session status (checked 292s ago)
2025-11-26 09:30:04 | INFO | equity_bot | SESSION | Performing lightweight session validation
2025-11-26 09:30:04 | INFO | equity_bot | RATE_LIMIT_WAIT_START | Waiting for rate limit clearance | endpoint=rmsLimit | timeout_seconds=2.0
2025-11-26 09:30:04 | INFO | equity_bot | API_CALL_DEBUG | About to call rmsLimit with args=(), kwargs={}
2025-11-26 09:30:05 | INFO | equity_bot | API_CALL_DEBUG | rmsLimit returned: {'status': True, 'message': 'SUCCESS', 'errorcode': '', 'data': {'net': '17067.5600', 'availablecash': '17067.5600', 'availableintradaypayin': '0.0000', 'availablelimitmargin': '0.0000', 'collateral': '0.0000', 'm2munrealized': '0.0000', 'm2mrealized': '0.0000', 'utiliseddebits': '0.0000', 'utilisedspan': None, 'utilisedoptionpremium': None, 'utilisedholdingsales': None, 'utilisedexposure': None, 'utilisedturnover': None, 'utilisedpayout': '17067.5600'}}
2025-11-26 09:30:05 | INFO | equity_bot | SESSION | Session valid
2025-11-26 09:33:06 | INFO | equity_bot | WEBHOOK_RECEIVED | Incoming webhook from 52.32.178.7
2025-11-26 09:35:04 | INFO | equity_bot | SESSION | Using cached session status (checked 299s ago)
2025-11-26 09:35:10 | INFO | equity_bot | SESSION_REFRESH | Proactive refresh triggered (session age: 15.0m)
2025-11-26 09:35:10 | INFO | equity_bot | SESSION | Attempting session refresh with refresh token
2025-11-26 09:35:12 | INFO | equity_bot | SESSION | Session saved to file
2025-11-26 09:35:12 | INFO | equity_bot | SESSION | Session refreshed successfully
2025-11-26 09:35:12 | INFO | equity_bot | SESSION_REFRESH | ✅ Proactive session refresh successful
2025-11-26 09:40:02 | INFO | equity_bot | SESSION | Using cached session status (checked 291s ago)
2025-11-26 09:45:05 | INFO | equity_bot | SESSION | Performing lightweight session validation
2025-11-26 09:45:05 | INFO | equity_bot | RATE_LIMIT_WAIT_START | Waiting for rate limit clearance | endpoint=rmsLimit | timeout_seconds=2.0
2025-11-26 09:45:05 | INFO | equity_bot | API_CALL_DEBUG | About to call rmsLimit with args=(), kwargs={}
2025-11-26 09:45:05 | INFO | equity_bot | API_CALL_DEBUG | rmsLimit returned: {'status': True, 'message': 'SUCCESS', 'errorcode': '', 'data': {'net': '17067.5600', 'availablecash': '17067.5600', 'availableintradaypayin': '0.0000', 'availablelimitmargin': '0.0000', 'collateral': '0.0000', 'm2munrealized': '0.0000', 'm2mrealized': '0.0000', 'utiliseddebits': '0.0000', 'utilisedspan': None, 'utilisedoptionpremium': None, 'utilisedholdingsales': None, 'utilisedexposure': None, 'utilisedturnover': None, 'utilisedpayout': '17067.5600'}}
2025-11-26 09:45:05 | INFO | equity_bot | SESSION | Session valid
2025-11-26 09:50:03 | INFO | equity_bot | SESSION | Using cached session status (checked 298s ago)
2025-11-26 09:50:12 | INFO | equity_bot | SESSION_REFRESH | Proactive refresh triggered (session age: 15.0m)
2025-11-26 09:50:12 | INFO | equity_bot | SESSION | Attempting session refresh with refresh token
2025-11-26 09:50:12 | INFO | equity_bot | SESSION | Session saved to file
2025-11-26 09:50:12 | INFO | equity_bot | SESSION | Session refreshed successfully
2025-11-26 09:50:12 | INFO | equity_bot | SESSION_REFRESH | ✅ Proactive session refresh successful
2025-11-26 09:55:03 | INFO | equity_bot | SESSION | Using cached session status (checked 291s ago)
2025-11-26 10:00:01 | INFO | equity_bot | SESSION | Performing lightweight session validation
2025-11-26 10:00:01 | INFO | equity_bot | RATE_LIMIT_WAIT_START | Waiting for rate limit clearance | endpoint=rmsLimit | timeout_seconds=2.0
2025-11-26 10:00:01 | INFO | equity_bot | API_CALL_DEBUG | About to call rmsLimit with args=(), kwargs={}
2025-11-26 10:00:01 | INFO | equity_bot | API_CALL_DEBUG | rmsLimit returned: {'status': True, 'message': 'SUCCESS', 'errorcode': '', 'data': {'net': '17067.5600', 'availablecash': '17067.5600', 'availableintradaypayin': '0.0000', 'availablelimitmargin': '0.0000', 'collateral': '0.0000', 'm2munrealized': '0.0000', 'm2mrealized': '0.0000', 'utiliseddebits': '0.0000', 'utilisedspan': None, 'utilisedoptionpremium': None, 'utilisedholdingsales': None, 'utilisedexposure': None, 'utilisedturnover': None, 'utilisedpayout': '17067.5600'}}
2025-11-26 10:00:01 | INFO | equity_bot | SESSION | Session valid
2025-11-26 10:05:05 | INFO | equity_bot | SESSION | Performing lightweight session validation
2025-11-26 10:05:05 | INFO | equity_bot | RATE_LIMIT_WAIT_START | Waiting for rate limit clearance | endpoint=rmsLimit | timeout_seconds=2.0
2025-11-26 10:05:05 | INFO | equity_bot | API_CALL_DEBUG | About to call rmsLimit with args=(), kwargs={}
2025-11-26 10:05:05 | INFO | equity_bot | API_CALL_DEBUG | rmsLimit returned: {'status': True, 'message': 'SUCCESS', 'errorcode': '', 'data': {'net': '17067.5600', 'availablecash': '17067.5600', 'availableintradaypayin': '0.0000', 'availablelimitmargin': '0.0000', 'collateral': '0.0000', 'm2munrealized': '0.0000', 'm2mrealized': '0.0000', 'utiliseddebits': '0.0000', 'utilisedspan': None, 'utilisedoptionpremium': None, 'utilisedholdingsales': None, 'utilisedexposure': None, 'utilisedturnover': None, 'utilisedpayout': '17067.5600'}}
2025-11-26 10:05:05 | INFO | equity_bot | SESSION | Session valid
2025-11-26 10:05:12 | INFO | equity_bot | SESSION_REFRESH | Proactive refresh triggered (session age: 15.0m)
2025-11-26 10:05:12 | INFO | equity_bot | SESSION | Attempting session refresh with refresh token
2025-11-26 10:05:12 | INFO | equity_bot | SESSION | Session saved to file
2025-11-26 10:05:12 | INFO | equity_bot | SESSION | Session refreshed successfully
2025-11-26 10:05:12 | INFO | equity_bot | SESSION_REFRESH | ✅ Proactive session refresh successful
2025-11-26 10:10:03 | INFO | equity_bot | SESSION | Using cached session status (checked 291s ago)
2025-11-26 10:15:01 | INFO | equity_bot | SESSION | Performing lightweight session validation
2025-11-26 10:15:01 | INFO | equity_bot | RATE_LIMIT_WAIT_START | Waiting for rate limit clearance | endpoint=rmsLimit | timeout_seconds=2.0
2025-11-26 10:15:01 | INFO | equity_bot | API_CALL_DEBUG | About to call rmsLimit with args=(), kwargs={}
2025-11-26 10:15:01 | INFO | equity_bot | API_CALL_DEBUG | rmsLimit returned: {'status': True, 'message': 'SUCCESS', 'errorcode': '', 'data': {'net': '17067.5600', 'availablecash': '17067.5600', 'availableintradaypayin': '0.0000', 'availablelimitmargin': '0.0000', 'collateral': '0.0000', 'm2munrealized': '0.0000', 'm2mrealized': '0.0000', 'utiliseddebits': '0.0000', 'utilisedspan': None, 'utilisedoptionpremium': None, 'utilisedholdingsales': None, 'utilisedexposure': None, 'utilisedturnover': None, 'utilisedpayout': '17067.5600'}}
2025-11-26 10:15:01 | INFO | equity_bot | SESSION | Session valid
2025-11-26 10:18:04 | INFO | equity_bot | WEBHOOK_RECEIVED | Incoming webhook from 34.212.75.30
2025-11-26 10:20:01 | INFO | equity_bot | SESSION | Performing lightweight session validation
2025-11-26 10:20:01 | INFO | equity_bot | RATE_LIMIT_WAIT_START | Waiting for rate limit clearance | endpoint=rmsLimit | timeout_seconds=2.0
2025-11-26 10:20:01 | INFO | equity_bot | API_CALL_DEBUG | About to call rmsLimit with args=(), kwargs={}
2025-11-26 10:20:02 | INFO | equity_bot | API_CALL_DEBUG | rmsLimit returned: {'status': True, 'message': 'SUCCESS', 'errorcode': '', 'data': {'net': '17067.5600', 'availablecash': '17067.5600', 'availableintradaypayin': '0.0000', 'availablelimitmargin': '0.0000', 'collateral': '0.0000', 'm2munrealized': '0.0000', 'm2mrealized': '0.0000', 'utiliseddebits': '0.0000', 'utilisedspan': None, 'utilisedoptionpremium': None, 'utilisedholdingsales': None, 'utilisedexposure': None, 'utilisedturnover': None, 'utilisedpayout': '17067.5600'}}
2025-11-26 10:20:02 | INFO | equity_bot | SESSION | Session valid
2025-11-26 10:20:12 | INFO | equity_bot | SESSION_REFRESH | Proactive refresh triggered (session age: 15.0m)
2025-11-26 10:20:12 | INFO | equity_bot | SESSION | Attempting session refresh with refresh token
2025-11-26 10:20:13 | INFO | equity_bot | SESSION | Session saved to file
2025-11-26 10:20:13 | INFO | equity_bot | SESSION | Session refreshed successfully
2025-11-26 10:20:13 | INFO | equity_bot | SESSION_REFRESH | ✅ Proactive session refresh successful
2025-11-26 10:25:05 | INFO | equity_bot | SESSION | Using cached session status (checked 292s ago)
2025-11-26 10:30:05 | INFO | equity_bot | SESSION | Performing lightweight session validation
2025-11-26 10:30:05 | INFO | equity_bot | RATE_LIMIT_WAIT_START | Waiting for rate limit clearance | endpoint=rmsLimit | timeout_seconds=2.0
2025-11-26 10:30:05 | INFO | equity_bot | API_CALL_DEBUG | About to call rmsLimit with args=(), kwargs={}
2025-11-26 10:30:06 | INFO | equity_bot | API_CALL_DEBUG | rmsLimit returned: {'status': True, 'message': 'SUCCESS', 'errorcode': '', 'data': {'net': '17067.5600', 'availablecash': '17067.5600', 'availableintradaypayin': '0.0000', 'availablelimitmargin': '0.0000', 'collateral': '0.0000', 'm2munrealized': '0.0000', 'm2mrealized': '0.0000', 'utiliseddebits': '0.0000', 'utilisedspan': None, 'utilisedoptionpremium': None, 'utilisedholdingsales': None, 'utilisedexposure': None, 'utilisedturnover': None, 'utilisedpayout': '17067.5600'}}
2025-11-26 10:30:06 | INFO | equity_bot | SESSION | Session valid
2025-11-26 10:35:01 | INFO | equity_bot | SESSION | Using cached session status (checked 296s ago)
2025-11-26 10:35:13 | INFO | equity_bot | SESSION_REFRESH | Proactive refresh triggered (session age: 15.0m)
2025-11-26 10:35:13 | INFO | equity_bot | SESSION | Attempting session refresh with refresh token
2025-11-26 10:35:13 | INFO | equity_bot | SESSION | Session saved to file
2025-11-26 10:35:13 | INFO | equity_bot | SESSION | Session refreshed successfully
2025-11-26 10:35:13 | INFO | equity_bot | SESSION_REFRESH | ✅ Proactive session refresh successful
2025-11-26 10:40:01 | INFO | equity_bot | SESSION | Using cached session status (checked 288s ago)
2025-11-26 10:45:03 | INFO | equity_bot | SESSION | Performing lightweight session validation
2025-11-26 10:45:03 | INFO | equity_bot | RATE_LIMIT_WAIT_START | Waiting for rate limit clearance | endpoint=rmsLimit | timeout_seconds=2.0
2025-11-26 10:45:03 | INFO | equity_bot | API_CALL_DEBUG | About to call rmsLimit with args=(), kwargs={}
2025-11-26 10:45:04 | INFO | equity_bot | API_CALL_DEBUG | rmsLimit returned: {'status': True, 'message': 'SUCCESS', 'errorcode': '', 'data': {'net': '17067.5600', 'availablecash': '17067.5600', 'availableintradaypayin': '0.0000', 'availablelimitmargin': '0.0000', 'collateral': '0.0000', 'm2munrealized': '0.0000', 'm2mrealized': '0.0000', 'utiliseddebits': '0.0000', 'utilisedspan': None, 'utilisedoptionpremium': None, 'utilisedholdingsales': None, 'utilisedexposure': None, 'utilisedturnover': None, 'utilisedpayout': '17067.5600'}}
2025-11-26 10:45:04 | INFO | equity_bot | SESSION | Session valid
2025-11-26 10:50:01 | INFO | equity_bot | SESSION | Using cached session status (checked 297s ago)
2025-11-26 10:50:13 | INFO | equity_bot | SESSION_REFRESH | Proactive refresh triggered (session age: 15.0m)
2025-11-26 10:50:13 | INFO | equity_bot | SESSION | Attempting session refresh with refresh token
2025-11-26 10:50:13 | INFO | equity_bot | SESSION | Session saved to file
2025-11-26 10:50:13 | INFO | equity_bot | SESSION | Session refreshed successfully
2025-11-26 10:50:13 | INFO | equity_bot | SESSION_REFRESH | ✅ Proactive session refresh successful
2025-11-26 10:55:04 | INFO | equity_bot | SESSION | Using cached session status (checked 291s ago)
2025-11-26 11:00:03 | INFO | equity_bot | SESSION | Performing lightweight session validation
2025-11-26 11:00:03 | INFO | equity_bot | RATE_LIMIT_WAIT_START | Waiting for rate limit clearance | endpoint=rmsLimit | timeout_seconds=2.0
2025-11-26 11:00:03 | INFO | equity_bot | API_CALL_DEBUG | About to call rmsLimit with args=(), kwargs={}
2025-11-26 11:00:03 | INFO | equity_bot | API_CALL_DEBUG | rmsLimit returned: {'status': True, 'message': 'SUCCESS', 'errorcode': '', 'data': {'net': '17067.5600', 'availablecash': '17067.5600', 'availableintradaypayin': '0.0000', 'availablelimitmargin': '0.0000', 'collateral': '0.0000', 'm2munrealized': '0.0000', 'm2mrealized': '0.0000', 'utiliseddebits': '0.0000', 'utilisedspan': None, 'utilisedoptionpremium': None, 'utilisedholdingsales': None, 'utilisedexposure': None, 'utilisedturnover': None, 'utilisedpayout': '17067.5600'}}
2025-11-26 11:00:03 | INFO | equity_bot | SESSION | Session valid
2025-11-26 11:05:06 | INFO | equity_bot | SESSION | Performing lightweight session validation
2025-11-26 11:05:06 | INFO | equity_bot | RATE_LIMIT_WAIT_START | Waiting for rate limit clearance | endpoint=rmsLimit | timeout_seconds=2.0
2025-11-26 11:05:06 | INFO | equity_bot | API_CALL_DEBUG | About to call rmsLimit with args=(), kwargs={}
2025-11-26 11:05:06 | INFO | equity_bot | API_CALL_DEBUG | rmsLimit returned: {'status': True, 'message': 'SUCCESS', 'errorcode': '', 'data': {'net': '17067.5600', 'availablecash': '17067.5600', 'availableintradaypayin': '0.0000', 'availablelimitmargin': '0.0000', 'collateral': '0.0000', 'm2munrealized': '0.0000', 'm2mrealized': '0.0000', 'utiliseddebits': '0.0000', 'utilisedspan': None, 'utilisedoptionpremium': None, 'utilisedholdingsales': None, 'utilisedexposure': None, 'utilisedturnover': None, 'utilisedpayout': '17067.5600'}}
2025-11-26 11:05:06 | INFO | equity_bot | SESSION | Session valid
2025-11-26 11:05:13 | INFO | equity_bot | SESSION_REFRESH | Proactive refresh triggered (session age: 15.0m)
2025-11-26 11:05:13 | INFO | equity_bot | SESSION | Attempting session refresh with refresh token
2025-11-26 11:05:13 | INFO | equity_bot | SESSION | Session saved to file
2025-11-26 11:05:13 | INFO | equity_bot | SESSION | Session refreshed successfully
2025-11-26 11:05:13 | INFO | equity_bot | SESSION_REFRESH | ✅ Proactive session refresh successful
2025-11-26 11:10:02 | INFO | equity_bot | SESSION | Using cached session status (checked 289s ago)
2025-11-26 11:15:01 | INFO | equity_bot | SESSION | Performing lightweight session validation
2025-11-26 11:15:01 | INFO | equity_bot | RATE_LIMIT_WAIT_START | Waiting for rate limit clearance | endpoint=rmsLimit | timeout_seconds=2.0
2025-11-26 11:15:01 | INFO | equity_bot | API_CALL_DEBUG | About to call rmsLimit with args=(), kwargs={}
2025-11-26 11:15:01 | INFO | equity_bot | API_CALL_DEBUG | rmsLimit returned: {'status': True, 'message': 'SUCCESS', 'errorcode': '', 'data': {'net': '17067.5600', 'availablecash': '17067.5600', 'availableintradaypayin': '0.0000', 'availablelimitmargin': '0.0000', 'collateral': '0.0000', 'm2munrealized': '0.0000', 'm2mrealized': '0.0000', 'utiliseddebits': '0.0000', 'utilisedspan': None, 'utilisedoptionpremium': None, 'utilisedholdingsales': None, 'utilisedexposure': None, 'utilisedturnover': None, 'utilisedpayout': '17067.5600'}}
2025-11-26 11:15:01 | INFO | equity_bot | SESSION | Session valid
2025-11-26 11:20:01 | INFO | equity_bot | SESSION | Using cached session status (checked 300s ago)
2025-11-26 11:20:13 | INFO | equity_bot | SESSION_REFRESH | Proactive refresh triggered (session age: 15.0m)
2025-11-26 11:20:13 | INFO | equity_bot | SESSION | Attempting session refresh with refresh token
2025-11-26 11:20:14 | INFO | equity_bot | SESSION | Session saved to file
2025-11-26 11:20:14 | INFO | equity_bot | SESSION | Session refreshed successfully
2025-11-26 11:20:14 | INFO | equity_bot | SESSION_REFRESH | ✅ Proactive session refresh successful
2025-11-26 11:25:04 | INFO | equity_bot | SESSION | Using cached session status (checked 291s ago)
2025-11-26 11:30:04 | INFO | equity_bot | SESSION | Performing lightweight session validation
2025-11-26 11:30:04 | INFO | equity_bot | RATE_LIMIT_WAIT_START | Waiting for rate limit clearance | endpoint=rmsLimit | timeout_seconds=2.0
2025-11-26 11:30:04 | INFO | equity_bot | API_CALL_DEBUG | About to call rmsLimit with args=(), kwargs={}
2025-11-26 11:30:04 | INFO | equity_bot | API_CALL_DEBUG | rmsLimit returned: {'status': True, 'message': 'SUCCESS', 'errorcode': '', 'data': {'net': '17067.5600', 'availablecash': '17067.5600', 'availableintradaypayin': '0.0000', 'availablelimitmargin': '0.0000', 'collateral': '0.0000', 'm2munrealized': '0.0000', 'm2mrealized': '0.0000', 'utiliseddebits': '0.0000', 'utilisedspan': None, 'utilisedoptionpremium': None, 'utilisedholdingsales': None, 'utilisedexposure': None, 'utilisedturnover': None, 'utilisedpayout': '17067.5600'}}
2025-11-26 11:30:04 | INFO | equity_bot | SESSION | Session valid
2025-11-26 11:35:01 | INFO | equity_bot | SESSION | Using cached session status (checked 297s ago)
2025-11-26 11:35:14 | INFO | equity_bot | SESSION_REFRESH | Proactive refresh triggered (session age: 15.0m)
2025-11-26 11:35:14 | INFO | equity_bot | SESSION | Attempting session refresh with refresh token
2025-11-26 11:35:14 | INFO | equity_bot | SESSION | Session saved to file
2025-11-26 11:35:14 | INFO | equity_bot | SESSION | Session refreshed successfully
2025-11-26 11:35:14 | INFO | equity_bot | SESSION_REFRESH | ✅ Proactive session refresh successful
2025-11-26 11:40:05 | INFO | equity_bot | SESSION | Using cached session status (checked 292s ago)
2025-11-26 11:45:04 | INFO | equity_bot | SESSION | Performing lightweight session validation
2025-11-26 11:45:04 | INFO | equity_bot | RATE_LIMIT_WAIT_START | Waiting for rate limit clearance | endpoint=rmsLimit | timeout_seconds=2.0
2025-11-26 11:45:04 | INFO | equity_bot | API_CALL_DEBUG | About to call rmsLimit with args=(), kwargs={}
2025-11-26 11:45:04 | INFO | equity_bot | API_CALL_DEBUG | rmsLimit returned: {'status': True, 'message': 'SUCCESS', 'errorcode': '', 'data': {'net': '17067.5600', 'availablecash': '17067.5600', 'availableintradaypayin': '0.0000', 'availablelimitmargin': '0.0000', 'collateral': '0.0000', 'm2munrealized': '0.0000', 'm2mrealized': '0.0000', 'utiliseddebits': '0.0000', 'utilisedspan': None, 'utilisedoptionpremium': None, 'utilisedholdingsales': None, 'utilisedexposure': None, 'utilisedturnover': None, 'utilisedpayout': '17067.5600'}}
2025-11-26 11:45:04 | INFO | equity_bot | SESSION | Session valid
2025-11-26 11:50:01 | INFO | equity_bot | SESSION | Using cached session status (checked 296s ago)
2025-11-26 11:50:14 | INFO | equity_bot | SESSION_REFRESH | Proactive refresh triggered (session age: 15.0m)
2025-11-26 11:50:14 | INFO | equity_bot | SESSION | Attempting session refresh with refresh token
2025-11-26 11:50:14 | INFO | equity_bot | SESSION | Session saved to file
2025-11-26 11:50:14 | INFO | equity_bot | SESSION | Session refreshed successfully
2025-11-26 11:50:14 | INFO | equity_bot | SESSION_REFRESH | ✅ Proactive session refresh successful
2025-11-26 11:55:04 | INFO | equity_bot | SESSION | Using cached session status (checked 290s ago)
2025-11-26 12:00:01 | INFO | equity_bot | SESSION | Performing lightweight session validation
2025-11-26 12:00:01 | INFO | equity_bot | RATE_LIMIT_WAIT_START | Waiting for rate limit clearance | endpoint=rmsLimit | timeout_seconds=2.0
2025-11-26 12:00:01 | INFO | equity_bot | API_CALL_DEBUG | About to call rmsLimit with args=(), kwargs={}
2025-11-26 12:00:01 | INFO | equity_bot | API_CALL_DEBUG | rmsLimit returned: {'status': True, 'message': 'SUCCESS', 'errorcode': '', 'data': {'net': '17067.5600', 'availablecash': '17067.5600', 'availableintradaypayin': '0.0000', 'availablelimitmargin': '0.0000', 'collateral': '0.0000', 'm2munrealized': '0.0000', 'm2mrealized': '0.0000', 'utiliseddebits': '0.0000', 'utilisedspan': None, 'utilisedoptionpremium': None, 'utilisedholdingsales': None, 'utilisedexposure': None, 'utilisedturnover': None, 'utilisedpayout': '17067.5600'}}
2025-11-26 12:00:01 | INFO | equity_bot | SESSION | Session valid
2025-11-26 12:05:01 | INFO | equity_bot | SESSION | Using cached session status (checked 300s ago)
2025-11-26 12:05:14 | INFO | equity_bot | SESSION_REFRESH | Proactive refresh triggered (session age: 15.0m)
2025-11-26 12:05:14 | INFO | equity_bot | SESSION | Attempting session refresh with refresh token
2025-11-26 12:05:14 | INFO | equity_bot | SESSION | Session saved to file
2025-11-26 12:05:14 | INFO | equity_bot | SESSION | Session refreshed successfully
2025-11-26 12:05:14 | INFO | equity_bot | SESSION_REFRESH | ✅ Proactive session refresh successful
2025-11-26 12:10:03 | INFO | equity_bot | SESSION | Using cached session status (checked 289s ago)
2025-11-26 12:15:03 | INFO | equity_bot | SESSION | Performing lightweight session validation
2025-11-26 12:15:03 | INFO | equity_bot | RATE_LIMIT_WAIT_START | Waiting for rate limit clearance | endpoint=rmsLimit | timeout_seconds=2.0
2025-11-26 12:15:03 | INFO | equity_bot | API_CALL_DEBUG | About to call rmsLimit with args=(), kwargs={}
2025-11-26 12:15:03 | INFO | equity_bot | API_CALL_DEBUG | rmsLimit returned: {'status': True, 'message': 'SUCCESS', 'errorcode': '', 'data': {'net': '17067.5600', 'availablecash': '17067.5600', 'availableintradaypayin': '0.0000', 'availablelimitmargin': '0.0000', 'collateral': '0.0000', 'm2munrealized': '0.0000', 'm2mrealized': '0.0000', 'utiliseddebits': '0.0000', 'utilisedspan': None, 'utilisedoptionpremium': None, 'utilisedholdingsales': None, 'utilisedexposure': None, 'utilisedturnover': None, 'utilisedpayout': '17067.5600'}}
2025-11-26 12:15:03 | INFO | equity_bot | SESSION | Session valid
2025-11-26 12:20:02 | INFO | equity_bot | SESSION | Using cached session status (checked 299s ago)
2025-11-26 12:20:14 | INFO | equity_bot | SESSION_REFRESH | Proactive refresh triggered (session age: 15.0m)
2025-11-26 12:20:14 | INFO | equity_bot | SESSION | Attempting session refresh with refresh token
2025-11-26 12:20:15 | INFO | equity_bot | SESSION | Session saved to file
2025-11-26 12:20:15 | INFO | equity_bot | SESSION | Session refreshed successfully
2025-11-26 12:20:15 | INFO | equity_bot | SESSION_REFRESH | ✅ Proactive session refresh successful
2025-11-26 12:25:02 | INFO | equity_bot | SESSION | Using cached session status (checked 288s ago)
2025-11-26 12:30:06 | INFO | equity_bot | SESSION | Performing lightweight session validation
2025-11-26 12:30:06 | INFO | equity_bot | RATE_LIMIT_WAIT_START | Waiting for rate limit clearance | endpoint=rmsLimit | timeout_seconds=2.0
2025-11-26 12:30:06 | INFO | equity_bot | API_CALL_DEBUG | About to call rmsLimit with args=(), kwargs={}
2025-11-26 12:30:06 | INFO | equity_bot | API_CALL_DEBUG | rmsLimit returned: {'status': True, 'message': 'SUCCESS', 'errorcode': '', 'data': {'net': '17067.5600', 'availablecash': '17067.5600', 'availableintradaypayin': '0.0000', 'availablelimitmargin': '0.0000', 'collateral': '0.0000', 'm2munrealized': '0.0000', 'm2mrealized': '0.0000', 'utiliseddebits': '0.0000', 'utilisedspan': None, 'utilisedoptionpremium': None, 'utilisedholdingsales': None, 'utilisedexposure': None, 'utilisedturnover': None, 'utilisedpayout': '17067.5600'}}
2025-11-26 12:30:06 | INFO | equity_bot | SESSION | Session valid
2025-11-26 12:35:01 | INFO | equity_bot | SESSION | Using cached session status (checked 295s ago)
2025-11-26 12:35:15 | INFO | equity_bot | SESSION_REFRESH | Proactive refresh triggered (session age: 15.0m)
2025-11-26 12:35:15 | INFO | equity_bot | SESSION | Attempting session refresh with refresh token
2025-11-26 12:35:15 | INFO | equity_bot | SESSION | Session saved to file
2025-11-26 12:35:15 | INFO | equity_bot | SESSION | Session refreshed successfully
2025-11-26 12:35:15 | INFO | equity_bot | SESSION_REFRESH | ✅ Proactive session refresh successful
2025-11-26 12:40:03 | INFO | equity_bot | SESSION | Using cached session status (checked 288s ago)
2025-11-26 12:45:04 | INFO | equity_bot | SESSION | Performing lightweight session validation
2025-11-26 12:45:04 | INFO | equity_bot | RATE_LIMIT_WAIT_START | Waiting for rate limit clearance | endpoint=rmsLimit | timeout_seconds=2.0
2025-11-26 12:45:04 | INFO | equity_bot | API_CALL_DEBUG | About to call rmsLimit with args=(), kwargs={}
2025-11-26 12:45:04 | INFO | equity_bot | API_CALL_DEBUG | rmsLimit returned: {'status': True, 'message': 'SUCCESS', 'errorcode': '', 'data': {'net': '17067.5600', 'availablecash': '17067.5600', 'availableintradaypayin': '0.0000', 'availablelimitmargin': '0.0000', 'collateral': '0.0000', 'm2munrealized': '0.0000', 'm2mrealized': '0.0000', 'utiliseddebits': '0.0000', 'utilisedspan': None, 'utilisedoptionpremium': None, 'utilisedholdingsales': None, 'utilisedexposure': None, 'utilisedturnover': None, 'utilisedpayout': '17067.5600'}}
2025-11-26 12:45:04 | INFO | equity_bot | SESSION | Session valid
2025-11-26 12:50:04 | INFO | equity_bot | SESSION | Using cached session status (checked 299s ago)
2025-11-26 12:50:15 | INFO | equity_bot | SESSION_REFRESH | Proactive refresh triggered (session age: 15.0m)
2025-11-26 12:50:15 | INFO | equity_bot | SESSION | Attempting session refresh with refresh token
2025-11-26 12:50:15 | INFO | equity_bot | SESSION | Session saved to file
2025-11-26 12:50:15 | INFO | equity_bot | SESSION | Session refreshed successfully
2025-11-26 12:50:15 | INFO | equity_bot | SESSION_REFRESH | ✅ Proactive session refresh successful
2025-11-26 12:55:03 | INFO | equity_bot | SESSION | Using cached session status (checked 288s ago)
2025-11-26 13:00:05 | INFO | equity_bot | SESSION | Performing lightweight session validation
2025-11-26 13:00:05 | INFO | equity_bot | RATE_LIMIT_WAIT_START | Waiting for rate limit clearance | endpoint=rmsLimit | timeout_seconds=2.0
2025-11-26 13:00:05 | INFO | equity_bot | API_CALL_DEBUG | About to call rmsLimit with args=(), kwargs={}
2025-11-26 13:00:05 | INFO | equity_bot | API_CALL_DEBUG | rmsLimit returned: {'status': True, 'message': 'SUCCESS', 'errorcode': '', 'data': {'net': '17067.5600', 'availablecash': '17067.5600', 'availableintradaypayin': '0.0000', 'availablelimitmargin': '0.0000', 'collateral': '0.0000', 'm2munrealized': '0.0000', 'm2mrealized': '0.0000', 'utiliseddebits': '0.0000', 'utilisedspan': None, 'utilisedoptionpremium': None, 'utilisedholdingsales': None, 'utilisedexposure': None, 'utilisedturnover': None, 'utilisedpayout': '17067.5600'}}
2025-11-26 13:00:05 | INFO | equity_bot | SESSION | Session valid
2025-11-26 13:05:03 | INFO | equity_bot | SESSION | Using cached session status (checked 297s ago)
2025-11-26 13:05:15 | INFO | equity_bot | SESSION_REFRESH | Proactive refresh triggered (session age: 15.0m)
2025-11-26 13:05:15 | INFO | equity_bot | SESSION | Attempting session refresh with refresh token
2025-11-26 13:05:15 | INFO | equity_bot | SESSION | Session saved to file
2025-11-26 13:05:15 | INFO | equity_bot | SESSION | Session refreshed successfully
2025-11-26 13:05:15 | INFO | equity_bot | SESSION_REFRESH | ✅ Proactive session refresh successful
2025-11-26 13:10:03 | INFO | equity_bot | SESSION | Using cached session status (checked 288s ago)
2025-11-26 13:15:03 | INFO | equity_bot | SESSION | Performing lightweight session validation
2025-11-26 13:15:03 | INFO | equity_bot | RATE_LIMIT_WAIT_START | Waiting for rate limit clearance | endpoint=rmsLimit | timeout_seconds=2.0
2025-11-26 13:15:03 | INFO | equity_bot | API_CALL_DEBUG | About to call rmsLimit with args=(), kwargs={}
2025-11-26 13:15:03 | INFO | equity_bot | API_CALL_DEBUG | rmsLimit returned: {'status': True, 'message': 'SUCCESS', 'errorcode': '', 'data': {'net': '17067.5600', 'availablecash': '17067.5600', 'availableintradaypayin': '0.0000', 'availablelimitmargin': '0.0000', 'collateral': '0.0000', 'm2munrealized': '0.0000', 'm2mrealized': '0.0000', 'utiliseddebits': '0.0000', 'utilisedspan': None, 'utilisedoptionpremium': None, 'utilisedholdingsales': None, 'utilisedexposure': None, 'utilisedturnover': None, 'utilisedpayout': '17067.5600'}}
2025-11-26 13:15:03 | INFO | equity_bot | SESSION | Session valid
2025-11-26 13:20:05 | INFO | equity_bot | SESSION | Performing lightweight session validation
2025-11-26 13:20:05 | INFO | equity_bot | RATE_LIMIT_WAIT_START | Waiting for rate limit clearance | endpoint=rmsLimit | timeout_seconds=2.0
2025-11-26 13:20:05 | INFO | equity_bot | API_CALL_DEBUG | About to call rmsLimit with args=(), kwargs={}
2025-11-26 13:20:05 | INFO | equity_bot | API_CALL_DEBUG | rmsLimit returned: {'status': True, 'message': 'SUCCESS', 'errorcode': '', 'data': {'net': '17067.5600', 'availablecash': '17067.5600', 'availableintradaypayin': '0.0000', 'availablelimitmargin': '0.0000', 'collateral': '0.0000', 'm2munrealized': '0.0000', 'm2mrealized': '0.0000', 'utiliseddebits': '0.0000', 'utilisedspan': None, 'utilisedoptionpremium': None, 'utilisedholdingsales': None, 'utilisedexposure': None, 'utilisedturnover': None, 'utilisedpayout': '17067.5600'}}
2025-11-26 13:20:05 | INFO | equity_bot | SESSION | Session valid
2025-11-26 13:20:15 | INFO | equity_bot | SESSION_REFRESH | Proactive refresh triggered (session age: 15.0m)
2025-11-26 13:20:15 | INFO | equity_bot | SESSION | Attempting session refresh with refresh token
2025-11-26 13:20:16 | INFO | equity_bot | SESSION | Session saved to file
2025-11-26 13:20:16 | INFO | equity_bot | SESSION | Session refreshed successfully
2025-11-26 13:20:16 | INFO | equity_bot | SESSION_REFRESH | ✅ Proactive session refresh successful
2025-11-26 13:25:03 | INFO | equity_bot | SESSION | Using cached session status (checked 288s ago)
2025-11-26 13:30:07 | INFO | equity_bot | SESSION | Performing lightweight session validation
2025-11-26 13:30:07 | INFO | equity_bot | RATE_LIMIT_WAIT_START | Waiting for rate limit clearance | endpoint=rmsLimit | timeout_seconds=2.0
2025-11-26 13:30:07 | INFO | equity_bot | API_CALL_DEBUG | About to call rmsLimit with args=(), kwargs={}
2025-11-26 13:30:07 | INFO | equity_bot | API_CALL_DEBUG | rmsLimit returned: {'status': True, 'message': 'SUCCESS', 'errorcode': '', 'data': {'net': '17067.5600', 'availablecash': '17067.5600', 'availableintradaypayin': '0.0000', 'availablelimitmargin': '0.0000', 'collateral': '0.0000', 'm2munrealized': '0.0000', 'm2mrealized': '0.0000', 'utiliseddebits': '0.0000', 'utilisedspan': None, 'utilisedoptionpremium': None, 'utilisedholdingsales': None, 'utilisedexposure': None, 'utilisedturnover': None, 'utilisedpayout': '17067.5600'}}
2025-11-26 13:30:07 | INFO | equity_bot | SESSION | Session valid
2025-11-26 13:35:04 | INFO | equity_bot | SESSION | Using cached session status (checked 297s ago)
2025-11-26 13:35:16 | INFO | equity_bot | SESSION_REFRESH | Proactive refresh triggered (session age: 15.0m)
2025-11-26 13:35:16 | INFO | equity_bot | SESSION | Attempting session refresh with refresh token
2025-11-26 13:35:16 | INFO | equity_bot | SESSION | Session saved to file
2025-11-26 13:35:16 | INFO | equity_bot | SESSION | Session refreshed successfully
2025-11-26 13:35:16 | INFO | equity_bot | SESSION_REFRESH | ✅ Proactive session refresh successful
2025-11-26 13:40:03 | INFO | equity_bot | SESSION | Using cached session status (checked 288s ago)
2025-11-26 13:45:02 | INFO | equity_bot | SESSION | Performing lightweight session validation
2025-11-26 13:45:02 | INFO | equity_bot | RATE_LIMIT_WAIT_START | Waiting for rate limit clearance | endpoint=rmsLimit | timeout_seconds=2.0
2025-11-26 13:45:02 | INFO | equity_bot | API_CALL_DEBUG | About to call rmsLimit with args=(), kwargs={}
2025-11-26 13:45:02 | INFO | equity_bot | API_CALL_DEBUG | rmsLimit returned: {'status': True, 'message': 'SUCCESS', 'errorcode': '', 'data': {'net': '17067.5600', 'availablecash': '17067.5600', 'availableintradaypayin': '0.0000', 'availablelimitmargin': '0.0000', 'collateral': '0.0000', 'm2munrealized': '0.0000', 'm2mrealized': '0.0000', 'utiliseddebits': '0.0000', 'utilisedspan': None, 'utilisedoptionpremium': None, 'utilisedholdingsales': None, 'utilisedexposure': None, 'utilisedturnover': None, 'utilisedpayout': '17067.5600'}}
2025-11-26 13:45:02 | INFO | equity_bot | SESSION | Session valid
2025-11-26 13:50:05 | INFO | equity_bot | SESSION | Performing lightweight session validation
2025-11-26 13:50:05 | INFO | equity_bot | RATE_LIMIT_WAIT_START | Waiting for rate limit clearance | endpoint=rmsLimit | timeout_seconds=2.0
2025-11-26 13:50:05 | INFO | equity_bot | API_CALL_DEBUG | About to call rmsLimit with args=(), kwargs={}
2025-11-26 13:50:05 | INFO | equity_bot | API_CALL_DEBUG | rmsLimit returned: {'status': True, 'message': 'SUCCESS', 'errorcode': '', 'data': {'net': '17067.5600', 'availablecash': '17067.5600', 'availableintradaypayin': '0.0000', 'availablelimitmargin': '0.0000', 'collateral': '0.0000', 'm2munrealized': '0.0000', 'm2mrealized': '0.0000', 'utiliseddebits': '0.0000', 'utilisedspan': None, 'utilisedoptionpremium': None, 'utilisedholdingsales': None, 'utilisedexposure': None, 'utilisedturnover': None, 'utilisedpayout': '17067.5600'}}
2025-11-26 13:50:05 | INFO | equity_bot | SESSION | Session valid
2025-11-26 13:50:16 | INFO | equity_bot | SESSION_REFRESH | Proactive refresh triggered (session age: 15.0m)
2025-11-26 13:50:16 | INFO | equity_bot | SESSION | Attempting session refresh with refresh token
2025-11-26 13:50:16 | INFO | equity_bot | SESSION | Session saved to file
2025-11-26 13:50:16 | INFO | equity_bot | SESSION | Session refreshed successfully
2025-11-26 13:50:16 | INFO | equity_bot | SESSION_REFRESH | ✅ Proactive session refresh successful
2025-11-26 13:55:03 | INFO | equity_bot | SESSION | Using cached session status (checked 287s ago)
2025-11-26 14:00:01 | INFO | equity_bot | SESSION | Performing lightweight session validation
2025-11-26 14:00:01 | INFO | equity_bot | RATE_LIMIT_WAIT_START | Waiting for rate limit clearance | endpoint=rmsLimit | timeout_seconds=2.0
2025-11-26 14:00:01 | INFO | equity_bot | API_CALL_DEBUG | About to call rmsLimit with args=(), kwargs={}
2025-11-26 14:00:01 | INFO | equity_bot | API_CALL_DEBUG | rmsLimit returned: {'status': True, 'message': 'SUCCESS', 'errorcode': '', 'data': {'net': '17067.5600', 'availablecash': '17067.5600', 'availableintradaypayin': '0.0000', 'availablelimitmargin': '0.0000', 'collateral': '0.0000', 'm2munrealized': '0.0000', 'm2mrealized': '0.0000', 'utiliseddebits': '0.0000', 'utilisedspan': None, 'utilisedoptionpremium': None, 'utilisedholdingsales': None, 'utilisedexposure': None, 'utilisedturnover': None, 'utilisedpayout': '17067.5600'}}
2025-11-26 14:00:01 | INFO | equity_bot | SESSION | Session valid
2025-11-26 14:05:05 | INFO | equity_bot | SESSION | Performing lightweight session validation
2025-11-26 14:05:05 | INFO | equity_bot | RATE_LIMIT_WAIT_START | Waiting for rate limit clearance | endpoint=rmsLimit | timeout_seconds=2.0
2025-11-26 14:05:05 | INFO | equity_bot | API_CALL_DEBUG | About to call rmsLimit with args=(), kwargs={}
2025-11-26 14:05:05 | INFO | equity_bot | API_CALL_DEBUG | rmsLimit returned: {'status': True, 'message': 'SUCCESS', 'errorcode': '', 'data': {'net': '17067.5600', 'availablecash': '17067.5600', 'availableintradaypayin': '0.0000', 'availablelimitmargin': '0.0000', 'collateral': '0.0000', 'm2munrealized': '0.0000', 'm2mrealized': '0.0000', 'utiliseddebits': '0.0000', 'utilisedspan': None, 'utilisedoptionpremium': None, 'utilisedholdingsales': None, 'utilisedexposure': None, 'utilisedturnover': None, 'utilisedpayout': '17067.5600'}}
2025-11-26 14:05:05 | INFO | equity_bot | SESSION | Session valid
2025-11-26 14:05:16 | INFO | equity_bot | SESSION_REFRESH | Proactive refresh triggered (session age: 15.0m)
2025-11-26 14:05:16 | INFO | equity_bot | SESSION | Attempting session refresh with refresh token
2025-11-26 14:05:16 | INFO | equity_bot | SESSION | Session saved to file
2025-11-26 14:05:16 | INFO | equity_bot | SESSION | Session refreshed successfully
2025-11-26 14:05:16 | INFO | equity_bot | SESSION_REFRESH | ✅ Proactive session refresh successful
2025-11-26 14:10:03 | INFO | equity_bot | SESSION | Using cached session status (checked 287s ago)
2025-11-26 14:15:01 | INFO | equity_bot | SESSION | Performing lightweight session validation
2025-11-26 14:15:01 | INFO | equity_bot | RATE_LIMIT_WAIT_START | Waiting for rate limit clearance | endpoint=rmsLimit | timeout_seconds=2.0
2025-11-26 14:15:01 | INFO | equity_bot | API_CALL_DEBUG | About to call rmsLimit with args=(), kwargs={}
2025-11-26 14:15:02 | INFO | equity_bot | API_CALL_DEBUG | rmsLimit returned: {'status': True, 'message': 'SUCCESS', 'errorcode': '', 'data': {'net': '17067.5600', 'availablecash': '17067.5600', 'availableintradaypayin': '0.0000', 'availablelimitmargin': '0.0000', 'collateral': '0.0000', 'm2munrealized': '0.0000', 'm2mrealized': '0.0000', 'utiliseddebits': '0.0000', 'utilisedspan': None, 'utilisedoptionpremium': None, 'utilisedholdingsales': None, 'utilisedexposure': None, 'utilisedturnover': None, 'utilisedpayout': '17067.5600'}}
2025-11-26 14:15:02 | INFO | equity_bot | SESSION | Session valid
2025-11-26 14:20:01 | INFO | equity_bot | SESSION | Using cached session status (checked 299s ago)
2025-11-26 14:20:16 | INFO | equity_bot | SESSION_REFRESH | Proactive refresh triggered (session age: 15.0m)
2025-11-26 14:20:16 | INFO | equity_bot | SESSION | Attempting session refresh with refresh token
2025-11-26 14:20:17 | INFO | equity_bot | SESSION | Session saved to file
2025-11-26 14:20:17 | INFO | equity_bot | SESSION | Session refreshed successfully
2025-11-26 14:20:17 | INFO | equity_bot | SESSION_REFRESH | ✅ Proactive session refresh successful
2025-11-26 14:25:01 | INFO | equity_bot | SESSION | Using cached session status (checked 285s ago)
2025-11-26 14:30:01 | INFO | equity_bot | SESSION | Performing lightweight session validation
2025-11-26 14:30:01 | INFO | equity_bot | RATE_LIMIT_WAIT_START | Waiting for rate limit clearance | endpoint=rmsLimit | timeout_seconds=2.0
2025-11-26 14:30:01 | INFO | equity_bot | API_CALL_DEBUG | About to call rmsLimit with args=(), kwargs={}
2025-11-26 14:30:02 | INFO | equity_bot | API_CALL_DEBUG | rmsLimit returned: {'status': True, 'message': 'SUCCESS', 'errorcode': '', 'data': {'net': '17067.5600', 'availablecash': '17067.5600', 'availableintradaypayin': '0.0000', 'availablelimitmargin': '0.0000', 'collateral': '0.0000', 'm2munrealized': '0.0000', 'm2mrealized': '0.0000', 'utiliseddebits': '0.0000', 'utilisedspan': None, 'utilisedoptionpremium': None, 'utilisedholdingsales': None, 'utilisedexposure': None, 'utilisedturnover': None, 'utilisedpayout': '17067.5600'}}
2025-11-26 14:30:02 | INFO | equity_bot | SESSION | Session valid
2025-11-26 14:35:01 | INFO | equity_bot | SESSION | Using cached session status (checked 299s ago)
2025-11-26 14:35:17 | INFO | equity_bot | SESSION_REFRESH | Proactive refresh triggered (session age: 15.0m)
2025-11-26 14:35:17 | INFO | equity_bot | SESSION | Attempting session refresh with refresh token
2025-11-26 14:35:17 | INFO | equity_bot | SESSION | Session saved to file
2025-11-26 14:35:17 | INFO | equity_bot | SESSION | Session refreshed successfully
2025-11-26 14:35:17 | INFO | equity_bot | SESSION_REFRESH | ✅ Proactive session refresh successful
2025-11-26 14:40:02 | INFO | equity_bot | SESSION | Using cached session status (checked 285s ago)
2025-11-26 14:45:03 | INFO | equity_bot | SESSION | Performing lightweight session validation
2025-11-26 14:45:03 | INFO | equity_bot | RATE_LIMIT_WAIT_START | Waiting for rate limit clearance | endpoint=rmsLimit | timeout_seconds=2.0
2025-11-26 14:45:03 | INFO | equity_bot | API_CALL_DEBUG | About to call rmsLimit with args=(), kwargs={}
2025-11-26 14:45:03 | INFO | equity_bot | API_CALL_DEBUG | rmsLimit returned: {'status': True, 'message': 'SUCCESS', 'errorcode': '', 'data': {'net': '17067.5600', 'availablecash': '17067.5600', 'availableintradaypayin': '0.0000', 'availablelimitmargin': '0.0000', 'collateral': '0.0000', 'm2munrealized': '0.0000', 'm2mrealized': '0.0000', 'utiliseddebits': '0.0000', 'utilisedspan': None, 'utilisedoptionpremium': None, 'utilisedholdingsales': None, 'utilisedexposure': None, 'utilisedturnover': None, 'utilisedpayout': '17067.5600'}}
2025-11-26 14:45:03 | INFO | equity_bot | SESSION | Session valid
2025-11-26 14:50:03 | INFO | equity_bot | SESSION | Using cached session status (checked 300s ago)
2025-11-26 14:50:17 | INFO | equity_bot | SESSION_REFRESH | Proactive refresh triggered (session age: 15.0m)
2025-11-26 14:50:17 | INFO | equity_bot | SESSION | Attempting session refresh with refresh token
2025-11-26 14:50:17 | INFO | equity_bot | SESSION | Session saved to file
2025-11-26 14:50:17 | INFO | equity_bot | SESSION | Session refreshed successfully
2025-11-26 14:50:17 | INFO | equity_bot | SESSION_REFRESH | ✅ Proactive session refresh successful
2025-11-26 14:54:01 | INFO | equity_bot | WEBHOOK_RECEIVED | Incoming webhook from 34.212.75.30
2025-11-26 14:55:04 | INFO | equity_bot | SESSION | Using cached session status (checked 287s ago)
2025-11-26 14:57:04 | INFO | equity_bot | WEBHOOK_RECEIVED | Incoming webhook from 34.212.75.30
2025-11-26 15:00:03 | INFO | equity_bot | SESSION | Performing lightweight session validation
2025-11-26 15:00:03 | INFO | equity_bot | RATE_LIMIT_WAIT_START | Waiting for rate limit clearance | endpoint=rmsLimit | timeout_seconds=2.0
2025-11-26 15:00:03 | INFO | equity_bot | API_CALL_DEBUG | About to call rmsLimit with args=(), kwargs={}
2025-11-26 15:00:03 | INFO | equity_bot | API_CALL_DEBUG | rmsLimit returned: {'status': True, 'message': 'SUCCESS', 'errorcode': '', 'data': {'net': '17067.5600', 'availablecash': '17067.5600', 'availableintradaypayin': '0.0000', 'availablelimitmargin': '0.0000', 'collateral': '0.0000', 'm2munrealized': '0.0000', 'm2mrealized': '0.0000', 'utiliseddebits': '0.0000', 'utilisedspan': None, 'utilisedoptionpremium': None, 'utilisedholdingsales': None, 'utilisedexposure': None, 'utilisedturnover': None, 'utilisedpayout': '17067.5600'}}
2025-11-26 15:00:03 | INFO | equity_bot | SESSION | Session valid
2025-11-26 15:05:01 | INFO | equity_bot | SESSION | Using cached session status (checked 297s ago)
2025-11-26 15:05:17 | INFO | equity_bot | SESSION_REFRESH | Proactive refresh triggered (session age: 15.0m)
2025-11-26 15:05:17 | INFO | equity_bot | SESSION | Attempting session refresh with refresh token
2025-11-26 15:05:17 | INFO | equity_bot | SESSION | Session saved to file
2025-11-26 15:05:17 | INFO | equity_bot | SESSION | Session refreshed successfully
2025-11-26 15:05:17 | INFO | equity_bot | SESSION_REFRESH | ✅ Proactive session refresh successful
2025-11-26 15:10:04 | INFO | equity_bot | SESSION | Using cached session status (checked 287s ago)
2025-11-26 15:12:10 | INFO | equity_bot | EOD_SQUAREOFF | Triggering position square-off at 2025-11-26T15:12:10.491014
2025-11-26 15:12:10 | INFO | equity_bot | SQUARE_OFF | Attempting to square off all positions at 3:12 PM
2025-11-26 15:12:10 | INFO | equity_bot | SQUARE_OFF_START | Starting square-off of 0 positions | reason=EOD_SQUAREOFF
2025-11-26 15:12:10 | INFO | equity_bot | SQUARE_OFF_COMPLETE | No positions to square off
2025-11-26 15:12:10 | INFO | equity_bot | EOD_SQUAREOFF_SUCCESS | Position square-off completed successfully | squareoff_count=1 | timestamp=2025-11-26T15:12:10.504899 | details={"message": "No open positions to close", "positions_closed": 0, "reason": "EOD_SQUAREOFF", "status": "success", "timestamp": "2025-11-26T15:12:10.502482", "total_pnl": 0}
2025-11-26 15:15:03 | INFO | equity_bot | SESSION | Performing lightweight session validation
2025-11-26 15:15:03 | INFO | equity_bot | RATE_LIMIT_WAIT_START | Waiting for rate limit clearance | endpoint=rmsLimit | timeout_seconds=2.0
2025-11-26 15:15:03 | INFO | equity_bot | API_CALL_DEBUG | About to call rmsLimit with args=(), kwargs={}
2025-11-26 15:15:03 | INFO | equity_bot | API_CALL_DEBUG | rmsLimit returned: {'status': True, 'message': 'SUCCESS', 'errorcode': '', 'data': {'net': '17067.5600', 'availablecash': '17067.5600', 'availableintradaypayin': '0.0000', 'availablelimitmargin': '0.0000', 'collateral': '0.0000', 'm2munrealized': '0.0000', 'm2mrealized': '0.0000', 'utiliseddebits': '0.0000', 'utilisedspan': None, 'utilisedoptionpremium': None, 'utilisedholdingsales': None, 'utilisedexposure': None, 'utilisedturnover': None, 'utilisedpayout': '17067.5600'}}
2025-11-26 15:15:03 | INFO | equity_bot | SESSION | Session valid
2025-11-26 15:15:10 | INFO | equity_bot | EOD_SCHEDULER | Triggering EOD learning update at 2025-11-26T15:15:10.506762
2025-11-26 15:15:10 | INFO | equity_bot | EOD_LEARNING_UPDATE | Triggering end-of-day learning update
2025-11-26 15:15:10 | INFO | equity_bot | EOD_ANALYSIS_COMPLETE | Learning update completed | summary={"real_trades_executed": 0, "paper_trades_executed": 0, "total_trades": 0, "csv_trades_ingested": 0, "missed_alerts_paper_traded": 0, "paper_pnl_total": 0.0}
2025-11-26 15:15:10 | INFO | equity_bot | EOD_UPDATE_SUCCESS | EOD learning update completed successfully | update_count=1 | timestamp=2025-11-26T15:15:10.551383
2025-11-26 15:20:03 | INFO | equity_bot | SESSION | Using cached session status (checked 300s ago)
2025-11-26 15:20:17 | INFO | equity_bot | SESSION_REFRESH | Proactive refresh triggered (session age: 15.0m)
2025-11-26 15:20:17 | INFO | equity_bot | SESSION | Attempting session refresh with refresh token
2025-11-26 15:20:18 | INFO | equity_bot | SESSION | Session saved to file
2025-11-26 15:20:18 | INFO | equity_bot | SESSION | Session refreshed successfully
2025-11-26 15:20:18 | INFO | equity_bot | SESSION_REFRESH | ✅ Proactive session refresh successful
2025-11-26 15:25:04 | INFO | equity_bot | SESSION | Using cached session status (checked 287s ago)
2025-11-26 15:30:04 | INFO | equity_bot | SESSION | Performing lightweight session validation
2025-11-26 15:30:04 | INFO | equity_bot | RATE_LIMIT_WAIT_START | Waiting for rate limit clearance | endpoint=rmsLimit | timeout_seconds=2.0
2025-11-26 15:30:04 | INFO | equity_bot | API_CALL_DEBUG | About to call rmsLimit with args=(), kwargs={}
2025-11-26 15:30:04 | INFO | equity_bot | API_CALL_DEBUG | rmsLimit returned: {'status': True, 'message': 'SUCCESS', 'errorcode': '', 'data': {'net': '17067.5600', 'availablecash': '17067.5600', 'availableintradaypayin': '0.0000', 'availablelimitmargin': '0.0000', 'collateral': '0.0000', 'm2munrealized': '0.0000', 'm2mrealized': '0.0000', 'utiliseddebits': '0.0000', 'utilisedspan': None, 'utilisedoptionpremium': None, 'utilisedholdingsales': None, 'utilisedexposure': None, 'utilisedturnover': None, 'utilisedpayout': '17067.5600'}}
2025-11-26 15:30:04 | INFO | equity_bot | SESSION | Session valid
2025-11-26 15:35:01 | INFO | equity_bot | SESSION | Using cached session status (checked 297s ago)
2025-11-26 15:35:18 | INFO | equity_bot | SESSION_REFRESH | Proactive refresh triggered (session age: 15.0m)
2025-11-26 15:35:18 | INFO | equity_bot | SESSION | Attempting session refresh with refresh token
2025-11-26 15:35:18 | INFO | equity_bot | SESSION | Session saved to file
2025-11-26 15:35:18 | INFO | equity_bot | SESSION | Session refreshed successfully
2025-11-26 15:35:18 | INFO | equity_bot | SESSION_REFRESH | ✅ Proactive session refresh successful
2025-11-26 15:40:01 | INFO | equity_bot | SESSION | Using cached session status (checked 284s ago)
2025-11-26 15:45:04 | INFO | equity_bot | SESSION | Performing lightweight session validation
2025-11-26 15:45:04 | INFO | equity_bot | RATE_LIMIT_WAIT_START | Waiting for rate limit clearance | endpoint=rmsLimit | timeout_seconds=2.0
2025-11-26 15:45:04 | INFO | equity_bot | API_CALL_DEBUG | About to call rmsLimit with args=(), kwargs={}
2025-11-26 15:45:04 | INFO | equity_bot | API_CALL_DEBUG | rmsLimit returned: {'status': True, 'message': 'SUCCESS', 'errorcode': '', 'data': {'net': '17067.5600', 'availablecash': '17067.5600', 'availableintradaypayin': '0.0000', 'availablelimitmargin': '0.0000', 'collateral': '0.0000', 'm2munrealized': '0.0000', 'm2mrealized': '0.0000', 'utiliseddebits': '0.0000', 'utilisedspan': None, 'utilisedoptionpremium': None, 'utilisedholdingsales': None, 'utilisedexposure': None, 'utilisedturnover': None, 'utilisedpayout': '17067.5600'}}
2025-11-26 15:45:04 | INFO | equity_bot | SESSION | Session valid
2025-11-26 15:50:02 | INFO | equity_bot | SESSION | Using cached session status (checked 298s ago)
2025-11-26 15:50:18 | INFO | equity_bot | SESSION_REFRESH | Proactive refresh triggered (session age: 15.0m)
2025-11-26 15:50:18 | INFO | equity_bot | SESSION | Attempting session refresh with refresh token
2025-11-26 15:50:18 | INFO | equity_bot | SESSION | Session saved to file
2025-11-26 15:50:18 | INFO | equity_bot | SESSION | Session refreshed successfully
2025-11-26 15:50:18 | INFO | equity_bot | SESSION_REFRESH | ✅ Proactive session refresh successful
2025-11-26 15:55:05 | INFO | equity_bot | SESSION | Using cached session status (checked 288s ago)
2025-11-26 16:00:03 | INFO | equity_bot | SESSION | Performing lightweight session validation
2025-11-26 16:00:03 | INFO | equity_bot | RATE_LIMIT_WAIT_START | Waiting for rate limit clearance | endpoint=rmsLimit | timeout_seconds=2.0
2025-11-26 16:00:03 | INFO | equity_bot | API_CALL_DEBUG | About to call rmsLimit with args=(), kwargs={}
2025-11-26 16:00:03 | INFO | equity_bot | API_CALL_DEBUG | rmsLimit returned: {'status': True, 'message': 'SUCCESS', 'errorcode': '', 'data': {'net': '17067.5600', 'availablecash': '17067.5600', 'availableintradaypayin': '0.0000', 'availablelimitmargin': '0.0000', 'collateral': '0.0000', 'm2munrealized': '0.0000', 'm2mrealized': '0.0000', 'utiliseddebits': '0.0000', 'utilisedspan': None, 'utilisedoptionpremium': None, 'utilisedholdingsales': None, 'utilisedexposure': None, 'utilisedturnover': None, 'utilisedpayout': '17067.5600'}}
2025-11-26 16:00:03 | INFO | equity_bot | SESSION | Session valid
2025-11-26 16:05:02 | INFO | equity_bot | SESSION | Using cached session status (checked 300s ago)
2025-11-26 16:05:18 | INFO | equity_bot | SESSION_REFRESH | Proactive refresh triggered (session age: 15.0m)
2025-11-26 16:05:18 | INFO | equity_bot | SESSION | Attempting session refresh with refresh token
2025-11-26 16:05:18 | INFO | equity_bot | SESSION | Session saved to file
2025-11-26 16:05:18 | INFO | equity_bot | SESSION | Session refreshed successfully
2025-11-26 16:05:18 | INFO | equity_bot | SESSION_REFRESH | ✅ Proactive session refresh successful
2025-11-26 16:10:03 | INFO | equity_bot | SESSION | Using cached session status (checked 285s ago)
2025-11-26 16:15:04 | INFO | equity_bot | SESSION | Performing lightweight session validation
2025-11-26 16:15:04 | INFO | equity_bot | RATE_LIMIT_WAIT_START | Waiting for rate limit clearance | endpoint=rmsLimit | timeout_seconds=2.0
2025-11-26 16:15:04 | INFO | equity_bot | API_CALL_DEBUG | About to call rmsLimit with args=(), kwargs={}
2025-11-26 16:15:05 | INFO | equity_bot | API_CALL_DEBUG | rmsLimit returned: {'status': True, 'message': 'SUCCESS', 'errorcode': '', 'data': {'net': '17067.5600', 'availablecash': '17067.5600', 'availableintradaypayin': '0.0000', 'availablelimitmargin': '0.0000', 'collateral': '0.0000', 'm2munrealized': '0.0000', 'm2mrealized': '0.0000', 'utiliseddebits': '0.0000', 'utilisedspan': None, 'utilisedoptionpremium': None, 'utilisedholdingsales': None, 'utilisedexposure': None, 'utilisedturnover': None, 'utilisedpayout': '17067.5600'}}
2025-11-26 16:15:05 | INFO | equity_bot | SESSION | Session valid
2025-11-26 16:20:03 | INFO | equity_bot | SESSION | Using cached session status (checked 298s ago)
2025-11-26 16:20:18 | INFO | equity_bot | SESSION_REFRESH | Proactive refresh triggered (session age: 15.0m)
2025-11-26 16:20:18 | INFO | equity_bot | SESSION | Attempting session refresh with refresh token
2025-11-26 16:20:19 | INFO | equity_bot | SESSION | Session saved to file
2025-11-26 16:20:19 | INFO | equity_bot | SESSION | Session refreshed successfully
2025-11-26 16:20:19 | INFO | equity_bot | SESSION_REFRESH | ✅ Proactive session refresh successful
2025-11-26 16:25:04 | INFO | equity_bot | SESSION | Using cached session status (checked 285s ago)
2025-11-26 16:30:11 | INFO | equity_bot | FEEDBACK_INIT | PerformanceFeedback initialized (window: 20)
2025-11-26 16:30:11 | INFO | equity_bot | REGIME_INIT | RegimeDetector initialized (SMA: 20/50, ATR: 14)
2025-11-26 16:30:11 | INFO | equity_bot | CORRELATION_INIT | CorrelationAnalyzer initialized (threshold: 0.7)
2025-11-26 16:30:11 | INFO | equity_bot | POSITIONER_INIT | AdvancedPositionSizer initialized | base_size=100 | risk_per_trade=1.0%
2025-11-26 16:30:11 | INFO | equity_bot | CORRELATION_INIT | CorrelationAnalyzer initialized (threshold: 0.7)
2025-11-26 16:30:11 | INFO | equity_bot | POSITIONER_INIT | AdvancedPositionSizer initialized | base_size=100 | risk_per_trade=1.0%
2025-11-26 16:30:12 | INFO | equity_bot | STARTUP | Starting Equity Trading Bot...
2025-11-26 16:30:12 | INFO | equity_bot | STARTUP | Validating configuration...
2025-11-26 16:30:12 | INFO | equity_bot | CONFIG | Configuration validation passed
2025-11-26 16:30:12 | INFO | equity_bot | CONFIG | Current configuration | trading_mode=LIVE | max_capital=20000.0 | cap_per_trade=2000.0 | max_slots=10 | default_sl_percentage=0.5 | trail_sl_enabled=True | monitor_interval=20 | webhook_port=80 | margin_percentage=0.2 | paper_trading=False
2025-11-26 16:30:12 | INFO | equity_bot | STARTUP | Hybrid learning engine initialized
2025-11-26 16:30:12 | INFO | equity_bot | STARTUP |   Storage: /root/santhosh/trading/equity/data/learning
2025-11-26 16:30:12 | INFO | equity_bot | STARTUP |   Status: ML system ready for real-time learning
2025-11-26 16:30:12 | INFO | equity_bot | EOD_SCHEDULER_SCHEDULED | EOD scheduler scheduled with two stages | squareoff_time=15:12 | learning_time=15:15 | description=Stage 1: Square-off at 3:12 PM (avoid EOD rush) | Stage 2: Learning at 3:15 PM (get more data)
2025-11-26 16:30:12 | INFO | equity_bot | EOD_SCHEDULER_STARTED | EOD scheduler started, squareoff: 15:12, learning: 15:15
2025-11-26 16:30:12 | INFO | equity_bot | EOD_SCHEDULER | Bot started after trigger time - attempting missed EOD update
2025-11-26 16:30:12 | INFO | equity_bot | EOD_SCHEDULER | Triggering EOD learning update at 2025-11-26T16:30:12.056256
2025-11-26 16:30:12 | INFO | equity_bot | EOD_DAEMON_STARTED | EOD scheduler started as daemon thread (square-off at 15:12, learning at 15:15) | squareoff_time=15:12 | learning_time=15:15
2025-11-26 16:30:12 | INFO | equity_bot | STARTUP | EOD scheduler daemon started (daily update at 3:30 PM IST on port 80)
2025-11-26 16:30:12 | INFO | equity_bot | STARTUP | All components initialized successfully
2025-11-26 16:30:12 | INFO | equity_bot | STARTUP | Trading Mode: LIVE
2025-11-26 16:30:12 | INFO | equity_bot | STARTUP | Bot is ready to receive webhook alerts
2025-11-26 16:30:12 | INFO | equity_bot | STARTUP | Starting webhook server...
2025-11-26 16:30:12 | INFO | equity_bot | BOT_STARTUP | Trading bot starting up | startup_time=2025-11-26T16:30:12.062051 | capital_per_trade=2000.0 | max_slots=10 | paper_trading=False
2025-11-26 16:30:12 | INFO | equity_bot | RATE_LIMITER | Token bucket 'per_second' initialized | capacity=8 | refill_rate=8
2025-11-26 16:30:12 | INFO | equity_bot | RATE_LIMITER | Token bucket 'per_minute' initialized | capacity=180 | refill_rate=3.0
2025-11-26 16:30:12 | INFO | equity_bot | RATE_LIMITER | AngelOne rate limiter initialized | rps_limit=8 | rpm_limit=180
2025-11-26 16:30:12 | INFO | equity_bot | INSTRUMENTS | Loaded 2336 instruments
2025-11-26 16:30:12 | INFO | equity_bot | SESSION | Performing fresh login
2025-11-26 16:30:12 | ERROR | equity_bot | ERROR | EOD_CONNECTION_ERROR | Failed to connect to bot at http://localhost:80
2025-11-26 16:30:12 | INFO | equity_bot | EOD_SCHEDULER | EOD update triggered (may be a missed trigger from late bot start) | trigger_time=2025-11-26T16:30:12.054334
2025-11-26 16:30:12 | INFO | equity_bot | EOD_SCHEDULER | Triggering EOD learning update at 2025-11-26T16:30:12.086421
2025-11-26 16:30:12 | ERROR | equity_bot | ERROR | EOD_CONNECTION_ERROR | Failed to connect to bot at http://localhost:80
2025-11-26 16:30:12 | INFO | equity_bot | SESSION_DEBUG | SmartConnect instance ID: 133877362562576 | has_access_token=True | has_refresh_token=True | access_token_set=True | api_key=PSYIiZ0c
2025-11-26 16:30:12 | INFO | equity_bot | SESSION | Session saved to file
2025-11-26 16:30:12 | INFO | equity_bot | SESSION | Login successful | client_code=S635655 | session_id=Bearer eyJ...
2025-11-26 16:30:12 | INFO | equity_bot | SESSION_REFRESH | Proactive session refresh thread started
2025-11-26 16:30:12 | INFO | equity_bot | SESSION_REFRESH | Proactive session refresh thread started successfully
2025-11-26 16:30:12 | INFO | equity_bot | RATE_LIMITER | API call recorded: login
2025-11-26 16:30:12 | INFO | equity_bot | ALERT_QUEUE | Alert queue initialized - burst-safe processing enabled
2025-11-26 16:30:12 | INFO | equity_bot | FEEDBACK_INIT | PerformanceFeedback initialized (window: 20)
2025-11-26 16:30:12 | INFO | equity_bot | MONITOR | PositionMonitor instance created successfully
2025-11-26 16:30:12 | INFO | equity_bot | MONITOR | Position monitor started in background
2025-11-26 16:30:12 | INFO | equity_bot | MONITOR | Monitor initialized with 0 existing positions
2025-11-26 16:30:12 | INFO | equity_bot | SYSTEM | Trading system initialized successfully
2025-11-26 16:30:12 | INFO | equity_bot | ALERT_QUEUE | Alert queue worker started successfully
2025-11-26 16:30:12 | INFO | equity_bot | ALERT_QUEUE | Alert queue worker thread started
2025-11-26 16:30:12 | INFO | equity_bot | SERVER | Starting webhook server on 0.0.0.0:80
2025-11-26 16:31:12 | INFO | equity_bot | EOD_SCHEDULER | EOD update triggered (may be a missed trigger from late bot start) | trigger_time=2025-11-26T16:30:12.054334
2025-11-26 16:31:12 | INFO | equity_bot | EOD_SCHEDULER | Triggering EOD learning update at 2025-11-26T16:31:12.102933
2025-11-26 16:31:12 | INFO | equity_bot | EOD_LEARNING_UPDATE | Triggering end-of-day learning update
2025-11-26 16:31:12 | INFO | equity_bot | EOD_ANALYSIS_COMPLETE | Learning update completed | summary={"real_trades_executed": 0, "paper_trades_executed": 0, "total_trades": 0, "csv_trades_ingested": 0, "missed_alerts_paper_traded": 0, "paper_pnl_total": 0.0}
2025-11-26 16:31:12 | INFO | equity_bot | EOD_UPDATE_SUCCESS | EOD learning update completed successfully | update_count=1 | timestamp=2025-11-26T16:31:12.112838
2025-11-26 16:35:03 | INFO | equity_bot | SESSION | Performing lightweight session validation
2025-11-26 16:35:03 | INFO | equity_bot | RATE_LIMIT_WAIT_START | Waiting for rate limit clearance | endpoint=rmsLimit | timeout_seconds=2.0
2025-11-26 16:35:03 | INFO | equity_bot | API_CALL_DEBUG | About to call rmsLimit with args=(), kwargs={}
2025-11-26 16:35:03 | INFO | equity_bot | API_CALL_DEBUG | rmsLimit returned: {'status': True, 'message': 'SUCCESS', 'errorcode': '', 'data': {'net': '17067.5600', 'availablecash': '17067.5600', 'availableintradaypayin': '0.0000', 'availablelimitmargin': '0.0000', 'collateral': '0.0000', 'm2munrealized': '0.0000', 'm2mrealized': '0.0000', 'utiliseddebits': '0.0000', 'utilisedspan': None, 'utilisedoptionpremium': None, 'utilisedholdingsales': None, 'utilisedexposure': None, 'utilisedturnover': None, 'utilisedpayout': '17067.5600'}}
2025-11-26 16:35:03 | INFO | equity_bot | SESSION | Session valid
2025-11-26 16:40:02 | INFO | equity_bot | SESSION | Using cached session status (checked 299s ago)
2025-11-26 16:45:05 | INFO | equity_bot | SESSION | Performing lightweight session validation
2025-11-26 16:45:05 | INFO | equity_bot | RATE_LIMIT_WAIT_START | Waiting for rate limit clearance | endpoint=rmsLimit | timeout_seconds=2.0
2025-11-26 16:45:05 | INFO | equity_bot | API_CALL_DEBUG | About to call rmsLimit with args=(), kwargs={}
2025-11-26 16:45:05 | INFO | equity_bot | API_CALL_DEBUG | rmsLimit returned: {'status': True, 'message': 'SUCCESS', 'errorcode': '', 'data': {'net': '17067.5600', 'availablecash': '17067.5600', 'availableintradaypayin': '0.0000', 'availablelimitmargin': '0.0000', 'collateral': '0.0000', 'm2munrealized': '0.0000', 'm2mrealized': '0.0000', 'utiliseddebits': '0.0000', 'utilisedspan': None, 'utilisedoptionpremium': None, 'utilisedholdingsales': None, 'utilisedexposure': None, 'utilisedturnover': None, 'utilisedpayout': '17067.5600'}}
2025-11-26 16:45:05 | INFO | equity_bot | SESSION | Session valid
2025-11-26 16:45:12 | INFO | equity_bot | SESSION_REFRESH | Proactive refresh triggered (session age: 15.0m)
2025-11-26 16:45:12 | INFO | equity_bot | SESSION | Attempting session refresh with refresh token
2025-11-26 16:45:12 | INFO | equity_bot | SESSION | Session saved to file
2025-11-26 16:45:12 | INFO | equity_bot | SESSION | Session refreshed successfully
2025-11-26 16:45:12 | INFO | equity_bot | SESSION_REFRESH | ✅ Proactive session refresh successful
2025-11-26 16:50:03 | INFO | equity_bot | SESSION | Using cached session status (checked 291s ago)
2025-11-26 16:55:04 | INFO | equity_bot | SESSION | Performing lightweight session validation
2025-11-26 16:55:04 | INFO | equity_bot | RATE_LIMIT_WAIT_START | Waiting for rate limit clearance | endpoint=rmsLimit | timeout_seconds=2.0
2025-11-26 16:55:04 | INFO | equity_bot | API_CALL_DEBUG | About to call rmsLimit with args=(), kwargs={}
2025-11-26 16:55:04 | INFO | equity_bot | API_CALL_DEBUG | rmsLimit returned: {'status': True, 'message': 'SUCCESS', 'errorcode': '', 'data': {'net': '17067.5600', 'availablecash': '17067.5600', 'availableintradaypayin': '0.0000', 'availablelimitmargin': '0.0000', 'collateral': '0.0000', 'm2munrealized': '0.0000', 'm2mrealized': '0.0000', 'utiliseddebits': '0.0000', 'utilisedspan': None, 'utilisedoptionpremium': None, 'utilisedholdingsales': None, 'utilisedexposure': None, 'utilisedturnover': None, 'utilisedpayout': '17067.5600'}}
2025-11-26 16:55:04 | INFO | equity_bot | SESSION | Session valid
2025-11-26 17:00:04 | INFO | equity_bot | SESSION | Performing lightweight session validation
2025-11-26 17:00:04 | INFO | equity_bot | RATE_LIMIT_WAIT_START | Waiting for rate limit clearance | endpoint=rmsLimit | timeout_seconds=2.0
2025-11-26 17:00:04 | INFO | equity_bot | API_CALL_DEBUG | About to call rmsLimit with args=(), kwargs={}
2025-11-26 17:00:04 | INFO | equity_bot | API_CALL_DEBUG | rmsLimit returned: {'status': True, 'message': 'SUCCESS', 'errorcode': '', 'data': {'net': '17067.5600', 'availablecash': '17067.5600', 'availableintradaypayin': '0.0000', 'availablelimitmargin': '0.0000', 'collateral': '0.0000', 'm2munrealized': '0.0000', 'm2mrealized': '0.0000', 'utiliseddebits': '0.0000', 'utilisedspan': None, 'utilisedoptionpremium': None, 'utilisedholdingsales': None, 'utilisedexposure': None, 'utilisedturnover': None, 'utilisedpayout': '17067.5600'}}
2025-11-26 17:00:04 | INFO | equity_bot | SESSION | Session valid
2025-11-26 17:00:12 | INFO | equity_bot | SESSION_REFRESH | Proactive refresh triggered (session age: 15.0m)
2025-11-26 17:00:12 | INFO | equity_bot | SESSION | Attempting session refresh with refresh token
2025-11-26 17:00:13 | INFO | equity_bot | SESSION | Session saved to file
2025-11-26 17:00:13 | INFO | equity_bot | SESSION | Session refreshed successfully
2025-11-26 17:00:13 | INFO | equity_bot | SESSION_REFRESH | ✅ Proactive session refresh successful
2025-11-26 17:05:01 | INFO | equity_bot | SESSION | Using cached session status (checked 289s ago)
2025-11-26 17:10:03 | INFO | equity_bot | SESSION | Performing lightweight session validation
2025-11-26 17:10:03 | INFO | equity_bot | RATE_LIMIT_WAIT_START | Waiting for rate limit clearance | endpoint=rmsLimit | timeout_seconds=2.0
2025-11-26 17:10:03 | INFO | equity_bot | API_CALL_DEBUG | About to call rmsLimit with args=(), kwargs={}
2025-11-26 17:10:03 | INFO | equity_bot | API_CALL_DEBUG | rmsLimit returned: {'status': True, 'message': 'SUCCESS', 'errorcode': '', 'data': {'net': '17067.5600', 'availablecash': '17067.5600', 'availableintradaypayin': '0.0000', 'availablelimitmargin': '0.0000', 'collateral': '0.0000', 'm2munrealized': '0.0000', 'm2mrealized': '0.0000', 'utiliseddebits': '0.0000', 'utilisedspan': None, 'utilisedoptionpremium': None, 'utilisedholdingsales': None, 'utilisedexposure': None, 'utilisedturnover': None, 'utilisedpayout': '17067.5600'}}
2025-11-26 17:10:03 | INFO | equity_bot | SESSION | Session valid
2025-11-26 17:15:01 | INFO | equity_bot | SESSION | Using cached session status (checked 299s ago)
2025-11-26 17:15:13 | INFO | equity_bot | SESSION_REFRESH | Proactive refresh triggered (session age: 15.0m)
2025-11-26 17:15:13 | INFO | equity_bot | SESSION | Attempting session refresh with refresh token
2025-11-26 17:15:13 | INFO | equity_bot | SESSION | Session saved to file
2025-11-26 17:15:13 | INFO | equity_bot | SESSION | Session refreshed successfully
2025-11-26 17:15:13 | INFO | equity_bot | SESSION_REFRESH | ✅ Proactive session refresh successful
2025-11-26 17:20:01 | INFO | equity_bot | SESSION | Using cached session status (checked 289s ago)
2025-11-26 17:25:04 | INFO | equity_bot | SESSION | Performing lightweight session validation
2025-11-26 17:25:04 | INFO | equity_bot | RATE_LIMIT_WAIT_START | Waiting for rate limit clearance | endpoint=rmsLimit | timeout_seconds=2.0
2025-11-26 17:25:04 | INFO | equity_bot | API_CALL_DEBUG | About to call rmsLimit with args=(), kwargs={}
2025-11-26 17:25:04 | INFO | equity_bot | API_CALL_DEBUG | rmsLimit returned: {'status': True, 'message': 'SUCCESS', 'errorcode': '', 'data': {'net': '17067.5600', 'availablecash': '17067.5600', 'availableintradaypayin': '0.0000', 'availablelimitmargin': '0.0000', 'collateral': '0.0000', 'm2munrealized': '0.0000', 'm2mrealized': '0.0000', 'utiliseddebits': '0.0000', 'utilisedspan': None, 'utilisedoptionpremium': None, 'utilisedholdingsales': None, 'utilisedexposure': None, 'utilisedturnover': None, 'utilisedpayout': '17067.5600'}}
2025-11-26 17:25:04 | INFO | equity_bot | SESSION | Session valid
2025-11-26 17:30:03 | INFO | equity_bot | SESSION | Using cached session status (checked 299s ago)
2025-11-26 17:30:13 | INFO | equity_bot | SESSION_REFRESH | Proactive refresh triggered (session age: 15.0m)
2025-11-26 17:30:13 | INFO | equity_bot | SESSION | Attempting session refresh with refresh token
2025-11-26 17:30:13 | INFO | equity_bot | SESSION | Session saved to file
2025-11-26 17:30:13 | INFO | equity_bot | SESSION | Session refreshed successfully
2025-11-26 17:30:13 | INFO | equity_bot | SESSION_REFRESH | ✅ Proactive session refresh successful
2025-11-26 17:35:03 | INFO | equity_bot | SESSION | Using cached session status (checked 290s ago)
2025-11-26 17:40:04 | INFO | equity_bot | SESSION | Performing lightweight session validation
2025-11-26 17:40:04 | INFO | equity_bot | RATE_LIMIT_WAIT_START | Waiting for rate limit clearance | endpoint=rmsLimit | timeout_seconds=2.0
2025-11-26 17:40:04 | INFO | equity_bot | API_CALL_DEBUG | About to call rmsLimit with args=(), kwargs={}
2025-11-26 17:40:04 | INFO | equity_bot | API_CALL_DEBUG | rmsLimit returned: {'status': True, 'message': 'SUCCESS', 'errorcode': '', 'data': {'net': '17067.5600', 'availablecash': '17067.5600', 'availableintradaypayin': '0.0000', 'availablelimitmargin': '0.0000', 'collateral': '0.0000', 'm2munrealized': '0.0000', 'm2mrealized': '0.0000', 'utiliseddebits': '0.0000', 'utilisedspan': None, 'utilisedoptionpremium': None, 'utilisedholdingsales': None, 'utilisedexposure': None, 'utilisedturnover': None, 'utilisedpayout': '17067.5600'}}
2025-11-26 17:40:04 | INFO | equity_bot | SESSION | Session valid
2025-11-26 17:45:01 | INFO | equity_bot | SESSION | Using cached session status (checked 297s ago)
2025-11-26 17:45:13 | INFO | equity_bot | SESSION_REFRESH | Proactive refresh triggered (session age: 15.0m)
2025-11-26 17:45:13 | INFO | equity_bot | SESSION | Attempting session refresh with refresh token
2025-11-26 17:45:13 | INFO | equity_bot | SESSION | Session saved to file
2025-11-26 17:45:13 | INFO | equity_bot | SESSION | Session refreshed successfully
2025-11-26 17:45:13 | INFO | equity_bot | SESSION_REFRESH | ✅ Proactive session refresh successful
2025-11-26 17:50:02 | INFO | equity_bot | SESSION | Using cached session status (checked 289s ago)
2025-11-26 17:55:03 | INFO | equity_bot | SESSION | Performing lightweight session validation
2025-11-26 17:55:03 | INFO | equity_bot | RATE_LIMIT_WAIT_START | Waiting for rate limit clearance | endpoint=rmsLimit | timeout_seconds=2.0
2025-11-26 17:55:03 | INFO | equity_bot | API_CALL_DEBUG | About to call rmsLimit with args=(), kwargs={}
2025-11-26 17:55:03 | INFO | equity_bot | API_CALL_DEBUG | rmsLimit returned: {'status': True, 'message': 'SUCCESS', 'errorcode': '', 'data': {'net': '17067.5600', 'availablecash': '17067.5600', 'availableintradaypayin': '0.0000', 'availablelimitmargin': '0.0000', 'collateral': '0.0000', 'm2munrealized': '0.0000', 'm2mrealized': '0.0000', 'utiliseddebits': '0.0000', 'utilisedspan': None, 'utilisedoptionpremium': None, 'utilisedholdingsales': None, 'utilisedexposure': None, 'utilisedturnover': None, 'utilisedpayout': '17067.5600'}}
2025-11-26 17:55:03 | INFO | equity_bot | SESSION | Session valid
2025-11-26 18:00:03 | INFO | equity_bot | SESSION | Performing lightweight session validation
2025-11-26 18:00:03 | INFO | equity_bot | RATE_LIMIT_WAIT_START | Waiting for rate limit clearance | endpoint=rmsLimit | timeout_seconds=2.0
2025-11-26 18:00:03 | INFO | equity_bot | API_CALL_DEBUG | About to call rmsLimit with args=(), kwargs={}
2025-11-26 18:00:04 | INFO | equity_bot | API_CALL_DEBUG | rmsLimit returned: {'status': True, 'message': 'SUCCESS', 'errorcode': '', 'data': {'net': '17067.5600', 'availablecash': '17067.5600', 'availableintradaypayin': '0.0000', 'availablelimitmargin': '0.0000', 'collateral': '0.0000', 'm2munrealized': '0.0000', 'm2mrealized': '0.0000', 'utiliseddebits': '0.0000', 'utilisedspan': None, 'utilisedoptionpremium': None, 'utilisedholdingsales': None, 'utilisedexposure': None, 'utilisedturnover': None, 'utilisedpayout': '17067.5600'}}
2025-11-26 18:00:04 | INFO | equity_bot | SESSION | Session valid
2025-11-26 18:00:13 | INFO | equity_bot | SESSION_REFRESH | Proactive refresh triggered (session age: 15.0m)
2025-11-26 18:00:13 | INFO | equity_bot | SESSION | Attempting session refresh with refresh token
2025-11-26 18:00:14 | INFO | equity_bot | SESSION | Session saved to file
2025-11-26 18:00:14 | INFO | equity_bot | SESSION | Session refreshed successfully
2025-11-26 18:00:14 | INFO | equity_bot | SESSION_REFRESH | ✅ Proactive session refresh successful
2025-11-26 18:05:01 | INFO | equity_bot | SESSION | Using cached session status (checked 287s ago)
2025-11-26 18:10:01 | INFO | equity_bot | SESSION | Performing lightweight session validation
2025-11-26 18:10:01 | INFO | equity_bot | RATE_LIMIT_WAIT_START | Waiting for rate limit clearance | endpoint=rmsLimit | timeout_seconds=2.0
2025-11-26 18:10:01 | INFO | equity_bot | API_CALL_DEBUG | About to call rmsLimit with args=(), kwargs={}
2025-11-26 18:10:02 | INFO | equity_bot | API_CALL_DEBUG | rmsLimit returned: {'status': True, 'message': 'SUCCESS', 'errorcode': '', 'data': {'net': '17067.5600', 'availablecash': '17067.5600', 'availableintradaypayin': '0.0000', 'availablelimitmargin': '0.0000', 'collateral': '0.0000', 'm2munrealized': '0.0000', 'm2mrealized': '0.0000', 'utiliseddebits': '0.0000', 'utilisedspan': None, 'utilisedoptionpremium': None, 'utilisedholdingsales': None, 'utilisedexposure': None, 'utilisedturnover': None, 'utilisedpayout': '17067.5600'}}
2025-11-26 18:10:02 | INFO | equity_bot | SESSION | Session valid
2025-11-26 18:15:03 | INFO | equity_bot | SESSION | Performing lightweight session validation
2025-11-26 18:15:03 | INFO | equity_bot | RATE_LIMIT_WAIT_START | Waiting for rate limit clearance | endpoint=rmsLimit | timeout_seconds=2.0
2025-11-26 18:15:03 | INFO | equity_bot | API_CALL_DEBUG | About to call rmsLimit with args=(), kwargs={}
2025-11-26 18:15:03 | INFO | equity_bot | API_CALL_DEBUG | rmsLimit returned: {'status': True, 'message': 'SUCCESS', 'errorcode': '', 'data': {'net': '17067.5600', 'availablecash': '17067.5600', 'availableintradaypayin': '0.0000', 'availablelimitmargin': '0.0000', 'collateral': '0.0000', 'm2munrealized': '0.0000', 'm2mrealized': '0.0000', 'utiliseddebits': '0.0000', 'utilisedspan': None, 'utilisedoptionpremium': None, 'utilisedholdingsales': None, 'utilisedexposure': None, 'utilisedturnover': None, 'utilisedpayout': '17067.5600'}}
2025-11-26 18:15:03 | INFO | equity_bot | SESSION | Session valid
2025-11-26 18:15:14 | INFO | equity_bot | SESSION_REFRESH | Proactive refresh triggered (session age: 15.0m)
2025-11-26 18:15:14 | INFO | equity_bot | SESSION | Attempting session refresh with refresh token
2025-11-26 18:15:14 | INFO | equity_bot | SESSION | Session saved to file
2025-11-26 18:15:14 | INFO | equity_bot | SESSION | Session refreshed successfully
2025-11-26 18:15:14 | INFO | equity_bot | SESSION_REFRESH | ✅ Proactive session refresh successful
2025-11-26 18:20:03 | INFO | equity_bot | SESSION | Using cached session status (checked 290s ago)
2025-11-26 18:25:03 | INFO | equity_bot | SESSION | Performing lightweight session validation
2025-11-26 18:25:03 | INFO | equity_bot | RATE_LIMIT_WAIT_START | Waiting for rate limit clearance | endpoint=rmsLimit | timeout_seconds=2.0
2025-11-26 18:25:03 | INFO | equity_bot | API_CALL_DEBUG | About to call rmsLimit with args=(), kwargs={}
2025-11-26 18:25:04 | INFO | equity_bot | API_CALL_DEBUG | rmsLimit returned: {'status': True, 'message': 'SUCCESS', 'errorcode': '', 'data': {'net': '17067.5600', 'availablecash': '17067.5600', 'availableintradaypayin': '0.0000', 'availablelimitmargin': '0.0000', 'collateral': '0.0000', 'm2munrealized': '0.0000', 'm2mrealized': '0.0000', 'utiliseddebits': '0.0000', 'utilisedspan': None, 'utilisedoptionpremium': None, 'utilisedholdingsales': None, 'utilisedexposure': None, 'utilisedturnover': None, 'utilisedpayout': '17067.5600'}}
2025-11-26 18:25:04 | INFO | equity_bot | SESSION | Session valid
2025-11-26 18:30:05 | INFO | equity_bot | SESSION | Performing lightweight session validation
2025-11-26 18:30:05 | INFO | equity_bot | RATE_LIMIT_WAIT_START | Waiting for rate limit clearance | endpoint=rmsLimit | timeout_seconds=2.0
2025-11-26 18:30:05 | INFO | equity_bot | API_CALL_DEBUG | About to call rmsLimit with args=(), kwargs={}
2025-11-26 18:30:05 | INFO | equity_bot | API_CALL_DEBUG | rmsLimit returned: {'status': True, 'message': 'SUCCESS', 'errorcode': '', 'data': {'net': '17067.5600', 'availablecash': '17067.5600', 'availableintradaypayin': '0.0000', 'availablelimitmargin': '0.0000', 'collateral': '0.0000', 'm2munrealized': '0.0000', 'm2mrealized': '0.0000', 'utiliseddebits': '0.0000', 'utilisedspan': None, 'utilisedoptionpremium': None, 'utilisedholdingsales': None, 'utilisedexposure': None, 'utilisedturnover': None, 'utilisedpayout': '17067.5600'}}
2025-11-26 18:30:05 | INFO | equity_bot | SESSION | Session valid
2025-11-26 18:30:14 | INFO | equity_bot | SESSION_REFRESH | Proactive refresh triggered (session age: 15.0m)
2025-11-26 18:30:14 | INFO | equity_bot | SESSION | Attempting session refresh with refresh token
2025-11-26 18:30:14 | INFO | equity_bot | SESSION | Session saved to file
2025-11-26 18:30:14 | INFO | equity_bot | SESSION | Session refreshed successfully
2025-11-26 18:30:14 | INFO | equity_bot | SESSION_REFRESH | ✅ Proactive session refresh successful
2025-11-26 18:35:02 | INFO | equity_bot | SESSION | Using cached session status (checked 288s ago)
2025-11-26 18:40:03 | INFO | equity_bot | SESSION | Performing lightweight session validation
2025-11-26 18:40:03 | INFO | equity_bot | RATE_LIMIT_WAIT_START | Waiting for rate limit clearance | endpoint=rmsLimit | timeout_seconds=2.0
2025-11-26 18:40:03 | INFO | equity_bot | API_CALL_DEBUG | About to call rmsLimit with args=(), kwargs={}
2025-11-26 18:40:03 | INFO | equity_bot | API_CALL_DEBUG | rmsLimit returned: {'status': True, 'message': 'SUCCESS', 'errorcode': '', 'data': {'net': '17067.5600', 'availablecash': '17067.5600', 'availableintradaypayin': '0.0000', 'availablelimitmargin': '0.0000', 'collateral': '0.0000', 'm2munrealized': '0.0000', 'm2mrealized': '0.0000', 'utiliseddebits': '0.0000', 'utilisedspan': None, 'utilisedoptionpremium': None, 'utilisedholdingsales': None, 'utilisedexposure': None, 'utilisedturnover': None, 'utilisedpayout': '17067.5600'}}
2025-11-26 18:40:03 | INFO | equity_bot | SESSION | Session valid
2025-11-26 18:45:04 | INFO | equity_bot | SESSION | Performing lightweight session validation
2025-11-26 18:45:04 | INFO | equity_bot | RATE_LIMIT_WAIT_START | Waiting for rate limit clearance | endpoint=rmsLimit | timeout_seconds=2.0
2025-11-26 18:45:04 | INFO | equity_bot | API_CALL_DEBUG | About to call rmsLimit with args=(), kwargs={}
2025-11-26 18:45:04 | INFO | equity_bot | API_CALL_DEBUG | rmsLimit returned: {'status': True, 'message': 'SUCCESS', 'errorcode': '', 'data': {'net': '17067.5600', 'availablecash': '17067.5600', 'availableintradaypayin': '0.0000', 'availablelimitmargin': '0.0000', 'collateral': '0.0000', 'm2munrealized': '0.0000', 'm2mrealized': '0.0000', 'utiliseddebits': '0.0000', 'utilisedspan': None, 'utilisedoptionpremium': None, 'utilisedholdingsales': None, 'utilisedexposure': None, 'utilisedturnover': None, 'utilisedpayout': '17067.5600'}}
2025-11-26 18:45:04 | INFO | equity_bot | SESSION | Session valid
2025-11-26 18:45:14 | INFO | equity_bot | SESSION_REFRESH | Proactive refresh triggered (session age: 15.0m)
2025-11-26 18:45:14 | INFO | equity_bot | SESSION | Attempting session refresh with refresh token
2025-11-26 18:45:14 | INFO | equity_bot | SESSION | Session saved to file
2025-11-26 18:45:14 | INFO | equity_bot | SESSION | Session refreshed successfully
2025-11-26 18:45:14 | INFO | equity_bot | SESSION_REFRESH | ✅ Proactive session refresh successful
2025-11-26 18:50:04 | INFO | equity_bot | SESSION | Using cached session status (checked 290s ago)
2025-11-26 18:55:04 | INFO | equity_bot | SESSION | Performing lightweight session validation
2025-11-26 18:55:04 | INFO | equity_bot | RATE_LIMIT_WAIT_START | Waiting for rate limit clearance | endpoint=rmsLimit | timeout_seconds=2.0
2025-11-26 18:55:04 | INFO | equity_bot | API_CALL_DEBUG | About to call rmsLimit with args=(), kwargs={}
2025-11-26 18:55:04 | INFO | equity_bot | API_CALL_DEBUG | rmsLimit returned: {'status': True, 'message': 'SUCCESS', 'errorcode': '', 'data': {'net': '17067.5600', 'availablecash': '17067.5600', 'availableintradaypayin': '0.0000', 'availablelimitmargin': '0.0000', 'collateral': '0.0000', 'm2munrealized': '0.0000', 'm2mrealized': '0.0000', 'utiliseddebits': '0.0000', 'utilisedspan': None, 'utilisedoptionpremium': None, 'utilisedholdingsales': None, 'utilisedexposure': None, 'utilisedturnover': None, 'utilisedpayout': '17067.5600'}}
2025-11-26 18:55:04 | INFO | equity_bot | SESSION | Session valid
2025-11-26 19:00:03 | INFO | equity_bot | SESSION | Using cached session status (checked 299s ago)
2025-11-26 19:00:14 | INFO | equity_bot | SESSION_REFRESH | Proactive refresh triggered (session age: 15.0m)
2025-11-26 19:00:14 | INFO | equity_bot | SESSION | Attempting session refresh with refresh token
2025-11-26 19:00:15 | INFO | equity_bot | SESSION | Session saved to file
2025-11-26 19:00:15 | INFO | equity_bot | SESSION | Session refreshed successfully
2025-11-26 19:00:15 | INFO | equity_bot | SESSION_REFRESH | ✅ Proactive session refresh successful
2025-11-26 19:05:03 | INFO | equity_bot | SESSION | Using cached session status (checked 288s ago)
2025-11-26 19:10:03 | INFO | equity_bot | SESSION | Performing lightweight session validation
2025-11-26 19:10:03 | INFO | equity_bot | RATE_LIMIT_WAIT_START | Waiting for rate limit clearance | endpoint=rmsLimit | timeout_seconds=2.0
2025-11-26 19:10:03 | INFO | equity_bot | API_CALL_DEBUG | About to call rmsLimit with args=(), kwargs={}
2025-11-26 19:10:03 | INFO | equity_bot | API_CALL_DEBUG | rmsLimit returned: {'status': True, 'message': 'SUCCESS', 'errorcode': '', 'data': {'net': '17067.5600', 'availablecash': '17067.5600', 'availableintradaypayin': '0.0000', 'availablelimitmargin': '0.0000', 'collateral': '0.0000', 'm2munrealized': '0.0000', 'm2mrealized': '0.0000', 'utiliseddebits': '0.0000', 'utilisedspan': None, 'utilisedoptionpremium': None, 'utilisedholdingsales': None, 'utilisedexposure': None, 'utilisedturnover': None, 'utilisedpayout': '17067.5600'}}
2025-11-26 19:10:03 | INFO | equity_bot | SESSION | Session valid
2025-11-26 19:15:01 | INFO | equity_bot | SESSION | Using cached session status (checked 298s ago)
2025-11-26 19:15:15 | INFO | equity_bot | SESSION_REFRESH | Proactive refresh triggered (session age: 15.0m)
2025-11-26 19:15:15 | INFO | equity_bot | SESSION | Attempting session refresh with refresh token
2025-11-26 19:15:15 | INFO | equity_bot | SESSION | Session saved to file
2025-11-26 19:15:15 | INFO | equity_bot | SESSION | Session refreshed successfully
2025-11-26 19:15:15 | INFO | equity_bot | SESSION_REFRESH | ✅ Proactive session refresh successful
2025-11-26 19:20:01 | INFO | equity_bot | SESSION | Using cached session status (checked 286s ago)
2025-11-26 19:25:02 | INFO | equity_bot | SESSION | Performing lightweight session validation
2025-11-26 19:25:02 | INFO | equity_bot | RATE_LIMIT_WAIT_START | Waiting for rate limit clearance | endpoint=rmsLimit | timeout_seconds=2.0
2025-11-26 19:25:02 | INFO | equity_bot | API_CALL_DEBUG | About to call rmsLimit with args=(), kwargs={}
2025-11-26 19:25:02 | INFO | equity_bot | API_CALL_DEBUG | rmsLimit returned: {'status': True, 'message': 'SUCCESS', 'errorcode': '', 'data': {'net': '17067.5600', 'availablecash': '17067.5600', 'availableintradaypayin': '0.0000', 'availablelimitmargin': '0.0000', 'collateral': '0.0000', 'm2munrealized': '0.0000', 'm2mrealized': '0.0000', 'utiliseddebits': '0.0000', 'utilisedspan': None, 'utilisedoptionpremium': None, 'utilisedholdingsales': None, 'utilisedexposure': None, 'utilisedturnover': None, 'utilisedpayout': '17067.5600'}}
2025-11-26 19:25:02 | INFO | equity_bot | SESSION | Session valid
2025-11-26 19:30:01 | INFO | equity_bot | SESSION | Using cached session status (checked 300s ago)
2025-11-26 19:30:15 | INFO | equity_bot | SESSION_REFRESH | Proactive refresh triggered (session age: 15.0m)
2025-11-26 19:30:15 | INFO | equity_bot | SESSION | Attempting session refresh with refresh token
2025-11-26 19:30:15 | INFO | equity_bot | SESSION | Session saved to file
2025-11-26 19:30:15 | INFO | equity_bot | SESSION | Session refreshed successfully
2025-11-26 19:30:15 | INFO | equity_bot | SESSION_REFRESH | ✅ Proactive session refresh successful
2025-11-26 19:35:05 | INFO | equity_bot | SESSION | Using cached session status (checked 290s ago)
2025-11-26 19:40:02 | INFO | equity_bot | SESSION | Performing lightweight session validation
2025-11-26 19:40:02 | INFO | equity_bot | RATE_LIMIT_WAIT_START | Waiting for rate limit clearance | endpoint=rmsLimit | timeout_seconds=2.0
2025-11-26 19:40:02 | INFO | equity_bot | API_CALL_DEBUG | About to call rmsLimit with args=(), kwargs={}
2025-11-26 19:40:02 | INFO | equity_bot | API_CALL_DEBUG | rmsLimit returned: {'status': True, 'message': 'SUCCESS', 'errorcode': '', 'data': {'net': '17067.5600', 'availablecash': '17067.5600', 'availableintradaypayin': '0.0000', 'availablelimitmargin': '0.0000', 'collateral': '0.0000', 'm2munrealized': '0.0000', 'm2mrealized': '0.0000', 'utiliseddebits': '0.0000', 'utilisedspan': None, 'utilisedoptionpremium': None, 'utilisedholdingsales': None, 'utilisedexposure': None, 'utilisedturnover': None, 'utilisedpayout': '17067.5600'}}
2025-11-26 19:40:02 | INFO | equity_bot | SESSION | Session valid
2025-11-26 19:45:03 | INFO | equity_bot | SESSION | Performing lightweight session validation
2025-11-26 19:45:03 | INFO | equity_bot | RATE_LIMIT_WAIT_START | Waiting for rate limit clearance | endpoint=rmsLimit | timeout_seconds=2.0
2025-11-26 19:45:03 | INFO | equity_bot | API_CALL_DEBUG | About to call rmsLimit with args=(), kwargs={}
2025-11-26 19:45:03 | INFO | equity_bot | API_CALL_DEBUG | rmsLimit returned: {'status': True, 'message': 'SUCCESS', 'errorcode': '', 'data': {'net': '17067.5600', 'availablecash': '17067.5600', 'availableintradaypayin': '0.0000', 'availablelimitmargin': '0.0000', 'collateral': '0.0000', 'm2munrealized': '0.0000', 'm2mrealized': '0.0000', 'utiliseddebits': '0.0000', 'utilisedspan': None, 'utilisedoptionpremium': None, 'utilisedholdingsales': None, 'utilisedexposure': None, 'utilisedturnover': None, 'utilisedpayout': '17067.5600'}}
2025-11-26 19:45:03 | INFO | equity_bot | SESSION | Session valid
2025-11-26 19:45:15 | INFO | equity_bot | SESSION_REFRESH | Proactive refresh triggered (session age: 15.0m)
2025-11-26 19:45:15 | INFO | equity_bot | SESSION | Attempting session refresh with refresh token
2025-11-26 19:45:15 | INFO | equity_bot | SESSION | Session saved to file
2025-11-26 19:45:15 | INFO | equity_bot | SESSION | Session refreshed successfully
2025-11-26 19:45:15 | INFO | equity_bot | SESSION_REFRESH | ✅ Proactive session refresh successful
2025-11-26 19:50:02 | INFO | equity_bot | SESSION | Using cached session status (checked 287s ago)
2025-11-26 19:55:04 | INFO | equity_bot | SESSION | Performing lightweight session validation
2025-11-26 19:55:04 | INFO | equity_bot | RATE_LIMIT_WAIT_START | Waiting for rate limit clearance | endpoint=rmsLimit | timeout_seconds=2.0
2025-11-26 19:55:04 | INFO | equity_bot | API_CALL_DEBUG | About to call rmsLimit with args=(), kwargs={}
2025-11-26 19:55:04 | INFO | equity_bot | API_CALL_DEBUG | rmsLimit returned: {'status': True, 'message': 'SUCCESS', 'errorcode': '', 'data': {'net': '17067.5600', 'availablecash': '17067.5600', 'availableintradaypayin': '0.0000', 'availablelimitmargin': '0.0000', 'collateral': '0.0000', 'm2munrealized': '0.0000', 'm2mrealized': '0.0000', 'utiliseddebits': '0.0000', 'utilisedspan': None, 'utilisedoptionpremium': None, 'utilisedholdingsales': None, 'utilisedexposure': None, 'utilisedturnover': None, 'utilisedpayout': '17067.5600'}}
2025-11-26 19:55:04 | INFO | equity_bot | SESSION | Session valid
2025-11-26 20:00:02 | INFO | equity_bot | SESSION | Using cached session status (checked 298s ago)
2025-11-26 20:00:15 | INFO | equity_bot | SESSION_REFRESH | Proactive refresh triggered (session age: 15.0m)
2025-11-26 20:00:15 | INFO | equity_bot | SESSION | Attempting session refresh with refresh token
2025-11-26 20:00:16 | INFO | equity_bot | SESSION | Session saved to file
2025-11-26 20:00:16 | INFO | equity_bot | SESSION | Session refreshed successfully
2025-11-26 20:00:16 | INFO | equity_bot | SESSION_REFRESH | ✅ Proactive session refresh successful
2025-11-26 20:05:04 | INFO | equity_bot | SESSION | Using cached session status (checked 289s ago)
2025-11-26 20:10:01 | INFO | equity_bot | SESSION | Performing lightweight session validation
2025-11-26 20:10:01 | INFO | equity_bot | RATE_LIMIT_WAIT_START | Waiting for rate limit clearance | endpoint=rmsLimit | timeout_seconds=2.0
2025-11-26 20:10:01 | INFO | equity_bot | API_CALL_DEBUG | About to call rmsLimit with args=(), kwargs={}
2025-11-26 20:10:01 | INFO | equity_bot | API_CALL_DEBUG | rmsLimit returned: {'status': True, 'message': 'SUCCESS', 'errorcode': '', 'data': {'net': '17067.5600', 'availablecash': '17067.5600', 'availableintradaypayin': '0.0000', 'availablelimitmargin': '0.0000', 'collateral': '0.0000', 'm2munrealized': '0.0000', 'm2mrealized': '0.0000', 'utiliseddebits': '0.0000', 'utilisedspan': None, 'utilisedoptionpremium': None, 'utilisedholdingsales': None, 'utilisedexposure': None, 'utilisedturnover': None, 'utilisedpayout': '17067.5600'}}
2025-11-26 20:10:01 | INFO | equity_bot | SESSION | Session valid
2025-11-26 20:15:03 | INFO | equity_bot | SESSION | Performing lightweight session validation
2025-11-26 20:15:03 | INFO | equity_bot | RATE_LIMIT_WAIT_START | Waiting for rate limit clearance | endpoint=rmsLimit | timeout_seconds=2.0
2025-11-26 20:15:03 | INFO | equity_bot | API_CALL_DEBUG | About to call rmsLimit with args=(), kwargs={}
2025-11-26 20:15:04 | INFO | equity_bot | API_CALL_DEBUG | rmsLimit returned: {'status': True, 'message': 'SUCCESS', 'errorcode': '', 'data': {'net': '17067.5600', 'availablecash': '17067.5600', 'availableintradaypayin': '0.0000', 'availablelimitmargin': '0.0000', 'collateral': '0.0000', 'm2munrealized': '0.0000', 'm2mrealized': '0.0000', 'utiliseddebits': '0.0000', 'utilisedspan': None, 'utilisedoptionpremium': None, 'utilisedholdingsales': None, 'utilisedexposure': None, 'utilisedturnover': None, 'utilisedpayout': '17067.5600'}}
2025-11-26 20:15:04 | INFO | equity_bot | SESSION | Session valid
2025-11-26 20:15:16 | INFO | equity_bot | SESSION_REFRESH | Proactive refresh triggered (session age: 15.0m)
2025-11-26 20:15:16 | INFO | equity_bot | SESSION | Attempting session refresh with refresh token
2025-11-26 20:15:16 | INFO | equity_bot | SESSION | Session saved to file
2025-11-26 20:15:16 | INFO | equity_bot | SESSION | Session refreshed successfully
2025-11-26 20:15:16 | INFO | equity_bot | SESSION_REFRESH | ✅ Proactive session refresh successful
2025-11-26 20:20:03 | INFO | equity_bot | SESSION | Using cached session status (checked 288s ago)
2025-11-26 20:25:02 | INFO | equity_bot | SESSION | Performing lightweight session validation
2025-11-26 20:25:02 | INFO | equity_bot | RATE_LIMIT_WAIT_START | Waiting for rate limit clearance | endpoint=rmsLimit | timeout_seconds=2.0
2025-11-26 20:25:02 | INFO | equity_bot | API_CALL_DEBUG | About to call rmsLimit with args=(), kwargs={}
2025-11-26 20:25:02 | INFO | equity_bot | API_CALL_DEBUG | rmsLimit returned: {'status': True, 'message': 'SUCCESS', 'errorcode': '', 'data': {'net': '17067.5600', 'availablecash': '17067.5600', 'availableintradaypayin': '0.0000', 'availablelimitmargin': '0.0000', 'collateral': '0.0000', 'm2munrealized': '0.0000', 'm2mrealized': '0.0000', 'utiliseddebits': '0.0000', 'utilisedspan': None, 'utilisedoptionpremium': None, 'utilisedholdingsales': None, 'utilisedexposure': None, 'utilisedturnover': None, 'utilisedpayout': '17067.5600'}}
2025-11-26 20:25:02 | INFO | equity_bot | SESSION | Session valid
2025-11-26 20:30:06 | INFO | equity_bot | SESSION | Performing lightweight session validation
2025-11-26 20:30:06 | INFO | equity_bot | RATE_LIMIT_WAIT_START | Waiting for rate limit clearance | endpoint=rmsLimit | timeout_seconds=2.0
2025-11-26 20:30:06 | INFO | equity_bot | API_CALL_DEBUG | About to call rmsLimit with args=(), kwargs={}
2025-11-26 20:30:07 | INFO | equity_bot | API_CALL_DEBUG | rmsLimit returned: {'status': True, 'message': 'SUCCESS', 'errorcode': '', 'data': {'net': '17067.5600', 'availablecash': '17067.5600', 'availableintradaypayin': '0.0000', 'availablelimitmargin': '0.0000', 'collateral': '0.0000', 'm2munrealized': '0.0000', 'm2mrealized': '0.0000', 'utiliseddebits': '0.0000', 'utilisedspan': None, 'utilisedoptionpremium': None, 'utilisedholdingsales': None, 'utilisedexposure': None, 'utilisedturnover': None, 'utilisedpayout': '17067.5600'}}
2025-11-26 20:30:07 | INFO | equity_bot | SESSION | Session valid
2025-11-26 20:30:16 | INFO | equity_bot | SESSION_REFRESH | Proactive refresh triggered (session age: 15.0m)
2025-11-26 20:30:16 | INFO | equity_bot | SESSION | Attempting session refresh with refresh token
2025-11-26 20:30:16 | INFO | equity_bot | SESSION | Session saved to file
2025-11-26 20:30:16 | INFO | equity_bot | SESSION | Session refreshed successfully
2025-11-26 20:30:16 | INFO | equity_bot | SESSION_REFRESH | ✅ Proactive session refresh successful
2025-11-26 20:35:03 | INFO | equity_bot | SESSION | Using cached session status (checked 288s ago)
2025-11-26 20:40:04 | INFO | equity_bot | SESSION | Performing lightweight session validation
2025-11-26 20:40:04 | INFO | equity_bot | RATE_LIMIT_WAIT_START | Waiting for rate limit clearance | endpoint=rmsLimit | timeout_seconds=2.0
2025-11-26 20:40:04 | INFO | equity_bot | API_CALL_DEBUG | About to call rmsLimit with args=(), kwargs={}
2025-11-26 20:40:05 | INFO | equity_bot | API_CALL_DEBUG | rmsLimit returned: {'status': True, 'message': 'SUCCESS', 'errorcode': '', 'data': {'net': '17067.5600', 'availablecash': '17067.5600', 'availableintradaypayin': '0.0000', 'availablelimitmargin': '0.0000', 'collateral': '0.0000', 'm2munrealized': '0.0000', 'm2mrealized': '0.0000', 'utiliseddebits': '0.0000', 'utilisedspan': None, 'utilisedoptionpremium': None, 'utilisedholdingsales': None, 'utilisedexposure': None, 'utilisedturnover': None, 'utilisedpayout': '17067.5600'}}
2025-11-26 20:40:05 | INFO | equity_bot | SESSION | Session valid
2025-11-26 20:45:04 | INFO | equity_bot | SESSION | Using cached session status (checked 300s ago)
2025-11-26 20:45:16 | INFO | equity_bot | SESSION_REFRESH | Proactive refresh triggered (session age: 15.0m)
2025-11-26 20:45:16 | INFO | equity_bot | SESSION | Attempting session refresh with refresh token
2025-11-26 20:45:16 | INFO | equity_bot | SESSION | Session saved to file
2025-11-26 20:45:16 | INFO | equity_bot | SESSION | Session refreshed successfully
2025-11-26 20:45:16 | INFO | equity_bot | SESSION_REFRESH | ✅ Proactive session refresh successful
2025-11-26 20:50:01 | INFO | equity_bot | SESSION | Using cached session status (checked 285s ago)
2025-11-26 20:55:01 | INFO | equity_bot | SESSION | Performing lightweight session validation
2025-11-26 20:55:01 | INFO | equity_bot | RATE_LIMIT_WAIT_START | Waiting for rate limit clearance | endpoint=rmsLimit | timeout_seconds=2.0
2025-11-26 20:55:01 | INFO | equity_bot | API_CALL_DEBUG | About to call rmsLimit with args=(), kwargs={}
2025-11-26 20:55:02 | INFO | equity_bot | API_CALL_DEBUG | rmsLimit returned: {'status': True, 'message': 'SUCCESS', 'errorcode': '', 'data': {'net': '17067.5600', 'availablecash': '17067.5600', 'availableintradaypayin': '0.0000', 'availablelimitmargin': '0.0000', 'collateral': '0.0000', 'm2munrealized': '0.0000', 'm2mrealized': '0.0000', 'utiliseddebits': '0.0000', 'utilisedspan': None, 'utilisedoptionpremium': None, 'utilisedholdingsales': None, 'utilisedexposure': None, 'utilisedturnover': None, 'utilisedpayout': '17067.5600'}}
2025-11-26 20:55:02 | INFO | equity_bot | SESSION | Session valid
2025-11-26 21:00:01 | INFO | equity_bot | SESSION | Using cached session status (checked 299s ago)
2025-11-26 21:00:16 | INFO | equity_bot | SESSION_REFRESH | Proactive refresh triggered (session age: 15.0m)
2025-11-26 21:00:16 | INFO | equity_bot | SESSION | Attempting session refresh with refresh token
2025-11-26 21:00:17 | INFO | equity_bot | SESSION | Session saved to file
2025-11-26 21:00:17 | INFO | equity_bot | SESSION | Session refreshed successfully
2025-11-26 21:00:17 | INFO | equity_bot | SESSION_REFRESH | ✅ Proactive session refresh successful
2025-11-26 21:05:01 | INFO | equity_bot | SESSION | Using cached session status (checked 284s ago)
2025-11-26 21:10:01 | INFO | equity_bot | SESSION | Performing lightweight session validation
2025-11-26 21:10:01 | INFO | equity_bot | RATE_LIMIT_WAIT_START | Waiting for rate limit clearance | endpoint=rmsLimit | timeout_seconds=2.0
2025-11-26 21:10:01 | INFO | equity_bot | API_CALL_DEBUG | About to call rmsLimit with args=(), kwargs={}
2025-11-26 21:10:01 | INFO | equity_bot | API_CALL_DEBUG | rmsLimit returned: {'status': True, 'message': 'SUCCESS', 'errorcode': '', 'data': {'net': '17067.5600', 'availablecash': '17067.5600', 'availableintradaypayin': '0.0000', 'availablelimitmargin': '0.0000', 'collateral': '0.0000', 'm2munrealized': '0.0000', 'm2mrealized': '0.0000', 'utiliseddebits': '0.0000', 'utilisedspan': None, 'utilisedoptionpremium': None, 'utilisedholdingsales': None, 'utilisedexposure': None, 'utilisedturnover': None, 'utilisedpayout': '17067.5600'}}
2025-11-26 21:10:01 | INFO | equity_bot | SESSION | Session valid
2025-11-26 21:15:02 | INFO | equity_bot | SESSION | Performing lightweight session validation
2025-11-26 21:15:02 | INFO | equity_bot | RATE_LIMIT_WAIT_START | Waiting for rate limit clearance | endpoint=rmsLimit | timeout_seconds=2.0
2025-11-26 21:15:02 | INFO | equity_bot | API_CALL_DEBUG | About to call rmsLimit with args=(), kwargs={}
2025-11-26 21:15:02 | INFO | equity_bot | API_CALL_DEBUG | rmsLimit returned: {'status': True, 'message': 'SUCCESS', 'errorcode': '', 'data': {'net': '17067.5600', 'availablecash': '17067.5600', 'availableintradaypayin': '0.0000', 'availablelimitmargin': '0.0000', 'collateral': '0.0000', 'm2munrealized': '0.0000', 'm2mrealized': '0.0000', 'utiliseddebits': '0.0000', 'utilisedspan': None, 'utilisedoptionpremium': None, 'utilisedholdingsales': None, 'utilisedexposure': None, 'utilisedturnover': None, 'utilisedpayout': '17067.5600'}}
2025-11-26 21:15:02 | INFO | equity_bot | SESSION | Session valid
2025-11-26 21:15:17 | INFO | equity_bot | SESSION_REFRESH | Proactive refresh triggered (session age: 15.0m)
2025-11-26 21:15:17 | INFO | equity_bot | SESSION | Attempting session refresh with refresh token
2025-11-26 21:15:17 | INFO | equity_bot | SESSION | Session saved to file
2025-11-26 21:15:17 | INFO | equity_bot | SESSION | Session refreshed successfully
2025-11-26 21:15:17 | INFO | equity_bot | SESSION_REFRESH | ✅ Proactive session refresh successful
2025-11-26 21:20:01 | INFO | equity_bot | SESSION | Using cached session status (checked 284s ago)
2025-11-26 21:25:01 | INFO | equity_bot | SESSION | Performing lightweight session validation
2025-11-26 21:25:01 | INFO | equity_bot | RATE_LIMIT_WAIT_START | Waiting for rate limit clearance | endpoint=rmsLimit | timeout_seconds=2.0
2025-11-26 21:25:01 | INFO | equity_bot | API_CALL_DEBUG | About to call rmsLimit with args=(), kwargs={}
2025-11-26 21:25:01 | INFO | equity_bot | API_CALL_DEBUG | rmsLimit returned: {'status': True, 'message': 'SUCCESS', 'errorcode': '', 'data': {'net': '17067.5600', 'availablecash': '17067.5600', 'availableintradaypayin': '0.0000', 'availablelimitmargin': '0.0000', 'collateral': '0.0000', 'm2munrealized': '0.0000', 'm2mrealized': '0.0000', 'utiliseddebits': '0.0000', 'utilisedspan': None, 'utilisedoptionpremium': None, 'utilisedholdingsales': None, 'utilisedexposure': None, 'utilisedturnover': None, 'utilisedpayout': '17067.5600'}}
2025-11-26 21:25:01 | INFO | equity_bot | SESSION | Session valid
2025-11-26 21:30:01 | INFO | equity_bot | SESSION | Performing lightweight session validation
2025-11-26 21:30:01 | INFO | equity_bot | RATE_LIMIT_WAIT_START | Waiting for rate limit clearance | endpoint=rmsLimit | timeout_seconds=2.0
2025-11-26 21:30:01 | INFO | equity_bot | API_CALL_DEBUG | About to call rmsLimit with args=(), kwargs={}
2025-11-26 21:30:01 | INFO | equity_bot | API_CALL_DEBUG | rmsLimit returned: {'status': True, 'message': 'SUCCESS', 'errorcode': '', 'data': {'net': '17067.5600', 'availablecash': '17067.5600', 'availableintradaypayin': '0.0000', 'availablelimitmargin': '0.0000', 'collateral': '0.0000', 'm2munrealized': '0.0000', 'm2mrealized': '0.0000', 'utiliseddebits': '0.0000', 'utilisedspan': None, 'utilisedoptionpremium': None, 'utilisedholdingsales': None, 'utilisedexposure': None, 'utilisedturnover': None, 'utilisedpayout': '17067.5600'}}
2025-11-26 21:30:01 | INFO | equity_bot | SESSION | Session valid
2025-11-26 21:30:17 | INFO | equity_bot | SESSION_REFRESH | Proactive refresh triggered (session age: 15.0m)
2025-11-26 21:30:17 | INFO | equity_bot | SESSION | Attempting session refresh with refresh token
2025-11-26 21:30:17 | INFO | equity_bot | SESSION | Session saved to file
2025-11-26 21:30:17 | INFO | equity_bot | SESSION | Session refreshed successfully
2025-11-26 21:30:17 | INFO | equity_bot | SESSION_REFRESH | ✅ Proactive session refresh successful
2025-11-26 21:35:04 | INFO | equity_bot | SESSION | Using cached session status (checked 287s ago)
2025-11-26 21:40:01 | INFO | equity_bot | SESSION | Performing lightweight session validation
2025-11-26 21:40:01 | INFO | equity_bot | RATE_LIMIT_WAIT_START | Waiting for rate limit clearance | endpoint=rmsLimit | timeout_seconds=2.0
2025-11-26 21:40:01 | INFO | equity_bot | API_CALL_DEBUG | About to call rmsLimit with args=(), kwargs={}
2025-11-26 21:40:01 | INFO | equity_bot | API_CALL_DEBUG | rmsLimit returned: {'status': True, 'message': 'SUCCESS', 'errorcode': '', 'data': {'net': '17067.5600', 'availablecash': '17067.5600', 'availableintradaypayin': '0.0000', 'availablelimitmargin': '0.0000', 'collateral': '0.0000', 'm2munrealized': '0.0000', 'm2mrealized': '0.0000', 'utiliseddebits': '0.0000', 'utilisedspan': None, 'utilisedoptionpremium': None, 'utilisedholdingsales': None, 'utilisedexposure': None, 'utilisedturnover': None, 'utilisedpayout': '17067.5600'}}
2025-11-26 21:40:01 | INFO | equity_bot | SESSION | Session valid
2025-11-26 21:45:02 | INFO | equity_bot | SESSION | Performing lightweight session validation
2025-11-26 21:45:02 | INFO | equity_bot | RATE_LIMIT_WAIT_START | Waiting for rate limit clearance | endpoint=rmsLimit | timeout_seconds=2.0
2025-11-26 21:45:02 | INFO | equity_bot | API_CALL_DEBUG | About to call rmsLimit with args=(), kwargs={}
2025-11-26 21:45:03 | INFO | equity_bot | API_CALL_DEBUG | rmsLimit returned: {'status': True, 'message': 'SUCCESS', 'errorcode': '', 'data': {'net': '17067.5600', 'availablecash': '17067.5600', 'availableintradaypayin': '0.0000', 'availablelimitmargin': '0.0000', 'collateral': '0.0000', 'm2munrealized': '0.0000', 'm2mrealized': '0.0000', 'utiliseddebits': '0.0000', 'utilisedspan': None, 'utilisedoptionpremium': None, 'utilisedholdingsales': None, 'utilisedexposure': None, 'utilisedturnover': None, 'utilisedpayout': '17067.5600'}}
2025-11-26 21:45:03 | INFO | equity_bot | SESSION | Session valid
2025-11-26 21:45:17 | INFO | equity_bot | SESSION_REFRESH | Proactive refresh triggered (session age: 15.0m)
2025-11-26 21:45:17 | INFO | equity_bot | SESSION | Attempting session refresh with refresh token
2025-11-26 21:45:17 | INFO | equity_bot | SESSION | Session saved to file
2025-11-26 21:45:17 | INFO | equity_bot | SESSION | Session refreshed successfully
2025-11-26 21:45:17 | INFO | equity_bot | SESSION_REFRESH | ✅ Proactive session refresh successful
2025-11-26 21:50:06 | INFO | equity_bot | SESSION | Using cached session status (checked 289s ago)
2025-11-26 21:55:02 | INFO | equity_bot | SESSION | Performing lightweight session validation
2025-11-26 21:55:02 | INFO | equity_bot | RATE_LIMIT_WAIT_START | Waiting for rate limit clearance | endpoint=rmsLimit | timeout_seconds=2.0
2025-11-26 21:55:02 | INFO | equity_bot | API_CALL_DEBUG | About to call rmsLimit with args=(), kwargs={}
2025-11-26 21:55:02 | INFO | equity_bot | API_CALL_DEBUG | rmsLimit returned: {'status': True, 'message': 'SUCCESS', 'errorcode': '', 'data': {'net': '17067.5600', 'availablecash': '17067.5600', 'availableintradaypayin': '0.0000', 'availablelimitmargin': '0.0000', 'collateral': '0.0000', 'm2munrealized': '0.0000', 'm2mrealized': '0.0000', 'utiliseddebits': '0.0000', 'utilisedspan': None, 'utilisedoptionpremium': None, 'utilisedholdingsales': None, 'utilisedexposure': None, 'utilisedturnover': None, 'utilisedpayout': '17067.5600'}}
2025-11-26 21:55:02 | INFO | equity_bot | SESSION | Session valid
2025-11-26 22:00:04 | INFO | equity_bot | SESSION | Performing lightweight session validation
2025-11-26 22:00:04 | INFO | equity_bot | RATE_LIMIT_WAIT_START | Waiting for rate limit clearance | endpoint=rmsLimit | timeout_seconds=2.0
2025-11-26 22:00:04 | INFO | equity_bot | API_CALL_DEBUG | About to call rmsLimit with args=(), kwargs={}
2025-11-26 22:00:04 | INFO | equity_bot | API_CALL_DEBUG | rmsLimit returned: {'status': True, 'message': 'SUCCESS', 'errorcode': '', 'data': {'net': '17067.5600', 'availablecash': '17067.5600', 'availableintradaypayin': '0.0000', 'availablelimitmargin': '0.0000', 'collateral': '0.0000', 'm2munrealized': '0.0000', 'm2mrealized': '0.0000', 'utiliseddebits': '0.0000', 'utilisedspan': None, 'utilisedoptionpremium': None, 'utilisedholdingsales': None, 'utilisedexposure': None, 'utilisedturnover': None, 'utilisedpayout': '17067.5600'}}
2025-11-26 22:00:04 | INFO | equity_bot | SESSION | Session valid
2025-11-26 22:00:17 | INFO | equity_bot | SESSION_REFRESH | Proactive refresh triggered (session age: 15.0m)
2025-11-26 22:00:17 | INFO | equity_bot | SESSION | Attempting session refresh with refresh token
2025-11-26 22:00:17 | INFO | equity_bot | SESSION | Session saved to file
2025-11-26 22:00:17 | INFO | equity_bot | SESSION | Session refreshed successfully
2025-11-26 22:00:17 | INFO | equity_bot | SESSION_REFRESH | ✅ Proactive session refresh successful
2025-11-26 22:05:01 | INFO | equity_bot | SESSION | Using cached session status (checked 283s ago)
2025-11-26 22:10:04 | INFO | equity_bot | SESSION | Performing lightweight session validation
2025-11-26 22:10:04 | INFO | equity_bot | RATE_LIMIT_WAIT_START | Waiting for rate limit clearance | endpoint=rmsLimit | timeout_seconds=2.0
2025-11-26 22:10:04 | INFO | equity_bot | API_CALL_DEBUG | About to call rmsLimit with args=(), kwargs={}
2025-11-26 22:10:04 | INFO | equity_bot | API_CALL_DEBUG | rmsLimit returned: {'status': True, 'message': 'SUCCESS', 'errorcode': '', 'data': {'net': '17067.5600', 'availablecash': '17067.5600', 'availableintradaypayin': '0.0000', 'availablelimitmargin': '0.0000', 'collateral': '0.0000', 'm2munrealized': '0.0000', 'm2mrealized': '0.0000', 'utiliseddebits': '0.0000', 'utilisedspan': None, 'utilisedoptionpremium': None, 'utilisedholdingsales': None, 'utilisedexposure': None, 'utilisedturnover': None, 'utilisedpayout': '17067.5600'}}
2025-11-26 22:10:04 | INFO | equity_bot | SESSION | Session valid
2025-11-26 22:15:01 | INFO | equity_bot | SESSION | Using cached session status (checked 296s ago)
2025-11-26 22:15:17 | INFO | equity_bot | SESSION_REFRESH | Proactive refresh triggered (session age: 15.0m)
2025-11-26 22:15:17 | INFO | equity_bot | SESSION | Attempting session refresh with refresh token
2025-11-26 22:15:18 | INFO | equity_bot | SESSION | Session saved to file
2025-11-26 22:15:18 | INFO | equity_bot | SESSION | Session refreshed successfully
2025-11-26 22:15:18 | INFO | equity_bot | SESSION_REFRESH | ✅ Proactive session refresh successful
2025-11-26 22:20:03 | INFO | equity_bot | SESSION | Using cached session status (checked 285s ago)
2025-11-26 22:25:05 | INFO | equity_bot | SESSION | Performing lightweight session validation
2025-11-26 22:25:05 | INFO | equity_bot | RATE_LIMIT_WAIT_START | Waiting for rate limit clearance | endpoint=rmsLimit | timeout_seconds=2.0
2025-11-26 22:25:05 | INFO | equity_bot | API_CALL_DEBUG | About to call rmsLimit with args=(), kwargs={}
2025-11-26 22:25:05 | INFO | equity_bot | API_CALL_DEBUG | rmsLimit returned: {'status': True, 'message': 'SUCCESS', 'errorcode': '', 'data': {'net': '17067.5600', 'availablecash': '17067.5600', 'availableintradaypayin': '0.0000', 'availablelimitmargin': '0.0000', 'collateral': '0.0000', 'm2munrealized': '0.0000', 'm2mrealized': '0.0000', 'utiliseddebits': '0.0000', 'utilisedspan': None, 'utilisedoptionpremium': None, 'utilisedholdingsales': None, 'utilisedexposure': None, 'utilisedturnover': None, 'utilisedpayout': '17067.5600'}}
2025-11-26 22:25:05 | INFO | equity_bot | SESSION | Session valid
2025-11-26 22:30:01 | INFO | equity_bot | SESSION | Using cached session status (checked 296s ago)
2025-11-26 22:30:18 | INFO | equity_bot | SESSION_REFRESH | Proactive refresh triggered (session age: 15.0m)
2025-11-26 22:30:18 | INFO | equity_bot | SESSION | Attempting session refresh with refresh token
2025-11-26 22:30:18 | INFO | equity_bot | SESSION | Session saved to file
2025-11-26 22:30:18 | INFO | equity_bot | SESSION | Session refreshed successfully
2025-11-26 22:30:18 | INFO | equity_bot | SESSION_REFRESH | ✅ Proactive session refresh successful
2025-11-26 22:35:01 | INFO | equity_bot | SESSION | Using cached session status (checked 283s ago)
2025-11-26 22:40:05 | INFO | equity_bot | SESSION | Performing lightweight session validation
2025-11-26 22:40:05 | INFO | equity_bot | RATE_LIMIT_WAIT_START | Waiting for rate limit clearance | endpoint=rmsLimit | timeout_seconds=2.0
2025-11-26 22:40:05 | INFO | equity_bot | API_CALL_DEBUG | About to call rmsLimit with args=(), kwargs={}
2025-11-26 22:40:05 | INFO | equity_bot | API_CALL_DEBUG | rmsLimit returned: {'status': True, 'message': 'SUCCESS', 'errorcode': '', 'data': {'net': '17067.5600', 'availablecash': '17067.5600', 'availableintradaypayin': '0.0000', 'availablelimitmargin': '0.0000', 'collateral': '0.0000', 'm2munrealized': '0.0000', 'm2mrealized': '0.0000', 'utiliseddebits': '0.0000', 'utilisedspan': None, 'utilisedoptionpremium': None, 'utilisedholdingsales': None, 'utilisedexposure': None, 'utilisedturnover': None, 'utilisedpayout': '17067.5600'}}
2025-11-26 22:40:05 | INFO | equity_bot | SESSION | Session valid
2025-11-26 22:45:04 | INFO | equity_bot | SESSION | Using cached session status (checked 299s ago)
2025-11-26 22:45:18 | INFO | equity_bot | SESSION_REFRESH | Proactive refresh triggered (session age: 15.0m)
2025-11-26 22:45:18 | INFO | equity_bot | SESSION | Attempting session refresh with refresh token
2025-11-26 22:45:18 | INFO | equity_bot | SESSION | Session saved to file
2025-11-26 22:45:18 | INFO | equity_bot | SESSION | Session refreshed successfully
2025-11-26 22:45:18 | INFO | equity_bot | SESSION_REFRESH | ✅ Proactive session refresh successful
2025-11-26 22:50:02 | INFO | equity_bot | SESSION | Using cached session status (checked 284s ago)
2025-11-26 22:55:03 | INFO | equity_bot | SESSION | Performing lightweight session validation
2025-11-26 22:55:03 | INFO | equity_bot | RATE_LIMIT_WAIT_START | Waiting for rate limit clearance | endpoint=rmsLimit | timeout_seconds=2.0
2025-11-26 22:55:03 | INFO | equity_bot | API_CALL_DEBUG | About to call rmsLimit with args=(), kwargs={}
2025-11-26 22:55:03 | INFO | equity_bot | API_CALL_DEBUG | rmsLimit returned: {'status': True, 'message': 'SUCCESS', 'errorcode': '', 'data': {'net': '17067.5600', 'availablecash': '17067.5600', 'availableintradaypayin': '0.0000', 'availablelimitmargin': '0.0000', 'collateral': '0.0000', 'm2munrealized': '0.0000', 'm2mrealized': '0.0000', 'utiliseddebits': '0.0000', 'utilisedspan': None, 'utilisedoptionpremium': None, 'utilisedholdingsales': None, 'utilisedexposure': None, 'utilisedturnover': None, 'utilisedpayout': '17067.5600'}}
2025-11-26 22:55:03 | INFO | equity_bot | SESSION | Session valid
2025-11-26 23:00:04 | INFO | equity_bot | SESSION | Performing lightweight session validation
2025-11-26 23:00:04 | INFO | equity_bot | RATE_LIMIT_WAIT_START | Waiting for rate limit clearance | endpoint=rmsLimit | timeout_seconds=2.0
2025-11-26 23:00:04 | INFO | equity_bot | API_CALL_DEBUG | About to call rmsLimit with args=(), kwargs={}
2025-11-26 23:00:05 | INFO | equity_bot | API_CALL_DEBUG | rmsLimit returned: {'status': True, 'message': 'SUCCESS', 'errorcode': '', 'data': {'net': '17067.5600', 'availablecash': '17067.5600', 'availableintradaypayin': '0.0000', 'availablelimitmargin': '0.0000', 'collateral': '0.0000', 'm2munrealized': '0.0000', 'm2mrealized': '0.0000', 'utiliseddebits': '0.0000', 'utilisedspan': None, 'utilisedoptionpremium': None, 'utilisedholdingsales': None, 'utilisedexposure': None, 'utilisedturnover': None, 'utilisedpayout': '17067.5600'}}
2025-11-26 23:00:05 | INFO | equity_bot | SESSION | Session valid
2025-11-26 23:00:18 | INFO | equity_bot | SESSION_REFRESH | Proactive refresh triggered (session age: 15.0m)
2025-11-26 23:00:18 | INFO | equity_bot | SESSION | Attempting session refresh with refresh token
2025-11-26 23:00:18 | INFO | equity_bot | SESSION | Session saved to file
2025-11-26 23:00:18 | INFO | equity_bot | SESSION | Session refreshed successfully
2025-11-26 23:00:18 | INFO | equity_bot | SESSION_REFRESH | ✅ Proactive session refresh successful
2025-11-26 23:05:02 | INFO | equity_bot | SESSION | Using cached session status (checked 284s ago)
2025-11-26 23:10:05 | INFO | equity_bot | SESSION | Performing lightweight session validation
2025-11-26 23:10:05 | INFO | equity_bot | RATE_LIMIT_WAIT_START | Waiting for rate limit clearance | endpoint=rmsLimit | timeout_seconds=2.0
2025-11-26 23:10:05 | INFO | equity_bot | API_CALL_DEBUG | About to call rmsLimit with args=(), kwargs={}
2025-11-26 23:10:05 | INFO | equity_bot | API_CALL_DEBUG | rmsLimit returned: {'status': True, 'message': 'SUCCESS', 'errorcode': '', 'data': {'net': '17067.5600', 'availablecash': '17067.5600', 'availableintradaypayin': '0.0000', 'availablelimitmargin': '0.0000', 'collateral': '0.0000', 'm2munrealized': '0.0000', 'm2mrealized': '0.0000', 'utiliseddebits': '0.0000', 'utilisedspan': None, 'utilisedoptionpremium': None, 'utilisedholdingsales': None, 'utilisedexposure': None, 'utilisedturnover': None, 'utilisedpayout': '17067.5600'}}
2025-11-26 23:10:05 | INFO | equity_bot | SESSION | Session valid
2025-11-26 23:15:03 | INFO | equity_bot | SESSION | Using cached session status (checked 298s ago)
2025-11-26 23:15:18 | INFO | equity_bot | SESSION_REFRESH | Proactive refresh triggered (session age: 15.0m)
2025-11-26 23:15:18 | INFO | equity_bot | SESSION | Attempting session refresh with refresh token
2025-11-26 23:15:19 | INFO | equity_bot | SESSION | Session saved to file
2025-11-26 23:15:19 | INFO | equity_bot | SESSION | Session refreshed successfully
2025-11-26 23:15:19 | INFO | equity_bot | SESSION_REFRESH | ✅ Proactive session refresh successful
2025-11-26 23:20:05 | INFO | equity_bot | SESSION | Using cached session status (checked 287s ago)
2025-11-26 23:25:04 | INFO | equity_bot | SESSION | Performing lightweight session validation
2025-11-26 23:25:04 | INFO | equity_bot | RATE_LIMIT_WAIT_START | Waiting for rate limit clearance | endpoint=rmsLimit | timeout_seconds=2.0
2025-11-26 23:25:04 | INFO | equity_bot | API_CALL_DEBUG | About to call rmsLimit with args=(), kwargs={}
2025-11-26 23:25:04 | INFO | equity_bot | API_CALL_DEBUG | rmsLimit returned: {'status': True, 'message': 'SUCCESS', 'errorcode': '', 'data': {'net': '17067.5600', 'availablecash': '17067.5600', 'availableintradaypayin': '0.0000', 'availablelimitmargin': '0.0000', 'collateral': '0.0000', 'm2munrealized': '0.0000', 'm2mrealized': '0.0000', 'utiliseddebits': '0.0000', 'utilisedspan': None, 'utilisedoptionpremium': None, 'utilisedholdingsales': None, 'utilisedexposure': None, 'utilisedturnover': None, 'utilisedpayout': '17067.5600'}}
2025-11-26 23:25:04 | INFO | equity_bot | SESSION | Session valid
2025-11-26 23:30:01 | INFO | equity_bot | SESSION | Using cached session status (checked 298s ago)
2025-11-26 23:30:19 | INFO | equity_bot | SESSION_REFRESH | Proactive refresh triggered (session age: 15.0m)
2025-11-26 23:30:19 | INFO | equity_bot | SESSION | Attempting session refresh with refresh token
2025-11-26 23:30:19 | INFO | equity_bot | SESSION | Session saved to file
2025-11-26 23:30:19 | INFO | equity_bot | SESSION | Session refreshed successfully
2025-11-26 23:30:19 | INFO | equity_bot | SESSION_REFRESH | ✅ Proactive session refresh successful
2025-11-26 23:35:04 | INFO | equity_bot | SESSION | Using cached session status (checked 285s ago)
2025-11-26 23:40:03 | INFO | equity_bot | SESSION | Performing lightweight session validation
2025-11-26 23:40:03 | INFO | equity_bot | RATE_LIMIT_WAIT_START | Waiting for rate limit clearance | endpoint=rmsLimit | timeout_seconds=2.0
2025-11-26 23:40:03 | INFO | equity_bot | API_CALL_DEBUG | About to call rmsLimit with args=(), kwargs={}
2025-11-26 23:40:03 | INFO | equity_bot | API_CALL_DEBUG | rmsLimit returned: {'status': True, 'message': 'SUCCESS', 'errorcode': '', 'data': {'net': '17067.5600', 'availablecash': '17067.5600', 'availableintradaypayin': '0.0000', 'availablelimitmargin': '0.0000', 'collateral': '0.0000', 'm2munrealized': '0.0000', 'm2mrealized': '0.0000', 'utiliseddebits': '0.0000', 'utilisedspan': None, 'utilisedoptionpremium': None, 'utilisedholdingsales': None, 'utilisedexposure': None, 'utilisedturnover': None, 'utilisedpayout': '17067.5600'}}
2025-11-26 23:40:03 | INFO | equity_bot | SESSION | Session valid
2025-11-26 23:45:05 | INFO | equity_bot | SESSION | Performing lightweight session validation
2025-11-26 23:45:05 | INFO | equity_bot | RATE_LIMIT_WAIT_START | Waiting for rate limit clearance | endpoint=rmsLimit | timeout_seconds=2.0
2025-11-26 23:45:05 | INFO | equity_bot | API_CALL_DEBUG | About to call rmsLimit with args=(), kwargs={}
2025-11-26 23:45:05 | INFO | equity_bot | API_CALL_DEBUG | rmsLimit returned: {'status': True, 'message': 'SUCCESS', 'errorcode': '', 'data': {'net': '17067.5600', 'availablecash': '17067.5600', 'availableintradaypayin': '0.0000', 'availablelimitmargin': '0.0000', 'collateral': '0.0000', 'm2munrealized': '0.0000', 'm2mrealized': '0.0000', 'utiliseddebits': '0.0000', 'utilisedspan': None, 'utilisedoptionpremium': None, 'utilisedholdingsales': None, 'utilisedexposure': None, 'utilisedturnover': None, 'utilisedpayout': '17067.5600'}}
2025-11-26 23:45:05 | INFO | equity_bot | SESSION | Session valid
2025-11-26 23:45:19 | INFO | equity_bot | SESSION_REFRESH | Proactive refresh triggered (session age: 15.0m)
2025-11-26 23:45:19 | INFO | equity_bot | SESSION | Attempting session refresh with refresh token
2025-11-26 23:45:19 | INFO | equity_bot | SESSION | Session saved to file
2025-11-26 23:45:19 | INFO | equity_bot | SESSION | Session refreshed successfully
2025-11-26 23:45:19 | INFO | equity_bot | SESSION_REFRESH | ✅ Proactive session refresh successful
2025-11-26 23:50:04 | INFO | equity_bot | SESSION | Using cached session status (checked 285s ago)
2025-11-26 23:55:04 | INFO | equity_bot | SESSION | Performing lightweight session validation
2025-11-26 23:55:04 | INFO | equity_bot | RATE_LIMIT_WAIT_START | Waiting for rate limit clearance | endpoint=rmsLimit | timeout_seconds=2.0
2025-11-26 23:55:04 | INFO | equity_bot | API_CALL_DEBUG | About to call rmsLimit with args=(), kwargs={}
2025-11-26 23:55:04 | INFO | equity_bot | API_CALL_DEBUG | rmsLimit returned: {'status': True, 'message': 'SUCCESS', 'errorcode': '', 'data': {'net': '17067.5600', 'availablecash': '17067.5600', 'availableintradaypayin': '0.0000', 'availablelimitmargin': '0.0000', 'collateral': '0.0000', 'm2munrealized': '0.0000', 'm2mrealized': '0.0000', 'utiliseddebits': '0.0000', 'utilisedspan': None, 'utilisedoptionpremium': None, 'utilisedholdingsales': None, 'utilisedexposure': None, 'utilisedturnover': None, 'utilisedpayout': '17067.5600'}}
2025-11-26 23:55:04 | INFO | equity_bot | SESSION | Session valid
2025-11-27 00:00:05 | INFO | equity_bot | SESSION | Performing lightweight session validation
2025-11-27 00:00:05 | INFO | equity_bot | RATE_LIMIT_WAIT_START | Waiting for rate limit clearance | endpoint=rmsLimit | timeout_seconds=2.0
2025-11-27 00:00:05 | INFO | equity_bot | API_CALL_DEBUG | About to call rmsLimit with args=(), kwargs={}
2025-11-27 00:00:05 | INFO | equity_bot | API_CALL_DEBUG | rmsLimit returned: {'success': False, 'message': 'Invalid Token', 'errorCode': 'AG8001', 'data': ''}
2025-11-27 00:00:05 | INFO | equity_bot | SESSION_EXPIRED | Invalid Token detected (AG8001) - likely rate limited
2025-11-27 00:00:05 | INFO | equity_bot | SESSION_RECOVERY_DISABLED | Auto-recovery disabled to prevent rate limit exhaustion
2025-11-27 00:00:05 | INFO | equity_bot | SESSION | Session invalid, needs refresh
2025-11-27 00:00:05 | INFO | equity_bot | SESSION | Attempting session refresh with refresh token
2025-11-27 00:00:05 | INFO | equity_bot | SESSION | Session saved to file
2025-11-27 00:00:05 | INFO | equity_bot | SESSION | Session refreshed successfully
2025-11-27 00:05:02 | INFO | equity_bot | SESSION | Using cached session status (checked 297s ago)
2025-11-27 00:10:01 | INFO | equity_bot | SESSION | Performing lightweight session validation
2025-11-27 00:10:01 | INFO | equity_bot | RATE_LIMIT_WAIT_START | Waiting for rate limit clearance | endpoint=rmsLimit | timeout_seconds=2.0
2025-11-27 00:10:01 | INFO | equity_bot | API_CALL_DEBUG | About to call rmsLimit with args=(), kwargs={}
2025-11-27 00:10:01 | INFO | equity_bot | API_CALL_DEBUG | rmsLimit returned: {'status': True, 'message': 'SUCCESS', 'errorcode': '', 'data': {'net': '17067.5600', 'availablecash': '17067.5600', 'availableintradaypayin': '0.0000', 'availablelimitmargin': '0.0000', 'collateral': '0.0000', 'm2munrealized': '0.0000', 'm2mrealized': '0.0000', 'utiliseddebits': '0.0000', 'utilisedspan': None, 'utilisedoptionpremium': None, 'utilisedholdingsales': None, 'utilisedexposure': None, 'utilisedturnover': None, 'utilisedpayout': '17067.5600'}}
2025-11-27 00:10:01 | INFO | equity_bot | SESSION | Session valid
2025-11-27 00:15:05 | INFO | equity_bot | SESSION | Performing lightweight session validation
2025-11-27 00:15:05 | INFO | equity_bot | RATE_LIMIT_WAIT_START | Waiting for rate limit clearance | endpoint=rmsLimit | timeout_seconds=2.0
2025-11-27 00:15:05 | INFO | equity_bot | API_CALL_DEBUG | About to call rmsLimit with args=(), kwargs={}
2025-11-27 00:15:05 | INFO | equity_bot | API_CALL_DEBUG | rmsLimit returned: {'status': True, 'message': 'SUCCESS', 'errorcode': '', 'data': {'net': '17067.5600', 'availablecash': '17067.5600', 'availableintradaypayin': '0.0000', 'availablelimitmargin': '0.0000', 'collateral': '0.0000', 'm2munrealized': '0.0000', 'm2mrealized': '0.0000', 'utiliseddebits': '0.0000', 'utilisedspan': None, 'utilisedoptionpremium': None, 'utilisedholdingsales': None, 'utilisedexposure': None, 'utilisedturnover': None, 'utilisedpayout': '17067.5600'}}
2025-11-27 00:15:05 | INFO | equity_bot | SESSION | Session valid
2025-11-27 00:15:19 | INFO | equity_bot | SESSION_REFRESH | Proactive refresh triggered (session age: 15.2m)
2025-11-27 00:15:19 | INFO | equity_bot | SESSION | Attempting session refresh with refresh token
2025-11-27 00:15:19 | INFO | equity_bot | SESSION | Session saved to file
2025-11-27 00:15:19 | INFO | equity_bot | SESSION | Session refreshed successfully
2025-11-27 00:15:19 | INFO | equity_bot | SESSION_REFRESH | ✅ Proactive session refresh successful
2025-11-27 00:20:04 | INFO | equity_bot | SESSION | Using cached session status (checked 284s ago)
2025-11-27 00:25:01 | INFO | equity_bot | SESSION | Performing lightweight session validation
2025-11-27 00:25:01 | INFO | equity_bot | RATE_LIMIT_WAIT_START | Waiting for rate limit clearance | endpoint=rmsLimit | timeout_seconds=2.0
2025-11-27 00:25:01 | INFO | equity_bot | API_CALL_DEBUG | About to call rmsLimit with args=(), kwargs={}
2025-11-27 00:25:02 | INFO | equity_bot | API_CALL_DEBUG | rmsLimit returned: {'status': True, 'message': 'SUCCESS', 'errorcode': '', 'data': {'net': '17067.5600', 'availablecash': '17067.5600', 'availableintradaypayin': '0.0000', 'availablelimitmargin': '0.0000', 'collateral': '0.0000', 'm2munrealized': '0.0000', 'm2mrealized': '0.0000', 'utiliseddebits': '0.0000', 'utilisedspan': None, 'utilisedoptionpremium': None, 'utilisedholdingsales': None, 'utilisedexposure': None, 'utilisedturnover': None, 'utilisedpayout': '17067.5600'}}
2025-11-27 00:25:02 | INFO | equity_bot | SESSION | Session valid
2025-11-27 00:30:02 | INFO | equity_bot | SESSION | Performing lightweight session validation
2025-11-27 00:30:02 | INFO | equity_bot | RATE_LIMIT_WAIT_START | Waiting for rate limit clearance | endpoint=rmsLimit | timeout_seconds=2.0
2025-11-27 00:30:02 | INFO | equity_bot | API_CALL_DEBUG | About to call rmsLimit with args=(), kwargs={}
2025-11-27 00:30:02 | INFO | equity_bot | API_CALL_DEBUG | rmsLimit returned: {'status': True, 'message': 'SUCCESS', 'errorcode': '', 'data': {'net': '17067.5600', 'availablecash': '17067.5600', 'availableintradaypayin': '0.0000', 'availablelimitmargin': '0.0000', 'collateral': '0.0000', 'm2munrealized': '0.0000', 'm2mrealized': '0.0000', 'utiliseddebits': '0.0000', 'utilisedspan': None, 'utilisedoptionpremium': None, 'utilisedholdingsales': None, 'utilisedexposure': None, 'utilisedturnover': None, 'utilisedpayout': '17067.5600'}}
2025-11-27 00:30:02 | INFO | equity_bot | SESSION | Session valid
2025-11-27 00:30:19 | INFO | equity_bot | SESSION_REFRESH | Proactive refresh triggered (session age: 15.0m)
2025-11-27 00:30:19 | INFO | equity_bot | SESSION | Attempting session refresh with refresh token
2025-11-27 00:30:20 | INFO | equity_bot | SESSION | Session saved to file
2025-11-27 00:30:20 | INFO | equity_bot | SESSION | Session refreshed successfully
2025-11-27 00:30:20 | INFO | equity_bot | SESSION_REFRESH | ✅ Proactive session refresh successful
2025-11-27 00:35:03 | INFO | equity_bot | SESSION | Using cached session status (checked 284s ago)
2025-11-27 00:40:03 | INFO | equity_bot | SESSION | Performing lightweight session validation
2025-11-27 00:40:03 | INFO | equity_bot | RATE_LIMIT_WAIT_START | Waiting for rate limit clearance | endpoint=rmsLimit | timeout_seconds=2.0
2025-11-27 00:40:03 | INFO | equity_bot | API_CALL_DEBUG | About to call rmsLimit with args=(), kwargs={}
2025-11-27 00:40:03 | INFO | equity_bot | API_CALL_DEBUG | rmsLimit returned: {'status': True, 'message': 'SUCCESS', 'errorcode': '', 'data': {'net': '17067.5600', 'availablecash': '17067.5600', 'availableintradaypayin': '0.0000', 'availablelimitmargin': '0.0000', 'collateral': '0.0000', 'm2munrealized': '0.0000', 'm2mrealized': '0.0000', 'utiliseddebits': '0.0000', 'utilisedspan': None, 'utilisedoptionpremium': None, 'utilisedholdingsales': None, 'utilisedexposure': None, 'utilisedturnover': None, 'utilisedpayout': '17067.5600'}}
2025-11-27 00:40:03 | INFO | equity_bot | SESSION | Session valid
2025-11-27 00:45:03 | INFO | equity_bot | SESSION | Using cached session status (checked 300s ago)
2025-11-27 00:45:20 | INFO | equity_bot | SESSION_REFRESH | Proactive refresh triggered (session age: 15.0m)
2025-11-27 00:45:20 | INFO | equity_bot | SESSION | Attempting session refresh with refresh token
2025-11-27 00:45:20 | INFO | equity_bot | SESSION | Session saved to file
2025-11-27 00:45:20 | INFO | equity_bot | SESSION | Session refreshed successfully
2025-11-27 00:45:20 | INFO | equity_bot | SESSION_REFRESH | ✅ Proactive session refresh successful
2025-11-27 00:50:01 | INFO | equity_bot | SESSION | Using cached session status (checked 282s ago)
2025-11-27 00:55:05 | INFO | equity_bot | SESSION | Performing lightweight session validation
2025-11-27 00:55:05 | INFO | equity_bot | RATE_LIMIT_WAIT_START | Waiting for rate limit clearance | endpoint=rmsLimit | timeout_seconds=2.0
2025-11-27 00:55:05 | INFO | equity_bot | API_CALL_DEBUG | About to call rmsLimit with args=(), kwargs={}
2025-11-27 00:55:05 | INFO | equity_bot | API_CALL_DEBUG | rmsLimit returned: {'status': True, 'message': 'SUCCESS', 'errorcode': '', 'data': {'net': '17067.5600', 'availablecash': '17067.5600', 'availableintradaypayin': '0.0000', 'availablelimitmargin': '0.0000', 'collateral': '0.0000', 'm2munrealized': '0.0000', 'm2mrealized': '0.0000', 'utiliseddebits': '0.0000', 'utilisedspan': None, 'utilisedoptionpremium': None, 'utilisedholdingsales': None, 'utilisedexposure': None, 'utilisedturnover': None, 'utilisedpayout': '17067.5600'}}
2025-11-27 00:55:05 | INFO | equity_bot | SESSION | Session valid
2025-11-27 01:00:04 | INFO | equity_bot | SESSION | Using cached session status (checked 299s ago)
2025-11-27 01:00:20 | INFO | equity_bot | SESSION_REFRESH | Proactive refresh triggered (session age: 15.0m)
2025-11-27 01:00:20 | INFO | equity_bot | SESSION | Attempting session refresh with refresh token
2025-11-27 01:00:20 | INFO | equity_bot | SESSION | Session saved to file
2025-11-27 01:00:20 | INFO | equity_bot | SESSION | Session refreshed successfully
2025-11-27 01:00:20 | INFO | equity_bot | SESSION_REFRESH | ✅ Proactive session refresh successful
2025-11-27 01:05:02 | INFO | equity_bot | SESSION | Using cached session status (checked 282s ago)
2025-11-27 01:10:01 | INFO | equity_bot | SESSION | Performing lightweight session validation
2025-11-27 01:10:01 | INFO | equity_bot | RATE_LIMIT_WAIT_START | Waiting for rate limit clearance | endpoint=rmsLimit | timeout_seconds=2.0
2025-11-27 01:10:01 | INFO | equity_bot | API_CALL_DEBUG | About to call rmsLimit with args=(), kwargs={}
2025-11-27 01:10:01 | INFO | equity_bot | API_CALL_DEBUG | rmsLimit returned: {'status': True, 'message': 'SUCCESS', 'errorcode': '', 'data': {'net': '17067.5600', 'availablecash': '17067.5600', 'availableintradaypayin': '0.0000', 'availablelimitmargin': '0.0000', 'collateral': '0.0000', 'm2munrealized': '0.0000', 'm2mrealized': '0.0000', 'utiliseddebits': '0.0000', 'utilisedspan': None, 'utilisedoptionpremium': None, 'utilisedholdingsales': None, 'utilisedexposure': None, 'utilisedturnover': None, 'utilisedpayout': '17067.5600'}}
2025-11-27 01:10:01 | INFO | equity_bot | SESSION | Session valid
2025-11-27 01:15:01 | INFO | equity_bot | SESSION | Performing lightweight session validation
2025-11-27 01:15:01 | INFO | equity_bot | RATE_LIMIT_WAIT_START | Waiting for rate limit clearance | endpoint=rmsLimit | timeout_seconds=2.0
2025-11-27 01:15:01 | INFO | equity_bot | API_CALL_DEBUG | About to call rmsLimit with args=(), kwargs={}
2025-11-27 01:15:01 | INFO | equity_bot | API_CALL_DEBUG | rmsLimit returned: {'status': True, 'message': 'SUCCESS', 'errorcode': '', 'data': {'net': '17067.5600', 'availablecash': '17067.5600', 'availableintradaypayin': '0.0000', 'availablelimitmargin': '0.0000', 'collateral': '0.0000', 'm2munrealized': '0.0000', 'm2mrealized': '0.0000', 'utiliseddebits': '0.0000', 'utilisedspan': None, 'utilisedoptionpremium': None, 'utilisedholdingsales': None, 'utilisedexposure': None, 'utilisedturnover': None, 'utilisedpayout': '17067.5600'}}
2025-11-27 01:15:01 | INFO | equity_bot | SESSION | Session valid
2025-11-27 01:15:20 | INFO | equity_bot | SESSION_REFRESH | Proactive refresh triggered (session age: 15.0m)
2025-11-27 01:15:20 | INFO | equity_bot | SESSION | Attempting session refresh with refresh token
2025-11-27 01:15:20 | INFO | equity_bot | SESSION | Session saved to file
2025-11-27 01:15:20 | INFO | equity_bot | SESSION | Session refreshed successfully
2025-11-27 01:15:20 | INFO | equity_bot | SESSION_REFRESH | ✅ Proactive session refresh successful
2025-11-27 01:20:01 | INFO | equity_bot | SESSION | Using cached session status (checked 280s ago)
2025-11-27 01:25:03 | INFO | equity_bot | SESSION | Performing lightweight session validation
2025-11-27 01:25:03 | INFO | equity_bot | RATE_LIMIT_WAIT_START | Waiting for rate limit clearance | endpoint=rmsLimit | timeout_seconds=2.0
2025-11-27 01:25:03 | INFO | equity_bot | API_CALL_DEBUG | About to call rmsLimit with args=(), kwargs={}
2025-11-27 01:25:03 | INFO | equity_bot | API_CALL_DEBUG | rmsLimit returned: {'status': True, 'message': 'SUCCESS', 'errorcode': '', 'data': {'net': '17067.5600', 'availablecash': '17067.5600', 'availableintradaypayin': '0.0000', 'availablelimitmargin': '0.0000', 'collateral': '0.0000', 'm2munrealized': '0.0000', 'm2mrealized': '0.0000', 'utiliseddebits': '0.0000', 'utilisedspan': None, 'utilisedoptionpremium': None, 'utilisedholdingsales': None, 'utilisedexposure': None, 'utilisedturnover': None, 'utilisedpayout': '17067.5600'}}
2025-11-27 01:25:03 | INFO | equity_bot | SESSION | Session valid
2025-11-27 01:30:04 | INFO | equity_bot | SESSION | Performing lightweight session validation
2025-11-27 01:30:04 | INFO | equity_bot | RATE_LIMIT_WAIT_START | Waiting for rate limit clearance | endpoint=rmsLimit | timeout_seconds=2.0
2025-11-27 01:30:04 | INFO | equity_bot | API_CALL_DEBUG | About to call rmsLimit with args=(), kwargs={}
2025-11-27 01:30:05 | INFO | equity_bot | API_CALL_DEBUG | rmsLimit returned: {'status': True, 'message': 'SUCCESS', 'errorcode': '', 'data': {'net': '17067.5600', 'availablecash': '17067.5600', 'availableintradaypayin': '0.0000', 'availablelimitmargin': '0.0000', 'collateral': '0.0000', 'm2munrealized': '0.0000', 'm2mrealized': '0.0000', 'utiliseddebits': '0.0000', 'utilisedspan': None, 'utilisedoptionpremium': None, 'utilisedholdingsales': None, 'utilisedexposure': None, 'utilisedturnover': None, 'utilisedpayout': '17067.5600'}}
2025-11-27 01:30:05 | INFO | equity_bot | SESSION | Session valid
2025-11-27 01:30:20 | INFO | equity_bot | SESSION_REFRESH | Proactive refresh triggered (session age: 15.0m)
2025-11-27 01:30:20 | INFO | equity_bot | SESSION | Attempting session refresh with refresh token
2025-11-27 01:30:21 | INFO | equity_bot | SESSION | Session saved to file
2025-11-27 01:30:21 | INFO | equity_bot | SESSION | Session refreshed successfully
2025-11-27 01:30:21 | INFO | equity_bot | SESSION_REFRESH | ✅ Proactive session refresh successful
2025-11-27 01:35:02 | INFO | equity_bot | SESSION | Using cached session status (checked 282s ago)
2025-11-27 01:40:03 | INFO | equity_bot | SESSION | Performing lightweight session validation
2025-11-27 01:40:03 | INFO | equity_bot | RATE_LIMIT_WAIT_START | Waiting for rate limit clearance | endpoint=rmsLimit | timeout_seconds=2.0
2025-11-27 01:40:03 | INFO | equity_bot | API_CALL_DEBUG | About to call rmsLimit with args=(), kwargs={}
2025-11-27 01:40:03 | INFO | equity_bot | API_CALL_DEBUG | rmsLimit returned: {'status': True, 'message': 'SUCCESS', 'errorcode': '', 'data': {'net': '17067.5600', 'availablecash': '17067.5600', 'availableintradaypayin': '0.0000', 'availablelimitmargin': '0.0000', 'collateral': '0.0000', 'm2munrealized': '0.0000', 'm2mrealized': '0.0000', 'utiliseddebits': '0.0000', 'utilisedspan': None, 'utilisedoptionpremium': None, 'utilisedholdingsales': None, 'utilisedexposure': None, 'utilisedturnover': None, 'utilisedpayout': '17067.5600'}}
2025-11-27 01:40:03 | INFO | equity_bot | SESSION | Session valid
2025-11-27 01:45:01 | INFO | equity_bot | SESSION | Using cached session status (checked 298s ago)
2025-11-27 01:45:21 | INFO | equity_bot | SESSION_REFRESH | Proactive refresh triggered (session age: 15.0m)
2025-11-27 01:45:21 | INFO | equity_bot | SESSION | Attempting session refresh with refresh token
2025-11-27 01:45:21 | INFO | equity_bot | SESSION | Session saved to file
2025-11-27 01:45:21 | INFO | equity_bot | SESSION | Session refreshed successfully
2025-11-27 01:45:21 | INFO | equity_bot | SESSION_REFRESH | ✅ Proactive session refresh successful
2025-11-27 01:50:03 | INFO | equity_bot | SESSION | Using cached session status (checked 282s ago)
2025-11-27 01:55:01 | INFO | equity_bot | SESSION | Performing lightweight session validation
2025-11-27 01:55:01 | INFO | equity_bot | RATE_LIMIT_WAIT_START | Waiting for rate limit clearance | endpoint=rmsLimit | timeout_seconds=2.0
2025-11-27 01:55:01 | INFO | equity_bot | API_CALL_DEBUG | About to call rmsLimit with args=(), kwargs={}
2025-11-27 01:55:01 | INFO | equity_bot | API_CALL_DEBUG | rmsLimit returned: {'status': True, 'message': 'SUCCESS', 'errorcode': '', 'data': {'net': '17067.5600', 'availablecash': '17067.5600', 'availableintradaypayin': '0.0000', 'availablelimitmargin': '0.0000', 'collateral': '0.0000', 'm2munrealized': '0.0000', 'm2mrealized': '0.0000', 'utiliseddebits': '0.0000', 'utilisedspan': None, 'utilisedoptionpremium': None, 'utilisedholdingsales': None, 'utilisedexposure': None, 'utilisedturnover': None, 'utilisedpayout': '17067.5600'}}
2025-11-27 01:55:01 | INFO | equity_bot | SESSION | Session valid
2025-11-27 02:00:04 | INFO | equity_bot | SESSION | Performing lightweight session validation
2025-11-27 02:00:04 | INFO | equity_bot | RATE_LIMIT_WAIT_START | Waiting for rate limit clearance | endpoint=rmsLimit | timeout_seconds=2.0
2025-11-27 02:00:04 | INFO | equity_bot | API_CALL_DEBUG | About to call rmsLimit with args=(), kwargs={}
2025-11-27 02:00:04 | INFO | equity_bot | API_CALL_DEBUG | rmsLimit returned: {'status': True, 'message': 'SUCCESS', 'errorcode': '', 'data': {'net': '17067.5600', 'availablecash': '17067.5600', 'availableintradaypayin': '0.0000', 'availablelimitmargin': '0.0000', 'collateral': '0.0000', 'm2munrealized': '0.0000', 'm2mrealized': '0.0000', 'utiliseddebits': '0.0000', 'utilisedspan': None, 'utilisedoptionpremium': None, 'utilisedholdingsales': None, 'utilisedexposure': None, 'utilisedturnover': None, 'utilisedpayout': '17067.5600'}}
2025-11-27 02:00:04 | INFO | equity_bot | SESSION | Session valid
2025-11-27 02:00:21 | INFO | equity_bot | SESSION_REFRESH | Proactive refresh triggered (session age: 15.0m)
2025-11-27 02:00:21 | INFO | equity_bot | SESSION | Attempting session refresh with refresh token
2025-11-27 02:00:21 | INFO | equity_bot | SESSION | Session saved to file
2025-11-27 02:00:21 | INFO | equity_bot | SESSION | Session refreshed successfully
2025-11-27 02:00:21 | INFO | equity_bot | SESSION_REFRESH | ✅ Proactive session refresh successful
2025-11-27 02:05:01 | INFO | equity_bot | SESSION | Using cached session status (checked 280s ago)
2025-11-27 02:10:05 | INFO | equity_bot | SESSION | Performing lightweight session validation
2025-11-27 02:10:05 | INFO | equity_bot | RATE_LIMIT_WAIT_START | Waiting for rate limit clearance | endpoint=rmsLimit | timeout_seconds=2.0
2025-11-27 02:10:05 | INFO | equity_bot | API_CALL_DEBUG | About to call rmsLimit with args=(), kwargs={}
2025-11-27 02:10:05 | INFO | equity_bot | API_CALL_DEBUG | rmsLimit returned: {'status': True, 'message': 'SUCCESS', 'errorcode': '', 'data': {'net': '17067.5600', 'availablecash': '17067.5600', 'availableintradaypayin': '0.0000', 'availablelimitmargin': '0.0000', 'collateral': '0.0000', 'm2munrealized': '0.0000', 'm2mrealized': '0.0000', 'utiliseddebits': '0.0000', 'utilisedspan': None, 'utilisedoptionpremium': None, 'utilisedholdingsales': None, 'utilisedexposure': None, 'utilisedturnover': None, 'utilisedpayout': '17067.5600'}}
2025-11-27 02:10:05 | INFO | equity_bot | SESSION | Session valid
2025-11-27 02:15:04 | INFO | equity_bot | SESSION | Using cached session status (checked 299s ago)
2025-11-27 02:15:21 | INFO | equity_bot | SESSION_REFRESH | Proactive refresh triggered (session age: 15.0m)
2025-11-27 02:15:21 | INFO | equity_bot | SESSION | Attempting session refresh with refresh token
2025-11-27 02:15:23 | INFO | equity_bot | SESSION | Session saved to file
2025-11-27 02:15:23 | INFO | equity_bot | SESSION | Session refreshed successfully
2025-11-27 02:15:23 | INFO | equity_bot | SESSION_REFRESH | ✅ Proactive session refresh successful
2025-11-27 02:20:02 | INFO | equity_bot | SESSION | Using cached session status (checked 280s ago)
2025-11-27 02:25:02 | INFO | equity_bot | SESSION | Performing lightweight session validation
2025-11-27 02:25:02 | INFO | equity_bot | RATE_LIMIT_WAIT_START | Waiting for rate limit clearance | endpoint=rmsLimit | timeout_seconds=2.0
2025-11-27 02:25:02 | INFO | equity_bot | API_CALL_DEBUG | About to call rmsLimit with args=(), kwargs={}
2025-11-27 02:25:02 | INFO | equity_bot | API_CALL_DEBUG | rmsLimit returned: {'status': True, 'message': 'SUCCESS', 'errorcode': '', 'data': {'net': '17067.5600', 'availablecash': '17067.5600', 'availableintradaypayin': '0.0000', 'availablelimitmargin': '0.0000', 'collateral': '0.0000', 'm2munrealized': '0.0000', 'm2mrealized': '0.0000', 'utiliseddebits': '0.0000', 'utilisedspan': None, 'utilisedoptionpremium': None, 'utilisedholdingsales': None, 'utilisedexposure': None, 'utilisedturnover': None, 'utilisedpayout': '17067.5600'}}
2025-11-27 02:25:02 | INFO | equity_bot | SESSION | Session valid
2025-11-27 02:30:01 | INFO | equity_bot | SESSION | Using cached session status (checked 299s ago)
2025-11-27 02:30:23 | INFO | equity_bot | SESSION_REFRESH | Proactive refresh triggered (session age: 15.0m)
2025-11-27 02:30:23 | INFO | equity_bot | SESSION | Attempting session refresh with refresh token
2025-11-27 02:30:23 | INFO | equity_bot | SESSION | Session saved to file
2025-11-27 02:30:23 | INFO | equity_bot | SESSION | Session refreshed successfully
2025-11-27 02:30:23 | INFO | equity_bot | SESSION_REFRESH | ✅ Proactive session refresh successful
2025-11-27 02:35:03 | INFO | equity_bot | SESSION | Using cached session status (checked 280s ago)
2025-11-27 02:40:01 | INFO | equity_bot | SESSION | Performing lightweight session validation
2025-11-27 02:40:01 | INFO | equity_bot | RATE_LIMIT_WAIT_START | Waiting for rate limit clearance | endpoint=rmsLimit | timeout_seconds=2.0
2025-11-27 02:40:01 | INFO | equity_bot | API_CALL_DEBUG | About to call rmsLimit with args=(), kwargs={}
2025-11-27 02:40:01 | INFO | equity_bot | API_CALL_DEBUG | rmsLimit returned: {'status': True, 'message': 'SUCCESS', 'errorcode': '', 'data': {'net': '17067.5600', 'availablecash': '17067.5600', 'availableintradaypayin': '0.0000', 'availablelimitmargin': '0.0000', 'collateral': '0.0000', 'm2munrealized': '0.0000', 'm2mrealized': '0.0000', 'utiliseddebits': '0.0000', 'utilisedspan': None, 'utilisedoptionpremium': None, 'utilisedholdingsales': None, 'utilisedexposure': None, 'utilisedturnover': None, 'utilisedpayout': '17067.5600'}}
2025-11-27 02:40:01 | INFO | equity_bot | SESSION | Session valid
2025-11-27 02:45:01 | INFO | equity_bot | SESSION | Using cached session status (checked 300s ago)
2025-11-27 02:45:23 | INFO | equity_bot | SESSION_REFRESH | Proactive refresh triggered (session age: 15.0m)
2025-11-27 02:45:23 | INFO | equity_bot | SESSION | Attempting session refresh with refresh token
2025-11-27 02:45:23 | INFO | equity_bot | SESSION | Session saved to file
2025-11-27 02:45:23 | INFO | equity_bot | SESSION | Session refreshed successfully
2025-11-27 02:45:23 | INFO | equity_bot | SESSION_REFRESH | ✅ Proactive session refresh successful
2025-11-27 02:50:02 | INFO | equity_bot | SESSION | Using cached session status (checked 279s ago)
2025-11-27 02:55:01 | INFO | equity_bot | SESSION | Performing lightweight session validation
2025-11-27 02:55:01 | INFO | equity_bot | RATE_LIMIT_WAIT_START | Waiting for rate limit clearance | endpoint=rmsLimit | timeout_seconds=2.0
2025-11-27 02:55:01 | INFO | equity_bot | API_CALL_DEBUG | About to call rmsLimit with args=(), kwargs={}
2025-11-27 02:55:01 | INFO | equity_bot | API_CALL_DEBUG | rmsLimit returned: {'status': True, 'message': 'SUCCESS', 'errorcode': '', 'data': {'net': '17067.5600', 'availablecash': '17067.5600', 'availableintradaypayin': '0.0000', 'availablelimitmargin': '0.0000', 'collateral': '0.0000', 'm2munrealized': '0.0000', 'm2mrealized': '0.0000', 'utiliseddebits': '0.0000', 'utilisedspan': None, 'utilisedoptionpremium': None, 'utilisedholdingsales': None, 'utilisedexposure': None, 'utilisedturnover': None, 'utilisedpayout': '17067.5600'}}
2025-11-27 02:55:01 | INFO | equity_bot | SESSION | Session valid
2025-11-27 03:00:05 | INFO | equity_bot | SESSION | Performing lightweight session validation
2025-11-27 03:00:05 | INFO | equity_bot | RATE_LIMIT_WAIT_START | Waiting for rate limit clearance | endpoint=rmsLimit | timeout_seconds=2.0
2025-11-27 03:00:05 | INFO | equity_bot | API_CALL_DEBUG | About to call rmsLimit with args=(), kwargs={}
2025-11-27 03:00:05 | INFO | equity_bot | API_CALL_DEBUG | rmsLimit returned: {'status': True, 'message': 'SUCCESS', 'errorcode': '', 'data': {'net': '17067.5600', 'availablecash': '17067.5600', 'availableintradaypayin': '0.0000', 'availablelimitmargin': '0.0000', 'collateral': '0.0000', 'm2munrealized': '0.0000', 'm2mrealized': '0.0000', 'utiliseddebits': '0.0000', 'utilisedspan': None, 'utilisedoptionpremium': None, 'utilisedholdingsales': None, 'utilisedexposure': None, 'utilisedturnover': None, 'utilisedpayout': '17067.5600'}}
2025-11-27 03:00:05 | INFO | equity_bot | SESSION | Session valid
2025-11-27 03:00:23 | INFO | equity_bot | SESSION_REFRESH | Proactive refresh triggered (session age: 15.0m)
2025-11-27 03:00:23 | INFO | equity_bot | SESSION | Attempting session refresh with refresh token
2025-11-27 03:00:23 | INFO | equity_bot | SESSION | Session saved to file
2025-11-27 03:00:23 | INFO | equity_bot | SESSION | Session refreshed successfully
2025-11-27 03:00:23 | INFO | equity_bot | SESSION_REFRESH | ✅ Proactive session refresh successful
2025-11-27 03:05:04 | INFO | equity_bot | SESSION | Using cached session status (checked 281s ago)
2025-11-27 03:10:01 | INFO | equity_bot | SESSION | Performing lightweight session validation
2025-11-27 03:10:01 | INFO | equity_bot | RATE_LIMIT_WAIT_START | Waiting for rate limit clearance | endpoint=rmsLimit | timeout_seconds=2.0
2025-11-27 03:10:01 | INFO | equity_bot | API_CALL_DEBUG | About to call rmsLimit with args=(), kwargs={}
2025-11-27 03:10:01 | INFO | equity_bot | API_CALL_DEBUG | rmsLimit returned: {'status': True, 'message': 'SUCCESS', 'errorcode': '', 'data': {'net': '17067.5600', 'availablecash': '17067.5600', 'availableintradaypayin': '0.0000', 'availablelimitmargin': '0.0000', 'collateral': '0.0000', 'm2munrealized': '0.0000', 'm2mrealized': '0.0000', 'utiliseddebits': '0.0000', 'utilisedspan': None, 'utilisedoptionpremium': None, 'utilisedholdingsales': None, 'utilisedexposure': None, 'utilisedturnover': None, 'utilisedpayout': '17067.5600'}}
2025-11-27 03:10:01 | INFO | equity_bot | SESSION | Session valid
2025-11-27 03:15:01 | INFO | equity_bot | SESSION | Using cached session status (checked 300s ago)
2025-11-27 03:15:23 | INFO | equity_bot | SESSION_REFRESH | Proactive refresh triggered (session age: 15.0m)
2025-11-27 03:15:23 | INFO | equity_bot | SESSION | Attempting session refresh with refresh token
2025-11-27 03:15:24 | INFO | equity_bot | SESSION | Session saved to file
2025-11-27 03:15:24 | INFO | equity_bot | SESSION | Session refreshed successfully
2025-11-27 03:15:24 | INFO | equity_bot | SESSION_REFRESH | ✅ Proactive session refresh successful
2025-11-27 03:20:03 | INFO | equity_bot | SESSION | Using cached session status (checked 280s ago)
2025-11-27 03:25:01 | INFO | equity_bot | SESSION | Performing lightweight session validation
2025-11-27 03:25:01 | INFO | equity_bot | RATE_LIMIT_WAIT_START | Waiting for rate limit clearance | endpoint=rmsLimit | timeout_seconds=2.0
2025-11-27 03:25:01 | INFO | equity_bot | API_CALL_DEBUG | About to call rmsLimit with args=(), kwargs={}
2025-11-27 03:25:01 | INFO | equity_bot | API_CALL_DEBUG | rmsLimit returned: {'status': True, 'message': 'SUCCESS', 'errorcode': '', 'data': {'net': '17067.5600', 'availablecash': '17067.5600', 'availableintradaypayin': '0.0000', 'availablelimitmargin': '0.0000', 'collateral': '0.0000', 'm2munrealized': '0.0000', 'm2mrealized': '0.0000', 'utiliseddebits': '0.0000', 'utilisedspan': None, 'utilisedoptionpremium': None, 'utilisedholdingsales': None, 'utilisedexposure': None, 'utilisedturnover': None, 'utilisedpayout': '17067.5600'}}
2025-11-27 03:25:01 | INFO | equity_bot | SESSION | Session valid
2025-11-27 03:30:05 | INFO | equity_bot | SESSION | Performing lightweight session validation
2025-11-27 03:30:05 | INFO | equity_bot | RATE_LIMIT_WAIT_START | Waiting for rate limit clearance | endpoint=rmsLimit | timeout_seconds=2.0
2025-11-27 03:30:05 | INFO | equity_bot | API_CALL_DEBUG | About to call rmsLimit with args=(), kwargs={}
2025-11-27 03:30:05 | INFO | equity_bot | API_CALL_DEBUG | rmsLimit returned: {'status': True, 'message': 'SUCCESS', 'errorcode': '', 'data': {'net': '17067.5600', 'availablecash': '17067.5600', 'availableintradaypayin': '0.0000', 'availablelimitmargin': '0.0000', 'collateral': '0.0000', 'm2munrealized': '0.0000', 'm2mrealized': '0.0000', 'utiliseddebits': '0.0000', 'utilisedspan': None, 'utilisedoptionpremium': None, 'utilisedholdingsales': None, 'utilisedexposure': None, 'utilisedturnover': None, 'utilisedpayout': '17067.5600'}}
2025-11-27 03:30:05 | INFO | equity_bot | SESSION | Session valid
2025-11-27 03:30:24 | INFO | equity_bot | SESSION_REFRESH | Proactive refresh triggered (session age: 15.0m)
2025-11-27 03:30:24 | INFO | equity_bot | SESSION | Attempting session refresh with refresh token
2025-11-27 03:30:24 | INFO | equity_bot | SESSION | Session saved to file
2025-11-27 03:30:24 | INFO | equity_bot | SESSION | Session refreshed successfully
2025-11-27 03:30:24 | INFO | equity_bot | SESSION_REFRESH | ✅ Proactive session refresh successful
2025-11-27 03:35:03 | INFO | equity_bot | SESSION | Using cached session status (checked 280s ago)
2025-11-27 03:40:01 | INFO | equity_bot | SESSION | Performing lightweight session validation
2025-11-27 03:40:01 | INFO | equity_bot | RATE_LIMIT_WAIT_START | Waiting for rate limit clearance | endpoint=rmsLimit | timeout_seconds=2.0
2025-11-27 03:40:01 | INFO | equity_bot | API_CALL_DEBUG | About to call rmsLimit with args=(), kwargs={}
2025-11-27 03:40:01 | INFO | equity_bot | API_CALL_DEBUG | rmsLimit returned: {'status': True, 'message': 'SUCCESS', 'errorcode': '', 'data': {'net': '17067.5600', 'availablecash': '17067.5600', 'availableintradaypayin': '0.0000', 'availablelimitmargin': '0.0000', 'collateral': '0.0000', 'm2munrealized': '0.0000', 'm2mrealized': '0.0000', 'utiliseddebits': '0.0000', 'utilisedspan': None, 'utilisedoptionpremium': None, 'utilisedholdingsales': None, 'utilisedexposure': None, 'utilisedturnover': None, 'utilisedpayout': '17067.5600'}}
2025-11-27 03:40:01 | INFO | equity_bot | SESSION | Session valid
2025-11-27 03:45:01 | INFO | equity_bot | SESSION | Performing lightweight session validation
2025-11-27 03:45:01 | INFO | equity_bot | RATE_LIMIT_WAIT_START | Waiting for rate limit clearance | endpoint=rmsLimit | timeout_seconds=2.0
2025-11-27 03:45:01 | INFO | equity_bot | API_CALL_DEBUG | About to call rmsLimit with args=(), kwargs={}
2025-11-27 03:45:02 | INFO | equity_bot | API_CALL_DEBUG | rmsLimit returned: {'status': True, 'message': 'SUCCESS', 'errorcode': '', 'data': {'net': '17067.5600', 'availablecash': '17067.5600', 'availableintradaypayin': '0.0000', 'availablelimitmargin': '0.0000', 'collateral': '0.0000', 'm2munrealized': '0.0000', 'm2mrealized': '0.0000', 'utiliseddebits': '0.0000', 'utilisedspan': None, 'utilisedoptionpremium': None, 'utilisedholdingsales': None, 'utilisedexposure': None, 'utilisedturnover': None, 'utilisedpayout': '17067.5600'}}
2025-11-27 03:45:02 | INFO | equity_bot | SESSION | Session valid
2025-11-27 03:45:24 | INFO | equity_bot | SESSION_REFRESH | Proactive refresh triggered (session age: 15.0m)
2025-11-27 03:45:24 | INFO | equity_bot | SESSION | Attempting session refresh with refresh token
2025-11-27 03:45:24 | INFO | equity_bot | SESSION | Session saved to file
2025-11-27 03:45:24 | INFO | equity_bot | SESSION | Session refreshed successfully
2025-11-27 03:45:24 | INFO | equity_bot | SESSION_REFRESH | ✅ Proactive session refresh successful
2025-11-27 03:50:04 | INFO | equity_bot | SESSION | Using cached session status (checked 280s ago)
2025-11-27 03:55:02 | INFO | equity_bot | SESSION | Performing lightweight session validation
2025-11-27 03:55:02 | INFO | equity_bot | RATE_LIMIT_WAIT_START | Waiting for rate limit clearance | endpoint=rmsLimit | timeout_seconds=2.0
2025-11-27 03:55:02 | INFO | equity_bot | API_CALL_DEBUG | About to call rmsLimit with args=(), kwargs={}
2025-11-27 03:55:02 | INFO | equity_bot | API_CALL_DEBUG | rmsLimit returned: {'status': True, 'message': 'SUCCESS', 'errorcode': '', 'data': {'net': '17067.5600', 'availablecash': '17067.5600', 'availableintradaypayin': '0.0000', 'availablelimitmargin': '0.0000', 'collateral': '0.0000', 'm2munrealized': '0.0000', 'm2mrealized': '0.0000', 'utiliseddebits': '0.0000', 'utilisedspan': None, 'utilisedoptionpremium': None, 'utilisedholdingsales': None, 'utilisedexposure': None, 'utilisedturnover': None, 'utilisedpayout': '17067.5600'}}
2025-11-27 03:55:02 | INFO | equity_bot | SESSION | Session valid
2025-11-27 04:00:01 | INFO | equity_bot | SESSION | Using cached session status (checked 299s ago)
2025-11-27 04:00:24 | INFO | equity_bot | SESSION_REFRESH | Proactive refresh triggered (session age: 15.0m)
2025-11-27 04:00:24 | INFO | equity_bot | SESSION | Attempting session refresh with refresh token
2025-11-27 04:00:24 | INFO | equity_bot | SESSION | Session saved to file
2025-11-27 04:00:24 | INFO | equity_bot | SESSION | Session refreshed successfully
2025-11-27 04:00:24 | INFO | equity_bot | SESSION_REFRESH | ✅ Proactive session refresh successful
2025-11-27 04:05:04 | INFO | equity_bot | SESSION | Using cached session status (checked 280s ago)
2025-11-27 04:10:02 | INFO | equity_bot | SESSION | Performing lightweight session validation
2025-11-27 04:10:02 | INFO | equity_bot | RATE_LIMIT_WAIT_START | Waiting for rate limit clearance | endpoint=rmsLimit | timeout_seconds=2.0
2025-11-27 04:10:02 | INFO | equity_bot | API_CALL_DEBUG | About to call rmsLimit with args=(), kwargs={}
2025-11-27 04:10:02 | INFO | equity_bot | API_CALL_DEBUG | rmsLimit returned: {'status': True, 'message': 'SUCCESS', 'errorcode': '', 'data': {'net': '17067.5600', 'availablecash': '17067.5600', 'availableintradaypayin': '0.0000', 'availablelimitmargin': '0.0000', 'collateral': '0.0000', 'm2munrealized': '0.0000', 'm2mrealized': '0.0000', 'utiliseddebits': '0.0000', 'utilisedspan': None, 'utilisedoptionpremium': None, 'utilisedholdingsales': None, 'utilisedexposure': None, 'utilisedturnover': None, 'utilisedpayout': '17067.5600'}}
2025-11-27 04:10:02 | INFO | equity_bot | SESSION | Session valid
2025-11-27 04:15:01 | INFO | equity_bot | SESSION | Using cached session status (checked 299s ago)
2025-11-27 04:15:24 | INFO | equity_bot | SESSION_REFRESH | Proactive refresh triggered (session age: 15.0m)
2025-11-27 04:15:24 | INFO | equity_bot | SESSION | Attempting session refresh with refresh token
2025-11-27 04:15:25 | INFO | equity_bot | SESSION | Session saved to file
2025-11-27 04:15:25 | INFO | equity_bot | SESSION | Session refreshed successfully
2025-11-27 04:15:25 | INFO | equity_bot | SESSION_REFRESH | ✅ Proactive session refresh successful
2025-11-27 04:20:02 | INFO | equity_bot | SESSION | Using cached session status (checked 278s ago)
2025-11-27 04:25:03 | INFO | equity_bot | SESSION | Performing lightweight session validation
2025-11-27 04:25:03 | INFO | equity_bot | RATE_LIMIT_WAIT_START | Waiting for rate limit clearance | endpoint=rmsLimit | timeout_seconds=2.0
2025-11-27 04:25:03 | INFO | equity_bot | API_CALL_DEBUG | About to call rmsLimit with args=(), kwargs={}
2025-11-27 04:25:03 | INFO | equity_bot | API_CALL_DEBUG | rmsLimit returned: {'status': True, 'message': 'SUCCESS', 'errorcode': '', 'data': {'net': '17067.5600', 'availablecash': '17067.5600', 'availableintradaypayin': '0.0000', 'availablelimitmargin': '0.0000', 'collateral': '0.0000', 'm2munrealized': '0.0000', 'm2mrealized': '0.0000', 'utiliseddebits': '0.0000', 'utilisedspan': None, 'utilisedoptionpremium': None, 'utilisedholdingsales': None, 'utilisedexposure': None, 'utilisedturnover': None, 'utilisedpayout': '17067.5600'}}
2025-11-27 04:25:03 | INFO | equity_bot | SESSION | Session valid
2025-11-27 04:30:07 | INFO | equity_bot | SESSION | Performing lightweight session validation
2025-11-27 04:30:07 | INFO | equity_bot | RATE_LIMIT_WAIT_START | Waiting for rate limit clearance | endpoint=rmsLimit | timeout_seconds=2.0
2025-11-27 04:30:07 | INFO | equity_bot | API_CALL_DEBUG | About to call rmsLimit with args=(), kwargs={}
2025-11-27 04:30:07 | INFO | equity_bot | API_CALL_DEBUG | rmsLimit returned: {'status': True, 'message': 'SUCCESS', 'errorcode': '', 'data': {'net': '17067.5600', 'availablecash': '17067.5600', 'availableintradaypayin': '0.0000', 'availablelimitmargin': '0.0000', 'collateral': '0.0000', 'm2munrealized': '0.0000', 'm2mrealized': '0.0000', 'utiliseddebits': '0.0000', 'utilisedspan': None, 'utilisedoptionpremium': None, 'utilisedholdingsales': None, 'utilisedexposure': None, 'utilisedturnover': None, 'utilisedpayout': '17067.5600'}}
2025-11-27 04:30:07 | INFO | equity_bot | SESSION | Session valid
2025-11-27 04:30:25 | INFO | equity_bot | SESSION_REFRESH | Proactive refresh triggered (session age: 15.0m)
2025-11-27 04:30:25 | INFO | equity_bot | SESSION | Attempting session refresh with refresh token
2025-11-27 04:30:25 | INFO | equity_bot | SESSION | Session saved to file
2025-11-27 04:30:25 | INFO | equity_bot | SESSION | Session refreshed successfully
2025-11-27 04:30:25 | INFO | equity_bot | SESSION_REFRESH | ✅ Proactive session refresh successful
2025-11-27 04:35:01 | INFO | equity_bot | SESSION | Using cached session status (checked 277s ago)
2025-11-27 04:40:01 | INFO | equity_bot | SESSION | Performing lightweight session validation
2025-11-27 04:40:01 | INFO | equity_bot | RATE_LIMIT_WAIT_START | Waiting for rate limit clearance | endpoint=rmsLimit | timeout_seconds=2.0
2025-11-27 04:40:01 | INFO | equity_bot | API_CALL_DEBUG | About to call rmsLimit with args=(), kwargs={}
2025-11-27 04:40:01 | INFO | equity_bot | API_CALL_DEBUG | rmsLimit returned: {'status': True, 'message': 'SUCCESS', 'errorcode': '', 'data': {'net': '17067.5600', 'availablecash': '17067.5600', 'availableintradaypayin': '0.0000', 'availablelimitmargin': '0.0000', 'collateral': '0.0000', 'm2munrealized': '0.0000', 'm2mrealized': '0.0000', 'utiliseddebits': '0.0000', 'utilisedspan': None, 'utilisedoptionpremium': None, 'utilisedholdingsales': None, 'utilisedexposure': None, 'utilisedturnover': None, 'utilisedpayout': '17067.5600'}}
2025-11-27 04:40:01 | INFO | equity_bot | SESSION | Session valid
2025-11-27 04:45:01 | INFO | equity_bot | SESSION | Performing lightweight session validation
2025-11-27 04:45:01 | INFO | equity_bot | RATE_LIMIT_WAIT_START | Waiting for rate limit clearance | endpoint=rmsLimit | timeout_seconds=2.0
2025-11-27 04:45:01 | INFO | equity_bot | API_CALL_DEBUG | About to call rmsLimit with args=(), kwargs={}
2025-11-27 04:45:01 | INFO | equity_bot | API_CALL_DEBUG | rmsLimit returned: {'status': True, 'message': 'SUCCESS', 'errorcode': '', 'data': {'net': '17067.5600', 'availablecash': '17067.5600', 'availableintradaypayin': '0.0000', 'availablelimitmargin': '0.0000', 'collateral': '0.0000', 'm2munrealized': '0.0000', 'm2mrealized': '0.0000', 'utiliseddebits': '0.0000', 'utilisedspan': None, 'utilisedoptionpremium': None, 'utilisedholdingsales': None, 'utilisedexposure': None, 'utilisedturnover': None, 'utilisedpayout': '17067.5600'}}
2025-11-27 04:45:01 | INFO | equity_bot | SESSION | Session valid
2025-11-27 04:45:25 | INFO | equity_bot | SESSION_REFRESH | Proactive refresh triggered (session age: 15.0m)
2025-11-27 04:45:25 | INFO | equity_bot | SESSION | Attempting session refresh with refresh token
2025-11-27 04:45:25 | INFO | equity_bot | SESSION | Session saved to file
2025-11-27 04:45:25 | INFO | equity_bot | SESSION | Session refreshed successfully
2025-11-27 04:45:25 | INFO | equity_bot | SESSION_REFRESH | ✅ Proactive session refresh successful
2025-11-27 04:50:01 | INFO | equity_bot | SESSION | Using cached session status (checked 276s ago)
2025-11-27 04:55:01 | INFO | equity_bot | SESSION | Performing lightweight session validation
2025-11-27 04:55:01 | INFO | equity_bot | RATE_LIMIT_WAIT_START | Waiting for rate limit clearance | endpoint=rmsLimit | timeout_seconds=2.0
2025-11-27 04:55:01 | INFO | equity_bot | API_CALL_DEBUG | About to call rmsLimit with args=(), kwargs={}
2025-11-27 04:55:02 | INFO | equity_bot | API_CALL_DEBUG | rmsLimit returned: {'status': True, 'message': 'SUCCESS', 'errorcode': '', 'data': {'net': '17067.5600', 'availablecash': '17067.5600', 'availableintradaypayin': '0.0000', 'availablelimitmargin': '0.0000', 'collateral': '0.0000', 'm2munrealized': '0.0000', 'm2mrealized': '0.0000', 'utiliseddebits': '0.0000', 'utilisedspan': None, 'utilisedoptionpremium': None, 'utilisedholdingsales': None, 'utilisedexposure': None, 'utilisedturnover': None, 'utilisedpayout': '17067.5600'}}
2025-11-27 04:55:02 | INFO | equity_bot | SESSION | Session valid
2025-11-27 05:00:03 | INFO | equity_bot | SESSION | Performing lightweight session validation
2025-11-27 05:00:03 | INFO | equity_bot | RATE_LIMIT_WAIT_START | Waiting for rate limit clearance | endpoint=rmsLimit | timeout_seconds=2.0
2025-11-27 05:00:03 | INFO | equity_bot | API_CALL_DEBUG | About to call rmsLimit with args=(), kwargs={}
2025-11-27 05:00:04 | INFO | equity_bot | API_CALL_DEBUG | rmsLimit returned: {'status': True, 'message': 'SUCCESS', 'errorcode': '', 'data': {'net': '17067.5600', 'availablecash': '17067.5600', 'availableintradaypayin': '0.0000', 'availablelimitmargin': '0.0000', 'collateral': '0.0000', 'm2munrealized': '0.0000', 'm2mrealized': '0.0000', 'utiliseddebits': '0.0000', 'utilisedspan': None, 'utilisedoptionpremium': None, 'utilisedholdingsales': None, 'utilisedexposure': None, 'utilisedturnover': None, 'utilisedpayout': '17067.5600'}}
2025-11-27 05:00:04 | INFO | equity_bot | SESSION | Session valid
2025-11-27 05:00:25 | INFO | equity_bot | SESSION_REFRESH | Proactive refresh triggered (session age: 15.0m)
2025-11-27 05:00:25 | INFO | equity_bot | SESSION | Attempting session refresh with refresh token
2025-11-27 05:00:25 | INFO | equity_bot | SESSION | Session saved to file
2025-11-27 05:00:25 | INFO | equity_bot | SESSION | Session refreshed successfully
2025-11-27 05:00:25 | INFO | equity_bot | SESSION_REFRESH | ✅ Proactive session refresh successful
2025-11-27 05:05:01 | INFO | equity_bot | SESSION | Using cached session status (checked 276s ago)
2025-11-27 05:10:02 | INFO | equity_bot | SESSION | Performing lightweight session validation
2025-11-27 05:10:02 | INFO | equity_bot | RATE_LIMIT_WAIT_START | Waiting for rate limit clearance | endpoint=rmsLimit | timeout_seconds=2.0
2025-11-27 05:10:02 | INFO | equity_bot | API_CALL_DEBUG | About to call rmsLimit with args=(), kwargs={}
2025-11-27 05:10:02 | INFO | equity_bot | API_CALL_DEBUG | rmsLimit returned: {'status': True, 'message': 'SUCCESS', 'errorcode': '', 'data': {'net': '17067.5600', 'availablecash': '17067.5600', 'availableintradaypayin': '0.0000', 'availablelimitmargin': '0.0000', 'collateral': '0.0000', 'm2munrealized': '0.0000', 'm2mrealized': '0.0000', 'utiliseddebits': '0.0000', 'utilisedspan': None, 'utilisedoptionpremium': None, 'utilisedholdingsales': None, 'utilisedexposure': None, 'utilisedturnover': None, 'utilisedpayout': '17067.5600'}}
2025-11-27 05:10:02 | INFO | equity_bot | SESSION | Session valid
2025-11-27 05:15:04 | INFO | equity_bot | SESSION | Performing lightweight session validation
2025-11-27 05:15:04 | INFO | equity_bot | RATE_LIMIT_WAIT_START | Waiting for rate limit clearance | endpoint=rmsLimit | timeout_seconds=2.0
2025-11-27 05:15:04 | INFO | equity_bot | API_CALL_DEBUG | About to call rmsLimit with args=(), kwargs={}
2025-11-27 05:15:04 | INFO | equity_bot | API_CALL_DEBUG | rmsLimit returned: {'status': True, 'message': 'SUCCESS', 'errorcode': '', 'data': {'net': '17067.5600', 'availablecash': '17067.5600', 'availableintradaypayin': '0.0000', 'availablelimitmargin': '0.0000', 'collateral': '0.0000', 'm2munrealized': '0.0000', 'm2mrealized': '0.0000', 'utiliseddebits': '0.0000', 'utilisedspan': None, 'utilisedoptionpremium': None, 'utilisedholdingsales': None, 'utilisedexposure': None, 'utilisedturnover': None, 'utilisedpayout': '17067.5600'}}
2025-11-27 05:15:04 | INFO | equity_bot | SESSION | Session valid
2025-11-27 05:15:25 | INFO | equity_bot | SESSION_REFRESH | Proactive refresh triggered (session age: 15.0m)
2025-11-27 05:15:25 | INFO | equity_bot | SESSION | Attempting session refresh with refresh token
2025-11-27 05:15:25 | INFO | equity_bot | SESSION | Session saved to file
2025-11-27 05:15:25 | INFO | equity_bot | SESSION | Session refreshed successfully
2025-11-27 05:15:25 | INFO | equity_bot | SESSION_REFRESH | ✅ Proactive session refresh successful
2025-11-27 05:20:01 | INFO | equity_bot | SESSION | Using cached session status (checked 276s ago)
2025-11-27 05:25:04 | INFO | equity_bot | SESSION | Performing lightweight session validation
2025-11-27 05:25:04 | INFO | equity_bot | RATE_LIMIT_WAIT_START | Waiting for rate limit clearance | endpoint=rmsLimit | timeout_seconds=2.0
2025-11-27 05:25:04 | INFO | equity_bot | API_CALL_DEBUG | About to call rmsLimit with args=(), kwargs={}
2025-11-27 05:25:04 | INFO | equity_bot | API_CALL_DEBUG | rmsLimit returned: {'status': True, 'message': 'SUCCESS', 'errorcode': '', 'data': {'net': '17067.5600', 'availablecash': '17067.5600', 'availableintradaypayin': '0.0000', 'availablelimitmargin': '0.0000', 'collateral': '0.0000', 'm2munrealized': '0.0000', 'm2mrealized': '0.0000', 'utiliseddebits': '0.0000', 'utilisedspan': None, 'utilisedoptionpremium': None, 'utilisedholdingsales': None, 'utilisedexposure': None, 'utilisedturnover': None, 'utilisedpayout': '17067.5600'}}
2025-11-27 05:25:04 | INFO | equity_bot | SESSION | Session valid
2025-11-27 05:30:05 | INFO | equity_bot | SESSION | Performing lightweight session validation
2025-11-27 05:30:05 | INFO | equity_bot | RATE_LIMIT_WAIT_START | Waiting for rate limit clearance | endpoint=rmsLimit | timeout_seconds=2.0
2025-11-27 05:30:05 | INFO | equity_bot | API_CALL_DEBUG | About to call rmsLimit with args=(), kwargs={}
2025-11-27 05:30:06 | INFO | equity_bot | API_CALL_DEBUG | rmsLimit returned: {'status': True, 'message': 'SUCCESS', 'errorcode': '', 'data': {'net': '17067.5600', 'availablecash': '17067.5600', 'availableintradaypayin': '0.0000', 'availablelimitmargin': '0.0000', 'collateral': '0.0000', 'm2munrealized': '0.0000', 'm2mrealized': '0.0000', 'utiliseddebits': '0.0000', 'utilisedspan': None, 'utilisedoptionpremium': None, 'utilisedholdingsales': None, 'utilisedexposure': None, 'utilisedturnover': None, 'utilisedpayout': '17067.5600'}}
2025-11-27 05:30:06 | INFO | equity_bot | SESSION | Session valid
2025-11-27 05:30:25 | INFO | equity_bot | SESSION_REFRESH | Proactive refresh triggered (session age: 15.0m)
2025-11-27 05:30:25 | INFO | equity_bot | SESSION | Attempting session refresh with refresh token
2025-11-27 05:30:26 | INFO | equity_bot | SESSION | Session saved to file
2025-11-27 05:30:26 | INFO | equity_bot | SESSION | Session refreshed successfully
2025-11-27 05:30:26 | INFO | equity_bot | SESSION_REFRESH | ✅ Proactive session refresh successful
2025-11-27 05:35:02 | INFO | equity_bot | SESSION | Using cached session status (checked 276s ago)
2025-11-27 05:40:03 | INFO | equity_bot | SESSION | Performing lightweight session validation
2025-11-27 05:40:03 | INFO | equity_bot | RATE_LIMIT_WAIT_START | Waiting for rate limit clearance | endpoint=rmsLimit | timeout_seconds=2.0
2025-11-27 05:40:03 | INFO | equity_bot | API_CALL_DEBUG | About to call rmsLimit with args=(), kwargs={}
2025-11-27 05:40:03 | INFO | equity_bot | API_CALL_DEBUG | rmsLimit returned: {'status': True, 'message': 'SUCCESS', 'errorcode': '', 'data': {'net': '17067.5600', 'availablecash': '17067.5600', 'availableintradaypayin': '0.0000', 'availablelimitmargin': '0.0000', 'collateral': '0.0000', 'm2munrealized': '0.0000', 'm2mrealized': '0.0000', 'utiliseddebits': '0.0000', 'utilisedspan': None, 'utilisedoptionpremium': None, 'utilisedholdingsales': None, 'utilisedexposure': None, 'utilisedturnover': None, 'utilisedpayout': '17067.5600'}}
2025-11-27 05:40:03 | INFO | equity_bot | SESSION | Session valid
2025-11-27 05:45:04 | INFO | equity_bot | SESSION | Performing lightweight session validation
2025-11-27 05:45:04 | INFO | equity_bot | RATE_LIMIT_WAIT_START | Waiting for rate limit clearance | endpoint=rmsLimit | timeout_seconds=2.0
2025-11-27 05:45:04 | INFO | equity_bot | API_CALL_DEBUG | About to call rmsLimit with args=(), kwargs={}
2025-11-27 05:45:04 | INFO | equity_bot | API_CALL_DEBUG | rmsLimit returned: {'status': True, 'message': 'SUCCESS', 'errorcode': '', 'data': {'net': '17067.5600', 'availablecash': '17067.5600', 'availableintradaypayin': '0.0000', 'availablelimitmargin': '0.0000', 'collateral': '0.0000', 'm2munrealized': '0.0000', 'm2mrealized': '0.0000', 'utiliseddebits': '0.0000', 'utilisedspan': None, 'utilisedoptionpremium': None, 'utilisedholdingsales': None, 'utilisedexposure': None, 'utilisedturnover': None, 'utilisedpayout': '17067.5600'}}
2025-11-27 05:45:04 | INFO | equity_bot | SESSION | Session valid
2025-11-27 05:45:26 | INFO | equity_bot | SESSION_REFRESH | Proactive refresh triggered (session age: 15.0m)
2025-11-27 05:45:26 | INFO | equity_bot | SESSION | Attempting session refresh with refresh token
2025-11-27 05:45:26 | INFO | equity_bot | SESSION | Session saved to file
2025-11-27 05:45:26 | INFO | equity_bot | SESSION | Session refreshed successfully
2025-11-27 05:45:26 | INFO | equity_bot | SESSION_REFRESH | ✅ Proactive session refresh successful
2025-11-27 05:50:03 | INFO | equity_bot | SESSION | Using cached session status (checked 277s ago)
2025-11-27 05:55:04 | INFO | equity_bot | SESSION | Performing lightweight session validation
2025-11-27 05:55:04 | INFO | equity_bot | RATE_LIMIT_WAIT_START | Waiting for rate limit clearance | endpoint=rmsLimit | timeout_seconds=2.0
2025-11-27 05:55:04 | INFO | equity_bot | API_CALL_DEBUG | About to call rmsLimit with args=(), kwargs={}
2025-11-27 05:55:04 | INFO | equity_bot | API_CALL_DEBUG | rmsLimit returned: {'status': True, 'message': 'SUCCESS', 'errorcode': '', 'data': {'net': '17067.5600', 'availablecash': '17067.5600', 'availableintradaypayin': '0.0000', 'availablelimitmargin': '0.0000', 'collateral': '0.0000', 'm2munrealized': '0.0000', 'm2mrealized': '0.0000', 'utiliseddebits': '0.0000', 'utilisedspan': None, 'utilisedoptionpremium': None, 'utilisedholdingsales': None, 'utilisedexposure': None, 'utilisedturnover': None, 'utilisedpayout': '17067.5600'}}
2025-11-27 05:55:04 | INFO | equity_bot | SESSION | Session valid
2025-11-27 06:00:02 | INFO | equity_bot | SESSION | Using cached session status (checked 298s ago)
2025-11-27 06:00:26 | INFO | equity_bot | SESSION_REFRESH | Proactive refresh triggered (session age: 15.0m)
2025-11-27 06:00:26 | INFO | equity_bot | SESSION | Attempting session refresh with refresh token
2025-11-27 06:00:26 | INFO | equity_bot | SESSION | Session saved to file
2025-11-27 06:00:26 | INFO | equity_bot | SESSION | Session refreshed successfully
2025-11-27 06:00:26 | INFO | equity_bot | SESSION_REFRESH | ✅ Proactive session refresh successful
2025-11-27 06:05:05 | INFO | equity_bot | SESSION | Using cached session status (checked 279s ago)
2025-11-27 06:10:05 | INFO | equity_bot | SESSION | Performing lightweight session validation
2025-11-27 06:10:05 | INFO | equity_bot | RATE_LIMIT_WAIT_START | Waiting for rate limit clearance | endpoint=rmsLimit | timeout_seconds=2.0
2025-11-27 06:10:05 | INFO | equity_bot | API_CALL_DEBUG | About to call rmsLimit with args=(), kwargs={}
2025-11-27 06:10:05 | INFO | equity_bot | API_CALL_DEBUG | rmsLimit returned: {'status': True, 'message': 'SUCCESS', 'errorcode': '', 'data': {'net': '17067.5600', 'availablecash': '17067.5600', 'availableintradaypayin': '0.0000', 'availablelimitmargin': '0.0000', 'collateral': '0.0000', 'm2munrealized': '0.0000', 'm2mrealized': '0.0000', 'utiliseddebits': '0.0000', 'utilisedspan': None, 'utilisedoptionpremium': None, 'utilisedholdingsales': None, 'utilisedexposure': None, 'utilisedturnover': None, 'utilisedpayout': '17067.5600'}}
2025-11-27 06:10:05 | INFO | equity_bot | SESSION | Session valid
2025-11-27 06:15:03 | INFO | equity_bot | SESSION | Using cached session status (checked 298s ago)
2025-11-27 06:15:26 | INFO | equity_bot | SESSION_REFRESH | Proactive refresh triggered (session age: 15.0m)
2025-11-27 06:15:26 | INFO | equity_bot | SESSION | Attempting session refresh with refresh token
2025-11-27 06:15:27 | INFO | equity_bot | SESSION | Session saved to file
2025-11-27 06:15:27 | INFO | equity_bot | SESSION | Session refreshed successfully
2025-11-27 06:15:27 | INFO | equity_bot | SESSION_REFRESH | ✅ Proactive session refresh successful
2025-11-27 06:20:01 | INFO | equity_bot | SESSION | Using cached session status (checked 275s ago)
2025-11-27 06:25:02 | INFO | equity_bot | SESSION | Performing lightweight session validation
2025-11-27 06:25:02 | INFO | equity_bot | RATE_LIMIT_WAIT_START | Waiting for rate limit clearance | endpoint=rmsLimit | timeout_seconds=2.0
2025-11-27 06:25:02 | INFO | equity_bot | API_CALL_DEBUG | About to call rmsLimit with args=(), kwargs={}
2025-11-27 06:25:02 | INFO | equity_bot | API_CALL_DEBUG | rmsLimit returned: {'status': True, 'message': 'SUCCESS', 'errorcode': '', 'data': {'net': '17067.5600', 'availablecash': '17067.5600', 'availableintradaypayin': '0.0000', 'availablelimitmargin': '0.0000', 'collateral': '0.0000', 'm2munrealized': '0.0000', 'm2mrealized': '0.0000', 'utiliseddebits': '0.0000', 'utilisedspan': None, 'utilisedoptionpremium': None, 'utilisedholdingsales': None, 'utilisedexposure': None, 'utilisedturnover': None, 'utilisedpayout': '17067.5600'}}
2025-11-27 06:25:02 | INFO | equity_bot | SESSION | Session valid
2025-11-27 06:30:01 | INFO | equity_bot | SESSION | Using cached session status (checked 300s ago)
2025-11-27 06:30:27 | INFO | equity_bot | SESSION_REFRESH | Proactive refresh triggered (session age: 15.0m)
2025-11-27 06:30:27 | INFO | equity_bot | SESSION | Attempting session refresh with refresh token
2025-11-27 06:30:27 | INFO | equity_bot | SESSION | Session saved to file
2025-11-27 06:30:27 | INFO | equity_bot | SESSION | Session refreshed successfully
2025-11-27 06:30:27 | INFO | equity_bot | SESSION_REFRESH | ✅ Proactive session refresh successful
2025-11-27 06:35:02 | INFO | equity_bot | SESSION | Using cached session status (checked 275s ago)
2025-11-27 06:40:01 | INFO | equity_bot | SESSION | Performing lightweight session validation
2025-11-27 06:40:01 | INFO | equity_bot | RATE_LIMIT_WAIT_START | Waiting for rate limit clearance | endpoint=rmsLimit | timeout_seconds=2.0
2025-11-27 06:40:01 | INFO | equity_bot | API_CALL_DEBUG | About to call rmsLimit with args=(), kwargs={}
2025-11-27 06:40:01 | INFO | equity_bot | API_CALL_DEBUG | rmsLimit returned: {'status': True, 'message': 'SUCCESS', 'errorcode': '', 'data': {'net': '17067.5600', 'availablecash': '17067.5600', 'availableintradaypayin': '0.0000', 'availablelimitmargin': '0.0000', 'collateral': '0.0000', 'm2munrealized': '0.0000', 'm2mrealized': '0.0000', 'utiliseddebits': '0.0000', 'utilisedspan': None, 'utilisedoptionpremium': None, 'utilisedholdingsales': None, 'utilisedexposure': None, 'utilisedturnover': None, 'utilisedpayout': '17067.5600'}}
2025-11-27 06:40:01 | INFO | equity_bot | SESSION | Session valid
2025-11-27 06:45:04 | INFO | equity_bot | SESSION | Performing lightweight session validation
2025-11-27 06:45:04 | INFO | equity_bot | RATE_LIMIT_WAIT_START | Waiting for rate limit clearance | endpoint=rmsLimit | timeout_seconds=2.0
2025-11-27 06:45:04 | INFO | equity_bot | API_CALL_DEBUG | About to call rmsLimit with args=(), kwargs={}
2025-11-27 06:45:05 | INFO | equity_bot | API_CALL_DEBUG | rmsLimit returned: {'status': True, 'message': 'SUCCESS', 'errorcode': '', 'data': {'net': '17067.5600', 'availablecash': '17067.5600', 'availableintradaypayin': '0.0000', 'availablelimitmargin': '0.0000', 'collateral': '0.0000', 'm2munrealized': '0.0000', 'm2mrealized': '0.0000', 'utiliseddebits': '0.0000', 'utilisedspan': None, 'utilisedoptionpremium': None, 'utilisedholdingsales': None, 'utilisedexposure': None, 'utilisedturnover': None, 'utilisedpayout': '17067.5600'}}
2025-11-27 06:45:05 | INFO | equity_bot | SESSION | Session valid
2025-11-27 06:45:27 | INFO | equity_bot | SESSION_REFRESH | Proactive refresh triggered (session age: 15.0m)
2025-11-27 06:45:27 | INFO | equity_bot | SESSION | Attempting session refresh with refresh token
2025-11-27 06:45:27 | INFO | equity_bot | SESSION | Session saved to file
2025-11-27 06:45:27 | INFO | equity_bot | SESSION | Session refreshed successfully
2025-11-27 06:45:27 | INFO | equity_bot | SESSION_REFRESH | ✅ Proactive session refresh successful
2025-11-27 06:50:01 | INFO | equity_bot | SESSION | Using cached session status (checked 274s ago)
2025-11-27 06:55:01 | INFO | equity_bot | SESSION | Performing lightweight session validation
2025-11-27 06:55:01 | INFO | equity_bot | RATE_LIMIT_WAIT_START | Waiting for rate limit clearance | endpoint=rmsLimit | timeout_seconds=2.0
2025-11-27 06:55:01 | INFO | equity_bot | API_CALL_DEBUG | About to call rmsLimit with args=(), kwargs={}
2025-11-27 06:55:01 | INFO | equity_bot | API_CALL_DEBUG | rmsLimit returned: {'status': True, 'message': 'SUCCESS', 'errorcode': '', 'data': {'net': '17067.5600', 'availablecash': '17067.5600', 'availableintradaypayin': '0.0000', 'availablelimitmargin': '0.0000', 'collateral': '0.0000', 'm2munrealized': '0.0000', 'm2mrealized': '0.0000', 'utiliseddebits': '0.0000', 'utilisedspan': None, 'utilisedoptionpremium': None, 'utilisedholdingsales': None, 'utilisedexposure': None, 'utilisedturnover': None, 'utilisedpayout': '17067.5600'}}
2025-11-27 06:55:01 | INFO | equity_bot | SESSION | Session valid
2025-11-27 07:00:01 | INFO | equity_bot | SESSION | Performing lightweight session validation
2025-11-27 07:00:01 | INFO | equity_bot | RATE_LIMIT_WAIT_START | Waiting for rate limit clearance | endpoint=rmsLimit | timeout_seconds=2.0
2025-11-27 07:00:01 | INFO | equity_bot | API_CALL_DEBUG | About to call rmsLimit with args=(), kwargs={}
2025-11-27 07:00:01 | INFO | equity_bot | API_CALL_DEBUG | rmsLimit returned: {'status': True, 'message': 'SUCCESS', 'errorcode': '', 'data': {'net': '17067.5600', 'availablecash': '17067.5600', 'availableintradaypayin': '0.0000', 'availablelimitmargin': '0.0000', 'collateral': '0.0000', 'm2munrealized': '0.0000', 'm2mrealized': '0.0000', 'utiliseddebits': '0.0000', 'utilisedspan': None, 'utilisedoptionpremium': None, 'utilisedholdingsales': None, 'utilisedexposure': None, 'utilisedturnover': None, 'utilisedpayout': '17067.5600'}}
2025-11-27 07:00:01 | INFO | equity_bot | SESSION | Session valid
2025-11-27 07:00:27 | INFO | equity_bot | SESSION_REFRESH | Proactive refresh triggered (session age: 15.0m)
2025-11-27 07:00:27 | INFO | equity_bot | SESSION | Attempting session refresh with refresh token
2025-11-27 07:00:27 | INFO | equity_bot | SESSION | Session saved to file
2025-11-27 07:00:27 | INFO | equity_bot | SESSION | Session refreshed successfully
2025-11-27 07:00:27 | INFO | equity_bot | SESSION_REFRESH | ✅ Proactive session refresh successful
2025-11-27 07:05:02 | INFO | equity_bot | SESSION | Using cached session status (checked 275s ago)
2025-11-27 07:10:05 | INFO | equity_bot | SESSION | Performing lightweight session validation
2025-11-27 07:10:05 | INFO | equity_bot | RATE_LIMIT_WAIT_START | Waiting for rate limit clearance | endpoint=rmsLimit | timeout_seconds=2.0
2025-11-27 07:10:05 | INFO | equity_bot | API_CALL_DEBUG | About to call rmsLimit with args=(), kwargs={}
2025-11-27 07:10:05 | INFO | equity_bot | API_CALL_DEBUG | rmsLimit returned: {'status': True, 'message': 'SUCCESS', 'errorcode': '', 'data': {'net': '17067.5600', 'availablecash': '17067.5600', 'availableintradaypayin': '0.0000', 'availablelimitmargin': '0.0000', 'collateral': '0.0000', 'm2munrealized': '0.0000', 'm2mrealized': '0.0000', 'utiliseddebits': '0.0000', 'utilisedspan': None, 'utilisedoptionpremium': None, 'utilisedholdingsales': None, 'utilisedexposure': None, 'utilisedturnover': None, 'utilisedpayout': '17067.5600'}}
2025-11-27 07:10:05 | INFO | equity_bot | SESSION | Session valid
2025-11-27 07:15:04 | INFO | equity_bot | SESSION | Using cached session status (checked 300s ago)
2025-11-27 07:15:27 | INFO | equity_bot | SESSION_REFRESH | Proactive refresh triggered (session age: 15.0m)
2025-11-27 07:15:27 | INFO | equity_bot | SESSION | Attempting session refresh with refresh token
2025-11-27 07:15:28 | INFO | equity_bot | SESSION | Session saved to file
2025-11-27 07:15:28 | INFO | equity_bot | SESSION | Session refreshed successfully
2025-11-27 07:15:28 | INFO | equity_bot | SESSION_REFRESH | ✅ Proactive session refresh successful
2025-11-27 07:20:03 | INFO | equity_bot | SESSION | Using cached session status (checked 275s ago)
2025-11-27 07:25:05 | INFO | equity_bot | SESSION | Performing lightweight session validation
2025-11-27 07:25:05 | INFO | equity_bot | RATE_LIMIT_WAIT_START | Waiting for rate limit clearance | endpoint=rmsLimit | timeout_seconds=2.0
2025-11-27 07:25:05 | INFO | equity_bot | API_CALL_DEBUG | About to call rmsLimit with args=(), kwargs={}
2025-11-27 07:25:05 | INFO | equity_bot | API_CALL_DEBUG | rmsLimit returned: {'status': True, 'message': 'SUCCESS', 'errorcode': '', 'data': {'net': '17067.5600', 'availablecash': '17067.5600', 'availableintradaypayin': '0.0000', 'availablelimitmargin': '0.0000', 'collateral': '0.0000', 'm2munrealized': '0.0000', 'm2mrealized': '0.0000', 'utiliseddebits': '0.0000', 'utilisedspan': None, 'utilisedoptionpremium': None, 'utilisedholdingsales': None, 'utilisedexposure': None, 'utilisedturnover': None, 'utilisedpayout': '17067.5600'}}
2025-11-27 07:25:05 | INFO | equity_bot | SESSION | Session valid
2025-11-27 07:30:05 | INFO | equity_bot | SESSION | Using cached session status (checked 300s ago)
2025-11-27 07:30:28 | INFO | equity_bot | SESSION_REFRESH | Proactive refresh triggered (session age: 15.0m)
2025-11-27 07:30:28 | INFO | equity_bot | SESSION | Attempting session refresh with refresh token
2025-11-27 07:30:28 | INFO | equity_bot | SESSION | Session saved to file
2025-11-27 07:30:28 | INFO | equity_bot | SESSION | Session refreshed successfully
2025-11-27 07:30:28 | INFO | equity_bot | SESSION_REFRESH | ✅ Proactive session refresh successful
2025-11-27 07:35:01 | INFO | equity_bot | SESSION | Using cached session status (checked 273s ago)
2025-11-27 07:40:04 | INFO | equity_bot | SESSION | Performing lightweight session validation
2025-11-27 07:40:04 | INFO | equity_bot | RATE_LIMIT_WAIT_START | Waiting for rate limit clearance | endpoint=rmsLimit | timeout_seconds=2.0
2025-11-27 07:40:04 | INFO | equity_bot | API_CALL_DEBUG | About to call rmsLimit with args=(), kwargs={}
2025-11-27 07:40:04 | INFO | equity_bot | API_CALL_DEBUG | rmsLimit returned: {'status': True, 'message': 'SUCCESS', 'errorcode': '', 'data': {'net': '17067.5600', 'availablecash': '17067.5600', 'availableintradaypayin': '0.0000', 'availablelimitmargin': '0.0000', 'collateral': '0.0000', 'm2munrealized': '0.0000', 'm2mrealized': '0.0000', 'utiliseddebits': '0.0000', 'utilisedspan': None, 'utilisedoptionpremium': None, 'utilisedholdingsales': None, 'utilisedexposure': None, 'utilisedturnover': None, 'utilisedpayout': '17067.5600'}}
2025-11-27 07:40:04 | INFO | equity_bot | SESSION | Session valid
2025-11-27 07:45:02 | INFO | equity_bot | SESSION | Using cached session status (checked 298s ago)
2025-11-27 07:45:28 | INFO | equity_bot | SESSION_REFRESH | Proactive refresh triggered (session age: 15.0m)
2025-11-27 07:45:28 | INFO | equity_bot | SESSION | Attempting session refresh with refresh token
2025-11-27 07:45:28 | INFO | equity_bot | SESSION | Session saved to file
2025-11-27 07:45:28 | INFO | equity_bot | SESSION | Session refreshed successfully
2025-11-27 07:45:28 | INFO | equity_bot | SESSION_REFRESH | ✅ Proactive session refresh successful
2025-11-27 07:50:01 | INFO | equity_bot | SESSION | Using cached session status (checked 273s ago)
2025-11-27 07:55:03 | INFO | equity_bot | SESSION | Performing lightweight session validation
2025-11-27 07:55:03 | INFO | equity_bot | RATE_LIMIT_WAIT_START | Waiting for rate limit clearance | endpoint=rmsLimit | timeout_seconds=2.0
2025-11-27 07:55:03 | INFO | equity_bot | API_CALL_DEBUG | About to call rmsLimit with args=(), kwargs={}
2025-11-27 07:55:03 | INFO | equity_bot | API_CALL_DEBUG | rmsLimit returned: {'status': True, 'message': 'SUCCESS', 'errorcode': '', 'data': {'net': '17067.5600', 'availablecash': '17067.5600', 'availableintradaypayin': '0.0000', 'availablelimitmargin': '0.0000', 'collateral': '0.0000', 'm2munrealized': '0.0000', 'm2mrealized': '0.0000', 'utiliseddebits': '0.0000', 'utilisedspan': None, 'utilisedoptionpremium': None, 'utilisedholdingsales': None, 'utilisedexposure': None, 'utilisedturnover': None, 'utilisedpayout': '17067.5600'}}
2025-11-27 07:55:03 | INFO | equity_bot | SESSION | Session valid
2025-11-27 08:00:02 | INFO | equity_bot | SESSION | Using cached session status (checked 299s ago)
2025-11-27 08:00:28 | INFO | equity_bot | SESSION_REFRESH | Proactive refresh triggered (session age: 15.0m)
2025-11-27 08:00:28 | INFO | equity_bot | SESSION | Attempting session refresh with refresh token
2025-11-27 08:00:28 | INFO | equity_bot | SESSION | Session saved to file
2025-11-27 08:00:28 | INFO | equity_bot | SESSION | Session refreshed successfully
2025-11-27 08:00:28 | INFO | equity_bot | SESSION_REFRESH | ✅ Proactive session refresh successful
2025-11-27 08:05:02 | INFO | equity_bot | SESSION | Using cached session status (checked 274s ago)
2025-11-27 08:10:01 | INFO | equity_bot | SESSION | Performing lightweight session validation
2025-11-27 08:10:01 | INFO | equity_bot | RATE_LIMIT_WAIT_START | Waiting for rate limit clearance | endpoint=rmsLimit | timeout_seconds=2.0
2025-11-27 08:10:01 | INFO | equity_bot | API_CALL_DEBUG | About to call rmsLimit with args=(), kwargs={}
2025-11-27 08:10:01 | INFO | equity_bot | API_CALL_DEBUG | rmsLimit returned: {'status': True, 'message': 'SUCCESS', 'errorcode': '', 'data': {'net': '17067.5600', 'availablecash': '17067.5600', 'availableintradaypayin': '0.0000', 'availablelimitmargin': '0.0000', 'collateral': '0.0000', 'm2munrealized': '0.0000', 'm2mrealized': '0.0000', 'utiliseddebits': '0.0000', 'utilisedspan': None, 'utilisedoptionpremium': None, 'utilisedholdingsales': None, 'utilisedexposure': None, 'utilisedturnover': None, 'utilisedpayout': '17067.5600'}}
2025-11-27 08:10:01 | INFO | equity_bot | SESSION | Session valid
2025-11-27 08:15:04 | INFO | equity_bot | SESSION | Performing lightweight session validation
2025-11-27 08:15:04 | INFO | equity_bot | RATE_LIMIT_WAIT_START | Waiting for rate limit clearance | endpoint=rmsLimit | timeout_seconds=2.0
2025-11-27 08:15:04 | INFO | equity_bot | API_CALL_DEBUG | About to call rmsLimit with args=(), kwargs={}
2025-11-27 08:15:04 | INFO | equity_bot | API_CALL_DEBUG | rmsLimit returned: {'status': True, 'message': 'SUCCESS', 'errorcode': '', 'data': {'net': '17067.5600', 'availablecash': '17067.5600', 'availableintradaypayin': '0.0000', 'availablelimitmargin': '0.0000', 'collateral': '0.0000', 'm2munrealized': '0.0000', 'm2mrealized': '0.0000', 'utiliseddebits': '0.0000', 'utilisedspan': None, 'utilisedoptionpremium': None, 'utilisedholdingsales': None, 'utilisedexposure': None, 'utilisedturnover': None, 'utilisedpayout': '17067.5600'}}
2025-11-27 08:15:04 | INFO | equity_bot | SESSION | Session valid
2025-11-27 08:15:28 | INFO | equity_bot | SESSION_REFRESH | Proactive refresh triggered (session age: 15.0m)
2025-11-27 08:15:28 | INFO | equity_bot | SESSION | Attempting session refresh with refresh token
2025-11-27 08:15:29 | INFO | equity_bot | SESSION | Session saved to file
2025-11-27 08:15:29 | INFO | equity_bot | SESSION | Session refreshed successfully
2025-11-27 08:15:29 | INFO | equity_bot | SESSION_REFRESH | ✅ Proactive session refresh successful
2025-11-27 08:20:02 | INFO | equity_bot | SESSION | Using cached session status (checked 274s ago)
2025-11-27 08:25:03 | INFO | equity_bot | SESSION | Performing lightweight session validation
2025-11-27 08:25:03 | INFO | equity_bot | RATE_LIMIT_WAIT_START | Waiting for rate limit clearance | endpoint=rmsLimit | timeout_seconds=2.0
2025-11-27 08:25:03 | INFO | equity_bot | API_CALL_DEBUG | About to call rmsLimit with args=(), kwargs={}
2025-11-27 08:25:04 | INFO | equity_bot | API_CALL_DEBUG | rmsLimit returned: {'status': True, 'message': 'SUCCESS', 'errorcode': '', 'data': {'net': '17067.5600', 'availablecash': '17067.5600', 'availableintradaypayin': '0.0000', 'availablelimitmargin': '0.0000', 'collateral': '0.0000', 'm2munrealized': '0.0000', 'm2mrealized': '0.0000', 'utiliseddebits': '0.0000', 'utilisedspan': None, 'utilisedoptionpremium': None, 'utilisedholdingsales': None, 'utilisedexposure': None, 'utilisedturnover': None, 'utilisedpayout': '17067.5600'}}
2025-11-27 08:25:04 | INFO | equity_bot | SESSION | Session valid
2025-11-27 08:30:04 | INFO | equity_bot | SESSION | Performing lightweight session validation
2025-11-27 08:30:04 | INFO | equity_bot | RATE_LIMIT_WAIT_START | Waiting for rate limit clearance | endpoint=rmsLimit | timeout_seconds=2.0
2025-11-27 08:30:04 | INFO | equity_bot | API_CALL_DEBUG | About to call rmsLimit with args=(), kwargs={}
2025-11-27 08:30:04 | INFO | equity_bot | API_CALL_DEBUG | rmsLimit returned: {'status': True, 'message': 'SUCCESS', 'errorcode': '', 'data': {'net': '17067.5600', 'availablecash': '17067.5600', 'availableintradaypayin': '0.0000', 'availablelimitmargin': '0.0000', 'collateral': '0.0000', 'm2munrealized': '0.0000', 'm2mrealized': '0.0000', 'utiliseddebits': '0.0000', 'utilisedspan': None, 'utilisedoptionpremium': None, 'utilisedholdingsales': None, 'utilisedexposure': None, 'utilisedturnover': None, 'utilisedpayout': '17067.5600'}}
2025-11-27 08:30:04 | INFO | equity_bot | SESSION | Session valid
2025-11-27 08:30:29 | INFO | equity_bot | SESSION_REFRESH | Proactive refresh triggered (session age: 15.0m)
2025-11-27 08:30:29 | INFO | equity_bot | SESSION | Attempting session refresh with refresh token
2025-11-27 08:30:29 | INFO | equity_bot | SESSION | Session saved to file
2025-11-27 08:30:29 | INFO | equity_bot | SESSION | Session refreshed successfully
2025-11-27 08:30:29 | INFO | equity_bot | SESSION_REFRESH | ✅ Proactive session refresh successful
2025-11-27 08:35:01 | INFO | equity_bot | SESSION | Using cached session status (checked 272s ago)
2025-11-27 08:40:01 | INFO | equity_bot | SESSION | Performing lightweight session validation
2025-11-27 08:40:01 | INFO | equity_bot | RATE_LIMIT_WAIT_START | Waiting for rate limit clearance | endpoint=rmsLimit | timeout_seconds=2.0
2025-11-27 08:40:01 | INFO | equity_bot | API_CALL_DEBUG | About to call rmsLimit with args=(), kwargs={}
2025-11-27 08:40:01 | INFO | equity_bot | API_CALL_DEBUG | rmsLimit returned: {'status': True, 'message': 'SUCCESS', 'errorcode': '', 'data': {'net': '17067.5600', 'availablecash': '17067.5600', 'availableintradaypayin': '0.0000', 'availablelimitmargin': '0.0000', 'collateral': '0.0000', 'm2munrealized': '0.0000', 'm2mrealized': '0.0000', 'utiliseddebits': '0.0000', 'utilisedspan': None, 'utilisedoptionpremium': None, 'utilisedholdingsales': None, 'utilisedexposure': None, 'utilisedturnover': None, 'utilisedpayout': '17067.5600'}}
2025-11-27 08:40:01 | INFO | equity_bot | SESSION | Session valid
2025-11-27 08:45:04 | INFO | equity_bot | SESSION | Performing lightweight session validation
2025-11-27 08:45:04 | INFO | equity_bot | RATE_LIMIT_WAIT_START | Waiting for rate limit clearance | endpoint=rmsLimit | timeout_seconds=2.0
2025-11-27 08:45:04 | INFO | equity_bot | API_CALL_DEBUG | About to call rmsLimit with args=(), kwargs={}
2025-11-27 08:45:04 | INFO | equity_bot | API_CALL_DEBUG | rmsLimit returned: {'status': True, 'message': 'SUCCESS', 'errorcode': '', 'data': {'net': '17067.5600', 'availablecash': '17067.5600', 'availableintradaypayin': '0.0000', 'availablelimitmargin': '0.0000', 'collateral': '0.0000', 'm2munrealized': '0.0000', 'm2mrealized': '0.0000', 'utiliseddebits': '0.0000', 'utilisedspan': None, 'utilisedoptionpremium': None, 'utilisedholdingsales': None, 'utilisedexposure': None, 'utilisedturnover': None, 'utilisedpayout': '17067.5600'}}
2025-11-27 08:45:04 | INFO | equity_bot | SESSION | Session valid
2025-11-27 08:45:29 | INFO | equity_bot | SESSION_REFRESH | Proactive refresh triggered (session age: 15.0m)
2025-11-27 08:45:29 | INFO | equity_bot | SESSION | Attempting session refresh with refresh token
2025-11-27 08:45:29 | INFO | equity_bot | SESSION | Session saved to file
2025-11-27 08:45:29 | INFO | equity_bot | SESSION | Session refreshed successfully
2025-11-27 08:45:29 | INFO | equity_bot | SESSION_REFRESH | ✅ Proactive session refresh successful
2025-11-27 08:50:05 | INFO | equity_bot | SESSION | Using cached session status (checked 276s ago)
2025-11-27 08:55:04 | INFO | equity_bot | SESSION | Performing lightweight session validation
2025-11-27 08:55:04 | INFO | equity_bot | RATE_LIMIT_WAIT_START | Waiting for rate limit clearance | endpoint=rmsLimit | timeout_seconds=2.0
2025-11-27 08:55:04 | INFO | equity_bot | API_CALL_DEBUG | About to call rmsLimit with args=(), kwargs={}
2025-11-27 08:55:04 | INFO | equity_bot | API_CALL_DEBUG | rmsLimit returned: {'status': True, 'message': 'SUCCESS', 'errorcode': '', 'data': {'net': '17067.5600', 'availablecash': '17067.5600', 'availableintradaypayin': '0.0000', 'availablelimitmargin': '0.0000', 'collateral': '0.0000', 'm2munrealized': '0.0000', 'm2mrealized': '0.0000', 'utiliseddebits': '0.0000', 'utilisedspan': None, 'utilisedoptionpremium': None, 'utilisedholdingsales': None, 'utilisedexposure': None, 'utilisedturnover': None, 'utilisedpayout': '17067.5600'}}
2025-11-27 08:55:04 | INFO | equity_bot | SESSION | Session valid
2025-11-27 09:00:01 | INFO | equity_bot | SESSION | Using cached session status (checked 297s ago)
2025-11-27 09:00:29 | INFO | equity_bot | SESSION_REFRESH | Proactive refresh triggered (session age: 15.0m)
2025-11-27 09:00:29 | INFO | equity_bot | SESSION | Attempting session refresh with refresh token
2025-11-27 09:00:29 | INFO | equity_bot | SESSION | Session saved to file
2025-11-27 09:00:29 | INFO | equity_bot | SESSION | Session refreshed successfully
2025-11-27 09:00:29 | INFO | equity_bot | SESSION_REFRESH | ✅ Proactive session refresh successful
