2025-11-26 06:01:36 | INFO | STARTUP | Logging initialized | log_dir=/root/santhosh/trading/equity/logs/2025-11-26
2025-11-26 06:01:36 | INFO | FEEDBACK_INIT | PerformanceFeedback initialized for adaptive trading
2025-11-26 06:01:36 | INFO | MONITOR | Backed up stale positions.json to positions.json.startup_1764117096
2025-11-26 06:01:36 | INFO | MONITOR | ✓ Cleared stale positions.json - will rebuild from broker holdings
2025-11-26 06:01:36 | INFO | MONITOR | Skipping file load - broker will be source of truth
2025-11-26 06:01:36 | INFO | HOLDINGS_SYNC | Fetching positions and holdings from broker...
2025-11-26 06:01:36 | INFO | HOLDINGS_SYNC | Found 0 open LONG positions from position() API
2025-11-26 06:01:37 | INFO | HOLDINGS_SYNC | No positions or holdings found at broker
2025-11-26 06:01:37 | INFO | MONITOR | Position monitoring started with bucketed LTP checking
2025-11-26 06:01:37 | INFO | MONITOR | Event loop thread started
2025-11-26 06:01:37 | INFO | MONITOR | Event loop started successfully for priority queue
2025-11-26 06:01:37 | INFO | MONITOR | Priority API queue enabled and started
2025-11-26 06:01:37 | INFO | SL_RETRY | SL retry thread started - waiting 30s before initial placement (conserve startup API quota)
2025-11-26 06:01:37 | INFO | SL_RETRY | SL retry thread started successfully
2025-11-26 06:01:37 | INFO | MONITOR_SLEEP | Sleeping for 20s (base=20s, consecutive_errors=0, monitoring_suspended=False)
2025-11-26 06:01:57 | INFO | MONITOR_SLEEP | Sleeping for 20s (base=20s, consecutive_errors=0, monitoring_suspended=False)
2025-11-26 06:02:07 | INFO | SL_RETRY | SL retry thread active - conservative mode (1 SL per 20s, max 10 retries)
2025-11-26 06:02:17 | INFO | MONITOR_SLEEP | Sleeping for 20s (base=20s, consecutive_errors=0, monitoring_suspended=False)
2025-11-26 06:02:37 | INFO | MONITOR | Paper trades checked (next in 60s)
2025-11-26 06:02:37 | INFO | MONITOR_SLEEP | Sleeping for 20s (base=20s, consecutive_errors=0, monitoring_suspended=False)
2025-11-26 06:02:57 | INFO | MONITOR_SLEEP | Sleeping for 20s (base=20s, consecutive_errors=0, monitoring_suspended=False)
2025-11-26 06:03:17 | INFO | MONITOR_SLEEP | Sleeping for 20s (base=20s, consecutive_errors=0, monitoring_suspended=False)
2025-11-26 06:03:37 | INFO | MONITOR | Paper trades checked (next in 60s)
2025-11-26 06:03:37 | INFO | MONITOR_SLEEP | Sleeping for 20s (base=20s, consecutive_errors=0, monitoring_suspended=False)
2025-11-26 06:03:57 | INFO | MONITOR_SLEEP | Sleeping for 20s (base=20s, consecutive_errors=0, monitoring_suspended=False)
2025-11-26 06:04:17 | INFO | MONITOR_SLEEP | Sleeping for 20s (base=20s, consecutive_errors=0, monitoring_suspended=False)
2025-11-26 06:04:37 | INFO | MONITOR | Paper trades checked (next in 60s)
2025-11-26 06:04:37 | INFO | MONITOR_SLEEP | Sleeping for 20s (base=20s, consecutive_errors=0, monitoring_suspended=False)
2025-11-26 06:04:57 | INFO | MONITOR_SLEEP | Sleeping for 20s (base=20s, consecutive_errors=0, monitoring_suspended=False)
2025-11-26 06:05:17 | INFO | MONITOR_SLEEP | Sleeping for 20s (base=20s, consecutive_errors=0, monitoring_suspended=False)
2025-11-26 06:05:37 | INFO | MONITOR | Paper trades checked (next in 60s)
2025-11-26 06:05:37 | INFO | MONITOR_SLEEP | Sleeping for 20s (base=20s, consecutive_errors=0, monitoring_suspended=False)
2025-11-26 06:05:57 | INFO | MONITOR_SLEEP | Sleeping for 20s (base=20s, consecutive_errors=0, monitoring_suspended=False)
2025-11-26 06:06:17 | INFO | MONITOR_SLEEP | Sleeping for 20s (base=20s, consecutive_errors=0, monitoring_suspended=False)
2025-11-26 06:06:37 | INFO | MONITOR | Paper trades checked (next in 60s)
2025-11-26 06:06:37 | INFO | MONITOR_SLEEP | Sleeping for 20s (base=20s, consecutive_errors=0, monitoring_suspended=False)
2025-11-26 06:06:57 | INFO | MONITOR_SLEEP | Sleeping for 20s (base=20s, consecutive_errors=0, monitoring_suspended=False)
2025-11-26 06:07:17 | INFO | MONITOR_SLEEP | Sleeping for 20s (base=20s, consecutive_errors=0, monitoring_suspended=False)
2025-11-26 06:07:37 | INFO | MONITOR | Paper trades checked (next in 60s)
2025-11-26 06:07:37 | INFO | MONITOR_SLEEP | Sleeping for 20s (base=20s, consecutive_errors=0, monitoring_suspended=False)
2025-11-26 06:07:57 | INFO | MONITOR_SLEEP | Sleeping for 20s (base=20s, consecutive_errors=0, monitoring_suspended=False)
2025-11-26 06:08:17 | INFO | MONITOR_SLEEP | Sleeping for 20s (base=20s, consecutive_errors=0, monitoring_suspended=False)
2025-11-26 06:08:37 | INFO | MONITOR | Paper trades checked (next in 60s)
2025-11-26 06:08:37 | INFO | MONITOR_SLEEP | Sleeping for 20s (base=20s, consecutive_errors=0, monitoring_suspended=False)
2025-11-26 06:08:57 | INFO | MONITOR_SLEEP | Sleeping for 20s (base=20s, consecutive_errors=0, monitoring_suspended=False)
2025-11-26 06:09:17 | INFO | MONITOR_SLEEP | Sleeping for 20s (base=20s, consecutive_errors=0, monitoring_suspended=False)
2025-11-26 06:09:37 | INFO | MONITOR | Paper trades checked (next in 60s)
2025-11-26 06:09:37 | INFO | MONITOR_SLEEP | Sleeping for 20s (base=20s, consecutive_errors=0, monitoring_suspended=False)
2025-11-26 06:09:57 | INFO | MONITOR_SLEEP | Sleeping for 20s (base=20s, consecutive_errors=0, monitoring_suspended=False)
2025-11-26 06:10:17 | INFO | MONITOR_SLEEP | Sleeping for 20s (base=20s, consecutive_errors=0, monitoring_suspended=False)
2025-11-26 06:10:37 | INFO | MONITOR | Paper trades checked (next in 60s)
2025-11-26 06:10:37 | INFO | MONITOR_SLEEP | Sleeping for 20s (base=20s, consecutive_errors=0, monitoring_suspended=False)
2025-11-26 06:10:57 | INFO | MONITOR_SLEEP | Sleeping for 20s (base=20s, consecutive_errors=0, monitoring_suspended=False)
2025-11-26 06:11:17 | INFO | MONITOR_SLEEP | Sleeping for 20s (base=20s, consecutive_errors=0, monitoring_suspended=False)
2025-11-26 06:11:37 | INFO | MONITOR | Paper trades checked (next in 60s)
2025-11-26 06:11:37 | INFO | MONITOR_SLEEP | Sleeping for 20s (base=20s, consecutive_errors=0, monitoring_suspended=False)
2025-11-26 06:11:57 | INFO | MONITOR_SLEEP | Sleeping for 20s (base=20s, consecutive_errors=0, monitoring_suspended=False)
2025-11-26 06:12:17 | INFO | MONITOR_SLEEP | Sleeping for 20s (base=20s, consecutive_errors=0, monitoring_suspended=False)
2025-11-26 06:12:37 | INFO | MONITOR | Paper trades checked (next in 60s)
2025-11-26 06:12:37 | INFO | MONITOR_SLEEP | Sleeping for 20s (base=20s, consecutive_errors=0, monitoring_suspended=False)
2025-11-26 06:12:57 | INFO | MONITOR_SLEEP | Sleeping for 20s (base=20s, consecutive_errors=0, monitoring_suspended=False)
2025-11-26 06:13:17 | INFO | MONITOR_SLEEP | Sleeping for 20s (base=20s, consecutive_errors=0, monitoring_suspended=False)
2025-11-26 06:13:37 | INFO | MONITOR | Paper trades checked (next in 60s)
2025-11-26 06:13:37 | INFO | MONITOR_SLEEP | Sleeping for 20s (base=20s, consecutive_errors=0, monitoring_suspended=False)
2025-11-26 06:13:57 | INFO | MONITOR_SLEEP | Sleeping for 20s (base=20s, consecutive_errors=0, monitoring_suspended=False)
2025-11-26 06:14:17 | INFO | MONITOR_SLEEP | Sleeping for 20s (base=20s, consecutive_errors=0, monitoring_suspended=False)
2025-11-26 06:14:37 | INFO | MONITOR | Paper trades checked (next in 60s)
2025-11-26 06:14:37 | INFO | MONITOR_SLEEP | Sleeping for 20s (base=20s, consecutive_errors=0, monitoring_suspended=False)
2025-11-26 06:14:57 | INFO | MONITOR_SLEEP | Sleeping for 20s (base=20s, consecutive_errors=0, monitoring_suspended=False)
2025-11-26 06:15:17 | INFO | MONITOR_SLEEP | Sleeping for 20s (base=20s, consecutive_errors=0, monitoring_suspended=False)
2025-11-26 06:15:37 | INFO | MONITOR | Paper trades checked (next in 60s)
2025-11-26 06:15:37 | INFO | MONITOR_SLEEP | Sleeping for 20s (base=20s, consecutive_errors=0, monitoring_suspended=False)
2025-11-26 06:15:57 | INFO | MONITOR_SLEEP | Sleeping for 20s (base=20s, consecutive_errors=0, monitoring_suspended=False)
2025-11-26 06:16:17 | INFO | MONITOR_SLEEP | Sleeping for 20s (base=20s, consecutive_errors=0, monitoring_suspended=False)
2025-11-26 06:16:37 | INFO | MONITOR | Paper trades checked (next in 60s)
2025-11-26 06:16:37 | INFO | MONITOR_SLEEP | Sleeping for 20s (base=20s, consecutive_errors=0, monitoring_suspended=False)
2025-11-26 06:16:57 | INFO | MONITOR_SLEEP | Sleeping for 20s (base=20s, consecutive_errors=0, monitoring_suspended=False)
2025-11-26 06:17:17 | INFO | MONITOR_SLEEP | Sleeping for 20s (base=20s, consecutive_errors=0, monitoring_suspended=False)
2025-11-26 06:17:37 | INFO | MONITOR | Paper trades checked (next in 60s)
2025-11-26 06:17:37 | INFO | MONITOR_SLEEP | Sleeping for 20s (base=20s, consecutive_errors=0, monitoring_suspended=False)
2025-11-26 06:17:57 | INFO | MONITOR_SLEEP | Sleeping for 20s (base=20s, consecutive_errors=0, monitoring_suspended=False)
2025-11-26 06:18:17 | INFO | MONITOR_SLEEP | Sleeping for 20s (base=20s, consecutive_errors=0, monitoring_suspended=False)
2025-11-26 06:18:37 | INFO | MONITOR | Paper trades checked (next in 60s)
2025-11-26 06:18:37 | INFO | MONITOR_SLEEP | Sleeping for 20s (base=20s, consecutive_errors=0, monitoring_suspended=False)
2025-11-26 06:18:57 | INFO | MONITOR_SLEEP | Sleeping for 20s (base=20s, consecutive_errors=0, monitoring_suspended=False)
2025-11-26 06:19:17 | INFO | MONITOR_SLEEP | Sleeping for 20s (base=20s, consecutive_errors=0, monitoring_suspended=False)
2025-11-26 06:19:37 | INFO | MONITOR | Paper trades checked (next in 60s)
2025-11-26 06:19:37 | INFO | MONITOR_SLEEP | Sleeping for 20s (base=20s, consecutive_errors=0, monitoring_suspended=False)
2025-11-26 06:19:57 | INFO | MONITOR_SLEEP | Sleeping for 20s (base=20s, consecutive_errors=0, monitoring_suspended=False)
2025-11-26 06:20:17 | INFO | MONITOR_SLEEP | Sleeping for 20s (base=20s, consecutive_errors=0, monitoring_suspended=False)
2025-11-26 06:20:37 | INFO | MONITOR | Paper trades checked (next in 60s)
2025-11-26 06:20:37 | INFO | MONITOR_SLEEP | Sleeping for 20s (base=20s, consecutive_errors=0, monitoring_suspended=False)
2025-11-26 06:20:57 | INFO | MONITOR_SLEEP | Sleeping for 20s (base=20s, consecutive_errors=0, monitoring_suspended=False)
2025-11-26 06:21:17 | INFO | MONITOR_SLEEP | Sleeping for 20s (base=20s, consecutive_errors=0, monitoring_suspended=False)
2025-11-26 06:21:37 | INFO | MONITOR | Paper trades checked (next in 60s)
2025-11-26 06:21:37 | INFO | MONITOR_SLEEP | Sleeping for 20s (base=20s, consecutive_errors=0, monitoring_suspended=False)
2025-11-26 06:21:57 | INFO | MONITOR_SLEEP | Sleeping for 20s (base=20s, consecutive_errors=0, monitoring_suspended=False)
2025-11-26 06:22:17 | INFO | MONITOR_SLEEP | Sleeping for 20s (base=20s, consecutive_errors=0, monitoring_suspended=False)
2025-11-26 06:22:37 | INFO | MONITOR | Paper trades checked (next in 60s)
2025-11-26 06:22:37 | INFO | MONITOR_SLEEP | Sleeping for 20s (base=20s, consecutive_errors=0, monitoring_suspended=False)
2025-11-26 06:22:57 | INFO | MONITOR_SLEEP | Sleeping for 20s (base=20s, consecutive_errors=0, monitoring_suspended=False)
2025-11-26 06:23:17 | INFO | MONITOR_SLEEP | Sleeping for 20s (base=20s, consecutive_errors=0, monitoring_suspended=False)
2025-11-26 06:23:37 | INFO | MONITOR | Paper trades checked (next in 60s)
2025-11-26 06:23:37 | INFO | MONITOR_SLEEP | Sleeping for 20s (base=20s, consecutive_errors=0, monitoring_suspended=False)
2025-11-26 06:23:57 | INFO | MONITOR_SLEEP | Sleeping for 20s (base=20s, consecutive_errors=0, monitoring_suspended=False)
2025-11-26 06:24:17 | INFO | MONITOR_SLEEP | Sleeping for 20s (base=20s, consecutive_errors=0, monitoring_suspended=False)
2025-11-26 06:24:37 | INFO | MONITOR | Paper trades checked (next in 60s)
2025-11-26 06:24:37 | INFO | MONITOR_SLEEP | Sleeping for 20s (base=20s, consecutive_errors=0, monitoring_suspended=False)
2025-11-26 06:24:57 | INFO | MONITOR_SLEEP | Sleeping for 20s (base=20s, consecutive_errors=0, monitoring_suspended=False)
2025-11-26 06:25:17 | INFO | MONITOR_SLEEP | Sleeping for 20s (base=20s, consecutive_errors=0, monitoring_suspended=False)
2025-11-26 06:25:37 | INFO | MONITOR | Paper trades checked (next in 60s)
2025-11-26 06:25:37 | INFO | MONITOR_SLEEP | Sleeping for 20s (base=20s, consecutive_errors=0, monitoring_suspended=False)
2025-11-26 06:25:57 | INFO | MONITOR_SLEEP | Sleeping for 20s (base=20s, consecutive_errors=0, monitoring_suspended=False)
2025-11-26 06:26:17 | INFO | MONITOR_SLEEP | Sleeping for 20s (base=20s, consecutive_errors=0, monitoring_suspended=False)
2025-11-26 06:26:37 | INFO | MONITOR | Paper trades checked (next in 60s)
2025-11-26 06:26:37 | INFO | MONITOR_SLEEP | Sleeping for 20s (base=20s, consecutive_errors=0, monitoring_suspended=False)
2025-11-26 06:26:57 | INFO | MONITOR_SLEEP | Sleeping for 20s (base=20s, consecutive_errors=0, monitoring_suspended=False)
2025-11-26 06:27:17 | INFO | MONITOR_SLEEP | Sleeping for 20s (base=20s, consecutive_errors=0, monitoring_suspended=False)
2025-11-26 06:27:37 | INFO | MONITOR | Paper trades checked (next in 60s)
2025-11-26 06:27:37 | INFO | MONITOR_SLEEP | Sleeping for 20s (base=20s, consecutive_errors=0, monitoring_suspended=False)
2025-11-26 06:27:57 | INFO | MONITOR_SLEEP | Sleeping for 20s (base=20s, consecutive_errors=0, monitoring_suspended=False)
2025-11-26 06:28:17 | INFO | MONITOR_SLEEP | Sleeping for 20s (base=20s, consecutive_errors=0, monitoring_suspended=False)
2025-11-26 06:28:37 | INFO | MONITOR | Paper trades checked (next in 60s)
2025-11-26 06:28:37 | INFO | MONITOR_SLEEP | Sleeping for 20s (base=20s, consecutive_errors=0, monitoring_suspended=False)
2025-11-26 06:28:57 | INFO | MONITOR_SLEEP | Sleeping for 20s (base=20s, consecutive_errors=0, monitoring_suspended=False)
2025-11-26 06:29:17 | INFO | MONITOR_SLEEP | Sleeping for 20s (base=20s, consecutive_errors=0, monitoring_suspended=False)
2025-11-26 06:29:37 | INFO | MONITOR | Paper trades checked (next in 60s)
2025-11-26 06:29:37 | INFO | MONITOR_SLEEP | Sleeping for 20s (base=20s, consecutive_errors=0, monitoring_suspended=False)
2025-11-26 06:29:57 | INFO | MONITOR_SLEEP | Sleeping for 20s (base=20s, consecutive_errors=0, monitoring_suspended=False)
2025-11-26 06:30:17 | INFO | MONITOR_SLEEP | Sleeping for 20s (base=20s, consecutive_errors=0, monitoring_suspended=False)
2025-11-26 06:30:37 | INFO | MONITOR | Paper trades checked (next in 60s)
2025-11-26 06:30:37 | INFO | MONITOR_SLEEP | Sleeping for 20s (base=20s, consecutive_errors=0, monitoring_suspended=False)
2025-11-26 06:30:57 | INFO | MONITOR_SLEEP | Sleeping for 20s (base=20s, consecutive_errors=0, monitoring_suspended=False)
2025-11-26 06:31:17 | INFO | MONITOR_SLEEP | Sleeping for 20s (base=20s, consecutive_errors=0, monitoring_suspended=False)
2025-11-26 06:31:37 | INFO | MONITOR | Paper trades checked (next in 60s)
2025-11-26 06:31:37 | INFO | MONITOR_SLEEP | Sleeping for 20s (base=20s, consecutive_errors=0, monitoring_suspended=False)
2025-11-26 06:31:57 | INFO | MONITOR_SLEEP | Sleeping for 20s (base=20s, consecutive_errors=0, monitoring_suspended=False)
2025-11-26 06:32:17 | INFO | MONITOR_SLEEP | Sleeping for 20s (base=20s, consecutive_errors=0, monitoring_suspended=False)
2025-11-26 06:32:37 | INFO | MONITOR | Paper trades checked (next in 60s)
2025-11-26 06:32:37 | INFO | MONITOR_SLEEP | Sleeping for 20s (base=20s, consecutive_errors=0, monitoring_suspended=False)
2025-11-26 06:32:57 | INFO | MONITOR_SLEEP | Sleeping for 20s (base=20s, consecutive_errors=0, monitoring_suspended=False)
2025-11-26 06:33:17 | INFO | MONITOR_SLEEP | Sleeping for 20s (base=20s, consecutive_errors=0, monitoring_suspended=False)
2025-11-26 06:33:37 | INFO | MONITOR | Paper trades checked (next in 60s)
2025-11-26 06:33:37 | INFO | MONITOR_SLEEP | Sleeping for 20s (base=20s, consecutive_errors=0, monitoring_suspended=False)
2025-11-26 06:33:57 | INFO | MONITOR_SLEEP | Sleeping for 20s (base=20s, consecutive_errors=0, monitoring_suspended=False)
2025-11-26 06:34:17 | INFO | MONITOR_SLEEP | Sleeping for 20s (base=20s, consecutive_errors=0, monitoring_suspended=False)
2025-11-26 06:34:37 | INFO | MONITOR | Paper trades checked (next in 60s)
2025-11-26 06:34:37 | INFO | MONITOR_SLEEP | Sleeping for 20s (base=20s, consecutive_errors=0, monitoring_suspended=False)
2025-11-26 06:34:57 | INFO | MONITOR_SLEEP | Sleeping for 20s (base=20s, consecutive_errors=0, monitoring_suspended=False)
2025-11-26 06:35:17 | INFO | MONITOR_SLEEP | Sleeping for 20s (base=20s, consecutive_errors=0, monitoring_suspended=False)
2025-11-26 06:35:37 | INFO | MONITOR | Paper trades checked (next in 60s)
2025-11-26 06:35:37 | INFO | MONITOR_SLEEP | Sleeping for 20s (base=20s, consecutive_errors=0, monitoring_suspended=False)
2025-11-26 06:35:57 | INFO | MONITOR_SLEEP | Sleeping for 20s (base=20s, consecutive_errors=0, monitoring_suspended=False)
2025-11-26 06:36:17 | INFO | MONITOR_SLEEP | Sleeping for 20s (base=20s, consecutive_errors=0, monitoring_suspended=False)
2025-11-26 06:36:37 | INFO | MONITOR | Paper trades checked (next in 60s)
2025-11-26 06:36:37 | INFO | MONITOR_SLEEP | Sleeping for 20s (base=20s, consecutive_errors=0, monitoring_suspended=False)
2025-11-26 06:36:57 | INFO | MONITOR_SLEEP | Sleeping for 20s (base=20s, consecutive_errors=0, monitoring_suspended=False)
2025-11-26 06:37:17 | INFO | MONITOR_SLEEP | Sleeping for 20s (base=20s, consecutive_errors=0, monitoring_suspended=False)
2025-11-26 06:37:37 | INFO | MONITOR | Paper trades checked (next in 60s)
2025-11-26 06:37:37 | INFO | MONITOR_SLEEP | Sleeping for 20s (base=20s, consecutive_errors=0, monitoring_suspended=False)
2025-11-26 06:37:57 | INFO | MONITOR_SLEEP | Sleeping for 20s (base=20s, consecutive_errors=0, monitoring_suspended=False)
2025-11-26 06:38:17 | INFO | MONITOR_SLEEP | Sleeping for 20s (base=20s, consecutive_errors=0, monitoring_suspended=False)
2025-11-26 06:38:37 | INFO | MONITOR | Paper trades checked (next in 60s)
2025-11-26 06:38:37 | INFO | MONITOR_SLEEP | Sleeping for 20s (base=20s, consecutive_errors=0, monitoring_suspended=False)
2025-11-26 06:38:57 | INFO | MONITOR_SLEEP | Sleeping for 20s (base=20s, consecutive_errors=0, monitoring_suspended=False)
2025-11-26 06:39:17 | INFO | MONITOR_SLEEP | Sleeping for 20s (base=20s, consecutive_errors=0, monitoring_suspended=False)
2025-11-26 06:39:37 | INFO | MONITOR | Paper trades checked (next in 60s)
2025-11-26 06:39:37 | INFO | MONITOR_SLEEP | Sleeping for 20s (base=20s, consecutive_errors=0, monitoring_suspended=False)
2025-11-26 06:39:57 | INFO | MONITOR_SLEEP | Sleeping for 20s (base=20s, consecutive_errors=0, monitoring_suspended=False)
2025-11-26 06:40:17 | INFO | MONITOR_SLEEP | Sleeping for 20s (base=20s, consecutive_errors=0, monitoring_suspended=False)
2025-11-26 06:40:37 | INFO | MONITOR | Paper trades checked (next in 60s)
2025-11-26 06:40:37 | INFO | MONITOR_SLEEP | Sleeping for 20s (base=20s, consecutive_errors=0, monitoring_suspended=False)
2025-11-26 06:40:57 | INFO | MONITOR_SLEEP | Sleeping for 20s (base=20s, consecutive_errors=0, monitoring_suspended=False)
2025-11-26 06:41:17 | INFO | MONITOR_SLEEP | Sleeping for 20s (base=20s, consecutive_errors=0, monitoring_suspended=False)
2025-11-26 06:41:37 | INFO | MONITOR | Paper trades checked (next in 60s)
2025-11-26 06:41:37 | INFO | MONITOR_SLEEP | Sleeping for 20s (base=20s, consecutive_errors=0, monitoring_suspended=False)
2025-11-26 06:41:57 | INFO | MONITOR_SLEEP | Sleeping for 20s (base=20s, consecutive_errors=0, monitoring_suspended=False)
2025-11-26 06:42:17 | INFO | MONITOR_SLEEP | Sleeping for 20s (base=20s, consecutive_errors=0, monitoring_suspended=False)
2025-11-26 06:42:37 | INFO | MONITOR | Paper trades checked (next in 60s)
2025-11-26 06:42:37 | INFO | MONITOR_SLEEP | Sleeping for 20s (base=20s, consecutive_errors=0, monitoring_suspended=False)
2025-11-26 06:42:57 | INFO | MONITOR_SLEEP | Sleeping for 20s (base=20s, consecutive_errors=0, monitoring_suspended=False)
2025-11-26 06:43:17 | INFO | MONITOR_SLEEP | Sleeping for 20s (base=20s, consecutive_errors=0, monitoring_suspended=False)
2025-11-26 06:43:37 | INFO | MONITOR | Paper trades checked (next in 60s)
2025-11-26 06:43:37 | INFO | MONITOR_SLEEP | Sleeping for 20s (base=20s, consecutive_errors=0, monitoring_suspended=False)
2025-11-26 06:43:57 | INFO | MONITOR_SLEEP | Sleeping for 20s (base=20s, consecutive_errors=0, monitoring_suspended=False)
2025-11-26 06:44:17 | INFO | MONITOR_SLEEP | Sleeping for 20s (base=20s, consecutive_errors=0, monitoring_suspended=False)
2025-11-26 06:44:37 | INFO | MONITOR | Paper trades checked (next in 60s)
2025-11-26 06:44:37 | INFO | MONITOR_SLEEP | Sleeping for 20s (base=20s, consecutive_errors=0, monitoring_suspended=False)
2025-11-26 06:44:57 | INFO | MONITOR_SLEEP | Sleeping for 20s (base=20s, consecutive_errors=0, monitoring_suspended=False)
2025-11-26 06:45:17 | INFO | MONITOR_SLEEP | Sleeping for 20s (base=20s, consecutive_errors=0, monitoring_suspended=False)
2025-11-26 06:45:37 | INFO | MONITOR | Paper trades checked (next in 60s)
2025-11-26 06:45:37 | INFO | MONITOR_SLEEP | Sleeping for 20s (base=20s, consecutive_errors=0, monitoring_suspended=False)
2025-11-26 06:45:57 | INFO | MONITOR_SLEEP | Sleeping for 20s (base=20s, consecutive_errors=0, monitoring_suspended=False)
2025-11-26 06:46:17 | INFO | MONITOR_SLEEP | Sleeping for 20s (base=20s, consecutive_errors=0, monitoring_suspended=False)
2025-11-26 06:46:37 | INFO | MONITOR | Paper trades checked (next in 60s)
2025-11-26 06:46:37 | INFO | MONITOR_SLEEP | Sleeping for 20s (base=20s, consecutive_errors=0, monitoring_suspended=False)
2025-11-26 06:46:57 | INFO | MONITOR_SLEEP | Sleeping for 20s (base=20s, consecutive_errors=0, monitoring_suspended=False)
2025-11-26 06:47:17 | INFO | MONITOR_SLEEP | Sleeping for 20s (base=20s, consecutive_errors=0, monitoring_suspended=False)
2025-11-26 06:47:37 | INFO | MONITOR | Paper trades checked (next in 60s)
2025-11-26 06:47:37 | INFO | MONITOR_SLEEP | Sleeping for 20s (base=20s, consecutive_errors=0, monitoring_suspended=False)
2025-11-26 06:47:57 | INFO | MONITOR_SLEEP | Sleeping for 20s (base=20s, consecutive_errors=0, monitoring_suspended=False)
2025-11-26 06:48:17 | INFO | MONITOR_SLEEP | Sleeping for 20s (base=20s, consecutive_errors=0, monitoring_suspended=False)
2025-11-26 06:48:37 | INFO | MONITOR | Paper trades checked (next in 60s)
2025-11-26 06:48:37 | INFO | MONITOR_SLEEP | Sleeping for 20s (base=20s, consecutive_errors=0, monitoring_suspended=False)
2025-11-26 06:48:57 | INFO | MONITOR_SLEEP | Sleeping for 20s (base=20s, consecutive_errors=0, monitoring_suspended=False)
2025-11-26 06:49:17 | INFO | MONITOR_SLEEP | Sleeping for 20s (base=20s, consecutive_errors=0, monitoring_suspended=False)
2025-11-26 06:49:37 | INFO | MONITOR | Paper trades checked (next in 60s)
2025-11-26 06:49:37 | INFO | MONITOR_SLEEP | Sleeping for 20s (base=20s, consecutive_errors=0, monitoring_suspended=False)
2025-11-26 06:49:57 | INFO | MONITOR_SLEEP | Sleeping for 20s (base=20s, consecutive_errors=0, monitoring_suspended=False)
2025-11-26 06:50:17 | INFO | MONITOR_SLEEP | Sleeping for 20s (base=20s, consecutive_errors=0, monitoring_suspended=False)
2025-11-26 06:50:37 | INFO | MONITOR | Paper trades checked (next in 60s)
2025-11-26 06:50:37 | INFO | MONITOR_SLEEP | Sleeping for 20s (base=20s, consecutive_errors=0, monitoring_suspended=False)
2025-11-26 06:50:57 | INFO | MONITOR_SLEEP | Sleeping for 20s (base=20s, consecutive_errors=0, monitoring_suspended=False)
2025-11-26 06:51:17 | INFO | MONITOR_SLEEP | Sleeping for 20s (base=20s, consecutive_errors=0, monitoring_suspended=False)
2025-11-26 06:51:37 | INFO | MONITOR | Paper trades checked (next in 60s)
2025-11-26 06:51:37 | INFO | MONITOR_SLEEP | Sleeping for 20s (base=20s, consecutive_errors=0, monitoring_suspended=False)
2025-11-26 06:51:57 | INFO | MONITOR_SLEEP | Sleeping for 20s (base=20s, consecutive_errors=0, monitoring_suspended=False)
2025-11-26 06:52:17 | INFO | MONITOR_SLEEP | Sleeping for 20s (base=20s, consecutive_errors=0, monitoring_suspended=False)
2025-11-26 06:52:37 | INFO | MONITOR | Paper trades checked (next in 60s)
2025-11-26 06:52:37 | INFO | MONITOR_SLEEP | Sleeping for 20s (base=20s, consecutive_errors=0, monitoring_suspended=False)
2025-11-26 06:52:57 | INFO | MONITOR_SLEEP | Sleeping for 20s (base=20s, consecutive_errors=0, monitoring_suspended=False)
2025-11-26 06:53:17 | INFO | MONITOR_SLEEP | Sleeping for 20s (base=20s, consecutive_errors=0, monitoring_suspended=False)
2025-11-26 06:53:37 | INFO | MONITOR | Paper trades checked (next in 60s)
2025-11-26 06:53:37 | INFO | MONITOR_SLEEP | Sleeping for 20s (base=20s, consecutive_errors=0, monitoring_suspended=False)
2025-11-26 06:53:57 | INFO | MONITOR_SLEEP | Sleeping for 20s (base=20s, consecutive_errors=0, monitoring_suspended=False)
2025-11-26 06:54:17 | INFO | MONITOR_SLEEP | Sleeping for 20s (base=20s, consecutive_errors=0, monitoring_suspended=False)
2025-11-26 06:54:37 | INFO | MONITOR | Paper trades checked (next in 60s)
2025-11-26 06:54:37 | INFO | MONITOR_SLEEP | Sleeping for 20s (base=20s, consecutive_errors=0, monitoring_suspended=False)
2025-11-26 06:54:57 | INFO | MONITOR_SLEEP | Sleeping for 20s (base=20s, consecutive_errors=0, monitoring_suspended=False)
2025-11-26 06:55:17 | INFO | MONITOR_SLEEP | Sleeping for 20s (base=20s, consecutive_errors=0, monitoring_suspended=False)
2025-11-26 06:55:37 | INFO | MONITOR | Paper trades checked (next in 60s)
2025-11-26 06:55:37 | INFO | MONITOR_SLEEP | Sleeping for 20s (base=20s, consecutive_errors=0, monitoring_suspended=False)
2025-11-26 06:55:57 | INFO | MONITOR_SLEEP | Sleeping for 20s (base=20s, consecutive_errors=0, monitoring_suspended=False)
2025-11-26 06:56:17 | INFO | MONITOR_SLEEP | Sleeping for 20s (base=20s, consecutive_errors=0, monitoring_suspended=False)
2025-11-26 06:56:37 | INFO | MONITOR | Paper trades checked (next in 60s)
2025-11-26 06:56:37 | INFO | MONITOR_SLEEP | Sleeping for 20s (base=20s, consecutive_errors=0, monitoring_suspended=False)
2025-11-26 06:56:57 | INFO | MONITOR_SLEEP | Sleeping for 20s (base=20s, consecutive_errors=0, monitoring_suspended=False)
2025-11-26 06:57:17 | INFO | MONITOR_SLEEP | Sleeping for 20s (base=20s, consecutive_errors=0, monitoring_suspended=False)
2025-11-26 06:57:37 | INFO | MONITOR | Paper trades checked (next in 60s)
2025-11-26 06:57:37 | INFO | MONITOR_SLEEP | Sleeping for 20s (base=20s, consecutive_errors=0, monitoring_suspended=False)
2025-11-26 06:57:57 | INFO | MONITOR_SLEEP | Sleeping for 20s (base=20s, consecutive_errors=0, monitoring_suspended=False)
2025-11-26 06:58:17 | INFO | MONITOR_SLEEP | Sleeping for 20s (base=20s, consecutive_errors=0, monitoring_suspended=False)
2025-11-26 06:58:37 | INFO | MONITOR | Paper trades checked (next in 60s)
2025-11-26 06:58:37 | INFO | MONITOR_SLEEP | Sleeping for 20s (base=20s, consecutive_errors=0, monitoring_suspended=False)
2025-11-26 06:58:57 | INFO | MONITOR_SLEEP | Sleeping for 20s (base=20s, consecutive_errors=0, monitoring_suspended=False)
2025-11-26 06:59:17 | INFO | MONITOR_SLEEP | Sleeping for 20s (base=20s, consecutive_errors=0, monitoring_suspended=False)
2025-11-26 06:59:37 | INFO | MONITOR | Paper trades checked (next in 60s)
2025-11-26 06:59:37 | INFO | MONITOR_SLEEP | Sleeping for 20s (base=20s, consecutive_errors=0, monitoring_suspended=False)
2025-11-26 06:59:57 | INFO | MONITOR_SLEEP | Sleeping for 20s (base=20s, consecutive_errors=0, monitoring_suspended=False)
2025-11-26 07:00:17 | INFO | MONITOR_SLEEP | Sleeping for 20s (base=20s, consecutive_errors=0, monitoring_suspended=False)
2025-11-26 07:00:37 | INFO | MONITOR | Paper trades checked (next in 60s)
2025-11-26 07:00:37 | INFO | MONITOR_SLEEP | Sleeping for 20s (base=20s, consecutive_errors=0, monitoring_suspended=False)
2025-11-26 07:00:57 | INFO | MONITOR_SLEEP | Sleeping for 20s (base=20s, consecutive_errors=0, monitoring_suspended=False)
2025-11-26 07:01:17 | INFO | MONITOR_SLEEP | Sleeping for 20s (base=20s, consecutive_errors=0, monitoring_suspended=False)
2025-11-26 07:01:37 | INFO | MONITOR | Paper trades checked (next in 60s)
2025-11-26 07:01:37 | INFO | MONITOR_SLEEP | Sleeping for 20s (base=20s, consecutive_errors=0, monitoring_suspended=False)
2025-11-26 07:01:57 | INFO | MONITOR_SLEEP | Sleeping for 20s (base=20s, consecutive_errors=0, monitoring_suspended=False)
2025-11-26 07:02:17 | INFO | MONITOR_SLEEP | Sleeping for 20s (base=20s, consecutive_errors=0, monitoring_suspended=False)
2025-11-26 07:02:37 | INFO | MONITOR | Paper trades checked (next in 60s)
2025-11-26 07:02:37 | INFO | MONITOR_SLEEP | Sleeping for 20s (base=20s, consecutive_errors=0, monitoring_suspended=False)
2025-11-26 07:02:57 | INFO | MONITOR_SLEEP | Sleeping for 20s (base=20s, consecutive_errors=0, monitoring_suspended=False)
2025-11-26 07:03:17 | INFO | MONITOR_SLEEP | Sleeping for 20s (base=20s, consecutive_errors=0, monitoring_suspended=False)
2025-11-26 07:03:37 | INFO | MONITOR | Paper trades checked (next in 60s)
2025-11-26 07:03:37 | INFO | MONITOR_SLEEP | Sleeping for 20s (base=20s, consecutive_errors=0, monitoring_suspended=False)
2025-11-26 07:03:57 | INFO | MONITOR_SLEEP | Sleeping for 20s (base=20s, consecutive_errors=0, monitoring_suspended=False)
2025-11-26 07:04:17 | INFO | MONITOR_SLEEP | Sleeping for 20s (base=20s, consecutive_errors=0, monitoring_suspended=False)
2025-11-26 07:04:37 | INFO | MONITOR | Paper trades checked (next in 60s)
2025-11-26 07:04:37 | INFO | MONITOR_SLEEP | Sleeping for 20s (base=20s, consecutive_errors=0, monitoring_suspended=False)
2025-11-26 07:04:57 | INFO | MONITOR_SLEEP | Sleeping for 20s (base=20s, consecutive_errors=0, monitoring_suspended=False)
2025-11-26 07:05:17 | INFO | MONITOR_SLEEP | Sleeping for 20s (base=20s, consecutive_errors=0, monitoring_suspended=False)
2025-11-26 07:05:37 | INFO | MONITOR | Paper trades checked (next in 60s)
2025-11-26 07:05:37 | INFO | MONITOR_SLEEP | Sleeping for 20s (base=20s, consecutive_errors=0, monitoring_suspended=False)
2025-11-26 07:05:57 | INFO | MONITOR_SLEEP | Sleeping for 20s (base=20s, consecutive_errors=0, monitoring_suspended=False)
2025-11-26 07:06:17 | INFO | MONITOR_SLEEP | Sleeping for 20s (base=20s, consecutive_errors=0, monitoring_suspended=False)
2025-11-26 07:06:37 | INFO | MONITOR | Paper trades checked (next in 60s)
2025-11-26 07:06:37 | INFO | MONITOR_SLEEP | Sleeping for 20s (base=20s, consecutive_errors=0, monitoring_suspended=False)
2025-11-26 07:06:57 | INFO | MONITOR_SLEEP | Sleeping for 20s (base=20s, consecutive_errors=0, monitoring_suspended=False)
2025-11-26 07:07:17 | INFO | MONITOR_SLEEP | Sleeping for 20s (base=20s, consecutive_errors=0, monitoring_suspended=False)
2025-11-26 07:07:37 | INFO | MONITOR | Paper trades checked (next in 60s)
2025-11-26 07:07:37 | INFO | MONITOR_SLEEP | Sleeping for 20s (base=20s, consecutive_errors=0, monitoring_suspended=False)
2025-11-26 07:07:57 | INFO | MONITOR_SLEEP | Sleeping for 20s (base=20s, consecutive_errors=0, monitoring_suspended=False)
2025-11-26 07:08:17 | INFO | MONITOR_SLEEP | Sleeping for 20s (base=20s, consecutive_errors=0, monitoring_suspended=False)
2025-11-26 07:08:37 | INFO | MONITOR | Paper trades checked (next in 60s)
2025-11-26 07:08:37 | INFO | MONITOR_SLEEP | Sleeping for 20s (base=20s, consecutive_errors=0, monitoring_suspended=False)
2025-11-26 07:08:57 | INFO | MONITOR_SLEEP | Sleeping for 20s (base=20s, consecutive_errors=0, monitoring_suspended=False)
2025-11-26 07:09:17 | INFO | MONITOR_SLEEP | Sleeping for 20s (base=20s, consecutive_errors=0, monitoring_suspended=False)
2025-11-26 07:09:37 | INFO | MONITOR | Paper trades checked (next in 60s)
2025-11-26 07:09:37 | INFO | MONITOR_SLEEP | Sleeping for 20s (base=20s, consecutive_errors=0, monitoring_suspended=False)
2025-11-26 07:09:57 | INFO | MONITOR_SLEEP | Sleeping for 20s (base=20s, consecutive_errors=0, monitoring_suspended=False)
2025-11-26 07:10:17 | INFO | MONITOR_SLEEP | Sleeping for 20s (base=20s, consecutive_errors=0, monitoring_suspended=False)
2025-11-26 07:10:37 | INFO | MONITOR | Paper trades checked (next in 60s)
2025-11-26 07:10:37 | INFO | MONITOR_SLEEP | Sleeping for 20s (base=20s, consecutive_errors=0, monitoring_suspended=False)
2025-11-26 07:10:57 | INFO | MONITOR_SLEEP | Sleeping for 20s (base=20s, consecutive_errors=0, monitoring_suspended=False)
2025-11-26 07:11:17 | INFO | MONITOR_SLEEP | Sleeping for 20s (base=20s, consecutive_errors=0, monitoring_suspended=False)
2025-11-26 07:11:37 | INFO | MONITOR | Paper trades checked (next in 60s)
2025-11-26 07:11:37 | INFO | MONITOR_SLEEP | Sleeping for 20s (base=20s, consecutive_errors=0, monitoring_suspended=False)
2025-11-26 07:11:57 | INFO | MONITOR_SLEEP | Sleeping for 20s (base=20s, consecutive_errors=0, monitoring_suspended=False)
2025-11-26 07:12:17 | INFO | MONITOR_SLEEP | Sleeping for 20s (base=20s, consecutive_errors=0, monitoring_suspended=False)
2025-11-26 07:12:37 | INFO | MONITOR | Paper trades checked (next in 60s)
2025-11-26 07:12:37 | INFO | MONITOR_SLEEP | Sleeping for 20s (base=20s, consecutive_errors=0, monitoring_suspended=False)
2025-11-26 07:12:57 | INFO | MONITOR_SLEEP | Sleeping for 20s (base=20s, consecutive_errors=0, monitoring_suspended=False)
2025-11-26 07:13:17 | INFO | MONITOR_SLEEP | Sleeping for 20s (base=20s, consecutive_errors=0, monitoring_suspended=False)
2025-11-26 07:13:37 | INFO | MONITOR | Paper trades checked (next in 60s)
2025-11-26 07:13:37 | INFO | MONITOR_SLEEP | Sleeping for 20s (base=20s, consecutive_errors=0, monitoring_suspended=False)
2025-11-26 07:13:57 | INFO | MONITOR_SLEEP | Sleeping for 20s (base=20s, consecutive_errors=0, monitoring_suspended=False)
2025-11-26 07:14:17 | INFO | MONITOR_SLEEP | Sleeping for 20s (base=20s, consecutive_errors=0, monitoring_suspended=False)
2025-11-26 07:14:37 | INFO | MONITOR | Paper trades checked (next in 60s)
2025-11-26 07:14:37 | INFO | MONITOR_SLEEP | Sleeping for 20s (base=20s, consecutive_errors=0, monitoring_suspended=False)
2025-11-26 07:14:57 | INFO | MONITOR_SLEEP | Sleeping for 20s (base=20s, consecutive_errors=0, monitoring_suspended=False)
2025-11-26 07:15:17 | INFO | MONITOR_SLEEP | Sleeping for 20s (base=20s, consecutive_errors=0, monitoring_suspended=False)
2025-11-26 07:15:37 | INFO | MONITOR | Paper trades checked (next in 60s)
2025-11-26 07:15:37 | INFO | MONITOR_SLEEP | Sleeping for 20s (base=20s, consecutive_errors=0, monitoring_suspended=False)
2025-11-26 07:15:57 | INFO | MONITOR_SLEEP | Sleeping for 20s (base=20s, consecutive_errors=0, monitoring_suspended=False)
2025-11-26 07:16:17 | INFO | MONITOR_SLEEP | Sleeping for 20s (base=20s, consecutive_errors=0, monitoring_suspended=False)
2025-11-26 07:16:37 | INFO | MONITOR | Paper trades checked (next in 60s)
2025-11-26 07:16:37 | INFO | MONITOR_SLEEP | Sleeping for 20s (base=20s, consecutive_errors=0, monitoring_suspended=False)
2025-11-26 07:16:57 | INFO | MONITOR_SLEEP | Sleeping for 20s (base=20s, consecutive_errors=0, monitoring_suspended=False)
2025-11-26 07:17:17 | INFO | MONITOR_SLEEP | Sleeping for 20s (base=20s, consecutive_errors=0, monitoring_suspended=False)
2025-11-26 07:17:37 | INFO | MONITOR | Paper trades checked (next in 60s)
2025-11-26 07:17:37 | INFO | MONITOR_SLEEP | Sleeping for 20s (base=20s, consecutive_errors=0, monitoring_suspended=False)
2025-11-26 07:17:57 | INFO | MONITOR_SLEEP | Sleeping for 20s (base=20s, consecutive_errors=0, monitoring_suspended=False)
2025-11-26 07:18:17 | INFO | MONITOR_SLEEP | Sleeping for 20s (base=20s, consecutive_errors=0, monitoring_suspended=False)
2025-11-26 07:18:37 | INFO | MONITOR | Paper trades checked (next in 60s)
2025-11-26 07:18:37 | INFO | MONITOR_SLEEP | Sleeping for 20s (base=20s, consecutive_errors=0, monitoring_suspended=False)
2025-11-26 07:18:57 | INFO | MONITOR_SLEEP | Sleeping for 20s (base=20s, consecutive_errors=0, monitoring_suspended=False)
2025-11-26 07:19:17 | INFO | MONITOR_SLEEP | Sleeping for 20s (base=20s, consecutive_errors=0, monitoring_suspended=False)
2025-11-26 07:19:37 | INFO | MONITOR | Paper trades checked (next in 60s)
2025-11-26 07:19:37 | INFO | MONITOR_SLEEP | Sleeping for 20s (base=20s, consecutive_errors=0, monitoring_suspended=False)
2025-11-26 07:19:57 | INFO | MONITOR_SLEEP | Sleeping for 20s (base=20s, consecutive_errors=0, monitoring_suspended=False)
2025-11-26 07:20:17 | INFO | MONITOR_SLEEP | Sleeping for 20s (base=20s, consecutive_errors=0, monitoring_suspended=False)
2025-11-26 07:20:37 | INFO | MONITOR | Paper trades checked (next in 60s)
2025-11-26 07:20:37 | INFO | MONITOR_SLEEP | Sleeping for 20s (base=20s, consecutive_errors=0, monitoring_suspended=False)
2025-11-26 07:20:57 | INFO | MONITOR_SLEEP | Sleeping for 20s (base=20s, consecutive_errors=0, monitoring_suspended=False)
2025-11-26 07:21:17 | INFO | MONITOR_SLEEP | Sleeping for 20s (base=20s, consecutive_errors=0, monitoring_suspended=False)
2025-11-26 07:21:37 | INFO | MONITOR | Paper trades checked (next in 60s)
2025-11-26 07:21:37 | INFO | MONITOR_SLEEP | Sleeping for 20s (base=20s, consecutive_errors=0, monitoring_suspended=False)
2025-11-26 07:21:57 | INFO | MONITOR_SLEEP | Sleeping for 20s (base=20s, consecutive_errors=0, monitoring_suspended=False)
2025-11-26 07:22:17 | INFO | MONITOR_SLEEP | Sleeping for 20s (base=20s, consecutive_errors=0, monitoring_suspended=False)
2025-11-26 07:22:37 | INFO | MONITOR | Paper trades checked (next in 60s)
2025-11-26 07:22:37 | INFO | MONITOR_SLEEP | Sleeping for 20s (base=20s, consecutive_errors=0, monitoring_suspended=False)
2025-11-26 07:22:57 | INFO | MONITOR_SLEEP | Sleeping for 20s (base=20s, consecutive_errors=0, monitoring_suspended=False)
2025-11-26 07:23:17 | INFO | MONITOR_SLEEP | Sleeping for 20s (base=20s, consecutive_errors=0, monitoring_suspended=False)
2025-11-26 07:23:37 | INFO | MONITOR | Paper trades checked (next in 60s)
2025-11-26 07:23:37 | INFO | MONITOR_SLEEP | Sleeping for 20s (base=20s, consecutive_errors=0, monitoring_suspended=False)
2025-11-26 07:23:57 | INFO | MONITOR_SLEEP | Sleeping for 20s (base=20s, consecutive_errors=0, monitoring_suspended=False)
2025-11-26 07:24:17 | INFO | MONITOR_SLEEP | Sleeping for 20s (base=20s, consecutive_errors=0, monitoring_suspended=False)
2025-11-26 07:24:37 | INFO | MONITOR | Paper trades checked (next in 60s)
2025-11-26 07:24:37 | INFO | MONITOR_SLEEP | Sleeping for 20s (base=20s, consecutive_errors=0, monitoring_suspended=False)
2025-11-26 07:24:57 | INFO | MONITOR_SLEEP | Sleeping for 20s (base=20s, consecutive_errors=0, monitoring_suspended=False)
2025-11-26 07:25:17 | INFO | MONITOR_SLEEP | Sleeping for 20s (base=20s, consecutive_errors=0, monitoring_suspended=False)
2025-11-26 07:25:37 | INFO | MONITOR | Paper trades checked (next in 60s)
2025-11-26 07:25:37 | INFO | MONITOR_SLEEP | Sleeping for 20s (base=20s, consecutive_errors=0, monitoring_suspended=False)
2025-11-26 07:25:57 | INFO | MONITOR_SLEEP | Sleeping for 20s (base=20s, consecutive_errors=0, monitoring_suspended=False)
2025-11-26 07:26:17 | INFO | MONITOR_SLEEP | Sleeping for 20s (base=20s, consecutive_errors=0, monitoring_suspended=False)
2025-11-26 07:26:37 | INFO | MONITOR | Paper trades checked (next in 60s)
2025-11-26 07:26:37 | INFO | MONITOR_SLEEP | Sleeping for 20s (base=20s, consecutive_errors=0, monitoring_suspended=False)
2025-11-26 07:26:57 | INFO | MONITOR_SLEEP | Sleeping for 20s (base=20s, consecutive_errors=0, monitoring_suspended=False)
2025-11-26 07:27:17 | INFO | MONITOR_SLEEP | Sleeping for 20s (base=20s, consecutive_errors=0, monitoring_suspended=False)
2025-11-26 07:27:37 | INFO | MONITOR | Paper trades checked (next in 60s)
2025-11-26 07:27:37 | INFO | MONITOR_SLEEP | Sleeping for 20s (base=20s, consecutive_errors=0, monitoring_suspended=False)
2025-11-26 07:27:57 | INFO | MONITOR_SLEEP | Sleeping for 20s (base=20s, consecutive_errors=0, monitoring_suspended=False)
2025-11-26 07:28:17 | INFO | MONITOR_SLEEP | Sleeping for 20s (base=20s, consecutive_errors=0, monitoring_suspended=False)
2025-11-26 07:28:37 | INFO | MONITOR | Paper trades checked (next in 60s)
2025-11-26 07:28:37 | INFO | MONITOR_SLEEP | Sleeping for 20s (base=20s, consecutive_errors=0, monitoring_suspended=False)
2025-11-26 07:28:57 | INFO | MONITOR_SLEEP | Sleeping for 20s (base=20s, consecutive_errors=0, monitoring_suspended=False)
2025-11-26 07:29:17 | INFO | MONITOR_SLEEP | Sleeping for 20s (base=20s, consecutive_errors=0, monitoring_suspended=False)
2025-11-26 07:29:37 | INFO | MONITOR | Paper trades checked (next in 60s)
2025-11-26 07:29:37 | INFO | MONITOR_SLEEP | Sleeping for 20s (base=20s, consecutive_errors=0, monitoring_suspended=False)
2025-11-26 07:29:57 | INFO | MONITOR_SLEEP | Sleeping for 20s (base=20s, consecutive_errors=0, monitoring_suspended=False)
2025-11-26 07:30:17 | INFO | MONITOR_SLEEP | Sleeping for 20s (base=20s, consecutive_errors=0, monitoring_suspended=False)
2025-11-26 07:30:37 | INFO | MONITOR | Paper trades checked (next in 60s)
2025-11-26 07:30:37 | INFO | MONITOR_SLEEP | Sleeping for 20s (base=20s, consecutive_errors=0, monitoring_suspended=False)
2025-11-26 07:30:57 | INFO | MONITOR_SLEEP | Sleeping for 20s (base=20s, consecutive_errors=0, monitoring_suspended=False)
2025-11-26 07:31:17 | INFO | MONITOR_SLEEP | Sleeping for 20s (base=20s, consecutive_errors=0, monitoring_suspended=False)
2025-11-26 07:31:37 | INFO | MONITOR | Paper trades checked (next in 60s)
2025-11-26 07:31:37 | INFO | MONITOR_SLEEP | Sleeping for 20s (base=20s, consecutive_errors=0, monitoring_suspended=False)
2025-11-26 07:31:57 | INFO | MONITOR_SLEEP | Sleeping for 20s (base=20s, consecutive_errors=0, monitoring_suspended=False)
2025-11-26 07:32:17 | INFO | MONITOR_SLEEP | Sleeping for 20s (base=20s, consecutive_errors=0, monitoring_suspended=False)
2025-11-26 07:32:37 | INFO | MONITOR | Paper trades checked (next in 60s)
2025-11-26 07:32:37 | INFO | MONITOR_SLEEP | Sleeping for 20s (base=20s, consecutive_errors=0, monitoring_suspended=False)
2025-11-26 07:32:57 | INFO | MONITOR_SLEEP | Sleeping for 20s (base=20s, consecutive_errors=0, monitoring_suspended=False)
2025-11-26 07:33:17 | INFO | MONITOR_SLEEP | Sleeping for 20s (base=20s, consecutive_errors=0, monitoring_suspended=False)
2025-11-26 07:33:37 | INFO | MONITOR | Paper trades checked (next in 60s)
2025-11-26 07:33:37 | INFO | MONITOR_SLEEP | Sleeping for 20s (base=20s, consecutive_errors=0, monitoring_suspended=False)
2025-11-26 07:33:57 | INFO | MONITOR_SLEEP | Sleeping for 20s (base=20s, consecutive_errors=0, monitoring_suspended=False)
2025-11-26 07:34:17 | INFO | MONITOR_SLEEP | Sleeping for 20s (base=20s, consecutive_errors=0, monitoring_suspended=False)
2025-11-26 07:34:37 | INFO | MONITOR | Paper trades checked (next in 60s)
2025-11-26 07:34:37 | INFO | MONITOR_SLEEP | Sleeping for 20s (base=20s, consecutive_errors=0, monitoring_suspended=False)
2025-11-26 07:34:57 | INFO | MONITOR_SLEEP | Sleeping for 20s (base=20s, consecutive_errors=0, monitoring_suspended=False)
2025-11-26 07:35:17 | INFO | MONITOR_SLEEP | Sleeping for 20s (base=20s, consecutive_errors=0, monitoring_suspended=False)
2025-11-26 07:35:37 | INFO | MONITOR | Paper trades checked (next in 60s)
2025-11-26 07:35:37 | INFO | MONITOR_SLEEP | Sleeping for 20s (base=20s, consecutive_errors=0, monitoring_suspended=False)
2025-11-26 07:35:57 | INFO | MONITOR_SLEEP | Sleeping for 20s (base=20s, consecutive_errors=0, monitoring_suspended=False)
2025-11-26 07:36:17 | INFO | MONITOR_SLEEP | Sleeping for 20s (base=20s, consecutive_errors=0, monitoring_suspended=False)
2025-11-26 07:36:37 | INFO | MONITOR | Paper trades checked (next in 60s)
2025-11-26 07:36:37 | INFO | MONITOR_SLEEP | Sleeping for 20s (base=20s, consecutive_errors=0, monitoring_suspended=False)
2025-11-26 07:36:57 | INFO | MONITOR_SLEEP | Sleeping for 20s (base=20s, consecutive_errors=0, monitoring_suspended=False)
2025-11-26 07:37:17 | INFO | MONITOR_SLEEP | Sleeping for 20s (base=20s, consecutive_errors=0, monitoring_suspended=False)
2025-11-26 07:37:37 | INFO | MONITOR | Paper trades checked (next in 60s)
2025-11-26 07:37:37 | INFO | MONITOR_SLEEP | Sleeping for 20s (base=20s, consecutive_errors=0, monitoring_suspended=False)
2025-11-26 07:37:57 | INFO | MONITOR_SLEEP | Sleeping for 20s (base=20s, consecutive_errors=0, monitoring_suspended=False)
2025-11-26 07:38:17 | INFO | MONITOR_SLEEP | Sleeping for 20s (base=20s, consecutive_errors=0, monitoring_suspended=False)
2025-11-26 07:38:37 | INFO | MONITOR | Paper trades checked (next in 60s)
2025-11-26 07:38:37 | INFO | MONITOR_SLEEP | Sleeping for 20s (base=20s, consecutive_errors=0, monitoring_suspended=False)
2025-11-26 07:38:57 | INFO | MONITOR_SLEEP | Sleeping for 20s (base=20s, consecutive_errors=0, monitoring_suspended=False)
2025-11-26 07:39:17 | INFO | MONITOR_SLEEP | Sleeping for 20s (base=20s, consecutive_errors=0, monitoring_suspended=False)
2025-11-26 07:39:37 | INFO | MONITOR | Paper trades checked (next in 60s)
2025-11-26 07:39:37 | INFO | MONITOR_SLEEP | Sleeping for 20s (base=20s, consecutive_errors=0, monitoring_suspended=False)
2025-11-26 07:39:57 | INFO | MONITOR_SLEEP | Sleeping for 20s (base=20s, consecutive_errors=0, monitoring_suspended=False)
2025-11-26 07:40:17 | INFO | MONITOR_SLEEP | Sleeping for 20s (base=20s, consecutive_errors=0, monitoring_suspended=False)
2025-11-26 07:40:37 | INFO | MONITOR | Paper trades checked (next in 60s)
2025-11-26 07:40:37 | INFO | MONITOR_SLEEP | Sleeping for 20s (base=20s, consecutive_errors=0, monitoring_suspended=False)
2025-11-26 07:40:57 | INFO | MONITOR_SLEEP | Sleeping for 20s (base=20s, consecutive_errors=0, monitoring_suspended=False)
2025-11-26 07:41:17 | INFO | MONITOR_SLEEP | Sleeping for 20s (base=20s, consecutive_errors=0, monitoring_suspended=False)
2025-11-26 07:41:37 | INFO | MONITOR | Paper trades checked (next in 60s)
2025-11-26 07:41:37 | INFO | MONITOR_SLEEP | Sleeping for 20s (base=20s, consecutive_errors=0, monitoring_suspended=False)
2025-11-26 07:41:57 | INFO | MONITOR_SLEEP | Sleeping for 20s (base=20s, consecutive_errors=0, monitoring_suspended=False)
2025-11-26 07:42:17 | INFO | MONITOR_SLEEP | Sleeping for 20s (base=20s, consecutive_errors=0, monitoring_suspended=False)
2025-11-26 07:42:37 | INFO | MONITOR | Paper trades checked (next in 60s)
2025-11-26 07:42:37 | INFO | MONITOR_SLEEP | Sleeping for 20s (base=20s, consecutive_errors=0, monitoring_suspended=False)
2025-11-26 07:42:57 | INFO | MONITOR_SLEEP | Sleeping for 20s (base=20s, consecutive_errors=0, monitoring_suspended=False)
2025-11-26 07:43:17 | INFO | MONITOR_SLEEP | Sleeping for 20s (base=20s, consecutive_errors=0, monitoring_suspended=False)
2025-11-26 07:43:37 | INFO | MONITOR | Paper trades checked (next in 60s)
2025-11-26 07:43:37 | INFO | MONITOR_SLEEP | Sleeping for 20s (base=20s, consecutive_errors=0, monitoring_suspended=False)
2025-11-26 07:43:57 | INFO | MONITOR_SLEEP | Sleeping for 20s (base=20s, consecutive_errors=0, monitoring_suspended=False)
2025-11-26 07:44:17 | INFO | MONITOR_SLEEP | Sleeping for 20s (base=20s, consecutive_errors=0, monitoring_suspended=False)
2025-11-26 07:44:37 | INFO | MONITOR | Paper trades checked (next in 60s)
2025-11-26 07:44:37 | INFO | MONITOR_SLEEP | Sleeping for 20s (base=20s, consecutive_errors=0, monitoring_suspended=False)
2025-11-26 07:44:57 | INFO | MONITOR_SLEEP | Sleeping for 20s (base=20s, consecutive_errors=0, monitoring_suspended=False)
2025-11-26 07:45:17 | INFO | MONITOR_SLEEP | Sleeping for 20s (base=20s, consecutive_errors=0, monitoring_suspended=False)
2025-11-26 07:45:37 | INFO | MONITOR | Paper trades checked (next in 60s)
2025-11-26 07:45:37 | INFO | MONITOR_SLEEP | Sleeping for 20s (base=20s, consecutive_errors=0, monitoring_suspended=False)
2025-11-26 07:45:57 | INFO | MONITOR_SLEEP | Sleeping for 20s (base=20s, consecutive_errors=0, monitoring_suspended=False)
2025-11-26 07:46:17 | INFO | MONITOR_SLEEP | Sleeping for 20s (base=20s, consecutive_errors=0, monitoring_suspended=False)
2025-11-26 07:46:37 | INFO | MONITOR | Paper trades checked (next in 60s)
2025-11-26 07:46:37 | INFO | MONITOR_SLEEP | Sleeping for 20s (base=20s, consecutive_errors=0, monitoring_suspended=False)
2025-11-26 07:46:57 | INFO | MONITOR_SLEEP | Sleeping for 20s (base=20s, consecutive_errors=0, monitoring_suspended=False)
2025-11-26 07:47:17 | INFO | MONITOR_SLEEP | Sleeping for 20s (base=20s, consecutive_errors=0, monitoring_suspended=False)
2025-11-26 07:47:37 | INFO | MONITOR | Paper trades checked (next in 60s)
2025-11-26 07:47:37 | INFO | MONITOR_SLEEP | Sleeping for 20s (base=20s, consecutive_errors=0, monitoring_suspended=False)
2025-11-26 07:47:57 | INFO | MONITOR_SLEEP | Sleeping for 20s (base=20s, consecutive_errors=0, monitoring_suspended=False)
2025-11-26 07:48:17 | INFO | MONITOR_SLEEP | Sleeping for 20s (base=20s, consecutive_errors=0, monitoring_suspended=False)
2025-11-26 07:48:37 | INFO | MONITOR | Paper trades checked (next in 60s)
2025-11-26 07:48:37 | INFO | MONITOR_SLEEP | Sleeping for 20s (base=20s, consecutive_errors=0, monitoring_suspended=False)
2025-11-26 07:48:57 | INFO | MONITOR_SLEEP | Sleeping for 20s (base=20s, consecutive_errors=0, monitoring_suspended=False)
2025-11-26 07:49:17 | INFO | MONITOR_SLEEP | Sleeping for 20s (base=20s, consecutive_errors=0, monitoring_suspended=False)
2025-11-26 07:49:37 | INFO | MONITOR | Paper trades checked (next in 60s)
2025-11-26 07:49:37 | INFO | MONITOR_SLEEP | Sleeping for 20s (base=20s, consecutive_errors=0, monitoring_suspended=False)
2025-11-26 07:49:57 | INFO | MONITOR_SLEEP | Sleeping for 20s (base=20s, consecutive_errors=0, monitoring_suspended=False)
2025-11-26 07:50:17 | INFO | MONITOR_SLEEP | Sleeping for 20s (base=20s, consecutive_errors=0, monitoring_suspended=False)
2025-11-26 07:50:37 | INFO | MONITOR | Paper trades checked (next in 60s)
2025-11-26 07:50:37 | INFO | MONITOR_SLEEP | Sleeping for 20s (base=20s, consecutive_errors=0, monitoring_suspended=False)
2025-11-26 07:50:57 | INFO | MONITOR_SLEEP | Sleeping for 20s (base=20s, consecutive_errors=0, monitoring_suspended=False)
2025-11-26 07:51:17 | INFO | MONITOR_SLEEP | Sleeping for 20s (base=20s, consecutive_errors=0, monitoring_suspended=False)
2025-11-26 07:51:37 | INFO | MONITOR | Paper trades checked (next in 60s)
2025-11-26 07:51:37 | INFO | MONITOR_SLEEP | Sleeping for 20s (base=20s, consecutive_errors=0, monitoring_suspended=False)
2025-11-26 07:51:57 | INFO | MONITOR_SLEEP | Sleeping for 20s (base=20s, consecutive_errors=0, monitoring_suspended=False)
2025-11-26 07:52:17 | INFO | MONITOR_SLEEP | Sleeping for 20s (base=20s, consecutive_errors=0, monitoring_suspended=False)
2025-11-26 07:52:37 | INFO | MONITOR | Paper trades checked (next in 60s)
2025-11-26 07:52:37 | INFO | MONITOR_SLEEP | Sleeping for 20s (base=20s, consecutive_errors=0, monitoring_suspended=False)
2025-11-26 07:52:57 | INFO | MONITOR_SLEEP | Sleeping for 20s (base=20s, consecutive_errors=0, monitoring_suspended=False)
2025-11-26 07:53:17 | INFO | MONITOR_SLEEP | Sleeping for 20s (base=20s, consecutive_errors=0, monitoring_suspended=False)
2025-11-26 07:53:37 | INFO | MONITOR | Paper trades checked (next in 60s)
2025-11-26 07:53:37 | INFO | MONITOR_SLEEP | Sleeping for 20s (base=20s, consecutive_errors=0, monitoring_suspended=False)
2025-11-26 07:53:57 | INFO | MONITOR_SLEEP | Sleeping for 20s (base=20s, consecutive_errors=0, monitoring_suspended=False)
2025-11-26 07:54:17 | INFO | MONITOR_SLEEP | Sleeping for 20s (base=20s, consecutive_errors=0, monitoring_suspended=False)
2025-11-26 07:54:37 | INFO | MONITOR | Paper trades checked (next in 60s)
2025-11-26 07:54:37 | INFO | MONITOR_SLEEP | Sleeping for 20s (base=20s, consecutive_errors=0, monitoring_suspended=False)
2025-11-26 07:54:57 | INFO | MONITOR_SLEEP | Sleeping for 20s (base=20s, consecutive_errors=0, monitoring_suspended=False)
2025-11-26 07:55:17 | INFO | MONITOR_SLEEP | Sleeping for 20s (base=20s, consecutive_errors=0, monitoring_suspended=False)
2025-11-26 07:55:37 | INFO | MONITOR | Paper trades checked (next in 60s)
2025-11-26 07:55:37 | INFO | MONITOR_SLEEP | Sleeping for 20s (base=20s, consecutive_errors=0, monitoring_suspended=False)
2025-11-26 07:55:57 | INFO | MONITOR_SLEEP | Sleeping for 20s (base=20s, consecutive_errors=0, monitoring_suspended=False)
2025-11-26 07:56:17 | INFO | MONITOR_SLEEP | Sleeping for 20s (base=20s, consecutive_errors=0, monitoring_suspended=False)
2025-11-26 07:56:37 | INFO | MONITOR | Paper trades checked (next in 60s)
2025-11-26 07:56:37 | INFO | MONITOR_SLEEP | Sleeping for 20s (base=20s, consecutive_errors=0, monitoring_suspended=False)
2025-11-26 07:56:57 | INFO | MONITOR_SLEEP | Sleeping for 20s (base=20s, consecutive_errors=0, monitoring_suspended=False)
2025-11-26 07:57:17 | INFO | MONITOR_SLEEP | Sleeping for 20s (base=20s, consecutive_errors=0, monitoring_suspended=False)
2025-11-26 07:57:37 | INFO | MONITOR | Paper trades checked (next in 60s)
2025-11-26 07:57:37 | INFO | MONITOR_SLEEP | Sleeping for 20s (base=20s, consecutive_errors=0, monitoring_suspended=False)
2025-11-26 07:57:57 | INFO | MONITOR_SLEEP | Sleeping for 20s (base=20s, consecutive_errors=0, monitoring_suspended=False)
2025-11-26 07:58:17 | INFO | MONITOR_SLEEP | Sleeping for 20s (base=20s, consecutive_errors=0, monitoring_suspended=False)
2025-11-26 07:58:37 | INFO | MONITOR | Paper trades checked (next in 60s)
2025-11-26 07:58:37 | INFO | MONITOR_SLEEP | Sleeping for 20s (base=20s, consecutive_errors=0, monitoring_suspended=False)
2025-11-26 07:58:57 | INFO | MONITOR_SLEEP | Sleeping for 20s (base=20s, consecutive_errors=0, monitoring_suspended=False)
2025-11-26 07:59:17 | INFO | MONITOR_SLEEP | Sleeping for 20s (base=20s, consecutive_errors=0, monitoring_suspended=False)
2025-11-26 07:59:37 | INFO | MONITOR | Paper trades checked (next in 60s)
2025-11-26 07:59:37 | INFO | MONITOR_SLEEP | Sleeping for 20s (base=20s, consecutive_errors=0, monitoring_suspended=False)
2025-11-26 07:59:57 | INFO | MONITOR_SLEEP | Sleeping for 20s (base=20s, consecutive_errors=0, monitoring_suspended=False)
2025-11-26 08:00:17 | INFO | MONITOR_SLEEP | Sleeping for 20s (base=20s, consecutive_errors=0, monitoring_suspended=False)
2025-11-26 08:00:37 | INFO | MONITOR | Paper trades checked (next in 60s)
2025-11-26 08:00:37 | INFO | MONITOR_SLEEP | Sleeping for 20s (base=20s, consecutive_errors=0, monitoring_suspended=False)
2025-11-26 08:00:57 | INFO | MONITOR_SLEEP | Sleeping for 20s (base=20s, consecutive_errors=0, monitoring_suspended=False)
2025-11-26 08:01:17 | INFO | MONITOR_SLEEP | Sleeping for 20s (base=20s, consecutive_errors=0, monitoring_suspended=False)
2025-11-26 08:01:37 | INFO | MONITOR | Paper trades checked (next in 60s)
2025-11-26 08:01:37 | INFO | MONITOR_SLEEP | Sleeping for 20s (base=20s, consecutive_errors=0, monitoring_suspended=False)
2025-11-26 08:01:57 | INFO | MONITOR_SLEEP | Sleeping for 20s (base=20s, consecutive_errors=0, monitoring_suspended=False)
2025-11-26 08:02:17 | INFO | MONITOR_SLEEP | Sleeping for 20s (base=20s, consecutive_errors=0, monitoring_suspended=False)
2025-11-26 08:02:37 | INFO | MONITOR | Paper trades checked (next in 60s)
2025-11-26 08:02:37 | INFO | MONITOR_SLEEP | Sleeping for 20s (base=20s, consecutive_errors=0, monitoring_suspended=False)
2025-11-26 08:02:57 | INFO | MONITOR_SLEEP | Sleeping for 20s (base=20s, consecutive_errors=0, monitoring_suspended=False)
2025-11-26 08:03:17 | INFO | MONITOR_SLEEP | Sleeping for 20s (base=20s, consecutive_errors=0, monitoring_suspended=False)
2025-11-26 08:03:37 | INFO | MONITOR | Paper trades checked (next in 60s)
2025-11-26 08:03:37 | INFO | MONITOR_SLEEP | Sleeping for 20s (base=20s, consecutive_errors=0, monitoring_suspended=False)
2025-11-26 08:03:57 | INFO | MONITOR_SLEEP | Sleeping for 20s (base=20s, consecutive_errors=0, monitoring_suspended=False)
2025-11-26 08:04:17 | INFO | MONITOR_SLEEP | Sleeping for 20s (base=20s, consecutive_errors=0, monitoring_suspended=False)
2025-11-26 08:04:37 | INFO | MONITOR | Paper trades checked (next in 60s)
2025-11-26 08:04:37 | INFO | MONITOR_SLEEP | Sleeping for 20s (base=20s, consecutive_errors=0, monitoring_suspended=False)
2025-11-26 08:04:57 | INFO | MONITOR_SLEEP | Sleeping for 20s (base=20s, consecutive_errors=0, monitoring_suspended=False)
2025-11-26 08:05:17 | INFO | MONITOR_SLEEP | Sleeping for 20s (base=20s, consecutive_errors=0, monitoring_suspended=False)
2025-11-26 08:05:37 | INFO | MONITOR | Paper trades checked (next in 60s)
2025-11-26 08:05:37 | INFO | MONITOR_SLEEP | Sleeping for 20s (base=20s, consecutive_errors=0, monitoring_suspended=False)
2025-11-26 08:05:57 | INFO | MONITOR_SLEEP | Sleeping for 20s (base=20s, consecutive_errors=0, monitoring_suspended=False)
2025-11-26 08:06:17 | INFO | MONITOR_SLEEP | Sleeping for 20s (base=20s, consecutive_errors=0, monitoring_suspended=False)
2025-11-26 08:06:37 | INFO | MONITOR | Paper trades checked (next in 60s)
2025-11-26 08:06:37 | INFO | MONITOR_SLEEP | Sleeping for 20s (base=20s, consecutive_errors=0, monitoring_suspended=False)
2025-11-26 08:06:57 | INFO | MONITOR_SLEEP | Sleeping for 20s (base=20s, consecutive_errors=0, monitoring_suspended=False)
2025-11-26 08:07:17 | INFO | MONITOR_SLEEP | Sleeping for 20s (base=20s, consecutive_errors=0, monitoring_suspended=False)
2025-11-26 08:07:37 | INFO | MONITOR | Paper trades checked (next in 60s)
2025-11-26 08:07:37 | INFO | MONITOR_SLEEP | Sleeping for 20s (base=20s, consecutive_errors=0, monitoring_suspended=False)
2025-11-26 08:07:57 | INFO | MONITOR_SLEEP | Sleeping for 20s (base=20s, consecutive_errors=0, monitoring_suspended=False)
2025-11-26 08:08:17 | INFO | MONITOR_SLEEP | Sleeping for 20s (base=20s, consecutive_errors=0, monitoring_suspended=False)
2025-11-26 08:08:37 | INFO | MONITOR | Paper trades checked (next in 60s)
2025-11-26 08:08:37 | INFO | MONITOR_SLEEP | Sleeping for 20s (base=20s, consecutive_errors=0, monitoring_suspended=False)
2025-11-26 08:08:57 | INFO | MONITOR_SLEEP | Sleeping for 20s (base=20s, consecutive_errors=0, monitoring_suspended=False)
2025-11-26 08:09:17 | INFO | MONITOR_SLEEP | Sleeping for 20s (base=20s, consecutive_errors=0, monitoring_suspended=False)
2025-11-26 08:09:37 | INFO | MONITOR | Paper trades checked (next in 60s)
2025-11-26 08:09:37 | INFO | MONITOR_SLEEP | Sleeping for 20s (base=20s, consecutive_errors=0, monitoring_suspended=False)
2025-11-26 08:09:57 | INFO | MONITOR_SLEEP | Sleeping for 20s (base=20s, consecutive_errors=0, monitoring_suspended=False)
2025-11-26 08:10:17 | INFO | MONITOR_SLEEP | Sleeping for 20s (base=20s, consecutive_errors=0, monitoring_suspended=False)
2025-11-26 08:10:37 | INFO | MONITOR | Paper trades checked (next in 60s)
2025-11-26 08:10:37 | INFO | MONITOR_SLEEP | Sleeping for 20s (base=20s, consecutive_errors=0, monitoring_suspended=False)
2025-11-26 08:10:57 | INFO | MONITOR_SLEEP | Sleeping for 20s (base=20s, consecutive_errors=0, monitoring_suspended=False)
2025-11-26 08:11:17 | INFO | MONITOR_SLEEP | Sleeping for 20s (base=20s, consecutive_errors=0, monitoring_suspended=False)
2025-11-26 08:11:37 | INFO | MONITOR | Paper trades checked (next in 60s)
2025-11-26 08:11:37 | INFO | MONITOR_SLEEP | Sleeping for 20s (base=20s, consecutive_errors=0, monitoring_suspended=False)
2025-11-26 08:11:57 | INFO | MONITOR_SLEEP | Sleeping for 20s (base=20s, consecutive_errors=0, monitoring_suspended=False)
2025-11-26 08:12:17 | INFO | MONITOR_SLEEP | Sleeping for 20s (base=20s, consecutive_errors=0, monitoring_suspended=False)
2025-11-26 08:12:37 | INFO | MONITOR | Paper trades checked (next in 60s)
2025-11-26 08:12:37 | INFO | MONITOR_SLEEP | Sleeping for 20s (base=20s, consecutive_errors=0, monitoring_suspended=False)
2025-11-26 08:12:57 | INFO | MONITOR_SLEEP | Sleeping for 20s (base=20s, consecutive_errors=0, monitoring_suspended=False)
2025-11-26 08:13:17 | INFO | MONITOR_SLEEP | Sleeping for 20s (base=20s, consecutive_errors=0, monitoring_suspended=False)
2025-11-26 08:13:37 | INFO | MONITOR | Paper trades checked (next in 60s)
2025-11-26 08:13:37 | INFO | MONITOR_SLEEP | Sleeping for 20s (base=20s, consecutive_errors=0, monitoring_suspended=False)
2025-11-26 08:13:57 | INFO | MONITOR_SLEEP | Sleeping for 20s (base=20s, consecutive_errors=0, monitoring_suspended=False)
2025-11-26 08:14:17 | INFO | MONITOR_SLEEP | Sleeping for 20s (base=20s, consecutive_errors=0, monitoring_suspended=False)
2025-11-26 08:14:37 | INFO | MONITOR | Paper trades checked (next in 60s)
2025-11-26 08:14:37 | INFO | MONITOR_SLEEP | Sleeping for 20s (base=20s, consecutive_errors=0, monitoring_suspended=False)
2025-11-26 08:14:57 | INFO | MONITOR_SLEEP | Sleeping for 20s (base=20s, consecutive_errors=0, monitoring_suspended=False)
2025-11-26 08:15:17 | INFO | MONITOR_SLEEP | Sleeping for 20s (base=20s, consecutive_errors=0, monitoring_suspended=False)
2025-11-26 08:15:37 | INFO | MONITOR | Paper trades checked (next in 60s)
2025-11-26 08:15:37 | INFO | MONITOR_SLEEP | Sleeping for 20s (base=20s, consecutive_errors=0, monitoring_suspended=False)
2025-11-26 08:15:57 | INFO | MONITOR_SLEEP | Sleeping for 20s (base=20s, consecutive_errors=0, monitoring_suspended=False)
2025-11-26 08:16:17 | INFO | MONITOR_SLEEP | Sleeping for 20s (base=20s, consecutive_errors=0, monitoring_suspended=False)
2025-11-26 08:16:37 | INFO | MONITOR | Paper trades checked (next in 60s)
2025-11-26 08:16:37 | INFO | MONITOR_SLEEP | Sleeping for 20s (base=20s, consecutive_errors=0, monitoring_suspended=False)
2025-11-26 08:16:57 | INFO | MONITOR_SLEEP | Sleeping for 20s (base=20s, consecutive_errors=0, monitoring_suspended=False)
2025-11-26 08:17:17 | INFO | MONITOR_SLEEP | Sleeping for 20s (base=20s, consecutive_errors=0, monitoring_suspended=False)
2025-11-26 08:17:37 | INFO | MONITOR | Paper trades checked (next in 60s)
2025-11-26 08:17:37 | INFO | MONITOR_SLEEP | Sleeping for 20s (base=20s, consecutive_errors=0, monitoring_suspended=False)
2025-11-26 08:17:57 | INFO | MONITOR_SLEEP | Sleeping for 20s (base=20s, consecutive_errors=0, monitoring_suspended=False)
2025-11-26 08:18:17 | INFO | MONITOR_SLEEP | Sleeping for 20s (base=20s, consecutive_errors=0, monitoring_suspended=False)
2025-11-26 08:18:37 | INFO | MONITOR | Paper trades checked (next in 60s)
2025-11-26 08:18:37 | INFO | MONITOR_SLEEP | Sleeping for 20s (base=20s, consecutive_errors=0, monitoring_suspended=False)
2025-11-26 08:18:57 | INFO | MONITOR_SLEEP | Sleeping for 20s (base=20s, consecutive_errors=0, monitoring_suspended=False)
2025-11-26 08:19:17 | INFO | MONITOR_SLEEP | Sleeping for 20s (base=20s, consecutive_errors=0, monitoring_suspended=False)
2025-11-26 08:19:37 | INFO | MONITOR | Paper trades checked (next in 60s)
2025-11-26 08:19:37 | INFO | MONITOR_SLEEP | Sleeping for 20s (base=20s, consecutive_errors=0, monitoring_suspended=False)
2025-11-26 08:19:57 | INFO | MONITOR_SLEEP | Sleeping for 20s (base=20s, consecutive_errors=0, monitoring_suspended=False)
2025-11-26 08:20:17 | INFO | MONITOR_SLEEP | Sleeping for 20s (base=20s, consecutive_errors=0, monitoring_suspended=False)
2025-11-26 08:20:37 | INFO | MONITOR | Paper trades checked (next in 60s)
2025-11-26 08:20:37 | INFO | MONITOR_SLEEP | Sleeping for 20s (base=20s, consecutive_errors=0, monitoring_suspended=False)
2025-11-26 08:20:58 | INFO | MONITOR_SLEEP | Sleeping for 20s (base=20s, consecutive_errors=0, monitoring_suspended=False)
2025-11-26 08:21:18 | INFO | MONITOR_SLEEP | Sleeping for 20s (base=20s, consecutive_errors=0, monitoring_suspended=False)
2025-11-26 08:21:38 | INFO | MONITOR | Paper trades checked (next in 60s)
2025-11-26 08:21:38 | INFO | MONITOR_SLEEP | Sleeping for 20s (base=20s, consecutive_errors=0, monitoring_suspended=False)
2025-11-26 08:21:58 | INFO | MONITOR_SLEEP | Sleeping for 20s (base=20s, consecutive_errors=0, monitoring_suspended=False)
2025-11-26 08:22:18 | INFO | MONITOR_SLEEP | Sleeping for 20s (base=20s, consecutive_errors=0, monitoring_suspended=False)
2025-11-26 08:22:38 | INFO | MONITOR | Paper trades checked (next in 60s)
2025-11-26 08:22:38 | INFO | MONITOR_SLEEP | Sleeping for 20s (base=20s, consecutive_errors=0, monitoring_suspended=False)
2025-11-26 08:22:58 | INFO | MONITOR_SLEEP | Sleeping for 20s (base=20s, consecutive_errors=0, monitoring_suspended=False)
2025-11-26 08:23:18 | INFO | MONITOR_SLEEP | Sleeping for 20s (base=20s, consecutive_errors=0, monitoring_suspended=False)
2025-11-26 08:23:38 | INFO | MONITOR | Paper trades checked (next in 60s)
2025-11-26 08:23:38 | INFO | MONITOR_SLEEP | Sleeping for 20s (base=20s, consecutive_errors=0, monitoring_suspended=False)
2025-11-26 08:23:58 | INFO | MONITOR_SLEEP | Sleeping for 20s (base=20s, consecutive_errors=0, monitoring_suspended=False)
2025-11-26 08:24:18 | INFO | MONITOR_SLEEP | Sleeping for 20s (base=20s, consecutive_errors=0, monitoring_suspended=False)
2025-11-26 08:24:38 | INFO | MONITOR | Paper trades checked (next in 60s)
2025-11-26 08:24:38 | INFO | MONITOR_SLEEP | Sleeping for 20s (base=20s, consecutive_errors=0, monitoring_suspended=False)
2025-11-26 08:24:58 | INFO | MONITOR_SLEEP | Sleeping for 20s (base=20s, consecutive_errors=0, monitoring_suspended=False)
2025-11-26 08:25:18 | INFO | MONITOR_SLEEP | Sleeping for 20s (base=20s, consecutive_errors=0, monitoring_suspended=False)
2025-11-26 08:25:38 | INFO | MONITOR | Paper trades checked (next in 60s)
2025-11-26 08:25:38 | INFO | MONITOR_SLEEP | Sleeping for 20s (base=20s, consecutive_errors=0, monitoring_suspended=False)
2025-11-26 08:25:58 | INFO | MONITOR_SLEEP | Sleeping for 20s (base=20s, consecutive_errors=0, monitoring_suspended=False)
2025-11-26 08:26:18 | INFO | MONITOR_SLEEP | Sleeping for 20s (base=20s, consecutive_errors=0, monitoring_suspended=False)
2025-11-26 08:26:38 | INFO | MONITOR | Paper trades checked (next in 60s)
2025-11-26 08:26:38 | INFO | MONITOR_SLEEP | Sleeping for 20s (base=20s, consecutive_errors=0, monitoring_suspended=False)
2025-11-26 08:26:58 | INFO | MONITOR_SLEEP | Sleeping for 20s (base=20s, consecutive_errors=0, monitoring_suspended=False)
2025-11-26 08:27:18 | INFO | MONITOR_SLEEP | Sleeping for 20s (base=20s, consecutive_errors=0, monitoring_suspended=False)
2025-11-26 08:27:38 | INFO | MONITOR | Paper trades checked (next in 60s)
2025-11-26 08:27:38 | INFO | MONITOR_SLEEP | Sleeping for 20s (base=20s, consecutive_errors=0, monitoring_suspended=False)
2025-11-26 08:27:58 | INFO | MONITOR_SLEEP | Sleeping for 20s (base=20s, consecutive_errors=0, monitoring_suspended=False)
2025-11-26 08:28:18 | INFO | MONITOR_SLEEP | Sleeping for 20s (base=20s, consecutive_errors=0, monitoring_suspended=False)
2025-11-26 08:28:38 | INFO | MONITOR | Paper trades checked (next in 60s)
2025-11-26 08:28:38 | INFO | MONITOR_SLEEP | Sleeping for 20s (base=20s, consecutive_errors=0, monitoring_suspended=False)
2025-11-26 08:28:58 | INFO | MONITOR_SLEEP | Sleeping for 20s (base=20s, consecutive_errors=0, monitoring_suspended=False)
2025-11-26 08:29:18 | INFO | MONITOR_SLEEP | Sleeping for 20s (base=20s, consecutive_errors=0, monitoring_suspended=False)
2025-11-26 08:29:38 | INFO | MONITOR | Paper trades checked (next in 60s)
2025-11-26 08:29:38 | INFO | MONITOR_SLEEP | Sleeping for 20s (base=20s, consecutive_errors=0, monitoring_suspended=False)
2025-11-26 08:29:58 | INFO | MONITOR_SLEEP | Sleeping for 20s (base=20s, consecutive_errors=0, monitoring_suspended=False)
2025-11-26 08:30:18 | INFO | MONITOR_SLEEP | Sleeping for 20s (base=20s, consecutive_errors=0, monitoring_suspended=False)
2025-11-26 08:30:38 | INFO | MONITOR | Paper trades checked (next in 60s)
2025-11-26 08:30:38 | INFO | MONITOR_SLEEP | Sleeping for 20s (base=20s, consecutive_errors=0, monitoring_suspended=False)
2025-11-26 08:30:58 | INFO | MONITOR_SLEEP | Sleeping for 20s (base=20s, consecutive_errors=0, monitoring_suspended=False)
2025-11-26 08:31:18 | INFO | MONITOR_SLEEP | Sleeping for 20s (base=20s, consecutive_errors=0, monitoring_suspended=False)
2025-11-26 08:31:38 | INFO | MONITOR | Paper trades checked (next in 60s)
2025-11-26 08:31:38 | INFO | MONITOR_SLEEP | Sleeping for 20s (base=20s, consecutive_errors=0, monitoring_suspended=False)
2025-11-26 08:31:58 | INFO | MONITOR_SLEEP | Sleeping for 20s (base=20s, consecutive_errors=0, monitoring_suspended=False)
2025-11-26 08:32:18 | INFO | MONITOR_SLEEP | Sleeping for 20s (base=20s, consecutive_errors=0, monitoring_suspended=False)
2025-11-26 08:32:38 | INFO | MONITOR | Paper trades checked (next in 60s)
2025-11-26 08:32:38 | INFO | MONITOR_SLEEP | Sleeping for 20s (base=20s, consecutive_errors=0, monitoring_suspended=False)
2025-11-26 08:32:58 | INFO | MONITOR_SLEEP | Sleeping for 20s (base=20s, consecutive_errors=0, monitoring_suspended=False)
2025-11-26 08:33:18 | INFO | MONITOR_SLEEP | Sleeping for 20s (base=20s, consecutive_errors=0, monitoring_suspended=False)
2025-11-26 08:33:38 | INFO | MONITOR | Paper trades checked (next in 60s)
2025-11-26 08:33:38 | INFO | MONITOR_SLEEP | Sleeping for 20s (base=20s, consecutive_errors=0, monitoring_suspended=False)
2025-11-26 08:33:58 | INFO | MONITOR_SLEEP | Sleeping for 20s (base=20s, consecutive_errors=0, monitoring_suspended=False)
2025-11-26 08:34:18 | INFO | MONITOR_SLEEP | Sleeping for 20s (base=20s, consecutive_errors=0, monitoring_suspended=False)
2025-11-26 08:34:38 | INFO | MONITOR | Paper trades checked (next in 60s)
2025-11-26 08:34:38 | INFO | MONITOR_SLEEP | Sleeping for 20s (base=20s, consecutive_errors=0, monitoring_suspended=False)
2025-11-26 08:34:58 | INFO | MONITOR_SLEEP | Sleeping for 20s (base=20s, consecutive_errors=0, monitoring_suspended=False)
2025-11-26 08:35:18 | INFO | MONITOR_SLEEP | Sleeping for 20s (base=20s, consecutive_errors=0, monitoring_suspended=False)
2025-11-26 08:35:38 | INFO | MONITOR | Paper trades checked (next in 60s)
2025-11-26 08:35:38 | INFO | MONITOR_SLEEP | Sleeping for 20s (base=20s, consecutive_errors=0, monitoring_suspended=False)
2025-11-26 08:35:58 | INFO | MONITOR_SLEEP | Sleeping for 20s (base=20s, consecutive_errors=0, monitoring_suspended=False)
2025-11-26 08:36:18 | INFO | MONITOR_SLEEP | Sleeping for 20s (base=20s, consecutive_errors=0, monitoring_suspended=False)
2025-11-26 08:36:38 | INFO | MONITOR | Paper trades checked (next in 60s)
2025-11-26 08:36:38 | INFO | MONITOR_SLEEP | Sleeping for 20s (base=20s, consecutive_errors=0, monitoring_suspended=False)
2025-11-26 08:36:58 | INFO | MONITOR_SLEEP | Sleeping for 20s (base=20s, consecutive_errors=0, monitoring_suspended=False)
2025-11-26 08:37:18 | INFO | MONITOR_SLEEP | Sleeping for 20s (base=20s, consecutive_errors=0, monitoring_suspended=False)
2025-11-26 08:37:38 | INFO | MONITOR | Paper trades checked (next in 60s)
2025-11-26 08:37:38 | INFO | MONITOR_SLEEP | Sleeping for 20s (base=20s, consecutive_errors=0, monitoring_suspended=False)
2025-11-26 08:37:58 | INFO | MONITOR_SLEEP | Sleeping for 20s (base=20s, consecutive_errors=0, monitoring_suspended=False)
2025-11-26 08:38:18 | INFO | MONITOR_SLEEP | Sleeping for 20s (base=20s, consecutive_errors=0, monitoring_suspended=False)
2025-11-26 08:38:38 | INFO | MONITOR | Paper trades checked (next in 60s)
2025-11-26 08:38:38 | INFO | MONITOR_SLEEP | Sleeping for 20s (base=20s, consecutive_errors=0, monitoring_suspended=False)
2025-11-26 08:38:58 | INFO | MONITOR_SLEEP | Sleeping for 20s (base=20s, consecutive_errors=0, monitoring_suspended=False)
2025-11-26 08:39:18 | INFO | MONITOR_SLEEP | Sleeping for 20s (base=20s, consecutive_errors=0, monitoring_suspended=False)
2025-11-26 08:39:38 | INFO | MONITOR | Paper trades checked (next in 60s)
2025-11-26 08:39:38 | INFO | MONITOR_SLEEP | Sleeping for 20s (base=20s, consecutive_errors=0, monitoring_suspended=False)
2025-11-26 08:39:58 | INFO | MONITOR_SLEEP | Sleeping for 20s (base=20s, consecutive_errors=0, monitoring_suspended=False)
2025-11-26 08:40:18 | INFO | MONITOR_SLEEP | Sleeping for 20s (base=20s, consecutive_errors=0, monitoring_suspended=False)
2025-11-26 08:40:38 | INFO | MONITOR | Paper trades checked (next in 60s)
2025-11-26 08:40:38 | INFO | MONITOR_SLEEP | Sleeping for 20s (base=20s, consecutive_errors=0, monitoring_suspended=False)
2025-11-26 08:40:58 | INFO | MONITOR_SLEEP | Sleeping for 20s (base=20s, consecutive_errors=0, monitoring_suspended=False)
2025-11-26 08:41:18 | INFO | MONITOR_SLEEP | Sleeping for 20s (base=20s, consecutive_errors=0, monitoring_suspended=False)
2025-11-26 08:41:38 | INFO | MONITOR | Paper trades checked (next in 60s)
2025-11-26 08:41:38 | INFO | MONITOR_SLEEP | Sleeping for 20s (base=20s, consecutive_errors=0, monitoring_suspended=False)
2025-11-26 08:41:58 | INFO | MONITOR_SLEEP | Sleeping for 20s (base=20s, consecutive_errors=0, monitoring_suspended=False)
2025-11-26 08:42:18 | INFO | MONITOR_SLEEP | Sleeping for 20s (base=20s, consecutive_errors=0, monitoring_suspended=False)
2025-11-26 08:42:38 | INFO | MONITOR | Paper trades checked (next in 60s)
2025-11-26 08:42:38 | INFO | MONITOR_SLEEP | Sleeping for 20s (base=20s, consecutive_errors=0, monitoring_suspended=False)
2025-11-26 08:42:58 | INFO | MONITOR_SLEEP | Sleeping for 20s (base=20s, consecutive_errors=0, monitoring_suspended=False)
2025-11-26 08:43:18 | INFO | MONITOR_SLEEP | Sleeping for 20s (base=20s, consecutive_errors=0, monitoring_suspended=False)
2025-11-26 08:43:38 | INFO | MONITOR | Paper trades checked (next in 60s)
2025-11-26 08:43:38 | INFO | MONITOR_SLEEP | Sleeping for 20s (base=20s, consecutive_errors=0, monitoring_suspended=False)
2025-11-26 08:43:58 | INFO | MONITOR_SLEEP | Sleeping for 20s (base=20s, consecutive_errors=0, monitoring_suspended=False)
2025-11-26 08:44:18 | INFO | MONITOR_SLEEP | Sleeping for 20s (base=20s, consecutive_errors=0, monitoring_suspended=False)
2025-11-26 08:44:38 | INFO | MONITOR | Paper trades checked (next in 60s)
2025-11-26 08:44:38 | INFO | MONITOR_SLEEP | Sleeping for 20s (base=20s, consecutive_errors=0, monitoring_suspended=False)
2025-11-26 08:44:58 | INFO | MONITOR_SLEEP | Sleeping for 20s (base=20s, consecutive_errors=0, monitoring_suspended=False)
2025-11-26 08:45:18 | INFO | MONITOR_SLEEP | Sleeping for 20s (base=20s, consecutive_errors=0, monitoring_suspended=False)
2025-11-26 08:45:38 | INFO | MONITOR | Paper trades checked (next in 60s)
2025-11-26 08:45:38 | INFO | MONITOR_SLEEP | Sleeping for 20s (base=20s, consecutive_errors=0, monitoring_suspended=False)
2025-11-26 08:45:58 | INFO | MONITOR_SLEEP | Sleeping for 20s (base=20s, consecutive_errors=0, monitoring_suspended=False)
2025-11-26 08:46:18 | INFO | MONITOR_SLEEP | Sleeping for 20s (base=20s, consecutive_errors=0, monitoring_suspended=False)
2025-11-26 08:46:38 | INFO | MONITOR | Paper trades checked (next in 60s)
2025-11-26 08:46:38 | INFO | MONITOR_SLEEP | Sleeping for 20s (base=20s, consecutive_errors=0, monitoring_suspended=False)
2025-11-26 08:46:58 | INFO | MONITOR_SLEEP | Sleeping for 20s (base=20s, consecutive_errors=0, monitoring_suspended=False)
2025-11-26 08:47:18 | INFO | MONITOR_SLEEP | Sleeping for 20s (base=20s, consecutive_errors=0, monitoring_suspended=False)
2025-11-26 08:47:38 | INFO | MONITOR | Paper trades checked (next in 60s)
2025-11-26 08:47:38 | INFO | MONITOR_SLEEP | Sleeping for 20s (base=20s, consecutive_errors=0, monitoring_suspended=False)
2025-11-26 08:47:58 | INFO | MONITOR_SLEEP | Sleeping for 20s (base=20s, consecutive_errors=0, monitoring_suspended=False)
2025-11-26 08:48:18 | INFO | MONITOR_SLEEP | Sleeping for 20s (base=20s, consecutive_errors=0, monitoring_suspended=False)
2025-11-26 08:48:38 | INFO | MONITOR | Paper trades checked (next in 60s)
2025-11-26 08:48:38 | INFO | MONITOR_SLEEP | Sleeping for 20s (base=20s, consecutive_errors=0, monitoring_suspended=False)
2025-11-26 08:48:58 | INFO | MONITOR_SLEEP | Sleeping for 20s (base=20s, consecutive_errors=0, monitoring_suspended=False)
2025-11-26 08:49:18 | INFO | MONITOR_SLEEP | Sleeping for 20s (base=20s, consecutive_errors=0, monitoring_suspended=False)
2025-11-26 08:49:38 | INFO | MONITOR | Paper trades checked (next in 60s)
2025-11-26 08:49:38 | INFO | MONITOR_SLEEP | Sleeping for 20s (base=20s, consecutive_errors=0, monitoring_suspended=False)
2025-11-26 08:49:58 | INFO | MONITOR_SLEEP | Sleeping for 20s (base=20s, consecutive_errors=0, monitoring_suspended=False)
2025-11-26 08:50:18 | INFO | MONITOR_SLEEP | Sleeping for 20s (base=20s, consecutive_errors=0, monitoring_suspended=False)
2025-11-26 08:50:38 | INFO | MONITOR | Paper trades checked (next in 60s)
2025-11-26 08:50:38 | INFO | MONITOR_SLEEP | Sleeping for 20s (base=20s, consecutive_errors=0, monitoring_suspended=False)
2025-11-26 08:50:58 | INFO | MONITOR_SLEEP | Sleeping for 20s (base=20s, consecutive_errors=0, monitoring_suspended=False)
2025-11-26 08:51:18 | INFO | MONITOR_SLEEP | Sleeping for 20s (base=20s, consecutive_errors=0, monitoring_suspended=False)
2025-11-26 08:51:38 | INFO | MONITOR | Paper trades checked (next in 60s)
2025-11-26 08:51:38 | INFO | MONITOR_SLEEP | Sleeping for 20s (base=20s, consecutive_errors=0, monitoring_suspended=False)
2025-11-26 08:51:58 | INFO | MONITOR_SLEEP | Sleeping for 20s (base=20s, consecutive_errors=0, monitoring_suspended=False)
2025-11-26 08:52:18 | INFO | MONITOR_SLEEP | Sleeping for 20s (base=20s, consecutive_errors=0, monitoring_suspended=False)
2025-11-26 08:52:38 | INFO | MONITOR | Paper trades checked (next in 60s)
2025-11-26 08:52:38 | INFO | MONITOR_SLEEP | Sleeping for 20s (base=20s, consecutive_errors=0, monitoring_suspended=False)
2025-11-26 08:52:58 | INFO | MONITOR_SLEEP | Sleeping for 20s (base=20s, consecutive_errors=0, monitoring_suspended=False)
2025-11-26 08:53:18 | INFO | MONITOR_SLEEP | Sleeping for 20s (base=20s, consecutive_errors=0, monitoring_suspended=False)
2025-11-26 08:53:38 | INFO | MONITOR | Paper trades checked (next in 60s)
2025-11-26 08:53:38 | INFO | MONITOR_SLEEP | Sleeping for 20s (base=20s, consecutive_errors=0, monitoring_suspended=False)
2025-11-26 08:53:58 | INFO | MONITOR_SLEEP | Sleeping for 20s (base=20s, consecutive_errors=0, monitoring_suspended=False)
2025-11-26 08:54:18 | INFO | MONITOR_SLEEP | Sleeping for 20s (base=20s, consecutive_errors=0, monitoring_suspended=False)
2025-11-26 08:54:38 | INFO | MONITOR | Paper trades checked (next in 60s)
2025-11-26 08:54:38 | INFO | MONITOR_SLEEP | Sleeping for 20s (base=20s, consecutive_errors=0, monitoring_suspended=False)
2025-11-26 08:54:58 | INFO | MONITOR_SLEEP | Sleeping for 20s (base=20s, consecutive_errors=0, monitoring_suspended=False)
2025-11-26 08:55:18 | INFO | MONITOR_SLEEP | Sleeping for 20s (base=20s, consecutive_errors=0, monitoring_suspended=False)
2025-11-26 08:55:38 | INFO | MONITOR | Paper trades checked (next in 60s)
2025-11-26 08:55:38 | INFO | MONITOR_SLEEP | Sleeping for 20s (base=20s, consecutive_errors=0, monitoring_suspended=False)
2025-11-26 08:55:58 | INFO | MONITOR_SLEEP | Sleeping for 20s (base=20s, consecutive_errors=0, monitoring_suspended=False)
2025-11-26 08:56:18 | INFO | MONITOR_SLEEP | Sleeping for 20s (base=20s, consecutive_errors=0, monitoring_suspended=False)
2025-11-26 08:56:38 | INFO | MONITOR | Paper trades checked (next in 60s)
2025-11-26 08:56:38 | INFO | MONITOR_SLEEP | Sleeping for 20s (base=20s, consecutive_errors=0, monitoring_suspended=False)
2025-11-26 08:56:58 | INFO | MONITOR_SLEEP | Sleeping for 20s (base=20s, consecutive_errors=0, monitoring_suspended=False)
2025-11-26 08:57:18 | INFO | MONITOR_SLEEP | Sleeping for 20s (base=20s, consecutive_errors=0, monitoring_suspended=False)
2025-11-26 08:57:38 | INFO | MONITOR | Paper trades checked (next in 60s)
2025-11-26 08:57:38 | INFO | MONITOR_SLEEP | Sleeping for 20s (base=20s, consecutive_errors=0, monitoring_suspended=False)
2025-11-26 08:57:58 | INFO | MONITOR_SLEEP | Sleeping for 20s (base=20s, consecutive_errors=0, monitoring_suspended=False)
2025-11-26 08:58:18 | INFO | MONITOR_SLEEP | Sleeping for 20s (base=20s, consecutive_errors=0, monitoring_suspended=False)
2025-11-26 08:58:38 | INFO | MONITOR | Paper trades checked (next in 60s)
2025-11-26 08:58:38 | INFO | MONITOR_SLEEP | Sleeping for 20s (base=20s, consecutive_errors=0, monitoring_suspended=False)
2025-11-26 08:58:58 | INFO | MONITOR_SLEEP | Sleeping for 20s (base=20s, consecutive_errors=0, monitoring_suspended=False)
2025-11-26 08:59:18 | INFO | MONITOR_SLEEP | Sleeping for 20s (base=20s, consecutive_errors=0, monitoring_suspended=False)
2025-11-26 08:59:38 | INFO | MONITOR | Paper trades checked (next in 60s)
2025-11-26 08:59:38 | INFO | MONITOR_SLEEP | Sleeping for 20s (base=20s, consecutive_errors=0, monitoring_suspended=False)
2025-11-26 08:59:58 | INFO | MONITOR_SLEEP | Sleeping for 20s (base=20s, consecutive_errors=0, monitoring_suspended=False)
2025-11-26 09:00:18 | INFO | MONITOR_SLEEP | Sleeping for 20s (base=20s, consecutive_errors=0, monitoring_suspended=False)
2025-11-26 09:00:38 | INFO | MONITOR | Paper trades checked (next in 60s)
2025-11-26 09:00:38 | INFO | MONITOR_SLEEP | Sleeping for 20s (base=20s, consecutive_errors=0, monitoring_suspended=False)
2025-11-26 09:00:58 | INFO | MONITOR_SLEEP | Sleeping for 20s (base=20s, consecutive_errors=0, monitoring_suspended=False)
2025-11-26 09:01:18 | INFO | MONITOR_SLEEP | Sleeping for 20s (base=20s, consecutive_errors=0, monitoring_suspended=False)
2025-11-26 09:01:38 | INFO | MONITOR | Paper trades checked (next in 60s)
2025-11-26 09:01:38 | INFO | MONITOR_SLEEP | Sleeping for 20s (base=20s, consecutive_errors=0, monitoring_suspended=False)
2025-11-26 09:01:58 | INFO | MONITOR_SLEEP | Sleeping for 20s (base=20s, consecutive_errors=0, monitoring_suspended=False)
2025-11-26 09:02:18 | INFO | MONITOR_SLEEP | Sleeping for 20s (base=20s, consecutive_errors=0, monitoring_suspended=False)
2025-11-26 09:02:38 | INFO | MONITOR | Paper trades checked (next in 60s)
2025-11-26 09:02:38 | INFO | MONITOR_SLEEP | Sleeping for 20s (base=20s, consecutive_errors=0, monitoring_suspended=False)
2025-11-26 09:02:58 | INFO | MONITOR_SLEEP | Sleeping for 20s (base=20s, consecutive_errors=0, monitoring_suspended=False)
2025-11-26 09:03:18 | INFO | MONITOR_SLEEP | Sleeping for 20s (base=20s, consecutive_errors=0, monitoring_suspended=False)
2025-11-26 09:03:38 | INFO | MONITOR | Paper trades checked (next in 60s)
2025-11-26 09:03:38 | INFO | MONITOR_SLEEP | Sleeping for 20s (base=20s, consecutive_errors=0, monitoring_suspended=False)
2025-11-26 09:03:58 | INFO | MONITOR_SLEEP | Sleeping for 20s (base=20s, consecutive_errors=0, monitoring_suspended=False)
2025-11-26 09:04:18 | INFO | MONITOR_SLEEP | Sleeping for 20s (base=20s, consecutive_errors=0, monitoring_suspended=False)
2025-11-26 09:04:38 | INFO | MONITOR | Paper trades checked (next in 60s)
2025-11-26 09:04:38 | INFO | MONITOR_SLEEP | Sleeping for 20s (base=20s, consecutive_errors=0, monitoring_suspended=False)
2025-11-26 09:04:58 | INFO | MONITOR_SLEEP | Sleeping for 20s (base=20s, consecutive_errors=0, monitoring_suspended=False)
2025-11-26 09:05:05 | INFO | STARTUP | Logging initialized | log_dir=/root/santhosh/trading/equity/logs/2025-11-26
2025-11-26 09:05:09 | INFO | STARTUP | Logging initialized | log_dir=/root/santhosh/trading/equity/logs/2025-11-26
2025-11-26 09:05:10 | INFO | FEEDBACK_INIT | PerformanceFeedback initialized for adaptive trading
2025-11-26 09:05:10 | INFO | MONITOR | Backed up stale positions.json to positions.json.startup_1764128110
2025-11-26 09:05:10 | INFO | MONITOR | ✓ Cleared stale positions.json - will rebuild from broker holdings
2025-11-26 09:05:10 | INFO | MONITOR | Skipping file load - broker will be source of truth
2025-11-26 09:05:10 | INFO | HOLDINGS_SYNC | Fetching positions and holdings from broker...
2025-11-26 09:05:10 | INFO | HOLDINGS_SYNC | No positions or holdings found at broker
2025-11-26 09:05:10 | INFO | MONITOR | Position monitoring started with bucketed LTP checking
2025-11-26 09:05:10 | INFO | MONITOR | Event loop thread started
2025-11-26 09:05:11 | INFO | MONITOR | Event loop started successfully for priority queue
2025-11-26 09:05:11 | INFO | MONITOR | Priority API queue enabled and started
2025-11-26 09:05:11 | INFO | SL_RETRY | SL retry thread started - waiting 30s before initial placement (conserve startup API quota)
2025-11-26 09:05:11 | INFO | SL_RETRY | SL retry thread started successfully
2025-11-26 09:05:11 | INFO | MONITOR_SLEEP | Sleeping for 20s (base=20s, consecutive_errors=0, monitoring_suspended=False)
2025-11-26 09:05:31 | INFO | MONITOR_SLEEP | Sleeping for 20s (base=20s, consecutive_errors=0, monitoring_suspended=False)
2025-11-26 09:05:41 | INFO | SL_RETRY | SL retry thread active - conservative mode (1 SL per 20s, max 10 retries)
2025-11-26 09:05:51 | INFO | MONITOR_SLEEP | Sleeping for 20s (base=20s, consecutive_errors=0, monitoring_suspended=False)
2025-11-26 09:06:11 | INFO | MONITOR | Paper trades checked (next in 60s)
2025-11-26 09:06:11 | INFO | MONITOR_SLEEP | Sleeping for 20s (base=20s, consecutive_errors=0, monitoring_suspended=False)
2025-11-26 09:06:31 | INFO | MONITOR_SLEEP | Sleeping for 20s (base=20s, consecutive_errors=0, monitoring_suspended=False)
2025-11-26 09:06:51 | INFO | MONITOR_SLEEP | Sleeping for 20s (base=20s, consecutive_errors=0, monitoring_suspended=False)
2025-11-26 09:07:11 | INFO | MONITOR | Paper trades checked (next in 60s)
2025-11-26 09:07:11 | INFO | MONITOR_SLEEP | Sleeping for 20s (base=20s, consecutive_errors=0, monitoring_suspended=False)
2025-11-26 09:07:31 | INFO | MONITOR_SLEEP | Sleeping for 20s (base=20s, consecutive_errors=0, monitoring_suspended=False)
2025-11-26 09:07:51 | INFO | MONITOR_SLEEP | Sleeping for 20s (base=20s, consecutive_errors=0, monitoring_suspended=False)
2025-11-26 09:08:11 | INFO | MONITOR | Paper trades checked (next in 60s)
2025-11-26 09:08:11 | INFO | MONITOR_SLEEP | Sleeping for 20s (base=20s, consecutive_errors=0, monitoring_suspended=False)
2025-11-26 09:08:31 | INFO | MONITOR_SLEEP | Sleeping for 20s (base=20s, consecutive_errors=0, monitoring_suspended=False)
2025-11-26 09:08:51 | INFO | MONITOR_SLEEP | Sleeping for 20s (base=20s, consecutive_errors=0, monitoring_suspended=False)
2025-11-26 09:09:11 | INFO | MONITOR | Paper trades checked (next in 60s)
2025-11-26 09:09:11 | INFO | MONITOR_SLEEP | Sleeping for 20s (base=20s, consecutive_errors=0, monitoring_suspended=False)
2025-11-26 09:09:31 | INFO | MONITOR_SLEEP | Sleeping for 20s (base=20s, consecutive_errors=0, monitoring_suspended=False)
2025-11-26 09:09:51 | INFO | MONITOR_SLEEP | Sleeping for 20s (base=20s, consecutive_errors=0, monitoring_suspended=False)
2025-11-26 09:10:11 | INFO | MONITOR | Paper trades checked (next in 60s)
2025-11-26 09:10:11 | INFO | MONITOR_SLEEP | Sleeping for 20s (base=20s, consecutive_errors=0, monitoring_suspended=False)
2025-11-26 09:10:31 | INFO | MONITOR_SLEEP | Sleeping for 20s (base=20s, consecutive_errors=0, monitoring_suspended=False)
2025-11-26 09:10:51 | INFO | MONITOR_SLEEP | Sleeping for 20s (base=20s, consecutive_errors=0, monitoring_suspended=False)
2025-11-26 09:11:11 | INFO | MONITOR | Paper trades checked (next in 60s)
2025-11-26 09:11:11 | INFO | MONITOR_SLEEP | Sleeping for 20s (base=20s, consecutive_errors=0, monitoring_suspended=False)
2025-11-26 09:11:31 | INFO | MONITOR_SLEEP | Sleeping for 20s (base=20s, consecutive_errors=0, monitoring_suspended=False)
2025-11-26 09:11:51 | INFO | MONITOR_SLEEP | Sleeping for 20s (base=20s, consecutive_errors=0, monitoring_suspended=False)
2025-11-26 09:12:11 | INFO | MONITOR | Paper trades checked (next in 60s)
2025-11-26 09:12:11 | INFO | MONITOR_SLEEP | Sleeping for 20s (base=20s, consecutive_errors=0, monitoring_suspended=False)
2025-11-26 09:12:31 | INFO | MONITOR_SLEEP | Sleeping for 20s (base=20s, consecutive_errors=0, monitoring_suspended=False)
2025-11-26 09:12:51 | INFO | MONITOR_SLEEP | Sleeping for 20s (base=20s, consecutive_errors=0, monitoring_suspended=False)
2025-11-26 09:13:11 | INFO | MONITOR | Paper trades checked (next in 60s)
2025-11-26 09:13:11 | INFO | MONITOR_SLEEP | Sleeping for 20s (base=20s, consecutive_errors=0, monitoring_suspended=False)
2025-11-26 09:13:31 | INFO | MONITOR_SLEEP | Sleeping for 20s (base=20s, consecutive_errors=0, monitoring_suspended=False)
2025-11-26 09:13:51 | INFO | MONITOR_SLEEP | Sleeping for 20s (base=20s, consecutive_errors=0, monitoring_suspended=False)
2025-11-26 09:14:11 | INFO | MONITOR | Paper trades checked (next in 60s)
2025-11-26 09:14:11 | INFO | MONITOR_SLEEP | Sleeping for 20s (base=20s, consecutive_errors=0, monitoring_suspended=False)
2025-11-26 09:14:31 | INFO | MONITOR_SLEEP | Sleeping for 20s (base=20s, consecutive_errors=0, monitoring_suspended=False)
2025-11-26 09:14:51 | INFO | MONITOR_SLEEP | Sleeping for 20s (base=20s, consecutive_errors=0, monitoring_suspended=False)
2025-11-26 09:15:11 | INFO | MONITOR | Paper trades checked (next in 60s)
2025-11-26 09:15:11 | INFO | MONITOR_SLEEP | Sleeping for 20s (base=20s, consecutive_errors=0, monitoring_suspended=False)
2025-11-26 09:15:31 | INFO | MONITOR_SLEEP | Sleeping for 20s (base=20s, consecutive_errors=0, monitoring_suspended=False)
2025-11-26 09:15:51 | INFO | MONITOR_SLEEP | Sleeping for 20s (base=20s, consecutive_errors=0, monitoring_suspended=False)
2025-11-26 09:16:11 | INFO | MONITOR | Paper trades checked (next in 60s)
2025-11-26 09:16:11 | INFO | MONITOR_SLEEP | Sleeping for 20s (base=20s, consecutive_errors=0, monitoring_suspended=False)
2025-11-26 09:16:31 | INFO | MONITOR_SLEEP | Sleeping for 20s (base=20s, consecutive_errors=0, monitoring_suspended=False)
2025-11-26 09:16:51 | INFO | MONITOR_SLEEP | Sleeping for 20s (base=20s, consecutive_errors=0, monitoring_suspended=False)
2025-11-26 09:17:11 | INFO | MONITOR | Paper trades checked (next in 60s)
2025-11-26 09:17:11 | INFO | MONITOR_SLEEP | Sleeping for 20s (base=20s, consecutive_errors=0, monitoring_suspended=False)
2025-11-26 09:17:31 | INFO | MONITOR_SLEEP | Sleeping for 20s (base=20s, consecutive_errors=0, monitoring_suspended=False)
2025-11-26 09:17:51 | INFO | MONITOR_SLEEP | Sleeping for 20s (base=20s, consecutive_errors=0, monitoring_suspended=False)
2025-11-26 09:18:11 | INFO | MONITOR | Paper trades checked (next in 60s)
2025-11-26 09:18:11 | INFO | MONITOR_SLEEP | Sleeping for 20s (base=20s, consecutive_errors=0, monitoring_suspended=False)
2025-11-26 09:18:31 | INFO | MONITOR_SLEEP | Sleeping for 20s (base=20s, consecutive_errors=0, monitoring_suspended=False)
2025-11-26 09:18:51 | INFO | MONITOR_SLEEP | Sleeping for 20s (base=20s, consecutive_errors=0, monitoring_suspended=False)
2025-11-26 09:19:11 | INFO | MONITOR | Paper trades checked (next in 60s)
2025-11-26 09:19:11 | INFO | MONITOR_SLEEP | Sleeping for 20s (base=20s, consecutive_errors=0, monitoring_suspended=False)
2025-11-26 09:19:31 | INFO | MONITOR_SLEEP | Sleeping for 20s (base=20s, consecutive_errors=0, monitoring_suspended=False)
2025-11-26 09:19:51 | INFO | MONITOR_SLEEP | Sleeping for 20s (base=20s, consecutive_errors=0, monitoring_suspended=False)
2025-11-26 09:20:11 | INFO | MONITOR | Paper trades checked (next in 60s)
2025-11-26 09:20:11 | INFO | MONITOR_SLEEP | Sleeping for 20s (base=20s, consecutive_errors=0, monitoring_suspended=False)
2025-11-26 09:20:31 | INFO | MONITOR_SLEEP | Sleeping for 20s (base=20s, consecutive_errors=0, monitoring_suspended=False)
2025-11-26 09:20:51 | INFO | MONITOR_SLEEP | Sleeping for 20s (base=20s, consecutive_errors=0, monitoring_suspended=False)
2025-11-26 09:21:11 | INFO | MONITOR | Paper trades checked (next in 60s)
2025-11-26 09:21:11 | INFO | MONITOR_SLEEP | Sleeping for 20s (base=20s, consecutive_errors=0, monitoring_suspended=False)
2025-11-26 09:21:31 | INFO | MONITOR_SLEEP | Sleeping for 20s (base=20s, consecutive_errors=0, monitoring_suspended=False)
2025-11-26 09:21:51 | INFO | MONITOR_SLEEP | Sleeping for 20s (base=20s, consecutive_errors=0, monitoring_suspended=False)
2025-11-26 09:22:11 | INFO | MONITOR | Paper trades checked (next in 60s)
2025-11-26 09:22:11 | INFO | MONITOR_SLEEP | Sleeping for 20s (base=20s, consecutive_errors=0, monitoring_suspended=False)
2025-11-26 09:22:31 | INFO | MONITOR_SLEEP | Sleeping for 20s (base=20s, consecutive_errors=0, monitoring_suspended=False)
2025-11-26 09:22:51 | INFO | MONITOR_SLEEP | Sleeping for 20s (base=20s, consecutive_errors=0, monitoring_suspended=False)
2025-11-26 09:23:11 | INFO | MONITOR | Paper trades checked (next in 60s)
2025-11-26 09:23:11 | INFO | MONITOR_SLEEP | Sleeping for 20s (base=20s, consecutive_errors=0, monitoring_suspended=False)
2025-11-26 09:23:31 | INFO | MONITOR_SLEEP | Sleeping for 20s (base=20s, consecutive_errors=0, monitoring_suspended=False)
2025-11-26 09:23:51 | INFO | MONITOR_SLEEP | Sleeping for 20s (base=20s, consecutive_errors=0, monitoring_suspended=False)
2025-11-26 09:24:11 | INFO | MONITOR | Paper trades checked (next in 60s)
2025-11-26 09:24:11 | INFO | MONITOR_SLEEP | Sleeping for 20s (base=20s, consecutive_errors=0, monitoring_suspended=False)
2025-11-26 09:24:31 | INFO | MONITOR_SLEEP | Sleeping for 20s (base=20s, consecutive_errors=0, monitoring_suspended=False)
2025-11-26 09:24:51 | INFO | MONITOR_SLEEP | Sleeping for 20s (base=20s, consecutive_errors=0, monitoring_suspended=False)
2025-11-26 09:25:11 | INFO | MONITOR | Paper trades checked (next in 60s)
2025-11-26 09:25:11 | INFO | MONITOR_SLEEP | Sleeping for 20s (base=20s, consecutive_errors=0, monitoring_suspended=False)
2025-11-26 09:25:31 | INFO | MONITOR_SLEEP | Sleeping for 20s (base=20s, consecutive_errors=0, monitoring_suspended=False)
2025-11-26 09:25:51 | INFO | MONITOR_SLEEP | Sleeping for 20s (base=20s, consecutive_errors=0, monitoring_suspended=False)
2025-11-26 09:26:11 | INFO | MONITOR | Paper trades checked (next in 60s)
2025-11-26 09:26:11 | INFO | MONITOR_SLEEP | Sleeping for 20s (base=20s, consecutive_errors=0, monitoring_suspended=False)
2025-11-26 09:26:31 | INFO | MONITOR_SLEEP | Sleeping for 20s (base=20s, consecutive_errors=0, monitoring_suspended=False)
2025-11-26 09:26:51 | INFO | MONITOR_SLEEP | Sleeping for 20s (base=20s, consecutive_errors=0, monitoring_suspended=False)
2025-11-26 09:27:11 | INFO | MONITOR | Paper trades checked (next in 60s)
2025-11-26 09:27:11 | INFO | MONITOR_SLEEP | Sleeping for 20s (base=20s, consecutive_errors=0, monitoring_suspended=False)
2025-11-26 09:27:31 | INFO | MONITOR_SLEEP | Sleeping for 20s (base=20s, consecutive_errors=0, monitoring_suspended=False)
2025-11-26 09:27:51 | INFO | MONITOR_SLEEP | Sleeping for 20s (base=20s, consecutive_errors=0, monitoring_suspended=False)
2025-11-26 09:28:11 | INFO | MONITOR | Paper trades checked (next in 60s)
2025-11-26 09:28:11 | INFO | MONITOR_SLEEP | Sleeping for 20s (base=20s, consecutive_errors=0, monitoring_suspended=False)
2025-11-26 09:28:31 | INFO | MONITOR_SLEEP | Sleeping for 20s (base=20s, consecutive_errors=0, monitoring_suspended=False)
2025-11-26 09:28:51 | INFO | MONITOR_SLEEP | Sleeping for 20s (base=20s, consecutive_errors=0, monitoring_suspended=False)
2025-11-26 09:29:11 | INFO | MONITOR | Paper trades checked (next in 60s)
2025-11-26 09:29:11 | INFO | MONITOR_SLEEP | Sleeping for 20s (base=20s, consecutive_errors=0, monitoring_suspended=False)
2025-11-26 09:29:31 | INFO | MONITOR_SLEEP | Sleeping for 20s (base=20s, consecutive_errors=0, monitoring_suspended=False)
2025-11-26 09:29:51 | INFO | MONITOR_SLEEP | Sleeping for 20s (base=20s, consecutive_errors=0, monitoring_suspended=False)
2025-11-26 09:30:11 | INFO | MONITOR | Paper trades checked (next in 60s)
2025-11-26 09:30:11 | INFO | MONITOR_SLEEP | Sleeping for 20s (base=20s, consecutive_errors=0, monitoring_suspended=False)
2025-11-26 09:30:31 | INFO | MONITOR_SLEEP | Sleeping for 20s (base=20s, consecutive_errors=0, monitoring_suspended=False)
2025-11-26 09:30:51 | INFO | MONITOR_SLEEP | Sleeping for 20s (base=20s, consecutive_errors=0, monitoring_suspended=False)
2025-11-26 09:31:11 | INFO | MONITOR | Paper trades checked (next in 60s)
2025-11-26 09:31:11 | INFO | MONITOR_SLEEP | Sleeping for 20s (base=20s, consecutive_errors=0, monitoring_suspended=False)
2025-11-26 09:31:31 | INFO | MONITOR_SLEEP | Sleeping for 20s (base=20s, consecutive_errors=0, monitoring_suspended=False)
2025-11-26 09:31:51 | INFO | MONITOR_SLEEP | Sleeping for 20s (base=20s, consecutive_errors=0, monitoring_suspended=False)
2025-11-26 09:32:11 | INFO | MONITOR | Paper trades checked (next in 60s)
2025-11-26 09:32:11 | INFO | MONITOR_SLEEP | Sleeping for 20s (base=20s, consecutive_errors=0, monitoring_suspended=False)
2025-11-26 09:32:31 | INFO | MONITOR_SLEEP | Sleeping for 20s (base=20s, consecutive_errors=0, monitoring_suspended=False)
2025-11-26 09:32:51 | INFO | MONITOR_SLEEP | Sleeping for 20s (base=20s, consecutive_errors=0, monitoring_suspended=False)
2025-11-26 09:33:11 | INFO | MONITOR | Paper trades checked (next in 60s)
2025-11-26 09:33:11 | INFO | MONITOR_SLEEP | Sleeping for 20s (base=20s, consecutive_errors=0, monitoring_suspended=False)
2025-11-26 09:33:31 | INFO | MONITOR_SLEEP | Sleeping for 20s (base=20s, consecutive_errors=0, monitoring_suspended=False)
2025-11-26 09:33:51 | INFO | MONITOR_SLEEP | Sleeping for 20s (base=20s, consecutive_errors=0, monitoring_suspended=False)
2025-11-26 09:34:11 | INFO | MONITOR | Paper trades checked (next in 60s)
2025-11-26 09:34:11 | INFO | MONITOR_SLEEP | Sleeping for 20s (base=20s, consecutive_errors=0, monitoring_suspended=False)
2025-11-26 09:34:31 | INFO | MONITOR_SLEEP | Sleeping for 20s (base=20s, consecutive_errors=0, monitoring_suspended=False)
2025-11-26 09:34:51 | INFO | MONITOR_SLEEP | Sleeping for 20s (base=20s, consecutive_errors=0, monitoring_suspended=False)
2025-11-26 09:35:11 | INFO | MONITOR | Paper trades checked (next in 60s)
2025-11-26 09:35:11 | INFO | MONITOR_SLEEP | Sleeping for 20s (base=20s, consecutive_errors=0, monitoring_suspended=False)
2025-11-26 09:35:31 | INFO | MONITOR_SLEEP | Sleeping for 20s (base=20s, consecutive_errors=0, monitoring_suspended=False)
2025-11-26 09:35:51 | INFO | MONITOR_SLEEP | Sleeping for 20s (base=20s, consecutive_errors=0, monitoring_suspended=False)
2025-11-26 09:36:11 | INFO | MONITOR | Paper trades checked (next in 60s)
2025-11-26 09:36:11 | INFO | MONITOR_SLEEP | Sleeping for 20s (base=20s, consecutive_errors=0, monitoring_suspended=False)
2025-11-26 09:36:31 | INFO | MONITOR_SLEEP | Sleeping for 20s (base=20s, consecutive_errors=0, monitoring_suspended=False)
2025-11-26 09:36:51 | INFO | MONITOR_SLEEP | Sleeping for 20s (base=20s, consecutive_errors=0, monitoring_suspended=False)
2025-11-26 09:37:11 | INFO | MONITOR | Paper trades checked (next in 60s)
2025-11-26 09:37:11 | INFO | MONITOR_SLEEP | Sleeping for 20s (base=20s, consecutive_errors=0, monitoring_suspended=False)
2025-11-26 09:37:31 | INFO | MONITOR_SLEEP | Sleeping for 20s (base=20s, consecutive_errors=0, monitoring_suspended=False)
2025-11-26 09:37:51 | INFO | MONITOR_SLEEP | Sleeping for 20s (base=20s, consecutive_errors=0, monitoring_suspended=False)
2025-11-26 09:38:11 | INFO | MONITOR | Paper trades checked (next in 60s)
2025-11-26 09:38:11 | INFO | MONITOR_SLEEP | Sleeping for 20s (base=20s, consecutive_errors=0, monitoring_suspended=False)
2025-11-26 09:38:31 | INFO | MONITOR_SLEEP | Sleeping for 20s (base=20s, consecutive_errors=0, monitoring_suspended=False)
2025-11-26 09:38:51 | INFO | MONITOR_SLEEP | Sleeping for 20s (base=20s, consecutive_errors=0, monitoring_suspended=False)
2025-11-26 09:39:11 | INFO | MONITOR | Paper trades checked (next in 60s)
2025-11-26 09:39:11 | INFO | MONITOR_SLEEP | Sleeping for 20s (base=20s, consecutive_errors=0, monitoring_suspended=False)
2025-11-26 09:39:31 | INFO | MONITOR_SLEEP | Sleeping for 20s (base=20s, consecutive_errors=0, monitoring_suspended=False)
2025-11-26 09:39:51 | INFO | MONITOR_SLEEP | Sleeping for 20s (base=20s, consecutive_errors=0, monitoring_suspended=False)
2025-11-26 09:40:11 | INFO | MONITOR | Paper trades checked (next in 60s)
2025-11-26 09:40:11 | INFO | MONITOR_SLEEP | Sleeping for 20s (base=20s, consecutive_errors=0, monitoring_suspended=False)
2025-11-26 09:40:31 | INFO | MONITOR_SLEEP | Sleeping for 20s (base=20s, consecutive_errors=0, monitoring_suspended=False)
2025-11-26 09:40:51 | INFO | MONITOR_SLEEP | Sleeping for 20s (base=20s, consecutive_errors=0, monitoring_suspended=False)
2025-11-26 09:41:11 | INFO | MONITOR | Paper trades checked (next in 60s)
2025-11-26 09:41:11 | INFO | MONITOR_SLEEP | Sleeping for 20s (base=20s, consecutive_errors=0, monitoring_suspended=False)
2025-11-26 09:41:31 | INFO | MONITOR_SLEEP | Sleeping for 20s (base=20s, consecutive_errors=0, monitoring_suspended=False)
2025-11-26 09:41:51 | INFO | MONITOR_SLEEP | Sleeping for 20s (base=20s, consecutive_errors=0, monitoring_suspended=False)
2025-11-26 09:42:11 | INFO | MONITOR | Paper trades checked (next in 60s)
2025-11-26 09:42:11 | INFO | MONITOR_SLEEP | Sleeping for 20s (base=20s, consecutive_errors=0, monitoring_suspended=False)
2025-11-26 09:42:31 | INFO | MONITOR_SLEEP | Sleeping for 20s (base=20s, consecutive_errors=0, monitoring_suspended=False)
2025-11-26 09:42:51 | INFO | MONITOR_SLEEP | Sleeping for 20s (base=20s, consecutive_errors=0, monitoring_suspended=False)
2025-11-26 09:43:11 | INFO | MONITOR | Paper trades checked (next in 60s)
2025-11-26 09:43:11 | INFO | MONITOR_SLEEP | Sleeping for 20s (base=20s, consecutive_errors=0, monitoring_suspended=False)
2025-11-26 09:43:31 | INFO | MONITOR_SLEEP | Sleeping for 20s (base=20s, consecutive_errors=0, monitoring_suspended=False)
2025-11-26 09:43:51 | INFO | MONITOR_SLEEP | Sleeping for 20s (base=20s, consecutive_errors=0, monitoring_suspended=False)
2025-11-26 09:44:11 | INFO | MONITOR | Paper trades checked (next in 60s)
2025-11-26 09:44:11 | INFO | MONITOR_SLEEP | Sleeping for 20s (base=20s, consecutive_errors=0, monitoring_suspended=False)
2025-11-26 09:44:31 | INFO | MONITOR_SLEEP | Sleeping for 20s (base=20s, consecutive_errors=0, monitoring_suspended=False)
2025-11-26 09:44:51 | INFO | MONITOR_SLEEP | Sleeping for 20s (base=20s, consecutive_errors=0, monitoring_suspended=False)
2025-11-26 09:45:11 | INFO | MONITOR | Paper trades checked (next in 60s)
2025-11-26 09:45:11 | INFO | MONITOR_SLEEP | Sleeping for 20s (base=20s, consecutive_errors=0, monitoring_suspended=False)
2025-11-26 09:45:31 | INFO | MONITOR_SLEEP | Sleeping for 20s (base=20s, consecutive_errors=0, monitoring_suspended=False)
2025-11-26 09:45:51 | INFO | MONITOR_SLEEP | Sleeping for 20s (base=20s, consecutive_errors=0, monitoring_suspended=False)
2025-11-26 09:46:11 | INFO | MONITOR | Paper trades checked (next in 60s)
2025-11-26 09:46:11 | INFO | MONITOR_SLEEP | Sleeping for 20s (base=20s, consecutive_errors=0, monitoring_suspended=False)
2025-11-26 09:46:31 | INFO | MONITOR_SLEEP | Sleeping for 20s (base=20s, consecutive_errors=0, monitoring_suspended=False)
2025-11-26 09:46:51 | INFO | MONITOR_SLEEP | Sleeping for 20s (base=20s, consecutive_errors=0, monitoring_suspended=False)
2025-11-26 09:47:11 | INFO | MONITOR | Paper trades checked (next in 60s)
2025-11-26 09:47:11 | INFO | MONITOR_SLEEP | Sleeping for 20s (base=20s, consecutive_errors=0, monitoring_suspended=False)
2025-11-26 09:47:31 | INFO | MONITOR_SLEEP | Sleeping for 20s (base=20s, consecutive_errors=0, monitoring_suspended=False)
2025-11-26 09:47:51 | INFO | MONITOR_SLEEP | Sleeping for 20s (base=20s, consecutive_errors=0, monitoring_suspended=False)
2025-11-26 09:48:11 | INFO | MONITOR | Paper trades checked (next in 60s)
2025-11-26 09:48:11 | INFO | MONITOR_SLEEP | Sleeping for 20s (base=20s, consecutive_errors=0, monitoring_suspended=False)
2025-11-26 09:48:31 | INFO | MONITOR_SLEEP | Sleeping for 20s (base=20s, consecutive_errors=0, monitoring_suspended=False)
2025-11-26 09:48:51 | INFO | MONITOR_SLEEP | Sleeping for 20s (base=20s, consecutive_errors=0, monitoring_suspended=False)
2025-11-26 09:49:11 | INFO | MONITOR | Paper trades checked (next in 60s)
2025-11-26 09:49:11 | INFO | MONITOR_SLEEP | Sleeping for 20s (base=20s, consecutive_errors=0, monitoring_suspended=False)
2025-11-26 09:49:31 | INFO | MONITOR_SLEEP | Sleeping for 20s (base=20s, consecutive_errors=0, monitoring_suspended=False)
2025-11-26 09:49:51 | INFO | MONITOR_SLEEP | Sleeping for 20s (base=20s, consecutive_errors=0, monitoring_suspended=False)
2025-11-26 09:50:11 | INFO | MONITOR | Paper trades checked (next in 60s)
2025-11-26 09:50:11 | INFO | MONITOR_SLEEP | Sleeping for 20s (base=20s, consecutive_errors=0, monitoring_suspended=False)
2025-11-26 09:50:31 | INFO | MONITOR_SLEEP | Sleeping for 20s (base=20s, consecutive_errors=0, monitoring_suspended=False)
2025-11-26 09:50:51 | INFO | MONITOR_SLEEP | Sleeping for 20s (base=20s, consecutive_errors=0, monitoring_suspended=False)
2025-11-26 09:51:11 | INFO | MONITOR | Paper trades checked (next in 60s)
2025-11-26 09:51:11 | INFO | MONITOR_SLEEP | Sleeping for 20s (base=20s, consecutive_errors=0, monitoring_suspended=False)
2025-11-26 09:51:31 | INFO | MONITOR_SLEEP | Sleeping for 20s (base=20s, consecutive_errors=0, monitoring_suspended=False)
2025-11-26 09:51:51 | INFO | MONITOR_SLEEP | Sleeping for 20s (base=20s, consecutive_errors=0, monitoring_suspended=False)
2025-11-26 09:52:11 | INFO | MONITOR | Paper trades checked (next in 60s)
2025-11-26 09:52:11 | INFO | MONITOR_SLEEP | Sleeping for 20s (base=20s, consecutive_errors=0, monitoring_suspended=False)
2025-11-26 09:52:31 | INFO | MONITOR_SLEEP | Sleeping for 20s (base=20s, consecutive_errors=0, monitoring_suspended=False)
2025-11-26 09:52:51 | INFO | MONITOR_SLEEP | Sleeping for 20s (base=20s, consecutive_errors=0, monitoring_suspended=False)
2025-11-26 09:53:11 | INFO | MONITOR | Paper trades checked (next in 60s)
2025-11-26 09:53:11 | INFO | MONITOR_SLEEP | Sleeping for 20s (base=20s, consecutive_errors=0, monitoring_suspended=False)
2025-11-26 09:53:31 | INFO | MONITOR_SLEEP | Sleeping for 20s (base=20s, consecutive_errors=0, monitoring_suspended=False)
2025-11-26 09:53:51 | INFO | MONITOR_SLEEP | Sleeping for 20s (base=20s, consecutive_errors=0, monitoring_suspended=False)
2025-11-26 09:54:11 | INFO | MONITOR | Paper trades checked (next in 60s)
2025-11-26 09:54:11 | INFO | MONITOR_SLEEP | Sleeping for 20s (base=20s, consecutive_errors=0, monitoring_suspended=False)
2025-11-26 09:54:31 | INFO | MONITOR_SLEEP | Sleeping for 20s (base=20s, consecutive_errors=0, monitoring_suspended=False)
2025-11-26 09:54:51 | INFO | MONITOR_SLEEP | Sleeping for 20s (base=20s, consecutive_errors=0, monitoring_suspended=False)
2025-11-26 09:55:11 | INFO | MONITOR | Paper trades checked (next in 60s)
2025-11-26 09:55:11 | INFO | MONITOR_SLEEP | Sleeping for 20s (base=20s, consecutive_errors=0, monitoring_suspended=False)
2025-11-26 09:55:31 | INFO | MONITOR_SLEEP | Sleeping for 20s (base=20s, consecutive_errors=0, monitoring_suspended=False)
2025-11-26 09:55:51 | INFO | MONITOR_SLEEP | Sleeping for 20s (base=20s, consecutive_errors=0, monitoring_suspended=False)
2025-11-26 09:56:11 | INFO | MONITOR | Paper trades checked (next in 60s)
2025-11-26 09:56:11 | INFO | MONITOR_SLEEP | Sleeping for 20s (base=20s, consecutive_errors=0, monitoring_suspended=False)
2025-11-26 09:56:31 | INFO | MONITOR_SLEEP | Sleeping for 20s (base=20s, consecutive_errors=0, monitoring_suspended=False)
2025-11-26 09:56:51 | INFO | MONITOR_SLEEP | Sleeping for 20s (base=20s, consecutive_errors=0, monitoring_suspended=False)
2025-11-26 09:57:11 | INFO | MONITOR | Paper trades checked (next in 60s)
2025-11-26 09:57:11 | INFO | MONITOR_SLEEP | Sleeping for 20s (base=20s, consecutive_errors=0, monitoring_suspended=False)
2025-11-26 09:57:31 | INFO | MONITOR_SLEEP | Sleeping for 20s (base=20s, consecutive_errors=0, monitoring_suspended=False)
2025-11-26 09:57:51 | INFO | MONITOR_SLEEP | Sleeping for 20s (base=20s, consecutive_errors=0, monitoring_suspended=False)
2025-11-26 09:58:11 | INFO | MONITOR | Paper trades checked (next in 60s)
2025-11-26 09:58:11 | INFO | MONITOR_SLEEP | Sleeping for 20s (base=20s, consecutive_errors=0, monitoring_suspended=False)
2025-11-26 09:58:31 | INFO | MONITOR_SLEEP | Sleeping for 20s (base=20s, consecutive_errors=0, monitoring_suspended=False)
2025-11-26 09:58:51 | INFO | MONITOR_SLEEP | Sleeping for 20s (base=20s, consecutive_errors=0, monitoring_suspended=False)
2025-11-26 09:59:11 | INFO | MONITOR | Paper trades checked (next in 60s)
2025-11-26 09:59:11 | INFO | MONITOR_SLEEP | Sleeping for 20s (base=20s, consecutive_errors=0, monitoring_suspended=False)
2025-11-26 09:59:31 | INFO | MONITOR_SLEEP | Sleeping for 20s (base=20s, consecutive_errors=0, monitoring_suspended=False)
2025-11-26 09:59:51 | INFO | MONITOR_SLEEP | Sleeping for 20s (base=20s, consecutive_errors=0, monitoring_suspended=False)
2025-11-26 10:00:11 | INFO | MONITOR | Paper trades checked (next in 60s)
2025-11-26 10:00:11 | INFO | MONITOR_SLEEP | Sleeping for 20s (base=20s, consecutive_errors=0, monitoring_suspended=False)
2025-11-26 10:00:31 | INFO | MONITOR_SLEEP | Sleeping for 20s (base=20s, consecutive_errors=0, monitoring_suspended=False)
2025-11-26 10:00:51 | INFO | MONITOR_SLEEP | Sleeping for 20s (base=20s, consecutive_errors=0, monitoring_suspended=False)
2025-11-26 10:01:11 | INFO | MONITOR | Paper trades checked (next in 60s)
2025-11-26 10:01:11 | INFO | MONITOR_SLEEP | Sleeping for 20s (base=20s, consecutive_errors=0, monitoring_suspended=False)
2025-11-26 10:01:31 | INFO | MONITOR_SLEEP | Sleeping for 20s (base=20s, consecutive_errors=0, monitoring_suspended=False)
2025-11-26 10:01:51 | INFO | MONITOR_SLEEP | Sleeping for 20s (base=20s, consecutive_errors=0, monitoring_suspended=False)
2025-11-26 10:02:11 | INFO | MONITOR | Paper trades checked (next in 60s)
2025-11-26 10:02:11 | INFO | MONITOR_SLEEP | Sleeping for 20s (base=20s, consecutive_errors=0, monitoring_suspended=False)
2025-11-26 10:02:31 | INFO | MONITOR_SLEEP | Sleeping for 20s (base=20s, consecutive_errors=0, monitoring_suspended=False)
2025-11-26 10:02:51 | INFO | MONITOR_SLEEP | Sleeping for 20s (base=20s, consecutive_errors=0, monitoring_suspended=False)
2025-11-26 10:03:11 | INFO | MONITOR | Paper trades checked (next in 60s)
2025-11-26 10:03:11 | INFO | MONITOR_SLEEP | Sleeping for 20s (base=20s, consecutive_errors=0, monitoring_suspended=False)
2025-11-26 10:03:31 | INFO | MONITOR_SLEEP | Sleeping for 20s (base=20s, consecutive_errors=0, monitoring_suspended=False)
2025-11-26 10:03:51 | INFO | MONITOR_SLEEP | Sleeping for 20s (base=20s, consecutive_errors=0, monitoring_suspended=False)
2025-11-26 10:04:11 | INFO | MONITOR | Paper trades checked (next in 60s)
2025-11-26 10:04:11 | INFO | MONITOR_SLEEP | Sleeping for 20s (base=20s, consecutive_errors=0, monitoring_suspended=False)
2025-11-26 10:04:31 | INFO | MONITOR_SLEEP | Sleeping for 20s (base=20s, consecutive_errors=0, monitoring_suspended=False)
2025-11-26 10:04:51 | INFO | MONITOR_SLEEP | Sleeping for 20s (base=20s, consecutive_errors=0, monitoring_suspended=False)
2025-11-26 10:05:11 | INFO | MONITOR | Paper trades checked (next in 60s)
2025-11-26 10:05:11 | INFO | MONITOR_SLEEP | Sleeping for 20s (base=20s, consecutive_errors=0, monitoring_suspended=False)
2025-11-26 10:05:31 | INFO | MONITOR_SLEEP | Sleeping for 20s (base=20s, consecutive_errors=0, monitoring_suspended=False)
2025-11-26 10:05:51 | INFO | MONITOR_SLEEP | Sleeping for 20s (base=20s, consecutive_errors=0, monitoring_suspended=False)
2025-11-26 10:06:11 | INFO | MONITOR | Paper trades checked (next in 60s)
2025-11-26 10:06:11 | INFO | MONITOR_SLEEP | Sleeping for 20s (base=20s, consecutive_errors=0, monitoring_suspended=False)
2025-11-26 10:06:31 | INFO | MONITOR_SLEEP | Sleeping for 20s (base=20s, consecutive_errors=0, monitoring_suspended=False)
2025-11-26 10:06:51 | INFO | MONITOR_SLEEP | Sleeping for 20s (base=20s, consecutive_errors=0, monitoring_suspended=False)
2025-11-26 10:07:11 | INFO | MONITOR | Paper trades checked (next in 60s)
2025-11-26 10:07:11 | INFO | MONITOR_SLEEP | Sleeping for 20s (base=20s, consecutive_errors=0, monitoring_suspended=False)
2025-11-26 10:07:31 | INFO | MONITOR_SLEEP | Sleeping for 20s (base=20s, consecutive_errors=0, monitoring_suspended=False)
2025-11-26 10:07:51 | INFO | MONITOR_SLEEP | Sleeping for 20s (base=20s, consecutive_errors=0, monitoring_suspended=False)
2025-11-26 10:08:11 | INFO | MONITOR | Paper trades checked (next in 60s)
2025-11-26 10:08:11 | INFO | MONITOR_SLEEP | Sleeping for 20s (base=20s, consecutive_errors=0, monitoring_suspended=False)
2025-11-26 10:08:31 | INFO | MONITOR_SLEEP | Sleeping for 20s (base=20s, consecutive_errors=0, monitoring_suspended=False)
2025-11-26 10:08:51 | INFO | MONITOR_SLEEP | Sleeping for 20s (base=20s, consecutive_errors=0, monitoring_suspended=False)
2025-11-26 10:09:11 | INFO | MONITOR | Paper trades checked (next in 60s)
2025-11-26 10:09:11 | INFO | MONITOR_SLEEP | Sleeping for 20s (base=20s, consecutive_errors=0, monitoring_suspended=False)
2025-11-26 10:09:31 | INFO | MONITOR_SLEEP | Sleeping for 20s (base=20s, consecutive_errors=0, monitoring_suspended=False)
2025-11-26 10:09:51 | INFO | MONITOR_SLEEP | Sleeping for 20s (base=20s, consecutive_errors=0, monitoring_suspended=False)
2025-11-26 10:10:11 | INFO | MONITOR | Paper trades checked (next in 60s)
2025-11-26 10:10:11 | INFO | MONITOR_SLEEP | Sleeping for 20s (base=20s, consecutive_errors=0, monitoring_suspended=False)
2025-11-26 10:10:31 | INFO | MONITOR_SLEEP | Sleeping for 20s (base=20s, consecutive_errors=0, monitoring_suspended=False)
2025-11-26 10:10:51 | INFO | MONITOR_SLEEP | Sleeping for 20s (base=20s, consecutive_errors=0, monitoring_suspended=False)
2025-11-26 10:11:11 | INFO | MONITOR | Paper trades checked (next in 60s)
2025-11-26 10:11:11 | INFO | MONITOR_SLEEP | Sleeping for 20s (base=20s, consecutive_errors=0, monitoring_suspended=False)
2025-11-26 10:11:31 | INFO | MONITOR_SLEEP | Sleeping for 20s (base=20s, consecutive_errors=0, monitoring_suspended=False)
2025-11-26 10:11:51 | INFO | MONITOR_SLEEP | Sleeping for 20s (base=20s, consecutive_errors=0, monitoring_suspended=False)
2025-11-26 10:12:11 | INFO | MONITOR | Paper trades checked (next in 60s)
2025-11-26 10:12:11 | INFO | MONITOR_SLEEP | Sleeping for 20s (base=20s, consecutive_errors=0, monitoring_suspended=False)
2025-11-26 10:12:31 | INFO | MONITOR_SLEEP | Sleeping for 20s (base=20s, consecutive_errors=0, monitoring_suspended=False)
2025-11-26 10:12:51 | INFO | MONITOR_SLEEP | Sleeping for 20s (base=20s, consecutive_errors=0, monitoring_suspended=False)
2025-11-26 10:13:11 | INFO | MONITOR | Paper trades checked (next in 60s)
2025-11-26 10:13:11 | INFO | MONITOR_SLEEP | Sleeping for 20s (base=20s, consecutive_errors=0, monitoring_suspended=False)
2025-11-26 10:13:31 | INFO | MONITOR_SLEEP | Sleeping for 20s (base=20s, consecutive_errors=0, monitoring_suspended=False)
2025-11-26 10:13:51 | INFO | MONITOR_SLEEP | Sleeping for 20s (base=20s, consecutive_errors=0, monitoring_suspended=False)
2025-11-26 10:14:11 | INFO | MONITOR | Paper trades checked (next in 60s)
2025-11-26 10:14:11 | INFO | MONITOR_SLEEP | Sleeping for 20s (base=20s, consecutive_errors=0, monitoring_suspended=False)
2025-11-26 10:14:31 | INFO | MONITOR_SLEEP | Sleeping for 20s (base=20s, consecutive_errors=0, monitoring_suspended=False)
2025-11-26 10:14:51 | INFO | MONITOR_SLEEP | Sleeping for 20s (base=20s, consecutive_errors=0, monitoring_suspended=False)
2025-11-26 10:15:11 | INFO | MONITOR | Paper trades checked (next in 60s)
2025-11-26 10:15:11 | INFO | MONITOR_SLEEP | Sleeping for 20s (base=20s, consecutive_errors=0, monitoring_suspended=False)
2025-11-26 10:15:31 | INFO | MONITOR_SLEEP | Sleeping for 20s (base=20s, consecutive_errors=0, monitoring_suspended=False)
2025-11-26 10:15:51 | INFO | MONITOR_SLEEP | Sleeping for 20s (base=20s, consecutive_errors=0, monitoring_suspended=False)
2025-11-26 10:16:11 | INFO | MONITOR | Paper trades checked (next in 60s)
2025-11-26 10:16:11 | INFO | MONITOR_SLEEP | Sleeping for 20s (base=20s, consecutive_errors=0, monitoring_suspended=False)
2025-11-26 10:16:31 | INFO | MONITOR_SLEEP | Sleeping for 20s (base=20s, consecutive_errors=0, monitoring_suspended=False)
2025-11-26 10:16:51 | INFO | MONITOR_SLEEP | Sleeping for 20s (base=20s, consecutive_errors=0, monitoring_suspended=False)
2025-11-26 10:17:11 | INFO | MONITOR | Paper trades checked (next in 60s)
2025-11-26 10:17:11 | INFO | MONITOR_SLEEP | Sleeping for 20s (base=20s, consecutive_errors=0, monitoring_suspended=False)
2025-11-26 10:17:31 | INFO | MONITOR_SLEEP | Sleeping for 20s (base=20s, consecutive_errors=0, monitoring_suspended=False)
2025-11-26 10:17:51 | INFO | MONITOR_SLEEP | Sleeping for 20s (base=20s, consecutive_errors=0, monitoring_suspended=False)
2025-11-26 10:18:11 | INFO | MONITOR | Paper trades checked (next in 60s)
2025-11-26 10:18:11 | INFO | MONITOR_SLEEP | Sleeping for 20s (base=20s, consecutive_errors=0, monitoring_suspended=False)
2025-11-26 10:18:31 | INFO | MONITOR_SLEEP | Sleeping for 20s (base=20s, consecutive_errors=0, monitoring_suspended=False)
2025-11-26 10:18:51 | INFO | MONITOR_SLEEP | Sleeping for 20s (base=20s, consecutive_errors=0, monitoring_suspended=False)
2025-11-26 10:19:11 | INFO | MONITOR | Paper trades checked (next in 60s)
2025-11-26 10:19:11 | INFO | MONITOR_SLEEP | Sleeping for 20s (base=20s, consecutive_errors=0, monitoring_suspended=False)
2025-11-26 10:19:31 | INFO | MONITOR_SLEEP | Sleeping for 20s (base=20s, consecutive_errors=0, monitoring_suspended=False)
2025-11-26 10:19:51 | INFO | MONITOR_SLEEP | Sleeping for 20s (base=20s, consecutive_errors=0, monitoring_suspended=False)
2025-11-26 10:20:11 | INFO | MONITOR | Paper trades checked (next in 60s)
2025-11-26 10:20:11 | INFO | MONITOR_SLEEP | Sleeping for 20s (base=20s, consecutive_errors=0, monitoring_suspended=False)
2025-11-26 10:20:31 | INFO | MONITOR_SLEEP | Sleeping for 20s (base=20s, consecutive_errors=0, monitoring_suspended=False)
2025-11-26 10:20:51 | INFO | MONITOR_SLEEP | Sleeping for 20s (base=20s, consecutive_errors=0, monitoring_suspended=False)
2025-11-26 10:21:11 | INFO | MONITOR | Paper trades checked (next in 60s)
2025-11-26 10:21:11 | INFO | MONITOR_SLEEP | Sleeping for 20s (base=20s, consecutive_errors=0, monitoring_suspended=False)
2025-11-26 10:21:31 | INFO | MONITOR_SLEEP | Sleeping for 20s (base=20s, consecutive_errors=0, monitoring_suspended=False)
2025-11-26 10:21:51 | INFO | MONITOR_SLEEP | Sleeping for 20s (base=20s, consecutive_errors=0, monitoring_suspended=False)
2025-11-26 10:22:11 | INFO | MONITOR | Paper trades checked (next in 60s)
2025-11-26 10:22:11 | INFO | MONITOR_SLEEP | Sleeping for 20s (base=20s, consecutive_errors=0, monitoring_suspended=False)
2025-11-26 10:22:31 | INFO | MONITOR_SLEEP | Sleeping for 20s (base=20s, consecutive_errors=0, monitoring_suspended=False)
2025-11-26 10:22:51 | INFO | MONITOR_SLEEP | Sleeping for 20s (base=20s, consecutive_errors=0, monitoring_suspended=False)
2025-11-26 10:23:11 | INFO | MONITOR | Paper trades checked (next in 60s)
2025-11-26 10:23:11 | INFO | MONITOR_SLEEP | Sleeping for 20s (base=20s, consecutive_errors=0, monitoring_suspended=False)
2025-11-26 10:23:31 | INFO | MONITOR_SLEEP | Sleeping for 20s (base=20s, consecutive_errors=0, monitoring_suspended=False)
2025-11-26 10:23:51 | INFO | MONITOR_SLEEP | Sleeping for 20s (base=20s, consecutive_errors=0, monitoring_suspended=False)
2025-11-26 10:24:11 | INFO | MONITOR | Paper trades checked (next in 60s)
2025-11-26 10:24:11 | INFO | MONITOR_SLEEP | Sleeping for 20s (base=20s, consecutive_errors=0, monitoring_suspended=False)
2025-11-26 10:24:31 | INFO | MONITOR_SLEEP | Sleeping for 20s (base=20s, consecutive_errors=0, monitoring_suspended=False)
2025-11-26 10:24:51 | INFO | MONITOR_SLEEP | Sleeping for 20s (base=20s, consecutive_errors=0, monitoring_suspended=False)
2025-11-26 10:25:11 | INFO | MONITOR | Paper trades checked (next in 60s)
2025-11-26 10:25:11 | INFO | MONITOR_SLEEP | Sleeping for 20s (base=20s, consecutive_errors=0, monitoring_suspended=False)
2025-11-26 10:25:31 | INFO | MONITOR_SLEEP | Sleeping for 20s (base=20s, consecutive_errors=0, monitoring_suspended=False)
2025-11-26 10:25:51 | INFO | MONITOR_SLEEP | Sleeping for 20s (base=20s, consecutive_errors=0, monitoring_suspended=False)
2025-11-26 10:26:11 | INFO | MONITOR | Paper trades checked (next in 60s)
2025-11-26 10:26:11 | INFO | MONITOR_SLEEP | Sleeping for 20s (base=20s, consecutive_errors=0, monitoring_suspended=False)
2025-11-26 10:26:31 | INFO | MONITOR_SLEEP | Sleeping for 20s (base=20s, consecutive_errors=0, monitoring_suspended=False)
2025-11-26 10:26:51 | INFO | MONITOR_SLEEP | Sleeping for 20s (base=20s, consecutive_errors=0, monitoring_suspended=False)
2025-11-26 10:27:11 | INFO | MONITOR | Paper trades checked (next in 60s)
2025-11-26 10:27:11 | INFO | MONITOR_SLEEP | Sleeping for 20s (base=20s, consecutive_errors=0, monitoring_suspended=False)
2025-11-26 10:27:31 | INFO | MONITOR_SLEEP | Sleeping for 20s (base=20s, consecutive_errors=0, monitoring_suspended=False)
2025-11-26 10:27:51 | INFO | MONITOR_SLEEP | Sleeping for 20s (base=20s, consecutive_errors=0, monitoring_suspended=False)
2025-11-26 10:28:11 | INFO | MONITOR | Paper trades checked (next in 60s)
2025-11-26 10:28:11 | INFO | MONITOR_SLEEP | Sleeping for 20s (base=20s, consecutive_errors=0, monitoring_suspended=False)
2025-11-26 10:28:31 | INFO | MONITOR_SLEEP | Sleeping for 20s (base=20s, consecutive_errors=0, monitoring_suspended=False)
2025-11-26 10:28:51 | INFO | MONITOR_SLEEP | Sleeping for 20s (base=20s, consecutive_errors=0, monitoring_suspended=False)
2025-11-26 10:29:11 | INFO | MONITOR | Paper trades checked (next in 60s)
2025-11-26 10:29:11 | INFO | MONITOR_SLEEP | Sleeping for 20s (base=20s, consecutive_errors=0, monitoring_suspended=False)
2025-11-26 10:29:31 | INFO | MONITOR_SLEEP | Sleeping for 20s (base=20s, consecutive_errors=0, monitoring_suspended=False)
2025-11-26 10:29:51 | INFO | MONITOR_SLEEP | Sleeping for 20s (base=20s, consecutive_errors=0, monitoring_suspended=False)
2025-11-26 10:30:11 | INFO | MONITOR | Paper trades checked (next in 60s)
2025-11-26 10:30:11 | INFO | MONITOR_SLEEP | Sleeping for 20s (base=20s, consecutive_errors=0, monitoring_suspended=False)
2025-11-26 10:30:31 | INFO | MONITOR_SLEEP | Sleeping for 20s (base=20s, consecutive_errors=0, monitoring_suspended=False)
2025-11-26 10:30:51 | INFO | MONITOR_SLEEP | Sleeping for 20s (base=20s, consecutive_errors=0, monitoring_suspended=False)
2025-11-26 10:31:11 | INFO | MONITOR | Paper trades checked (next in 60s)
2025-11-26 10:31:11 | INFO | MONITOR_SLEEP | Sleeping for 20s (base=20s, consecutive_errors=0, monitoring_suspended=False)
2025-11-26 10:31:31 | INFO | MONITOR_SLEEP | Sleeping for 20s (base=20s, consecutive_errors=0, monitoring_suspended=False)
2025-11-26 10:31:51 | INFO | MONITOR_SLEEP | Sleeping for 20s (base=20s, consecutive_errors=0, monitoring_suspended=False)
2025-11-26 10:32:11 | INFO | MONITOR | Paper trades checked (next in 60s)
2025-11-26 10:32:11 | INFO | MONITOR_SLEEP | Sleeping for 20s (base=20s, consecutive_errors=0, monitoring_suspended=False)
2025-11-26 10:32:31 | INFO | MONITOR_SLEEP | Sleeping for 20s (base=20s, consecutive_errors=0, monitoring_suspended=False)
2025-11-26 10:32:51 | INFO | MONITOR_SLEEP | Sleeping for 20s (base=20s, consecutive_errors=0, monitoring_suspended=False)
2025-11-26 10:33:11 | INFO | MONITOR | Paper trades checked (next in 60s)
2025-11-26 10:33:11 | INFO | MONITOR_SLEEP | Sleeping for 20s (base=20s, consecutive_errors=0, monitoring_suspended=False)
2025-11-26 10:33:31 | INFO | MONITOR_SLEEP | Sleeping for 20s (base=20s, consecutive_errors=0, monitoring_suspended=False)
2025-11-26 10:33:51 | INFO | MONITOR_SLEEP | Sleeping for 20s (base=20s, consecutive_errors=0, monitoring_suspended=False)
2025-11-26 10:34:11 | INFO | MONITOR | Paper trades checked (next in 60s)
2025-11-26 10:34:11 | INFO | MONITOR_SLEEP | Sleeping for 20s (base=20s, consecutive_errors=0, monitoring_suspended=False)
2025-11-26 10:34:31 | INFO | MONITOR_SLEEP | Sleeping for 20s (base=20s, consecutive_errors=0, monitoring_suspended=False)
2025-11-26 10:34:51 | INFO | MONITOR_SLEEP | Sleeping for 20s (base=20s, consecutive_errors=0, monitoring_suspended=False)
2025-11-26 10:35:11 | INFO | MONITOR | Paper trades checked (next in 60s)
2025-11-26 10:35:11 | INFO | MONITOR_SLEEP | Sleeping for 20s (base=20s, consecutive_errors=0, monitoring_suspended=False)
2025-11-26 10:35:31 | INFO | MONITOR_SLEEP | Sleeping for 20s (base=20s, consecutive_errors=0, monitoring_suspended=False)
2025-11-26 10:35:51 | INFO | MONITOR_SLEEP | Sleeping for 20s (base=20s, consecutive_errors=0, monitoring_suspended=False)
2025-11-26 10:36:11 | INFO | MONITOR | Paper trades checked (next in 60s)
2025-11-26 10:36:11 | INFO | MONITOR_SLEEP | Sleeping for 20s (base=20s, consecutive_errors=0, monitoring_suspended=False)
2025-11-26 10:36:31 | INFO | MONITOR_SLEEP | Sleeping for 20s (base=20s, consecutive_errors=0, monitoring_suspended=False)
2025-11-26 10:36:51 | INFO | MONITOR_SLEEP | Sleeping for 20s (base=20s, consecutive_errors=0, monitoring_suspended=False)
2025-11-26 10:37:11 | INFO | MONITOR | Paper trades checked (next in 60s)
2025-11-26 10:37:11 | INFO | MONITOR_SLEEP | Sleeping for 20s (base=20s, consecutive_errors=0, monitoring_suspended=False)
2025-11-26 10:37:31 | INFO | MONITOR_SLEEP | Sleeping for 20s (base=20s, consecutive_errors=0, monitoring_suspended=False)
2025-11-26 10:37:51 | INFO | MONITOR_SLEEP | Sleeping for 20s (base=20s, consecutive_errors=0, monitoring_suspended=False)
2025-11-26 10:38:11 | INFO | MONITOR | Paper trades checked (next in 60s)
2025-11-26 10:38:11 | INFO | MONITOR_SLEEP | Sleeping for 20s (base=20s, consecutive_errors=0, monitoring_suspended=False)
2025-11-26 10:38:31 | INFO | MONITOR_SLEEP | Sleeping for 20s (base=20s, consecutive_errors=0, monitoring_suspended=False)
2025-11-26 10:38:51 | INFO | MONITOR_SLEEP | Sleeping for 20s (base=20s, consecutive_errors=0, monitoring_suspended=False)
2025-11-26 10:39:11 | INFO | MONITOR | Paper trades checked (next in 60s)
2025-11-26 10:39:11 | INFO | MONITOR_SLEEP | Sleeping for 20s (base=20s, consecutive_errors=0, monitoring_suspended=False)
2025-11-26 10:39:31 | INFO | MONITOR_SLEEP | Sleeping for 20s (base=20s, consecutive_errors=0, monitoring_suspended=False)
2025-11-26 10:39:51 | INFO | MONITOR_SLEEP | Sleeping for 20s (base=20s, consecutive_errors=0, monitoring_suspended=False)
2025-11-26 10:40:11 | INFO | MONITOR | Paper trades checked (next in 60s)
2025-11-26 10:40:11 | INFO | MONITOR_SLEEP | Sleeping for 20s (base=20s, consecutive_errors=0, monitoring_suspended=False)
2025-11-26 10:40:31 | INFO | MONITOR_SLEEP | Sleeping for 20s (base=20s, consecutive_errors=0, monitoring_suspended=False)
2025-11-26 10:40:51 | INFO | MONITOR_SLEEP | Sleeping for 20s (base=20s, consecutive_errors=0, monitoring_suspended=False)
2025-11-26 10:41:11 | INFO | MONITOR | Paper trades checked (next in 60s)
2025-11-26 10:41:11 | INFO | MONITOR_SLEEP | Sleeping for 20s (base=20s, consecutive_errors=0, monitoring_suspended=False)
2025-11-26 10:41:31 | INFO | MONITOR_SLEEP | Sleeping for 20s (base=20s, consecutive_errors=0, monitoring_suspended=False)
2025-11-26 10:41:51 | INFO | MONITOR_SLEEP | Sleeping for 20s (base=20s, consecutive_errors=0, monitoring_suspended=False)
2025-11-26 10:42:11 | INFO | MONITOR | Paper trades checked (next in 60s)
2025-11-26 10:42:11 | INFO | MONITOR_SLEEP | Sleeping for 20s (base=20s, consecutive_errors=0, monitoring_suspended=False)
2025-11-26 10:42:31 | INFO | MONITOR_SLEEP | Sleeping for 20s (base=20s, consecutive_errors=0, monitoring_suspended=False)
2025-11-26 10:42:51 | INFO | MONITOR_SLEEP | Sleeping for 20s (base=20s, consecutive_errors=0, monitoring_suspended=False)
2025-11-26 10:43:11 | INFO | MONITOR | Paper trades checked (next in 60s)
2025-11-26 10:43:11 | INFO | MONITOR_SLEEP | Sleeping for 20s (base=20s, consecutive_errors=0, monitoring_suspended=False)
2025-11-26 10:43:31 | INFO | MONITOR_SLEEP | Sleeping for 20s (base=20s, consecutive_errors=0, monitoring_suspended=False)
2025-11-26 10:43:51 | INFO | MONITOR_SLEEP | Sleeping for 20s (base=20s, consecutive_errors=0, monitoring_suspended=False)
2025-11-26 10:44:11 | INFO | MONITOR | Paper trades checked (next in 60s)
2025-11-26 10:44:11 | INFO | MONITOR_SLEEP | Sleeping for 20s (base=20s, consecutive_errors=0, monitoring_suspended=False)
2025-11-26 10:44:31 | INFO | MONITOR_SLEEP | Sleeping for 20s (base=20s, consecutive_errors=0, monitoring_suspended=False)
2025-11-26 10:44:51 | INFO | MONITOR_SLEEP | Sleeping for 20s (base=20s, consecutive_errors=0, monitoring_suspended=False)
2025-11-26 10:45:11 | INFO | MONITOR | Paper trades checked (next in 60s)
2025-11-26 10:45:11 | INFO | MONITOR_SLEEP | Sleeping for 20s (base=20s, consecutive_errors=0, monitoring_suspended=False)
2025-11-26 10:45:31 | INFO | MONITOR_SLEEP | Sleeping for 20s (base=20s, consecutive_errors=0, monitoring_suspended=False)
2025-11-26 10:45:51 | INFO | MONITOR_SLEEP | Sleeping for 20s (base=20s, consecutive_errors=0, monitoring_suspended=False)
2025-11-26 10:46:11 | INFO | MONITOR | Paper trades checked (next in 60s)
2025-11-26 10:46:11 | INFO | MONITOR_SLEEP | Sleeping for 20s (base=20s, consecutive_errors=0, monitoring_suspended=False)
2025-11-26 10:46:31 | INFO | MONITOR_SLEEP | Sleeping for 20s (base=20s, consecutive_errors=0, monitoring_suspended=False)
2025-11-26 10:46:51 | INFO | MONITOR_SLEEP | Sleeping for 20s (base=20s, consecutive_errors=0, monitoring_suspended=False)
2025-11-26 10:47:11 | INFO | MONITOR | Paper trades checked (next in 60s)
2025-11-26 10:47:11 | INFO | MONITOR_SLEEP | Sleeping for 20s (base=20s, consecutive_errors=0, monitoring_suspended=False)
2025-11-26 10:47:31 | INFO | MONITOR_SLEEP | Sleeping for 20s (base=20s, consecutive_errors=0, monitoring_suspended=False)
2025-11-26 10:47:51 | INFO | MONITOR_SLEEP | Sleeping for 20s (base=20s, consecutive_errors=0, monitoring_suspended=False)
2025-11-26 10:48:11 | INFO | MONITOR | Paper trades checked (next in 60s)
2025-11-26 10:48:11 | INFO | MONITOR_SLEEP | Sleeping for 20s (base=20s, consecutive_errors=0, monitoring_suspended=False)
2025-11-26 10:48:31 | INFO | MONITOR_SLEEP | Sleeping for 20s (base=20s, consecutive_errors=0, monitoring_suspended=False)
2025-11-26 10:48:51 | INFO | MONITOR_SLEEP | Sleeping for 20s (base=20s, consecutive_errors=0, monitoring_suspended=False)
2025-11-26 10:49:11 | INFO | MONITOR | Paper trades checked (next in 60s)
2025-11-26 10:49:11 | INFO | MONITOR_SLEEP | Sleeping for 20s (base=20s, consecutive_errors=0, monitoring_suspended=False)
2025-11-26 10:49:31 | INFO | MONITOR_SLEEP | Sleeping for 20s (base=20s, consecutive_errors=0, monitoring_suspended=False)
2025-11-26 10:49:51 | INFO | MONITOR_SLEEP | Sleeping for 20s (base=20s, consecutive_errors=0, monitoring_suspended=False)
2025-11-26 10:50:11 | INFO | MONITOR | Paper trades checked (next in 60s)
2025-11-26 10:50:11 | INFO | MONITOR_SLEEP | Sleeping for 20s (base=20s, consecutive_errors=0, monitoring_suspended=False)
2025-11-26 10:50:31 | INFO | MONITOR_SLEEP | Sleeping for 20s (base=20s, consecutive_errors=0, monitoring_suspended=False)
2025-11-26 10:50:51 | INFO | MONITOR_SLEEP | Sleeping for 20s (base=20s, consecutive_errors=0, monitoring_suspended=False)
2025-11-26 10:51:11 | INFO | MONITOR | Paper trades checked (next in 60s)
2025-11-26 10:51:11 | INFO | MONITOR_SLEEP | Sleeping for 20s (base=20s, consecutive_errors=0, monitoring_suspended=False)
2025-11-26 10:51:31 | INFO | MONITOR_SLEEP | Sleeping for 20s (base=20s, consecutive_errors=0, monitoring_suspended=False)
2025-11-26 10:51:51 | INFO | MONITOR_SLEEP | Sleeping for 20s (base=20s, consecutive_errors=0, monitoring_suspended=False)
2025-11-26 10:52:11 | INFO | MONITOR | Paper trades checked (next in 60s)
2025-11-26 10:52:11 | INFO | MONITOR_SLEEP | Sleeping for 20s (base=20s, consecutive_errors=0, monitoring_suspended=False)
2025-11-26 10:52:31 | INFO | MONITOR_SLEEP | Sleeping for 20s (base=20s, consecutive_errors=0, monitoring_suspended=False)
2025-11-26 10:52:51 | INFO | MONITOR_SLEEP | Sleeping for 20s (base=20s, consecutive_errors=0, monitoring_suspended=False)
2025-11-26 10:53:11 | INFO | MONITOR | Paper trades checked (next in 60s)
2025-11-26 10:53:11 | INFO | MONITOR_SLEEP | Sleeping for 20s (base=20s, consecutive_errors=0, monitoring_suspended=False)
2025-11-26 10:53:31 | INFO | MONITOR_SLEEP | Sleeping for 20s (base=20s, consecutive_errors=0, monitoring_suspended=False)
2025-11-26 10:53:51 | INFO | MONITOR_SLEEP | Sleeping for 20s (base=20s, consecutive_errors=0, monitoring_suspended=False)
2025-11-26 10:54:11 | INFO | MONITOR | Paper trades checked (next in 60s)
2025-11-26 10:54:11 | INFO | MONITOR_SLEEP | Sleeping for 20s (base=20s, consecutive_errors=0, monitoring_suspended=False)
2025-11-26 10:54:31 | INFO | MONITOR_SLEEP | Sleeping for 20s (base=20s, consecutive_errors=0, monitoring_suspended=False)
2025-11-26 10:54:51 | INFO | MONITOR_SLEEP | Sleeping for 20s (base=20s, consecutive_errors=0, monitoring_suspended=False)
2025-11-26 10:55:11 | INFO | MONITOR | Paper trades checked (next in 60s)
2025-11-26 10:55:11 | INFO | MONITOR_SLEEP | Sleeping for 20s (base=20s, consecutive_errors=0, monitoring_suspended=False)
2025-11-26 10:55:31 | INFO | MONITOR_SLEEP | Sleeping for 20s (base=20s, consecutive_errors=0, monitoring_suspended=False)
2025-11-26 10:55:51 | INFO | MONITOR_SLEEP | Sleeping for 20s (base=20s, consecutive_errors=0, monitoring_suspended=False)
2025-11-26 10:56:11 | INFO | MONITOR | Paper trades checked (next in 60s)
2025-11-26 10:56:11 | INFO | MONITOR_SLEEP | Sleeping for 20s (base=20s, consecutive_errors=0, monitoring_suspended=False)
2025-11-26 10:56:31 | INFO | MONITOR_SLEEP | Sleeping for 20s (base=20s, consecutive_errors=0, monitoring_suspended=False)
2025-11-26 10:56:51 | INFO | MONITOR_SLEEP | Sleeping for 20s (base=20s, consecutive_errors=0, monitoring_suspended=False)
2025-11-26 10:57:11 | INFO | MONITOR | Paper trades checked (next in 60s)
2025-11-26 10:57:11 | INFO | MONITOR_SLEEP | Sleeping for 20s (base=20s, consecutive_errors=0, monitoring_suspended=False)
2025-11-26 10:57:31 | INFO | MONITOR_SLEEP | Sleeping for 20s (base=20s, consecutive_errors=0, monitoring_suspended=False)
2025-11-26 10:57:51 | INFO | MONITOR_SLEEP | Sleeping for 20s (base=20s, consecutive_errors=0, monitoring_suspended=False)
2025-11-26 10:58:11 | INFO | MONITOR | Paper trades checked (next in 60s)
2025-11-26 10:58:11 | INFO | MONITOR_SLEEP | Sleeping for 20s (base=20s, consecutive_errors=0, monitoring_suspended=False)
2025-11-26 10:58:31 | INFO | MONITOR_SLEEP | Sleeping for 20s (base=20s, consecutive_errors=0, monitoring_suspended=False)
2025-11-26 10:58:51 | INFO | MONITOR_SLEEP | Sleeping for 20s (base=20s, consecutive_errors=0, monitoring_suspended=False)
2025-11-26 10:59:11 | INFO | MONITOR | Paper trades checked (next in 60s)
2025-11-26 10:59:11 | INFO | MONITOR_SLEEP | Sleeping for 20s (base=20s, consecutive_errors=0, monitoring_suspended=False)
2025-11-26 10:59:31 | INFO | MONITOR_SLEEP | Sleeping for 20s (base=20s, consecutive_errors=0, monitoring_suspended=False)
2025-11-26 10:59:51 | INFO | MONITOR_SLEEP | Sleeping for 20s (base=20s, consecutive_errors=0, monitoring_suspended=False)
2025-11-26 11:00:11 | INFO | MONITOR | Paper trades checked (next in 60s)
2025-11-26 11:00:11 | INFO | MONITOR_SLEEP | Sleeping for 20s (base=20s, consecutive_errors=0, monitoring_suspended=False)
2025-11-26 11:00:31 | INFO | MONITOR_SLEEP | Sleeping for 20s (base=20s, consecutive_errors=0, monitoring_suspended=False)
2025-11-26 11:00:51 | INFO | MONITOR_SLEEP | Sleeping for 20s (base=20s, consecutive_errors=0, monitoring_suspended=False)
2025-11-26 11:01:11 | INFO | MONITOR | Paper trades checked (next in 60s)
2025-11-26 11:01:11 | INFO | MONITOR_SLEEP | Sleeping for 20s (base=20s, consecutive_errors=0, monitoring_suspended=False)
2025-11-26 11:01:31 | INFO | MONITOR_SLEEP | Sleeping for 20s (base=20s, consecutive_errors=0, monitoring_suspended=False)
2025-11-26 11:01:51 | INFO | MONITOR_SLEEP | Sleeping for 20s (base=20s, consecutive_errors=0, monitoring_suspended=False)
2025-11-26 11:02:11 | INFO | MONITOR | Paper trades checked (next in 60s)
2025-11-26 11:02:11 | INFO | MONITOR_SLEEP | Sleeping for 20s (base=20s, consecutive_errors=0, monitoring_suspended=False)
2025-11-26 11:02:31 | INFO | MONITOR_SLEEP | Sleeping for 20s (base=20s, consecutive_errors=0, monitoring_suspended=False)
2025-11-26 11:02:51 | INFO | MONITOR_SLEEP | Sleeping for 20s (base=20s, consecutive_errors=0, monitoring_suspended=False)
2025-11-26 11:03:11 | INFO | MONITOR | Paper trades checked (next in 60s)
2025-11-26 11:03:11 | INFO | MONITOR_SLEEP | Sleeping for 20s (base=20s, consecutive_errors=0, monitoring_suspended=False)
2025-11-26 11:03:31 | INFO | MONITOR_SLEEP | Sleeping for 20s (base=20s, consecutive_errors=0, monitoring_suspended=False)
2025-11-26 11:03:51 | INFO | MONITOR_SLEEP | Sleeping for 20s (base=20s, consecutive_errors=0, monitoring_suspended=False)
2025-11-26 11:04:11 | INFO | MONITOR | Paper trades checked (next in 60s)
2025-11-26 11:04:11 | INFO | MONITOR_SLEEP | Sleeping for 20s (base=20s, consecutive_errors=0, monitoring_suspended=False)
2025-11-26 11:04:31 | INFO | MONITOR_SLEEP | Sleeping for 20s (base=20s, consecutive_errors=0, monitoring_suspended=False)
2025-11-26 11:04:51 | INFO | MONITOR_SLEEP | Sleeping for 20s (base=20s, consecutive_errors=0, monitoring_suspended=False)
2025-11-26 11:05:11 | INFO | MONITOR | Paper trades checked (next in 60s)
2025-11-26 11:05:11 | INFO | MONITOR_SLEEP | Sleeping for 20s (base=20s, consecutive_errors=0, monitoring_suspended=False)
2025-11-26 11:05:31 | INFO | MONITOR_SLEEP | Sleeping for 20s (base=20s, consecutive_errors=0, monitoring_suspended=False)
2025-11-26 11:05:51 | INFO | MONITOR_SLEEP | Sleeping for 20s (base=20s, consecutive_errors=0, monitoring_suspended=False)
2025-11-26 11:06:11 | INFO | MONITOR | Paper trades checked (next in 60s)
2025-11-26 11:06:11 | INFO | MONITOR_SLEEP | Sleeping for 20s (base=20s, consecutive_errors=0, monitoring_suspended=False)
2025-11-26 11:06:31 | INFO | MONITOR_SLEEP | Sleeping for 20s (base=20s, consecutive_errors=0, monitoring_suspended=False)
2025-11-26 11:06:51 | INFO | MONITOR_SLEEP | Sleeping for 20s (base=20s, consecutive_errors=0, monitoring_suspended=False)
2025-11-26 11:07:11 | INFO | MONITOR | Paper trades checked (next in 60s)
2025-11-26 11:07:11 | INFO | MONITOR_SLEEP | Sleeping for 20s (base=20s, consecutive_errors=0, monitoring_suspended=False)
2025-11-26 11:07:31 | INFO | MONITOR_SLEEP | Sleeping for 20s (base=20s, consecutive_errors=0, monitoring_suspended=False)
2025-11-26 11:07:51 | INFO | MONITOR_SLEEP | Sleeping for 20s (base=20s, consecutive_errors=0, monitoring_suspended=False)
2025-11-26 11:08:11 | INFO | MONITOR | Paper trades checked (next in 60s)
2025-11-26 11:08:11 | INFO | MONITOR_SLEEP | Sleeping for 20s (base=20s, consecutive_errors=0, monitoring_suspended=False)
2025-11-26 11:08:31 | INFO | MONITOR_SLEEP | Sleeping for 20s (base=20s, consecutive_errors=0, monitoring_suspended=False)
2025-11-26 11:08:51 | INFO | MONITOR_SLEEP | Sleeping for 20s (base=20s, consecutive_errors=0, monitoring_suspended=False)
2025-11-26 11:09:11 | INFO | MONITOR | Paper trades checked (next in 60s)
2025-11-26 11:09:11 | INFO | MONITOR_SLEEP | Sleeping for 20s (base=20s, consecutive_errors=0, monitoring_suspended=False)
2025-11-26 11:09:31 | INFO | MONITOR_SLEEP | Sleeping for 20s (base=20s, consecutive_errors=0, monitoring_suspended=False)
2025-11-26 11:09:51 | INFO | MONITOR_SLEEP | Sleeping for 20s (base=20s, consecutive_errors=0, monitoring_suspended=False)
2025-11-26 11:10:11 | INFO | MONITOR | Paper trades checked (next in 60s)
2025-11-26 11:10:11 | INFO | MONITOR_SLEEP | Sleeping for 20s (base=20s, consecutive_errors=0, monitoring_suspended=False)
2025-11-26 11:10:31 | INFO | MONITOR_SLEEP | Sleeping for 20s (base=20s, consecutive_errors=0, monitoring_suspended=False)
2025-11-26 11:10:51 | INFO | MONITOR_SLEEP | Sleeping for 20s (base=20s, consecutive_errors=0, monitoring_suspended=False)
2025-11-26 11:11:11 | INFO | MONITOR | Paper trades checked (next in 60s)
2025-11-26 11:11:11 | INFO | MONITOR_SLEEP | Sleeping for 20s (base=20s, consecutive_errors=0, monitoring_suspended=False)
2025-11-26 11:11:31 | INFO | MONITOR_SLEEP | Sleeping for 20s (base=20s, consecutive_errors=0, monitoring_suspended=False)
2025-11-26 11:11:51 | INFO | MONITOR_SLEEP | Sleeping for 20s (base=20s, consecutive_errors=0, monitoring_suspended=False)
2025-11-26 11:12:11 | INFO | MONITOR | Paper trades checked (next in 60s)
2025-11-26 11:12:11 | INFO | MONITOR_SLEEP | Sleeping for 20s (base=20s, consecutive_errors=0, monitoring_suspended=False)
2025-11-26 11:12:31 | INFO | MONITOR_SLEEP | Sleeping for 20s (base=20s, consecutive_errors=0, monitoring_suspended=False)
2025-11-26 11:12:51 | INFO | MONITOR_SLEEP | Sleeping for 20s (base=20s, consecutive_errors=0, monitoring_suspended=False)
2025-11-26 11:13:11 | INFO | MONITOR | Paper trades checked (next in 60s)
2025-11-26 11:13:11 | INFO | MONITOR_SLEEP | Sleeping for 20s (base=20s, consecutive_errors=0, monitoring_suspended=False)
2025-11-26 11:13:31 | INFO | MONITOR_SLEEP | Sleeping for 20s (base=20s, consecutive_errors=0, monitoring_suspended=False)
2025-11-26 11:13:51 | INFO | MONITOR_SLEEP | Sleeping for 20s (base=20s, consecutive_errors=0, monitoring_suspended=False)
2025-11-26 11:14:11 | INFO | MONITOR | Paper trades checked (next in 60s)
2025-11-26 11:14:11 | INFO | MONITOR_SLEEP | Sleeping for 20s (base=20s, consecutive_errors=0, monitoring_suspended=False)
2025-11-26 11:14:31 | INFO | MONITOR_SLEEP | Sleeping for 20s (base=20s, consecutive_errors=0, monitoring_suspended=False)
2025-11-26 11:14:51 | INFO | MONITOR_SLEEP | Sleeping for 20s (base=20s, consecutive_errors=0, monitoring_suspended=False)
2025-11-26 11:15:11 | INFO | MONITOR | Paper trades checked (next in 60s)
2025-11-26 11:15:11 | INFO | MONITOR_SLEEP | Sleeping for 20s (base=20s, consecutive_errors=0, monitoring_suspended=False)
2025-11-26 11:15:31 | INFO | MONITOR_SLEEP | Sleeping for 20s (base=20s, consecutive_errors=0, monitoring_suspended=False)
2025-11-26 11:15:51 | INFO | MONITOR_SLEEP | Sleeping for 20s (base=20s, consecutive_errors=0, monitoring_suspended=False)
2025-11-26 11:16:11 | INFO | MONITOR | Paper trades checked (next in 60s)
2025-11-26 11:16:11 | INFO | MONITOR_SLEEP | Sleeping for 20s (base=20s, consecutive_errors=0, monitoring_suspended=False)
2025-11-26 11:16:31 | INFO | MONITOR_SLEEP | Sleeping for 20s (base=20s, consecutive_errors=0, monitoring_suspended=False)
2025-11-26 11:16:51 | INFO | MONITOR_SLEEP | Sleeping for 20s (base=20s, consecutive_errors=0, monitoring_suspended=False)
2025-11-26 11:17:11 | INFO | MONITOR | Paper trades checked (next in 60s)
2025-11-26 11:17:11 | INFO | MONITOR_SLEEP | Sleeping for 20s (base=20s, consecutive_errors=0, monitoring_suspended=False)
2025-11-26 11:17:31 | INFO | MONITOR_SLEEP | Sleeping for 20s (base=20s, consecutive_errors=0, monitoring_suspended=False)
2025-11-26 11:17:51 | INFO | MONITOR_SLEEP | Sleeping for 20s (base=20s, consecutive_errors=0, monitoring_suspended=False)
2025-11-26 11:18:11 | INFO | MONITOR | Paper trades checked (next in 60s)
2025-11-26 11:18:11 | INFO | MONITOR_SLEEP | Sleeping for 20s (base=20s, consecutive_errors=0, monitoring_suspended=False)
2025-11-26 11:18:31 | INFO | MONITOR_SLEEP | Sleeping for 20s (base=20s, consecutive_errors=0, monitoring_suspended=False)
2025-11-26 11:18:51 | INFO | MONITOR_SLEEP | Sleeping for 20s (base=20s, consecutive_errors=0, monitoring_suspended=False)
2025-11-26 11:19:11 | INFO | MONITOR | Paper trades checked (next in 60s)
2025-11-26 11:19:11 | INFO | MONITOR_SLEEP | Sleeping for 20s (base=20s, consecutive_errors=0, monitoring_suspended=False)
2025-11-26 11:19:31 | INFO | MONITOR_SLEEP | Sleeping for 20s (base=20s, consecutive_errors=0, monitoring_suspended=False)
2025-11-26 11:19:51 | INFO | MONITOR_SLEEP | Sleeping for 20s (base=20s, consecutive_errors=0, monitoring_suspended=False)
2025-11-26 11:20:11 | INFO | MONITOR | Paper trades checked (next in 60s)
2025-11-26 11:20:11 | INFO | MONITOR_SLEEP | Sleeping for 20s (base=20s, consecutive_errors=0, monitoring_suspended=False)
2025-11-26 11:20:31 | INFO | MONITOR_SLEEP | Sleeping for 20s (base=20s, consecutive_errors=0, monitoring_suspended=False)
2025-11-26 11:20:51 | INFO | MONITOR_SLEEP | Sleeping for 20s (base=20s, consecutive_errors=0, monitoring_suspended=False)
2025-11-26 11:21:11 | INFO | MONITOR | Paper trades checked (next in 60s)
2025-11-26 11:21:11 | INFO | MONITOR_SLEEP | Sleeping for 20s (base=20s, consecutive_errors=0, monitoring_suspended=False)
2025-11-26 11:21:31 | INFO | MONITOR_SLEEP | Sleeping for 20s (base=20s, consecutive_errors=0, monitoring_suspended=False)
2025-11-26 11:21:51 | INFO | MONITOR_SLEEP | Sleeping for 20s (base=20s, consecutive_errors=0, monitoring_suspended=False)
2025-11-26 11:22:11 | INFO | MONITOR | Paper trades checked (next in 60s)
2025-11-26 11:22:11 | INFO | MONITOR_SLEEP | Sleeping for 20s (base=20s, consecutive_errors=0, monitoring_suspended=False)
2025-11-26 11:22:31 | INFO | MONITOR_SLEEP | Sleeping for 20s (base=20s, consecutive_errors=0, monitoring_suspended=False)
2025-11-26 11:22:51 | INFO | MONITOR_SLEEP | Sleeping for 20s (base=20s, consecutive_errors=0, monitoring_suspended=False)
2025-11-26 11:23:11 | INFO | MONITOR | Paper trades checked (next in 60s)
2025-11-26 11:23:11 | INFO | MONITOR_SLEEP | Sleeping for 20s (base=20s, consecutive_errors=0, monitoring_suspended=False)
2025-11-26 11:23:31 | INFO | MONITOR_SLEEP | Sleeping for 20s (base=20s, consecutive_errors=0, monitoring_suspended=False)
2025-11-26 11:23:51 | INFO | MONITOR_SLEEP | Sleeping for 20s (base=20s, consecutive_errors=0, monitoring_suspended=False)
2025-11-26 11:24:11 | INFO | MONITOR | Paper trades checked (next in 60s)
2025-11-26 11:24:11 | INFO | MONITOR_SLEEP | Sleeping for 20s (base=20s, consecutive_errors=0, monitoring_suspended=False)
2025-11-26 11:24:31 | INFO | MONITOR_SLEEP | Sleeping for 20s (base=20s, consecutive_errors=0, monitoring_suspended=False)
2025-11-26 11:24:51 | INFO | MONITOR_SLEEP | Sleeping for 20s (base=20s, consecutive_errors=0, monitoring_suspended=False)
2025-11-26 11:25:11 | INFO | MONITOR | Paper trades checked (next in 60s)
2025-11-26 11:25:11 | INFO | MONITOR_SLEEP | Sleeping for 20s (base=20s, consecutive_errors=0, monitoring_suspended=False)
2025-11-26 11:25:31 | INFO | MONITOR_SLEEP | Sleeping for 20s (base=20s, consecutive_errors=0, monitoring_suspended=False)
2025-11-26 11:25:51 | INFO | MONITOR_SLEEP | Sleeping for 20s (base=20s, consecutive_errors=0, monitoring_suspended=False)
2025-11-26 11:26:11 | INFO | MONITOR | Paper trades checked (next in 60s)
2025-11-26 11:26:11 | INFO | MONITOR_SLEEP | Sleeping for 20s (base=20s, consecutive_errors=0, monitoring_suspended=False)
2025-11-26 11:26:31 | INFO | MONITOR_SLEEP | Sleeping for 20s (base=20s, consecutive_errors=0, monitoring_suspended=False)
2025-11-26 11:26:51 | INFO | MONITOR_SLEEP | Sleeping for 20s (base=20s, consecutive_errors=0, monitoring_suspended=False)
2025-11-26 11:27:11 | INFO | MONITOR | Paper trades checked (next in 60s)
2025-11-26 11:27:12 | INFO | MONITOR_SLEEP | Sleeping for 20s (base=20s, consecutive_errors=0, monitoring_suspended=False)
2025-11-26 11:27:32 | INFO | MONITOR_SLEEP | Sleeping for 20s (base=20s, consecutive_errors=0, monitoring_suspended=False)
2025-11-26 11:27:52 | INFO | MONITOR_SLEEP | Sleeping for 20s (base=20s, consecutive_errors=0, monitoring_suspended=False)
2025-11-26 11:28:12 | INFO | MONITOR | Paper trades checked (next in 60s)
2025-11-26 11:28:12 | INFO | MONITOR_SLEEP | Sleeping for 20s (base=20s, consecutive_errors=0, monitoring_suspended=False)
2025-11-26 11:28:32 | INFO | MONITOR_SLEEP | Sleeping for 20s (base=20s, consecutive_errors=0, monitoring_suspended=False)
2025-11-26 11:28:52 | INFO | MONITOR_SLEEP | Sleeping for 20s (base=20s, consecutive_errors=0, monitoring_suspended=False)
2025-11-26 11:29:12 | INFO | MONITOR | Paper trades checked (next in 60s)
2025-11-26 11:29:12 | INFO | MONITOR_SLEEP | Sleeping for 20s (base=20s, consecutive_errors=0, monitoring_suspended=False)
2025-11-26 11:29:32 | INFO | MONITOR_SLEEP | Sleeping for 20s (base=20s, consecutive_errors=0, monitoring_suspended=False)
2025-11-26 11:29:52 | INFO | MONITOR_SLEEP | Sleeping for 20s (base=20s, consecutive_errors=0, monitoring_suspended=False)
2025-11-26 11:30:12 | INFO | MONITOR | Paper trades checked (next in 60s)
2025-11-26 11:30:12 | INFO | MONITOR_SLEEP | Sleeping for 20s (base=20s, consecutive_errors=0, monitoring_suspended=False)
2025-11-26 11:30:32 | INFO | MONITOR_SLEEP | Sleeping for 20s (base=20s, consecutive_errors=0, monitoring_suspended=False)
2025-11-26 11:30:52 | INFO | MONITOR_SLEEP | Sleeping for 20s (base=20s, consecutive_errors=0, monitoring_suspended=False)
2025-11-26 11:31:12 | INFO | MONITOR | Paper trades checked (next in 60s)
2025-11-26 11:31:12 | INFO | MONITOR_SLEEP | Sleeping for 20s (base=20s, consecutive_errors=0, monitoring_suspended=False)
2025-11-26 11:31:32 | INFO | MONITOR_SLEEP | Sleeping for 20s (base=20s, consecutive_errors=0, monitoring_suspended=False)
2025-11-26 11:31:52 | INFO | MONITOR_SLEEP | Sleeping for 20s (base=20s, consecutive_errors=0, monitoring_suspended=False)
2025-11-26 11:32:12 | INFO | MONITOR | Paper trades checked (next in 60s)
2025-11-26 11:32:12 | INFO | MONITOR_SLEEP | Sleeping for 20s (base=20s, consecutive_errors=0, monitoring_suspended=False)
2025-11-26 11:32:32 | INFO | MONITOR_SLEEP | Sleeping for 20s (base=20s, consecutive_errors=0, monitoring_suspended=False)
2025-11-26 11:32:52 | INFO | MONITOR_SLEEP | Sleeping for 20s (base=20s, consecutive_errors=0, monitoring_suspended=False)
2025-11-26 11:33:12 | INFO | MONITOR | Paper trades checked (next in 60s)
2025-11-26 11:33:12 | INFO | MONITOR_SLEEP | Sleeping for 20s (base=20s, consecutive_errors=0, monitoring_suspended=False)
2025-11-26 11:33:32 | INFO | MONITOR_SLEEP | Sleeping for 20s (base=20s, consecutive_errors=0, monitoring_suspended=False)
2025-11-26 11:33:52 | INFO | MONITOR_SLEEP | Sleeping for 20s (base=20s, consecutive_errors=0, monitoring_suspended=False)
2025-11-26 11:34:12 | INFO | MONITOR | Paper trades checked (next in 60s)
2025-11-26 11:34:12 | INFO | MONITOR_SLEEP | Sleeping for 20s (base=20s, consecutive_errors=0, monitoring_suspended=False)
2025-11-26 11:34:32 | INFO | MONITOR_SLEEP | Sleeping for 20s (base=20s, consecutive_errors=0, monitoring_suspended=False)
2025-11-26 11:34:52 | INFO | MONITOR_SLEEP | Sleeping for 20s (base=20s, consecutive_errors=0, monitoring_suspended=False)
2025-11-26 11:35:12 | INFO | MONITOR | Paper trades checked (next in 60s)
2025-11-26 11:35:12 | INFO | MONITOR_SLEEP | Sleeping for 20s (base=20s, consecutive_errors=0, monitoring_suspended=False)
2025-11-26 11:35:32 | INFO | MONITOR_SLEEP | Sleeping for 20s (base=20s, consecutive_errors=0, monitoring_suspended=False)
2025-11-26 11:35:52 | INFO | MONITOR_SLEEP | Sleeping for 20s (base=20s, consecutive_errors=0, monitoring_suspended=False)
2025-11-26 11:36:12 | INFO | MONITOR | Paper trades checked (next in 60s)
2025-11-26 11:36:12 | INFO | MONITOR_SLEEP | Sleeping for 20s (base=20s, consecutive_errors=0, monitoring_suspended=False)
2025-11-26 11:36:32 | INFO | MONITOR_SLEEP | Sleeping for 20s (base=20s, consecutive_errors=0, monitoring_suspended=False)
2025-11-26 11:36:52 | INFO | MONITOR_SLEEP | Sleeping for 20s (base=20s, consecutive_errors=0, monitoring_suspended=False)
2025-11-26 11:37:12 | INFO | MONITOR | Paper trades checked (next in 60s)
2025-11-26 11:37:12 | INFO | MONITOR_SLEEP | Sleeping for 20s (base=20s, consecutive_errors=0, monitoring_suspended=False)
2025-11-26 11:37:32 | INFO | MONITOR_SLEEP | Sleeping for 20s (base=20s, consecutive_errors=0, monitoring_suspended=False)
2025-11-26 11:37:52 | INFO | MONITOR_SLEEP | Sleeping for 20s (base=20s, consecutive_errors=0, monitoring_suspended=False)
2025-11-26 11:38:12 | INFO | MONITOR | Paper trades checked (next in 60s)
2025-11-26 11:38:12 | INFO | MONITOR_SLEEP | Sleeping for 20s (base=20s, consecutive_errors=0, monitoring_suspended=False)
2025-11-26 11:38:32 | INFO | MONITOR_SLEEP | Sleeping for 20s (base=20s, consecutive_errors=0, monitoring_suspended=False)
2025-11-26 11:38:52 | INFO | MONITOR_SLEEP | Sleeping for 20s (base=20s, consecutive_errors=0, monitoring_suspended=False)
2025-11-26 11:39:12 | INFO | MONITOR | Paper trades checked (next in 60s)
2025-11-26 11:39:12 | INFO | MONITOR_SLEEP | Sleeping for 20s (base=20s, consecutive_errors=0, monitoring_suspended=False)
2025-11-26 11:39:32 | INFO | MONITOR_SLEEP | Sleeping for 20s (base=20s, consecutive_errors=0, monitoring_suspended=False)
2025-11-26 11:39:52 | INFO | MONITOR_SLEEP | Sleeping for 20s (base=20s, consecutive_errors=0, monitoring_suspended=False)
2025-11-26 11:40:12 | INFO | MONITOR | Paper trades checked (next in 60s)
2025-11-26 11:40:12 | INFO | MONITOR_SLEEP | Sleeping for 20s (base=20s, consecutive_errors=0, monitoring_suspended=False)
2025-11-26 11:40:32 | INFO | MONITOR_SLEEP | Sleeping for 20s (base=20s, consecutive_errors=0, monitoring_suspended=False)
2025-11-26 11:40:52 | INFO | MONITOR_SLEEP | Sleeping for 20s (base=20s, consecutive_errors=0, monitoring_suspended=False)
2025-11-26 11:41:12 | INFO | MONITOR | Paper trades checked (next in 60s)
2025-11-26 11:41:12 | INFO | MONITOR_SLEEP | Sleeping for 20s (base=20s, consecutive_errors=0, monitoring_suspended=False)
2025-11-26 11:41:32 | INFO | MONITOR_SLEEP | Sleeping for 20s (base=20s, consecutive_errors=0, monitoring_suspended=False)
2025-11-26 11:41:52 | INFO | MONITOR_SLEEP | Sleeping for 20s (base=20s, consecutive_errors=0, monitoring_suspended=False)
2025-11-26 11:42:12 | INFO | MONITOR | Paper trades checked (next in 60s)
2025-11-26 11:42:12 | INFO | MONITOR_SLEEP | Sleeping for 20s (base=20s, consecutive_errors=0, monitoring_suspended=False)
2025-11-26 11:42:32 | INFO | MONITOR_SLEEP | Sleeping for 20s (base=20s, consecutive_errors=0, monitoring_suspended=False)
2025-11-26 11:42:52 | INFO | MONITOR_SLEEP | Sleeping for 20s (base=20s, consecutive_errors=0, monitoring_suspended=False)
2025-11-26 11:43:12 | INFO | MONITOR | Paper trades checked (next in 60s)
2025-11-26 11:43:12 | INFO | MONITOR_SLEEP | Sleeping for 20s (base=20s, consecutive_errors=0, monitoring_suspended=False)
2025-11-26 11:43:32 | INFO | MONITOR_SLEEP | Sleeping for 20s (base=20s, consecutive_errors=0, monitoring_suspended=False)
2025-11-26 11:43:52 | INFO | MONITOR_SLEEP | Sleeping for 20s (base=20s, consecutive_errors=0, monitoring_suspended=False)
2025-11-26 11:44:12 | INFO | MONITOR | Paper trades checked (next in 60s)
2025-11-26 11:44:12 | INFO | MONITOR_SLEEP | Sleeping for 20s (base=20s, consecutive_errors=0, monitoring_suspended=False)
2025-11-26 11:44:32 | INFO | MONITOR_SLEEP | Sleeping for 20s (base=20s, consecutive_errors=0, monitoring_suspended=False)
2025-11-26 11:44:52 | INFO | MONITOR_SLEEP | Sleeping for 20s (base=20s, consecutive_errors=0, monitoring_suspended=False)
2025-11-26 11:45:12 | INFO | MONITOR | Paper trades checked (next in 60s)
2025-11-26 11:45:12 | INFO | MONITOR_SLEEP | Sleeping for 20s (base=20s, consecutive_errors=0, monitoring_suspended=False)
2025-11-26 11:45:32 | INFO | MONITOR_SLEEP | Sleeping for 20s (base=20s, consecutive_errors=0, monitoring_suspended=False)
2025-11-26 11:45:52 | INFO | MONITOR_SLEEP | Sleeping for 20s (base=20s, consecutive_errors=0, monitoring_suspended=False)
2025-11-26 11:46:12 | INFO | MONITOR | Paper trades checked (next in 60s)
2025-11-26 11:46:12 | INFO | MONITOR_SLEEP | Sleeping for 20s (base=20s, consecutive_errors=0, monitoring_suspended=False)
2025-11-26 11:46:32 | INFO | MONITOR_SLEEP | Sleeping for 20s (base=20s, consecutive_errors=0, monitoring_suspended=False)
2025-11-26 11:46:52 | INFO | MONITOR_SLEEP | Sleeping for 20s (base=20s, consecutive_errors=0, monitoring_suspended=False)
2025-11-26 11:47:12 | INFO | MONITOR | Paper trades checked (next in 60s)
2025-11-26 11:47:12 | INFO | MONITOR_SLEEP | Sleeping for 20s (base=20s, consecutive_errors=0, monitoring_suspended=False)
2025-11-26 11:47:32 | INFO | MONITOR_SLEEP | Sleeping for 20s (base=20s, consecutive_errors=0, monitoring_suspended=False)
2025-11-26 11:47:52 | INFO | MONITOR_SLEEP | Sleeping for 20s (base=20s, consecutive_errors=0, monitoring_suspended=False)
2025-11-26 11:48:12 | INFO | MONITOR | Paper trades checked (next in 60s)
2025-11-26 11:48:12 | INFO | MONITOR_SLEEP | Sleeping for 20s (base=20s, consecutive_errors=0, monitoring_suspended=False)
2025-11-26 11:48:32 | INFO | MONITOR_SLEEP | Sleeping for 20s (base=20s, consecutive_errors=0, monitoring_suspended=False)
2025-11-26 11:48:52 | INFO | MONITOR_SLEEP | Sleeping for 20s (base=20s, consecutive_errors=0, monitoring_suspended=False)
2025-11-26 11:49:12 | INFO | MONITOR | Paper trades checked (next in 60s)
2025-11-26 11:49:12 | INFO | MONITOR_SLEEP | Sleeping for 20s (base=20s, consecutive_errors=0, monitoring_suspended=False)
2025-11-26 11:49:32 | INFO | MONITOR_SLEEP | Sleeping for 20s (base=20s, consecutive_errors=0, monitoring_suspended=False)
2025-11-26 11:49:52 | INFO | MONITOR_SLEEP | Sleeping for 20s (base=20s, consecutive_errors=0, monitoring_suspended=False)
2025-11-26 11:50:12 | INFO | MONITOR | Paper trades checked (next in 60s)
2025-11-26 11:50:12 | INFO | MONITOR_SLEEP | Sleeping for 20s (base=20s, consecutive_errors=0, monitoring_suspended=False)
2025-11-26 11:50:32 | INFO | MONITOR_SLEEP | Sleeping for 20s (base=20s, consecutive_errors=0, monitoring_suspended=False)
2025-11-26 11:50:52 | INFO | MONITOR_SLEEP | Sleeping for 20s (base=20s, consecutive_errors=0, monitoring_suspended=False)
2025-11-26 11:51:12 | INFO | MONITOR | Paper trades checked (next in 60s)
2025-11-26 11:51:12 | INFO | MONITOR_SLEEP | Sleeping for 20s (base=20s, consecutive_errors=0, monitoring_suspended=False)
2025-11-26 11:51:32 | INFO | MONITOR_SLEEP | Sleeping for 20s (base=20s, consecutive_errors=0, monitoring_suspended=False)
2025-11-26 11:51:52 | INFO | MONITOR_SLEEP | Sleeping for 20s (base=20s, consecutive_errors=0, monitoring_suspended=False)
2025-11-26 11:52:12 | INFO | MONITOR | Paper trades checked (next in 60s)
2025-11-26 11:52:12 | INFO | MONITOR_SLEEP | Sleeping for 20s (base=20s, consecutive_errors=0, monitoring_suspended=False)
2025-11-26 11:52:32 | INFO | MONITOR_SLEEP | Sleeping for 20s (base=20s, consecutive_errors=0, monitoring_suspended=False)
2025-11-26 11:52:52 | INFO | MONITOR_SLEEP | Sleeping for 20s (base=20s, consecutive_errors=0, monitoring_suspended=False)
2025-11-26 11:53:12 | INFO | MONITOR | Paper trades checked (next in 60s)
2025-11-26 11:53:12 | INFO | MONITOR_SLEEP | Sleeping for 20s (base=20s, consecutive_errors=0, monitoring_suspended=False)
2025-11-26 11:53:32 | INFO | MONITOR_SLEEP | Sleeping for 20s (base=20s, consecutive_errors=0, monitoring_suspended=False)
2025-11-26 11:53:52 | INFO | MONITOR_SLEEP | Sleeping for 20s (base=20s, consecutive_errors=0, monitoring_suspended=False)
2025-11-26 11:54:12 | INFO | MONITOR | Paper trades checked (next in 60s)
2025-11-26 11:54:12 | INFO | MONITOR_SLEEP | Sleeping for 20s (base=20s, consecutive_errors=0, monitoring_suspended=False)
2025-11-26 11:54:32 | INFO | MONITOR_SLEEP | Sleeping for 20s (base=20s, consecutive_errors=0, monitoring_suspended=False)
2025-11-26 11:54:52 | INFO | MONITOR_SLEEP | Sleeping for 20s (base=20s, consecutive_errors=0, monitoring_suspended=False)
2025-11-26 11:55:12 | INFO | MONITOR | Paper trades checked (next in 60s)
2025-11-26 11:55:12 | INFO | MONITOR_SLEEP | Sleeping for 20s (base=20s, consecutive_errors=0, monitoring_suspended=False)
2025-11-26 11:55:32 | INFO | MONITOR_SLEEP | Sleeping for 20s (base=20s, consecutive_errors=0, monitoring_suspended=False)
2025-11-26 11:55:52 | INFO | MONITOR_SLEEP | Sleeping for 20s (base=20s, consecutive_errors=0, monitoring_suspended=False)
2025-11-26 11:56:12 | INFO | MONITOR | Paper trades checked (next in 60s)
2025-11-26 11:56:12 | INFO | MONITOR_SLEEP | Sleeping for 20s (base=20s, consecutive_errors=0, monitoring_suspended=False)
2025-11-26 11:56:32 | INFO | MONITOR_SLEEP | Sleeping for 20s (base=20s, consecutive_errors=0, monitoring_suspended=False)
2025-11-26 11:56:52 | INFO | MONITOR_SLEEP | Sleeping for 20s (base=20s, consecutive_errors=0, monitoring_suspended=False)
2025-11-26 11:57:12 | INFO | MONITOR | Paper trades checked (next in 60s)
2025-11-26 11:57:12 | INFO | MONITOR_SLEEP | Sleeping for 20s (base=20s, consecutive_errors=0, monitoring_suspended=False)
2025-11-26 11:57:32 | INFO | MONITOR_SLEEP | Sleeping for 20s (base=20s, consecutive_errors=0, monitoring_suspended=False)
2025-11-26 11:57:52 | INFO | MONITOR_SLEEP | Sleeping for 20s (base=20s, consecutive_errors=0, monitoring_suspended=False)
2025-11-26 11:58:12 | INFO | MONITOR | Paper trades checked (next in 60s)
2025-11-26 11:58:12 | INFO | MONITOR_SLEEP | Sleeping for 20s (base=20s, consecutive_errors=0, monitoring_suspended=False)
2025-11-26 11:58:32 | INFO | MONITOR_SLEEP | Sleeping for 20s (base=20s, consecutive_errors=0, monitoring_suspended=False)
2025-11-26 11:58:52 | INFO | MONITOR_SLEEP | Sleeping for 20s (base=20s, consecutive_errors=0, monitoring_suspended=False)
2025-11-26 11:59:12 | INFO | MONITOR | Paper trades checked (next in 60s)
2025-11-26 11:59:12 | INFO | MONITOR_SLEEP | Sleeping for 20s (base=20s, consecutive_errors=0, monitoring_suspended=False)
2025-11-26 11:59:32 | INFO | MONITOR_SLEEP | Sleeping for 20s (base=20s, consecutive_errors=0, monitoring_suspended=False)
2025-11-26 11:59:52 | INFO | MONITOR_SLEEP | Sleeping for 20s (base=20s, consecutive_errors=0, monitoring_suspended=False)
2025-11-26 12:00:12 | INFO | MONITOR | Paper trades checked (next in 60s)
2025-11-26 12:00:12 | INFO | MONITOR_SLEEP | Sleeping for 20s (base=20s, consecutive_errors=0, monitoring_suspended=False)
2025-11-26 12:00:32 | INFO | MONITOR_SLEEP | Sleeping for 20s (base=20s, consecutive_errors=0, monitoring_suspended=False)
2025-11-26 12:00:52 | INFO | MONITOR_SLEEP | Sleeping for 20s (base=20s, consecutive_errors=0, monitoring_suspended=False)
2025-11-26 12:01:12 | INFO | MONITOR | Paper trades checked (next in 60s)
2025-11-26 12:01:12 | INFO | MONITOR_SLEEP | Sleeping for 20s (base=20s, consecutive_errors=0, monitoring_suspended=False)
2025-11-26 12:01:32 | INFO | MONITOR_SLEEP | Sleeping for 20s (base=20s, consecutive_errors=0, monitoring_suspended=False)
2025-11-26 12:01:52 | INFO | MONITOR_SLEEP | Sleeping for 20s (base=20s, consecutive_errors=0, monitoring_suspended=False)
2025-11-26 12:02:12 | INFO | MONITOR | Paper trades checked (next in 60s)
2025-11-26 12:02:12 | INFO | MONITOR_SLEEP | Sleeping for 20s (base=20s, consecutive_errors=0, monitoring_suspended=False)
2025-11-26 12:02:32 | INFO | MONITOR_SLEEP | Sleeping for 20s (base=20s, consecutive_errors=0, monitoring_suspended=False)
2025-11-26 12:02:52 | INFO | MONITOR_SLEEP | Sleeping for 20s (base=20s, consecutive_errors=0, monitoring_suspended=False)
2025-11-26 12:03:12 | INFO | MONITOR | Paper trades checked (next in 60s)
2025-11-26 12:03:12 | INFO | MONITOR_SLEEP | Sleeping for 20s (base=20s, consecutive_errors=0, monitoring_suspended=False)
2025-11-26 12:03:32 | INFO | MONITOR_SLEEP | Sleeping for 20s (base=20s, consecutive_errors=0, monitoring_suspended=False)
2025-11-26 12:03:52 | INFO | MONITOR_SLEEP | Sleeping for 20s (base=20s, consecutive_errors=0, monitoring_suspended=False)
2025-11-26 12:04:12 | INFO | MONITOR | Paper trades checked (next in 60s)
2025-11-26 12:04:12 | INFO | MONITOR_SLEEP | Sleeping for 20s (base=20s, consecutive_errors=0, monitoring_suspended=False)
2025-11-26 12:04:32 | INFO | MONITOR_SLEEP | Sleeping for 20s (base=20s, consecutive_errors=0, monitoring_suspended=False)
2025-11-26 12:04:52 | INFO | MONITOR_SLEEP | Sleeping for 20s (base=20s, consecutive_errors=0, monitoring_suspended=False)
2025-11-26 12:05:12 | INFO | MONITOR | Paper trades checked (next in 60s)
2025-11-26 12:05:12 | INFO | MONITOR_SLEEP | Sleeping for 20s (base=20s, consecutive_errors=0, monitoring_suspended=False)
2025-11-26 12:05:32 | INFO | MONITOR_SLEEP | Sleeping for 20s (base=20s, consecutive_errors=0, monitoring_suspended=False)
2025-11-26 12:05:52 | INFO | MONITOR_SLEEP | Sleeping for 20s (base=20s, consecutive_errors=0, monitoring_suspended=False)
2025-11-26 12:06:12 | INFO | MONITOR | Paper trades checked (next in 60s)
2025-11-26 12:06:12 | INFO | MONITOR_SLEEP | Sleeping for 20s (base=20s, consecutive_errors=0, monitoring_suspended=False)
2025-11-26 12:06:32 | INFO | MONITOR_SLEEP | Sleeping for 20s (base=20s, consecutive_errors=0, monitoring_suspended=False)
2025-11-26 12:06:52 | INFO | MONITOR_SLEEP | Sleeping for 20s (base=20s, consecutive_errors=0, monitoring_suspended=False)
2025-11-26 12:07:12 | INFO | MONITOR | Paper trades checked (next in 60s)
2025-11-26 12:07:12 | INFO | MONITOR_SLEEP | Sleeping for 20s (base=20s, consecutive_errors=0, monitoring_suspended=False)
2025-11-26 12:07:32 | INFO | MONITOR_SLEEP | Sleeping for 20s (base=20s, consecutive_errors=0, monitoring_suspended=False)
2025-11-26 12:07:52 | INFO | MONITOR_SLEEP | Sleeping for 20s (base=20s, consecutive_errors=0, monitoring_suspended=False)
2025-11-26 12:08:12 | INFO | MONITOR | Paper trades checked (next in 60s)
2025-11-26 12:08:12 | INFO | MONITOR_SLEEP | Sleeping for 20s (base=20s, consecutive_errors=0, monitoring_suspended=False)
2025-11-26 12:08:32 | INFO | MONITOR_SLEEP | Sleeping for 20s (base=20s, consecutive_errors=0, monitoring_suspended=False)
2025-11-26 12:08:52 | INFO | MONITOR_SLEEP | Sleeping for 20s (base=20s, consecutive_errors=0, monitoring_suspended=False)
2025-11-26 12:09:12 | INFO | MONITOR | Paper trades checked (next in 60s)
2025-11-26 12:09:12 | INFO | MONITOR_SLEEP | Sleeping for 20s (base=20s, consecutive_errors=0, monitoring_suspended=False)
2025-11-26 12:09:32 | INFO | MONITOR_SLEEP | Sleeping for 20s (base=20s, consecutive_errors=0, monitoring_suspended=False)
2025-11-26 12:09:52 | INFO | MONITOR_SLEEP | Sleeping for 20s (base=20s, consecutive_errors=0, monitoring_suspended=False)
2025-11-26 12:10:12 | INFO | MONITOR | Paper trades checked (next in 60s)
2025-11-26 12:10:12 | INFO | MONITOR_SLEEP | Sleeping for 20s (base=20s, consecutive_errors=0, monitoring_suspended=False)
2025-11-26 12:10:32 | INFO | MONITOR_SLEEP | Sleeping for 20s (base=20s, consecutive_errors=0, monitoring_suspended=False)
2025-11-26 12:10:52 | INFO | MONITOR_SLEEP | Sleeping for 20s (base=20s, consecutive_errors=0, monitoring_suspended=False)
2025-11-26 12:11:12 | INFO | MONITOR | Paper trades checked (next in 60s)
2025-11-26 12:11:12 | INFO | MONITOR_SLEEP | Sleeping for 20s (base=20s, consecutive_errors=0, monitoring_suspended=False)
2025-11-26 12:11:32 | INFO | MONITOR_SLEEP | Sleeping for 20s (base=20s, consecutive_errors=0, monitoring_suspended=False)
2025-11-26 12:11:52 | INFO | MONITOR_SLEEP | Sleeping for 20s (base=20s, consecutive_errors=0, monitoring_suspended=False)
2025-11-26 12:12:12 | INFO | MONITOR | Paper trades checked (next in 60s)
2025-11-26 12:12:12 | INFO | MONITOR_SLEEP | Sleeping for 20s (base=20s, consecutive_errors=0, monitoring_suspended=False)
2025-11-26 12:12:32 | INFO | MONITOR_SLEEP | Sleeping for 20s (base=20s, consecutive_errors=0, monitoring_suspended=False)
2025-11-26 12:12:52 | INFO | MONITOR_SLEEP | Sleeping for 20s (base=20s, consecutive_errors=0, monitoring_suspended=False)
2025-11-26 12:13:12 | INFO | MONITOR | Paper trades checked (next in 60s)
2025-11-26 12:13:12 | INFO | MONITOR_SLEEP | Sleeping for 20s (base=20s, consecutive_errors=0, monitoring_suspended=False)
2025-11-26 12:13:32 | INFO | MONITOR_SLEEP | Sleeping for 20s (base=20s, consecutive_errors=0, monitoring_suspended=False)
2025-11-26 12:13:52 | INFO | MONITOR_SLEEP | Sleeping for 20s (base=20s, consecutive_errors=0, monitoring_suspended=False)
2025-11-26 12:14:12 | INFO | MONITOR | Paper trades checked (next in 60s)
2025-11-26 12:14:12 | INFO | MONITOR_SLEEP | Sleeping for 20s (base=20s, consecutive_errors=0, monitoring_suspended=False)
2025-11-26 12:14:32 | INFO | MONITOR_SLEEP | Sleeping for 20s (base=20s, consecutive_errors=0, monitoring_suspended=False)
2025-11-26 12:14:52 | INFO | MONITOR_SLEEP | Sleeping for 20s (base=20s, consecutive_errors=0, monitoring_suspended=False)
2025-11-26 12:15:12 | INFO | MONITOR | Paper trades checked (next in 60s)
2025-11-26 12:15:12 | INFO | MONITOR_SLEEP | Sleeping for 20s (base=20s, consecutive_errors=0, monitoring_suspended=False)
2025-11-26 12:15:32 | INFO | MONITOR_SLEEP | Sleeping for 20s (base=20s, consecutive_errors=0, monitoring_suspended=False)
2025-11-26 12:15:52 | INFO | MONITOR_SLEEP | Sleeping for 20s (base=20s, consecutive_errors=0, monitoring_suspended=False)
2025-11-26 12:16:12 | INFO | MONITOR | Paper trades checked (next in 60s)
2025-11-26 12:16:12 | INFO | MONITOR_SLEEP | Sleeping for 20s (base=20s, consecutive_errors=0, monitoring_suspended=False)
2025-11-26 12:16:32 | INFO | MONITOR_SLEEP | Sleeping for 20s (base=20s, consecutive_errors=0, monitoring_suspended=False)
2025-11-26 12:16:52 | INFO | MONITOR_SLEEP | Sleeping for 20s (base=20s, consecutive_errors=0, monitoring_suspended=False)
2025-11-26 12:17:12 | INFO | MONITOR | Paper trades checked (next in 60s)
2025-11-26 12:17:12 | INFO | MONITOR_SLEEP | Sleeping for 20s (base=20s, consecutive_errors=0, monitoring_suspended=False)
2025-11-26 12:17:32 | INFO | MONITOR_SLEEP | Sleeping for 20s (base=20s, consecutive_errors=0, monitoring_suspended=False)
2025-11-26 12:17:52 | INFO | MONITOR_SLEEP | Sleeping for 20s (base=20s, consecutive_errors=0, monitoring_suspended=False)
2025-11-26 12:18:12 | INFO | MONITOR | Paper trades checked (next in 60s)
2025-11-26 12:18:12 | INFO | MONITOR_SLEEP | Sleeping for 20s (base=20s, consecutive_errors=0, monitoring_suspended=False)
2025-11-26 12:18:32 | INFO | MONITOR_SLEEP | Sleeping for 20s (base=20s, consecutive_errors=0, monitoring_suspended=False)
2025-11-26 12:18:52 | INFO | MONITOR_SLEEP | Sleeping for 20s (base=20s, consecutive_errors=0, monitoring_suspended=False)
2025-11-26 12:19:12 | INFO | MONITOR | Paper trades checked (next in 60s)
2025-11-26 12:19:12 | INFO | MONITOR_SLEEP | Sleeping for 20s (base=20s, consecutive_errors=0, monitoring_suspended=False)
2025-11-26 12:19:32 | INFO | MONITOR_SLEEP | Sleeping for 20s (base=20s, consecutive_errors=0, monitoring_suspended=False)
2025-11-26 12:19:52 | INFO | MONITOR_SLEEP | Sleeping for 20s (base=20s, consecutive_errors=0, monitoring_suspended=False)
2025-11-26 12:20:12 | INFO | MONITOR | Paper trades checked (next in 60s)
2025-11-26 12:20:12 | INFO | MONITOR_SLEEP | Sleeping for 20s (base=20s, consecutive_errors=0, monitoring_suspended=False)
2025-11-26 12:20:32 | INFO | MONITOR_SLEEP | Sleeping for 20s (base=20s, consecutive_errors=0, monitoring_suspended=False)
2025-11-26 12:20:52 | INFO | MONITOR_SLEEP | Sleeping for 20s (base=20s, consecutive_errors=0, monitoring_suspended=False)
2025-11-26 12:21:12 | INFO | MONITOR | Paper trades checked (next in 60s)
2025-11-26 12:21:12 | INFO | MONITOR_SLEEP | Sleeping for 20s (base=20s, consecutive_errors=0, monitoring_suspended=False)
2025-11-26 12:21:32 | INFO | MONITOR_SLEEP | Sleeping for 20s (base=20s, consecutive_errors=0, monitoring_suspended=False)
2025-11-26 12:21:52 | INFO | MONITOR_SLEEP | Sleeping for 20s (base=20s, consecutive_errors=0, monitoring_suspended=False)
2025-11-26 12:22:12 | INFO | MONITOR | Paper trades checked (next in 60s)
2025-11-26 12:22:12 | INFO | MONITOR_SLEEP | Sleeping for 20s (base=20s, consecutive_errors=0, monitoring_suspended=False)
2025-11-26 12:22:32 | INFO | MONITOR_SLEEP | Sleeping for 20s (base=20s, consecutive_errors=0, monitoring_suspended=False)
2025-11-26 12:22:52 | INFO | MONITOR_SLEEP | Sleeping for 20s (base=20s, consecutive_errors=0, monitoring_suspended=False)
2025-11-26 12:23:12 | INFO | MONITOR | Paper trades checked (next in 60s)
2025-11-26 12:23:12 | INFO | MONITOR_SLEEP | Sleeping for 20s (base=20s, consecutive_errors=0, monitoring_suspended=False)
2025-11-26 12:23:32 | INFO | MONITOR_SLEEP | Sleeping for 20s (base=20s, consecutive_errors=0, monitoring_suspended=False)
2025-11-26 12:23:52 | INFO | MONITOR_SLEEP | Sleeping for 20s (base=20s, consecutive_errors=0, monitoring_suspended=False)
2025-11-26 12:24:12 | INFO | MONITOR | Paper trades checked (next in 60s)
2025-11-26 12:24:12 | INFO | MONITOR_SLEEP | Sleeping for 20s (base=20s, consecutive_errors=0, monitoring_suspended=False)
2025-11-26 12:24:32 | INFO | MONITOR_SLEEP | Sleeping for 20s (base=20s, consecutive_errors=0, monitoring_suspended=False)
2025-11-26 12:24:52 | INFO | MONITOR_SLEEP | Sleeping for 20s (base=20s, consecutive_errors=0, monitoring_suspended=False)
2025-11-26 12:25:12 | INFO | MONITOR | Paper trades checked (next in 60s)
2025-11-26 12:25:12 | INFO | MONITOR_SLEEP | Sleeping for 20s (base=20s, consecutive_errors=0, monitoring_suspended=False)
2025-11-26 12:25:32 | INFO | MONITOR_SLEEP | Sleeping for 20s (base=20s, consecutive_errors=0, monitoring_suspended=False)
2025-11-26 12:25:52 | INFO | MONITOR_SLEEP | Sleeping for 20s (base=20s, consecutive_errors=0, monitoring_suspended=False)
2025-11-26 12:26:12 | INFO | MONITOR | Paper trades checked (next in 60s)
2025-11-26 12:26:12 | INFO | MONITOR_SLEEP | Sleeping for 20s (base=20s, consecutive_errors=0, monitoring_suspended=False)
2025-11-26 12:26:32 | INFO | MONITOR_SLEEP | Sleeping for 20s (base=20s, consecutive_errors=0, monitoring_suspended=False)
2025-11-26 12:26:52 | INFO | MONITOR_SLEEP | Sleeping for 20s (base=20s, consecutive_errors=0, monitoring_suspended=False)
2025-11-26 12:27:12 | INFO | MONITOR | Paper trades checked (next in 60s)
2025-11-26 12:27:12 | INFO | MONITOR_SLEEP | Sleeping for 20s (base=20s, consecutive_errors=0, monitoring_suspended=False)
2025-11-26 12:27:32 | INFO | MONITOR_SLEEP | Sleeping for 20s (base=20s, consecutive_errors=0, monitoring_suspended=False)
2025-11-26 12:27:52 | INFO | MONITOR_SLEEP | Sleeping for 20s (base=20s, consecutive_errors=0, monitoring_suspended=False)
2025-11-26 12:28:12 | INFO | MONITOR | Paper trades checked (next in 60s)
2025-11-26 12:28:12 | INFO | MONITOR_SLEEP | Sleeping for 20s (base=20s, consecutive_errors=0, monitoring_suspended=False)
2025-11-26 12:28:32 | INFO | MONITOR_SLEEP | Sleeping for 20s (base=20s, consecutive_errors=0, monitoring_suspended=False)
2025-11-26 12:28:52 | INFO | MONITOR_SLEEP | Sleeping for 20s (base=20s, consecutive_errors=0, monitoring_suspended=False)
2025-11-26 12:29:12 | INFO | MONITOR | Paper trades checked (next in 60s)
2025-11-26 12:29:12 | INFO | MONITOR_SLEEP | Sleeping for 20s (base=20s, consecutive_errors=0, monitoring_suspended=False)
2025-11-26 12:29:32 | INFO | MONITOR_SLEEP | Sleeping for 20s (base=20s, consecutive_errors=0, monitoring_suspended=False)
2025-11-26 12:29:52 | INFO | MONITOR_SLEEP | Sleeping for 20s (base=20s, consecutive_errors=0, monitoring_suspended=False)
2025-11-26 12:30:12 | INFO | MONITOR | Paper trades checked (next in 60s)
2025-11-26 12:30:12 | INFO | MONITOR_SLEEP | Sleeping for 20s (base=20s, consecutive_errors=0, monitoring_suspended=False)
2025-11-26 12:30:32 | INFO | MONITOR_SLEEP | Sleeping for 20s (base=20s, consecutive_errors=0, monitoring_suspended=False)
2025-11-26 12:30:52 | INFO | MONITOR_SLEEP | Sleeping for 20s (base=20s, consecutive_errors=0, monitoring_suspended=False)
2025-11-26 12:31:12 | INFO | MONITOR | Paper trades checked (next in 60s)
2025-11-26 12:31:12 | INFO | MONITOR_SLEEP | Sleeping for 20s (base=20s, consecutive_errors=0, monitoring_suspended=False)
2025-11-26 12:31:32 | INFO | MONITOR_SLEEP | Sleeping for 20s (base=20s, consecutive_errors=0, monitoring_suspended=False)
2025-11-26 12:31:52 | INFO | MONITOR_SLEEP | Sleeping for 20s (base=20s, consecutive_errors=0, monitoring_suspended=False)
2025-11-26 12:32:12 | INFO | MONITOR | Paper trades checked (next in 60s)
2025-11-26 12:32:12 | INFO | MONITOR_SLEEP | Sleeping for 20s (base=20s, consecutive_errors=0, monitoring_suspended=False)
2025-11-26 12:32:32 | INFO | MONITOR_SLEEP | Sleeping for 20s (base=20s, consecutive_errors=0, monitoring_suspended=False)
2025-11-26 12:32:52 | INFO | MONITOR_SLEEP | Sleeping for 20s (base=20s, consecutive_errors=0, monitoring_suspended=False)
2025-11-26 12:33:12 | INFO | MONITOR | Paper trades checked (next in 60s)
2025-11-26 12:33:12 | INFO | MONITOR_SLEEP | Sleeping for 20s (base=20s, consecutive_errors=0, monitoring_suspended=False)
2025-11-26 12:33:32 | INFO | MONITOR_SLEEP | Sleeping for 20s (base=20s, consecutive_errors=0, monitoring_suspended=False)
2025-11-26 12:33:52 | INFO | MONITOR_SLEEP | Sleeping for 20s (base=20s, consecutive_errors=0, monitoring_suspended=False)
2025-11-26 12:34:12 | INFO | MONITOR | Paper trades checked (next in 60s)
2025-11-26 12:34:12 | INFO | MONITOR_SLEEP | Sleeping for 20s (base=20s, consecutive_errors=0, monitoring_suspended=False)
2025-11-26 12:34:32 | INFO | MONITOR_SLEEP | Sleeping for 20s (base=20s, consecutive_errors=0, monitoring_suspended=False)
2025-11-26 12:34:52 | INFO | MONITOR_SLEEP | Sleeping for 20s (base=20s, consecutive_errors=0, monitoring_suspended=False)
2025-11-26 12:35:12 | INFO | MONITOR | Paper trades checked (next in 60s)
2025-11-26 12:35:12 | INFO | MONITOR_SLEEP | Sleeping for 20s (base=20s, consecutive_errors=0, monitoring_suspended=False)
2025-11-26 12:35:32 | INFO | MONITOR_SLEEP | Sleeping for 20s (base=20s, consecutive_errors=0, monitoring_suspended=False)
2025-11-26 12:35:52 | INFO | MONITOR_SLEEP | Sleeping for 20s (base=20s, consecutive_errors=0, monitoring_suspended=False)
2025-11-26 12:36:12 | INFO | MONITOR | Paper trades checked (next in 60s)
2025-11-26 12:36:12 | INFO | MONITOR_SLEEP | Sleeping for 20s (base=20s, consecutive_errors=0, monitoring_suspended=False)
2025-11-26 12:36:32 | INFO | MONITOR_SLEEP | Sleeping for 20s (base=20s, consecutive_errors=0, monitoring_suspended=False)
2025-11-26 12:36:52 | INFO | MONITOR_SLEEP | Sleeping for 20s (base=20s, consecutive_errors=0, monitoring_suspended=False)
2025-11-26 12:37:12 | INFO | MONITOR | Paper trades checked (next in 60s)
2025-11-26 12:37:12 | INFO | MONITOR_SLEEP | Sleeping for 20s (base=20s, consecutive_errors=0, monitoring_suspended=False)
2025-11-26 12:37:32 | INFO | MONITOR_SLEEP | Sleeping for 20s (base=20s, consecutive_errors=0, monitoring_suspended=False)
2025-11-26 12:37:52 | INFO | MONITOR_SLEEP | Sleeping for 20s (base=20s, consecutive_errors=0, monitoring_suspended=False)
2025-11-26 12:38:12 | INFO | MONITOR | Paper trades checked (next in 60s)
2025-11-26 12:38:12 | INFO | MONITOR_SLEEP | Sleeping for 20s (base=20s, consecutive_errors=0, monitoring_suspended=False)
2025-11-26 12:38:32 | INFO | MONITOR_SLEEP | Sleeping for 20s (base=20s, consecutive_errors=0, monitoring_suspended=False)
2025-11-26 12:38:52 | INFO | MONITOR_SLEEP | Sleeping for 20s (base=20s, consecutive_errors=0, monitoring_suspended=False)
2025-11-26 12:39:12 | INFO | MONITOR | Paper trades checked (next in 60s)
2025-11-26 12:39:12 | INFO | MONITOR_SLEEP | Sleeping for 20s (base=20s, consecutive_errors=0, monitoring_suspended=False)
2025-11-26 12:39:32 | INFO | MONITOR_SLEEP | Sleeping for 20s (base=20s, consecutive_errors=0, monitoring_suspended=False)
2025-11-26 12:39:52 | INFO | MONITOR_SLEEP | Sleeping for 20s (base=20s, consecutive_errors=0, monitoring_suspended=False)
2025-11-26 12:40:12 | INFO | MONITOR | Paper trades checked (next in 60s)
2025-11-26 12:40:12 | INFO | MONITOR_SLEEP | Sleeping for 20s (base=20s, consecutive_errors=0, monitoring_suspended=False)
2025-11-26 12:40:32 | INFO | MONITOR_SLEEP | Sleeping for 20s (base=20s, consecutive_errors=0, monitoring_suspended=False)
2025-11-26 12:40:52 | INFO | MONITOR_SLEEP | Sleeping for 20s (base=20s, consecutive_errors=0, monitoring_suspended=False)
2025-11-26 12:41:12 | INFO | MONITOR | Paper trades checked (next in 60s)
2025-11-26 12:41:12 | INFO | MONITOR_SLEEP | Sleeping for 20s (base=20s, consecutive_errors=0, monitoring_suspended=False)
2025-11-26 12:41:32 | INFO | MONITOR_SLEEP | Sleeping for 20s (base=20s, consecutive_errors=0, monitoring_suspended=False)
2025-11-26 12:41:52 | INFO | MONITOR_SLEEP | Sleeping for 20s (base=20s, consecutive_errors=0, monitoring_suspended=False)
2025-11-26 12:42:12 | INFO | MONITOR | Paper trades checked (next in 60s)
2025-11-26 12:42:12 | INFO | MONITOR_SLEEP | Sleeping for 20s (base=20s, consecutive_errors=0, monitoring_suspended=False)
2025-11-26 12:42:32 | INFO | MONITOR_SLEEP | Sleeping for 20s (base=20s, consecutive_errors=0, monitoring_suspended=False)
2025-11-26 12:42:52 | INFO | MONITOR_SLEEP | Sleeping for 20s (base=20s, consecutive_errors=0, monitoring_suspended=False)
2025-11-26 12:43:12 | INFO | MONITOR | Paper trades checked (next in 60s)
2025-11-26 12:43:12 | INFO | MONITOR_SLEEP | Sleeping for 20s (base=20s, consecutive_errors=0, monitoring_suspended=False)
2025-11-26 12:43:32 | INFO | MONITOR_SLEEP | Sleeping for 20s (base=20s, consecutive_errors=0, monitoring_suspended=False)
2025-11-26 12:43:52 | INFO | MONITOR_SLEEP | Sleeping for 20s (base=20s, consecutive_errors=0, monitoring_suspended=False)
2025-11-26 12:44:12 | INFO | MONITOR | Paper trades checked (next in 60s)
2025-11-26 12:44:12 | INFO | MONITOR_SLEEP | Sleeping for 20s (base=20s, consecutive_errors=0, monitoring_suspended=False)
2025-11-26 12:44:32 | INFO | MONITOR_SLEEP | Sleeping for 20s (base=20s, consecutive_errors=0, monitoring_suspended=False)
2025-11-26 12:44:52 | INFO | MONITOR_SLEEP | Sleeping for 20s (base=20s, consecutive_errors=0, monitoring_suspended=False)
2025-11-26 12:45:12 | INFO | MONITOR | Paper trades checked (next in 60s)
2025-11-26 12:45:12 | INFO | MONITOR_SLEEP | Sleeping for 20s (base=20s, consecutive_errors=0, monitoring_suspended=False)
2025-11-26 12:45:32 | INFO | MONITOR_SLEEP | Sleeping for 20s (base=20s, consecutive_errors=0, monitoring_suspended=False)
2025-11-26 12:45:52 | INFO | MONITOR_SLEEP | Sleeping for 20s (base=20s, consecutive_errors=0, monitoring_suspended=False)
2025-11-26 12:46:12 | INFO | MONITOR | Paper trades checked (next in 60s)
2025-11-26 12:46:12 | INFO | MONITOR_SLEEP | Sleeping for 20s (base=20s, consecutive_errors=0, monitoring_suspended=False)
2025-11-26 12:46:32 | INFO | MONITOR_SLEEP | Sleeping for 20s (base=20s, consecutive_errors=0, monitoring_suspended=False)
2025-11-26 12:46:52 | INFO | MONITOR_SLEEP | Sleeping for 20s (base=20s, consecutive_errors=0, monitoring_suspended=False)
2025-11-26 12:47:12 | INFO | MONITOR | Paper trades checked (next in 60s)
2025-11-26 12:47:12 | INFO | MONITOR_SLEEP | Sleeping for 20s (base=20s, consecutive_errors=0, monitoring_suspended=False)
2025-11-26 12:47:32 | INFO | MONITOR_SLEEP | Sleeping for 20s (base=20s, consecutive_errors=0, monitoring_suspended=False)
2025-11-26 12:47:52 | INFO | MONITOR_SLEEP | Sleeping for 20s (base=20s, consecutive_errors=0, monitoring_suspended=False)
2025-11-26 12:48:12 | INFO | MONITOR | Paper trades checked (next in 60s)
2025-11-26 12:48:12 | INFO | MONITOR_SLEEP | Sleeping for 20s (base=20s, consecutive_errors=0, monitoring_suspended=False)
2025-11-26 12:48:32 | INFO | MONITOR_SLEEP | Sleeping for 20s (base=20s, consecutive_errors=0, monitoring_suspended=False)
2025-11-26 12:48:52 | INFO | MONITOR_SLEEP | Sleeping for 20s (base=20s, consecutive_errors=0, monitoring_suspended=False)
2025-11-26 12:49:12 | INFO | MONITOR | Paper trades checked (next in 60s)
2025-11-26 12:49:12 | INFO | MONITOR_SLEEP | Sleeping for 20s (base=20s, consecutive_errors=0, monitoring_suspended=False)
2025-11-26 12:49:32 | INFO | MONITOR_SLEEP | Sleeping for 20s (base=20s, consecutive_errors=0, monitoring_suspended=False)
2025-11-26 12:49:52 | INFO | MONITOR_SLEEP | Sleeping for 20s (base=20s, consecutive_errors=0, monitoring_suspended=False)
2025-11-26 12:50:12 | INFO | MONITOR | Paper trades checked (next in 60s)
2025-11-26 12:50:12 | INFO | MONITOR_SLEEP | Sleeping for 20s (base=20s, consecutive_errors=0, monitoring_suspended=False)
2025-11-26 12:50:32 | INFO | MONITOR_SLEEP | Sleeping for 20s (base=20s, consecutive_errors=0, monitoring_suspended=False)
2025-11-26 12:50:52 | INFO | MONITOR_SLEEP | Sleeping for 20s (base=20s, consecutive_errors=0, monitoring_suspended=False)
2025-11-26 12:51:12 | INFO | MONITOR | Paper trades checked (next in 60s)
2025-11-26 12:51:12 | INFO | MONITOR_SLEEP | Sleeping for 20s (base=20s, consecutive_errors=0, monitoring_suspended=False)
2025-11-26 12:51:32 | INFO | MONITOR_SLEEP | Sleeping for 20s (base=20s, consecutive_errors=0, monitoring_suspended=False)
2025-11-26 12:51:52 | INFO | MONITOR_SLEEP | Sleeping for 20s (base=20s, consecutive_errors=0, monitoring_suspended=False)
2025-11-26 12:52:12 | INFO | MONITOR | Paper trades checked (next in 60s)
2025-11-26 12:52:12 | INFO | MONITOR_SLEEP | Sleeping for 20s (base=20s, consecutive_errors=0, monitoring_suspended=False)
2025-11-26 12:52:32 | INFO | MONITOR_SLEEP | Sleeping for 20s (base=20s, consecutive_errors=0, monitoring_suspended=False)
2025-11-26 12:52:52 | INFO | MONITOR_SLEEP | Sleeping for 20s (base=20s, consecutive_errors=0, monitoring_suspended=False)
2025-11-26 12:53:12 | INFO | MONITOR | Paper trades checked (next in 60s)
2025-11-26 12:53:12 | INFO | MONITOR_SLEEP | Sleeping for 20s (base=20s, consecutive_errors=0, monitoring_suspended=False)
2025-11-26 12:53:32 | INFO | MONITOR_SLEEP | Sleeping for 20s (base=20s, consecutive_errors=0, monitoring_suspended=False)
2025-11-26 12:53:52 | INFO | MONITOR_SLEEP | Sleeping for 20s (base=20s, consecutive_errors=0, monitoring_suspended=False)
2025-11-26 12:54:12 | INFO | MONITOR | Paper trades checked (next in 60s)
2025-11-26 12:54:12 | INFO | MONITOR_SLEEP | Sleeping for 20s (base=20s, consecutive_errors=0, monitoring_suspended=False)
2025-11-26 12:54:32 | INFO | MONITOR_SLEEP | Sleeping for 20s (base=20s, consecutive_errors=0, monitoring_suspended=False)
2025-11-26 12:54:52 | INFO | MONITOR_SLEEP | Sleeping for 20s (base=20s, consecutive_errors=0, monitoring_suspended=False)
2025-11-26 12:55:12 | INFO | MONITOR | Paper trades checked (next in 60s)
2025-11-26 12:55:12 | INFO | MONITOR_SLEEP | Sleeping for 20s (base=20s, consecutive_errors=0, monitoring_suspended=False)
2025-11-26 12:55:32 | INFO | MONITOR_SLEEP | Sleeping for 20s (base=20s, consecutive_errors=0, monitoring_suspended=False)
2025-11-26 12:55:52 | INFO | MONITOR_SLEEP | Sleeping for 20s (base=20s, consecutive_errors=0, monitoring_suspended=False)
2025-11-26 12:56:12 | INFO | MONITOR | Paper trades checked (next in 60s)
2025-11-26 12:56:12 | INFO | MONITOR_SLEEP | Sleeping for 20s (base=20s, consecutive_errors=0, monitoring_suspended=False)
2025-11-26 12:56:32 | INFO | MONITOR_SLEEP | Sleeping for 20s (base=20s, consecutive_errors=0, monitoring_suspended=False)
2025-11-26 12:56:52 | INFO | MONITOR_SLEEP | Sleeping for 20s (base=20s, consecutive_errors=0, monitoring_suspended=False)
2025-11-26 12:57:12 | INFO | MONITOR | Paper trades checked (next in 60s)
2025-11-26 12:57:12 | INFO | MONITOR_SLEEP | Sleeping for 20s (base=20s, consecutive_errors=0, monitoring_suspended=False)
2025-11-26 12:57:32 | INFO | MONITOR_SLEEP | Sleeping for 20s (base=20s, consecutive_errors=0, monitoring_suspended=False)
2025-11-26 12:57:52 | INFO | MONITOR_SLEEP | Sleeping for 20s (base=20s, consecutive_errors=0, monitoring_suspended=False)
2025-11-26 12:58:12 | INFO | MONITOR | Paper trades checked (next in 60s)
2025-11-26 12:58:12 | INFO | MONITOR_SLEEP | Sleeping for 20s (base=20s, consecutive_errors=0, monitoring_suspended=False)
2025-11-26 12:58:32 | INFO | MONITOR_SLEEP | Sleeping for 20s (base=20s, consecutive_errors=0, monitoring_suspended=False)
2025-11-26 12:58:52 | INFO | MONITOR_SLEEP | Sleeping for 20s (base=20s, consecutive_errors=0, monitoring_suspended=False)
2025-11-26 12:59:12 | INFO | MONITOR | Paper trades checked (next in 60s)
2025-11-26 12:59:12 | INFO | MONITOR_SLEEP | Sleeping for 20s (base=20s, consecutive_errors=0, monitoring_suspended=False)
2025-11-26 12:59:32 | INFO | MONITOR_SLEEP | Sleeping for 20s (base=20s, consecutive_errors=0, monitoring_suspended=False)
2025-11-26 12:59:52 | INFO | MONITOR_SLEEP | Sleeping for 20s (base=20s, consecutive_errors=0, monitoring_suspended=False)
2025-11-26 13:00:12 | INFO | MONITOR | Paper trades checked (next in 60s)
2025-11-26 13:00:12 | INFO | MONITOR_SLEEP | Sleeping for 20s (base=20s, consecutive_errors=0, monitoring_suspended=False)
2025-11-26 13:00:32 | INFO | MONITOR_SLEEP | Sleeping for 20s (base=20s, consecutive_errors=0, monitoring_suspended=False)
2025-11-26 13:00:52 | INFO | MONITOR_SLEEP | Sleeping for 20s (base=20s, consecutive_errors=0, monitoring_suspended=False)
2025-11-26 13:01:12 | INFO | MONITOR | Paper trades checked (next in 60s)
2025-11-26 13:01:12 | INFO | MONITOR_SLEEP | Sleeping for 20s (base=20s, consecutive_errors=0, monitoring_suspended=False)
2025-11-26 13:01:32 | INFO | MONITOR_SLEEP | Sleeping for 20s (base=20s, consecutive_errors=0, monitoring_suspended=False)
2025-11-26 13:01:52 | INFO | MONITOR_SLEEP | Sleeping for 20s (base=20s, consecutive_errors=0, monitoring_suspended=False)
2025-11-26 13:02:12 | INFO | MONITOR | Paper trades checked (next in 60s)
2025-11-26 13:02:12 | INFO | MONITOR_SLEEP | Sleeping for 20s (base=20s, consecutive_errors=0, monitoring_suspended=False)
2025-11-26 13:02:32 | INFO | MONITOR_SLEEP | Sleeping for 20s (base=20s, consecutive_errors=0, monitoring_suspended=False)
2025-11-26 13:02:52 | INFO | MONITOR_SLEEP | Sleeping for 20s (base=20s, consecutive_errors=0, monitoring_suspended=False)
2025-11-26 13:03:12 | INFO | MONITOR | Paper trades checked (next in 60s)
2025-11-26 13:03:12 | INFO | MONITOR_SLEEP | Sleeping for 20s (base=20s, consecutive_errors=0, monitoring_suspended=False)
2025-11-26 13:03:32 | INFO | MONITOR_SLEEP | Sleeping for 20s (base=20s, consecutive_errors=0, monitoring_suspended=False)
2025-11-26 13:03:52 | INFO | MONITOR_SLEEP | Sleeping for 20s (base=20s, consecutive_errors=0, monitoring_suspended=False)
2025-11-26 13:04:12 | INFO | MONITOR | Paper trades checked (next in 60s)
2025-11-26 13:04:12 | INFO | MONITOR_SLEEP | Sleeping for 20s (base=20s, consecutive_errors=0, monitoring_suspended=False)
2025-11-26 13:04:32 | INFO | MONITOR_SLEEP | Sleeping for 20s (base=20s, consecutive_errors=0, monitoring_suspended=False)
2025-11-26 13:04:52 | INFO | MONITOR_SLEEP | Sleeping for 20s (base=20s, consecutive_errors=0, monitoring_suspended=False)
2025-11-26 13:05:12 | INFO | MONITOR | Paper trades checked (next in 60s)
2025-11-26 13:05:12 | INFO | MONITOR_SLEEP | Sleeping for 20s (base=20s, consecutive_errors=0, monitoring_suspended=False)
2025-11-26 13:05:32 | INFO | MONITOR_SLEEP | Sleeping for 20s (base=20s, consecutive_errors=0, monitoring_suspended=False)
2025-11-26 13:05:52 | INFO | MONITOR_SLEEP | Sleeping for 20s (base=20s, consecutive_errors=0, monitoring_suspended=False)
2025-11-26 13:06:12 | INFO | MONITOR | Paper trades checked (next in 60s)
2025-11-26 13:06:12 | INFO | MONITOR_SLEEP | Sleeping for 20s (base=20s, consecutive_errors=0, monitoring_suspended=False)
2025-11-26 13:06:32 | INFO | MONITOR_SLEEP | Sleeping for 20s (base=20s, consecutive_errors=0, monitoring_suspended=False)
2025-11-26 13:06:52 | INFO | MONITOR_SLEEP | Sleeping for 20s (base=20s, consecutive_errors=0, monitoring_suspended=False)
2025-11-26 13:07:12 | INFO | MONITOR | Paper trades checked (next in 60s)
2025-11-26 13:07:12 | INFO | MONITOR_SLEEP | Sleeping for 20s (base=20s, consecutive_errors=0, monitoring_suspended=False)
2025-11-26 13:07:32 | INFO | MONITOR_SLEEP | Sleeping for 20s (base=20s, consecutive_errors=0, monitoring_suspended=False)
2025-11-26 13:07:52 | INFO | MONITOR_SLEEP | Sleeping for 20s (base=20s, consecutive_errors=0, monitoring_suspended=False)
2025-11-26 13:08:12 | INFO | MONITOR | Paper trades checked (next in 60s)
2025-11-26 13:08:12 | INFO | MONITOR_SLEEP | Sleeping for 20s (base=20s, consecutive_errors=0, monitoring_suspended=False)
2025-11-26 13:08:32 | INFO | MONITOR_SLEEP | Sleeping for 20s (base=20s, consecutive_errors=0, monitoring_suspended=False)
2025-11-26 13:08:52 | INFO | MONITOR_SLEEP | Sleeping for 20s (base=20s, consecutive_errors=0, monitoring_suspended=False)
2025-11-26 13:09:12 | INFO | MONITOR | Paper trades checked (next in 60s)
2025-11-26 13:09:12 | INFO | MONITOR_SLEEP | Sleeping for 20s (base=20s, consecutive_errors=0, monitoring_suspended=False)
2025-11-26 13:09:32 | INFO | MONITOR_SLEEP | Sleeping for 20s (base=20s, consecutive_errors=0, monitoring_suspended=False)
2025-11-26 13:09:52 | INFO | MONITOR_SLEEP | Sleeping for 20s (base=20s, consecutive_errors=0, monitoring_suspended=False)
2025-11-26 13:10:12 | INFO | MONITOR | Paper trades checked (next in 60s)
2025-11-26 13:10:12 | INFO | MONITOR_SLEEP | Sleeping for 20s (base=20s, consecutive_errors=0, monitoring_suspended=False)
2025-11-26 13:10:32 | INFO | MONITOR_SLEEP | Sleeping for 20s (base=20s, consecutive_errors=0, monitoring_suspended=False)
2025-11-26 13:10:52 | INFO | MONITOR_SLEEP | Sleeping for 20s (base=20s, consecutive_errors=0, monitoring_suspended=False)
2025-11-26 13:11:12 | INFO | MONITOR | Paper trades checked (next in 60s)
2025-11-26 13:11:12 | INFO | MONITOR_SLEEP | Sleeping for 20s (base=20s, consecutive_errors=0, monitoring_suspended=False)
2025-11-26 13:11:32 | INFO | MONITOR_SLEEP | Sleeping for 20s (base=20s, consecutive_errors=0, monitoring_suspended=False)
2025-11-26 13:11:52 | INFO | MONITOR_SLEEP | Sleeping for 20s (base=20s, consecutive_errors=0, monitoring_suspended=False)
2025-11-26 13:12:12 | INFO | MONITOR | Paper trades checked (next in 60s)
2025-11-26 13:12:12 | INFO | MONITOR_SLEEP | Sleeping for 20s (base=20s, consecutive_errors=0, monitoring_suspended=False)
2025-11-26 13:12:32 | INFO | MONITOR_SLEEP | Sleeping for 20s (base=20s, consecutive_errors=0, monitoring_suspended=False)
2025-11-26 13:12:52 | INFO | MONITOR_SLEEP | Sleeping for 20s (base=20s, consecutive_errors=0, monitoring_suspended=False)
2025-11-26 13:13:12 | INFO | MONITOR | Paper trades checked (next in 60s)
2025-11-26 13:13:12 | INFO | MONITOR_SLEEP | Sleeping for 20s (base=20s, consecutive_errors=0, monitoring_suspended=False)
2025-11-26 13:13:32 | INFO | MONITOR_SLEEP | Sleeping for 20s (base=20s, consecutive_errors=0, monitoring_suspended=False)
2025-11-26 13:13:52 | INFO | MONITOR_SLEEP | Sleeping for 20s (base=20s, consecutive_errors=0, monitoring_suspended=False)
2025-11-26 13:14:12 | INFO | MONITOR | Paper trades checked (next in 60s)
2025-11-26 13:14:12 | INFO | MONITOR_SLEEP | Sleeping for 20s (base=20s, consecutive_errors=0, monitoring_suspended=False)
2025-11-26 13:14:32 | INFO | MONITOR_SLEEP | Sleeping for 20s (base=20s, consecutive_errors=0, monitoring_suspended=False)
2025-11-26 13:14:52 | INFO | MONITOR_SLEEP | Sleeping for 20s (base=20s, consecutive_errors=0, monitoring_suspended=False)
2025-11-26 13:15:12 | INFO | MONITOR | Paper trades checked (next in 60s)
2025-11-26 13:15:12 | INFO | MONITOR_SLEEP | Sleeping for 20s (base=20s, consecutive_errors=0, monitoring_suspended=False)
2025-11-26 13:15:32 | INFO | MONITOR_SLEEP | Sleeping for 20s (base=20s, consecutive_errors=0, monitoring_suspended=False)
2025-11-26 13:15:52 | INFO | MONITOR_SLEEP | Sleeping for 20s (base=20s, consecutive_errors=0, monitoring_suspended=False)
2025-11-26 13:16:12 | INFO | MONITOR | Paper trades checked (next in 60s)
2025-11-26 13:16:12 | INFO | MONITOR_SLEEP | Sleeping for 20s (base=20s, consecutive_errors=0, monitoring_suspended=False)
2025-11-26 13:16:32 | INFO | MONITOR_SLEEP | Sleeping for 20s (base=20s, consecutive_errors=0, monitoring_suspended=False)
2025-11-26 13:16:52 | INFO | MONITOR_SLEEP | Sleeping for 20s (base=20s, consecutive_errors=0, monitoring_suspended=False)
2025-11-26 13:17:12 | INFO | MONITOR | Paper trades checked (next in 60s)
2025-11-26 13:17:12 | INFO | MONITOR_SLEEP | Sleeping for 20s (base=20s, consecutive_errors=0, monitoring_suspended=False)
2025-11-26 13:17:32 | INFO | MONITOR_SLEEP | Sleeping for 20s (base=20s, consecutive_errors=0, monitoring_suspended=False)
2025-11-26 13:17:52 | INFO | MONITOR_SLEEP | Sleeping for 20s (base=20s, consecutive_errors=0, monitoring_suspended=False)
2025-11-26 13:18:12 | INFO | MONITOR | Paper trades checked (next in 60s)
2025-11-26 13:18:12 | INFO | MONITOR_SLEEP | Sleeping for 20s (base=20s, consecutive_errors=0, monitoring_suspended=False)
2025-11-26 13:18:32 | INFO | MONITOR_SLEEP | Sleeping for 20s (base=20s, consecutive_errors=0, monitoring_suspended=False)
2025-11-26 13:18:52 | INFO | MONITOR_SLEEP | Sleeping for 20s (base=20s, consecutive_errors=0, monitoring_suspended=False)
2025-11-26 13:19:12 | INFO | MONITOR | Paper trades checked (next in 60s)
2025-11-26 13:19:12 | INFO | MONITOR_SLEEP | Sleeping for 20s (base=20s, consecutive_errors=0, monitoring_suspended=False)
2025-11-26 13:19:32 | INFO | MONITOR_SLEEP | Sleeping for 20s (base=20s, consecutive_errors=0, monitoring_suspended=False)
2025-11-26 13:19:52 | INFO | MONITOR_SLEEP | Sleeping for 20s (base=20s, consecutive_errors=0, monitoring_suspended=False)
2025-11-26 13:20:12 | INFO | MONITOR | Paper trades checked (next in 60s)
2025-11-26 13:20:12 | INFO | MONITOR_SLEEP | Sleeping for 20s (base=20s, consecutive_errors=0, monitoring_suspended=False)
2025-11-26 13:20:32 | INFO | MONITOR_SLEEP | Sleeping for 20s (base=20s, consecutive_errors=0, monitoring_suspended=False)
2025-11-26 13:20:52 | INFO | MONITOR_SLEEP | Sleeping for 20s (base=20s, consecutive_errors=0, monitoring_suspended=False)
2025-11-26 13:21:12 | INFO | MONITOR | Paper trades checked (next in 60s)
2025-11-26 13:21:12 | INFO | MONITOR_SLEEP | Sleeping for 20s (base=20s, consecutive_errors=0, monitoring_suspended=False)
2025-11-26 13:21:32 | INFO | MONITOR_SLEEP | Sleeping for 20s (base=20s, consecutive_errors=0, monitoring_suspended=False)
2025-11-26 13:21:52 | INFO | MONITOR_SLEEP | Sleeping for 20s (base=20s, consecutive_errors=0, monitoring_suspended=False)
2025-11-26 13:22:12 | INFO | MONITOR | Paper trades checked (next in 60s)
2025-11-26 13:22:12 | INFO | MONITOR_SLEEP | Sleeping for 20s (base=20s, consecutive_errors=0, monitoring_suspended=False)
2025-11-26 13:22:32 | INFO | MONITOR_SLEEP | Sleeping for 20s (base=20s, consecutive_errors=0, monitoring_suspended=False)
2025-11-26 13:22:52 | INFO | MONITOR_SLEEP | Sleeping for 20s (base=20s, consecutive_errors=0, monitoring_suspended=False)
2025-11-26 13:23:12 | INFO | MONITOR | Paper trades checked (next in 60s)
2025-11-26 13:23:12 | INFO | MONITOR_SLEEP | Sleeping for 20s (base=20s, consecutive_errors=0, monitoring_suspended=False)
2025-11-26 13:23:32 | INFO | MONITOR_SLEEP | Sleeping for 20s (base=20s, consecutive_errors=0, monitoring_suspended=False)
2025-11-26 13:23:52 | INFO | MONITOR_SLEEP | Sleeping for 20s (base=20s, consecutive_errors=0, monitoring_suspended=False)
2025-11-26 13:24:12 | INFO | MONITOR | Paper trades checked (next in 60s)
2025-11-26 13:24:12 | INFO | MONITOR_SLEEP | Sleeping for 20s (base=20s, consecutive_errors=0, monitoring_suspended=False)
2025-11-26 13:24:32 | INFO | MONITOR_SLEEP | Sleeping for 20s (base=20s, consecutive_errors=0, monitoring_suspended=False)
2025-11-26 13:24:52 | INFO | MONITOR_SLEEP | Sleeping for 20s (base=20s, consecutive_errors=0, monitoring_suspended=False)
2025-11-26 13:25:12 | INFO | MONITOR | Paper trades checked (next in 60s)
2025-11-26 13:25:12 | INFO | MONITOR_SLEEP | Sleeping for 20s (base=20s, consecutive_errors=0, monitoring_suspended=False)
2025-11-26 13:25:32 | INFO | MONITOR_SLEEP | Sleeping for 20s (base=20s, consecutive_errors=0, monitoring_suspended=False)
2025-11-26 13:25:52 | INFO | MONITOR_SLEEP | Sleeping for 20s (base=20s, consecutive_errors=0, monitoring_suspended=False)
2025-11-26 13:26:12 | INFO | MONITOR | Paper trades checked (next in 60s)
2025-11-26 13:26:12 | INFO | MONITOR_SLEEP | Sleeping for 20s (base=20s, consecutive_errors=0, monitoring_suspended=False)
2025-11-26 13:26:32 | INFO | MONITOR_SLEEP | Sleeping for 20s (base=20s, consecutive_errors=0, monitoring_suspended=False)
2025-11-26 13:26:52 | INFO | MONITOR_SLEEP | Sleeping for 20s (base=20s, consecutive_errors=0, monitoring_suspended=False)
2025-11-26 13:27:12 | INFO | MONITOR | Paper trades checked (next in 60s)
2025-11-26 13:27:12 | INFO | MONITOR_SLEEP | Sleeping for 20s (base=20s, consecutive_errors=0, monitoring_suspended=False)
2025-11-26 13:27:32 | INFO | MONITOR_SLEEP | Sleeping for 20s (base=20s, consecutive_errors=0, monitoring_suspended=False)
2025-11-26 13:27:52 | INFO | MONITOR_SLEEP | Sleeping for 20s (base=20s, consecutive_errors=0, monitoring_suspended=False)
2025-11-26 13:28:12 | INFO | MONITOR | Paper trades checked (next in 60s)
2025-11-26 13:28:12 | INFO | MONITOR_SLEEP | Sleeping for 20s (base=20s, consecutive_errors=0, monitoring_suspended=False)
2025-11-26 13:28:32 | INFO | MONITOR_SLEEP | Sleeping for 20s (base=20s, consecutive_errors=0, monitoring_suspended=False)
2025-11-26 13:28:52 | INFO | MONITOR_SLEEP | Sleeping for 20s (base=20s, consecutive_errors=0, monitoring_suspended=False)
2025-11-26 13:29:12 | INFO | MONITOR | Paper trades checked (next in 60s)
2025-11-26 13:29:12 | INFO | MONITOR_SLEEP | Sleeping for 20s (base=20s, consecutive_errors=0, monitoring_suspended=False)
2025-11-26 13:29:32 | INFO | MONITOR_SLEEP | Sleeping for 20s (base=20s, consecutive_errors=0, monitoring_suspended=False)
2025-11-26 13:29:52 | INFO | MONITOR_SLEEP | Sleeping for 20s (base=20s, consecutive_errors=0, monitoring_suspended=False)
2025-11-26 13:30:12 | INFO | MONITOR | Paper trades checked (next in 60s)
2025-11-26 13:30:12 | INFO | MONITOR_SLEEP | Sleeping for 20s (base=20s, consecutive_errors=0, monitoring_suspended=False)
2025-11-26 13:30:32 | INFO | MONITOR_SLEEP | Sleeping for 20s (base=20s, consecutive_errors=0, monitoring_suspended=False)
2025-11-26 13:30:52 | INFO | MONITOR_SLEEP | Sleeping for 20s (base=20s, consecutive_errors=0, monitoring_suspended=False)
2025-11-26 13:31:12 | INFO | MONITOR | Paper trades checked (next in 60s)
2025-11-26 13:31:12 | INFO | MONITOR_SLEEP | Sleeping for 20s (base=20s, consecutive_errors=0, monitoring_suspended=False)
2025-11-26 13:31:32 | INFO | MONITOR_SLEEP | Sleeping for 20s (base=20s, consecutive_errors=0, monitoring_suspended=False)
2025-11-26 13:31:52 | INFO | MONITOR_SLEEP | Sleeping for 20s (base=20s, consecutive_errors=0, monitoring_suspended=False)
2025-11-26 13:32:12 | INFO | MONITOR | Paper trades checked (next in 60s)
2025-11-26 13:32:12 | INFO | MONITOR_SLEEP | Sleeping for 20s (base=20s, consecutive_errors=0, monitoring_suspended=False)
2025-11-26 13:32:32 | INFO | MONITOR_SLEEP | Sleeping for 20s (base=20s, consecutive_errors=0, monitoring_suspended=False)
2025-11-26 13:32:52 | INFO | MONITOR_SLEEP | Sleeping for 20s (base=20s, consecutive_errors=0, monitoring_suspended=False)
2025-11-26 13:33:12 | INFO | MONITOR | Paper trades checked (next in 60s)
2025-11-26 13:33:12 | INFO | MONITOR_SLEEP | Sleeping for 20s (base=20s, consecutive_errors=0, monitoring_suspended=False)
2025-11-26 13:33:32 | INFO | MONITOR_SLEEP | Sleeping for 20s (base=20s, consecutive_errors=0, monitoring_suspended=False)
2025-11-26 13:33:52 | INFO | MONITOR_SLEEP | Sleeping for 20s (base=20s, consecutive_errors=0, monitoring_suspended=False)
2025-11-26 13:34:12 | INFO | MONITOR | Paper trades checked (next in 60s)
2025-11-26 13:34:12 | INFO | MONITOR_SLEEP | Sleeping for 20s (base=20s, consecutive_errors=0, monitoring_suspended=False)
2025-11-26 13:34:32 | INFO | MONITOR_SLEEP | Sleeping for 20s (base=20s, consecutive_errors=0, monitoring_suspended=False)
2025-11-26 13:34:52 | INFO | MONITOR_SLEEP | Sleeping for 20s (base=20s, consecutive_errors=0, monitoring_suspended=False)
2025-11-26 13:35:12 | INFO | MONITOR | Paper trades checked (next in 60s)
2025-11-26 13:35:12 | INFO | MONITOR_SLEEP | Sleeping for 20s (base=20s, consecutive_errors=0, monitoring_suspended=False)
2025-11-26 13:35:32 | INFO | MONITOR_SLEEP | Sleeping for 20s (base=20s, consecutive_errors=0, monitoring_suspended=False)
2025-11-26 13:35:52 | INFO | MONITOR_SLEEP | Sleeping for 20s (base=20s, consecutive_errors=0, monitoring_suspended=False)
2025-11-26 13:36:12 | INFO | MONITOR | Paper trades checked (next in 60s)
2025-11-26 13:36:12 | INFO | MONITOR_SLEEP | Sleeping for 20s (base=20s, consecutive_errors=0, monitoring_suspended=False)
2025-11-26 13:36:32 | INFO | MONITOR_SLEEP | Sleeping for 20s (base=20s, consecutive_errors=0, monitoring_suspended=False)
2025-11-26 13:36:52 | INFO | MONITOR_SLEEP | Sleeping for 20s (base=20s, consecutive_errors=0, monitoring_suspended=False)
2025-11-26 13:37:12 | INFO | MONITOR | Paper trades checked (next in 60s)
2025-11-26 13:37:12 | INFO | MONITOR_SLEEP | Sleeping for 20s (base=20s, consecutive_errors=0, monitoring_suspended=False)
2025-11-26 13:37:32 | INFO | MONITOR_SLEEP | Sleeping for 20s (base=20s, consecutive_errors=0, monitoring_suspended=False)
2025-11-26 13:37:52 | INFO | MONITOR_SLEEP | Sleeping for 20s (base=20s, consecutive_errors=0, monitoring_suspended=False)
2025-11-26 13:38:12 | INFO | MONITOR | Paper trades checked (next in 60s)
2025-11-26 13:38:12 | INFO | MONITOR_SLEEP | Sleeping for 20s (base=20s, consecutive_errors=0, monitoring_suspended=False)
2025-11-26 13:38:32 | INFO | MONITOR_SLEEP | Sleeping for 20s (base=20s, consecutive_errors=0, monitoring_suspended=False)
2025-11-26 13:38:52 | INFO | MONITOR_SLEEP | Sleeping for 20s (base=20s, consecutive_errors=0, monitoring_suspended=False)
2025-11-26 13:39:12 | INFO | MONITOR | Paper trades checked (next in 60s)
2025-11-26 13:39:12 | INFO | MONITOR_SLEEP | Sleeping for 20s (base=20s, consecutive_errors=0, monitoring_suspended=False)
2025-11-26 13:39:32 | INFO | MONITOR_SLEEP | Sleeping for 20s (base=20s, consecutive_errors=0, monitoring_suspended=False)
2025-11-26 13:39:52 | INFO | MONITOR_SLEEP | Sleeping for 20s (base=20s, consecutive_errors=0, monitoring_suspended=False)
2025-11-26 13:40:12 | INFO | MONITOR | Paper trades checked (next in 60s)
2025-11-26 13:40:12 | INFO | MONITOR_SLEEP | Sleeping for 20s (base=20s, consecutive_errors=0, monitoring_suspended=False)
2025-11-26 13:40:32 | INFO | MONITOR_SLEEP | Sleeping for 20s (base=20s, consecutive_errors=0, monitoring_suspended=False)
2025-11-26 13:40:52 | INFO | MONITOR_SLEEP | Sleeping for 20s (base=20s, consecutive_errors=0, monitoring_suspended=False)
2025-11-26 13:41:12 | INFO | MONITOR | Paper trades checked (next in 60s)
2025-11-26 13:41:12 | INFO | MONITOR_SLEEP | Sleeping for 20s (base=20s, consecutive_errors=0, monitoring_suspended=False)
2025-11-26 13:41:32 | INFO | MONITOR_SLEEP | Sleeping for 20s (base=20s, consecutive_errors=0, monitoring_suspended=False)
2025-11-26 13:41:52 | INFO | MONITOR_SLEEP | Sleeping for 20s (base=20s, consecutive_errors=0, monitoring_suspended=False)
2025-11-26 13:42:12 | INFO | MONITOR | Paper trades checked (next in 60s)
2025-11-26 13:42:12 | INFO | MONITOR_SLEEP | Sleeping for 20s (base=20s, consecutive_errors=0, monitoring_suspended=False)
2025-11-26 13:42:32 | INFO | MONITOR_SLEEP | Sleeping for 20s (base=20s, consecutive_errors=0, monitoring_suspended=False)
2025-11-26 13:42:52 | INFO | MONITOR_SLEEP | Sleeping for 20s (base=20s, consecutive_errors=0, monitoring_suspended=False)
2025-11-26 13:43:12 | INFO | MONITOR | Paper trades checked (next in 60s)
2025-11-26 13:43:12 | INFO | MONITOR_SLEEP | Sleeping for 20s (base=20s, consecutive_errors=0, monitoring_suspended=False)
2025-11-26 13:43:32 | INFO | MONITOR_SLEEP | Sleeping for 20s (base=20s, consecutive_errors=0, monitoring_suspended=False)
2025-11-26 13:43:52 | INFO | MONITOR_SLEEP | Sleeping for 20s (base=20s, consecutive_errors=0, monitoring_suspended=False)
2025-11-26 13:44:12 | INFO | MONITOR | Paper trades checked (next in 60s)
2025-11-26 13:44:12 | INFO | MONITOR_SLEEP | Sleeping for 20s (base=20s, consecutive_errors=0, monitoring_suspended=False)
2025-11-26 13:44:32 | INFO | MONITOR_SLEEP | Sleeping for 20s (base=20s, consecutive_errors=0, monitoring_suspended=False)
2025-11-26 13:44:52 | INFO | MONITOR_SLEEP | Sleeping for 20s (base=20s, consecutive_errors=0, monitoring_suspended=False)
2025-11-26 13:45:12 | INFO | MONITOR | Paper trades checked (next in 60s)
2025-11-26 13:45:12 | INFO | MONITOR_SLEEP | Sleeping for 20s (base=20s, consecutive_errors=0, monitoring_suspended=False)
2025-11-26 13:45:32 | INFO | MONITOR_SLEEP | Sleeping for 20s (base=20s, consecutive_errors=0, monitoring_suspended=False)
2025-11-26 13:45:52 | INFO | MONITOR_SLEEP | Sleeping for 20s (base=20s, consecutive_errors=0, monitoring_suspended=False)
2025-11-26 13:46:12 | INFO | MONITOR | Paper trades checked (next in 60s)
2025-11-26 13:46:12 | INFO | MONITOR_SLEEP | Sleeping for 20s (base=20s, consecutive_errors=0, monitoring_suspended=False)
2025-11-26 13:46:32 | INFO | MONITOR_SLEEP | Sleeping for 20s (base=20s, consecutive_errors=0, monitoring_suspended=False)
2025-11-26 13:46:52 | INFO | MONITOR_SLEEP | Sleeping for 20s (base=20s, consecutive_errors=0, monitoring_suspended=False)
2025-11-26 13:47:12 | INFO | MONITOR | Paper trades checked (next in 60s)
2025-11-26 13:47:12 | INFO | MONITOR_SLEEP | Sleeping for 20s (base=20s, consecutive_errors=0, monitoring_suspended=False)
2025-11-26 13:47:32 | INFO | MONITOR_SLEEP | Sleeping for 20s (base=20s, consecutive_errors=0, monitoring_suspended=False)
2025-11-26 13:47:52 | INFO | MONITOR_SLEEP | Sleeping for 20s (base=20s, consecutive_errors=0, monitoring_suspended=False)
2025-11-26 13:48:12 | INFO | MONITOR | Paper trades checked (next in 60s)
2025-11-26 13:48:12 | INFO | MONITOR_SLEEP | Sleeping for 20s (base=20s, consecutive_errors=0, monitoring_suspended=False)
2025-11-26 13:48:32 | INFO | MONITOR_SLEEP | Sleeping for 20s (base=20s, consecutive_errors=0, monitoring_suspended=False)
2025-11-26 13:48:52 | INFO | MONITOR_SLEEP | Sleeping for 20s (base=20s, consecutive_errors=0, monitoring_suspended=False)
2025-11-26 13:49:12 | INFO | MONITOR | Paper trades checked (next in 60s)
2025-11-26 13:49:12 | INFO | MONITOR_SLEEP | Sleeping for 20s (base=20s, consecutive_errors=0, monitoring_suspended=False)
2025-11-26 13:49:32 | INFO | MONITOR_SLEEP | Sleeping for 20s (base=20s, consecutive_errors=0, monitoring_suspended=False)
2025-11-26 13:49:52 | INFO | MONITOR_SLEEP | Sleeping for 20s (base=20s, consecutive_errors=0, monitoring_suspended=False)
2025-11-26 13:50:12 | INFO | MONITOR | Paper trades checked (next in 60s)
2025-11-26 13:50:12 | INFO | MONITOR_SLEEP | Sleeping for 20s (base=20s, consecutive_errors=0, monitoring_suspended=False)
2025-11-26 13:50:32 | INFO | MONITOR_SLEEP | Sleeping for 20s (base=20s, consecutive_errors=0, monitoring_suspended=False)
2025-11-26 13:50:52 | INFO | MONITOR_SLEEP | Sleeping for 20s (base=20s, consecutive_errors=0, monitoring_suspended=False)
2025-11-26 13:51:12 | INFO | MONITOR | Paper trades checked (next in 60s)
2025-11-26 13:51:12 | INFO | MONITOR_SLEEP | Sleeping for 20s (base=20s, consecutive_errors=0, monitoring_suspended=False)
2025-11-26 13:51:32 | INFO | MONITOR_SLEEP | Sleeping for 20s (base=20s, consecutive_errors=0, monitoring_suspended=False)
2025-11-26 13:51:52 | INFO | MONITOR_SLEEP | Sleeping for 20s (base=20s, consecutive_errors=0, monitoring_suspended=False)
2025-11-26 13:52:12 | INFO | MONITOR | Paper trades checked (next in 60s)
2025-11-26 13:52:12 | INFO | MONITOR_SLEEP | Sleeping for 20s (base=20s, consecutive_errors=0, monitoring_suspended=False)
2025-11-26 13:52:32 | INFO | MONITOR_SLEEP | Sleeping for 20s (base=20s, consecutive_errors=0, monitoring_suspended=False)
2025-11-26 13:52:52 | INFO | MONITOR_SLEEP | Sleeping for 20s (base=20s, consecutive_errors=0, monitoring_suspended=False)
2025-11-26 13:53:12 | INFO | MONITOR | Paper trades checked (next in 60s)
2025-11-26 13:53:12 | INFO | MONITOR_SLEEP | Sleeping for 20s (base=20s, consecutive_errors=0, monitoring_suspended=False)
2025-11-26 13:53:32 | INFO | MONITOR_SLEEP | Sleeping for 20s (base=20s, consecutive_errors=0, monitoring_suspended=False)
2025-11-26 13:53:52 | INFO | MONITOR_SLEEP | Sleeping for 20s (base=20s, consecutive_errors=0, monitoring_suspended=False)
2025-11-26 13:54:12 | INFO | MONITOR | Paper trades checked (next in 60s)
2025-11-26 13:54:12 | INFO | MONITOR_SLEEP | Sleeping for 20s (base=20s, consecutive_errors=0, monitoring_suspended=False)
2025-11-26 13:54:32 | INFO | MONITOR_SLEEP | Sleeping for 20s (base=20s, consecutive_errors=0, monitoring_suspended=False)
2025-11-26 13:54:52 | INFO | MONITOR_SLEEP | Sleeping for 20s (base=20s, consecutive_errors=0, monitoring_suspended=False)
2025-11-26 13:55:12 | INFO | MONITOR | Paper trades checked (next in 60s)
2025-11-26 13:55:12 | INFO | MONITOR_SLEEP | Sleeping for 20s (base=20s, consecutive_errors=0, monitoring_suspended=False)
2025-11-26 13:55:32 | INFO | MONITOR_SLEEP | Sleeping for 20s (base=20s, consecutive_errors=0, monitoring_suspended=False)
2025-11-26 13:55:52 | INFO | MONITOR_SLEEP | Sleeping for 20s (base=20s, consecutive_errors=0, monitoring_suspended=False)
2025-11-26 13:56:12 | INFO | MONITOR | Paper trades checked (next in 60s)
2025-11-26 13:56:12 | INFO | MONITOR_SLEEP | Sleeping for 20s (base=20s, consecutive_errors=0, monitoring_suspended=False)
2025-11-26 13:56:32 | INFO | MONITOR_SLEEP | Sleeping for 20s (base=20s, consecutive_errors=0, monitoring_suspended=False)
2025-11-26 13:56:52 | INFO | MONITOR_SLEEP | Sleeping for 20s (base=20s, consecutive_errors=0, monitoring_suspended=False)
2025-11-26 13:57:12 | INFO | MONITOR | Paper trades checked (next in 60s)
2025-11-26 13:57:12 | INFO | MONITOR_SLEEP | Sleeping for 20s (base=20s, consecutive_errors=0, monitoring_suspended=False)
2025-11-26 13:57:32 | INFO | MONITOR_SLEEP | Sleeping for 20s (base=20s, consecutive_errors=0, monitoring_suspended=False)
2025-11-26 13:57:52 | INFO | MONITOR_SLEEP | Sleeping for 20s (base=20s, consecutive_errors=0, monitoring_suspended=False)
2025-11-26 13:58:12 | INFO | MONITOR | Paper trades checked (next in 60s)
2025-11-26 13:58:12 | INFO | MONITOR_SLEEP | Sleeping for 20s (base=20s, consecutive_errors=0, monitoring_suspended=False)
2025-11-26 13:58:32 | INFO | MONITOR_SLEEP | Sleeping for 20s (base=20s, consecutive_errors=0, monitoring_suspended=False)
2025-11-26 13:58:52 | INFO | MONITOR_SLEEP | Sleeping for 20s (base=20s, consecutive_errors=0, monitoring_suspended=False)
2025-11-26 13:59:12 | INFO | MONITOR | Paper trades checked (next in 60s)
2025-11-26 13:59:12 | INFO | MONITOR_SLEEP | Sleeping for 20s (base=20s, consecutive_errors=0, monitoring_suspended=False)
2025-11-26 13:59:32 | INFO | MONITOR_SLEEP | Sleeping for 20s (base=20s, consecutive_errors=0, monitoring_suspended=False)
2025-11-26 13:59:52 | INFO | MONITOR_SLEEP | Sleeping for 20s (base=20s, consecutive_errors=0, monitoring_suspended=False)
2025-11-26 14:00:12 | INFO | MONITOR | Paper trades checked (next in 60s)
2025-11-26 14:00:12 | INFO | MONITOR_SLEEP | Sleeping for 20s (base=20s, consecutive_errors=0, monitoring_suspended=False)
2025-11-26 14:00:32 | INFO | MONITOR_SLEEP | Sleeping for 20s (base=20s, consecutive_errors=0, monitoring_suspended=False)
2025-11-26 14:00:52 | INFO | MONITOR_SLEEP | Sleeping for 20s (base=20s, consecutive_errors=0, monitoring_suspended=False)
2025-11-26 14:01:12 | INFO | MONITOR | Paper trades checked (next in 60s)
2025-11-26 14:01:12 | INFO | MONITOR_SLEEP | Sleeping for 20s (base=20s, consecutive_errors=0, monitoring_suspended=False)
2025-11-26 14:01:32 | INFO | MONITOR_SLEEP | Sleeping for 20s (base=20s, consecutive_errors=0, monitoring_suspended=False)
2025-11-26 14:01:52 | INFO | MONITOR_SLEEP | Sleeping for 20s (base=20s, consecutive_errors=0, monitoring_suspended=False)
2025-11-26 14:02:12 | INFO | MONITOR | Paper trades checked (next in 60s)
2025-11-26 14:02:12 | INFO | MONITOR_SLEEP | Sleeping for 20s (base=20s, consecutive_errors=0, monitoring_suspended=False)
2025-11-26 14:02:32 | INFO | MONITOR_SLEEP | Sleeping for 20s (base=20s, consecutive_errors=0, monitoring_suspended=False)
2025-11-26 14:02:52 | INFO | MONITOR_SLEEP | Sleeping for 20s (base=20s, consecutive_errors=0, monitoring_suspended=False)
2025-11-26 14:03:12 | INFO | MONITOR | Paper trades checked (next in 60s)
2025-11-26 14:03:12 | INFO | MONITOR_SLEEP | Sleeping for 20s (base=20s, consecutive_errors=0, monitoring_suspended=False)
2025-11-26 14:03:32 | INFO | MONITOR_SLEEP | Sleeping for 20s (base=20s, consecutive_errors=0, monitoring_suspended=False)
2025-11-26 14:03:52 | INFO | MONITOR_SLEEP | Sleeping for 20s (base=20s, consecutive_errors=0, monitoring_suspended=False)
2025-11-26 14:04:12 | INFO | MONITOR | Paper trades checked (next in 60s)
2025-11-26 14:04:12 | INFO | MONITOR_SLEEP | Sleeping for 20s (base=20s, consecutive_errors=0, monitoring_suspended=False)
2025-11-26 14:04:32 | INFO | MONITOR_SLEEP | Sleeping for 20s (base=20s, consecutive_errors=0, monitoring_suspended=False)
2025-11-26 14:04:52 | INFO | MONITOR_SLEEP | Sleeping for 20s (base=20s, consecutive_errors=0, monitoring_suspended=False)
2025-11-26 14:05:12 | INFO | MONITOR | Paper trades checked (next in 60s)
2025-11-26 14:05:12 | INFO | MONITOR_SLEEP | Sleeping for 20s (base=20s, consecutive_errors=0, monitoring_suspended=False)
2025-11-26 14:05:32 | INFO | MONITOR_SLEEP | Sleeping for 20s (base=20s, consecutive_errors=0, monitoring_suspended=False)
2025-11-26 14:05:52 | INFO | MONITOR_SLEEP | Sleeping for 20s (base=20s, consecutive_errors=0, monitoring_suspended=False)
2025-11-26 14:06:12 | INFO | MONITOR | Paper trades checked (next in 60s)
2025-11-26 14:06:12 | INFO | MONITOR_SLEEP | Sleeping for 20s (base=20s, consecutive_errors=0, monitoring_suspended=False)
2025-11-26 14:06:32 | INFO | MONITOR_SLEEP | Sleeping for 20s (base=20s, consecutive_errors=0, monitoring_suspended=False)
2025-11-26 14:06:52 | INFO | MONITOR_SLEEP | Sleeping for 20s (base=20s, consecutive_errors=0, monitoring_suspended=False)
2025-11-26 14:07:12 | INFO | MONITOR | Paper trades checked (next in 60s)
2025-11-26 14:07:12 | INFO | MONITOR_SLEEP | Sleeping for 20s (base=20s, consecutive_errors=0, monitoring_suspended=False)
2025-11-26 14:07:32 | INFO | MONITOR_SLEEP | Sleeping for 20s (base=20s, consecutive_errors=0, monitoring_suspended=False)
2025-11-26 14:07:52 | INFO | MONITOR_SLEEP | Sleeping for 20s (base=20s, consecutive_errors=0, monitoring_suspended=False)
2025-11-26 14:08:12 | INFO | MONITOR | Paper trades checked (next in 60s)
2025-11-26 14:08:12 | INFO | MONITOR_SLEEP | Sleeping for 20s (base=20s, consecutive_errors=0, monitoring_suspended=False)
2025-11-26 14:08:32 | INFO | MONITOR_SLEEP | Sleeping for 20s (base=20s, consecutive_errors=0, monitoring_suspended=False)
2025-11-26 14:08:52 | INFO | MONITOR_SLEEP | Sleeping for 20s (base=20s, consecutive_errors=0, monitoring_suspended=False)
2025-11-26 14:09:12 | INFO | MONITOR | Paper trades checked (next in 60s)
2025-11-26 14:09:12 | INFO | MONITOR_SLEEP | Sleeping for 20s (base=20s, consecutive_errors=0, monitoring_suspended=False)
2025-11-26 14:09:32 | INFO | MONITOR_SLEEP | Sleeping for 20s (base=20s, consecutive_errors=0, monitoring_suspended=False)
2025-11-26 14:09:52 | INFO | MONITOR_SLEEP | Sleeping for 20s (base=20s, consecutive_errors=0, monitoring_suspended=False)
2025-11-26 14:10:12 | INFO | MONITOR | Paper trades checked (next in 60s)
2025-11-26 14:10:12 | INFO | MONITOR_SLEEP | Sleeping for 20s (base=20s, consecutive_errors=0, monitoring_suspended=False)
2025-11-26 14:10:32 | INFO | MONITOR_SLEEP | Sleeping for 20s (base=20s, consecutive_errors=0, monitoring_suspended=False)
2025-11-26 14:10:52 | INFO | MONITOR_SLEEP | Sleeping for 20s (base=20s, consecutive_errors=0, monitoring_suspended=False)
2025-11-26 14:11:12 | INFO | MONITOR | Paper trades checked (next in 60s)
2025-11-26 14:11:12 | INFO | MONITOR_SLEEP | Sleeping for 20s (base=20s, consecutive_errors=0, monitoring_suspended=False)
2025-11-26 14:11:32 | INFO | MONITOR_SLEEP | Sleeping for 20s (base=20s, consecutive_errors=0, monitoring_suspended=False)
2025-11-26 14:11:52 | INFO | MONITOR_SLEEP | Sleeping for 20s (base=20s, consecutive_errors=0, monitoring_suspended=False)
2025-11-26 14:12:12 | INFO | MONITOR | Paper trades checked (next in 60s)
2025-11-26 14:12:12 | INFO | MONITOR_SLEEP | Sleeping for 20s (base=20s, consecutive_errors=0, monitoring_suspended=False)
2025-11-26 14:12:32 | INFO | MONITOR_SLEEP | Sleeping for 20s (base=20s, consecutive_errors=0, monitoring_suspended=False)
2025-11-26 14:12:52 | INFO | MONITOR_SLEEP | Sleeping for 20s (base=20s, consecutive_errors=0, monitoring_suspended=False)
2025-11-26 14:13:12 | INFO | MONITOR | Paper trades checked (next in 60s)
2025-11-26 14:13:12 | INFO | MONITOR_SLEEP | Sleeping for 20s (base=20s, consecutive_errors=0, monitoring_suspended=False)
2025-11-26 14:13:32 | INFO | MONITOR_SLEEP | Sleeping for 20s (base=20s, consecutive_errors=0, monitoring_suspended=False)
2025-11-26 14:13:52 | INFO | MONITOR_SLEEP | Sleeping for 20s (base=20s, consecutive_errors=0, monitoring_suspended=False)
2025-11-26 14:14:12 | INFO | MONITOR | Paper trades checked (next in 60s)
2025-11-26 14:14:12 | INFO | MONITOR_SLEEP | Sleeping for 20s (base=20s, consecutive_errors=0, monitoring_suspended=False)
2025-11-26 14:14:32 | INFO | MONITOR_SLEEP | Sleeping for 20s (base=20s, consecutive_errors=0, monitoring_suspended=False)
2025-11-26 14:14:52 | INFO | MONITOR_SLEEP | Sleeping for 20s (base=20s, consecutive_errors=0, monitoring_suspended=False)
2025-11-26 14:15:12 | INFO | MONITOR | Paper trades checked (next in 60s)
2025-11-26 14:15:12 | INFO | MONITOR_SLEEP | Sleeping for 20s (base=20s, consecutive_errors=0, monitoring_suspended=False)
2025-11-26 14:15:32 | INFO | MONITOR_SLEEP | Sleeping for 20s (base=20s, consecutive_errors=0, monitoring_suspended=False)
2025-11-26 14:15:52 | INFO | MONITOR_SLEEP | Sleeping for 20s (base=20s, consecutive_errors=0, monitoring_suspended=False)
2025-11-26 14:16:12 | INFO | MONITOR | Paper trades checked (next in 60s)
2025-11-26 14:16:12 | INFO | MONITOR_SLEEP | Sleeping for 20s (base=20s, consecutive_errors=0, monitoring_suspended=False)
2025-11-26 14:16:32 | INFO | MONITOR_SLEEP | Sleeping for 20s (base=20s, consecutive_errors=0, monitoring_suspended=False)
2025-11-26 14:16:52 | INFO | MONITOR_SLEEP | Sleeping for 20s (base=20s, consecutive_errors=0, monitoring_suspended=False)
2025-11-26 14:17:12 | INFO | MONITOR | Paper trades checked (next in 60s)
2025-11-26 14:17:12 | INFO | MONITOR_SLEEP | Sleeping for 20s (base=20s, consecutive_errors=0, monitoring_suspended=False)
2025-11-26 14:17:32 | INFO | MONITOR_SLEEP | Sleeping for 20s (base=20s, consecutive_errors=0, monitoring_suspended=False)
2025-11-26 14:17:52 | INFO | MONITOR_SLEEP | Sleeping for 20s (base=20s, consecutive_errors=0, monitoring_suspended=False)
2025-11-26 14:18:12 | INFO | MONITOR | Paper trades checked (next in 60s)
2025-11-26 14:18:12 | INFO | MONITOR_SLEEP | Sleeping for 20s (base=20s, consecutive_errors=0, monitoring_suspended=False)
2025-11-26 14:18:32 | INFO | MONITOR_SLEEP | Sleeping for 20s (base=20s, consecutive_errors=0, monitoring_suspended=False)
2025-11-26 14:18:52 | INFO | MONITOR_SLEEP | Sleeping for 20s (base=20s, consecutive_errors=0, monitoring_suspended=False)
2025-11-26 14:19:12 | INFO | MONITOR | Paper trades checked (next in 60s)
2025-11-26 14:19:12 | INFO | MONITOR_SLEEP | Sleeping for 20s (base=20s, consecutive_errors=0, monitoring_suspended=False)
2025-11-26 14:19:32 | INFO | MONITOR_SLEEP | Sleeping for 20s (base=20s, consecutive_errors=0, monitoring_suspended=False)
2025-11-26 14:19:52 | INFO | MONITOR_SLEEP | Sleeping for 20s (base=20s, consecutive_errors=0, monitoring_suspended=False)
2025-11-26 14:20:12 | INFO | MONITOR | Paper trades checked (next in 60s)
2025-11-26 14:20:12 | INFO | MONITOR_SLEEP | Sleeping for 20s (base=20s, consecutive_errors=0, monitoring_suspended=False)
2025-11-26 14:20:32 | INFO | MONITOR_SLEEP | Sleeping for 20s (base=20s, consecutive_errors=0, monitoring_suspended=False)
2025-11-26 14:20:52 | INFO | MONITOR_SLEEP | Sleeping for 20s (base=20s, consecutive_errors=0, monitoring_suspended=False)
2025-11-26 14:21:12 | INFO | MONITOR | Paper trades checked (next in 60s)
2025-11-26 14:21:12 | INFO | MONITOR_SLEEP | Sleeping for 20s (base=20s, consecutive_errors=0, monitoring_suspended=False)
2025-11-26 14:21:32 | INFO | MONITOR_SLEEP | Sleeping for 20s (base=20s, consecutive_errors=0, monitoring_suspended=False)
2025-11-26 14:21:52 | INFO | MONITOR_SLEEP | Sleeping for 20s (base=20s, consecutive_errors=0, monitoring_suspended=False)
2025-11-26 14:22:12 | INFO | MONITOR | Paper trades checked (next in 60s)
2025-11-26 14:22:12 | INFO | MONITOR_SLEEP | Sleeping for 20s (base=20s, consecutive_errors=0, monitoring_suspended=False)
2025-11-26 14:22:32 | INFO | MONITOR_SLEEP | Sleeping for 20s (base=20s, consecutive_errors=0, monitoring_suspended=False)
2025-11-26 14:22:52 | INFO | MONITOR_SLEEP | Sleeping for 20s (base=20s, consecutive_errors=0, monitoring_suspended=False)
2025-11-26 14:23:12 | INFO | MONITOR | Paper trades checked (next in 60s)
2025-11-26 14:23:12 | INFO | MONITOR_SLEEP | Sleeping for 20s (base=20s, consecutive_errors=0, monitoring_suspended=False)
2025-11-26 14:23:32 | INFO | MONITOR_SLEEP | Sleeping for 20s (base=20s, consecutive_errors=0, monitoring_suspended=False)
2025-11-26 14:23:52 | INFO | MONITOR_SLEEP | Sleeping for 20s (base=20s, consecutive_errors=0, monitoring_suspended=False)
2025-11-26 14:24:12 | INFO | MONITOR | Paper trades checked (next in 60s)
2025-11-26 14:24:12 | INFO | MONITOR_SLEEP | Sleeping for 20s (base=20s, consecutive_errors=0, monitoring_suspended=False)
2025-11-26 14:24:32 | INFO | MONITOR_SLEEP | Sleeping for 20s (base=20s, consecutive_errors=0, monitoring_suspended=False)
2025-11-26 14:24:52 | INFO | MONITOR_SLEEP | Sleeping for 20s (base=20s, consecutive_errors=0, monitoring_suspended=False)
2025-11-26 14:25:12 | INFO | MONITOR | Paper trades checked (next in 60s)
2025-11-26 14:25:12 | INFO | MONITOR_SLEEP | Sleeping for 20s (base=20s, consecutive_errors=0, monitoring_suspended=False)
2025-11-26 14:25:32 | INFO | MONITOR_SLEEP | Sleeping for 20s (base=20s, consecutive_errors=0, monitoring_suspended=False)
2025-11-26 14:25:52 | INFO | MONITOR_SLEEP | Sleeping for 20s (base=20s, consecutive_errors=0, monitoring_suspended=False)
2025-11-26 14:26:12 | INFO | MONITOR | Paper trades checked (next in 60s)
2025-11-26 14:26:12 | INFO | MONITOR_SLEEP | Sleeping for 20s (base=20s, consecutive_errors=0, monitoring_suspended=False)
2025-11-26 14:26:32 | INFO | MONITOR_SLEEP | Sleeping for 20s (base=20s, consecutive_errors=0, monitoring_suspended=False)
2025-11-26 14:26:52 | INFO | MONITOR_SLEEP | Sleeping for 20s (base=20s, consecutive_errors=0, monitoring_suspended=False)
2025-11-26 14:27:12 | INFO | MONITOR | Paper trades checked (next in 60s)
2025-11-26 14:27:12 | INFO | MONITOR_SLEEP | Sleeping for 20s (base=20s, consecutive_errors=0, monitoring_suspended=False)
2025-11-26 14:27:32 | INFO | MONITOR_SLEEP | Sleeping for 20s (base=20s, consecutive_errors=0, monitoring_suspended=False)
2025-11-26 14:27:52 | INFO | MONITOR_SLEEP | Sleeping for 20s (base=20s, consecutive_errors=0, monitoring_suspended=False)
2025-11-26 14:28:12 | INFO | MONITOR | Paper trades checked (next in 60s)
2025-11-26 14:28:12 | INFO | MONITOR_SLEEP | Sleeping for 20s (base=20s, consecutive_errors=0, monitoring_suspended=False)
2025-11-26 14:28:32 | INFO | MONITOR_SLEEP | Sleeping for 20s (base=20s, consecutive_errors=0, monitoring_suspended=False)
2025-11-26 14:28:52 | INFO | MONITOR_SLEEP | Sleeping for 20s (base=20s, consecutive_errors=0, monitoring_suspended=False)
2025-11-26 14:29:12 | INFO | MONITOR | Paper trades checked (next in 60s)
2025-11-26 14:29:12 | INFO | MONITOR_SLEEP | Sleeping for 20s (base=20s, consecutive_errors=0, monitoring_suspended=False)
2025-11-26 14:29:32 | INFO | MONITOR_SLEEP | Sleeping for 20s (base=20s, consecutive_errors=0, monitoring_suspended=False)
2025-11-26 14:29:52 | INFO | MONITOR_SLEEP | Sleeping for 20s (base=20s, consecutive_errors=0, monitoring_suspended=False)
2025-11-26 14:30:12 | INFO | MONITOR | Paper trades checked (next in 60s)
2025-11-26 14:30:12 | INFO | MONITOR_SLEEP | Sleeping for 20s (base=20s, consecutive_errors=0, monitoring_suspended=False)
2025-11-26 14:30:32 | INFO | MONITOR_SLEEP | Sleeping for 20s (base=20s, consecutive_errors=0, monitoring_suspended=False)
2025-11-26 14:30:52 | INFO | MONITOR_SLEEP | Sleeping for 20s (base=20s, consecutive_errors=0, monitoring_suspended=False)
2025-11-26 14:31:12 | INFO | MONITOR | Paper trades checked (next in 60s)
2025-11-26 14:31:12 | INFO | MONITOR_SLEEP | Sleeping for 20s (base=20s, consecutive_errors=0, monitoring_suspended=False)
2025-11-26 14:31:32 | INFO | MONITOR_SLEEP | Sleeping for 20s (base=20s, consecutive_errors=0, monitoring_suspended=False)
2025-11-26 14:31:52 | INFO | MONITOR_SLEEP | Sleeping for 20s (base=20s, consecutive_errors=0, monitoring_suspended=False)
2025-11-26 14:32:12 | INFO | MONITOR | Paper trades checked (next in 60s)
2025-11-26 14:32:12 | INFO | MONITOR_SLEEP | Sleeping for 20s (base=20s, consecutive_errors=0, monitoring_suspended=False)
2025-11-26 14:32:32 | INFO | MONITOR_SLEEP | Sleeping for 20s (base=20s, consecutive_errors=0, monitoring_suspended=False)
2025-11-26 14:32:52 | INFO | MONITOR_SLEEP | Sleeping for 20s (base=20s, consecutive_errors=0, monitoring_suspended=False)
2025-11-26 14:33:12 | INFO | MONITOR | Paper trades checked (next in 60s)
2025-11-26 14:33:12 | INFO | MONITOR_SLEEP | Sleeping for 20s (base=20s, consecutive_errors=0, monitoring_suspended=False)
2025-11-26 14:33:32 | INFO | MONITOR_SLEEP | Sleeping for 20s (base=20s, consecutive_errors=0, monitoring_suspended=False)
2025-11-26 14:33:52 | INFO | MONITOR_SLEEP | Sleeping for 20s (base=20s, consecutive_errors=0, monitoring_suspended=False)
2025-11-26 14:34:12 | INFO | MONITOR | Paper trades checked (next in 60s)
2025-11-26 14:34:12 | INFO | MONITOR_SLEEP | Sleeping for 20s (base=20s, consecutive_errors=0, monitoring_suspended=False)
2025-11-26 14:34:32 | INFO | MONITOR_SLEEP | Sleeping for 20s (base=20s, consecutive_errors=0, monitoring_suspended=False)
2025-11-26 14:34:52 | INFO | MONITOR_SLEEP | Sleeping for 20s (base=20s, consecutive_errors=0, monitoring_suspended=False)
2025-11-26 14:35:12 | INFO | MONITOR | Paper trades checked (next in 60s)
2025-11-26 14:35:12 | INFO | MONITOR_SLEEP | Sleeping for 20s (base=20s, consecutive_errors=0, monitoring_suspended=False)
2025-11-26 14:35:32 | INFO | MONITOR_SLEEP | Sleeping for 20s (base=20s, consecutive_errors=0, monitoring_suspended=False)
2025-11-26 14:35:52 | INFO | MONITOR_SLEEP | Sleeping for 20s (base=20s, consecutive_errors=0, monitoring_suspended=False)
2025-11-26 14:36:12 | INFO | MONITOR | Paper trades checked (next in 60s)
2025-11-26 14:36:12 | INFO | MONITOR_SLEEP | Sleeping for 20s (base=20s, consecutive_errors=0, monitoring_suspended=False)
2025-11-26 14:36:32 | INFO | MONITOR_SLEEP | Sleeping for 20s (base=20s, consecutive_errors=0, monitoring_suspended=False)
2025-11-26 14:36:52 | INFO | MONITOR_SLEEP | Sleeping for 20s (base=20s, consecutive_errors=0, monitoring_suspended=False)
2025-11-26 14:37:12 | INFO | MONITOR | Paper trades checked (next in 60s)
2025-11-26 14:37:12 | INFO | MONITOR_SLEEP | Sleeping for 20s (base=20s, consecutive_errors=0, monitoring_suspended=False)
2025-11-26 14:37:32 | INFO | MONITOR_SLEEP | Sleeping for 20s (base=20s, consecutive_errors=0, monitoring_suspended=False)
2025-11-26 14:37:52 | INFO | MONITOR_SLEEP | Sleeping for 20s (base=20s, consecutive_errors=0, monitoring_suspended=False)
2025-11-26 14:38:12 | INFO | MONITOR | Paper trades checked (next in 60s)
2025-11-26 14:38:12 | INFO | MONITOR_SLEEP | Sleeping for 20s (base=20s, consecutive_errors=0, monitoring_suspended=False)
2025-11-26 14:38:32 | INFO | MONITOR_SLEEP | Sleeping for 20s (base=20s, consecutive_errors=0, monitoring_suspended=False)
2025-11-26 14:38:52 | INFO | MONITOR_SLEEP | Sleeping for 20s (base=20s, consecutive_errors=0, monitoring_suspended=False)
2025-11-26 14:39:12 | INFO | MONITOR | Paper trades checked (next in 60s)
2025-11-26 14:39:12 | INFO | MONITOR_SLEEP | Sleeping for 20s (base=20s, consecutive_errors=0, monitoring_suspended=False)
2025-11-26 14:39:32 | INFO | MONITOR_SLEEP | Sleeping for 20s (base=20s, consecutive_errors=0, monitoring_suspended=False)
2025-11-26 14:39:52 | INFO | MONITOR_SLEEP | Sleeping for 20s (base=20s, consecutive_errors=0, monitoring_suspended=False)
2025-11-26 14:40:12 | INFO | MONITOR | Paper trades checked (next in 60s)
2025-11-26 14:40:12 | INFO | MONITOR_SLEEP | Sleeping for 20s (base=20s, consecutive_errors=0, monitoring_suspended=False)
2025-11-26 14:40:32 | INFO | MONITOR_SLEEP | Sleeping for 20s (base=20s, consecutive_errors=0, monitoring_suspended=False)
2025-11-26 14:40:52 | INFO | MONITOR_SLEEP | Sleeping for 20s (base=20s, consecutive_errors=0, monitoring_suspended=False)
2025-11-26 14:41:12 | INFO | MONITOR | Paper trades checked (next in 60s)
2025-11-26 14:41:12 | INFO | MONITOR_SLEEP | Sleeping for 20s (base=20s, consecutive_errors=0, monitoring_suspended=False)
2025-11-26 14:41:32 | INFO | MONITOR_SLEEP | Sleeping for 20s (base=20s, consecutive_errors=0, monitoring_suspended=False)
2025-11-26 14:41:52 | INFO | MONITOR_SLEEP | Sleeping for 20s (base=20s, consecutive_errors=0, monitoring_suspended=False)
2025-11-26 14:42:12 | INFO | MONITOR | Paper trades checked (next in 60s)
2025-11-26 14:42:12 | INFO | MONITOR_SLEEP | Sleeping for 20s (base=20s, consecutive_errors=0, monitoring_suspended=False)
2025-11-26 14:42:32 | INFO | MONITOR_SLEEP | Sleeping for 20s (base=20s, consecutive_errors=0, monitoring_suspended=False)
2025-11-26 14:42:52 | INFO | MONITOR_SLEEP | Sleeping for 20s (base=20s, consecutive_errors=0, monitoring_suspended=False)
2025-11-26 14:43:12 | INFO | MONITOR | Paper trades checked (next in 60s)
2025-11-26 14:43:12 | INFO | MONITOR_SLEEP | Sleeping for 20s (base=20s, consecutive_errors=0, monitoring_suspended=False)
2025-11-26 14:43:32 | INFO | MONITOR_SLEEP | Sleeping for 20s (base=20s, consecutive_errors=0, monitoring_suspended=False)
2025-11-26 14:43:52 | INFO | MONITOR_SLEEP | Sleeping for 20s (base=20s, consecutive_errors=0, monitoring_suspended=False)
2025-11-26 14:44:12 | INFO | MONITOR | Paper trades checked (next in 60s)
2025-11-26 14:44:12 | INFO | MONITOR_SLEEP | Sleeping for 20s (base=20s, consecutive_errors=0, monitoring_suspended=False)
2025-11-26 14:44:32 | INFO | MONITOR_SLEEP | Sleeping for 20s (base=20s, consecutive_errors=0, monitoring_suspended=False)
2025-11-26 14:44:52 | INFO | MONITOR_SLEEP | Sleeping for 20s (base=20s, consecutive_errors=0, monitoring_suspended=False)
2025-11-26 14:45:12 | INFO | MONITOR | Paper trades checked (next in 60s)
2025-11-26 14:45:12 | INFO | MONITOR_SLEEP | Sleeping for 20s (base=20s, consecutive_errors=0, monitoring_suspended=False)
2025-11-26 14:45:32 | INFO | MONITOR_SLEEP | Sleeping for 20s (base=20s, consecutive_errors=0, monitoring_suspended=False)
2025-11-26 14:45:52 | INFO | MONITOR_SLEEP | Sleeping for 20s (base=20s, consecutive_errors=0, monitoring_suspended=False)
2025-11-26 14:46:12 | INFO | MONITOR | Paper trades checked (next in 60s)
2025-11-26 14:46:12 | INFO | MONITOR_SLEEP | Sleeping for 20s (base=20s, consecutive_errors=0, monitoring_suspended=False)
2025-11-26 14:46:32 | INFO | MONITOR_SLEEP | Sleeping for 20s (base=20s, consecutive_errors=0, monitoring_suspended=False)
2025-11-26 14:46:52 | INFO | MONITOR_SLEEP | Sleeping for 20s (base=20s, consecutive_errors=0, monitoring_suspended=False)
2025-11-26 14:47:12 | INFO | MONITOR | Paper trades checked (next in 60s)
2025-11-26 14:47:12 | INFO | MONITOR_SLEEP | Sleeping for 20s (base=20s, consecutive_errors=0, monitoring_suspended=False)
2025-11-26 14:47:32 | INFO | MONITOR_SLEEP | Sleeping for 20s (base=20s, consecutive_errors=0, monitoring_suspended=False)
2025-11-26 14:47:52 | INFO | MONITOR_SLEEP | Sleeping for 20s (base=20s, consecutive_errors=0, monitoring_suspended=False)
2025-11-26 14:48:12 | INFO | MONITOR | Paper trades checked (next in 60s)
2025-11-26 14:48:12 | INFO | MONITOR_SLEEP | Sleeping for 20s (base=20s, consecutive_errors=0, monitoring_suspended=False)
2025-11-26 14:48:32 | INFO | MONITOR_SLEEP | Sleeping for 20s (base=20s, consecutive_errors=0, monitoring_suspended=False)
2025-11-26 14:48:52 | INFO | MONITOR_SLEEP | Sleeping for 20s (base=20s, consecutive_errors=0, monitoring_suspended=False)
2025-11-26 14:49:12 | INFO | MONITOR | Paper trades checked (next in 60s)
2025-11-26 14:49:12 | INFO | MONITOR_SLEEP | Sleeping for 20s (base=20s, consecutive_errors=0, monitoring_suspended=False)
2025-11-26 14:49:32 | INFO | MONITOR_SLEEP | Sleeping for 20s (base=20s, consecutive_errors=0, monitoring_suspended=False)
2025-11-26 14:49:52 | INFO | MONITOR_SLEEP | Sleeping for 20s (base=20s, consecutive_errors=0, monitoring_suspended=False)
2025-11-26 14:50:12 | INFO | MONITOR | Paper trades checked (next in 60s)
2025-11-26 14:50:12 | INFO | MONITOR_SLEEP | Sleeping for 20s (base=20s, consecutive_errors=0, monitoring_suspended=False)
2025-11-26 14:50:32 | INFO | MONITOR_SLEEP | Sleeping for 20s (base=20s, consecutive_errors=0, monitoring_suspended=False)
2025-11-26 14:50:52 | INFO | MONITOR_SLEEP | Sleeping for 20s (base=20s, consecutive_errors=0, monitoring_suspended=False)
2025-11-26 14:51:12 | INFO | MONITOR | Paper trades checked (next in 60s)
2025-11-26 14:51:12 | INFO | MONITOR_SLEEP | Sleeping for 20s (base=20s, consecutive_errors=0, monitoring_suspended=False)
2025-11-26 14:51:32 | INFO | MONITOR_SLEEP | Sleeping for 20s (base=20s, consecutive_errors=0, monitoring_suspended=False)
2025-11-26 14:51:52 | INFO | MONITOR_SLEEP | Sleeping for 20s (base=20s, consecutive_errors=0, monitoring_suspended=False)
2025-11-26 14:52:12 | INFO | MONITOR | Paper trades checked (next in 60s)
2025-11-26 14:52:12 | INFO | MONITOR_SLEEP | Sleeping for 20s (base=20s, consecutive_errors=0, monitoring_suspended=False)
2025-11-26 14:52:32 | INFO | MONITOR_SLEEP | Sleeping for 20s (base=20s, consecutive_errors=0, monitoring_suspended=False)
2025-11-26 14:52:52 | INFO | MONITOR_SLEEP | Sleeping for 20s (base=20s, consecutive_errors=0, monitoring_suspended=False)
2025-11-26 14:53:12 | INFO | MONITOR | Paper trades checked (next in 60s)
2025-11-26 14:53:12 | INFO | MONITOR_SLEEP | Sleeping for 20s (base=20s, consecutive_errors=0, monitoring_suspended=False)
2025-11-26 14:53:32 | INFO | MONITOR_SLEEP | Sleeping for 20s (base=20s, consecutive_errors=0, monitoring_suspended=False)
2025-11-26 14:53:52 | INFO | MONITOR_SLEEP | Sleeping for 20s (base=20s, consecutive_errors=0, monitoring_suspended=False)
2025-11-26 14:54:12 | INFO | MONITOR | Paper trades checked (next in 60s)
2025-11-26 14:54:12 | INFO | MONITOR_SLEEP | Sleeping for 20s (base=20s, consecutive_errors=0, monitoring_suspended=False)
2025-11-26 14:54:32 | INFO | MONITOR_SLEEP | Sleeping for 20s (base=20s, consecutive_errors=0, monitoring_suspended=False)
2025-11-26 14:54:52 | INFO | MONITOR_SLEEP | Sleeping for 20s (base=20s, consecutive_errors=0, monitoring_suspended=False)
2025-11-26 14:55:12 | INFO | MONITOR | Paper trades checked (next in 60s)
2025-11-26 14:55:12 | INFO | MONITOR_SLEEP | Sleeping for 20s (base=20s, consecutive_errors=0, monitoring_suspended=False)
2025-11-26 14:55:32 | INFO | MONITOR_SLEEP | Sleeping for 20s (base=20s, consecutive_errors=0, monitoring_suspended=False)
2025-11-26 14:55:52 | INFO | MONITOR_SLEEP | Sleeping for 20s (base=20s, consecutive_errors=0, monitoring_suspended=False)
2025-11-26 14:56:12 | INFO | MONITOR | Paper trades checked (next in 60s)
2025-11-26 14:56:12 | INFO | MONITOR_SLEEP | Sleeping for 20s (base=20s, consecutive_errors=0, monitoring_suspended=False)
2025-11-26 14:56:32 | INFO | MONITOR_SLEEP | Sleeping for 20s (base=20s, consecutive_errors=0, monitoring_suspended=False)
2025-11-26 14:56:52 | INFO | MONITOR_SLEEP | Sleeping for 20s (base=20s, consecutive_errors=0, monitoring_suspended=False)
2025-11-26 14:57:12 | INFO | MONITOR | Paper trades checked (next in 60s)
2025-11-26 14:57:12 | INFO | MONITOR_SLEEP | Sleeping for 20s (base=20s, consecutive_errors=0, monitoring_suspended=False)
2025-11-26 14:57:32 | INFO | MONITOR_SLEEP | Sleeping for 20s (base=20s, consecutive_errors=0, monitoring_suspended=False)
2025-11-26 14:57:52 | INFO | MONITOR_SLEEP | Sleeping for 20s (base=20s, consecutive_errors=0, monitoring_suspended=False)
2025-11-26 14:58:12 | INFO | MONITOR | Paper trades checked (next in 60s)
2025-11-26 14:58:12 | INFO | MONITOR_SLEEP | Sleeping for 20s (base=20s, consecutive_errors=0, monitoring_suspended=False)
2025-11-26 14:58:32 | INFO | MONITOR_SLEEP | Sleeping for 20s (base=20s, consecutive_errors=0, monitoring_suspended=False)
2025-11-26 14:58:52 | INFO | MONITOR_SLEEP | Sleeping for 20s (base=20s, consecutive_errors=0, monitoring_suspended=False)
2025-11-26 14:59:12 | INFO | MONITOR | Paper trades checked (next in 60s)
2025-11-26 14:59:12 | INFO | MONITOR_SLEEP | Sleeping for 20s (base=20s, consecutive_errors=0, monitoring_suspended=False)
2025-11-26 14:59:32 | INFO | MONITOR_SLEEP | Sleeping for 20s (base=20s, consecutive_errors=0, monitoring_suspended=False)
2025-11-26 14:59:52 | INFO | MONITOR_SLEEP | Sleeping for 20s (base=20s, consecutive_errors=0, monitoring_suspended=False)
2025-11-26 15:00:12 | INFO | MONITOR | Paper trades checked (next in 60s)
2025-11-26 15:00:12 | INFO | MONITOR_SLEEP | Sleeping for 20s (base=20s, consecutive_errors=0, monitoring_suspended=False)
2025-11-26 15:00:32 | INFO | MONITOR_SLEEP | Sleeping for 20s (base=20s, consecutive_errors=0, monitoring_suspended=False)
2025-11-26 15:00:52 | INFO | MONITOR_SLEEP | Sleeping for 20s (base=20s, consecutive_errors=0, monitoring_suspended=False)
2025-11-26 15:01:12 | INFO | MONITOR | Paper trades checked (next in 60s)
2025-11-26 15:01:12 | INFO | MONITOR_SLEEP | Sleeping for 20s (base=20s, consecutive_errors=0, monitoring_suspended=False)
2025-11-26 15:01:32 | INFO | MONITOR_SLEEP | Sleeping for 20s (base=20s, consecutive_errors=0, monitoring_suspended=False)
2025-11-26 15:01:52 | INFO | MONITOR_SLEEP | Sleeping for 20s (base=20s, consecutive_errors=0, monitoring_suspended=False)
2025-11-26 15:02:12 | INFO | MONITOR | Paper trades checked (next in 60s)
2025-11-26 15:02:12 | INFO | MONITOR_SLEEP | Sleeping for 20s (base=20s, consecutive_errors=0, monitoring_suspended=False)
2025-11-26 15:02:32 | INFO | MONITOR_SLEEP | Sleeping for 20s (base=20s, consecutive_errors=0, monitoring_suspended=False)
2025-11-26 15:02:52 | INFO | MONITOR_SLEEP | Sleeping for 20s (base=20s, consecutive_errors=0, monitoring_suspended=False)
2025-11-26 15:03:12 | INFO | MONITOR | Paper trades checked (next in 60s)
2025-11-26 15:03:12 | INFO | MONITOR_SLEEP | Sleeping for 20s (base=20s, consecutive_errors=0, monitoring_suspended=False)
2025-11-26 15:03:32 | INFO | MONITOR_SLEEP | Sleeping for 20s (base=20s, consecutive_errors=0, monitoring_suspended=False)
2025-11-26 15:03:52 | INFO | MONITOR_SLEEP | Sleeping for 20s (base=20s, consecutive_errors=0, monitoring_suspended=False)
2025-11-26 15:04:12 | INFO | MONITOR | Paper trades checked (next in 60s)
2025-11-26 15:04:12 | INFO | MONITOR_SLEEP | Sleeping for 20s (base=20s, consecutive_errors=0, monitoring_suspended=False)
2025-11-26 15:04:32 | INFO | MONITOR_SLEEP | Sleeping for 20s (base=20s, consecutive_errors=0, monitoring_suspended=False)
2025-11-26 15:04:52 | INFO | MONITOR_SLEEP | Sleeping for 20s (base=20s, consecutive_errors=0, monitoring_suspended=False)
2025-11-26 15:05:12 | INFO | MONITOR | Paper trades checked (next in 60s)
2025-11-26 15:05:12 | INFO | MONITOR_SLEEP | Sleeping for 20s (base=20s, consecutive_errors=0, monitoring_suspended=False)
2025-11-26 15:05:32 | INFO | MONITOR_SLEEP | Sleeping for 20s (base=20s, consecutive_errors=0, monitoring_suspended=False)
2025-11-26 15:05:52 | INFO | MONITOR_SLEEP | Sleeping for 20s (base=20s, consecutive_errors=0, monitoring_suspended=False)
2025-11-26 15:06:12 | INFO | MONITOR | Paper trades checked (next in 60s)
2025-11-26 15:06:12 | INFO | MONITOR_SLEEP | Sleeping for 20s (base=20s, consecutive_errors=0, monitoring_suspended=False)
2025-11-26 15:06:32 | INFO | MONITOR_SLEEP | Sleeping for 20s (base=20s, consecutive_errors=0, monitoring_suspended=False)
2025-11-26 15:06:52 | INFO | MONITOR_SLEEP | Sleeping for 20s (base=20s, consecutive_errors=0, monitoring_suspended=False)
2025-11-26 15:07:12 | INFO | MONITOR | Paper trades checked (next in 60s)
2025-11-26 15:07:12 | INFO | MONITOR_SLEEP | Sleeping for 20s (base=20s, consecutive_errors=0, monitoring_suspended=False)
2025-11-26 15:07:32 | INFO | MONITOR_SLEEP | Sleeping for 20s (base=20s, consecutive_errors=0, monitoring_suspended=False)
2025-11-26 15:07:52 | INFO | MONITOR_SLEEP | Sleeping for 20s (base=20s, consecutive_errors=0, monitoring_suspended=False)
2025-11-26 15:08:12 | INFO | MONITOR | Paper trades checked (next in 60s)
2025-11-26 15:08:12 | INFO | MONITOR_SLEEP | Sleeping for 20s (base=20s, consecutive_errors=0, monitoring_suspended=False)
2025-11-26 15:08:32 | INFO | MONITOR_SLEEP | Sleeping for 20s (base=20s, consecutive_errors=0, monitoring_suspended=False)
2025-11-26 15:08:52 | INFO | MONITOR_SLEEP | Sleeping for 20s (base=20s, consecutive_errors=0, monitoring_suspended=False)
2025-11-26 15:09:12 | INFO | MONITOR | Paper trades checked (next in 60s)
2025-11-26 15:09:12 | INFO | MONITOR_SLEEP | Sleeping for 20s (base=20s, consecutive_errors=0, monitoring_suspended=False)
2025-11-26 15:09:32 | INFO | MONITOR_SLEEP | Sleeping for 20s (base=20s, consecutive_errors=0, monitoring_suspended=False)
2025-11-26 15:09:52 | INFO | MONITOR_SLEEP | Sleeping for 20s (base=20s, consecutive_errors=0, monitoring_suspended=False)
2025-11-26 15:10:12 | INFO | MONITOR | Paper trades checked (next in 60s)
2025-11-26 15:10:12 | INFO | MONITOR_SLEEP | Sleeping for 20s (base=20s, consecutive_errors=0, monitoring_suspended=False)
2025-11-26 15:10:32 | INFO | MONITOR_SLEEP | Sleeping for 20s (base=20s, consecutive_errors=0, monitoring_suspended=False)
2025-11-26 15:10:52 | INFO | MONITOR_SLEEP | Sleeping for 20s (base=20s, consecutive_errors=0, monitoring_suspended=False)
2025-11-26 15:11:12 | INFO | MONITOR | Paper trades checked (next in 60s)
2025-11-26 15:11:12 | INFO | MONITOR_SLEEP | Sleeping for 20s (base=20s, consecutive_errors=0, monitoring_suspended=False)
2025-11-26 15:11:32 | INFO | MONITOR_SLEEP | Sleeping for 20s (base=20s, consecutive_errors=0, monitoring_suspended=False)
2025-11-26 15:11:52 | INFO | MONITOR_SLEEP | Sleeping for 20s (base=20s, consecutive_errors=0, monitoring_suspended=False)
2025-11-26 15:12:12 | INFO | MONITOR | Paper trades checked (next in 60s)
2025-11-26 15:12:12 | INFO | MONITOR_SLEEP | Sleeping for 20s (base=20s, consecutive_errors=0, monitoring_suspended=False)
2025-11-26 15:12:32 | INFO | MONITOR_SLEEP | Sleeping for 20s (base=20s, consecutive_errors=0, monitoring_suspended=False)
2025-11-26 15:12:52 | INFO | MONITOR_SLEEP | Sleeping for 20s (base=20s, consecutive_errors=0, monitoring_suspended=False)
2025-11-26 15:13:12 | INFO | MONITOR | Paper trades checked (next in 60s)
2025-11-26 15:13:12 | INFO | MONITOR_SLEEP | Sleeping for 20s (base=20s, consecutive_errors=0, monitoring_suspended=False)
2025-11-26 15:13:32 | INFO | MONITOR_SLEEP | Sleeping for 20s (base=20s, consecutive_errors=0, monitoring_suspended=False)
2025-11-26 15:13:52 | INFO | MONITOR_SLEEP | Sleeping for 20s (base=20s, consecutive_errors=0, monitoring_suspended=False)
2025-11-26 15:14:12 | INFO | MONITOR | Paper trades checked (next in 60s)
2025-11-26 15:14:12 | INFO | MONITOR_SLEEP | Sleeping for 20s (base=20s, consecutive_errors=0, monitoring_suspended=False)
2025-11-26 15:14:32 | INFO | MONITOR_SLEEP | Sleeping for 20s (base=20s, consecutive_errors=0, monitoring_suspended=False)
2025-11-26 15:14:52 | INFO | MONITOR_SLEEP | Sleeping for 20s (base=20s, consecutive_errors=0, monitoring_suspended=False)
2025-11-26 15:15:12 | INFO | MONITOR | Paper trades checked (next in 60s)
2025-11-26 15:15:12 | INFO | MONITOR_SLEEP | Sleeping for 20s (base=20s, consecutive_errors=0, monitoring_suspended=False)
2025-11-26 15:15:32 | INFO | MONITOR_SLEEP | Sleeping for 20s (base=20s, consecutive_errors=0, monitoring_suspended=False)
2025-11-26 15:15:52 | INFO | MONITOR_SLEEP | Sleeping for 20s (base=20s, consecutive_errors=0, monitoring_suspended=False)
2025-11-26 15:16:12 | INFO | MONITOR | Paper trades checked (next in 60s)
2025-11-26 15:16:12 | INFO | MONITOR_SLEEP | Sleeping for 20s (base=20s, consecutive_errors=0, monitoring_suspended=False)
2025-11-26 15:16:32 | INFO | MONITOR_SLEEP | Sleeping for 20s (base=20s, consecutive_errors=0, monitoring_suspended=False)
2025-11-26 15:16:52 | INFO | MONITOR_SLEEP | Sleeping for 20s (base=20s, consecutive_errors=0, monitoring_suspended=False)
2025-11-26 15:17:12 | INFO | MONITOR | Paper trades checked (next in 60s)
2025-11-26 15:17:12 | INFO | MONITOR_SLEEP | Sleeping for 20s (base=20s, consecutive_errors=0, monitoring_suspended=False)
2025-11-26 15:17:32 | INFO | MONITOR_SLEEP | Sleeping for 20s (base=20s, consecutive_errors=0, monitoring_suspended=False)
2025-11-26 15:17:52 | INFO | MONITOR_SLEEP | Sleeping for 20s (base=20s, consecutive_errors=0, monitoring_suspended=False)
2025-11-26 15:18:12 | INFO | MONITOR | Paper trades checked (next in 60s)
2025-11-26 15:18:12 | INFO | MONITOR_SLEEP | Sleeping for 20s (base=20s, consecutive_errors=0, monitoring_suspended=False)
2025-11-26 15:18:32 | INFO | MONITOR_SLEEP | Sleeping for 20s (base=20s, consecutive_errors=0, monitoring_suspended=False)
2025-11-26 15:18:52 | INFO | MONITOR_SLEEP | Sleeping for 20s (base=20s, consecutive_errors=0, monitoring_suspended=False)
2025-11-26 15:19:12 | INFO | MONITOR | Paper trades checked (next in 60s)
2025-11-26 15:19:12 | INFO | MONITOR_SLEEP | Sleeping for 20s (base=20s, consecutive_errors=0, monitoring_suspended=False)
2025-11-26 15:19:32 | INFO | MONITOR_SLEEP | Sleeping for 20s (base=20s, consecutive_errors=0, monitoring_suspended=False)
2025-11-26 15:19:52 | INFO | MONITOR_SLEEP | Sleeping for 20s (base=20s, consecutive_errors=0, monitoring_suspended=False)
2025-11-26 15:20:12 | INFO | MONITOR | Paper trades checked (next in 60s)
2025-11-26 15:20:12 | INFO | MONITOR_SLEEP | Sleeping for 20s (base=20s, consecutive_errors=0, monitoring_suspended=False)
2025-11-26 15:20:32 | INFO | MONITOR_SLEEP | Sleeping for 20s (base=20s, consecutive_errors=0, monitoring_suspended=False)
2025-11-26 15:20:52 | INFO | MONITOR_SLEEP | Sleeping for 20s (base=20s, consecutive_errors=0, monitoring_suspended=False)
2025-11-26 15:21:12 | INFO | MONITOR | Paper trades checked (next in 60s)
2025-11-26 15:21:12 | INFO | MONITOR_SLEEP | Sleeping for 20s (base=20s, consecutive_errors=0, monitoring_suspended=False)
2025-11-26 15:21:32 | INFO | MONITOR_SLEEP | Sleeping for 20s (base=20s, consecutive_errors=0, monitoring_suspended=False)
2025-11-26 15:21:52 | INFO | MONITOR_SLEEP | Sleeping for 20s (base=20s, consecutive_errors=0, monitoring_suspended=False)
2025-11-26 15:22:12 | INFO | MONITOR | Paper trades checked (next in 60s)
2025-11-26 15:22:12 | INFO | MONITOR_SLEEP | Sleeping for 20s (base=20s, consecutive_errors=0, monitoring_suspended=False)
2025-11-26 15:22:32 | INFO | MONITOR_SLEEP | Sleeping for 20s (base=20s, consecutive_errors=0, monitoring_suspended=False)
2025-11-26 15:22:52 | INFO | MONITOR_SLEEP | Sleeping for 20s (base=20s, consecutive_errors=0, monitoring_suspended=False)
2025-11-26 15:23:12 | INFO | MONITOR | Paper trades checked (next in 60s)
2025-11-26 15:23:12 | INFO | MONITOR_SLEEP | Sleeping for 20s (base=20s, consecutive_errors=0, monitoring_suspended=False)
2025-11-26 15:23:32 | INFO | MONITOR_SLEEP | Sleeping for 20s (base=20s, consecutive_errors=0, monitoring_suspended=False)
2025-11-26 15:23:52 | INFO | MONITOR_SLEEP | Sleeping for 20s (base=20s, consecutive_errors=0, monitoring_suspended=False)
2025-11-26 15:24:12 | INFO | MONITOR | Paper trades checked (next in 60s)
2025-11-26 15:24:12 | INFO | MONITOR_SLEEP | Sleeping for 20s (base=20s, consecutive_errors=0, monitoring_suspended=False)
2025-11-26 15:24:32 | INFO | MONITOR_SLEEP | Sleeping for 20s (base=20s, consecutive_errors=0, monitoring_suspended=False)
2025-11-26 15:24:52 | INFO | MONITOR_SLEEP | Sleeping for 20s (base=20s, consecutive_errors=0, monitoring_suspended=False)
2025-11-26 15:25:12 | INFO | MONITOR | Paper trades checked (next in 60s)
2025-11-26 15:25:12 | INFO | MONITOR_SLEEP | Sleeping for 20s (base=20s, consecutive_errors=0, monitoring_suspended=False)
2025-11-26 15:25:32 | INFO | MONITOR_SLEEP | Sleeping for 20s (base=20s, consecutive_errors=0, monitoring_suspended=False)
2025-11-26 15:25:52 | INFO | MONITOR_SLEEP | Sleeping for 20s (base=20s, consecutive_errors=0, monitoring_suspended=False)
2025-11-26 15:26:12 | INFO | MONITOR | Paper trades checked (next in 60s)
2025-11-26 15:26:12 | INFO | MONITOR_SLEEP | Sleeping for 20s (base=20s, consecutive_errors=0, monitoring_suspended=False)
2025-11-26 15:26:32 | INFO | MONITOR_SLEEP | Sleeping for 20s (base=20s, consecutive_errors=0, monitoring_suspended=False)
2025-11-26 15:26:52 | INFO | MONITOR_SLEEP | Sleeping for 20s (base=20s, consecutive_errors=0, monitoring_suspended=False)
2025-11-26 15:27:12 | INFO | MONITOR | Paper trades checked (next in 60s)
2025-11-26 15:27:12 | INFO | MONITOR_SLEEP | Sleeping for 20s (base=20s, consecutive_errors=0, monitoring_suspended=False)
2025-11-26 15:27:32 | INFO | MONITOR_SLEEP | Sleeping for 20s (base=20s, consecutive_errors=0, monitoring_suspended=False)
2025-11-26 15:27:52 | INFO | MONITOR_SLEEP | Sleeping for 20s (base=20s, consecutive_errors=0, monitoring_suspended=False)
2025-11-26 15:28:12 | INFO | MONITOR | Paper trades checked (next in 60s)
2025-11-26 15:28:12 | INFO | MONITOR_SLEEP | Sleeping for 20s (base=20s, consecutive_errors=0, monitoring_suspended=False)
2025-11-26 15:28:32 | INFO | MONITOR_SLEEP | Sleeping for 20s (base=20s, consecutive_errors=0, monitoring_suspended=False)
2025-11-26 15:28:52 | INFO | MONITOR_SLEEP | Sleeping for 20s (base=20s, consecutive_errors=0, monitoring_suspended=False)
2025-11-26 15:29:12 | INFO | MONITOR | Paper trades checked (next in 60s)
2025-11-26 15:29:12 | INFO | MONITOR_SLEEP | Sleeping for 20s (base=20s, consecutive_errors=0, monitoring_suspended=False)
2025-11-26 15:29:32 | INFO | MONITOR_SLEEP | Sleeping for 20s (base=20s, consecutive_errors=0, monitoring_suspended=False)
2025-11-26 15:29:52 | INFO | MONITOR_SLEEP | Sleeping for 20s (base=20s, consecutive_errors=0, monitoring_suspended=False)
2025-11-26 15:30:12 | INFO | MONITOR | Paper trades checked (next in 60s)
2025-11-26 15:30:12 | INFO | MONITOR_SLEEP | Sleeping for 20s (base=20s, consecutive_errors=0, monitoring_suspended=False)
2025-11-26 15:30:32 | INFO | MONITOR_SLEEP | Sleeping for 20s (base=20s, consecutive_errors=0, monitoring_suspended=False)
2025-11-26 15:30:52 | INFO | MONITOR_SLEEP | Sleeping for 20s (base=20s, consecutive_errors=0, monitoring_suspended=False)
2025-11-26 15:31:12 | INFO | MONITOR | Paper trades checked (next in 60s)
2025-11-26 15:31:12 | INFO | MONITOR_SLEEP | Sleeping for 20s (base=20s, consecutive_errors=0, monitoring_suspended=False)
2025-11-26 15:31:32 | INFO | MONITOR_SLEEP | Sleeping for 20s (base=20s, consecutive_errors=0, monitoring_suspended=False)
2025-11-26 15:31:52 | INFO | MONITOR_SLEEP | Sleeping for 20s (base=20s, consecutive_errors=0, monitoring_suspended=False)
2025-11-26 15:32:12 | INFO | MONITOR | Paper trades checked (next in 60s)
2025-11-26 15:32:12 | INFO | MONITOR_SLEEP | Sleeping for 20s (base=20s, consecutive_errors=0, monitoring_suspended=False)
2025-11-26 15:32:32 | INFO | MONITOR_SLEEP | Sleeping for 20s (base=20s, consecutive_errors=0, monitoring_suspended=False)
2025-11-26 15:32:52 | INFO | MONITOR_SLEEP | Sleeping for 20s (base=20s, consecutive_errors=0, monitoring_suspended=False)
2025-11-26 15:33:12 | INFO | MONITOR | Paper trades checked (next in 60s)
2025-11-26 15:33:12 | INFO | MONITOR_SLEEP | Sleeping for 20s (base=20s, consecutive_errors=0, monitoring_suspended=False)
2025-11-26 15:33:32 | INFO | MONITOR_SLEEP | Sleeping for 20s (base=20s, consecutive_errors=0, monitoring_suspended=False)
2025-11-26 15:33:52 | INFO | MONITOR_SLEEP | Sleeping for 20s (base=20s, consecutive_errors=0, monitoring_suspended=False)
2025-11-26 15:34:12 | INFO | MONITOR | Paper trades checked (next in 60s)
2025-11-26 15:34:12 | INFO | MONITOR_SLEEP | Sleeping for 20s (base=20s, consecutive_errors=0, monitoring_suspended=False)
2025-11-26 15:34:32 | INFO | MONITOR_SLEEP | Sleeping for 20s (base=20s, consecutive_errors=0, monitoring_suspended=False)
2025-11-26 15:34:52 | INFO | MONITOR_SLEEP | Sleeping for 20s (base=20s, consecutive_errors=0, monitoring_suspended=False)
2025-11-26 15:35:12 | INFO | MONITOR | Paper trades checked (next in 60s)
2025-11-26 15:35:12 | INFO | MONITOR_SLEEP | Sleeping for 20s (base=20s, consecutive_errors=0, monitoring_suspended=False)
2025-11-26 15:35:32 | INFO | MONITOR_SLEEP | Sleeping for 20s (base=20s, consecutive_errors=0, monitoring_suspended=False)
2025-11-26 15:35:52 | INFO | MONITOR_SLEEP | Sleeping for 20s (base=20s, consecutive_errors=0, monitoring_suspended=False)
2025-11-26 15:36:12 | INFO | MONITOR | Paper trades checked (next in 60s)
2025-11-26 15:36:12 | INFO | MONITOR_SLEEP | Sleeping for 20s (base=20s, consecutive_errors=0, monitoring_suspended=False)
2025-11-26 15:36:32 | INFO | MONITOR_SLEEP | Sleeping for 20s (base=20s, consecutive_errors=0, monitoring_suspended=False)
2025-11-26 15:36:52 | INFO | MONITOR_SLEEP | Sleeping for 20s (base=20s, consecutive_errors=0, monitoring_suspended=False)
2025-11-26 15:37:12 | INFO | MONITOR | Paper trades checked (next in 60s)
2025-11-26 15:37:12 | INFO | MONITOR_SLEEP | Sleeping for 20s (base=20s, consecutive_errors=0, monitoring_suspended=False)
2025-11-26 15:37:32 | INFO | MONITOR_SLEEP | Sleeping for 20s (base=20s, consecutive_errors=0, monitoring_suspended=False)
2025-11-26 15:37:52 | INFO | MONITOR_SLEEP | Sleeping for 20s (base=20s, consecutive_errors=0, monitoring_suspended=False)
2025-11-26 15:38:12 | INFO | MONITOR | Paper trades checked (next in 60s)
2025-11-26 15:38:12 | INFO | MONITOR_SLEEP | Sleeping for 20s (base=20s, consecutive_errors=0, monitoring_suspended=False)
2025-11-26 15:38:32 | INFO | MONITOR_SLEEP | Sleeping for 20s (base=20s, consecutive_errors=0, monitoring_suspended=False)
2025-11-26 15:38:52 | INFO | MONITOR_SLEEP | Sleeping for 20s (base=20s, consecutive_errors=0, monitoring_suspended=False)
2025-11-26 15:39:12 | INFO | MONITOR | Paper trades checked (next in 60s)
2025-11-26 15:39:12 | INFO | MONITOR_SLEEP | Sleeping for 20s (base=20s, consecutive_errors=0, monitoring_suspended=False)
2025-11-26 15:39:32 | INFO | MONITOR_SLEEP | Sleeping for 20s (base=20s, consecutive_errors=0, monitoring_suspended=False)
2025-11-26 15:39:52 | INFO | MONITOR_SLEEP | Sleeping for 20s (base=20s, consecutive_errors=0, monitoring_suspended=False)
2025-11-26 15:40:12 | INFO | MONITOR | Paper trades checked (next in 60s)
2025-11-26 15:40:12 | INFO | MONITOR_SLEEP | Sleeping for 20s (base=20s, consecutive_errors=0, monitoring_suspended=False)
2025-11-26 15:40:32 | INFO | MONITOR_SLEEP | Sleeping for 20s (base=20s, consecutive_errors=0, monitoring_suspended=False)
2025-11-26 15:40:52 | INFO | MONITOR_SLEEP | Sleeping for 20s (base=20s, consecutive_errors=0, monitoring_suspended=False)
2025-11-26 15:41:12 | INFO | MONITOR | Paper trades checked (next in 60s)
2025-11-26 15:41:12 | INFO | MONITOR_SLEEP | Sleeping for 20s (base=20s, consecutive_errors=0, monitoring_suspended=False)
2025-11-26 15:41:32 | INFO | MONITOR_SLEEP | Sleeping for 20s (base=20s, consecutive_errors=0, monitoring_suspended=False)
2025-11-26 15:41:52 | INFO | MONITOR_SLEEP | Sleeping for 20s (base=20s, consecutive_errors=0, monitoring_suspended=False)
2025-11-26 15:42:12 | INFO | MONITOR | Paper trades checked (next in 60s)
2025-11-26 15:42:12 | INFO | MONITOR_SLEEP | Sleeping for 20s (base=20s, consecutive_errors=0, monitoring_suspended=False)
2025-11-26 15:42:32 | INFO | MONITOR_SLEEP | Sleeping for 20s (base=20s, consecutive_errors=0, monitoring_suspended=False)
2025-11-26 15:42:52 | INFO | MONITOR_SLEEP | Sleeping for 20s (base=20s, consecutive_errors=0, monitoring_suspended=False)
2025-11-26 15:43:12 | INFO | MONITOR | Paper trades checked (next in 60s)
2025-11-26 15:43:12 | INFO | MONITOR_SLEEP | Sleeping for 20s (base=20s, consecutive_errors=0, monitoring_suspended=False)
2025-11-26 15:43:32 | INFO | MONITOR_SLEEP | Sleeping for 20s (base=20s, consecutive_errors=0, monitoring_suspended=False)
2025-11-26 15:43:52 | INFO | MONITOR_SLEEP | Sleeping for 20s (base=20s, consecutive_errors=0, monitoring_suspended=False)
2025-11-26 15:44:12 | INFO | MONITOR | Paper trades checked (next in 60s)
2025-11-26 15:44:12 | INFO | MONITOR_SLEEP | Sleeping for 20s (base=20s, consecutive_errors=0, monitoring_suspended=False)
2025-11-26 15:44:32 | INFO | MONITOR_SLEEP | Sleeping for 20s (base=20s, consecutive_errors=0, monitoring_suspended=False)
2025-11-26 15:44:52 | INFO | MONITOR_SLEEP | Sleeping for 20s (base=20s, consecutive_errors=0, monitoring_suspended=False)
2025-11-26 15:45:12 | INFO | MONITOR | Paper trades checked (next in 60s)
2025-11-26 15:45:12 | INFO | MONITOR_SLEEP | Sleeping for 20s (base=20s, consecutive_errors=0, monitoring_suspended=False)
2025-11-26 15:45:32 | INFO | MONITOR_SLEEP | Sleeping for 20s (base=20s, consecutive_errors=0, monitoring_suspended=False)
2025-11-26 15:45:52 | INFO | MONITOR_SLEEP | Sleeping for 20s (base=20s, consecutive_errors=0, monitoring_suspended=False)
2025-11-26 15:46:12 | INFO | MONITOR | Paper trades checked (next in 60s)
2025-11-26 15:46:12 | INFO | MONITOR_SLEEP | Sleeping for 20s (base=20s, consecutive_errors=0, monitoring_suspended=False)
2025-11-26 15:46:32 | INFO | MONITOR_SLEEP | Sleeping for 20s (base=20s, consecutive_errors=0, monitoring_suspended=False)
2025-11-26 15:46:52 | INFO | MONITOR_SLEEP | Sleeping for 20s (base=20s, consecutive_errors=0, monitoring_suspended=False)
2025-11-26 15:47:12 | INFO | MONITOR | Paper trades checked (next in 60s)
2025-11-26 15:47:12 | INFO | MONITOR_SLEEP | Sleeping for 20s (base=20s, consecutive_errors=0, monitoring_suspended=False)
2025-11-26 15:47:32 | INFO | MONITOR_SLEEP | Sleeping for 20s (base=20s, consecutive_errors=0, monitoring_suspended=False)
2025-11-26 15:47:52 | INFO | MONITOR_SLEEP | Sleeping for 20s (base=20s, consecutive_errors=0, monitoring_suspended=False)
2025-11-26 15:48:12 | INFO | MONITOR | Paper trades checked (next in 60s)
2025-11-26 15:48:12 | INFO | MONITOR_SLEEP | Sleeping for 20s (base=20s, consecutive_errors=0, monitoring_suspended=False)
2025-11-26 15:48:32 | INFO | MONITOR_SLEEP | Sleeping for 20s (base=20s, consecutive_errors=0, monitoring_suspended=False)
2025-11-26 15:48:52 | INFO | MONITOR_SLEEP | Sleeping for 20s (base=20s, consecutive_errors=0, monitoring_suspended=False)
2025-11-26 15:49:12 | INFO | MONITOR | Paper trades checked (next in 60s)
2025-11-26 15:49:12 | INFO | MONITOR_SLEEP | Sleeping for 20s (base=20s, consecutive_errors=0, monitoring_suspended=False)
2025-11-26 15:49:32 | INFO | MONITOR_SLEEP | Sleeping for 20s (base=20s, consecutive_errors=0, monitoring_suspended=False)
2025-11-26 15:49:52 | INFO | MONITOR_SLEEP | Sleeping for 20s (base=20s, consecutive_errors=0, monitoring_suspended=False)
2025-11-26 15:50:12 | INFO | MONITOR | Paper trades checked (next in 60s)
2025-11-26 15:50:12 | INFO | MONITOR_SLEEP | Sleeping for 20s (base=20s, consecutive_errors=0, monitoring_suspended=False)
2025-11-26 15:50:32 | INFO | MONITOR_SLEEP | Sleeping for 20s (base=20s, consecutive_errors=0, monitoring_suspended=False)
2025-11-26 15:50:52 | INFO | MONITOR_SLEEP | Sleeping for 20s (base=20s, consecutive_errors=0, monitoring_suspended=False)
2025-11-26 15:51:12 | INFO | MONITOR | Paper trades checked (next in 60s)
2025-11-26 15:51:12 | INFO | MONITOR_SLEEP | Sleeping for 20s (base=20s, consecutive_errors=0, monitoring_suspended=False)
2025-11-26 15:51:32 | INFO | MONITOR_SLEEP | Sleeping for 20s (base=20s, consecutive_errors=0, monitoring_suspended=False)
2025-11-26 15:51:52 | INFO | MONITOR_SLEEP | Sleeping for 20s (base=20s, consecutive_errors=0, monitoring_suspended=False)
2025-11-26 15:52:12 | INFO | MONITOR | Paper trades checked (next in 60s)
2025-11-26 15:52:12 | INFO | MONITOR_SLEEP | Sleeping for 20s (base=20s, consecutive_errors=0, monitoring_suspended=False)
2025-11-26 15:52:32 | INFO | MONITOR_SLEEP | Sleeping for 20s (base=20s, consecutive_errors=0, monitoring_suspended=False)
2025-11-26 15:52:52 | INFO | MONITOR_SLEEP | Sleeping for 20s (base=20s, consecutive_errors=0, monitoring_suspended=False)
2025-11-26 15:53:12 | INFO | MONITOR | Paper trades checked (next in 60s)
2025-11-26 15:53:12 | INFO | MONITOR_SLEEP | Sleeping for 20s (base=20s, consecutive_errors=0, monitoring_suspended=False)
2025-11-26 15:53:32 | INFO | MONITOR_SLEEP | Sleeping for 20s (base=20s, consecutive_errors=0, monitoring_suspended=False)
2025-11-26 15:53:52 | INFO | MONITOR_SLEEP | Sleeping for 20s (base=20s, consecutive_errors=0, monitoring_suspended=False)
2025-11-26 15:54:12 | INFO | MONITOR | Paper trades checked (next in 60s)
2025-11-26 15:54:12 | INFO | MONITOR_SLEEP | Sleeping for 20s (base=20s, consecutive_errors=0, monitoring_suspended=False)
2025-11-26 15:54:32 | INFO | MONITOR_SLEEP | Sleeping for 20s (base=20s, consecutive_errors=0, monitoring_suspended=False)
2025-11-26 15:54:52 | INFO | MONITOR_SLEEP | Sleeping for 20s (base=20s, consecutive_errors=0, monitoring_suspended=False)
2025-11-26 15:55:12 | INFO | MONITOR | Paper trades checked (next in 60s)
2025-11-26 15:55:12 | INFO | MONITOR_SLEEP | Sleeping for 20s (base=20s, consecutive_errors=0, monitoring_suspended=False)
2025-11-26 15:55:32 | INFO | MONITOR_SLEEP | Sleeping for 20s (base=20s, consecutive_errors=0, monitoring_suspended=False)
2025-11-26 15:55:52 | INFO | MONITOR_SLEEP | Sleeping for 20s (base=20s, consecutive_errors=0, monitoring_suspended=False)
2025-11-26 15:56:12 | INFO | MONITOR | Paper trades checked (next in 60s)
2025-11-26 15:56:12 | INFO | MONITOR_SLEEP | Sleeping for 20s (base=20s, consecutive_errors=0, monitoring_suspended=False)
2025-11-26 15:56:32 | INFO | MONITOR_SLEEP | Sleeping for 20s (base=20s, consecutive_errors=0, monitoring_suspended=False)
2025-11-26 15:56:52 | INFO | MONITOR_SLEEP | Sleeping for 20s (base=20s, consecutive_errors=0, monitoring_suspended=False)
2025-11-26 15:57:12 | INFO | MONITOR | Paper trades checked (next in 60s)
2025-11-26 15:57:12 | INFO | MONITOR_SLEEP | Sleeping for 20s (base=20s, consecutive_errors=0, monitoring_suspended=False)
2025-11-26 15:57:32 | INFO | MONITOR_SLEEP | Sleeping for 20s (base=20s, consecutive_errors=0, monitoring_suspended=False)
2025-11-26 15:57:52 | INFO | MONITOR_SLEEP | Sleeping for 20s (base=20s, consecutive_errors=0, monitoring_suspended=False)
2025-11-26 15:58:12 | INFO | MONITOR | Paper trades checked (next in 60s)
2025-11-26 15:58:12 | INFO | MONITOR_SLEEP | Sleeping for 20s (base=20s, consecutive_errors=0, monitoring_suspended=False)
2025-11-26 15:58:32 | INFO | MONITOR_SLEEP | Sleeping for 20s (base=20s, consecutive_errors=0, monitoring_suspended=False)
2025-11-26 15:58:52 | INFO | MONITOR_SLEEP | Sleeping for 20s (base=20s, consecutive_errors=0, monitoring_suspended=False)
2025-11-26 15:59:12 | INFO | MONITOR | Paper trades checked (next in 60s)
2025-11-26 15:59:12 | INFO | MONITOR_SLEEP | Sleeping for 20s (base=20s, consecutive_errors=0, monitoring_suspended=False)
2025-11-26 15:59:32 | INFO | MONITOR_SLEEP | Sleeping for 20s (base=20s, consecutive_errors=0, monitoring_suspended=False)
2025-11-26 15:59:52 | INFO | MONITOR_SLEEP | Sleeping for 20s (base=20s, consecutive_errors=0, monitoring_suspended=False)
2025-11-26 16:00:12 | INFO | MONITOR | Paper trades checked (next in 60s)
2025-11-26 16:00:12 | INFO | MONITOR_SLEEP | Sleeping for 20s (base=20s, consecutive_errors=0, monitoring_suspended=False)
2025-11-26 16:00:32 | INFO | MONITOR_SLEEP | Sleeping for 20s (base=20s, consecutive_errors=0, monitoring_suspended=False)
2025-11-26 16:00:52 | INFO | MONITOR_SLEEP | Sleeping for 20s (base=20s, consecutive_errors=0, monitoring_suspended=False)
2025-11-26 16:01:12 | INFO | MONITOR | Paper trades checked (next in 60s)
2025-11-26 16:01:12 | INFO | MONITOR_SLEEP | Sleeping for 20s (base=20s, consecutive_errors=0, monitoring_suspended=False)
2025-11-26 16:01:32 | INFO | MONITOR_SLEEP | Sleeping for 20s (base=20s, consecutive_errors=0, monitoring_suspended=False)
2025-11-26 16:01:52 | INFO | MONITOR_SLEEP | Sleeping for 20s (base=20s, consecutive_errors=0, monitoring_suspended=False)
2025-11-26 16:02:12 | INFO | MONITOR | Paper trades checked (next in 60s)
2025-11-26 16:02:12 | INFO | MONITOR_SLEEP | Sleeping for 20s (base=20s, consecutive_errors=0, monitoring_suspended=False)
2025-11-26 16:02:32 | INFO | MONITOR_SLEEP | Sleeping for 20s (base=20s, consecutive_errors=0, monitoring_suspended=False)
2025-11-26 16:02:52 | INFO | MONITOR_SLEEP | Sleeping for 20s (base=20s, consecutive_errors=0, monitoring_suspended=False)
2025-11-26 16:03:12 | INFO | MONITOR | Paper trades checked (next in 60s)
2025-11-26 16:03:12 | INFO | MONITOR_SLEEP | Sleeping for 20s (base=20s, consecutive_errors=0, monitoring_suspended=False)
2025-11-26 16:03:32 | INFO | MONITOR_SLEEP | Sleeping for 20s (base=20s, consecutive_errors=0, monitoring_suspended=False)
2025-11-26 16:03:52 | INFO | MONITOR_SLEEP | Sleeping for 20s (base=20s, consecutive_errors=0, monitoring_suspended=False)
2025-11-26 16:04:12 | INFO | MONITOR | Paper trades checked (next in 60s)
2025-11-26 16:04:12 | INFO | MONITOR_SLEEP | Sleeping for 20s (base=20s, consecutive_errors=0, monitoring_suspended=False)
2025-11-26 16:04:32 | INFO | MONITOR_SLEEP | Sleeping for 20s (base=20s, consecutive_errors=0, monitoring_suspended=False)
2025-11-26 16:04:52 | INFO | MONITOR_SLEEP | Sleeping for 20s (base=20s, consecutive_errors=0, monitoring_suspended=False)
2025-11-26 16:05:12 | INFO | MONITOR | Paper trades checked (next in 60s)
2025-11-26 16:05:12 | INFO | MONITOR_SLEEP | Sleeping for 20s (base=20s, consecutive_errors=0, monitoring_suspended=False)
2025-11-26 16:05:32 | INFO | MONITOR_SLEEP | Sleeping for 20s (base=20s, consecutive_errors=0, monitoring_suspended=False)
2025-11-26 16:05:52 | INFO | MONITOR_SLEEP | Sleeping for 20s (base=20s, consecutive_errors=0, monitoring_suspended=False)
2025-11-26 16:06:12 | INFO | MONITOR | Paper trades checked (next in 60s)
2025-11-26 16:06:12 | INFO | MONITOR_SLEEP | Sleeping for 20s (base=20s, consecutive_errors=0, monitoring_suspended=False)
2025-11-26 16:06:32 | INFO | MONITOR_SLEEP | Sleeping for 20s (base=20s, consecutive_errors=0, monitoring_suspended=False)
2025-11-26 16:06:52 | INFO | MONITOR_SLEEP | Sleeping for 20s (base=20s, consecutive_errors=0, monitoring_suspended=False)
2025-11-26 16:07:12 | INFO | MONITOR | Paper trades checked (next in 60s)
2025-11-26 16:07:12 | INFO | MONITOR_SLEEP | Sleeping for 20s (base=20s, consecutive_errors=0, monitoring_suspended=False)
2025-11-26 16:07:32 | INFO | MONITOR_SLEEP | Sleeping for 20s (base=20s, consecutive_errors=0, monitoring_suspended=False)
2025-11-26 16:07:52 | INFO | MONITOR_SLEEP | Sleeping for 20s (base=20s, consecutive_errors=0, monitoring_suspended=False)
2025-11-26 16:08:12 | INFO | MONITOR | Paper trades checked (next in 60s)
2025-11-26 16:08:12 | INFO | MONITOR_SLEEP | Sleeping for 20s (base=20s, consecutive_errors=0, monitoring_suspended=False)
2025-11-26 16:08:32 | INFO | MONITOR_SLEEP | Sleeping for 20s (base=20s, consecutive_errors=0, monitoring_suspended=False)
2025-11-26 16:08:52 | INFO | MONITOR_SLEEP | Sleeping for 20s (base=20s, consecutive_errors=0, monitoring_suspended=False)
2025-11-26 16:09:12 | INFO | MONITOR | Paper trades checked (next in 60s)
2025-11-26 16:09:12 | INFO | MONITOR_SLEEP | Sleeping for 20s (base=20s, consecutive_errors=0, monitoring_suspended=False)
2025-11-26 16:09:32 | INFO | MONITOR_SLEEP | Sleeping for 20s (base=20s, consecutive_errors=0, monitoring_suspended=False)
2025-11-26 16:09:52 | INFO | MONITOR_SLEEP | Sleeping for 20s (base=20s, consecutive_errors=0, monitoring_suspended=False)
2025-11-26 16:10:12 | INFO | MONITOR | Paper trades checked (next in 60s)
2025-11-26 16:10:12 | INFO | MONITOR_SLEEP | Sleeping for 20s (base=20s, consecutive_errors=0, monitoring_suspended=False)
2025-11-26 16:10:32 | INFO | MONITOR_SLEEP | Sleeping for 20s (base=20s, consecutive_errors=0, monitoring_suspended=False)
2025-11-26 16:10:52 | INFO | MONITOR_SLEEP | Sleeping for 20s (base=20s, consecutive_errors=0, monitoring_suspended=False)
2025-11-26 16:11:12 | INFO | MONITOR | Paper trades checked (next in 60s)
2025-11-26 16:11:12 | INFO | MONITOR_SLEEP | Sleeping for 20s (base=20s, consecutive_errors=0, monitoring_suspended=False)
2025-11-26 16:11:32 | INFO | MONITOR_SLEEP | Sleeping for 20s (base=20s, consecutive_errors=0, monitoring_suspended=False)
2025-11-26 16:11:52 | INFO | MONITOR_SLEEP | Sleeping for 20s (base=20s, consecutive_errors=0, monitoring_suspended=False)
2025-11-26 16:12:12 | INFO | MONITOR | Paper trades checked (next in 60s)
2025-11-26 16:12:12 | INFO | MONITOR_SLEEP | Sleeping for 20s (base=20s, consecutive_errors=0, monitoring_suspended=False)
2025-11-26 16:12:32 | INFO | MONITOR_SLEEP | Sleeping for 20s (base=20s, consecutive_errors=0, monitoring_suspended=False)
2025-11-26 16:12:52 | INFO | MONITOR_SLEEP | Sleeping for 20s (base=20s, consecutive_errors=0, monitoring_suspended=False)
2025-11-26 16:13:12 | INFO | MONITOR | Paper trades checked (next in 60s)
2025-11-26 16:13:12 | INFO | MONITOR_SLEEP | Sleeping for 20s (base=20s, consecutive_errors=0, monitoring_suspended=False)
2025-11-26 16:13:32 | INFO | MONITOR_SLEEP | Sleeping for 20s (base=20s, consecutive_errors=0, monitoring_suspended=False)
2025-11-26 16:13:52 | INFO | MONITOR_SLEEP | Sleeping for 20s (base=20s, consecutive_errors=0, monitoring_suspended=False)
2025-11-26 16:14:12 | INFO | MONITOR | Paper trades checked (next in 60s)
2025-11-26 16:14:12 | INFO | MONITOR_SLEEP | Sleeping for 20s (base=20s, consecutive_errors=0, monitoring_suspended=False)
2025-11-26 16:14:32 | INFO | MONITOR_SLEEP | Sleeping for 20s (base=20s, consecutive_errors=0, monitoring_suspended=False)
2025-11-26 16:14:52 | INFO | MONITOR_SLEEP | Sleeping for 20s (base=20s, consecutive_errors=0, monitoring_suspended=False)
2025-11-26 16:15:12 | INFO | MONITOR | Paper trades checked (next in 60s)
2025-11-26 16:15:12 | INFO | MONITOR_SLEEP | Sleeping for 20s (base=20s, consecutive_errors=0, monitoring_suspended=False)
2025-11-26 16:15:32 | INFO | MONITOR_SLEEP | Sleeping for 20s (base=20s, consecutive_errors=0, monitoring_suspended=False)
2025-11-26 16:15:52 | INFO | MONITOR_SLEEP | Sleeping for 20s (base=20s, consecutive_errors=0, monitoring_suspended=False)
2025-11-26 16:16:12 | INFO | MONITOR | Paper trades checked (next in 60s)
2025-11-26 16:16:12 | INFO | MONITOR_SLEEP | Sleeping for 20s (base=20s, consecutive_errors=0, monitoring_suspended=False)
2025-11-26 16:16:32 | INFO | MONITOR_SLEEP | Sleeping for 20s (base=20s, consecutive_errors=0, monitoring_suspended=False)
2025-11-26 16:16:52 | INFO | MONITOR_SLEEP | Sleeping for 20s (base=20s, consecutive_errors=0, monitoring_suspended=False)
2025-11-26 16:17:12 | INFO | MONITOR | Paper trades checked (next in 60s)
2025-11-26 16:17:12 | INFO | MONITOR_SLEEP | Sleeping for 20s (base=20s, consecutive_errors=0, monitoring_suspended=False)
2025-11-26 16:17:32 | INFO | MONITOR_SLEEP | Sleeping for 20s (base=20s, consecutive_errors=0, monitoring_suspended=False)
2025-11-26 16:17:52 | INFO | MONITOR_SLEEP | Sleeping for 20s (base=20s, consecutive_errors=0, monitoring_suspended=False)
2025-11-26 16:18:12 | INFO | MONITOR | Paper trades checked (next in 60s)
2025-11-26 16:18:12 | INFO | MONITOR_SLEEP | Sleeping for 20s (base=20s, consecutive_errors=0, monitoring_suspended=False)
2025-11-26 16:18:32 | INFO | MONITOR_SLEEP | Sleeping for 20s (base=20s, consecutive_errors=0, monitoring_suspended=False)
2025-11-26 16:18:52 | INFO | MONITOR_SLEEP | Sleeping for 20s (base=20s, consecutive_errors=0, monitoring_suspended=False)
2025-11-26 16:19:12 | INFO | MONITOR | Paper trades checked (next in 60s)
2025-11-26 16:19:12 | INFO | MONITOR_SLEEP | Sleeping for 20s (base=20s, consecutive_errors=0, monitoring_suspended=False)
2025-11-26 16:19:32 | INFO | MONITOR_SLEEP | Sleeping for 20s (base=20s, consecutive_errors=0, monitoring_suspended=False)
2025-11-26 16:19:52 | INFO | MONITOR_SLEEP | Sleeping for 20s (base=20s, consecutive_errors=0, monitoring_suspended=False)
2025-11-26 16:20:12 | INFO | MONITOR | Paper trades checked (next in 60s)
2025-11-26 16:20:12 | INFO | MONITOR_SLEEP | Sleeping for 20s (base=20s, consecutive_errors=0, monitoring_suspended=False)
2025-11-26 16:20:32 | INFO | MONITOR_SLEEP | Sleeping for 20s (base=20s, consecutive_errors=0, monitoring_suspended=False)
2025-11-26 16:20:52 | INFO | MONITOR_SLEEP | Sleeping for 20s (base=20s, consecutive_errors=0, monitoring_suspended=False)
2025-11-26 16:21:12 | INFO | MONITOR | Paper trades checked (next in 60s)
2025-11-26 16:21:12 | INFO | MONITOR_SLEEP | Sleeping for 20s (base=20s, consecutive_errors=0, monitoring_suspended=False)
2025-11-26 16:21:32 | INFO | MONITOR_SLEEP | Sleeping for 20s (base=20s, consecutive_errors=0, monitoring_suspended=False)
2025-11-26 16:21:52 | INFO | MONITOR_SLEEP | Sleeping for 20s (base=20s, consecutive_errors=0, monitoring_suspended=False)
2025-11-26 16:22:12 | INFO | MONITOR | Paper trades checked (next in 60s)
2025-11-26 16:22:12 | INFO | MONITOR_SLEEP | Sleeping for 20s (base=20s, consecutive_errors=0, monitoring_suspended=False)
2025-11-26 16:22:32 | INFO | MONITOR_SLEEP | Sleeping for 20s (base=20s, consecutive_errors=0, monitoring_suspended=False)
2025-11-26 16:22:52 | INFO | MONITOR_SLEEP | Sleeping for 20s (base=20s, consecutive_errors=0, monitoring_suspended=False)
2025-11-26 16:23:12 | INFO | MONITOR | Paper trades checked (next in 60s)
2025-11-26 16:23:12 | INFO | MONITOR_SLEEP | Sleeping for 20s (base=20s, consecutive_errors=0, monitoring_suspended=False)
2025-11-26 16:23:32 | INFO | MONITOR_SLEEP | Sleeping for 20s (base=20s, consecutive_errors=0, monitoring_suspended=False)
2025-11-26 16:23:52 | INFO | MONITOR_SLEEP | Sleeping for 20s (base=20s, consecutive_errors=0, monitoring_suspended=False)
2025-11-26 16:24:12 | INFO | MONITOR | Paper trades checked (next in 60s)
2025-11-26 16:24:12 | INFO | MONITOR_SLEEP | Sleeping for 20s (base=20s, consecutive_errors=0, monitoring_suspended=False)
2025-11-26 16:24:32 | INFO | MONITOR_SLEEP | Sleeping for 20s (base=20s, consecutive_errors=0, monitoring_suspended=False)
2025-11-26 16:24:52 | INFO | MONITOR_SLEEP | Sleeping for 20s (base=20s, consecutive_errors=0, monitoring_suspended=False)
2025-11-26 16:25:12 | INFO | MONITOR | Paper trades checked (next in 60s)
2025-11-26 16:25:12 | INFO | MONITOR_SLEEP | Sleeping for 20s (base=20s, consecutive_errors=0, monitoring_suspended=False)
2025-11-26 16:25:32 | INFO | MONITOR_SLEEP | Sleeping for 20s (base=20s, consecutive_errors=0, monitoring_suspended=False)
2025-11-26 16:25:52 | INFO | MONITOR_SLEEP | Sleeping for 20s (base=20s, consecutive_errors=0, monitoring_suspended=False)
2025-11-26 16:26:12 | INFO | MONITOR | Paper trades checked (next in 60s)
2025-11-26 16:26:12 | INFO | MONITOR_SLEEP | Sleeping for 20s (base=20s, consecutive_errors=0, monitoring_suspended=False)
2025-11-26 16:26:32 | INFO | MONITOR_SLEEP | Sleeping for 20s (base=20s, consecutive_errors=0, monitoring_suspended=False)
2025-11-26 16:26:52 | INFO | MONITOR_SLEEP | Sleeping for 20s (base=20s, consecutive_errors=0, monitoring_suspended=False)
2025-11-26 16:27:12 | INFO | MONITOR | Paper trades checked (next in 60s)
2025-11-26 16:27:12 | INFO | MONITOR_SLEEP | Sleeping for 20s (base=20s, consecutive_errors=0, monitoring_suspended=False)
2025-11-26 16:27:32 | INFO | MONITOR_SLEEP | Sleeping for 20s (base=20s, consecutive_errors=0, monitoring_suspended=False)
2025-11-26 16:27:52 | INFO | MONITOR_SLEEP | Sleeping for 20s (base=20s, consecutive_errors=0, monitoring_suspended=False)
2025-11-26 16:28:12 | INFO | MONITOR | Paper trades checked (next in 60s)
2025-11-26 16:28:12 | INFO | MONITOR_SLEEP | Sleeping for 20s (base=20s, consecutive_errors=0, monitoring_suspended=False)
2025-11-26 16:28:32 | INFO | MONITOR_SLEEP | Sleeping for 20s (base=20s, consecutive_errors=0, monitoring_suspended=False)
2025-11-26 16:28:52 | INFO | MONITOR_SLEEP | Sleeping for 20s (base=20s, consecutive_errors=0, monitoring_suspended=False)
2025-11-26 16:29:12 | INFO | MONITOR | Paper trades checked (next in 60s)
2025-11-26 16:29:12 | INFO | MONITOR_SLEEP | Sleeping for 20s (base=20s, consecutive_errors=0, monitoring_suspended=False)
2025-11-26 16:29:32 | INFO | MONITOR_SLEEP | Sleeping for 20s (base=20s, consecutive_errors=0, monitoring_suspended=False)
2025-11-26 16:29:52 | INFO | MONITOR_SLEEP | Sleeping for 20s (base=20s, consecutive_errors=0, monitoring_suspended=False)
2025-11-26 16:30:11 | INFO | STARTUP | Logging initialized | log_dir=/root/santhosh/trading/equity/logs/2025-11-26
2025-11-26 16:30:12 | INFO | FEEDBACK_INIT | PerformanceFeedback initialized for adaptive trading
2025-11-26 16:30:12 | INFO | MONITOR | Backed up stale positions.json to positions.json.startup_1764154812
2025-11-26 16:30:12 | INFO | MONITOR | ✓ Cleared stale positions.json - will rebuild from broker holdings
2025-11-26 16:30:12 | INFO | MONITOR | Skipping file load - broker will be source of truth
2025-11-26 16:30:12 | INFO | HOLDINGS_SYNC | Fetching positions and holdings from broker...
2025-11-26 16:30:12 | INFO | HOLDINGS_SYNC | No positions or holdings found at broker
2025-11-26 16:30:12 | INFO | MONITOR | Position monitoring started with bucketed LTP checking
2025-11-26 16:30:12 | INFO | MONITOR | Event loop thread started
2025-11-26 16:30:12 | INFO | MONITOR | Event loop started successfully for priority queue
2025-11-26 16:30:13 | INFO | MONITOR | Priority API queue enabled and started
2025-11-26 16:30:13 | INFO | SL_RETRY | SL retry thread started - waiting 30s before initial placement (conserve startup API quota)
2025-11-26 16:30:13 | INFO | SL_RETRY | SL retry thread started successfully
2025-11-26 16:30:13 | INFO | MONITOR_SLEEP | Sleeping for 20s (base=20s, consecutive_errors=0, monitoring_suspended=False)
2025-11-26 16:30:33 | INFO | MONITOR_SLEEP | Sleeping for 20s (base=20s, consecutive_errors=0, monitoring_suspended=False)
2025-11-26 16:30:43 | INFO | SL_RETRY | SL retry thread active - conservative mode (1 SL per 20s, max 10 retries)
2025-11-26 16:30:53 | INFO | MONITOR_SLEEP | Sleeping for 20s (base=20s, consecutive_errors=0, monitoring_suspended=False)
2025-11-26 16:31:13 | INFO | MONITOR | Paper trades checked (next in 60s)
2025-11-26 16:31:13 | INFO | MONITOR_SLEEP | Sleeping for 20s (base=20s, consecutive_errors=0, monitoring_suspended=False)
2025-11-26 16:31:33 | INFO | MONITOR_SLEEP | Sleeping for 20s (base=20s, consecutive_errors=0, monitoring_suspended=False)
2025-11-26 16:31:53 | INFO | MONITOR_SLEEP | Sleeping for 20s (base=20s, consecutive_errors=0, monitoring_suspended=False)
2025-11-26 16:32:13 | INFO | MONITOR | Paper trades checked (next in 60s)
2025-11-26 16:32:13 | INFO | MONITOR_SLEEP | Sleeping for 20s (base=20s, consecutive_errors=0, monitoring_suspended=False)
2025-11-26 16:32:33 | INFO | MONITOR_SLEEP | Sleeping for 20s (base=20s, consecutive_errors=0, monitoring_suspended=False)
2025-11-26 16:32:53 | INFO | MONITOR_SLEEP | Sleeping for 20s (base=20s, consecutive_errors=0, monitoring_suspended=False)
2025-11-26 16:33:13 | INFO | MONITOR | Paper trades checked (next in 60s)
2025-11-26 16:33:13 | INFO | MONITOR_SLEEP | Sleeping for 20s (base=20s, consecutive_errors=0, monitoring_suspended=False)
2025-11-26 16:33:33 | INFO | MONITOR_SLEEP | Sleeping for 20s (base=20s, consecutive_errors=0, monitoring_suspended=False)
2025-11-26 16:33:53 | INFO | MONITOR_SLEEP | Sleeping for 20s (base=20s, consecutive_errors=0, monitoring_suspended=False)
2025-11-26 16:34:13 | INFO | MONITOR | Paper trades checked (next in 60s)
2025-11-26 16:34:13 | INFO | MONITOR_SLEEP | Sleeping for 20s (base=20s, consecutive_errors=0, monitoring_suspended=False)
2025-11-26 16:34:33 | INFO | MONITOR_SLEEP | Sleeping for 20s (base=20s, consecutive_errors=0, monitoring_suspended=False)
2025-11-26 16:34:53 | INFO | MONITOR_SLEEP | Sleeping for 20s (base=20s, consecutive_errors=0, monitoring_suspended=False)
2025-11-26 16:35:13 | INFO | MONITOR | Paper trades checked (next in 60s)
2025-11-26 16:35:13 | INFO | MONITOR_SLEEP | Sleeping for 20s (base=20s, consecutive_errors=0, monitoring_suspended=False)
2025-11-26 16:35:33 | INFO | MONITOR_SLEEP | Sleeping for 20s (base=20s, consecutive_errors=0, monitoring_suspended=False)
2025-11-26 16:35:53 | INFO | MONITOR_SLEEP | Sleeping for 20s (base=20s, consecutive_errors=0, monitoring_suspended=False)
2025-11-26 16:36:13 | INFO | MONITOR | Paper trades checked (next in 60s)
2025-11-26 16:36:13 | INFO | MONITOR_SLEEP | Sleeping for 20s (base=20s, consecutive_errors=0, monitoring_suspended=False)
2025-11-26 16:36:33 | INFO | MONITOR_SLEEP | Sleeping for 20s (base=20s, consecutive_errors=0, monitoring_suspended=False)
2025-11-26 16:36:53 | INFO | MONITOR_SLEEP | Sleeping for 20s (base=20s, consecutive_errors=0, monitoring_suspended=False)
2025-11-26 16:37:13 | INFO | MONITOR | Paper trades checked (next in 60s)
2025-11-26 16:37:13 | INFO | MONITOR_SLEEP | Sleeping for 20s (base=20s, consecutive_errors=0, monitoring_suspended=False)
2025-11-26 16:37:33 | INFO | MONITOR_SLEEP | Sleeping for 20s (base=20s, consecutive_errors=0, monitoring_suspended=False)
2025-11-26 16:37:53 | INFO | MONITOR_SLEEP | Sleeping for 20s (base=20s, consecutive_errors=0, monitoring_suspended=False)
2025-11-26 16:38:13 | INFO | MONITOR | Paper trades checked (next in 60s)
2025-11-26 16:38:13 | INFO | MONITOR_SLEEP | Sleeping for 20s (base=20s, consecutive_errors=0, monitoring_suspended=False)
2025-11-26 16:38:33 | INFO | MONITOR_SLEEP | Sleeping for 20s (base=20s, consecutive_errors=0, monitoring_suspended=False)
2025-11-26 16:38:53 | INFO | MONITOR_SLEEP | Sleeping for 20s (base=20s, consecutive_errors=0, monitoring_suspended=False)
2025-11-26 16:39:13 | INFO | MONITOR | Paper trades checked (next in 60s)
2025-11-26 16:39:13 | INFO | MONITOR_SLEEP | Sleeping for 20s (base=20s, consecutive_errors=0, monitoring_suspended=False)
2025-11-26 16:39:33 | INFO | MONITOR_SLEEP | Sleeping for 20s (base=20s, consecutive_errors=0, monitoring_suspended=False)
2025-11-26 16:39:53 | INFO | MONITOR_SLEEP | Sleeping for 20s (base=20s, consecutive_errors=0, monitoring_suspended=False)
2025-11-26 16:40:13 | INFO | MONITOR | Paper trades checked (next in 60s)
2025-11-26 16:40:13 | INFO | MONITOR_SLEEP | Sleeping for 20s (base=20s, consecutive_errors=0, monitoring_suspended=False)
2025-11-26 16:40:33 | INFO | MONITOR_SLEEP | Sleeping for 20s (base=20s, consecutive_errors=0, monitoring_suspended=False)
2025-11-26 16:40:53 | INFO | MONITOR_SLEEP | Sleeping for 20s (base=20s, consecutive_errors=0, monitoring_suspended=False)
2025-11-26 16:41:13 | INFO | MONITOR | Paper trades checked (next in 60s)
2025-11-26 16:41:13 | INFO | MONITOR_SLEEP | Sleeping for 20s (base=20s, consecutive_errors=0, monitoring_suspended=False)
2025-11-26 16:41:33 | INFO | MONITOR_SLEEP | Sleeping for 20s (base=20s, consecutive_errors=0, monitoring_suspended=False)
2025-11-26 16:41:53 | INFO | MONITOR_SLEEP | Sleeping for 20s (base=20s, consecutive_errors=0, monitoring_suspended=False)
2025-11-26 16:42:13 | INFO | MONITOR | Paper trades checked (next in 60s)
2025-11-26 16:42:13 | INFO | MONITOR_SLEEP | Sleeping for 20s (base=20s, consecutive_errors=0, monitoring_suspended=False)
2025-11-26 16:42:33 | INFO | MONITOR_SLEEP | Sleeping for 20s (base=20s, consecutive_errors=0, monitoring_suspended=False)
2025-11-26 16:42:53 | INFO | MONITOR_SLEEP | Sleeping for 20s (base=20s, consecutive_errors=0, monitoring_suspended=False)
2025-11-26 16:43:13 | INFO | MONITOR | Paper trades checked (next in 60s)
2025-11-26 16:43:13 | INFO | MONITOR_SLEEP | Sleeping for 20s (base=20s, consecutive_errors=0, monitoring_suspended=False)
2025-11-26 16:43:33 | INFO | MONITOR_SLEEP | Sleeping for 20s (base=20s, consecutive_errors=0, monitoring_suspended=False)
2025-11-26 16:43:53 | INFO | MONITOR_SLEEP | Sleeping for 20s (base=20s, consecutive_errors=0, monitoring_suspended=False)
2025-11-26 16:44:13 | INFO | MONITOR | Paper trades checked (next in 60s)
2025-11-26 16:44:13 | INFO | MONITOR_SLEEP | Sleeping for 20s (base=20s, consecutive_errors=0, monitoring_suspended=False)
2025-11-26 16:44:33 | INFO | MONITOR_SLEEP | Sleeping for 20s (base=20s, consecutive_errors=0, monitoring_suspended=False)
2025-11-26 16:44:53 | INFO | MONITOR_SLEEP | Sleeping for 20s (base=20s, consecutive_errors=0, monitoring_suspended=False)
2025-11-26 16:45:13 | INFO | MONITOR | Paper trades checked (next in 60s)
2025-11-26 16:45:13 | INFO | MONITOR_SLEEP | Sleeping for 20s (base=20s, consecutive_errors=0, monitoring_suspended=False)
2025-11-26 16:45:33 | INFO | MONITOR_SLEEP | Sleeping for 20s (base=20s, consecutive_errors=0, monitoring_suspended=False)
2025-11-26 16:45:53 | INFO | MONITOR_SLEEP | Sleeping for 20s (base=20s, consecutive_errors=0, monitoring_suspended=False)
2025-11-26 16:46:13 | INFO | MONITOR | Paper trades checked (next in 60s)
2025-11-26 16:46:13 | INFO | MONITOR_SLEEP | Sleeping for 20s (base=20s, consecutive_errors=0, monitoring_suspended=False)
2025-11-26 16:46:33 | INFO | MONITOR_SLEEP | Sleeping for 20s (base=20s, consecutive_errors=0, monitoring_suspended=False)
2025-11-26 16:46:53 | INFO | MONITOR_SLEEP | Sleeping for 20s (base=20s, consecutive_errors=0, monitoring_suspended=False)
2025-11-26 16:47:13 | INFO | MONITOR | Paper trades checked (next in 60s)
2025-11-26 16:47:13 | INFO | MONITOR_SLEEP | Sleeping for 20s (base=20s, consecutive_errors=0, monitoring_suspended=False)
2025-11-26 16:47:33 | INFO | MONITOR_SLEEP | Sleeping for 20s (base=20s, consecutive_errors=0, monitoring_suspended=False)
2025-11-26 16:47:53 | INFO | MONITOR_SLEEP | Sleeping for 20s (base=20s, consecutive_errors=0, monitoring_suspended=False)
2025-11-26 16:48:13 | INFO | MONITOR | Paper trades checked (next in 60s)
2025-11-26 16:48:13 | INFO | MONITOR_SLEEP | Sleeping for 20s (base=20s, consecutive_errors=0, monitoring_suspended=False)
2025-11-26 16:48:33 | INFO | MONITOR_SLEEP | Sleeping for 20s (base=20s, consecutive_errors=0, monitoring_suspended=False)
2025-11-26 16:48:53 | INFO | MONITOR_SLEEP | Sleeping for 20s (base=20s, consecutive_errors=0, monitoring_suspended=False)
2025-11-26 16:49:13 | INFO | MONITOR | Paper trades checked (next in 60s)
2025-11-26 16:49:13 | INFO | MONITOR_SLEEP | Sleeping for 20s (base=20s, consecutive_errors=0, monitoring_suspended=False)
2025-11-26 16:49:33 | INFO | MONITOR_SLEEP | Sleeping for 20s (base=20s, consecutive_errors=0, monitoring_suspended=False)
2025-11-26 16:49:53 | INFO | MONITOR_SLEEP | Sleeping for 20s (base=20s, consecutive_errors=0, monitoring_suspended=False)
2025-11-26 16:50:13 | INFO | MONITOR | Paper trades checked (next in 60s)
2025-11-26 16:50:13 | INFO | MONITOR_SLEEP | Sleeping for 20s (base=20s, consecutive_errors=0, monitoring_suspended=False)
2025-11-26 16:50:33 | INFO | MONITOR_SLEEP | Sleeping for 20s (base=20s, consecutive_errors=0, monitoring_suspended=False)
2025-11-26 16:50:53 | INFO | MONITOR_SLEEP | Sleeping for 20s (base=20s, consecutive_errors=0, monitoring_suspended=False)
2025-11-26 16:51:13 | INFO | MONITOR | Paper trades checked (next in 60s)
2025-11-26 16:51:13 | INFO | MONITOR_SLEEP | Sleeping for 20s (base=20s, consecutive_errors=0, monitoring_suspended=False)
2025-11-26 16:51:33 | INFO | MONITOR_SLEEP | Sleeping for 20s (base=20s, consecutive_errors=0, monitoring_suspended=False)
2025-11-26 16:51:53 | INFO | MONITOR_SLEEP | Sleeping for 20s (base=20s, consecutive_errors=0, monitoring_suspended=False)
2025-11-26 16:52:13 | INFO | MONITOR | Paper trades checked (next in 60s)
2025-11-26 16:52:13 | INFO | MONITOR_SLEEP | Sleeping for 20s (base=20s, consecutive_errors=0, monitoring_suspended=False)
2025-11-26 16:52:33 | INFO | MONITOR_SLEEP | Sleeping for 20s (base=20s, consecutive_errors=0, monitoring_suspended=False)
2025-11-26 16:52:53 | INFO | MONITOR_SLEEP | Sleeping for 20s (base=20s, consecutive_errors=0, monitoring_suspended=False)
2025-11-26 16:53:13 | INFO | MONITOR | Paper trades checked (next in 60s)
2025-11-26 16:53:13 | INFO | MONITOR_SLEEP | Sleeping for 20s (base=20s, consecutive_errors=0, monitoring_suspended=False)
2025-11-26 16:53:33 | INFO | MONITOR_SLEEP | Sleeping for 20s (base=20s, consecutive_errors=0, monitoring_suspended=False)
2025-11-26 16:53:53 | INFO | MONITOR_SLEEP | Sleeping for 20s (base=20s, consecutive_errors=0, monitoring_suspended=False)
2025-11-26 16:54:13 | INFO | MONITOR | Paper trades checked (next in 60s)
2025-11-26 16:54:13 | INFO | MONITOR_SLEEP | Sleeping for 20s (base=20s, consecutive_errors=0, monitoring_suspended=False)
2025-11-26 16:54:33 | INFO | MONITOR_SLEEP | Sleeping for 20s (base=20s, consecutive_errors=0, monitoring_suspended=False)
2025-11-26 16:54:53 | INFO | MONITOR_SLEEP | Sleeping for 20s (base=20s, consecutive_errors=0, monitoring_suspended=False)
2025-11-26 16:55:13 | INFO | MONITOR | Paper trades checked (next in 60s)
2025-11-26 16:55:13 | INFO | MONITOR_SLEEP | Sleeping for 20s (base=20s, consecutive_errors=0, monitoring_suspended=False)
2025-11-26 16:55:33 | INFO | MONITOR_SLEEP | Sleeping for 20s (base=20s, consecutive_errors=0, monitoring_suspended=False)
2025-11-26 16:55:53 | INFO | MONITOR_SLEEP | Sleeping for 20s (base=20s, consecutive_errors=0, monitoring_suspended=False)
2025-11-26 16:56:13 | INFO | MONITOR | Paper trades checked (next in 60s)
2025-11-26 16:56:13 | INFO | MONITOR_SLEEP | Sleeping for 20s (base=20s, consecutive_errors=0, monitoring_suspended=False)
2025-11-26 16:56:33 | INFO | MONITOR_SLEEP | Sleeping for 20s (base=20s, consecutive_errors=0, monitoring_suspended=False)
2025-11-26 16:56:53 | INFO | MONITOR_SLEEP | Sleeping for 20s (base=20s, consecutive_errors=0, monitoring_suspended=False)
2025-11-26 16:57:13 | INFO | MONITOR | Paper trades checked (next in 60s)
2025-11-26 16:57:13 | INFO | MONITOR_SLEEP | Sleeping for 20s (base=20s, consecutive_errors=0, monitoring_suspended=False)
2025-11-26 16:57:33 | INFO | MONITOR_SLEEP | Sleeping for 20s (base=20s, consecutive_errors=0, monitoring_suspended=False)
2025-11-26 16:57:53 | INFO | MONITOR_SLEEP | Sleeping for 20s (base=20s, consecutive_errors=0, monitoring_suspended=False)
2025-11-26 16:58:13 | INFO | MONITOR | Paper trades checked (next in 60s)
2025-11-26 16:58:13 | INFO | MONITOR_SLEEP | Sleeping for 20s (base=20s, consecutive_errors=0, monitoring_suspended=False)
2025-11-26 16:58:33 | INFO | MONITOR_SLEEP | Sleeping for 20s (base=20s, consecutive_errors=0, monitoring_suspended=False)
2025-11-26 16:58:53 | INFO | MONITOR_SLEEP | Sleeping for 20s (base=20s, consecutive_errors=0, monitoring_suspended=False)
2025-11-26 16:59:13 | INFO | MONITOR | Paper trades checked (next in 60s)
2025-11-26 16:59:13 | INFO | MONITOR_SLEEP | Sleeping for 20s (base=20s, consecutive_errors=0, monitoring_suspended=False)
2025-11-26 16:59:33 | INFO | MONITOR_SLEEP | Sleeping for 20s (base=20s, consecutive_errors=0, monitoring_suspended=False)
2025-11-26 16:59:53 | INFO | MONITOR_SLEEP | Sleeping for 20s (base=20s, consecutive_errors=0, monitoring_suspended=False)
2025-11-26 17:00:13 | INFO | MONITOR | Paper trades checked (next in 60s)
2025-11-26 17:00:13 | INFO | MONITOR_SLEEP | Sleeping for 20s (base=20s, consecutive_errors=0, monitoring_suspended=False)
2025-11-26 17:00:33 | INFO | MONITOR_SLEEP | Sleeping for 20s (base=20s, consecutive_errors=0, monitoring_suspended=False)
2025-11-26 17:00:53 | INFO | MONITOR_SLEEP | Sleeping for 20s (base=20s, consecutive_errors=0, monitoring_suspended=False)
2025-11-26 17:01:13 | INFO | MONITOR | Paper trades checked (next in 60s)
2025-11-26 17:01:13 | INFO | MONITOR_SLEEP | Sleeping for 20s (base=20s, consecutive_errors=0, monitoring_suspended=False)
2025-11-26 17:01:33 | INFO | MONITOR_SLEEP | Sleeping for 20s (base=20s, consecutive_errors=0, monitoring_suspended=False)
2025-11-26 17:01:53 | INFO | MONITOR_SLEEP | Sleeping for 20s (base=20s, consecutive_errors=0, monitoring_suspended=False)
2025-11-26 17:02:13 | INFO | MONITOR | Paper trades checked (next in 60s)
2025-11-26 17:02:13 | INFO | MONITOR_SLEEP | Sleeping for 20s (base=20s, consecutive_errors=0, monitoring_suspended=False)
2025-11-26 17:02:33 | INFO | MONITOR_SLEEP | Sleeping for 20s (base=20s, consecutive_errors=0, monitoring_suspended=False)
2025-11-26 17:02:53 | INFO | MONITOR_SLEEP | Sleeping for 20s (base=20s, consecutive_errors=0, monitoring_suspended=False)
2025-11-26 17:03:13 | INFO | MONITOR | Paper trades checked (next in 60s)
2025-11-26 17:03:13 | INFO | MONITOR_SLEEP | Sleeping for 20s (base=20s, consecutive_errors=0, monitoring_suspended=False)
2025-11-26 17:03:33 | INFO | MONITOR_SLEEP | Sleeping for 20s (base=20s, consecutive_errors=0, monitoring_suspended=False)
2025-11-26 17:03:53 | INFO | MONITOR_SLEEP | Sleeping for 20s (base=20s, consecutive_errors=0, monitoring_suspended=False)
2025-11-26 17:04:13 | INFO | MONITOR | Paper trades checked (next in 60s)
2025-11-26 17:04:13 | INFO | MONITOR_SLEEP | Sleeping for 20s (base=20s, consecutive_errors=0, monitoring_suspended=False)
2025-11-26 17:04:33 | INFO | MONITOR_SLEEP | Sleeping for 20s (base=20s, consecutive_errors=0, monitoring_suspended=False)
2025-11-26 17:04:53 | INFO | MONITOR_SLEEP | Sleeping for 20s (base=20s, consecutive_errors=0, monitoring_suspended=False)
2025-11-26 17:05:13 | INFO | MONITOR | Paper trades checked (next in 60s)
2025-11-26 17:05:13 | INFO | MONITOR_SLEEP | Sleeping for 20s (base=20s, consecutive_errors=0, monitoring_suspended=False)
2025-11-26 17:05:33 | INFO | MONITOR_SLEEP | Sleeping for 20s (base=20s, consecutive_errors=0, monitoring_suspended=False)
2025-11-26 17:05:53 | INFO | MONITOR_SLEEP | Sleeping for 20s (base=20s, consecutive_errors=0, monitoring_suspended=False)
2025-11-26 17:06:13 | INFO | MONITOR | Paper trades checked (next in 60s)
2025-11-26 17:06:13 | INFO | MONITOR_SLEEP | Sleeping for 20s (base=20s, consecutive_errors=0, monitoring_suspended=False)
2025-11-26 17:06:33 | INFO | MONITOR_SLEEP | Sleeping for 20s (base=20s, consecutive_errors=0, monitoring_suspended=False)
2025-11-26 17:06:53 | INFO | MONITOR_SLEEP | Sleeping for 20s (base=20s, consecutive_errors=0, monitoring_suspended=False)
2025-11-26 17:07:13 | INFO | MONITOR | Paper trades checked (next in 60s)
2025-11-26 17:07:13 | INFO | MONITOR_SLEEP | Sleeping for 20s (base=20s, consecutive_errors=0, monitoring_suspended=False)
2025-11-26 17:07:33 | INFO | MONITOR_SLEEP | Sleeping for 20s (base=20s, consecutive_errors=0, monitoring_suspended=False)
2025-11-26 17:07:53 | INFO | MONITOR_SLEEP | Sleeping for 20s (base=20s, consecutive_errors=0, monitoring_suspended=False)
2025-11-26 17:08:13 | INFO | MONITOR | Paper trades checked (next in 60s)
2025-11-26 17:08:13 | INFO | MONITOR_SLEEP | Sleeping for 20s (base=20s, consecutive_errors=0, monitoring_suspended=False)
2025-11-26 17:08:33 | INFO | MONITOR_SLEEP | Sleeping for 20s (base=20s, consecutive_errors=0, monitoring_suspended=False)
2025-11-26 17:08:53 | INFO | MONITOR_SLEEP | Sleeping for 20s (base=20s, consecutive_errors=0, monitoring_suspended=False)
2025-11-26 17:09:13 | INFO | MONITOR | Paper trades checked (next in 60s)
2025-11-26 17:09:13 | INFO | MONITOR_SLEEP | Sleeping for 20s (base=20s, consecutive_errors=0, monitoring_suspended=False)
2025-11-26 17:09:33 | INFO | MONITOR_SLEEP | Sleeping for 20s (base=20s, consecutive_errors=0, monitoring_suspended=False)
2025-11-26 17:09:53 | INFO | MONITOR_SLEEP | Sleeping for 20s (base=20s, consecutive_errors=0, monitoring_suspended=False)
2025-11-26 17:10:13 | INFO | MONITOR | Paper trades checked (next in 60s)
2025-11-26 17:10:13 | INFO | MONITOR_SLEEP | Sleeping for 20s (base=20s, consecutive_errors=0, monitoring_suspended=False)
2025-11-26 17:10:33 | INFO | MONITOR_SLEEP | Sleeping for 20s (base=20s, consecutive_errors=0, monitoring_suspended=False)
2025-11-26 17:10:53 | INFO | MONITOR_SLEEP | Sleeping for 20s (base=20s, consecutive_errors=0, monitoring_suspended=False)
2025-11-26 17:11:13 | INFO | MONITOR | Paper trades checked (next in 60s)
2025-11-26 17:11:13 | INFO | MONITOR_SLEEP | Sleeping for 20s (base=20s, consecutive_errors=0, monitoring_suspended=False)
2025-11-26 17:11:33 | INFO | MONITOR_SLEEP | Sleeping for 20s (base=20s, consecutive_errors=0, monitoring_suspended=False)
2025-11-26 17:11:53 | INFO | MONITOR_SLEEP | Sleeping for 20s (base=20s, consecutive_errors=0, monitoring_suspended=False)
2025-11-26 17:12:13 | INFO | MONITOR | Paper trades checked (next in 60s)
2025-11-26 17:12:13 | INFO | MONITOR_SLEEP | Sleeping for 20s (base=20s, consecutive_errors=0, monitoring_suspended=False)
2025-11-26 17:12:33 | INFO | MONITOR_SLEEP | Sleeping for 20s (base=20s, consecutive_errors=0, monitoring_suspended=False)
2025-11-26 17:12:53 | INFO | MONITOR_SLEEP | Sleeping for 20s (base=20s, consecutive_errors=0, monitoring_suspended=False)
2025-11-26 17:13:13 | INFO | MONITOR | Paper trades checked (next in 60s)
2025-11-26 17:13:13 | INFO | MONITOR_SLEEP | Sleeping for 20s (base=20s, consecutive_errors=0, monitoring_suspended=False)
2025-11-26 17:13:33 | INFO | MONITOR_SLEEP | Sleeping for 20s (base=20s, consecutive_errors=0, monitoring_suspended=False)
2025-11-26 17:13:53 | INFO | MONITOR_SLEEP | Sleeping for 20s (base=20s, consecutive_errors=0, monitoring_suspended=False)
2025-11-26 17:14:13 | INFO | MONITOR | Paper trades checked (next in 60s)
2025-11-26 17:14:13 | INFO | MONITOR_SLEEP | Sleeping for 20s (base=20s, consecutive_errors=0, monitoring_suspended=False)
2025-11-26 17:14:33 | INFO | MONITOR_SLEEP | Sleeping for 20s (base=20s, consecutive_errors=0, monitoring_suspended=False)
2025-11-26 17:14:53 | INFO | MONITOR_SLEEP | Sleeping for 20s (base=20s, consecutive_errors=0, monitoring_suspended=False)
2025-11-26 17:15:13 | INFO | MONITOR | Paper trades checked (next in 60s)
2025-11-26 17:15:13 | INFO | MONITOR_SLEEP | Sleeping for 20s (base=20s, consecutive_errors=0, monitoring_suspended=False)
2025-11-26 17:15:33 | INFO | MONITOR_SLEEP | Sleeping for 20s (base=20s, consecutive_errors=0, monitoring_suspended=False)
2025-11-26 17:15:53 | INFO | MONITOR_SLEEP | Sleeping for 20s (base=20s, consecutive_errors=0, monitoring_suspended=False)
2025-11-26 17:16:13 | INFO | MONITOR | Paper trades checked (next in 60s)
2025-11-26 17:16:13 | INFO | MONITOR_SLEEP | Sleeping for 20s (base=20s, consecutive_errors=0, monitoring_suspended=False)
2025-11-26 17:16:33 | INFO | MONITOR_SLEEP | Sleeping for 20s (base=20s, consecutive_errors=0, monitoring_suspended=False)
2025-11-26 17:16:53 | INFO | MONITOR_SLEEP | Sleeping for 20s (base=20s, consecutive_errors=0, monitoring_suspended=False)
2025-11-26 17:17:13 | INFO | MONITOR | Paper trades checked (next in 60s)
2025-11-26 17:17:13 | INFO | MONITOR_SLEEP | Sleeping for 20s (base=20s, consecutive_errors=0, monitoring_suspended=False)
2025-11-26 17:17:33 | INFO | MONITOR_SLEEP | Sleeping for 20s (base=20s, consecutive_errors=0, monitoring_suspended=False)
2025-11-26 17:17:53 | INFO | MONITOR_SLEEP | Sleeping for 20s (base=20s, consecutive_errors=0, monitoring_suspended=False)
2025-11-26 17:18:13 | INFO | MONITOR | Paper trades checked (next in 60s)
2025-11-26 17:18:13 | INFO | MONITOR_SLEEP | Sleeping for 20s (base=20s, consecutive_errors=0, monitoring_suspended=False)
2025-11-26 17:18:33 | INFO | MONITOR_SLEEP | Sleeping for 20s (base=20s, consecutive_errors=0, monitoring_suspended=False)
2025-11-26 17:18:53 | INFO | MONITOR_SLEEP | Sleeping for 20s (base=20s, consecutive_errors=0, monitoring_suspended=False)
2025-11-26 17:19:13 | INFO | MONITOR | Paper trades checked (next in 60s)
2025-11-26 17:19:13 | INFO | MONITOR_SLEEP | Sleeping for 20s (base=20s, consecutive_errors=0, monitoring_suspended=False)
2025-11-26 17:19:33 | INFO | MONITOR_SLEEP | Sleeping for 20s (base=20s, consecutive_errors=0, monitoring_suspended=False)
2025-11-26 17:19:53 | INFO | MONITOR_SLEEP | Sleeping for 20s (base=20s, consecutive_errors=0, monitoring_suspended=False)
2025-11-26 17:20:13 | INFO | MONITOR | Paper trades checked (next in 60s)
2025-11-26 17:20:13 | INFO | MONITOR_SLEEP | Sleeping for 20s (base=20s, consecutive_errors=0, monitoring_suspended=False)
2025-11-26 17:20:33 | INFO | MONITOR_SLEEP | Sleeping for 20s (base=20s, consecutive_errors=0, monitoring_suspended=False)
2025-11-26 17:20:53 | INFO | MONITOR_SLEEP | Sleeping for 20s (base=20s, consecutive_errors=0, monitoring_suspended=False)
2025-11-26 17:21:13 | INFO | MONITOR | Paper trades checked (next in 60s)
2025-11-26 17:21:13 | INFO | MONITOR_SLEEP | Sleeping for 20s (base=20s, consecutive_errors=0, monitoring_suspended=False)
2025-11-26 17:21:33 | INFO | MONITOR_SLEEP | Sleeping for 20s (base=20s, consecutive_errors=0, monitoring_suspended=False)
2025-11-26 17:21:53 | INFO | MONITOR_SLEEP | Sleeping for 20s (base=20s, consecutive_errors=0, monitoring_suspended=False)
2025-11-26 17:22:13 | INFO | MONITOR | Paper trades checked (next in 60s)
2025-11-26 17:22:13 | INFO | MONITOR_SLEEP | Sleeping for 20s (base=20s, consecutive_errors=0, monitoring_suspended=False)
2025-11-26 17:22:33 | INFO | MONITOR_SLEEP | Sleeping for 20s (base=20s, consecutive_errors=0, monitoring_suspended=False)
2025-11-26 17:22:53 | INFO | MONITOR_SLEEP | Sleeping for 20s (base=20s, consecutive_errors=0, monitoring_suspended=False)
2025-11-26 17:23:13 | INFO | MONITOR | Paper trades checked (next in 60s)
2025-11-26 17:23:13 | INFO | MONITOR_SLEEP | Sleeping for 20s (base=20s, consecutive_errors=0, monitoring_suspended=False)
2025-11-26 17:23:33 | INFO | MONITOR_SLEEP | Sleeping for 20s (base=20s, consecutive_errors=0, monitoring_suspended=False)
2025-11-26 17:23:53 | INFO | MONITOR_SLEEP | Sleeping for 20s (base=20s, consecutive_errors=0, monitoring_suspended=False)
2025-11-26 17:24:13 | INFO | MONITOR | Paper trades checked (next in 60s)
2025-11-26 17:24:13 | INFO | MONITOR_SLEEP | Sleeping for 20s (base=20s, consecutive_errors=0, monitoring_suspended=False)
2025-11-26 17:24:33 | INFO | MONITOR_SLEEP | Sleeping for 20s (base=20s, consecutive_errors=0, monitoring_suspended=False)
2025-11-26 17:24:53 | INFO | MONITOR_SLEEP | Sleeping for 20s (base=20s, consecutive_errors=0, monitoring_suspended=False)
2025-11-26 17:25:13 | INFO | MONITOR | Paper trades checked (next in 60s)
2025-11-26 17:25:13 | INFO | MONITOR_SLEEP | Sleeping for 20s (base=20s, consecutive_errors=0, monitoring_suspended=False)
2025-11-26 17:25:33 | INFO | MONITOR_SLEEP | Sleeping for 20s (base=20s, consecutive_errors=0, monitoring_suspended=False)
2025-11-26 17:25:53 | INFO | MONITOR_SLEEP | Sleeping for 20s (base=20s, consecutive_errors=0, monitoring_suspended=False)
2025-11-26 17:26:13 | INFO | MONITOR | Paper trades checked (next in 60s)
2025-11-26 17:26:13 | INFO | MONITOR_SLEEP | Sleeping for 20s (base=20s, consecutive_errors=0, monitoring_suspended=False)
2025-11-26 17:26:33 | INFO | MONITOR_SLEEP | Sleeping for 20s (base=20s, consecutive_errors=0, monitoring_suspended=False)
2025-11-26 17:26:53 | INFO | MONITOR_SLEEP | Sleeping for 20s (base=20s, consecutive_errors=0, monitoring_suspended=False)
2025-11-26 17:27:13 | INFO | MONITOR | Paper trades checked (next in 60s)
2025-11-26 17:27:13 | INFO | MONITOR_SLEEP | Sleeping for 20s (base=20s, consecutive_errors=0, monitoring_suspended=False)
2025-11-26 17:27:33 | INFO | MONITOR_SLEEP | Sleeping for 20s (base=20s, consecutive_errors=0, monitoring_suspended=False)
2025-11-26 17:27:53 | INFO | MONITOR_SLEEP | Sleeping for 20s (base=20s, consecutive_errors=0, monitoring_suspended=False)
2025-11-26 17:28:13 | INFO | MONITOR | Paper trades checked (next in 60s)
2025-11-26 17:28:13 | INFO | MONITOR_SLEEP | Sleeping for 20s (base=20s, consecutive_errors=0, monitoring_suspended=False)
2025-11-26 17:28:33 | INFO | MONITOR_SLEEP | Sleeping for 20s (base=20s, consecutive_errors=0, monitoring_suspended=False)
2025-11-26 17:28:53 | INFO | MONITOR_SLEEP | Sleeping for 20s (base=20s, consecutive_errors=0, monitoring_suspended=False)
2025-11-26 17:29:13 | INFO | MONITOR | Paper trades checked (next in 60s)
2025-11-26 17:29:13 | INFO | MONITOR_SLEEP | Sleeping for 20s (base=20s, consecutive_errors=0, monitoring_suspended=False)
2025-11-26 17:29:33 | INFO | MONITOR_SLEEP | Sleeping for 20s (base=20s, consecutive_errors=0, monitoring_suspended=False)
2025-11-26 17:29:53 | INFO | MONITOR_SLEEP | Sleeping for 20s (base=20s, consecutive_errors=0, monitoring_suspended=False)
2025-11-26 17:30:13 | INFO | MONITOR | Paper trades checked (next in 60s)
2025-11-26 17:30:13 | INFO | MONITOR_SLEEP | Sleeping for 20s (base=20s, consecutive_errors=0, monitoring_suspended=False)
2025-11-26 17:30:33 | INFO | MONITOR_SLEEP | Sleeping for 20s (base=20s, consecutive_errors=0, monitoring_suspended=False)
2025-11-26 17:30:53 | INFO | MONITOR_SLEEP | Sleeping for 20s (base=20s, consecutive_errors=0, monitoring_suspended=False)
2025-11-26 17:31:13 | INFO | MONITOR | Paper trades checked (next in 60s)
2025-11-26 17:31:13 | INFO | MONITOR_SLEEP | Sleeping for 20s (base=20s, consecutive_errors=0, monitoring_suspended=False)
2025-11-26 17:31:33 | INFO | MONITOR_SLEEP | Sleeping for 20s (base=20s, consecutive_errors=0, monitoring_suspended=False)
2025-11-26 17:31:53 | INFO | MONITOR_SLEEP | Sleeping for 20s (base=20s, consecutive_errors=0, monitoring_suspended=False)
2025-11-26 17:32:13 | INFO | MONITOR | Paper trades checked (next in 60s)
2025-11-26 17:32:13 | INFO | MONITOR_SLEEP | Sleeping for 20s (base=20s, consecutive_errors=0, monitoring_suspended=False)
2025-11-26 17:32:33 | INFO | MONITOR_SLEEP | Sleeping for 20s (base=20s, consecutive_errors=0, monitoring_suspended=False)
2025-11-26 17:32:53 | INFO | MONITOR_SLEEP | Sleeping for 20s (base=20s, consecutive_errors=0, monitoring_suspended=False)
2025-11-26 17:33:13 | INFO | MONITOR | Paper trades checked (next in 60s)
2025-11-26 17:33:13 | INFO | MONITOR_SLEEP | Sleeping for 20s (base=20s, consecutive_errors=0, monitoring_suspended=False)
2025-11-26 17:33:33 | INFO | MONITOR_SLEEP | Sleeping for 20s (base=20s, consecutive_errors=0, monitoring_suspended=False)
2025-11-26 17:33:53 | INFO | MONITOR_SLEEP | Sleeping for 20s (base=20s, consecutive_errors=0, monitoring_suspended=False)
2025-11-26 17:34:13 | INFO | MONITOR | Paper trades checked (next in 60s)
2025-11-26 17:34:13 | INFO | MONITOR_SLEEP | Sleeping for 20s (base=20s, consecutive_errors=0, monitoring_suspended=False)
2025-11-26 17:34:33 | INFO | MONITOR_SLEEP | Sleeping for 20s (base=20s, consecutive_errors=0, monitoring_suspended=False)
2025-11-26 17:34:53 | INFO | MONITOR_SLEEP | Sleeping for 20s (base=20s, consecutive_errors=0, monitoring_suspended=False)
2025-11-26 17:35:13 | INFO | MONITOR | Paper trades checked (next in 60s)
2025-11-26 17:35:13 | INFO | MONITOR_SLEEP | Sleeping for 20s (base=20s, consecutive_errors=0, monitoring_suspended=False)
2025-11-26 17:35:33 | INFO | MONITOR_SLEEP | Sleeping for 20s (base=20s, consecutive_errors=0, monitoring_suspended=False)
2025-11-26 17:35:53 | INFO | MONITOR_SLEEP | Sleeping for 20s (base=20s, consecutive_errors=0, monitoring_suspended=False)
2025-11-26 17:36:13 | INFO | MONITOR | Paper trades checked (next in 60s)
2025-11-26 17:36:13 | INFO | MONITOR_SLEEP | Sleeping for 20s (base=20s, consecutive_errors=0, monitoring_suspended=False)
2025-11-26 17:36:33 | INFO | MONITOR_SLEEP | Sleeping for 20s (base=20s, consecutive_errors=0, monitoring_suspended=False)
2025-11-26 17:36:53 | INFO | MONITOR_SLEEP | Sleeping for 20s (base=20s, consecutive_errors=0, monitoring_suspended=False)
2025-11-26 17:37:13 | INFO | MONITOR | Paper trades checked (next in 60s)
2025-11-26 17:37:13 | INFO | MONITOR_SLEEP | Sleeping for 20s (base=20s, consecutive_errors=0, monitoring_suspended=False)
2025-11-26 17:37:33 | INFO | MONITOR_SLEEP | Sleeping for 20s (base=20s, consecutive_errors=0, monitoring_suspended=False)
2025-11-26 17:37:53 | INFO | MONITOR_SLEEP | Sleeping for 20s (base=20s, consecutive_errors=0, monitoring_suspended=False)
2025-11-26 17:38:13 | INFO | MONITOR | Paper trades checked (next in 60s)
2025-11-26 17:38:13 | INFO | MONITOR_SLEEP | Sleeping for 20s (base=20s, consecutive_errors=0, monitoring_suspended=False)
2025-11-26 17:38:33 | INFO | MONITOR_SLEEP | Sleeping for 20s (base=20s, consecutive_errors=0, monitoring_suspended=False)
2025-11-26 17:38:53 | INFO | MONITOR_SLEEP | Sleeping for 20s (base=20s, consecutive_errors=0, monitoring_suspended=False)
2025-11-26 17:39:13 | INFO | MONITOR | Paper trades checked (next in 60s)
2025-11-26 17:39:13 | INFO | MONITOR_SLEEP | Sleeping for 20s (base=20s, consecutive_errors=0, monitoring_suspended=False)
2025-11-26 17:39:33 | INFO | MONITOR_SLEEP | Sleeping for 20s (base=20s, consecutive_errors=0, monitoring_suspended=False)
2025-11-26 17:39:53 | INFO | MONITOR_SLEEP | Sleeping for 20s (base=20s, consecutive_errors=0, monitoring_suspended=False)
2025-11-26 17:40:13 | INFO | MONITOR | Paper trades checked (next in 60s)
2025-11-26 17:40:13 | INFO | MONITOR_SLEEP | Sleeping for 20s (base=20s, consecutive_errors=0, monitoring_suspended=False)
2025-11-26 17:40:33 | INFO | MONITOR_SLEEP | Sleeping for 20s (base=20s, consecutive_errors=0, monitoring_suspended=False)
2025-11-26 17:40:53 | INFO | MONITOR_SLEEP | Sleeping for 20s (base=20s, consecutive_errors=0, monitoring_suspended=False)
2025-11-26 17:41:13 | INFO | MONITOR | Paper trades checked (next in 60s)
2025-11-26 17:41:13 | INFO | MONITOR_SLEEP | Sleeping for 20s (base=20s, consecutive_errors=0, monitoring_suspended=False)
2025-11-26 17:41:33 | INFO | MONITOR_SLEEP | Sleeping for 20s (base=20s, consecutive_errors=0, monitoring_suspended=False)
2025-11-26 17:41:53 | INFO | MONITOR_SLEEP | Sleeping for 20s (base=20s, consecutive_errors=0, monitoring_suspended=False)
2025-11-26 17:42:13 | INFO | MONITOR | Paper trades checked (next in 60s)
2025-11-26 17:42:13 | INFO | MONITOR_SLEEP | Sleeping for 20s (base=20s, consecutive_errors=0, monitoring_suspended=False)
2025-11-26 17:42:33 | INFO | MONITOR_SLEEP | Sleeping for 20s (base=20s, consecutive_errors=0, monitoring_suspended=False)
2025-11-26 17:42:53 | INFO | MONITOR_SLEEP | Sleeping for 20s (base=20s, consecutive_errors=0, monitoring_suspended=False)
2025-11-26 17:43:13 | INFO | MONITOR | Paper trades checked (next in 60s)
2025-11-26 17:43:13 | INFO | MONITOR_SLEEP | Sleeping for 20s (base=20s, consecutive_errors=0, monitoring_suspended=False)
2025-11-26 17:43:33 | INFO | MONITOR_SLEEP | Sleeping for 20s (base=20s, consecutive_errors=0, monitoring_suspended=False)
2025-11-26 17:43:53 | INFO | MONITOR_SLEEP | Sleeping for 20s (base=20s, consecutive_errors=0, monitoring_suspended=False)
2025-11-26 17:44:13 | INFO | MONITOR | Paper trades checked (next in 60s)
2025-11-26 17:44:13 | INFO | MONITOR_SLEEP | Sleeping for 20s (base=20s, consecutive_errors=0, monitoring_suspended=False)
2025-11-26 17:44:33 | INFO | MONITOR_SLEEP | Sleeping for 20s (base=20s, consecutive_errors=0, monitoring_suspended=False)
2025-11-26 17:44:53 | INFO | MONITOR_SLEEP | Sleeping for 20s (base=20s, consecutive_errors=0, monitoring_suspended=False)
2025-11-26 17:45:13 | INFO | MONITOR | Paper trades checked (next in 60s)
2025-11-26 17:45:13 | INFO | MONITOR_SLEEP | Sleeping for 20s (base=20s, consecutive_errors=0, monitoring_suspended=False)
2025-11-26 17:45:33 | INFO | MONITOR_SLEEP | Sleeping for 20s (base=20s, consecutive_errors=0, monitoring_suspended=False)
2025-11-26 17:45:53 | INFO | MONITOR_SLEEP | Sleeping for 20s (base=20s, consecutive_errors=0, monitoring_suspended=False)
2025-11-26 17:46:13 | INFO | MONITOR | Paper trades checked (next in 60s)
2025-11-26 17:46:13 | INFO | MONITOR_SLEEP | Sleeping for 20s (base=20s, consecutive_errors=0, monitoring_suspended=False)
2025-11-26 17:46:33 | INFO | MONITOR_SLEEP | Sleeping for 20s (base=20s, consecutive_errors=0, monitoring_suspended=False)
2025-11-26 17:46:53 | INFO | MONITOR_SLEEP | Sleeping for 20s (base=20s, consecutive_errors=0, monitoring_suspended=False)
2025-11-26 17:47:13 | INFO | MONITOR | Paper trades checked (next in 60s)
2025-11-26 17:47:13 | INFO | MONITOR_SLEEP | Sleeping for 20s (base=20s, consecutive_errors=0, monitoring_suspended=False)
2025-11-26 17:47:33 | INFO | MONITOR_SLEEP | Sleeping for 20s (base=20s, consecutive_errors=0, monitoring_suspended=False)
2025-11-26 17:47:53 | INFO | MONITOR_SLEEP | Sleeping for 20s (base=20s, consecutive_errors=0, monitoring_suspended=False)
2025-11-26 17:48:13 | INFO | MONITOR | Paper trades checked (next in 60s)
2025-11-26 17:48:13 | INFO | MONITOR_SLEEP | Sleeping for 20s (base=20s, consecutive_errors=0, monitoring_suspended=False)
2025-11-26 17:48:33 | INFO | MONITOR_SLEEP | Sleeping for 20s (base=20s, consecutive_errors=0, monitoring_suspended=False)
2025-11-26 17:48:53 | INFO | MONITOR_SLEEP | Sleeping for 20s (base=20s, consecutive_errors=0, monitoring_suspended=False)
2025-11-26 17:49:13 | INFO | MONITOR | Paper trades checked (next in 60s)
2025-11-26 17:49:13 | INFO | MONITOR_SLEEP | Sleeping for 20s (base=20s, consecutive_errors=0, monitoring_suspended=False)
2025-11-26 17:49:33 | INFO | MONITOR_SLEEP | Sleeping for 20s (base=20s, consecutive_errors=0, monitoring_suspended=False)
2025-11-26 17:49:53 | INFO | MONITOR_SLEEP | Sleeping for 20s (base=20s, consecutive_errors=0, monitoring_suspended=False)
2025-11-26 17:50:13 | INFO | MONITOR | Paper trades checked (next in 60s)
2025-11-26 17:50:13 | INFO | MONITOR_SLEEP | Sleeping for 20s (base=20s, consecutive_errors=0, monitoring_suspended=False)
2025-11-26 17:50:33 | INFO | MONITOR_SLEEP | Sleeping for 20s (base=20s, consecutive_errors=0, monitoring_suspended=False)
2025-11-26 17:50:53 | INFO | MONITOR_SLEEP | Sleeping for 20s (base=20s, consecutive_errors=0, monitoring_suspended=False)
2025-11-26 17:51:13 | INFO | MONITOR | Paper trades checked (next in 60s)
2025-11-26 17:51:13 | INFO | MONITOR_SLEEP | Sleeping for 20s (base=20s, consecutive_errors=0, monitoring_suspended=False)
2025-11-26 17:51:33 | INFO | MONITOR_SLEEP | Sleeping for 20s (base=20s, consecutive_errors=0, monitoring_suspended=False)
2025-11-26 17:51:53 | INFO | MONITOR_SLEEP | Sleeping for 20s (base=20s, consecutive_errors=0, monitoring_suspended=False)
2025-11-26 17:52:13 | INFO | MONITOR | Paper trades checked (next in 60s)
2025-11-26 17:52:13 | INFO | MONITOR_SLEEP | Sleeping for 20s (base=20s, consecutive_errors=0, monitoring_suspended=False)
2025-11-26 17:52:33 | INFO | MONITOR_SLEEP | Sleeping for 20s (base=20s, consecutive_errors=0, monitoring_suspended=False)
2025-11-26 17:52:53 | INFO | MONITOR_SLEEP | Sleeping for 20s (base=20s, consecutive_errors=0, monitoring_suspended=False)
2025-11-26 17:53:13 | INFO | MONITOR | Paper trades checked (next in 60s)
2025-11-26 17:53:13 | INFO | MONITOR_SLEEP | Sleeping for 20s (base=20s, consecutive_errors=0, monitoring_suspended=False)
2025-11-26 17:53:33 | INFO | MONITOR_SLEEP | Sleeping for 20s (base=20s, consecutive_errors=0, monitoring_suspended=False)
2025-11-26 17:53:53 | INFO | MONITOR_SLEEP | Sleeping for 20s (base=20s, consecutive_errors=0, monitoring_suspended=False)
2025-11-26 17:54:13 | INFO | MONITOR | Paper trades checked (next in 60s)
2025-11-26 17:54:13 | INFO | MONITOR_SLEEP | Sleeping for 20s (base=20s, consecutive_errors=0, monitoring_suspended=False)
2025-11-26 17:54:33 | INFO | MONITOR_SLEEP | Sleeping for 20s (base=20s, consecutive_errors=0, monitoring_suspended=False)
2025-11-26 17:54:53 | INFO | MONITOR_SLEEP | Sleeping for 20s (base=20s, consecutive_errors=0, monitoring_suspended=False)
2025-11-26 17:55:13 | INFO | MONITOR | Paper trades checked (next in 60s)
2025-11-26 17:55:13 | INFO | MONITOR_SLEEP | Sleeping for 20s (base=20s, consecutive_errors=0, monitoring_suspended=False)
2025-11-26 17:55:33 | INFO | MONITOR_SLEEP | Sleeping for 20s (base=20s, consecutive_errors=0, monitoring_suspended=False)
2025-11-26 17:55:53 | INFO | MONITOR_SLEEP | Sleeping for 20s (base=20s, consecutive_errors=0, monitoring_suspended=False)
2025-11-26 17:56:13 | INFO | MONITOR | Paper trades checked (next in 60s)
2025-11-26 17:56:13 | INFO | MONITOR_SLEEP | Sleeping for 20s (base=20s, consecutive_errors=0, monitoring_suspended=False)
2025-11-26 17:56:33 | INFO | MONITOR_SLEEP | Sleeping for 20s (base=20s, consecutive_errors=0, monitoring_suspended=False)
2025-11-26 17:56:53 | INFO | MONITOR_SLEEP | Sleeping for 20s (base=20s, consecutive_errors=0, monitoring_suspended=False)
2025-11-26 17:57:13 | INFO | MONITOR | Paper trades checked (next in 60s)
2025-11-26 17:57:13 | INFO | MONITOR_SLEEP | Sleeping for 20s (base=20s, consecutive_errors=0, monitoring_suspended=False)
2025-11-26 17:57:33 | INFO | MONITOR_SLEEP | Sleeping for 20s (base=20s, consecutive_errors=0, monitoring_suspended=False)
2025-11-26 17:57:53 | INFO | MONITOR_SLEEP | Sleeping for 20s (base=20s, consecutive_errors=0, monitoring_suspended=False)
2025-11-26 17:58:13 | INFO | MONITOR | Paper trades checked (next in 60s)
2025-11-26 17:58:13 | INFO | MONITOR_SLEEP | Sleeping for 20s (base=20s, consecutive_errors=0, monitoring_suspended=False)
2025-11-26 17:58:33 | INFO | MONITOR_SLEEP | Sleeping for 20s (base=20s, consecutive_errors=0, monitoring_suspended=False)
2025-11-26 17:58:53 | INFO | MONITOR_SLEEP | Sleeping for 20s (base=20s, consecutive_errors=0, monitoring_suspended=False)
2025-11-26 17:59:13 | INFO | MONITOR | Paper trades checked (next in 60s)
2025-11-26 17:59:13 | INFO | MONITOR_SLEEP | Sleeping for 20s (base=20s, consecutive_errors=0, monitoring_suspended=False)
2025-11-26 17:59:33 | INFO | MONITOR_SLEEP | Sleeping for 20s (base=20s, consecutive_errors=0, monitoring_suspended=False)
2025-11-26 17:59:53 | INFO | MONITOR_SLEEP | Sleeping for 20s (base=20s, consecutive_errors=0, monitoring_suspended=False)
2025-11-26 18:00:13 | INFO | MONITOR | Paper trades checked (next in 60s)
2025-11-26 18:00:13 | INFO | MONITOR_SLEEP | Sleeping for 20s (base=20s, consecutive_errors=0, monitoring_suspended=False)
2025-11-26 18:00:33 | INFO | MONITOR_SLEEP | Sleeping for 20s (base=20s, consecutive_errors=0, monitoring_suspended=False)
2025-11-26 18:00:53 | INFO | MONITOR_SLEEP | Sleeping for 20s (base=20s, consecutive_errors=0, monitoring_suspended=False)
2025-11-26 18:01:13 | INFO | MONITOR | Paper trades checked (next in 60s)
2025-11-26 18:01:13 | INFO | MONITOR_SLEEP | Sleeping for 20s (base=20s, consecutive_errors=0, monitoring_suspended=False)
2025-11-26 18:01:33 | INFO | MONITOR_SLEEP | Sleeping for 20s (base=20s, consecutive_errors=0, monitoring_suspended=False)
2025-11-26 18:01:53 | INFO | MONITOR_SLEEP | Sleeping for 20s (base=20s, consecutive_errors=0, monitoring_suspended=False)
2025-11-26 18:02:13 | INFO | MONITOR | Paper trades checked (next in 60s)
2025-11-26 18:02:13 | INFO | MONITOR_SLEEP | Sleeping for 20s (base=20s, consecutive_errors=0, monitoring_suspended=False)
2025-11-26 18:02:33 | INFO | MONITOR_SLEEP | Sleeping for 20s (base=20s, consecutive_errors=0, monitoring_suspended=False)
2025-11-26 18:02:53 | INFO | MONITOR_SLEEP | Sleeping for 20s (base=20s, consecutive_errors=0, monitoring_suspended=False)
2025-11-26 18:03:13 | INFO | MONITOR | Paper trades checked (next in 60s)
2025-11-26 18:03:13 | INFO | MONITOR_SLEEP | Sleeping for 20s (base=20s, consecutive_errors=0, monitoring_suspended=False)
2025-11-26 18:03:33 | INFO | MONITOR_SLEEP | Sleeping for 20s (base=20s, consecutive_errors=0, monitoring_suspended=False)
2025-11-26 18:03:53 | INFO | MONITOR_SLEEP | Sleeping for 20s (base=20s, consecutive_errors=0, monitoring_suspended=False)
2025-11-26 18:04:13 | INFO | MONITOR | Paper trades checked (next in 60s)
2025-11-26 18:04:13 | INFO | MONITOR_SLEEP | Sleeping for 20s (base=20s, consecutive_errors=0, monitoring_suspended=False)
2025-11-26 18:04:33 | INFO | MONITOR_SLEEP | Sleeping for 20s (base=20s, consecutive_errors=0, monitoring_suspended=False)
2025-11-26 18:04:53 | INFO | MONITOR_SLEEP | Sleeping for 20s (base=20s, consecutive_errors=0, monitoring_suspended=False)
2025-11-26 18:05:13 | INFO | MONITOR | Paper trades checked (next in 60s)
2025-11-26 18:05:13 | INFO | MONITOR_SLEEP | Sleeping for 20s (base=20s, consecutive_errors=0, monitoring_suspended=False)
2025-11-26 18:05:33 | INFO | MONITOR_SLEEP | Sleeping for 20s (base=20s, consecutive_errors=0, monitoring_suspended=False)
2025-11-26 18:05:53 | INFO | MONITOR_SLEEP | Sleeping for 20s (base=20s, consecutive_errors=0, monitoring_suspended=False)
2025-11-26 18:06:13 | INFO | MONITOR | Paper trades checked (next in 60s)
2025-11-26 18:06:13 | INFO | MONITOR_SLEEP | Sleeping for 20s (base=20s, consecutive_errors=0, monitoring_suspended=False)
2025-11-26 18:06:33 | INFO | MONITOR_SLEEP | Sleeping for 20s (base=20s, consecutive_errors=0, monitoring_suspended=False)
2025-11-26 18:06:53 | INFO | MONITOR_SLEEP | Sleeping for 20s (base=20s, consecutive_errors=0, monitoring_suspended=False)
2025-11-26 18:07:13 | INFO | MONITOR | Paper trades checked (next in 60s)
2025-11-26 18:07:13 | INFO | MONITOR_SLEEP | Sleeping for 20s (base=20s, consecutive_errors=0, monitoring_suspended=False)
2025-11-26 18:07:33 | INFO | MONITOR_SLEEP | Sleeping for 20s (base=20s, consecutive_errors=0, monitoring_suspended=False)
2025-11-26 18:07:53 | INFO | MONITOR_SLEEP | Sleeping for 20s (base=20s, consecutive_errors=0, monitoring_suspended=False)
2025-11-26 18:08:13 | INFO | MONITOR | Paper trades checked (next in 60s)
2025-11-26 18:08:13 | INFO | MONITOR_SLEEP | Sleeping for 20s (base=20s, consecutive_errors=0, monitoring_suspended=False)
2025-11-26 18:08:33 | INFO | MONITOR_SLEEP | Sleeping for 20s (base=20s, consecutive_errors=0, monitoring_suspended=False)
2025-11-26 18:08:53 | INFO | MONITOR_SLEEP | Sleeping for 20s (base=20s, consecutive_errors=0, monitoring_suspended=False)
2025-11-26 18:09:13 | INFO | MONITOR | Paper trades checked (next in 60s)
2025-11-26 18:09:13 | INFO | MONITOR_SLEEP | Sleeping for 20s (base=20s, consecutive_errors=0, monitoring_suspended=False)
2025-11-26 18:09:33 | INFO | MONITOR_SLEEP | Sleeping for 20s (base=20s, consecutive_errors=0, monitoring_suspended=False)
2025-11-26 18:09:53 | INFO | MONITOR_SLEEP | Sleeping for 20s (base=20s, consecutive_errors=0, monitoring_suspended=False)
2025-11-26 18:10:13 | INFO | MONITOR | Paper trades checked (next in 60s)
2025-11-26 18:10:13 | INFO | MONITOR_SLEEP | Sleeping for 20s (base=20s, consecutive_errors=0, monitoring_suspended=False)
2025-11-26 18:10:33 | INFO | MONITOR_SLEEP | Sleeping for 20s (base=20s, consecutive_errors=0, monitoring_suspended=False)
2025-11-26 18:10:53 | INFO | MONITOR_SLEEP | Sleeping for 20s (base=20s, consecutive_errors=0, monitoring_suspended=False)
2025-11-26 18:11:13 | INFO | MONITOR | Paper trades checked (next in 60s)
2025-11-26 18:11:13 | INFO | MONITOR_SLEEP | Sleeping for 20s (base=20s, consecutive_errors=0, monitoring_suspended=False)
2025-11-26 18:11:33 | INFO | MONITOR_SLEEP | Sleeping for 20s (base=20s, consecutive_errors=0, monitoring_suspended=False)
2025-11-26 18:11:53 | INFO | MONITOR_SLEEP | Sleeping for 20s (base=20s, consecutive_errors=0, monitoring_suspended=False)
2025-11-26 18:12:13 | INFO | MONITOR | Paper trades checked (next in 60s)
2025-11-26 18:12:13 | INFO | MONITOR_SLEEP | Sleeping for 20s (base=20s, consecutive_errors=0, monitoring_suspended=False)
2025-11-26 18:12:33 | INFO | MONITOR_SLEEP | Sleeping for 20s (base=20s, consecutive_errors=0, monitoring_suspended=False)
2025-11-26 18:12:53 | INFO | MONITOR_SLEEP | Sleeping for 20s (base=20s, consecutive_errors=0, monitoring_suspended=False)
2025-11-26 18:13:13 | INFO | MONITOR | Paper trades checked (next in 60s)
2025-11-26 18:13:13 | INFO | MONITOR_SLEEP | Sleeping for 20s (base=20s, consecutive_errors=0, monitoring_suspended=False)
2025-11-26 18:13:33 | INFO | MONITOR_SLEEP | Sleeping for 20s (base=20s, consecutive_errors=0, monitoring_suspended=False)
2025-11-26 18:13:53 | INFO | MONITOR_SLEEP | Sleeping for 20s (base=20s, consecutive_errors=0, monitoring_suspended=False)
2025-11-26 18:14:13 | INFO | MONITOR | Paper trades checked (next in 60s)
2025-11-26 18:14:13 | INFO | MONITOR_SLEEP | Sleeping for 20s (base=20s, consecutive_errors=0, monitoring_suspended=False)
2025-11-26 18:14:33 | INFO | MONITOR_SLEEP | Sleeping for 20s (base=20s, consecutive_errors=0, monitoring_suspended=False)
2025-11-26 18:14:53 | INFO | MONITOR_SLEEP | Sleeping for 20s (base=20s, consecutive_errors=0, monitoring_suspended=False)
2025-11-26 18:15:13 | INFO | MONITOR | Paper trades checked (next in 60s)
2025-11-26 18:15:13 | INFO | MONITOR_SLEEP | Sleeping for 20s (base=20s, consecutive_errors=0, monitoring_suspended=False)
2025-11-26 18:15:33 | INFO | MONITOR_SLEEP | Sleeping for 20s (base=20s, consecutive_errors=0, monitoring_suspended=False)
2025-11-26 18:15:53 | INFO | MONITOR_SLEEP | Sleeping for 20s (base=20s, consecutive_errors=0, monitoring_suspended=False)
2025-11-26 18:16:13 | INFO | MONITOR | Paper trades checked (next in 60s)
2025-11-26 18:16:13 | INFO | MONITOR_SLEEP | Sleeping for 20s (base=20s, consecutive_errors=0, monitoring_suspended=False)
2025-11-26 18:16:33 | INFO | MONITOR_SLEEP | Sleeping for 20s (base=20s, consecutive_errors=0, monitoring_suspended=False)
2025-11-26 18:16:53 | INFO | MONITOR_SLEEP | Sleeping for 20s (base=20s, consecutive_errors=0, monitoring_suspended=False)
2025-11-26 18:17:13 | INFO | MONITOR | Paper trades checked (next in 60s)
2025-11-26 18:17:13 | INFO | MONITOR_SLEEP | Sleeping for 20s (base=20s, consecutive_errors=0, monitoring_suspended=False)
2025-11-26 18:17:33 | INFO | MONITOR_SLEEP | Sleeping for 20s (base=20s, consecutive_errors=0, monitoring_suspended=False)
2025-11-26 18:17:53 | INFO | MONITOR_SLEEP | Sleeping for 20s (base=20s, consecutive_errors=0, monitoring_suspended=False)
2025-11-26 18:18:13 | INFO | MONITOR | Paper trades checked (next in 60s)
2025-11-26 18:18:13 | INFO | MONITOR_SLEEP | Sleeping for 20s (base=20s, consecutive_errors=0, monitoring_suspended=False)
2025-11-26 18:18:33 | INFO | MONITOR_SLEEP | Sleeping for 20s (base=20s, consecutive_errors=0, monitoring_suspended=False)
2025-11-26 18:18:53 | INFO | MONITOR_SLEEP | Sleeping for 20s (base=20s, consecutive_errors=0, monitoring_suspended=False)
2025-11-26 18:19:13 | INFO | MONITOR | Paper trades checked (next in 60s)
2025-11-26 18:19:13 | INFO | MONITOR_SLEEP | Sleeping for 20s (base=20s, consecutive_errors=0, monitoring_suspended=False)
2025-11-26 18:19:33 | INFO | MONITOR_SLEEP | Sleeping for 20s (base=20s, consecutive_errors=0, monitoring_suspended=False)
2025-11-26 18:19:53 | INFO | MONITOR_SLEEP | Sleeping for 20s (base=20s, consecutive_errors=0, monitoring_suspended=False)
2025-11-26 18:20:13 | INFO | MONITOR | Paper trades checked (next in 60s)
2025-11-26 18:20:13 | INFO | MONITOR_SLEEP | Sleeping for 20s (base=20s, consecutive_errors=0, monitoring_suspended=False)
2025-11-26 18:20:33 | INFO | MONITOR_SLEEP | Sleeping for 20s (base=20s, consecutive_errors=0, monitoring_suspended=False)
2025-11-26 18:20:53 | INFO | MONITOR_SLEEP | Sleeping for 20s (base=20s, consecutive_errors=0, monitoring_suspended=False)
2025-11-26 18:21:13 | INFO | MONITOR | Paper trades checked (next in 60s)
2025-11-26 18:21:13 | INFO | MONITOR_SLEEP | Sleeping for 20s (base=20s, consecutive_errors=0, monitoring_suspended=False)
2025-11-26 18:21:33 | INFO | MONITOR_SLEEP | Sleeping for 20s (base=20s, consecutive_errors=0, monitoring_suspended=False)
2025-11-26 18:21:53 | INFO | MONITOR_SLEEP | Sleeping for 20s (base=20s, consecutive_errors=0, monitoring_suspended=False)
2025-11-26 18:22:13 | INFO | MONITOR | Paper trades checked (next in 60s)
2025-11-26 18:22:13 | INFO | MONITOR_SLEEP | Sleeping for 20s (base=20s, consecutive_errors=0, monitoring_suspended=False)
2025-11-26 18:22:33 | INFO | MONITOR_SLEEP | Sleeping for 20s (base=20s, consecutive_errors=0, monitoring_suspended=False)
2025-11-26 18:22:53 | INFO | MONITOR_SLEEP | Sleeping for 20s (base=20s, consecutive_errors=0, monitoring_suspended=False)
2025-11-26 18:23:13 | INFO | MONITOR | Paper trades checked (next in 60s)
2025-11-26 18:23:13 | INFO | MONITOR_SLEEP | Sleeping for 20s (base=20s, consecutive_errors=0, monitoring_suspended=False)
2025-11-26 18:23:33 | INFO | MONITOR_SLEEP | Sleeping for 20s (base=20s, consecutive_errors=0, monitoring_suspended=False)
2025-11-26 18:23:53 | INFO | MONITOR_SLEEP | Sleeping for 20s (base=20s, consecutive_errors=0, monitoring_suspended=False)
2025-11-26 18:24:13 | INFO | MONITOR | Paper trades checked (next in 60s)
2025-11-26 18:24:13 | INFO | MONITOR_SLEEP | Sleeping for 20s (base=20s, consecutive_errors=0, monitoring_suspended=False)
2025-11-26 18:24:33 | INFO | MONITOR_SLEEP | Sleeping for 20s (base=20s, consecutive_errors=0, monitoring_suspended=False)
2025-11-26 18:24:53 | INFO | MONITOR_SLEEP | Sleeping for 20s (base=20s, consecutive_errors=0, monitoring_suspended=False)
2025-11-26 18:25:13 | INFO | MONITOR | Paper trades checked (next in 60s)
2025-11-26 18:25:13 | INFO | MONITOR_SLEEP | Sleeping for 20s (base=20s, consecutive_errors=0, monitoring_suspended=False)
2025-11-26 18:25:33 | INFO | MONITOR_SLEEP | Sleeping for 20s (base=20s, consecutive_errors=0, monitoring_suspended=False)
2025-11-26 18:25:53 | INFO | MONITOR_SLEEP | Sleeping for 20s (base=20s, consecutive_errors=0, monitoring_suspended=False)
2025-11-26 18:26:13 | INFO | MONITOR | Paper trades checked (next in 60s)
2025-11-26 18:26:13 | INFO | MONITOR_SLEEP | Sleeping for 20s (base=20s, consecutive_errors=0, monitoring_suspended=False)
2025-11-26 18:26:33 | INFO | MONITOR_SLEEP | Sleeping for 20s (base=20s, consecutive_errors=0, monitoring_suspended=False)
2025-11-26 18:26:53 | INFO | MONITOR_SLEEP | Sleeping for 20s (base=20s, consecutive_errors=0, monitoring_suspended=False)
2025-11-26 18:27:13 | INFO | MONITOR | Paper trades checked (next in 60s)
2025-11-26 18:27:13 | INFO | MONITOR_SLEEP | Sleeping for 20s (base=20s, consecutive_errors=0, monitoring_suspended=False)
2025-11-26 18:27:33 | INFO | MONITOR_SLEEP | Sleeping for 20s (base=20s, consecutive_errors=0, monitoring_suspended=False)
2025-11-26 18:27:53 | INFO | MONITOR_SLEEP | Sleeping for 20s (base=20s, consecutive_errors=0, monitoring_suspended=False)
2025-11-26 18:28:13 | INFO | MONITOR | Paper trades checked (next in 60s)
2025-11-26 18:28:13 | INFO | MONITOR_SLEEP | Sleeping for 20s (base=20s, consecutive_errors=0, monitoring_suspended=False)
2025-11-26 18:28:33 | INFO | MONITOR_SLEEP | Sleeping for 20s (base=20s, consecutive_errors=0, monitoring_suspended=False)
2025-11-26 18:28:53 | INFO | MONITOR_SLEEP | Sleeping for 20s (base=20s, consecutive_errors=0, monitoring_suspended=False)
2025-11-26 18:29:13 | INFO | MONITOR | Paper trades checked (next in 60s)
2025-11-26 18:29:13 | INFO | MONITOR_SLEEP | Sleeping for 20s (base=20s, consecutive_errors=0, monitoring_suspended=False)
2025-11-26 18:29:33 | INFO | MONITOR_SLEEP | Sleeping for 20s (base=20s, consecutive_errors=0, monitoring_suspended=False)
2025-11-26 18:29:53 | INFO | MONITOR_SLEEP | Sleeping for 20s (base=20s, consecutive_errors=0, monitoring_suspended=False)
2025-11-26 18:30:13 | INFO | MONITOR | Paper trades checked (next in 60s)
2025-11-26 18:30:13 | INFO | MONITOR_SLEEP | Sleeping for 20s (base=20s, consecutive_errors=0, monitoring_suspended=False)
2025-11-26 18:30:33 | INFO | MONITOR_SLEEP | Sleeping for 20s (base=20s, consecutive_errors=0, monitoring_suspended=False)
2025-11-26 18:30:53 | INFO | MONITOR_SLEEP | Sleeping for 20s (base=20s, consecutive_errors=0, monitoring_suspended=False)
2025-11-26 18:31:13 | INFO | MONITOR | Paper trades checked (next in 60s)
2025-11-26 18:31:13 | INFO | MONITOR_SLEEP | Sleeping for 20s (base=20s, consecutive_errors=0, monitoring_suspended=False)
2025-11-26 18:31:33 | INFO | MONITOR_SLEEP | Sleeping for 20s (base=20s, consecutive_errors=0, monitoring_suspended=False)
2025-11-26 18:31:53 | INFO | MONITOR_SLEEP | Sleeping for 20s (base=20s, consecutive_errors=0, monitoring_suspended=False)
2025-11-26 18:32:13 | INFO | MONITOR | Paper trades checked (next in 60s)
2025-11-26 18:32:13 | INFO | MONITOR_SLEEP | Sleeping for 20s (base=20s, consecutive_errors=0, monitoring_suspended=False)
2025-11-26 18:32:33 | INFO | MONITOR_SLEEP | Sleeping for 20s (base=20s, consecutive_errors=0, monitoring_suspended=False)
2025-11-26 18:32:53 | INFO | MONITOR_SLEEP | Sleeping for 20s (base=20s, consecutive_errors=0, monitoring_suspended=False)
2025-11-26 18:33:13 | INFO | MONITOR | Paper trades checked (next in 60s)
2025-11-26 18:33:13 | INFO | MONITOR_SLEEP | Sleeping for 20s (base=20s, consecutive_errors=0, monitoring_suspended=False)
2025-11-26 18:33:33 | INFO | MONITOR_SLEEP | Sleeping for 20s (base=20s, consecutive_errors=0, monitoring_suspended=False)
2025-11-26 18:33:53 | INFO | MONITOR_SLEEP | Sleeping for 20s (base=20s, consecutive_errors=0, monitoring_suspended=False)
2025-11-26 18:34:13 | INFO | MONITOR | Paper trades checked (next in 60s)
2025-11-26 18:34:13 | INFO | MONITOR_SLEEP | Sleeping for 20s (base=20s, consecutive_errors=0, monitoring_suspended=False)
2025-11-26 18:34:33 | INFO | MONITOR_SLEEP | Sleeping for 20s (base=20s, consecutive_errors=0, monitoring_suspended=False)
2025-11-26 18:34:53 | INFO | MONITOR_SLEEP | Sleeping for 20s (base=20s, consecutive_errors=0, monitoring_suspended=False)
2025-11-26 18:35:13 | INFO | MONITOR | Paper trades checked (next in 60s)
2025-11-26 18:35:13 | INFO | MONITOR_SLEEP | Sleeping for 20s (base=20s, consecutive_errors=0, monitoring_suspended=False)
2025-11-26 18:35:33 | INFO | MONITOR_SLEEP | Sleeping for 20s (base=20s, consecutive_errors=0, monitoring_suspended=False)
2025-11-26 18:35:53 | INFO | MONITOR_SLEEP | Sleeping for 20s (base=20s, consecutive_errors=0, monitoring_suspended=False)
2025-11-26 18:36:13 | INFO | MONITOR | Paper trades checked (next in 60s)
2025-11-26 18:36:13 | INFO | MONITOR_SLEEP | Sleeping for 20s (base=20s, consecutive_errors=0, monitoring_suspended=False)
2025-11-26 18:36:33 | INFO | MONITOR_SLEEP | Sleeping for 20s (base=20s, consecutive_errors=0, monitoring_suspended=False)
2025-11-26 18:36:53 | INFO | MONITOR_SLEEP | Sleeping for 20s (base=20s, consecutive_errors=0, monitoring_suspended=False)
2025-11-26 18:37:13 | INFO | MONITOR | Paper trades checked (next in 60s)
2025-11-26 18:37:13 | INFO | MONITOR_SLEEP | Sleeping for 20s (base=20s, consecutive_errors=0, monitoring_suspended=False)
2025-11-26 18:37:33 | INFO | MONITOR_SLEEP | Sleeping for 20s (base=20s, consecutive_errors=0, monitoring_suspended=False)
2025-11-26 18:37:53 | INFO | MONITOR_SLEEP | Sleeping for 20s (base=20s, consecutive_errors=0, monitoring_suspended=False)
2025-11-26 18:38:13 | INFO | MONITOR | Paper trades checked (next in 60s)
2025-11-26 18:38:13 | INFO | MONITOR_SLEEP | Sleeping for 20s (base=20s, consecutive_errors=0, monitoring_suspended=False)
2025-11-26 18:38:33 | INFO | MONITOR_SLEEP | Sleeping for 20s (base=20s, consecutive_errors=0, monitoring_suspended=False)
2025-11-26 18:38:53 | INFO | MONITOR_SLEEP | Sleeping for 20s (base=20s, consecutive_errors=0, monitoring_suspended=False)
2025-11-26 18:39:13 | INFO | MONITOR | Paper trades checked (next in 60s)
2025-11-26 18:39:13 | INFO | MONITOR_SLEEP | Sleeping for 20s (base=20s, consecutive_errors=0, monitoring_suspended=False)
2025-11-26 18:39:33 | INFO | MONITOR_SLEEP | Sleeping for 20s (base=20s, consecutive_errors=0, monitoring_suspended=False)
2025-11-26 18:39:53 | INFO | MONITOR_SLEEP | Sleeping for 20s (base=20s, consecutive_errors=0, monitoring_suspended=False)
2025-11-26 18:40:13 | INFO | MONITOR | Paper trades checked (next in 60s)
2025-11-26 18:40:13 | INFO | MONITOR_SLEEP | Sleeping for 20s (base=20s, consecutive_errors=0, monitoring_suspended=False)
2025-11-26 18:40:33 | INFO | MONITOR_SLEEP | Sleeping for 20s (base=20s, consecutive_errors=0, monitoring_suspended=False)
2025-11-26 18:40:53 | INFO | MONITOR_SLEEP | Sleeping for 20s (base=20s, consecutive_errors=0, monitoring_suspended=False)
2025-11-26 18:41:13 | INFO | MONITOR | Paper trades checked (next in 60s)
2025-11-26 18:41:13 | INFO | MONITOR_SLEEP | Sleeping for 20s (base=20s, consecutive_errors=0, monitoring_suspended=False)
2025-11-26 18:41:33 | INFO | MONITOR_SLEEP | Sleeping for 20s (base=20s, consecutive_errors=0, monitoring_suspended=False)
2025-11-26 18:41:53 | INFO | MONITOR_SLEEP | Sleeping for 20s (base=20s, consecutive_errors=0, monitoring_suspended=False)
2025-11-26 18:42:13 | INFO | MONITOR | Paper trades checked (next in 60s)
2025-11-26 18:42:13 | INFO | MONITOR_SLEEP | Sleeping for 20s (base=20s, consecutive_errors=0, monitoring_suspended=False)
2025-11-26 18:42:33 | INFO | MONITOR_SLEEP | Sleeping for 20s (base=20s, consecutive_errors=0, monitoring_suspended=False)
2025-11-26 18:42:53 | INFO | MONITOR_SLEEP | Sleeping for 20s (base=20s, consecutive_errors=0, monitoring_suspended=False)
2025-11-26 18:43:13 | INFO | MONITOR | Paper trades checked (next in 60s)
2025-11-26 18:43:13 | INFO | MONITOR_SLEEP | Sleeping for 20s (base=20s, consecutive_errors=0, monitoring_suspended=False)
2025-11-26 18:43:33 | INFO | MONITOR_SLEEP | Sleeping for 20s (base=20s, consecutive_errors=0, monitoring_suspended=False)
2025-11-26 18:43:53 | INFO | MONITOR_SLEEP | Sleeping for 20s (base=20s, consecutive_errors=0, monitoring_suspended=False)
2025-11-26 18:44:13 | INFO | MONITOR | Paper trades checked (next in 60s)
2025-11-26 18:44:13 | INFO | MONITOR_SLEEP | Sleeping for 20s (base=20s, consecutive_errors=0, monitoring_suspended=False)
2025-11-26 18:44:33 | INFO | MONITOR_SLEEP | Sleeping for 20s (base=20s, consecutive_errors=0, monitoring_suspended=False)
2025-11-26 18:44:53 | INFO | MONITOR_SLEEP | Sleeping for 20s (base=20s, consecutive_errors=0, monitoring_suspended=False)
2025-11-26 18:45:13 | INFO | MONITOR | Paper trades checked (next in 60s)
2025-11-26 18:45:13 | INFO | MONITOR_SLEEP | Sleeping for 20s (base=20s, consecutive_errors=0, monitoring_suspended=False)
2025-11-26 18:45:33 | INFO | MONITOR_SLEEP | Sleeping for 20s (base=20s, consecutive_errors=0, monitoring_suspended=False)
2025-11-26 18:45:53 | INFO | MONITOR_SLEEP | Sleeping for 20s (base=20s, consecutive_errors=0, monitoring_suspended=False)
2025-11-26 18:46:13 | INFO | MONITOR | Paper trades checked (next in 60s)
2025-11-26 18:46:13 | INFO | MONITOR_SLEEP | Sleeping for 20s (base=20s, consecutive_errors=0, monitoring_suspended=False)
2025-11-26 18:46:33 | INFO | MONITOR_SLEEP | Sleeping for 20s (base=20s, consecutive_errors=0, monitoring_suspended=False)
2025-11-26 18:46:53 | INFO | MONITOR_SLEEP | Sleeping for 20s (base=20s, consecutive_errors=0, monitoring_suspended=False)
2025-11-26 18:47:13 | INFO | MONITOR | Paper trades checked (next in 60s)
2025-11-26 18:47:13 | INFO | MONITOR_SLEEP | Sleeping for 20s (base=20s, consecutive_errors=0, monitoring_suspended=False)
2025-11-26 18:47:33 | INFO | MONITOR_SLEEP | Sleeping for 20s (base=20s, consecutive_errors=0, monitoring_suspended=False)
2025-11-26 18:47:53 | INFO | MONITOR_SLEEP | Sleeping for 20s (base=20s, consecutive_errors=0, monitoring_suspended=False)
2025-11-26 18:48:13 | INFO | MONITOR | Paper trades checked (next in 60s)
2025-11-26 18:48:13 | INFO | MONITOR_SLEEP | Sleeping for 20s (base=20s, consecutive_errors=0, monitoring_suspended=False)
2025-11-26 18:48:33 | INFO | MONITOR_SLEEP | Sleeping for 20s (base=20s, consecutive_errors=0, monitoring_suspended=False)
2025-11-26 18:48:53 | INFO | MONITOR_SLEEP | Sleeping for 20s (base=20s, consecutive_errors=0, monitoring_suspended=False)
2025-11-26 18:49:13 | INFO | MONITOR | Paper trades checked (next in 60s)
2025-11-26 18:49:13 | INFO | MONITOR_SLEEP | Sleeping for 20s (base=20s, consecutive_errors=0, monitoring_suspended=False)
2025-11-26 18:49:33 | INFO | MONITOR_SLEEP | Sleeping for 20s (base=20s, consecutive_errors=0, monitoring_suspended=False)
2025-11-26 18:49:53 | INFO | MONITOR_SLEEP | Sleeping for 20s (base=20s, consecutive_errors=0, monitoring_suspended=False)
2025-11-26 18:50:13 | INFO | MONITOR | Paper trades checked (next in 60s)
2025-11-26 18:50:13 | INFO | MONITOR_SLEEP | Sleeping for 20s (base=20s, consecutive_errors=0, monitoring_suspended=False)
2025-11-26 18:50:33 | INFO | MONITOR_SLEEP | Sleeping for 20s (base=20s, consecutive_errors=0, monitoring_suspended=False)
2025-11-26 18:50:53 | INFO | MONITOR_SLEEP | Sleeping for 20s (base=20s, consecutive_errors=0, monitoring_suspended=False)
2025-11-26 18:51:13 | INFO | MONITOR | Paper trades checked (next in 60s)
2025-11-26 18:51:13 | INFO | MONITOR_SLEEP | Sleeping for 20s (base=20s, consecutive_errors=0, monitoring_suspended=False)
2025-11-26 18:51:33 | INFO | MONITOR_SLEEP | Sleeping for 20s (base=20s, consecutive_errors=0, monitoring_suspended=False)
2025-11-26 18:51:53 | INFO | MONITOR_SLEEP | Sleeping for 20s (base=20s, consecutive_errors=0, monitoring_suspended=False)
2025-11-26 18:52:13 | INFO | MONITOR | Paper trades checked (next in 60s)
2025-11-26 18:52:13 | INFO | MONITOR_SLEEP | Sleeping for 20s (base=20s, consecutive_errors=0, monitoring_suspended=False)
2025-11-26 18:52:33 | INFO | MONITOR_SLEEP | Sleeping for 20s (base=20s, consecutive_errors=0, monitoring_suspended=False)
2025-11-26 18:52:53 | INFO | MONITOR_SLEEP | Sleeping for 20s (base=20s, consecutive_errors=0, monitoring_suspended=False)
2025-11-26 18:53:13 | INFO | MONITOR | Paper trades checked (next in 60s)
2025-11-26 18:53:13 | INFO | MONITOR_SLEEP | Sleeping for 20s (base=20s, consecutive_errors=0, monitoring_suspended=False)
2025-11-26 18:53:33 | INFO | MONITOR_SLEEP | Sleeping for 20s (base=20s, consecutive_errors=0, monitoring_suspended=False)
2025-11-26 18:53:53 | INFO | MONITOR_SLEEP | Sleeping for 20s (base=20s, consecutive_errors=0, monitoring_suspended=False)
2025-11-26 18:54:13 | INFO | MONITOR | Paper trades checked (next in 60s)
2025-11-26 18:54:13 | INFO | MONITOR_SLEEP | Sleeping for 20s (base=20s, consecutive_errors=0, monitoring_suspended=False)
2025-11-26 18:54:33 | INFO | MONITOR_SLEEP | Sleeping for 20s (base=20s, consecutive_errors=0, monitoring_suspended=False)
2025-11-26 18:54:53 | INFO | MONITOR_SLEEP | Sleeping for 20s (base=20s, consecutive_errors=0, monitoring_suspended=False)
2025-11-26 18:55:13 | INFO | MONITOR | Paper trades checked (next in 60s)
2025-11-26 18:55:13 | INFO | MONITOR_SLEEP | Sleeping for 20s (base=20s, consecutive_errors=0, monitoring_suspended=False)
2025-11-26 18:55:33 | INFO | MONITOR_SLEEP | Sleeping for 20s (base=20s, consecutive_errors=0, monitoring_suspended=False)
2025-11-26 18:55:53 | INFO | MONITOR_SLEEP | Sleeping for 20s (base=20s, consecutive_errors=0, monitoring_suspended=False)
2025-11-26 18:56:13 | INFO | MONITOR | Paper trades checked (next in 60s)
2025-11-26 18:56:13 | INFO | MONITOR_SLEEP | Sleeping for 20s (base=20s, consecutive_errors=0, monitoring_suspended=False)
2025-11-26 18:56:33 | INFO | MONITOR_SLEEP | Sleeping for 20s (base=20s, consecutive_errors=0, monitoring_suspended=False)
2025-11-26 18:56:53 | INFO | MONITOR_SLEEP | Sleeping for 20s (base=20s, consecutive_errors=0, monitoring_suspended=False)
2025-11-26 18:57:13 | INFO | MONITOR | Paper trades checked (next in 60s)
2025-11-26 18:57:13 | INFO | MONITOR_SLEEP | Sleeping for 20s (base=20s, consecutive_errors=0, monitoring_suspended=False)
2025-11-26 18:57:33 | INFO | MONITOR_SLEEP | Sleeping for 20s (base=20s, consecutive_errors=0, monitoring_suspended=False)
2025-11-26 18:57:53 | INFO | MONITOR_SLEEP | Sleeping for 20s (base=20s, consecutive_errors=0, monitoring_suspended=False)
2025-11-26 18:58:13 | INFO | MONITOR | Paper trades checked (next in 60s)
2025-11-26 18:58:13 | INFO | MONITOR_SLEEP | Sleeping for 20s (base=20s, consecutive_errors=0, monitoring_suspended=False)
2025-11-26 18:58:33 | INFO | MONITOR_SLEEP | Sleeping for 20s (base=20s, consecutive_errors=0, monitoring_suspended=False)
2025-11-26 18:58:53 | INFO | MONITOR_SLEEP | Sleeping for 20s (base=20s, consecutive_errors=0, monitoring_suspended=False)
2025-11-26 18:59:13 | INFO | MONITOR | Paper trades checked (next in 60s)
2025-11-26 18:59:13 | INFO | MONITOR_SLEEP | Sleeping for 20s (base=20s, consecutive_errors=0, monitoring_suspended=False)
2025-11-26 18:59:33 | INFO | MONITOR_SLEEP | Sleeping for 20s (base=20s, consecutive_errors=0, monitoring_suspended=False)
2025-11-26 18:59:53 | INFO | MONITOR_SLEEP | Sleeping for 20s (base=20s, consecutive_errors=0, monitoring_suspended=False)
2025-11-26 19:00:13 | INFO | MONITOR | Paper trades checked (next in 60s)
2025-11-26 19:00:13 | INFO | MONITOR_SLEEP | Sleeping for 20s (base=20s, consecutive_errors=0, monitoring_suspended=False)
2025-11-26 19:00:33 | INFO | MONITOR_SLEEP | Sleeping for 20s (base=20s, consecutive_errors=0, monitoring_suspended=False)
2025-11-26 19:00:53 | INFO | MONITOR_SLEEP | Sleeping for 20s (base=20s, consecutive_errors=0, monitoring_suspended=False)
2025-11-26 19:01:13 | INFO | MONITOR | Paper trades checked (next in 60s)
2025-11-26 19:01:13 | INFO | MONITOR_SLEEP | Sleeping for 20s (base=20s, consecutive_errors=0, monitoring_suspended=False)
2025-11-26 19:01:33 | INFO | MONITOR_SLEEP | Sleeping for 20s (base=20s, consecutive_errors=0, monitoring_suspended=False)
2025-11-26 19:01:53 | INFO | MONITOR_SLEEP | Sleeping for 20s (base=20s, consecutive_errors=0, monitoring_suspended=False)
2025-11-26 19:02:13 | INFO | MONITOR | Paper trades checked (next in 60s)
2025-11-26 19:02:13 | INFO | MONITOR_SLEEP | Sleeping for 20s (base=20s, consecutive_errors=0, monitoring_suspended=False)
2025-11-26 19:02:33 | INFO | MONITOR_SLEEP | Sleeping for 20s (base=20s, consecutive_errors=0, monitoring_suspended=False)
2025-11-26 19:02:53 | INFO | MONITOR_SLEEP | Sleeping for 20s (base=20s, consecutive_errors=0, monitoring_suspended=False)
2025-11-26 19:03:13 | INFO | MONITOR | Paper trades checked (next in 60s)
2025-11-26 19:03:13 | INFO | MONITOR_SLEEP | Sleeping for 20s (base=20s, consecutive_errors=0, monitoring_suspended=False)
2025-11-26 19:03:33 | INFO | MONITOR_SLEEP | Sleeping for 20s (base=20s, consecutive_errors=0, monitoring_suspended=False)
2025-11-26 19:03:53 | INFO | MONITOR_SLEEP | Sleeping for 20s (base=20s, consecutive_errors=0, monitoring_suspended=False)
2025-11-26 19:04:13 | INFO | MONITOR | Paper trades checked (next in 60s)
2025-11-26 19:04:13 | INFO | MONITOR_SLEEP | Sleeping for 20s (base=20s, consecutive_errors=0, monitoring_suspended=False)
2025-11-26 19:04:33 | INFO | MONITOR_SLEEP | Sleeping for 20s (base=20s, consecutive_errors=0, monitoring_suspended=False)
2025-11-26 19:04:53 | INFO | MONITOR_SLEEP | Sleeping for 20s (base=20s, consecutive_errors=0, monitoring_suspended=False)
2025-11-26 19:05:13 | INFO | MONITOR | Paper trades checked (next in 60s)
2025-11-26 19:05:13 | INFO | MONITOR_SLEEP | Sleeping for 20s (base=20s, consecutive_errors=0, monitoring_suspended=False)
2025-11-26 19:05:33 | INFO | MONITOR_SLEEP | Sleeping for 20s (base=20s, consecutive_errors=0, monitoring_suspended=False)
2025-11-26 19:05:53 | INFO | MONITOR_SLEEP | Sleeping for 20s (base=20s, consecutive_errors=0, monitoring_suspended=False)
2025-11-26 19:06:13 | INFO | MONITOR | Paper trades checked (next in 60s)
2025-11-26 19:06:13 | INFO | MONITOR_SLEEP | Sleeping for 20s (base=20s, consecutive_errors=0, monitoring_suspended=False)
2025-11-26 19:06:33 | INFO | MONITOR_SLEEP | Sleeping for 20s (base=20s, consecutive_errors=0, monitoring_suspended=False)
2025-11-26 19:06:53 | INFO | MONITOR_SLEEP | Sleeping for 20s (base=20s, consecutive_errors=0, monitoring_suspended=False)
2025-11-26 19:07:13 | INFO | MONITOR | Paper trades checked (next in 60s)
2025-11-26 19:07:13 | INFO | MONITOR_SLEEP | Sleeping for 20s (base=20s, consecutive_errors=0, monitoring_suspended=False)
2025-11-26 19:07:33 | INFO | MONITOR_SLEEP | Sleeping for 20s (base=20s, consecutive_errors=0, monitoring_suspended=False)
2025-11-26 19:07:53 | INFO | MONITOR_SLEEP | Sleeping for 20s (base=20s, consecutive_errors=0, monitoring_suspended=False)
2025-11-26 19:08:13 | INFO | MONITOR | Paper trades checked (next in 60s)
2025-11-26 19:08:13 | INFO | MONITOR_SLEEP | Sleeping for 20s (base=20s, consecutive_errors=0, monitoring_suspended=False)
2025-11-26 19:08:33 | INFO | MONITOR_SLEEP | Sleeping for 20s (base=20s, consecutive_errors=0, monitoring_suspended=False)
2025-11-26 19:08:53 | INFO | MONITOR_SLEEP | Sleeping for 20s (base=20s, consecutive_errors=0, monitoring_suspended=False)
2025-11-26 19:09:13 | INFO | MONITOR | Paper trades checked (next in 60s)
2025-11-26 19:09:13 | INFO | MONITOR_SLEEP | Sleeping for 20s (base=20s, consecutive_errors=0, monitoring_suspended=False)
2025-11-26 19:09:33 | INFO | MONITOR_SLEEP | Sleeping for 20s (base=20s, consecutive_errors=0, monitoring_suspended=False)
2025-11-26 19:09:53 | INFO | MONITOR_SLEEP | Sleeping for 20s (base=20s, consecutive_errors=0, monitoring_suspended=False)
2025-11-26 19:10:13 | INFO | MONITOR | Paper trades checked (next in 60s)
2025-11-26 19:10:13 | INFO | MONITOR_SLEEP | Sleeping for 20s (base=20s, consecutive_errors=0, monitoring_suspended=False)
2025-11-26 19:10:33 | INFO | MONITOR_SLEEP | Sleeping for 20s (base=20s, consecutive_errors=0, monitoring_suspended=False)
2025-11-26 19:10:53 | INFO | MONITOR_SLEEP | Sleeping for 20s (base=20s, consecutive_errors=0, monitoring_suspended=False)
2025-11-26 19:11:13 | INFO | MONITOR | Paper trades checked (next in 60s)
2025-11-26 19:11:13 | INFO | MONITOR_SLEEP | Sleeping for 20s (base=20s, consecutive_errors=0, monitoring_suspended=False)
2025-11-26 19:11:33 | INFO | MONITOR_SLEEP | Sleeping for 20s (base=20s, consecutive_errors=0, monitoring_suspended=False)
2025-11-26 19:11:53 | INFO | MONITOR_SLEEP | Sleeping for 20s (base=20s, consecutive_errors=0, monitoring_suspended=False)
2025-11-26 19:12:13 | INFO | MONITOR | Paper trades checked (next in 60s)
2025-11-26 19:12:13 | INFO | MONITOR_SLEEP | Sleeping for 20s (base=20s, consecutive_errors=0, monitoring_suspended=False)
2025-11-26 19:12:33 | INFO | MONITOR_SLEEP | Sleeping for 20s (base=20s, consecutive_errors=0, monitoring_suspended=False)
2025-11-26 19:12:53 | INFO | MONITOR_SLEEP | Sleeping for 20s (base=20s, consecutive_errors=0, monitoring_suspended=False)
2025-11-26 19:13:13 | INFO | MONITOR | Paper trades checked (next in 60s)
2025-11-26 19:13:13 | INFO | MONITOR_SLEEP | Sleeping for 20s (base=20s, consecutive_errors=0, monitoring_suspended=False)
2025-11-26 19:13:33 | INFO | MONITOR_SLEEP | Sleeping for 20s (base=20s, consecutive_errors=0, monitoring_suspended=False)
2025-11-26 19:13:53 | INFO | MONITOR_SLEEP | Sleeping for 20s (base=20s, consecutive_errors=0, monitoring_suspended=False)
2025-11-26 19:14:13 | INFO | MONITOR | Paper trades checked (next in 60s)
2025-11-26 19:14:13 | INFO | MONITOR_SLEEP | Sleeping for 20s (base=20s, consecutive_errors=0, monitoring_suspended=False)
2025-11-26 19:14:33 | INFO | MONITOR_SLEEP | Sleeping for 20s (base=20s, consecutive_errors=0, monitoring_suspended=False)
2025-11-26 19:14:53 | INFO | MONITOR_SLEEP | Sleeping for 20s (base=20s, consecutive_errors=0, monitoring_suspended=False)
2025-11-26 19:15:13 | INFO | MONITOR | Paper trades checked (next in 60s)
2025-11-26 19:15:13 | INFO | MONITOR_SLEEP | Sleeping for 20s (base=20s, consecutive_errors=0, monitoring_suspended=False)
2025-11-26 19:15:33 | INFO | MONITOR_SLEEP | Sleeping for 20s (base=20s, consecutive_errors=0, monitoring_suspended=False)
2025-11-26 19:15:53 | INFO | MONITOR_SLEEP | Sleeping for 20s (base=20s, consecutive_errors=0, monitoring_suspended=False)
2025-11-26 19:16:13 | INFO | MONITOR | Paper trades checked (next in 60s)
2025-11-26 19:16:13 | INFO | MONITOR_SLEEP | Sleeping for 20s (base=20s, consecutive_errors=0, monitoring_suspended=False)
2025-11-26 19:16:33 | INFO | MONITOR_SLEEP | Sleeping for 20s (base=20s, consecutive_errors=0, monitoring_suspended=False)
2025-11-26 19:16:53 | INFO | MONITOR_SLEEP | Sleeping for 20s (base=20s, consecutive_errors=0, monitoring_suspended=False)
2025-11-26 19:17:13 | INFO | MONITOR | Paper trades checked (next in 60s)
2025-11-26 19:17:13 | INFO | MONITOR_SLEEP | Sleeping for 20s (base=20s, consecutive_errors=0, monitoring_suspended=False)
2025-11-26 19:17:33 | INFO | MONITOR_SLEEP | Sleeping for 20s (base=20s, consecutive_errors=0, monitoring_suspended=False)
2025-11-26 19:17:53 | INFO | MONITOR_SLEEP | Sleeping for 20s (base=20s, consecutive_errors=0, monitoring_suspended=False)
2025-11-26 19:18:13 | INFO | MONITOR | Paper trades checked (next in 60s)
2025-11-26 19:18:13 | INFO | MONITOR_SLEEP | Sleeping for 20s (base=20s, consecutive_errors=0, monitoring_suspended=False)
2025-11-26 19:18:33 | INFO | MONITOR_SLEEP | Sleeping for 20s (base=20s, consecutive_errors=0, monitoring_suspended=False)
2025-11-26 19:18:53 | INFO | MONITOR_SLEEP | Sleeping for 20s (base=20s, consecutive_errors=0, monitoring_suspended=False)
2025-11-26 19:19:13 | INFO | MONITOR | Paper trades checked (next in 60s)
2025-11-26 19:19:13 | INFO | MONITOR_SLEEP | Sleeping for 20s (base=20s, consecutive_errors=0, monitoring_suspended=False)
2025-11-26 19:19:33 | INFO | MONITOR_SLEEP | Sleeping for 20s (base=20s, consecutive_errors=0, monitoring_suspended=False)
2025-11-26 19:19:53 | INFO | MONITOR_SLEEP | Sleeping for 20s (base=20s, consecutive_errors=0, monitoring_suspended=False)
2025-11-26 19:20:13 | INFO | MONITOR | Paper trades checked (next in 60s)
2025-11-26 19:20:13 | INFO | MONITOR_SLEEP | Sleeping for 20s (base=20s, consecutive_errors=0, monitoring_suspended=False)
2025-11-26 19:20:33 | INFO | MONITOR_SLEEP | Sleeping for 20s (base=20s, consecutive_errors=0, monitoring_suspended=False)
2025-11-26 19:20:53 | INFO | MONITOR_SLEEP | Sleeping for 20s (base=20s, consecutive_errors=0, monitoring_suspended=False)
2025-11-26 19:21:13 | INFO | MONITOR | Paper trades checked (next in 60s)
2025-11-26 19:21:13 | INFO | MONITOR_SLEEP | Sleeping for 20s (base=20s, consecutive_errors=0, monitoring_suspended=False)
2025-11-26 19:21:33 | INFO | MONITOR_SLEEP | Sleeping for 20s (base=20s, consecutive_errors=0, monitoring_suspended=False)
2025-11-26 19:21:53 | INFO | MONITOR_SLEEP | Sleeping for 20s (base=20s, consecutive_errors=0, monitoring_suspended=False)
2025-11-26 19:22:13 | INFO | MONITOR | Paper trades checked (next in 60s)
2025-11-26 19:22:13 | INFO | MONITOR_SLEEP | Sleeping for 20s (base=20s, consecutive_errors=0, monitoring_suspended=False)
2025-11-26 19:22:33 | INFO | MONITOR_SLEEP | Sleeping for 20s (base=20s, consecutive_errors=0, monitoring_suspended=False)
2025-11-26 19:22:53 | INFO | MONITOR_SLEEP | Sleeping for 20s (base=20s, consecutive_errors=0, monitoring_suspended=False)
2025-11-26 19:23:13 | INFO | MONITOR | Paper trades checked (next in 60s)
2025-11-26 19:23:13 | INFO | MONITOR_SLEEP | Sleeping for 20s (base=20s, consecutive_errors=0, monitoring_suspended=False)
2025-11-26 19:23:33 | INFO | MONITOR_SLEEP | Sleeping for 20s (base=20s, consecutive_errors=0, monitoring_suspended=False)
2025-11-26 19:23:53 | INFO | MONITOR_SLEEP | Sleeping for 20s (base=20s, consecutive_errors=0, monitoring_suspended=False)
2025-11-26 19:24:13 | INFO | MONITOR | Paper trades checked (next in 60s)
2025-11-26 19:24:13 | INFO | MONITOR_SLEEP | Sleeping for 20s (base=20s, consecutive_errors=0, monitoring_suspended=False)
2025-11-26 19:24:33 | INFO | MONITOR_SLEEP | Sleeping for 20s (base=20s, consecutive_errors=0, monitoring_suspended=False)
2025-11-26 19:24:53 | INFO | MONITOR_SLEEP | Sleeping for 20s (base=20s, consecutive_errors=0, monitoring_suspended=False)
2025-11-26 19:25:13 | INFO | MONITOR | Paper trades checked (next in 60s)
2025-11-26 19:25:13 | INFO | MONITOR_SLEEP | Sleeping for 20s (base=20s, consecutive_errors=0, monitoring_suspended=False)
2025-11-26 19:25:33 | INFO | MONITOR_SLEEP | Sleeping for 20s (base=20s, consecutive_errors=0, monitoring_suspended=False)
2025-11-26 19:25:53 | INFO | MONITOR_SLEEP | Sleeping for 20s (base=20s, consecutive_errors=0, monitoring_suspended=False)
2025-11-26 19:26:13 | INFO | MONITOR | Paper trades checked (next in 60s)
2025-11-26 19:26:13 | INFO | MONITOR_SLEEP | Sleeping for 20s (base=20s, consecutive_errors=0, monitoring_suspended=False)
2025-11-26 19:26:33 | INFO | MONITOR_SLEEP | Sleeping for 20s (base=20s, consecutive_errors=0, monitoring_suspended=False)
2025-11-26 19:26:53 | INFO | MONITOR_SLEEP | Sleeping for 20s (base=20s, consecutive_errors=0, monitoring_suspended=False)
2025-11-26 19:27:13 | INFO | MONITOR | Paper trades checked (next in 60s)
2025-11-26 19:27:13 | INFO | MONITOR_SLEEP | Sleeping for 20s (base=20s, consecutive_errors=0, monitoring_suspended=False)
2025-11-26 19:27:33 | INFO | MONITOR_SLEEP | Sleeping for 20s (base=20s, consecutive_errors=0, monitoring_suspended=False)
2025-11-26 19:27:53 | INFO | MONITOR_SLEEP | Sleeping for 20s (base=20s, consecutive_errors=0, monitoring_suspended=False)
2025-11-26 19:28:13 | INFO | MONITOR | Paper trades checked (next in 60s)
2025-11-26 19:28:13 | INFO | MONITOR_SLEEP | Sleeping for 20s (base=20s, consecutive_errors=0, monitoring_suspended=False)
2025-11-26 19:28:33 | INFO | MONITOR_SLEEP | Sleeping for 20s (base=20s, consecutive_errors=0, monitoring_suspended=False)
2025-11-26 19:28:53 | INFO | MONITOR_SLEEP | Sleeping for 20s (base=20s, consecutive_errors=0, monitoring_suspended=False)
2025-11-26 19:29:13 | INFO | MONITOR | Paper trades checked (next in 60s)
2025-11-26 19:29:13 | INFO | MONITOR_SLEEP | Sleeping for 20s (base=20s, consecutive_errors=0, monitoring_suspended=False)
2025-11-26 19:29:33 | INFO | MONITOR_SLEEP | Sleeping for 20s (base=20s, consecutive_errors=0, monitoring_suspended=False)
2025-11-26 19:29:53 | INFO | MONITOR_SLEEP | Sleeping for 20s (base=20s, consecutive_errors=0, monitoring_suspended=False)
2025-11-26 19:30:13 | INFO | MONITOR | Paper trades checked (next in 60s)
2025-11-26 19:30:13 | INFO | MONITOR_SLEEP | Sleeping for 20s (base=20s, consecutive_errors=0, monitoring_suspended=False)
2025-11-26 19:30:33 | INFO | MONITOR_SLEEP | Sleeping for 20s (base=20s, consecutive_errors=0, monitoring_suspended=False)
2025-11-26 19:30:53 | INFO | MONITOR_SLEEP | Sleeping for 20s (base=20s, consecutive_errors=0, monitoring_suspended=False)
2025-11-26 19:31:13 | INFO | MONITOR | Paper trades checked (next in 60s)
2025-11-26 19:31:13 | INFO | MONITOR_SLEEP | Sleeping for 20s (base=20s, consecutive_errors=0, monitoring_suspended=False)
2025-11-26 19:31:33 | INFO | MONITOR_SLEEP | Sleeping for 20s (base=20s, consecutive_errors=0, monitoring_suspended=False)
2025-11-26 19:31:53 | INFO | MONITOR_SLEEP | Sleeping for 20s (base=20s, consecutive_errors=0, monitoring_suspended=False)
2025-11-26 19:32:13 | INFO | MONITOR | Paper trades checked (next in 60s)
2025-11-26 19:32:13 | INFO | MONITOR_SLEEP | Sleeping for 20s (base=20s, consecutive_errors=0, monitoring_suspended=False)
2025-11-26 19:32:33 | INFO | MONITOR_SLEEP | Sleeping for 20s (base=20s, consecutive_errors=0, monitoring_suspended=False)
2025-11-26 19:32:53 | INFO | MONITOR_SLEEP | Sleeping for 20s (base=20s, consecutive_errors=0, monitoring_suspended=False)
2025-11-26 19:33:13 | INFO | MONITOR | Paper trades checked (next in 60s)
2025-11-26 19:33:13 | INFO | MONITOR_SLEEP | Sleeping for 20s (base=20s, consecutive_errors=0, monitoring_suspended=False)
2025-11-26 19:33:33 | INFO | MONITOR_SLEEP | Sleeping for 20s (base=20s, consecutive_errors=0, monitoring_suspended=False)
2025-11-26 19:33:53 | INFO | MONITOR_SLEEP | Sleeping for 20s (base=20s, consecutive_errors=0, monitoring_suspended=False)
2025-11-26 19:34:13 | INFO | MONITOR | Paper trades checked (next in 60s)
2025-11-26 19:34:13 | INFO | MONITOR_SLEEP | Sleeping for 20s (base=20s, consecutive_errors=0, monitoring_suspended=False)
2025-11-26 19:34:33 | INFO | MONITOR_SLEEP | Sleeping for 20s (base=20s, consecutive_errors=0, monitoring_suspended=False)
2025-11-26 19:34:53 | INFO | MONITOR_SLEEP | Sleeping for 20s (base=20s, consecutive_errors=0, monitoring_suspended=False)
2025-11-26 19:35:13 | INFO | MONITOR | Paper trades checked (next in 60s)
2025-11-26 19:35:13 | INFO | MONITOR_SLEEP | Sleeping for 20s (base=20s, consecutive_errors=0, monitoring_suspended=False)
2025-11-26 19:35:33 | INFO | MONITOR_SLEEP | Sleeping for 20s (base=20s, consecutive_errors=0, monitoring_suspended=False)
2025-11-26 19:35:53 | INFO | MONITOR_SLEEP | Sleeping for 20s (base=20s, consecutive_errors=0, monitoring_suspended=False)
2025-11-26 19:36:13 | INFO | MONITOR | Paper trades checked (next in 60s)
2025-11-26 19:36:13 | INFO | MONITOR_SLEEP | Sleeping for 20s (base=20s, consecutive_errors=0, monitoring_suspended=False)
2025-11-26 19:36:33 | INFO | MONITOR_SLEEP | Sleeping for 20s (base=20s, consecutive_errors=0, monitoring_suspended=False)
2025-11-26 19:36:53 | INFO | MONITOR_SLEEP | Sleeping for 20s (base=20s, consecutive_errors=0, monitoring_suspended=False)
2025-11-26 19:37:13 | INFO | MONITOR | Paper trades checked (next in 60s)
2025-11-26 19:37:13 | INFO | MONITOR_SLEEP | Sleeping for 20s (base=20s, consecutive_errors=0, monitoring_suspended=False)
2025-11-26 19:37:33 | INFO | MONITOR_SLEEP | Sleeping for 20s (base=20s, consecutive_errors=0, monitoring_suspended=False)
2025-11-26 19:37:53 | INFO | MONITOR_SLEEP | Sleeping for 20s (base=20s, consecutive_errors=0, monitoring_suspended=False)
2025-11-26 19:38:13 | INFO | MONITOR | Paper trades checked (next in 60s)
2025-11-26 19:38:13 | INFO | MONITOR_SLEEP | Sleeping for 20s (base=20s, consecutive_errors=0, monitoring_suspended=False)
2025-11-26 19:38:33 | INFO | MONITOR_SLEEP | Sleeping for 20s (base=20s, consecutive_errors=0, monitoring_suspended=False)
2025-11-26 19:38:53 | INFO | MONITOR_SLEEP | Sleeping for 20s (base=20s, consecutive_errors=0, monitoring_suspended=False)
2025-11-26 19:39:13 | INFO | MONITOR | Paper trades checked (next in 60s)
2025-11-26 19:39:13 | INFO | MONITOR_SLEEP | Sleeping for 20s (base=20s, consecutive_errors=0, monitoring_suspended=False)
2025-11-26 19:39:33 | INFO | MONITOR_SLEEP | Sleeping for 20s (base=20s, consecutive_errors=0, monitoring_suspended=False)
2025-11-26 19:39:53 | INFO | MONITOR_SLEEP | Sleeping for 20s (base=20s, consecutive_errors=0, monitoring_suspended=False)
2025-11-26 19:40:13 | INFO | MONITOR | Paper trades checked (next in 60s)
2025-11-26 19:40:13 | INFO | MONITOR_SLEEP | Sleeping for 20s (base=20s, consecutive_errors=0, monitoring_suspended=False)
2025-11-26 19:40:33 | INFO | MONITOR_SLEEP | Sleeping for 20s (base=20s, consecutive_errors=0, monitoring_suspended=False)
2025-11-26 19:40:53 | INFO | MONITOR_SLEEP | Sleeping for 20s (base=20s, consecutive_errors=0, monitoring_suspended=False)
2025-11-26 19:41:14 | INFO | MONITOR | Paper trades checked (next in 60s)
2025-11-26 19:41:14 | INFO | MONITOR_SLEEP | Sleeping for 20s (base=20s, consecutive_errors=0, monitoring_suspended=False)
2025-11-26 19:41:34 | INFO | MONITOR_SLEEP | Sleeping for 20s (base=20s, consecutive_errors=0, monitoring_suspended=False)
2025-11-26 19:41:54 | INFO | MONITOR_SLEEP | Sleeping for 20s (base=20s, consecutive_errors=0, monitoring_suspended=False)
2025-11-26 19:42:14 | INFO | MONITOR | Paper trades checked (next in 60s)
2025-11-26 19:42:14 | INFO | MONITOR_SLEEP | Sleeping for 20s (base=20s, consecutive_errors=0, monitoring_suspended=False)
2025-11-26 19:42:34 | INFO | MONITOR_SLEEP | Sleeping for 20s (base=20s, consecutive_errors=0, monitoring_suspended=False)
2025-11-26 19:42:54 | INFO | MONITOR_SLEEP | Sleeping for 20s (base=20s, consecutive_errors=0, monitoring_suspended=False)
2025-11-26 19:43:14 | INFO | MONITOR | Paper trades checked (next in 60s)
2025-11-26 19:43:14 | INFO | MONITOR_SLEEP | Sleeping for 20s (base=20s, consecutive_errors=0, monitoring_suspended=False)
2025-11-26 19:43:34 | INFO | MONITOR_SLEEP | Sleeping for 20s (base=20s, consecutive_errors=0, monitoring_suspended=False)
2025-11-26 19:43:54 | INFO | MONITOR_SLEEP | Sleeping for 20s (base=20s, consecutive_errors=0, monitoring_suspended=False)
2025-11-26 19:44:14 | INFO | MONITOR | Paper trades checked (next in 60s)
2025-11-26 19:44:14 | INFO | MONITOR_SLEEP | Sleeping for 20s (base=20s, consecutive_errors=0, monitoring_suspended=False)
2025-11-26 19:44:34 | INFO | MONITOR_SLEEP | Sleeping for 20s (base=20s, consecutive_errors=0, monitoring_suspended=False)
2025-11-26 19:44:54 | INFO | MONITOR_SLEEP | Sleeping for 20s (base=20s, consecutive_errors=0, monitoring_suspended=False)
2025-11-26 19:45:14 | INFO | MONITOR | Paper trades checked (next in 60s)
2025-11-26 19:45:14 | INFO | MONITOR_SLEEP | Sleeping for 20s (base=20s, consecutive_errors=0, monitoring_suspended=False)
2025-11-26 19:45:34 | INFO | MONITOR_SLEEP | Sleeping for 20s (base=20s, consecutive_errors=0, monitoring_suspended=False)
2025-11-26 19:45:54 | INFO | MONITOR_SLEEP | Sleeping for 20s (base=20s, consecutive_errors=0, monitoring_suspended=False)
2025-11-26 19:46:14 | INFO | MONITOR | Paper trades checked (next in 60s)
2025-11-26 19:46:14 | INFO | MONITOR_SLEEP | Sleeping for 20s (base=20s, consecutive_errors=0, monitoring_suspended=False)
2025-11-26 19:46:34 | INFO | MONITOR_SLEEP | Sleeping for 20s (base=20s, consecutive_errors=0, monitoring_suspended=False)
2025-11-26 19:46:54 | INFO | MONITOR_SLEEP | Sleeping for 20s (base=20s, consecutive_errors=0, monitoring_suspended=False)
2025-11-26 19:47:14 | INFO | MONITOR | Paper trades checked (next in 60s)
2025-11-26 19:47:14 | INFO | MONITOR_SLEEP | Sleeping for 20s (base=20s, consecutive_errors=0, monitoring_suspended=False)
2025-11-26 19:47:34 | INFO | MONITOR_SLEEP | Sleeping for 20s (base=20s, consecutive_errors=0, monitoring_suspended=False)
2025-11-26 19:47:54 | INFO | MONITOR_SLEEP | Sleeping for 20s (base=20s, consecutive_errors=0, monitoring_suspended=False)
2025-11-26 19:48:14 | INFO | MONITOR | Paper trades checked (next in 60s)
2025-11-26 19:48:14 | INFO | MONITOR_SLEEP | Sleeping for 20s (base=20s, consecutive_errors=0, monitoring_suspended=False)
2025-11-26 19:48:34 | INFO | MONITOR_SLEEP | Sleeping for 20s (base=20s, consecutive_errors=0, monitoring_suspended=False)
2025-11-26 19:48:54 | INFO | MONITOR_SLEEP | Sleeping for 20s (base=20s, consecutive_errors=0, monitoring_suspended=False)
2025-11-26 19:49:14 | INFO | MONITOR | Paper trades checked (next in 60s)
2025-11-26 19:49:14 | INFO | MONITOR_SLEEP | Sleeping for 20s (base=20s, consecutive_errors=0, monitoring_suspended=False)
2025-11-26 19:49:34 | INFO | MONITOR_SLEEP | Sleeping for 20s (base=20s, consecutive_errors=0, monitoring_suspended=False)
2025-11-26 19:49:54 | INFO | MONITOR_SLEEP | Sleeping for 20s (base=20s, consecutive_errors=0, monitoring_suspended=False)
2025-11-26 19:50:14 | INFO | MONITOR | Paper trades checked (next in 60s)
2025-11-26 19:50:14 | INFO | MONITOR_SLEEP | Sleeping for 20s (base=20s, consecutive_errors=0, monitoring_suspended=False)
2025-11-26 19:50:34 | INFO | MONITOR_SLEEP | Sleeping for 20s (base=20s, consecutive_errors=0, monitoring_suspended=False)
2025-11-26 19:50:54 | INFO | MONITOR_SLEEP | Sleeping for 20s (base=20s, consecutive_errors=0, monitoring_suspended=False)
2025-11-26 19:51:14 | INFO | MONITOR | Paper trades checked (next in 60s)
2025-11-26 19:51:14 | INFO | MONITOR_SLEEP | Sleeping for 20s (base=20s, consecutive_errors=0, monitoring_suspended=False)
2025-11-26 19:51:34 | INFO | MONITOR_SLEEP | Sleeping for 20s (base=20s, consecutive_errors=0, monitoring_suspended=False)
2025-11-26 19:51:54 | INFO | MONITOR_SLEEP | Sleeping for 20s (base=20s, consecutive_errors=0, monitoring_suspended=False)
2025-11-26 19:52:14 | INFO | MONITOR | Paper trades checked (next in 60s)
2025-11-26 19:52:14 | INFO | MONITOR_SLEEP | Sleeping for 20s (base=20s, consecutive_errors=0, monitoring_suspended=False)
2025-11-26 19:52:34 | INFO | MONITOR_SLEEP | Sleeping for 20s (base=20s, consecutive_errors=0, monitoring_suspended=False)
2025-11-26 19:52:54 | INFO | MONITOR_SLEEP | Sleeping for 20s (base=20s, consecutive_errors=0, monitoring_suspended=False)
2025-11-26 19:53:14 | INFO | MONITOR | Paper trades checked (next in 60s)
2025-11-26 19:53:14 | INFO | MONITOR_SLEEP | Sleeping for 20s (base=20s, consecutive_errors=0, monitoring_suspended=False)
2025-11-26 19:53:34 | INFO | MONITOR_SLEEP | Sleeping for 20s (base=20s, consecutive_errors=0, monitoring_suspended=False)
2025-11-26 19:53:54 | INFO | MONITOR_SLEEP | Sleeping for 20s (base=20s, consecutive_errors=0, monitoring_suspended=False)
2025-11-26 19:54:14 | INFO | MONITOR | Paper trades checked (next in 60s)
2025-11-26 19:54:14 | INFO | MONITOR_SLEEP | Sleeping for 20s (base=20s, consecutive_errors=0, monitoring_suspended=False)
2025-11-26 19:54:34 | INFO | MONITOR_SLEEP | Sleeping for 20s (base=20s, consecutive_errors=0, monitoring_suspended=False)
2025-11-26 19:54:54 | INFO | MONITOR_SLEEP | Sleeping for 20s (base=20s, consecutive_errors=0, monitoring_suspended=False)
2025-11-26 19:55:14 | INFO | MONITOR | Paper trades checked (next in 60s)
2025-11-26 19:55:14 | INFO | MONITOR_SLEEP | Sleeping for 20s (base=20s, consecutive_errors=0, monitoring_suspended=False)
2025-11-26 19:55:34 | INFO | MONITOR_SLEEP | Sleeping for 20s (base=20s, consecutive_errors=0, monitoring_suspended=False)
2025-11-26 19:55:54 | INFO | MONITOR_SLEEP | Sleeping for 20s (base=20s, consecutive_errors=0, monitoring_suspended=False)
2025-11-26 19:56:14 | INFO | MONITOR | Paper trades checked (next in 60s)
2025-11-26 19:56:14 | INFO | MONITOR_SLEEP | Sleeping for 20s (base=20s, consecutive_errors=0, monitoring_suspended=False)
2025-11-26 19:56:34 | INFO | MONITOR_SLEEP | Sleeping for 20s (base=20s, consecutive_errors=0, monitoring_suspended=False)
2025-11-26 19:56:54 | INFO | MONITOR_SLEEP | Sleeping for 20s (base=20s, consecutive_errors=0, monitoring_suspended=False)
2025-11-26 19:57:14 | INFO | MONITOR | Paper trades checked (next in 60s)
2025-11-26 19:57:14 | INFO | MONITOR_SLEEP | Sleeping for 20s (base=20s, consecutive_errors=0, monitoring_suspended=False)
2025-11-26 19:57:34 | INFO | MONITOR_SLEEP | Sleeping for 20s (base=20s, consecutive_errors=0, monitoring_suspended=False)
2025-11-26 19:57:54 | INFO | MONITOR_SLEEP | Sleeping for 20s (base=20s, consecutive_errors=0, monitoring_suspended=False)
2025-11-26 19:58:14 | INFO | MONITOR | Paper trades checked (next in 60s)
2025-11-26 19:58:14 | INFO | MONITOR_SLEEP | Sleeping for 20s (base=20s, consecutive_errors=0, monitoring_suspended=False)
2025-11-26 19:58:34 | INFO | MONITOR_SLEEP | Sleeping for 20s (base=20s, consecutive_errors=0, monitoring_suspended=False)
2025-11-26 19:58:54 | INFO | MONITOR_SLEEP | Sleeping for 20s (base=20s, consecutive_errors=0, monitoring_suspended=False)
2025-11-26 19:59:14 | INFO | MONITOR | Paper trades checked (next in 60s)
2025-11-26 19:59:14 | INFO | MONITOR_SLEEP | Sleeping for 20s (base=20s, consecutive_errors=0, monitoring_suspended=False)
2025-11-26 19:59:34 | INFO | MONITOR_SLEEP | Sleeping for 20s (base=20s, consecutive_errors=0, monitoring_suspended=False)
2025-11-26 19:59:54 | INFO | MONITOR_SLEEP | Sleeping for 20s (base=20s, consecutive_errors=0, monitoring_suspended=False)
2025-11-26 20:00:14 | INFO | MONITOR | Paper trades checked (next in 60s)
2025-11-26 20:00:14 | INFO | MONITOR_SLEEP | Sleeping for 20s (base=20s, consecutive_errors=0, monitoring_suspended=False)
2025-11-26 20:00:34 | INFO | MONITOR_SLEEP | Sleeping for 20s (base=20s, consecutive_errors=0, monitoring_suspended=False)
2025-11-26 20:00:54 | INFO | MONITOR_SLEEP | Sleeping for 20s (base=20s, consecutive_errors=0, monitoring_suspended=False)
2025-11-26 20:01:14 | INFO | MONITOR | Paper trades checked (next in 60s)
2025-11-26 20:01:14 | INFO | MONITOR_SLEEP | Sleeping for 20s (base=20s, consecutive_errors=0, monitoring_suspended=False)
2025-11-26 20:01:34 | INFO | MONITOR_SLEEP | Sleeping for 20s (base=20s, consecutive_errors=0, monitoring_suspended=False)
2025-11-26 20:01:54 | INFO | MONITOR_SLEEP | Sleeping for 20s (base=20s, consecutive_errors=0, monitoring_suspended=False)
2025-11-26 20:02:14 | INFO | MONITOR | Paper trades checked (next in 60s)
2025-11-26 20:02:14 | INFO | MONITOR_SLEEP | Sleeping for 20s (base=20s, consecutive_errors=0, monitoring_suspended=False)
2025-11-26 20:02:34 | INFO | MONITOR_SLEEP | Sleeping for 20s (base=20s, consecutive_errors=0, monitoring_suspended=False)
2025-11-26 20:02:54 | INFO | MONITOR_SLEEP | Sleeping for 20s (base=20s, consecutive_errors=0, monitoring_suspended=False)
2025-11-26 20:03:14 | INFO | MONITOR | Paper trades checked (next in 60s)
2025-11-26 20:03:14 | INFO | MONITOR_SLEEP | Sleeping for 20s (base=20s, consecutive_errors=0, monitoring_suspended=False)
2025-11-26 20:03:34 | INFO | MONITOR_SLEEP | Sleeping for 20s (base=20s, consecutive_errors=0, monitoring_suspended=False)
2025-11-26 20:03:54 | INFO | MONITOR_SLEEP | Sleeping for 20s (base=20s, consecutive_errors=0, monitoring_suspended=False)
2025-11-26 20:04:14 | INFO | MONITOR | Paper trades checked (next in 60s)
2025-11-26 20:04:14 | INFO | MONITOR_SLEEP | Sleeping for 20s (base=20s, consecutive_errors=0, monitoring_suspended=False)
2025-11-26 20:04:34 | INFO | MONITOR_SLEEP | Sleeping for 20s (base=20s, consecutive_errors=0, monitoring_suspended=False)
2025-11-26 20:04:54 | INFO | MONITOR_SLEEP | Sleeping for 20s (base=20s, consecutive_errors=0, monitoring_suspended=False)
2025-11-26 20:05:14 | INFO | MONITOR | Paper trades checked (next in 60s)
2025-11-26 20:05:14 | INFO | MONITOR_SLEEP | Sleeping for 20s (base=20s, consecutive_errors=0, monitoring_suspended=False)
2025-11-26 20:05:34 | INFO | MONITOR_SLEEP | Sleeping for 20s (base=20s, consecutive_errors=0, monitoring_suspended=False)
2025-11-26 20:05:54 | INFO | MONITOR_SLEEP | Sleeping for 20s (base=20s, consecutive_errors=0, monitoring_suspended=False)
2025-11-26 20:06:14 | INFO | MONITOR | Paper trades checked (next in 60s)
2025-11-26 20:06:14 | INFO | MONITOR_SLEEP | Sleeping for 20s (base=20s, consecutive_errors=0, monitoring_suspended=False)
2025-11-26 20:06:34 | INFO | MONITOR_SLEEP | Sleeping for 20s (base=20s, consecutive_errors=0, monitoring_suspended=False)
2025-11-26 20:06:54 | INFO | MONITOR_SLEEP | Sleeping for 20s (base=20s, consecutive_errors=0, monitoring_suspended=False)
2025-11-26 20:07:14 | INFO | MONITOR | Paper trades checked (next in 60s)
2025-11-26 20:07:14 | INFO | MONITOR_SLEEP | Sleeping for 20s (base=20s, consecutive_errors=0, monitoring_suspended=False)
2025-11-26 20:07:34 | INFO | MONITOR_SLEEP | Sleeping for 20s (base=20s, consecutive_errors=0, monitoring_suspended=False)
2025-11-26 20:07:54 | INFO | MONITOR_SLEEP | Sleeping for 20s (base=20s, consecutive_errors=0, monitoring_suspended=False)
2025-11-26 20:08:14 | INFO | MONITOR | Paper trades checked (next in 60s)
2025-11-26 20:08:14 | INFO | MONITOR_SLEEP | Sleeping for 20s (base=20s, consecutive_errors=0, monitoring_suspended=False)
2025-11-26 20:08:34 | INFO | MONITOR_SLEEP | Sleeping for 20s (base=20s, consecutive_errors=0, monitoring_suspended=False)
2025-11-26 20:08:54 | INFO | MONITOR_SLEEP | Sleeping for 20s (base=20s, consecutive_errors=0, monitoring_suspended=False)
2025-11-26 20:09:14 | INFO | MONITOR | Paper trades checked (next in 60s)
2025-11-26 20:09:14 | INFO | MONITOR_SLEEP | Sleeping for 20s (base=20s, consecutive_errors=0, monitoring_suspended=False)
2025-11-26 20:09:34 | INFO | MONITOR_SLEEP | Sleeping for 20s (base=20s, consecutive_errors=0, monitoring_suspended=False)
2025-11-26 20:09:54 | INFO | MONITOR_SLEEP | Sleeping for 20s (base=20s, consecutive_errors=0, monitoring_suspended=False)
2025-11-26 20:10:14 | INFO | MONITOR | Paper trades checked (next in 60s)
2025-11-26 20:10:14 | INFO | MONITOR_SLEEP | Sleeping for 20s (base=20s, consecutive_errors=0, monitoring_suspended=False)
2025-11-26 20:10:34 | INFO | MONITOR_SLEEP | Sleeping for 20s (base=20s, consecutive_errors=0, monitoring_suspended=False)
2025-11-26 20:10:54 | INFO | MONITOR_SLEEP | Sleeping for 20s (base=20s, consecutive_errors=0, monitoring_suspended=False)
2025-11-26 20:11:14 | INFO | MONITOR | Paper trades checked (next in 60s)
2025-11-26 20:11:14 | INFO | MONITOR_SLEEP | Sleeping for 20s (base=20s, consecutive_errors=0, monitoring_suspended=False)
2025-11-26 20:11:34 | INFO | MONITOR_SLEEP | Sleeping for 20s (base=20s, consecutive_errors=0, monitoring_suspended=False)
2025-11-26 20:11:54 | INFO | MONITOR_SLEEP | Sleeping for 20s (base=20s, consecutive_errors=0, monitoring_suspended=False)
2025-11-26 20:12:14 | INFO | MONITOR | Paper trades checked (next in 60s)
2025-11-26 20:12:14 | INFO | MONITOR_SLEEP | Sleeping for 20s (base=20s, consecutive_errors=0, monitoring_suspended=False)
2025-11-26 20:12:34 | INFO | MONITOR_SLEEP | Sleeping for 20s (base=20s, consecutive_errors=0, monitoring_suspended=False)
2025-11-26 20:12:54 | INFO | MONITOR_SLEEP | Sleeping for 20s (base=20s, consecutive_errors=0, monitoring_suspended=False)
2025-11-26 20:13:14 | INFO | MONITOR | Paper trades checked (next in 60s)
2025-11-26 20:13:14 | INFO | MONITOR_SLEEP | Sleeping for 20s (base=20s, consecutive_errors=0, monitoring_suspended=False)
2025-11-26 20:13:34 | INFO | MONITOR_SLEEP | Sleeping for 20s (base=20s, consecutive_errors=0, monitoring_suspended=False)
2025-11-26 20:13:54 | INFO | MONITOR_SLEEP | Sleeping for 20s (base=20s, consecutive_errors=0, monitoring_suspended=False)
2025-11-26 20:14:14 | INFO | MONITOR | Paper trades checked (next in 60s)
2025-11-26 20:14:14 | INFO | MONITOR_SLEEP | Sleeping for 20s (base=20s, consecutive_errors=0, monitoring_suspended=False)
2025-11-26 20:14:34 | INFO | MONITOR_SLEEP | Sleeping for 20s (base=20s, consecutive_errors=0, monitoring_suspended=False)
2025-11-26 20:14:54 | INFO | MONITOR_SLEEP | Sleeping for 20s (base=20s, consecutive_errors=0, monitoring_suspended=False)
2025-11-26 20:15:14 | INFO | MONITOR | Paper trades checked (next in 60s)
2025-11-26 20:15:14 | INFO | MONITOR_SLEEP | Sleeping for 20s (base=20s, consecutive_errors=0, monitoring_suspended=False)
2025-11-26 20:15:34 | INFO | MONITOR_SLEEP | Sleeping for 20s (base=20s, consecutive_errors=0, monitoring_suspended=False)
2025-11-26 20:15:54 | INFO | MONITOR_SLEEP | Sleeping for 20s (base=20s, consecutive_errors=0, monitoring_suspended=False)
2025-11-26 20:16:14 | INFO | MONITOR | Paper trades checked (next in 60s)
2025-11-26 20:16:14 | INFO | MONITOR_SLEEP | Sleeping for 20s (base=20s, consecutive_errors=0, monitoring_suspended=False)
2025-11-26 20:16:34 | INFO | MONITOR_SLEEP | Sleeping for 20s (base=20s, consecutive_errors=0, monitoring_suspended=False)
2025-11-26 20:16:54 | INFO | MONITOR_SLEEP | Sleeping for 20s (base=20s, consecutive_errors=0, monitoring_suspended=False)
2025-11-26 20:17:14 | INFO | MONITOR | Paper trades checked (next in 60s)
2025-11-26 20:17:14 | INFO | MONITOR_SLEEP | Sleeping for 20s (base=20s, consecutive_errors=0, monitoring_suspended=False)
2025-11-26 20:17:34 | INFO | MONITOR_SLEEP | Sleeping for 20s (base=20s, consecutive_errors=0, monitoring_suspended=False)
2025-11-26 20:17:54 | INFO | MONITOR_SLEEP | Sleeping for 20s (base=20s, consecutive_errors=0, monitoring_suspended=False)
2025-11-26 20:18:14 | INFO | MONITOR | Paper trades checked (next in 60s)
2025-11-26 20:18:14 | INFO | MONITOR_SLEEP | Sleeping for 20s (base=20s, consecutive_errors=0, monitoring_suspended=False)
2025-11-26 20:18:34 | INFO | MONITOR_SLEEP | Sleeping for 20s (base=20s, consecutive_errors=0, monitoring_suspended=False)
2025-11-26 20:18:54 | INFO | MONITOR_SLEEP | Sleeping for 20s (base=20s, consecutive_errors=0, monitoring_suspended=False)
2025-11-26 20:19:14 | INFO | MONITOR | Paper trades checked (next in 60s)
2025-11-26 20:19:14 | INFO | MONITOR_SLEEP | Sleeping for 20s (base=20s, consecutive_errors=0, monitoring_suspended=False)
2025-11-26 20:19:34 | INFO | MONITOR_SLEEP | Sleeping for 20s (base=20s, consecutive_errors=0, monitoring_suspended=False)
2025-11-26 20:19:54 | INFO | MONITOR_SLEEP | Sleeping for 20s (base=20s, consecutive_errors=0, monitoring_suspended=False)
2025-11-26 20:20:14 | INFO | MONITOR | Paper trades checked (next in 60s)
2025-11-26 20:20:14 | INFO | MONITOR_SLEEP | Sleeping for 20s (base=20s, consecutive_errors=0, monitoring_suspended=False)
2025-11-26 20:20:34 | INFO | MONITOR_SLEEP | Sleeping for 20s (base=20s, consecutive_errors=0, monitoring_suspended=False)
2025-11-26 20:20:54 | INFO | MONITOR_SLEEP | Sleeping for 20s (base=20s, consecutive_errors=0, monitoring_suspended=False)
2025-11-26 20:21:14 | INFO | MONITOR | Paper trades checked (next in 60s)
2025-11-26 20:21:14 | INFO | MONITOR_SLEEP | Sleeping for 20s (base=20s, consecutive_errors=0, monitoring_suspended=False)
2025-11-26 20:21:34 | INFO | MONITOR_SLEEP | Sleeping for 20s (base=20s, consecutive_errors=0, monitoring_suspended=False)
2025-11-26 20:21:54 | INFO | MONITOR_SLEEP | Sleeping for 20s (base=20s, consecutive_errors=0, monitoring_suspended=False)
2025-11-26 20:22:14 | INFO | MONITOR | Paper trades checked (next in 60s)
2025-11-26 20:22:14 | INFO | MONITOR_SLEEP | Sleeping for 20s (base=20s, consecutive_errors=0, monitoring_suspended=False)
2025-11-26 20:22:34 | INFO | MONITOR_SLEEP | Sleeping for 20s (base=20s, consecutive_errors=0, monitoring_suspended=False)
2025-11-26 20:22:54 | INFO | MONITOR_SLEEP | Sleeping for 20s (base=20s, consecutive_errors=0, monitoring_suspended=False)
2025-11-26 20:23:14 | INFO | MONITOR | Paper trades checked (next in 60s)
2025-11-26 20:23:14 | INFO | MONITOR_SLEEP | Sleeping for 20s (base=20s, consecutive_errors=0, monitoring_suspended=False)
2025-11-26 20:23:34 | INFO | MONITOR_SLEEP | Sleeping for 20s (base=20s, consecutive_errors=0, monitoring_suspended=False)
2025-11-26 20:23:54 | INFO | MONITOR_SLEEP | Sleeping for 20s (base=20s, consecutive_errors=0, monitoring_suspended=False)
2025-11-26 20:24:14 | INFO | MONITOR | Paper trades checked (next in 60s)
2025-11-26 20:24:14 | INFO | MONITOR_SLEEP | Sleeping for 20s (base=20s, consecutive_errors=0, monitoring_suspended=False)
2025-11-26 20:24:34 | INFO | MONITOR_SLEEP | Sleeping for 20s (base=20s, consecutive_errors=0, monitoring_suspended=False)
2025-11-26 20:24:54 | INFO | MONITOR_SLEEP | Sleeping for 20s (base=20s, consecutive_errors=0, monitoring_suspended=False)
2025-11-26 20:25:14 | INFO | MONITOR | Paper trades checked (next in 60s)
2025-11-26 20:25:14 | INFO | MONITOR_SLEEP | Sleeping for 20s (base=20s, consecutive_errors=0, monitoring_suspended=False)
2025-11-26 20:25:34 | INFO | MONITOR_SLEEP | Sleeping for 20s (base=20s, consecutive_errors=0, monitoring_suspended=False)
2025-11-26 20:25:54 | INFO | MONITOR_SLEEP | Sleeping for 20s (base=20s, consecutive_errors=0, monitoring_suspended=False)
2025-11-26 20:26:14 | INFO | MONITOR | Paper trades checked (next in 60s)
2025-11-26 20:26:14 | INFO | MONITOR_SLEEP | Sleeping for 20s (base=20s, consecutive_errors=0, monitoring_suspended=False)
2025-11-26 20:26:34 | INFO | MONITOR_SLEEP | Sleeping for 20s (base=20s, consecutive_errors=0, monitoring_suspended=False)
2025-11-26 20:26:54 | INFO | MONITOR_SLEEP | Sleeping for 20s (base=20s, consecutive_errors=0, monitoring_suspended=False)
2025-11-26 20:27:14 | INFO | MONITOR | Paper trades checked (next in 60s)
2025-11-26 20:27:14 | INFO | MONITOR_SLEEP | Sleeping for 20s (base=20s, consecutive_errors=0, monitoring_suspended=False)
2025-11-26 20:27:34 | INFO | MONITOR_SLEEP | Sleeping for 20s (base=20s, consecutive_errors=0, monitoring_suspended=False)
2025-11-26 20:27:54 | INFO | MONITOR_SLEEP | Sleeping for 20s (base=20s, consecutive_errors=0, monitoring_suspended=False)
2025-11-26 20:28:14 | INFO | MONITOR | Paper trades checked (next in 60s)
2025-11-26 20:28:14 | INFO | MONITOR_SLEEP | Sleeping for 20s (base=20s, consecutive_errors=0, monitoring_suspended=False)
2025-11-26 20:28:34 | INFO | MONITOR_SLEEP | Sleeping for 20s (base=20s, consecutive_errors=0, monitoring_suspended=False)
2025-11-26 20:28:54 | INFO | MONITOR_SLEEP | Sleeping for 20s (base=20s, consecutive_errors=0, monitoring_suspended=False)
2025-11-26 20:29:14 | INFO | MONITOR | Paper trades checked (next in 60s)
2025-11-26 20:29:14 | INFO | MONITOR_SLEEP | Sleeping for 20s (base=20s, consecutive_errors=0, monitoring_suspended=False)
2025-11-26 20:29:34 | INFO | MONITOR_SLEEP | Sleeping for 20s (base=20s, consecutive_errors=0, monitoring_suspended=False)
2025-11-26 20:29:54 | INFO | MONITOR_SLEEP | Sleeping for 20s (base=20s, consecutive_errors=0, monitoring_suspended=False)
2025-11-26 20:30:14 | INFO | MONITOR | Paper trades checked (next in 60s)
2025-11-26 20:30:14 | INFO | MONITOR_SLEEP | Sleeping for 20s (base=20s, consecutive_errors=0, monitoring_suspended=False)
2025-11-26 20:30:34 | INFO | MONITOR_SLEEP | Sleeping for 20s (base=20s, consecutive_errors=0, monitoring_suspended=False)
2025-11-26 20:30:54 | INFO | MONITOR_SLEEP | Sleeping for 20s (base=20s, consecutive_errors=0, monitoring_suspended=False)
2025-11-26 20:31:14 | INFO | MONITOR | Paper trades checked (next in 60s)
2025-11-26 20:31:14 | INFO | MONITOR_SLEEP | Sleeping for 20s (base=20s, consecutive_errors=0, monitoring_suspended=False)
2025-11-26 20:31:34 | INFO | MONITOR_SLEEP | Sleeping for 20s (base=20s, consecutive_errors=0, monitoring_suspended=False)
2025-11-26 20:31:54 | INFO | MONITOR_SLEEP | Sleeping for 20s (base=20s, consecutive_errors=0, monitoring_suspended=False)
2025-11-26 20:32:14 | INFO | MONITOR | Paper trades checked (next in 60s)
2025-11-26 20:32:14 | INFO | MONITOR_SLEEP | Sleeping for 20s (base=20s, consecutive_errors=0, monitoring_suspended=False)
2025-11-26 20:32:34 | INFO | MONITOR_SLEEP | Sleeping for 20s (base=20s, consecutive_errors=0, monitoring_suspended=False)
2025-11-26 20:32:54 | INFO | MONITOR_SLEEP | Sleeping for 20s (base=20s, consecutive_errors=0, monitoring_suspended=False)
2025-11-26 20:33:14 | INFO | MONITOR | Paper trades checked (next in 60s)
2025-11-26 20:33:14 | INFO | MONITOR_SLEEP | Sleeping for 20s (base=20s, consecutive_errors=0, monitoring_suspended=False)
2025-11-26 20:33:34 | INFO | MONITOR_SLEEP | Sleeping for 20s (base=20s, consecutive_errors=0, monitoring_suspended=False)
2025-11-26 20:33:54 | INFO | MONITOR_SLEEP | Sleeping for 20s (base=20s, consecutive_errors=0, monitoring_suspended=False)
2025-11-26 20:34:14 | INFO | MONITOR | Paper trades checked (next in 60s)
2025-11-26 20:34:14 | INFO | MONITOR_SLEEP | Sleeping for 20s (base=20s, consecutive_errors=0, monitoring_suspended=False)
2025-11-26 20:34:34 | INFO | MONITOR_SLEEP | Sleeping for 20s (base=20s, consecutive_errors=0, monitoring_suspended=False)
2025-11-26 20:34:54 | INFO | MONITOR_SLEEP | Sleeping for 20s (base=20s, consecutive_errors=0, monitoring_suspended=False)
2025-11-26 20:35:14 | INFO | MONITOR | Paper trades checked (next in 60s)
2025-11-26 20:35:14 | INFO | MONITOR_SLEEP | Sleeping for 20s (base=20s, consecutive_errors=0, monitoring_suspended=False)
2025-11-26 20:35:34 | INFO | MONITOR_SLEEP | Sleeping for 20s (base=20s, consecutive_errors=0, monitoring_suspended=False)
2025-11-26 20:35:54 | INFO | MONITOR_SLEEP | Sleeping for 20s (base=20s, consecutive_errors=0, monitoring_suspended=False)
2025-11-26 20:36:14 | INFO | MONITOR | Paper trades checked (next in 60s)
2025-11-26 20:36:14 | INFO | MONITOR_SLEEP | Sleeping for 20s (base=20s, consecutive_errors=0, monitoring_suspended=False)
2025-11-26 20:36:34 | INFO | MONITOR_SLEEP | Sleeping for 20s (base=20s, consecutive_errors=0, monitoring_suspended=False)
2025-11-26 20:36:54 | INFO | MONITOR_SLEEP | Sleeping for 20s (base=20s, consecutive_errors=0, monitoring_suspended=False)
2025-11-26 20:37:14 | INFO | MONITOR | Paper trades checked (next in 60s)
2025-11-26 20:37:14 | INFO | MONITOR_SLEEP | Sleeping for 20s (base=20s, consecutive_errors=0, monitoring_suspended=False)
2025-11-26 20:37:34 | INFO | MONITOR_SLEEP | Sleeping for 20s (base=20s, consecutive_errors=0, monitoring_suspended=False)
2025-11-26 20:37:54 | INFO | MONITOR_SLEEP | Sleeping for 20s (base=20s, consecutive_errors=0, monitoring_suspended=False)
2025-11-26 20:38:14 | INFO | MONITOR | Paper trades checked (next in 60s)
2025-11-26 20:38:14 | INFO | MONITOR_SLEEP | Sleeping for 20s (base=20s, consecutive_errors=0, monitoring_suspended=False)
2025-11-26 20:38:34 | INFO | MONITOR_SLEEP | Sleeping for 20s (base=20s, consecutive_errors=0, monitoring_suspended=False)
2025-11-26 20:38:54 | INFO | MONITOR_SLEEP | Sleeping for 20s (base=20s, consecutive_errors=0, monitoring_suspended=False)
2025-11-26 20:39:14 | INFO | MONITOR | Paper trades checked (next in 60s)
2025-11-26 20:39:14 | INFO | MONITOR_SLEEP | Sleeping for 20s (base=20s, consecutive_errors=0, monitoring_suspended=False)
2025-11-26 20:39:34 | INFO | MONITOR_SLEEP | Sleeping for 20s (base=20s, consecutive_errors=0, monitoring_suspended=False)
2025-11-26 20:39:54 | INFO | MONITOR_SLEEP | Sleeping for 20s (base=20s, consecutive_errors=0, monitoring_suspended=False)
2025-11-26 20:40:14 | INFO | MONITOR | Paper trades checked (next in 60s)
2025-11-26 20:40:14 | INFO | MONITOR_SLEEP | Sleeping for 20s (base=20s, consecutive_errors=0, monitoring_suspended=False)
2025-11-26 20:40:34 | INFO | MONITOR_SLEEP | Sleeping for 20s (base=20s, consecutive_errors=0, monitoring_suspended=False)
2025-11-26 20:40:54 | INFO | MONITOR_SLEEP | Sleeping for 20s (base=20s, consecutive_errors=0, monitoring_suspended=False)
2025-11-26 20:41:14 | INFO | MONITOR | Paper trades checked (next in 60s)
2025-11-26 20:41:14 | INFO | MONITOR_SLEEP | Sleeping for 20s (base=20s, consecutive_errors=0, monitoring_suspended=False)
2025-11-26 20:41:34 | INFO | MONITOR_SLEEP | Sleeping for 20s (base=20s, consecutive_errors=0, monitoring_suspended=False)
2025-11-26 20:41:54 | INFO | MONITOR_SLEEP | Sleeping for 20s (base=20s, consecutive_errors=0, monitoring_suspended=False)
2025-11-26 20:42:14 | INFO | MONITOR | Paper trades checked (next in 60s)
2025-11-26 20:42:14 | INFO | MONITOR_SLEEP | Sleeping for 20s (base=20s, consecutive_errors=0, monitoring_suspended=False)
2025-11-26 20:42:34 | INFO | MONITOR_SLEEP | Sleeping for 20s (base=20s, consecutive_errors=0, monitoring_suspended=False)
2025-11-26 20:42:54 | INFO | MONITOR_SLEEP | Sleeping for 20s (base=20s, consecutive_errors=0, monitoring_suspended=False)
2025-11-26 20:43:14 | INFO | MONITOR | Paper trades checked (next in 60s)
2025-11-26 20:43:14 | INFO | MONITOR_SLEEP | Sleeping for 20s (base=20s, consecutive_errors=0, monitoring_suspended=False)
2025-11-26 20:43:34 | INFO | MONITOR_SLEEP | Sleeping for 20s (base=20s, consecutive_errors=0, monitoring_suspended=False)
2025-11-26 20:43:54 | INFO | MONITOR_SLEEP | Sleeping for 20s (base=20s, consecutive_errors=0, monitoring_suspended=False)
2025-11-26 20:44:14 | INFO | MONITOR | Paper trades checked (next in 60s)
2025-11-26 20:44:14 | INFO | MONITOR_SLEEP | Sleeping for 20s (base=20s, consecutive_errors=0, monitoring_suspended=False)
2025-11-26 20:44:34 | INFO | MONITOR_SLEEP | Sleeping for 20s (base=20s, consecutive_errors=0, monitoring_suspended=False)
2025-11-26 20:44:54 | INFO | MONITOR_SLEEP | Sleeping for 20s (base=20s, consecutive_errors=0, monitoring_suspended=False)
2025-11-26 20:45:14 | INFO | MONITOR | Paper trades checked (next in 60s)
2025-11-26 20:45:14 | INFO | MONITOR_SLEEP | Sleeping for 20s (base=20s, consecutive_errors=0, monitoring_suspended=False)
2025-11-26 20:45:34 | INFO | MONITOR_SLEEP | Sleeping for 20s (base=20s, consecutive_errors=0, monitoring_suspended=False)
2025-11-26 20:45:54 | INFO | MONITOR_SLEEP | Sleeping for 20s (base=20s, consecutive_errors=0, monitoring_suspended=False)
2025-11-26 20:46:14 | INFO | MONITOR | Paper trades checked (next in 60s)
2025-11-26 20:46:14 | INFO | MONITOR_SLEEP | Sleeping for 20s (base=20s, consecutive_errors=0, monitoring_suspended=False)
2025-11-26 20:46:34 | INFO | MONITOR_SLEEP | Sleeping for 20s (base=20s, consecutive_errors=0, monitoring_suspended=False)
2025-11-26 20:46:54 | INFO | MONITOR_SLEEP | Sleeping for 20s (base=20s, consecutive_errors=0, monitoring_suspended=False)
2025-11-26 20:47:14 | INFO | MONITOR | Paper trades checked (next in 60s)
2025-11-26 20:47:14 | INFO | MONITOR_SLEEP | Sleeping for 20s (base=20s, consecutive_errors=0, monitoring_suspended=False)
2025-11-26 20:47:34 | INFO | MONITOR_SLEEP | Sleeping for 20s (base=20s, consecutive_errors=0, monitoring_suspended=False)
2025-11-26 20:47:54 | INFO | MONITOR_SLEEP | Sleeping for 20s (base=20s, consecutive_errors=0, monitoring_suspended=False)
2025-11-26 20:48:14 | INFO | MONITOR | Paper trades checked (next in 60s)
2025-11-26 20:48:14 | INFO | MONITOR_SLEEP | Sleeping for 20s (base=20s, consecutive_errors=0, monitoring_suspended=False)
2025-11-26 20:48:34 | INFO | MONITOR_SLEEP | Sleeping for 20s (base=20s, consecutive_errors=0, monitoring_suspended=False)
2025-11-26 20:48:54 | INFO | MONITOR_SLEEP | Sleeping for 20s (base=20s, consecutive_errors=0, monitoring_suspended=False)
2025-11-26 20:49:14 | INFO | MONITOR | Paper trades checked (next in 60s)
2025-11-26 20:49:14 | INFO | MONITOR_SLEEP | Sleeping for 20s (base=20s, consecutive_errors=0, monitoring_suspended=False)
2025-11-26 20:49:34 | INFO | MONITOR_SLEEP | Sleeping for 20s (base=20s, consecutive_errors=0, monitoring_suspended=False)
2025-11-26 20:49:54 | INFO | MONITOR_SLEEP | Sleeping for 20s (base=20s, consecutive_errors=0, monitoring_suspended=False)
2025-11-26 20:50:14 | INFO | MONITOR | Paper trades checked (next in 60s)
2025-11-26 20:50:14 | INFO | MONITOR_SLEEP | Sleeping for 20s (base=20s, consecutive_errors=0, monitoring_suspended=False)
2025-11-26 20:50:34 | INFO | MONITOR_SLEEP | Sleeping for 20s (base=20s, consecutive_errors=0, monitoring_suspended=False)
2025-11-26 20:50:54 | INFO | MONITOR_SLEEP | Sleeping for 20s (base=20s, consecutive_errors=0, monitoring_suspended=False)
2025-11-26 20:51:14 | INFO | MONITOR | Paper trades checked (next in 60s)
2025-11-26 20:51:14 | INFO | MONITOR_SLEEP | Sleeping for 20s (base=20s, consecutive_errors=0, monitoring_suspended=False)
2025-11-26 20:51:34 | INFO | MONITOR_SLEEP | Sleeping for 20s (base=20s, consecutive_errors=0, monitoring_suspended=False)
2025-11-26 20:51:54 | INFO | MONITOR_SLEEP | Sleeping for 20s (base=20s, consecutive_errors=0, monitoring_suspended=False)
2025-11-26 20:52:14 | INFO | MONITOR | Paper trades checked (next in 60s)
2025-11-26 20:52:14 | INFO | MONITOR_SLEEP | Sleeping for 20s (base=20s, consecutive_errors=0, monitoring_suspended=False)
2025-11-26 20:52:34 | INFO | MONITOR_SLEEP | Sleeping for 20s (base=20s, consecutive_errors=0, monitoring_suspended=False)
2025-11-26 20:52:54 | INFO | MONITOR_SLEEP | Sleeping for 20s (base=20s, consecutive_errors=0, monitoring_suspended=False)
2025-11-26 20:53:14 | INFO | MONITOR | Paper trades checked (next in 60s)
2025-11-26 20:53:14 | INFO | MONITOR_SLEEP | Sleeping for 20s (base=20s, consecutive_errors=0, monitoring_suspended=False)
2025-11-26 20:53:34 | INFO | MONITOR_SLEEP | Sleeping for 20s (base=20s, consecutive_errors=0, monitoring_suspended=False)
2025-11-26 20:53:54 | INFO | MONITOR_SLEEP | Sleeping for 20s (base=20s, consecutive_errors=0, monitoring_suspended=False)
2025-11-26 20:54:14 | INFO | MONITOR | Paper trades checked (next in 60s)
2025-11-26 20:54:14 | INFO | MONITOR_SLEEP | Sleeping for 20s (base=20s, consecutive_errors=0, monitoring_suspended=False)
2025-11-26 20:54:34 | INFO | MONITOR_SLEEP | Sleeping for 20s (base=20s, consecutive_errors=0, monitoring_suspended=False)
2025-11-26 20:54:54 | INFO | MONITOR_SLEEP | Sleeping for 20s (base=20s, consecutive_errors=0, monitoring_suspended=False)
2025-11-26 20:55:14 | INFO | MONITOR | Paper trades checked (next in 60s)
2025-11-26 20:55:14 | INFO | MONITOR_SLEEP | Sleeping for 20s (base=20s, consecutive_errors=0, monitoring_suspended=False)
2025-11-26 20:55:34 | INFO | MONITOR_SLEEP | Sleeping for 20s (base=20s, consecutive_errors=0, monitoring_suspended=False)
2025-11-26 20:55:54 | INFO | MONITOR_SLEEP | Sleeping for 20s (base=20s, consecutive_errors=0, monitoring_suspended=False)
2025-11-26 20:56:14 | INFO | MONITOR | Paper trades checked (next in 60s)
2025-11-26 20:56:14 | INFO | MONITOR_SLEEP | Sleeping for 20s (base=20s, consecutive_errors=0, monitoring_suspended=False)
2025-11-26 20:56:34 | INFO | MONITOR_SLEEP | Sleeping for 20s (base=20s, consecutive_errors=0, monitoring_suspended=False)
2025-11-26 20:56:54 | INFO | MONITOR_SLEEP | Sleeping for 20s (base=20s, consecutive_errors=0, monitoring_suspended=False)
2025-11-26 20:57:14 | INFO | MONITOR | Paper trades checked (next in 60s)
2025-11-26 20:57:14 | INFO | MONITOR_SLEEP | Sleeping for 20s (base=20s, consecutive_errors=0, monitoring_suspended=False)
2025-11-26 20:57:34 | INFO | MONITOR_SLEEP | Sleeping for 20s (base=20s, consecutive_errors=0, monitoring_suspended=False)
2025-11-26 20:57:54 | INFO | MONITOR_SLEEP | Sleeping for 20s (base=20s, consecutive_errors=0, monitoring_suspended=False)
2025-11-26 20:58:14 | INFO | MONITOR | Paper trades checked (next in 60s)
2025-11-26 20:58:14 | INFO | MONITOR_SLEEP | Sleeping for 20s (base=20s, consecutive_errors=0, monitoring_suspended=False)
2025-11-26 20:58:34 | INFO | MONITOR_SLEEP | Sleeping for 20s (base=20s, consecutive_errors=0, monitoring_suspended=False)
2025-11-26 20:58:54 | INFO | MONITOR_SLEEP | Sleeping for 20s (base=20s, consecutive_errors=0, monitoring_suspended=False)
2025-11-26 20:59:14 | INFO | MONITOR | Paper trades checked (next in 60s)
2025-11-26 20:59:14 | INFO | MONITOR_SLEEP | Sleeping for 20s (base=20s, consecutive_errors=0, monitoring_suspended=False)
2025-11-26 20:59:34 | INFO | MONITOR_SLEEP | Sleeping for 20s (base=20s, consecutive_errors=0, monitoring_suspended=False)
2025-11-26 20:59:54 | INFO | MONITOR_SLEEP | Sleeping for 20s (base=20s, consecutive_errors=0, monitoring_suspended=False)
2025-11-26 21:00:14 | INFO | MONITOR | Paper trades checked (next in 60s)
2025-11-26 21:00:14 | INFO | MONITOR_SLEEP | Sleeping for 20s (base=20s, consecutive_errors=0, monitoring_suspended=False)
2025-11-26 21:00:34 | INFO | MONITOR_SLEEP | Sleeping for 20s (base=20s, consecutive_errors=0, monitoring_suspended=False)
2025-11-26 21:00:54 | INFO | MONITOR_SLEEP | Sleeping for 20s (base=20s, consecutive_errors=0, monitoring_suspended=False)
2025-11-26 21:01:14 | INFO | MONITOR | Paper trades checked (next in 60s)
2025-11-26 21:01:14 | INFO | MONITOR_SLEEP | Sleeping for 20s (base=20s, consecutive_errors=0, monitoring_suspended=False)
2025-11-26 21:01:34 | INFO | MONITOR_SLEEP | Sleeping for 20s (base=20s, consecutive_errors=0, monitoring_suspended=False)
2025-11-26 21:01:54 | INFO | MONITOR_SLEEP | Sleeping for 20s (base=20s, consecutive_errors=0, monitoring_suspended=False)
2025-11-26 21:02:14 | INFO | MONITOR | Paper trades checked (next in 60s)
2025-11-26 21:02:14 | INFO | MONITOR_SLEEP | Sleeping for 20s (base=20s, consecutive_errors=0, monitoring_suspended=False)
2025-11-26 21:02:34 | INFO | MONITOR_SLEEP | Sleeping for 20s (base=20s, consecutive_errors=0, monitoring_suspended=False)
2025-11-26 21:02:54 | INFO | MONITOR_SLEEP | Sleeping for 20s (base=20s, consecutive_errors=0, monitoring_suspended=False)
2025-11-26 21:03:14 | INFO | MONITOR | Paper trades checked (next in 60s)
2025-11-26 21:03:14 | INFO | MONITOR_SLEEP | Sleeping for 20s (base=20s, consecutive_errors=0, monitoring_suspended=False)
2025-11-26 21:03:34 | INFO | MONITOR_SLEEP | Sleeping for 20s (base=20s, consecutive_errors=0, monitoring_suspended=False)
2025-11-26 21:03:54 | INFO | MONITOR_SLEEP | Sleeping for 20s (base=20s, consecutive_errors=0, monitoring_suspended=False)
2025-11-26 21:04:14 | INFO | MONITOR | Paper trades checked (next in 60s)
2025-11-26 21:04:14 | INFO | MONITOR_SLEEP | Sleeping for 20s (base=20s, consecutive_errors=0, monitoring_suspended=False)
2025-11-26 21:04:34 | INFO | MONITOR_SLEEP | Sleeping for 20s (base=20s, consecutive_errors=0, monitoring_suspended=False)
2025-11-26 21:04:54 | INFO | MONITOR_SLEEP | Sleeping for 20s (base=20s, consecutive_errors=0, monitoring_suspended=False)
2025-11-26 21:05:14 | INFO | MONITOR | Paper trades checked (next in 60s)
2025-11-26 21:05:14 | INFO | MONITOR_SLEEP | Sleeping for 20s (base=20s, consecutive_errors=0, monitoring_suspended=False)
2025-11-26 21:05:34 | INFO | MONITOR_SLEEP | Sleeping for 20s (base=20s, consecutive_errors=0, monitoring_suspended=False)
2025-11-26 21:05:54 | INFO | MONITOR_SLEEP | Sleeping for 20s (base=20s, consecutive_errors=0, monitoring_suspended=False)
2025-11-26 21:06:14 | INFO | MONITOR | Paper trades checked (next in 60s)
2025-11-26 21:06:14 | INFO | MONITOR_SLEEP | Sleeping for 20s (base=20s, consecutive_errors=0, monitoring_suspended=False)
2025-11-26 21:06:34 | INFO | MONITOR_SLEEP | Sleeping for 20s (base=20s, consecutive_errors=0, monitoring_suspended=False)
2025-11-26 21:06:54 | INFO | MONITOR_SLEEP | Sleeping for 20s (base=20s, consecutive_errors=0, monitoring_suspended=False)
2025-11-26 21:07:14 | INFO | MONITOR | Paper trades checked (next in 60s)
2025-11-26 21:07:14 | INFO | MONITOR_SLEEP | Sleeping for 20s (base=20s, consecutive_errors=0, monitoring_suspended=False)
2025-11-26 21:07:34 | INFO | MONITOR_SLEEP | Sleeping for 20s (base=20s, consecutive_errors=0, monitoring_suspended=False)
2025-11-26 21:07:54 | INFO | MONITOR_SLEEP | Sleeping for 20s (base=20s, consecutive_errors=0, monitoring_suspended=False)
2025-11-26 21:08:14 | INFO | MONITOR | Paper trades checked (next in 60s)
2025-11-26 21:08:14 | INFO | MONITOR_SLEEP | Sleeping for 20s (base=20s, consecutive_errors=0, monitoring_suspended=False)
2025-11-26 21:08:34 | INFO | MONITOR_SLEEP | Sleeping for 20s (base=20s, consecutive_errors=0, monitoring_suspended=False)
2025-11-26 21:08:54 | INFO | MONITOR_SLEEP | Sleeping for 20s (base=20s, consecutive_errors=0, monitoring_suspended=False)
2025-11-26 21:09:14 | INFO | MONITOR | Paper trades checked (next in 60s)
2025-11-26 21:09:14 | INFO | MONITOR_SLEEP | Sleeping for 20s (base=20s, consecutive_errors=0, monitoring_suspended=False)
2025-11-26 21:09:34 | INFO | MONITOR_SLEEP | Sleeping for 20s (base=20s, consecutive_errors=0, monitoring_suspended=False)
2025-11-26 21:09:54 | INFO | MONITOR_SLEEP | Sleeping for 20s (base=20s, consecutive_errors=0, monitoring_suspended=False)
2025-11-26 21:10:14 | INFO | MONITOR | Paper trades checked (next in 60s)
2025-11-26 21:10:14 | INFO | MONITOR_SLEEP | Sleeping for 20s (base=20s, consecutive_errors=0, monitoring_suspended=False)
2025-11-26 21:10:34 | INFO | MONITOR_SLEEP | Sleeping for 20s (base=20s, consecutive_errors=0, monitoring_suspended=False)
2025-11-26 21:10:54 | INFO | MONITOR_SLEEP | Sleeping for 20s (base=20s, consecutive_errors=0, monitoring_suspended=False)
2025-11-26 21:11:14 | INFO | MONITOR | Paper trades checked (next in 60s)
2025-11-26 21:11:14 | INFO | MONITOR_SLEEP | Sleeping for 20s (base=20s, consecutive_errors=0, monitoring_suspended=False)
2025-11-26 21:11:34 | INFO | MONITOR_SLEEP | Sleeping for 20s (base=20s, consecutive_errors=0, monitoring_suspended=False)
2025-11-26 21:11:54 | INFO | MONITOR_SLEEP | Sleeping for 20s (base=20s, consecutive_errors=0, monitoring_suspended=False)
2025-11-26 21:12:14 | INFO | MONITOR | Paper trades checked (next in 60s)
2025-11-26 21:12:14 | INFO | MONITOR_SLEEP | Sleeping for 20s (base=20s, consecutive_errors=0, monitoring_suspended=False)
2025-11-26 21:12:34 | INFO | MONITOR_SLEEP | Sleeping for 20s (base=20s, consecutive_errors=0, monitoring_suspended=False)
2025-11-26 21:12:54 | INFO | MONITOR_SLEEP | Sleeping for 20s (base=20s, consecutive_errors=0, monitoring_suspended=False)
2025-11-26 21:13:14 | INFO | MONITOR | Paper trades checked (next in 60s)
2025-11-26 21:13:14 | INFO | MONITOR_SLEEP | Sleeping for 20s (base=20s, consecutive_errors=0, monitoring_suspended=False)
2025-11-26 21:13:34 | INFO | MONITOR_SLEEP | Sleeping for 20s (base=20s, consecutive_errors=0, monitoring_suspended=False)
2025-11-26 21:13:54 | INFO | MONITOR_SLEEP | Sleeping for 20s (base=20s, consecutive_errors=0, monitoring_suspended=False)
2025-11-26 21:14:14 | INFO | MONITOR | Paper trades checked (next in 60s)
2025-11-26 21:14:14 | INFO | MONITOR_SLEEP | Sleeping for 20s (base=20s, consecutive_errors=0, monitoring_suspended=False)
2025-11-26 21:14:34 | INFO | MONITOR_SLEEP | Sleeping for 20s (base=20s, consecutive_errors=0, monitoring_suspended=False)
2025-11-26 21:14:54 | INFO | MONITOR_SLEEP | Sleeping for 20s (base=20s, consecutive_errors=0, monitoring_suspended=False)
2025-11-26 21:15:14 | INFO | MONITOR | Paper trades checked (next in 60s)
2025-11-26 21:15:14 | INFO | MONITOR_SLEEP | Sleeping for 20s (base=20s, consecutive_errors=0, monitoring_suspended=False)
2025-11-26 21:15:34 | INFO | MONITOR_SLEEP | Sleeping for 20s (base=20s, consecutive_errors=0, monitoring_suspended=False)
2025-11-26 21:15:54 | INFO | MONITOR_SLEEP | Sleeping for 20s (base=20s, consecutive_errors=0, monitoring_suspended=False)
2025-11-26 21:16:14 | INFO | MONITOR | Paper trades checked (next in 60s)
2025-11-26 21:16:14 | INFO | MONITOR_SLEEP | Sleeping for 20s (base=20s, consecutive_errors=0, monitoring_suspended=False)
2025-11-26 21:16:34 | INFO | MONITOR_SLEEP | Sleeping for 20s (base=20s, consecutive_errors=0, monitoring_suspended=False)
2025-11-26 21:16:54 | INFO | MONITOR_SLEEP | Sleeping for 20s (base=20s, consecutive_errors=0, monitoring_suspended=False)
2025-11-26 21:17:14 | INFO | MONITOR | Paper trades checked (next in 60s)
2025-11-26 21:17:14 | INFO | MONITOR_SLEEP | Sleeping for 20s (base=20s, consecutive_errors=0, monitoring_suspended=False)
2025-11-26 21:17:34 | INFO | MONITOR_SLEEP | Sleeping for 20s (base=20s, consecutive_errors=0, monitoring_suspended=False)
2025-11-26 21:17:54 | INFO | MONITOR_SLEEP | Sleeping for 20s (base=20s, consecutive_errors=0, monitoring_suspended=False)
2025-11-26 21:18:14 | INFO | MONITOR | Paper trades checked (next in 60s)
2025-11-26 21:18:14 | INFO | MONITOR_SLEEP | Sleeping for 20s (base=20s, consecutive_errors=0, monitoring_suspended=False)
2025-11-26 21:18:34 | INFO | MONITOR_SLEEP | Sleeping for 20s (base=20s, consecutive_errors=0, monitoring_suspended=False)
2025-11-26 21:18:54 | INFO | MONITOR_SLEEP | Sleeping for 20s (base=20s, consecutive_errors=0, monitoring_suspended=False)
2025-11-26 21:19:14 | INFO | MONITOR | Paper trades checked (next in 60s)
2025-11-26 21:19:14 | INFO | MONITOR_SLEEP | Sleeping for 20s (base=20s, consecutive_errors=0, monitoring_suspended=False)
2025-11-26 21:19:34 | INFO | MONITOR_SLEEP | Sleeping for 20s (base=20s, consecutive_errors=0, monitoring_suspended=False)
2025-11-26 21:19:54 | INFO | MONITOR_SLEEP | Sleeping for 20s (base=20s, consecutive_errors=0, monitoring_suspended=False)
2025-11-26 21:20:14 | INFO | MONITOR | Paper trades checked (next in 60s)
2025-11-26 21:20:14 | INFO | MONITOR_SLEEP | Sleeping for 20s (base=20s, consecutive_errors=0, monitoring_suspended=False)
2025-11-26 21:20:34 | INFO | MONITOR_SLEEP | Sleeping for 20s (base=20s, consecutive_errors=0, monitoring_suspended=False)
2025-11-26 21:20:54 | INFO | MONITOR_SLEEP | Sleeping for 20s (base=20s, consecutive_errors=0, monitoring_suspended=False)
2025-11-26 21:21:14 | INFO | MONITOR | Paper trades checked (next in 60s)
2025-11-26 21:21:14 | INFO | MONITOR_SLEEP | Sleeping for 20s (base=20s, consecutive_errors=0, monitoring_suspended=False)
2025-11-26 21:21:34 | INFO | MONITOR_SLEEP | Sleeping for 20s (base=20s, consecutive_errors=0, monitoring_suspended=False)
2025-11-26 21:21:54 | INFO | MONITOR_SLEEP | Sleeping for 20s (base=20s, consecutive_errors=0, monitoring_suspended=False)
2025-11-26 21:22:14 | INFO | MONITOR | Paper trades checked (next in 60s)
2025-11-26 21:22:14 | INFO | MONITOR_SLEEP | Sleeping for 20s (base=20s, consecutive_errors=0, monitoring_suspended=False)
2025-11-26 21:22:34 | INFO | MONITOR_SLEEP | Sleeping for 20s (base=20s, consecutive_errors=0, monitoring_suspended=False)
2025-11-26 21:22:54 | INFO | MONITOR_SLEEP | Sleeping for 20s (base=20s, consecutive_errors=0, monitoring_suspended=False)
2025-11-26 21:23:14 | INFO | MONITOR | Paper trades checked (next in 60s)
2025-11-26 21:23:14 | INFO | MONITOR_SLEEP | Sleeping for 20s (base=20s, consecutive_errors=0, monitoring_suspended=False)
2025-11-26 21:23:34 | INFO | MONITOR_SLEEP | Sleeping for 20s (base=20s, consecutive_errors=0, monitoring_suspended=False)
2025-11-26 21:23:54 | INFO | MONITOR_SLEEP | Sleeping for 20s (base=20s, consecutive_errors=0, monitoring_suspended=False)
2025-11-26 21:24:14 | INFO | MONITOR | Paper trades checked (next in 60s)
2025-11-26 21:24:14 | INFO | MONITOR_SLEEP | Sleeping for 20s (base=20s, consecutive_errors=0, monitoring_suspended=False)
2025-11-26 21:24:34 | INFO | MONITOR_SLEEP | Sleeping for 20s (base=20s, consecutive_errors=0, monitoring_suspended=False)
2025-11-26 21:24:54 | INFO | MONITOR_SLEEP | Sleeping for 20s (base=20s, consecutive_errors=0, monitoring_suspended=False)
2025-11-26 21:25:14 | INFO | MONITOR | Paper trades checked (next in 60s)
2025-11-26 21:25:14 | INFO | MONITOR_SLEEP | Sleeping for 20s (base=20s, consecutive_errors=0, monitoring_suspended=False)
2025-11-26 21:25:34 | INFO | MONITOR_SLEEP | Sleeping for 20s (base=20s, consecutive_errors=0, monitoring_suspended=False)
2025-11-26 21:25:54 | INFO | MONITOR_SLEEP | Sleeping for 20s (base=20s, consecutive_errors=0, monitoring_suspended=False)
2025-11-26 21:26:14 | INFO | MONITOR | Paper trades checked (next in 60s)
2025-11-26 21:26:14 | INFO | MONITOR_SLEEP | Sleeping for 20s (base=20s, consecutive_errors=0, monitoring_suspended=False)
2025-11-26 21:26:34 | INFO | MONITOR_SLEEP | Sleeping for 20s (base=20s, consecutive_errors=0, monitoring_suspended=False)
2025-11-26 21:26:54 | INFO | MONITOR_SLEEP | Sleeping for 20s (base=20s, consecutive_errors=0, monitoring_suspended=False)
2025-11-26 21:27:14 | INFO | MONITOR | Paper trades checked (next in 60s)
2025-11-26 21:27:14 | INFO | MONITOR_SLEEP | Sleeping for 20s (base=20s, consecutive_errors=0, monitoring_suspended=False)
2025-11-26 21:27:34 | INFO | MONITOR_SLEEP | Sleeping for 20s (base=20s, consecutive_errors=0, monitoring_suspended=False)
2025-11-26 21:27:54 | INFO | MONITOR_SLEEP | Sleeping for 20s (base=20s, consecutive_errors=0, monitoring_suspended=False)
2025-11-26 21:28:14 | INFO | MONITOR | Paper trades checked (next in 60s)
2025-11-26 21:28:14 | INFO | MONITOR_SLEEP | Sleeping for 20s (base=20s, consecutive_errors=0, monitoring_suspended=False)
2025-11-26 21:28:34 | INFO | MONITOR_SLEEP | Sleeping for 20s (base=20s, consecutive_errors=0, monitoring_suspended=False)
2025-11-26 21:28:54 | INFO | MONITOR_SLEEP | Sleeping for 20s (base=20s, consecutive_errors=0, monitoring_suspended=False)
2025-11-26 21:29:14 | INFO | MONITOR | Paper trades checked (next in 60s)
2025-11-26 21:29:14 | INFO | MONITOR_SLEEP | Sleeping for 20s (base=20s, consecutive_errors=0, monitoring_suspended=False)
2025-11-26 21:29:34 | INFO | MONITOR_SLEEP | Sleeping for 20s (base=20s, consecutive_errors=0, monitoring_suspended=False)
2025-11-26 21:29:54 | INFO | MONITOR_SLEEP | Sleeping for 20s (base=20s, consecutive_errors=0, monitoring_suspended=False)
2025-11-26 21:30:14 | INFO | MONITOR | Paper trades checked (next in 60s)
2025-11-26 21:30:14 | INFO | MONITOR_SLEEP | Sleeping for 20s (base=20s, consecutive_errors=0, monitoring_suspended=False)
2025-11-26 21:30:34 | INFO | MONITOR_SLEEP | Sleeping for 20s (base=20s, consecutive_errors=0, monitoring_suspended=False)
2025-11-26 21:30:54 | INFO | MONITOR_SLEEP | Sleeping for 20s (base=20s, consecutive_errors=0, monitoring_suspended=False)
2025-11-26 21:31:14 | INFO | MONITOR | Paper trades checked (next in 60s)
2025-11-26 21:31:14 | INFO | MONITOR_SLEEP | Sleeping for 20s (base=20s, consecutive_errors=0, monitoring_suspended=False)
2025-11-26 21:31:34 | INFO | MONITOR_SLEEP | Sleeping for 20s (base=20s, consecutive_errors=0, monitoring_suspended=False)
2025-11-26 21:31:54 | INFO | MONITOR_SLEEP | Sleeping for 20s (base=20s, consecutive_errors=0, monitoring_suspended=False)
2025-11-26 21:32:14 | INFO | MONITOR | Paper trades checked (next in 60s)
2025-11-26 21:32:14 | INFO | MONITOR_SLEEP | Sleeping for 20s (base=20s, consecutive_errors=0, monitoring_suspended=False)
2025-11-26 21:32:34 | INFO | MONITOR_SLEEP | Sleeping for 20s (base=20s, consecutive_errors=0, monitoring_suspended=False)
2025-11-26 21:32:54 | INFO | MONITOR_SLEEP | Sleeping for 20s (base=20s, consecutive_errors=0, monitoring_suspended=False)
2025-11-26 21:33:14 | INFO | MONITOR | Paper trades checked (next in 60s)
2025-11-26 21:33:14 | INFO | MONITOR_SLEEP | Sleeping for 20s (base=20s, consecutive_errors=0, monitoring_suspended=False)
2025-11-26 21:33:34 | INFO | MONITOR_SLEEP | Sleeping for 20s (base=20s, consecutive_errors=0, monitoring_suspended=False)
2025-11-26 21:33:54 | INFO | MONITOR_SLEEP | Sleeping for 20s (base=20s, consecutive_errors=0, monitoring_suspended=False)
2025-11-26 21:34:14 | INFO | MONITOR | Paper trades checked (next in 60s)
2025-11-26 21:34:14 | INFO | MONITOR_SLEEP | Sleeping for 20s (base=20s, consecutive_errors=0, monitoring_suspended=False)
2025-11-26 21:34:34 | INFO | MONITOR_SLEEP | Sleeping for 20s (base=20s, consecutive_errors=0, monitoring_suspended=False)
2025-11-26 21:34:54 | INFO | MONITOR_SLEEP | Sleeping for 20s (base=20s, consecutive_errors=0, monitoring_suspended=False)
2025-11-26 21:35:14 | INFO | MONITOR | Paper trades checked (next in 60s)
2025-11-26 21:35:14 | INFO | MONITOR_SLEEP | Sleeping for 20s (base=20s, consecutive_errors=0, monitoring_suspended=False)
2025-11-26 21:35:34 | INFO | MONITOR_SLEEP | Sleeping for 20s (base=20s, consecutive_errors=0, monitoring_suspended=False)
2025-11-26 21:35:54 | INFO | MONITOR_SLEEP | Sleeping for 20s (base=20s, consecutive_errors=0, monitoring_suspended=False)
2025-11-26 21:36:14 | INFO | MONITOR | Paper trades checked (next in 60s)
2025-11-26 21:36:14 | INFO | MONITOR_SLEEP | Sleeping for 20s (base=20s, consecutive_errors=0, monitoring_suspended=False)
2025-11-26 21:36:34 | INFO | MONITOR_SLEEP | Sleeping for 20s (base=20s, consecutive_errors=0, monitoring_suspended=False)
2025-11-26 21:36:54 | INFO | MONITOR_SLEEP | Sleeping for 20s (base=20s, consecutive_errors=0, monitoring_suspended=False)
2025-11-26 21:37:14 | INFO | MONITOR | Paper trades checked (next in 60s)
2025-11-26 21:37:14 | INFO | MONITOR_SLEEP | Sleeping for 20s (base=20s, consecutive_errors=0, monitoring_suspended=False)
2025-11-26 21:37:34 | INFO | MONITOR_SLEEP | Sleeping for 20s (base=20s, consecutive_errors=0, monitoring_suspended=False)
2025-11-26 21:37:54 | INFO | MONITOR_SLEEP | Sleeping for 20s (base=20s, consecutive_errors=0, monitoring_suspended=False)
2025-11-26 21:38:14 | INFO | MONITOR | Paper trades checked (next in 60s)
2025-11-26 21:38:14 | INFO | MONITOR_SLEEP | Sleeping for 20s (base=20s, consecutive_errors=0, monitoring_suspended=False)
2025-11-26 21:38:34 | INFO | MONITOR_SLEEP | Sleeping for 20s (base=20s, consecutive_errors=0, monitoring_suspended=False)
2025-11-26 21:38:54 | INFO | MONITOR_SLEEP | Sleeping for 20s (base=20s, consecutive_errors=0, monitoring_suspended=False)
2025-11-26 21:39:14 | INFO | MONITOR | Paper trades checked (next in 60s)
2025-11-26 21:39:14 | INFO | MONITOR_SLEEP | Sleeping for 20s (base=20s, consecutive_errors=0, monitoring_suspended=False)
2025-11-26 21:39:34 | INFO | MONITOR_SLEEP | Sleeping for 20s (base=20s, consecutive_errors=0, monitoring_suspended=False)
2025-11-26 21:39:54 | INFO | MONITOR_SLEEP | Sleeping for 20s (base=20s, consecutive_errors=0, monitoring_suspended=False)
2025-11-26 21:40:14 | INFO | MONITOR | Paper trades checked (next in 60s)
2025-11-26 21:40:14 | INFO | MONITOR_SLEEP | Sleeping for 20s (base=20s, consecutive_errors=0, monitoring_suspended=False)
2025-11-26 21:40:34 | INFO | MONITOR_SLEEP | Sleeping for 20s (base=20s, consecutive_errors=0, monitoring_suspended=False)
2025-11-26 21:40:54 | INFO | MONITOR_SLEEP | Sleeping for 20s (base=20s, consecutive_errors=0, monitoring_suspended=False)
2025-11-26 21:41:14 | INFO | MONITOR | Paper trades checked (next in 60s)
2025-11-26 21:41:14 | INFO | MONITOR_SLEEP | Sleeping for 20s (base=20s, consecutive_errors=0, monitoring_suspended=False)
2025-11-26 21:41:34 | INFO | MONITOR_SLEEP | Sleeping for 20s (base=20s, consecutive_errors=0, monitoring_suspended=False)
2025-11-26 21:41:54 | INFO | MONITOR_SLEEP | Sleeping for 20s (base=20s, consecutive_errors=0, monitoring_suspended=False)
2025-11-26 21:42:14 | INFO | MONITOR | Paper trades checked (next in 60s)
2025-11-26 21:42:14 | INFO | MONITOR_SLEEP | Sleeping for 20s (base=20s, consecutive_errors=0, monitoring_suspended=False)
2025-11-26 21:42:34 | INFO | MONITOR_SLEEP | Sleeping for 20s (base=20s, consecutive_errors=0, monitoring_suspended=False)
2025-11-26 21:42:54 | INFO | MONITOR_SLEEP | Sleeping for 20s (base=20s, consecutive_errors=0, monitoring_suspended=False)
2025-11-26 21:43:14 | INFO | MONITOR | Paper trades checked (next in 60s)
2025-11-26 21:43:14 | INFO | MONITOR_SLEEP | Sleeping for 20s (base=20s, consecutive_errors=0, monitoring_suspended=False)
2025-11-26 21:43:34 | INFO | MONITOR_SLEEP | Sleeping for 20s (base=20s, consecutive_errors=0, monitoring_suspended=False)
2025-11-26 21:43:54 | INFO | MONITOR_SLEEP | Sleeping for 20s (base=20s, consecutive_errors=0, monitoring_suspended=False)
2025-11-26 21:44:14 | INFO | MONITOR | Paper trades checked (next in 60s)
2025-11-26 21:44:14 | INFO | MONITOR_SLEEP | Sleeping for 20s (base=20s, consecutive_errors=0, monitoring_suspended=False)
2025-11-26 21:44:34 | INFO | MONITOR_SLEEP | Sleeping for 20s (base=20s, consecutive_errors=0, monitoring_suspended=False)
2025-11-26 21:44:54 | INFO | MONITOR_SLEEP | Sleeping for 20s (base=20s, consecutive_errors=0, monitoring_suspended=False)
2025-11-26 21:45:14 | INFO | MONITOR | Paper trades checked (next in 60s)
2025-11-26 21:45:14 | INFO | MONITOR_SLEEP | Sleeping for 20s (base=20s, consecutive_errors=0, monitoring_suspended=False)
2025-11-26 21:45:34 | INFO | MONITOR_SLEEP | Sleeping for 20s (base=20s, consecutive_errors=0, monitoring_suspended=False)
2025-11-26 21:45:54 | INFO | MONITOR_SLEEP | Sleeping for 20s (base=20s, consecutive_errors=0, monitoring_suspended=False)
2025-11-26 21:46:14 | INFO | MONITOR | Paper trades checked (next in 60s)
2025-11-26 21:46:14 | INFO | MONITOR_SLEEP | Sleeping for 20s (base=20s, consecutive_errors=0, monitoring_suspended=False)
2025-11-26 21:46:34 | INFO | MONITOR_SLEEP | Sleeping for 20s (base=20s, consecutive_errors=0, monitoring_suspended=False)
2025-11-26 21:46:54 | INFO | MONITOR_SLEEP | Sleeping for 20s (base=20s, consecutive_errors=0, monitoring_suspended=False)
2025-11-26 21:47:14 | INFO | MONITOR | Paper trades checked (next in 60s)
2025-11-26 21:47:14 | INFO | MONITOR_SLEEP | Sleeping for 20s (base=20s, consecutive_errors=0, monitoring_suspended=False)
2025-11-26 21:47:34 | INFO | MONITOR_SLEEP | Sleeping for 20s (base=20s, consecutive_errors=0, monitoring_suspended=False)
2025-11-26 21:47:54 | INFO | MONITOR_SLEEP | Sleeping for 20s (base=20s, consecutive_errors=0, monitoring_suspended=False)
2025-11-26 21:48:14 | INFO | MONITOR | Paper trades checked (next in 60s)
2025-11-26 21:48:14 | INFO | MONITOR_SLEEP | Sleeping for 20s (base=20s, consecutive_errors=0, monitoring_suspended=False)
2025-11-26 21:48:34 | INFO | MONITOR_SLEEP | Sleeping for 20s (base=20s, consecutive_errors=0, monitoring_suspended=False)
2025-11-26 21:48:54 | INFO | MONITOR_SLEEP | Sleeping for 20s (base=20s, consecutive_errors=0, monitoring_suspended=False)
2025-11-26 21:49:14 | INFO | MONITOR | Paper trades checked (next in 60s)
2025-11-26 21:49:14 | INFO | MONITOR_SLEEP | Sleeping for 20s (base=20s, consecutive_errors=0, monitoring_suspended=False)
2025-11-26 21:49:34 | INFO | MONITOR_SLEEP | Sleeping for 20s (base=20s, consecutive_errors=0, monitoring_suspended=False)
2025-11-26 21:49:54 | INFO | MONITOR_SLEEP | Sleeping for 20s (base=20s, consecutive_errors=0, monitoring_suspended=False)
2025-11-26 21:50:14 | INFO | MONITOR | Paper trades checked (next in 60s)
2025-11-26 21:50:14 | INFO | MONITOR_SLEEP | Sleeping for 20s (base=20s, consecutive_errors=0, monitoring_suspended=False)
2025-11-26 21:50:34 | INFO | MONITOR_SLEEP | Sleeping for 20s (base=20s, consecutive_errors=0, monitoring_suspended=False)
2025-11-26 21:50:54 | INFO | MONITOR_SLEEP | Sleeping for 20s (base=20s, consecutive_errors=0, monitoring_suspended=False)
2025-11-26 21:51:14 | INFO | MONITOR | Paper trades checked (next in 60s)
2025-11-26 21:51:14 | INFO | MONITOR_SLEEP | Sleeping for 20s (base=20s, consecutive_errors=0, monitoring_suspended=False)
2025-11-26 21:51:34 | INFO | MONITOR_SLEEP | Sleeping for 20s (base=20s, consecutive_errors=0, monitoring_suspended=False)
2025-11-26 21:51:54 | INFO | MONITOR_SLEEP | Sleeping for 20s (base=20s, consecutive_errors=0, monitoring_suspended=False)
2025-11-26 21:52:14 | INFO | MONITOR | Paper trades checked (next in 60s)
2025-11-26 21:52:14 | INFO | MONITOR_SLEEP | Sleeping for 20s (base=20s, consecutive_errors=0, monitoring_suspended=False)
2025-11-26 21:52:34 | INFO | MONITOR_SLEEP | Sleeping for 20s (base=20s, consecutive_errors=0, monitoring_suspended=False)
2025-11-26 21:52:54 | INFO | MONITOR_SLEEP | Sleeping for 20s (base=20s, consecutive_errors=0, monitoring_suspended=False)
2025-11-26 21:53:14 | INFO | MONITOR | Paper trades checked (next in 60s)
2025-11-26 21:53:14 | INFO | MONITOR_SLEEP | Sleeping for 20s (base=20s, consecutive_errors=0, monitoring_suspended=False)
2025-11-26 21:53:34 | INFO | MONITOR_SLEEP | Sleeping for 20s (base=20s, consecutive_errors=0, monitoring_suspended=False)
2025-11-26 21:53:54 | INFO | MONITOR_SLEEP | Sleeping for 20s (base=20s, consecutive_errors=0, monitoring_suspended=False)
2025-11-26 21:54:14 | INFO | MONITOR | Paper trades checked (next in 60s)
2025-11-26 21:54:14 | INFO | MONITOR_SLEEP | Sleeping for 20s (base=20s, consecutive_errors=0, monitoring_suspended=False)
2025-11-26 21:54:34 | INFO | MONITOR_SLEEP | Sleeping for 20s (base=20s, consecutive_errors=0, monitoring_suspended=False)
2025-11-26 21:54:54 | INFO | MONITOR_SLEEP | Sleeping for 20s (base=20s, consecutive_errors=0, monitoring_suspended=False)
2025-11-26 21:55:14 | INFO | MONITOR | Paper trades checked (next in 60s)
2025-11-26 21:55:14 | INFO | MONITOR_SLEEP | Sleeping for 20s (base=20s, consecutive_errors=0, monitoring_suspended=False)
2025-11-26 21:55:34 | INFO | MONITOR_SLEEP | Sleeping for 20s (base=20s, consecutive_errors=0, monitoring_suspended=False)
2025-11-26 21:55:54 | INFO | MONITOR_SLEEP | Sleeping for 20s (base=20s, consecutive_errors=0, monitoring_suspended=False)
2025-11-26 21:56:14 | INFO | MONITOR | Paper trades checked (next in 60s)
2025-11-26 21:56:14 | INFO | MONITOR_SLEEP | Sleeping for 20s (base=20s, consecutive_errors=0, monitoring_suspended=False)
2025-11-26 21:56:34 | INFO | MONITOR_SLEEP | Sleeping for 20s (base=20s, consecutive_errors=0, monitoring_suspended=False)
2025-11-26 21:56:54 | INFO | MONITOR_SLEEP | Sleeping for 20s (base=20s, consecutive_errors=0, monitoring_suspended=False)
2025-11-26 21:57:14 | INFO | MONITOR | Paper trades checked (next in 60s)
2025-11-26 21:57:14 | INFO | MONITOR_SLEEP | Sleeping for 20s (base=20s, consecutive_errors=0, monitoring_suspended=False)
2025-11-26 21:57:34 | INFO | MONITOR_SLEEP | Sleeping for 20s (base=20s, consecutive_errors=0, monitoring_suspended=False)
2025-11-26 21:57:54 | INFO | MONITOR_SLEEP | Sleeping for 20s (base=20s, consecutive_errors=0, monitoring_suspended=False)
2025-11-26 21:58:14 | INFO | MONITOR | Paper trades checked (next in 60s)
2025-11-26 21:58:14 | INFO | MONITOR_SLEEP | Sleeping for 20s (base=20s, consecutive_errors=0, monitoring_suspended=False)
2025-11-26 21:58:34 | INFO | MONITOR_SLEEP | Sleeping for 20s (base=20s, consecutive_errors=0, monitoring_suspended=False)
2025-11-26 21:58:54 | INFO | MONITOR_SLEEP | Sleeping for 20s (base=20s, consecutive_errors=0, monitoring_suspended=False)
2025-11-26 21:59:14 | INFO | MONITOR | Paper trades checked (next in 60s)
2025-11-26 21:59:14 | INFO | MONITOR_SLEEP | Sleeping for 20s (base=20s, consecutive_errors=0, monitoring_suspended=False)
2025-11-26 21:59:34 | INFO | MONITOR_SLEEP | Sleeping for 20s (base=20s, consecutive_errors=0, monitoring_suspended=False)
2025-11-26 21:59:54 | INFO | MONITOR_SLEEP | Sleeping for 20s (base=20s, consecutive_errors=0, monitoring_suspended=False)
2025-11-26 22:00:14 | INFO | MONITOR | Paper trades checked (next in 60s)
2025-11-26 22:00:14 | INFO | MONITOR_SLEEP | Sleeping for 20s (base=20s, consecutive_errors=0, monitoring_suspended=False)
2025-11-26 22:00:34 | INFO | MONITOR_SLEEP | Sleeping for 20s (base=20s, consecutive_errors=0, monitoring_suspended=False)
2025-11-26 22:00:54 | INFO | MONITOR_SLEEP | Sleeping for 20s (base=20s, consecutive_errors=0, monitoring_suspended=False)
2025-11-26 22:01:14 | INFO | MONITOR | Paper trades checked (next in 60s)
2025-11-26 22:01:14 | INFO | MONITOR_SLEEP | Sleeping for 20s (base=20s, consecutive_errors=0, monitoring_suspended=False)
2025-11-26 22:01:34 | INFO | MONITOR_SLEEP | Sleeping for 20s (base=20s, consecutive_errors=0, monitoring_suspended=False)
2025-11-26 22:01:54 | INFO | MONITOR_SLEEP | Sleeping for 20s (base=20s, consecutive_errors=0, monitoring_suspended=False)
2025-11-26 22:02:14 | INFO | MONITOR | Paper trades checked (next in 60s)
2025-11-26 22:02:14 | INFO | MONITOR_SLEEP | Sleeping for 20s (base=20s, consecutive_errors=0, monitoring_suspended=False)
2025-11-26 22:02:34 | INFO | MONITOR_SLEEP | Sleeping for 20s (base=20s, consecutive_errors=0, monitoring_suspended=False)
2025-11-26 22:02:54 | INFO | MONITOR_SLEEP | Sleeping for 20s (base=20s, consecutive_errors=0, monitoring_suspended=False)
2025-11-26 22:03:14 | INFO | MONITOR | Paper trades checked (next in 60s)
2025-11-26 22:03:14 | INFO | MONITOR_SLEEP | Sleeping for 20s (base=20s, consecutive_errors=0, monitoring_suspended=False)
2025-11-26 22:03:34 | INFO | MONITOR_SLEEP | Sleeping for 20s (base=20s, consecutive_errors=0, monitoring_suspended=False)
2025-11-26 22:03:54 | INFO | MONITOR_SLEEP | Sleeping for 20s (base=20s, consecutive_errors=0, monitoring_suspended=False)
2025-11-26 22:04:14 | INFO | MONITOR | Paper trades checked (next in 60s)
2025-11-26 22:04:14 | INFO | MONITOR_SLEEP | Sleeping for 20s (base=20s, consecutive_errors=0, monitoring_suspended=False)
2025-11-26 22:04:34 | INFO | MONITOR_SLEEP | Sleeping for 20s (base=20s, consecutive_errors=0, monitoring_suspended=False)
2025-11-26 22:04:54 | INFO | MONITOR_SLEEP | Sleeping for 20s (base=20s, consecutive_errors=0, monitoring_suspended=False)
2025-11-26 22:05:14 | INFO | MONITOR | Paper trades checked (next in 60s)
2025-11-26 22:05:14 | INFO | MONITOR_SLEEP | Sleeping for 20s (base=20s, consecutive_errors=0, monitoring_suspended=False)
2025-11-26 22:05:34 | INFO | MONITOR_SLEEP | Sleeping for 20s (base=20s, consecutive_errors=0, monitoring_suspended=False)
2025-11-26 22:05:54 | INFO | MONITOR_SLEEP | Sleeping for 20s (base=20s, consecutive_errors=0, monitoring_suspended=False)
2025-11-26 22:06:14 | INFO | MONITOR | Paper trades checked (next in 60s)
2025-11-26 22:06:14 | INFO | MONITOR_SLEEP | Sleeping for 20s (base=20s, consecutive_errors=0, monitoring_suspended=False)
2025-11-26 22:06:34 | INFO | MONITOR_SLEEP | Sleeping for 20s (base=20s, consecutive_errors=0, monitoring_suspended=False)
2025-11-26 22:06:54 | INFO | MONITOR_SLEEP | Sleeping for 20s (base=20s, consecutive_errors=0, monitoring_suspended=False)
2025-11-26 22:07:14 | INFO | MONITOR | Paper trades checked (next in 60s)
2025-11-26 22:07:14 | INFO | MONITOR_SLEEP | Sleeping for 20s (base=20s, consecutive_errors=0, monitoring_suspended=False)
2025-11-26 22:07:34 | INFO | MONITOR_SLEEP | Sleeping for 20s (base=20s, consecutive_errors=0, monitoring_suspended=False)
2025-11-26 22:07:54 | INFO | MONITOR_SLEEP | Sleeping for 20s (base=20s, consecutive_errors=0, monitoring_suspended=False)
2025-11-26 22:08:14 | INFO | MONITOR | Paper trades checked (next in 60s)
2025-11-26 22:08:14 | INFO | MONITOR_SLEEP | Sleeping for 20s (base=20s, consecutive_errors=0, monitoring_suspended=False)
2025-11-26 22:08:34 | INFO | MONITOR_SLEEP | Sleeping for 20s (base=20s, consecutive_errors=0, monitoring_suspended=False)
2025-11-26 22:08:54 | INFO | MONITOR_SLEEP | Sleeping for 20s (base=20s, consecutive_errors=0, monitoring_suspended=False)
2025-11-26 22:09:14 | INFO | MONITOR | Paper trades checked (next in 60s)
2025-11-26 22:09:14 | INFO | MONITOR_SLEEP | Sleeping for 20s (base=20s, consecutive_errors=0, monitoring_suspended=False)
2025-11-26 22:09:34 | INFO | MONITOR_SLEEP | Sleeping for 20s (base=20s, consecutive_errors=0, monitoring_suspended=False)
2025-11-26 22:09:54 | INFO | MONITOR_SLEEP | Sleeping for 20s (base=20s, consecutive_errors=0, monitoring_suspended=False)
2025-11-26 22:10:14 | INFO | MONITOR | Paper trades checked (next in 60s)
2025-11-26 22:10:14 | INFO | MONITOR_SLEEP | Sleeping for 20s (base=20s, consecutive_errors=0, monitoring_suspended=False)
2025-11-26 22:10:34 | INFO | MONITOR_SLEEP | Sleeping for 20s (base=20s, consecutive_errors=0, monitoring_suspended=False)
2025-11-26 22:10:54 | INFO | MONITOR_SLEEP | Sleeping for 20s (base=20s, consecutive_errors=0, monitoring_suspended=False)
2025-11-26 22:11:14 | INFO | MONITOR | Paper trades checked (next in 60s)
2025-11-26 22:11:14 | INFO | MONITOR_SLEEP | Sleeping for 20s (base=20s, consecutive_errors=0, monitoring_suspended=False)
2025-11-26 22:11:34 | INFO | MONITOR_SLEEP | Sleeping for 20s (base=20s, consecutive_errors=0, monitoring_suspended=False)
2025-11-26 22:11:54 | INFO | MONITOR_SLEEP | Sleeping for 20s (base=20s, consecutive_errors=0, monitoring_suspended=False)
2025-11-26 22:12:14 | INFO | MONITOR | Paper trades checked (next in 60s)
2025-11-26 22:12:14 | INFO | MONITOR_SLEEP | Sleeping for 20s (base=20s, consecutive_errors=0, monitoring_suspended=False)
2025-11-26 22:12:34 | INFO | MONITOR_SLEEP | Sleeping for 20s (base=20s, consecutive_errors=0, monitoring_suspended=False)
2025-11-26 22:12:54 | INFO | MONITOR_SLEEP | Sleeping for 20s (base=20s, consecutive_errors=0, monitoring_suspended=False)
2025-11-26 22:13:14 | INFO | MONITOR | Paper trades checked (next in 60s)
2025-11-26 22:13:14 | INFO | MONITOR_SLEEP | Sleeping for 20s (base=20s, consecutive_errors=0, monitoring_suspended=False)
2025-11-26 22:13:34 | INFO | MONITOR_SLEEP | Sleeping for 20s (base=20s, consecutive_errors=0, monitoring_suspended=False)
2025-11-26 22:13:54 | INFO | MONITOR_SLEEP | Sleeping for 20s (base=20s, consecutive_errors=0, monitoring_suspended=False)
2025-11-26 22:14:14 | INFO | MONITOR | Paper trades checked (next in 60s)
2025-11-26 22:14:14 | INFO | MONITOR_SLEEP | Sleeping for 20s (base=20s, consecutive_errors=0, monitoring_suspended=False)
2025-11-26 22:14:34 | INFO | MONITOR_SLEEP | Sleeping for 20s (base=20s, consecutive_errors=0, monitoring_suspended=False)
2025-11-26 22:14:54 | INFO | MONITOR_SLEEP | Sleeping for 20s (base=20s, consecutive_errors=0, monitoring_suspended=False)
2025-11-26 22:15:14 | INFO | MONITOR | Paper trades checked (next in 60s)
2025-11-26 22:15:14 | INFO | MONITOR_SLEEP | Sleeping for 20s (base=20s, consecutive_errors=0, monitoring_suspended=False)
2025-11-26 22:15:34 | INFO | MONITOR_SLEEP | Sleeping for 20s (base=20s, consecutive_errors=0, monitoring_suspended=False)
2025-11-26 22:15:54 | INFO | MONITOR_SLEEP | Sleeping for 20s (base=20s, consecutive_errors=0, monitoring_suspended=False)
2025-11-26 22:16:14 | INFO | MONITOR | Paper trades checked (next in 60s)
2025-11-26 22:16:14 | INFO | MONITOR_SLEEP | Sleeping for 20s (base=20s, consecutive_errors=0, monitoring_suspended=False)
2025-11-26 22:16:34 | INFO | MONITOR_SLEEP | Sleeping for 20s (base=20s, consecutive_errors=0, monitoring_suspended=False)
2025-11-26 22:16:54 | INFO | MONITOR_SLEEP | Sleeping for 20s (base=20s, consecutive_errors=0, monitoring_suspended=False)
2025-11-26 22:17:14 | INFO | MONITOR | Paper trades checked (next in 60s)
2025-11-26 22:17:14 | INFO | MONITOR_SLEEP | Sleeping for 20s (base=20s, consecutive_errors=0, monitoring_suspended=False)
2025-11-26 22:17:34 | INFO | MONITOR_SLEEP | Sleeping for 20s (base=20s, consecutive_errors=0, monitoring_suspended=False)
2025-11-26 22:17:54 | INFO | MONITOR_SLEEP | Sleeping for 20s (base=20s, consecutive_errors=0, monitoring_suspended=False)
2025-11-26 22:18:14 | INFO | MONITOR | Paper trades checked (next in 60s)
2025-11-26 22:18:14 | INFO | MONITOR_SLEEP | Sleeping for 20s (base=20s, consecutive_errors=0, monitoring_suspended=False)
2025-11-26 22:18:34 | INFO | MONITOR_SLEEP | Sleeping for 20s (base=20s, consecutive_errors=0, monitoring_suspended=False)
2025-11-26 22:18:54 | INFO | MONITOR_SLEEP | Sleeping for 20s (base=20s, consecutive_errors=0, monitoring_suspended=False)
2025-11-26 22:19:14 | INFO | MONITOR | Paper trades checked (next in 60s)
2025-11-26 22:19:14 | INFO | MONITOR_SLEEP | Sleeping for 20s (base=20s, consecutive_errors=0, monitoring_suspended=False)
2025-11-26 22:19:34 | INFO | MONITOR_SLEEP | Sleeping for 20s (base=20s, consecutive_errors=0, monitoring_suspended=False)
2025-11-26 22:19:54 | INFO | MONITOR_SLEEP | Sleeping for 20s (base=20s, consecutive_errors=0, monitoring_suspended=False)
2025-11-26 22:20:14 | INFO | MONITOR | Paper trades checked (next in 60s)
2025-11-26 22:20:14 | INFO | MONITOR_SLEEP | Sleeping for 20s (base=20s, consecutive_errors=0, monitoring_suspended=False)
2025-11-26 22:20:34 | INFO | MONITOR_SLEEP | Sleeping for 20s (base=20s, consecutive_errors=0, monitoring_suspended=False)
2025-11-26 22:20:54 | INFO | MONITOR_SLEEP | Sleeping for 20s (base=20s, consecutive_errors=0, monitoring_suspended=False)
2025-11-26 22:21:14 | INFO | MONITOR | Paper trades checked (next in 60s)
2025-11-26 22:21:14 | INFO | MONITOR_SLEEP | Sleeping for 20s (base=20s, consecutive_errors=0, monitoring_suspended=False)
2025-11-26 22:21:34 | INFO | MONITOR_SLEEP | Sleeping for 20s (base=20s, consecutive_errors=0, monitoring_suspended=False)
2025-11-26 22:21:54 | INFO | MONITOR_SLEEP | Sleeping for 20s (base=20s, consecutive_errors=0, monitoring_suspended=False)
2025-11-26 22:22:14 | INFO | MONITOR | Paper trades checked (next in 60s)
2025-11-26 22:22:14 | INFO | MONITOR_SLEEP | Sleeping for 20s (base=20s, consecutive_errors=0, monitoring_suspended=False)
2025-11-26 22:22:34 | INFO | MONITOR_SLEEP | Sleeping for 20s (base=20s, consecutive_errors=0, monitoring_suspended=False)
2025-11-26 22:22:54 | INFO | MONITOR_SLEEP | Sleeping for 20s (base=20s, consecutive_errors=0, monitoring_suspended=False)
2025-11-26 22:23:14 | INFO | MONITOR | Paper trades checked (next in 60s)
2025-11-26 22:23:14 | INFO | MONITOR_SLEEP | Sleeping for 20s (base=20s, consecutive_errors=0, monitoring_suspended=False)
2025-11-26 22:23:34 | INFO | MONITOR_SLEEP | Sleeping for 20s (base=20s, consecutive_errors=0, monitoring_suspended=False)
2025-11-26 22:23:54 | INFO | MONITOR_SLEEP | Sleeping for 20s (base=20s, consecutive_errors=0, monitoring_suspended=False)
2025-11-26 22:24:14 | INFO | MONITOR | Paper trades checked (next in 60s)
2025-11-26 22:24:14 | INFO | MONITOR_SLEEP | Sleeping for 20s (base=20s, consecutive_errors=0, monitoring_suspended=False)
2025-11-26 22:24:34 | INFO | MONITOR_SLEEP | Sleeping for 20s (base=20s, consecutive_errors=0, monitoring_suspended=False)
2025-11-26 22:24:54 | INFO | MONITOR_SLEEP | Sleeping for 20s (base=20s, consecutive_errors=0, monitoring_suspended=False)
2025-11-26 22:25:14 | INFO | MONITOR | Paper trades checked (next in 60s)
2025-11-26 22:25:14 | INFO | MONITOR_SLEEP | Sleeping for 20s (base=20s, consecutive_errors=0, monitoring_suspended=False)
2025-11-26 22:25:34 | INFO | MONITOR_SLEEP | Sleeping for 20s (base=20s, consecutive_errors=0, monitoring_suspended=False)
2025-11-26 22:25:54 | INFO | MONITOR_SLEEP | Sleeping for 20s (base=20s, consecutive_errors=0, monitoring_suspended=False)
2025-11-26 22:26:14 | INFO | MONITOR | Paper trades checked (next in 60s)
2025-11-26 22:26:14 | INFO | MONITOR_SLEEP | Sleeping for 20s (base=20s, consecutive_errors=0, monitoring_suspended=False)
2025-11-26 22:26:34 | INFO | MONITOR_SLEEP | Sleeping for 20s (base=20s, consecutive_errors=0, monitoring_suspended=False)
2025-11-26 22:26:54 | INFO | MONITOR_SLEEP | Sleeping for 20s (base=20s, consecutive_errors=0, monitoring_suspended=False)
2025-11-26 22:27:14 | INFO | MONITOR | Paper trades checked (next in 60s)
2025-11-26 22:27:14 | INFO | MONITOR_SLEEP | Sleeping for 20s (base=20s, consecutive_errors=0, monitoring_suspended=False)
2025-11-26 22:27:34 | INFO | MONITOR_SLEEP | Sleeping for 20s (base=20s, consecutive_errors=0, monitoring_suspended=False)
2025-11-26 22:27:54 | INFO | MONITOR_SLEEP | Sleeping for 20s (base=20s, consecutive_errors=0, monitoring_suspended=False)
2025-11-26 22:28:14 | INFO | MONITOR | Paper trades checked (next in 60s)
2025-11-26 22:28:14 | INFO | MONITOR_SLEEP | Sleeping for 20s (base=20s, consecutive_errors=0, monitoring_suspended=False)
2025-11-26 22:28:34 | INFO | MONITOR_SLEEP | Sleeping for 20s (base=20s, consecutive_errors=0, monitoring_suspended=False)
2025-11-26 22:28:54 | INFO | MONITOR_SLEEP | Sleeping for 20s (base=20s, consecutive_errors=0, monitoring_suspended=False)
2025-11-26 22:29:14 | INFO | MONITOR | Paper trades checked (next in 60s)
2025-11-26 22:29:14 | INFO | MONITOR_SLEEP | Sleeping for 20s (base=20s, consecutive_errors=0, monitoring_suspended=False)
2025-11-26 22:29:34 | INFO | MONITOR_SLEEP | Sleeping for 20s (base=20s, consecutive_errors=0, monitoring_suspended=False)
2025-11-26 22:29:54 | INFO | MONITOR_SLEEP | Sleeping for 20s (base=20s, consecutive_errors=0, monitoring_suspended=False)
2025-11-26 22:30:14 | INFO | MONITOR | Paper trades checked (next in 60s)
2025-11-26 22:30:14 | INFO | MONITOR_SLEEP | Sleeping for 20s (base=20s, consecutive_errors=0, monitoring_suspended=False)
2025-11-26 22:30:34 | INFO | MONITOR_SLEEP | Sleeping for 20s (base=20s, consecutive_errors=0, monitoring_suspended=False)
2025-11-26 22:30:54 | INFO | MONITOR_SLEEP | Sleeping for 20s (base=20s, consecutive_errors=0, monitoring_suspended=False)
2025-11-26 22:31:14 | INFO | MONITOR | Paper trades checked (next in 60s)
2025-11-26 22:31:14 | INFO | MONITOR_SLEEP | Sleeping for 20s (base=20s, consecutive_errors=0, monitoring_suspended=False)
2025-11-26 22:31:34 | INFO | MONITOR_SLEEP | Sleeping for 20s (base=20s, consecutive_errors=0, monitoring_suspended=False)
2025-11-26 22:31:54 | INFO | MONITOR_SLEEP | Sleeping for 20s (base=20s, consecutive_errors=0, monitoring_suspended=False)
2025-11-26 22:32:14 | INFO | MONITOR | Paper trades checked (next in 60s)
2025-11-26 22:32:14 | INFO | MONITOR_SLEEP | Sleeping for 20s (base=20s, consecutive_errors=0, monitoring_suspended=False)
2025-11-26 22:32:34 | INFO | MONITOR_SLEEP | Sleeping for 20s (base=20s, consecutive_errors=0, monitoring_suspended=False)
2025-11-26 22:32:54 | INFO | MONITOR_SLEEP | Sleeping for 20s (base=20s, consecutive_errors=0, monitoring_suspended=False)
2025-11-26 22:33:14 | INFO | MONITOR | Paper trades checked (next in 60s)
2025-11-26 22:33:14 | INFO | MONITOR_SLEEP | Sleeping for 20s (base=20s, consecutive_errors=0, monitoring_suspended=False)
2025-11-26 22:33:34 | INFO | MONITOR_SLEEP | Sleeping for 20s (base=20s, consecutive_errors=0, monitoring_suspended=False)
2025-11-26 22:33:54 | INFO | MONITOR_SLEEP | Sleeping for 20s (base=20s, consecutive_errors=0, monitoring_suspended=False)
2025-11-26 22:34:14 | INFO | MONITOR | Paper trades checked (next in 60s)
2025-11-26 22:34:14 | INFO | MONITOR_SLEEP | Sleeping for 20s (base=20s, consecutive_errors=0, monitoring_suspended=False)
2025-11-26 22:34:34 | INFO | MONITOR_SLEEP | Sleeping for 20s (base=20s, consecutive_errors=0, monitoring_suspended=False)
2025-11-26 22:34:54 | INFO | MONITOR_SLEEP | Sleeping for 20s (base=20s, consecutive_errors=0, monitoring_suspended=False)
2025-11-26 22:35:14 | INFO | MONITOR | Paper trades checked (next in 60s)
2025-11-26 22:35:14 | INFO | MONITOR_SLEEP | Sleeping for 20s (base=20s, consecutive_errors=0, monitoring_suspended=False)
2025-11-26 22:35:34 | INFO | MONITOR_SLEEP | Sleeping for 20s (base=20s, consecutive_errors=0, monitoring_suspended=False)
2025-11-26 22:35:54 | INFO | MONITOR_SLEEP | Sleeping for 20s (base=20s, consecutive_errors=0, monitoring_suspended=False)
2025-11-26 22:36:14 | INFO | MONITOR | Paper trades checked (next in 60s)
2025-11-26 22:36:14 | INFO | MONITOR_SLEEP | Sleeping for 20s (base=20s, consecutive_errors=0, monitoring_suspended=False)
2025-11-26 22:36:34 | INFO | MONITOR_SLEEP | Sleeping for 20s (base=20s, consecutive_errors=0, monitoring_suspended=False)
2025-11-26 22:36:54 | INFO | MONITOR_SLEEP | Sleeping for 20s (base=20s, consecutive_errors=0, monitoring_suspended=False)
2025-11-26 22:37:14 | INFO | MONITOR | Paper trades checked (next in 60s)
2025-11-26 22:37:14 | INFO | MONITOR_SLEEP | Sleeping for 20s (base=20s, consecutive_errors=0, monitoring_suspended=False)
2025-11-26 22:37:34 | INFO | MONITOR_SLEEP | Sleeping for 20s (base=20s, consecutive_errors=0, monitoring_suspended=False)
2025-11-26 22:37:54 | INFO | MONITOR_SLEEP | Sleeping for 20s (base=20s, consecutive_errors=0, monitoring_suspended=False)
2025-11-26 22:38:14 | INFO | MONITOR | Paper trades checked (next in 60s)
2025-11-26 22:38:14 | INFO | MONITOR_SLEEP | Sleeping for 20s (base=20s, consecutive_errors=0, monitoring_suspended=False)
2025-11-26 22:38:34 | INFO | MONITOR_SLEEP | Sleeping for 20s (base=20s, consecutive_errors=0, monitoring_suspended=False)
2025-11-26 22:38:54 | INFO | MONITOR_SLEEP | Sleeping for 20s (base=20s, consecutive_errors=0, monitoring_suspended=False)
2025-11-26 22:39:14 | INFO | MONITOR | Paper trades checked (next in 60s)
2025-11-26 22:39:14 | INFO | MONITOR_SLEEP | Sleeping for 20s (base=20s, consecutive_errors=0, monitoring_suspended=False)
2025-11-26 22:39:34 | INFO | MONITOR_SLEEP | Sleeping for 20s (base=20s, consecutive_errors=0, monitoring_suspended=False)
2025-11-26 22:39:54 | INFO | MONITOR_SLEEP | Sleeping for 20s (base=20s, consecutive_errors=0, monitoring_suspended=False)
2025-11-26 22:40:14 | INFO | MONITOR | Paper trades checked (next in 60s)
2025-11-26 22:40:14 | INFO | MONITOR_SLEEP | Sleeping for 20s (base=20s, consecutive_errors=0, monitoring_suspended=False)
2025-11-26 22:40:34 | INFO | MONITOR_SLEEP | Sleeping for 20s (base=20s, consecutive_errors=0, monitoring_suspended=False)
2025-11-26 22:40:54 | INFO | MONITOR_SLEEP | Sleeping for 20s (base=20s, consecutive_errors=0, monitoring_suspended=False)
2025-11-26 22:41:14 | INFO | MONITOR | Paper trades checked (next in 60s)
2025-11-26 22:41:14 | INFO | MONITOR_SLEEP | Sleeping for 20s (base=20s, consecutive_errors=0, monitoring_suspended=False)
2025-11-26 22:41:34 | INFO | MONITOR_SLEEP | Sleeping for 20s (base=20s, consecutive_errors=0, monitoring_suspended=False)
2025-11-26 22:41:54 | INFO | MONITOR_SLEEP | Sleeping for 20s (base=20s, consecutive_errors=0, monitoring_suspended=False)
2025-11-26 22:42:14 | INFO | MONITOR | Paper trades checked (next in 60s)
2025-11-26 22:42:14 | INFO | MONITOR_SLEEP | Sleeping for 20s (base=20s, consecutive_errors=0, monitoring_suspended=False)
2025-11-26 22:42:34 | INFO | MONITOR_SLEEP | Sleeping for 20s (base=20s, consecutive_errors=0, monitoring_suspended=False)
2025-11-26 22:42:54 | INFO | MONITOR_SLEEP | Sleeping for 20s (base=20s, consecutive_errors=0, monitoring_suspended=False)
2025-11-26 22:43:14 | INFO | MONITOR | Paper trades checked (next in 60s)
2025-11-26 22:43:14 | INFO | MONITOR_SLEEP | Sleeping for 20s (base=20s, consecutive_errors=0, monitoring_suspended=False)
2025-11-26 22:43:34 | INFO | MONITOR_SLEEP | Sleeping for 20s (base=20s, consecutive_errors=0, monitoring_suspended=False)
2025-11-26 22:43:54 | INFO | MONITOR_SLEEP | Sleeping for 20s (base=20s, consecutive_errors=0, monitoring_suspended=False)
2025-11-26 22:44:14 | INFO | MONITOR | Paper trades checked (next in 60s)
2025-11-26 22:44:14 | INFO | MONITOR_SLEEP | Sleeping for 20s (base=20s, consecutive_errors=0, monitoring_suspended=False)
2025-11-26 22:44:34 | INFO | MONITOR_SLEEP | Sleeping for 20s (base=20s, consecutive_errors=0, monitoring_suspended=False)
2025-11-26 22:44:54 | INFO | MONITOR_SLEEP | Sleeping for 20s (base=20s, consecutive_errors=0, monitoring_suspended=False)
2025-11-26 22:45:14 | INFO | MONITOR | Paper trades checked (next in 60s)
2025-11-26 22:45:14 | INFO | MONITOR_SLEEP | Sleeping for 20s (base=20s, consecutive_errors=0, monitoring_suspended=False)
2025-11-26 22:45:34 | INFO | MONITOR_SLEEP | Sleeping for 20s (base=20s, consecutive_errors=0, monitoring_suspended=False)
2025-11-26 22:45:54 | INFO | MONITOR_SLEEP | Sleeping for 20s (base=20s, consecutive_errors=0, monitoring_suspended=False)
2025-11-26 22:46:14 | INFO | MONITOR | Paper trades checked (next in 60s)
2025-11-26 22:46:14 | INFO | MONITOR_SLEEP | Sleeping for 20s (base=20s, consecutive_errors=0, monitoring_suspended=False)
2025-11-26 22:46:34 | INFO | MONITOR_SLEEP | Sleeping for 20s (base=20s, consecutive_errors=0, monitoring_suspended=False)
2025-11-26 22:46:54 | INFO | MONITOR_SLEEP | Sleeping for 20s (base=20s, consecutive_errors=0, monitoring_suspended=False)
2025-11-26 22:47:14 | INFO | MONITOR | Paper trades checked (next in 60s)
2025-11-26 22:47:14 | INFO | MONITOR_SLEEP | Sleeping for 20s (base=20s, consecutive_errors=0, monitoring_suspended=False)
2025-11-26 22:47:34 | INFO | MONITOR_SLEEP | Sleeping for 20s (base=20s, consecutive_errors=0, monitoring_suspended=False)
2025-11-26 22:47:54 | INFO | MONITOR_SLEEP | Sleeping for 20s (base=20s, consecutive_errors=0, monitoring_suspended=False)
2025-11-26 22:48:14 | INFO | MONITOR | Paper trades checked (next in 60s)
2025-11-26 22:48:14 | INFO | MONITOR_SLEEP | Sleeping for 20s (base=20s, consecutive_errors=0, monitoring_suspended=False)
2025-11-26 22:48:34 | INFO | MONITOR_SLEEP | Sleeping for 20s (base=20s, consecutive_errors=0, monitoring_suspended=False)
2025-11-26 22:48:54 | INFO | MONITOR_SLEEP | Sleeping for 20s (base=20s, consecutive_errors=0, monitoring_suspended=False)
2025-11-26 22:49:14 | INFO | MONITOR | Paper trades checked (next in 60s)
2025-11-26 22:49:14 | INFO | MONITOR_SLEEP | Sleeping for 20s (base=20s, consecutive_errors=0, monitoring_suspended=False)
2025-11-26 22:49:34 | INFO | MONITOR_SLEEP | Sleeping for 20s (base=20s, consecutive_errors=0, monitoring_suspended=False)
2025-11-26 22:49:54 | INFO | MONITOR_SLEEP | Sleeping for 20s (base=20s, consecutive_errors=0, monitoring_suspended=False)
2025-11-26 22:50:14 | INFO | MONITOR | Paper trades checked (next in 60s)
2025-11-26 22:50:14 | INFO | MONITOR_SLEEP | Sleeping for 20s (base=20s, consecutive_errors=0, monitoring_suspended=False)
2025-11-26 22:50:34 | INFO | MONITOR_SLEEP | Sleeping for 20s (base=20s, consecutive_errors=0, monitoring_suspended=False)
2025-11-26 22:50:54 | INFO | MONITOR_SLEEP | Sleeping for 20s (base=20s, consecutive_errors=0, monitoring_suspended=False)
2025-11-26 22:51:14 | INFO | MONITOR | Paper trades checked (next in 60s)
2025-11-26 22:51:14 | INFO | MONITOR_SLEEP | Sleeping for 20s (base=20s, consecutive_errors=0, monitoring_suspended=False)
2025-11-26 22:51:34 | INFO | MONITOR_SLEEP | Sleeping for 20s (base=20s, consecutive_errors=0, monitoring_suspended=False)
2025-11-26 22:51:54 | INFO | MONITOR_SLEEP | Sleeping for 20s (base=20s, consecutive_errors=0, monitoring_suspended=False)
2025-11-26 22:52:14 | INFO | MONITOR | Paper trades checked (next in 60s)
2025-11-26 22:52:14 | INFO | MONITOR_SLEEP | Sleeping for 20s (base=20s, consecutive_errors=0, monitoring_suspended=False)
2025-11-26 22:52:34 | INFO | MONITOR_SLEEP | Sleeping for 20s (base=20s, consecutive_errors=0, monitoring_suspended=False)
2025-11-26 22:52:54 | INFO | MONITOR_SLEEP | Sleeping for 20s (base=20s, consecutive_errors=0, monitoring_suspended=False)
2025-11-26 22:53:14 | INFO | MONITOR | Paper trades checked (next in 60s)
2025-11-26 22:53:14 | INFO | MONITOR_SLEEP | Sleeping for 20s (base=20s, consecutive_errors=0, monitoring_suspended=False)
2025-11-26 22:53:34 | INFO | MONITOR_SLEEP | Sleeping for 20s (base=20s, consecutive_errors=0, monitoring_suspended=False)
2025-11-26 22:53:54 | INFO | MONITOR_SLEEP | Sleeping for 20s (base=20s, consecutive_errors=0, monitoring_suspended=False)
2025-11-26 22:54:14 | INFO | MONITOR | Paper trades checked (next in 60s)
2025-11-26 22:54:14 | INFO | MONITOR_SLEEP | Sleeping for 20s (base=20s, consecutive_errors=0, monitoring_suspended=False)
2025-11-26 22:54:34 | INFO | MONITOR_SLEEP | Sleeping for 20s (base=20s, consecutive_errors=0, monitoring_suspended=False)
2025-11-26 22:54:54 | INFO | MONITOR_SLEEP | Sleeping for 20s (base=20s, consecutive_errors=0, monitoring_suspended=False)
2025-11-26 22:55:14 | INFO | MONITOR | Paper trades checked (next in 60s)
2025-11-26 22:55:14 | INFO | MONITOR_SLEEP | Sleeping for 20s (base=20s, consecutive_errors=0, monitoring_suspended=False)
2025-11-26 22:55:34 | INFO | MONITOR_SLEEP | Sleeping for 20s (base=20s, consecutive_errors=0, monitoring_suspended=False)
2025-11-26 22:55:54 | INFO | MONITOR_SLEEP | Sleeping for 20s (base=20s, consecutive_errors=0, monitoring_suspended=False)
2025-11-26 22:56:14 | INFO | MONITOR | Paper trades checked (next in 60s)
2025-11-26 22:56:14 | INFO | MONITOR_SLEEP | Sleeping for 20s (base=20s, consecutive_errors=0, monitoring_suspended=False)
2025-11-26 22:56:34 | INFO | MONITOR_SLEEP | Sleeping for 20s (base=20s, consecutive_errors=0, monitoring_suspended=False)
2025-11-26 22:56:54 | INFO | MONITOR_SLEEP | Sleeping for 20s (base=20s, consecutive_errors=0, monitoring_suspended=False)
2025-11-26 22:57:14 | INFO | MONITOR | Paper trades checked (next in 60s)
2025-11-26 22:57:14 | INFO | MONITOR_SLEEP | Sleeping for 20s (base=20s, consecutive_errors=0, monitoring_suspended=False)
2025-11-26 22:57:34 | INFO | MONITOR_SLEEP | Sleeping for 20s (base=20s, consecutive_errors=0, monitoring_suspended=False)
2025-11-26 22:57:54 | INFO | MONITOR_SLEEP | Sleeping for 20s (base=20s, consecutive_errors=0, monitoring_suspended=False)
2025-11-26 22:58:14 | INFO | MONITOR | Paper trades checked (next in 60s)
2025-11-26 22:58:14 | INFO | MONITOR_SLEEP | Sleeping for 20s (base=20s, consecutive_errors=0, monitoring_suspended=False)
2025-11-26 22:58:34 | INFO | MONITOR_SLEEP | Sleeping for 20s (base=20s, consecutive_errors=0, monitoring_suspended=False)
2025-11-26 22:58:54 | INFO | MONITOR_SLEEP | Sleeping for 20s (base=20s, consecutive_errors=0, monitoring_suspended=False)
2025-11-26 22:59:14 | INFO | MONITOR | Paper trades checked (next in 60s)
2025-11-26 22:59:14 | INFO | MONITOR_SLEEP | Sleeping for 20s (base=20s, consecutive_errors=0, monitoring_suspended=False)
2025-11-26 22:59:34 | INFO | MONITOR_SLEEP | Sleeping for 20s (base=20s, consecutive_errors=0, monitoring_suspended=False)
2025-11-26 22:59:54 | INFO | MONITOR_SLEEP | Sleeping for 20s (base=20s, consecutive_errors=0, monitoring_suspended=False)
2025-11-26 23:00:14 | INFO | MONITOR | Paper trades checked (next in 60s)
2025-11-26 23:00:14 | INFO | MONITOR_SLEEP | Sleeping for 20s (base=20s, consecutive_errors=0, monitoring_suspended=False)
2025-11-26 23:00:34 | INFO | MONITOR_SLEEP | Sleeping for 20s (base=20s, consecutive_errors=0, monitoring_suspended=False)
2025-11-26 23:00:54 | INFO | MONITOR_SLEEP | Sleeping for 20s (base=20s, consecutive_errors=0, monitoring_suspended=False)
2025-11-26 23:01:14 | INFO | MONITOR | Paper trades checked (next in 60s)
2025-11-26 23:01:14 | INFO | MONITOR_SLEEP | Sleeping for 20s (base=20s, consecutive_errors=0, monitoring_suspended=False)
2025-11-26 23:01:34 | INFO | MONITOR_SLEEP | Sleeping for 20s (base=20s, consecutive_errors=0, monitoring_suspended=False)
2025-11-26 23:01:54 | INFO | MONITOR_SLEEP | Sleeping for 20s (base=20s, consecutive_errors=0, monitoring_suspended=False)
2025-11-26 23:02:14 | INFO | MONITOR | Paper trades checked (next in 60s)
2025-11-26 23:02:14 | INFO | MONITOR_SLEEP | Sleeping for 20s (base=20s, consecutive_errors=0, monitoring_suspended=False)
2025-11-26 23:02:34 | INFO | MONITOR_SLEEP | Sleeping for 20s (base=20s, consecutive_errors=0, monitoring_suspended=False)
2025-11-26 23:02:54 | INFO | MONITOR_SLEEP | Sleeping for 20s (base=20s, consecutive_errors=0, monitoring_suspended=False)
2025-11-26 23:03:14 | INFO | MONITOR | Paper trades checked (next in 60s)
2025-11-26 23:03:14 | INFO | MONITOR_SLEEP | Sleeping for 20s (base=20s, consecutive_errors=0, monitoring_suspended=False)
2025-11-26 23:03:34 | INFO | MONITOR_SLEEP | Sleeping for 20s (base=20s, consecutive_errors=0, monitoring_suspended=False)
2025-11-26 23:03:54 | INFO | MONITOR_SLEEP | Sleeping for 20s (base=20s, consecutive_errors=0, monitoring_suspended=False)
2025-11-26 23:04:14 | INFO | MONITOR | Paper trades checked (next in 60s)
2025-11-26 23:04:14 | INFO | MONITOR_SLEEP | Sleeping for 20s (base=20s, consecutive_errors=0, monitoring_suspended=False)
2025-11-26 23:04:34 | INFO | MONITOR_SLEEP | Sleeping for 20s (base=20s, consecutive_errors=0, monitoring_suspended=False)
2025-11-26 23:04:54 | INFO | MONITOR_SLEEP | Sleeping for 20s (base=20s, consecutive_errors=0, monitoring_suspended=False)
2025-11-26 23:05:14 | INFO | MONITOR | Paper trades checked (next in 60s)
2025-11-26 23:05:14 | INFO | MONITOR_SLEEP | Sleeping for 20s (base=20s, consecutive_errors=0, monitoring_suspended=False)
2025-11-26 23:05:34 | INFO | MONITOR_SLEEP | Sleeping for 20s (base=20s, consecutive_errors=0, monitoring_suspended=False)
2025-11-26 23:05:54 | INFO | MONITOR_SLEEP | Sleeping for 20s (base=20s, consecutive_errors=0, monitoring_suspended=False)
2025-11-26 23:06:14 | INFO | MONITOR | Paper trades checked (next in 60s)
2025-11-26 23:06:14 | INFO | MONITOR_SLEEP | Sleeping for 20s (base=20s, consecutive_errors=0, monitoring_suspended=False)
2025-11-26 23:06:34 | INFO | MONITOR_SLEEP | Sleeping for 20s (base=20s, consecutive_errors=0, monitoring_suspended=False)
2025-11-26 23:06:54 | INFO | MONITOR_SLEEP | Sleeping for 20s (base=20s, consecutive_errors=0, monitoring_suspended=False)
2025-11-26 23:07:14 | INFO | MONITOR | Paper trades checked (next in 60s)
2025-11-26 23:07:14 | INFO | MONITOR_SLEEP | Sleeping for 20s (base=20s, consecutive_errors=0, monitoring_suspended=False)
2025-11-26 23:07:34 | INFO | MONITOR_SLEEP | Sleeping for 20s (base=20s, consecutive_errors=0, monitoring_suspended=False)
2025-11-26 23:07:54 | INFO | MONITOR_SLEEP | Sleeping for 20s (base=20s, consecutive_errors=0, monitoring_suspended=False)
2025-11-26 23:08:14 | INFO | MONITOR | Paper trades checked (next in 60s)
2025-11-26 23:08:14 | INFO | MONITOR_SLEEP | Sleeping for 20s (base=20s, consecutive_errors=0, monitoring_suspended=False)
2025-11-26 23:08:34 | INFO | MONITOR_SLEEP | Sleeping for 20s (base=20s, consecutive_errors=0, monitoring_suspended=False)
2025-11-26 23:08:54 | INFO | MONITOR_SLEEP | Sleeping for 20s (base=20s, consecutive_errors=0, monitoring_suspended=False)
2025-11-26 23:09:14 | INFO | MONITOR | Paper trades checked (next in 60s)
2025-11-26 23:09:14 | INFO | MONITOR_SLEEP | Sleeping for 20s (base=20s, consecutive_errors=0, monitoring_suspended=False)
2025-11-26 23:09:34 | INFO | MONITOR_SLEEP | Sleeping for 20s (base=20s, consecutive_errors=0, monitoring_suspended=False)
2025-11-26 23:09:54 | INFO | MONITOR_SLEEP | Sleeping for 20s (base=20s, consecutive_errors=0, monitoring_suspended=False)
2025-11-26 23:10:14 | INFO | MONITOR | Paper trades checked (next in 60s)
2025-11-26 23:10:14 | INFO | MONITOR_SLEEP | Sleeping for 20s (base=20s, consecutive_errors=0, monitoring_suspended=False)
2025-11-26 23:10:34 | INFO | MONITOR_SLEEP | Sleeping for 20s (base=20s, consecutive_errors=0, monitoring_suspended=False)
2025-11-26 23:10:54 | INFO | MONITOR_SLEEP | Sleeping for 20s (base=20s, consecutive_errors=0, monitoring_suspended=False)
2025-11-26 23:11:14 | INFO | MONITOR | Paper trades checked (next in 60s)
2025-11-26 23:11:14 | INFO | MONITOR_SLEEP | Sleeping for 20s (base=20s, consecutive_errors=0, monitoring_suspended=False)
2025-11-26 23:11:34 | INFO | MONITOR_SLEEP | Sleeping for 20s (base=20s, consecutive_errors=0, monitoring_suspended=False)
2025-11-26 23:11:54 | INFO | MONITOR_SLEEP | Sleeping for 20s (base=20s, consecutive_errors=0, monitoring_suspended=False)
2025-11-26 23:12:14 | INFO | MONITOR | Paper trades checked (next in 60s)
2025-11-26 23:12:14 | INFO | MONITOR_SLEEP | Sleeping for 20s (base=20s, consecutive_errors=0, monitoring_suspended=False)
2025-11-26 23:12:34 | INFO | MONITOR_SLEEP | Sleeping for 20s (base=20s, consecutive_errors=0, monitoring_suspended=False)
2025-11-26 23:12:54 | INFO | MONITOR_SLEEP | Sleeping for 20s (base=20s, consecutive_errors=0, monitoring_suspended=False)
2025-11-26 23:13:14 | INFO | MONITOR | Paper trades checked (next in 60s)
2025-11-26 23:13:14 | INFO | MONITOR_SLEEP | Sleeping for 20s (base=20s, consecutive_errors=0, monitoring_suspended=False)
2025-11-26 23:13:34 | INFO | MONITOR_SLEEP | Sleeping for 20s (base=20s, consecutive_errors=0, monitoring_suspended=False)
2025-11-26 23:13:54 | INFO | MONITOR_SLEEP | Sleeping for 20s (base=20s, consecutive_errors=0, monitoring_suspended=False)
2025-11-26 23:14:14 | INFO | MONITOR | Paper trades checked (next in 60s)
2025-11-26 23:14:14 | INFO | MONITOR_SLEEP | Sleeping for 20s (base=20s, consecutive_errors=0, monitoring_suspended=False)
2025-11-26 23:14:34 | INFO | MONITOR_SLEEP | Sleeping for 20s (base=20s, consecutive_errors=0, monitoring_suspended=False)
2025-11-26 23:14:54 | INFO | MONITOR_SLEEP | Sleeping for 20s (base=20s, consecutive_errors=0, monitoring_suspended=False)
2025-11-26 23:15:14 | INFO | MONITOR | Paper trades checked (next in 60s)
2025-11-26 23:15:14 | INFO | MONITOR_SLEEP | Sleeping for 20s (base=20s, consecutive_errors=0, monitoring_suspended=False)
2025-11-26 23:15:34 | INFO | MONITOR_SLEEP | Sleeping for 20s (base=20s, consecutive_errors=0, monitoring_suspended=False)
2025-11-26 23:15:54 | INFO | MONITOR_SLEEP | Sleeping for 20s (base=20s, consecutive_errors=0, monitoring_suspended=False)
2025-11-26 23:16:14 | INFO | MONITOR | Paper trades checked (next in 60s)
2025-11-26 23:16:14 | INFO | MONITOR_SLEEP | Sleeping for 20s (base=20s, consecutive_errors=0, monitoring_suspended=False)
2025-11-26 23:16:34 | INFO | MONITOR_SLEEP | Sleeping for 20s (base=20s, consecutive_errors=0, monitoring_suspended=False)
2025-11-26 23:16:54 | INFO | MONITOR_SLEEP | Sleeping for 20s (base=20s, consecutive_errors=0, monitoring_suspended=False)
2025-11-26 23:17:14 | INFO | MONITOR | Paper trades checked (next in 60s)
2025-11-26 23:17:14 | INFO | MONITOR_SLEEP | Sleeping for 20s (base=20s, consecutive_errors=0, monitoring_suspended=False)
2025-11-26 23:17:34 | INFO | MONITOR_SLEEP | Sleeping for 20s (base=20s, consecutive_errors=0, monitoring_suspended=False)
2025-11-26 23:17:54 | INFO | MONITOR_SLEEP | Sleeping for 20s (base=20s, consecutive_errors=0, monitoring_suspended=False)
2025-11-26 23:18:14 | INFO | MONITOR | Paper trades checked (next in 60s)
2025-11-26 23:18:14 | INFO | MONITOR_SLEEP | Sleeping for 20s (base=20s, consecutive_errors=0, monitoring_suspended=False)
2025-11-26 23:18:34 | INFO | MONITOR_SLEEP | Sleeping for 20s (base=20s, consecutive_errors=0, monitoring_suspended=False)
2025-11-26 23:18:54 | INFO | MONITOR_SLEEP | Sleeping for 20s (base=20s, consecutive_errors=0, monitoring_suspended=False)
2025-11-26 23:19:14 | INFO | MONITOR | Paper trades checked (next in 60s)
2025-11-26 23:19:14 | INFO | MONITOR_SLEEP | Sleeping for 20s (base=20s, consecutive_errors=0, monitoring_suspended=False)
2025-11-26 23:19:34 | INFO | MONITOR_SLEEP | Sleeping for 20s (base=20s, consecutive_errors=0, monitoring_suspended=False)
2025-11-26 23:19:54 | INFO | MONITOR_SLEEP | Sleeping for 20s (base=20s, consecutive_errors=0, monitoring_suspended=False)
2025-11-26 23:20:14 | INFO | MONITOR | Paper trades checked (next in 60s)
2025-11-26 23:20:14 | INFO | MONITOR_SLEEP | Sleeping for 20s (base=20s, consecutive_errors=0, monitoring_suspended=False)
2025-11-26 23:20:34 | INFO | MONITOR_SLEEP | Sleeping for 20s (base=20s, consecutive_errors=0, monitoring_suspended=False)
2025-11-26 23:20:54 | INFO | MONITOR_SLEEP | Sleeping for 20s (base=20s, consecutive_errors=0, monitoring_suspended=False)
2025-11-26 23:21:14 | INFO | MONITOR | Paper trades checked (next in 60s)
2025-11-26 23:21:14 | INFO | MONITOR_SLEEP | Sleeping for 20s (base=20s, consecutive_errors=0, monitoring_suspended=False)
2025-11-26 23:21:34 | INFO | MONITOR_SLEEP | Sleeping for 20s (base=20s, consecutive_errors=0, monitoring_suspended=False)
2025-11-26 23:21:54 | INFO | MONITOR_SLEEP | Sleeping for 20s (base=20s, consecutive_errors=0, monitoring_suspended=False)
2025-11-26 23:22:14 | INFO | MONITOR | Paper trades checked (next in 60s)
2025-11-26 23:22:14 | INFO | MONITOR_SLEEP | Sleeping for 20s (base=20s, consecutive_errors=0, monitoring_suspended=False)
2025-11-26 23:22:34 | INFO | MONITOR_SLEEP | Sleeping for 20s (base=20s, consecutive_errors=0, monitoring_suspended=False)
2025-11-26 23:22:54 | INFO | MONITOR_SLEEP | Sleeping for 20s (base=20s, consecutive_errors=0, monitoring_suspended=False)
2025-11-26 23:23:14 | INFO | MONITOR | Paper trades checked (next in 60s)
2025-11-26 23:23:14 | INFO | MONITOR_SLEEP | Sleeping for 20s (base=20s, consecutive_errors=0, monitoring_suspended=False)
2025-11-26 23:23:34 | INFO | MONITOR_SLEEP | Sleeping for 20s (base=20s, consecutive_errors=0, monitoring_suspended=False)
2025-11-26 23:23:54 | INFO | MONITOR_SLEEP | Sleeping for 20s (base=20s, consecutive_errors=0, monitoring_suspended=False)
2025-11-26 23:24:14 | INFO | MONITOR | Paper trades checked (next in 60s)
2025-11-26 23:24:14 | INFO | MONITOR_SLEEP | Sleeping for 20s (base=20s, consecutive_errors=0, monitoring_suspended=False)
2025-11-26 23:24:34 | INFO | MONITOR_SLEEP | Sleeping for 20s (base=20s, consecutive_errors=0, monitoring_suspended=False)
2025-11-26 23:24:54 | INFO | MONITOR_SLEEP | Sleeping for 20s (base=20s, consecutive_errors=0, monitoring_suspended=False)
2025-11-26 23:25:14 | INFO | MONITOR | Paper trades checked (next in 60s)
2025-11-26 23:25:14 | INFO | MONITOR_SLEEP | Sleeping for 20s (base=20s, consecutive_errors=0, monitoring_suspended=False)
2025-11-26 23:25:34 | INFO | MONITOR_SLEEP | Sleeping for 20s (base=20s, consecutive_errors=0, monitoring_suspended=False)
2025-11-26 23:25:54 | INFO | MONITOR_SLEEP | Sleeping for 20s (base=20s, consecutive_errors=0, monitoring_suspended=False)
2025-11-26 23:26:14 | INFO | MONITOR | Paper trades checked (next in 60s)
2025-11-26 23:26:14 | INFO | MONITOR_SLEEP | Sleeping for 20s (base=20s, consecutive_errors=0, monitoring_suspended=False)
2025-11-26 23:26:34 | INFO | MONITOR_SLEEP | Sleeping for 20s (base=20s, consecutive_errors=0, monitoring_suspended=False)
2025-11-26 23:26:54 | INFO | MONITOR_SLEEP | Sleeping for 20s (base=20s, consecutive_errors=0, monitoring_suspended=False)
2025-11-26 23:27:14 | INFO | MONITOR | Paper trades checked (next in 60s)
2025-11-26 23:27:14 | INFO | MONITOR_SLEEP | Sleeping for 20s (base=20s, consecutive_errors=0, monitoring_suspended=False)
2025-11-26 23:27:34 | INFO | MONITOR_SLEEP | Sleeping for 20s (base=20s, consecutive_errors=0, monitoring_suspended=False)
2025-11-26 23:27:54 | INFO | MONITOR_SLEEP | Sleeping for 20s (base=20s, consecutive_errors=0, monitoring_suspended=False)
2025-11-26 23:28:14 | INFO | MONITOR | Paper trades checked (next in 60s)
2025-11-26 23:28:14 | INFO | MONITOR_SLEEP | Sleeping for 20s (base=20s, consecutive_errors=0, monitoring_suspended=False)
2025-11-26 23:28:34 | INFO | MONITOR_SLEEP | Sleeping for 20s (base=20s, consecutive_errors=0, monitoring_suspended=False)
2025-11-26 23:28:54 | INFO | MONITOR_SLEEP | Sleeping for 20s (base=20s, consecutive_errors=0, monitoring_suspended=False)
2025-11-26 23:29:14 | INFO | MONITOR | Paper trades checked (next in 60s)
2025-11-26 23:29:14 | INFO | MONITOR_SLEEP | Sleeping for 20s (base=20s, consecutive_errors=0, monitoring_suspended=False)
2025-11-26 23:29:34 | INFO | MONITOR_SLEEP | Sleeping for 20s (base=20s, consecutive_errors=0, monitoring_suspended=False)
2025-11-26 23:29:54 | INFO | MONITOR_SLEEP | Sleeping for 20s (base=20s, consecutive_errors=0, monitoring_suspended=False)
2025-11-26 23:30:14 | INFO | MONITOR | Paper trades checked (next in 60s)
2025-11-26 23:30:14 | INFO | MONITOR_SLEEP | Sleeping for 20s (base=20s, consecutive_errors=0, monitoring_suspended=False)
2025-11-26 23:30:34 | INFO | MONITOR_SLEEP | Sleeping for 20s (base=20s, consecutive_errors=0, monitoring_suspended=False)
2025-11-26 23:30:54 | INFO | MONITOR_SLEEP | Sleeping for 20s (base=20s, consecutive_errors=0, monitoring_suspended=False)
2025-11-26 23:31:14 | INFO | MONITOR | Paper trades checked (next in 60s)
2025-11-26 23:31:14 | INFO | MONITOR_SLEEP | Sleeping for 20s (base=20s, consecutive_errors=0, monitoring_suspended=False)
2025-11-26 23:31:34 | INFO | MONITOR_SLEEP | Sleeping for 20s (base=20s, consecutive_errors=0, monitoring_suspended=False)
2025-11-26 23:31:54 | INFO | MONITOR_SLEEP | Sleeping for 20s (base=20s, consecutive_errors=0, monitoring_suspended=False)
2025-11-26 23:32:14 | INFO | MONITOR | Paper trades checked (next in 60s)
2025-11-26 23:32:14 | INFO | MONITOR_SLEEP | Sleeping for 20s (base=20s, consecutive_errors=0, monitoring_suspended=False)
2025-11-26 23:32:34 | INFO | MONITOR_SLEEP | Sleeping for 20s (base=20s, consecutive_errors=0, monitoring_suspended=False)
2025-11-26 23:32:54 | INFO | MONITOR_SLEEP | Sleeping for 20s (base=20s, consecutive_errors=0, monitoring_suspended=False)
2025-11-26 23:33:14 | INFO | MONITOR | Paper trades checked (next in 60s)
2025-11-26 23:33:14 | INFO | MONITOR_SLEEP | Sleeping for 20s (base=20s, consecutive_errors=0, monitoring_suspended=False)
2025-11-26 23:33:34 | INFO | MONITOR_SLEEP | Sleeping for 20s (base=20s, consecutive_errors=0, monitoring_suspended=False)
2025-11-26 23:33:54 | INFO | MONITOR_SLEEP | Sleeping for 20s (base=20s, consecutive_errors=0, monitoring_suspended=False)
2025-11-26 23:34:14 | INFO | MONITOR | Paper trades checked (next in 60s)
2025-11-26 23:34:14 | INFO | MONITOR_SLEEP | Sleeping for 20s (base=20s, consecutive_errors=0, monitoring_suspended=False)
2025-11-26 23:34:34 | INFO | MONITOR_SLEEP | Sleeping for 20s (base=20s, consecutive_errors=0, monitoring_suspended=False)
2025-11-26 23:34:54 | INFO | MONITOR_SLEEP | Sleeping for 20s (base=20s, consecutive_errors=0, monitoring_suspended=False)
2025-11-26 23:35:14 | INFO | MONITOR | Paper trades checked (next in 60s)
2025-11-26 23:35:14 | INFO | MONITOR_SLEEP | Sleeping for 20s (base=20s, consecutive_errors=0, monitoring_suspended=False)
2025-11-26 23:35:34 | INFO | MONITOR_SLEEP | Sleeping for 20s (base=20s, consecutive_errors=0, monitoring_suspended=False)
2025-11-26 23:35:54 | INFO | MONITOR_SLEEP | Sleeping for 20s (base=20s, consecutive_errors=0, monitoring_suspended=False)
2025-11-26 23:36:14 | INFO | MONITOR | Paper trades checked (next in 60s)
2025-11-26 23:36:14 | INFO | MONITOR_SLEEP | Sleeping for 20s (base=20s, consecutive_errors=0, monitoring_suspended=False)
2025-11-26 23:36:34 | INFO | MONITOR_SLEEP | Sleeping for 20s (base=20s, consecutive_errors=0, monitoring_suspended=False)
2025-11-26 23:36:54 | INFO | MONITOR_SLEEP | Sleeping for 20s (base=20s, consecutive_errors=0, monitoring_suspended=False)
2025-11-26 23:37:14 | INFO | MONITOR | Paper trades checked (next in 60s)
2025-11-26 23:37:14 | INFO | MONITOR_SLEEP | Sleeping for 20s (base=20s, consecutive_errors=0, monitoring_suspended=False)
2025-11-26 23:37:34 | INFO | MONITOR_SLEEP | Sleeping for 20s (base=20s, consecutive_errors=0, monitoring_suspended=False)
2025-11-26 23:37:54 | INFO | MONITOR_SLEEP | Sleeping for 20s (base=20s, consecutive_errors=0, monitoring_suspended=False)
2025-11-26 23:38:14 | INFO | MONITOR | Paper trades checked (next in 60s)
2025-11-26 23:38:14 | INFO | MONITOR_SLEEP | Sleeping for 20s (base=20s, consecutive_errors=0, monitoring_suspended=False)
2025-11-26 23:38:34 | INFO | MONITOR_SLEEP | Sleeping for 20s (base=20s, consecutive_errors=0, monitoring_suspended=False)
2025-11-26 23:38:54 | INFO | MONITOR_SLEEP | Sleeping for 20s (base=20s, consecutive_errors=0, monitoring_suspended=False)
2025-11-26 23:39:14 | INFO | MONITOR | Paper trades checked (next in 60s)
2025-11-26 23:39:14 | INFO | MONITOR_SLEEP | Sleeping for 20s (base=20s, consecutive_errors=0, monitoring_suspended=False)
2025-11-26 23:39:34 | INFO | MONITOR_SLEEP | Sleeping for 20s (base=20s, consecutive_errors=0, monitoring_suspended=False)
2025-11-26 23:39:54 | INFO | MONITOR_SLEEP | Sleeping for 20s (base=20s, consecutive_errors=0, monitoring_suspended=False)
2025-11-26 23:40:14 | INFO | MONITOR | Paper trades checked (next in 60s)
2025-11-26 23:40:14 | INFO | MONITOR_SLEEP | Sleeping for 20s (base=20s, consecutive_errors=0, monitoring_suspended=False)
2025-11-26 23:40:34 | INFO | MONITOR_SLEEP | Sleeping for 20s (base=20s, consecutive_errors=0, monitoring_suspended=False)
2025-11-26 23:40:54 | INFO | MONITOR_SLEEP | Sleeping for 20s (base=20s, consecutive_errors=0, monitoring_suspended=False)
2025-11-26 23:41:14 | INFO | MONITOR | Paper trades checked (next in 60s)
2025-11-26 23:41:14 | INFO | MONITOR_SLEEP | Sleeping for 20s (base=20s, consecutive_errors=0, monitoring_suspended=False)
2025-11-26 23:41:34 | INFO | MONITOR_SLEEP | Sleeping for 20s (base=20s, consecutive_errors=0, monitoring_suspended=False)
2025-11-26 23:41:54 | INFO | MONITOR_SLEEP | Sleeping for 20s (base=20s, consecutive_errors=0, monitoring_suspended=False)
2025-11-26 23:42:14 | INFO | MONITOR | Paper trades checked (next in 60s)
2025-11-26 23:42:14 | INFO | MONITOR_SLEEP | Sleeping for 20s (base=20s, consecutive_errors=0, monitoring_suspended=False)
2025-11-26 23:42:34 | INFO | MONITOR_SLEEP | Sleeping for 20s (base=20s, consecutive_errors=0, monitoring_suspended=False)
2025-11-26 23:42:54 | INFO | MONITOR_SLEEP | Sleeping for 20s (base=20s, consecutive_errors=0, monitoring_suspended=False)
2025-11-26 23:43:14 | INFO | MONITOR | Paper trades checked (next in 60s)
2025-11-26 23:43:14 | INFO | MONITOR_SLEEP | Sleeping for 20s (base=20s, consecutive_errors=0, monitoring_suspended=False)
2025-11-26 23:43:34 | INFO | MONITOR_SLEEP | Sleeping for 20s (base=20s, consecutive_errors=0, monitoring_suspended=False)
2025-11-26 23:43:54 | INFO | MONITOR_SLEEP | Sleeping for 20s (base=20s, consecutive_errors=0, monitoring_suspended=False)
2025-11-26 23:44:14 | INFO | MONITOR | Paper trades checked (next in 60s)
2025-11-26 23:44:14 | INFO | MONITOR_SLEEP | Sleeping for 20s (base=20s, consecutive_errors=0, monitoring_suspended=False)
2025-11-26 23:44:34 | INFO | MONITOR_SLEEP | Sleeping for 20s (base=20s, consecutive_errors=0, monitoring_suspended=False)
2025-11-26 23:44:54 | INFO | MONITOR_SLEEP | Sleeping for 20s (base=20s, consecutive_errors=0, monitoring_suspended=False)
2025-11-26 23:45:14 | INFO | MONITOR | Paper trades checked (next in 60s)
2025-11-26 23:45:14 | INFO | MONITOR_SLEEP | Sleeping for 20s (base=20s, consecutive_errors=0, monitoring_suspended=False)
2025-11-26 23:45:34 | INFO | MONITOR_SLEEP | Sleeping for 20s (base=20s, consecutive_errors=0, monitoring_suspended=False)
2025-11-26 23:45:54 | INFO | MONITOR_SLEEP | Sleeping for 20s (base=20s, consecutive_errors=0, monitoring_suspended=False)
2025-11-26 23:46:14 | INFO | MONITOR | Paper trades checked (next in 60s)
2025-11-26 23:46:14 | INFO | MONITOR_SLEEP | Sleeping for 20s (base=20s, consecutive_errors=0, monitoring_suspended=False)
2025-11-26 23:46:34 | INFO | MONITOR_SLEEP | Sleeping for 20s (base=20s, consecutive_errors=0, monitoring_suspended=False)
2025-11-26 23:46:54 | INFO | MONITOR_SLEEP | Sleeping for 20s (base=20s, consecutive_errors=0, monitoring_suspended=False)
2025-11-26 23:47:14 | INFO | MONITOR | Paper trades checked (next in 60s)
2025-11-26 23:47:14 | INFO | MONITOR_SLEEP | Sleeping for 20s (base=20s, consecutive_errors=0, monitoring_suspended=False)
2025-11-26 23:47:34 | INFO | MONITOR_SLEEP | Sleeping for 20s (base=20s, consecutive_errors=0, monitoring_suspended=False)
2025-11-26 23:47:54 | INFO | MONITOR_SLEEP | Sleeping for 20s (base=20s, consecutive_errors=0, monitoring_suspended=False)
2025-11-26 23:48:14 | INFO | MONITOR | Paper trades checked (next in 60s)
2025-11-26 23:48:14 | INFO | MONITOR_SLEEP | Sleeping for 20s (base=20s, consecutive_errors=0, monitoring_suspended=False)
2025-11-26 23:48:34 | INFO | MONITOR_SLEEP | Sleeping for 20s (base=20s, consecutive_errors=0, monitoring_suspended=False)
2025-11-26 23:48:54 | INFO | MONITOR_SLEEP | Sleeping for 20s (base=20s, consecutive_errors=0, monitoring_suspended=False)
2025-11-26 23:49:14 | INFO | MONITOR | Paper trades checked (next in 60s)
2025-11-26 23:49:14 | INFO | MONITOR_SLEEP | Sleeping for 20s (base=20s, consecutive_errors=0, monitoring_suspended=False)
2025-11-26 23:49:34 | INFO | MONITOR_SLEEP | Sleeping for 20s (base=20s, consecutive_errors=0, monitoring_suspended=False)
2025-11-26 23:49:54 | INFO | MONITOR_SLEEP | Sleeping for 20s (base=20s, consecutive_errors=0, monitoring_suspended=False)
2025-11-26 23:50:14 | INFO | MONITOR | Paper trades checked (next in 60s)
2025-11-26 23:50:14 | INFO | MONITOR_SLEEP | Sleeping for 20s (base=20s, consecutive_errors=0, monitoring_suspended=False)
2025-11-26 23:50:34 | INFO | MONITOR_SLEEP | Sleeping for 20s (base=20s, consecutive_errors=0, monitoring_suspended=False)
2025-11-26 23:50:54 | INFO | MONITOR_SLEEP | Sleeping for 20s (base=20s, consecutive_errors=0, monitoring_suspended=False)
2025-11-26 23:51:14 | INFO | MONITOR | Paper trades checked (next in 60s)
2025-11-26 23:51:14 | INFO | MONITOR_SLEEP | Sleeping for 20s (base=20s, consecutive_errors=0, monitoring_suspended=False)
2025-11-26 23:51:34 | INFO | MONITOR_SLEEP | Sleeping for 20s (base=20s, consecutive_errors=0, monitoring_suspended=False)
2025-11-26 23:51:54 | INFO | MONITOR_SLEEP | Sleeping for 20s (base=20s, consecutive_errors=0, monitoring_suspended=False)
2025-11-26 23:52:14 | INFO | MONITOR | Paper trades checked (next in 60s)
2025-11-26 23:52:14 | INFO | MONITOR_SLEEP | Sleeping for 20s (base=20s, consecutive_errors=0, monitoring_suspended=False)
2025-11-26 23:52:34 | INFO | MONITOR_SLEEP | Sleeping for 20s (base=20s, consecutive_errors=0, monitoring_suspended=False)
2025-11-26 23:52:54 | INFO | MONITOR_SLEEP | Sleeping for 20s (base=20s, consecutive_errors=0, monitoring_suspended=False)
2025-11-26 23:53:14 | INFO | MONITOR | Paper trades checked (next in 60s)
2025-11-26 23:53:14 | INFO | MONITOR_SLEEP | Sleeping for 20s (base=20s, consecutive_errors=0, monitoring_suspended=False)
2025-11-26 23:53:34 | INFO | MONITOR_SLEEP | Sleeping for 20s (base=20s, consecutive_errors=0, monitoring_suspended=False)
2025-11-26 23:53:54 | INFO | MONITOR_SLEEP | Sleeping for 20s (base=20s, consecutive_errors=0, monitoring_suspended=False)
2025-11-26 23:54:14 | INFO | MONITOR | Paper trades checked (next in 60s)
2025-11-26 23:54:14 | INFO | MONITOR_SLEEP | Sleeping for 20s (base=20s, consecutive_errors=0, monitoring_suspended=False)
2025-11-26 23:54:34 | INFO | MONITOR_SLEEP | Sleeping for 20s (base=20s, consecutive_errors=0, monitoring_suspended=False)
2025-11-26 23:54:54 | INFO | MONITOR_SLEEP | Sleeping for 20s (base=20s, consecutive_errors=0, monitoring_suspended=False)
2025-11-26 23:55:14 | INFO | MONITOR | Paper trades checked (next in 60s)
2025-11-26 23:55:14 | INFO | MONITOR_SLEEP | Sleeping for 20s (base=20s, consecutive_errors=0, monitoring_suspended=False)
2025-11-26 23:55:34 | INFO | MONITOR_SLEEP | Sleeping for 20s (base=20s, consecutive_errors=0, monitoring_suspended=False)
2025-11-26 23:55:54 | INFO | MONITOR_SLEEP | Sleeping for 20s (base=20s, consecutive_errors=0, monitoring_suspended=False)
2025-11-26 23:56:14 | INFO | MONITOR | Paper trades checked (next in 60s)
2025-11-26 23:56:14 | INFO | MONITOR_SLEEP | Sleeping for 20s (base=20s, consecutive_errors=0, monitoring_suspended=False)
2025-11-26 23:56:34 | INFO | MONITOR_SLEEP | Sleeping for 20s (base=20s, consecutive_errors=0, monitoring_suspended=False)
2025-11-26 23:56:54 | INFO | MONITOR_SLEEP | Sleeping for 20s (base=20s, consecutive_errors=0, monitoring_suspended=False)
2025-11-26 23:57:14 | INFO | MONITOR | Paper trades checked (next in 60s)
2025-11-26 23:57:14 | INFO | MONITOR_SLEEP | Sleeping for 20s (base=20s, consecutive_errors=0, monitoring_suspended=False)
2025-11-26 23:57:34 | INFO | MONITOR_SLEEP | Sleeping for 20s (base=20s, consecutive_errors=0, monitoring_suspended=False)
2025-11-26 23:57:54 | INFO | MONITOR_SLEEP | Sleeping for 20s (base=20s, consecutive_errors=0, monitoring_suspended=False)
2025-11-26 23:58:14 | INFO | MONITOR | Paper trades checked (next in 60s)
2025-11-26 23:58:14 | INFO | MONITOR_SLEEP | Sleeping for 20s (base=20s, consecutive_errors=0, monitoring_suspended=False)
2025-11-26 23:58:34 | INFO | MONITOR_SLEEP | Sleeping for 20s (base=20s, consecutive_errors=0, monitoring_suspended=False)
2025-11-26 23:58:54 | INFO | MONITOR_SLEEP | Sleeping for 20s (base=20s, consecutive_errors=0, monitoring_suspended=False)
2025-11-26 23:59:14 | INFO | MONITOR | Paper trades checked (next in 60s)
2025-11-26 23:59:14 | INFO | MONITOR_SLEEP | Sleeping for 20s (base=20s, consecutive_errors=0, monitoring_suspended=False)
2025-11-26 23:59:34 | INFO | MONITOR_SLEEP | Sleeping for 20s (base=20s, consecutive_errors=0, monitoring_suspended=False)
2025-11-26 23:59:54 | INFO | MONITOR_SLEEP | Sleeping for 20s (base=20s, consecutive_errors=0, monitoring_suspended=False)
2025-11-27 00:00:14 | INFO | MONITOR | Paper trades checked (next in 60s)
2025-11-27 00:00:14 | INFO | MONITOR_SLEEP | Sleeping for 20s (base=20s, consecutive_errors=0, monitoring_suspended=False)
2025-11-27 00:00:34 | INFO | MONITOR_SLEEP | Sleeping for 20s (base=20s, consecutive_errors=0, monitoring_suspended=False)
2025-11-27 00:00:54 | INFO | MONITOR_SLEEP | Sleeping for 20s (base=20s, consecutive_errors=0, monitoring_suspended=False)
2025-11-27 00:01:14 | INFO | MONITOR | Paper trades checked (next in 60s)
2025-11-27 00:01:14 | INFO | MONITOR_SLEEP | Sleeping for 20s (base=20s, consecutive_errors=0, monitoring_suspended=False)
2025-11-27 00:01:34 | INFO | MONITOR_SLEEP | Sleeping for 20s (base=20s, consecutive_errors=0, monitoring_suspended=False)
2025-11-27 00:01:54 | INFO | MONITOR_SLEEP | Sleeping for 20s (base=20s, consecutive_errors=0, monitoring_suspended=False)
2025-11-27 00:02:14 | INFO | MONITOR | Paper trades checked (next in 60s)
2025-11-27 00:02:14 | INFO | MONITOR_SLEEP | Sleeping for 20s (base=20s, consecutive_errors=0, monitoring_suspended=False)
2025-11-27 00:02:34 | INFO | MONITOR_SLEEP | Sleeping for 20s (base=20s, consecutive_errors=0, monitoring_suspended=False)
2025-11-27 00:02:54 | INFO | MONITOR_SLEEP | Sleeping for 20s (base=20s, consecutive_errors=0, monitoring_suspended=False)
2025-11-27 00:03:14 | INFO | MONITOR | Paper trades checked (next in 60s)
2025-11-27 00:03:14 | INFO | MONITOR_SLEEP | Sleeping for 20s (base=20s, consecutive_errors=0, monitoring_suspended=False)
2025-11-27 00:03:34 | INFO | MONITOR_SLEEP | Sleeping for 20s (base=20s, consecutive_errors=0, monitoring_suspended=False)
2025-11-27 00:03:54 | INFO | MONITOR_SLEEP | Sleeping for 20s (base=20s, consecutive_errors=0, monitoring_suspended=False)
2025-11-27 00:04:14 | INFO | MONITOR | Paper trades checked (next in 60s)
2025-11-27 00:04:14 | INFO | MONITOR_SLEEP | Sleeping for 20s (base=20s, consecutive_errors=0, monitoring_suspended=False)
2025-11-27 00:04:34 | INFO | MONITOR_SLEEP | Sleeping for 20s (base=20s, consecutive_errors=0, monitoring_suspended=False)
2025-11-27 00:04:54 | INFO | MONITOR_SLEEP | Sleeping for 20s (base=20s, consecutive_errors=0, monitoring_suspended=False)
2025-11-27 00:05:14 | INFO | MONITOR | Paper trades checked (next in 60s)
2025-11-27 00:05:14 | INFO | MONITOR_SLEEP | Sleeping for 20s (base=20s, consecutive_errors=0, monitoring_suspended=False)
2025-11-27 00:05:34 | INFO | MONITOR_SLEEP | Sleeping for 20s (base=20s, consecutive_errors=0, monitoring_suspended=False)
2025-11-27 00:05:54 | INFO | MONITOR_SLEEP | Sleeping for 20s (base=20s, consecutive_errors=0, monitoring_suspended=False)
2025-11-27 00:06:14 | INFO | MONITOR | Paper trades checked (next in 60s)
2025-11-27 00:06:14 | INFO | MONITOR_SLEEP | Sleeping for 20s (base=20s, consecutive_errors=0, monitoring_suspended=False)
2025-11-27 00:06:34 | INFO | MONITOR_SLEEP | Sleeping for 20s (base=20s, consecutive_errors=0, monitoring_suspended=False)
2025-11-27 00:06:54 | INFO | MONITOR_SLEEP | Sleeping for 20s (base=20s, consecutive_errors=0, monitoring_suspended=False)
2025-11-27 00:07:14 | INFO | MONITOR | Paper trades checked (next in 60s)
2025-11-27 00:07:14 | INFO | MONITOR_SLEEP | Sleeping for 20s (base=20s, consecutive_errors=0, monitoring_suspended=False)
2025-11-27 00:07:34 | INFO | MONITOR_SLEEP | Sleeping for 20s (base=20s, consecutive_errors=0, monitoring_suspended=False)
2025-11-27 00:07:54 | INFO | MONITOR_SLEEP | Sleeping for 20s (base=20s, consecutive_errors=0, monitoring_suspended=False)
2025-11-27 00:08:14 | INFO | MONITOR | Paper trades checked (next in 60s)
2025-11-27 00:08:14 | INFO | MONITOR_SLEEP | Sleeping for 20s (base=20s, consecutive_errors=0, monitoring_suspended=False)
2025-11-27 00:08:34 | INFO | MONITOR_SLEEP | Sleeping for 20s (base=20s, consecutive_errors=0, monitoring_suspended=False)
2025-11-27 00:08:54 | INFO | MONITOR_SLEEP | Sleeping for 20s (base=20s, consecutive_errors=0, monitoring_suspended=False)
2025-11-27 00:09:14 | INFO | MONITOR | Paper trades checked (next in 60s)
2025-11-27 00:09:14 | INFO | MONITOR_SLEEP | Sleeping for 20s (base=20s, consecutive_errors=0, monitoring_suspended=False)
2025-11-27 00:09:34 | INFO | MONITOR_SLEEP | Sleeping for 20s (base=20s, consecutive_errors=0, monitoring_suspended=False)
2025-11-27 00:09:54 | INFO | MONITOR_SLEEP | Sleeping for 20s (base=20s, consecutive_errors=0, monitoring_suspended=False)
2025-11-27 00:10:14 | INFO | MONITOR | Paper trades checked (next in 60s)
2025-11-27 00:10:14 | INFO | MONITOR_SLEEP | Sleeping for 20s (base=20s, consecutive_errors=0, monitoring_suspended=False)
2025-11-27 00:10:34 | INFO | MONITOR_SLEEP | Sleeping for 20s (base=20s, consecutive_errors=0, monitoring_suspended=False)
2025-11-27 00:10:54 | INFO | MONITOR_SLEEP | Sleeping for 20s (base=20s, consecutive_errors=0, monitoring_suspended=False)
2025-11-27 00:11:14 | INFO | MONITOR | Paper trades checked (next in 60s)
2025-11-27 00:11:14 | INFO | MONITOR_SLEEP | Sleeping for 20s (base=20s, consecutive_errors=0, monitoring_suspended=False)
2025-11-27 00:11:34 | INFO | MONITOR_SLEEP | Sleeping for 20s (base=20s, consecutive_errors=0, monitoring_suspended=False)
2025-11-27 00:11:54 | INFO | MONITOR_SLEEP | Sleeping for 20s (base=20s, consecutive_errors=0, monitoring_suspended=False)
2025-11-27 00:12:14 | INFO | MONITOR | Paper trades checked (next in 60s)
2025-11-27 00:12:14 | INFO | MONITOR_SLEEP | Sleeping for 20s (base=20s, consecutive_errors=0, monitoring_suspended=False)
2025-11-27 00:12:34 | INFO | MONITOR_SLEEP | Sleeping for 20s (base=20s, consecutive_errors=0, monitoring_suspended=False)
2025-11-27 00:12:54 | INFO | MONITOR_SLEEP | Sleeping for 20s (base=20s, consecutive_errors=0, monitoring_suspended=False)
2025-11-27 00:13:14 | INFO | MONITOR | Paper trades checked (next in 60s)
2025-11-27 00:13:14 | INFO | MONITOR_SLEEP | Sleeping for 20s (base=20s, consecutive_errors=0, monitoring_suspended=False)
2025-11-27 00:13:34 | INFO | MONITOR_SLEEP | Sleeping for 20s (base=20s, consecutive_errors=0, monitoring_suspended=False)
2025-11-27 00:13:54 | INFO | MONITOR_SLEEP | Sleeping for 20s (base=20s, consecutive_errors=0, monitoring_suspended=False)
2025-11-27 00:14:14 | INFO | MONITOR | Paper trades checked (next in 60s)
2025-11-27 00:14:14 | INFO | MONITOR_SLEEP | Sleeping for 20s (base=20s, consecutive_errors=0, monitoring_suspended=False)
2025-11-27 00:14:34 | INFO | MONITOR_SLEEP | Sleeping for 20s (base=20s, consecutive_errors=0, monitoring_suspended=False)
2025-11-27 00:14:54 | INFO | MONITOR_SLEEP | Sleeping for 20s (base=20s, consecutive_errors=0, monitoring_suspended=False)
2025-11-27 00:15:14 | INFO | MONITOR | Paper trades checked (next in 60s)
2025-11-27 00:15:14 | INFO | MONITOR_SLEEP | Sleeping for 20s (base=20s, consecutive_errors=0, monitoring_suspended=False)
2025-11-27 00:15:34 | INFO | MONITOR_SLEEP | Sleeping for 20s (base=20s, consecutive_errors=0, monitoring_suspended=False)
2025-11-27 00:15:54 | INFO | MONITOR_SLEEP | Sleeping for 20s (base=20s, consecutive_errors=0, monitoring_suspended=False)
2025-11-27 00:16:14 | INFO | MONITOR | Paper trades checked (next in 60s)
2025-11-27 00:16:14 | INFO | MONITOR_SLEEP | Sleeping for 20s (base=20s, consecutive_errors=0, monitoring_suspended=False)
2025-11-27 00:16:34 | INFO | MONITOR_SLEEP | Sleeping for 20s (base=20s, consecutive_errors=0, monitoring_suspended=False)
2025-11-27 00:16:54 | INFO | MONITOR_SLEEP | Sleeping for 20s (base=20s, consecutive_errors=0, monitoring_suspended=False)
2025-11-27 00:17:14 | INFO | MONITOR | Paper trades checked (next in 60s)
2025-11-27 00:17:14 | INFO | MONITOR_SLEEP | Sleeping for 20s (base=20s, consecutive_errors=0, monitoring_suspended=False)
2025-11-27 00:17:34 | INFO | MONITOR_SLEEP | Sleeping for 20s (base=20s, consecutive_errors=0, monitoring_suspended=False)
2025-11-27 00:17:54 | INFO | MONITOR_SLEEP | Sleeping for 20s (base=20s, consecutive_errors=0, monitoring_suspended=False)
2025-11-27 00:18:14 | INFO | MONITOR | Paper trades checked (next in 60s)
2025-11-27 00:18:14 | INFO | MONITOR_SLEEP | Sleeping for 20s (base=20s, consecutive_errors=0, monitoring_suspended=False)
2025-11-27 00:18:34 | INFO | MONITOR_SLEEP | Sleeping for 20s (base=20s, consecutive_errors=0, monitoring_suspended=False)
2025-11-27 00:18:54 | INFO | MONITOR_SLEEP | Sleeping for 20s (base=20s, consecutive_errors=0, monitoring_suspended=False)
2025-11-27 00:19:14 | INFO | MONITOR | Paper trades checked (next in 60s)
2025-11-27 00:19:14 | INFO | MONITOR_SLEEP | Sleeping for 20s (base=20s, consecutive_errors=0, monitoring_suspended=False)
2025-11-27 00:19:34 | INFO | MONITOR_SLEEP | Sleeping for 20s (base=20s, consecutive_errors=0, monitoring_suspended=False)
2025-11-27 00:19:54 | INFO | MONITOR_SLEEP | Sleeping for 20s (base=20s, consecutive_errors=0, monitoring_suspended=False)
2025-11-27 00:20:14 | INFO | MONITOR | Paper trades checked (next in 60s)
2025-11-27 00:20:14 | INFO | MONITOR_SLEEP | Sleeping for 20s (base=20s, consecutive_errors=0, monitoring_suspended=False)
2025-11-27 00:20:34 | INFO | MONITOR_SLEEP | Sleeping for 20s (base=20s, consecutive_errors=0, monitoring_suspended=False)
2025-11-27 00:20:54 | INFO | MONITOR_SLEEP | Sleeping for 20s (base=20s, consecutive_errors=0, monitoring_suspended=False)
2025-11-27 00:21:14 | INFO | MONITOR | Paper trades checked (next in 60s)
2025-11-27 00:21:14 | INFO | MONITOR_SLEEP | Sleeping for 20s (base=20s, consecutive_errors=0, monitoring_suspended=False)
2025-11-27 00:21:34 | INFO | MONITOR_SLEEP | Sleeping for 20s (base=20s, consecutive_errors=0, monitoring_suspended=False)
2025-11-27 00:21:54 | INFO | MONITOR_SLEEP | Sleeping for 20s (base=20s, consecutive_errors=0, monitoring_suspended=False)
2025-11-27 00:22:14 | INFO | MONITOR | Paper trades checked (next in 60s)
2025-11-27 00:22:14 | INFO | MONITOR_SLEEP | Sleeping for 20s (base=20s, consecutive_errors=0, monitoring_suspended=False)
2025-11-27 00:22:34 | INFO | MONITOR_SLEEP | Sleeping for 20s (base=20s, consecutive_errors=0, monitoring_suspended=False)
2025-11-27 00:22:54 | INFO | MONITOR_SLEEP | Sleeping for 20s (base=20s, consecutive_errors=0, monitoring_suspended=False)
2025-11-27 00:23:14 | INFO | MONITOR | Paper trades checked (next in 60s)
2025-11-27 00:23:14 | INFO | MONITOR_SLEEP | Sleeping for 20s (base=20s, consecutive_errors=0, monitoring_suspended=False)
2025-11-27 00:23:34 | INFO | MONITOR_SLEEP | Sleeping for 20s (base=20s, consecutive_errors=0, monitoring_suspended=False)
2025-11-27 00:23:54 | INFO | MONITOR_SLEEP | Sleeping for 20s (base=20s, consecutive_errors=0, monitoring_suspended=False)
2025-11-27 00:24:14 | INFO | MONITOR | Paper trades checked (next in 60s)
2025-11-27 00:24:14 | INFO | MONITOR_SLEEP | Sleeping for 20s (base=20s, consecutive_errors=0, monitoring_suspended=False)
2025-11-27 00:24:34 | INFO | MONITOR_SLEEP | Sleeping for 20s (base=20s, consecutive_errors=0, monitoring_suspended=False)
2025-11-27 00:24:54 | INFO | MONITOR_SLEEP | Sleeping for 20s (base=20s, consecutive_errors=0, monitoring_suspended=False)
2025-11-27 00:25:14 | INFO | MONITOR | Paper trades checked (next in 60s)
2025-11-27 00:25:14 | INFO | MONITOR_SLEEP | Sleeping for 20s (base=20s, consecutive_errors=0, monitoring_suspended=False)
2025-11-27 00:25:34 | INFO | MONITOR_SLEEP | Sleeping for 20s (base=20s, consecutive_errors=0, monitoring_suspended=False)
2025-11-27 00:25:54 | INFO | MONITOR_SLEEP | Sleeping for 20s (base=20s, consecutive_errors=0, monitoring_suspended=False)
2025-11-27 00:26:14 | INFO | MONITOR | Paper trades checked (next in 60s)
2025-11-27 00:26:14 | INFO | MONITOR_SLEEP | Sleeping for 20s (base=20s, consecutive_errors=0, monitoring_suspended=False)
2025-11-27 00:26:34 | INFO | MONITOR_SLEEP | Sleeping for 20s (base=20s, consecutive_errors=0, monitoring_suspended=False)
2025-11-27 00:26:54 | INFO | MONITOR_SLEEP | Sleeping for 20s (base=20s, consecutive_errors=0, monitoring_suspended=False)
2025-11-27 00:27:14 | INFO | MONITOR | Paper trades checked (next in 60s)
2025-11-27 00:27:14 | INFO | MONITOR_SLEEP | Sleeping for 20s (base=20s, consecutive_errors=0, monitoring_suspended=False)
2025-11-27 00:27:34 | INFO | MONITOR_SLEEP | Sleeping for 20s (base=20s, consecutive_errors=0, monitoring_suspended=False)
2025-11-27 00:27:54 | INFO | MONITOR_SLEEP | Sleeping for 20s (base=20s, consecutive_errors=0, monitoring_suspended=False)
2025-11-27 00:28:14 | INFO | MONITOR | Paper trades checked (next in 60s)
2025-11-27 00:28:14 | INFO | MONITOR_SLEEP | Sleeping for 20s (base=20s, consecutive_errors=0, monitoring_suspended=False)
2025-11-27 00:28:34 | INFO | MONITOR_SLEEP | Sleeping for 20s (base=20s, consecutive_errors=0, monitoring_suspended=False)
2025-11-27 00:28:54 | INFO | MONITOR_SLEEP | Sleeping for 20s (base=20s, consecutive_errors=0, monitoring_suspended=False)
2025-11-27 00:29:14 | INFO | MONITOR | Paper trades checked (next in 60s)
2025-11-27 00:29:14 | INFO | MONITOR_SLEEP | Sleeping for 20s (base=20s, consecutive_errors=0, monitoring_suspended=False)
2025-11-27 00:29:34 | INFO | MONITOR_SLEEP | Sleeping for 20s (base=20s, consecutive_errors=0, monitoring_suspended=False)
2025-11-27 00:29:54 | INFO | MONITOR_SLEEP | Sleeping for 20s (base=20s, consecutive_errors=0, monitoring_suspended=False)
2025-11-27 00:30:14 | INFO | MONITOR | Paper trades checked (next in 60s)
2025-11-27 00:30:14 | INFO | MONITOR_SLEEP | Sleeping for 20s (base=20s, consecutive_errors=0, monitoring_suspended=False)
2025-11-27 00:30:34 | INFO | MONITOR_SLEEP | Sleeping for 20s (base=20s, consecutive_errors=0, monitoring_suspended=False)
2025-11-27 00:30:54 | INFO | MONITOR_SLEEP | Sleeping for 20s (base=20s, consecutive_errors=0, monitoring_suspended=False)
2025-11-27 00:31:14 | INFO | MONITOR | Paper trades checked (next in 60s)
2025-11-27 00:31:14 | INFO | MONITOR_SLEEP | Sleeping for 20s (base=20s, consecutive_errors=0, monitoring_suspended=False)
2025-11-27 00:31:34 | INFO | MONITOR_SLEEP | Sleeping for 20s (base=20s, consecutive_errors=0, monitoring_suspended=False)
2025-11-27 00:31:54 | INFO | MONITOR_SLEEP | Sleeping for 20s (base=20s, consecutive_errors=0, monitoring_suspended=False)
2025-11-27 00:32:14 | INFO | MONITOR | Paper trades checked (next in 60s)
2025-11-27 00:32:14 | INFO | MONITOR_SLEEP | Sleeping for 20s (base=20s, consecutive_errors=0, monitoring_suspended=False)
2025-11-27 00:32:34 | INFO | MONITOR_SLEEP | Sleeping for 20s (base=20s, consecutive_errors=0, monitoring_suspended=False)
2025-11-27 00:32:54 | INFO | MONITOR_SLEEP | Sleeping for 20s (base=20s, consecutive_errors=0, monitoring_suspended=False)
2025-11-27 00:33:14 | INFO | MONITOR | Paper trades checked (next in 60s)
2025-11-27 00:33:14 | INFO | MONITOR_SLEEP | Sleeping for 20s (base=20s, consecutive_errors=0, monitoring_suspended=False)
2025-11-27 00:33:34 | INFO | MONITOR_SLEEP | Sleeping for 20s (base=20s, consecutive_errors=0, monitoring_suspended=False)
2025-11-27 00:33:54 | INFO | MONITOR_SLEEP | Sleeping for 20s (base=20s, consecutive_errors=0, monitoring_suspended=False)
2025-11-27 00:34:14 | INFO | MONITOR | Paper trades checked (next in 60s)
2025-11-27 00:34:14 | INFO | MONITOR_SLEEP | Sleeping for 20s (base=20s, consecutive_errors=0, monitoring_suspended=False)
2025-11-27 00:34:34 | INFO | MONITOR_SLEEP | Sleeping for 20s (base=20s, consecutive_errors=0, monitoring_suspended=False)
2025-11-27 00:34:54 | INFO | MONITOR_SLEEP | Sleeping for 20s (base=20s, consecutive_errors=0, monitoring_suspended=False)
2025-11-27 00:35:14 | INFO | MONITOR | Paper trades checked (next in 60s)
2025-11-27 00:35:14 | INFO | MONITOR_SLEEP | Sleeping for 20s (base=20s, consecutive_errors=0, monitoring_suspended=False)
2025-11-27 00:35:34 | INFO | MONITOR_SLEEP | Sleeping for 20s (base=20s, consecutive_errors=0, monitoring_suspended=False)
2025-11-27 00:35:54 | INFO | MONITOR_SLEEP | Sleeping for 20s (base=20s, consecutive_errors=0, monitoring_suspended=False)
2025-11-27 00:36:14 | INFO | MONITOR | Paper trades checked (next in 60s)
2025-11-27 00:36:14 | INFO | MONITOR_SLEEP | Sleeping for 20s (base=20s, consecutive_errors=0, monitoring_suspended=False)
2025-11-27 00:36:34 | INFO | MONITOR_SLEEP | Sleeping for 20s (base=20s, consecutive_errors=0, monitoring_suspended=False)
2025-11-27 00:36:54 | INFO | MONITOR_SLEEP | Sleeping for 20s (base=20s, consecutive_errors=0, monitoring_suspended=False)
2025-11-27 00:37:14 | INFO | MONITOR | Paper trades checked (next in 60s)
2025-11-27 00:37:14 | INFO | MONITOR_SLEEP | Sleeping for 20s (base=20s, consecutive_errors=0, monitoring_suspended=False)
2025-11-27 00:37:34 | INFO | MONITOR_SLEEP | Sleeping for 20s (base=20s, consecutive_errors=0, monitoring_suspended=False)
2025-11-27 00:37:54 | INFO | MONITOR_SLEEP | Sleeping for 20s (base=20s, consecutive_errors=0, monitoring_suspended=False)
2025-11-27 00:38:14 | INFO | MONITOR | Paper trades checked (next in 60s)
2025-11-27 00:38:14 | INFO | MONITOR_SLEEP | Sleeping for 20s (base=20s, consecutive_errors=0, monitoring_suspended=False)
2025-11-27 00:38:34 | INFO | MONITOR_SLEEP | Sleeping for 20s (base=20s, consecutive_errors=0, monitoring_suspended=False)
2025-11-27 00:38:54 | INFO | MONITOR_SLEEP | Sleeping for 20s (base=20s, consecutive_errors=0, monitoring_suspended=False)
2025-11-27 00:39:14 | INFO | MONITOR | Paper trades checked (next in 60s)
2025-11-27 00:39:14 | INFO | MONITOR_SLEEP | Sleeping for 20s (base=20s, consecutive_errors=0, monitoring_suspended=False)
2025-11-27 00:39:34 | INFO | MONITOR_SLEEP | Sleeping for 20s (base=20s, consecutive_errors=0, monitoring_suspended=False)
2025-11-27 00:39:54 | INFO | MONITOR_SLEEP | Sleeping for 20s (base=20s, consecutive_errors=0, monitoring_suspended=False)
2025-11-27 00:40:14 | INFO | MONITOR | Paper trades checked (next in 60s)
2025-11-27 00:40:14 | INFO | MONITOR_SLEEP | Sleeping for 20s (base=20s, consecutive_errors=0, monitoring_suspended=False)
2025-11-27 00:40:34 | INFO | MONITOR_SLEEP | Sleeping for 20s (base=20s, consecutive_errors=0, monitoring_suspended=False)
2025-11-27 00:40:54 | INFO | MONITOR_SLEEP | Sleeping for 20s (base=20s, consecutive_errors=0, monitoring_suspended=False)
2025-11-27 00:41:14 | INFO | MONITOR | Paper trades checked (next in 60s)
2025-11-27 00:41:14 | INFO | MONITOR_SLEEP | Sleeping for 20s (base=20s, consecutive_errors=0, monitoring_suspended=False)
2025-11-27 00:41:34 | INFO | MONITOR_SLEEP | Sleeping for 20s (base=20s, consecutive_errors=0, monitoring_suspended=False)
2025-11-27 00:41:54 | INFO | MONITOR_SLEEP | Sleeping for 20s (base=20s, consecutive_errors=0, monitoring_suspended=False)
2025-11-27 00:42:14 | INFO | MONITOR | Paper trades checked (next in 60s)
2025-11-27 00:42:14 | INFO | MONITOR_SLEEP | Sleeping for 20s (base=20s, consecutive_errors=0, monitoring_suspended=False)
2025-11-27 00:42:34 | INFO | MONITOR_SLEEP | Sleeping for 20s (base=20s, consecutive_errors=0, monitoring_suspended=False)
2025-11-27 00:42:54 | INFO | MONITOR_SLEEP | Sleeping for 20s (base=20s, consecutive_errors=0, monitoring_suspended=False)
2025-11-27 00:43:14 | INFO | MONITOR | Paper trades checked (next in 60s)
2025-11-27 00:43:14 | INFO | MONITOR_SLEEP | Sleeping for 20s (base=20s, consecutive_errors=0, monitoring_suspended=False)
2025-11-27 00:43:34 | INFO | MONITOR_SLEEP | Sleeping for 20s (base=20s, consecutive_errors=0, monitoring_suspended=False)
2025-11-27 00:43:54 | INFO | MONITOR_SLEEP | Sleeping for 20s (base=20s, consecutive_errors=0, monitoring_suspended=False)
2025-11-27 00:44:14 | INFO | MONITOR | Paper trades checked (next in 60s)
2025-11-27 00:44:14 | INFO | MONITOR_SLEEP | Sleeping for 20s (base=20s, consecutive_errors=0, monitoring_suspended=False)
2025-11-27 00:44:34 | INFO | MONITOR_SLEEP | Sleeping for 20s (base=20s, consecutive_errors=0, monitoring_suspended=False)
2025-11-27 00:44:54 | INFO | MONITOR_SLEEP | Sleeping for 20s (base=20s, consecutive_errors=0, monitoring_suspended=False)
2025-11-27 00:45:14 | INFO | MONITOR | Paper trades checked (next in 60s)
2025-11-27 00:45:14 | INFO | MONITOR_SLEEP | Sleeping for 20s (base=20s, consecutive_errors=0, monitoring_suspended=False)
2025-11-27 00:45:34 | INFO | MONITOR_SLEEP | Sleeping for 20s (base=20s, consecutive_errors=0, monitoring_suspended=False)
2025-11-27 00:45:54 | INFO | MONITOR_SLEEP | Sleeping for 20s (base=20s, consecutive_errors=0, monitoring_suspended=False)
2025-11-27 00:46:14 | INFO | MONITOR | Paper trades checked (next in 60s)
2025-11-27 00:46:14 | INFO | MONITOR_SLEEP | Sleeping for 20s (base=20s, consecutive_errors=0, monitoring_suspended=False)
2025-11-27 00:46:34 | INFO | MONITOR_SLEEP | Sleeping for 20s (base=20s, consecutive_errors=0, monitoring_suspended=False)
2025-11-27 00:46:54 | INFO | MONITOR_SLEEP | Sleeping for 20s (base=20s, consecutive_errors=0, monitoring_suspended=False)
2025-11-27 00:47:14 | INFO | MONITOR | Paper trades checked (next in 60s)
2025-11-27 00:47:14 | INFO | MONITOR_SLEEP | Sleeping for 20s (base=20s, consecutive_errors=0, monitoring_suspended=False)
2025-11-27 00:47:34 | INFO | MONITOR_SLEEP | Sleeping for 20s (base=20s, consecutive_errors=0, monitoring_suspended=False)
2025-11-27 00:47:54 | INFO | MONITOR_SLEEP | Sleeping for 20s (base=20s, consecutive_errors=0, monitoring_suspended=False)
2025-11-27 00:48:14 | INFO | MONITOR | Paper trades checked (next in 60s)
2025-11-27 00:48:14 | INFO | MONITOR_SLEEP | Sleeping for 20s (base=20s, consecutive_errors=0, monitoring_suspended=False)
2025-11-27 00:48:34 | INFO | MONITOR_SLEEP | Sleeping for 20s (base=20s, consecutive_errors=0, monitoring_suspended=False)
2025-11-27 00:48:54 | INFO | MONITOR_SLEEP | Sleeping for 20s (base=20s, consecutive_errors=0, monitoring_suspended=False)
2025-11-27 00:49:14 | INFO | MONITOR | Paper trades checked (next in 60s)
2025-11-27 00:49:14 | INFO | MONITOR_SLEEP | Sleeping for 20s (base=20s, consecutive_errors=0, monitoring_suspended=False)
2025-11-27 00:49:34 | INFO | MONITOR_SLEEP | Sleeping for 20s (base=20s, consecutive_errors=0, monitoring_suspended=False)
2025-11-27 00:49:54 | INFO | MONITOR_SLEEP | Sleeping for 20s (base=20s, consecutive_errors=0, monitoring_suspended=False)
2025-11-27 00:50:14 | INFO | MONITOR | Paper trades checked (next in 60s)
2025-11-27 00:50:14 | INFO | MONITOR_SLEEP | Sleeping for 20s (base=20s, consecutive_errors=0, monitoring_suspended=False)
2025-11-27 00:50:34 | INFO | MONITOR_SLEEP | Sleeping for 20s (base=20s, consecutive_errors=0, monitoring_suspended=False)
2025-11-27 00:50:54 | INFO | MONITOR_SLEEP | Sleeping for 20s (base=20s, consecutive_errors=0, monitoring_suspended=False)
2025-11-27 00:51:14 | INFO | MONITOR | Paper trades checked (next in 60s)
2025-11-27 00:51:14 | INFO | MONITOR_SLEEP | Sleeping for 20s (base=20s, consecutive_errors=0, monitoring_suspended=False)
2025-11-27 00:51:34 | INFO | MONITOR_SLEEP | Sleeping for 20s (base=20s, consecutive_errors=0, monitoring_suspended=False)
2025-11-27 00:51:54 | INFO | MONITOR_SLEEP | Sleeping for 20s (base=20s, consecutive_errors=0, monitoring_suspended=False)
2025-11-27 00:52:14 | INFO | MONITOR | Paper trades checked (next in 60s)
2025-11-27 00:52:14 | INFO | MONITOR_SLEEP | Sleeping for 20s (base=20s, consecutive_errors=0, monitoring_suspended=False)
2025-11-27 00:52:34 | INFO | MONITOR_SLEEP | Sleeping for 20s (base=20s, consecutive_errors=0, monitoring_suspended=False)
2025-11-27 00:52:54 | INFO | MONITOR_SLEEP | Sleeping for 20s (base=20s, consecutive_errors=0, monitoring_suspended=False)
2025-11-27 00:53:14 | INFO | MONITOR | Paper trades checked (next in 60s)
2025-11-27 00:53:14 | INFO | MONITOR_SLEEP | Sleeping for 20s (base=20s, consecutive_errors=0, monitoring_suspended=False)
2025-11-27 00:53:34 | INFO | MONITOR_SLEEP | Sleeping for 20s (base=20s, consecutive_errors=0, monitoring_suspended=False)
2025-11-27 00:53:54 | INFO | MONITOR_SLEEP | Sleeping for 20s (base=20s, consecutive_errors=0, monitoring_suspended=False)
2025-11-27 00:54:14 | INFO | MONITOR | Paper trades checked (next in 60s)
2025-11-27 00:54:14 | INFO | MONITOR_SLEEP | Sleeping for 20s (base=20s, consecutive_errors=0, monitoring_suspended=False)
2025-11-27 00:54:34 | INFO | MONITOR_SLEEP | Sleeping for 20s (base=20s, consecutive_errors=0, monitoring_suspended=False)
2025-11-27 00:54:54 | INFO | MONITOR_SLEEP | Sleeping for 20s (base=20s, consecutive_errors=0, monitoring_suspended=False)
2025-11-27 00:55:14 | INFO | MONITOR | Paper trades checked (next in 60s)
2025-11-27 00:55:14 | INFO | MONITOR_SLEEP | Sleeping for 20s (base=20s, consecutive_errors=0, monitoring_suspended=False)
2025-11-27 00:55:34 | INFO | MONITOR_SLEEP | Sleeping for 20s (base=20s, consecutive_errors=0, monitoring_suspended=False)
2025-11-27 00:55:54 | INFO | MONITOR_SLEEP | Sleeping for 20s (base=20s, consecutive_errors=0, monitoring_suspended=False)
2025-11-27 00:56:14 | INFO | MONITOR | Paper trades checked (next in 60s)
2025-11-27 00:56:14 | INFO | MONITOR_SLEEP | Sleeping for 20s (base=20s, consecutive_errors=0, monitoring_suspended=False)
2025-11-27 00:56:34 | INFO | MONITOR_SLEEP | Sleeping for 20s (base=20s, consecutive_errors=0, monitoring_suspended=False)
2025-11-27 00:56:54 | INFO | MONITOR_SLEEP | Sleeping for 20s (base=20s, consecutive_errors=0, monitoring_suspended=False)
2025-11-27 00:57:14 | INFO | MONITOR | Paper trades checked (next in 60s)
2025-11-27 00:57:14 | INFO | MONITOR_SLEEP | Sleeping for 20s (base=20s, consecutive_errors=0, monitoring_suspended=False)
2025-11-27 00:57:34 | INFO | MONITOR_SLEEP | Sleeping for 20s (base=20s, consecutive_errors=0, monitoring_suspended=False)
2025-11-27 00:57:54 | INFO | MONITOR_SLEEP | Sleeping for 20s (base=20s, consecutive_errors=0, monitoring_suspended=False)
2025-11-27 00:58:14 | INFO | MONITOR | Paper trades checked (next in 60s)
2025-11-27 00:58:14 | INFO | MONITOR_SLEEP | Sleeping for 20s (base=20s, consecutive_errors=0, monitoring_suspended=False)
2025-11-27 00:58:34 | INFO | MONITOR_SLEEP | Sleeping for 20s (base=20s, consecutive_errors=0, monitoring_suspended=False)
2025-11-27 00:58:54 | INFO | MONITOR_SLEEP | Sleeping for 20s (base=20s, consecutive_errors=0, monitoring_suspended=False)
2025-11-27 00:59:14 | INFO | MONITOR | Paper trades checked (next in 60s)
2025-11-27 00:59:14 | INFO | MONITOR_SLEEP | Sleeping for 20s (base=20s, consecutive_errors=0, monitoring_suspended=False)
2025-11-27 00:59:34 | INFO | MONITOR_SLEEP | Sleeping for 20s (base=20s, consecutive_errors=0, monitoring_suspended=False)
2025-11-27 00:59:54 | INFO | MONITOR_SLEEP | Sleeping for 20s (base=20s, consecutive_errors=0, monitoring_suspended=False)
2025-11-27 01:00:14 | INFO | MONITOR | Paper trades checked (next in 60s)
2025-11-27 01:00:14 | INFO | MONITOR_SLEEP | Sleeping for 20s (base=20s, consecutive_errors=0, monitoring_suspended=False)
2025-11-27 01:00:34 | INFO | MONITOR_SLEEP | Sleeping for 20s (base=20s, consecutive_errors=0, monitoring_suspended=False)
2025-11-27 01:00:54 | INFO | MONITOR_SLEEP | Sleeping for 20s (base=20s, consecutive_errors=0, monitoring_suspended=False)
2025-11-27 01:01:14 | INFO | MONITOR | Paper trades checked (next in 60s)
2025-11-27 01:01:14 | INFO | MONITOR_SLEEP | Sleeping for 20s (base=20s, consecutive_errors=0, monitoring_suspended=False)
2025-11-27 01:01:34 | INFO | MONITOR_SLEEP | Sleeping for 20s (base=20s, consecutive_errors=0, monitoring_suspended=False)
2025-11-27 01:01:54 | INFO | MONITOR_SLEEP | Sleeping for 20s (base=20s, consecutive_errors=0, monitoring_suspended=False)
2025-11-27 01:02:14 | INFO | MONITOR | Paper trades checked (next in 60s)
2025-11-27 01:02:14 | INFO | MONITOR_SLEEP | Sleeping for 20s (base=20s, consecutive_errors=0, monitoring_suspended=False)
2025-11-27 01:02:34 | INFO | MONITOR_SLEEP | Sleeping for 20s (base=20s, consecutive_errors=0, monitoring_suspended=False)
2025-11-27 01:02:54 | INFO | MONITOR_SLEEP | Sleeping for 20s (base=20s, consecutive_errors=0, monitoring_suspended=False)
2025-11-27 01:03:14 | INFO | MONITOR | Paper trades checked (next in 60s)
2025-11-27 01:03:14 | INFO | MONITOR_SLEEP | Sleeping for 20s (base=20s, consecutive_errors=0, monitoring_suspended=False)
2025-11-27 01:03:34 | INFO | MONITOR_SLEEP | Sleeping for 20s (base=20s, consecutive_errors=0, monitoring_suspended=False)
2025-11-27 01:03:54 | INFO | MONITOR_SLEEP | Sleeping for 20s (base=20s, consecutive_errors=0, monitoring_suspended=False)
2025-11-27 01:04:14 | INFO | MONITOR | Paper trades checked (next in 60s)
2025-11-27 01:04:14 | INFO | MONITOR_SLEEP | Sleeping for 20s (base=20s, consecutive_errors=0, monitoring_suspended=False)
2025-11-27 01:04:34 | INFO | MONITOR_SLEEP | Sleeping for 20s (base=20s, consecutive_errors=0, monitoring_suspended=False)
2025-11-27 01:04:54 | INFO | MONITOR_SLEEP | Sleeping for 20s (base=20s, consecutive_errors=0, monitoring_suspended=False)
2025-11-27 01:05:14 | INFO | MONITOR | Paper trades checked (next in 60s)
2025-11-27 01:05:14 | INFO | MONITOR_SLEEP | Sleeping for 20s (base=20s, consecutive_errors=0, monitoring_suspended=False)
2025-11-27 01:05:34 | INFO | MONITOR_SLEEP | Sleeping for 20s (base=20s, consecutive_errors=0, monitoring_suspended=False)
2025-11-27 01:05:54 | INFO | MONITOR_SLEEP | Sleeping for 20s (base=20s, consecutive_errors=0, monitoring_suspended=False)
2025-11-27 01:06:14 | INFO | MONITOR | Paper trades checked (next in 60s)
2025-11-27 01:06:14 | INFO | MONITOR_SLEEP | Sleeping for 20s (base=20s, consecutive_errors=0, monitoring_suspended=False)
2025-11-27 01:06:34 | INFO | MONITOR_SLEEP | Sleeping for 20s (base=20s, consecutive_errors=0, monitoring_suspended=False)
2025-11-27 01:06:54 | INFO | MONITOR_SLEEP | Sleeping for 20s (base=20s, consecutive_errors=0, monitoring_suspended=False)
2025-11-27 01:07:14 | INFO | MONITOR | Paper trades checked (next in 60s)
2025-11-27 01:07:14 | INFO | MONITOR_SLEEP | Sleeping for 20s (base=20s, consecutive_errors=0, monitoring_suspended=False)
2025-11-27 01:07:34 | INFO | MONITOR_SLEEP | Sleeping for 20s (base=20s, consecutive_errors=0, monitoring_suspended=False)
2025-11-27 01:07:54 | INFO | MONITOR_SLEEP | Sleeping for 20s (base=20s, consecutive_errors=0, monitoring_suspended=False)
2025-11-27 01:08:14 | INFO | MONITOR | Paper trades checked (next in 60s)
2025-11-27 01:08:14 | INFO | MONITOR_SLEEP | Sleeping for 20s (base=20s, consecutive_errors=0, monitoring_suspended=False)
2025-11-27 01:08:34 | INFO | MONITOR_SLEEP | Sleeping for 20s (base=20s, consecutive_errors=0, monitoring_suspended=False)
2025-11-27 01:08:54 | INFO | MONITOR_SLEEP | Sleeping for 20s (base=20s, consecutive_errors=0, monitoring_suspended=False)
2025-11-27 01:09:14 | INFO | MONITOR | Paper trades checked (next in 60s)
2025-11-27 01:09:14 | INFO | MONITOR_SLEEP | Sleeping for 20s (base=20s, consecutive_errors=0, monitoring_suspended=False)
2025-11-27 01:09:34 | INFO | MONITOR_SLEEP | Sleeping for 20s (base=20s, consecutive_errors=0, monitoring_suspended=False)
2025-11-27 01:09:54 | INFO | MONITOR_SLEEP | Sleeping for 20s (base=20s, consecutive_errors=0, monitoring_suspended=False)
2025-11-27 01:10:14 | INFO | MONITOR | Paper trades checked (next in 60s)
2025-11-27 01:10:14 | INFO | MONITOR_SLEEP | Sleeping for 20s (base=20s, consecutive_errors=0, monitoring_suspended=False)
2025-11-27 01:10:34 | INFO | MONITOR_SLEEP | Sleeping for 20s (base=20s, consecutive_errors=0, monitoring_suspended=False)
2025-11-27 01:10:54 | INFO | MONITOR_SLEEP | Sleeping for 20s (base=20s, consecutive_errors=0, monitoring_suspended=False)
2025-11-27 01:11:14 | INFO | MONITOR | Paper trades checked (next in 60s)
2025-11-27 01:11:14 | INFO | MONITOR_SLEEP | Sleeping for 20s (base=20s, consecutive_errors=0, monitoring_suspended=False)
2025-11-27 01:11:34 | INFO | MONITOR_SLEEP | Sleeping for 20s (base=20s, consecutive_errors=0, monitoring_suspended=False)
2025-11-27 01:11:54 | INFO | MONITOR_SLEEP | Sleeping for 20s (base=20s, consecutive_errors=0, monitoring_suspended=False)
2025-11-27 01:12:14 | INFO | MONITOR | Paper trades checked (next in 60s)
2025-11-27 01:12:14 | INFO | MONITOR_SLEEP | Sleeping for 20s (base=20s, consecutive_errors=0, monitoring_suspended=False)
2025-11-27 01:12:34 | INFO | MONITOR_SLEEP | Sleeping for 20s (base=20s, consecutive_errors=0, monitoring_suspended=False)
2025-11-27 01:12:54 | INFO | MONITOR_SLEEP | Sleeping for 20s (base=20s, consecutive_errors=0, monitoring_suspended=False)
2025-11-27 01:13:14 | INFO | MONITOR | Paper trades checked (next in 60s)
2025-11-27 01:13:14 | INFO | MONITOR_SLEEP | Sleeping for 20s (base=20s, consecutive_errors=0, monitoring_suspended=False)
2025-11-27 01:13:34 | INFO | MONITOR_SLEEP | Sleeping for 20s (base=20s, consecutive_errors=0, monitoring_suspended=False)
2025-11-27 01:13:54 | INFO | MONITOR_SLEEP | Sleeping for 20s (base=20s, consecutive_errors=0, monitoring_suspended=False)
2025-11-27 01:14:14 | INFO | MONITOR | Paper trades checked (next in 60s)
2025-11-27 01:14:14 | INFO | MONITOR_SLEEP | Sleeping for 20s (base=20s, consecutive_errors=0, monitoring_suspended=False)
2025-11-27 01:14:34 | INFO | MONITOR_SLEEP | Sleeping for 20s (base=20s, consecutive_errors=0, monitoring_suspended=False)
2025-11-27 01:14:54 | INFO | MONITOR_SLEEP | Sleeping for 20s (base=20s, consecutive_errors=0, monitoring_suspended=False)
2025-11-27 01:15:14 | INFO | MONITOR | Paper trades checked (next in 60s)
2025-11-27 01:15:14 | INFO | MONITOR_SLEEP | Sleeping for 20s (base=20s, consecutive_errors=0, monitoring_suspended=False)
2025-11-27 01:15:34 | INFO | MONITOR_SLEEP | Sleeping for 20s (base=20s, consecutive_errors=0, monitoring_suspended=False)
2025-11-27 01:15:54 | INFO | MONITOR_SLEEP | Sleeping for 20s (base=20s, consecutive_errors=0, monitoring_suspended=False)
2025-11-27 01:16:14 | INFO | MONITOR | Paper trades checked (next in 60s)
2025-11-27 01:16:14 | INFO | MONITOR_SLEEP | Sleeping for 20s (base=20s, consecutive_errors=0, monitoring_suspended=False)
2025-11-27 01:16:34 | INFO | MONITOR_SLEEP | Sleeping for 20s (base=20s, consecutive_errors=0, monitoring_suspended=False)
2025-11-27 01:16:54 | INFO | MONITOR_SLEEP | Sleeping for 20s (base=20s, consecutive_errors=0, monitoring_suspended=False)
2025-11-27 01:17:14 | INFO | MONITOR | Paper trades checked (next in 60s)
2025-11-27 01:17:14 | INFO | MONITOR_SLEEP | Sleeping for 20s (base=20s, consecutive_errors=0, monitoring_suspended=False)
2025-11-27 01:17:34 | INFO | MONITOR_SLEEP | Sleeping for 20s (base=20s, consecutive_errors=0, monitoring_suspended=False)
2025-11-27 01:17:54 | INFO | MONITOR_SLEEP | Sleeping for 20s (base=20s, consecutive_errors=0, monitoring_suspended=False)
2025-11-27 01:18:14 | INFO | MONITOR | Paper trades checked (next in 60s)
2025-11-27 01:18:14 | INFO | MONITOR_SLEEP | Sleeping for 20s (base=20s, consecutive_errors=0, monitoring_suspended=False)
2025-11-27 01:18:34 | INFO | MONITOR_SLEEP | Sleeping for 20s (base=20s, consecutive_errors=0, monitoring_suspended=False)
2025-11-27 01:18:54 | INFO | MONITOR_SLEEP | Sleeping for 20s (base=20s, consecutive_errors=0, monitoring_suspended=False)
2025-11-27 01:19:14 | INFO | MONITOR | Paper trades checked (next in 60s)
2025-11-27 01:19:14 | INFO | MONITOR_SLEEP | Sleeping for 20s (base=20s, consecutive_errors=0, monitoring_suspended=False)
2025-11-27 01:19:34 | INFO | MONITOR_SLEEP | Sleeping for 20s (base=20s, consecutive_errors=0, monitoring_suspended=False)
2025-11-27 01:19:54 | INFO | MONITOR_SLEEP | Sleeping for 20s (base=20s, consecutive_errors=0, monitoring_suspended=False)
2025-11-27 01:20:14 | INFO | MONITOR | Paper trades checked (next in 60s)
2025-11-27 01:20:14 | INFO | MONITOR_SLEEP | Sleeping for 20s (base=20s, consecutive_errors=0, monitoring_suspended=False)
2025-11-27 01:20:34 | INFO | MONITOR_SLEEP | Sleeping for 20s (base=20s, consecutive_errors=0, monitoring_suspended=False)
2025-11-27 01:20:54 | INFO | MONITOR_SLEEP | Sleeping for 20s (base=20s, consecutive_errors=0, monitoring_suspended=False)
2025-11-27 01:21:14 | INFO | MONITOR | Paper trades checked (next in 60s)
2025-11-27 01:21:14 | INFO | MONITOR_SLEEP | Sleeping for 20s (base=20s, consecutive_errors=0, monitoring_suspended=False)
2025-11-27 01:21:34 | INFO | MONITOR_SLEEP | Sleeping for 20s (base=20s, consecutive_errors=0, monitoring_suspended=False)
2025-11-27 01:21:54 | INFO | MONITOR_SLEEP | Sleeping for 20s (base=20s, consecutive_errors=0, monitoring_suspended=False)
2025-11-27 01:22:14 | INFO | MONITOR | Paper trades checked (next in 60s)
2025-11-27 01:22:14 | INFO | MONITOR_SLEEP | Sleeping for 20s (base=20s, consecutive_errors=0, monitoring_suspended=False)
2025-11-27 01:22:34 | INFO | MONITOR_SLEEP | Sleeping for 20s (base=20s, consecutive_errors=0, monitoring_suspended=False)
2025-11-27 01:22:54 | INFO | MONITOR_SLEEP | Sleeping for 20s (base=20s, consecutive_errors=0, monitoring_suspended=False)
2025-11-27 01:23:14 | INFO | MONITOR | Paper trades checked (next in 60s)
2025-11-27 01:23:14 | INFO | MONITOR_SLEEP | Sleeping for 20s (base=20s, consecutive_errors=0, monitoring_suspended=False)
2025-11-27 01:23:34 | INFO | MONITOR_SLEEP | Sleeping for 20s (base=20s, consecutive_errors=0, monitoring_suspended=False)
2025-11-27 01:23:54 | INFO | MONITOR_SLEEP | Sleeping for 20s (base=20s, consecutive_errors=0, monitoring_suspended=False)
2025-11-27 01:24:14 | INFO | MONITOR | Paper trades checked (next in 60s)
2025-11-27 01:24:14 | INFO | MONITOR_SLEEP | Sleeping for 20s (base=20s, consecutive_errors=0, monitoring_suspended=False)
2025-11-27 01:24:34 | INFO | MONITOR_SLEEP | Sleeping for 20s (base=20s, consecutive_errors=0, monitoring_suspended=False)
2025-11-27 01:24:54 | INFO | MONITOR_SLEEP | Sleeping for 20s (base=20s, consecutive_errors=0, monitoring_suspended=False)
2025-11-27 01:25:15 | INFO | MONITOR | Paper trades checked (next in 60s)
2025-11-27 01:25:15 | INFO | MONITOR_SLEEP | Sleeping for 20s (base=20s, consecutive_errors=0, monitoring_suspended=False)
2025-11-27 01:25:35 | INFO | MONITOR_SLEEP | Sleeping for 20s (base=20s, consecutive_errors=0, monitoring_suspended=False)
2025-11-27 01:25:55 | INFO | MONITOR_SLEEP | Sleeping for 20s (base=20s, consecutive_errors=0, monitoring_suspended=False)
2025-11-27 01:26:15 | INFO | MONITOR | Paper trades checked (next in 60s)
2025-11-27 01:26:15 | INFO | MONITOR_SLEEP | Sleeping for 20s (base=20s, consecutive_errors=0, monitoring_suspended=False)
2025-11-27 01:26:35 | INFO | MONITOR_SLEEP | Sleeping for 20s (base=20s, consecutive_errors=0, monitoring_suspended=False)
2025-11-27 01:26:55 | INFO | MONITOR_SLEEP | Sleeping for 20s (base=20s, consecutive_errors=0, monitoring_suspended=False)
2025-11-27 01:27:15 | INFO | MONITOR | Paper trades checked (next in 60s)
2025-11-27 01:27:15 | INFO | MONITOR_SLEEP | Sleeping for 20s (base=20s, consecutive_errors=0, monitoring_suspended=False)
2025-11-27 01:27:35 | INFO | MONITOR_SLEEP | Sleeping for 20s (base=20s, consecutive_errors=0, monitoring_suspended=False)
2025-11-27 01:27:55 | INFO | MONITOR_SLEEP | Sleeping for 20s (base=20s, consecutive_errors=0, monitoring_suspended=False)
2025-11-27 01:28:15 | INFO | MONITOR | Paper trades checked (next in 60s)
2025-11-27 01:28:15 | INFO | MONITOR_SLEEP | Sleeping for 20s (base=20s, consecutive_errors=0, monitoring_suspended=False)
2025-11-27 01:28:35 | INFO | MONITOR_SLEEP | Sleeping for 20s (base=20s, consecutive_errors=0, monitoring_suspended=False)
2025-11-27 01:28:55 | INFO | MONITOR_SLEEP | Sleeping for 20s (base=20s, consecutive_errors=0, monitoring_suspended=False)
2025-11-27 01:29:15 | INFO | MONITOR | Paper trades checked (next in 60s)
2025-11-27 01:29:15 | INFO | MONITOR_SLEEP | Sleeping for 20s (base=20s, consecutive_errors=0, monitoring_suspended=False)
2025-11-27 01:29:35 | INFO | MONITOR_SLEEP | Sleeping for 20s (base=20s, consecutive_errors=0, monitoring_suspended=False)
2025-11-27 01:29:55 | INFO | MONITOR_SLEEP | Sleeping for 20s (base=20s, consecutive_errors=0, monitoring_suspended=False)
2025-11-27 01:30:15 | INFO | MONITOR | Paper trades checked (next in 60s)
2025-11-27 01:30:15 | INFO | MONITOR_SLEEP | Sleeping for 20s (base=20s, consecutive_errors=0, monitoring_suspended=False)
2025-11-27 01:30:35 | INFO | MONITOR_SLEEP | Sleeping for 20s (base=20s, consecutive_errors=0, monitoring_suspended=False)
2025-11-27 01:30:55 | INFO | MONITOR_SLEEP | Sleeping for 20s (base=20s, consecutive_errors=0, monitoring_suspended=False)
2025-11-27 01:31:15 | INFO | MONITOR | Paper trades checked (next in 60s)
2025-11-27 01:31:15 | INFO | MONITOR_SLEEP | Sleeping for 20s (base=20s, consecutive_errors=0, monitoring_suspended=False)
2025-11-27 01:31:35 | INFO | MONITOR_SLEEP | Sleeping for 20s (base=20s, consecutive_errors=0, monitoring_suspended=False)
2025-11-27 01:31:55 | INFO | MONITOR_SLEEP | Sleeping for 20s (base=20s, consecutive_errors=0, monitoring_suspended=False)
2025-11-27 01:32:15 | INFO | MONITOR | Paper trades checked (next in 60s)
2025-11-27 01:32:15 | INFO | MONITOR_SLEEP | Sleeping for 20s (base=20s, consecutive_errors=0, monitoring_suspended=False)
2025-11-27 01:32:35 | INFO | MONITOR_SLEEP | Sleeping for 20s (base=20s, consecutive_errors=0, monitoring_suspended=False)
2025-11-27 01:32:55 | INFO | MONITOR_SLEEP | Sleeping for 20s (base=20s, consecutive_errors=0, monitoring_suspended=False)
2025-11-27 01:33:15 | INFO | MONITOR | Paper trades checked (next in 60s)
2025-11-27 01:33:15 | INFO | MONITOR_SLEEP | Sleeping for 20s (base=20s, consecutive_errors=0, monitoring_suspended=False)
2025-11-27 01:33:35 | INFO | MONITOR_SLEEP | Sleeping for 20s (base=20s, consecutive_errors=0, monitoring_suspended=False)
2025-11-27 01:33:55 | INFO | MONITOR_SLEEP | Sleeping for 20s (base=20s, consecutive_errors=0, monitoring_suspended=False)
2025-11-27 01:34:15 | INFO | MONITOR | Paper trades checked (next in 60s)
2025-11-27 01:34:15 | INFO | MONITOR_SLEEP | Sleeping for 20s (base=20s, consecutive_errors=0, monitoring_suspended=False)
2025-11-27 01:34:35 | INFO | MONITOR_SLEEP | Sleeping for 20s (base=20s, consecutive_errors=0, monitoring_suspended=False)
2025-11-27 01:34:55 | INFO | MONITOR_SLEEP | Sleeping for 20s (base=20s, consecutive_errors=0, monitoring_suspended=False)
2025-11-27 01:35:15 | INFO | MONITOR | Paper trades checked (next in 60s)
2025-11-27 01:35:15 | INFO | MONITOR_SLEEP | Sleeping for 20s (base=20s, consecutive_errors=0, monitoring_suspended=False)
2025-11-27 01:35:35 | INFO | MONITOR_SLEEP | Sleeping for 20s (base=20s, consecutive_errors=0, monitoring_suspended=False)
2025-11-27 01:35:55 | INFO | MONITOR_SLEEP | Sleeping for 20s (base=20s, consecutive_errors=0, monitoring_suspended=False)
2025-11-27 01:36:15 | INFO | MONITOR | Paper trades checked (next in 60s)
2025-11-27 01:36:15 | INFO | MONITOR_SLEEP | Sleeping for 20s (base=20s, consecutive_errors=0, monitoring_suspended=False)
2025-11-27 01:36:35 | INFO | MONITOR_SLEEP | Sleeping for 20s (base=20s, consecutive_errors=0, monitoring_suspended=False)
2025-11-27 01:36:55 | INFO | MONITOR_SLEEP | Sleeping for 20s (base=20s, consecutive_errors=0, monitoring_suspended=False)
2025-11-27 01:37:15 | INFO | MONITOR | Paper trades checked (next in 60s)
2025-11-27 01:37:15 | INFO | MONITOR_SLEEP | Sleeping for 20s (base=20s, consecutive_errors=0, monitoring_suspended=False)
2025-11-27 01:37:35 | INFO | MONITOR_SLEEP | Sleeping for 20s (base=20s, consecutive_errors=0, monitoring_suspended=False)
2025-11-27 01:37:55 | INFO | MONITOR_SLEEP | Sleeping for 20s (base=20s, consecutive_errors=0, monitoring_suspended=False)
2025-11-27 01:38:15 | INFO | MONITOR | Paper trades checked (next in 60s)
2025-11-27 01:38:15 | INFO | MONITOR_SLEEP | Sleeping for 20s (base=20s, consecutive_errors=0, monitoring_suspended=False)
2025-11-27 01:38:35 | INFO | MONITOR_SLEEP | Sleeping for 20s (base=20s, consecutive_errors=0, monitoring_suspended=False)
2025-11-27 01:38:55 | INFO | MONITOR_SLEEP | Sleeping for 20s (base=20s, consecutive_errors=0, monitoring_suspended=False)
2025-11-27 01:39:15 | INFO | MONITOR | Paper trades checked (next in 60s)
2025-11-27 01:39:15 | INFO | MONITOR_SLEEP | Sleeping for 20s (base=20s, consecutive_errors=0, monitoring_suspended=False)
2025-11-27 01:39:35 | INFO | MONITOR_SLEEP | Sleeping for 20s (base=20s, consecutive_errors=0, monitoring_suspended=False)
2025-11-27 01:39:55 | INFO | MONITOR_SLEEP | Sleeping for 20s (base=20s, consecutive_errors=0, monitoring_suspended=False)
2025-11-27 01:40:15 | INFO | MONITOR | Paper trades checked (next in 60s)
2025-11-27 01:40:15 | INFO | MONITOR_SLEEP | Sleeping for 20s (base=20s, consecutive_errors=0, monitoring_suspended=False)
2025-11-27 01:40:35 | INFO | MONITOR_SLEEP | Sleeping for 20s (base=20s, consecutive_errors=0, monitoring_suspended=False)
2025-11-27 01:40:55 | INFO | MONITOR_SLEEP | Sleeping for 20s (base=20s, consecutive_errors=0, monitoring_suspended=False)
2025-11-27 01:41:15 | INFO | MONITOR | Paper trades checked (next in 60s)
2025-11-27 01:41:15 | INFO | MONITOR_SLEEP | Sleeping for 20s (base=20s, consecutive_errors=0, monitoring_suspended=False)
2025-11-27 01:41:35 | INFO | MONITOR_SLEEP | Sleeping for 20s (base=20s, consecutive_errors=0, monitoring_suspended=False)
2025-11-27 01:41:55 | INFO | MONITOR_SLEEP | Sleeping for 20s (base=20s, consecutive_errors=0, monitoring_suspended=False)
2025-11-27 01:42:15 | INFO | MONITOR | Paper trades checked (next in 60s)
2025-11-27 01:42:15 | INFO | MONITOR_SLEEP | Sleeping for 20s (base=20s, consecutive_errors=0, monitoring_suspended=False)
2025-11-27 01:42:35 | INFO | MONITOR_SLEEP | Sleeping for 20s (base=20s, consecutive_errors=0, monitoring_suspended=False)
2025-11-27 01:42:55 | INFO | MONITOR_SLEEP | Sleeping for 20s (base=20s, consecutive_errors=0, monitoring_suspended=False)
2025-11-27 01:43:15 | INFO | MONITOR | Paper trades checked (next in 60s)
2025-11-27 01:43:15 | INFO | MONITOR_SLEEP | Sleeping for 20s (base=20s, consecutive_errors=0, monitoring_suspended=False)
2025-11-27 01:43:35 | INFO | MONITOR_SLEEP | Sleeping for 20s (base=20s, consecutive_errors=0, monitoring_suspended=False)
2025-11-27 01:43:55 | INFO | MONITOR_SLEEP | Sleeping for 20s (base=20s, consecutive_errors=0, monitoring_suspended=False)
2025-11-27 01:44:15 | INFO | MONITOR | Paper trades checked (next in 60s)
2025-11-27 01:44:15 | INFO | MONITOR_SLEEP | Sleeping for 20s (base=20s, consecutive_errors=0, monitoring_suspended=False)
2025-11-27 01:44:35 | INFO | MONITOR_SLEEP | Sleeping for 20s (base=20s, consecutive_errors=0, monitoring_suspended=False)
2025-11-27 01:44:55 | INFO | MONITOR_SLEEP | Sleeping for 20s (base=20s, consecutive_errors=0, monitoring_suspended=False)
2025-11-27 01:45:15 | INFO | MONITOR | Paper trades checked (next in 60s)
2025-11-27 01:45:15 | INFO | MONITOR_SLEEP | Sleeping for 20s (base=20s, consecutive_errors=0, monitoring_suspended=False)
2025-11-27 01:45:35 | INFO | MONITOR_SLEEP | Sleeping for 20s (base=20s, consecutive_errors=0, monitoring_suspended=False)
2025-11-27 01:45:55 | INFO | MONITOR_SLEEP | Sleeping for 20s (base=20s, consecutive_errors=0, monitoring_suspended=False)
2025-11-27 01:46:15 | INFO | MONITOR | Paper trades checked (next in 60s)
2025-11-27 01:46:15 | INFO | MONITOR_SLEEP | Sleeping for 20s (base=20s, consecutive_errors=0, monitoring_suspended=False)
2025-11-27 01:46:35 | INFO | MONITOR_SLEEP | Sleeping for 20s (base=20s, consecutive_errors=0, monitoring_suspended=False)
2025-11-27 01:46:55 | INFO | MONITOR_SLEEP | Sleeping for 20s (base=20s, consecutive_errors=0, monitoring_suspended=False)
2025-11-27 01:47:15 | INFO | MONITOR | Paper trades checked (next in 60s)
2025-11-27 01:47:15 | INFO | MONITOR_SLEEP | Sleeping for 20s (base=20s, consecutive_errors=0, monitoring_suspended=False)
2025-11-27 01:47:35 | INFO | MONITOR_SLEEP | Sleeping for 20s (base=20s, consecutive_errors=0, monitoring_suspended=False)
2025-11-27 01:47:55 | INFO | MONITOR_SLEEP | Sleeping for 20s (base=20s, consecutive_errors=0, monitoring_suspended=False)
2025-11-27 01:48:15 | INFO | MONITOR | Paper trades checked (next in 60s)
2025-11-27 01:48:15 | INFO | MONITOR_SLEEP | Sleeping for 20s (base=20s, consecutive_errors=0, monitoring_suspended=False)
2025-11-27 01:48:35 | INFO | MONITOR_SLEEP | Sleeping for 20s (base=20s, consecutive_errors=0, monitoring_suspended=False)
2025-11-27 01:48:55 | INFO | MONITOR_SLEEP | Sleeping for 20s (base=20s, consecutive_errors=0, monitoring_suspended=False)
2025-11-27 01:49:15 | INFO | MONITOR | Paper trades checked (next in 60s)
2025-11-27 01:49:15 | INFO | MONITOR_SLEEP | Sleeping for 20s (base=20s, consecutive_errors=0, monitoring_suspended=False)
2025-11-27 01:49:35 | INFO | MONITOR_SLEEP | Sleeping for 20s (base=20s, consecutive_errors=0, monitoring_suspended=False)
2025-11-27 01:49:55 | INFO | MONITOR_SLEEP | Sleeping for 20s (base=20s, consecutive_errors=0, monitoring_suspended=False)
2025-11-27 01:50:15 | INFO | MONITOR | Paper trades checked (next in 60s)
2025-11-27 01:50:15 | INFO | MONITOR_SLEEP | Sleeping for 20s (base=20s, consecutive_errors=0, monitoring_suspended=False)
2025-11-27 01:50:35 | INFO | MONITOR_SLEEP | Sleeping for 20s (base=20s, consecutive_errors=0, monitoring_suspended=False)
2025-11-27 01:50:55 | INFO | MONITOR_SLEEP | Sleeping for 20s (base=20s, consecutive_errors=0, monitoring_suspended=False)
2025-11-27 01:51:15 | INFO | MONITOR | Paper trades checked (next in 60s)
2025-11-27 01:51:15 | INFO | MONITOR_SLEEP | Sleeping for 20s (base=20s, consecutive_errors=0, monitoring_suspended=False)
2025-11-27 01:51:35 | INFO | MONITOR_SLEEP | Sleeping for 20s (base=20s, consecutive_errors=0, monitoring_suspended=False)
2025-11-27 01:51:55 | INFO | MONITOR_SLEEP | Sleeping for 20s (base=20s, consecutive_errors=0, monitoring_suspended=False)
2025-11-27 01:52:15 | INFO | MONITOR | Paper trades checked (next in 60s)
2025-11-27 01:52:15 | INFO | MONITOR_SLEEP | Sleeping for 20s (base=20s, consecutive_errors=0, monitoring_suspended=False)
2025-11-27 01:52:35 | INFO | MONITOR_SLEEP | Sleeping for 20s (base=20s, consecutive_errors=0, monitoring_suspended=False)
2025-11-27 01:52:55 | INFO | MONITOR_SLEEP | Sleeping for 20s (base=20s, consecutive_errors=0, monitoring_suspended=False)
2025-11-27 01:53:15 | INFO | MONITOR | Paper trades checked (next in 60s)
2025-11-27 01:53:15 | INFO | MONITOR_SLEEP | Sleeping for 20s (base=20s, consecutive_errors=0, monitoring_suspended=False)
2025-11-27 01:53:35 | INFO | MONITOR_SLEEP | Sleeping for 20s (base=20s, consecutive_errors=0, monitoring_suspended=False)
2025-11-27 01:53:55 | INFO | MONITOR_SLEEP | Sleeping for 20s (base=20s, consecutive_errors=0, monitoring_suspended=False)
2025-11-27 01:54:15 | INFO | MONITOR | Paper trades checked (next in 60s)
2025-11-27 01:54:15 | INFO | MONITOR_SLEEP | Sleeping for 20s (base=20s, consecutive_errors=0, monitoring_suspended=False)
2025-11-27 01:54:35 | INFO | MONITOR_SLEEP | Sleeping for 20s (base=20s, consecutive_errors=0, monitoring_suspended=False)
2025-11-27 01:54:55 | INFO | MONITOR_SLEEP | Sleeping for 20s (base=20s, consecutive_errors=0, monitoring_suspended=False)
2025-11-27 01:55:15 | INFO | MONITOR | Paper trades checked (next in 60s)
2025-11-27 01:55:15 | INFO | MONITOR_SLEEP | Sleeping for 20s (base=20s, consecutive_errors=0, monitoring_suspended=False)
2025-11-27 01:55:35 | INFO | MONITOR_SLEEP | Sleeping for 20s (base=20s, consecutive_errors=0, monitoring_suspended=False)
2025-11-27 01:55:55 | INFO | MONITOR_SLEEP | Sleeping for 20s (base=20s, consecutive_errors=0, monitoring_suspended=False)
2025-11-27 01:56:15 | INFO | MONITOR | Paper trades checked (next in 60s)
2025-11-27 01:56:15 | INFO | MONITOR_SLEEP | Sleeping for 20s (base=20s, consecutive_errors=0, monitoring_suspended=False)
2025-11-27 01:56:35 | INFO | MONITOR_SLEEP | Sleeping for 20s (base=20s, consecutive_errors=0, monitoring_suspended=False)
2025-11-27 01:56:55 | INFO | MONITOR_SLEEP | Sleeping for 20s (base=20s, consecutive_errors=0, monitoring_suspended=False)
2025-11-27 01:57:15 | INFO | MONITOR | Paper trades checked (next in 60s)
2025-11-27 01:57:15 | INFO | MONITOR_SLEEP | Sleeping for 20s (base=20s, consecutive_errors=0, monitoring_suspended=False)
2025-11-27 01:57:35 | INFO | MONITOR_SLEEP | Sleeping for 20s (base=20s, consecutive_errors=0, monitoring_suspended=False)
2025-11-27 01:57:55 | INFO | MONITOR_SLEEP | Sleeping for 20s (base=20s, consecutive_errors=0, monitoring_suspended=False)
2025-11-27 01:58:15 | INFO | MONITOR | Paper trades checked (next in 60s)
2025-11-27 01:58:15 | INFO | MONITOR_SLEEP | Sleeping for 20s (base=20s, consecutive_errors=0, monitoring_suspended=False)
2025-11-27 01:58:35 | INFO | MONITOR_SLEEP | Sleeping for 20s (base=20s, consecutive_errors=0, monitoring_suspended=False)
2025-11-27 01:58:55 | INFO | MONITOR_SLEEP | Sleeping for 20s (base=20s, consecutive_errors=0, monitoring_suspended=False)
2025-11-27 01:59:15 | INFO | MONITOR | Paper trades checked (next in 60s)
2025-11-27 01:59:15 | INFO | MONITOR_SLEEP | Sleeping for 20s (base=20s, consecutive_errors=0, monitoring_suspended=False)
2025-11-27 01:59:35 | INFO | MONITOR_SLEEP | Sleeping for 20s (base=20s, consecutive_errors=0, monitoring_suspended=False)
2025-11-27 01:59:55 | INFO | MONITOR_SLEEP | Sleeping for 20s (base=20s, consecutive_errors=0, monitoring_suspended=False)
2025-11-27 02:00:15 | INFO | MONITOR | Paper trades checked (next in 60s)
2025-11-27 02:00:15 | INFO | MONITOR_SLEEP | Sleeping for 20s (base=20s, consecutive_errors=0, monitoring_suspended=False)
2025-11-27 02:00:35 | INFO | MONITOR_SLEEP | Sleeping for 20s (base=20s, consecutive_errors=0, monitoring_suspended=False)
2025-11-27 02:00:55 | INFO | MONITOR_SLEEP | Sleeping for 20s (base=20s, consecutive_errors=0, monitoring_suspended=False)
2025-11-27 02:01:15 | INFO | MONITOR | Paper trades checked (next in 60s)
2025-11-27 02:01:15 | INFO | MONITOR_SLEEP | Sleeping for 20s (base=20s, consecutive_errors=0, monitoring_suspended=False)
2025-11-27 02:01:35 | INFO | MONITOR_SLEEP | Sleeping for 20s (base=20s, consecutive_errors=0, monitoring_suspended=False)
2025-11-27 02:01:55 | INFO | MONITOR_SLEEP | Sleeping for 20s (base=20s, consecutive_errors=0, monitoring_suspended=False)
2025-11-27 02:02:15 | INFO | MONITOR | Paper trades checked (next in 60s)
2025-11-27 02:02:15 | INFO | MONITOR_SLEEP | Sleeping for 20s (base=20s, consecutive_errors=0, monitoring_suspended=False)
2025-11-27 02:02:35 | INFO | MONITOR_SLEEP | Sleeping for 20s (base=20s, consecutive_errors=0, monitoring_suspended=False)
2025-11-27 02:02:55 | INFO | MONITOR_SLEEP | Sleeping for 20s (base=20s, consecutive_errors=0, monitoring_suspended=False)
2025-11-27 02:03:15 | INFO | MONITOR | Paper trades checked (next in 60s)
2025-11-27 02:03:15 | INFO | MONITOR_SLEEP | Sleeping for 20s (base=20s, consecutive_errors=0, monitoring_suspended=False)
2025-11-27 02:03:35 | INFO | MONITOR_SLEEP | Sleeping for 20s (base=20s, consecutive_errors=0, monitoring_suspended=False)
2025-11-27 02:03:55 | INFO | MONITOR_SLEEP | Sleeping for 20s (base=20s, consecutive_errors=0, monitoring_suspended=False)
2025-11-27 02:04:15 | INFO | MONITOR | Paper trades checked (next in 60s)
2025-11-27 02:04:15 | INFO | MONITOR_SLEEP | Sleeping for 20s (base=20s, consecutive_errors=0, monitoring_suspended=False)
2025-11-27 02:04:35 | INFO | MONITOR_SLEEP | Sleeping for 20s (base=20s, consecutive_errors=0, monitoring_suspended=False)
2025-11-27 02:04:55 | INFO | MONITOR_SLEEP | Sleeping for 20s (base=20s, consecutive_errors=0, monitoring_suspended=False)
2025-11-27 02:05:15 | INFO | MONITOR | Paper trades checked (next in 60s)
2025-11-27 02:05:15 | INFO | MONITOR_SLEEP | Sleeping for 20s (base=20s, consecutive_errors=0, monitoring_suspended=False)
2025-11-27 02:05:35 | INFO | MONITOR_SLEEP | Sleeping for 20s (base=20s, consecutive_errors=0, monitoring_suspended=False)
2025-11-27 02:05:55 | INFO | MONITOR_SLEEP | Sleeping for 20s (base=20s, consecutive_errors=0, monitoring_suspended=False)
2025-11-27 02:06:15 | INFO | MONITOR | Paper trades checked (next in 60s)
2025-11-27 02:06:15 | INFO | MONITOR_SLEEP | Sleeping for 20s (base=20s, consecutive_errors=0, monitoring_suspended=False)
2025-11-27 02:06:35 | INFO | MONITOR_SLEEP | Sleeping for 20s (base=20s, consecutive_errors=0, monitoring_suspended=False)
2025-11-27 02:06:55 | INFO | MONITOR_SLEEP | Sleeping for 20s (base=20s, consecutive_errors=0, monitoring_suspended=False)
2025-11-27 02:07:15 | INFO | MONITOR | Paper trades checked (next in 60s)
2025-11-27 02:07:15 | INFO | MONITOR_SLEEP | Sleeping for 20s (base=20s, consecutive_errors=0, monitoring_suspended=False)
2025-11-27 02:07:35 | INFO | MONITOR_SLEEP | Sleeping for 20s (base=20s, consecutive_errors=0, monitoring_suspended=False)
2025-11-27 02:07:55 | INFO | MONITOR_SLEEP | Sleeping for 20s (base=20s, consecutive_errors=0, monitoring_suspended=False)
2025-11-27 02:08:15 | INFO | MONITOR | Paper trades checked (next in 60s)
2025-11-27 02:08:15 | INFO | MONITOR_SLEEP | Sleeping for 20s (base=20s, consecutive_errors=0, monitoring_suspended=False)
2025-11-27 02:08:35 | INFO | MONITOR_SLEEP | Sleeping for 20s (base=20s, consecutive_errors=0, monitoring_suspended=False)
2025-11-27 02:08:55 | INFO | MONITOR_SLEEP | Sleeping for 20s (base=20s, consecutive_errors=0, monitoring_suspended=False)
2025-11-27 02:09:15 | INFO | MONITOR | Paper trades checked (next in 60s)
2025-11-27 02:09:15 | INFO | MONITOR_SLEEP | Sleeping for 20s (base=20s, consecutive_errors=0, monitoring_suspended=False)
2025-11-27 02:09:35 | INFO | MONITOR_SLEEP | Sleeping for 20s (base=20s, consecutive_errors=0, monitoring_suspended=False)
2025-11-27 02:09:55 | INFO | MONITOR_SLEEP | Sleeping for 20s (base=20s, consecutive_errors=0, monitoring_suspended=False)
2025-11-27 02:10:15 | INFO | MONITOR | Paper trades checked (next in 60s)
2025-11-27 02:10:15 | INFO | MONITOR_SLEEP | Sleeping for 20s (base=20s, consecutive_errors=0, monitoring_suspended=False)
2025-11-27 02:10:35 | INFO | MONITOR_SLEEP | Sleeping for 20s (base=20s, consecutive_errors=0, monitoring_suspended=False)
2025-11-27 02:10:55 | INFO | MONITOR_SLEEP | Sleeping for 20s (base=20s, consecutive_errors=0, monitoring_suspended=False)
2025-11-27 02:11:15 | INFO | MONITOR | Paper trades checked (next in 60s)
2025-11-27 02:11:15 | INFO | MONITOR_SLEEP | Sleeping for 20s (base=20s, consecutive_errors=0, monitoring_suspended=False)
2025-11-27 02:11:35 | INFO | MONITOR_SLEEP | Sleeping for 20s (base=20s, consecutive_errors=0, monitoring_suspended=False)
2025-11-27 02:11:55 | INFO | MONITOR_SLEEP | Sleeping for 20s (base=20s, consecutive_errors=0, monitoring_suspended=False)
2025-11-27 02:12:15 | INFO | MONITOR | Paper trades checked (next in 60s)
2025-11-27 02:12:15 | INFO | MONITOR_SLEEP | Sleeping for 20s (base=20s, consecutive_errors=0, monitoring_suspended=False)
2025-11-27 02:12:35 | INFO | MONITOR_SLEEP | Sleeping for 20s (base=20s, consecutive_errors=0, monitoring_suspended=False)
2025-11-27 02:12:55 | INFO | MONITOR_SLEEP | Sleeping for 20s (base=20s, consecutive_errors=0, monitoring_suspended=False)
2025-11-27 02:13:15 | INFO | MONITOR | Paper trades checked (next in 60s)
2025-11-27 02:13:15 | INFO | MONITOR_SLEEP | Sleeping for 20s (base=20s, consecutive_errors=0, monitoring_suspended=False)
2025-11-27 02:13:35 | INFO | MONITOR_SLEEP | Sleeping for 20s (base=20s, consecutive_errors=0, monitoring_suspended=False)
2025-11-27 02:13:55 | INFO | MONITOR_SLEEP | Sleeping for 20s (base=20s, consecutive_errors=0, monitoring_suspended=False)
2025-11-27 02:14:15 | INFO | MONITOR | Paper trades checked (next in 60s)
2025-11-27 02:14:15 | INFO | MONITOR_SLEEP | Sleeping for 20s (base=20s, consecutive_errors=0, monitoring_suspended=False)
2025-11-27 02:14:35 | INFO | MONITOR_SLEEP | Sleeping for 20s (base=20s, consecutive_errors=0, monitoring_suspended=False)
2025-11-27 02:14:55 | INFO | MONITOR_SLEEP | Sleeping for 20s (base=20s, consecutive_errors=0, monitoring_suspended=False)
2025-11-27 02:15:15 | INFO | MONITOR | Paper trades checked (next in 60s)
2025-11-27 02:15:15 | INFO | MONITOR_SLEEP | Sleeping for 20s (base=20s, consecutive_errors=0, monitoring_suspended=False)
2025-11-27 02:15:35 | INFO | MONITOR_SLEEP | Sleeping for 20s (base=20s, consecutive_errors=0, monitoring_suspended=False)
2025-11-27 02:15:55 | INFO | MONITOR_SLEEP | Sleeping for 20s (base=20s, consecutive_errors=0, monitoring_suspended=False)
2025-11-27 02:16:15 | INFO | MONITOR | Paper trades checked (next in 60s)
2025-11-27 02:16:15 | INFO | MONITOR_SLEEP | Sleeping for 20s (base=20s, consecutive_errors=0, monitoring_suspended=False)
2025-11-27 02:16:35 | INFO | MONITOR_SLEEP | Sleeping for 20s (base=20s, consecutive_errors=0, monitoring_suspended=False)
2025-11-27 02:16:55 | INFO | MONITOR_SLEEP | Sleeping for 20s (base=20s, consecutive_errors=0, monitoring_suspended=False)
2025-11-27 02:17:15 | INFO | MONITOR | Paper trades checked (next in 60s)
2025-11-27 02:17:15 | INFO | MONITOR_SLEEP | Sleeping for 20s (base=20s, consecutive_errors=0, monitoring_suspended=False)
2025-11-27 02:17:35 | INFO | MONITOR_SLEEP | Sleeping for 20s (base=20s, consecutive_errors=0, monitoring_suspended=False)
2025-11-27 02:17:55 | INFO | MONITOR_SLEEP | Sleeping for 20s (base=20s, consecutive_errors=0, monitoring_suspended=False)
2025-11-27 02:18:15 | INFO | MONITOR | Paper trades checked (next in 60s)
2025-11-27 02:18:15 | INFO | MONITOR_SLEEP | Sleeping for 20s (base=20s, consecutive_errors=0, monitoring_suspended=False)
2025-11-27 02:18:35 | INFO | MONITOR_SLEEP | Sleeping for 20s (base=20s, consecutive_errors=0, monitoring_suspended=False)
2025-11-27 02:18:55 | INFO | MONITOR_SLEEP | Sleeping for 20s (base=20s, consecutive_errors=0, monitoring_suspended=False)
2025-11-27 02:19:15 | INFO | MONITOR | Paper trades checked (next in 60s)
2025-11-27 02:19:15 | INFO | MONITOR_SLEEP | Sleeping for 20s (base=20s, consecutive_errors=0, monitoring_suspended=False)
2025-11-27 02:19:35 | INFO | MONITOR_SLEEP | Sleeping for 20s (base=20s, consecutive_errors=0, monitoring_suspended=False)
2025-11-27 02:19:55 | INFO | MONITOR_SLEEP | Sleeping for 20s (base=20s, consecutive_errors=0, monitoring_suspended=False)
2025-11-27 02:20:15 | INFO | MONITOR | Paper trades checked (next in 60s)
2025-11-27 02:20:15 | INFO | MONITOR_SLEEP | Sleeping for 20s (base=20s, consecutive_errors=0, monitoring_suspended=False)
2025-11-27 02:20:35 | INFO | MONITOR_SLEEP | Sleeping for 20s (base=20s, consecutive_errors=0, monitoring_suspended=False)
2025-11-27 02:20:55 | INFO | MONITOR_SLEEP | Sleeping for 20s (base=20s, consecutive_errors=0, monitoring_suspended=False)
2025-11-27 02:21:15 | INFO | MONITOR | Paper trades checked (next in 60s)
2025-11-27 02:21:15 | INFO | MONITOR_SLEEP | Sleeping for 20s (base=20s, consecutive_errors=0, monitoring_suspended=False)
2025-11-27 02:21:35 | INFO | MONITOR_SLEEP | Sleeping for 20s (base=20s, consecutive_errors=0, monitoring_suspended=False)
2025-11-27 02:21:55 | INFO | MONITOR_SLEEP | Sleeping for 20s (base=20s, consecutive_errors=0, monitoring_suspended=False)
2025-11-27 02:22:15 | INFO | MONITOR | Paper trades checked (next in 60s)
2025-11-27 02:22:15 | INFO | MONITOR_SLEEP | Sleeping for 20s (base=20s, consecutive_errors=0, monitoring_suspended=False)
2025-11-27 02:22:35 | INFO | MONITOR_SLEEP | Sleeping for 20s (base=20s, consecutive_errors=0, monitoring_suspended=False)
2025-11-27 02:22:55 | INFO | MONITOR_SLEEP | Sleeping for 20s (base=20s, consecutive_errors=0, monitoring_suspended=False)
2025-11-27 02:23:15 | INFO | MONITOR | Paper trades checked (next in 60s)
2025-11-27 02:23:15 | INFO | MONITOR_SLEEP | Sleeping for 20s (base=20s, consecutive_errors=0, monitoring_suspended=False)
2025-11-27 02:23:35 | INFO | MONITOR_SLEEP | Sleeping for 20s (base=20s, consecutive_errors=0, monitoring_suspended=False)
2025-11-27 02:23:55 | INFO | MONITOR_SLEEP | Sleeping for 20s (base=20s, consecutive_errors=0, monitoring_suspended=False)
2025-11-27 02:24:15 | INFO | MONITOR | Paper trades checked (next in 60s)
2025-11-27 02:24:15 | INFO | MONITOR_SLEEP | Sleeping for 20s (base=20s, consecutive_errors=0, monitoring_suspended=False)
2025-11-27 02:24:35 | INFO | MONITOR_SLEEP | Sleeping for 20s (base=20s, consecutive_errors=0, monitoring_suspended=False)
2025-11-27 02:24:55 | INFO | MONITOR_SLEEP | Sleeping for 20s (base=20s, consecutive_errors=0, monitoring_suspended=False)
2025-11-27 02:25:15 | INFO | MONITOR | Paper trades checked (next in 60s)
2025-11-27 02:25:15 | INFO | MONITOR_SLEEP | Sleeping for 20s (base=20s, consecutive_errors=0, monitoring_suspended=False)
2025-11-27 02:25:35 | INFO | MONITOR_SLEEP | Sleeping for 20s (base=20s, consecutive_errors=0, monitoring_suspended=False)
2025-11-27 02:25:55 | INFO | MONITOR_SLEEP | Sleeping for 20s (base=20s, consecutive_errors=0, monitoring_suspended=False)
2025-11-27 02:26:15 | INFO | MONITOR | Paper trades checked (next in 60s)
2025-11-27 02:26:15 | INFO | MONITOR_SLEEP | Sleeping for 20s (base=20s, consecutive_errors=0, monitoring_suspended=False)
2025-11-27 02:26:35 | INFO | MONITOR_SLEEP | Sleeping for 20s (base=20s, consecutive_errors=0, monitoring_suspended=False)
2025-11-27 02:26:55 | INFO | MONITOR_SLEEP | Sleeping for 20s (base=20s, consecutive_errors=0, monitoring_suspended=False)
2025-11-27 02:27:15 | INFO | MONITOR | Paper trades checked (next in 60s)
2025-11-27 02:27:15 | INFO | MONITOR_SLEEP | Sleeping for 20s (base=20s, consecutive_errors=0, monitoring_suspended=False)
2025-11-27 02:27:35 | INFO | MONITOR_SLEEP | Sleeping for 20s (base=20s, consecutive_errors=0, monitoring_suspended=False)
2025-11-27 02:27:55 | INFO | MONITOR_SLEEP | Sleeping for 20s (base=20s, consecutive_errors=0, monitoring_suspended=False)
2025-11-27 02:28:15 | INFO | MONITOR | Paper trades checked (next in 60s)
2025-11-27 02:28:15 | INFO | MONITOR_SLEEP | Sleeping for 20s (base=20s, consecutive_errors=0, monitoring_suspended=False)
2025-11-27 02:28:35 | INFO | MONITOR_SLEEP | Sleeping for 20s (base=20s, consecutive_errors=0, monitoring_suspended=False)
2025-11-27 02:28:55 | INFO | MONITOR_SLEEP | Sleeping for 20s (base=20s, consecutive_errors=0, monitoring_suspended=False)
2025-11-27 02:29:15 | INFO | MONITOR | Paper trades checked (next in 60s)
2025-11-27 02:29:15 | INFO | MONITOR_SLEEP | Sleeping for 20s (base=20s, consecutive_errors=0, monitoring_suspended=False)
2025-11-27 02:29:35 | INFO | MONITOR_SLEEP | Sleeping for 20s (base=20s, consecutive_errors=0, monitoring_suspended=False)
2025-11-27 02:29:55 | INFO | MONITOR_SLEEP | Sleeping for 20s (base=20s, consecutive_errors=0, monitoring_suspended=False)
2025-11-27 02:30:15 | INFO | MONITOR | Paper trades checked (next in 60s)
2025-11-27 02:30:15 | INFO | MONITOR_SLEEP | Sleeping for 20s (base=20s, consecutive_errors=0, monitoring_suspended=False)
2025-11-27 02:30:35 | INFO | MONITOR_SLEEP | Sleeping for 20s (base=20s, consecutive_errors=0, monitoring_suspended=False)
2025-11-27 02:30:55 | INFO | MONITOR_SLEEP | Sleeping for 20s (base=20s, consecutive_errors=0, monitoring_suspended=False)
2025-11-27 02:31:15 | INFO | MONITOR | Paper trades checked (next in 60s)
2025-11-27 02:31:15 | INFO | MONITOR_SLEEP | Sleeping for 20s (base=20s, consecutive_errors=0, monitoring_suspended=False)
2025-11-27 02:31:35 | INFO | MONITOR_SLEEP | Sleeping for 20s (base=20s, consecutive_errors=0, monitoring_suspended=False)
2025-11-27 02:31:55 | INFO | MONITOR_SLEEP | Sleeping for 20s (base=20s, consecutive_errors=0, monitoring_suspended=False)
2025-11-27 02:32:15 | INFO | MONITOR | Paper trades checked (next in 60s)
2025-11-27 02:32:15 | INFO | MONITOR_SLEEP | Sleeping for 20s (base=20s, consecutive_errors=0, monitoring_suspended=False)
2025-11-27 02:32:35 | INFO | MONITOR_SLEEP | Sleeping for 20s (base=20s, consecutive_errors=0, monitoring_suspended=False)
2025-11-27 02:32:55 | INFO | MONITOR_SLEEP | Sleeping for 20s (base=20s, consecutive_errors=0, monitoring_suspended=False)
2025-11-27 02:33:15 | INFO | MONITOR | Paper trades checked (next in 60s)
2025-11-27 02:33:15 | INFO | MONITOR_SLEEP | Sleeping for 20s (base=20s, consecutive_errors=0, monitoring_suspended=False)
2025-11-27 02:33:35 | INFO | MONITOR_SLEEP | Sleeping for 20s (base=20s, consecutive_errors=0, monitoring_suspended=False)
2025-11-27 02:33:55 | INFO | MONITOR_SLEEP | Sleeping for 20s (base=20s, consecutive_errors=0, monitoring_suspended=False)
2025-11-27 02:34:15 | INFO | MONITOR | Paper trades checked (next in 60s)
2025-11-27 02:34:15 | INFO | MONITOR_SLEEP | Sleeping for 20s (base=20s, consecutive_errors=0, monitoring_suspended=False)
2025-11-27 02:34:35 | INFO | MONITOR_SLEEP | Sleeping for 20s (base=20s, consecutive_errors=0, monitoring_suspended=False)
2025-11-27 02:34:55 | INFO | MONITOR_SLEEP | Sleeping for 20s (base=20s, consecutive_errors=0, monitoring_suspended=False)
2025-11-27 02:35:15 | INFO | MONITOR | Paper trades checked (next in 60s)
2025-11-27 02:35:15 | INFO | MONITOR_SLEEP | Sleeping for 20s (base=20s, consecutive_errors=0, monitoring_suspended=False)
2025-11-27 02:35:35 | INFO | MONITOR_SLEEP | Sleeping for 20s (base=20s, consecutive_errors=0, monitoring_suspended=False)
2025-11-27 02:35:55 | INFO | MONITOR_SLEEP | Sleeping for 20s (base=20s, consecutive_errors=0, monitoring_suspended=False)
2025-11-27 02:36:15 | INFO | MONITOR | Paper trades checked (next in 60s)
2025-11-27 02:36:15 | INFO | MONITOR_SLEEP | Sleeping for 20s (base=20s, consecutive_errors=0, monitoring_suspended=False)
2025-11-27 02:36:35 | INFO | MONITOR_SLEEP | Sleeping for 20s (base=20s, consecutive_errors=0, monitoring_suspended=False)
2025-11-27 02:36:55 | INFO | MONITOR_SLEEP | Sleeping for 20s (base=20s, consecutive_errors=0, monitoring_suspended=False)
2025-11-27 02:37:15 | INFO | MONITOR | Paper trades checked (next in 60s)
2025-11-27 02:37:15 | INFO | MONITOR_SLEEP | Sleeping for 20s (base=20s, consecutive_errors=0, monitoring_suspended=False)
2025-11-27 02:37:35 | INFO | MONITOR_SLEEP | Sleeping for 20s (base=20s, consecutive_errors=0, monitoring_suspended=False)
2025-11-27 02:37:55 | INFO | MONITOR_SLEEP | Sleeping for 20s (base=20s, consecutive_errors=0, monitoring_suspended=False)
2025-11-27 02:38:15 | INFO | MONITOR | Paper trades checked (next in 60s)
2025-11-27 02:38:15 | INFO | MONITOR_SLEEP | Sleeping for 20s (base=20s, consecutive_errors=0, monitoring_suspended=False)
2025-11-27 02:38:35 | INFO | MONITOR_SLEEP | Sleeping for 20s (base=20s, consecutive_errors=0, monitoring_suspended=False)
2025-11-27 02:38:55 | INFO | MONITOR_SLEEP | Sleeping for 20s (base=20s, consecutive_errors=0, monitoring_suspended=False)
2025-11-27 02:39:15 | INFO | MONITOR | Paper trades checked (next in 60s)
2025-11-27 02:39:15 | INFO | MONITOR_SLEEP | Sleeping for 20s (base=20s, consecutive_errors=0, monitoring_suspended=False)
2025-11-27 02:39:35 | INFO | MONITOR_SLEEP | Sleeping for 20s (base=20s, consecutive_errors=0, monitoring_suspended=False)
2025-11-27 02:39:55 | INFO | MONITOR_SLEEP | Sleeping for 20s (base=20s, consecutive_errors=0, monitoring_suspended=False)
2025-11-27 02:40:15 | INFO | MONITOR | Paper trades checked (next in 60s)
2025-11-27 02:40:15 | INFO | MONITOR_SLEEP | Sleeping for 20s (base=20s, consecutive_errors=0, monitoring_suspended=False)
2025-11-27 02:40:35 | INFO | MONITOR_SLEEP | Sleeping for 20s (base=20s, consecutive_errors=0, monitoring_suspended=False)
2025-11-27 02:40:55 | INFO | MONITOR_SLEEP | Sleeping for 20s (base=20s, consecutive_errors=0, monitoring_suspended=False)
2025-11-27 02:41:15 | INFO | MONITOR | Paper trades checked (next in 60s)
2025-11-27 02:41:15 | INFO | MONITOR_SLEEP | Sleeping for 20s (base=20s, consecutive_errors=0, monitoring_suspended=False)
2025-11-27 02:41:35 | INFO | MONITOR_SLEEP | Sleeping for 20s (base=20s, consecutive_errors=0, monitoring_suspended=False)
2025-11-27 02:41:55 | INFO | MONITOR_SLEEP | Sleeping for 20s (base=20s, consecutive_errors=0, monitoring_suspended=False)
2025-11-27 02:42:15 | INFO | MONITOR | Paper trades checked (next in 60s)
2025-11-27 02:42:15 | INFO | MONITOR_SLEEP | Sleeping for 20s (base=20s, consecutive_errors=0, monitoring_suspended=False)
2025-11-27 02:42:35 | INFO | MONITOR_SLEEP | Sleeping for 20s (base=20s, consecutive_errors=0, monitoring_suspended=False)
2025-11-27 02:42:55 | INFO | MONITOR_SLEEP | Sleeping for 20s (base=20s, consecutive_errors=0, monitoring_suspended=False)
2025-11-27 02:43:15 | INFO | MONITOR | Paper trades checked (next in 60s)
2025-11-27 02:43:15 | INFO | MONITOR_SLEEP | Sleeping for 20s (base=20s, consecutive_errors=0, monitoring_suspended=False)
2025-11-27 02:43:35 | INFO | MONITOR_SLEEP | Sleeping for 20s (base=20s, consecutive_errors=0, monitoring_suspended=False)
2025-11-27 02:43:55 | INFO | MONITOR_SLEEP | Sleeping for 20s (base=20s, consecutive_errors=0, monitoring_suspended=False)
2025-11-27 02:44:15 | INFO | MONITOR | Paper trades checked (next in 60s)
2025-11-27 02:44:15 | INFO | MONITOR_SLEEP | Sleeping for 20s (base=20s, consecutive_errors=0, monitoring_suspended=False)
2025-11-27 02:44:35 | INFO | MONITOR_SLEEP | Sleeping for 20s (base=20s, consecutive_errors=0, monitoring_suspended=False)
2025-11-27 02:44:55 | INFO | MONITOR_SLEEP | Sleeping for 20s (base=20s, consecutive_errors=0, monitoring_suspended=False)
2025-11-27 02:45:15 | INFO | MONITOR | Paper trades checked (next in 60s)
2025-11-27 02:45:15 | INFO | MONITOR_SLEEP | Sleeping for 20s (base=20s, consecutive_errors=0, monitoring_suspended=False)
2025-11-27 02:45:35 | INFO | MONITOR_SLEEP | Sleeping for 20s (base=20s, consecutive_errors=0, monitoring_suspended=False)
2025-11-27 02:45:55 | INFO | MONITOR_SLEEP | Sleeping for 20s (base=20s, consecutive_errors=0, monitoring_suspended=False)
2025-11-27 02:46:15 | INFO | MONITOR | Paper trades checked (next in 60s)
2025-11-27 02:46:15 | INFO | MONITOR_SLEEP | Sleeping for 20s (base=20s, consecutive_errors=0, monitoring_suspended=False)
2025-11-27 02:46:35 | INFO | MONITOR_SLEEP | Sleeping for 20s (base=20s, consecutive_errors=0, monitoring_suspended=False)
2025-11-27 02:46:55 | INFO | MONITOR_SLEEP | Sleeping for 20s (base=20s, consecutive_errors=0, monitoring_suspended=False)
2025-11-27 02:47:15 | INFO | MONITOR | Paper trades checked (next in 60s)
2025-11-27 02:47:15 | INFO | MONITOR_SLEEP | Sleeping for 20s (base=20s, consecutive_errors=0, monitoring_suspended=False)
2025-11-27 02:47:35 | INFO | MONITOR_SLEEP | Sleeping for 20s (base=20s, consecutive_errors=0, monitoring_suspended=False)
2025-11-27 02:47:55 | INFO | MONITOR_SLEEP | Sleeping for 20s (base=20s, consecutive_errors=0, monitoring_suspended=False)
2025-11-27 02:48:15 | INFO | MONITOR | Paper trades checked (next in 60s)
2025-11-27 02:48:15 | INFO | MONITOR_SLEEP | Sleeping for 20s (base=20s, consecutive_errors=0, monitoring_suspended=False)
2025-11-27 02:48:35 | INFO | MONITOR_SLEEP | Sleeping for 20s (base=20s, consecutive_errors=0, monitoring_suspended=False)
2025-11-27 02:48:55 | INFO | MONITOR_SLEEP | Sleeping for 20s (base=20s, consecutive_errors=0, monitoring_suspended=False)
2025-11-27 02:49:15 | INFO | MONITOR | Paper trades checked (next in 60s)
2025-11-27 02:49:15 | INFO | MONITOR_SLEEP | Sleeping for 20s (base=20s, consecutive_errors=0, monitoring_suspended=False)
2025-11-27 02:49:35 | INFO | MONITOR_SLEEP | Sleeping for 20s (base=20s, consecutive_errors=0, monitoring_suspended=False)
2025-11-27 02:49:55 | INFO | MONITOR_SLEEP | Sleeping for 20s (base=20s, consecutive_errors=0, monitoring_suspended=False)
2025-11-27 02:50:15 | INFO | MONITOR | Paper trades checked (next in 60s)
2025-11-27 02:50:15 | INFO | MONITOR_SLEEP | Sleeping for 20s (base=20s, consecutive_errors=0, monitoring_suspended=False)
2025-11-27 02:50:35 | INFO | MONITOR_SLEEP | Sleeping for 20s (base=20s, consecutive_errors=0, monitoring_suspended=False)
2025-11-27 02:50:55 | INFO | MONITOR_SLEEP | Sleeping for 20s (base=20s, consecutive_errors=0, monitoring_suspended=False)
2025-11-27 02:51:15 | INFO | MONITOR | Paper trades checked (next in 60s)
2025-11-27 02:51:15 | INFO | MONITOR_SLEEP | Sleeping for 20s (base=20s, consecutive_errors=0, monitoring_suspended=False)
2025-11-27 02:51:35 | INFO | MONITOR_SLEEP | Sleeping for 20s (base=20s, consecutive_errors=0, monitoring_suspended=False)
2025-11-27 02:51:55 | INFO | MONITOR_SLEEP | Sleeping for 20s (base=20s, consecutive_errors=0, monitoring_suspended=False)
2025-11-27 02:52:15 | INFO | MONITOR | Paper trades checked (next in 60s)
2025-11-27 02:52:15 | INFO | MONITOR_SLEEP | Sleeping for 20s (base=20s, consecutive_errors=0, monitoring_suspended=False)
2025-11-27 02:52:35 | INFO | MONITOR_SLEEP | Sleeping for 20s (base=20s, consecutive_errors=0, monitoring_suspended=False)
2025-11-27 02:52:55 | INFO | MONITOR_SLEEP | Sleeping for 20s (base=20s, consecutive_errors=0, monitoring_suspended=False)
2025-11-27 02:53:15 | INFO | MONITOR | Paper trades checked (next in 60s)
2025-11-27 02:53:15 | INFO | MONITOR_SLEEP | Sleeping for 20s (base=20s, consecutive_errors=0, monitoring_suspended=False)
2025-11-27 02:53:35 | INFO | MONITOR_SLEEP | Sleeping for 20s (base=20s, consecutive_errors=0, monitoring_suspended=False)
2025-11-27 02:53:55 | INFO | MONITOR_SLEEP | Sleeping for 20s (base=20s, consecutive_errors=0, monitoring_suspended=False)
2025-11-27 02:54:15 | INFO | MONITOR | Paper trades checked (next in 60s)
2025-11-27 02:54:15 | INFO | MONITOR_SLEEP | Sleeping for 20s (base=20s, consecutive_errors=0, monitoring_suspended=False)
2025-11-27 02:54:35 | INFO | MONITOR_SLEEP | Sleeping for 20s (base=20s, consecutive_errors=0, monitoring_suspended=False)
2025-11-27 02:54:55 | INFO | MONITOR_SLEEP | Sleeping for 20s (base=20s, consecutive_errors=0, monitoring_suspended=False)
2025-11-27 02:55:15 | INFO | MONITOR | Paper trades checked (next in 60s)
2025-11-27 02:55:15 | INFO | MONITOR_SLEEP | Sleeping for 20s (base=20s, consecutive_errors=0, monitoring_suspended=False)
2025-11-27 02:55:35 | INFO | MONITOR_SLEEP | Sleeping for 20s (base=20s, consecutive_errors=0, monitoring_suspended=False)
2025-11-27 02:55:55 | INFO | MONITOR_SLEEP | Sleeping for 20s (base=20s, consecutive_errors=0, monitoring_suspended=False)
2025-11-27 02:56:15 | INFO | MONITOR | Paper trades checked (next in 60s)
2025-11-27 02:56:15 | INFO | MONITOR_SLEEP | Sleeping for 20s (base=20s, consecutive_errors=0, monitoring_suspended=False)
2025-11-27 02:56:35 | INFO | MONITOR_SLEEP | Sleeping for 20s (base=20s, consecutive_errors=0, monitoring_suspended=False)
2025-11-27 02:56:55 | INFO | MONITOR_SLEEP | Sleeping for 20s (base=20s, consecutive_errors=0, monitoring_suspended=False)
2025-11-27 02:57:15 | INFO | MONITOR | Paper trades checked (next in 60s)
2025-11-27 02:57:15 | INFO | MONITOR_SLEEP | Sleeping for 20s (base=20s, consecutive_errors=0, monitoring_suspended=False)
2025-11-27 02:57:35 | INFO | MONITOR_SLEEP | Sleeping for 20s (base=20s, consecutive_errors=0, monitoring_suspended=False)
2025-11-27 02:57:55 | INFO | MONITOR_SLEEP | Sleeping for 20s (base=20s, consecutive_errors=0, monitoring_suspended=False)
2025-11-27 02:58:15 | INFO | MONITOR | Paper trades checked (next in 60s)
2025-11-27 02:58:15 | INFO | MONITOR_SLEEP | Sleeping for 20s (base=20s, consecutive_errors=0, monitoring_suspended=False)
2025-11-27 02:58:35 | INFO | MONITOR_SLEEP | Sleeping for 20s (base=20s, consecutive_errors=0, monitoring_suspended=False)
2025-11-27 02:58:55 | INFO | MONITOR_SLEEP | Sleeping for 20s (base=20s, consecutive_errors=0, monitoring_suspended=False)
2025-11-27 02:59:15 | INFO | MONITOR | Paper trades checked (next in 60s)
2025-11-27 02:59:15 | INFO | MONITOR_SLEEP | Sleeping for 20s (base=20s, consecutive_errors=0, monitoring_suspended=False)
2025-11-27 02:59:35 | INFO | MONITOR_SLEEP | Sleeping for 20s (base=20s, consecutive_errors=0, monitoring_suspended=False)
2025-11-27 02:59:55 | INFO | MONITOR_SLEEP | Sleeping for 20s (base=20s, consecutive_errors=0, monitoring_suspended=False)
2025-11-27 03:00:15 | INFO | MONITOR | Paper trades checked (next in 60s)
2025-11-27 03:00:15 | INFO | MONITOR_SLEEP | Sleeping for 20s (base=20s, consecutive_errors=0, monitoring_suspended=False)
2025-11-27 03:00:35 | INFO | MONITOR_SLEEP | Sleeping for 20s (base=20s, consecutive_errors=0, monitoring_suspended=False)
2025-11-27 03:00:55 | INFO | MONITOR_SLEEP | Sleeping for 20s (base=20s, consecutive_errors=0, monitoring_suspended=False)
2025-11-27 03:01:15 | INFO | MONITOR | Paper trades checked (next in 60s)
2025-11-27 03:01:15 | INFO | MONITOR_SLEEP | Sleeping for 20s (base=20s, consecutive_errors=0, monitoring_suspended=False)
2025-11-27 03:01:35 | INFO | MONITOR_SLEEP | Sleeping for 20s (base=20s, consecutive_errors=0, monitoring_suspended=False)
2025-11-27 03:01:55 | INFO | MONITOR_SLEEP | Sleeping for 20s (base=20s, consecutive_errors=0, monitoring_suspended=False)
2025-11-27 03:02:15 | INFO | MONITOR | Paper trades checked (next in 60s)
2025-11-27 03:02:15 | INFO | MONITOR_SLEEP | Sleeping for 20s (base=20s, consecutive_errors=0, monitoring_suspended=False)
2025-11-27 03:02:35 | INFO | MONITOR_SLEEP | Sleeping for 20s (base=20s, consecutive_errors=0, monitoring_suspended=False)
2025-11-27 03:02:55 | INFO | MONITOR_SLEEP | Sleeping for 20s (base=20s, consecutive_errors=0, monitoring_suspended=False)
2025-11-27 03:03:15 | INFO | MONITOR | Paper trades checked (next in 60s)
2025-11-27 03:03:15 | INFO | MONITOR_SLEEP | Sleeping for 20s (base=20s, consecutive_errors=0, monitoring_suspended=False)
2025-11-27 03:03:35 | INFO | MONITOR_SLEEP | Sleeping for 20s (base=20s, consecutive_errors=0, monitoring_suspended=False)
2025-11-27 03:03:55 | INFO | MONITOR_SLEEP | Sleeping for 20s (base=20s, consecutive_errors=0, monitoring_suspended=False)
2025-11-27 03:04:15 | INFO | MONITOR | Paper trades checked (next in 60s)
2025-11-27 03:04:15 | INFO | MONITOR_SLEEP | Sleeping for 20s (base=20s, consecutive_errors=0, monitoring_suspended=False)
2025-11-27 03:04:35 | INFO | MONITOR_SLEEP | Sleeping for 20s (base=20s, consecutive_errors=0, monitoring_suspended=False)
2025-11-27 03:04:55 | INFO | MONITOR_SLEEP | Sleeping for 20s (base=20s, consecutive_errors=0, monitoring_suspended=False)
2025-11-27 03:05:15 | INFO | MONITOR | Paper trades checked (next in 60s)
2025-11-27 03:05:15 | INFO | MONITOR_SLEEP | Sleeping for 20s (base=20s, consecutive_errors=0, monitoring_suspended=False)
2025-11-27 03:05:35 | INFO | MONITOR_SLEEP | Sleeping for 20s (base=20s, consecutive_errors=0, monitoring_suspended=False)
2025-11-27 03:05:55 | INFO | MONITOR_SLEEP | Sleeping for 20s (base=20s, consecutive_errors=0, monitoring_suspended=False)
2025-11-27 03:06:15 | INFO | MONITOR | Paper trades checked (next in 60s)
2025-11-27 03:06:15 | INFO | MONITOR_SLEEP | Sleeping for 20s (base=20s, consecutive_errors=0, monitoring_suspended=False)
2025-11-27 03:06:35 | INFO | MONITOR_SLEEP | Sleeping for 20s (base=20s, consecutive_errors=0, monitoring_suspended=False)
2025-11-27 03:06:55 | INFO | MONITOR_SLEEP | Sleeping for 20s (base=20s, consecutive_errors=0, monitoring_suspended=False)
2025-11-27 03:07:15 | INFO | MONITOR | Paper trades checked (next in 60s)
2025-11-27 03:07:15 | INFO | MONITOR_SLEEP | Sleeping for 20s (base=20s, consecutive_errors=0, monitoring_suspended=False)
2025-11-27 03:07:35 | INFO | MONITOR_SLEEP | Sleeping for 20s (base=20s, consecutive_errors=0, monitoring_suspended=False)
2025-11-27 03:07:55 | INFO | MONITOR_SLEEP | Sleeping for 20s (base=20s, consecutive_errors=0, monitoring_suspended=False)
2025-11-27 03:08:15 | INFO | MONITOR | Paper trades checked (next in 60s)
2025-11-27 03:08:15 | INFO | MONITOR_SLEEP | Sleeping for 20s (base=20s, consecutive_errors=0, monitoring_suspended=False)
2025-11-27 03:08:35 | INFO | MONITOR_SLEEP | Sleeping for 20s (base=20s, consecutive_errors=0, monitoring_suspended=False)
2025-11-27 03:08:55 | INFO | MONITOR_SLEEP | Sleeping for 20s (base=20s, consecutive_errors=0, monitoring_suspended=False)
2025-11-27 03:09:15 | INFO | MONITOR | Paper trades checked (next in 60s)
2025-11-27 03:09:15 | INFO | MONITOR_SLEEP | Sleeping for 20s (base=20s, consecutive_errors=0, monitoring_suspended=False)
2025-11-27 03:09:35 | INFO | MONITOR_SLEEP | Sleeping for 20s (base=20s, consecutive_errors=0, monitoring_suspended=False)
2025-11-27 03:09:55 | INFO | MONITOR_SLEEP | Sleeping for 20s (base=20s, consecutive_errors=0, monitoring_suspended=False)
2025-11-27 03:10:15 | INFO | MONITOR | Paper trades checked (next in 60s)
2025-11-27 03:10:15 | INFO | MONITOR_SLEEP | Sleeping for 20s (base=20s, consecutive_errors=0, monitoring_suspended=False)
2025-11-27 03:10:35 | INFO | MONITOR_SLEEP | Sleeping for 20s (base=20s, consecutive_errors=0, monitoring_suspended=False)
2025-11-27 03:10:55 | INFO | MONITOR_SLEEP | Sleeping for 20s (base=20s, consecutive_errors=0, monitoring_suspended=False)
2025-11-27 03:11:15 | INFO | MONITOR | Paper trades checked (next in 60s)
2025-11-27 03:11:15 | INFO | MONITOR_SLEEP | Sleeping for 20s (base=20s, consecutive_errors=0, monitoring_suspended=False)
2025-11-27 03:11:35 | INFO | MONITOR_SLEEP | Sleeping for 20s (base=20s, consecutive_errors=0, monitoring_suspended=False)
2025-11-27 03:11:55 | INFO | MONITOR_SLEEP | Sleeping for 20s (base=20s, consecutive_errors=0, monitoring_suspended=False)
2025-11-27 03:12:15 | INFO | MONITOR | Paper trades checked (next in 60s)
2025-11-27 03:12:15 | INFO | MONITOR_SLEEP | Sleeping for 20s (base=20s, consecutive_errors=0, monitoring_suspended=False)
2025-11-27 03:12:35 | INFO | MONITOR_SLEEP | Sleeping for 20s (base=20s, consecutive_errors=0, monitoring_suspended=False)
2025-11-27 03:12:55 | INFO | MONITOR_SLEEP | Sleeping for 20s (base=20s, consecutive_errors=0, monitoring_suspended=False)
2025-11-27 03:13:15 | INFO | MONITOR | Paper trades checked (next in 60s)
2025-11-27 03:13:15 | INFO | MONITOR_SLEEP | Sleeping for 20s (base=20s, consecutive_errors=0, monitoring_suspended=False)
2025-11-27 03:13:35 | INFO | MONITOR_SLEEP | Sleeping for 20s (base=20s, consecutive_errors=0, monitoring_suspended=False)
2025-11-27 03:13:55 | INFO | MONITOR_SLEEP | Sleeping for 20s (base=20s, consecutive_errors=0, monitoring_suspended=False)
2025-11-27 03:14:15 | INFO | MONITOR | Paper trades checked (next in 60s)
2025-11-27 03:14:15 | INFO | MONITOR_SLEEP | Sleeping for 20s (base=20s, consecutive_errors=0, monitoring_suspended=False)
2025-11-27 03:14:35 | INFO | MONITOR_SLEEP | Sleeping for 20s (base=20s, consecutive_errors=0, monitoring_suspended=False)
2025-11-27 03:14:55 | INFO | MONITOR_SLEEP | Sleeping for 20s (base=20s, consecutive_errors=0, monitoring_suspended=False)
2025-11-27 03:15:15 | INFO | MONITOR | Paper trades checked (next in 60s)
2025-11-27 03:15:15 | INFO | MONITOR_SLEEP | Sleeping for 20s (base=20s, consecutive_errors=0, monitoring_suspended=False)
2025-11-27 03:15:35 | INFO | MONITOR_SLEEP | Sleeping for 20s (base=20s, consecutive_errors=0, monitoring_suspended=False)
2025-11-27 03:15:55 | INFO | MONITOR_SLEEP | Sleeping for 20s (base=20s, consecutive_errors=0, monitoring_suspended=False)
2025-11-27 03:16:15 | INFO | MONITOR | Paper trades checked (next in 60s)
2025-11-27 03:16:15 | INFO | MONITOR_SLEEP | Sleeping for 20s (base=20s, consecutive_errors=0, monitoring_suspended=False)
2025-11-27 03:16:35 | INFO | MONITOR_SLEEP | Sleeping for 20s (base=20s, consecutive_errors=0, monitoring_suspended=False)
2025-11-27 03:16:55 | INFO | MONITOR_SLEEP | Sleeping for 20s (base=20s, consecutive_errors=0, monitoring_suspended=False)
2025-11-27 03:17:15 | INFO | MONITOR | Paper trades checked (next in 60s)
2025-11-27 03:17:15 | INFO | MONITOR_SLEEP | Sleeping for 20s (base=20s, consecutive_errors=0, monitoring_suspended=False)
2025-11-27 03:17:35 | INFO | MONITOR_SLEEP | Sleeping for 20s (base=20s, consecutive_errors=0, monitoring_suspended=False)
2025-11-27 03:17:55 | INFO | MONITOR_SLEEP | Sleeping for 20s (base=20s, consecutive_errors=0, monitoring_suspended=False)
2025-11-27 03:18:15 | INFO | MONITOR | Paper trades checked (next in 60s)
2025-11-27 03:18:15 | INFO | MONITOR_SLEEP | Sleeping for 20s (base=20s, consecutive_errors=0, monitoring_suspended=False)
2025-11-27 03:18:35 | INFO | MONITOR_SLEEP | Sleeping for 20s (base=20s, consecutive_errors=0, monitoring_suspended=False)
2025-11-27 03:18:55 | INFO | MONITOR_SLEEP | Sleeping for 20s (base=20s, consecutive_errors=0, monitoring_suspended=False)
2025-11-27 03:19:15 | INFO | MONITOR | Paper trades checked (next in 60s)
2025-11-27 03:19:15 | INFO | MONITOR_SLEEP | Sleeping for 20s (base=20s, consecutive_errors=0, monitoring_suspended=False)
2025-11-27 03:19:35 | INFO | MONITOR_SLEEP | Sleeping for 20s (base=20s, consecutive_errors=0, monitoring_suspended=False)
2025-11-27 03:19:55 | INFO | MONITOR_SLEEP | Sleeping for 20s (base=20s, consecutive_errors=0, monitoring_suspended=False)
2025-11-27 03:20:15 | INFO | MONITOR | Paper trades checked (next in 60s)
2025-11-27 03:20:15 | INFO | MONITOR_SLEEP | Sleeping for 20s (base=20s, consecutive_errors=0, monitoring_suspended=False)
2025-11-27 03:20:35 | INFO | MONITOR_SLEEP | Sleeping for 20s (base=20s, consecutive_errors=0, monitoring_suspended=False)
2025-11-27 03:20:55 | INFO | MONITOR_SLEEP | Sleeping for 20s (base=20s, consecutive_errors=0, monitoring_suspended=False)
2025-11-27 03:21:15 | INFO | MONITOR | Paper trades checked (next in 60s)
2025-11-27 03:21:15 | INFO | MONITOR_SLEEP | Sleeping for 20s (base=20s, consecutive_errors=0, monitoring_suspended=False)
2025-11-27 03:21:35 | INFO | MONITOR_SLEEP | Sleeping for 20s (base=20s, consecutive_errors=0, monitoring_suspended=False)
2025-11-27 03:21:55 | INFO | MONITOR_SLEEP | Sleeping for 20s (base=20s, consecutive_errors=0, monitoring_suspended=False)
2025-11-27 03:22:15 | INFO | MONITOR | Paper trades checked (next in 60s)
2025-11-27 03:22:15 | INFO | MONITOR_SLEEP | Sleeping for 20s (base=20s, consecutive_errors=0, monitoring_suspended=False)
2025-11-27 03:22:35 | INFO | MONITOR_SLEEP | Sleeping for 20s (base=20s, consecutive_errors=0, monitoring_suspended=False)
2025-11-27 03:22:55 | INFO | MONITOR_SLEEP | Sleeping for 20s (base=20s, consecutive_errors=0, monitoring_suspended=False)
2025-11-27 03:23:15 | INFO | MONITOR | Paper trades checked (next in 60s)
2025-11-27 03:23:15 | INFO | MONITOR_SLEEP | Sleeping for 20s (base=20s, consecutive_errors=0, monitoring_suspended=False)
2025-11-27 03:23:35 | INFO | MONITOR_SLEEP | Sleeping for 20s (base=20s, consecutive_errors=0, monitoring_suspended=False)
2025-11-27 03:23:55 | INFO | MONITOR_SLEEP | Sleeping for 20s (base=20s, consecutive_errors=0, monitoring_suspended=False)
2025-11-27 03:24:15 | INFO | MONITOR | Paper trades checked (next in 60s)
2025-11-27 03:24:15 | INFO | MONITOR_SLEEP | Sleeping for 20s (base=20s, consecutive_errors=0, monitoring_suspended=False)
2025-11-27 03:24:35 | INFO | MONITOR_SLEEP | Sleeping for 20s (base=20s, consecutive_errors=0, monitoring_suspended=False)
2025-11-27 03:24:55 | INFO | MONITOR_SLEEP | Sleeping for 20s (base=20s, consecutive_errors=0, monitoring_suspended=False)
2025-11-27 03:25:15 | INFO | MONITOR | Paper trades checked (next in 60s)
2025-11-27 03:25:15 | INFO | MONITOR_SLEEP | Sleeping for 20s (base=20s, consecutive_errors=0, monitoring_suspended=False)
2025-11-27 03:25:35 | INFO | MONITOR_SLEEP | Sleeping for 20s (base=20s, consecutive_errors=0, monitoring_suspended=False)
2025-11-27 03:25:55 | INFO | MONITOR_SLEEP | Sleeping for 20s (base=20s, consecutive_errors=0, monitoring_suspended=False)
2025-11-27 03:26:15 | INFO | MONITOR | Paper trades checked (next in 60s)
2025-11-27 03:26:15 | INFO | MONITOR_SLEEP | Sleeping for 20s (base=20s, consecutive_errors=0, monitoring_suspended=False)
2025-11-27 03:26:35 | INFO | MONITOR_SLEEP | Sleeping for 20s (base=20s, consecutive_errors=0, monitoring_suspended=False)
2025-11-27 03:26:55 | INFO | MONITOR_SLEEP | Sleeping for 20s (base=20s, consecutive_errors=0, monitoring_suspended=False)
2025-11-27 03:27:15 | INFO | MONITOR | Paper trades checked (next in 60s)
2025-11-27 03:27:15 | INFO | MONITOR_SLEEP | Sleeping for 20s (base=20s, consecutive_errors=0, monitoring_suspended=False)
2025-11-27 03:27:35 | INFO | MONITOR_SLEEP | Sleeping for 20s (base=20s, consecutive_errors=0, monitoring_suspended=False)
2025-11-27 03:27:55 | INFO | MONITOR_SLEEP | Sleeping for 20s (base=20s, consecutive_errors=0, monitoring_suspended=False)
2025-11-27 03:28:15 | INFO | MONITOR | Paper trades checked (next in 60s)
2025-11-27 03:28:15 | INFO | MONITOR_SLEEP | Sleeping for 20s (base=20s, consecutive_errors=0, monitoring_suspended=False)
2025-11-27 03:28:35 | INFO | MONITOR_SLEEP | Sleeping for 20s (base=20s, consecutive_errors=0, monitoring_suspended=False)
2025-11-27 03:28:55 | INFO | MONITOR_SLEEP | Sleeping for 20s (base=20s, consecutive_errors=0, monitoring_suspended=False)
2025-11-27 03:29:15 | INFO | MONITOR | Paper trades checked (next in 60s)
2025-11-27 03:29:15 | INFO | MONITOR_SLEEP | Sleeping for 20s (base=20s, consecutive_errors=0, monitoring_suspended=False)
2025-11-27 03:29:35 | INFO | MONITOR_SLEEP | Sleeping for 20s (base=20s, consecutive_errors=0, monitoring_suspended=False)
2025-11-27 03:29:55 | INFO | MONITOR_SLEEP | Sleeping for 20s (base=20s, consecutive_errors=0, monitoring_suspended=False)
2025-11-27 03:30:15 | INFO | MONITOR | Paper trades checked (next in 60s)
2025-11-27 03:30:15 | INFO | MONITOR_SLEEP | Sleeping for 20s (base=20s, consecutive_errors=0, monitoring_suspended=False)
2025-11-27 03:30:35 | INFO | MONITOR_SLEEP | Sleeping for 20s (base=20s, consecutive_errors=0, monitoring_suspended=False)
2025-11-27 03:30:55 | INFO | MONITOR_SLEEP | Sleeping for 20s (base=20s, consecutive_errors=0, monitoring_suspended=False)
2025-11-27 03:31:15 | INFO | MONITOR | Paper trades checked (next in 60s)
2025-11-27 03:31:15 | INFO | MONITOR_SLEEP | Sleeping for 20s (base=20s, consecutive_errors=0, monitoring_suspended=False)
2025-11-27 03:31:35 | INFO | MONITOR_SLEEP | Sleeping for 20s (base=20s, consecutive_errors=0, monitoring_suspended=False)
2025-11-27 03:31:55 | INFO | MONITOR_SLEEP | Sleeping for 20s (base=20s, consecutive_errors=0, monitoring_suspended=False)
2025-11-27 03:32:15 | INFO | MONITOR | Paper trades checked (next in 60s)
2025-11-27 03:32:15 | INFO | MONITOR_SLEEP | Sleeping for 20s (base=20s, consecutive_errors=0, monitoring_suspended=False)
2025-11-27 03:32:35 | INFO | MONITOR_SLEEP | Sleeping for 20s (base=20s, consecutive_errors=0, monitoring_suspended=False)
2025-11-27 03:32:55 | INFO | MONITOR_SLEEP | Sleeping for 20s (base=20s, consecutive_errors=0, monitoring_suspended=False)
2025-11-27 03:33:15 | INFO | MONITOR | Paper trades checked (next in 60s)
2025-11-27 03:33:15 | INFO | MONITOR_SLEEP | Sleeping for 20s (base=20s, consecutive_errors=0, monitoring_suspended=False)
2025-11-27 03:33:35 | INFO | MONITOR_SLEEP | Sleeping for 20s (base=20s, consecutive_errors=0, monitoring_suspended=False)
2025-11-27 03:33:55 | INFO | MONITOR_SLEEP | Sleeping for 20s (base=20s, consecutive_errors=0, monitoring_suspended=False)
2025-11-27 03:34:15 | INFO | MONITOR | Paper trades checked (next in 60s)
2025-11-27 03:34:15 | INFO | MONITOR_SLEEP | Sleeping for 20s (base=20s, consecutive_errors=0, monitoring_suspended=False)
2025-11-27 03:34:35 | INFO | MONITOR_SLEEP | Sleeping for 20s (base=20s, consecutive_errors=0, monitoring_suspended=False)
2025-11-27 03:34:55 | INFO | MONITOR_SLEEP | Sleeping for 20s (base=20s, consecutive_errors=0, monitoring_suspended=False)
2025-11-27 03:35:15 | INFO | MONITOR | Paper trades checked (next in 60s)
2025-11-27 03:35:15 | INFO | MONITOR_SLEEP | Sleeping for 20s (base=20s, consecutive_errors=0, monitoring_suspended=False)
2025-11-27 03:35:35 | INFO | MONITOR_SLEEP | Sleeping for 20s (base=20s, consecutive_errors=0, monitoring_suspended=False)
2025-11-27 03:35:55 | INFO | MONITOR_SLEEP | Sleeping for 20s (base=20s, consecutive_errors=0, monitoring_suspended=False)
2025-11-27 03:36:15 | INFO | MONITOR | Paper trades checked (next in 60s)
2025-11-27 03:36:15 | INFO | MONITOR_SLEEP | Sleeping for 20s (base=20s, consecutive_errors=0, monitoring_suspended=False)
2025-11-27 03:36:35 | INFO | MONITOR_SLEEP | Sleeping for 20s (base=20s, consecutive_errors=0, monitoring_suspended=False)
2025-11-27 03:36:55 | INFO | MONITOR_SLEEP | Sleeping for 20s (base=20s, consecutive_errors=0, monitoring_suspended=False)
2025-11-27 03:37:15 | INFO | MONITOR | Paper trades checked (next in 60s)
2025-11-27 03:37:15 | INFO | MONITOR_SLEEP | Sleeping for 20s (base=20s, consecutive_errors=0, monitoring_suspended=False)
2025-11-27 03:37:35 | INFO | MONITOR_SLEEP | Sleeping for 20s (base=20s, consecutive_errors=0, monitoring_suspended=False)
2025-11-27 03:37:55 | INFO | MONITOR_SLEEP | Sleeping for 20s (base=20s, consecutive_errors=0, monitoring_suspended=False)
2025-11-27 03:38:15 | INFO | MONITOR | Paper trades checked (next in 60s)
2025-11-27 03:38:15 | INFO | MONITOR_SLEEP | Sleeping for 20s (base=20s, consecutive_errors=0, monitoring_suspended=False)
2025-11-27 03:38:35 | INFO | MONITOR_SLEEP | Sleeping for 20s (base=20s, consecutive_errors=0, monitoring_suspended=False)
2025-11-27 03:38:55 | INFO | MONITOR_SLEEP | Sleeping for 20s (base=20s, consecutive_errors=0, monitoring_suspended=False)
2025-11-27 03:39:15 | INFO | MONITOR | Paper trades checked (next in 60s)
2025-11-27 03:39:15 | INFO | MONITOR_SLEEP | Sleeping for 20s (base=20s, consecutive_errors=0, monitoring_suspended=False)
2025-11-27 03:39:35 | INFO | MONITOR_SLEEP | Sleeping for 20s (base=20s, consecutive_errors=0, monitoring_suspended=False)
2025-11-27 03:39:55 | INFO | MONITOR_SLEEP | Sleeping for 20s (base=20s, consecutive_errors=0, monitoring_suspended=False)
2025-11-27 03:40:15 | INFO | MONITOR | Paper trades checked (next in 60s)
2025-11-27 03:40:15 | INFO | MONITOR_SLEEP | Sleeping for 20s (base=20s, consecutive_errors=0, monitoring_suspended=False)
2025-11-27 03:40:35 | INFO | MONITOR_SLEEP | Sleeping for 20s (base=20s, consecutive_errors=0, monitoring_suspended=False)
2025-11-27 03:40:55 | INFO | MONITOR_SLEEP | Sleeping for 20s (base=20s, consecutive_errors=0, monitoring_suspended=False)
2025-11-27 03:41:15 | INFO | MONITOR | Paper trades checked (next in 60s)
2025-11-27 03:41:15 | INFO | MONITOR_SLEEP | Sleeping for 20s (base=20s, consecutive_errors=0, monitoring_suspended=False)
2025-11-27 03:41:35 | INFO | MONITOR_SLEEP | Sleeping for 20s (base=20s, consecutive_errors=0, monitoring_suspended=False)
2025-11-27 03:41:55 | INFO | MONITOR_SLEEP | Sleeping for 20s (base=20s, consecutive_errors=0, monitoring_suspended=False)
2025-11-27 03:42:15 | INFO | MONITOR | Paper trades checked (next in 60s)
2025-11-27 03:42:15 | INFO | MONITOR_SLEEP | Sleeping for 20s (base=20s, consecutive_errors=0, monitoring_suspended=False)
2025-11-27 03:42:35 | INFO | MONITOR_SLEEP | Sleeping for 20s (base=20s, consecutive_errors=0, monitoring_suspended=False)
2025-11-27 03:42:55 | INFO | MONITOR_SLEEP | Sleeping for 20s (base=20s, consecutive_errors=0, monitoring_suspended=False)
2025-11-27 03:43:15 | INFO | MONITOR | Paper trades checked (next in 60s)
2025-11-27 03:43:15 | INFO | MONITOR_SLEEP | Sleeping for 20s (base=20s, consecutive_errors=0, monitoring_suspended=False)
2025-11-27 03:43:35 | INFO | MONITOR_SLEEP | Sleeping for 20s (base=20s, consecutive_errors=0, monitoring_suspended=False)
2025-11-27 03:43:55 | INFO | MONITOR_SLEEP | Sleeping for 20s (base=20s, consecutive_errors=0, monitoring_suspended=False)
2025-11-27 03:44:15 | INFO | MONITOR | Paper trades checked (next in 60s)
2025-11-27 03:44:15 | INFO | MONITOR_SLEEP | Sleeping for 20s (base=20s, consecutive_errors=0, monitoring_suspended=False)
2025-11-27 03:44:35 | INFO | MONITOR_SLEEP | Sleeping for 20s (base=20s, consecutive_errors=0, monitoring_suspended=False)
2025-11-27 03:44:55 | INFO | MONITOR_SLEEP | Sleeping for 20s (base=20s, consecutive_errors=0, monitoring_suspended=False)
2025-11-27 03:45:15 | INFO | MONITOR | Paper trades checked (next in 60s)
2025-11-27 03:45:15 | INFO | MONITOR_SLEEP | Sleeping for 20s (base=20s, consecutive_errors=0, monitoring_suspended=False)
2025-11-27 03:45:35 | INFO | MONITOR_SLEEP | Sleeping for 20s (base=20s, consecutive_errors=0, monitoring_suspended=False)
2025-11-27 03:45:55 | INFO | MONITOR_SLEEP | Sleeping for 20s (base=20s, consecutive_errors=0, monitoring_suspended=False)
2025-11-27 03:46:15 | INFO | MONITOR | Paper trades checked (next in 60s)
2025-11-27 03:46:15 | INFO | MONITOR_SLEEP | Sleeping for 20s (base=20s, consecutive_errors=0, monitoring_suspended=False)
2025-11-27 03:46:35 | INFO | MONITOR_SLEEP | Sleeping for 20s (base=20s, consecutive_errors=0, monitoring_suspended=False)
2025-11-27 03:46:55 | INFO | MONITOR_SLEEP | Sleeping for 20s (base=20s, consecutive_errors=0, monitoring_suspended=False)
2025-11-27 03:47:15 | INFO | MONITOR | Paper trades checked (next in 60s)
2025-11-27 03:47:15 | INFO | MONITOR_SLEEP | Sleeping for 20s (base=20s, consecutive_errors=0, monitoring_suspended=False)
2025-11-27 03:47:35 | INFO | MONITOR_SLEEP | Sleeping for 20s (base=20s, consecutive_errors=0, monitoring_suspended=False)
2025-11-27 03:47:55 | INFO | MONITOR_SLEEP | Sleeping for 20s (base=20s, consecutive_errors=0, monitoring_suspended=False)
2025-11-27 03:48:15 | INFO | MONITOR | Paper trades checked (next in 60s)
2025-11-27 03:48:15 | INFO | MONITOR_SLEEP | Sleeping for 20s (base=20s, consecutive_errors=0, monitoring_suspended=False)
2025-11-27 03:48:35 | INFO | MONITOR_SLEEP | Sleeping for 20s (base=20s, consecutive_errors=0, monitoring_suspended=False)
2025-11-27 03:48:55 | INFO | MONITOR_SLEEP | Sleeping for 20s (base=20s, consecutive_errors=0, monitoring_suspended=False)
2025-11-27 03:49:15 | INFO | MONITOR | Paper trades checked (next in 60s)
2025-11-27 03:49:15 | INFO | MONITOR_SLEEP | Sleeping for 20s (base=20s, consecutive_errors=0, monitoring_suspended=False)
2025-11-27 03:49:35 | INFO | MONITOR_SLEEP | Sleeping for 20s (base=20s, consecutive_errors=0, monitoring_suspended=False)
2025-11-27 03:49:55 | INFO | MONITOR_SLEEP | Sleeping for 20s (base=20s, consecutive_errors=0, monitoring_suspended=False)
2025-11-27 03:50:15 | INFO | MONITOR | Paper trades checked (next in 60s)
2025-11-27 03:50:15 | INFO | MONITOR_SLEEP | Sleeping for 20s (base=20s, consecutive_errors=0, monitoring_suspended=False)
2025-11-27 03:50:35 | INFO | MONITOR_SLEEP | Sleeping for 20s (base=20s, consecutive_errors=0, monitoring_suspended=False)
2025-11-27 03:50:55 | INFO | MONITOR_SLEEP | Sleeping for 20s (base=20s, consecutive_errors=0, monitoring_suspended=False)
2025-11-27 03:51:15 | INFO | MONITOR | Paper trades checked (next in 60s)
2025-11-27 03:51:15 | INFO | MONITOR_SLEEP | Sleeping for 20s (base=20s, consecutive_errors=0, monitoring_suspended=False)
2025-11-27 03:51:35 | INFO | MONITOR_SLEEP | Sleeping for 20s (base=20s, consecutive_errors=0, monitoring_suspended=False)
2025-11-27 03:51:55 | INFO | MONITOR_SLEEP | Sleeping for 20s (base=20s, consecutive_errors=0, monitoring_suspended=False)
2025-11-27 03:52:15 | INFO | MONITOR | Paper trades checked (next in 60s)
2025-11-27 03:52:15 | INFO | MONITOR_SLEEP | Sleeping for 20s (base=20s, consecutive_errors=0, monitoring_suspended=False)
2025-11-27 03:52:35 | INFO | MONITOR_SLEEP | Sleeping for 20s (base=20s, consecutive_errors=0, monitoring_suspended=False)
2025-11-27 03:52:55 | INFO | MONITOR_SLEEP | Sleeping for 20s (base=20s, consecutive_errors=0, monitoring_suspended=False)
2025-11-27 03:53:15 | INFO | MONITOR | Paper trades checked (next in 60s)
2025-11-27 03:53:15 | INFO | MONITOR_SLEEP | Sleeping for 20s (base=20s, consecutive_errors=0, monitoring_suspended=False)
2025-11-27 03:53:35 | INFO | MONITOR_SLEEP | Sleeping for 20s (base=20s, consecutive_errors=0, monitoring_suspended=False)
2025-11-27 03:53:55 | INFO | MONITOR_SLEEP | Sleeping for 20s (base=20s, consecutive_errors=0, monitoring_suspended=False)
2025-11-27 03:54:15 | INFO | MONITOR | Paper trades checked (next in 60s)
2025-11-27 03:54:15 | INFO | MONITOR_SLEEP | Sleeping for 20s (base=20s, consecutive_errors=0, monitoring_suspended=False)
2025-11-27 03:54:35 | INFO | MONITOR_SLEEP | Sleeping for 20s (base=20s, consecutive_errors=0, monitoring_suspended=False)
2025-11-27 03:54:55 | INFO | MONITOR_SLEEP | Sleeping for 20s (base=20s, consecutive_errors=0, monitoring_suspended=False)
2025-11-27 03:55:15 | INFO | MONITOR | Paper trades checked (next in 60s)
2025-11-27 03:55:15 | INFO | MONITOR_SLEEP | Sleeping for 20s (base=20s, consecutive_errors=0, monitoring_suspended=False)
2025-11-27 03:55:35 | INFO | MONITOR_SLEEP | Sleeping for 20s (base=20s, consecutive_errors=0, monitoring_suspended=False)
2025-11-27 03:55:55 | INFO | MONITOR_SLEEP | Sleeping for 20s (base=20s, consecutive_errors=0, monitoring_suspended=False)
2025-11-27 03:56:15 | INFO | MONITOR | Paper trades checked (next in 60s)
2025-11-27 03:56:15 | INFO | MONITOR_SLEEP | Sleeping for 20s (base=20s, consecutive_errors=0, monitoring_suspended=False)
2025-11-27 03:56:35 | INFO | MONITOR_SLEEP | Sleeping for 20s (base=20s, consecutive_errors=0, monitoring_suspended=False)
2025-11-27 03:56:55 | INFO | MONITOR_SLEEP | Sleeping for 20s (base=20s, consecutive_errors=0, monitoring_suspended=False)
2025-11-27 03:57:15 | INFO | MONITOR | Paper trades checked (next in 60s)
2025-11-27 03:57:15 | INFO | MONITOR_SLEEP | Sleeping for 20s (base=20s, consecutive_errors=0, monitoring_suspended=False)
2025-11-27 03:57:35 | INFO | MONITOR_SLEEP | Sleeping for 20s (base=20s, consecutive_errors=0, monitoring_suspended=False)
2025-11-27 03:57:55 | INFO | MONITOR_SLEEP | Sleeping for 20s (base=20s, consecutive_errors=0, monitoring_suspended=False)
2025-11-27 03:58:15 | INFO | MONITOR | Paper trades checked (next in 60s)
2025-11-27 03:58:15 | INFO | MONITOR_SLEEP | Sleeping for 20s (base=20s, consecutive_errors=0, monitoring_suspended=False)
2025-11-27 03:58:35 | INFO | MONITOR_SLEEP | Sleeping for 20s (base=20s, consecutive_errors=0, monitoring_suspended=False)
2025-11-27 03:58:55 | INFO | MONITOR_SLEEP | Sleeping for 20s (base=20s, consecutive_errors=0, monitoring_suspended=False)
2025-11-27 03:59:15 | INFO | MONITOR | Paper trades checked (next in 60s)
2025-11-27 03:59:15 | INFO | MONITOR_SLEEP | Sleeping for 20s (base=20s, consecutive_errors=0, monitoring_suspended=False)
2025-11-27 03:59:35 | INFO | MONITOR_SLEEP | Sleeping for 20s (base=20s, consecutive_errors=0, monitoring_suspended=False)
2025-11-27 03:59:55 | INFO | MONITOR_SLEEP | Sleeping for 20s (base=20s, consecutive_errors=0, monitoring_suspended=False)
2025-11-27 04:00:15 | INFO | MONITOR | Paper trades checked (next in 60s)
2025-11-27 04:00:15 | INFO | MONITOR_SLEEP | Sleeping for 20s (base=20s, consecutive_errors=0, monitoring_suspended=False)
2025-11-27 04:00:35 | INFO | MONITOR_SLEEP | Sleeping for 20s (base=20s, consecutive_errors=0, monitoring_suspended=False)
2025-11-27 04:00:55 | INFO | MONITOR_SLEEP | Sleeping for 20s (base=20s, consecutive_errors=0, monitoring_suspended=False)
2025-11-27 04:01:15 | INFO | MONITOR | Paper trades checked (next in 60s)
2025-11-27 04:01:15 | INFO | MONITOR_SLEEP | Sleeping for 20s (base=20s, consecutive_errors=0, monitoring_suspended=False)
2025-11-27 04:01:35 | INFO | MONITOR_SLEEP | Sleeping for 20s (base=20s, consecutive_errors=0, monitoring_suspended=False)
2025-11-27 04:01:55 | INFO | MONITOR_SLEEP | Sleeping for 20s (base=20s, consecutive_errors=0, monitoring_suspended=False)
2025-11-27 04:02:15 | INFO | MONITOR | Paper trades checked (next in 60s)
2025-11-27 04:02:15 | INFO | MONITOR_SLEEP | Sleeping for 20s (base=20s, consecutive_errors=0, monitoring_suspended=False)
2025-11-27 04:02:35 | INFO | MONITOR_SLEEP | Sleeping for 20s (base=20s, consecutive_errors=0, monitoring_suspended=False)
2025-11-27 04:02:55 | INFO | MONITOR_SLEEP | Sleeping for 20s (base=20s, consecutive_errors=0, monitoring_suspended=False)
2025-11-27 04:03:15 | INFO | MONITOR | Paper trades checked (next in 60s)
2025-11-27 04:03:15 | INFO | MONITOR_SLEEP | Sleeping for 20s (base=20s, consecutive_errors=0, monitoring_suspended=False)
2025-11-27 04:03:35 | INFO | MONITOR_SLEEP | Sleeping for 20s (base=20s, consecutive_errors=0, monitoring_suspended=False)
2025-11-27 04:03:55 | INFO | MONITOR_SLEEP | Sleeping for 20s (base=20s, consecutive_errors=0, monitoring_suspended=False)
2025-11-27 04:04:15 | INFO | MONITOR | Paper trades checked (next in 60s)
2025-11-27 04:04:15 | INFO | MONITOR_SLEEP | Sleeping for 20s (base=20s, consecutive_errors=0, monitoring_suspended=False)
2025-11-27 04:04:35 | INFO | MONITOR_SLEEP | Sleeping for 20s (base=20s, consecutive_errors=0, monitoring_suspended=False)
2025-11-27 04:04:55 | INFO | MONITOR_SLEEP | Sleeping for 20s (base=20s, consecutive_errors=0, monitoring_suspended=False)
2025-11-27 04:05:15 | INFO | MONITOR | Paper trades checked (next in 60s)
2025-11-27 04:05:15 | INFO | MONITOR_SLEEP | Sleeping for 20s (base=20s, consecutive_errors=0, monitoring_suspended=False)
2025-11-27 04:05:35 | INFO | MONITOR_SLEEP | Sleeping for 20s (base=20s, consecutive_errors=0, monitoring_suspended=False)
2025-11-27 04:05:55 | INFO | MONITOR_SLEEP | Sleeping for 20s (base=20s, consecutive_errors=0, monitoring_suspended=False)
2025-11-27 04:06:15 | INFO | MONITOR | Paper trades checked (next in 60s)
2025-11-27 04:06:15 | INFO | MONITOR_SLEEP | Sleeping for 20s (base=20s, consecutive_errors=0, monitoring_suspended=False)
2025-11-27 04:06:35 | INFO | MONITOR_SLEEP | Sleeping for 20s (base=20s, consecutive_errors=0, monitoring_suspended=False)
2025-11-27 04:06:55 | INFO | MONITOR_SLEEP | Sleeping for 20s (base=20s, consecutive_errors=0, monitoring_suspended=False)
2025-11-27 04:07:15 | INFO | MONITOR | Paper trades checked (next in 60s)
2025-11-27 04:07:15 | INFO | MONITOR_SLEEP | Sleeping for 20s (base=20s, consecutive_errors=0, monitoring_suspended=False)
2025-11-27 04:07:35 | INFO | MONITOR_SLEEP | Sleeping for 20s (base=20s, consecutive_errors=0, monitoring_suspended=False)
2025-11-27 04:07:55 | INFO | MONITOR_SLEEP | Sleeping for 20s (base=20s, consecutive_errors=0, monitoring_suspended=False)
2025-11-27 04:08:15 | INFO | MONITOR | Paper trades checked (next in 60s)
2025-11-27 04:08:15 | INFO | MONITOR_SLEEP | Sleeping for 20s (base=20s, consecutive_errors=0, monitoring_suspended=False)
2025-11-27 04:08:35 | INFO | MONITOR_SLEEP | Sleeping for 20s (base=20s, consecutive_errors=0, monitoring_suspended=False)
2025-11-27 04:08:55 | INFO | MONITOR_SLEEP | Sleeping for 20s (base=20s, consecutive_errors=0, monitoring_suspended=False)
2025-11-27 04:09:15 | INFO | MONITOR | Paper trades checked (next in 60s)
2025-11-27 04:09:15 | INFO | MONITOR_SLEEP | Sleeping for 20s (base=20s, consecutive_errors=0, monitoring_suspended=False)
2025-11-27 04:09:35 | INFO | MONITOR_SLEEP | Sleeping for 20s (base=20s, consecutive_errors=0, monitoring_suspended=False)
2025-11-27 04:09:55 | INFO | MONITOR_SLEEP | Sleeping for 20s (base=20s, consecutive_errors=0, monitoring_suspended=False)
2025-11-27 04:10:15 | INFO | MONITOR | Paper trades checked (next in 60s)
2025-11-27 04:10:15 | INFO | MONITOR_SLEEP | Sleeping for 20s (base=20s, consecutive_errors=0, monitoring_suspended=False)
2025-11-27 04:10:35 | INFO | MONITOR_SLEEP | Sleeping for 20s (base=20s, consecutive_errors=0, monitoring_suspended=False)
2025-11-27 04:10:55 | INFO | MONITOR_SLEEP | Sleeping for 20s (base=20s, consecutive_errors=0, monitoring_suspended=False)
2025-11-27 04:11:15 | INFO | MONITOR | Paper trades checked (next in 60s)
2025-11-27 04:11:15 | INFO | MONITOR_SLEEP | Sleeping for 20s (base=20s, consecutive_errors=0, monitoring_suspended=False)
2025-11-27 04:11:35 | INFO | MONITOR_SLEEP | Sleeping for 20s (base=20s, consecutive_errors=0, monitoring_suspended=False)
2025-11-27 04:11:55 | INFO | MONITOR_SLEEP | Sleeping for 20s (base=20s, consecutive_errors=0, monitoring_suspended=False)
2025-11-27 04:12:15 | INFO | MONITOR | Paper trades checked (next in 60s)
2025-11-27 04:12:15 | INFO | MONITOR_SLEEP | Sleeping for 20s (base=20s, consecutive_errors=0, monitoring_suspended=False)
2025-11-27 04:12:35 | INFO | MONITOR_SLEEP | Sleeping for 20s (base=20s, consecutive_errors=0, monitoring_suspended=False)
2025-11-27 04:12:55 | INFO | MONITOR_SLEEP | Sleeping for 20s (base=20s, consecutive_errors=0, monitoring_suspended=False)
2025-11-27 04:13:15 | INFO | MONITOR | Paper trades checked (next in 60s)
2025-11-27 04:13:15 | INFO | MONITOR_SLEEP | Sleeping for 20s (base=20s, consecutive_errors=0, monitoring_suspended=False)
2025-11-27 04:13:35 | INFO | MONITOR_SLEEP | Sleeping for 20s (base=20s, consecutive_errors=0, monitoring_suspended=False)
2025-11-27 04:13:55 | INFO | MONITOR_SLEEP | Sleeping for 20s (base=20s, consecutive_errors=0, monitoring_suspended=False)
2025-11-27 04:14:15 | INFO | MONITOR | Paper trades checked (next in 60s)
2025-11-27 04:14:15 | INFO | MONITOR_SLEEP | Sleeping for 20s (base=20s, consecutive_errors=0, monitoring_suspended=False)
2025-11-27 04:14:35 | INFO | MONITOR_SLEEP | Sleeping for 20s (base=20s, consecutive_errors=0, monitoring_suspended=False)
2025-11-27 04:14:55 | INFO | MONITOR_SLEEP | Sleeping for 20s (base=20s, consecutive_errors=0, monitoring_suspended=False)
2025-11-27 04:15:15 | INFO | MONITOR | Paper trades checked (next in 60s)
2025-11-27 04:15:15 | INFO | MONITOR_SLEEP | Sleeping for 20s (base=20s, consecutive_errors=0, monitoring_suspended=False)
2025-11-27 04:15:35 | INFO | MONITOR_SLEEP | Sleeping for 20s (base=20s, consecutive_errors=0, monitoring_suspended=False)
2025-11-27 04:15:55 | INFO | MONITOR_SLEEP | Sleeping for 20s (base=20s, consecutive_errors=0, monitoring_suspended=False)
2025-11-27 04:16:15 | INFO | MONITOR | Paper trades checked (next in 60s)
2025-11-27 04:16:15 | INFO | MONITOR_SLEEP | Sleeping for 20s (base=20s, consecutive_errors=0, monitoring_suspended=False)
2025-11-27 04:16:35 | INFO | MONITOR_SLEEP | Sleeping for 20s (base=20s, consecutive_errors=0, monitoring_suspended=False)
2025-11-27 04:16:55 | INFO | MONITOR_SLEEP | Sleeping for 20s (base=20s, consecutive_errors=0, monitoring_suspended=False)
2025-11-27 04:17:15 | INFO | MONITOR | Paper trades checked (next in 60s)
2025-11-27 04:17:15 | INFO | MONITOR_SLEEP | Sleeping for 20s (base=20s, consecutive_errors=0, monitoring_suspended=False)
2025-11-27 04:17:35 | INFO | MONITOR_SLEEP | Sleeping for 20s (base=20s, consecutive_errors=0, monitoring_suspended=False)
2025-11-27 04:17:55 | INFO | MONITOR_SLEEP | Sleeping for 20s (base=20s, consecutive_errors=0, monitoring_suspended=False)
2025-11-27 04:18:15 | INFO | MONITOR | Paper trades checked (next in 60s)
2025-11-27 04:18:15 | INFO | MONITOR_SLEEP | Sleeping for 20s (base=20s, consecutive_errors=0, monitoring_suspended=False)
2025-11-27 04:18:35 | INFO | MONITOR_SLEEP | Sleeping for 20s (base=20s, consecutive_errors=0, monitoring_suspended=False)
2025-11-27 04:18:55 | INFO | MONITOR_SLEEP | Sleeping for 20s (base=20s, consecutive_errors=0, monitoring_suspended=False)
2025-11-27 04:19:15 | INFO | MONITOR | Paper trades checked (next in 60s)
2025-11-27 04:19:15 | INFO | MONITOR_SLEEP | Sleeping for 20s (base=20s, consecutive_errors=0, monitoring_suspended=False)
2025-11-27 04:19:35 | INFO | MONITOR_SLEEP | Sleeping for 20s (base=20s, consecutive_errors=0, monitoring_suspended=False)
2025-11-27 04:19:55 | INFO | MONITOR_SLEEP | Sleeping for 20s (base=20s, consecutive_errors=0, monitoring_suspended=False)
2025-11-27 04:20:15 | INFO | MONITOR | Paper trades checked (next in 60s)
2025-11-27 04:20:15 | INFO | MONITOR_SLEEP | Sleeping for 20s (base=20s, consecutive_errors=0, monitoring_suspended=False)
2025-11-27 04:20:35 | INFO | MONITOR_SLEEP | Sleeping for 20s (base=20s, consecutive_errors=0, monitoring_suspended=False)
2025-11-27 04:20:55 | INFO | MONITOR_SLEEP | Sleeping for 20s (base=20s, consecutive_errors=0, monitoring_suspended=False)
2025-11-27 04:21:15 | INFO | MONITOR | Paper trades checked (next in 60s)
2025-11-27 04:21:15 | INFO | MONITOR_SLEEP | Sleeping for 20s (base=20s, consecutive_errors=0, monitoring_suspended=False)
2025-11-27 04:21:35 | INFO | MONITOR_SLEEP | Sleeping for 20s (base=20s, consecutive_errors=0, monitoring_suspended=False)
2025-11-27 04:21:55 | INFO | MONITOR_SLEEP | Sleeping for 20s (base=20s, consecutive_errors=0, monitoring_suspended=False)
2025-11-27 04:22:15 | INFO | MONITOR | Paper trades checked (next in 60s)
2025-11-27 04:22:15 | INFO | MONITOR_SLEEP | Sleeping for 20s (base=20s, consecutive_errors=0, monitoring_suspended=False)
2025-11-27 04:22:35 | INFO | MONITOR_SLEEP | Sleeping for 20s (base=20s, consecutive_errors=0, monitoring_suspended=False)
2025-11-27 04:22:55 | INFO | MONITOR_SLEEP | Sleeping for 20s (base=20s, consecutive_errors=0, monitoring_suspended=False)
2025-11-27 04:23:15 | INFO | MONITOR | Paper trades checked (next in 60s)
2025-11-27 04:23:15 | INFO | MONITOR_SLEEP | Sleeping for 20s (base=20s, consecutive_errors=0, monitoring_suspended=False)
2025-11-27 04:23:35 | INFO | MONITOR_SLEEP | Sleeping for 20s (base=20s, consecutive_errors=0, monitoring_suspended=False)
2025-11-27 04:23:55 | INFO | MONITOR_SLEEP | Sleeping for 20s (base=20s, consecutive_errors=0, monitoring_suspended=False)
2025-11-27 04:24:15 | INFO | MONITOR | Paper trades checked (next in 60s)
2025-11-27 04:24:15 | INFO | MONITOR_SLEEP | Sleeping for 20s (base=20s, consecutive_errors=0, monitoring_suspended=False)
2025-11-27 04:24:35 | INFO | MONITOR_SLEEP | Sleeping for 20s (base=20s, consecutive_errors=0, monitoring_suspended=False)
2025-11-27 04:24:55 | INFO | MONITOR_SLEEP | Sleeping for 20s (base=20s, consecutive_errors=0, monitoring_suspended=False)
2025-11-27 04:25:15 | INFO | MONITOR | Paper trades checked (next in 60s)
2025-11-27 04:25:15 | INFO | MONITOR_SLEEP | Sleeping for 20s (base=20s, consecutive_errors=0, monitoring_suspended=False)
2025-11-27 04:25:35 | INFO | MONITOR_SLEEP | Sleeping for 20s (base=20s, consecutive_errors=0, monitoring_suspended=False)
2025-11-27 04:25:55 | INFO | MONITOR_SLEEP | Sleeping for 20s (base=20s, consecutive_errors=0, monitoring_suspended=False)
2025-11-27 04:26:15 | INFO | MONITOR | Paper trades checked (next in 60s)
2025-11-27 04:26:15 | INFO | MONITOR_SLEEP | Sleeping for 20s (base=20s, consecutive_errors=0, monitoring_suspended=False)
2025-11-27 04:26:35 | INFO | MONITOR_SLEEP | Sleeping for 20s (base=20s, consecutive_errors=0, monitoring_suspended=False)
2025-11-27 04:26:55 | INFO | MONITOR_SLEEP | Sleeping for 20s (base=20s, consecutive_errors=0, monitoring_suspended=False)
2025-11-27 04:27:15 | INFO | MONITOR | Paper trades checked (next in 60s)
2025-11-27 04:27:15 | INFO | MONITOR_SLEEP | Sleeping for 20s (base=20s, consecutive_errors=0, monitoring_suspended=False)
2025-11-27 04:27:35 | INFO | MONITOR_SLEEP | Sleeping for 20s (base=20s, consecutive_errors=0, monitoring_suspended=False)
2025-11-27 04:27:55 | INFO | MONITOR_SLEEP | Sleeping for 20s (base=20s, consecutive_errors=0, monitoring_suspended=False)
2025-11-27 04:28:15 | INFO | MONITOR | Paper trades checked (next in 60s)
2025-11-27 04:28:15 | INFO | MONITOR_SLEEP | Sleeping for 20s (base=20s, consecutive_errors=0, monitoring_suspended=False)
2025-11-27 04:28:35 | INFO | MONITOR_SLEEP | Sleeping for 20s (base=20s, consecutive_errors=0, monitoring_suspended=False)
2025-11-27 04:28:55 | INFO | MONITOR_SLEEP | Sleeping for 20s (base=20s, consecutive_errors=0, monitoring_suspended=False)
2025-11-27 04:29:15 | INFO | MONITOR | Paper trades checked (next in 60s)
2025-11-27 04:29:15 | INFO | MONITOR_SLEEP | Sleeping for 20s (base=20s, consecutive_errors=0, monitoring_suspended=False)
2025-11-27 04:29:35 | INFO | MONITOR_SLEEP | Sleeping for 20s (base=20s, consecutive_errors=0, monitoring_suspended=False)
2025-11-27 04:29:55 | INFO | MONITOR_SLEEP | Sleeping for 20s (base=20s, consecutive_errors=0, monitoring_suspended=False)
2025-11-27 04:30:15 | INFO | MONITOR | Paper trades checked (next in 60s)
2025-11-27 04:30:15 | INFO | MONITOR_SLEEP | Sleeping for 20s (base=20s, consecutive_errors=0, monitoring_suspended=False)
2025-11-27 04:30:35 | INFO | MONITOR_SLEEP | Sleeping for 20s (base=20s, consecutive_errors=0, monitoring_suspended=False)
2025-11-27 04:30:55 | INFO | MONITOR_SLEEP | Sleeping for 20s (base=20s, consecutive_errors=0, monitoring_suspended=False)
2025-11-27 04:31:15 | INFO | MONITOR | Paper trades checked (next in 60s)
2025-11-27 04:31:15 | INFO | MONITOR_SLEEP | Sleeping for 20s (base=20s, consecutive_errors=0, monitoring_suspended=False)
2025-11-27 04:31:35 | INFO | MONITOR_SLEEP | Sleeping for 20s (base=20s, consecutive_errors=0, monitoring_suspended=False)
2025-11-27 04:31:55 | INFO | MONITOR_SLEEP | Sleeping for 20s (base=20s, consecutive_errors=0, monitoring_suspended=False)
2025-11-27 04:32:15 | INFO | MONITOR | Paper trades checked (next in 60s)
2025-11-27 04:32:15 | INFO | MONITOR_SLEEP | Sleeping for 20s (base=20s, consecutive_errors=0, monitoring_suspended=False)
2025-11-27 04:32:35 | INFO | MONITOR_SLEEP | Sleeping for 20s (base=20s, consecutive_errors=0, monitoring_suspended=False)
2025-11-27 04:32:55 | INFO | MONITOR_SLEEP | Sleeping for 20s (base=20s, consecutive_errors=0, monitoring_suspended=False)
2025-11-27 04:33:15 | INFO | MONITOR | Paper trades checked (next in 60s)
2025-11-27 04:33:15 | INFO | MONITOR_SLEEP | Sleeping for 20s (base=20s, consecutive_errors=0, monitoring_suspended=False)
2025-11-27 04:33:35 | INFO | MONITOR_SLEEP | Sleeping for 20s (base=20s, consecutive_errors=0, monitoring_suspended=False)
2025-11-27 04:33:55 | INFO | MONITOR_SLEEP | Sleeping for 20s (base=20s, consecutive_errors=0, monitoring_suspended=False)
2025-11-27 04:34:15 | INFO | MONITOR | Paper trades checked (next in 60s)
2025-11-27 04:34:15 | INFO | MONITOR_SLEEP | Sleeping for 20s (base=20s, consecutive_errors=0, monitoring_suspended=False)
2025-11-27 04:34:35 | INFO | MONITOR_SLEEP | Sleeping for 20s (base=20s, consecutive_errors=0, monitoring_suspended=False)
2025-11-27 04:34:55 | INFO | MONITOR_SLEEP | Sleeping for 20s (base=20s, consecutive_errors=0, monitoring_suspended=False)
2025-11-27 04:35:15 | INFO | MONITOR | Paper trades checked (next in 60s)
2025-11-27 04:35:15 | INFO | MONITOR_SLEEP | Sleeping for 20s (base=20s, consecutive_errors=0, monitoring_suspended=False)
2025-11-27 04:35:35 | INFO | MONITOR_SLEEP | Sleeping for 20s (base=20s, consecutive_errors=0, monitoring_suspended=False)
2025-11-27 04:35:55 | INFO | MONITOR_SLEEP | Sleeping for 20s (base=20s, consecutive_errors=0, monitoring_suspended=False)
2025-11-27 04:36:15 | INFO | MONITOR | Paper trades checked (next in 60s)
2025-11-27 04:36:15 | INFO | MONITOR_SLEEP | Sleeping for 20s (base=20s, consecutive_errors=0, monitoring_suspended=False)
2025-11-27 04:36:35 | INFO | MONITOR_SLEEP | Sleeping for 20s (base=20s, consecutive_errors=0, monitoring_suspended=False)
2025-11-27 04:36:55 | INFO | MONITOR_SLEEP | Sleeping for 20s (base=20s, consecutive_errors=0, monitoring_suspended=False)
2025-11-27 04:37:15 | INFO | MONITOR | Paper trades checked (next in 60s)
2025-11-27 04:37:15 | INFO | MONITOR_SLEEP | Sleeping for 20s (base=20s, consecutive_errors=0, monitoring_suspended=False)
2025-11-27 04:37:35 | INFO | MONITOR_SLEEP | Sleeping for 20s (base=20s, consecutive_errors=0, monitoring_suspended=False)
2025-11-27 04:37:55 | INFO | MONITOR_SLEEP | Sleeping for 20s (base=20s, consecutive_errors=0, monitoring_suspended=False)
2025-11-27 04:38:15 | INFO | MONITOR | Paper trades checked (next in 60s)
2025-11-27 04:38:15 | INFO | MONITOR_SLEEP | Sleeping for 20s (base=20s, consecutive_errors=0, monitoring_suspended=False)
2025-11-27 04:38:35 | INFO | MONITOR_SLEEP | Sleeping for 20s (base=20s, consecutive_errors=0, monitoring_suspended=False)
2025-11-27 04:38:55 | INFO | MONITOR_SLEEP | Sleeping for 20s (base=20s, consecutive_errors=0, monitoring_suspended=False)
2025-11-27 04:39:15 | INFO | MONITOR | Paper trades checked (next in 60s)
2025-11-27 04:39:15 | INFO | MONITOR_SLEEP | Sleeping for 20s (base=20s, consecutive_errors=0, monitoring_suspended=False)
2025-11-27 04:39:35 | INFO | MONITOR_SLEEP | Sleeping for 20s (base=20s, consecutive_errors=0, monitoring_suspended=False)
2025-11-27 04:39:55 | INFO | MONITOR_SLEEP | Sleeping for 20s (base=20s, consecutive_errors=0, monitoring_suspended=False)
2025-11-27 04:40:15 | INFO | MONITOR | Paper trades checked (next in 60s)
2025-11-27 04:40:15 | INFO | MONITOR_SLEEP | Sleeping for 20s (base=20s, consecutive_errors=0, monitoring_suspended=False)
2025-11-27 04:40:35 | INFO | MONITOR_SLEEP | Sleeping for 20s (base=20s, consecutive_errors=0, monitoring_suspended=False)
2025-11-27 04:40:55 | INFO | MONITOR_SLEEP | Sleeping for 20s (base=20s, consecutive_errors=0, monitoring_suspended=False)
2025-11-27 04:41:15 | INFO | MONITOR | Paper trades checked (next in 60s)
2025-11-27 04:41:15 | INFO | MONITOR_SLEEP | Sleeping for 20s (base=20s, consecutive_errors=0, monitoring_suspended=False)
2025-11-27 04:41:35 | INFO | MONITOR_SLEEP | Sleeping for 20s (base=20s, consecutive_errors=0, monitoring_suspended=False)
2025-11-27 04:41:55 | INFO | MONITOR_SLEEP | Sleeping for 20s (base=20s, consecutive_errors=0, monitoring_suspended=False)
2025-11-27 04:42:15 | INFO | MONITOR | Paper trades checked (next in 60s)
2025-11-27 04:42:15 | INFO | MONITOR_SLEEP | Sleeping for 20s (base=20s, consecutive_errors=0, monitoring_suspended=False)
2025-11-27 04:42:35 | INFO | MONITOR_SLEEP | Sleeping for 20s (base=20s, consecutive_errors=0, monitoring_suspended=False)
2025-11-27 04:42:55 | INFO | MONITOR_SLEEP | Sleeping for 20s (base=20s, consecutive_errors=0, monitoring_suspended=False)
2025-11-27 04:43:15 | INFO | MONITOR | Paper trades checked (next in 60s)
2025-11-27 04:43:15 | INFO | MONITOR_SLEEP | Sleeping for 20s (base=20s, consecutive_errors=0, monitoring_suspended=False)
2025-11-27 04:43:35 | INFO | MONITOR_SLEEP | Sleeping for 20s (base=20s, consecutive_errors=0, monitoring_suspended=False)
2025-11-27 04:43:55 | INFO | MONITOR_SLEEP | Sleeping for 20s (base=20s, consecutive_errors=0, monitoring_suspended=False)
2025-11-27 04:44:15 | INFO | MONITOR | Paper trades checked (next in 60s)
2025-11-27 04:44:15 | INFO | MONITOR_SLEEP | Sleeping for 20s (base=20s, consecutive_errors=0, monitoring_suspended=False)
2025-11-27 04:44:35 | INFO | MONITOR_SLEEP | Sleeping for 20s (base=20s, consecutive_errors=0, monitoring_suspended=False)
2025-11-27 04:44:55 | INFO | MONITOR_SLEEP | Sleeping for 20s (base=20s, consecutive_errors=0, monitoring_suspended=False)
2025-11-27 04:45:15 | INFO | MONITOR | Paper trades checked (next in 60s)
2025-11-27 04:45:15 | INFO | MONITOR_SLEEP | Sleeping for 20s (base=20s, consecutive_errors=0, monitoring_suspended=False)
2025-11-27 04:45:35 | INFO | MONITOR_SLEEP | Sleeping for 20s (base=20s, consecutive_errors=0, monitoring_suspended=False)
2025-11-27 04:45:55 | INFO | MONITOR_SLEEP | Sleeping for 20s (base=20s, consecutive_errors=0, monitoring_suspended=False)
2025-11-27 04:46:15 | INFO | MONITOR | Paper trades checked (next in 60s)
2025-11-27 04:46:15 | INFO | MONITOR_SLEEP | Sleeping for 20s (base=20s, consecutive_errors=0, monitoring_suspended=False)
2025-11-27 04:46:35 | INFO | MONITOR_SLEEP | Sleeping for 20s (base=20s, consecutive_errors=0, monitoring_suspended=False)
2025-11-27 04:46:55 | INFO | MONITOR_SLEEP | Sleeping for 20s (base=20s, consecutive_errors=0, monitoring_suspended=False)
2025-11-27 04:47:15 | INFO | MONITOR | Paper trades checked (next in 60s)
2025-11-27 04:47:15 | INFO | MONITOR_SLEEP | Sleeping for 20s (base=20s, consecutive_errors=0, monitoring_suspended=False)
2025-11-27 04:47:35 | INFO | MONITOR_SLEEP | Sleeping for 20s (base=20s, consecutive_errors=0, monitoring_suspended=False)
2025-11-27 04:47:55 | INFO | MONITOR_SLEEP | Sleeping for 20s (base=20s, consecutive_errors=0, monitoring_suspended=False)
2025-11-27 04:48:15 | INFO | MONITOR | Paper trades checked (next in 60s)
2025-11-27 04:48:15 | INFO | MONITOR_SLEEP | Sleeping for 20s (base=20s, consecutive_errors=0, monitoring_suspended=False)
2025-11-27 04:48:35 | INFO | MONITOR_SLEEP | Sleeping for 20s (base=20s, consecutive_errors=0, monitoring_suspended=False)
2025-11-27 04:48:55 | INFO | MONITOR_SLEEP | Sleeping for 20s (base=20s, consecutive_errors=0, monitoring_suspended=False)
2025-11-27 04:49:15 | INFO | MONITOR | Paper trades checked (next in 60s)
2025-11-27 04:49:15 | INFO | MONITOR_SLEEP | Sleeping for 20s (base=20s, consecutive_errors=0, monitoring_suspended=False)
2025-11-27 04:49:35 | INFO | MONITOR_SLEEP | Sleeping for 20s (base=20s, consecutive_errors=0, monitoring_suspended=False)
2025-11-27 04:49:55 | INFO | MONITOR_SLEEP | Sleeping for 20s (base=20s, consecutive_errors=0, monitoring_suspended=False)
2025-11-27 04:50:15 | INFO | MONITOR | Paper trades checked (next in 60s)
2025-11-27 04:50:15 | INFO | MONITOR_SLEEP | Sleeping for 20s (base=20s, consecutive_errors=0, monitoring_suspended=False)
2025-11-27 04:50:35 | INFO | MONITOR_SLEEP | Sleeping for 20s (base=20s, consecutive_errors=0, monitoring_suspended=False)
2025-11-27 04:50:55 | INFO | MONITOR_SLEEP | Sleeping for 20s (base=20s, consecutive_errors=0, monitoring_suspended=False)
2025-11-27 04:51:15 | INFO | MONITOR | Paper trades checked (next in 60s)
2025-11-27 04:51:15 | INFO | MONITOR_SLEEP | Sleeping for 20s (base=20s, consecutive_errors=0, monitoring_suspended=False)
2025-11-27 04:51:35 | INFO | MONITOR_SLEEP | Sleeping for 20s (base=20s, consecutive_errors=0, monitoring_suspended=False)
2025-11-27 04:51:55 | INFO | MONITOR_SLEEP | Sleeping for 20s (base=20s, consecutive_errors=0, monitoring_suspended=False)
2025-11-27 04:52:15 | INFO | MONITOR | Paper trades checked (next in 60s)
2025-11-27 04:52:15 | INFO | MONITOR_SLEEP | Sleeping for 20s (base=20s, consecutive_errors=0, monitoring_suspended=False)
2025-11-27 04:52:35 | INFO | MONITOR_SLEEP | Sleeping for 20s (base=20s, consecutive_errors=0, monitoring_suspended=False)
2025-11-27 04:52:55 | INFO | MONITOR_SLEEP | Sleeping for 20s (base=20s, consecutive_errors=0, monitoring_suspended=False)
2025-11-27 04:53:15 | INFO | MONITOR | Paper trades checked (next in 60s)
2025-11-27 04:53:15 | INFO | MONITOR_SLEEP | Sleeping for 20s (base=20s, consecutive_errors=0, monitoring_suspended=False)
2025-11-27 04:53:35 | INFO | MONITOR_SLEEP | Sleeping for 20s (base=20s, consecutive_errors=0, monitoring_suspended=False)
2025-11-27 04:53:55 | INFO | MONITOR_SLEEP | Sleeping for 20s (base=20s, consecutive_errors=0, monitoring_suspended=False)
2025-11-27 04:54:15 | INFO | MONITOR | Paper trades checked (next in 60s)
2025-11-27 04:54:15 | INFO | MONITOR_SLEEP | Sleeping for 20s (base=20s, consecutive_errors=0, monitoring_suspended=False)
2025-11-27 04:54:35 | INFO | MONITOR_SLEEP | Sleeping for 20s (base=20s, consecutive_errors=0, monitoring_suspended=False)
2025-11-27 04:54:55 | INFO | MONITOR_SLEEP | Sleeping for 20s (base=20s, consecutive_errors=0, monitoring_suspended=False)
2025-11-27 04:55:15 | INFO | MONITOR | Paper trades checked (next in 60s)
2025-11-27 04:55:15 | INFO | MONITOR_SLEEP | Sleeping for 20s (base=20s, consecutive_errors=0, monitoring_suspended=False)
2025-11-27 04:55:35 | INFO | MONITOR_SLEEP | Sleeping for 20s (base=20s, consecutive_errors=0, monitoring_suspended=False)
2025-11-27 04:55:55 | INFO | MONITOR_SLEEP | Sleeping for 20s (base=20s, consecutive_errors=0, monitoring_suspended=False)
2025-11-27 04:56:15 | INFO | MONITOR | Paper trades checked (next in 60s)
2025-11-27 04:56:15 | INFO | MONITOR_SLEEP | Sleeping for 20s (base=20s, consecutive_errors=0, monitoring_suspended=False)
2025-11-27 04:56:35 | INFO | MONITOR_SLEEP | Sleeping for 20s (base=20s, consecutive_errors=0, monitoring_suspended=False)
2025-11-27 04:56:55 | INFO | MONITOR_SLEEP | Sleeping for 20s (base=20s, consecutive_errors=0, monitoring_suspended=False)
2025-11-27 04:57:15 | INFO | MONITOR | Paper trades checked (next in 60s)
2025-11-27 04:57:15 | INFO | MONITOR_SLEEP | Sleeping for 20s (base=20s, consecutive_errors=0, monitoring_suspended=False)
2025-11-27 04:57:35 | INFO | MONITOR_SLEEP | Sleeping for 20s (base=20s, consecutive_errors=0, monitoring_suspended=False)
2025-11-27 04:57:55 | INFO | MONITOR_SLEEP | Sleeping for 20s (base=20s, consecutive_errors=0, monitoring_suspended=False)
2025-11-27 04:58:15 | INFO | MONITOR | Paper trades checked (next in 60s)
2025-11-27 04:58:15 | INFO | MONITOR_SLEEP | Sleeping for 20s (base=20s, consecutive_errors=0, monitoring_suspended=False)
2025-11-27 04:58:35 | INFO | MONITOR_SLEEP | Sleeping for 20s (base=20s, consecutive_errors=0, monitoring_suspended=False)
2025-11-27 04:58:55 | INFO | MONITOR_SLEEP | Sleeping for 20s (base=20s, consecutive_errors=0, monitoring_suspended=False)
2025-11-27 04:59:15 | INFO | MONITOR | Paper trades checked (next in 60s)
2025-11-27 04:59:15 | INFO | MONITOR_SLEEP | Sleeping for 20s (base=20s, consecutive_errors=0, monitoring_suspended=False)
2025-11-27 04:59:35 | INFO | MONITOR_SLEEP | Sleeping for 20s (base=20s, consecutive_errors=0, monitoring_suspended=False)
2025-11-27 04:59:55 | INFO | MONITOR_SLEEP | Sleeping for 20s (base=20s, consecutive_errors=0, monitoring_suspended=False)
2025-11-27 05:00:15 | INFO | MONITOR | Paper trades checked (next in 60s)
2025-11-27 05:00:15 | INFO | MONITOR_SLEEP | Sleeping for 20s (base=20s, consecutive_errors=0, monitoring_suspended=False)
2025-11-27 05:00:35 | INFO | MONITOR_SLEEP | Sleeping for 20s (base=20s, consecutive_errors=0, monitoring_suspended=False)
2025-11-27 05:00:55 | INFO | MONITOR_SLEEP | Sleeping for 20s (base=20s, consecutive_errors=0, monitoring_suspended=False)
2025-11-27 05:01:15 | INFO | MONITOR | Paper trades checked (next in 60s)
2025-11-27 05:01:15 | INFO | MONITOR_SLEEP | Sleeping for 20s (base=20s, consecutive_errors=0, monitoring_suspended=False)
2025-11-27 05:01:35 | INFO | MONITOR_SLEEP | Sleeping for 20s (base=20s, consecutive_errors=0, monitoring_suspended=False)
2025-11-27 05:01:55 | INFO | MONITOR_SLEEP | Sleeping for 20s (base=20s, consecutive_errors=0, monitoring_suspended=False)
2025-11-27 05:02:15 | INFO | MONITOR | Paper trades checked (next in 60s)
2025-11-27 05:02:15 | INFO | MONITOR_SLEEP | Sleeping for 20s (base=20s, consecutive_errors=0, monitoring_suspended=False)
2025-11-27 05:02:35 | INFO | MONITOR_SLEEP | Sleeping for 20s (base=20s, consecutive_errors=0, monitoring_suspended=False)
2025-11-27 05:02:55 | INFO | MONITOR_SLEEP | Sleeping for 20s (base=20s, consecutive_errors=0, monitoring_suspended=False)
2025-11-27 05:03:15 | INFO | MONITOR | Paper trades checked (next in 60s)
2025-11-27 05:03:15 | INFO | MONITOR_SLEEP | Sleeping for 20s (base=20s, consecutive_errors=0, monitoring_suspended=False)
2025-11-27 05:03:35 | INFO | MONITOR_SLEEP | Sleeping for 20s (base=20s, consecutive_errors=0, monitoring_suspended=False)
2025-11-27 05:03:55 | INFO | MONITOR_SLEEP | Sleeping for 20s (base=20s, consecutive_errors=0, monitoring_suspended=False)
2025-11-27 05:04:15 | INFO | MONITOR | Paper trades checked (next in 60s)
2025-11-27 05:04:15 | INFO | MONITOR_SLEEP | Sleeping for 20s (base=20s, consecutive_errors=0, monitoring_suspended=False)
2025-11-27 05:04:35 | INFO | MONITOR_SLEEP | Sleeping for 20s (base=20s, consecutive_errors=0, monitoring_suspended=False)
2025-11-27 05:04:55 | INFO | MONITOR_SLEEP | Sleeping for 20s (base=20s, consecutive_errors=0, monitoring_suspended=False)
2025-11-27 05:05:15 | INFO | MONITOR | Paper trades checked (next in 60s)
2025-11-27 05:05:15 | INFO | MONITOR_SLEEP | Sleeping for 20s (base=20s, consecutive_errors=0, monitoring_suspended=False)
2025-11-27 05:05:35 | INFO | MONITOR_SLEEP | Sleeping for 20s (base=20s, consecutive_errors=0, monitoring_suspended=False)
2025-11-27 05:05:55 | INFO | MONITOR_SLEEP | Sleeping for 20s (base=20s, consecutive_errors=0, monitoring_suspended=False)
2025-11-27 05:06:15 | INFO | MONITOR | Paper trades checked (next in 60s)
2025-11-27 05:06:15 | INFO | MONITOR_SLEEP | Sleeping for 20s (base=20s, consecutive_errors=0, monitoring_suspended=False)
2025-11-27 05:06:35 | INFO | MONITOR_SLEEP | Sleeping for 20s (base=20s, consecutive_errors=0, monitoring_suspended=False)
2025-11-27 05:06:55 | INFO | MONITOR_SLEEP | Sleeping for 20s (base=20s, consecutive_errors=0, monitoring_suspended=False)
2025-11-27 05:07:15 | INFO | MONITOR | Paper trades checked (next in 60s)
2025-11-27 05:07:15 | INFO | MONITOR_SLEEP | Sleeping for 20s (base=20s, consecutive_errors=0, monitoring_suspended=False)
2025-11-27 05:07:35 | INFO | MONITOR_SLEEP | Sleeping for 20s (base=20s, consecutive_errors=0, monitoring_suspended=False)
2025-11-27 05:07:55 | INFO | MONITOR_SLEEP | Sleeping for 20s (base=20s, consecutive_errors=0, monitoring_suspended=False)
2025-11-27 05:08:15 | INFO | MONITOR | Paper trades checked (next in 60s)
2025-11-27 05:08:15 | INFO | MONITOR_SLEEP | Sleeping for 20s (base=20s, consecutive_errors=0, monitoring_suspended=False)
2025-11-27 05:08:35 | INFO | MONITOR_SLEEP | Sleeping for 20s (base=20s, consecutive_errors=0, monitoring_suspended=False)
2025-11-27 05:08:55 | INFO | MONITOR_SLEEP | Sleeping for 20s (base=20s, consecutive_errors=0, monitoring_suspended=False)
2025-11-27 05:09:15 | INFO | MONITOR | Paper trades checked (next in 60s)
2025-11-27 05:09:15 | INFO | MONITOR_SLEEP | Sleeping for 20s (base=20s, consecutive_errors=0, monitoring_suspended=False)
2025-11-27 05:09:35 | INFO | MONITOR_SLEEP | Sleeping for 20s (base=20s, consecutive_errors=0, monitoring_suspended=False)
2025-11-27 05:09:55 | INFO | MONITOR_SLEEP | Sleeping for 20s (base=20s, consecutive_errors=0, monitoring_suspended=False)
2025-11-27 05:10:15 | INFO | MONITOR | Paper trades checked (next in 60s)
2025-11-27 05:10:15 | INFO | MONITOR_SLEEP | Sleeping for 20s (base=20s, consecutive_errors=0, monitoring_suspended=False)
2025-11-27 05:10:35 | INFO | MONITOR_SLEEP | Sleeping for 20s (base=20s, consecutive_errors=0, monitoring_suspended=False)
2025-11-27 05:10:55 | INFO | MONITOR_SLEEP | Sleeping for 20s (base=20s, consecutive_errors=0, monitoring_suspended=False)
2025-11-27 05:11:15 | INFO | MONITOR | Paper trades checked (next in 60s)
2025-11-27 05:11:15 | INFO | MONITOR_SLEEP | Sleeping for 20s (base=20s, consecutive_errors=0, monitoring_suspended=False)
2025-11-27 05:11:35 | INFO | MONITOR_SLEEP | Sleeping for 20s (base=20s, consecutive_errors=0, monitoring_suspended=False)
2025-11-27 05:11:55 | INFO | MONITOR_SLEEP | Sleeping for 20s (base=20s, consecutive_errors=0, monitoring_suspended=False)
2025-11-27 05:12:15 | INFO | MONITOR | Paper trades checked (next in 60s)
2025-11-27 05:12:15 | INFO | MONITOR_SLEEP | Sleeping for 20s (base=20s, consecutive_errors=0, monitoring_suspended=False)
2025-11-27 05:12:35 | INFO | MONITOR_SLEEP | Sleeping for 20s (base=20s, consecutive_errors=0, monitoring_suspended=False)
2025-11-27 05:12:55 | INFO | MONITOR_SLEEP | Sleeping for 20s (base=20s, consecutive_errors=0, monitoring_suspended=False)
2025-11-27 05:13:15 | INFO | MONITOR | Paper trades checked (next in 60s)
2025-11-27 05:13:15 | INFO | MONITOR_SLEEP | Sleeping for 20s (base=20s, consecutive_errors=0, monitoring_suspended=False)
2025-11-27 05:13:35 | INFO | MONITOR_SLEEP | Sleeping for 20s (base=20s, consecutive_errors=0, monitoring_suspended=False)
2025-11-27 05:13:55 | INFO | MONITOR_SLEEP | Sleeping for 20s (base=20s, consecutive_errors=0, monitoring_suspended=False)
2025-11-27 05:14:15 | INFO | MONITOR | Paper trades checked (next in 60s)
2025-11-27 05:14:15 | INFO | MONITOR_SLEEP | Sleeping for 20s (base=20s, consecutive_errors=0, monitoring_suspended=False)
2025-11-27 05:14:35 | INFO | MONITOR_SLEEP | Sleeping for 20s (base=20s, consecutive_errors=0, monitoring_suspended=False)
2025-11-27 05:14:55 | INFO | MONITOR_SLEEP | Sleeping for 20s (base=20s, consecutive_errors=0, monitoring_suspended=False)
2025-11-27 05:15:15 | INFO | MONITOR | Paper trades checked (next in 60s)
2025-11-27 05:15:15 | INFO | MONITOR_SLEEP | Sleeping for 20s (base=20s, consecutive_errors=0, monitoring_suspended=False)
2025-11-27 05:15:35 | INFO | MONITOR_SLEEP | Sleeping for 20s (base=20s, consecutive_errors=0, monitoring_suspended=False)
2025-11-27 05:15:55 | INFO | MONITOR_SLEEP | Sleeping for 20s (base=20s, consecutive_errors=0, monitoring_suspended=False)
2025-11-27 05:16:15 | INFO | MONITOR | Paper trades checked (next in 60s)
2025-11-27 05:16:15 | INFO | MONITOR_SLEEP | Sleeping for 20s (base=20s, consecutive_errors=0, monitoring_suspended=False)
2025-11-27 05:16:35 | INFO | MONITOR_SLEEP | Sleeping for 20s (base=20s, consecutive_errors=0, monitoring_suspended=False)
2025-11-27 05:16:55 | INFO | MONITOR_SLEEP | Sleeping for 20s (base=20s, consecutive_errors=0, monitoring_suspended=False)
2025-11-27 05:17:15 | INFO | MONITOR | Paper trades checked (next in 60s)
2025-11-27 05:17:15 | INFO | MONITOR_SLEEP | Sleeping for 20s (base=20s, consecutive_errors=0, monitoring_suspended=False)
2025-11-27 05:17:35 | INFO | MONITOR_SLEEP | Sleeping for 20s (base=20s, consecutive_errors=0, monitoring_suspended=False)
2025-11-27 05:17:55 | INFO | MONITOR_SLEEP | Sleeping for 20s (base=20s, consecutive_errors=0, monitoring_suspended=False)
2025-11-27 05:18:15 | INFO | MONITOR | Paper trades checked (next in 60s)
2025-11-27 05:18:15 | INFO | MONITOR_SLEEP | Sleeping for 20s (base=20s, consecutive_errors=0, monitoring_suspended=False)
2025-11-27 05:18:35 | INFO | MONITOR_SLEEP | Sleeping for 20s (base=20s, consecutive_errors=0, monitoring_suspended=False)
2025-11-27 05:18:55 | INFO | MONITOR_SLEEP | Sleeping for 20s (base=20s, consecutive_errors=0, monitoring_suspended=False)
2025-11-27 05:19:15 | INFO | MONITOR | Paper trades checked (next in 60s)
2025-11-27 05:19:15 | INFO | MONITOR_SLEEP | Sleeping for 20s (base=20s, consecutive_errors=0, monitoring_suspended=False)
2025-11-27 05:19:35 | INFO | MONITOR_SLEEP | Sleeping for 20s (base=20s, consecutive_errors=0, monitoring_suspended=False)
2025-11-27 05:19:55 | INFO | MONITOR_SLEEP | Sleeping for 20s (base=20s, consecutive_errors=0, monitoring_suspended=False)
2025-11-27 05:20:15 | INFO | MONITOR | Paper trades checked (next in 60s)
2025-11-27 05:20:15 | INFO | MONITOR_SLEEP | Sleeping for 20s (base=20s, consecutive_errors=0, monitoring_suspended=False)
2025-11-27 05:20:35 | INFO | MONITOR_SLEEP | Sleeping for 20s (base=20s, consecutive_errors=0, monitoring_suspended=False)
2025-11-27 05:20:55 | INFO | MONITOR_SLEEP | Sleeping for 20s (base=20s, consecutive_errors=0, monitoring_suspended=False)
2025-11-27 05:21:15 | INFO | MONITOR | Paper trades checked (next in 60s)
2025-11-27 05:21:15 | INFO | MONITOR_SLEEP | Sleeping for 20s (base=20s, consecutive_errors=0, monitoring_suspended=False)
2025-11-27 05:21:35 | INFO | MONITOR_SLEEP | Sleeping for 20s (base=20s, consecutive_errors=0, monitoring_suspended=False)
2025-11-27 05:21:55 | INFO | MONITOR_SLEEP | Sleeping for 20s (base=20s, consecutive_errors=0, monitoring_suspended=False)
2025-11-27 05:22:15 | INFO | MONITOR | Paper trades checked (next in 60s)
2025-11-27 05:22:15 | INFO | MONITOR_SLEEP | Sleeping for 20s (base=20s, consecutive_errors=0, monitoring_suspended=False)
2025-11-27 05:22:35 | INFO | MONITOR_SLEEP | Sleeping for 20s (base=20s, consecutive_errors=0, monitoring_suspended=False)
2025-11-27 05:22:55 | INFO | MONITOR_SLEEP | Sleeping for 20s (base=20s, consecutive_errors=0, monitoring_suspended=False)
2025-11-27 05:23:15 | INFO | MONITOR | Paper trades checked (next in 60s)
2025-11-27 05:23:15 | INFO | MONITOR_SLEEP | Sleeping for 20s (base=20s, consecutive_errors=0, monitoring_suspended=False)
2025-11-27 05:23:35 | INFO | MONITOR_SLEEP | Sleeping for 20s (base=20s, consecutive_errors=0, monitoring_suspended=False)
2025-11-27 05:23:55 | INFO | MONITOR_SLEEP | Sleeping for 20s (base=20s, consecutive_errors=0, monitoring_suspended=False)
2025-11-27 05:24:15 | INFO | MONITOR | Paper trades checked (next in 60s)
2025-11-27 05:24:15 | INFO | MONITOR_SLEEP | Sleeping for 20s (base=20s, consecutive_errors=0, monitoring_suspended=False)
2025-11-27 05:24:35 | INFO | MONITOR_SLEEP | Sleeping for 20s (base=20s, consecutive_errors=0, monitoring_suspended=False)
2025-11-27 05:24:55 | INFO | MONITOR_SLEEP | Sleeping for 20s (base=20s, consecutive_errors=0, monitoring_suspended=False)
2025-11-27 05:25:15 | INFO | MONITOR | Paper trades checked (next in 60s)
2025-11-27 05:25:15 | INFO | MONITOR_SLEEP | Sleeping for 20s (base=20s, consecutive_errors=0, monitoring_suspended=False)
2025-11-27 05:25:35 | INFO | MONITOR_SLEEP | Sleeping for 20s (base=20s, consecutive_errors=0, monitoring_suspended=False)
2025-11-27 05:25:55 | INFO | MONITOR_SLEEP | Sleeping for 20s (base=20s, consecutive_errors=0, monitoring_suspended=False)
2025-11-27 05:26:15 | INFO | MONITOR | Paper trades checked (next in 60s)
2025-11-27 05:26:15 | INFO | MONITOR_SLEEP | Sleeping for 20s (base=20s, consecutive_errors=0, monitoring_suspended=False)
2025-11-27 05:26:35 | INFO | MONITOR_SLEEP | Sleeping for 20s (base=20s, consecutive_errors=0, monitoring_suspended=False)
2025-11-27 05:26:55 | INFO | MONITOR_SLEEP | Sleeping for 20s (base=20s, consecutive_errors=0, monitoring_suspended=False)
2025-11-27 05:27:15 | INFO | MONITOR | Paper trades checked (next in 60s)
2025-11-27 05:27:15 | INFO | MONITOR_SLEEP | Sleeping for 20s (base=20s, consecutive_errors=0, monitoring_suspended=False)
2025-11-27 05:27:35 | INFO | MONITOR_SLEEP | Sleeping for 20s (base=20s, consecutive_errors=0, monitoring_suspended=False)
2025-11-27 05:27:55 | INFO | MONITOR_SLEEP | Sleeping for 20s (base=20s, consecutive_errors=0, monitoring_suspended=False)
2025-11-27 05:28:15 | INFO | MONITOR | Paper trades checked (next in 60s)
2025-11-27 05:28:15 | INFO | MONITOR_SLEEP | Sleeping for 20s (base=20s, consecutive_errors=0, monitoring_suspended=False)
2025-11-27 05:28:35 | INFO | MONITOR_SLEEP | Sleeping for 20s (base=20s, consecutive_errors=0, monitoring_suspended=False)
2025-11-27 05:28:55 | INFO | MONITOR_SLEEP | Sleeping for 20s (base=20s, consecutive_errors=0, monitoring_suspended=False)
2025-11-27 05:29:15 | INFO | MONITOR | Paper trades checked (next in 60s)
2025-11-27 05:29:15 | INFO | MONITOR_SLEEP | Sleeping for 20s (base=20s, consecutive_errors=0, monitoring_suspended=False)
2025-11-27 05:29:35 | INFO | MONITOR_SLEEP | Sleeping for 20s (base=20s, consecutive_errors=0, monitoring_suspended=False)
2025-11-27 05:29:55 | INFO | MONITOR_SLEEP | Sleeping for 20s (base=20s, consecutive_errors=0, monitoring_suspended=False)
2025-11-27 05:30:15 | INFO | MONITOR | Paper trades checked (next in 60s)
2025-11-27 05:30:15 | INFO | MONITOR_SLEEP | Sleeping for 20s (base=20s, consecutive_errors=0, monitoring_suspended=False)
2025-11-27 05:30:35 | INFO | MONITOR_SLEEP | Sleeping for 20s (base=20s, consecutive_errors=0, monitoring_suspended=False)
2025-11-27 05:30:55 | INFO | MONITOR_SLEEP | Sleeping for 20s (base=20s, consecutive_errors=0, monitoring_suspended=False)
2025-11-27 05:31:15 | INFO | MONITOR | Paper trades checked (next in 60s)
2025-11-27 05:31:15 | INFO | MONITOR_SLEEP | Sleeping for 20s (base=20s, consecutive_errors=0, monitoring_suspended=False)
2025-11-27 05:31:35 | INFO | MONITOR_SLEEP | Sleeping for 20s (base=20s, consecutive_errors=0, monitoring_suspended=False)
2025-11-27 05:31:55 | INFO | MONITOR_SLEEP | Sleeping for 20s (base=20s, consecutive_errors=0, monitoring_suspended=False)
2025-11-27 05:32:15 | INFO | MONITOR | Paper trades checked (next in 60s)
2025-11-27 05:32:15 | INFO | MONITOR_SLEEP | Sleeping for 20s (base=20s, consecutive_errors=0, monitoring_suspended=False)
2025-11-27 05:32:35 | INFO | MONITOR_SLEEP | Sleeping for 20s (base=20s, consecutive_errors=0, monitoring_suspended=False)
2025-11-27 05:32:55 | INFO | MONITOR_SLEEP | Sleeping for 20s (base=20s, consecutive_errors=0, monitoring_suspended=False)
2025-11-27 05:33:15 | INFO | MONITOR | Paper trades checked (next in 60s)
2025-11-27 05:33:15 | INFO | MONITOR_SLEEP | Sleeping for 20s (base=20s, consecutive_errors=0, monitoring_suspended=False)
2025-11-27 05:33:35 | INFO | MONITOR_SLEEP | Sleeping for 20s (base=20s, consecutive_errors=0, monitoring_suspended=False)
2025-11-27 05:33:55 | INFO | MONITOR_SLEEP | Sleeping for 20s (base=20s, consecutive_errors=0, monitoring_suspended=False)
2025-11-27 05:34:15 | INFO | MONITOR | Paper trades checked (next in 60s)
2025-11-27 05:34:15 | INFO | MONITOR_SLEEP | Sleeping for 20s (base=20s, consecutive_errors=0, monitoring_suspended=False)
2025-11-27 05:34:35 | INFO | MONITOR_SLEEP | Sleeping for 20s (base=20s, consecutive_errors=0, monitoring_suspended=False)
2025-11-27 05:34:55 | INFO | MONITOR_SLEEP | Sleeping for 20s (base=20s, consecutive_errors=0, monitoring_suspended=False)
2025-11-27 05:35:15 | INFO | MONITOR | Paper trades checked (next in 60s)
2025-11-27 05:35:15 | INFO | MONITOR_SLEEP | Sleeping for 20s (base=20s, consecutive_errors=0, monitoring_suspended=False)
2025-11-27 05:35:35 | INFO | MONITOR_SLEEP | Sleeping for 20s (base=20s, consecutive_errors=0, monitoring_suspended=False)
2025-11-27 05:35:55 | INFO | MONITOR_SLEEP | Sleeping for 20s (base=20s, consecutive_errors=0, monitoring_suspended=False)
2025-11-27 05:36:15 | INFO | MONITOR | Paper trades checked (next in 60s)
2025-11-27 05:36:15 | INFO | MONITOR_SLEEP | Sleeping for 20s (base=20s, consecutive_errors=0, monitoring_suspended=False)
2025-11-27 05:36:35 | INFO | MONITOR_SLEEP | Sleeping for 20s (base=20s, consecutive_errors=0, monitoring_suspended=False)
2025-11-27 05:36:55 | INFO | MONITOR_SLEEP | Sleeping for 20s (base=20s, consecutive_errors=0, monitoring_suspended=False)
2025-11-27 05:37:15 | INFO | MONITOR | Paper trades checked (next in 60s)
2025-11-27 05:37:15 | INFO | MONITOR_SLEEP | Sleeping for 20s (base=20s, consecutive_errors=0, monitoring_suspended=False)
2025-11-27 05:37:35 | INFO | MONITOR_SLEEP | Sleeping for 20s (base=20s, consecutive_errors=0, monitoring_suspended=False)
2025-11-27 05:37:55 | INFO | MONITOR_SLEEP | Sleeping for 20s (base=20s, consecutive_errors=0, monitoring_suspended=False)
2025-11-27 05:38:15 | INFO | MONITOR | Paper trades checked (next in 60s)
2025-11-27 05:38:15 | INFO | MONITOR_SLEEP | Sleeping for 20s (base=20s, consecutive_errors=0, monitoring_suspended=False)
2025-11-27 05:38:35 | INFO | MONITOR_SLEEP | Sleeping for 20s (base=20s, consecutive_errors=0, monitoring_suspended=False)
2025-11-27 05:38:55 | INFO | MONITOR_SLEEP | Sleeping for 20s (base=20s, consecutive_errors=0, monitoring_suspended=False)
2025-11-27 05:39:15 | INFO | MONITOR | Paper trades checked (next in 60s)
2025-11-27 05:39:15 | INFO | MONITOR_SLEEP | Sleeping for 20s (base=20s, consecutive_errors=0, monitoring_suspended=False)
2025-11-27 05:39:35 | INFO | MONITOR_SLEEP | Sleeping for 20s (base=20s, consecutive_errors=0, monitoring_suspended=False)
2025-11-27 05:39:55 | INFO | MONITOR_SLEEP | Sleeping for 20s (base=20s, consecutive_errors=0, monitoring_suspended=False)
2025-11-27 05:40:15 | INFO | MONITOR | Paper trades checked (next in 60s)
2025-11-27 05:40:15 | INFO | MONITOR_SLEEP | Sleeping for 20s (base=20s, consecutive_errors=0, monitoring_suspended=False)
2025-11-27 05:40:35 | INFO | MONITOR_SLEEP | Sleeping for 20s (base=20s, consecutive_errors=0, monitoring_suspended=False)
2025-11-27 05:40:55 | INFO | MONITOR_SLEEP | Sleeping for 20s (base=20s, consecutive_errors=0, monitoring_suspended=False)
2025-11-27 05:41:15 | INFO | MONITOR | Paper trades checked (next in 60s)
2025-11-27 05:41:15 | INFO | MONITOR_SLEEP | Sleeping for 20s (base=20s, consecutive_errors=0, monitoring_suspended=False)
2025-11-27 05:41:35 | INFO | MONITOR_SLEEP | Sleeping for 20s (base=20s, consecutive_errors=0, monitoring_suspended=False)
2025-11-27 05:41:55 | INFO | MONITOR_SLEEP | Sleeping for 20s (base=20s, consecutive_errors=0, monitoring_suspended=False)
2025-11-27 05:42:15 | INFO | MONITOR | Paper trades checked (next in 60s)
2025-11-27 05:42:15 | INFO | MONITOR_SLEEP | Sleeping for 20s (base=20s, consecutive_errors=0, monitoring_suspended=False)
2025-11-27 05:42:35 | INFO | MONITOR_SLEEP | Sleeping for 20s (base=20s, consecutive_errors=0, monitoring_suspended=False)
2025-11-27 05:42:55 | INFO | MONITOR_SLEEP | Sleeping for 20s (base=20s, consecutive_errors=0, monitoring_suspended=False)
2025-11-27 05:43:15 | INFO | MONITOR | Paper trades checked (next in 60s)
2025-11-27 05:43:15 | INFO | MONITOR_SLEEP | Sleeping for 20s (base=20s, consecutive_errors=0, monitoring_suspended=False)
2025-11-27 05:43:35 | INFO | MONITOR_SLEEP | Sleeping for 20s (base=20s, consecutive_errors=0, monitoring_suspended=False)
2025-11-27 05:43:55 | INFO | MONITOR_SLEEP | Sleeping for 20s (base=20s, consecutive_errors=0, monitoring_suspended=False)
2025-11-27 05:44:15 | INFO | MONITOR | Paper trades checked (next in 60s)
2025-11-27 05:44:15 | INFO | MONITOR_SLEEP | Sleeping for 20s (base=20s, consecutive_errors=0, monitoring_suspended=False)
2025-11-27 05:44:35 | INFO | MONITOR_SLEEP | Sleeping for 20s (base=20s, consecutive_errors=0, monitoring_suspended=False)
2025-11-27 05:44:55 | INFO | MONITOR_SLEEP | Sleeping for 20s (base=20s, consecutive_errors=0, monitoring_suspended=False)
2025-11-27 05:45:15 | INFO | MONITOR | Paper trades checked (next in 60s)
2025-11-27 05:45:15 | INFO | MONITOR_SLEEP | Sleeping for 20s (base=20s, consecutive_errors=0, monitoring_suspended=False)
2025-11-27 05:45:35 | INFO | MONITOR_SLEEP | Sleeping for 20s (base=20s, consecutive_errors=0, monitoring_suspended=False)
2025-11-27 05:45:55 | INFO | MONITOR_SLEEP | Sleeping for 20s (base=20s, consecutive_errors=0, monitoring_suspended=False)
2025-11-27 05:46:15 | INFO | MONITOR | Paper trades checked (next in 60s)
2025-11-27 05:46:15 | INFO | MONITOR_SLEEP | Sleeping for 20s (base=20s, consecutive_errors=0, monitoring_suspended=False)
2025-11-27 05:46:35 | INFO | MONITOR_SLEEP | Sleeping for 20s (base=20s, consecutive_errors=0, monitoring_suspended=False)
2025-11-27 05:46:55 | INFO | MONITOR_SLEEP | Sleeping for 20s (base=20s, consecutive_errors=0, monitoring_suspended=False)
2025-11-27 05:47:15 | INFO | MONITOR | Paper trades checked (next in 60s)
2025-11-27 05:47:15 | INFO | MONITOR_SLEEP | Sleeping for 20s (base=20s, consecutive_errors=0, monitoring_suspended=False)
2025-11-27 05:47:35 | INFO | MONITOR_SLEEP | Sleeping for 20s (base=20s, consecutive_errors=0, monitoring_suspended=False)
2025-11-27 05:47:55 | INFO | MONITOR_SLEEP | Sleeping for 20s (base=20s, consecutive_errors=0, monitoring_suspended=False)
2025-11-27 05:48:15 | INFO | MONITOR | Paper trades checked (next in 60s)
2025-11-27 05:48:15 | INFO | MONITOR_SLEEP | Sleeping for 20s (base=20s, consecutive_errors=0, monitoring_suspended=False)
2025-11-27 05:48:35 | INFO | MONITOR_SLEEP | Sleeping for 20s (base=20s, consecutive_errors=0, monitoring_suspended=False)
2025-11-27 05:48:55 | INFO | MONITOR_SLEEP | Sleeping for 20s (base=20s, consecutive_errors=0, monitoring_suspended=False)
2025-11-27 05:49:15 | INFO | MONITOR | Paper trades checked (next in 60s)
2025-11-27 05:49:15 | INFO | MONITOR_SLEEP | Sleeping for 20s (base=20s, consecutive_errors=0, monitoring_suspended=False)
2025-11-27 05:49:35 | INFO | MONITOR_SLEEP | Sleeping for 20s (base=20s, consecutive_errors=0, monitoring_suspended=False)
2025-11-27 05:49:55 | INFO | MONITOR_SLEEP | Sleeping for 20s (base=20s, consecutive_errors=0, monitoring_suspended=False)
2025-11-27 05:50:15 | INFO | MONITOR | Paper trades checked (next in 60s)
2025-11-27 05:50:15 | INFO | MONITOR_SLEEP | Sleeping for 20s (base=20s, consecutive_errors=0, monitoring_suspended=False)
2025-11-27 05:50:35 | INFO | MONITOR_SLEEP | Sleeping for 20s (base=20s, consecutive_errors=0, monitoring_suspended=False)
2025-11-27 05:50:55 | INFO | MONITOR_SLEEP | Sleeping for 20s (base=20s, consecutive_errors=0, monitoring_suspended=False)
2025-11-27 05:51:15 | INFO | MONITOR | Paper trades checked (next in 60s)
2025-11-27 05:51:15 | INFO | MONITOR_SLEEP | Sleeping for 20s (base=20s, consecutive_errors=0, monitoring_suspended=False)
2025-11-27 05:51:35 | INFO | MONITOR_SLEEP | Sleeping for 20s (base=20s, consecutive_errors=0, monitoring_suspended=False)
2025-11-27 05:51:55 | INFO | MONITOR_SLEEP | Sleeping for 20s (base=20s, consecutive_errors=0, monitoring_suspended=False)
2025-11-27 05:52:15 | INFO | MONITOR | Paper trades checked (next in 60s)
2025-11-27 05:52:15 | INFO | MONITOR_SLEEP | Sleeping for 20s (base=20s, consecutive_errors=0, monitoring_suspended=False)
2025-11-27 05:52:35 | INFO | MONITOR_SLEEP | Sleeping for 20s (base=20s, consecutive_errors=0, monitoring_suspended=False)
2025-11-27 05:52:55 | INFO | MONITOR_SLEEP | Sleeping for 20s (base=20s, consecutive_errors=0, monitoring_suspended=False)
2025-11-27 05:53:15 | INFO | MONITOR | Paper trades checked (next in 60s)
2025-11-27 05:53:15 | INFO | MONITOR_SLEEP | Sleeping for 20s (base=20s, consecutive_errors=0, monitoring_suspended=False)
2025-11-27 05:53:35 | INFO | MONITOR_SLEEP | Sleeping for 20s (base=20s, consecutive_errors=0, monitoring_suspended=False)
2025-11-27 05:53:55 | INFO | MONITOR_SLEEP | Sleeping for 20s (base=20s, consecutive_errors=0, monitoring_suspended=False)
2025-11-27 05:54:15 | INFO | MONITOR | Paper trades checked (next in 60s)
2025-11-27 05:54:15 | INFO | MONITOR_SLEEP | Sleeping for 20s (base=20s, consecutive_errors=0, monitoring_suspended=False)
2025-11-27 05:54:35 | INFO | MONITOR_SLEEP | Sleeping for 20s (base=20s, consecutive_errors=0, monitoring_suspended=False)
2025-11-27 05:54:55 | INFO | MONITOR_SLEEP | Sleeping for 20s (base=20s, consecutive_errors=0, monitoring_suspended=False)
2025-11-27 05:55:15 | INFO | MONITOR | Paper trades checked (next in 60s)
2025-11-27 05:55:15 | INFO | MONITOR_SLEEP | Sleeping for 20s (base=20s, consecutive_errors=0, monitoring_suspended=False)
2025-11-27 05:55:35 | INFO | MONITOR_SLEEP | Sleeping for 20s (base=20s, consecutive_errors=0, monitoring_suspended=False)
2025-11-27 05:55:55 | INFO | MONITOR_SLEEP | Sleeping for 20s (base=20s, consecutive_errors=0, monitoring_suspended=False)
2025-11-27 05:56:15 | INFO | MONITOR | Paper trades checked (next in 60s)
2025-11-27 05:56:15 | INFO | MONITOR_SLEEP | Sleeping for 20s (base=20s, consecutive_errors=0, monitoring_suspended=False)
2025-11-27 05:56:35 | INFO | MONITOR_SLEEP | Sleeping for 20s (base=20s, consecutive_errors=0, monitoring_suspended=False)
2025-11-27 05:56:55 | INFO | MONITOR_SLEEP | Sleeping for 20s (base=20s, consecutive_errors=0, monitoring_suspended=False)
2025-11-27 05:57:15 | INFO | MONITOR | Paper trades checked (next in 60s)
2025-11-27 05:57:15 | INFO | MONITOR_SLEEP | Sleeping for 20s (base=20s, consecutive_errors=0, monitoring_suspended=False)
2025-11-27 05:57:35 | INFO | MONITOR_SLEEP | Sleeping for 20s (base=20s, consecutive_errors=0, monitoring_suspended=False)
2025-11-27 05:57:55 | INFO | MONITOR_SLEEP | Sleeping for 20s (base=20s, consecutive_errors=0, monitoring_suspended=False)
2025-11-27 05:58:15 | INFO | MONITOR | Paper trades checked (next in 60s)
2025-11-27 05:58:15 | INFO | MONITOR_SLEEP | Sleeping for 20s (base=20s, consecutive_errors=0, monitoring_suspended=False)
2025-11-27 05:58:35 | INFO | MONITOR_SLEEP | Sleeping for 20s (base=20s, consecutive_errors=0, monitoring_suspended=False)
2025-11-27 05:58:55 | INFO | MONITOR_SLEEP | Sleeping for 20s (base=20s, consecutive_errors=0, monitoring_suspended=False)
2025-11-27 05:59:15 | INFO | MONITOR | Paper trades checked (next in 60s)
2025-11-27 05:59:15 | INFO | MONITOR_SLEEP | Sleeping for 20s (base=20s, consecutive_errors=0, monitoring_suspended=False)
2025-11-27 05:59:35 | INFO | MONITOR_SLEEP | Sleeping for 20s (base=20s, consecutive_errors=0, monitoring_suspended=False)
2025-11-27 05:59:55 | INFO | MONITOR_SLEEP | Sleeping for 20s (base=20s, consecutive_errors=0, monitoring_suspended=False)
2025-11-27 06:00:15 | INFO | MONITOR | Paper trades checked (next in 60s)
2025-11-27 06:00:15 | INFO | MONITOR_SLEEP | Sleeping for 20s (base=20s, consecutive_errors=0, monitoring_suspended=False)
2025-11-27 06:00:35 | INFO | MONITOR_SLEEP | Sleeping for 20s (base=20s, consecutive_errors=0, monitoring_suspended=False)
2025-11-27 06:00:55 | INFO | MONITOR_SLEEP | Sleeping for 20s (base=20s, consecutive_errors=0, monitoring_suspended=False)
2025-11-27 06:01:15 | INFO | MONITOR | Paper trades checked (next in 60s)
2025-11-27 06:01:15 | INFO | MONITOR_SLEEP | Sleeping for 20s (base=20s, consecutive_errors=0, monitoring_suspended=False)
2025-11-27 06:01:35 | INFO | MONITOR_SLEEP | Sleeping for 20s (base=20s, consecutive_errors=0, monitoring_suspended=False)
2025-11-27 06:01:55 | INFO | MONITOR_SLEEP | Sleeping for 20s (base=20s, consecutive_errors=0, monitoring_suspended=False)
2025-11-27 06:02:15 | INFO | MONITOR | Paper trades checked (next in 60s)
2025-11-27 06:02:15 | INFO | MONITOR_SLEEP | Sleeping for 20s (base=20s, consecutive_errors=0, monitoring_suspended=False)
2025-11-27 06:02:35 | INFO | MONITOR_SLEEP | Sleeping for 20s (base=20s, consecutive_errors=0, monitoring_suspended=False)
2025-11-27 06:02:55 | INFO | MONITOR_SLEEP | Sleeping for 20s (base=20s, consecutive_errors=0, monitoring_suspended=False)
2025-11-27 06:03:15 | INFO | MONITOR | Paper trades checked (next in 60s)
2025-11-27 06:03:15 | INFO | MONITOR_SLEEP | Sleeping for 20s (base=20s, consecutive_errors=0, monitoring_suspended=False)
2025-11-27 06:03:35 | INFO | MONITOR_SLEEP | Sleeping for 20s (base=20s, consecutive_errors=0, monitoring_suspended=False)
2025-11-27 06:03:55 | INFO | MONITOR_SLEEP | Sleeping for 20s (base=20s, consecutive_errors=0, monitoring_suspended=False)
2025-11-27 06:04:15 | INFO | MONITOR | Paper trades checked (next in 60s)
2025-11-27 06:04:15 | INFO | MONITOR_SLEEP | Sleeping for 20s (base=20s, consecutive_errors=0, monitoring_suspended=False)
2025-11-27 06:04:35 | INFO | MONITOR_SLEEP | Sleeping for 20s (base=20s, consecutive_errors=0, monitoring_suspended=False)
2025-11-27 06:04:55 | INFO | MONITOR_SLEEP | Sleeping for 20s (base=20s, consecutive_errors=0, monitoring_suspended=False)
2025-11-27 06:05:15 | INFO | MONITOR | Paper trades checked (next in 60s)
2025-11-27 06:05:15 | INFO | MONITOR_SLEEP | Sleeping for 20s (base=20s, consecutive_errors=0, monitoring_suspended=False)
2025-11-27 06:05:35 | INFO | MONITOR_SLEEP | Sleeping for 20s (base=20s, consecutive_errors=0, monitoring_suspended=False)
2025-11-27 06:05:55 | INFO | MONITOR_SLEEP | Sleeping for 20s (base=20s, consecutive_errors=0, monitoring_suspended=False)
2025-11-27 06:06:15 | INFO | MONITOR | Paper trades checked (next in 60s)
2025-11-27 06:06:15 | INFO | MONITOR_SLEEP | Sleeping for 20s (base=20s, consecutive_errors=0, monitoring_suspended=False)
2025-11-27 06:06:35 | INFO | MONITOR_SLEEP | Sleeping for 20s (base=20s, consecutive_errors=0, monitoring_suspended=False)
2025-11-27 06:06:55 | INFO | MONITOR_SLEEP | Sleeping for 20s (base=20s, consecutive_errors=0, monitoring_suspended=False)
2025-11-27 06:07:15 | INFO | MONITOR | Paper trades checked (next in 60s)
2025-11-27 06:07:15 | INFO | MONITOR_SLEEP | Sleeping for 20s (base=20s, consecutive_errors=0, monitoring_suspended=False)
2025-11-27 06:07:35 | INFO | MONITOR_SLEEP | Sleeping for 20s (base=20s, consecutive_errors=0, monitoring_suspended=False)
2025-11-27 06:07:55 | INFO | MONITOR_SLEEP | Sleeping for 20s (base=20s, consecutive_errors=0, monitoring_suspended=False)
2025-11-27 06:08:15 | INFO | MONITOR | Paper trades checked (next in 60s)
2025-11-27 06:08:15 | INFO | MONITOR_SLEEP | Sleeping for 20s (base=20s, consecutive_errors=0, monitoring_suspended=False)
2025-11-27 06:08:35 | INFO | MONITOR_SLEEP | Sleeping for 20s (base=20s, consecutive_errors=0, monitoring_suspended=False)
2025-11-27 06:08:55 | INFO | MONITOR_SLEEP | Sleeping for 20s (base=20s, consecutive_errors=0, monitoring_suspended=False)
2025-11-27 06:09:15 | INFO | MONITOR | Paper trades checked (next in 60s)
2025-11-27 06:09:15 | INFO | MONITOR_SLEEP | Sleeping for 20s (base=20s, consecutive_errors=0, monitoring_suspended=False)
2025-11-27 06:09:35 | INFO | MONITOR_SLEEP | Sleeping for 20s (base=20s, consecutive_errors=0, monitoring_suspended=False)
2025-11-27 06:09:55 | INFO | MONITOR_SLEEP | Sleeping for 20s (base=20s, consecutive_errors=0, monitoring_suspended=False)
2025-11-27 06:10:15 | INFO | MONITOR | Paper trades checked (next in 60s)
2025-11-27 06:10:15 | INFO | MONITOR_SLEEP | Sleeping for 20s (base=20s, consecutive_errors=0, monitoring_suspended=False)
2025-11-27 06:10:35 | INFO | MONITOR_SLEEP | Sleeping for 20s (base=20s, consecutive_errors=0, monitoring_suspended=False)
2025-11-27 06:10:55 | INFO | MONITOR_SLEEP | Sleeping for 20s (base=20s, consecutive_errors=0, monitoring_suspended=False)
2025-11-27 06:11:15 | INFO | MONITOR | Paper trades checked (next in 60s)
2025-11-27 06:11:15 | INFO | MONITOR_SLEEP | Sleeping for 20s (base=20s, consecutive_errors=0, monitoring_suspended=False)
2025-11-27 06:11:35 | INFO | MONITOR_SLEEP | Sleeping for 20s (base=20s, consecutive_errors=0, monitoring_suspended=False)
2025-11-27 06:11:55 | INFO | MONITOR_SLEEP | Sleeping for 20s (base=20s, consecutive_errors=0, monitoring_suspended=False)
2025-11-27 06:12:15 | INFO | MONITOR | Paper trades checked (next in 60s)
2025-11-27 06:12:15 | INFO | MONITOR_SLEEP | Sleeping for 20s (base=20s, consecutive_errors=0, monitoring_suspended=False)
2025-11-27 06:12:35 | INFO | MONITOR_SLEEP | Sleeping for 20s (base=20s, consecutive_errors=0, monitoring_suspended=False)
2025-11-27 06:12:55 | INFO | MONITOR_SLEEP | Sleeping for 20s (base=20s, consecutive_errors=0, monitoring_suspended=False)
2025-11-27 06:13:15 | INFO | MONITOR | Paper trades checked (next in 60s)
2025-11-27 06:13:15 | INFO | MONITOR_SLEEP | Sleeping for 20s (base=20s, consecutive_errors=0, monitoring_suspended=False)
2025-11-27 06:13:35 | INFO | MONITOR_SLEEP | Sleeping for 20s (base=20s, consecutive_errors=0, monitoring_suspended=False)
2025-11-27 06:13:55 | INFO | MONITOR_SLEEP | Sleeping for 20s (base=20s, consecutive_errors=0, monitoring_suspended=False)
2025-11-27 06:14:15 | INFO | MONITOR | Paper trades checked (next in 60s)
2025-11-27 06:14:15 | INFO | MONITOR_SLEEP | Sleeping for 20s (base=20s, consecutive_errors=0, monitoring_suspended=False)
2025-11-27 06:14:35 | INFO | MONITOR_SLEEP | Sleeping for 20s (base=20s, consecutive_errors=0, monitoring_suspended=False)
2025-11-27 06:14:55 | INFO | MONITOR_SLEEP | Sleeping for 20s (base=20s, consecutive_errors=0, monitoring_suspended=False)
2025-11-27 06:15:15 | INFO | MONITOR | Paper trades checked (next in 60s)
2025-11-27 06:15:15 | INFO | MONITOR_SLEEP | Sleeping for 20s (base=20s, consecutive_errors=0, monitoring_suspended=False)
2025-11-27 06:15:35 | INFO | MONITOR_SLEEP | Sleeping for 20s (base=20s, consecutive_errors=0, monitoring_suspended=False)
2025-11-27 06:15:55 | INFO | MONITOR_SLEEP | Sleeping for 20s (base=20s, consecutive_errors=0, monitoring_suspended=False)
2025-11-27 06:16:15 | INFO | MONITOR | Paper trades checked (next in 60s)
2025-11-27 06:16:15 | INFO | MONITOR_SLEEP | Sleeping for 20s (base=20s, consecutive_errors=0, monitoring_suspended=False)
2025-11-27 06:16:35 | INFO | MONITOR_SLEEP | Sleeping for 20s (base=20s, consecutive_errors=0, monitoring_suspended=False)
2025-11-27 06:16:55 | INFO | MONITOR_SLEEP | Sleeping for 20s (base=20s, consecutive_errors=0, monitoring_suspended=False)
2025-11-27 06:17:15 | INFO | MONITOR | Paper trades checked (next in 60s)
2025-11-27 06:17:15 | INFO | MONITOR_SLEEP | Sleeping for 20s (base=20s, consecutive_errors=0, monitoring_suspended=False)
2025-11-27 06:17:35 | INFO | MONITOR_SLEEP | Sleeping for 20s (base=20s, consecutive_errors=0, monitoring_suspended=False)
2025-11-27 06:17:55 | INFO | MONITOR_SLEEP | Sleeping for 20s (base=20s, consecutive_errors=0, monitoring_suspended=False)
2025-11-27 06:18:15 | INFO | MONITOR | Paper trades checked (next in 60s)
2025-11-27 06:18:15 | INFO | MONITOR_SLEEP | Sleeping for 20s (base=20s, consecutive_errors=0, monitoring_suspended=False)
2025-11-27 06:18:35 | INFO | MONITOR_SLEEP | Sleeping for 20s (base=20s, consecutive_errors=0, monitoring_suspended=False)
2025-11-27 06:18:55 | INFO | MONITOR_SLEEP | Sleeping for 20s (base=20s, consecutive_errors=0, monitoring_suspended=False)
2025-11-27 06:19:15 | INFO | MONITOR | Paper trades checked (next in 60s)
2025-11-27 06:19:15 | INFO | MONITOR_SLEEP | Sleeping for 20s (base=20s, consecutive_errors=0, monitoring_suspended=False)
2025-11-27 06:19:35 | INFO | MONITOR_SLEEP | Sleeping for 20s (base=20s, consecutive_errors=0, monitoring_suspended=False)
2025-11-27 06:19:55 | INFO | MONITOR_SLEEP | Sleeping for 20s (base=20s, consecutive_errors=0, monitoring_suspended=False)
2025-11-27 06:20:15 | INFO | MONITOR | Paper trades checked (next in 60s)
2025-11-27 06:20:15 | INFO | MONITOR_SLEEP | Sleeping for 20s (base=20s, consecutive_errors=0, monitoring_suspended=False)
2025-11-27 06:20:35 | INFO | MONITOR_SLEEP | Sleeping for 20s (base=20s, consecutive_errors=0, monitoring_suspended=False)
2025-11-27 06:20:55 | INFO | MONITOR_SLEEP | Sleeping for 20s (base=20s, consecutive_errors=0, monitoring_suspended=False)
2025-11-27 06:21:15 | INFO | MONITOR | Paper trades checked (next in 60s)
2025-11-27 06:21:15 | INFO | MONITOR_SLEEP | Sleeping for 20s (base=20s, consecutive_errors=0, monitoring_suspended=False)
2025-11-27 06:21:35 | INFO | MONITOR_SLEEP | Sleeping for 20s (base=20s, consecutive_errors=0, monitoring_suspended=False)
2025-11-27 06:21:55 | INFO | MONITOR_SLEEP | Sleeping for 20s (base=20s, consecutive_errors=0, monitoring_suspended=False)
2025-11-27 06:22:15 | INFO | MONITOR | Paper trades checked (next in 60s)
2025-11-27 06:22:15 | INFO | MONITOR_SLEEP | Sleeping for 20s (base=20s, consecutive_errors=0, monitoring_suspended=False)
2025-11-27 06:22:35 | INFO | MONITOR_SLEEP | Sleeping for 20s (base=20s, consecutive_errors=0, monitoring_suspended=False)
2025-11-27 06:22:55 | INFO | MONITOR_SLEEP | Sleeping for 20s (base=20s, consecutive_errors=0, monitoring_suspended=False)
2025-11-27 06:23:15 | INFO | MONITOR | Paper trades checked (next in 60s)
2025-11-27 06:23:15 | INFO | MONITOR_SLEEP | Sleeping for 20s (base=20s, consecutive_errors=0, monitoring_suspended=False)
2025-11-27 06:23:35 | INFO | MONITOR_SLEEP | Sleeping for 20s (base=20s, consecutive_errors=0, monitoring_suspended=False)
2025-11-27 06:23:55 | INFO | MONITOR_SLEEP | Sleeping for 20s (base=20s, consecutive_errors=0, monitoring_suspended=False)
2025-11-27 06:24:15 | INFO | MONITOR | Paper trades checked (next in 60s)
2025-11-27 06:24:15 | INFO | MONITOR_SLEEP | Sleeping for 20s (base=20s, consecutive_errors=0, monitoring_suspended=False)
2025-11-27 06:24:35 | INFO | MONITOR_SLEEP | Sleeping for 20s (base=20s, consecutive_errors=0, monitoring_suspended=False)
2025-11-27 06:24:55 | INFO | MONITOR_SLEEP | Sleeping for 20s (base=20s, consecutive_errors=0, monitoring_suspended=False)
2025-11-27 06:25:15 | INFO | MONITOR | Paper trades checked (next in 60s)
2025-11-27 06:25:15 | INFO | MONITOR_SLEEP | Sleeping for 20s (base=20s, consecutive_errors=0, monitoring_suspended=False)
2025-11-27 06:25:35 | INFO | MONITOR_SLEEP | Sleeping for 20s (base=20s, consecutive_errors=0, monitoring_suspended=False)
2025-11-27 06:25:55 | INFO | MONITOR_SLEEP | Sleeping for 20s (base=20s, consecutive_errors=0, monitoring_suspended=False)
2025-11-27 06:26:15 | INFO | MONITOR | Paper trades checked (next in 60s)
2025-11-27 06:26:15 | INFO | MONITOR_SLEEP | Sleeping for 20s (base=20s, consecutive_errors=0, monitoring_suspended=False)
2025-11-27 06:26:35 | INFO | MONITOR_SLEEP | Sleeping for 20s (base=20s, consecutive_errors=0, monitoring_suspended=False)
2025-11-27 06:26:55 | INFO | MONITOR_SLEEP | Sleeping for 20s (base=20s, consecutive_errors=0, monitoring_suspended=False)
2025-11-27 06:27:15 | INFO | MONITOR | Paper trades checked (next in 60s)
2025-11-27 06:27:15 | INFO | MONITOR_SLEEP | Sleeping for 20s (base=20s, consecutive_errors=0, monitoring_suspended=False)
2025-11-27 06:27:35 | INFO | MONITOR_SLEEP | Sleeping for 20s (base=20s, consecutive_errors=0, monitoring_suspended=False)
2025-11-27 06:27:55 | INFO | MONITOR_SLEEP | Sleeping for 20s (base=20s, consecutive_errors=0, monitoring_suspended=False)
2025-11-27 06:28:15 | INFO | MONITOR | Paper trades checked (next in 60s)
2025-11-27 06:28:15 | INFO | MONITOR_SLEEP | Sleeping for 20s (base=20s, consecutive_errors=0, monitoring_suspended=False)
2025-11-27 06:28:35 | INFO | MONITOR_SLEEP | Sleeping for 20s (base=20s, consecutive_errors=0, monitoring_suspended=False)
2025-11-27 06:28:55 | INFO | MONITOR_SLEEP | Sleeping for 20s (base=20s, consecutive_errors=0, monitoring_suspended=False)
2025-11-27 06:29:15 | INFO | MONITOR | Paper trades checked (next in 60s)
2025-11-27 06:29:15 | INFO | MONITOR_SLEEP | Sleeping for 20s (base=20s, consecutive_errors=0, monitoring_suspended=False)
2025-11-27 06:29:35 | INFO | MONITOR_SLEEP | Sleeping for 20s (base=20s, consecutive_errors=0, monitoring_suspended=False)
2025-11-27 06:29:55 | INFO | MONITOR_SLEEP | Sleeping for 20s (base=20s, consecutive_errors=0, monitoring_suspended=False)
2025-11-27 06:30:15 | INFO | MONITOR | Paper trades checked (next in 60s)
2025-11-27 06:30:15 | INFO | MONITOR_SLEEP | Sleeping for 20s (base=20s, consecutive_errors=0, monitoring_suspended=False)
2025-11-27 06:30:35 | INFO | MONITOR_SLEEP | Sleeping for 20s (base=20s, consecutive_errors=0, monitoring_suspended=False)
2025-11-27 06:30:55 | INFO | MONITOR_SLEEP | Sleeping for 20s (base=20s, consecutive_errors=0, monitoring_suspended=False)
2025-11-27 06:31:15 | INFO | MONITOR | Paper trades checked (next in 60s)
2025-11-27 06:31:15 | INFO | MONITOR_SLEEP | Sleeping for 20s (base=20s, consecutive_errors=0, monitoring_suspended=False)
2025-11-27 06:31:35 | INFO | MONITOR_SLEEP | Sleeping for 20s (base=20s, consecutive_errors=0, monitoring_suspended=False)
2025-11-27 06:31:55 | INFO | MONITOR_SLEEP | Sleeping for 20s (base=20s, consecutive_errors=0, monitoring_suspended=False)
2025-11-27 06:32:15 | INFO | MONITOR | Paper trades checked (next in 60s)
2025-11-27 06:32:15 | INFO | MONITOR_SLEEP | Sleeping for 20s (base=20s, consecutive_errors=0, monitoring_suspended=False)
2025-11-27 06:32:35 | INFO | MONITOR_SLEEP | Sleeping for 20s (base=20s, consecutive_errors=0, monitoring_suspended=False)
2025-11-27 06:32:55 | INFO | MONITOR_SLEEP | Sleeping for 20s (base=20s, consecutive_errors=0, monitoring_suspended=False)
2025-11-27 06:33:15 | INFO | MONITOR | Paper trades checked (next in 60s)
2025-11-27 06:33:15 | INFO | MONITOR_SLEEP | Sleeping for 20s (base=20s, consecutive_errors=0, monitoring_suspended=False)
2025-11-27 06:33:35 | INFO | MONITOR_SLEEP | Sleeping for 20s (base=20s, consecutive_errors=0, monitoring_suspended=False)
2025-11-27 06:33:55 | INFO | MONITOR_SLEEP | Sleeping for 20s (base=20s, consecutive_errors=0, monitoring_suspended=False)
2025-11-27 06:34:15 | INFO | MONITOR | Paper trades checked (next in 60s)
2025-11-27 06:34:15 | INFO | MONITOR_SLEEP | Sleeping for 20s (base=20s, consecutive_errors=0, monitoring_suspended=False)
2025-11-27 06:34:35 | INFO | MONITOR_SLEEP | Sleeping for 20s (base=20s, consecutive_errors=0, monitoring_suspended=False)
2025-11-27 06:34:55 | INFO | MONITOR_SLEEP | Sleeping for 20s (base=20s, consecutive_errors=0, monitoring_suspended=False)
2025-11-27 06:35:15 | INFO | MONITOR | Paper trades checked (next in 60s)
2025-11-27 06:35:15 | INFO | MONITOR_SLEEP | Sleeping for 20s (base=20s, consecutive_errors=0, monitoring_suspended=False)
2025-11-27 06:35:35 | INFO | MONITOR_SLEEP | Sleeping for 20s (base=20s, consecutive_errors=0, monitoring_suspended=False)
2025-11-27 06:35:55 | INFO | MONITOR_SLEEP | Sleeping for 20s (base=20s, consecutive_errors=0, monitoring_suspended=False)
2025-11-27 06:36:15 | INFO | MONITOR | Paper trades checked (next in 60s)
2025-11-27 06:36:15 | INFO | MONITOR_SLEEP | Sleeping for 20s (base=20s, consecutive_errors=0, monitoring_suspended=False)
2025-11-27 06:36:35 | INFO | MONITOR_SLEEP | Sleeping for 20s (base=20s, consecutive_errors=0, monitoring_suspended=False)
2025-11-27 06:36:55 | INFO | MONITOR_SLEEP | Sleeping for 20s (base=20s, consecutive_errors=0, monitoring_suspended=False)
2025-11-27 06:37:15 | INFO | MONITOR | Paper trades checked (next in 60s)
2025-11-27 06:37:15 | INFO | MONITOR_SLEEP | Sleeping for 20s (base=20s, consecutive_errors=0, monitoring_suspended=False)
2025-11-27 06:37:35 | INFO | MONITOR_SLEEP | Sleeping for 20s (base=20s, consecutive_errors=0, monitoring_suspended=False)
2025-11-27 06:37:55 | INFO | MONITOR_SLEEP | Sleeping for 20s (base=20s, consecutive_errors=0, monitoring_suspended=False)
2025-11-27 06:38:15 | INFO | MONITOR | Paper trades checked (next in 60s)
2025-11-27 06:38:15 | INFO | MONITOR_SLEEP | Sleeping for 20s (base=20s, consecutive_errors=0, monitoring_suspended=False)
2025-11-27 06:38:35 | INFO | MONITOR_SLEEP | Sleeping for 20s (base=20s, consecutive_errors=0, monitoring_suspended=False)
2025-11-27 06:38:55 | INFO | MONITOR_SLEEP | Sleeping for 20s (base=20s, consecutive_errors=0, monitoring_suspended=False)
2025-11-27 06:39:15 | INFO | MONITOR | Paper trades checked (next in 60s)
2025-11-27 06:39:15 | INFO | MONITOR_SLEEP | Sleeping for 20s (base=20s, consecutive_errors=0, monitoring_suspended=False)
2025-11-27 06:39:35 | INFO | MONITOR_SLEEP | Sleeping for 20s (base=20s, consecutive_errors=0, monitoring_suspended=False)
2025-11-27 06:39:55 | INFO | MONITOR_SLEEP | Sleeping for 20s (base=20s, consecutive_errors=0, monitoring_suspended=False)
2025-11-27 06:40:15 | INFO | MONITOR | Paper trades checked (next in 60s)
2025-11-27 06:40:15 | INFO | MONITOR_SLEEP | Sleeping for 20s (base=20s, consecutive_errors=0, monitoring_suspended=False)
2025-11-27 06:40:35 | INFO | MONITOR_SLEEP | Sleeping for 20s (base=20s, consecutive_errors=0, monitoring_suspended=False)
2025-11-27 06:40:55 | INFO | MONITOR_SLEEP | Sleeping for 20s (base=20s, consecutive_errors=0, monitoring_suspended=False)
2025-11-27 06:41:15 | INFO | MONITOR | Paper trades checked (next in 60s)
2025-11-27 06:41:15 | INFO | MONITOR_SLEEP | Sleeping for 20s (base=20s, consecutive_errors=0, monitoring_suspended=False)
2025-11-27 06:41:35 | INFO | MONITOR_SLEEP | Sleeping for 20s (base=20s, consecutive_errors=0, monitoring_suspended=False)
2025-11-27 06:41:55 | INFO | MONITOR_SLEEP | Sleeping for 20s (base=20s, consecutive_errors=0, monitoring_suspended=False)
2025-11-27 06:42:15 | INFO | MONITOR | Paper trades checked (next in 60s)
2025-11-27 06:42:15 | INFO | MONITOR_SLEEP | Sleeping for 20s (base=20s, consecutive_errors=0, monitoring_suspended=False)
2025-11-27 06:42:35 | INFO | MONITOR_SLEEP | Sleeping for 20s (base=20s, consecutive_errors=0, monitoring_suspended=False)
2025-11-27 06:42:55 | INFO | MONITOR_SLEEP | Sleeping for 20s (base=20s, consecutive_errors=0, monitoring_suspended=False)
2025-11-27 06:43:15 | INFO | MONITOR | Paper trades checked (next in 60s)
2025-11-27 06:43:15 | INFO | MONITOR_SLEEP | Sleeping for 20s (base=20s, consecutive_errors=0, monitoring_suspended=False)
2025-11-27 06:43:35 | INFO | MONITOR_SLEEP | Sleeping for 20s (base=20s, consecutive_errors=0, monitoring_suspended=False)
2025-11-27 06:43:55 | INFO | MONITOR_SLEEP | Sleeping for 20s (base=20s, consecutive_errors=0, monitoring_suspended=False)
2025-11-27 06:44:15 | INFO | MONITOR | Paper trades checked (next in 60s)
2025-11-27 06:44:15 | INFO | MONITOR_SLEEP | Sleeping for 20s (base=20s, consecutive_errors=0, monitoring_suspended=False)
2025-11-27 06:44:35 | INFO | MONITOR_SLEEP | Sleeping for 20s (base=20s, consecutive_errors=0, monitoring_suspended=False)
2025-11-27 06:44:55 | INFO | MONITOR_SLEEP | Sleeping for 20s (base=20s, consecutive_errors=0, monitoring_suspended=False)
2025-11-27 06:45:15 | INFO | MONITOR | Paper trades checked (next in 60s)
2025-11-27 06:45:15 | INFO | MONITOR_SLEEP | Sleeping for 20s (base=20s, consecutive_errors=0, monitoring_suspended=False)
2025-11-27 06:45:35 | INFO | MONITOR_SLEEP | Sleeping for 20s (base=20s, consecutive_errors=0, monitoring_suspended=False)
2025-11-27 06:45:55 | INFO | MONITOR_SLEEP | Sleeping for 20s (base=20s, consecutive_errors=0, monitoring_suspended=False)
2025-11-27 06:46:15 | INFO | MONITOR | Paper trades checked (next in 60s)
2025-11-27 06:46:15 | INFO | MONITOR_SLEEP | Sleeping for 20s (base=20s, consecutive_errors=0, monitoring_suspended=False)
2025-11-27 06:46:35 | INFO | MONITOR_SLEEP | Sleeping for 20s (base=20s, consecutive_errors=0, monitoring_suspended=False)
2025-11-27 06:46:55 | INFO | MONITOR_SLEEP | Sleeping for 20s (base=20s, consecutive_errors=0, monitoring_suspended=False)
2025-11-27 06:47:15 | INFO | MONITOR | Paper trades checked (next in 60s)
2025-11-27 06:47:15 | INFO | MONITOR_SLEEP | Sleeping for 20s (base=20s, consecutive_errors=0, monitoring_suspended=False)
2025-11-27 06:47:35 | INFO | MONITOR_SLEEP | Sleeping for 20s (base=20s, consecutive_errors=0, monitoring_suspended=False)
2025-11-27 06:47:55 | INFO | MONITOR_SLEEP | Sleeping for 20s (base=20s, consecutive_errors=0, monitoring_suspended=False)
2025-11-27 06:48:15 | INFO | MONITOR | Paper trades checked (next in 60s)
2025-11-27 06:48:15 | INFO | MONITOR_SLEEP | Sleeping for 20s (base=20s, consecutive_errors=0, monitoring_suspended=False)
2025-11-27 06:48:35 | INFO | MONITOR_SLEEP | Sleeping for 20s (base=20s, consecutive_errors=0, monitoring_suspended=False)
2025-11-27 06:48:55 | INFO | MONITOR_SLEEP | Sleeping for 20s (base=20s, consecutive_errors=0, monitoring_suspended=False)
2025-11-27 06:49:15 | INFO | MONITOR | Paper trades checked (next in 60s)
2025-11-27 06:49:15 | INFO | MONITOR_SLEEP | Sleeping for 20s (base=20s, consecutive_errors=0, monitoring_suspended=False)
2025-11-27 06:49:35 | INFO | MONITOR_SLEEP | Sleeping for 20s (base=20s, consecutive_errors=0, monitoring_suspended=False)
2025-11-27 06:49:55 | INFO | MONITOR_SLEEP | Sleeping for 20s (base=20s, consecutive_errors=0, monitoring_suspended=False)
2025-11-27 06:50:15 | INFO | MONITOR | Paper trades checked (next in 60s)
2025-11-27 06:50:15 | INFO | MONITOR_SLEEP | Sleeping for 20s (base=20s, consecutive_errors=0, monitoring_suspended=False)
2025-11-27 06:50:35 | INFO | MONITOR_SLEEP | Sleeping for 20s (base=20s, consecutive_errors=0, monitoring_suspended=False)
2025-11-27 06:50:55 | INFO | MONITOR_SLEEP | Sleeping for 20s (base=20s, consecutive_errors=0, monitoring_suspended=False)
2025-11-27 06:51:15 | INFO | MONITOR | Paper trades checked (next in 60s)
2025-11-27 06:51:15 | INFO | MONITOR_SLEEP | Sleeping for 20s (base=20s, consecutive_errors=0, monitoring_suspended=False)
2025-11-27 06:51:35 | INFO | MONITOR_SLEEP | Sleeping for 20s (base=20s, consecutive_errors=0, monitoring_suspended=False)
2025-11-27 06:51:55 | INFO | MONITOR_SLEEP | Sleeping for 20s (base=20s, consecutive_errors=0, monitoring_suspended=False)
2025-11-27 06:52:15 | INFO | MONITOR | Paper trades checked (next in 60s)
2025-11-27 06:52:15 | INFO | MONITOR_SLEEP | Sleeping for 20s (base=20s, consecutive_errors=0, monitoring_suspended=False)
2025-11-27 06:52:35 | INFO | MONITOR_SLEEP | Sleeping for 20s (base=20s, consecutive_errors=0, monitoring_suspended=False)
2025-11-27 06:52:55 | INFO | MONITOR_SLEEP | Sleeping for 20s (base=20s, consecutive_errors=0, monitoring_suspended=False)
2025-11-27 06:53:15 | INFO | MONITOR | Paper trades checked (next in 60s)
2025-11-27 06:53:15 | INFO | MONITOR_SLEEP | Sleeping for 20s (base=20s, consecutive_errors=0, monitoring_suspended=False)
2025-11-27 06:53:35 | INFO | MONITOR_SLEEP | Sleeping for 20s (base=20s, consecutive_errors=0, monitoring_suspended=False)
2025-11-27 06:53:55 | INFO | MONITOR_SLEEP | Sleeping for 20s (base=20s, consecutive_errors=0, monitoring_suspended=False)
2025-11-27 06:54:15 | INFO | MONITOR | Paper trades checked (next in 60s)
2025-11-27 06:54:15 | INFO | MONITOR_SLEEP | Sleeping for 20s (base=20s, consecutive_errors=0, monitoring_suspended=False)
2025-11-27 06:54:35 | INFO | MONITOR_SLEEP | Sleeping for 20s (base=20s, consecutive_errors=0, monitoring_suspended=False)
2025-11-27 06:54:55 | INFO | MONITOR_SLEEP | Sleeping for 20s (base=20s, consecutive_errors=0, monitoring_suspended=False)
2025-11-27 06:55:15 | INFO | MONITOR | Paper trades checked (next in 60s)
2025-11-27 06:55:15 | INFO | MONITOR_SLEEP | Sleeping for 20s (base=20s, consecutive_errors=0, monitoring_suspended=False)
2025-11-27 06:55:35 | INFO | MONITOR_SLEEP | Sleeping for 20s (base=20s, consecutive_errors=0, monitoring_suspended=False)
2025-11-27 06:55:55 | INFO | MONITOR_SLEEP | Sleeping for 20s (base=20s, consecutive_errors=0, monitoring_suspended=False)
2025-11-27 06:56:15 | INFO | MONITOR | Paper trades checked (next in 60s)
2025-11-27 06:56:15 | INFO | MONITOR_SLEEP | Sleeping for 20s (base=20s, consecutive_errors=0, monitoring_suspended=False)
2025-11-27 06:56:35 | INFO | MONITOR_SLEEP | Sleeping for 20s (base=20s, consecutive_errors=0, monitoring_suspended=False)
2025-11-27 06:56:55 | INFO | MONITOR_SLEEP | Sleeping for 20s (base=20s, consecutive_errors=0, monitoring_suspended=False)
2025-11-27 06:57:15 | INFO | MONITOR | Paper trades checked (next in 60s)
2025-11-27 06:57:15 | INFO | MONITOR_SLEEP | Sleeping for 20s (base=20s, consecutive_errors=0, monitoring_suspended=False)
2025-11-27 06:57:35 | INFO | MONITOR_SLEEP | Sleeping for 20s (base=20s, consecutive_errors=0, monitoring_suspended=False)
2025-11-27 06:57:55 | INFO | MONITOR_SLEEP | Sleeping for 20s (base=20s, consecutive_errors=0, monitoring_suspended=False)
2025-11-27 06:58:15 | INFO | MONITOR | Paper trades checked (next in 60s)
2025-11-27 06:58:15 | INFO | MONITOR_SLEEP | Sleeping for 20s (base=20s, consecutive_errors=0, monitoring_suspended=False)
2025-11-27 06:58:35 | INFO | MONITOR_SLEEP | Sleeping for 20s (base=20s, consecutive_errors=0, monitoring_suspended=False)
2025-11-27 06:58:55 | INFO | MONITOR_SLEEP | Sleeping for 20s (base=20s, consecutive_errors=0, monitoring_suspended=False)
2025-11-27 06:59:15 | INFO | MONITOR | Paper trades checked (next in 60s)
2025-11-27 06:59:15 | INFO | MONITOR_SLEEP | Sleeping for 20s (base=20s, consecutive_errors=0, monitoring_suspended=False)
2025-11-27 06:59:35 | INFO | MONITOR_SLEEP | Sleeping for 20s (base=20s, consecutive_errors=0, monitoring_suspended=False)
2025-11-27 06:59:55 | INFO | MONITOR_SLEEP | Sleeping for 20s (base=20s, consecutive_errors=0, monitoring_suspended=False)
2025-11-27 07:00:15 | INFO | MONITOR | Paper trades checked (next in 60s)
2025-11-27 07:00:15 | INFO | MONITOR_SLEEP | Sleeping for 20s (base=20s, consecutive_errors=0, monitoring_suspended=False)
2025-11-27 07:00:35 | INFO | MONITOR_SLEEP | Sleeping for 20s (base=20s, consecutive_errors=0, monitoring_suspended=False)
2025-11-27 07:00:55 | INFO | MONITOR_SLEEP | Sleeping for 20s (base=20s, consecutive_errors=0, monitoring_suspended=False)
2025-11-27 07:01:15 | INFO | MONITOR | Paper trades checked (next in 60s)
2025-11-27 07:01:15 | INFO | MONITOR_SLEEP | Sleeping for 20s (base=20s, consecutive_errors=0, monitoring_suspended=False)
2025-11-27 07:01:35 | INFO | MONITOR_SLEEP | Sleeping for 20s (base=20s, consecutive_errors=0, monitoring_suspended=False)
2025-11-27 07:01:55 | INFO | MONITOR_SLEEP | Sleeping for 20s (base=20s, consecutive_errors=0, monitoring_suspended=False)
2025-11-27 07:02:15 | INFO | MONITOR | Paper trades checked (next in 60s)
2025-11-27 07:02:15 | INFO | MONITOR_SLEEP | Sleeping for 20s (base=20s, consecutive_errors=0, monitoring_suspended=False)
2025-11-27 07:02:35 | INFO | MONITOR_SLEEP | Sleeping for 20s (base=20s, consecutive_errors=0, monitoring_suspended=False)
2025-11-27 07:02:55 | INFO | MONITOR_SLEEP | Sleeping for 20s (base=20s, consecutive_errors=0, monitoring_suspended=False)
2025-11-27 07:03:15 | INFO | MONITOR | Paper trades checked (next in 60s)
2025-11-27 07:03:15 | INFO | MONITOR_SLEEP | Sleeping for 20s (base=20s, consecutive_errors=0, monitoring_suspended=False)
2025-11-27 07:03:35 | INFO | MONITOR_SLEEP | Sleeping for 20s (base=20s, consecutive_errors=0, monitoring_suspended=False)
2025-11-27 07:03:55 | INFO | MONITOR_SLEEP | Sleeping for 20s (base=20s, consecutive_errors=0, monitoring_suspended=False)
2025-11-27 07:04:15 | INFO | MONITOR | Paper trades checked (next in 60s)
2025-11-27 07:04:15 | INFO | MONITOR_SLEEP | Sleeping for 20s (base=20s, consecutive_errors=0, monitoring_suspended=False)
2025-11-27 07:04:35 | INFO | MONITOR_SLEEP | Sleeping for 20s (base=20s, consecutive_errors=0, monitoring_suspended=False)
2025-11-27 07:04:55 | INFO | MONITOR_SLEEP | Sleeping for 20s (base=20s, consecutive_errors=0, monitoring_suspended=False)
2025-11-27 07:05:15 | INFO | MONITOR | Paper trades checked (next in 60s)
2025-11-27 07:05:15 | INFO | MONITOR_SLEEP | Sleeping for 20s (base=20s, consecutive_errors=0, monitoring_suspended=False)
2025-11-27 07:05:35 | INFO | MONITOR_SLEEP | Sleeping for 20s (base=20s, consecutive_errors=0, monitoring_suspended=False)
2025-11-27 07:05:55 | INFO | MONITOR_SLEEP | Sleeping for 20s (base=20s, consecutive_errors=0, monitoring_suspended=False)
2025-11-27 07:06:15 | INFO | MONITOR | Paper trades checked (next in 60s)
2025-11-27 07:06:15 | INFO | MONITOR_SLEEP | Sleeping for 20s (base=20s, consecutive_errors=0, monitoring_suspended=False)
2025-11-27 07:06:35 | INFO | MONITOR_SLEEP | Sleeping for 20s (base=20s, consecutive_errors=0, monitoring_suspended=False)
2025-11-27 07:06:55 | INFO | MONITOR_SLEEP | Sleeping for 20s (base=20s, consecutive_errors=0, monitoring_suspended=False)
2025-11-27 07:07:15 | INFO | MONITOR | Paper trades checked (next in 60s)
2025-11-27 07:07:15 | INFO | MONITOR_SLEEP | Sleeping for 20s (base=20s, consecutive_errors=0, monitoring_suspended=False)
2025-11-27 07:07:35 | INFO | MONITOR_SLEEP | Sleeping for 20s (base=20s, consecutive_errors=0, monitoring_suspended=False)
2025-11-27 07:07:55 | INFO | MONITOR_SLEEP | Sleeping for 20s (base=20s, consecutive_errors=0, monitoring_suspended=False)
2025-11-27 07:08:15 | INFO | MONITOR | Paper trades checked (next in 60s)
2025-11-27 07:08:15 | INFO | MONITOR_SLEEP | Sleeping for 20s (base=20s, consecutive_errors=0, monitoring_suspended=False)
2025-11-27 07:08:35 | INFO | MONITOR_SLEEP | Sleeping for 20s (base=20s, consecutive_errors=0, monitoring_suspended=False)
2025-11-27 07:08:55 | INFO | MONITOR_SLEEP | Sleeping for 20s (base=20s, consecutive_errors=0, monitoring_suspended=False)
2025-11-27 07:09:15 | INFO | MONITOR | Paper trades checked (next in 60s)
2025-11-27 07:09:15 | INFO | MONITOR_SLEEP | Sleeping for 20s (base=20s, consecutive_errors=0, monitoring_suspended=False)
2025-11-27 07:09:35 | INFO | MONITOR_SLEEP | Sleeping for 20s (base=20s, consecutive_errors=0, monitoring_suspended=False)
2025-11-27 07:09:55 | INFO | MONITOR_SLEEP | Sleeping for 20s (base=20s, consecutive_errors=0, monitoring_suspended=False)
2025-11-27 07:10:15 | INFO | MONITOR | Paper trades checked (next in 60s)
2025-11-27 07:10:15 | INFO | MONITOR_SLEEP | Sleeping for 20s (base=20s, consecutive_errors=0, monitoring_suspended=False)
2025-11-27 07:10:35 | INFO | MONITOR_SLEEP | Sleeping for 20s (base=20s, consecutive_errors=0, monitoring_suspended=False)
2025-11-27 07:10:55 | INFO | MONITOR_SLEEP | Sleeping for 20s (base=20s, consecutive_errors=0, monitoring_suspended=False)
2025-11-27 07:11:15 | INFO | MONITOR | Paper trades checked (next in 60s)
2025-11-27 07:11:15 | INFO | MONITOR_SLEEP | Sleeping for 20s (base=20s, consecutive_errors=0, monitoring_suspended=False)
2025-11-27 07:11:35 | INFO | MONITOR_SLEEP | Sleeping for 20s (base=20s, consecutive_errors=0, monitoring_suspended=False)
2025-11-27 07:11:55 | INFO | MONITOR_SLEEP | Sleeping for 20s (base=20s, consecutive_errors=0, monitoring_suspended=False)
2025-11-27 07:12:15 | INFO | MONITOR | Paper trades checked (next in 60s)
2025-11-27 07:12:15 | INFO | MONITOR_SLEEP | Sleeping for 20s (base=20s, consecutive_errors=0, monitoring_suspended=False)
2025-11-27 07:12:35 | INFO | MONITOR_SLEEP | Sleeping for 20s (base=20s, consecutive_errors=0, monitoring_suspended=False)
2025-11-27 07:12:55 | INFO | MONITOR_SLEEP | Sleeping for 20s (base=20s, consecutive_errors=0, monitoring_suspended=False)
2025-11-27 07:13:15 | INFO | MONITOR | Paper trades checked (next in 60s)
2025-11-27 07:13:15 | INFO | MONITOR_SLEEP | Sleeping for 20s (base=20s, consecutive_errors=0, monitoring_suspended=False)
2025-11-27 07:13:35 | INFO | MONITOR_SLEEP | Sleeping for 20s (base=20s, consecutive_errors=0, monitoring_suspended=False)
2025-11-27 07:13:55 | INFO | MONITOR_SLEEP | Sleeping for 20s (base=20s, consecutive_errors=0, monitoring_suspended=False)
2025-11-27 07:14:15 | INFO | MONITOR | Paper trades checked (next in 60s)
2025-11-27 07:14:15 | INFO | MONITOR_SLEEP | Sleeping for 20s (base=20s, consecutive_errors=0, monitoring_suspended=False)
2025-11-27 07:14:35 | INFO | MONITOR_SLEEP | Sleeping for 20s (base=20s, consecutive_errors=0, monitoring_suspended=False)
2025-11-27 07:14:55 | INFO | MONITOR_SLEEP | Sleeping for 20s (base=20s, consecutive_errors=0, monitoring_suspended=False)
2025-11-27 07:15:15 | INFO | MONITOR | Paper trades checked (next in 60s)
2025-11-27 07:15:15 | INFO | MONITOR_SLEEP | Sleeping for 20s (base=20s, consecutive_errors=0, monitoring_suspended=False)
2025-11-27 07:15:35 | INFO | MONITOR_SLEEP | Sleeping for 20s (base=20s, consecutive_errors=0, monitoring_suspended=False)
2025-11-27 07:15:55 | INFO | MONITOR_SLEEP | Sleeping for 20s (base=20s, consecutive_errors=0, monitoring_suspended=False)
2025-11-27 07:16:15 | INFO | MONITOR | Paper trades checked (next in 60s)
2025-11-27 07:16:15 | INFO | MONITOR_SLEEP | Sleeping for 20s (base=20s, consecutive_errors=0, monitoring_suspended=False)
2025-11-27 07:16:35 | INFO | MONITOR_SLEEP | Sleeping for 20s (base=20s, consecutive_errors=0, monitoring_suspended=False)
2025-11-27 07:16:55 | INFO | MONITOR_SLEEP | Sleeping for 20s (base=20s, consecutive_errors=0, monitoring_suspended=False)
2025-11-27 07:17:15 | INFO | MONITOR | Paper trades checked (next in 60s)
2025-11-27 07:17:15 | INFO | MONITOR_SLEEP | Sleeping for 20s (base=20s, consecutive_errors=0, monitoring_suspended=False)
2025-11-27 07:17:35 | INFO | MONITOR_SLEEP | Sleeping for 20s (base=20s, consecutive_errors=0, monitoring_suspended=False)
2025-11-27 07:17:55 | INFO | MONITOR_SLEEP | Sleeping for 20s (base=20s, consecutive_errors=0, monitoring_suspended=False)
2025-11-27 07:18:15 | INFO | MONITOR | Paper trades checked (next in 60s)
2025-11-27 07:18:15 | INFO | MONITOR_SLEEP | Sleeping for 20s (base=20s, consecutive_errors=0, monitoring_suspended=False)
2025-11-27 07:18:35 | INFO | MONITOR_SLEEP | Sleeping for 20s (base=20s, consecutive_errors=0, monitoring_suspended=False)
2025-11-27 07:18:55 | INFO | MONITOR_SLEEP | Sleeping for 20s (base=20s, consecutive_errors=0, monitoring_suspended=False)
2025-11-27 07:19:15 | INFO | MONITOR | Paper trades checked (next in 60s)
2025-11-27 07:19:15 | INFO | MONITOR_SLEEP | Sleeping for 20s (base=20s, consecutive_errors=0, monitoring_suspended=False)
2025-11-27 07:19:35 | INFO | MONITOR_SLEEP | Sleeping for 20s (base=20s, consecutive_errors=0, monitoring_suspended=False)
2025-11-27 07:19:55 | INFO | MONITOR_SLEEP | Sleeping for 20s (base=20s, consecutive_errors=0, monitoring_suspended=False)
2025-11-27 07:20:15 | INFO | MONITOR | Paper trades checked (next in 60s)
2025-11-27 07:20:15 | INFO | MONITOR_SLEEP | Sleeping for 20s (base=20s, consecutive_errors=0, monitoring_suspended=False)
2025-11-27 07:20:35 | INFO | MONITOR_SLEEP | Sleeping for 20s (base=20s, consecutive_errors=0, monitoring_suspended=False)
2025-11-27 07:20:55 | INFO | MONITOR_SLEEP | Sleeping for 20s (base=20s, consecutive_errors=0, monitoring_suspended=False)
2025-11-27 07:21:15 | INFO | MONITOR | Paper trades checked (next in 60s)
2025-11-27 07:21:15 | INFO | MONITOR_SLEEP | Sleeping for 20s (base=20s, consecutive_errors=0, monitoring_suspended=False)
2025-11-27 07:21:35 | INFO | MONITOR_SLEEP | Sleeping for 20s (base=20s, consecutive_errors=0, monitoring_suspended=False)
2025-11-27 07:21:55 | INFO | MONITOR_SLEEP | Sleeping for 20s (base=20s, consecutive_errors=0, monitoring_suspended=False)
2025-11-27 07:22:15 | INFO | MONITOR | Paper trades checked (next in 60s)
2025-11-27 07:22:15 | INFO | MONITOR_SLEEP | Sleeping for 20s (base=20s, consecutive_errors=0, monitoring_suspended=False)
2025-11-27 07:22:35 | INFO | MONITOR_SLEEP | Sleeping for 20s (base=20s, consecutive_errors=0, monitoring_suspended=False)
2025-11-27 07:22:55 | INFO | MONITOR_SLEEP | Sleeping for 20s (base=20s, consecutive_errors=0, monitoring_suspended=False)
2025-11-27 07:23:15 | INFO | MONITOR | Paper trades checked (next in 60s)
2025-11-27 07:23:15 | INFO | MONITOR_SLEEP | Sleeping for 20s (base=20s, consecutive_errors=0, monitoring_suspended=False)
2025-11-27 07:23:35 | INFO | MONITOR_SLEEP | Sleeping for 20s (base=20s, consecutive_errors=0, monitoring_suspended=False)
2025-11-27 07:23:55 | INFO | MONITOR_SLEEP | Sleeping for 20s (base=20s, consecutive_errors=0, monitoring_suspended=False)
2025-11-27 07:24:15 | INFO | MONITOR | Paper trades checked (next in 60s)
2025-11-27 07:24:15 | INFO | MONITOR_SLEEP | Sleeping for 20s (base=20s, consecutive_errors=0, monitoring_suspended=False)
2025-11-27 07:24:35 | INFO | MONITOR_SLEEP | Sleeping for 20s (base=20s, consecutive_errors=0, monitoring_suspended=False)
2025-11-27 07:24:55 | INFO | MONITOR_SLEEP | Sleeping for 20s (base=20s, consecutive_errors=0, monitoring_suspended=False)
2025-11-27 07:25:15 | INFO | MONITOR | Paper trades checked (next in 60s)
2025-11-27 07:25:15 | INFO | MONITOR_SLEEP | Sleeping for 20s (base=20s, consecutive_errors=0, monitoring_suspended=False)
2025-11-27 07:25:35 | INFO | MONITOR_SLEEP | Sleeping for 20s (base=20s, consecutive_errors=0, monitoring_suspended=False)
2025-11-27 07:25:55 | INFO | MONITOR_SLEEP | Sleeping for 20s (base=20s, consecutive_errors=0, monitoring_suspended=False)
2025-11-27 07:26:15 | INFO | MONITOR | Paper trades checked (next in 60s)
2025-11-27 07:26:15 | INFO | MONITOR_SLEEP | Sleeping for 20s (base=20s, consecutive_errors=0, monitoring_suspended=False)
2025-11-27 07:26:35 | INFO | MONITOR_SLEEP | Sleeping for 20s (base=20s, consecutive_errors=0, monitoring_suspended=False)
2025-11-27 07:26:55 | INFO | MONITOR_SLEEP | Sleeping for 20s (base=20s, consecutive_errors=0, monitoring_suspended=False)
2025-11-27 07:27:15 | INFO | MONITOR | Paper trades checked (next in 60s)
2025-11-27 07:27:15 | INFO | MONITOR_SLEEP | Sleeping for 20s (base=20s, consecutive_errors=0, monitoring_suspended=False)
2025-11-27 07:27:35 | INFO | MONITOR_SLEEP | Sleeping for 20s (base=20s, consecutive_errors=0, monitoring_suspended=False)
2025-11-27 07:27:55 | INFO | MONITOR_SLEEP | Sleeping for 20s (base=20s, consecutive_errors=0, monitoring_suspended=False)
2025-11-27 07:28:15 | INFO | MONITOR | Paper trades checked (next in 60s)
2025-11-27 07:28:15 | INFO | MONITOR_SLEEP | Sleeping for 20s (base=20s, consecutive_errors=0, monitoring_suspended=False)
2025-11-27 07:28:35 | INFO | MONITOR_SLEEP | Sleeping for 20s (base=20s, consecutive_errors=0, monitoring_suspended=False)
2025-11-27 07:28:55 | INFO | MONITOR_SLEEP | Sleeping for 20s (base=20s, consecutive_errors=0, monitoring_suspended=False)
2025-11-27 07:29:15 | INFO | MONITOR | Paper trades checked (next in 60s)
2025-11-27 07:29:15 | INFO | MONITOR_SLEEP | Sleeping for 20s (base=20s, consecutive_errors=0, monitoring_suspended=False)
2025-11-27 07:29:35 | INFO | MONITOR_SLEEP | Sleeping for 20s (base=20s, consecutive_errors=0, monitoring_suspended=False)
2025-11-27 07:29:55 | INFO | MONITOR_SLEEP | Sleeping for 20s (base=20s, consecutive_errors=0, monitoring_suspended=False)
2025-11-27 07:30:15 | INFO | MONITOR | Paper trades checked (next in 60s)
2025-11-27 07:30:15 | INFO | MONITOR_SLEEP | Sleeping for 20s (base=20s, consecutive_errors=0, monitoring_suspended=False)
2025-11-27 07:30:35 | INFO | MONITOR_SLEEP | Sleeping for 20s (base=20s, consecutive_errors=0, monitoring_suspended=False)
2025-11-27 07:30:55 | INFO | MONITOR_SLEEP | Sleeping for 20s (base=20s, consecutive_errors=0, monitoring_suspended=False)
2025-11-27 07:31:15 | INFO | MONITOR | Paper trades checked (next in 60s)
2025-11-27 07:31:15 | INFO | MONITOR_SLEEP | Sleeping for 20s (base=20s, consecutive_errors=0, monitoring_suspended=False)
2025-11-27 07:31:35 | INFO | MONITOR_SLEEP | Sleeping for 20s (base=20s, consecutive_errors=0, monitoring_suspended=False)
2025-11-27 07:31:55 | INFO | MONITOR_SLEEP | Sleeping for 20s (base=20s, consecutive_errors=0, monitoring_suspended=False)
2025-11-27 07:32:15 | INFO | MONITOR | Paper trades checked (next in 60s)
2025-11-27 07:32:15 | INFO | MONITOR_SLEEP | Sleeping for 20s (base=20s, consecutive_errors=0, monitoring_suspended=False)
2025-11-27 07:32:35 | INFO | MONITOR_SLEEP | Sleeping for 20s (base=20s, consecutive_errors=0, monitoring_suspended=False)
2025-11-27 07:32:55 | INFO | MONITOR_SLEEP | Sleeping for 20s (base=20s, consecutive_errors=0, monitoring_suspended=False)
2025-11-27 07:33:15 | INFO | MONITOR | Paper trades checked (next in 60s)
2025-11-27 07:33:15 | INFO | MONITOR_SLEEP | Sleeping for 20s (base=20s, consecutive_errors=0, monitoring_suspended=False)
2025-11-27 07:33:36 | INFO | MONITOR_SLEEP | Sleeping for 20s (base=20s, consecutive_errors=0, monitoring_suspended=False)
2025-11-27 07:33:56 | INFO | MONITOR_SLEEP | Sleeping for 20s (base=20s, consecutive_errors=0, monitoring_suspended=False)
2025-11-27 07:34:16 | INFO | MONITOR | Paper trades checked (next in 60s)
2025-11-27 07:34:16 | INFO | MONITOR_SLEEP | Sleeping for 20s (base=20s, consecutive_errors=0, monitoring_suspended=False)
2025-11-27 07:34:36 | INFO | MONITOR_SLEEP | Sleeping for 20s (base=20s, consecutive_errors=0, monitoring_suspended=False)
2025-11-27 07:34:56 | INFO | MONITOR_SLEEP | Sleeping for 20s (base=20s, consecutive_errors=0, monitoring_suspended=False)
2025-11-27 07:35:16 | INFO | MONITOR | Paper trades checked (next in 60s)
2025-11-27 07:35:16 | INFO | MONITOR_SLEEP | Sleeping for 20s (base=20s, consecutive_errors=0, monitoring_suspended=False)
2025-11-27 07:35:36 | INFO | MONITOR_SLEEP | Sleeping for 20s (base=20s, consecutive_errors=0, monitoring_suspended=False)
2025-11-27 07:35:56 | INFO | MONITOR_SLEEP | Sleeping for 20s (base=20s, consecutive_errors=0, monitoring_suspended=False)
2025-11-27 07:36:16 | INFO | MONITOR | Paper trades checked (next in 60s)
2025-11-27 07:36:16 | INFO | MONITOR_SLEEP | Sleeping for 20s (base=20s, consecutive_errors=0, monitoring_suspended=False)
2025-11-27 07:36:36 | INFO | MONITOR_SLEEP | Sleeping for 20s (base=20s, consecutive_errors=0, monitoring_suspended=False)
2025-11-27 07:36:56 | INFO | MONITOR_SLEEP | Sleeping for 20s (base=20s, consecutive_errors=0, monitoring_suspended=False)
2025-11-27 07:37:16 | INFO | MONITOR | Paper trades checked (next in 60s)
2025-11-27 07:37:16 | INFO | MONITOR_SLEEP | Sleeping for 20s (base=20s, consecutive_errors=0, monitoring_suspended=False)
2025-11-27 07:37:36 | INFO | MONITOR_SLEEP | Sleeping for 20s (base=20s, consecutive_errors=0, monitoring_suspended=False)
2025-11-27 07:37:56 | INFO | MONITOR_SLEEP | Sleeping for 20s (base=20s, consecutive_errors=0, monitoring_suspended=False)
2025-11-27 07:38:16 | INFO | MONITOR | Paper trades checked (next in 60s)
2025-11-27 07:38:16 | INFO | MONITOR_SLEEP | Sleeping for 20s (base=20s, consecutive_errors=0, monitoring_suspended=False)
2025-11-27 07:38:36 | INFO | MONITOR_SLEEP | Sleeping for 20s (base=20s, consecutive_errors=0, monitoring_suspended=False)
2025-11-27 07:38:56 | INFO | MONITOR_SLEEP | Sleeping for 20s (base=20s, consecutive_errors=0, monitoring_suspended=False)
2025-11-27 07:39:16 | INFO | MONITOR | Paper trades checked (next in 60s)
2025-11-27 07:39:16 | INFO | MONITOR_SLEEP | Sleeping for 20s (base=20s, consecutive_errors=0, monitoring_suspended=False)
2025-11-27 07:39:36 | INFO | MONITOR_SLEEP | Sleeping for 20s (base=20s, consecutive_errors=0, monitoring_suspended=False)
2025-11-27 07:39:56 | INFO | MONITOR_SLEEP | Sleeping for 20s (base=20s, consecutive_errors=0, monitoring_suspended=False)
2025-11-27 07:40:16 | INFO | MONITOR | Paper trades checked (next in 60s)
2025-11-27 07:40:16 | INFO | MONITOR_SLEEP | Sleeping for 20s (base=20s, consecutive_errors=0, monitoring_suspended=False)
2025-11-27 07:40:36 | INFO | MONITOR_SLEEP | Sleeping for 20s (base=20s, consecutive_errors=0, monitoring_suspended=False)
2025-11-27 07:40:56 | INFO | MONITOR_SLEEP | Sleeping for 20s (base=20s, consecutive_errors=0, monitoring_suspended=False)
2025-11-27 07:41:16 | INFO | MONITOR | Paper trades checked (next in 60s)
2025-11-27 07:41:16 | INFO | MONITOR_SLEEP | Sleeping for 20s (base=20s, consecutive_errors=0, monitoring_suspended=False)
2025-11-27 07:41:36 | INFO | MONITOR_SLEEP | Sleeping for 20s (base=20s, consecutive_errors=0, monitoring_suspended=False)
2025-11-27 07:41:56 | INFO | MONITOR_SLEEP | Sleeping for 20s (base=20s, consecutive_errors=0, monitoring_suspended=False)
2025-11-27 07:42:16 | INFO | MONITOR | Paper trades checked (next in 60s)
2025-11-27 07:42:16 | INFO | MONITOR_SLEEP | Sleeping for 20s (base=20s, consecutive_errors=0, monitoring_suspended=False)
2025-11-27 07:42:36 | INFO | MONITOR_SLEEP | Sleeping for 20s (base=20s, consecutive_errors=0, monitoring_suspended=False)
2025-11-27 07:42:56 | INFO | MONITOR_SLEEP | Sleeping for 20s (base=20s, consecutive_errors=0, monitoring_suspended=False)
2025-11-27 07:43:16 | INFO | MONITOR | Paper trades checked (next in 60s)
2025-11-27 07:43:16 | INFO | MONITOR_SLEEP | Sleeping for 20s (base=20s, consecutive_errors=0, monitoring_suspended=False)
2025-11-27 07:43:36 | INFO | MONITOR_SLEEP | Sleeping for 20s (base=20s, consecutive_errors=0, monitoring_suspended=False)
2025-11-27 07:43:56 | INFO | MONITOR_SLEEP | Sleeping for 20s (base=20s, consecutive_errors=0, monitoring_suspended=False)
2025-11-27 07:44:16 | INFO | MONITOR | Paper trades checked (next in 60s)
2025-11-27 07:44:16 | INFO | MONITOR_SLEEP | Sleeping for 20s (base=20s, consecutive_errors=0, monitoring_suspended=False)
2025-11-27 07:44:36 | INFO | MONITOR_SLEEP | Sleeping for 20s (base=20s, consecutive_errors=0, monitoring_suspended=False)
2025-11-27 07:44:56 | INFO | MONITOR_SLEEP | Sleeping for 20s (base=20s, consecutive_errors=0, monitoring_suspended=False)
2025-11-27 07:45:16 | INFO | MONITOR | Paper trades checked (next in 60s)
2025-11-27 07:45:16 | INFO | MONITOR_SLEEP | Sleeping for 20s (base=20s, consecutive_errors=0, monitoring_suspended=False)
2025-11-27 07:45:36 | INFO | MONITOR_SLEEP | Sleeping for 20s (base=20s, consecutive_errors=0, monitoring_suspended=False)
2025-11-27 07:45:56 | INFO | MONITOR_SLEEP | Sleeping for 20s (base=20s, consecutive_errors=0, monitoring_suspended=False)
2025-11-27 07:46:16 | INFO | MONITOR | Paper trades checked (next in 60s)
2025-11-27 07:46:16 | INFO | MONITOR_SLEEP | Sleeping for 20s (base=20s, consecutive_errors=0, monitoring_suspended=False)
2025-11-27 07:46:36 | INFO | MONITOR_SLEEP | Sleeping for 20s (base=20s, consecutive_errors=0, monitoring_suspended=False)
2025-11-27 07:46:56 | INFO | MONITOR_SLEEP | Sleeping for 20s (base=20s, consecutive_errors=0, monitoring_suspended=False)
2025-11-27 07:47:16 | INFO | MONITOR | Paper trades checked (next in 60s)
2025-11-27 07:47:16 | INFO | MONITOR_SLEEP | Sleeping for 20s (base=20s, consecutive_errors=0, monitoring_suspended=False)
2025-11-27 07:47:36 | INFO | MONITOR_SLEEP | Sleeping for 20s (base=20s, consecutive_errors=0, monitoring_suspended=False)
2025-11-27 07:47:56 | INFO | MONITOR_SLEEP | Sleeping for 20s (base=20s, consecutive_errors=0, monitoring_suspended=False)
2025-11-27 07:48:16 | INFO | MONITOR | Paper trades checked (next in 60s)
2025-11-27 07:48:16 | INFO | MONITOR_SLEEP | Sleeping for 20s (base=20s, consecutive_errors=0, monitoring_suspended=False)
2025-11-27 07:48:36 | INFO | MONITOR_SLEEP | Sleeping for 20s (base=20s, consecutive_errors=0, monitoring_suspended=False)
2025-11-27 07:48:56 | INFO | MONITOR_SLEEP | Sleeping for 20s (base=20s, consecutive_errors=0, monitoring_suspended=False)
2025-11-27 07:49:16 | INFO | MONITOR | Paper trades checked (next in 60s)
2025-11-27 07:49:16 | INFO | MONITOR_SLEEP | Sleeping for 20s (base=20s, consecutive_errors=0, monitoring_suspended=False)
2025-11-27 07:49:36 | INFO | MONITOR_SLEEP | Sleeping for 20s (base=20s, consecutive_errors=0, monitoring_suspended=False)
2025-11-27 07:49:56 | INFO | MONITOR_SLEEP | Sleeping for 20s (base=20s, consecutive_errors=0, monitoring_suspended=False)
2025-11-27 07:50:16 | INFO | MONITOR | Paper trades checked (next in 60s)
2025-11-27 07:50:16 | INFO | MONITOR_SLEEP | Sleeping for 20s (base=20s, consecutive_errors=0, monitoring_suspended=False)
2025-11-27 07:50:36 | INFO | MONITOR_SLEEP | Sleeping for 20s (base=20s, consecutive_errors=0, monitoring_suspended=False)
2025-11-27 07:50:56 | INFO | MONITOR_SLEEP | Sleeping for 20s (base=20s, consecutive_errors=0, monitoring_suspended=False)
2025-11-27 07:51:16 | INFO | MONITOR | Paper trades checked (next in 60s)
2025-11-27 07:51:16 | INFO | MONITOR_SLEEP | Sleeping for 20s (base=20s, consecutive_errors=0, monitoring_suspended=False)
2025-11-27 07:51:36 | INFO | MONITOR_SLEEP | Sleeping for 20s (base=20s, consecutive_errors=0, monitoring_suspended=False)
2025-11-27 07:51:56 | INFO | MONITOR_SLEEP | Sleeping for 20s (base=20s, consecutive_errors=0, monitoring_suspended=False)
2025-11-27 07:52:16 | INFO | MONITOR | Paper trades checked (next in 60s)
2025-11-27 07:52:16 | INFO | MONITOR_SLEEP | Sleeping for 20s (base=20s, consecutive_errors=0, monitoring_suspended=False)
2025-11-27 07:52:36 | INFO | MONITOR_SLEEP | Sleeping for 20s (base=20s, consecutive_errors=0, monitoring_suspended=False)
2025-11-27 07:52:56 | INFO | MONITOR_SLEEP | Sleeping for 20s (base=20s, consecutive_errors=0, monitoring_suspended=False)
2025-11-27 07:53:16 | INFO | MONITOR | Paper trades checked (next in 60s)
2025-11-27 07:53:16 | INFO | MONITOR_SLEEP | Sleeping for 20s (base=20s, consecutive_errors=0, monitoring_suspended=False)
2025-11-27 07:53:36 | INFO | MONITOR_SLEEP | Sleeping for 20s (base=20s, consecutive_errors=0, monitoring_suspended=False)
2025-11-27 07:53:56 | INFO | MONITOR_SLEEP | Sleeping for 20s (base=20s, consecutive_errors=0, monitoring_suspended=False)
2025-11-27 07:54:16 | INFO | MONITOR | Paper trades checked (next in 60s)
2025-11-27 07:54:16 | INFO | MONITOR_SLEEP | Sleeping for 20s (base=20s, consecutive_errors=0, monitoring_suspended=False)
2025-11-27 07:54:36 | INFO | MONITOR_SLEEP | Sleeping for 20s (base=20s, consecutive_errors=0, monitoring_suspended=False)
2025-11-27 07:54:56 | INFO | MONITOR_SLEEP | Sleeping for 20s (base=20s, consecutive_errors=0, monitoring_suspended=False)
2025-11-27 07:55:16 | INFO | MONITOR | Paper trades checked (next in 60s)
2025-11-27 07:55:16 | INFO | MONITOR_SLEEP | Sleeping for 20s (base=20s, consecutive_errors=0, monitoring_suspended=False)
2025-11-27 07:55:36 | INFO | MONITOR_SLEEP | Sleeping for 20s (base=20s, consecutive_errors=0, monitoring_suspended=False)
2025-11-27 07:55:56 | INFO | MONITOR_SLEEP | Sleeping for 20s (base=20s, consecutive_errors=0, monitoring_suspended=False)
2025-11-27 07:56:16 | INFO | MONITOR | Paper trades checked (next in 60s)
2025-11-27 07:56:16 | INFO | MONITOR_SLEEP | Sleeping for 20s (base=20s, consecutive_errors=0, monitoring_suspended=False)
2025-11-27 07:56:36 | INFO | MONITOR_SLEEP | Sleeping for 20s (base=20s, consecutive_errors=0, monitoring_suspended=False)
2025-11-27 07:56:56 | INFO | MONITOR_SLEEP | Sleeping for 20s (base=20s, consecutive_errors=0, monitoring_suspended=False)
2025-11-27 07:57:16 | INFO | MONITOR | Paper trades checked (next in 60s)
2025-11-27 07:57:16 | INFO | MONITOR_SLEEP | Sleeping for 20s (base=20s, consecutive_errors=0, monitoring_suspended=False)
2025-11-27 07:57:36 | INFO | MONITOR_SLEEP | Sleeping for 20s (base=20s, consecutive_errors=0, monitoring_suspended=False)
2025-11-27 07:57:56 | INFO | MONITOR_SLEEP | Sleeping for 20s (base=20s, consecutive_errors=0, monitoring_suspended=False)
2025-11-27 07:58:16 | INFO | MONITOR | Paper trades checked (next in 60s)
2025-11-27 07:58:16 | INFO | MONITOR_SLEEP | Sleeping for 20s (base=20s, consecutive_errors=0, monitoring_suspended=False)
2025-11-27 07:58:36 | INFO | MONITOR_SLEEP | Sleeping for 20s (base=20s, consecutive_errors=0, monitoring_suspended=False)
2025-11-27 07:58:56 | INFO | MONITOR_SLEEP | Sleeping for 20s (base=20s, consecutive_errors=0, monitoring_suspended=False)
2025-11-27 07:59:16 | INFO | MONITOR | Paper trades checked (next in 60s)
2025-11-27 07:59:16 | INFO | MONITOR_SLEEP | Sleeping for 20s (base=20s, consecutive_errors=0, monitoring_suspended=False)
2025-11-27 07:59:36 | INFO | MONITOR_SLEEP | Sleeping for 20s (base=20s, consecutive_errors=0, monitoring_suspended=False)
2025-11-27 07:59:56 | INFO | MONITOR_SLEEP | Sleeping for 20s (base=20s, consecutive_errors=0, monitoring_suspended=False)
2025-11-27 08:00:16 | INFO | MONITOR | Paper trades checked (next in 60s)
2025-11-27 08:00:16 | INFO | MONITOR_SLEEP | Sleeping for 20s (base=20s, consecutive_errors=0, monitoring_suspended=False)
2025-11-27 08:00:36 | INFO | MONITOR_SLEEP | Sleeping for 20s (base=20s, consecutive_errors=0, monitoring_suspended=False)
2025-11-27 08:00:56 | INFO | MONITOR_SLEEP | Sleeping for 20s (base=20s, consecutive_errors=0, monitoring_suspended=False)
2025-11-27 08:01:16 | INFO | MONITOR | Paper trades checked (next in 60s)
2025-11-27 08:01:16 | INFO | MONITOR_SLEEP | Sleeping for 20s (base=20s, consecutive_errors=0, monitoring_suspended=False)
2025-11-27 08:01:36 | INFO | MONITOR_SLEEP | Sleeping for 20s (base=20s, consecutive_errors=0, monitoring_suspended=False)
2025-11-27 08:01:56 | INFO | MONITOR_SLEEP | Sleeping for 20s (base=20s, consecutive_errors=0, monitoring_suspended=False)
2025-11-27 08:02:16 | INFO | MONITOR | Paper trades checked (next in 60s)
2025-11-27 08:02:16 | INFO | MONITOR_SLEEP | Sleeping for 20s (base=20s, consecutive_errors=0, monitoring_suspended=False)
2025-11-27 08:02:36 | INFO | MONITOR_SLEEP | Sleeping for 20s (base=20s, consecutive_errors=0, monitoring_suspended=False)
2025-11-27 08:02:56 | INFO | MONITOR_SLEEP | Sleeping for 20s (base=20s, consecutive_errors=0, monitoring_suspended=False)
2025-11-27 08:03:16 | INFO | MONITOR | Paper trades checked (next in 60s)
2025-11-27 08:03:16 | INFO | MONITOR_SLEEP | Sleeping for 20s (base=20s, consecutive_errors=0, monitoring_suspended=False)
2025-11-27 08:03:36 | INFO | MONITOR_SLEEP | Sleeping for 20s (base=20s, consecutive_errors=0, monitoring_suspended=False)
2025-11-27 08:03:56 | INFO | MONITOR_SLEEP | Sleeping for 20s (base=20s, consecutive_errors=0, monitoring_suspended=False)
2025-11-27 08:04:16 | INFO | MONITOR | Paper trades checked (next in 60s)
2025-11-27 08:04:16 | INFO | MONITOR_SLEEP | Sleeping for 20s (base=20s, consecutive_errors=0, monitoring_suspended=False)
2025-11-27 08:04:36 | INFO | MONITOR_SLEEP | Sleeping for 20s (base=20s, consecutive_errors=0, monitoring_suspended=False)
2025-11-27 08:04:56 | INFO | MONITOR_SLEEP | Sleeping for 20s (base=20s, consecutive_errors=0, monitoring_suspended=False)
2025-11-27 08:05:16 | INFO | MONITOR | Paper trades checked (next in 60s)
2025-11-27 08:05:16 | INFO | MONITOR_SLEEP | Sleeping for 20s (base=20s, consecutive_errors=0, monitoring_suspended=False)
2025-11-27 08:05:36 | INFO | MONITOR_SLEEP | Sleeping for 20s (base=20s, consecutive_errors=0, monitoring_suspended=False)
2025-11-27 08:05:56 | INFO | MONITOR_SLEEP | Sleeping for 20s (base=20s, consecutive_errors=0, monitoring_suspended=False)
2025-11-27 08:06:16 | INFO | MONITOR | Paper trades checked (next in 60s)
2025-11-27 08:06:16 | INFO | MONITOR_SLEEP | Sleeping for 20s (base=20s, consecutive_errors=0, monitoring_suspended=False)
2025-11-27 08:06:36 | INFO | MONITOR_SLEEP | Sleeping for 20s (base=20s, consecutive_errors=0, monitoring_suspended=False)
2025-11-27 08:06:56 | INFO | MONITOR_SLEEP | Sleeping for 20s (base=20s, consecutive_errors=0, monitoring_suspended=False)
2025-11-27 08:07:16 | INFO | MONITOR | Paper trades checked (next in 60s)
2025-11-27 08:07:16 | INFO | MONITOR_SLEEP | Sleeping for 20s (base=20s, consecutive_errors=0, monitoring_suspended=False)
2025-11-27 08:07:36 | INFO | MONITOR_SLEEP | Sleeping for 20s (base=20s, consecutive_errors=0, monitoring_suspended=False)
2025-11-27 08:07:56 | INFO | MONITOR_SLEEP | Sleeping for 20s (base=20s, consecutive_errors=0, monitoring_suspended=False)
2025-11-27 08:08:16 | INFO | MONITOR | Paper trades checked (next in 60s)
2025-11-27 08:08:16 | INFO | MONITOR_SLEEP | Sleeping for 20s (base=20s, consecutive_errors=0, monitoring_suspended=False)
2025-11-27 08:08:36 | INFO | MONITOR_SLEEP | Sleeping for 20s (base=20s, consecutive_errors=0, monitoring_suspended=False)
2025-11-27 08:08:56 | INFO | MONITOR_SLEEP | Sleeping for 20s (base=20s, consecutive_errors=0, monitoring_suspended=False)
2025-11-27 08:09:16 | INFO | MONITOR | Paper trades checked (next in 60s)
2025-11-27 08:09:16 | INFO | MONITOR_SLEEP | Sleeping for 20s (base=20s, consecutive_errors=0, monitoring_suspended=False)
2025-11-27 08:09:36 | INFO | MONITOR_SLEEP | Sleeping for 20s (base=20s, consecutive_errors=0, monitoring_suspended=False)
2025-11-27 08:09:56 | INFO | MONITOR_SLEEP | Sleeping for 20s (base=20s, consecutive_errors=0, monitoring_suspended=False)
2025-11-27 08:10:16 | INFO | MONITOR | Paper trades checked (next in 60s)
2025-11-27 08:10:16 | INFO | MONITOR_SLEEP | Sleeping for 20s (base=20s, consecutive_errors=0, monitoring_suspended=False)
2025-11-27 08:10:36 | INFO | MONITOR_SLEEP | Sleeping for 20s (base=20s, consecutive_errors=0, monitoring_suspended=False)
2025-11-27 08:10:56 | INFO | MONITOR_SLEEP | Sleeping for 20s (base=20s, consecutive_errors=0, monitoring_suspended=False)
2025-11-27 08:11:16 | INFO | MONITOR | Paper trades checked (next in 60s)
2025-11-27 08:11:16 | INFO | MONITOR_SLEEP | Sleeping for 20s (base=20s, consecutive_errors=0, monitoring_suspended=False)
2025-11-27 08:11:36 | INFO | MONITOR_SLEEP | Sleeping for 20s (base=20s, consecutive_errors=0, monitoring_suspended=False)
2025-11-27 08:11:56 | INFO | MONITOR_SLEEP | Sleeping for 20s (base=20s, consecutive_errors=0, monitoring_suspended=False)
2025-11-27 08:12:16 | INFO | MONITOR | Paper trades checked (next in 60s)
2025-11-27 08:12:16 | INFO | MONITOR_SLEEP | Sleeping for 20s (base=20s, consecutive_errors=0, monitoring_suspended=False)
2025-11-27 08:12:36 | INFO | MONITOR_SLEEP | Sleeping for 20s (base=20s, consecutive_errors=0, monitoring_suspended=False)
2025-11-27 08:12:56 | INFO | MONITOR_SLEEP | Sleeping for 20s (base=20s, consecutive_errors=0, monitoring_suspended=False)
2025-11-27 08:13:16 | INFO | MONITOR | Paper trades checked (next in 60s)
2025-11-27 08:13:16 | INFO | MONITOR_SLEEP | Sleeping for 20s (base=20s, consecutive_errors=0, monitoring_suspended=False)
2025-11-27 08:13:36 | INFO | MONITOR_SLEEP | Sleeping for 20s (base=20s, consecutive_errors=0, monitoring_suspended=False)
2025-11-27 08:13:56 | INFO | MONITOR_SLEEP | Sleeping for 20s (base=20s, consecutive_errors=0, monitoring_suspended=False)
2025-11-27 08:14:16 | INFO | MONITOR | Paper trades checked (next in 60s)
2025-11-27 08:14:16 | INFO | MONITOR_SLEEP | Sleeping for 20s (base=20s, consecutive_errors=0, monitoring_suspended=False)
2025-11-27 08:14:36 | INFO | MONITOR_SLEEP | Sleeping for 20s (base=20s, consecutive_errors=0, monitoring_suspended=False)
2025-11-27 08:14:56 | INFO | MONITOR_SLEEP | Sleeping for 20s (base=20s, consecutive_errors=0, monitoring_suspended=False)
2025-11-27 08:15:16 | INFO | MONITOR | Paper trades checked (next in 60s)
2025-11-27 08:15:16 | INFO | MONITOR_SLEEP | Sleeping for 20s (base=20s, consecutive_errors=0, monitoring_suspended=False)
2025-11-27 08:15:36 | INFO | MONITOR_SLEEP | Sleeping for 20s (base=20s, consecutive_errors=0, monitoring_suspended=False)
2025-11-27 08:15:56 | INFO | MONITOR_SLEEP | Sleeping for 20s (base=20s, consecutive_errors=0, monitoring_suspended=False)
2025-11-27 08:16:16 | INFO | MONITOR | Paper trades checked (next in 60s)
2025-11-27 08:16:16 | INFO | MONITOR_SLEEP | Sleeping for 20s (base=20s, consecutive_errors=0, monitoring_suspended=False)
2025-11-27 08:16:36 | INFO | MONITOR_SLEEP | Sleeping for 20s (base=20s, consecutive_errors=0, monitoring_suspended=False)
2025-11-27 08:16:56 | INFO | MONITOR_SLEEP | Sleeping for 20s (base=20s, consecutive_errors=0, monitoring_suspended=False)
2025-11-27 08:17:16 | INFO | MONITOR | Paper trades checked (next in 60s)
2025-11-27 08:17:16 | INFO | MONITOR_SLEEP | Sleeping for 20s (base=20s, consecutive_errors=0, monitoring_suspended=False)
2025-11-27 08:17:36 | INFO | MONITOR_SLEEP | Sleeping for 20s (base=20s, consecutive_errors=0, monitoring_suspended=False)
2025-11-27 08:17:56 | INFO | MONITOR_SLEEP | Sleeping for 20s (base=20s, consecutive_errors=0, monitoring_suspended=False)
2025-11-27 08:18:16 | INFO | MONITOR | Paper trades checked (next in 60s)
2025-11-27 08:18:16 | INFO | MONITOR_SLEEP | Sleeping for 20s (base=20s, consecutive_errors=0, monitoring_suspended=False)
2025-11-27 08:18:36 | INFO | MONITOR_SLEEP | Sleeping for 20s (base=20s, consecutive_errors=0, monitoring_suspended=False)
2025-11-27 08:18:56 | INFO | MONITOR_SLEEP | Sleeping for 20s (base=20s, consecutive_errors=0, monitoring_suspended=False)
2025-11-27 08:19:16 | INFO | MONITOR | Paper trades checked (next in 60s)
2025-11-27 08:19:16 | INFO | MONITOR_SLEEP | Sleeping for 20s (base=20s, consecutive_errors=0, monitoring_suspended=False)
2025-11-27 08:19:36 | INFO | MONITOR_SLEEP | Sleeping for 20s (base=20s, consecutive_errors=0, monitoring_suspended=False)
2025-11-27 08:19:56 | INFO | MONITOR_SLEEP | Sleeping for 20s (base=20s, consecutive_errors=0, monitoring_suspended=False)
2025-11-27 08:20:16 | INFO | MONITOR | Paper trades checked (next in 60s)
2025-11-27 08:20:16 | INFO | MONITOR_SLEEP | Sleeping for 20s (base=20s, consecutive_errors=0, monitoring_suspended=False)
2025-11-27 08:20:36 | INFO | MONITOR_SLEEP | Sleeping for 20s (base=20s, consecutive_errors=0, monitoring_suspended=False)
2025-11-27 08:20:56 | INFO | MONITOR_SLEEP | Sleeping for 20s (base=20s, consecutive_errors=0, monitoring_suspended=False)
2025-11-27 08:21:16 | INFO | MONITOR | Paper trades checked (next in 60s)
2025-11-27 08:21:16 | INFO | MONITOR_SLEEP | Sleeping for 20s (base=20s, consecutive_errors=0, monitoring_suspended=False)
2025-11-27 08:21:36 | INFO | MONITOR_SLEEP | Sleeping for 20s (base=20s, consecutive_errors=0, monitoring_suspended=False)
2025-11-27 08:21:56 | INFO | MONITOR_SLEEP | Sleeping for 20s (base=20s, consecutive_errors=0, monitoring_suspended=False)
2025-11-27 08:22:16 | INFO | MONITOR | Paper trades checked (next in 60s)
2025-11-27 08:22:16 | INFO | MONITOR_SLEEP | Sleeping for 20s (base=20s, consecutive_errors=0, monitoring_suspended=False)
2025-11-27 08:22:36 | INFO | MONITOR_SLEEP | Sleeping for 20s (base=20s, consecutive_errors=0, monitoring_suspended=False)
2025-11-27 08:22:56 | INFO | MONITOR_SLEEP | Sleeping for 20s (base=20s, consecutive_errors=0, monitoring_suspended=False)
2025-11-27 08:23:16 | INFO | MONITOR | Paper trades checked (next in 60s)
2025-11-27 08:23:16 | INFO | MONITOR_SLEEP | Sleeping for 20s (base=20s, consecutive_errors=0, monitoring_suspended=False)
2025-11-27 08:23:36 | INFO | MONITOR_SLEEP | Sleeping for 20s (base=20s, consecutive_errors=0, monitoring_suspended=False)
2025-11-27 08:23:56 | INFO | MONITOR_SLEEP | Sleeping for 20s (base=20s, consecutive_errors=0, monitoring_suspended=False)
2025-11-27 08:24:16 | INFO | MONITOR | Paper trades checked (next in 60s)
2025-11-27 08:24:16 | INFO | MONITOR_SLEEP | Sleeping for 20s (base=20s, consecutive_errors=0, monitoring_suspended=False)
2025-11-27 08:24:36 | INFO | MONITOR_SLEEP | Sleeping for 20s (base=20s, consecutive_errors=0, monitoring_suspended=False)
2025-11-27 08:24:56 | INFO | MONITOR_SLEEP | Sleeping for 20s (base=20s, consecutive_errors=0, monitoring_suspended=False)
2025-11-27 08:25:16 | INFO | MONITOR | Paper trades checked (next in 60s)
2025-11-27 08:25:16 | INFO | MONITOR_SLEEP | Sleeping for 20s (base=20s, consecutive_errors=0, monitoring_suspended=False)
2025-11-27 08:25:36 | INFO | MONITOR_SLEEP | Sleeping for 20s (base=20s, consecutive_errors=0, monitoring_suspended=False)
2025-11-27 08:25:56 | INFO | MONITOR_SLEEP | Sleeping for 20s (base=20s, consecutive_errors=0, monitoring_suspended=False)
2025-11-27 08:26:16 | INFO | MONITOR | Paper trades checked (next in 60s)
2025-11-27 08:26:16 | INFO | MONITOR_SLEEP | Sleeping for 20s (base=20s, consecutive_errors=0, monitoring_suspended=False)
2025-11-27 08:26:36 | INFO | MONITOR_SLEEP | Sleeping for 20s (base=20s, consecutive_errors=0, monitoring_suspended=False)
2025-11-27 08:26:56 | INFO | MONITOR_SLEEP | Sleeping for 20s (base=20s, consecutive_errors=0, monitoring_suspended=False)
2025-11-27 08:27:16 | INFO | MONITOR | Paper trades checked (next in 60s)
2025-11-27 08:27:16 | INFO | MONITOR_SLEEP | Sleeping for 20s (base=20s, consecutive_errors=0, monitoring_suspended=False)
2025-11-27 08:27:36 | INFO | MONITOR_SLEEP | Sleeping for 20s (base=20s, consecutive_errors=0, monitoring_suspended=False)
2025-11-27 08:27:56 | INFO | MONITOR_SLEEP | Sleeping for 20s (base=20s, consecutive_errors=0, monitoring_suspended=False)
2025-11-27 08:28:16 | INFO | MONITOR | Paper trades checked (next in 60s)
2025-11-27 08:28:16 | INFO | MONITOR_SLEEP | Sleeping for 20s (base=20s, consecutive_errors=0, monitoring_suspended=False)
2025-11-27 08:28:36 | INFO | MONITOR_SLEEP | Sleeping for 20s (base=20s, consecutive_errors=0, monitoring_suspended=False)
2025-11-27 08:28:56 | INFO | MONITOR_SLEEP | Sleeping for 20s (base=20s, consecutive_errors=0, monitoring_suspended=False)
2025-11-27 08:29:16 | INFO | MONITOR | Paper trades checked (next in 60s)
2025-11-27 08:29:16 | INFO | MONITOR_SLEEP | Sleeping for 20s (base=20s, consecutive_errors=0, monitoring_suspended=False)
2025-11-27 08:29:36 | INFO | MONITOR_SLEEP | Sleeping for 20s (base=20s, consecutive_errors=0, monitoring_suspended=False)
2025-11-27 08:29:56 | INFO | MONITOR_SLEEP | Sleeping for 20s (base=20s, consecutive_errors=0, monitoring_suspended=False)
2025-11-27 08:30:16 | INFO | MONITOR | Paper trades checked (next in 60s)
2025-11-27 08:30:16 | INFO | MONITOR_SLEEP | Sleeping for 20s (base=20s, consecutive_errors=0, monitoring_suspended=False)
2025-11-27 08:30:36 | INFO | MONITOR_SLEEP | Sleeping for 20s (base=20s, consecutive_errors=0, monitoring_suspended=False)
2025-11-27 08:30:56 | INFO | MONITOR_SLEEP | Sleeping for 20s (base=20s, consecutive_errors=0, monitoring_suspended=False)
2025-11-27 08:31:16 | INFO | MONITOR | Paper trades checked (next in 60s)
2025-11-27 08:31:16 | INFO | MONITOR_SLEEP | Sleeping for 20s (base=20s, consecutive_errors=0, monitoring_suspended=False)
2025-11-27 08:31:36 | INFO | MONITOR_SLEEP | Sleeping for 20s (base=20s, consecutive_errors=0, monitoring_suspended=False)
2025-11-27 08:31:56 | INFO | MONITOR_SLEEP | Sleeping for 20s (base=20s, consecutive_errors=0, monitoring_suspended=False)
2025-11-27 08:32:16 | INFO | MONITOR | Paper trades checked (next in 60s)
2025-11-27 08:32:16 | INFO | MONITOR_SLEEP | Sleeping for 20s (base=20s, consecutive_errors=0, monitoring_suspended=False)
2025-11-27 08:32:36 | INFO | MONITOR_SLEEP | Sleeping for 20s (base=20s, consecutive_errors=0, monitoring_suspended=False)
2025-11-27 08:32:56 | INFO | MONITOR_SLEEP | Sleeping for 20s (base=20s, consecutive_errors=0, monitoring_suspended=False)
2025-11-27 08:33:16 | INFO | MONITOR | Paper trades checked (next in 60s)
2025-11-27 08:33:16 | INFO | MONITOR_SLEEP | Sleeping for 20s (base=20s, consecutive_errors=0, monitoring_suspended=False)
2025-11-27 08:33:36 | INFO | MONITOR_SLEEP | Sleeping for 20s (base=20s, consecutive_errors=0, monitoring_suspended=False)
2025-11-27 08:33:56 | INFO | MONITOR_SLEEP | Sleeping for 20s (base=20s, consecutive_errors=0, monitoring_suspended=False)
2025-11-27 08:34:16 | INFO | MONITOR | Paper trades checked (next in 60s)
2025-11-27 08:34:16 | INFO | MONITOR_SLEEP | Sleeping for 20s (base=20s, consecutive_errors=0, monitoring_suspended=False)
2025-11-27 08:34:36 | INFO | MONITOR_SLEEP | Sleeping for 20s (base=20s, consecutive_errors=0, monitoring_suspended=False)
2025-11-27 08:34:56 | INFO | MONITOR_SLEEP | Sleeping for 20s (base=20s, consecutive_errors=0, monitoring_suspended=False)
2025-11-27 08:35:16 | INFO | MONITOR | Paper trades checked (next in 60s)
2025-11-27 08:35:16 | INFO | MONITOR_SLEEP | Sleeping for 20s (base=20s, consecutive_errors=0, monitoring_suspended=False)
2025-11-27 08:35:36 | INFO | MONITOR_SLEEP | Sleeping for 20s (base=20s, consecutive_errors=0, monitoring_suspended=False)
2025-11-27 08:35:56 | INFO | MONITOR_SLEEP | Sleeping for 20s (base=20s, consecutive_errors=0, monitoring_suspended=False)
2025-11-27 08:36:16 | INFO | MONITOR | Paper trades checked (next in 60s)
2025-11-27 08:36:16 | INFO | MONITOR_SLEEP | Sleeping for 20s (base=20s, consecutive_errors=0, monitoring_suspended=False)
2025-11-27 08:36:36 | INFO | MONITOR_SLEEP | Sleeping for 20s (base=20s, consecutive_errors=0, monitoring_suspended=False)
2025-11-27 08:36:56 | INFO | MONITOR_SLEEP | Sleeping for 20s (base=20s, consecutive_errors=0, monitoring_suspended=False)
2025-11-27 08:37:16 | INFO | MONITOR | Paper trades checked (next in 60s)
2025-11-27 08:37:16 | INFO | MONITOR_SLEEP | Sleeping for 20s (base=20s, consecutive_errors=0, monitoring_suspended=False)
2025-11-27 08:37:36 | INFO | MONITOR_SLEEP | Sleeping for 20s (base=20s, consecutive_errors=0, monitoring_suspended=False)
2025-11-27 08:37:56 | INFO | MONITOR_SLEEP | Sleeping for 20s (base=20s, consecutive_errors=0, monitoring_suspended=False)
2025-11-27 08:38:16 | INFO | MONITOR | Paper trades checked (next in 60s)
2025-11-27 08:38:16 | INFO | MONITOR_SLEEP | Sleeping for 20s (base=20s, consecutive_errors=0, monitoring_suspended=False)
2025-11-27 08:38:36 | INFO | MONITOR_SLEEP | Sleeping for 20s (base=20s, consecutive_errors=0, monitoring_suspended=False)
2025-11-27 08:38:56 | INFO | MONITOR_SLEEP | Sleeping for 20s (base=20s, consecutive_errors=0, monitoring_suspended=False)
2025-11-27 08:39:16 | INFO | MONITOR | Paper trades checked (next in 60s)
2025-11-27 08:39:16 | INFO | MONITOR_SLEEP | Sleeping for 20s (base=20s, consecutive_errors=0, monitoring_suspended=False)
2025-11-27 08:39:36 | INFO | MONITOR_SLEEP | Sleeping for 20s (base=20s, consecutive_errors=0, monitoring_suspended=False)
2025-11-27 08:39:56 | INFO | MONITOR_SLEEP | Sleeping for 20s (base=20s, consecutive_errors=0, monitoring_suspended=False)
2025-11-27 08:40:16 | INFO | MONITOR | Paper trades checked (next in 60s)
2025-11-27 08:40:16 | INFO | MONITOR_SLEEP | Sleeping for 20s (base=20s, consecutive_errors=0, monitoring_suspended=False)
2025-11-27 08:40:36 | INFO | MONITOR_SLEEP | Sleeping for 20s (base=20s, consecutive_errors=0, monitoring_suspended=False)
2025-11-27 08:40:56 | INFO | MONITOR_SLEEP | Sleeping for 20s (base=20s, consecutive_errors=0, monitoring_suspended=False)
2025-11-27 08:41:16 | INFO | MONITOR | Paper trades checked (next in 60s)
2025-11-27 08:41:16 | INFO | MONITOR_SLEEP | Sleeping for 20s (base=20s, consecutive_errors=0, monitoring_suspended=False)
2025-11-27 08:41:36 | INFO | MONITOR_SLEEP | Sleeping for 20s (base=20s, consecutive_errors=0, monitoring_suspended=False)
2025-11-27 08:41:56 | INFO | MONITOR_SLEEP | Sleeping for 20s (base=20s, consecutive_errors=0, monitoring_suspended=False)
2025-11-27 08:42:16 | INFO | MONITOR | Paper trades checked (next in 60s)
2025-11-27 08:42:16 | INFO | MONITOR_SLEEP | Sleeping for 20s (base=20s, consecutive_errors=0, monitoring_suspended=False)
2025-11-27 08:42:36 | INFO | MONITOR_SLEEP | Sleeping for 20s (base=20s, consecutive_errors=0, monitoring_suspended=False)
2025-11-27 08:42:56 | INFO | MONITOR_SLEEP | Sleeping for 20s (base=20s, consecutive_errors=0, monitoring_suspended=False)
2025-11-27 08:43:16 | INFO | MONITOR | Paper trades checked (next in 60s)
2025-11-27 08:43:16 | INFO | MONITOR_SLEEP | Sleeping for 20s (base=20s, consecutive_errors=0, monitoring_suspended=False)
2025-11-27 08:43:36 | INFO | MONITOR_SLEEP | Sleeping for 20s (base=20s, consecutive_errors=0, monitoring_suspended=False)
2025-11-27 08:43:56 | INFO | MONITOR_SLEEP | Sleeping for 20s (base=20s, consecutive_errors=0, monitoring_suspended=False)
2025-11-27 08:44:16 | INFO | MONITOR | Paper trades checked (next in 60s)
2025-11-27 08:44:16 | INFO | MONITOR_SLEEP | Sleeping for 20s (base=20s, consecutive_errors=0, monitoring_suspended=False)
2025-11-27 08:44:36 | INFO | MONITOR_SLEEP | Sleeping for 20s (base=20s, consecutive_errors=0, monitoring_suspended=False)
2025-11-27 08:44:56 | INFO | MONITOR_SLEEP | Sleeping for 20s (base=20s, consecutive_errors=0, monitoring_suspended=False)
2025-11-27 08:45:16 | INFO | MONITOR | Paper trades checked (next in 60s)
2025-11-27 08:45:16 | INFO | MONITOR_SLEEP | Sleeping for 20s (base=20s, consecutive_errors=0, monitoring_suspended=False)
2025-11-27 08:45:36 | INFO | MONITOR_SLEEP | Sleeping for 20s (base=20s, consecutive_errors=0, monitoring_suspended=False)
2025-11-27 08:45:56 | INFO | MONITOR_SLEEP | Sleeping for 20s (base=20s, consecutive_errors=0, monitoring_suspended=False)
2025-11-27 08:46:16 | INFO | MONITOR | Paper trades checked (next in 60s)
2025-11-27 08:46:16 | INFO | MONITOR_SLEEP | Sleeping for 20s (base=20s, consecutive_errors=0, monitoring_suspended=False)
2025-11-27 08:46:36 | INFO | MONITOR_SLEEP | Sleeping for 20s (base=20s, consecutive_errors=0, monitoring_suspended=False)
2025-11-27 08:46:56 | INFO | MONITOR_SLEEP | Sleeping for 20s (base=20s, consecutive_errors=0, monitoring_suspended=False)
2025-11-27 08:47:16 | INFO | MONITOR | Paper trades checked (next in 60s)
2025-11-27 08:47:16 | INFO | MONITOR_SLEEP | Sleeping for 20s (base=20s, consecutive_errors=0, monitoring_suspended=False)
2025-11-27 08:47:36 | INFO | MONITOR_SLEEP | Sleeping for 20s (base=20s, consecutive_errors=0, monitoring_suspended=False)
2025-11-27 08:47:56 | INFO | MONITOR_SLEEP | Sleeping for 20s (base=20s, consecutive_errors=0, monitoring_suspended=False)
2025-11-27 08:48:16 | INFO | MONITOR | Paper trades checked (next in 60s)
2025-11-27 08:48:16 | INFO | MONITOR_SLEEP | Sleeping for 20s (base=20s, consecutive_errors=0, monitoring_suspended=False)
2025-11-27 08:48:36 | INFO | MONITOR_SLEEP | Sleeping for 20s (base=20s, consecutive_errors=0, monitoring_suspended=False)
2025-11-27 08:48:56 | INFO | MONITOR_SLEEP | Sleeping for 20s (base=20s, consecutive_errors=0, monitoring_suspended=False)
2025-11-27 08:49:16 | INFO | MONITOR | Paper trades checked (next in 60s)
2025-11-27 08:49:16 | INFO | MONITOR_SLEEP | Sleeping for 20s (base=20s, consecutive_errors=0, monitoring_suspended=False)
2025-11-27 08:49:36 | INFO | MONITOR_SLEEP | Sleeping for 20s (base=20s, consecutive_errors=0, monitoring_suspended=False)
2025-11-27 08:49:56 | INFO | MONITOR_SLEEP | Sleeping for 20s (base=20s, consecutive_errors=0, monitoring_suspended=False)
2025-11-27 08:50:16 | INFO | MONITOR | Paper trades checked (next in 60s)
2025-11-27 08:50:16 | INFO | MONITOR_SLEEP | Sleeping for 20s (base=20s, consecutive_errors=0, monitoring_suspended=False)
2025-11-27 08:50:36 | INFO | MONITOR_SLEEP | Sleeping for 20s (base=20s, consecutive_errors=0, monitoring_suspended=False)
2025-11-27 08:50:56 | INFO | MONITOR_SLEEP | Sleeping for 20s (base=20s, consecutive_errors=0, monitoring_suspended=False)
2025-11-27 08:51:16 | INFO | MONITOR | Paper trades checked (next in 60s)
2025-11-27 08:51:16 | INFO | MONITOR_SLEEP | Sleeping for 20s (base=20s, consecutive_errors=0, monitoring_suspended=False)
2025-11-27 08:51:36 | INFO | MONITOR_SLEEP | Sleeping for 20s (base=20s, consecutive_errors=0, monitoring_suspended=False)
2025-11-27 08:51:56 | INFO | MONITOR_SLEEP | Sleeping for 20s (base=20s, consecutive_errors=0, monitoring_suspended=False)
2025-11-27 08:52:16 | INFO | MONITOR | Paper trades checked (next in 60s)
2025-11-27 08:52:16 | INFO | MONITOR_SLEEP | Sleeping for 20s (base=20s, consecutive_errors=0, monitoring_suspended=False)
2025-11-27 08:52:36 | INFO | MONITOR_SLEEP | Sleeping for 20s (base=20s, consecutive_errors=0, monitoring_suspended=False)
2025-11-27 08:52:56 | INFO | MONITOR_SLEEP | Sleeping for 20s (base=20s, consecutive_errors=0, monitoring_suspended=False)
2025-11-27 08:53:16 | INFO | MONITOR | Paper trades checked (next in 60s)
2025-11-27 08:53:16 | INFO | MONITOR_SLEEP | Sleeping for 20s (base=20s, consecutive_errors=0, monitoring_suspended=False)
2025-11-27 08:53:36 | INFO | MONITOR_SLEEP | Sleeping for 20s (base=20s, consecutive_errors=0, monitoring_suspended=False)
2025-11-27 08:53:56 | INFO | MONITOR_SLEEP | Sleeping for 20s (base=20s, consecutive_errors=0, monitoring_suspended=False)
2025-11-27 08:54:16 | INFO | MONITOR | Paper trades checked (next in 60s)
2025-11-27 08:54:16 | INFO | MONITOR_SLEEP | Sleeping for 20s (base=20s, consecutive_errors=0, monitoring_suspended=False)
2025-11-27 08:54:36 | INFO | MONITOR_SLEEP | Sleeping for 20s (base=20s, consecutive_errors=0, monitoring_suspended=False)
2025-11-27 08:54:56 | INFO | MONITOR_SLEEP | Sleeping for 20s (base=20s, consecutive_errors=0, monitoring_suspended=False)
2025-11-27 08:55:16 | INFO | MONITOR | Paper trades checked (next in 60s)
2025-11-27 08:55:16 | INFO | MONITOR_SLEEP | Sleeping for 20s (base=20s, consecutive_errors=0, monitoring_suspended=False)
2025-11-27 08:55:36 | INFO | MONITOR_SLEEP | Sleeping for 20s (base=20s, consecutive_errors=0, monitoring_suspended=False)
2025-11-27 08:55:56 | INFO | MONITOR_SLEEP | Sleeping for 20s (base=20s, consecutive_errors=0, monitoring_suspended=False)
2025-11-27 08:56:16 | INFO | MONITOR | Paper trades checked (next in 60s)
2025-11-27 08:56:16 | INFO | MONITOR_SLEEP | Sleeping for 20s (base=20s, consecutive_errors=0, monitoring_suspended=False)
2025-11-27 08:56:36 | INFO | MONITOR_SLEEP | Sleeping for 20s (base=20s, consecutive_errors=0, monitoring_suspended=False)
2025-11-27 08:56:56 | INFO | MONITOR_SLEEP | Sleeping for 20s (base=20s, consecutive_errors=0, monitoring_suspended=False)
2025-11-27 08:57:16 | INFO | MONITOR | Paper trades checked (next in 60s)
2025-11-27 08:57:16 | INFO | MONITOR_SLEEP | Sleeping for 20s (base=20s, consecutive_errors=0, monitoring_suspended=False)
2025-11-27 08:57:36 | INFO | MONITOR_SLEEP | Sleeping for 20s (base=20s, consecutive_errors=0, monitoring_suspended=False)
2025-11-27 08:57:56 | INFO | MONITOR_SLEEP | Sleeping for 20s (base=20s, consecutive_errors=0, monitoring_suspended=False)
2025-11-27 08:58:16 | INFO | MONITOR | Paper trades checked (next in 60s)
2025-11-27 08:58:16 | INFO | MONITOR_SLEEP | Sleeping for 20s (base=20s, consecutive_errors=0, monitoring_suspended=False)
2025-11-27 08:58:36 | INFO | MONITOR_SLEEP | Sleeping for 20s (base=20s, consecutive_errors=0, monitoring_suspended=False)
2025-11-27 08:58:56 | INFO | MONITOR_SLEEP | Sleeping for 20s (base=20s, consecutive_errors=0, monitoring_suspended=False)
2025-11-27 08:59:16 | INFO | MONITOR | Paper trades checked (next in 60s)
2025-11-27 08:59:16 | INFO | MONITOR_SLEEP | Sleeping for 20s (base=20s, consecutive_errors=0, monitoring_suspended=False)
2025-11-27 08:59:36 | INFO | MONITOR_SLEEP | Sleeping for 20s (base=20s, consecutive_errors=0, monitoring_suspended=False)
2025-11-27 08:59:56 | INFO | MONITOR_SLEEP | Sleeping for 20s (base=20s, consecutive_errors=0, monitoring_suspended=False)
2025-11-27 09:00:16 | INFO | MONITOR | Paper trades checked (next in 60s)
2025-11-27 09:00:16 | INFO | MONITOR_SLEEP | Sleeping for 20s (base=20s, consecutive_errors=0, monitoring_suspended=False)
2025-11-27 09:00:36 | INFO | MONITOR_SLEEP | Sleeping for 20s (base=20s, consecutive_errors=0, monitoring_suspended=False)
2025-11-27 09:00:56 | INFO | MONITOR_SLEEP | Sleeping for 20s (base=20s, consecutive_errors=0, monitoring_suspended=False)
2025-11-27 09:01:16 | INFO | MONITOR | Paper trades checked (next in 60s)
2025-11-27 09:01:16 | INFO | MONITOR_SLEEP | Sleeping for 20s (base=20s, consecutive_errors=0, monitoring_suspended=False)
2025-11-27 09:01:36 | INFO | MONITOR_SLEEP | Sleeping for 20s (base=20s, consecutive_errors=0, monitoring_suspended=False)
2025-11-27 09:01:56 | INFO | MONITOR_SLEEP | Sleeping for 20s (base=20s, consecutive_errors=0, monitoring_suspended=False)
2025-11-27 09:02:16 | INFO | MONITOR | Paper trades checked (next in 60s)
2025-11-27 09:02:16 | INFO | MONITOR_SLEEP | Sleeping for 20s (base=20s, consecutive_errors=0, monitoring_suspended=False)
2025-11-27 09:02:36 | INFO | MONITOR_SLEEP | Sleeping for 20s (base=20s, consecutive_errors=0, monitoring_suspended=False)
2025-11-27 09:02:56 | INFO | MONITOR_SLEEP | Sleeping for 20s (base=20s, consecutive_errors=0, monitoring_suspended=False)
2025-11-27 09:03:16 | INFO | MONITOR | Paper trades checked (next in 60s)
2025-11-27 09:03:16 | INFO | MONITOR_SLEEP | Sleeping for 20s (base=20s, consecutive_errors=0, monitoring_suspended=False)
2025-11-27 09:03:36 | INFO | MONITOR_SLEEP | Sleeping for 20s (base=20s, consecutive_errors=0, monitoring_suspended=False)
2025-11-27 09:03:56 | INFO | MONITOR_SLEEP | Sleeping for 20s (base=20s, consecutive_errors=0, monitoring_suspended=False)
2025-11-27 09:04:16 | INFO | MONITOR | Paper trades checked (next in 60s)
2025-11-27 09:04:16 | INFO | MONITOR_SLEEP | Sleeping for 20s (base=20s, consecutive_errors=0, monitoring_suspended=False)
2025-11-27 09:04:36 | INFO | MONITOR_SLEEP | Sleeping for 20s (base=20s, consecutive_errors=0, monitoring_suspended=False)
2025-11-27 09:04:56 | INFO | MONITOR_SLEEP | Sleeping for 20s (base=20s, consecutive_errors=0, monitoring_suspended=False)
