2025-12-02 00:00:05 | ERROR | broker_errors | BROKER_ERROR | SESSION_EXPIRED | Code: AG8001 | Endpoint: rmsLimit | Invalid Token | session_age_minutes=4.859609699999999 | note=Angel One has strict rate limits (1 login/sec). If getting AG8001 repeatedly, we're likely rate-limited for the day.
2025-12-02 09:54:21 | ERROR | errors | DETAILED_ERROR | error_type=MONITOR_CHECK_EXIT | message=Error checking exit for ANGELONE-EQ | timestamp=2025-12-02T09:54:21.921477 | exception_type=ZeroDivisionError | exception_message=division by zero | stack_trace=Traceback (most recent call last):
  File "/root/santhosh/trading/equity/eqcode/monitor.py", line 1818, in _check_single_position_exit
    pnl_percent = ((ltp - position.entry_price) / position.entry_price) * 100
                   ~~~~~~~~~~~~~~~~~~~~~~~~~~~~~^~~~~~~~~~~~~~~~~~~~~~
ZeroDivisionError: division by zero
 | context={"symbol": "ANGELONE-EQ", "position_status": "OPEN"} | recovery_action=Continuing with next position
2025-12-02 09:54:41 | ERROR | errors | DETAILED_ERROR | error_type=MONITOR_CHECK_EXIT | message=Error checking exit for ANGELONE-EQ | timestamp=2025-12-02T09:54:41.924982 | exception_type=ZeroDivisionError | exception_message=division by zero | stack_trace=Traceback (most recent call last):
  File "/root/santhosh/trading/equity/eqcode/monitor.py", line 1818, in _check_single_position_exit
    pnl_percent = ((ltp - position.entry_price) / position.entry_price) * 100
                   ~~~~~~~~~~~~~~~~~~~~~~~~~~~~~^~~~~~~~~~~~~~~~~~~~~~
ZeroDivisionError: division by zero
 | context={"symbol": "ANGELONE-EQ", "position_status": "OPEN"} | recovery_action=Continuing with next position
2025-12-02 09:57:21 | ERROR | errors | DETAILED_ERROR | error_type=MONITOR_CHECK_EXIT | message=Error checking exit for BALKRISIND-EQ | timestamp=2025-12-02T09:57:21.138847 | exception_type=ZeroDivisionError | exception_message=division by zero | stack_trace=Traceback (most recent call last):
  File "/root/santhosh/trading/equity/eqcode/monitor.py", line 1818, in _check_single_position_exit
    pnl_percent = ((ltp - position.entry_price) / position.entry_price) * 100
                   ~~~~~~~~~~~~~~~~~~~~~~~~~~~~~^~~~~~~~~~~~~~~~~~~~~~
ZeroDivisionError: division by zero
 | context={"symbol": "BALKRISIND-EQ", "position_status": "OPEN"} | recovery_action=Continuing with next position
2025-12-02 09:57:41 | ERROR | errors | DETAILED_ERROR | error_type=MONITOR_CHECK_EXIT | message=Error checking exit for BALKRISIND-EQ | timestamp=2025-12-02T09:57:41.142232 | exception_type=ZeroDivisionError | exception_message=division by zero | stack_trace=Traceback (most recent call last):
  File "/root/santhosh/trading/equity/eqcode/monitor.py", line 1818, in _check_single_position_exit
    pnl_percent = ((ltp - position.entry_price) / position.entry_price) * 100
                   ~~~~~~~~~~~~~~~~~~~~~~~~~~~~~^~~~~~~~~~~~~~~~~~~~~~
ZeroDivisionError: division by zero
 | context={"symbol": "BALKRISIND-EQ", "position_status": "OPEN"} | recovery_action=Continuing with next position
2025-12-02 09:58:01 | ERROR | errors | DETAILED_ERROR | error_type=MONITOR_CHECK_EXIT | message=Error checking exit for BALKRISIND-EQ | timestamp=2025-12-02T09:58:01.144718 | exception_type=ZeroDivisionError | exception_message=division by zero | stack_trace=Traceback (most recent call last):
  File "/root/santhosh/trading/equity/eqcode/monitor.py", line 1818, in _check_single_position_exit
    pnl_percent = ((ltp - position.entry_price) / position.entry_price) * 100
                   ~~~~~~~~~~~~~~~~~~~~~~~~~~~~~^~~~~~~~~~~~~~~~~~~~~~
ZeroDivisionError: division by zero
 | context={"symbol": "BALKRISIND-EQ", "position_status": "OPEN"} | recovery_action=Continuing with next position
2025-12-02 10:12:21 | ERROR | errors | DETAILED_ERROR | error_type=MONITOR_CHECK_EXIT | message=Error checking exit for CYIENT-EQ | timestamp=2025-12-02T10:12:21.401954 | exception_type=ZeroDivisionError | exception_message=division by zero | stack_trace=Traceback (most recent call last):
  File "/root/santhosh/trading/equity/eqcode/monitor.py", line 1818, in _check_single_position_exit
    pnl_percent = ((ltp - position.entry_price) / position.entry_price) * 100
                   ~~~~~~~~~~~~~~~~~~~~~~~~~~~~~^~~~~~~~~~~~~~~~~~~~~~
ZeroDivisionError: division by zero
 | context={"symbol": "CYIENT-EQ", "position_status": "OPEN"} | recovery_action=Continuing with next position
2025-12-02 10:12:41 | ERROR | errors | DETAILED_ERROR | error_type=MONITOR_CHECK_EXIT | message=Error checking exit for CYIENT-EQ | timestamp=2025-12-02T10:12:41.406346 | exception_type=ZeroDivisionError | exception_message=division by zero | stack_trace=Traceback (most recent call last):
  File "/root/santhosh/trading/equity/eqcode/monitor.py", line 1818, in _check_single_position_exit
    pnl_percent = ((ltp - position.entry_price) / position.entry_price) * 100
                   ~~~~~~~~~~~~~~~~~~~~~~~~~~~~~^~~~~~~~~~~~~~~~~~~~~~
ZeroDivisionError: division by zero
 | context={"symbol": "CYIENT-EQ", "position_status": "OPEN"} | recovery_action=Continuing with next position
2025-12-02 10:13:01 | ERROR | errors | DETAILED_ERROR | error_type=MONITOR_CHECK_EXIT | message=Error checking exit for CYIENT-EQ | timestamp=2025-12-02T10:13:01.408556 | exception_type=ZeroDivisionError | exception_message=division by zero | stack_trace=Traceback (most recent call last):
  File "/root/santhosh/trading/equity/eqcode/monitor.py", line 1818, in _check_single_position_exit
    pnl_percent = ((ltp - position.entry_price) / position.entry_price) * 100
                   ~~~~~~~~~~~~~~~~~~~~~~~~~~~~~^~~~~~~~~~~~~~~~~~~~~~
ZeroDivisionError: division by zero
 | context={"symbol": "CYIENT-EQ", "position_status": "OPEN"} | recovery_action=Continuing with next position
2025-12-02 10:27:21 | ERROR | errors | DETAILED_ERROR | error_type=MONITOR_CHECK_EXIT | message=Error checking exit for BSOFT-EQ | timestamp=2025-12-02T10:27:21.977919 | exception_type=ZeroDivisionError | exception_message=division by zero | stack_trace=Traceback (most recent call last):
  File "/root/santhosh/trading/equity/eqcode/monitor.py", line 1818, in _check_single_position_exit
    pnl_percent = ((ltp - position.entry_price) / position.entry_price) * 100
                   ~~~~~~~~~~~~~~~~~~~~~~~~~~~~~^~~~~~~~~~~~~~~~~~~~~~
ZeroDivisionError: division by zero
 | context={"symbol": "BSOFT-EQ", "position_status": "OPEN"} | recovery_action=Continuing with next position
2025-12-02 10:27:42 | ERROR | errors | DETAILED_ERROR | error_type=MONITOR_CHECK_EXIT | message=Error checking exit for BSOFT-EQ | timestamp=2025-12-02T10:27:42.291739 | exception_type=ZeroDivisionError | exception_message=division by zero | stack_trace=Traceback (most recent call last):
  File "/root/santhosh/trading/equity/eqcode/monitor.py", line 1818, in _check_single_position_exit
    pnl_percent = ((ltp - position.entry_price) / position.entry_price) * 100
                   ~~~~~~~~~~~~~~~~~~~~~~~~~~~~~^~~~~~~~~~~~~~~~~~~~~~
ZeroDivisionError: division by zero
 | context={"symbol": "BSOFT-EQ", "position_status": "OPEN"} | recovery_action=Continuing with next position
2025-12-02 10:28:02 | ERROR | errors | DETAILED_ERROR | error_type=MONITOR_CHECK_EXIT | message=Error checking exit for BSOFT-EQ | timestamp=2025-12-02T10:28:02.294638 | exception_type=ZeroDivisionError | exception_message=division by zero | stack_trace=Traceback (most recent call last):
  File "/root/santhosh/trading/equity/eqcode/monitor.py", line 1818, in _check_single_position_exit
    pnl_percent = ((ltp - position.entry_price) / position.entry_price) * 100
                   ~~~~~~~~~~~~~~~~~~~~~~~~~~~~~^~~~~~~~~~~~~~~~~~~~~~
ZeroDivisionError: division by zero
 | context={"symbol": "BSOFT-EQ", "position_status": "OPEN"} | recovery_action=Continuing with next position
2025-12-02 10:36:04 | ERROR | errors | DETAILED_ERROR | error_type=MONITOR_CHECK_EXIT | message=Error checking exit for PGEL-EQ | timestamp=2025-12-02T10:36:04.474222 | exception_type=ZeroDivisionError | exception_message=division by zero | stack_trace=Traceback (most recent call last):
  File "/root/santhosh/trading/equity/eqcode/monitor.py", line 1818, in _check_single_position_exit
    pnl_percent = ((ltp - position.entry_price) / position.entry_price) * 100
                   ~~~~~~~~~~~~~~~~~~~~~~~~~~~~~^~~~~~~~~~~~~~~~~~~~~~
ZeroDivisionError: division by zero
 | context={"symbol": "PGEL-EQ", "position_status": "OPEN"} | recovery_action=Continuing with next position
2025-12-02 10:36:24 | ERROR | errors | DETAILED_ERROR | error_type=MONITOR_CHECK_EXIT | message=Error checking exit for PGEL-EQ | timestamp=2025-12-02T10:36:24.678460 | exception_type=ZeroDivisionError | exception_message=division by zero | stack_trace=Traceback (most recent call last):
  File "/root/santhosh/trading/equity/eqcode/monitor.py", line 1818, in _check_single_position_exit
    pnl_percent = ((ltp - position.entry_price) / position.entry_price) * 100
                   ~~~~~~~~~~~~~~~~~~~~~~~~~~~~~^~~~~~~~~~~~~~~~~~~~~~
ZeroDivisionError: division by zero
 | context={"symbol": "PGEL-EQ", "position_status": "OPEN"} | recovery_action=Continuing with next position
2025-12-02 10:36:44 | ERROR | errors | DETAILED_ERROR | error_type=MONITOR_CHECK_EXIT | message=Error checking exit for PGEL-EQ | timestamp=2025-12-02T10:36:44.882307 | exception_type=ZeroDivisionError | exception_message=division by zero | stack_trace=Traceback (most recent call last):
  File "/root/santhosh/trading/equity/eqcode/monitor.py", line 1818, in _check_single_position_exit
    pnl_percent = ((ltp - position.entry_price) / position.entry_price) * 100
                   ~~~~~~~~~~~~~~~~~~~~~~~~~~~~~^~~~~~~~~~~~~~~~~~~~~~
ZeroDivisionError: division by zero
 | context={"symbol": "PGEL-EQ", "position_status": "OPEN"} | recovery_action=Continuing with next position
2025-12-02 10:37:45 | ERROR | broker_errors | BROKER_ERROR | API_ERROR | Endpoint: orderBook | Couldn't parse the JSON response received from the server: b'Access denied because of exceeding access rate' | exception_type=DataException | extracted_error_code=None | traceback=Traceback (most recent call last):
  File "/root/santhosh/trading/equity/.venv/lib/python3.12/site-packages/SmartApi/smartConnect.py", line 230, in _request
    data = json.loads(r.content.decode("utf8"))
           ^^^^^^^^^^^^^^^^^^^^^^^^^^^^^^^^^^^^
  File "/usr/lib/python3.12/json/__init__.py", line 346, in loads
    return _default_decoder.decode(s)
           ^^^^^^^^^^^^^^^^^^^^^^^^^^
  File "/usr/lib/python3.12/json/decoder.py", line 337, in decode
    obj, end = self.raw_decode(s, idx=_
2025-12-02 10:39:07 | ERROR | errors | DETAILED_ERROR | error_type=MONITOR_CHECK_EXIT | message=Error checking exit for SJVN-EQ | timestamp=2025-12-02T10:39:07.132014 | exception_type=ZeroDivisionError | exception_message=division by zero | stack_trace=Traceback (most recent call last):
  File "/root/santhosh/trading/equity/eqcode/monitor.py", line 1818, in _check_single_position_exit
    pnl_percent = ((ltp - position.entry_price) / position.entry_price) * 100
                   ~~~~~~~~~~~~~~~~~~~~~~~~~~~~~^~~~~~~~~~~~~~~~~~~~~~
ZeroDivisionError: division by zero
 | context={"symbol": "SJVN-EQ", "position_status": "OPEN"} | recovery_action=Continuing with next position
2025-12-02 10:39:27 | ERROR | broker_errors | BROKER_ERROR | API_ERROR | Endpoint: orderBook | Couldn't parse the JSON response received from the server: b'Access denied because of exceeding access rate' | exception_type=DataException | extracted_error_code=None | traceback=Traceback (most recent call last):
  File "/root/santhosh/trading/equity/.venv/lib/python3.12/site-packages/SmartApi/smartConnect.py", line 230, in _request
    data = json.loads(r.content.decode("utf8"))
           ^^^^^^^^^^^^^^^^^^^^^^^^^^^^^^^^^^^^
  File "/usr/lib/python3.12/json/__init__.py", line 346, in loads
    return _default_decoder.decode(s)
           ^^^^^^^^^^^^^^^^^^^^^^^^^^
  File "/usr/lib/python3.12/json/decoder.py", line 337, in decode
    obj, end = self.raw_decode(s, idx=_
2025-12-02 10:39:27 | ERROR | broker_errors | BROKER_ERROR | API_ERROR | Endpoint: orderBook | Couldn't parse the JSON response received from the server: b'Access denied because of exceeding access rate' | exception_type=DataException | extracted_error_code=None | traceback=Traceback (most recent call last):
  File "/root/santhosh/trading/equity/.venv/lib/python3.12/site-packages/SmartApi/smartConnect.py", line 230, in _request
    data = json.loads(r.content.decode("utf8"))
           ^^^^^^^^^^^^^^^^^^^^^^^^^^^^^^^^^^^^
  File "/usr/lib/python3.12/json/__init__.py", line 346, in loads
    return _default_decoder.decode(s)
           ^^^^^^^^^^^^^^^^^^^^^^^^^^
  File "/usr/lib/python3.12/json/decoder.py", line 337, in decode
    obj, end = self.raw_decode(s, idx=_
2025-12-02 10:39:28 | ERROR | errors | DETAILED_ERROR | error_type=MONITOR_CHECK_EXIT | message=Error checking exit for SJVN-EQ | timestamp=2025-12-02T10:39:28.469747 | exception_type=ZeroDivisionError | exception_message=division by zero | stack_trace=Traceback (most recent call last):
  File "/root/santhosh/trading/equity/eqcode/monitor.py", line 1818, in _check_single_position_exit
    pnl_percent = ((ltp - position.entry_price) / position.entry_price) * 100
                   ~~~~~~~~~~~~~~~~~~~~~~~~~~~~~^~~~~~~~~~~~~~~~~~~~~~
ZeroDivisionError: division by zero
 | context={"symbol": "SJVN-EQ", "position_status": "OPEN"} | recovery_action=Continuing with next position
2025-12-02 10:39:48 | ERROR | errors | DETAILED_ERROR | error_type=MONITOR_CHECK_EXIT | message=Error checking exit for SJVN-EQ | timestamp=2025-12-02T10:39:48.875222 | exception_type=ZeroDivisionError | exception_message=division by zero | stack_trace=Traceback (most recent call last):
  File "/root/santhosh/trading/equity/eqcode/monitor.py", line 1818, in _check_single_position_exit
    pnl_percent = ((ltp - position.entry_price) / position.entry_price) * 100
                   ~~~~~~~~~~~~~~~~~~~~~~~~~~~~~^~~~~~~~~~~~~~~~~~~~~~
ZeroDivisionError: division by zero
 | context={"symbol": "SJVN-EQ", "position_status": "OPEN"} | recovery_action=Continuing with next position
2025-12-02 10:41:10 | ERROR | broker_errors | BROKER_ERROR | API_ERROR | Endpoint: orderBook | Couldn't parse the JSON response received from the server: b'Access denied because of exceeding access rate' | exception_type=DataException | extracted_error_code=None | traceback=Traceback (most recent call last):
  File "/root/santhosh/trading/equity/.venv/lib/python3.12/site-packages/SmartApi/smartConnect.py", line 230, in _request
    data = json.loads(r.content.decode("utf8"))
           ^^^^^^^^^^^^^^^^^^^^^^^^^^^^^^^^^^^^
  File "/usr/lib/python3.12/json/__init__.py", line 346, in loads
    return _default_decoder.decode(s)
           ^^^^^^^^^^^^^^^^^^^^^^^^^^
  File "/usr/lib/python3.12/json/decoder.py", line 337, in decode
    obj, end = self.raw_decode(s, idx=_
2025-12-02 10:41:10 | ERROR | broker_errors | BROKER_ERROR | API_ERROR | Endpoint: orderBook | Couldn't parse the JSON response received from the server: b'Access denied because of exceeding access rate' | exception_type=DataException | extracted_error_code=None | traceback=Traceback (most recent call last):
  File "/root/santhosh/trading/equity/.venv/lib/python3.12/site-packages/SmartApi/smartConnect.py", line 230, in _request
    data = json.loads(r.content.decode("utf8"))
           ^^^^^^^^^^^^^^^^^^^^^^^^^^^^^^^^^^^^
  File "/usr/lib/python3.12/json/__init__.py", line 346, in loads
    return _default_decoder.decode(s)
           ^^^^^^^^^^^^^^^^^^^^^^^^^^
  File "/usr/lib/python3.12/json/decoder.py", line 337, in decode
    obj, end = self.raw_decode(s, idx=_
2025-12-02 10:42:12 | ERROR | errors | DETAILED_ERROR | error_type=MONITOR_CHECK_EXIT | message=Error checking exit for GLENMARK-EQ | timestamp=2025-12-02T10:42:12.864778 | exception_type=ZeroDivisionError | exception_message=division by zero | stack_trace=Traceback (most recent call last):
  File "/root/santhosh/trading/equity/eqcode/monitor.py", line 1818, in _check_single_position_exit
    pnl_percent = ((ltp - position.entry_price) / position.entry_price) * 100
                   ~~~~~~~~~~~~~~~~~~~~~~~~~~~~~^~~~~~~~~~~~~~~~~~~~~~
ZeroDivisionError: division by zero
 | context={"symbol": "GLENMARK-EQ", "position_status": "OPEN"} | recovery_action=Continuing with next position
2025-12-02 10:42:33 | ERROR | errors | DETAILED_ERROR | error_type=MONITOR_CHECK_EXIT | message=Error checking exit for GLENMARK-EQ | timestamp=2025-12-02T10:42:33.473412 | exception_type=ZeroDivisionError | exception_message=division by zero | stack_trace=Traceback (most recent call last):
  File "/root/santhosh/trading/equity/eqcode/monitor.py", line 1818, in _check_single_position_exit
    pnl_percent = ((ltp - position.entry_price) / position.entry_price) * 100
                   ~~~~~~~~~~~~~~~~~~~~~~~~~~~~~^~~~~~~~~~~~~~~~~~~~~~
ZeroDivisionError: division by zero
 | context={"symbol": "GLENMARK-EQ", "position_status": "OPEN"} | recovery_action=Continuing with next position
2025-12-02 10:42:53 | ERROR | broker_errors | BROKER_ERROR | API_ERROR | Endpoint: orderBook | Couldn't parse the JSON response received from the server: b'Access denied because of exceeding access rate' | exception_type=DataException | extracted_error_code=None | traceback=Traceback (most recent call last):
  File "/root/santhosh/trading/equity/.venv/lib/python3.12/site-packages/SmartApi/smartConnect.py", line 230, in _request
    data = json.loads(r.content.decode("utf8"))
           ^^^^^^^^^^^^^^^^^^^^^^^^^^^^^^^^^^^^
  File "/usr/lib/python3.12/json/__init__.py", line 346, in loads
    return _default_decoder.decode(s)
           ^^^^^^^^^^^^^^^^^^^^^^^^^^
  File "/usr/lib/python3.12/json/decoder.py", line 337, in decode
    obj, end = self.raw_decode(s, idx=_
2025-12-02 10:42:54 | ERROR | broker_errors | BROKER_ERROR | API_ERROR | Endpoint: orderBook | Couldn't parse the JSON response received from the server: b'Access denied because of exceeding access rate' | exception_type=DataException | extracted_error_code=None | traceback=Traceback (most recent call last):
  File "/root/santhosh/trading/equity/.venv/lib/python3.12/site-packages/SmartApi/smartConnect.py", line 230, in _request
    data = json.loads(r.content.decode("utf8"))
           ^^^^^^^^^^^^^^^^^^^^^^^^^^^^^^^^^^^^
  File "/usr/lib/python3.12/json/__init__.py", line 346, in loads
    return _default_decoder.decode(s)
           ^^^^^^^^^^^^^^^^^^^^^^^^^^
  File "/usr/lib/python3.12/json/decoder.py", line 337, in decode
    obj, end = self.raw_decode(s, idx=_
2025-12-02 10:42:55 | ERROR | errors | DETAILED_ERROR | error_type=MONITOR_CHECK_EXIT | message=Error checking exit for GLENMARK-EQ | timestamp=2025-12-02T10:42:55.345704 | exception_type=ZeroDivisionError | exception_message=division by zero | stack_trace=Traceback (most recent call last):
  File "/root/santhosh/trading/equity/eqcode/monitor.py", line 1818, in _check_single_position_exit
    pnl_percent = ((ltp - position.entry_price) / position.entry_price) * 100
                   ~~~~~~~~~~~~~~~~~~~~~~~~~~~~~^~~~~~~~~~~~~~~~~~~~~~
ZeroDivisionError: division by zero
 | context={"symbol": "GLENMARK-EQ", "position_status": "OPEN"} | recovery_action=Continuing with next position
2025-12-02 10:44:38 | ERROR | broker_errors | BROKER_ERROR | API_ERROR | Endpoint: orderBook | Couldn't parse the JSON response received from the server: b'Access denied because of exceeding access rate' | exception_type=DataException | extracted_error_code=None | traceback=Traceback (most recent call last):
  File "/root/santhosh/trading/equity/.venv/lib/python3.12/site-packages/SmartApi/smartConnect.py", line 230, in _request
    data = json.loads(r.content.decode("utf8"))
           ^^^^^^^^^^^^^^^^^^^^^^^^^^^^^^^^^^^^
  File "/usr/lib/python3.12/json/__init__.py", line 346, in loads
    return _default_decoder.decode(s)
           ^^^^^^^^^^^^^^^^^^^^^^^^^^
  File "/usr/lib/python3.12/json/decoder.py", line 337, in decode
    obj, end = self.raw_decode(s, idx=_
2025-12-02 10:44:38 | ERROR | broker_errors | BROKER_ERROR | API_ERROR | Endpoint: orderBook | Couldn't parse the JSON response received from the server: b'Access denied because of exceeding access rate' | exception_type=DataException | extracted_error_code=None | traceback=Traceback (most recent call last):
  File "/root/santhosh/trading/equity/.venv/lib/python3.12/site-packages/SmartApi/smartConnect.py", line 230, in _request
    data = json.loads(r.content.decode("utf8"))
           ^^^^^^^^^^^^^^^^^^^^^^^^^^^^^^^^^^^^
  File "/usr/lib/python3.12/json/__init__.py", line 346, in loads
    return _default_decoder.decode(s)
           ^^^^^^^^^^^^^^^^^^^^^^^^^^
  File "/usr/lib/python3.12/json/decoder.py", line 337, in decode
    obj, end = self.raw_decode(s, idx=_
2025-12-02 10:46:22 | ERROR | broker_errors | BROKER_ERROR | API_ERROR | Endpoint: orderBook | Couldn't parse the JSON response received from the server: b'Access denied because of exceeding access rate' | exception_type=DataException | extracted_error_code=None | traceback=Traceback (most recent call last):
  File "/root/santhosh/trading/equity/.venv/lib/python3.12/site-packages/SmartApi/smartConnect.py", line 230, in _request
    data = json.loads(r.content.decode("utf8"))
           ^^^^^^^^^^^^^^^^^^^^^^^^^^^^^^^^^^^^
  File "/usr/lib/python3.12/json/__init__.py", line 346, in loads
    return _default_decoder.decode(s)
           ^^^^^^^^^^^^^^^^^^^^^^^^^^
  File "/usr/lib/python3.12/json/decoder.py", line 337, in decode
    obj, end = self.raw_decode(s, idx=_
2025-12-02 10:46:22 | ERROR | broker_errors | BROKER_ERROR | API_ERROR | Endpoint: orderBook | Couldn't parse the JSON response received from the server: b'Access denied because of exceeding access rate' | exception_type=DataException | extracted_error_code=None | traceback=Traceback (most recent call last):
  File "/root/santhosh/trading/equity/.venv/lib/python3.12/site-packages/SmartApi/smartConnect.py", line 230, in _request
    data = json.loads(r.content.decode("utf8"))
           ^^^^^^^^^^^^^^^^^^^^^^^^^^^^^^^^^^^^
  File "/usr/lib/python3.12/json/__init__.py", line 346, in loads
    return _default_decoder.decode(s)
           ^^^^^^^^^^^^^^^^^^^^^^^^^^
  File "/usr/lib/python3.12/json/decoder.py", line 337, in decode
    obj, end = self.raw_decode(s, idx=_
2025-12-02 10:48:06 | ERROR | broker_errors | BROKER_ERROR | API_ERROR | Endpoint: orderBook | Couldn't parse the JSON response received from the server: b'Access denied because of exceeding access rate' | exception_type=DataException | extracted_error_code=None | traceback=Traceback (most recent call last):
  File "/root/santhosh/trading/equity/.venv/lib/python3.12/site-packages/SmartApi/smartConnect.py", line 230, in _request
    data = json.loads(r.content.decode("utf8"))
           ^^^^^^^^^^^^^^^^^^^^^^^^^^^^^^^^^^^^
  File "/usr/lib/python3.12/json/__init__.py", line 346, in loads
    return _default_decoder.decode(s)
           ^^^^^^^^^^^^^^^^^^^^^^^^^^
  File "/usr/lib/python3.12/json/decoder.py", line 337, in decode
    obj, end = self.raw_decode(s, idx=_
2025-12-02 10:48:07 | ERROR | broker_errors | BROKER_ERROR | API_ERROR | Endpoint: orderBook | Couldn't parse the JSON response received from the server: b'Access denied because of exceeding access rate' | exception_type=DataException | extracted_error_code=None | traceback=Traceback (most recent call last):
  File "/root/santhosh/trading/equity/.venv/lib/python3.12/site-packages/SmartApi/smartConnect.py", line 230, in _request
    data = json.loads(r.content.decode("utf8"))
           ^^^^^^^^^^^^^^^^^^^^^^^^^^^^^^^^^^^^
  File "/usr/lib/python3.12/json/__init__.py", line 346, in loads
    return _default_decoder.decode(s)
           ^^^^^^^^^^^^^^^^^^^^^^^^^^
  File "/usr/lib/python3.12/json/decoder.py", line 337, in decode
    obj, end = self.raw_decode(s, idx=_
2025-12-02 10:48:07 | ERROR | broker_errors | BROKER_ERROR | API_ERROR | Endpoint: orderBook | Couldn't parse the JSON response received from the server: b'Access denied because of exceeding access rate' | exception_type=DataException | extracted_error_code=None | traceback=Traceback (most recent call last):
  File "/root/santhosh/trading/equity/.venv/lib/python3.12/site-packages/SmartApi/smartConnect.py", line 230, in _request
    data = json.loads(r.content.decode("utf8"))
           ^^^^^^^^^^^^^^^^^^^^^^^^^^^^^^^^^^^^
  File "/usr/lib/python3.12/json/__init__.py", line 346, in loads
    return _default_decoder.decode(s)
           ^^^^^^^^^^^^^^^^^^^^^^^^^^
  File "/usr/lib/python3.12/json/decoder.py", line 337, in decode
    obj, end = self.raw_decode(s, idx=_
2025-12-02 10:48:08 | ERROR | errors | DETAILED_ERROR | error_type=MONITOR_CHECK_EXIT | message=Error checking exit for INOXWIND-EQ | timestamp=2025-12-02T10:48:08.696235 | exception_type=ZeroDivisionError | exception_message=division by zero | stack_trace=Traceback (most recent call last):
  File "/root/santhosh/trading/equity/eqcode/monitor.py", line 1818, in _check_single_position_exit
    pnl_percent = ((ltp - position.entry_price) / position.entry_price) * 100
                   ~~~~~~~~~~~~~~~~~~~~~~~~~~~~~^~~~~~~~~~~~~~~~~~~~~~
ZeroDivisionError: division by zero
 | context={"symbol": "INOXWIND-EQ", "position_status": "OPEN"} | recovery_action=Continuing with next position
2025-12-02 10:48:29 | ERROR | errors | DETAILED_ERROR | error_type=MONITOR_CHECK_EXIT | message=Error checking exit for INOXWIND-EQ | timestamp=2025-12-02T10:48:29.505042 | exception_type=ZeroDivisionError | exception_message=division by zero | stack_trace=Traceback (most recent call last):
  File "/root/santhosh/trading/equity/eqcode/monitor.py", line 1818, in _check_single_position_exit
    pnl_percent = ((ltp - position.entry_price) / position.entry_price) * 100
                   ~~~~~~~~~~~~~~~~~~~~~~~~~~~~~^~~~~~~~~~~~~~~~~~~~~~
ZeroDivisionError: division by zero
 | context={"symbol": "INOXWIND-EQ", "position_status": "OPEN"} | recovery_action=Continuing with next position
2025-12-02 10:48:50 | ERROR | errors | DETAILED_ERROR | error_type=MONITOR_CHECK_EXIT | message=Error checking exit for INOXWIND-EQ | timestamp=2025-12-02T10:48:50.313105 | exception_type=ZeroDivisionError | exception_message=division by zero | stack_trace=Traceback (most recent call last):
  File "/root/santhosh/trading/equity/eqcode/monitor.py", line 1818, in _check_single_position_exit
    pnl_percent = ((ltp - position.entry_price) / position.entry_price) * 100
                   ~~~~~~~~~~~~~~~~~~~~~~~~~~~~~^~~~~~~~~~~~~~~~~~~~~~
ZeroDivisionError: division by zero
 | context={"symbol": "INOXWIND-EQ", "position_status": "OPEN"} | recovery_action=Continuing with next position
2025-12-02 10:49:52 | ERROR | broker_errors | BROKER_ERROR | API_ERROR | Endpoint: orderBook | Couldn't parse the JSON response received from the server: b'Access denied because of exceeding access rate' | exception_type=DataException | extracted_error_code=None | traceback=Traceback (most recent call last):
  File "/root/santhosh/trading/equity/.venv/lib/python3.12/site-packages/SmartApi/smartConnect.py", line 230, in _request
    data = json.loads(r.content.decode("utf8"))
           ^^^^^^^^^^^^^^^^^^^^^^^^^^^^^^^^^^^^
  File "/usr/lib/python3.12/json/__init__.py", line 346, in loads
    return _default_decoder.decode(s)
           ^^^^^^^^^^^^^^^^^^^^^^^^^^
  File "/usr/lib/python3.12/json/decoder.py", line 337, in decode
    obj, end = self.raw_decode(s, idx=_
2025-12-02 10:49:52 | ERROR | broker_errors | BROKER_ERROR | API_ERROR | Endpoint: orderBook | Couldn't parse the JSON response received from the server: b'Access denied because of exceeding access rate' | exception_type=DataException | extracted_error_code=None | traceback=Traceback (most recent call last):
  File "/root/santhosh/trading/equity/.venv/lib/python3.12/site-packages/SmartApi/smartConnect.py", line 230, in _request
    data = json.loads(r.content.decode("utf8"))
           ^^^^^^^^^^^^^^^^^^^^^^^^^^^^^^^^^^^^
  File "/usr/lib/python3.12/json/__init__.py", line 346, in loads
    return _default_decoder.decode(s)
           ^^^^^^^^^^^^^^^^^^^^^^^^^^
  File "/usr/lib/python3.12/json/decoder.py", line 337, in decode
    obj, end = self.raw_decode(s, idx=_
2025-12-02 10:49:54 | ERROR | broker_errors | BROKER_ERROR | API_ERROR | Endpoint: orderBook | Couldn't parse the JSON response received from the server: b'Access denied because of exceeding access rate' | exception_type=DataException | extracted_error_code=None | traceback=Traceback (most recent call last):
  File "/root/santhosh/trading/equity/.venv/lib/python3.12/site-packages/SmartApi/smartConnect.py", line 230, in _request
    data = json.loads(r.content.decode("utf8"))
           ^^^^^^^^^^^^^^^^^^^^^^^^^^^^^^^^^^^^
  File "/usr/lib/python3.12/json/__init__.py", line 346, in loads
    return _default_decoder.decode(s)
           ^^^^^^^^^^^^^^^^^^^^^^^^^^
  File "/usr/lib/python3.12/json/decoder.py", line 337, in decode
    obj, end = self.raw_decode(s, idx=_
2025-12-02 10:51:39 | ERROR | broker_errors | BROKER_ERROR | API_ERROR | Endpoint: orderBook | Couldn't parse the JSON response received from the server: b'Access denied because of exceeding access rate' | exception_type=DataException | extracted_error_code=None | traceback=Traceback (most recent call last):
  File "/root/santhosh/trading/equity/.venv/lib/python3.12/site-packages/SmartApi/smartConnect.py", line 230, in _request
    data = json.loads(r.content.decode("utf8"))
           ^^^^^^^^^^^^^^^^^^^^^^^^^^^^^^^^^^^^
  File "/usr/lib/python3.12/json/__init__.py", line 346, in loads
    return _default_decoder.decode(s)
           ^^^^^^^^^^^^^^^^^^^^^^^^^^
  File "/usr/lib/python3.12/json/decoder.py", line 337, in decode
    obj, end = self.raw_decode(s, idx=_
2025-12-02 10:51:39 | ERROR | broker_errors | BROKER_ERROR | API_ERROR | Endpoint: orderBook | Couldn't parse the JSON response received from the server: b'Access denied because of exceeding access rate' | exception_type=DataException | extracted_error_code=None | traceback=Traceback (most recent call last):
  File "/root/santhosh/trading/equity/.venv/lib/python3.12/site-packages/SmartApi/smartConnect.py", line 230, in _request
    data = json.loads(r.content.decode("utf8"))
           ^^^^^^^^^^^^^^^^^^^^^^^^^^^^^^^^^^^^
  File "/usr/lib/python3.12/json/__init__.py", line 346, in loads
    return _default_decoder.decode(s)
           ^^^^^^^^^^^^^^^^^^^^^^^^^^
  File "/usr/lib/python3.12/json/decoder.py", line 337, in decode
    obj, end = self.raw_decode(s, idx=_
2025-12-02 10:51:39 | ERROR | broker_errors | BROKER_ERROR | API_ERROR | Endpoint: orderBook | Couldn't parse the JSON response received from the server: b'Access denied because of exceeding access rate' | exception_type=DataException | extracted_error_code=None | traceback=Traceback (most recent call last):
  File "/root/santhosh/trading/equity/.venv/lib/python3.12/site-packages/SmartApi/smartConnect.py", line 230, in _request
    data = json.loads(r.content.decode("utf8"))
           ^^^^^^^^^^^^^^^^^^^^^^^^^^^^^^^^^^^^
  File "/usr/lib/python3.12/json/__init__.py", line 346, in loads
    return _default_decoder.decode(s)
           ^^^^^^^^^^^^^^^^^^^^^^^^^^
  File "/usr/lib/python3.12/json/decoder.py", line 337, in decode
    obj, end = self.raw_decode(s, idx=_
2025-12-02 10:53:24 | ERROR | broker_errors | BROKER_ERROR | API_ERROR | Endpoint: orderBook | Couldn't parse the JSON response received from the server: b'Access denied because of exceeding access rate' | exception_type=DataException | extracted_error_code=None | traceback=Traceback (most recent call last):
  File "/root/santhosh/trading/equity/.venv/lib/python3.12/site-packages/SmartApi/smartConnect.py", line 230, in _request
    data = json.loads(r.content.decode("utf8"))
           ^^^^^^^^^^^^^^^^^^^^^^^^^^^^^^^^^^^^
  File "/usr/lib/python3.12/json/__init__.py", line 346, in loads
    return _default_decoder.decode(s)
           ^^^^^^^^^^^^^^^^^^^^^^^^^^
  File "/usr/lib/python3.12/json/decoder.py", line 337, in decode
    obj, end = self.raw_decode(s, idx=_
2025-12-02 10:53:25 | ERROR | broker_errors | BROKER_ERROR | API_ERROR | Endpoint: orderBook | Couldn't parse the JSON response received from the server: b'Access denied because of exceeding access rate' | exception_type=DataException | extracted_error_code=None | traceback=Traceback (most recent call last):
  File "/root/santhosh/trading/equity/.venv/lib/python3.12/site-packages/SmartApi/smartConnect.py", line 230, in _request
    data = json.loads(r.content.decode("utf8"))
           ^^^^^^^^^^^^^^^^^^^^^^^^^^^^^^^^^^^^
  File "/usr/lib/python3.12/json/__init__.py", line 346, in loads
    return _default_decoder.decode(s)
           ^^^^^^^^^^^^^^^^^^^^^^^^^^
  File "/usr/lib/python3.12/json/decoder.py", line 337, in decode
    obj, end = self.raw_decode(s, idx=_
2025-12-02 10:53:25 | ERROR | broker_errors | BROKER_ERROR | API_ERROR | Endpoint: orderBook | Couldn't parse the JSON response received from the server: b'Access denied because of exceeding access rate' | exception_type=DataException | extracted_error_code=None | traceback=Traceback (most recent call last):
  File "/root/santhosh/trading/equity/.venv/lib/python3.12/site-packages/SmartApi/smartConnect.py", line 230, in _request
    data = json.loads(r.content.decode("utf8"))
           ^^^^^^^^^^^^^^^^^^^^^^^^^^^^^^^^^^^^
  File "/usr/lib/python3.12/json/__init__.py", line 346, in loads
    return _default_decoder.decode(s)
           ^^^^^^^^^^^^^^^^^^^^^^^^^^
  File "/usr/lib/python3.12/json/decoder.py", line 337, in decode
    obj, end = self.raw_decode(s, idx=_
2025-12-02 10:55:10 | ERROR | broker_errors | BROKER_ERROR | API_ERROR | Endpoint: orderBook | Couldn't parse the JSON response received from the server: b'Access denied because of exceeding access rate' | exception_type=DataException | extracted_error_code=None | traceback=Traceback (most recent call last):
  File "/root/santhosh/trading/equity/.venv/lib/python3.12/site-packages/SmartApi/smartConnect.py", line 230, in _request
    data = json.loads(r.content.decode("utf8"))
           ^^^^^^^^^^^^^^^^^^^^^^^^^^^^^^^^^^^^
  File "/usr/lib/python3.12/json/__init__.py", line 346, in loads
    return _default_decoder.decode(s)
           ^^^^^^^^^^^^^^^^^^^^^^^^^^
  File "/usr/lib/python3.12/json/decoder.py", line 337, in decode
    obj, end = self.raw_decode(s, idx=_
2025-12-02 10:55:10 | ERROR | broker_errors | BROKER_ERROR | API_ERROR | Endpoint: orderBook | Couldn't parse the JSON response received from the server: b'Access denied because of exceeding access rate' | exception_type=DataException | extracted_error_code=None | traceback=Traceback (most recent call last):
  File "/root/santhosh/trading/equity/.venv/lib/python3.12/site-packages/SmartApi/smartConnect.py", line 230, in _request
    data = json.loads(r.content.decode("utf8"))
           ^^^^^^^^^^^^^^^^^^^^^^^^^^^^^^^^^^^^
  File "/usr/lib/python3.12/json/__init__.py", line 346, in loads
    return _default_decoder.decode(s)
           ^^^^^^^^^^^^^^^^^^^^^^^^^^
  File "/usr/lib/python3.12/json/decoder.py", line 337, in decode
    obj, end = self.raw_decode(s, idx=_
2025-12-02 10:55:11 | ERROR | broker_errors | BROKER_ERROR | API_ERROR | Endpoint: orderBook | Couldn't parse the JSON response received from the server: b'Access denied because of exceeding access rate' | exception_type=DataException | extracted_error_code=None | traceback=Traceback (most recent call last):
  File "/root/santhosh/trading/equity/.venv/lib/python3.12/site-packages/SmartApi/smartConnect.py", line 230, in _request
    data = json.loads(r.content.decode("utf8"))
           ^^^^^^^^^^^^^^^^^^^^^^^^^^^^^^^^^^^^
  File "/usr/lib/python3.12/json/__init__.py", line 346, in loads
    return _default_decoder.decode(s)
           ^^^^^^^^^^^^^^^^^^^^^^^^^^
  File "/usr/lib/python3.12/json/decoder.py", line 337, in decode
    obj, end = self.raw_decode(s, idx=_
2025-12-02 10:56:56 | ERROR | broker_errors | BROKER_ERROR | API_ERROR | Endpoint: orderBook | Couldn't parse the JSON response received from the server: b'Access denied because of exceeding access rate' | exception_type=DataException | extracted_error_code=None | traceback=Traceback (most recent call last):
  File "/root/santhosh/trading/equity/.venv/lib/python3.12/site-packages/SmartApi/smartConnect.py", line 230, in _request
    data = json.loads(r.content.decode("utf8"))
           ^^^^^^^^^^^^^^^^^^^^^^^^^^^^^^^^^^^^
  File "/usr/lib/python3.12/json/__init__.py", line 346, in loads
    return _default_decoder.decode(s)
           ^^^^^^^^^^^^^^^^^^^^^^^^^^
  File "/usr/lib/python3.12/json/decoder.py", line 337, in decode
    obj, end = self.raw_decode(s, idx=_
2025-12-02 10:56:56 | ERROR | broker_errors | BROKER_ERROR | API_ERROR | Endpoint: orderBook | Couldn't parse the JSON response received from the server: b'Access denied because of exceeding access rate' | exception_type=DataException | extracted_error_code=None | traceback=Traceback (most recent call last):
  File "/root/santhosh/trading/equity/.venv/lib/python3.12/site-packages/SmartApi/smartConnect.py", line 230, in _request
    data = json.loads(r.content.decode("utf8"))
           ^^^^^^^^^^^^^^^^^^^^^^^^^^^^^^^^^^^^
  File "/usr/lib/python3.12/json/__init__.py", line 346, in loads
    return _default_decoder.decode(s)
           ^^^^^^^^^^^^^^^^^^^^^^^^^^
  File "/usr/lib/python3.12/json/decoder.py", line 337, in decode
    obj, end = self.raw_decode(s, idx=_
2025-12-02 10:58:41 | ERROR | broker_errors | BROKER_ERROR | API_ERROR | Endpoint: orderBook | Couldn't parse the JSON response received from the server: b'Access denied because of exceeding access rate' | exception_type=DataException | extracted_error_code=None | traceback=Traceback (most recent call last):
  File "/root/santhosh/trading/equity/.venv/lib/python3.12/site-packages/SmartApi/smartConnect.py", line 230, in _request
    data = json.loads(r.content.decode("utf8"))
           ^^^^^^^^^^^^^^^^^^^^^^^^^^^^^^^^^^^^
  File "/usr/lib/python3.12/json/__init__.py", line 346, in loads
    return _default_decoder.decode(s)
           ^^^^^^^^^^^^^^^^^^^^^^^^^^
  File "/usr/lib/python3.12/json/decoder.py", line 337, in decode
    obj, end = self.raw_decode(s, idx=_
2025-12-02 10:58:42 | ERROR | broker_errors | BROKER_ERROR | API_ERROR | Endpoint: orderBook | Couldn't parse the JSON response received from the server: b'Access denied because of exceeding access rate' | exception_type=DataException | extracted_error_code=None | traceback=Traceback (most recent call last):
  File "/root/santhosh/trading/equity/.venv/lib/python3.12/site-packages/SmartApi/smartConnect.py", line 230, in _request
    data = json.loads(r.content.decode("utf8"))
           ^^^^^^^^^^^^^^^^^^^^^^^^^^^^^^^^^^^^
  File "/usr/lib/python3.12/json/__init__.py", line 346, in loads
    return _default_decoder.decode(s)
           ^^^^^^^^^^^^^^^^^^^^^^^^^^
  File "/usr/lib/python3.12/json/decoder.py", line 337, in decode
    obj, end = self.raw_decode(s, idx=_
2025-12-02 10:58:42 | ERROR | broker_errors | BROKER_ERROR | API_ERROR | Endpoint: orderBook | Couldn't parse the JSON response received from the server: b'Access denied because of exceeding access rate' | exception_type=DataException | extracted_error_code=None | traceback=Traceback (most recent call last):
  File "/root/santhosh/trading/equity/.venv/lib/python3.12/site-packages/SmartApi/smartConnect.py", line 230, in _request
    data = json.loads(r.content.decode("utf8"))
           ^^^^^^^^^^^^^^^^^^^^^^^^^^^^^^^^^^^^
  File "/usr/lib/python3.12/json/__init__.py", line 346, in loads
    return _default_decoder.decode(s)
           ^^^^^^^^^^^^^^^^^^^^^^^^^^
  File "/usr/lib/python3.12/json/decoder.py", line 337, in decode
    obj, end = self.raw_decode(s, idx=_
2025-12-02 11:00:27 | ERROR | broker_errors | BROKER_ERROR | API_ERROR | Endpoint: orderBook | Couldn't parse the JSON response received from the server: b'Access denied because of exceeding access rate' | exception_type=DataException | extracted_error_code=None | traceback=Traceback (most recent call last):
  File "/root/santhosh/trading/equity/.venv/lib/python3.12/site-packages/SmartApi/smartConnect.py", line 230, in _request
    data = json.loads(r.content.decode("utf8"))
           ^^^^^^^^^^^^^^^^^^^^^^^^^^^^^^^^^^^^
  File "/usr/lib/python3.12/json/__init__.py", line 346, in loads
    return _default_decoder.decode(s)
           ^^^^^^^^^^^^^^^^^^^^^^^^^^
  File "/usr/lib/python3.12/json/decoder.py", line 337, in decode
    obj, end = self.raw_decode(s, idx=_
2025-12-02 11:00:27 | ERROR | broker_errors | BROKER_ERROR | API_ERROR | Endpoint: orderBook | Couldn't parse the JSON response received from the server: b'Access denied because of exceeding access rate' | exception_type=DataException | extracted_error_code=None | traceback=Traceback (most recent call last):
  File "/root/santhosh/trading/equity/.venv/lib/python3.12/site-packages/SmartApi/smartConnect.py", line 230, in _request
    data = json.loads(r.content.decode("utf8"))
           ^^^^^^^^^^^^^^^^^^^^^^^^^^^^^^^^^^^^
  File "/usr/lib/python3.12/json/__init__.py", line 346, in loads
    return _default_decoder.decode(s)
           ^^^^^^^^^^^^^^^^^^^^^^^^^^
  File "/usr/lib/python3.12/json/decoder.py", line 337, in decode
    obj, end = self.raw_decode(s, idx=_
2025-12-02 11:00:28 | ERROR | broker_errors | BROKER_ERROR | API_ERROR | Endpoint: orderBook | Couldn't parse the JSON response received from the server: b'Access denied because of exceeding access rate' | exception_type=DataException | extracted_error_code=None | traceback=Traceback (most recent call last):
  File "/root/santhosh/trading/equity/.venv/lib/python3.12/site-packages/SmartApi/smartConnect.py", line 230, in _request
    data = json.loads(r.content.decode("utf8"))
           ^^^^^^^^^^^^^^^^^^^^^^^^^^^^^^^^^^^^
  File "/usr/lib/python3.12/json/__init__.py", line 346, in loads
    return _default_decoder.decode(s)
           ^^^^^^^^^^^^^^^^^^^^^^^^^^
  File "/usr/lib/python3.12/json/decoder.py", line 337, in decode
    obj, end = self.raw_decode(s, idx=_
2025-12-02 11:02:12 | ERROR | broker_errors | BROKER_ERROR | API_ERROR | Endpoint: orderBook | Couldn't parse the JSON response received from the server: b'Access denied because of exceeding access rate' | exception_type=DataException | extracted_error_code=None | traceback=Traceback (most recent call last):
  File "/root/santhosh/trading/equity/.venv/lib/python3.12/site-packages/SmartApi/smartConnect.py", line 230, in _request
    data = json.loads(r.content.decode("utf8"))
           ^^^^^^^^^^^^^^^^^^^^^^^^^^^^^^^^^^^^
  File "/usr/lib/python3.12/json/__init__.py", line 346, in loads
    return _default_decoder.decode(s)
           ^^^^^^^^^^^^^^^^^^^^^^^^^^
  File "/usr/lib/python3.12/json/decoder.py", line 337, in decode
    obj, end = self.raw_decode(s, idx=_
2025-12-02 11:02:13 | ERROR | broker_errors | BROKER_ERROR | API_ERROR | Endpoint: orderBook | Couldn't parse the JSON response received from the server: b'Access denied because of exceeding access rate' | exception_type=DataException | extracted_error_code=None | traceback=Traceback (most recent call last):
  File "/root/santhosh/trading/equity/.venv/lib/python3.12/site-packages/SmartApi/smartConnect.py", line 230, in _request
    data = json.loads(r.content.decode("utf8"))
           ^^^^^^^^^^^^^^^^^^^^^^^^^^^^^^^^^^^^
  File "/usr/lib/python3.12/json/__init__.py", line 346, in loads
    return _default_decoder.decode(s)
           ^^^^^^^^^^^^^^^^^^^^^^^^^^
  File "/usr/lib/python3.12/json/decoder.py", line 337, in decode
    obj, end = self.raw_decode(s, idx=_
2025-12-02 11:02:13 | ERROR | broker_errors | BROKER_ERROR | API_ERROR | Endpoint: orderBook | Couldn't parse the JSON response received from the server: b'Access denied because of exceeding access rate' | exception_type=DataException | extracted_error_code=None | traceback=Traceback (most recent call last):
  File "/root/santhosh/trading/equity/.venv/lib/python3.12/site-packages/SmartApi/smartConnect.py", line 230, in _request
    data = json.loads(r.content.decode("utf8"))
           ^^^^^^^^^^^^^^^^^^^^^^^^^^^^^^^^^^^^
  File "/usr/lib/python3.12/json/__init__.py", line 346, in loads
    return _default_decoder.decode(s)
           ^^^^^^^^^^^^^^^^^^^^^^^^^^
  File "/usr/lib/python3.12/json/decoder.py", line 337, in decode
    obj, end = self.raw_decode(s, idx=_
2025-12-02 11:03:58 | ERROR | broker_errors | BROKER_ERROR | API_ERROR | Endpoint: orderBook | Couldn't parse the JSON response received from the server: b'Access denied because of exceeding access rate' | exception_type=DataException | extracted_error_code=None | traceback=Traceback (most recent call last):
  File "/root/santhosh/trading/equity/.venv/lib/python3.12/site-packages/SmartApi/smartConnect.py", line 230, in _request
    data = json.loads(r.content.decode("utf8"))
           ^^^^^^^^^^^^^^^^^^^^^^^^^^^^^^^^^^^^
  File "/usr/lib/python3.12/json/__init__.py", line 346, in loads
    return _default_decoder.decode(s)
           ^^^^^^^^^^^^^^^^^^^^^^^^^^
  File "/usr/lib/python3.12/json/decoder.py", line 337, in decode
    obj, end = self.raw_decode(s, idx=_
2025-12-02 11:03:58 | ERROR | broker_errors | BROKER_ERROR | API_ERROR | Endpoint: orderBook | Couldn't parse the JSON response received from the server: b'Access denied because of exceeding access rate' | exception_type=DataException | extracted_error_code=None | traceback=Traceback (most recent call last):
  File "/root/santhosh/trading/equity/.venv/lib/python3.12/site-packages/SmartApi/smartConnect.py", line 230, in _request
    data = json.loads(r.content.decode("utf8"))
           ^^^^^^^^^^^^^^^^^^^^^^^^^^^^^^^^^^^^
  File "/usr/lib/python3.12/json/__init__.py", line 346, in loads
    return _default_decoder.decode(s)
           ^^^^^^^^^^^^^^^^^^^^^^^^^^
  File "/usr/lib/python3.12/json/decoder.py", line 337, in decode
    obj, end = self.raw_decode(s, idx=_
2025-12-02 11:03:59 | ERROR | broker_errors | BROKER_ERROR | API_ERROR | Endpoint: orderBook | Couldn't parse the JSON response received from the server: b'Access denied because of exceeding access rate' | exception_type=DataException | extracted_error_code=None | traceback=Traceback (most recent call last):
  File "/root/santhosh/trading/equity/.venv/lib/python3.12/site-packages/SmartApi/smartConnect.py", line 230, in _request
    data = json.loads(r.content.decode("utf8"))
           ^^^^^^^^^^^^^^^^^^^^^^^^^^^^^^^^^^^^
  File "/usr/lib/python3.12/json/__init__.py", line 346, in loads
    return _default_decoder.decode(s)
           ^^^^^^^^^^^^^^^^^^^^^^^^^^
  File "/usr/lib/python3.12/json/decoder.py", line 337, in decode
    obj, end = self.raw_decode(s, idx=_
2025-12-02 11:09:44 | ERROR | errors | DETAILED_ERROR | error_type=MAIN_LOOP | message=Fatal error in main loop | timestamp=2025-12-02T11:09:44.315457 | exception_type=AttributeError | exception_message=type object 'DevConfig' has no attribute 'PAPER_TRADING_ENABLED' | stack_trace=Traceback (most recent call last):
  File "/root/santhosh/trading/equity/main.py", line 144, in run
    if not self.validate_configuration():
           ^^^^^^^^^^^^^^^^^^^^^^^^^^^^^
  File "/root/santhosh/trading/equity/main.py", line 55, in validate_configuration
    config = get_config_summary()
             ^^^^^^^^^^^^^^^^^^^^
  File "/root/santhosh/trading/equity/eqcode/config.py", line 347, in get_config_summary
    "paper_trading": DevConfig.PAPER_TRADING_ENABLED,
                     ^^^^^^^^^^^^^^^^^^^^^^^^^^^^^^^
AttributeError: type object 'DevConfig' has no attribute 'PAPER_TRADING_ENABLED'
 | recovery_action=Bot will exit
2025-12-02 11:10:00 | ERROR | errors | DETAILED_ERROR | error_type=MAIN_LOOP | message=Fatal error in main loop | timestamp=2025-12-02T11:10:00.322633 | exception_type=AttributeError | exception_message=type object 'DevConfig' has no attribute 'PAPER_TRADING_ENABLED' | stack_trace=Traceback (most recent call last):
  File "/root/santhosh/trading/equity/main.py", line 144, in run
    if not self.validate_configuration():
           ^^^^^^^^^^^^^^^^^^^^^^^^^^^^^
  File "/root/santhosh/trading/equity/main.py", line 55, in validate_configuration
    config = get_config_summary()
             ^^^^^^^^^^^^^^^^^^^^
  File "/root/santhosh/trading/equity/eqcode/config.py", line 347, in get_config_summary
    "paper_trading": DevConfig.PAPER_TRADING_ENABLED,
                     ^^^^^^^^^^^^^^^^^^^^^^^^^^^^^^^
AttributeError: type object 'DevConfig' has no attribute 'PAPER_TRADING_ENABLED'
 | recovery_action=Bot will exit
2025-12-02 11:10:16 | ERROR | errors | DETAILED_ERROR | error_type=MAIN_LOOP | message=Fatal error in main loop | timestamp=2025-12-02T11:10:16.493717 | exception_type=AttributeError | exception_message=type object 'DevConfig' has no attribute 'PAPER_TRADING_ENABLED' | stack_trace=Traceback (most recent call last):
  File "/root/santhosh/trading/equity/main.py", line 144, in run
    if not self.validate_configuration():
           ^^^^^^^^^^^^^^^^^^^^^^^^^^^^^
  File "/root/santhosh/trading/equity/main.py", line 55, in validate_configuration
    config = get_config_summary()
             ^^^^^^^^^^^^^^^^^^^^
  File "/root/santhosh/trading/equity/eqcode/config.py", line 347, in get_config_summary
    "paper_trading": DevConfig.PAPER_TRADING_ENABLED,
                     ^^^^^^^^^^^^^^^^^^^^^^^^^^^^^^^
AttributeError: type object 'DevConfig' has no attribute 'PAPER_TRADING_ENABLED'
 | recovery_action=Bot will exit
2025-12-02 11:10:32 | ERROR | errors | DETAILED_ERROR | error_type=MAIN_LOOP | message=Fatal error in main loop | timestamp=2025-12-02T11:10:32.304128 | exception_type=AttributeError | exception_message=type object 'DevConfig' has no attribute 'PAPER_TRADING_ENABLED' | stack_trace=Traceback (most recent call last):
  File "/root/santhosh/trading/equity/main.py", line 144, in run
    if not self.validate_configuration():
           ^^^^^^^^^^^^^^^^^^^^^^^^^^^^^
  File "/root/santhosh/trading/equity/main.py", line 55, in validate_configuration
    config = get_config_summary()
             ^^^^^^^^^^^^^^^^^^^^
  File "/root/santhosh/trading/equity/eqcode/config.py", line 347, in get_config_summary
    "paper_trading": DevConfig.PAPER_TRADING_ENABLED,
                     ^^^^^^^^^^^^^^^^^^^^^^^^^^^^^^^
AttributeError: type object 'DevConfig' has no attribute 'PAPER_TRADING_ENABLED'
 | recovery_action=Bot will exit
2025-12-02 11:10:48 | ERROR | errors | DETAILED_ERROR | error_type=MAIN_LOOP | message=Fatal error in main loop | timestamp=2025-12-02T11:10:48.358151 | exception_type=AttributeError | exception_message=type object 'DevConfig' has no attribute 'PAPER_TRADING_ENABLED' | stack_trace=Traceback (most recent call last):
  File "/root/santhosh/trading/equity/main.py", line 144, in run
    if not self.validate_configuration():
           ^^^^^^^^^^^^^^^^^^^^^^^^^^^^^
  File "/root/santhosh/trading/equity/main.py", line 55, in validate_configuration
    config = get_config_summary()
             ^^^^^^^^^^^^^^^^^^^^
  File "/root/santhosh/trading/equity/eqcode/config.py", line 347, in get_config_summary
    "paper_trading": DevConfig.PAPER_TRADING_ENABLED,
                     ^^^^^^^^^^^^^^^^^^^^^^^^^^^^^^^
AttributeError: type object 'DevConfig' has no attribute 'PAPER_TRADING_ENABLED'
 | recovery_action=Bot will exit
2025-12-02 11:11:04 | ERROR | errors | DETAILED_ERROR | error_type=MAIN_LOOP | message=Fatal error in main loop | timestamp=2025-12-02T11:11:04.337572 | exception_type=AttributeError | exception_message=type object 'DevConfig' has no attribute 'PAPER_TRADING_ENABLED' | stack_trace=Traceback (most recent call last):
  File "/root/santhosh/trading/equity/main.py", line 144, in run
    if not self.validate_configuration():
           ^^^^^^^^^^^^^^^^^^^^^^^^^^^^^
  File "/root/santhosh/trading/equity/main.py", line 55, in validate_configuration
    config = get_config_summary()
             ^^^^^^^^^^^^^^^^^^^^
  File "/root/santhosh/trading/equity/eqcode/config.py", line 347, in get_config_summary
    "paper_trading": DevConfig.PAPER_TRADING_ENABLED,
                     ^^^^^^^^^^^^^^^^^^^^^^^^^^^^^^^
AttributeError: type object 'DevConfig' has no attribute 'PAPER_TRADING_ENABLED'
 | recovery_action=Bot will exit
2025-12-02 11:11:20 | ERROR | errors | DETAILED_ERROR | error_type=MAIN_LOOP | message=Fatal error in main loop | timestamp=2025-12-02T11:11:20.323907 | exception_type=AttributeError | exception_message=type object 'DevConfig' has no attribute 'PAPER_TRADING_ENABLED' | stack_trace=Traceback (most recent call last):
  File "/root/santhosh/trading/equity/main.py", line 144, in run
    if not self.validate_configuration():
           ^^^^^^^^^^^^^^^^^^^^^^^^^^^^^
  File "/root/santhosh/trading/equity/main.py", line 55, in validate_configuration
    config = get_config_summary()
             ^^^^^^^^^^^^^^^^^^^^
  File "/root/santhosh/trading/equity/eqcode/config.py", line 347, in get_config_summary
    "paper_trading": DevConfig.PAPER_TRADING_ENABLED,
                     ^^^^^^^^^^^^^^^^^^^^^^^^^^^^^^^
AttributeError: type object 'DevConfig' has no attribute 'PAPER_TRADING_ENABLED'
 | recovery_action=Bot will exit
2025-12-02 11:11:36 | ERROR | errors | DETAILED_ERROR | error_type=MAIN_LOOP | message=Fatal error in main loop | timestamp=2025-12-02T11:11:36.327536 | exception_type=AttributeError | exception_message=type object 'DevConfig' has no attribute 'PAPER_TRADING_ENABLED' | stack_trace=Traceback (most recent call last):
  File "/root/santhosh/trading/equity/main.py", line 144, in run
    if not self.validate_configuration():
           ^^^^^^^^^^^^^^^^^^^^^^^^^^^^^
  File "/root/santhosh/trading/equity/main.py", line 55, in validate_configuration
    config = get_config_summary()
             ^^^^^^^^^^^^^^^^^^^^
  File "/root/santhosh/trading/equity/eqcode/config.py", line 347, in get_config_summary
    "paper_trading": DevConfig.PAPER_TRADING_ENABLED,
                     ^^^^^^^^^^^^^^^^^^^^^^^^^^^^^^^
AttributeError: type object 'DevConfig' has no attribute 'PAPER_TRADING_ENABLED'
 | recovery_action=Bot will exit
2025-12-02 11:11:52 | ERROR | errors | DETAILED_ERROR | error_type=MAIN_LOOP | message=Fatal error in main loop | timestamp=2025-12-02T11:11:52.307255 | exception_type=AttributeError | exception_message=type object 'DevConfig' has no attribute 'PAPER_TRADING_ENABLED' | stack_trace=Traceback (most recent call last):
  File "/root/santhosh/trading/equity/main.py", line 144, in run
    if not self.validate_configuration():
           ^^^^^^^^^^^^^^^^^^^^^^^^^^^^^
  File "/root/santhosh/trading/equity/main.py", line 55, in validate_configuration
    config = get_config_summary()
             ^^^^^^^^^^^^^^^^^^^^
  File "/root/santhosh/trading/equity/eqcode/config.py", line 347, in get_config_summary
    "paper_trading": DevConfig.PAPER_TRADING_ENABLED,
                     ^^^^^^^^^^^^^^^^^^^^^^^^^^^^^^^
AttributeError: type object 'DevConfig' has no attribute 'PAPER_TRADING_ENABLED'
 | recovery_action=Bot will exit
2025-12-02 11:12:08 | ERROR | errors | DETAILED_ERROR | error_type=MAIN_LOOP | message=Fatal error in main loop | timestamp=2025-12-02T11:12:08.337813 | exception_type=AttributeError | exception_message=type object 'DevConfig' has no attribute 'PAPER_TRADING_ENABLED' | stack_trace=Traceback (most recent call last):
  File "/root/santhosh/trading/equity/main.py", line 144, in run
    if not self.validate_configuration():
           ^^^^^^^^^^^^^^^^^^^^^^^^^^^^^
  File "/root/santhosh/trading/equity/main.py", line 55, in validate_configuration
    config = get_config_summary()
             ^^^^^^^^^^^^^^^^^^^^
  File "/root/santhosh/trading/equity/eqcode/config.py", line 347, in get_config_summary
    "paper_trading": DevConfig.PAPER_TRADING_ENABLED,
                     ^^^^^^^^^^^^^^^^^^^^^^^^^^^^^^^
AttributeError: type object 'DevConfig' has no attribute 'PAPER_TRADING_ENABLED'
 | recovery_action=Bot will exit
2025-12-02 11:12:24 | ERROR | errors | DETAILED_ERROR | error_type=MAIN_LOOP | message=Fatal error in main loop | timestamp=2025-12-02T11:12:24.629191 | exception_type=AttributeError | exception_message=type object 'DevConfig' has no attribute 'PAPER_TRADING_ENABLED' | stack_trace=Traceback (most recent call last):
  File "/root/santhosh/trading/equity/main.py", line 144, in run
    if not self.validate_configuration():
           ^^^^^^^^^^^^^^^^^^^^^^^^^^^^^
  File "/root/santhosh/trading/equity/main.py", line 55, in validate_configuration
    config = get_config_summary()
             ^^^^^^^^^^^^^^^^^^^^
  File "/root/santhosh/trading/equity/eqcode/config.py", line 347, in get_config_summary
    "paper_trading": DevConfig.PAPER_TRADING_ENABLED,
                     ^^^^^^^^^^^^^^^^^^^^^^^^^^^^^^^
AttributeError: type object 'DevConfig' has no attribute 'PAPER_TRADING_ENABLED'
 | recovery_action=Bot will exit
2025-12-02 11:12:40 | ERROR | errors | DETAILED_ERROR | error_type=MAIN_LOOP | message=Fatal error in main loop | timestamp=2025-12-02T11:12:40.555308 | exception_type=AttributeError | exception_message=type object 'DevConfig' has no attribute 'PAPER_TRADING_ENABLED' | stack_trace=Traceback (most recent call last):
  File "/root/santhosh/trading/equity/main.py", line 144, in run
    if not self.validate_configuration():
           ^^^^^^^^^^^^^^^^^^^^^^^^^^^^^
  File "/root/santhosh/trading/equity/main.py", line 55, in validate_configuration
    config = get_config_summary()
             ^^^^^^^^^^^^^^^^^^^^
  File "/root/santhosh/trading/equity/eqcode/config.py", line 347, in get_config_summary
    "paper_trading": DevConfig.PAPER_TRADING_ENABLED,
                     ^^^^^^^^^^^^^^^^^^^^^^^^^^^^^^^
AttributeError: type object 'DevConfig' has no attribute 'PAPER_TRADING_ENABLED'
 | recovery_action=Bot will exit
2025-12-02 11:12:56 | ERROR | errors | DETAILED_ERROR | error_type=MAIN_LOOP | message=Fatal error in main loop | timestamp=2025-12-02T11:12:56.745135 | exception_type=AttributeError | exception_message=type object 'DevConfig' has no attribute 'PAPER_TRADING_ENABLED' | stack_trace=Traceback (most recent call last):
  File "/root/santhosh/trading/equity/main.py", line 144, in run
    if not self.validate_configuration():
           ^^^^^^^^^^^^^^^^^^^^^^^^^^^^^
  File "/root/santhosh/trading/equity/main.py", line 55, in validate_configuration
    config = get_config_summary()
             ^^^^^^^^^^^^^^^^^^^^
  File "/root/santhosh/trading/equity/eqcode/config.py", line 347, in get_config_summary
    "paper_trading": DevConfig.PAPER_TRADING_ENABLED,
                     ^^^^^^^^^^^^^^^^^^^^^^^^^^^^^^^
AttributeError: type object 'DevConfig' has no attribute 'PAPER_TRADING_ENABLED'
 | recovery_action=Bot will exit
2025-12-02 11:13:11 | ERROR | errors | DETAILED_ERROR | error_type=MAIN_LOOP | message=Fatal error in main loop | timestamp=2025-12-02T11:13:11.685564 | exception_type=AttributeError | exception_message=type object 'DevConfig' has no attribute 'PAPER_TRADING_ENABLED' | stack_trace=Traceback (most recent call last):
  File "/root/santhosh/trading/equity/main.py", line 144, in run
    if not self.validate_configuration():
           ^^^^^^^^^^^^^^^^^^^^^^^^^^^^^
  File "/root/santhosh/trading/equity/main.py", line 55, in validate_configuration
    config = get_config_summary()
             ^^^^^^^^^^^^^^^^^^^^
  File "/root/santhosh/trading/equity/eqcode/config.py", line 347, in get_config_summary
    "paper_trading": DevConfig.PAPER_TRADING_ENABLED,
                     ^^^^^^^^^^^^^^^^^^^^^^^^^^^^^^^
AttributeError: type object 'DevConfig' has no attribute 'PAPER_TRADING_ENABLED'
 | recovery_action=Bot will exit
2025-12-02 11:13:16 | ERROR | errors | DETAILED_ERROR | error_type=MAIN_LOOP | message=Fatal error in main loop | timestamp=2025-12-02T11:13:16.569276 | exception_type=AttributeError | exception_message=type object 'DevConfig' has no attribute 'PAPER_TRADING_ENABLED' | stack_trace=Traceback (most recent call last):
  File "/root/santhosh/trading/equity/main.py", line 144, in run
    if not self.validate_configuration():
           ^^^^^^^^^^^^^^^^^^^^^^^^^^^^^
  File "/root/santhosh/trading/equity/main.py", line 55, in validate_configuration
    config = get_config_summary()
             ^^^^^^^^^^^^^^^^^^^^
  File "/root/santhosh/trading/equity/eqcode/config.py", line 347, in get_config_summary
    "paper_trading": DevConfig.PAPER_TRADING_ENABLED,
                     ^^^^^^^^^^^^^^^^^^^^^^^^^^^^^^^
AttributeError: type object 'DevConfig' has no attribute 'PAPER_TRADING_ENABLED'
 | recovery_action=Bot will exit
2025-12-02 11:13:28 | ERROR | errors | DETAILED_ERROR | error_type=MAIN_LOOP | message=Fatal error in main loop | timestamp=2025-12-02T11:13:28.625210 | exception_type=AttributeError | exception_message=type object 'DevConfig' has no attribute 'PAPER_TRADING_ENABLED' | stack_trace=Traceback (most recent call last):
  File "/root/santhosh/trading/equity/main.py", line 144, in run
    if not self.validate_configuration():
           ^^^^^^^^^^^^^^^^^^^^^^^^^^^^^
  File "/root/santhosh/trading/equity/main.py", line 55, in validate_configuration
    config = get_config_summary()
             ^^^^^^^^^^^^^^^^^^^^
  File "/root/santhosh/trading/equity/eqcode/config.py", line 347, in get_config_summary
    "paper_trading": DevConfig.PAPER_TRADING_ENABLED,
                     ^^^^^^^^^^^^^^^^^^^^^^^^^^^^^^^
AttributeError: type object 'DevConfig' has no attribute 'PAPER_TRADING_ENABLED'
 | recovery_action=Bot will exit
2025-12-02 11:13:30 | ERROR | errors | DETAILED_ERROR | error_type=MAIN_LOOP | message=Fatal error in main loop | timestamp=2025-12-02T11:13:30.721744 | exception_type=AttributeError | exception_message=type object 'DevConfig' has no attribute 'PAPER_TRADING_ENABLED' | stack_trace=Traceback (most recent call last):
  File "/root/santhosh/trading/equity/main.py", line 144, in run
    if not self.validate_configuration():
           ^^^^^^^^^^^^^^^^^^^^^^^^^^^^^
  File "/root/santhosh/trading/equity/main.py", line 55, in validate_configuration
    config = get_config_summary()
             ^^^^^^^^^^^^^^^^^^^^
  File "/root/santhosh/trading/equity/eqcode/config.py", line 347, in get_config_summary
    "paper_trading": DevConfig.PAPER_TRADING_ENABLED,
                     ^^^^^^^^^^^^^^^^^^^^^^^^^^^^^^^
AttributeError: type object 'DevConfig' has no attribute 'PAPER_TRADING_ENABLED'
 | recovery_action=Bot will exit
2025-12-02 11:13:45 | ERROR | errors | DETAILED_ERROR | error_type=WEBHOOK_SERVER_START | message=Failed to start webhook server | timestamp=2025-12-02T11:13:45.062305 | exception_type=AttributeError | exception_message=type object 'DevConfig' has no attribute 'PAPER_TRADING_ENABLED' | stack_trace=Traceback (most recent call last):
  File "/root/santhosh/trading/equity/main.py", line 82, in start_webhook_server
    start_webhook_server()
  File "/root/santhosh/trading/equity/eqcode/api.py", line 4019, in start_webhook_server
    trading_state.initialize()
  File "/root/santhosh/trading/equity/eqcode/api.py", line 224, in initialize
    paper_trading=DevConfig.PAPER_TRADING_ENABLED)
                  ^^^^^^^^^^^^^^^^^^^^^^^^^^^^^^^
AttributeError: type object 'DevConfig' has no attribute 'PAPER_TRADING_ENABLED'
 | recovery_action=Bot will exit
2025-12-02 11:13:45 | ERROR | errors | DETAILED_ERROR | error_type=MAIN_LOOP | message=Fatal error in main loop | timestamp=2025-12-02T11:13:45.065688 | exception_type=AttributeError | exception_message=type object 'DevConfig' has no attribute 'PAPER_TRADING_ENABLED' | stack_trace=Traceback (most recent call last):
  File "/root/santhosh/trading/equity/main.py", line 207, in run
    self.start_webhook_server()
  File "/root/santhosh/trading/equity/main.py", line 82, in start_webhook_server
    start_webhook_server()
  File "/root/santhosh/trading/equity/eqcode/api.py", line 4019, in start_webhook_server
    trading_state.initialize()
  File "/root/santhosh/trading/equity/eqcode/api.py", line 224, in initialize
    paper_trading=DevConfig.PAPER_TRADING_ENABLED)
                  ^^^^^^^^^^^^^^^^^^^^^^^^^^^^^^^
AttributeError: type object 'DevConfig' has no attribute 'PAPER_TRADING_ENABLED'
 | recovery_action=Bot will exit
2025-12-02 11:13:45 | ERROR | errors | DETAILED_ERROR | error_type=WEBHOOK_SERVER_START | message=Failed to start webhook server | timestamp=2025-12-02T11:13:45.424157 | exception_type=AttributeError | exception_message=type object 'DevConfig' has no attribute 'PAPER_TRADING_ENABLED' | stack_trace=Traceback (most recent call last):
  File "/root/santhosh/trading/equity/main.py", line 82, in start_webhook_server
    start_webhook_server()
  File "/root/santhosh/trading/equity/eqcode/api.py", line 4019, in start_webhook_server
    trading_state.initialize()
  File "/root/santhosh/trading/equity/eqcode/api.py", line 224, in initialize
    paper_trading=DevConfig.PAPER_TRADING_ENABLED)
                  ^^^^^^^^^^^^^^^^^^^^^^^^^^^^^^^
AttributeError: type object 'DevConfig' has no attribute 'PAPER_TRADING_ENABLED'
 | recovery_action=Bot will exit
2025-12-02 11:13:45 | ERROR | errors | DETAILED_ERROR | error_type=MAIN_LOOP | message=Fatal error in main loop | timestamp=2025-12-02T11:13:45.427812 | exception_type=AttributeError | exception_message=type object 'DevConfig' has no attribute 'PAPER_TRADING_ENABLED' | stack_trace=Traceback (most recent call last):
  File "/root/santhosh/trading/equity/main.py", line 207, in run
    self.start_webhook_server()
  File "/root/santhosh/trading/equity/main.py", line 82, in start_webhook_server
    start_webhook_server()
  File "/root/santhosh/trading/equity/eqcode/api.py", line 4019, in start_webhook_server
    trading_state.initialize()
  File "/root/santhosh/trading/equity/eqcode/api.py", line 224, in initialize
    paper_trading=DevConfig.PAPER_TRADING_ENABLED)
                  ^^^^^^^^^^^^^^^^^^^^^^^^^^^^^^^
AttributeError: type object 'DevConfig' has no attribute 'PAPER_TRADING_ENABLED'
 | recovery_action=Bot will exit
2025-12-02 12:21:07 | ERROR | broker_errors | BROKER_ERROR | LOGIN_FAILED | Endpoint: generateSession | Couldn't parse the JSON response received from the server: b'Access denied because of exceeding access rate' | exception_type=DataException | traceback=Traceback (most recent call last):
  File "/root/santhosh/trading/equity/.venv/lib/python3.12/site-packages/SmartApi/smartConnect.py", line 230, in _request
    data = json.loads(r.content.decode("utf8"))
           ^^^^^^^^^^^^^^^^^^^^^^^^^^^^^^^^^^^^
  File "/usr/lib/python3.12/json/__init__.py", line 346, in loads
    return _default_decoder.decode(s)
           ^^^^^^^^^^^^^^^^^^^^^^^^^^
  File "/usr/lib/python3.12/json/decoder.py", line 337, in decode
    obj, end = self.raw_decode(s, idx=_
2025-12-02 12:47:57 | ERROR | broker_errors | BROKER_ERROR | API_ERROR | Code: AB1007 | Endpoint: rmsLimit | Invalid Token | full_response={"status": false, "message": "Invalid Token", "errorcode": "AB1007", "data": null} | args=() | kwargs={}
2025-12-02 12:56:52 | ERROR | broker_errors | BROKER_ERROR | API_ERROR | Endpoint: orderBook | Couldn't parse the JSON response received from the server: b'Access denied because of exceeding access rate' | exception_type=DataException | extracted_error_code=None | traceback=Traceback (most recent call last):
  File "/root/santhosh/trading/equity/.venv/lib/python3.12/site-packages/SmartApi/smartConnect.py", line 230, in _request
    data = json.loads(r.content.decode("utf8"))
           ^^^^^^^^^^^^^^^^^^^^^^^^^^^^^^^^^^^^
  File "/usr/lib/python3.12/json/__init__.py", line 346, in loads
    return _default_decoder.decode(s)
           ^^^^^^^^^^^^^^^^^^^^^^^^^^
  File "/usr/lib/python3.12/json/decoder.py", line 337, in decode
    obj, end = self.raw_decode(s, idx=_
2025-12-02 12:56:52 | ERROR | errors | DETAILED_ERROR | error_type=MONITOR_CHECK_EXIT | message=Error checking exit for TECHM-EQ | timestamp=2025-12-02T12:56:52.870933 | exception_type=ZeroDivisionError | exception_message=division by zero | stack_trace=Traceback (most recent call last):
  File "/root/santhosh/trading/equity/eqcode/monitor.py", line 1818, in _check_single_position_exit
    pnl_percent = ((ltp - position.entry_price) / position.entry_price) * 100
                   ~~~~~~~~~~~~~~~~~~~~~~~~~~~~~^~~~~~~~~~~~~~~~~~~~~~
ZeroDivisionError: division by zero
 | context={"symbol": "TECHM-EQ", "position_status": "OPEN"} | recovery_action=Continuing with next position
2025-12-02 12:57:13 | ERROR | errors | DETAILED_ERROR | error_type=MONITOR_CHECK_EXIT | message=Error checking exit for TECHM-EQ | timestamp=2025-12-02T12:57:13.240115 | exception_type=ZeroDivisionError | exception_message=division by zero | stack_trace=Traceback (most recent call last):
  File "/root/santhosh/trading/equity/eqcode/monitor.py", line 1818, in _check_single_position_exit
    pnl_percent = ((ltp - position.entry_price) / position.entry_price) * 100
                   ~~~~~~~~~~~~~~~~~~~~~~~~~~~~~^~~~~~~~~~~~~~~~~~~~~~
ZeroDivisionError: division by zero
 | context={"symbol": "TECHM-EQ", "position_status": "OPEN"} | recovery_action=Continuing with next position
2025-12-02 12:57:33 | ERROR | errors | DETAILED_ERROR | error_type=MONITOR_CHECK_EXIT | message=Error checking exit for TECHM-EQ | timestamp=2025-12-02T12:57:33.594736 | exception_type=ZeroDivisionError | exception_message=division by zero | stack_trace=Traceback (most recent call last):
  File "/root/santhosh/trading/equity/eqcode/monitor.py", line 1818, in _check_single_position_exit
    pnl_percent = ((ltp - position.entry_price) / position.entry_price) * 100
                   ~~~~~~~~~~~~~~~~~~~~~~~~~~~~~^~~~~~~~~~~~~~~~~~~~~~
ZeroDivisionError: division by zero
 | context={"symbol": "TECHM-EQ", "position_status": "OPEN"} | recovery_action=Continuing with next position
2025-12-02 12:58:34 | ERROR | broker_errors | BROKER_ERROR | API_ERROR | Endpoint: orderBook | Couldn't parse the JSON response received from the server: b'Access denied because of exceeding access rate' | exception_type=DataException | extracted_error_code=None | traceback=Traceback (most recent call last):
  File "/root/santhosh/trading/equity/.venv/lib/python3.12/site-packages/SmartApi/smartConnect.py", line 230, in _request
    data = json.loads(r.content.decode("utf8"))
           ^^^^^^^^^^^^^^^^^^^^^^^^^^^^^^^^^^^^
  File "/usr/lib/python3.12/json/__init__.py", line 346, in loads
    return _default_decoder.decode(s)
           ^^^^^^^^^^^^^^^^^^^^^^^^^^
  File "/usr/lib/python3.12/json/decoder.py", line 337, in decode
    obj, end = self.raw_decode(s, idx=_
2025-12-02 13:01:59 | ERROR | broker_errors | BROKER_ERROR | API_ERROR | Endpoint: orderBook | Couldn't parse the JSON response received from the server: b'Access denied because of exceeding access rate' | exception_type=DataException | extracted_error_code=None | traceback=Traceback (most recent call last):
  File "/root/santhosh/trading/equity/.venv/lib/python3.12/site-packages/SmartApi/smartConnect.py", line 230, in _request
    data = json.loads(r.content.decode("utf8"))
           ^^^^^^^^^^^^^^^^^^^^^^^^^^^^^^^^^^^^
  File "/usr/lib/python3.12/json/__init__.py", line 346, in loads
    return _default_decoder.decode(s)
           ^^^^^^^^^^^^^^^^^^^^^^^^^^
  File "/usr/lib/python3.12/json/decoder.py", line 337, in decode
    obj, end = self.raw_decode(s, idx=_
2025-12-02 13:03:41 | ERROR | broker_errors | BROKER_ERROR | API_ERROR | Endpoint: orderBook | Couldn't parse the JSON response received from the server: b'Access denied because of exceeding access rate' | exception_type=DataException | extracted_error_code=None | traceback=Traceback (most recent call last):
  File "/root/santhosh/trading/equity/.venv/lib/python3.12/site-packages/SmartApi/smartConnect.py", line 230, in _request
    data = json.loads(r.content.decode("utf8"))
           ^^^^^^^^^^^^^^^^^^^^^^^^^^^^^^^^^^^^
  File "/usr/lib/python3.12/json/__init__.py", line 346, in loads
    return _default_decoder.decode(s)
           ^^^^^^^^^^^^^^^^^^^^^^^^^^
  File "/usr/lib/python3.12/json/decoder.py", line 337, in decode
    obj, end = self.raw_decode(s, idx=_
2025-12-02 13:05:24 | ERROR | broker_errors | BROKER_ERROR | API_ERROR | Endpoint: orderBook | Couldn't parse the JSON response received from the server: b'Access denied because of exceeding access rate' | exception_type=DataException | extracted_error_code=None | traceback=Traceback (most recent call last):
  File "/root/santhosh/trading/equity/.venv/lib/python3.12/site-packages/SmartApi/smartConnect.py", line 230, in _request
    data = json.loads(r.content.decode("utf8"))
           ^^^^^^^^^^^^^^^^^^^^^^^^^^^^^^^^^^^^
  File "/usr/lib/python3.12/json/__init__.py", line 346, in loads
    return _default_decoder.decode(s)
           ^^^^^^^^^^^^^^^^^^^^^^^^^^
  File "/usr/lib/python3.12/json/decoder.py", line 337, in decode
    obj, end = self.raw_decode(s, idx=_
2025-12-02 13:07:06 | ERROR | broker_errors | BROKER_ERROR | API_ERROR | Endpoint: orderBook | Couldn't parse the JSON response received from the server: b'Access denied because of exceeding access rate' | exception_type=DataException | extracted_error_code=None | traceback=Traceback (most recent call last):
  File "/root/santhosh/trading/equity/.venv/lib/python3.12/site-packages/SmartApi/smartConnect.py", line 230, in _request
    data = json.loads(r.content.decode("utf8"))
           ^^^^^^^^^^^^^^^^^^^^^^^^^^^^^^^^^^^^
  File "/usr/lib/python3.12/json/__init__.py", line 346, in loads
    return _default_decoder.decode(s)
           ^^^^^^^^^^^^^^^^^^^^^^^^^^
  File "/usr/lib/python3.12/json/decoder.py", line 337, in decode
    obj, end = self.raw_decode(s, idx=_
2025-12-02 13:10:31 | ERROR | broker_errors | BROKER_ERROR | API_ERROR | Endpoint: orderBook | Couldn't parse the JSON response received from the server: b'Access denied because of exceeding access rate' | exception_type=DataException | extracted_error_code=None | traceback=Traceback (most recent call last):
  File "/root/santhosh/trading/equity/.venv/lib/python3.12/site-packages/SmartApi/smartConnect.py", line 230, in _request
    data = json.loads(r.content.decode("utf8"))
           ^^^^^^^^^^^^^^^^^^^^^^^^^^^^^^^^^^^^
  File "/usr/lib/python3.12/json/__init__.py", line 346, in loads
    return _default_decoder.decode(s)
           ^^^^^^^^^^^^^^^^^^^^^^^^^^
  File "/usr/lib/python3.12/json/decoder.py", line 337, in decode
    obj, end = self.raw_decode(s, idx=_
2025-12-02 13:13:56 | ERROR | broker_errors | BROKER_ERROR | API_ERROR | Endpoint: orderBook | Couldn't parse the JSON response received from the server: b'Access denied because of exceeding access rate' | exception_type=DataException | extracted_error_code=None | traceback=Traceback (most recent call last):
  File "/root/santhosh/trading/equity/.venv/lib/python3.12/site-packages/SmartApi/smartConnect.py", line 230, in _request
    data = json.loads(r.content.decode("utf8"))
           ^^^^^^^^^^^^^^^^^^^^^^^^^^^^^^^^^^^^
  File "/usr/lib/python3.12/json/__init__.py", line 346, in loads
    return _default_decoder.decode(s)
           ^^^^^^^^^^^^^^^^^^^^^^^^^^
  File "/usr/lib/python3.12/json/decoder.py", line 337, in decode
    obj, end = self.raw_decode(s, idx=_
2025-12-02 13:15:38 | ERROR | broker_errors | BROKER_ERROR | API_ERROR | Endpoint: orderBook | Couldn't parse the JSON response received from the server: b'Access denied because of exceeding access rate' | exception_type=DataException | extracted_error_code=None | traceback=Traceback (most recent call last):
  File "/root/santhosh/trading/equity/.venv/lib/python3.12/site-packages/SmartApi/smartConnect.py", line 230, in _request
    data = json.loads(r.content.decode("utf8"))
           ^^^^^^^^^^^^^^^^^^^^^^^^^^^^^^^^^^^^
  File "/usr/lib/python3.12/json/__init__.py", line 346, in loads
    return _default_decoder.decode(s)
           ^^^^^^^^^^^^^^^^^^^^^^^^^^
  File "/usr/lib/python3.12/json/decoder.py", line 337, in decode
    obj, end = self.raw_decode(s, idx=_
2025-12-02 13:17:21 | ERROR | broker_errors | BROKER_ERROR | API_ERROR | Endpoint: orderBook | Couldn't parse the JSON response received from the server: b'Access denied because of exceeding access rate' | exception_type=DataException | extracted_error_code=None | traceback=Traceback (most recent call last):
  File "/root/santhosh/trading/equity/.venv/lib/python3.12/site-packages/SmartApi/smartConnect.py", line 230, in _request
    data = json.loads(r.content.decode("utf8"))
           ^^^^^^^^^^^^^^^^^^^^^^^^^^^^^^^^^^^^
  File "/usr/lib/python3.12/json/__init__.py", line 346, in loads
    return _default_decoder.decode(s)
           ^^^^^^^^^^^^^^^^^^^^^^^^^^
  File "/usr/lib/python3.12/json/decoder.py", line 337, in decode
    obj, end = self.raw_decode(s, idx=_
2025-12-02 13:19:03 | ERROR | broker_errors | BROKER_ERROR | API_ERROR | Endpoint: orderBook | Couldn't parse the JSON response received from the server: b'Access denied because of exceeding access rate' | exception_type=DataException | extracted_error_code=None | traceback=Traceback (most recent call last):
  File "/root/santhosh/trading/equity/.venv/lib/python3.12/site-packages/SmartApi/smartConnect.py", line 230, in _request
    data = json.loads(r.content.decode("utf8"))
           ^^^^^^^^^^^^^^^^^^^^^^^^^^^^^^^^^^^^
  File "/usr/lib/python3.12/json/__init__.py", line 346, in loads
    return _default_decoder.decode(s)
           ^^^^^^^^^^^^^^^^^^^^^^^^^^
  File "/usr/lib/python3.12/json/decoder.py", line 337, in decode
    obj, end = self.raw_decode(s, idx=_
2025-12-02 13:22:28 | ERROR | broker_errors | BROKER_ERROR | API_ERROR | Endpoint: orderBook | Couldn't parse the JSON response received from the server: b'Access denied because of exceeding access rate' | exception_type=DataException | extracted_error_code=None | traceback=Traceback (most recent call last):
  File "/root/santhosh/trading/equity/.venv/lib/python3.12/site-packages/SmartApi/smartConnect.py", line 230, in _request
    data = json.loads(r.content.decode("utf8"))
           ^^^^^^^^^^^^^^^^^^^^^^^^^^^^^^^^^^^^
  File "/usr/lib/python3.12/json/__init__.py", line 346, in loads
    return _default_decoder.decode(s)
           ^^^^^^^^^^^^^^^^^^^^^^^^^^
  File "/usr/lib/python3.12/json/decoder.py", line 337, in decode
    obj, end = self.raw_decode(s, idx=_
2025-12-02 13:25:53 | ERROR | broker_errors | BROKER_ERROR | API_ERROR | Endpoint: orderBook | Couldn't parse the JSON response received from the server: b'Access denied because of exceeding access rate' | exception_type=DataException | extracted_error_code=None | traceback=Traceback (most recent call last):
  File "/root/santhosh/trading/equity/.venv/lib/python3.12/site-packages/SmartApi/smartConnect.py", line 230, in _request
    data = json.loads(r.content.decode("utf8"))
           ^^^^^^^^^^^^^^^^^^^^^^^^^^^^^^^^^^^^
  File "/usr/lib/python3.12/json/__init__.py", line 346, in loads
    return _default_decoder.decode(s)
           ^^^^^^^^^^^^^^^^^^^^^^^^^^
  File "/usr/lib/python3.12/json/decoder.py", line 337, in decode
    obj, end = self.raw_decode(s, idx=_
2025-12-02 13:27:35 | ERROR | broker_errors | BROKER_ERROR | API_ERROR | Endpoint: orderBook | Couldn't parse the JSON response received from the server: b'Access denied because of exceeding access rate' | exception_type=DataException | extracted_error_code=None | traceback=Traceback (most recent call last):
  File "/root/santhosh/trading/equity/.venv/lib/python3.12/site-packages/SmartApi/smartConnect.py", line 230, in _request
    data = json.loads(r.content.decode("utf8"))
           ^^^^^^^^^^^^^^^^^^^^^^^^^^^^^^^^^^^^
  File "/usr/lib/python3.12/json/__init__.py", line 346, in loads
    return _default_decoder.decode(s)
           ^^^^^^^^^^^^^^^^^^^^^^^^^^
  File "/usr/lib/python3.12/json/decoder.py", line 337, in decode
    obj, end = self.raw_decode(s, idx=_
2025-12-02 13:31:21 | ERROR | errors | DETAILED_ERROR | error_type=MONITOR_CHECK_EXIT | message=Error checking exit for TECHM-EQ | timestamp=2025-12-02T13:31:21.424404 | exception_type=ZeroDivisionError | exception_message=division by zero | stack_trace=Traceback (most recent call last):
  File "/root/santhosh/trading/equity/eqcode/monitor.py", line 1818, in _check_single_position_exit
    pnl_percent = ((ltp - position.entry_price) / position.entry_price) * 100
                   ~~~~~~~~~~~~~~~~~~~~~~~~~~~~~^~~~~~~~~~~~~~~~~~~~~~
ZeroDivisionError: division by zero
 | context={"symbol": "TECHM-EQ", "position_status": "OPEN"} | recovery_action=Continuing with next position
2025-12-02 13:31:41 | ERROR | errors | DETAILED_ERROR | error_type=MONITOR_CHECK_EXIT | message=Error checking exit for TECHM-EQ | timestamp=2025-12-02T13:31:41.429790 | exception_type=ZeroDivisionError | exception_message=division by zero | stack_trace=Traceback (most recent call last):
  File "/root/santhosh/trading/equity/eqcode/monitor.py", line 1818, in _check_single_position_exit
    pnl_percent = ((ltp - position.entry_price) / position.entry_price) * 100
                   ~~~~~~~~~~~~~~~~~~~~~~~~~~~~~^~~~~~~~~~~~~~~~~~~~~~
ZeroDivisionError: division by zero
 | context={"symbol": "TECHM-EQ", "position_status": "OPEN"} | recovery_action=Continuing with next position
2025-12-02 13:32:01 | ERROR | errors | DETAILED_ERROR | error_type=MONITOR_CHECK_EXIT | message=Error checking exit for TECHM-EQ | timestamp=2025-12-02T13:32:01.434069 | exception_type=ZeroDivisionError | exception_message=division by zero | stack_trace=Traceback (most recent call last):
  File "/root/santhosh/trading/equity/eqcode/monitor.py", line 1818, in _check_single_position_exit
    pnl_percent = ((ltp - position.entry_price) / position.entry_price) * 100
                   ~~~~~~~~~~~~~~~~~~~~~~~~~~~~~^~~~~~~~~~~~~~~~~~~~~~
ZeroDivisionError: division by zero
 | context={"symbol": "TECHM-EQ", "position_status": "OPEN"} | recovery_action=Continuing with next position
2025-12-02 13:38:06 | ERROR | errors | DETAILED_ERROR | error_type=MONITOR_CHECK_EXIT | message=Error checking exit for TECHM-EQ | timestamp=2025-12-02T13:38:06.315213 | exception_type=ZeroDivisionError | exception_message=division by zero | stack_trace=Traceback (most recent call last):
  File "/root/santhosh/trading/equity/eqcode/monitor.py", line 1818, in _check_single_position_exit
    pnl_percent = ((ltp - position.entry_price) / position.entry_price) * 100
                   ~~~~~~~~~~~~~~~~~~~~~~~~~~~~~^~~~~~~~~~~~~~~~~~~~~~
ZeroDivisionError: division by zero
 | context={"symbol": "TECHM-EQ", "position_status": "OPEN"} | recovery_action=Continuing with next position
2025-12-02 13:38:26 | ERROR | errors | DETAILED_ERROR | error_type=MONITOR_CHECK_EXIT | message=Error checking exit for TECHM-EQ | timestamp=2025-12-02T13:38:26.633366 | exception_type=ZeroDivisionError | exception_message=division by zero | stack_trace=Traceback (most recent call last):
  File "/root/santhosh/trading/equity/eqcode/monitor.py", line 1818, in _check_single_position_exit
    pnl_percent = ((ltp - position.entry_price) / position.entry_price) * 100
                   ~~~~~~~~~~~~~~~~~~~~~~~~~~~~~^~~~~~~~~~~~~~~~~~~~~~
ZeroDivisionError: division by zero
 | context={"symbol": "TECHM-EQ", "position_status": "OPEN"} | recovery_action=Continuing with next position
2025-12-02 13:38:46 | ERROR | errors | DETAILED_ERROR | error_type=MONITOR_CHECK_EXIT | message=Error checking exit for TECHM-EQ | timestamp=2025-12-02T13:38:46.638559 | exception_type=ZeroDivisionError | exception_message=division by zero | stack_trace=Traceback (most recent call last):
  File "/root/santhosh/trading/equity/eqcode/monitor.py", line 1818, in _check_single_position_exit
    pnl_percent = ((ltp - position.entry_price) / position.entry_price) * 100
                   ~~~~~~~~~~~~~~~~~~~~~~~~~~~~~^~~~~~~~~~~~~~~~~~~~~~
ZeroDivisionError: division by zero
 | context={"symbol": "TECHM-EQ", "position_status": "OPEN"} | recovery_action=Continuing with next position
2025-12-02 17:55:17 | ERROR | errors | DETAILED_ERROR | error_type=EOD_CONNECTION_ERROR | message=Failed to connect to bot at http://localhost:8080 | timestamp=2025-12-02T17:55:17.098587 | exception_type=ConnectionError | exception_message=HTTPConnectionPool(host='localhost', port=8080): Max retries exceeded with url: /learning/eod-update (Caused by NewConnectionError('<urllib3.connection.HTTPConnection object at 0x7fe8701a4110>: Failed to establish a new connection: [Errno 111] Connection refused')) | stack_trace=Traceback (most recent call last):
  File "/usr/local/lib/python3.12/dist-packages/urllib3/connection.py", line 198, in _new_conn
    sock = connection.create_connection(
           ^^^^^^^^^^^^^^^^^^^^^^^^^^^^^
  File "/usr/local/lib/python3.12/dist-packages/urllib3/util/connection.py", line 85, in create_connection
    raise err
  File "/usr/local/lib/python3.12/dist-packages/urllib3/util/connection.py", line 73, in create_connection
    sock.connect(sa)
ConnectionRefusedError: [Errno 111] Connection refused

The above exception was the direct cause of the following exception:

Traceback (most recent call last):
  File "/usr/local/lib/python3.12/dist-packages/urllib3/connectionpool.py", line 787, in urlopen
    response = self._make_request(
               ^^^^^^^^^^^^^^^^^^^
  File "/usr/local/lib/python3.12/dist-packages/urllib3/connectionpool.py", line 493, in _make_request
    conn.request(
  File "/usr/local/lib/python3.12/dist-packages/urllib3/connection.py", line 494, in request
    self.endheaders()
  File "/usr/lib/python3.12/http/client.py", line 1331, in endheaders
    self._send_output(message_body, encode_chunked=encode_chunked)
  File "/usr/lib/python3.12/http/client.py", line 1091, in _send_output
    self.send(msg)
  File "/usr/lib/python3.12/http/client.py", line 1035, in send
    self.connect()
  File "/usr/local/lib/python3.12/dist-packages/urllib3/connection.py", line 325, in connect
    self.sock = self._new_conn()
                ^^^^^^^^^^^^^^^^
  File "/usr/local/lib/python3.12/dist-packages/urllib3/connection.py", line 213, in _new_conn
    raise NewConnectionError(
urllib3.exceptions.NewConnectionError: <urllib3.connection.HTTPConnection object at 0x7fe8701a4110>: Failed to establish a new connection: [Errno 111] Connection refused

The above exception was the direct cause of the following exception:

Traceback (most recent call last):
  File "/usr/local/lib/python3.12/dist-packages/requests/adapters.py", line 644, in send
    resp = conn.urlopen(
           ^^^^^^^^^^^^^
  File "/usr/local/lib/python3.12/dist-packages/urllib3/connectionpool.py", line 841, in urlopen
    retries = retries.increment(
              ^^^^^^^^^^^^^^^^^^
  File "/usr/local/lib/python3.12/dist-packages/urllib3/util/retry.py", line 519, in increment
    raise MaxRetryError(_pool, url, reason) from reason  # type: ignore[arg-type]
    ^^^^^^^^^^^^^^^^^^^^^^^^^^^^^^^^^^^^^^^^^^^^^^^^^^^
urllib3.exceptions.MaxRetryError: HTTPConnectionPool(host='localhost', port=8080): Max retries exceeded with url: /learning/eod-update (Caused by NewConnectionError('<urllib3.connection.HTTPConnection object at 0x7fe8701a4110>: Failed to establish a new connection: [Errno 111] Connection refused'))

During handling of the above exception, another exception occurred:

Traceback (most recent call last):
  File "/root/santhosh/trading/equity/eqcode/eod_scheduler.py", line 181, in trigger_eod_update
    response = requests.post(
               ^^^^^^^^^^^^^^
  File "/usr/local/lib/python3.12/dist-packages/requests/api.py", line 115, in post
    return request("post", url, data=data, json=json, **kwargs)
           ^^^^^^^^^^^^^^^^^^^^^^^^^^^^^^^^^^^^^^^^^^^^^^^^^^^^
  File "/usr/local/lib/python3.12/dist-packages/requests/api.py", line 59, in request
    return session.request(method=method, url=url, **kwargs)
           ^^^^^^^^^^^^^^^^^^^^^^^^^^^^^^^^^^^^^^^^^^^^^^^^^
  File "/usr/local/lib/python3.12/dist-packages/requests/sessions.py", line 589, in request
    resp = self.send(prep, **send_kwargs)
           ^^^^^^^^^^^^^^^^^^^^^^^^^^^^^^
  File "/usr/local/lib/python3.12/dist-packages/requests/sessions.py", line 703, in send
    r = adapter.send(request, **kwargs)
        ^^^^^^^^^^^^^^^^^^^^^^^^^^^^^^^
  File "/usr/local/lib/python3.12/dist-packages/requests/adapters.py", line 677, in send
    raise ConnectionError(e, request=request)
requests.exceptions.ConnectionError: HTTPConnectionPool(host='localhost', port=8080): Max retries exceeded with url: /learning/eod-update (Caused by NewConnectionError('<urllib3.connection.HTTPConnection object at 0x7fe8701a4110>: Failed to establish a new connection: [Errno 111] Connection refused'))

2025-12-02 17:55:17 | ERROR | errors | DETAILED_ERROR | error_type=EOD_CONNECTION_ERROR | message=Failed to connect to bot at http://localhost:8080 | timestamp=2025-12-02T17:55:17.118669 | exception_type=ConnectionError | exception_message=HTTPConnectionPool(host='localhost', port=8080): Max retries exceeded with url: /learning/eod-update (Caused by NewConnectionError('<urllib3.connection.HTTPConnection object at 0x7fe869d4ccb0>: Failed to establish a new connection: [Errno 111] Connection refused')) | stack_trace=Traceback (most recent call last):
  File "/usr/local/lib/python3.12/dist-packages/urllib3/connection.py", line 198, in _new_conn
    sock = connection.create_connection(
           ^^^^^^^^^^^^^^^^^^^^^^^^^^^^^
  File "/usr/local/lib/python3.12/dist-packages/urllib3/util/connection.py", line 85, in create_connection
    raise err
  File "/usr/local/lib/python3.12/dist-packages/urllib3/util/connection.py", line 73, in create_connection
    sock.connect(sa)
ConnectionRefusedError: [Errno 111] Connection refused

The above exception was the direct cause of the following exception:

Traceback (most recent call last):
  File "/usr/local/lib/python3.12/dist-packages/urllib3/connectionpool.py", line 787, in urlopen
    response = self._make_request(
               ^^^^^^^^^^^^^^^^^^^
  File "/usr/local/lib/python3.12/dist-packages/urllib3/connectionpool.py", line 493, in _make_request
    conn.request(
  File "/usr/local/lib/python3.12/dist-packages/urllib3/connection.py", line 494, in request
    self.endheaders()
  File "/usr/lib/python3.12/http/client.py", line 1331, in endheaders
    self._send_output(message_body, encode_chunked=encode_chunked)
  File "/usr/lib/python3.12/http/client.py", line 1091, in _send_output
    self.send(msg)
  File "/usr/lib/python3.12/http/client.py", line 1035, in send
    self.connect()
  File "/usr/local/lib/python3.12/dist-packages/urllib3/connection.py", line 325, in connect
    self.sock = self._new_conn()
                ^^^^^^^^^^^^^^^^
  File "/usr/local/lib/python3.12/dist-packages/urllib3/connection.py", line 213, in _new_conn
    raise NewConnectionError(
urllib3.exceptions.NewConnectionError: <urllib3.connection.HTTPConnection object at 0x7fe869d4ccb0>: Failed to establish a new connection: [Errno 111] Connection refused

The above exception was the direct cause of the following exception:

Traceback (most recent call last):
  File "/usr/local/lib/python3.12/dist-packages/requests/adapters.py", line 644, in send
    resp = conn.urlopen(
           ^^^^^^^^^^^^^
  File "/usr/local/lib/python3.12/dist-packages/urllib3/connectionpool.py", line 841, in urlopen
    retries = retries.increment(
              ^^^^^^^^^^^^^^^^^^
  File "/usr/local/lib/python3.12/dist-packages/urllib3/util/retry.py", line 519, in increment
    raise MaxRetryError(_pool, url, reason) from reason  # type: ignore[arg-type]
    ^^^^^^^^^^^^^^^^^^^^^^^^^^^^^^^^^^^^^^^^^^^^^^^^^^^
urllib3.exceptions.MaxRetryError: HTTPConnectionPool(host='localhost', port=8080): Max retries exceeded with url: /learning/eod-update (Caused by NewConnectionError('<urllib3.connection.HTTPConnection object at 0x7fe869d4ccb0>: Failed to establish a new connection: [Errno 111] Connection refused'))

During handling of the above exception, another exception occurred:

Traceback (most recent call last):
  File "/root/santhosh/trading/equity/eqcode/eod_scheduler.py", line 181, in trigger_eod_update
    response = requests.post(
               ^^^^^^^^^^^^^^
  File "/usr/local/lib/python3.12/dist-packages/requests/api.py", line 115, in post
    return request("post", url, data=data, json=json, **kwargs)
           ^^^^^^^^^^^^^^^^^^^^^^^^^^^^^^^^^^^^^^^^^^^^^^^^^^^^
  File "/usr/local/lib/python3.12/dist-packages/requests/api.py", line 59, in request
    return session.request(method=method, url=url, **kwargs)
           ^^^^^^^^^^^^^^^^^^^^^^^^^^^^^^^^^^^^^^^^^^^^^^^^^
  File "/usr/local/lib/python3.12/dist-packages/requests/sessions.py", line 589, in request
    resp = self.send(prep, **send_kwargs)
           ^^^^^^^^^^^^^^^^^^^^^^^^^^^^^^
  File "/usr/local/lib/python3.12/dist-packages/requests/sessions.py", line 703, in send
    r = adapter.send(request, **kwargs)
        ^^^^^^^^^^^^^^^^^^^^^^^^^^^^^^^
  File "/usr/local/lib/python3.12/dist-packages/requests/adapters.py", line 677, in send
    raise ConnectionError(e, request=request)
requests.exceptions.ConnectionError: HTTPConnectionPool(host='localhost', port=8080): Max retries exceeded with url: /learning/eod-update (Caused by NewConnectionError('<urllib3.connection.HTTPConnection object at 0x7fe869d4ccb0>: Failed to establish a new connection: [Errno 111] Connection refused'))

2025-12-02 17:55:26 | ERROR | errors | DETAILED_ERROR | error_type=EOD_CONNECTION_ERROR | message=Failed to connect to bot at http://localhost:8080 | timestamp=2025-12-02T17:55:26.803556 | exception_type=ConnectionError | exception_message=HTTPConnectionPool(host='localhost', port=8080): Max retries exceeded with url: /learning/eod-update (Caused by NewConnectionError('<urllib3.connection.HTTPConnection object at 0x7a3f00d59c40>: Failed to establish a new connection: [Errno 111] Connection refused')) | stack_trace=Traceback (most recent call last):
  File "/root/santhosh/trading/equity/.venv/lib/python3.12/site-packages/urllib3/connection.py", line 198, in _new_conn
    sock = connection.create_connection(
           ^^^^^^^^^^^^^^^^^^^^^^^^^^^^^
  File "/root/santhosh/trading/equity/.venv/lib/python3.12/site-packages/urllib3/util/connection.py", line 85, in create_connection
    raise err
  File "/root/santhosh/trading/equity/.venv/lib/python3.12/site-packages/urllib3/util/connection.py", line 73, in create_connection
    sock.connect(sa)
ConnectionRefusedError: [Errno 111] Connection refused

The above exception was the direct cause of the following exception:

Traceback (most recent call last):
  File "/root/santhosh/trading/equity/.venv/lib/python3.12/site-packages/urllib3/connectionpool.py", line 787, in urlopen
    response = self._make_request(
               ^^^^^^^^^^^^^^^^^^^
  File "/root/santhosh/trading/equity/.venv/lib/python3.12/site-packages/urllib3/connectionpool.py", line 493, in _make_request
    conn.request(
  File "/root/santhosh/trading/equity/.venv/lib/python3.12/site-packages/urllib3/connection.py", line 494, in request
    self.endheaders()
  File "/usr/lib/python3.12/http/client.py", line 1331, in endheaders
    self._send_output(message_body, encode_chunked=encode_chunked)
  File "/usr/lib/python3.12/http/client.py", line 1091, in _send_output
    self.send(msg)
  File "/usr/lib/python3.12/http/client.py", line 1035, in send
    self.connect()
  File "/root/santhosh/trading/equity/.venv/lib/python3.12/site-packages/urllib3/connection.py", line 325, in connect
    self.sock = self._new_conn()
                ^^^^^^^^^^^^^^^^
  File "/root/santhosh/trading/equity/.venv/lib/python3.12/site-packages/urllib3/connection.py", line 213, in _new_conn
    raise NewConnectionError(
urllib3.exceptions.NewConnectionError: <urllib3.connection.HTTPConnection object at 0x7a3f00d59c40>: Failed to establish a new connection: [Errno 111] Connection refused

The above exception was the direct cause of the following exception:

Traceback (most recent call last):
  File "/root/santhosh/trading/equity/.venv/lib/python3.12/site-packages/requests/adapters.py", line 644, in send
    resp = conn.urlopen(
           ^^^^^^^^^^^^^
  File "/root/santhosh/trading/equity/.venv/lib/python3.12/site-packages/urllib3/connectionpool.py", line 841, in urlopen
    retries = retries.increment(
              ^^^^^^^^^^^^^^^^^^
  File "/root/santhosh/trading/equity/.venv/lib/python3.12/site-packages/urllib3/util/retry.py", line 519, in increment
    raise MaxRetryError(_pool, url, reason) from reason  # type: ignore[arg-type]
    ^^^^^^^^^^^^^^^^^^^^^^^^^^^^^^^^^^^^^^^^^^^^^^^^^^^
urllib3.exceptions.MaxRetryError: HTTPConnectionPool(host='localhost', port=8080): Max retries exceeded with url: /learning/eod-update (Caused by NewConnectionError('<urllib3.connection.HTTPConnection object at 0x7a3f00d59c40>: Failed to establish a new connection: [Errno 111] Connection refused'))

During handling of the above exception, another exception occurred:

Traceback (most recent call last):
  File "/root/santhosh/trading/equity/eqcode/eod_scheduler.py", line 181, in trigger_eod_update
    response = requests.post(
               ^^^^^^^^^^^^^^
  File "/root/santhosh/trading/equity/.venv/lib/python3.12/site-packages/requests/api.py", line 115, in post
    return request("post", url, data=data, json=json, **kwargs)
           ^^^^^^^^^^^^^^^^^^^^^^^^^^^^^^^^^^^^^^^^^^^^^^^^^^^^
  File "/root/santhosh/trading/equity/.venv/lib/python3.12/site-packages/requests/api.py", line 59, in request
    return session.request(method=method, url=url, **kwargs)
           ^^^^^^^^^^^^^^^^^^^^^^^^^^^^^^^^^^^^^^^^^^^^^^^^^
  File "/root/santhosh/trading/equity/.venv/lib/python3.12/site-packages/requests/sessions.py", line 589, in request
    resp = self.send(prep, **send_kwargs)
           ^^^^^^^^^^^^^^^^^^^^^^^^^^^^^^
  File "/root/santhosh/trading/equity/.venv/lib/python3.12/site-packages/requests/sessions.py", line 703, in send
    r = adapter.send(request, **kwargs)
        ^^^^^^^^^^^^^^^^^^^^^^^^^^^^^^^
  File "/root/santhosh/trading/equity/.venv/lib/python3.12/site-packages/requests/adapters.py", line 677, in send
    raise ConnectionError(e, request=request)
requests.exceptions.ConnectionError: HTTPConnectionPool(host='localhost', port=8080): Max retries exceeded with url: /learning/eod-update (Caused by NewConnectionError('<urllib3.connection.HTTPConnection object at 0x7a3f00d59c40>: Failed to establish a new connection: [Errno 111] Connection refused'))

2025-12-02 17:55:26 | ERROR | errors | DETAILED_ERROR | error_type=EOD_CONNECTION_ERROR | message=Failed to connect to bot at http://localhost:8080 | timestamp=2025-12-02T17:55:26.826501 | exception_type=ConnectionError | exception_message=HTTPConnectionPool(host='localhost', port=8080): Max retries exceeded with url: /learning/eod-update (Caused by NewConnectionError('<urllib3.connection.HTTPConnection object at 0x7a3f000c27b0>: Failed to establish a new connection: [Errno 111] Connection refused')) | stack_trace=Traceback (most recent call last):
  File "/root/santhosh/trading/equity/.venv/lib/python3.12/site-packages/urllib3/connection.py", line 198, in _new_conn
    sock = connection.create_connection(
           ^^^^^^^^^^^^^^^^^^^^^^^^^^^^^
  File "/root/santhosh/trading/equity/.venv/lib/python3.12/site-packages/urllib3/util/connection.py", line 85, in create_connection
    raise err
  File "/root/santhosh/trading/equity/.venv/lib/python3.12/site-packages/urllib3/util/connection.py", line 73, in create_connection
    sock.connect(sa)
ConnectionRefusedError: [Errno 111] Connection refused

The above exception was the direct cause of the following exception:

Traceback (most recent call last):
  File "/root/santhosh/trading/equity/.venv/lib/python3.12/site-packages/urllib3/connectionpool.py", line 787, in urlopen
    response = self._make_request(
               ^^^^^^^^^^^^^^^^^^^
  File "/root/santhosh/trading/equity/.venv/lib/python3.12/site-packages/urllib3/connectionpool.py", line 493, in _make_request
    conn.request(
  File "/root/santhosh/trading/equity/.venv/lib/python3.12/site-packages/urllib3/connection.py", line 494, in request
    self.endheaders()
  File "/usr/lib/python3.12/http/client.py", line 1331, in endheaders
    self._send_output(message_body, encode_chunked=encode_chunked)
  File "/usr/lib/python3.12/http/client.py", line 1091, in _send_output
    self.send(msg)
  File "/usr/lib/python3.12/http/client.py", line 1035, in send
    self.connect()
  File "/root/santhosh/trading/equity/.venv/lib/python3.12/site-packages/urllib3/connection.py", line 325, in connect
    self.sock = self._new_conn()
                ^^^^^^^^^^^^^^^^
  File "/root/santhosh/trading/equity/.venv/lib/python3.12/site-packages/urllib3/connection.py", line 213, in _new_conn
    raise NewConnectionError(
urllib3.exceptions.NewConnectionError: <urllib3.connection.HTTPConnection object at 0x7a3f000c27b0>: Failed to establish a new connection: [Errno 111] Connection refused

The above exception was the direct cause of the following exception:

Traceback (most recent call last):
  File "/root/santhosh/trading/equity/.venv/lib/python3.12/site-packages/requests/adapters.py", line 644, in send
    resp = conn.urlopen(
           ^^^^^^^^^^^^^
  File "/root/santhosh/trading/equity/.venv/lib/python3.12/site-packages/urllib3/connectionpool.py", line 841, in urlopen
    retries = retries.increment(
              ^^^^^^^^^^^^^^^^^^
  File "/root/santhosh/trading/equity/.venv/lib/python3.12/site-packages/urllib3/util/retry.py", line 519, in increment
    raise MaxRetryError(_pool, url, reason) from reason  # type: ignore[arg-type]
    ^^^^^^^^^^^^^^^^^^^^^^^^^^^^^^^^^^^^^^^^^^^^^^^^^^^
urllib3.exceptions.MaxRetryError: HTTPConnectionPool(host='localhost', port=8080): Max retries exceeded with url: /learning/eod-update (Caused by NewConnectionError('<urllib3.connection.HTTPConnection object at 0x7a3f000c27b0>: Failed to establish a new connection: [Errno 111] Connection refused'))

During handling of the above exception, another exception occurred:

Traceback (most recent call last):
  File "/root/santhosh/trading/equity/eqcode/eod_scheduler.py", line 181, in trigger_eod_update
    response = requests.post(
               ^^^^^^^^^^^^^^
  File "/root/santhosh/trading/equity/.venv/lib/python3.12/site-packages/requests/api.py", line 115, in post
    return request("post", url, data=data, json=json, **kwargs)
           ^^^^^^^^^^^^^^^^^^^^^^^^^^^^^^^^^^^^^^^^^^^^^^^^^^^^
  File "/root/santhosh/trading/equity/.venv/lib/python3.12/site-packages/requests/api.py", line 59, in request
    return session.request(method=method, url=url, **kwargs)
           ^^^^^^^^^^^^^^^^^^^^^^^^^^^^^^^^^^^^^^^^^^^^^^^^^
  File "/root/santhosh/trading/equity/.venv/lib/python3.12/site-packages/requests/sessions.py", line 589, in request
    resp = self.send(prep, **send_kwargs)
           ^^^^^^^^^^^^^^^^^^^^^^^^^^^^^^
  File "/root/santhosh/trading/equity/.venv/lib/python3.12/site-packages/requests/sessions.py", line 703, in send
    r = adapter.send(request, **kwargs)
        ^^^^^^^^^^^^^^^^^^^^^^^^^^^^^^^
  File "/root/santhosh/trading/equity/.venv/lib/python3.12/site-packages/requests/adapters.py", line 677, in send
    raise ConnectionError(e, request=request)
requests.exceptions.ConnectionError: HTTPConnectionPool(host='localhost', port=8080): Max retries exceeded with url: /learning/eod-update (Caused by NewConnectionError('<urllib3.connection.HTTPConnection object at 0x7a3f000c27b0>: Failed to establish a new connection: [Errno 111] Connection refused'))

2025-12-02 17:55:40 | ERROR | errors | DETAILED_ERROR | error_type=EOD_CONNECTION_ERROR | message=Failed to connect to bot at http://localhost:8080 | timestamp=2025-12-02T17:55:40.635890 | exception_type=ConnectionError | exception_message=HTTPConnectionPool(host='localhost', port=8080): Max retries exceeded with url: /learning/eod-update (Caused by NewConnectionError('<urllib3.connection.HTTPConnection object at 0x7cc6017d2de0>: Failed to establish a new connection: [Errno 111] Connection refused')) | stack_trace=Traceback (most recent call last):
  File "/root/santhosh/trading/equity/.venv/lib/python3.12/site-packages/urllib3/connection.py", line 198, in _new_conn
    sock = connection.create_connection(
           ^^^^^^^^^^^^^^^^^^^^^^^^^^^^^
  File "/root/santhosh/trading/equity/.venv/lib/python3.12/site-packages/urllib3/util/connection.py", line 85, in create_connection
    raise err
  File "/root/santhosh/trading/equity/.venv/lib/python3.12/site-packages/urllib3/util/connection.py", line 73, in create_connection
    sock.connect(sa)
ConnectionRefusedError: [Errno 111] Connection refused

The above exception was the direct cause of the following exception:

Traceback (most recent call last):
  File "/root/santhosh/trading/equity/.venv/lib/python3.12/site-packages/urllib3/connectionpool.py", line 787, in urlopen
    response = self._make_request(
               ^^^^^^^^^^^^^^^^^^^
  File "/root/santhosh/trading/equity/.venv/lib/python3.12/site-packages/urllib3/connectionpool.py", line 493, in _make_request
    conn.request(
  File "/root/santhosh/trading/equity/.venv/lib/python3.12/site-packages/urllib3/connection.py", line 494, in request
    self.endheaders()
  File "/usr/lib/python3.12/http/client.py", line 1331, in endheaders
    self._send_output(message_body, encode_chunked=encode_chunked)
  File "/usr/lib/python3.12/http/client.py", line 1091, in _send_output
    self.send(msg)
  File "/usr/lib/python3.12/http/client.py", line 1035, in send
    self.connect()
  File "/root/santhosh/trading/equity/.venv/lib/python3.12/site-packages/urllib3/connection.py", line 325, in connect
    self.sock = self._new_conn()
                ^^^^^^^^^^^^^^^^
  File "/root/santhosh/trading/equity/.venv/lib/python3.12/site-packages/urllib3/connection.py", line 213, in _new_conn
    raise NewConnectionError(
urllib3.exceptions.NewConnectionError: <urllib3.connection.HTTPConnection object at 0x7cc6017d2de0>: Failed to establish a new connection: [Errno 111] Connection refused

The above exception was the direct cause of the following exception:

Traceback (most recent call last):
  File "/root/santhosh/trading/equity/.venv/lib/python3.12/site-packages/requests/adapters.py", line 644, in send
    resp = conn.urlopen(
           ^^^^^^^^^^^^^
  File "/root/santhosh/trading/equity/.venv/lib/python3.12/site-packages/urllib3/connectionpool.py", line 841, in urlopen
    retries = retries.increment(
              ^^^^^^^^^^^^^^^^^^
  File "/root/santhosh/trading/equity/.venv/lib/python3.12/site-packages/urllib3/util/retry.py", line 519, in increment
    raise MaxRetryError(_pool, url, reason) from reason  # type: ignore[arg-type]
    ^^^^^^^^^^^^^^^^^^^^^^^^^^^^^^^^^^^^^^^^^^^^^^^^^^^
urllib3.exceptions.MaxRetryError: HTTPConnectionPool(host='localhost', port=8080): Max retries exceeded with url: /learning/eod-update (Caused by NewConnectionError('<urllib3.connection.HTTPConnection object at 0x7cc6017d2de0>: Failed to establish a new connection: [Errno 111] Connection refused'))

During handling of the above exception, another exception occurred:

Traceback (most recent call last):
  File "/root/santhosh/trading/equity/eqcode/eod_scheduler.py", line 181, in trigger_eod_update
    response = requests.post(
               ^^^^^^^^^^^^^^
  File "/root/santhosh/trading/equity/.venv/lib/python3.12/site-packages/requests/api.py", line 115, in post
    return request("post", url, data=data, json=json, **kwargs)
           ^^^^^^^^^^^^^^^^^^^^^^^^^^^^^^^^^^^^^^^^^^^^^^^^^^^^
  File "/root/santhosh/trading/equity/.venv/lib/python3.12/site-packages/requests/api.py", line 59, in request
    return session.request(method=method, url=url, **kwargs)
           ^^^^^^^^^^^^^^^^^^^^^^^^^^^^^^^^^^^^^^^^^^^^^^^^^
  File "/root/santhosh/trading/equity/.venv/lib/python3.12/site-packages/requests/sessions.py", line 589, in request
    resp = self.send(prep, **send_kwargs)
           ^^^^^^^^^^^^^^^^^^^^^^^^^^^^^^
  File "/root/santhosh/trading/equity/.venv/lib/python3.12/site-packages/requests/sessions.py", line 703, in send
    r = adapter.send(request, **kwargs)
        ^^^^^^^^^^^^^^^^^^^^^^^^^^^^^^^
  File "/root/santhosh/trading/equity/.venv/lib/python3.12/site-packages/requests/adapters.py", line 677, in send
    raise ConnectionError(e, request=request)
requests.exceptions.ConnectionError: HTTPConnectionPool(host='localhost', port=8080): Max retries exceeded with url: /learning/eod-update (Caused by NewConnectionError('<urllib3.connection.HTTPConnection object at 0x7cc6017d2de0>: Failed to establish a new connection: [Errno 111] Connection refused'))

2025-12-02 17:55:40 | ERROR | errors | DETAILED_ERROR | error_type=EOD_CONNECTION_ERROR | message=Failed to connect to bot at http://localhost:8080 | timestamp=2025-12-02T17:55:40.648620 | exception_type=ConnectionError | exception_message=HTTPConnectionPool(host='localhost', port=8080): Max retries exceeded with url: /learning/eod-update (Caused by NewConnectionError('<urllib3.connection.HTTPConnection object at 0x7cc5f9cde750>: Failed to establish a new connection: [Errno 111] Connection refused')) | stack_trace=Traceback (most recent call last):
  File "/root/santhosh/trading/equity/.venv/lib/python3.12/site-packages/urllib3/connection.py", line 198, in _new_conn
    sock = connection.create_connection(
           ^^^^^^^^^^^^^^^^^^^^^^^^^^^^^
  File "/root/santhosh/trading/equity/.venv/lib/python3.12/site-packages/urllib3/util/connection.py", line 85, in create_connection
    raise err
  File "/root/santhosh/trading/equity/.venv/lib/python3.12/site-packages/urllib3/util/connection.py", line 73, in create_connection
    sock.connect(sa)
ConnectionRefusedError: [Errno 111] Connection refused

The above exception was the direct cause of the following exception:

Traceback (most recent call last):
  File "/root/santhosh/trading/equity/.venv/lib/python3.12/site-packages/urllib3/connectionpool.py", line 787, in urlopen
    response = self._make_request(
               ^^^^^^^^^^^^^^^^^^^
  File "/root/santhosh/trading/equity/.venv/lib/python3.12/site-packages/urllib3/connectionpool.py", line 493, in _make_request
    conn.request(
  File "/root/santhosh/trading/equity/.venv/lib/python3.12/site-packages/urllib3/connection.py", line 494, in request
    self.endheaders()
  File "/usr/lib/python3.12/http/client.py", line 1331, in endheaders
    self._send_output(message_body, encode_chunked=encode_chunked)
  File "/usr/lib/python3.12/http/client.py", line 1091, in _send_output
    self.send(msg)
  File "/usr/lib/python3.12/http/client.py", line 1035, in send
    self.connect()
  File "/root/santhosh/trading/equity/.venv/lib/python3.12/site-packages/urllib3/connection.py", line 325, in connect
    self.sock = self._new_conn()
                ^^^^^^^^^^^^^^^^
  File "/root/santhosh/trading/equity/.venv/lib/python3.12/site-packages/urllib3/connection.py", line 213, in _new_conn
    raise NewConnectionError(
urllib3.exceptions.NewConnectionError: <urllib3.connection.HTTPConnection object at 0x7cc5f9cde750>: Failed to establish a new connection: [Errno 111] Connection refused

The above exception was the direct cause of the following exception:

Traceback (most recent call last):
  File "/root/santhosh/trading/equity/.venv/lib/python3.12/site-packages/requests/adapters.py", line 644, in send
    resp = conn.urlopen(
           ^^^^^^^^^^^^^
  File "/root/santhosh/trading/equity/.venv/lib/python3.12/site-packages/urllib3/connectionpool.py", line 841, in urlopen
    retries = retries.increment(
              ^^^^^^^^^^^^^^^^^^
  File "/root/santhosh/trading/equity/.venv/lib/python3.12/site-packages/urllib3/util/retry.py", line 519, in increment
    raise MaxRetryError(_pool, url, reason) from reason  # type: ignore[arg-type]
    ^^^^^^^^^^^^^^^^^^^^^^^^^^^^^^^^^^^^^^^^^^^^^^^^^^^
urllib3.exceptions.MaxRetryError: HTTPConnectionPool(host='localhost', port=8080): Max retries exceeded with url: /learning/eod-update (Caused by NewConnectionError('<urllib3.connection.HTTPConnection object at 0x7cc5f9cde750>: Failed to establish a new connection: [Errno 111] Connection refused'))

During handling of the above exception, another exception occurred:

Traceback (most recent call last):
  File "/root/santhosh/trading/equity/eqcode/eod_scheduler.py", line 181, in trigger_eod_update
    response = requests.post(
               ^^^^^^^^^^^^^^
  File "/root/santhosh/trading/equity/.venv/lib/python3.12/site-packages/requests/api.py", line 115, in post
    return request("post", url, data=data, json=json, **kwargs)
           ^^^^^^^^^^^^^^^^^^^^^^^^^^^^^^^^^^^^^^^^^^^^^^^^^^^^
  File "/root/santhosh/trading/equity/.venv/lib/python3.12/site-packages/requests/api.py", line 59, in request
    return session.request(method=method, url=url, **kwargs)
           ^^^^^^^^^^^^^^^^^^^^^^^^^^^^^^^^^^^^^^^^^^^^^^^^^
  File "/root/santhosh/trading/equity/.venv/lib/python3.12/site-packages/requests/sessions.py", line 589, in request
    resp = self.send(prep, **send_kwargs)
           ^^^^^^^^^^^^^^^^^^^^^^^^^^^^^^
  File "/root/santhosh/trading/equity/.venv/lib/python3.12/site-packages/requests/sessions.py", line 703, in send
    r = adapter.send(request, **kwargs)
        ^^^^^^^^^^^^^^^^^^^^^^^^^^^^^^^
  File "/root/santhosh/trading/equity/.venv/lib/python3.12/site-packages/requests/adapters.py", line 677, in send
    raise ConnectionError(e, request=request)
requests.exceptions.ConnectionError: HTTPConnectionPool(host='localhost', port=8080): Max retries exceeded with url: /learning/eod-update (Caused by NewConnectionError('<urllib3.connection.HTTPConnection object at 0x7cc5f9cde750>: Failed to establish a new connection: [Errno 111] Connection refused'))

2025-12-02 17:56:09 | ERROR | errors | DETAILED_ERROR | error_type=EOD_CONNECTION_ERROR | message=Failed to connect to bot at http://localhost:8080 | timestamp=2025-12-02T17:56:09.461739 | exception_type=ConnectionError | exception_message=HTTPConnectionPool(host='localhost', port=8080): Max retries exceeded with url: /learning/eod-update (Caused by NewConnectionError('<urllib3.connection.HTTPConnection object at 0x75d878fa3d70>: Failed to establish a new connection: [Errno 111] Connection refused')) | stack_trace=Traceback (most recent call last):
  File "/root/santhosh/trading/equity/.venv/lib/python3.12/site-packages/urllib3/connection.py", line 198, in _new_conn
    sock = connection.create_connection(
           ^^^^^^^^^^^^^^^^^^^^^^^^^^^^^
  File "/root/santhosh/trading/equity/.venv/lib/python3.12/site-packages/urllib3/util/connection.py", line 85, in create_connection
    raise err
  File "/root/santhosh/trading/equity/.venv/lib/python3.12/site-packages/urllib3/util/connection.py", line 73, in create_connection
    sock.connect(sa)
ConnectionRefusedError: [Errno 111] Connection refused

The above exception was the direct cause of the following exception:

Traceback (most recent call last):
  File "/root/santhosh/trading/equity/.venv/lib/python3.12/site-packages/urllib3/connectionpool.py", line 787, in urlopen
    response = self._make_request(
               ^^^^^^^^^^^^^^^^^^^
  File "/root/santhosh/trading/equity/.venv/lib/python3.12/site-packages/urllib3/connectionpool.py", line 493, in _make_request
    conn.request(
  File "/root/santhosh/trading/equity/.venv/lib/python3.12/site-packages/urllib3/connection.py", line 494, in request
    self.endheaders()
  File "/usr/lib/python3.12/http/client.py", line 1331, in endheaders
    self._send_output(message_body, encode_chunked=encode_chunked)
  File "/usr/lib/python3.12/http/client.py", line 1091, in _send_output
    self.send(msg)
  File "/usr/lib/python3.12/http/client.py", line 1035, in send
    self.connect()
  File "/root/santhosh/trading/equity/.venv/lib/python3.12/site-packages/urllib3/connection.py", line 325, in connect
    self.sock = self._new_conn()
                ^^^^^^^^^^^^^^^^
  File "/root/santhosh/trading/equity/.venv/lib/python3.12/site-packages/urllib3/connection.py", line 213, in _new_conn
    raise NewConnectionError(
urllib3.exceptions.NewConnectionError: <urllib3.connection.HTTPConnection object at 0x75d878fa3d70>: Failed to establish a new connection: [Errno 111] Connection refused

The above exception was the direct cause of the following exception:

Traceback (most recent call last):
  File "/root/santhosh/trading/equity/.venv/lib/python3.12/site-packages/requests/adapters.py", line 644, in send
    resp = conn.urlopen(
           ^^^^^^^^^^^^^
  File "/root/santhosh/trading/equity/.venv/lib/python3.12/site-packages/urllib3/connectionpool.py", line 841, in urlopen
    retries = retries.increment(
              ^^^^^^^^^^^^^^^^^^
  File "/root/santhosh/trading/equity/.venv/lib/python3.12/site-packages/urllib3/util/retry.py", line 519, in increment
    raise MaxRetryError(_pool, url, reason) from reason  # type: ignore[arg-type]
    ^^^^^^^^^^^^^^^^^^^^^^^^^^^^^^^^^^^^^^^^^^^^^^^^^^^
urllib3.exceptions.MaxRetryError: HTTPConnectionPool(host='localhost', port=8080): Max retries exceeded with url: /learning/eod-update (Caused by NewConnectionError('<urllib3.connection.HTTPConnection object at 0x75d878fa3d70>: Failed to establish a new connection: [Errno 111] Connection refused'))

During handling of the above exception, another exception occurred:

Traceback (most recent call last):
  File "/root/santhosh/trading/equity/eqcode/eod_scheduler.py", line 181, in trigger_eod_update
    response = requests.post(
               ^^^^^^^^^^^^^^
  File "/root/santhosh/trading/equity/.venv/lib/python3.12/site-packages/requests/api.py", line 115, in post
    return request("post", url, data=data, json=json, **kwargs)
           ^^^^^^^^^^^^^^^^^^^^^^^^^^^^^^^^^^^^^^^^^^^^^^^^^^^^
  File "/root/santhosh/trading/equity/.venv/lib/python3.12/site-packages/requests/api.py", line 59, in request
    return session.request(method=method, url=url, **kwargs)
           ^^^^^^^^^^^^^^^^^^^^^^^^^^^^^^^^^^^^^^^^^^^^^^^^^
  File "/root/santhosh/trading/equity/.venv/lib/python3.12/site-packages/requests/sessions.py", line 589, in request
    resp = self.send(prep, **send_kwargs)
           ^^^^^^^^^^^^^^^^^^^^^^^^^^^^^^
  File "/root/santhosh/trading/equity/.venv/lib/python3.12/site-packages/requests/sessions.py", line 703, in send
    r = adapter.send(request, **kwargs)
        ^^^^^^^^^^^^^^^^^^^^^^^^^^^^^^^
  File "/root/santhosh/trading/equity/.venv/lib/python3.12/site-packages/requests/adapters.py", line 677, in send
    raise ConnectionError(e, request=request)
requests.exceptions.ConnectionError: HTTPConnectionPool(host='localhost', port=8080): Max retries exceeded with url: /learning/eod-update (Caused by NewConnectionError('<urllib3.connection.HTTPConnection object at 0x75d878fa3d70>: Failed to establish a new connection: [Errno 111] Connection refused'))

2025-12-02 17:56:09 | ERROR | errors | DETAILED_ERROR | error_type=EOD_CONNECTION_ERROR | message=Failed to connect to bot at http://localhost:8080 | timestamp=2025-12-02T17:56:09.476585 | exception_type=ConnectionError | exception_message=HTTPConnectionPool(host='localhost', port=8080): Max retries exceeded with url: /learning/eod-update (Caused by NewConnectionError('<urllib3.connection.HTTPConnection object at 0x75d87441a480>: Failed to establish a new connection: [Errno 111] Connection refused')) | stack_trace=Traceback (most recent call last):
  File "/root/santhosh/trading/equity/.venv/lib/python3.12/site-packages/urllib3/connection.py", line 198, in _new_conn
    sock = connection.create_connection(
           ^^^^^^^^^^^^^^^^^^^^^^^^^^^^^
  File "/root/santhosh/trading/equity/.venv/lib/python3.12/site-packages/urllib3/util/connection.py", line 85, in create_connection
    raise err
  File "/root/santhosh/trading/equity/.venv/lib/python3.12/site-packages/urllib3/util/connection.py", line 73, in create_connection
    sock.connect(sa)
ConnectionRefusedError: [Errno 111] Connection refused

The above exception was the direct cause of the following exception:

Traceback (most recent call last):
  File "/root/santhosh/trading/equity/.venv/lib/python3.12/site-packages/urllib3/connectionpool.py", line 787, in urlopen
    response = self._make_request(
               ^^^^^^^^^^^^^^^^^^^
  File "/root/santhosh/trading/equity/.venv/lib/python3.12/site-packages/urllib3/connectionpool.py", line 493, in _make_request
    conn.request(
  File "/root/santhosh/trading/equity/.venv/lib/python3.12/site-packages/urllib3/connection.py", line 494, in request
    self.endheaders()
  File "/usr/lib/python3.12/http/client.py", line 1331, in endheaders
    self._send_output(message_body, encode_chunked=encode_chunked)
  File "/usr/lib/python3.12/http/client.py", line 1091, in _send_output
    self.send(msg)
  File "/usr/lib/python3.12/http/client.py", line 1035, in send
    self.connect()
  File "/root/santhosh/trading/equity/.venv/lib/python3.12/site-packages/urllib3/connection.py", line 325, in connect
    self.sock = self._new_conn()
                ^^^^^^^^^^^^^^^^
  File "/root/santhosh/trading/equity/.venv/lib/python3.12/site-packages/urllib3/connection.py", line 213, in _new_conn
    raise NewConnectionError(
urllib3.exceptions.NewConnectionError: <urllib3.connection.HTTPConnection object at 0x75d87441a480>: Failed to establish a new connection: [Errno 111] Connection refused

The above exception was the direct cause of the following exception:

Traceback (most recent call last):
  File "/root/santhosh/trading/equity/.venv/lib/python3.12/site-packages/requests/adapters.py", line 644, in send
    resp = conn.urlopen(
           ^^^^^^^^^^^^^
  File "/root/santhosh/trading/equity/.venv/lib/python3.12/site-packages/urllib3/connectionpool.py", line 841, in urlopen
    retries = retries.increment(
              ^^^^^^^^^^^^^^^^^^
  File "/root/santhosh/trading/equity/.venv/lib/python3.12/site-packages/urllib3/util/retry.py", line 519, in increment
    raise MaxRetryError(_pool, url, reason) from reason  # type: ignore[arg-type]
    ^^^^^^^^^^^^^^^^^^^^^^^^^^^^^^^^^^^^^^^^^^^^^^^^^^^
urllib3.exceptions.MaxRetryError: HTTPConnectionPool(host='localhost', port=8080): Max retries exceeded with url: /learning/eod-update (Caused by NewConnectionError('<urllib3.connection.HTTPConnection object at 0x75d87441a480>: Failed to establish a new connection: [Errno 111] Connection refused'))

During handling of the above exception, another exception occurred:

Traceback (most recent call last):
  File "/root/santhosh/trading/equity/eqcode/eod_scheduler.py", line 181, in trigger_eod_update
    response = requests.post(
               ^^^^^^^^^^^^^^
  File "/root/santhosh/trading/equity/.venv/lib/python3.12/site-packages/requests/api.py", line 115, in post
    return request("post", url, data=data, json=json, **kwargs)
           ^^^^^^^^^^^^^^^^^^^^^^^^^^^^^^^^^^^^^^^^^^^^^^^^^^^^
  File "/root/santhosh/trading/equity/.venv/lib/python3.12/site-packages/requests/api.py", line 59, in request
    return session.request(method=method, url=url, **kwargs)
           ^^^^^^^^^^^^^^^^^^^^^^^^^^^^^^^^^^^^^^^^^^^^^^^^^
  File "/root/santhosh/trading/equity/.venv/lib/python3.12/site-packages/requests/sessions.py", line 589, in request
    resp = self.send(prep, **send_kwargs)
           ^^^^^^^^^^^^^^^^^^^^^^^^^^^^^^
  File "/root/santhosh/trading/equity/.venv/lib/python3.12/site-packages/requests/sessions.py", line 703, in send
    r = adapter.send(request, **kwargs)
        ^^^^^^^^^^^^^^^^^^^^^^^^^^^^^^^
  File "/root/santhosh/trading/equity/.venv/lib/python3.12/site-packages/requests/adapters.py", line 677, in send
    raise ConnectionError(e, request=request)
requests.exceptions.ConnectionError: HTTPConnectionPool(host='localhost', port=8080): Max retries exceeded with url: /learning/eod-update (Caused by NewConnectionError('<urllib3.connection.HTTPConnection object at 0x75d87441a480>: Failed to establish a new connection: [Errno 111] Connection refused'))

2025-12-02 17:56:21 | ERROR | errors | DETAILED_ERROR | error_type=EOD_CONNECTION_ERROR | message=Failed to connect to bot at http://localhost:8080 | timestamp=2025-12-02T17:56:21.484236 | exception_type=ConnectionError | exception_message=HTTPConnectionPool(host='localhost', port=8080): Max retries exceeded with url: /learning/eod-update (Caused by NewConnectionError('<urllib3.connection.HTTPConnection object at 0x7379fd173fb0>: Failed to establish a new connection: [Errno 111] Connection refused')) | stack_trace=Traceback (most recent call last):
  File "/root/santhosh/trading/equity/.venv/lib/python3.12/site-packages/urllib3/connection.py", line 198, in _new_conn
    sock = connection.create_connection(
           ^^^^^^^^^^^^^^^^^^^^^^^^^^^^^
  File "/root/santhosh/trading/equity/.venv/lib/python3.12/site-packages/urllib3/util/connection.py", line 85, in create_connection
    raise err
  File "/root/santhosh/trading/equity/.venv/lib/python3.12/site-packages/urllib3/util/connection.py", line 73, in create_connection
    sock.connect(sa)
ConnectionRefusedError: [Errno 111] Connection refused

The above exception was the direct cause of the following exception:

Traceback (most recent call last):
  File "/root/santhosh/trading/equity/.venv/lib/python3.12/site-packages/urllib3/connectionpool.py", line 787, in urlopen
    response = self._make_request(
               ^^^^^^^^^^^^^^^^^^^
  File "/root/santhosh/trading/equity/.venv/lib/python3.12/site-packages/urllib3/connectionpool.py", line 493, in _make_request
    conn.request(
  File "/root/santhosh/trading/equity/.venv/lib/python3.12/site-packages/urllib3/connection.py", line 494, in request
    self.endheaders()
  File "/usr/lib/python3.12/http/client.py", line 1331, in endheaders
    self._send_output(message_body, encode_chunked=encode_chunked)
  File "/usr/lib/python3.12/http/client.py", line 1091, in _send_output
    self.send(msg)
  File "/usr/lib/python3.12/http/client.py", line 1035, in send
    self.connect()
  File "/root/santhosh/trading/equity/.venv/lib/python3.12/site-packages/urllib3/connection.py", line 325, in connect
    self.sock = self._new_conn()
                ^^^^^^^^^^^^^^^^
  File "/root/santhosh/trading/equity/.venv/lib/python3.12/site-packages/urllib3/connection.py", line 213, in _new_conn
    raise NewConnectionError(
urllib3.exceptions.NewConnectionError: <urllib3.connection.HTTPConnection object at 0x7379fd173fb0>: Failed to establish a new connection: [Errno 111] Connection refused

The above exception was the direct cause of the following exception:

Traceback (most recent call last):
  File "/root/santhosh/trading/equity/.venv/lib/python3.12/site-packages/requests/adapters.py", line 644, in send
    resp = conn.urlopen(
           ^^^^^^^^^^^^^
  File "/root/santhosh/trading/equity/.venv/lib/python3.12/site-packages/urllib3/connectionpool.py", line 841, in urlopen
    retries = retries.increment(
              ^^^^^^^^^^^^^^^^^^
  File "/root/santhosh/trading/equity/.venv/lib/python3.12/site-packages/urllib3/util/retry.py", line 519, in increment
    raise MaxRetryError(_pool, url, reason) from reason  # type: ignore[arg-type]
    ^^^^^^^^^^^^^^^^^^^^^^^^^^^^^^^^^^^^^^^^^^^^^^^^^^^
urllib3.exceptions.MaxRetryError: HTTPConnectionPool(host='localhost', port=8080): Max retries exceeded with url: /learning/eod-update (Caused by NewConnectionError('<urllib3.connection.HTTPConnection object at 0x7379fd173fb0>: Failed to establish a new connection: [Errno 111] Connection refused'))

During handling of the above exception, another exception occurred:

Traceback (most recent call last):
  File "/root/santhosh/trading/equity/eqcode/eod_scheduler.py", line 181, in trigger_eod_update
    response = requests.post(
               ^^^^^^^^^^^^^^
  File "/root/santhosh/trading/equity/.venv/lib/python3.12/site-packages/requests/api.py", line 115, in post
    return request("post", url, data=data, json=json, **kwargs)
           ^^^^^^^^^^^^^^^^^^^^^^^^^^^^^^^^^^^^^^^^^^^^^^^^^^^^
  File "/root/santhosh/trading/equity/.venv/lib/python3.12/site-packages/requests/api.py", line 59, in request
    return session.request(method=method, url=url, **kwargs)
           ^^^^^^^^^^^^^^^^^^^^^^^^^^^^^^^^^^^^^^^^^^^^^^^^^
  File "/root/santhosh/trading/equity/.venv/lib/python3.12/site-packages/requests/sessions.py", line 589, in request
    resp = self.send(prep, **send_kwargs)
           ^^^^^^^^^^^^^^^^^^^^^^^^^^^^^^
  File "/root/santhosh/trading/equity/.venv/lib/python3.12/site-packages/requests/sessions.py", line 703, in send
    r = adapter.send(request, **kwargs)
        ^^^^^^^^^^^^^^^^^^^^^^^^^^^^^^^
  File "/root/santhosh/trading/equity/.venv/lib/python3.12/site-packages/requests/adapters.py", line 677, in send
    raise ConnectionError(e, request=request)
requests.exceptions.ConnectionError: HTTPConnectionPool(host='localhost', port=8080): Max retries exceeded with url: /learning/eod-update (Caused by NewConnectionError('<urllib3.connection.HTTPConnection object at 0x7379fd173fb0>: Failed to establish a new connection: [Errno 111] Connection refused'))

2025-12-02 17:56:21 | ERROR | errors | DETAILED_ERROR | error_type=EOD_CONNECTION_ERROR | message=Failed to connect to bot at http://localhost:8080 | timestamp=2025-12-02T17:56:21.502772 | exception_type=ConnectionError | exception_message=HTTPConnectionPool(host='localhost', port=8080): Max retries exceeded with url: /learning/eod-update (Caused by NewConnectionError('<urllib3.connection.HTTPConnection object at 0x7379fc41e870>: Failed to establish a new connection: [Errno 111] Connection refused')) | stack_trace=Traceback (most recent call last):
  File "/root/santhosh/trading/equity/.venv/lib/python3.12/site-packages/urllib3/connection.py", line 198, in _new_conn
    sock = connection.create_connection(
           ^^^^^^^^^^^^^^^^^^^^^^^^^^^^^
  File "/root/santhosh/trading/equity/.venv/lib/python3.12/site-packages/urllib3/util/connection.py", line 85, in create_connection
    raise err
  File "/root/santhosh/trading/equity/.venv/lib/python3.12/site-packages/urllib3/util/connection.py", line 73, in create_connection
    sock.connect(sa)
ConnectionRefusedError: [Errno 111] Connection refused

The above exception was the direct cause of the following exception:

Traceback (most recent call last):
  File "/root/santhosh/trading/equity/.venv/lib/python3.12/site-packages/urllib3/connectionpool.py", line 787, in urlopen
    response = self._make_request(
               ^^^^^^^^^^^^^^^^^^^
  File "/root/santhosh/trading/equity/.venv/lib/python3.12/site-packages/urllib3/connectionpool.py", line 493, in _make_request
    conn.request(
  File "/root/santhosh/trading/equity/.venv/lib/python3.12/site-packages/urllib3/connection.py", line 494, in request
    self.endheaders()
  File "/usr/lib/python3.12/http/client.py", line 1331, in endheaders
    self._send_output(message_body, encode_chunked=encode_chunked)
  File "/usr/lib/python3.12/http/client.py", line 1091, in _send_output
    self.send(msg)
  File "/usr/lib/python3.12/http/client.py", line 1035, in send
    self.connect()
  File "/root/santhosh/trading/equity/.venv/lib/python3.12/site-packages/urllib3/connection.py", line 325, in connect
    self.sock = self._new_conn()
                ^^^^^^^^^^^^^^^^
  File "/root/santhosh/trading/equity/.venv/lib/python3.12/site-packages/urllib3/connection.py", line 213, in _new_conn
    raise NewConnectionError(
urllib3.exceptions.NewConnectionError: <urllib3.connection.HTTPConnection object at 0x7379fc41e870>: Failed to establish a new connection: [Errno 111] Connection refused

The above exception was the direct cause of the following exception:

Traceback (most recent call last):
  File "/root/santhosh/trading/equity/.venv/lib/python3.12/site-packages/requests/adapters.py", line 644, in send
    resp = conn.urlopen(
           ^^^^^^^^^^^^^
  File "/root/santhosh/trading/equity/.venv/lib/python3.12/site-packages/urllib3/connectionpool.py", line 841, in urlopen
    retries = retries.increment(
              ^^^^^^^^^^^^^^^^^^
  File "/root/santhosh/trading/equity/.venv/lib/python3.12/site-packages/urllib3/util/retry.py", line 519, in increment
    raise MaxRetryError(_pool, url, reason) from reason  # type: ignore[arg-type]
    ^^^^^^^^^^^^^^^^^^^^^^^^^^^^^^^^^^^^^^^^^^^^^^^^^^^
urllib3.exceptions.MaxRetryError: HTTPConnectionPool(host='localhost', port=8080): Max retries exceeded with url: /learning/eod-update (Caused by NewConnectionError('<urllib3.connection.HTTPConnection object at 0x7379fc41e870>: Failed to establish a new connection: [Errno 111] Connection refused'))

During handling of the above exception, another exception occurred:

Traceback (most recent call last):
  File "/root/santhosh/trading/equity/eqcode/eod_scheduler.py", line 181, in trigger_eod_update
    response = requests.post(
               ^^^^^^^^^^^^^^
  File "/root/santhosh/trading/equity/.venv/lib/python3.12/site-packages/requests/api.py", line 115, in post
    return request("post", url, data=data, json=json, **kwargs)
           ^^^^^^^^^^^^^^^^^^^^^^^^^^^^^^^^^^^^^^^^^^^^^^^^^^^^
  File "/root/santhosh/trading/equity/.venv/lib/python3.12/site-packages/requests/api.py", line 59, in request
    return session.request(method=method, url=url, **kwargs)
           ^^^^^^^^^^^^^^^^^^^^^^^^^^^^^^^^^^^^^^^^^^^^^^^^^
  File "/root/santhosh/trading/equity/.venv/lib/python3.12/site-packages/requests/sessions.py", line 589, in request
    resp = self.send(prep, **send_kwargs)
           ^^^^^^^^^^^^^^^^^^^^^^^^^^^^^^
  File "/root/santhosh/trading/equity/.venv/lib/python3.12/site-packages/requests/sessions.py", line 703, in send
    r = adapter.send(request, **kwargs)
        ^^^^^^^^^^^^^^^^^^^^^^^^^^^^^^^
  File "/root/santhosh/trading/equity/.venv/lib/python3.12/site-packages/requests/adapters.py", line 677, in send
    raise ConnectionError(e, request=request)
requests.exceptions.ConnectionError: HTTPConnectionPool(host='localhost', port=8080): Max retries exceeded with url: /learning/eod-update (Caused by NewConnectionError('<urllib3.connection.HTTPConnection object at 0x7379fc41e870>: Failed to establish a new connection: [Errno 111] Connection refused'))

2025-12-02 17:57:19 | ERROR | errors | DETAILED_ERROR | error_type=EOD_CONNECTION_ERROR | message=Failed to connect to bot at http://localhost:8080 | timestamp=2025-12-02T17:57:19.052626 | exception_type=ConnectionError | exception_message=HTTPConnectionPool(host='localhost', port=8080): Max retries exceeded with url: /learning/eod-update (Caused by NewConnectionError('<urllib3.connection.HTTPConnection object at 0x726f4bf91760>: Failed to establish a new connection: [Errno 111] Connection refused')) | stack_trace=Traceback (most recent call last):
  File "/usr/local/lib/python3.12/dist-packages/urllib3/connection.py", line 198, in _new_conn
    sock = connection.create_connection(
           ^^^^^^^^^^^^^^^^^^^^^^^^^^^^^
  File "/usr/local/lib/python3.12/dist-packages/urllib3/util/connection.py", line 85, in create_connection
    raise err
  File "/usr/local/lib/python3.12/dist-packages/urllib3/util/connection.py", line 73, in create_connection
    sock.connect(sa)
ConnectionRefusedError: [Errno 111] Connection refused

The above exception was the direct cause of the following exception:

Traceback (most recent call last):
  File "/usr/local/lib/python3.12/dist-packages/urllib3/connectionpool.py", line 787, in urlopen
    response = self._make_request(
               ^^^^^^^^^^^^^^^^^^^
  File "/usr/local/lib/python3.12/dist-packages/urllib3/connectionpool.py", line 493, in _make_request
    conn.request(
  File "/usr/local/lib/python3.12/dist-packages/urllib3/connection.py", line 494, in request
    self.endheaders()
  File "/usr/lib/python3.12/http/client.py", line 1331, in endheaders
    self._send_output(message_body, encode_chunked=encode_chunked)
  File "/usr/lib/python3.12/http/client.py", line 1091, in _send_output
    self.send(msg)
  File "/usr/lib/python3.12/http/client.py", line 1035, in send
    self.connect()
  File "/usr/local/lib/python3.12/dist-packages/urllib3/connection.py", line 325, in connect
    self.sock = self._new_conn()
                ^^^^^^^^^^^^^^^^
  File "/usr/local/lib/python3.12/dist-packages/urllib3/connection.py", line 213, in _new_conn
    raise NewConnectionError(
urllib3.exceptions.NewConnectionError: <urllib3.connection.HTTPConnection object at 0x726f4bf91760>: Failed to establish a new connection: [Errno 111] Connection refused

The above exception was the direct cause of the following exception:

Traceback (most recent call last):
  File "/usr/local/lib/python3.12/dist-packages/requests/adapters.py", line 644, in send
    resp = conn.urlopen(
           ^^^^^^^^^^^^^
  File "/usr/local/lib/python3.12/dist-packages/urllib3/connectionpool.py", line 841, in urlopen
    retries = retries.increment(
              ^^^^^^^^^^^^^^^^^^
  File "/usr/local/lib/python3.12/dist-packages/urllib3/util/retry.py", line 519, in increment
    raise MaxRetryError(_pool, url, reason) from reason  # type: ignore[arg-type]
    ^^^^^^^^^^^^^^^^^^^^^^^^^^^^^^^^^^^^^^^^^^^^^^^^^^^
urllib3.exceptions.MaxRetryError: HTTPConnectionPool(host='localhost', port=8080): Max retries exceeded with url: /learning/eod-update (Caused by NewConnectionError('<urllib3.connection.HTTPConnection object at 0x726f4bf91760>: Failed to establish a new connection: [Errno 111] Connection refused'))

During handling of the above exception, another exception occurred:

Traceback (most recent call last):
  File "/root/santhosh/trading/equity/eqcode/eod_scheduler.py", line 181, in trigger_eod_update
    response = requests.post(
               ^^^^^^^^^^^^^^
  File "/usr/local/lib/python3.12/dist-packages/requests/api.py", line 115, in post
    return request("post", url, data=data, json=json, **kwargs)
           ^^^^^^^^^^^^^^^^^^^^^^^^^^^^^^^^^^^^^^^^^^^^^^^^^^^^
  File "/usr/local/lib/python3.12/dist-packages/requests/api.py", line 59, in request
    return session.request(method=method, url=url, **kwargs)
           ^^^^^^^^^^^^^^^^^^^^^^^^^^^^^^^^^^^^^^^^^^^^^^^^^
  File "/usr/local/lib/python3.12/dist-packages/requests/sessions.py", line 589, in request
    resp = self.send(prep, **send_kwargs)
           ^^^^^^^^^^^^^^^^^^^^^^^^^^^^^^
  File "/usr/local/lib/python3.12/dist-packages/requests/sessions.py", line 703, in send
    r = adapter.send(request, **kwargs)
        ^^^^^^^^^^^^^^^^^^^^^^^^^^^^^^^
  File "/usr/local/lib/python3.12/dist-packages/requests/adapters.py", line 677, in send
    raise ConnectionError(e, request=request)
requests.exceptions.ConnectionError: HTTPConnectionPool(host='localhost', port=8080): Max retries exceeded with url: /learning/eod-update (Caused by NewConnectionError('<urllib3.connection.HTTPConnection object at 0x726f4bf91760>: Failed to establish a new connection: [Errno 111] Connection refused'))

2025-12-02 17:57:19 | ERROR | errors | DETAILED_ERROR | error_type=EOD_CONNECTION_ERROR | message=Failed to connect to bot at http://localhost:8080 | timestamp=2025-12-02T17:57:19.074048 | exception_type=ConnectionError | exception_message=HTTPConnectionPool(host='localhost', port=8080): Max retries exceeded with url: /learning/eod-update (Caused by NewConnectionError('<urllib3.connection.HTTPConnection object at 0x726f48938c50>: Failed to establish a new connection: [Errno 111] Connection refused')) | stack_trace=Traceback (most recent call last):
  File "/usr/local/lib/python3.12/dist-packages/urllib3/connection.py", line 198, in _new_conn
    sock = connection.create_connection(
           ^^^^^^^^^^^^^^^^^^^^^^^^^^^^^
  File "/usr/local/lib/python3.12/dist-packages/urllib3/util/connection.py", line 85, in create_connection
    raise err
  File "/usr/local/lib/python3.12/dist-packages/urllib3/util/connection.py", line 73, in create_connection
    sock.connect(sa)
ConnectionRefusedError: [Errno 111] Connection refused

The above exception was the direct cause of the following exception:

Traceback (most recent call last):
  File "/usr/local/lib/python3.12/dist-packages/urllib3/connectionpool.py", line 787, in urlopen
    response = self._make_request(
               ^^^^^^^^^^^^^^^^^^^
  File "/usr/local/lib/python3.12/dist-packages/urllib3/connectionpool.py", line 493, in _make_request
    conn.request(
  File "/usr/local/lib/python3.12/dist-packages/urllib3/connection.py", line 494, in request
    self.endheaders()
  File "/usr/lib/python3.12/http/client.py", line 1331, in endheaders
    self._send_output(message_body, encode_chunked=encode_chunked)
  File "/usr/lib/python3.12/http/client.py", line 1091, in _send_output
    self.send(msg)
  File "/usr/lib/python3.12/http/client.py", line 1035, in send
    self.connect()
  File "/usr/local/lib/python3.12/dist-packages/urllib3/connection.py", line 325, in connect
    self.sock = self._new_conn()
                ^^^^^^^^^^^^^^^^
  File "/usr/local/lib/python3.12/dist-packages/urllib3/connection.py", line 213, in _new_conn
    raise NewConnectionError(
urllib3.exceptions.NewConnectionError: <urllib3.connection.HTTPConnection object at 0x726f48938c50>: Failed to establish a new connection: [Errno 111] Connection refused

The above exception was the direct cause of the following exception:

Traceback (most recent call last):
  File "/usr/local/lib/python3.12/dist-packages/requests/adapters.py", line 644, in send
    resp = conn.urlopen(
           ^^^^^^^^^^^^^
  File "/usr/local/lib/python3.12/dist-packages/urllib3/connectionpool.py", line 841, in urlopen
    retries = retries.increment(
              ^^^^^^^^^^^^^^^^^^
  File "/usr/local/lib/python3.12/dist-packages/urllib3/util/retry.py", line 519, in increment
    raise MaxRetryError(_pool, url, reason) from reason  # type: ignore[arg-type]
    ^^^^^^^^^^^^^^^^^^^^^^^^^^^^^^^^^^^^^^^^^^^^^^^^^^^
urllib3.exceptions.MaxRetryError: HTTPConnectionPool(host='localhost', port=8080): Max retries exceeded with url: /learning/eod-update (Caused by NewConnectionError('<urllib3.connection.HTTPConnection object at 0x726f48938c50>: Failed to establish a new connection: [Errno 111] Connection refused'))

During handling of the above exception, another exception occurred:

Traceback (most recent call last):
  File "/root/santhosh/trading/equity/eqcode/eod_scheduler.py", line 181, in trigger_eod_update
    response = requests.post(
               ^^^^^^^^^^^^^^
  File "/usr/local/lib/python3.12/dist-packages/requests/api.py", line 115, in post
    return request("post", url, data=data, json=json, **kwargs)
           ^^^^^^^^^^^^^^^^^^^^^^^^^^^^^^^^^^^^^^^^^^^^^^^^^^^^
  File "/usr/local/lib/python3.12/dist-packages/requests/api.py", line 59, in request
    return session.request(method=method, url=url, **kwargs)
           ^^^^^^^^^^^^^^^^^^^^^^^^^^^^^^^^^^^^^^^^^^^^^^^^^
  File "/usr/local/lib/python3.12/dist-packages/requests/sessions.py", line 589, in request
    resp = self.send(prep, **send_kwargs)
           ^^^^^^^^^^^^^^^^^^^^^^^^^^^^^^
  File "/usr/local/lib/python3.12/dist-packages/requests/sessions.py", line 703, in send
    r = adapter.send(request, **kwargs)
        ^^^^^^^^^^^^^^^^^^^^^^^^^^^^^^^
  File "/usr/local/lib/python3.12/dist-packages/requests/adapters.py", line 677, in send
    raise ConnectionError(e, request=request)
requests.exceptions.ConnectionError: HTTPConnectionPool(host='localhost', port=8080): Max retries exceeded with url: /learning/eod-update (Caused by NewConnectionError('<urllib3.connection.HTTPConnection object at 0x726f48938c50>: Failed to establish a new connection: [Errno 111] Connection refused'))

2025-12-02 17:57:31 | ERROR | errors | DETAILED_ERROR | error_type=EOD_CONNECTION_ERROR | message=Failed to connect to bot at http://localhost:8080 | timestamp=2025-12-02T17:57:31.125365 | exception_type=ConnectionError | exception_message=HTTPConnectionPool(host='localhost', port=8080): Max retries exceeded with url: /learning/eod-update (Caused by NewConnectionError('<urllib3.connection.HTTPConnection object at 0x732afe6bf0b0>: Failed to establish a new connection: [Errno 111] Connection refused')) | stack_trace=Traceback (most recent call last):
  File "/root/santhosh/trading/equity/.venv/lib/python3.12/site-packages/urllib3/connection.py", line 198, in _new_conn
    sock = connection.create_connection(
           ^^^^^^^^^^^^^^^^^^^^^^^^^^^^^
  File "/root/santhosh/trading/equity/.venv/lib/python3.12/site-packages/urllib3/util/connection.py", line 85, in create_connection
    raise err
  File "/root/santhosh/trading/equity/.venv/lib/python3.12/site-packages/urllib3/util/connection.py", line 73, in create_connection
    sock.connect(sa)
ConnectionRefusedError: [Errno 111] Connection refused

The above exception was the direct cause of the following exception:

Traceback (most recent call last):
  File "/root/santhosh/trading/equity/.venv/lib/python3.12/site-packages/urllib3/connectionpool.py", line 787, in urlopen
    response = self._make_request(
               ^^^^^^^^^^^^^^^^^^^
  File "/root/santhosh/trading/equity/.venv/lib/python3.12/site-packages/urllib3/connectionpool.py", line 493, in _make_request
    conn.request(
  File "/root/santhosh/trading/equity/.venv/lib/python3.12/site-packages/urllib3/connection.py", line 494, in request
    self.endheaders()
  File "/usr/lib/python3.12/http/client.py", line 1331, in endheaders
    self._send_output(message_body, encode_chunked=encode_chunked)
  File "/usr/lib/python3.12/http/client.py", line 1091, in _send_output
    self.send(msg)
  File "/usr/lib/python3.12/http/client.py", line 1035, in send
    self.connect()
  File "/root/santhosh/trading/equity/.venv/lib/python3.12/site-packages/urllib3/connection.py", line 325, in connect
    self.sock = self._new_conn()
                ^^^^^^^^^^^^^^^^
  File "/root/santhosh/trading/equity/.venv/lib/python3.12/site-packages/urllib3/connection.py", line 213, in _new_conn
    raise NewConnectionError(
urllib3.exceptions.NewConnectionError: <urllib3.connection.HTTPConnection object at 0x732afe6bf0b0>: Failed to establish a new connection: [Errno 111] Connection refused

The above exception was the direct cause of the following exception:

Traceback (most recent call last):
  File "/root/santhosh/trading/equity/.venv/lib/python3.12/site-packages/requests/adapters.py", line 644, in send
    resp = conn.urlopen(
           ^^^^^^^^^^^^^
  File "/root/santhosh/trading/equity/.venv/lib/python3.12/site-packages/urllib3/connectionpool.py", line 841, in urlopen
    retries = retries.increment(
              ^^^^^^^^^^^^^^^^^^
  File "/root/santhosh/trading/equity/.venv/lib/python3.12/site-packages/urllib3/util/retry.py", line 519, in increment
    raise MaxRetryError(_pool, url, reason) from reason  # type: ignore[arg-type]
    ^^^^^^^^^^^^^^^^^^^^^^^^^^^^^^^^^^^^^^^^^^^^^^^^^^^
urllib3.exceptions.MaxRetryError: HTTPConnectionPool(host='localhost', port=8080): Max retries exceeded with url: /learning/eod-update (Caused by NewConnectionError('<urllib3.connection.HTTPConnection object at 0x732afe6bf0b0>: Failed to establish a new connection: [Errno 111] Connection refused'))

During handling of the above exception, another exception occurred:

Traceback (most recent call last):
  File "/root/santhosh/trading/equity/eqcode/eod_scheduler.py", line 181, in trigger_eod_update
    response = requests.post(
               ^^^^^^^^^^^^^^
  File "/root/santhosh/trading/equity/.venv/lib/python3.12/site-packages/requests/api.py", line 115, in post
    return request("post", url, data=data, json=json, **kwargs)
           ^^^^^^^^^^^^^^^^^^^^^^^^^^^^^^^^^^^^^^^^^^^^^^^^^^^^
  File "/root/santhosh/trading/equity/.venv/lib/python3.12/site-packages/requests/api.py", line 59, in request
    return session.request(method=method, url=url, **kwargs)
           ^^^^^^^^^^^^^^^^^^^^^^^^^^^^^^^^^^^^^^^^^^^^^^^^^
  File "/root/santhosh/trading/equity/.venv/lib/python3.12/site-packages/requests/sessions.py", line 589, in request
    resp = self.send(prep, **send_kwargs)
           ^^^^^^^^^^^^^^^^^^^^^^^^^^^^^^
  File "/root/santhosh/trading/equity/.venv/lib/python3.12/site-packages/requests/sessions.py", line 703, in send
    r = adapter.send(request, **kwargs)
        ^^^^^^^^^^^^^^^^^^^^^^^^^^^^^^^
  File "/root/santhosh/trading/equity/.venv/lib/python3.12/site-packages/requests/adapters.py", line 677, in send
    raise ConnectionError(e, request=request)
requests.exceptions.ConnectionError: HTTPConnectionPool(host='localhost', port=8080): Max retries exceeded with url: /learning/eod-update (Caused by NewConnectionError('<urllib3.connection.HTTPConnection object at 0x732afe6bf0b0>: Failed to establish a new connection: [Errno 111] Connection refused'))

2025-12-02 17:57:31 | ERROR | errors | DETAILED_ERROR | error_type=EOD_CONNECTION_ERROR | message=Failed to connect to bot at http://localhost:8080 | timestamp=2025-12-02T17:57:31.153961 | exception_type=ConnectionError | exception_message=HTTPConnectionPool(host='localhost', port=8080): Max retries exceeded with url: /learning/eod-update (Caused by NewConnectionError('<urllib3.connection.HTTPConnection object at 0x732af576ac30>: Failed to establish a new connection: [Errno 111] Connection refused')) | stack_trace=Traceback (most recent call last):
  File "/root/santhosh/trading/equity/.venv/lib/python3.12/site-packages/urllib3/connection.py", line 198, in _new_conn
    sock = connection.create_connection(
           ^^^^^^^^^^^^^^^^^^^^^^^^^^^^^
  File "/root/santhosh/trading/equity/.venv/lib/python3.12/site-packages/urllib3/util/connection.py", line 85, in create_connection
    raise err
  File "/root/santhosh/trading/equity/.venv/lib/python3.12/site-packages/urllib3/util/connection.py", line 73, in create_connection
    sock.connect(sa)
ConnectionRefusedError: [Errno 111] Connection refused

The above exception was the direct cause of the following exception:

Traceback (most recent call last):
  File "/root/santhosh/trading/equity/.venv/lib/python3.12/site-packages/urllib3/connectionpool.py", line 787, in urlopen
    response = self._make_request(
               ^^^^^^^^^^^^^^^^^^^
  File "/root/santhosh/trading/equity/.venv/lib/python3.12/site-packages/urllib3/connectionpool.py", line 493, in _make_request
    conn.request(
  File "/root/santhosh/trading/equity/.venv/lib/python3.12/site-packages/urllib3/connection.py", line 494, in request
    self.endheaders()
  File "/usr/lib/python3.12/http/client.py", line 1331, in endheaders
    self._send_output(message_body, encode_chunked=encode_chunked)
  File "/usr/lib/python3.12/http/client.py", line 1091, in _send_output
    self.send(msg)
  File "/usr/lib/python3.12/http/client.py", line 1035, in send
    self.connect()
  File "/root/santhosh/trading/equity/.venv/lib/python3.12/site-packages/urllib3/connection.py", line 325, in connect
    self.sock = self._new_conn()
                ^^^^^^^^^^^^^^^^
  File "/root/santhosh/trading/equity/.venv/lib/python3.12/site-packages/urllib3/connection.py", line 213, in _new_conn
    raise NewConnectionError(
urllib3.exceptions.NewConnectionError: <urllib3.connection.HTTPConnection object at 0x732af576ac30>: Failed to establish a new connection: [Errno 111] Connection refused

The above exception was the direct cause of the following exception:

Traceback (most recent call last):
  File "/root/santhosh/trading/equity/.venv/lib/python3.12/site-packages/requests/adapters.py", line 644, in send
    resp = conn.urlopen(
           ^^^^^^^^^^^^^
  File "/root/santhosh/trading/equity/.venv/lib/python3.12/site-packages/urllib3/connectionpool.py", line 841, in urlopen
    retries = retries.increment(
              ^^^^^^^^^^^^^^^^^^
  File "/root/santhosh/trading/equity/.venv/lib/python3.12/site-packages/urllib3/util/retry.py", line 519, in increment
    raise MaxRetryError(_pool, url, reason) from reason  # type: ignore[arg-type]
    ^^^^^^^^^^^^^^^^^^^^^^^^^^^^^^^^^^^^^^^^^^^^^^^^^^^
urllib3.exceptions.MaxRetryError: HTTPConnectionPool(host='localhost', port=8080): Max retries exceeded with url: /learning/eod-update (Caused by NewConnectionError('<urllib3.connection.HTTPConnection object at 0x732af576ac30>: Failed to establish a new connection: [Errno 111] Connection refused'))

During handling of the above exception, another exception occurred:

Traceback (most recent call last):
  File "/root/santhosh/trading/equity/eqcode/eod_scheduler.py", line 181, in trigger_eod_update
    response = requests.post(
               ^^^^^^^^^^^^^^
  File "/root/santhosh/trading/equity/.venv/lib/python3.12/site-packages/requests/api.py", line 115, in post
    return request("post", url, data=data, json=json, **kwargs)
           ^^^^^^^^^^^^^^^^^^^^^^^^^^^^^^^^^^^^^^^^^^^^^^^^^^^^
  File "/root/santhosh/trading/equity/.venv/lib/python3.12/site-packages/requests/api.py", line 59, in request
    return session.request(method=method, url=url, **kwargs)
           ^^^^^^^^^^^^^^^^^^^^^^^^^^^^^^^^^^^^^^^^^^^^^^^^^
  File "/root/santhosh/trading/equity/.venv/lib/python3.12/site-packages/requests/sessions.py", line 589, in request
    resp = self.send(prep, **send_kwargs)
           ^^^^^^^^^^^^^^^^^^^^^^^^^^^^^^
  File "/root/santhosh/trading/equity/.venv/lib/python3.12/site-packages/requests/sessions.py", line 703, in send
    r = adapter.send(request, **kwargs)
        ^^^^^^^^^^^^^^^^^^^^^^^^^^^^^^^
  File "/root/santhosh/trading/equity/.venv/lib/python3.12/site-packages/requests/adapters.py", line 677, in send
    raise ConnectionError(e, request=request)
requests.exceptions.ConnectionError: HTTPConnectionPool(host='localhost', port=8080): Max retries exceeded with url: /learning/eod-update (Caused by NewConnectionError('<urllib3.connection.HTTPConnection object at 0x732af576ac30>: Failed to establish a new connection: [Errno 111] Connection refused'))

2025-12-02 17:58:05 | ERROR | errors | DETAILED_ERROR | error_type=EOD_CONNECTION_ERROR | message=Failed to connect to bot at http://localhost:8080 | timestamp=2025-12-02T17:58:05.970553 | exception_type=ConnectionError | exception_message=HTTPConnectionPool(host='localhost', port=8080): Max retries exceeded with url: /learning/eod-update (Caused by NewConnectionError('<urllib3.connection.HTTPConnection object at 0x754bad782780>: Failed to establish a new connection: [Errno 111] Connection refused')) | stack_trace=Traceback (most recent call last):
  File "/usr/local/lib/python3.12/dist-packages/urllib3/connection.py", line 198, in _new_conn
    sock = connection.create_connection(
           ^^^^^^^^^^^^^^^^^^^^^^^^^^^^^
  File "/usr/local/lib/python3.12/dist-packages/urllib3/util/connection.py", line 85, in create_connection
    raise err
  File "/usr/local/lib/python3.12/dist-packages/urllib3/util/connection.py", line 73, in create_connection
    sock.connect(sa)
ConnectionRefusedError: [Errno 111] Connection refused

The above exception was the direct cause of the following exception:

Traceback (most recent call last):
  File "/usr/local/lib/python3.12/dist-packages/urllib3/connectionpool.py", line 787, in urlopen
    response = self._make_request(
               ^^^^^^^^^^^^^^^^^^^
  File "/usr/local/lib/python3.12/dist-packages/urllib3/connectionpool.py", line 493, in _make_request
    conn.request(
  File "/usr/local/lib/python3.12/dist-packages/urllib3/connection.py", line 494, in request
    self.endheaders()
  File "/usr/lib/python3.12/http/client.py", line 1331, in endheaders
    self._send_output(message_body, encode_chunked=encode_chunked)
  File "/usr/lib/python3.12/http/client.py", line 1091, in _send_output
    self.send(msg)
  File "/usr/lib/python3.12/http/client.py", line 1035, in send
    self.connect()
  File "/usr/local/lib/python3.12/dist-packages/urllib3/connection.py", line 325, in connect
    self.sock = self._new_conn()
                ^^^^^^^^^^^^^^^^
  File "/usr/local/lib/python3.12/dist-packages/urllib3/connection.py", line 213, in _new_conn
    raise NewConnectionError(
urllib3.exceptions.NewConnectionError: <urllib3.connection.HTTPConnection object at 0x754bad782780>: Failed to establish a new connection: [Errno 111] Connection refused

The above exception was the direct cause of the following exception:

Traceback (most recent call last):
  File "/usr/local/lib/python3.12/dist-packages/requests/adapters.py", line 644, in send
    resp = conn.urlopen(
           ^^^^^^^^^^^^^
  File "/usr/local/lib/python3.12/dist-packages/urllib3/connectionpool.py", line 841, in urlopen
    retries = retries.increment(
              ^^^^^^^^^^^^^^^^^^
  File "/usr/local/lib/python3.12/dist-packages/urllib3/util/retry.py", line 519, in increment
    raise MaxRetryError(_pool, url, reason) from reason  # type: ignore[arg-type]
    ^^^^^^^^^^^^^^^^^^^^^^^^^^^^^^^^^^^^^^^^^^^^^^^^^^^
urllib3.exceptions.MaxRetryError: HTTPConnectionPool(host='localhost', port=8080): Max retries exceeded with url: /learning/eod-update (Caused by NewConnectionError('<urllib3.connection.HTTPConnection object at 0x754bad782780>: Failed to establish a new connection: [Errno 111] Connection refused'))

During handling of the above exception, another exception occurred:

Traceback (most recent call last):
  File "/root/santhosh/trading/equity/eqcode/eod_scheduler.py", line 181, in trigger_eod_update
    response = requests.post(
               ^^^^^^^^^^^^^^
  File "/usr/local/lib/python3.12/dist-packages/requests/api.py", line 115, in post
    return request("post", url, data=data, json=json, **kwargs)
           ^^^^^^^^^^^^^^^^^^^^^^^^^^^^^^^^^^^^^^^^^^^^^^^^^^^^
  File "/usr/local/lib/python3.12/dist-packages/requests/api.py", line 59, in request
    return session.request(method=method, url=url, **kwargs)
           ^^^^^^^^^^^^^^^^^^^^^^^^^^^^^^^^^^^^^^^^^^^^^^^^^
  File "/usr/local/lib/python3.12/dist-packages/requests/sessions.py", line 589, in request
    resp = self.send(prep, **send_kwargs)
           ^^^^^^^^^^^^^^^^^^^^^^^^^^^^^^
  File "/usr/local/lib/python3.12/dist-packages/requests/sessions.py", line 703, in send
    r = adapter.send(request, **kwargs)
        ^^^^^^^^^^^^^^^^^^^^^^^^^^^^^^^
  File "/usr/local/lib/python3.12/dist-packages/requests/adapters.py", line 677, in send
    raise ConnectionError(e, request=request)
requests.exceptions.ConnectionError: HTTPConnectionPool(host='localhost', port=8080): Max retries exceeded with url: /learning/eod-update (Caused by NewConnectionError('<urllib3.connection.HTTPConnection object at 0x754bad782780>: Failed to establish a new connection: [Errno 111] Connection refused'))

2025-12-02 17:58:05 | ERROR | errors | DETAILED_ERROR | error_type=EOD_CONNECTION_ERROR | message=Failed to connect to bot at http://localhost:8080 | timestamp=2025-12-02T17:58:05.989133 | exception_type=ConnectionError | exception_message=HTTPConnectionPool(host='localhost', port=8080): Max retries exceeded with url: /learning/eod-update (Caused by NewConnectionError('<urllib3.connection.HTTPConnection object at 0x754bac524fe0>: Failed to establish a new connection: [Errno 111] Connection refused')) | stack_trace=Traceback (most recent call last):
  File "/usr/local/lib/python3.12/dist-packages/urllib3/connection.py", line 198, in _new_conn
    sock = connection.create_connection(
           ^^^^^^^^^^^^^^^^^^^^^^^^^^^^^
  File "/usr/local/lib/python3.12/dist-packages/urllib3/util/connection.py", line 85, in create_connection
    raise err
  File "/usr/local/lib/python3.12/dist-packages/urllib3/util/connection.py", line 73, in create_connection
    sock.connect(sa)
ConnectionRefusedError: [Errno 111] Connection refused

The above exception was the direct cause of the following exception:

Traceback (most recent call last):
  File "/usr/local/lib/python3.12/dist-packages/urllib3/connectionpool.py", line 787, in urlopen
    response = self._make_request(
               ^^^^^^^^^^^^^^^^^^^
  File "/usr/local/lib/python3.12/dist-packages/urllib3/connectionpool.py", line 493, in _make_request
    conn.request(
  File "/usr/local/lib/python3.12/dist-packages/urllib3/connection.py", line 494, in request
    self.endheaders()
  File "/usr/lib/python3.12/http/client.py", line 1331, in endheaders
    self._send_output(message_body, encode_chunked=encode_chunked)
  File "/usr/lib/python3.12/http/client.py", line 1091, in _send_output
    self.send(msg)
  File "/usr/lib/python3.12/http/client.py", line 1035, in send
    self.connect()
  File "/usr/local/lib/python3.12/dist-packages/urllib3/connection.py", line 325, in connect
    self.sock = self._new_conn()
                ^^^^^^^^^^^^^^^^
  File "/usr/local/lib/python3.12/dist-packages/urllib3/connection.py", line 213, in _new_conn
    raise NewConnectionError(
urllib3.exceptions.NewConnectionError: <urllib3.connection.HTTPConnection object at 0x754bac524fe0>: Failed to establish a new connection: [Errno 111] Connection refused

The above exception was the direct cause of the following exception:

Traceback (most recent call last):
  File "/usr/local/lib/python3.12/dist-packages/requests/adapters.py", line 644, in send
    resp = conn.urlopen(
           ^^^^^^^^^^^^^
  File "/usr/local/lib/python3.12/dist-packages/urllib3/connectionpool.py", line 841, in urlopen
    retries = retries.increment(
              ^^^^^^^^^^^^^^^^^^
  File "/usr/local/lib/python3.12/dist-packages/urllib3/util/retry.py", line 519, in increment
    raise MaxRetryError(_pool, url, reason) from reason  # type: ignore[arg-type]
    ^^^^^^^^^^^^^^^^^^^^^^^^^^^^^^^^^^^^^^^^^^^^^^^^^^^
urllib3.exceptions.MaxRetryError: HTTPConnectionPool(host='localhost', port=8080): Max retries exceeded with url: /learning/eod-update (Caused by NewConnectionError('<urllib3.connection.HTTPConnection object at 0x754bac524fe0>: Failed to establish a new connection: [Errno 111] Connection refused'))

During handling of the above exception, another exception occurred:

Traceback (most recent call last):
  File "/root/santhosh/trading/equity/eqcode/eod_scheduler.py", line 181, in trigger_eod_update
    response = requests.post(
               ^^^^^^^^^^^^^^
  File "/usr/local/lib/python3.12/dist-packages/requests/api.py", line 115, in post
    return request("post", url, data=data, json=json, **kwargs)
           ^^^^^^^^^^^^^^^^^^^^^^^^^^^^^^^^^^^^^^^^^^^^^^^^^^^^
  File "/usr/local/lib/python3.12/dist-packages/requests/api.py", line 59, in request
    return session.request(method=method, url=url, **kwargs)
           ^^^^^^^^^^^^^^^^^^^^^^^^^^^^^^^^^^^^^^^^^^^^^^^^^
  File "/usr/local/lib/python3.12/dist-packages/requests/sessions.py", line 589, in request
    resp = self.send(prep, **send_kwargs)
           ^^^^^^^^^^^^^^^^^^^^^^^^^^^^^^
  File "/usr/local/lib/python3.12/dist-packages/requests/sessions.py", line 703, in send
    r = adapter.send(request, **kwargs)
        ^^^^^^^^^^^^^^^^^^^^^^^^^^^^^^^
  File "/usr/local/lib/python3.12/dist-packages/requests/adapters.py", line 677, in send
    raise ConnectionError(e, request=request)
requests.exceptions.ConnectionError: HTTPConnectionPool(host='localhost', port=8080): Max retries exceeded with url: /learning/eod-update (Caused by NewConnectionError('<urllib3.connection.HTTPConnection object at 0x754bac524fe0>: Failed to establish a new connection: [Errno 111] Connection refused'))

2025-12-02 17:58:15 | ERROR | errors | DETAILED_ERROR | error_type=EOD_CONNECTION_ERROR | message=Failed to connect to bot at http://localhost:8080 | timestamp=2025-12-02T17:58:15.471061 | exception_type=ConnectionError | exception_message=HTTPConnectionPool(host='localhost', port=8080): Max retries exceeded with url: /learning/eod-update (Caused by NewConnectionError('<urllib3.connection.HTTPConnection object at 0x7351c9371940>: Failed to establish a new connection: [Errno 111] Connection refused')) | stack_trace=Traceback (most recent call last):
  File "/root/santhosh/trading/equity/.venv/lib/python3.12/site-packages/urllib3/connection.py", line 198, in _new_conn
    sock = connection.create_connection(
           ^^^^^^^^^^^^^^^^^^^^^^^^^^^^^
  File "/root/santhosh/trading/equity/.venv/lib/python3.12/site-packages/urllib3/util/connection.py", line 85, in create_connection
    raise err
  File "/root/santhosh/trading/equity/.venv/lib/python3.12/site-packages/urllib3/util/connection.py", line 73, in create_connection
    sock.connect(sa)
ConnectionRefusedError: [Errno 111] Connection refused

The above exception was the direct cause of the following exception:

Traceback (most recent call last):
  File "/root/santhosh/trading/equity/.venv/lib/python3.12/site-packages/urllib3/connectionpool.py", line 787, in urlopen
    response = self._make_request(
               ^^^^^^^^^^^^^^^^^^^
  File "/root/santhosh/trading/equity/.venv/lib/python3.12/site-packages/urllib3/connectionpool.py", line 493, in _make_request
    conn.request(
  File "/root/santhosh/trading/equity/.venv/lib/python3.12/site-packages/urllib3/connection.py", line 494, in request
    self.endheaders()
  File "/usr/lib/python3.12/http/client.py", line 1331, in endheaders
    self._send_output(message_body, encode_chunked=encode_chunked)
  File "/usr/lib/python3.12/http/client.py", line 1091, in _send_output
    self.send(msg)
  File "/usr/lib/python3.12/http/client.py", line 1035, in send
    self.connect()
  File "/root/santhosh/trading/equity/.venv/lib/python3.12/site-packages/urllib3/connection.py", line 325, in connect
    self.sock = self._new_conn()
                ^^^^^^^^^^^^^^^^
  File "/root/santhosh/trading/equity/.venv/lib/python3.12/site-packages/urllib3/connection.py", line 213, in _new_conn
    raise NewConnectionError(
urllib3.exceptions.NewConnectionError: <urllib3.connection.HTTPConnection object at 0x7351c9371940>: Failed to establish a new connection: [Errno 111] Connection refused

The above exception was the direct cause of the following exception:

Traceback (most recent call last):
  File "/root/santhosh/trading/equity/.venv/lib/python3.12/site-packages/requests/adapters.py", line 644, in send
    resp = conn.urlopen(
           ^^^^^^^^^^^^^
  File "/root/santhosh/trading/equity/.venv/lib/python3.12/site-packages/urllib3/connectionpool.py", line 841, in urlopen
    retries = retries.increment(
              ^^^^^^^^^^^^^^^^^^
  File "/root/santhosh/trading/equity/.venv/lib/python3.12/site-packages/urllib3/util/retry.py", line 519, in increment
    raise MaxRetryError(_pool, url, reason) from reason  # type: ignore[arg-type]
    ^^^^^^^^^^^^^^^^^^^^^^^^^^^^^^^^^^^^^^^^^^^^^^^^^^^
urllib3.exceptions.MaxRetryError: HTTPConnectionPool(host='localhost', port=8080): Max retries exceeded with url: /learning/eod-update (Caused by NewConnectionError('<urllib3.connection.HTTPConnection object at 0x7351c9371940>: Failed to establish a new connection: [Errno 111] Connection refused'))

During handling of the above exception, another exception occurred:

Traceback (most recent call last):
  File "/root/santhosh/trading/equity/eqcode/eod_scheduler.py", line 181, in trigger_eod_update
    response = requests.post(
               ^^^^^^^^^^^^^^
  File "/root/santhosh/trading/equity/.venv/lib/python3.12/site-packages/requests/api.py", line 115, in post
    return request("post", url, data=data, json=json, **kwargs)
           ^^^^^^^^^^^^^^^^^^^^^^^^^^^^^^^^^^^^^^^^^^^^^^^^^^^^
  File "/root/santhosh/trading/equity/.venv/lib/python3.12/site-packages/requests/api.py", line 59, in request
    return session.request(method=method, url=url, **kwargs)
           ^^^^^^^^^^^^^^^^^^^^^^^^^^^^^^^^^^^^^^^^^^^^^^^^^
  File "/root/santhosh/trading/equity/.venv/lib/python3.12/site-packages/requests/sessions.py", line 589, in request
    resp = self.send(prep, **send_kwargs)
           ^^^^^^^^^^^^^^^^^^^^^^^^^^^^^^
  File "/root/santhosh/trading/equity/.venv/lib/python3.12/site-packages/requests/sessions.py", line 703, in send
    r = adapter.send(request, **kwargs)
        ^^^^^^^^^^^^^^^^^^^^^^^^^^^^^^^
  File "/root/santhosh/trading/equity/.venv/lib/python3.12/site-packages/requests/adapters.py", line 677, in send
    raise ConnectionError(e, request=request)
requests.exceptions.ConnectionError: HTTPConnectionPool(host='localhost', port=8080): Max retries exceeded with url: /learning/eod-update (Caused by NewConnectionError('<urllib3.connection.HTTPConnection object at 0x7351c9371940>: Failed to establish a new connection: [Errno 111] Connection refused'))

2025-12-02 17:58:15 | ERROR | errors | DETAILED_ERROR | error_type=EOD_CONNECTION_ERROR | message=Failed to connect to bot at http://localhost:8080 | timestamp=2025-12-02T17:58:15.492220 | exception_type=ConnectionError | exception_message=HTTPConnectionPool(host='localhost', port=8080): Max retries exceeded with url: /learning/eod-update (Caused by NewConnectionError('<urllib3.connection.HTTPConnection object at 0x7351c8622450>: Failed to establish a new connection: [Errno 111] Connection refused')) | stack_trace=Traceback (most recent call last):
  File "/root/santhosh/trading/equity/.venv/lib/python3.12/site-packages/urllib3/connection.py", line 198, in _new_conn
    sock = connection.create_connection(
           ^^^^^^^^^^^^^^^^^^^^^^^^^^^^^
  File "/root/santhosh/trading/equity/.venv/lib/python3.12/site-packages/urllib3/util/connection.py", line 85, in create_connection
    raise err
  File "/root/santhosh/trading/equity/.venv/lib/python3.12/site-packages/urllib3/util/connection.py", line 73, in create_connection
    sock.connect(sa)
ConnectionRefusedError: [Errno 111] Connection refused

The above exception was the direct cause of the following exception:

Traceback (most recent call last):
  File "/root/santhosh/trading/equity/.venv/lib/python3.12/site-packages/urllib3/connectionpool.py", line 787, in urlopen
    response = self._make_request(
               ^^^^^^^^^^^^^^^^^^^
  File "/root/santhosh/trading/equity/.venv/lib/python3.12/site-packages/urllib3/connectionpool.py", line 493, in _make_request
    conn.request(
  File "/root/santhosh/trading/equity/.venv/lib/python3.12/site-packages/urllib3/connection.py", line 494, in request
    self.endheaders()
  File "/usr/lib/python3.12/http/client.py", line 1331, in endheaders
    self._send_output(message_body, encode_chunked=encode_chunked)
  File "/usr/lib/python3.12/http/client.py", line 1091, in _send_output
    self.send(msg)
  File "/usr/lib/python3.12/http/client.py", line 1035, in send
    self.connect()
  File "/root/santhosh/trading/equity/.venv/lib/python3.12/site-packages/urllib3/connection.py", line 325, in connect
    self.sock = self._new_conn()
                ^^^^^^^^^^^^^^^^
  File "/root/santhosh/trading/equity/.venv/lib/python3.12/site-packages/urllib3/connection.py", line 213, in _new_conn
    raise NewConnectionError(
urllib3.exceptions.NewConnectionError: <urllib3.connection.HTTPConnection object at 0x7351c8622450>: Failed to establish a new connection: [Errno 111] Connection refused

The above exception was the direct cause of the following exception:

Traceback (most recent call last):
  File "/root/santhosh/trading/equity/.venv/lib/python3.12/site-packages/requests/adapters.py", line 644, in send
    resp = conn.urlopen(
           ^^^^^^^^^^^^^
  File "/root/santhosh/trading/equity/.venv/lib/python3.12/site-packages/urllib3/connectionpool.py", line 841, in urlopen
    retries = retries.increment(
              ^^^^^^^^^^^^^^^^^^
  File "/root/santhosh/trading/equity/.venv/lib/python3.12/site-packages/urllib3/util/retry.py", line 519, in increment
    raise MaxRetryError(_pool, url, reason) from reason  # type: ignore[arg-type]
    ^^^^^^^^^^^^^^^^^^^^^^^^^^^^^^^^^^^^^^^^^^^^^^^^^^^
urllib3.exceptions.MaxRetryError: HTTPConnectionPool(host='localhost', port=8080): Max retries exceeded with url: /learning/eod-update (Caused by NewConnectionError('<urllib3.connection.HTTPConnection object at 0x7351c8622450>: Failed to establish a new connection: [Errno 111] Connection refused'))

During handling of the above exception, another exception occurred:

Traceback (most recent call last):
  File "/root/santhosh/trading/equity/eqcode/eod_scheduler.py", line 181, in trigger_eod_update
    response = requests.post(
               ^^^^^^^^^^^^^^
  File "/root/santhosh/trading/equity/.venv/lib/python3.12/site-packages/requests/api.py", line 115, in post
    return request("post", url, data=data, json=json, **kwargs)
           ^^^^^^^^^^^^^^^^^^^^^^^^^^^^^^^^^^^^^^^^^^^^^^^^^^^^
  File "/root/santhosh/trading/equity/.venv/lib/python3.12/site-packages/requests/api.py", line 59, in request
    return session.request(method=method, url=url, **kwargs)
           ^^^^^^^^^^^^^^^^^^^^^^^^^^^^^^^^^^^^^^^^^^^^^^^^^
  File "/root/santhosh/trading/equity/.venv/lib/python3.12/site-packages/requests/sessions.py", line 589, in request
    resp = self.send(prep, **send_kwargs)
           ^^^^^^^^^^^^^^^^^^^^^^^^^^^^^^
  File "/root/santhosh/trading/equity/.venv/lib/python3.12/site-packages/requests/sessions.py", line 703, in send
    r = adapter.send(request, **kwargs)
        ^^^^^^^^^^^^^^^^^^^^^^^^^^^^^^^
  File "/root/santhosh/trading/equity/.venv/lib/python3.12/site-packages/requests/adapters.py", line 677, in send
    raise ConnectionError(e, request=request)
requests.exceptions.ConnectionError: HTTPConnectionPool(host='localhost', port=8080): Max retries exceeded with url: /learning/eod-update (Caused by NewConnectionError('<urllib3.connection.HTTPConnection object at 0x7351c8622450>: Failed to establish a new connection: [Errno 111] Connection refused'))

2025-12-02 17:58:29 | ERROR | errors | DETAILED_ERROR | error_type=EOD_CONNECTION_ERROR | message=Failed to connect to bot at http://localhost:8080 | timestamp=2025-12-02T17:58:29.647838 | exception_type=ConnectionError | exception_message=HTTPConnectionPool(host='localhost', port=8080): Max retries exceeded with url: /learning/eod-update (Caused by NewConnectionError('<urllib3.connection.HTTPConnection object at 0x7ea750b59c40>: Failed to establish a new connection: [Errno 111] Connection refused')) | stack_trace=Traceback (most recent call last):
  File "/root/santhosh/trading/equity/.venv/lib/python3.12/site-packages/urllib3/connection.py", line 198, in _new_conn
    sock = connection.create_connection(
           ^^^^^^^^^^^^^^^^^^^^^^^^^^^^^
  File "/root/santhosh/trading/equity/.venv/lib/python3.12/site-packages/urllib3/util/connection.py", line 85, in create_connection
    raise err
  File "/root/santhosh/trading/equity/.venv/lib/python3.12/site-packages/urllib3/util/connection.py", line 73, in create_connection
    sock.connect(sa)
ConnectionRefusedError: [Errno 111] Connection refused

The above exception was the direct cause of the following exception:

Traceback (most recent call last):
  File "/root/santhosh/trading/equity/.venv/lib/python3.12/site-packages/urllib3/connectionpool.py", line 787, in urlopen
    response = self._make_request(
               ^^^^^^^^^^^^^^^^^^^
  File "/root/santhosh/trading/equity/.venv/lib/python3.12/site-packages/urllib3/connectionpool.py", line 493, in _make_request
    conn.request(
  File "/root/santhosh/trading/equity/.venv/lib/python3.12/site-packages/urllib3/connection.py", line 494, in request
    self.endheaders()
  File "/usr/lib/python3.12/http/client.py", line 1331, in endheaders
    self._send_output(message_body, encode_chunked=encode_chunked)
  File "/usr/lib/python3.12/http/client.py", line 1091, in _send_output
    self.send(msg)
  File "/usr/lib/python3.12/http/client.py", line 1035, in send
    self.connect()
  File "/root/santhosh/trading/equity/.venv/lib/python3.12/site-packages/urllib3/connection.py", line 325, in connect
    self.sock = self._new_conn()
                ^^^^^^^^^^^^^^^^
  File "/root/santhosh/trading/equity/.venv/lib/python3.12/site-packages/urllib3/connection.py", line 213, in _new_conn
    raise NewConnectionError(
urllib3.exceptions.NewConnectionError: <urllib3.connection.HTTPConnection object at 0x7ea750b59c40>: Failed to establish a new connection: [Errno 111] Connection refused

The above exception was the direct cause of the following exception:

Traceback (most recent call last):
  File "/root/santhosh/trading/equity/.venv/lib/python3.12/site-packages/requests/adapters.py", line 644, in send
    resp = conn.urlopen(
           ^^^^^^^^^^^^^
  File "/root/santhosh/trading/equity/.venv/lib/python3.12/site-packages/urllib3/connectionpool.py", line 841, in urlopen
    retries = retries.increment(
              ^^^^^^^^^^^^^^^^^^
  File "/root/santhosh/trading/equity/.venv/lib/python3.12/site-packages/urllib3/util/retry.py", line 519, in increment
    raise MaxRetryError(_pool, url, reason) from reason  # type: ignore[arg-type]
    ^^^^^^^^^^^^^^^^^^^^^^^^^^^^^^^^^^^^^^^^^^^^^^^^^^^
urllib3.exceptions.MaxRetryError: HTTPConnectionPool(host='localhost', port=8080): Max retries exceeded with url: /learning/eod-update (Caused by NewConnectionError('<urllib3.connection.HTTPConnection object at 0x7ea750b59c40>: Failed to establish a new connection: [Errno 111] Connection refused'))

During handling of the above exception, another exception occurred:

Traceback (most recent call last):
  File "/root/santhosh/trading/equity/eqcode/eod_scheduler.py", line 181, in trigger_eod_update
    response = requests.post(
               ^^^^^^^^^^^^^^
  File "/root/santhosh/trading/equity/.venv/lib/python3.12/site-packages/requests/api.py", line 115, in post
    return request("post", url, data=data, json=json, **kwargs)
           ^^^^^^^^^^^^^^^^^^^^^^^^^^^^^^^^^^^^^^^^^^^^^^^^^^^^
  File "/root/santhosh/trading/equity/.venv/lib/python3.12/site-packages/requests/api.py", line 59, in request
    return session.request(method=method, url=url, **kwargs)
           ^^^^^^^^^^^^^^^^^^^^^^^^^^^^^^^^^^^^^^^^^^^^^^^^^
  File "/root/santhosh/trading/equity/.venv/lib/python3.12/site-packages/requests/sessions.py", line 589, in request
    resp = self.send(prep, **send_kwargs)
           ^^^^^^^^^^^^^^^^^^^^^^^^^^^^^^
  File "/root/santhosh/trading/equity/.venv/lib/python3.12/site-packages/requests/sessions.py", line 703, in send
    r = adapter.send(request, **kwargs)
        ^^^^^^^^^^^^^^^^^^^^^^^^^^^^^^^
  File "/root/santhosh/trading/equity/.venv/lib/python3.12/site-packages/requests/adapters.py", line 677, in send
    raise ConnectionError(e, request=request)
requests.exceptions.ConnectionError: HTTPConnectionPool(host='localhost', port=8080): Max retries exceeded with url: /learning/eod-update (Caused by NewConnectionError('<urllib3.connection.HTTPConnection object at 0x7ea750b59c40>: Failed to establish a new connection: [Errno 111] Connection refused'))

2025-12-02 17:58:29 | ERROR | errors | DETAILED_ERROR | error_type=EOD_CONNECTION_ERROR | message=Failed to connect to bot at http://localhost:8080 | timestamp=2025-12-02T17:58:29.658585 | exception_type=ConnectionError | exception_message=HTTPConnectionPool(host='localhost', port=8080): Max retries exceeded with url: /learning/eod-update (Caused by NewConnectionError('<urllib3.connection.HTTPConnection object at 0x7ea74a73ea50>: Failed to establish a new connection: [Errno 111] Connection refused')) | stack_trace=Traceback (most recent call last):
  File "/root/santhosh/trading/equity/.venv/lib/python3.12/site-packages/urllib3/connection.py", line 198, in _new_conn
    sock = connection.create_connection(
           ^^^^^^^^^^^^^^^^^^^^^^^^^^^^^
  File "/root/santhosh/trading/equity/.venv/lib/python3.12/site-packages/urllib3/util/connection.py", line 85, in create_connection
    raise err
  File "/root/santhosh/trading/equity/.venv/lib/python3.12/site-packages/urllib3/util/connection.py", line 73, in create_connection
    sock.connect(sa)
ConnectionRefusedError: [Errno 111] Connection refused

The above exception was the direct cause of the following exception:

Traceback (most recent call last):
  File "/root/santhosh/trading/equity/.venv/lib/python3.12/site-packages/urllib3/connectionpool.py", line 787, in urlopen
    response = self._make_request(
               ^^^^^^^^^^^^^^^^^^^
  File "/root/santhosh/trading/equity/.venv/lib/python3.12/site-packages/urllib3/connectionpool.py", line 493, in _make_request
    conn.request(
  File "/root/santhosh/trading/equity/.venv/lib/python3.12/site-packages/urllib3/connection.py", line 494, in request
    self.endheaders()
  File "/usr/lib/python3.12/http/client.py", line 1331, in endheaders
    self._send_output(message_body, encode_chunked=encode_chunked)
  File "/usr/lib/python3.12/http/client.py", line 1091, in _send_output
    self.send(msg)
  File "/usr/lib/python3.12/http/client.py", line 1035, in send
    self.connect()
  File "/root/santhosh/trading/equity/.venv/lib/python3.12/site-packages/urllib3/connection.py", line 325, in connect
    self.sock = self._new_conn()
                ^^^^^^^^^^^^^^^^
  File "/root/santhosh/trading/equity/.venv/lib/python3.12/site-packages/urllib3/connection.py", line 213, in _new_conn
    raise NewConnectionError(
urllib3.exceptions.NewConnectionError: <urllib3.connection.HTTPConnection object at 0x7ea74a73ea50>: Failed to establish a new connection: [Errno 111] Connection refused

The above exception was the direct cause of the following exception:

Traceback (most recent call last):
  File "/root/santhosh/trading/equity/.venv/lib/python3.12/site-packages/requests/adapters.py", line 644, in send
    resp = conn.urlopen(
           ^^^^^^^^^^^^^
  File "/root/santhosh/trading/equity/.venv/lib/python3.12/site-packages/urllib3/connectionpool.py", line 841, in urlopen
    retries = retries.increment(
              ^^^^^^^^^^^^^^^^^^
  File "/root/santhosh/trading/equity/.venv/lib/python3.12/site-packages/urllib3/util/retry.py", line 519, in increment
    raise MaxRetryError(_pool, url, reason) from reason  # type: ignore[arg-type]
    ^^^^^^^^^^^^^^^^^^^^^^^^^^^^^^^^^^^^^^^^^^^^^^^^^^^
urllib3.exceptions.MaxRetryError: HTTPConnectionPool(host='localhost', port=8080): Max retries exceeded with url: /learning/eod-update (Caused by NewConnectionError('<urllib3.connection.HTTPConnection object at 0x7ea74a73ea50>: Failed to establish a new connection: [Errno 111] Connection refused'))

During handling of the above exception, another exception occurred:

Traceback (most recent call last):
  File "/root/santhosh/trading/equity/eqcode/eod_scheduler.py", line 181, in trigger_eod_update
    response = requests.post(
               ^^^^^^^^^^^^^^
  File "/root/santhosh/trading/equity/.venv/lib/python3.12/site-packages/requests/api.py", line 115, in post
    return request("post", url, data=data, json=json, **kwargs)
           ^^^^^^^^^^^^^^^^^^^^^^^^^^^^^^^^^^^^^^^^^^^^^^^^^^^^
  File "/root/santhosh/trading/equity/.venv/lib/python3.12/site-packages/requests/api.py", line 59, in request
    return session.request(method=method, url=url, **kwargs)
           ^^^^^^^^^^^^^^^^^^^^^^^^^^^^^^^^^^^^^^^^^^^^^^^^^
  File "/root/santhosh/trading/equity/.venv/lib/python3.12/site-packages/requests/sessions.py", line 589, in request
    resp = self.send(prep, **send_kwargs)
           ^^^^^^^^^^^^^^^^^^^^^^^^^^^^^^
  File "/root/santhosh/trading/equity/.venv/lib/python3.12/site-packages/requests/sessions.py", line 703, in send
    r = adapter.send(request, **kwargs)
        ^^^^^^^^^^^^^^^^^^^^^^^^^^^^^^^
  File "/root/santhosh/trading/equity/.venv/lib/python3.12/site-packages/requests/adapters.py", line 677, in send
    raise ConnectionError(e, request=request)
requests.exceptions.ConnectionError: HTTPConnectionPool(host='localhost', port=8080): Max retries exceeded with url: /learning/eod-update (Caused by NewConnectionError('<urllib3.connection.HTTPConnection object at 0x7ea74a73ea50>: Failed to establish a new connection: [Errno 111] Connection refused'))

2025-12-02 18:00:56 | ERROR | errors | DETAILED_ERROR | error_type=EOD_CONNECTION_ERROR | message=Failed to connect to bot at http://localhost:8080 | timestamp=2025-12-02T18:00:56.390611 | exception_type=ConnectionError | exception_message=HTTPConnectionPool(host='localhost', port=8080): Max retries exceeded with url: /learning/eod-update (Caused by NewConnectionError('<urllib3.connection.HTTPConnection object at 0x7a3fa8179880>: Failed to establish a new connection: [Errno 111] Connection refused')) | stack_trace=Traceback (most recent call last):
  File "/root/santhosh/trading/equity/.venv/lib/python3.12/site-packages/urllib3/connection.py", line 198, in _new_conn
    sock = connection.create_connection(
           ^^^^^^^^^^^^^^^^^^^^^^^^^^^^^
  File "/root/santhosh/trading/equity/.venv/lib/python3.12/site-packages/urllib3/util/connection.py", line 85, in create_connection
    raise err
  File "/root/santhosh/trading/equity/.venv/lib/python3.12/site-packages/urllib3/util/connection.py", line 73, in create_connection
    sock.connect(sa)
ConnectionRefusedError: [Errno 111] Connection refused

The above exception was the direct cause of the following exception:

Traceback (most recent call last):
  File "/root/santhosh/trading/equity/.venv/lib/python3.12/site-packages/urllib3/connectionpool.py", line 787, in urlopen
    response = self._make_request(
               ^^^^^^^^^^^^^^^^^^^
  File "/root/santhosh/trading/equity/.venv/lib/python3.12/site-packages/urllib3/connectionpool.py", line 493, in _make_request
    conn.request(
  File "/root/santhosh/trading/equity/.venv/lib/python3.12/site-packages/urllib3/connection.py", line 494, in request
    self.endheaders()
  File "/usr/lib/python3.12/http/client.py", line 1331, in endheaders
    self._send_output(message_body, encode_chunked=encode_chunked)
  File "/usr/lib/python3.12/http/client.py", line 1091, in _send_output
    self.send(msg)
  File "/usr/lib/python3.12/http/client.py", line 1035, in send
    self.connect()
  File "/root/santhosh/trading/equity/.venv/lib/python3.12/site-packages/urllib3/connection.py", line 325, in connect
    self.sock = self._new_conn()
                ^^^^^^^^^^^^^^^^
  File "/root/santhosh/trading/equity/.venv/lib/python3.12/site-packages/urllib3/connection.py", line 213, in _new_conn
    raise NewConnectionError(
urllib3.exceptions.NewConnectionError: <urllib3.connection.HTTPConnection object at 0x7a3fa8179880>: Failed to establish a new connection: [Errno 111] Connection refused

The above exception was the direct cause of the following exception:

Traceback (most recent call last):
  File "/root/santhosh/trading/equity/.venv/lib/python3.12/site-packages/requests/adapters.py", line 644, in send
    resp = conn.urlopen(
           ^^^^^^^^^^^^^
  File "/root/santhosh/trading/equity/.venv/lib/python3.12/site-packages/urllib3/connectionpool.py", line 841, in urlopen
    retries = retries.increment(
              ^^^^^^^^^^^^^^^^^^
  File "/root/santhosh/trading/equity/.venv/lib/python3.12/site-packages/urllib3/util/retry.py", line 519, in increment
    raise MaxRetryError(_pool, url, reason) from reason  # type: ignore[arg-type]
    ^^^^^^^^^^^^^^^^^^^^^^^^^^^^^^^^^^^^^^^^^^^^^^^^^^^
urllib3.exceptions.MaxRetryError: HTTPConnectionPool(host='localhost', port=8080): Max retries exceeded with url: /learning/eod-update (Caused by NewConnectionError('<urllib3.connection.HTTPConnection object at 0x7a3fa8179880>: Failed to establish a new connection: [Errno 111] Connection refused'))

During handling of the above exception, another exception occurred:

Traceback (most recent call last):
  File "/root/santhosh/trading/equity/eqcode/eod_scheduler.py", line 181, in trigger_eod_update
    response = requests.post(
               ^^^^^^^^^^^^^^
  File "/root/santhosh/trading/equity/.venv/lib/python3.12/site-packages/requests/api.py", line 115, in post
    return request("post", url, data=data, json=json, **kwargs)
           ^^^^^^^^^^^^^^^^^^^^^^^^^^^^^^^^^^^^^^^^^^^^^^^^^^^^
  File "/root/santhosh/trading/equity/.venv/lib/python3.12/site-packages/requests/api.py", line 59, in request
    return session.request(method=method, url=url, **kwargs)
           ^^^^^^^^^^^^^^^^^^^^^^^^^^^^^^^^^^^^^^^^^^^^^^^^^
  File "/root/santhosh/trading/equity/.venv/lib/python3.12/site-packages/requests/sessions.py", line 589, in request
    resp = self.send(prep, **send_kwargs)
           ^^^^^^^^^^^^^^^^^^^^^^^^^^^^^^
  File "/root/santhosh/trading/equity/.venv/lib/python3.12/site-packages/requests/sessions.py", line 703, in send
    r = adapter.send(request, **kwargs)
        ^^^^^^^^^^^^^^^^^^^^^^^^^^^^^^^
  File "/root/santhosh/trading/equity/.venv/lib/python3.12/site-packages/requests/adapters.py", line 677, in send
    raise ConnectionError(e, request=request)
requests.exceptions.ConnectionError: HTTPConnectionPool(host='localhost', port=8080): Max retries exceeded with url: /learning/eod-update (Caused by NewConnectionError('<urllib3.connection.HTTPConnection object at 0x7a3fa8179880>: Failed to establish a new connection: [Errno 111] Connection refused'))

2025-12-02 18:00:56 | ERROR | errors | DETAILED_ERROR | error_type=EOD_CONNECTION_ERROR | message=Failed to connect to bot at http://localhost:8080 | timestamp=2025-12-02T18:00:56.416238 | exception_type=ConnectionError | exception_message=HTTPConnectionPool(host='localhost', port=8080): Max retries exceeded with url: /learning/eod-update (Caused by NewConnectionError('<urllib3.connection.HTTPConnection object at 0x7a3fa1d3a540>: Failed to establish a new connection: [Errno 111] Connection refused')) | stack_trace=Traceback (most recent call last):
  File "/root/santhosh/trading/equity/.venv/lib/python3.12/site-packages/urllib3/connection.py", line 198, in _new_conn
    sock = connection.create_connection(
           ^^^^^^^^^^^^^^^^^^^^^^^^^^^^^
  File "/root/santhosh/trading/equity/.venv/lib/python3.12/site-packages/urllib3/util/connection.py", line 85, in create_connection
    raise err
  File "/root/santhosh/trading/equity/.venv/lib/python3.12/site-packages/urllib3/util/connection.py", line 73, in create_connection
    sock.connect(sa)
ConnectionRefusedError: [Errno 111] Connection refused

The above exception was the direct cause of the following exception:

Traceback (most recent call last):
  File "/root/santhosh/trading/equity/.venv/lib/python3.12/site-packages/urllib3/connectionpool.py", line 787, in urlopen
    response = self._make_request(
               ^^^^^^^^^^^^^^^^^^^
  File "/root/santhosh/trading/equity/.venv/lib/python3.12/site-packages/urllib3/connectionpool.py", line 493, in _make_request
    conn.request(
  File "/root/santhosh/trading/equity/.venv/lib/python3.12/site-packages/urllib3/connection.py", line 494, in request
    self.endheaders()
  File "/usr/lib/python3.12/http/client.py", line 1331, in endheaders
    self._send_output(message_body, encode_chunked=encode_chunked)
  File "/usr/lib/python3.12/http/client.py", line 1091, in _send_output
    self.send(msg)
  File "/usr/lib/python3.12/http/client.py", line 1035, in send
    self.connect()
  File "/root/santhosh/trading/equity/.venv/lib/python3.12/site-packages/urllib3/connection.py", line 325, in connect
    self.sock = self._new_conn()
                ^^^^^^^^^^^^^^^^
  File "/root/santhosh/trading/equity/.venv/lib/python3.12/site-packages/urllib3/connection.py", line 213, in _new_conn
    raise NewConnectionError(
urllib3.exceptions.NewConnectionError: <urllib3.connection.HTTPConnection object at 0x7a3fa1d3a540>: Failed to establish a new connection: [Errno 111] Connection refused

The above exception was the direct cause of the following exception:

Traceback (most recent call last):
  File "/root/santhosh/trading/equity/.venv/lib/python3.12/site-packages/requests/adapters.py", line 644, in send
    resp = conn.urlopen(
           ^^^^^^^^^^^^^
  File "/root/santhosh/trading/equity/.venv/lib/python3.12/site-packages/urllib3/connectionpool.py", line 841, in urlopen
    retries = retries.increment(
              ^^^^^^^^^^^^^^^^^^
  File "/root/santhosh/trading/equity/.venv/lib/python3.12/site-packages/urllib3/util/retry.py", line 519, in increment
    raise MaxRetryError(_pool, url, reason) from reason  # type: ignore[arg-type]
    ^^^^^^^^^^^^^^^^^^^^^^^^^^^^^^^^^^^^^^^^^^^^^^^^^^^
urllib3.exceptions.MaxRetryError: HTTPConnectionPool(host='localhost', port=8080): Max retries exceeded with url: /learning/eod-update (Caused by NewConnectionError('<urllib3.connection.HTTPConnection object at 0x7a3fa1d3a540>: Failed to establish a new connection: [Errno 111] Connection refused'))

During handling of the above exception, another exception occurred:

Traceback (most recent call last):
  File "/root/santhosh/trading/equity/eqcode/eod_scheduler.py", line 181, in trigger_eod_update
    response = requests.post(
               ^^^^^^^^^^^^^^
  File "/root/santhosh/trading/equity/.venv/lib/python3.12/site-packages/requests/api.py", line 115, in post
    return request("post", url, data=data, json=json, **kwargs)
           ^^^^^^^^^^^^^^^^^^^^^^^^^^^^^^^^^^^^^^^^^^^^^^^^^^^^
  File "/root/santhosh/trading/equity/.venv/lib/python3.12/site-packages/requests/api.py", line 59, in request
    return session.request(method=method, url=url, **kwargs)
           ^^^^^^^^^^^^^^^^^^^^^^^^^^^^^^^^^^^^^^^^^^^^^^^^^
  File "/root/santhosh/trading/equity/.venv/lib/python3.12/site-packages/requests/sessions.py", line 589, in request
    resp = self.send(prep, **send_kwargs)
           ^^^^^^^^^^^^^^^^^^^^^^^^^^^^^^
  File "/root/santhosh/trading/equity/.venv/lib/python3.12/site-packages/requests/sessions.py", line 703, in send
    r = adapter.send(request, **kwargs)
        ^^^^^^^^^^^^^^^^^^^^^^^^^^^^^^^
  File "/root/santhosh/trading/equity/.venv/lib/python3.12/site-packages/requests/adapters.py", line 677, in send
    raise ConnectionError(e, request=request)
requests.exceptions.ConnectionError: HTTPConnectionPool(host='localhost', port=8080): Max retries exceeded with url: /learning/eod-update (Caused by NewConnectionError('<urllib3.connection.HTTPConnection object at 0x7a3fa1d3a540>: Failed to establish a new connection: [Errno 111] Connection refused'))

2025-12-02 18:01:01 | ERROR | errors | DETAILED_ERROR | error_type=EOD_CONNECTION_ERROR | message=Failed to connect to bot at http://localhost:8080 | timestamp=2025-12-02T18:01:01.701972 | exception_type=ConnectionError | exception_message=HTTPConnectionPool(host='localhost', port=8080): Max retries exceeded with url: /learning/eod-update (Caused by NewConnectionError('<urllib3.connection.HTTPConnection object at 0x72683c9697f0>: Failed to establish a new connection: [Errno 111] Connection refused')) | stack_trace=Traceback (most recent call last):
  File "/root/santhosh/trading/equity/.venv/lib/python3.12/site-packages/urllib3/connection.py", line 198, in _new_conn
    sock = connection.create_connection(
           ^^^^^^^^^^^^^^^^^^^^^^^^^^^^^
  File "/root/santhosh/trading/equity/.venv/lib/python3.12/site-packages/urllib3/util/connection.py", line 85, in create_connection
    raise err
  File "/root/santhosh/trading/equity/.venv/lib/python3.12/site-packages/urllib3/util/connection.py", line 73, in create_connection
    sock.connect(sa)
ConnectionRefusedError: [Errno 111] Connection refused

The above exception was the direct cause of the following exception:

Traceback (most recent call last):
  File "/root/santhosh/trading/equity/.venv/lib/python3.12/site-packages/urllib3/connectionpool.py", line 787, in urlopen
    response = self._make_request(
               ^^^^^^^^^^^^^^^^^^^
  File "/root/santhosh/trading/equity/.venv/lib/python3.12/site-packages/urllib3/connectionpool.py", line 493, in _make_request
    conn.request(
  File "/root/santhosh/trading/equity/.venv/lib/python3.12/site-packages/urllib3/connection.py", line 494, in request
    self.endheaders()
  File "/usr/lib/python3.12/http/client.py", line 1331, in endheaders
    self._send_output(message_body, encode_chunked=encode_chunked)
  File "/usr/lib/python3.12/http/client.py", line 1091, in _send_output
    self.send(msg)
  File "/usr/lib/python3.12/http/client.py", line 1035, in send
    self.connect()
  File "/root/santhosh/trading/equity/.venv/lib/python3.12/site-packages/urllib3/connection.py", line 325, in connect
    self.sock = self._new_conn()
                ^^^^^^^^^^^^^^^^
  File "/root/santhosh/trading/equity/.venv/lib/python3.12/site-packages/urllib3/connection.py", line 213, in _new_conn
    raise NewConnectionError(
urllib3.exceptions.NewConnectionError: <urllib3.connection.HTTPConnection object at 0x72683c9697f0>: Failed to establish a new connection: [Errno 111] Connection refused

The above exception was the direct cause of the following exception:

Traceback (most recent call last):
  File "/root/santhosh/trading/equity/.venv/lib/python3.12/site-packages/requests/adapters.py", line 644, in send
    resp = conn.urlopen(
           ^^^^^^^^^^^^^
  File "/root/santhosh/trading/equity/.venv/lib/python3.12/site-packages/urllib3/connectionpool.py", line 841, in urlopen
    retries = retries.increment(
              ^^^^^^^^^^^^^^^^^^
  File "/root/santhosh/trading/equity/.venv/lib/python3.12/site-packages/urllib3/util/retry.py", line 519, in increment
    raise MaxRetryError(_pool, url, reason) from reason  # type: ignore[arg-type]
    ^^^^^^^^^^^^^^^^^^^^^^^^^^^^^^^^^^^^^^^^^^^^^^^^^^^
urllib3.exceptions.MaxRetryError: HTTPConnectionPool(host='localhost', port=8080): Max retries exceeded with url: /learning/eod-update (Caused by NewConnectionError('<urllib3.connection.HTTPConnection object at 0x72683c9697f0>: Failed to establish a new connection: [Errno 111] Connection refused'))

During handling of the above exception, another exception occurred:

Traceback (most recent call last):
  File "/root/santhosh/trading/equity/eqcode/eod_scheduler.py", line 181, in trigger_eod_update
    response = requests.post(
               ^^^^^^^^^^^^^^
  File "/root/santhosh/trading/equity/.venv/lib/python3.12/site-packages/requests/api.py", line 115, in post
    return request("post", url, data=data, json=json, **kwargs)
           ^^^^^^^^^^^^^^^^^^^^^^^^^^^^^^^^^^^^^^^^^^^^^^^^^^^^
  File "/root/santhosh/trading/equity/.venv/lib/python3.12/site-packages/requests/api.py", line 59, in request
    return session.request(method=method, url=url, **kwargs)
           ^^^^^^^^^^^^^^^^^^^^^^^^^^^^^^^^^^^^^^^^^^^^^^^^^
  File "/root/santhosh/trading/equity/.venv/lib/python3.12/site-packages/requests/sessions.py", line 589, in request
    resp = self.send(prep, **send_kwargs)
           ^^^^^^^^^^^^^^^^^^^^^^^^^^^^^^
  File "/root/santhosh/trading/equity/.venv/lib/python3.12/site-packages/requests/sessions.py", line 703, in send
    r = adapter.send(request, **kwargs)
        ^^^^^^^^^^^^^^^^^^^^^^^^^^^^^^^
  File "/root/santhosh/trading/equity/.venv/lib/python3.12/site-packages/requests/adapters.py", line 677, in send
    raise ConnectionError(e, request=request)
requests.exceptions.ConnectionError: HTTPConnectionPool(host='localhost', port=8080): Max retries exceeded with url: /learning/eod-update (Caused by NewConnectionError('<urllib3.connection.HTTPConnection object at 0x72683c9697f0>: Failed to establish a new connection: [Errno 111] Connection refused'))

2025-12-02 18:01:01 | ERROR | errors | DETAILED_ERROR | error_type=EOD_CONNECTION_ERROR | message=Failed to connect to bot at http://localhost:8080 | timestamp=2025-12-02T18:01:01.718979 | exception_type=ConnectionError | exception_message=HTTPConnectionPool(host='localhost', port=8080): Max retries exceeded with url: /learning/eod-update (Caused by NewConnectionError('<urllib3.connection.HTTPConnection object at 0x72683c4523f0>: Failed to establish a new connection: [Errno 111] Connection refused')) | stack_trace=Traceback (most recent call last):
  File "/root/santhosh/trading/equity/.venv/lib/python3.12/site-packages/urllib3/connection.py", line 198, in _new_conn
    sock = connection.create_connection(
           ^^^^^^^^^^^^^^^^^^^^^^^^^^^^^
  File "/root/santhosh/trading/equity/.venv/lib/python3.12/site-packages/urllib3/util/connection.py", line 85, in create_connection
    raise err
  File "/root/santhosh/trading/equity/.venv/lib/python3.12/site-packages/urllib3/util/connection.py", line 73, in create_connection
    sock.connect(sa)
ConnectionRefusedError: [Errno 111] Connection refused

The above exception was the direct cause of the following exception:

Traceback (most recent call last):
  File "/root/santhosh/trading/equity/.venv/lib/python3.12/site-packages/urllib3/connectionpool.py", line 787, in urlopen
    response = self._make_request(
               ^^^^^^^^^^^^^^^^^^^
  File "/root/santhosh/trading/equity/.venv/lib/python3.12/site-packages/urllib3/connectionpool.py", line 493, in _make_request
    conn.request(
  File "/root/santhosh/trading/equity/.venv/lib/python3.12/site-packages/urllib3/connection.py", line 494, in request
    self.endheaders()
  File "/usr/lib/python3.12/http/client.py", line 1331, in endheaders
    self._send_output(message_body, encode_chunked=encode_chunked)
  File "/usr/lib/python3.12/http/client.py", line 1091, in _send_output
    self.send(msg)
  File "/usr/lib/python3.12/http/client.py", line 1035, in send
    self.connect()
  File "/root/santhosh/trading/equity/.venv/lib/python3.12/site-packages/urllib3/connection.py", line 325, in connect
    self.sock = self._new_conn()
                ^^^^^^^^^^^^^^^^
  File "/root/santhosh/trading/equity/.venv/lib/python3.12/site-packages/urllib3/connection.py", line 213, in _new_conn
    raise NewConnectionError(
urllib3.exceptions.NewConnectionError: <urllib3.connection.HTTPConnection object at 0x72683c4523f0>: Failed to establish a new connection: [Errno 111] Connection refused

The above exception was the direct cause of the following exception:

Traceback (most recent call last):
  File "/root/santhosh/trading/equity/.venv/lib/python3.12/site-packages/requests/adapters.py", line 644, in send
    resp = conn.urlopen(
           ^^^^^^^^^^^^^
  File "/root/santhosh/trading/equity/.venv/lib/python3.12/site-packages/urllib3/connectionpool.py", line 841, in urlopen
    retries = retries.increment(
              ^^^^^^^^^^^^^^^^^^
  File "/root/santhosh/trading/equity/.venv/lib/python3.12/site-packages/urllib3/util/retry.py", line 519, in increment
    raise MaxRetryError(_pool, url, reason) from reason  # type: ignore[arg-type]
    ^^^^^^^^^^^^^^^^^^^^^^^^^^^^^^^^^^^^^^^^^^^^^^^^^^^
urllib3.exceptions.MaxRetryError: HTTPConnectionPool(host='localhost', port=8080): Max retries exceeded with url: /learning/eod-update (Caused by NewConnectionError('<urllib3.connection.HTTPConnection object at 0x72683c4523f0>: Failed to establish a new connection: [Errno 111] Connection refused'))

During handling of the above exception, another exception occurred:

Traceback (most recent call last):
  File "/root/santhosh/trading/equity/eqcode/eod_scheduler.py", line 181, in trigger_eod_update
    response = requests.post(
               ^^^^^^^^^^^^^^
  File "/root/santhosh/trading/equity/.venv/lib/python3.12/site-packages/requests/api.py", line 115, in post
    return request("post", url, data=data, json=json, **kwargs)
           ^^^^^^^^^^^^^^^^^^^^^^^^^^^^^^^^^^^^^^^^^^^^^^^^^^^^
  File "/root/santhosh/trading/equity/.venv/lib/python3.12/site-packages/requests/api.py", line 59, in request
    return session.request(method=method, url=url, **kwargs)
           ^^^^^^^^^^^^^^^^^^^^^^^^^^^^^^^^^^^^^^^^^^^^^^^^^
  File "/root/santhosh/trading/equity/.venv/lib/python3.12/site-packages/requests/sessions.py", line 589, in request
    resp = self.send(prep, **send_kwargs)
           ^^^^^^^^^^^^^^^^^^^^^^^^^^^^^^
  File "/root/santhosh/trading/equity/.venv/lib/python3.12/site-packages/requests/sessions.py", line 703, in send
    r = adapter.send(request, **kwargs)
        ^^^^^^^^^^^^^^^^^^^^^^^^^^^^^^^
  File "/root/santhosh/trading/equity/.venv/lib/python3.12/site-packages/requests/adapters.py", line 677, in send
    raise ConnectionError(e, request=request)
requests.exceptions.ConnectionError: HTTPConnectionPool(host='localhost', port=8080): Max retries exceeded with url: /learning/eod-update (Caused by NewConnectionError('<urllib3.connection.HTTPConnection object at 0x72683c4523f0>: Failed to establish a new connection: [Errno 111] Connection refused'))

2025-12-02 18:01:26 | ERROR | errors | DETAILED_ERROR | error_type=EOD_CONNECTION_ERROR | message=Failed to connect to bot at http://localhost:8080 | timestamp=2025-12-02T18:01:25.996048 | exception_type=ConnectionError | exception_message=HTTPConnectionPool(host='localhost', port=8080): Max retries exceeded with url: /learning/eod-update (Caused by NewConnectionError('<urllib3.connection.HTTPConnection object at 0x7bfaa5784170>: Failed to establish a new connection: [Errno 111] Connection refused')) | stack_trace=Traceback (most recent call last):
  File "/usr/local/lib/python3.12/dist-packages/urllib3/connection.py", line 198, in _new_conn
    sock = connection.create_connection(
           ^^^^^^^^^^^^^^^^^^^^^^^^^^^^^
  File "/usr/local/lib/python3.12/dist-packages/urllib3/util/connection.py", line 85, in create_connection
    raise err
  File "/usr/local/lib/python3.12/dist-packages/urllib3/util/connection.py", line 73, in create_connection
    sock.connect(sa)
ConnectionRefusedError: [Errno 111] Connection refused

The above exception was the direct cause of the following exception:

Traceback (most recent call last):
  File "/usr/local/lib/python3.12/dist-packages/urllib3/connectionpool.py", line 787, in urlopen
    response = self._make_request(
               ^^^^^^^^^^^^^^^^^^^
  File "/usr/local/lib/python3.12/dist-packages/urllib3/connectionpool.py", line 493, in _make_request
    conn.request(
  File "/usr/local/lib/python3.12/dist-packages/urllib3/connection.py", line 494, in request
    self.endheaders()
  File "/usr/lib/python3.12/http/client.py", line 1331, in endheaders
    self._send_output(message_body, encode_chunked=encode_chunked)
  File "/usr/lib/python3.12/http/client.py", line 1091, in _send_output
    self.send(msg)
  File "/usr/lib/python3.12/http/client.py", line 1035, in send
    self.connect()
  File "/usr/local/lib/python3.12/dist-packages/urllib3/connection.py", line 325, in connect
    self.sock = self._new_conn()
                ^^^^^^^^^^^^^^^^
  File "/usr/local/lib/python3.12/dist-packages/urllib3/connection.py", line 213, in _new_conn
    raise NewConnectionError(
urllib3.exceptions.NewConnectionError: <urllib3.connection.HTTPConnection object at 0x7bfaa5784170>: Failed to establish a new connection: [Errno 111] Connection refused

The above exception was the direct cause of the following exception:

Traceback (most recent call last):
  File "/usr/local/lib/python3.12/dist-packages/requests/adapters.py", line 644, in send
    resp = conn.urlopen(
           ^^^^^^^^^^^^^
  File "/usr/local/lib/python3.12/dist-packages/urllib3/connectionpool.py", line 841, in urlopen
    retries = retries.increment(
              ^^^^^^^^^^^^^^^^^^
  File "/usr/local/lib/python3.12/dist-packages/urllib3/util/retry.py", line 519, in increment
    raise MaxRetryError(_pool, url, reason) from reason  # type: ignore[arg-type]
    ^^^^^^^^^^^^^^^^^^^^^^^^^^^^^^^^^^^^^^^^^^^^^^^^^^^
urllib3.exceptions.MaxRetryError: HTTPConnectionPool(host='localhost', port=8080): Max retries exceeded with url: /learning/eod-update (Caused by NewConnectionError('<urllib3.connection.HTTPConnection object at 0x7bfaa5784170>: Failed to establish a new connection: [Errno 111] Connection refused'))

During handling of the above exception, another exception occurred:

Traceback (most recent call last):
  File "/root/santhosh/trading/equity/eqcode/eod_scheduler.py", line 181, in trigger_eod_update
    response = requests.post(
               ^^^^^^^^^^^^^^
  File "/usr/local/lib/python3.12/dist-packages/requests/api.py", line 115, in post
    return request("post", url, data=data, json=json, **kwargs)
           ^^^^^^^^^^^^^^^^^^^^^^^^^^^^^^^^^^^^^^^^^^^^^^^^^^^^
  File "/usr/local/lib/python3.12/dist-packages/requests/api.py", line 59, in request
    return session.request(method=method, url=url, **kwargs)
           ^^^^^^^^^^^^^^^^^^^^^^^^^^^^^^^^^^^^^^^^^^^^^^^^^
  File "/usr/local/lib/python3.12/dist-packages/requests/sessions.py", line 589, in request
    resp = self.send(prep, **send_kwargs)
           ^^^^^^^^^^^^^^^^^^^^^^^^^^^^^^
  File "/usr/local/lib/python3.12/dist-packages/requests/sessions.py", line 703, in send
    r = adapter.send(request, **kwargs)
        ^^^^^^^^^^^^^^^^^^^^^^^^^^^^^^^
  File "/usr/local/lib/python3.12/dist-packages/requests/adapters.py", line 677, in send
    raise ConnectionError(e, request=request)
requests.exceptions.ConnectionError: HTTPConnectionPool(host='localhost', port=8080): Max retries exceeded with url: /learning/eod-update (Caused by NewConnectionError('<urllib3.connection.HTTPConnection object at 0x7bfaa5784170>: Failed to establish a new connection: [Errno 111] Connection refused'))

2025-12-02 18:01:26 | ERROR | errors | DETAILED_ERROR | error_type=EOD_CONNECTION_ERROR | message=Failed to connect to bot at http://localhost:8080 | timestamp=2025-12-02T18:01:26.014578 | exception_type=ConnectionError | exception_message=HTTPConnectionPool(host='localhost', port=8080): Max retries exceeded with url: /learning/eod-update (Caused by NewConnectionError('<urllib3.connection.HTTPConnection object at 0x7bfaa4529070>: Failed to establish a new connection: [Errno 111] Connection refused')) | stack_trace=Traceback (most recent call last):
  File "/usr/local/lib/python3.12/dist-packages/urllib3/connection.py", line 198, in _new_conn
    sock = connection.create_connection(
           ^^^^^^^^^^^^^^^^^^^^^^^^^^^^^
  File "/usr/local/lib/python3.12/dist-packages/urllib3/util/connection.py", line 85, in create_connection
    raise err
  File "/usr/local/lib/python3.12/dist-packages/urllib3/util/connection.py", line 73, in create_connection
    sock.connect(sa)
ConnectionRefusedError: [Errno 111] Connection refused

The above exception was the direct cause of the following exception:

Traceback (most recent call last):
  File "/usr/local/lib/python3.12/dist-packages/urllib3/connectionpool.py", line 787, in urlopen
    response = self._make_request(
               ^^^^^^^^^^^^^^^^^^^
  File "/usr/local/lib/python3.12/dist-packages/urllib3/connectionpool.py", line 493, in _make_request
    conn.request(
  File "/usr/local/lib/python3.12/dist-packages/urllib3/connection.py", line 494, in request
    self.endheaders()
  File "/usr/lib/python3.12/http/client.py", line 1331, in endheaders
    self._send_output(message_body, encode_chunked=encode_chunked)
  File "/usr/lib/python3.12/http/client.py", line 1091, in _send_output
    self.send(msg)
  File "/usr/lib/python3.12/http/client.py", line 1035, in send
    self.connect()
  File "/usr/local/lib/python3.12/dist-packages/urllib3/connection.py", line 325, in connect
    self.sock = self._new_conn()
                ^^^^^^^^^^^^^^^^
  File "/usr/local/lib/python3.12/dist-packages/urllib3/connection.py", line 213, in _new_conn
    raise NewConnectionError(
urllib3.exceptions.NewConnectionError: <urllib3.connection.HTTPConnection object at 0x7bfaa4529070>: Failed to establish a new connection: [Errno 111] Connection refused

The above exception was the direct cause of the following exception:

Traceback (most recent call last):
  File "/usr/local/lib/python3.12/dist-packages/requests/adapters.py", line 644, in send
    resp = conn.urlopen(
           ^^^^^^^^^^^^^
  File "/usr/local/lib/python3.12/dist-packages/urllib3/connectionpool.py", line 841, in urlopen
    retries = retries.increment(
              ^^^^^^^^^^^^^^^^^^
  File "/usr/local/lib/python3.12/dist-packages/urllib3/util/retry.py", line 519, in increment
    raise MaxRetryError(_pool, url, reason) from reason  # type: ignore[arg-type]
    ^^^^^^^^^^^^^^^^^^^^^^^^^^^^^^^^^^^^^^^^^^^^^^^^^^^
urllib3.exceptions.MaxRetryError: HTTPConnectionPool(host='localhost', port=8080): Max retries exceeded with url: /learning/eod-update (Caused by NewConnectionError('<urllib3.connection.HTTPConnection object at 0x7bfaa4529070>: Failed to establish a new connection: [Errno 111] Connection refused'))

During handling of the above exception, another exception occurred:

Traceback (most recent call last):
  File "/root/santhosh/trading/equity/eqcode/eod_scheduler.py", line 181, in trigger_eod_update
    response = requests.post(
               ^^^^^^^^^^^^^^
  File "/usr/local/lib/python3.12/dist-packages/requests/api.py", line 115, in post
    return request("post", url, data=data, json=json, **kwargs)
           ^^^^^^^^^^^^^^^^^^^^^^^^^^^^^^^^^^^^^^^^^^^^^^^^^^^^
  File "/usr/local/lib/python3.12/dist-packages/requests/api.py", line 59, in request
    return session.request(method=method, url=url, **kwargs)
           ^^^^^^^^^^^^^^^^^^^^^^^^^^^^^^^^^^^^^^^^^^^^^^^^^
  File "/usr/local/lib/python3.12/dist-packages/requests/sessions.py", line 589, in request
    resp = self.send(prep, **send_kwargs)
           ^^^^^^^^^^^^^^^^^^^^^^^^^^^^^^
  File "/usr/local/lib/python3.12/dist-packages/requests/sessions.py", line 703, in send
    r = adapter.send(request, **kwargs)
        ^^^^^^^^^^^^^^^^^^^^^^^^^^^^^^^
  File "/usr/local/lib/python3.12/dist-packages/requests/adapters.py", line 677, in send
    raise ConnectionError(e, request=request)
requests.exceptions.ConnectionError: HTTPConnectionPool(host='localhost', port=8080): Max retries exceeded with url: /learning/eod-update (Caused by NewConnectionError('<urllib3.connection.HTTPConnection object at 0x7bfaa4529070>: Failed to establish a new connection: [Errno 111] Connection refused'))

2025-12-02 18:01:36 | ERROR | errors | DETAILED_ERROR | error_type=EOD_CONNECTION_ERROR | message=Failed to connect to bot at http://localhost:8080 | timestamp=2025-12-02T18:01:36.361097 | exception_type=ConnectionError | exception_message=HTTPConnectionPool(host='localhost', port=8080): Max retries exceeded with url: /learning/eod-update (Caused by NewConnectionError('<urllib3.connection.HTTPConnection object at 0x7a0a3c0cc0e0>: Failed to establish a new connection: [Errno 111] Connection refused')) | stack_trace=Traceback (most recent call last):
  File "/root/santhosh/trading/equity/.venv/lib/python3.12/site-packages/urllib3/connection.py", line 198, in _new_conn
    sock = connection.create_connection(
           ^^^^^^^^^^^^^^^^^^^^^^^^^^^^^
  File "/root/santhosh/trading/equity/.venv/lib/python3.12/site-packages/urllib3/util/connection.py", line 85, in create_connection
    raise err
  File "/root/santhosh/trading/equity/.venv/lib/python3.12/site-packages/urllib3/util/connection.py", line 73, in create_connection
    sock.connect(sa)
ConnectionRefusedError: [Errno 111] Connection refused

The above exception was the direct cause of the following exception:

Traceback (most recent call last):
  File "/root/santhosh/trading/equity/.venv/lib/python3.12/site-packages/urllib3/connectionpool.py", line 787, in urlopen
    response = self._make_request(
               ^^^^^^^^^^^^^^^^^^^
  File "/root/santhosh/trading/equity/.venv/lib/python3.12/site-packages/urllib3/connectionpool.py", line 493, in _make_request
    conn.request(
  File "/root/santhosh/trading/equity/.venv/lib/python3.12/site-packages/urllib3/connection.py", line 494, in request
    self.endheaders()
  File "/usr/lib/python3.12/http/client.py", line 1331, in endheaders
    self._send_output(message_body, encode_chunked=encode_chunked)
  File "/usr/lib/python3.12/http/client.py", line 1091, in _send_output
    self.send(msg)
  File "/usr/lib/python3.12/http/client.py", line 1035, in send
    self.connect()
  File "/root/santhosh/trading/equity/.venv/lib/python3.12/site-packages/urllib3/connection.py", line 325, in connect
    self.sock = self._new_conn()
                ^^^^^^^^^^^^^^^^
  File "/root/santhosh/trading/equity/.venv/lib/python3.12/site-packages/urllib3/connection.py", line 213, in _new_conn
    raise NewConnectionError(
urllib3.exceptions.NewConnectionError: <urllib3.connection.HTTPConnection object at 0x7a0a3c0cc0e0>: Failed to establish a new connection: [Errno 111] Connection refused

The above exception was the direct cause of the following exception:

Traceback (most recent call last):
  File "/root/santhosh/trading/equity/.venv/lib/python3.12/site-packages/requests/adapters.py", line 644, in send
    resp = conn.urlopen(
           ^^^^^^^^^^^^^
  File "/root/santhosh/trading/equity/.venv/lib/python3.12/site-packages/urllib3/connectionpool.py", line 841, in urlopen
    retries = retries.increment(
              ^^^^^^^^^^^^^^^^^^
  File "/root/santhosh/trading/equity/.venv/lib/python3.12/site-packages/urllib3/util/retry.py", line 519, in increment
    raise MaxRetryError(_pool, url, reason) from reason  # type: ignore[arg-type]
    ^^^^^^^^^^^^^^^^^^^^^^^^^^^^^^^^^^^^^^^^^^^^^^^^^^^
urllib3.exceptions.MaxRetryError: HTTPConnectionPool(host='localhost', port=8080): Max retries exceeded with url: /learning/eod-update (Caused by NewConnectionError('<urllib3.connection.HTTPConnection object at 0x7a0a3c0cc0e0>: Failed to establish a new connection: [Errno 111] Connection refused'))

During handling of the above exception, another exception occurred:

Traceback (most recent call last):
  File "/root/santhosh/trading/equity/eqcode/eod_scheduler.py", line 181, in trigger_eod_update
    response = requests.post(
               ^^^^^^^^^^^^^^
  File "/root/santhosh/trading/equity/.venv/lib/python3.12/site-packages/requests/api.py", line 115, in post
    return request("post", url, data=data, json=json, **kwargs)
           ^^^^^^^^^^^^^^^^^^^^^^^^^^^^^^^^^^^^^^^^^^^^^^^^^^^^
  File "/root/santhosh/trading/equity/.venv/lib/python3.12/site-packages/requests/api.py", line 59, in request
    return session.request(method=method, url=url, **kwargs)
           ^^^^^^^^^^^^^^^^^^^^^^^^^^^^^^^^^^^^^^^^^^^^^^^^^
  File "/root/santhosh/trading/equity/.venv/lib/python3.12/site-packages/requests/sessions.py", line 589, in request
    resp = self.send(prep, **send_kwargs)
           ^^^^^^^^^^^^^^^^^^^^^^^^^^^^^^
  File "/root/santhosh/trading/equity/.venv/lib/python3.12/site-packages/requests/sessions.py", line 703, in send
    r = adapter.send(request, **kwargs)
        ^^^^^^^^^^^^^^^^^^^^^^^^^^^^^^^
  File "/root/santhosh/trading/equity/.venv/lib/python3.12/site-packages/requests/adapters.py", line 677, in send
    raise ConnectionError(e, request=request)
requests.exceptions.ConnectionError: HTTPConnectionPool(host='localhost', port=8080): Max retries exceeded with url: /learning/eod-update (Caused by NewConnectionError('<urllib3.connection.HTTPConnection object at 0x7a0a3c0cc0e0>: Failed to establish a new connection: [Errno 111] Connection refused'))

2025-12-02 18:01:36 | ERROR | errors | DETAILED_ERROR | error_type=EOD_CONNECTION_ERROR | message=Failed to connect to bot at http://localhost:8080 | timestamp=2025-12-02T18:01:36.404508 | exception_type=ConnectionError | exception_message=HTTPConnectionPool(host='localhost', port=8080): Max retries exceeded with url: /learning/eod-update (Caused by NewConnectionError('<urllib3.connection.HTTPConnection object at 0x7a0a361428d0>: Failed to establish a new connection: [Errno 111] Connection refused')) | stack_trace=Traceback (most recent call last):
  File "/root/santhosh/trading/equity/.venv/lib/python3.12/site-packages/urllib3/connection.py", line 198, in _new_conn
    sock = connection.create_connection(
           ^^^^^^^^^^^^^^^^^^^^^^^^^^^^^
  File "/root/santhosh/trading/equity/.venv/lib/python3.12/site-packages/urllib3/util/connection.py", line 85, in create_connection
    raise err
  File "/root/santhosh/trading/equity/.venv/lib/python3.12/site-packages/urllib3/util/connection.py", line 73, in create_connection
    sock.connect(sa)
ConnectionRefusedError: [Errno 111] Connection refused

The above exception was the direct cause of the following exception:

Traceback (most recent call last):
  File "/root/santhosh/trading/equity/.venv/lib/python3.12/site-packages/urllib3/connectionpool.py", line 787, in urlopen
    response = self._make_request(
               ^^^^^^^^^^^^^^^^^^^
  File "/root/santhosh/trading/equity/.venv/lib/python3.12/site-packages/urllib3/connectionpool.py", line 493, in _make_request
    conn.request(
  File "/root/santhosh/trading/equity/.venv/lib/python3.12/site-packages/urllib3/connection.py", line 494, in request
    self.endheaders()
  File "/usr/lib/python3.12/http/client.py", line 1331, in endheaders
    self._send_output(message_body, encode_chunked=encode_chunked)
  File "/usr/lib/python3.12/http/client.py", line 1091, in _send_output
    self.send(msg)
  File "/usr/lib/python3.12/http/client.py", line 1035, in send
    self.connect()
  File "/root/santhosh/trading/equity/.venv/lib/python3.12/site-packages/urllib3/connection.py", line 325, in connect
    self.sock = self._new_conn()
                ^^^^^^^^^^^^^^^^
  File "/root/santhosh/trading/equity/.venv/lib/python3.12/site-packages/urllib3/connection.py", line 213, in _new_conn
    raise NewConnectionError(
urllib3.exceptions.NewConnectionError: <urllib3.connection.HTTPConnection object at 0x7a0a361428d0>: Failed to establish a new connection: [Errno 111] Connection refused

The above exception was the direct cause of the following exception:

Traceback (most recent call last):
  File "/root/santhosh/trading/equity/.venv/lib/python3.12/site-packages/requests/adapters.py", line 644, in send
    resp = conn.urlopen(
           ^^^^^^^^^^^^^
  File "/root/santhosh/trading/equity/.venv/lib/python3.12/site-packages/urllib3/connectionpool.py", line 841, in urlopen
    retries = retries.increment(
              ^^^^^^^^^^^^^^^^^^
  File "/root/santhosh/trading/equity/.venv/lib/python3.12/site-packages/urllib3/util/retry.py", line 519, in increment
    raise MaxRetryError(_pool, url, reason) from reason  # type: ignore[arg-type]
    ^^^^^^^^^^^^^^^^^^^^^^^^^^^^^^^^^^^^^^^^^^^^^^^^^^^
urllib3.exceptions.MaxRetryError: HTTPConnectionPool(host='localhost', port=8080): Max retries exceeded with url: /learning/eod-update (Caused by NewConnectionError('<urllib3.connection.HTTPConnection object at 0x7a0a361428d0>: Failed to establish a new connection: [Errno 111] Connection refused'))

During handling of the above exception, another exception occurred:

Traceback (most recent call last):
  File "/root/santhosh/trading/equity/eqcode/eod_scheduler.py", line 181, in trigger_eod_update
    response = requests.post(
               ^^^^^^^^^^^^^^
  File "/root/santhosh/trading/equity/.venv/lib/python3.12/site-packages/requests/api.py", line 115, in post
    return request("post", url, data=data, json=json, **kwargs)
           ^^^^^^^^^^^^^^^^^^^^^^^^^^^^^^^^^^^^^^^^^^^^^^^^^^^^
  File "/root/santhosh/trading/equity/.venv/lib/python3.12/site-packages/requests/api.py", line 59, in request
    return session.request(method=method, url=url, **kwargs)
           ^^^^^^^^^^^^^^^^^^^^^^^^^^^^^^^^^^^^^^^^^^^^^^^^^
  File "/root/santhosh/trading/equity/.venv/lib/python3.12/site-packages/requests/sessions.py", line 589, in request
    resp = self.send(prep, **send_kwargs)
           ^^^^^^^^^^^^^^^^^^^^^^^^^^^^^^
  File "/root/santhosh/trading/equity/.venv/lib/python3.12/site-packages/requests/sessions.py", line 703, in send
    r = adapter.send(request, **kwargs)
        ^^^^^^^^^^^^^^^^^^^^^^^^^^^^^^^
  File "/root/santhosh/trading/equity/.venv/lib/python3.12/site-packages/requests/adapters.py", line 677, in send
    raise ConnectionError(e, request=request)
requests.exceptions.ConnectionError: HTTPConnectionPool(host='localhost', port=8080): Max retries exceeded with url: /learning/eod-update (Caused by NewConnectionError('<urllib3.connection.HTTPConnection object at 0x7a0a361428d0>: Failed to establish a new connection: [Errno 111] Connection refused'))

2025-12-02 18:27:44 | ERROR | errors | DETAILED_ERROR | error_type=EOD_CONNECTION_ERROR | message=Failed to connect to bot at http://localhost:8080 | timestamp=2025-12-02T18:27:44.597510 | exception_type=ConnectionError | exception_message=HTTPConnectionPool(host='localhost', port=8080): Max retries exceeded with url: /learning/eod-update (Caused by NewConnectionError('<urllib3.connection.HTTPConnection object at 0x7ffb1cbb4080>: Failed to establish a new connection: [Errno 111] Connection refused')) | stack_trace=Traceback (most recent call last):
  File "/root/santhosh/trading/equity/.venv/lib/python3.12/site-packages/urllib3/connection.py", line 198, in _new_conn
    sock = connection.create_connection(
           ^^^^^^^^^^^^^^^^^^^^^^^^^^^^^
  File "/root/santhosh/trading/equity/.venv/lib/python3.12/site-packages/urllib3/util/connection.py", line 85, in create_connection
    raise err
  File "/root/santhosh/trading/equity/.venv/lib/python3.12/site-packages/urllib3/util/connection.py", line 73, in create_connection
    sock.connect(sa)
ConnectionRefusedError: [Errno 111] Connection refused

The above exception was the direct cause of the following exception:

Traceback (most recent call last):
  File "/root/santhosh/trading/equity/.venv/lib/python3.12/site-packages/urllib3/connectionpool.py", line 787, in urlopen
    response = self._make_request(
               ^^^^^^^^^^^^^^^^^^^
  File "/root/santhosh/trading/equity/.venv/lib/python3.12/site-packages/urllib3/connectionpool.py", line 493, in _make_request
    conn.request(
  File "/root/santhosh/trading/equity/.venv/lib/python3.12/site-packages/urllib3/connection.py", line 494, in request
    self.endheaders()
  File "/usr/lib/python3.12/http/client.py", line 1331, in endheaders
    self._send_output(message_body, encode_chunked=encode_chunked)
  File "/usr/lib/python3.12/http/client.py", line 1091, in _send_output
    self.send(msg)
  File "/usr/lib/python3.12/http/client.py", line 1035, in send
    self.connect()
  File "/root/santhosh/trading/equity/.venv/lib/python3.12/site-packages/urllib3/connection.py", line 325, in connect
    self.sock = self._new_conn()
                ^^^^^^^^^^^^^^^^
  File "/root/santhosh/trading/equity/.venv/lib/python3.12/site-packages/urllib3/connection.py", line 213, in _new_conn
    raise NewConnectionError(
urllib3.exceptions.NewConnectionError: <urllib3.connection.HTTPConnection object at 0x7ffb1cbb4080>: Failed to establish a new connection: [Errno 111] Connection refused

The above exception was the direct cause of the following exception:

Traceback (most recent call last):
  File "/root/santhosh/trading/equity/.venv/lib/python3.12/site-packages/requests/adapters.py", line 644, in send
    resp = conn.urlopen(
           ^^^^^^^^^^^^^
  File "/root/santhosh/trading/equity/.venv/lib/python3.12/site-packages/urllib3/connectionpool.py", line 841, in urlopen
    retries = retries.increment(
              ^^^^^^^^^^^^^^^^^^
  File "/root/santhosh/trading/equity/.venv/lib/python3.12/site-packages/urllib3/util/retry.py", line 519, in increment
    raise MaxRetryError(_pool, url, reason) from reason  # type: ignore[arg-type]
    ^^^^^^^^^^^^^^^^^^^^^^^^^^^^^^^^^^^^^^^^^^^^^^^^^^^
urllib3.exceptions.MaxRetryError: HTTPConnectionPool(host='localhost', port=8080): Max retries exceeded with url: /learning/eod-update (Caused by NewConnectionError('<urllib3.connection.HTTPConnection object at 0x7ffb1cbb4080>: Failed to establish a new connection: [Errno 111] Connection refused'))

During handling of the above exception, another exception occurred:

Traceback (most recent call last):
  File "/root/santhosh/trading/equity/eqcode/eod_scheduler.py", line 181, in trigger_eod_update
    response = requests.post(
               ^^^^^^^^^^^^^^
  File "/root/santhosh/trading/equity/.venv/lib/python3.12/site-packages/requests/api.py", line 115, in post
    return request("post", url, data=data, json=json, **kwargs)
           ^^^^^^^^^^^^^^^^^^^^^^^^^^^^^^^^^^^^^^^^^^^^^^^^^^^^
  File "/root/santhosh/trading/equity/.venv/lib/python3.12/site-packages/requests/api.py", line 59, in request
    return session.request(method=method, url=url, **kwargs)
           ^^^^^^^^^^^^^^^^^^^^^^^^^^^^^^^^^^^^^^^^^^^^^^^^^
  File "/root/santhosh/trading/equity/.venv/lib/python3.12/site-packages/requests/sessions.py", line 589, in request
    resp = self.send(prep, **send_kwargs)
           ^^^^^^^^^^^^^^^^^^^^^^^^^^^^^^
  File "/root/santhosh/trading/equity/.venv/lib/python3.12/site-packages/requests/sessions.py", line 703, in send
    r = adapter.send(request, **kwargs)
        ^^^^^^^^^^^^^^^^^^^^^^^^^^^^^^^
  File "/root/santhosh/trading/equity/.venv/lib/python3.12/site-packages/requests/adapters.py", line 677, in send
    raise ConnectionError(e, request=request)
requests.exceptions.ConnectionError: HTTPConnectionPool(host='localhost', port=8080): Max retries exceeded with url: /learning/eod-update (Caused by NewConnectionError('<urllib3.connection.HTTPConnection object at 0x7ffb1cbb4080>: Failed to establish a new connection: [Errno 111] Connection refused'))

2025-12-02 18:27:44 | ERROR | errors | DETAILED_ERROR | error_type=EOD_CONNECTION_ERROR | message=Failed to connect to bot at http://localhost:8080 | timestamp=2025-12-02T18:27:44.621949 | exception_type=ConnectionError | exception_message=HTTPConnectionPool(host='localhost', port=8080): Max retries exceeded with url: /learning/eod-update (Caused by NewConnectionError('<urllib3.connection.HTTPConnection object at 0x7ffb1c03e840>: Failed to establish a new connection: [Errno 111] Connection refused')) | stack_trace=Traceback (most recent call last):
  File "/root/santhosh/trading/equity/.venv/lib/python3.12/site-packages/urllib3/connection.py", line 198, in _new_conn
    sock = connection.create_connection(
           ^^^^^^^^^^^^^^^^^^^^^^^^^^^^^
  File "/root/santhosh/trading/equity/.venv/lib/python3.12/site-packages/urllib3/util/connection.py", line 85, in create_connection
    raise err
  File "/root/santhosh/trading/equity/.venv/lib/python3.12/site-packages/urllib3/util/connection.py", line 73, in create_connection
    sock.connect(sa)
ConnectionRefusedError: [Errno 111] Connection refused

The above exception was the direct cause of the following exception:

Traceback (most recent call last):
  File "/root/santhosh/trading/equity/.venv/lib/python3.12/site-packages/urllib3/connectionpool.py", line 787, in urlopen
    response = self._make_request(
               ^^^^^^^^^^^^^^^^^^^
  File "/root/santhosh/trading/equity/.venv/lib/python3.12/site-packages/urllib3/connectionpool.py", line 493, in _make_request
    conn.request(
  File "/root/santhosh/trading/equity/.venv/lib/python3.12/site-packages/urllib3/connection.py", line 494, in request
    self.endheaders()
  File "/usr/lib/python3.12/http/client.py", line 1331, in endheaders
    self._send_output(message_body, encode_chunked=encode_chunked)
  File "/usr/lib/python3.12/http/client.py", line 1091, in _send_output
    self.send(msg)
  File "/usr/lib/python3.12/http/client.py", line 1035, in send
    self.connect()
  File "/root/santhosh/trading/equity/.venv/lib/python3.12/site-packages/urllib3/connection.py", line 325, in connect
    self.sock = self._new_conn()
                ^^^^^^^^^^^^^^^^
  File "/root/santhosh/trading/equity/.venv/lib/python3.12/site-packages/urllib3/connection.py", line 213, in _new_conn
    raise NewConnectionError(
urllib3.exceptions.NewConnectionError: <urllib3.connection.HTTPConnection object at 0x7ffb1c03e840>: Failed to establish a new connection: [Errno 111] Connection refused

The above exception was the direct cause of the following exception:

Traceback (most recent call last):
  File "/root/santhosh/trading/equity/.venv/lib/python3.12/site-packages/requests/adapters.py", line 644, in send
    resp = conn.urlopen(
           ^^^^^^^^^^^^^
  File "/root/santhosh/trading/equity/.venv/lib/python3.12/site-packages/urllib3/connectionpool.py", line 841, in urlopen
    retries = retries.increment(
              ^^^^^^^^^^^^^^^^^^
  File "/root/santhosh/trading/equity/.venv/lib/python3.12/site-packages/urllib3/util/retry.py", line 519, in increment
    raise MaxRetryError(_pool, url, reason) from reason  # type: ignore[arg-type]
    ^^^^^^^^^^^^^^^^^^^^^^^^^^^^^^^^^^^^^^^^^^^^^^^^^^^
urllib3.exceptions.MaxRetryError: HTTPConnectionPool(host='localhost', port=8080): Max retries exceeded with url: /learning/eod-update (Caused by NewConnectionError('<urllib3.connection.HTTPConnection object at 0x7ffb1c03e840>: Failed to establish a new connection: [Errno 111] Connection refused'))

During handling of the above exception, another exception occurred:

Traceback (most recent call last):
  File "/root/santhosh/trading/equity/eqcode/eod_scheduler.py", line 181, in trigger_eod_update
    response = requests.post(
               ^^^^^^^^^^^^^^
  File "/root/santhosh/trading/equity/.venv/lib/python3.12/site-packages/requests/api.py", line 115, in post
    return request("post", url, data=data, json=json, **kwargs)
           ^^^^^^^^^^^^^^^^^^^^^^^^^^^^^^^^^^^^^^^^^^^^^^^^^^^^
  File "/root/santhosh/trading/equity/.venv/lib/python3.12/site-packages/requests/api.py", line 59, in request
    return session.request(method=method, url=url, **kwargs)
           ^^^^^^^^^^^^^^^^^^^^^^^^^^^^^^^^^^^^^^^^^^^^^^^^^
  File "/root/santhosh/trading/equity/.venv/lib/python3.12/site-packages/requests/sessions.py", line 589, in request
    resp = self.send(prep, **send_kwargs)
           ^^^^^^^^^^^^^^^^^^^^^^^^^^^^^^
  File "/root/santhosh/trading/equity/.venv/lib/python3.12/site-packages/requests/sessions.py", line 703, in send
    r = adapter.send(request, **kwargs)
        ^^^^^^^^^^^^^^^^^^^^^^^^^^^^^^^
  File "/root/santhosh/trading/equity/.venv/lib/python3.12/site-packages/requests/adapters.py", line 677, in send
    raise ConnectionError(e, request=request)
requests.exceptions.ConnectionError: HTTPConnectionPool(host='localhost', port=8080): Max retries exceeded with url: /learning/eod-update (Caused by NewConnectionError('<urllib3.connection.HTTPConnection object at 0x7ffb1c03e840>: Failed to establish a new connection: [Errno 111] Connection refused'))

2025-12-02 18:27:55 | ERROR | errors | DETAILED_ERROR | error_type=EOD_CONNECTION_ERROR | message=Failed to connect to bot at http://localhost:8080 | timestamp=2025-12-02T18:27:55.953612 | exception_type=ConnectionError | exception_message=HTTPConnectionPool(host='localhost', port=8080): Max retries exceeded with url: /learning/eod-update (Caused by NewConnectionError('<urllib3.connection.HTTPConnection object at 0x75db64075a30>: Failed to establish a new connection: [Errno 111] Connection refused')) | stack_trace=Traceback (most recent call last):
  File "/root/santhosh/trading/equity/.venv/lib/python3.12/site-packages/urllib3/connection.py", line 198, in _new_conn
    sock = connection.create_connection(
           ^^^^^^^^^^^^^^^^^^^^^^^^^^^^^
  File "/root/santhosh/trading/equity/.venv/lib/python3.12/site-packages/urllib3/util/connection.py", line 85, in create_connection
    raise err
  File "/root/santhosh/trading/equity/.venv/lib/python3.12/site-packages/urllib3/util/connection.py", line 73, in create_connection
    sock.connect(sa)
ConnectionRefusedError: [Errno 111] Connection refused

The above exception was the direct cause of the following exception:

Traceback (most recent call last):
  File "/root/santhosh/trading/equity/.venv/lib/python3.12/site-packages/urllib3/connectionpool.py", line 787, in urlopen
    response = self._make_request(
               ^^^^^^^^^^^^^^^^^^^
  File "/root/santhosh/trading/equity/.venv/lib/python3.12/site-packages/urllib3/connectionpool.py", line 493, in _make_request
    conn.request(
  File "/root/santhosh/trading/equity/.venv/lib/python3.12/site-packages/urllib3/connection.py", line 494, in request
    self.endheaders()
  File "/usr/lib/python3.12/http/client.py", line 1331, in endheaders
    self._send_output(message_body, encode_chunked=encode_chunked)
  File "/usr/lib/python3.12/http/client.py", line 1091, in _send_output
    self.send(msg)
  File "/usr/lib/python3.12/http/client.py", line 1035, in send
    self.connect()
  File "/root/santhosh/trading/equity/.venv/lib/python3.12/site-packages/urllib3/connection.py", line 325, in connect
    self.sock = self._new_conn()
                ^^^^^^^^^^^^^^^^
  File "/root/santhosh/trading/equity/.venv/lib/python3.12/site-packages/urllib3/connection.py", line 213, in _new_conn
    raise NewConnectionError(
urllib3.exceptions.NewConnectionError: <urllib3.connection.HTTPConnection object at 0x75db64075a30>: Failed to establish a new connection: [Errno 111] Connection refused

The above exception was the direct cause of the following exception:

Traceback (most recent call last):
  File "/root/santhosh/trading/equity/.venv/lib/python3.12/site-packages/requests/adapters.py", line 644, in send
    resp = conn.urlopen(
           ^^^^^^^^^^^^^
  File "/root/santhosh/trading/equity/.venv/lib/python3.12/site-packages/urllib3/connectionpool.py", line 841, in urlopen
    retries = retries.increment(
              ^^^^^^^^^^^^^^^^^^
  File "/root/santhosh/trading/equity/.venv/lib/python3.12/site-packages/urllib3/util/retry.py", line 519, in increment
    raise MaxRetryError(_pool, url, reason) from reason  # type: ignore[arg-type]
    ^^^^^^^^^^^^^^^^^^^^^^^^^^^^^^^^^^^^^^^^^^^^^^^^^^^
urllib3.exceptions.MaxRetryError: HTTPConnectionPool(host='localhost', port=8080): Max retries exceeded with url: /learning/eod-update (Caused by NewConnectionError('<urllib3.connection.HTTPConnection object at 0x75db64075a30>: Failed to establish a new connection: [Errno 111] Connection refused'))

During handling of the above exception, another exception occurred:

Traceback (most recent call last):
  File "/root/santhosh/trading/equity/eqcode/eod_scheduler.py", line 181, in trigger_eod_update
    response = requests.post(
               ^^^^^^^^^^^^^^
  File "/root/santhosh/trading/equity/.venv/lib/python3.12/site-packages/requests/api.py", line 115, in post
    return request("post", url, data=data, json=json, **kwargs)
           ^^^^^^^^^^^^^^^^^^^^^^^^^^^^^^^^^^^^^^^^^^^^^^^^^^^^
  File "/root/santhosh/trading/equity/.venv/lib/python3.12/site-packages/requests/api.py", line 59, in request
    return session.request(method=method, url=url, **kwargs)
           ^^^^^^^^^^^^^^^^^^^^^^^^^^^^^^^^^^^^^^^^^^^^^^^^^
  File "/root/santhosh/trading/equity/.venv/lib/python3.12/site-packages/requests/sessions.py", line 589, in request
    resp = self.send(prep, **send_kwargs)
           ^^^^^^^^^^^^^^^^^^^^^^^^^^^^^^
  File "/root/santhosh/trading/equity/.venv/lib/python3.12/site-packages/requests/sessions.py", line 703, in send
    r = adapter.send(request, **kwargs)
        ^^^^^^^^^^^^^^^^^^^^^^^^^^^^^^^
  File "/root/santhosh/trading/equity/.venv/lib/python3.12/site-packages/requests/adapters.py", line 677, in send
    raise ConnectionError(e, request=request)
requests.exceptions.ConnectionError: HTTPConnectionPool(host='localhost', port=8080): Max retries exceeded with url: /learning/eod-update (Caused by NewConnectionError('<urllib3.connection.HTTPConnection object at 0x75db64075a30>: Failed to establish a new connection: [Errno 111] Connection refused'))

2025-12-02 18:27:55 | ERROR | errors | DETAILED_ERROR | error_type=EOD_CONNECTION_ERROR | message=Failed to connect to bot at http://localhost:8080 | timestamp=2025-12-02T18:27:55.990092 | exception_type=ConnectionError | exception_message=HTTPConnectionPool(host='localhost', port=8080): Max retries exceeded with url: /learning/eod-update (Caused by NewConnectionError('<urllib3.connection.HTTPConnection object at 0x75db5cd3e630>: Failed to establish a new connection: [Errno 111] Connection refused')) | stack_trace=Traceback (most recent call last):
  File "/root/santhosh/trading/equity/.venv/lib/python3.12/site-packages/urllib3/connection.py", line 198, in _new_conn
    sock = connection.create_connection(
           ^^^^^^^^^^^^^^^^^^^^^^^^^^^^^
  File "/root/santhosh/trading/equity/.venv/lib/python3.12/site-packages/urllib3/util/connection.py", line 85, in create_connection
    raise err
  File "/root/santhosh/trading/equity/.venv/lib/python3.12/site-packages/urllib3/util/connection.py", line 73, in create_connection
    sock.connect(sa)
ConnectionRefusedError: [Errno 111] Connection refused

The above exception was the direct cause of the following exception:

Traceback (most recent call last):
  File "/root/santhosh/trading/equity/.venv/lib/python3.12/site-packages/urllib3/connectionpool.py", line 787, in urlopen
    response = self._make_request(
               ^^^^^^^^^^^^^^^^^^^
  File "/root/santhosh/trading/equity/.venv/lib/python3.12/site-packages/urllib3/connectionpool.py", line 493, in _make_request
    conn.request(
  File "/root/santhosh/trading/equity/.venv/lib/python3.12/site-packages/urllib3/connection.py", line 494, in request
    self.endheaders()
  File "/usr/lib/python3.12/http/client.py", line 1331, in endheaders
    self._send_output(message_body, encode_chunked=encode_chunked)
  File "/usr/lib/python3.12/http/client.py", line 1091, in _send_output
    self.send(msg)
  File "/usr/lib/python3.12/http/client.py", line 1035, in send
    self.connect()
  File "/root/santhosh/trading/equity/.venv/lib/python3.12/site-packages/urllib3/connection.py", line 325, in connect
    self.sock = self._new_conn()
                ^^^^^^^^^^^^^^^^
  File "/root/santhosh/trading/equity/.venv/lib/python3.12/site-packages/urllib3/connection.py", line 213, in _new_conn
    raise NewConnectionError(
urllib3.exceptions.NewConnectionError: <urllib3.connection.HTTPConnection object at 0x75db5cd3e630>: Failed to establish a new connection: [Errno 111] Connection refused

The above exception was the direct cause of the following exception:

Traceback (most recent call last):
  File "/root/santhosh/trading/equity/.venv/lib/python3.12/site-packages/requests/adapters.py", line 644, in send
    resp = conn.urlopen(
           ^^^^^^^^^^^^^
  File "/root/santhosh/trading/equity/.venv/lib/python3.12/site-packages/urllib3/connectionpool.py", line 841, in urlopen
    retries = retries.increment(
              ^^^^^^^^^^^^^^^^^^
  File "/root/santhosh/trading/equity/.venv/lib/python3.12/site-packages/urllib3/util/retry.py", line 519, in increment
    raise MaxRetryError(_pool, url, reason) from reason  # type: ignore[arg-type]
    ^^^^^^^^^^^^^^^^^^^^^^^^^^^^^^^^^^^^^^^^^^^^^^^^^^^
urllib3.exceptions.MaxRetryError: HTTPConnectionPool(host='localhost', port=8080): Max retries exceeded with url: /learning/eod-update (Caused by NewConnectionError('<urllib3.connection.HTTPConnection object at 0x75db5cd3e630>: Failed to establish a new connection: [Errno 111] Connection refused'))

During handling of the above exception, another exception occurred:

Traceback (most recent call last):
  File "/root/santhosh/trading/equity/eqcode/eod_scheduler.py", line 181, in trigger_eod_update
    response = requests.post(
               ^^^^^^^^^^^^^^
  File "/root/santhosh/trading/equity/.venv/lib/python3.12/site-packages/requests/api.py", line 115, in post
    return request("post", url, data=data, json=json, **kwargs)
           ^^^^^^^^^^^^^^^^^^^^^^^^^^^^^^^^^^^^^^^^^^^^^^^^^^^^
  File "/root/santhosh/trading/equity/.venv/lib/python3.12/site-packages/requests/api.py", line 59, in request
    return session.request(method=method, url=url, **kwargs)
           ^^^^^^^^^^^^^^^^^^^^^^^^^^^^^^^^^^^^^^^^^^^^^^^^^
  File "/root/santhosh/trading/equity/.venv/lib/python3.12/site-packages/requests/sessions.py", line 589, in request
    resp = self.send(prep, **send_kwargs)
           ^^^^^^^^^^^^^^^^^^^^^^^^^^^^^^
  File "/root/santhosh/trading/equity/.venv/lib/python3.12/site-packages/requests/sessions.py", line 703, in send
    r = adapter.send(request, **kwargs)
        ^^^^^^^^^^^^^^^^^^^^^^^^^^^^^^^
  File "/root/santhosh/trading/equity/.venv/lib/python3.12/site-packages/requests/adapters.py", line 677, in send
    raise ConnectionError(e, request=request)
requests.exceptions.ConnectionError: HTTPConnectionPool(host='localhost', port=8080): Max retries exceeded with url: /learning/eod-update (Caused by NewConnectionError('<urllib3.connection.HTTPConnection object at 0x75db5cd3e630>: Failed to establish a new connection: [Errno 111] Connection refused'))

2025-12-02 18:38:27 | ERROR | errors | DETAILED_ERROR | error_type=EOD_CONNECTION_ERROR | message=Failed to connect to bot at http://localhost:8080 | timestamp=2025-12-02T18:38:27.854333 | exception_type=ConnectionError | exception_message=HTTPConnectionPool(host='localhost', port=8080): Max retries exceeded with url: /learning/eod-update (Caused by NewConnectionError('<urllib3.connection.HTTPConnection object at 0x7a90a0787dd0>: Failed to establish a new connection: [Errno 111] Connection refused')) | stack_trace=Traceback (most recent call last):
  File "/root/santhosh/trading/equity/.venv/lib/python3.12/site-packages/urllib3/connection.py", line 198, in _new_conn
    sock = connection.create_connection(
           ^^^^^^^^^^^^^^^^^^^^^^^^^^^^^
  File "/root/santhosh/trading/equity/.venv/lib/python3.12/site-packages/urllib3/util/connection.py", line 85, in create_connection
    raise err
  File "/root/santhosh/trading/equity/.venv/lib/python3.12/site-packages/urllib3/util/connection.py", line 73, in create_connection
    sock.connect(sa)
ConnectionRefusedError: [Errno 111] Connection refused

The above exception was the direct cause of the following exception:

Traceback (most recent call last):
  File "/root/santhosh/trading/equity/.venv/lib/python3.12/site-packages/urllib3/connectionpool.py", line 787, in urlopen
    response = self._make_request(
               ^^^^^^^^^^^^^^^^^^^
  File "/root/santhosh/trading/equity/.venv/lib/python3.12/site-packages/urllib3/connectionpool.py", line 493, in _make_request
    conn.request(
  File "/root/santhosh/trading/equity/.venv/lib/python3.12/site-packages/urllib3/connection.py", line 494, in request
    self.endheaders()
  File "/usr/lib/python3.12/http/client.py", line 1331, in endheaders
    self._send_output(message_body, encode_chunked=encode_chunked)
  File "/usr/lib/python3.12/http/client.py", line 1091, in _send_output
    self.send(msg)
  File "/usr/lib/python3.12/http/client.py", line 1035, in send
    self.connect()
  File "/root/santhosh/trading/equity/.venv/lib/python3.12/site-packages/urllib3/connection.py", line 325, in connect
    self.sock = self._new_conn()
                ^^^^^^^^^^^^^^^^
  File "/root/santhosh/trading/equity/.venv/lib/python3.12/site-packages/urllib3/connection.py", line 213, in _new_conn
    raise NewConnectionError(
urllib3.exceptions.NewConnectionError: <urllib3.connection.HTTPConnection object at 0x7a90a0787dd0>: Failed to establish a new connection: [Errno 111] Connection refused

The above exception was the direct cause of the following exception:

Traceback (most recent call last):
  File "/root/santhosh/trading/equity/.venv/lib/python3.12/site-packages/requests/adapters.py", line 644, in send
    resp = conn.urlopen(
           ^^^^^^^^^^^^^
  File "/root/santhosh/trading/equity/.venv/lib/python3.12/site-packages/urllib3/connectionpool.py", line 841, in urlopen
    retries = retries.increment(
              ^^^^^^^^^^^^^^^^^^
  File "/root/santhosh/trading/equity/.venv/lib/python3.12/site-packages/urllib3/util/retry.py", line 519, in increment
    raise MaxRetryError(_pool, url, reason) from reason  # type: ignore[arg-type]
    ^^^^^^^^^^^^^^^^^^^^^^^^^^^^^^^^^^^^^^^^^^^^^^^^^^^
urllib3.exceptions.MaxRetryError: HTTPConnectionPool(host='localhost', port=8080): Max retries exceeded with url: /learning/eod-update (Caused by NewConnectionError('<urllib3.connection.HTTPConnection object at 0x7a90a0787dd0>: Failed to establish a new connection: [Errno 111] Connection refused'))

During handling of the above exception, another exception occurred:

Traceback (most recent call last):
  File "/root/santhosh/trading/equity/eqcode/eod_scheduler.py", line 181, in trigger_eod_update
    response = requests.post(
               ^^^^^^^^^^^^^^
  File "/root/santhosh/trading/equity/.venv/lib/python3.12/site-packages/requests/api.py", line 115, in post
    return request("post", url, data=data, json=json, **kwargs)
           ^^^^^^^^^^^^^^^^^^^^^^^^^^^^^^^^^^^^^^^^^^^^^^^^^^^^
  File "/root/santhosh/trading/equity/.venv/lib/python3.12/site-packages/requests/api.py", line 59, in request
    return session.request(method=method, url=url, **kwargs)
           ^^^^^^^^^^^^^^^^^^^^^^^^^^^^^^^^^^^^^^^^^^^^^^^^^
  File "/root/santhosh/trading/equity/.venv/lib/python3.12/site-packages/requests/sessions.py", line 589, in request
    resp = self.send(prep, **send_kwargs)
           ^^^^^^^^^^^^^^^^^^^^^^^^^^^^^^
  File "/root/santhosh/trading/equity/.venv/lib/python3.12/site-packages/requests/sessions.py", line 703, in send
    r = adapter.send(request, **kwargs)
        ^^^^^^^^^^^^^^^^^^^^^^^^^^^^^^^
  File "/root/santhosh/trading/equity/.venv/lib/python3.12/site-packages/requests/adapters.py", line 677, in send
    raise ConnectionError(e, request=request)
requests.exceptions.ConnectionError: HTTPConnectionPool(host='localhost', port=8080): Max retries exceeded with url: /learning/eod-update (Caused by NewConnectionError('<urllib3.connection.HTTPConnection object at 0x7a90a0787dd0>: Failed to establish a new connection: [Errno 111] Connection refused'))

2025-12-02 18:38:27 | ERROR | errors | DETAILED_ERROR | error_type=EOD_CONNECTION_ERROR | message=Failed to connect to bot at http://localhost:8080 | timestamp=2025-12-02T18:38:27.879903 | exception_type=ConnectionError | exception_message=HTTPConnectionPool(host='localhost', port=8080): Max retries exceeded with url: /learning/eod-update (Caused by NewConnectionError('<urllib3.connection.HTTPConnection object at 0x7a909a72a6f0>: Failed to establish a new connection: [Errno 111] Connection refused')) | stack_trace=Traceback (most recent call last):
  File "/root/santhosh/trading/equity/.venv/lib/python3.12/site-packages/urllib3/connection.py", line 198, in _new_conn
    sock = connection.create_connection(
           ^^^^^^^^^^^^^^^^^^^^^^^^^^^^^
  File "/root/santhosh/trading/equity/.venv/lib/python3.12/site-packages/urllib3/util/connection.py", line 85, in create_connection
    raise err
  File "/root/santhosh/trading/equity/.venv/lib/python3.12/site-packages/urllib3/util/connection.py", line 73, in create_connection
    sock.connect(sa)
ConnectionRefusedError: [Errno 111] Connection refused

The above exception was the direct cause of the following exception:

Traceback (most recent call last):
  File "/root/santhosh/trading/equity/.venv/lib/python3.12/site-packages/urllib3/connectionpool.py", line 787, in urlopen
    response = self._make_request(
               ^^^^^^^^^^^^^^^^^^^
  File "/root/santhosh/trading/equity/.venv/lib/python3.12/site-packages/urllib3/connectionpool.py", line 493, in _make_request
    conn.request(
  File "/root/santhosh/trading/equity/.venv/lib/python3.12/site-packages/urllib3/connection.py", line 494, in request
    self.endheaders()
  File "/usr/lib/python3.12/http/client.py", line 1331, in endheaders
    self._send_output(message_body, encode_chunked=encode_chunked)
  File "/usr/lib/python3.12/http/client.py", line 1091, in _send_output
    self.send(msg)
  File "/usr/lib/python3.12/http/client.py", line 1035, in send
    self.connect()
  File "/root/santhosh/trading/equity/.venv/lib/python3.12/site-packages/urllib3/connection.py", line 325, in connect
    self.sock = self._new_conn()
                ^^^^^^^^^^^^^^^^
  File "/root/santhosh/trading/equity/.venv/lib/python3.12/site-packages/urllib3/connection.py", line 213, in _new_conn
    raise NewConnectionError(
urllib3.exceptions.NewConnectionError: <urllib3.connection.HTTPConnection object at 0x7a909a72a6f0>: Failed to establish a new connection: [Errno 111] Connection refused

The above exception was the direct cause of the following exception:

Traceback (most recent call last):
  File "/root/santhosh/trading/equity/.venv/lib/python3.12/site-packages/requests/adapters.py", line 644, in send
    resp = conn.urlopen(
           ^^^^^^^^^^^^^
  File "/root/santhosh/trading/equity/.venv/lib/python3.12/site-packages/urllib3/connectionpool.py", line 841, in urlopen
    retries = retries.increment(
              ^^^^^^^^^^^^^^^^^^
  File "/root/santhosh/trading/equity/.venv/lib/python3.12/site-packages/urllib3/util/retry.py", line 519, in increment
    raise MaxRetryError(_pool, url, reason) from reason  # type: ignore[arg-type]
    ^^^^^^^^^^^^^^^^^^^^^^^^^^^^^^^^^^^^^^^^^^^^^^^^^^^
urllib3.exceptions.MaxRetryError: HTTPConnectionPool(host='localhost', port=8080): Max retries exceeded with url: /learning/eod-update (Caused by NewConnectionError('<urllib3.connection.HTTPConnection object at 0x7a909a72a6f0>: Failed to establish a new connection: [Errno 111] Connection refused'))

During handling of the above exception, another exception occurred:

Traceback (most recent call last):
  File "/root/santhosh/trading/equity/eqcode/eod_scheduler.py", line 181, in trigger_eod_update
    response = requests.post(
               ^^^^^^^^^^^^^^
  File "/root/santhosh/trading/equity/.venv/lib/python3.12/site-packages/requests/api.py", line 115, in post
    return request("post", url, data=data, json=json, **kwargs)
           ^^^^^^^^^^^^^^^^^^^^^^^^^^^^^^^^^^^^^^^^^^^^^^^^^^^^
  File "/root/santhosh/trading/equity/.venv/lib/python3.12/site-packages/requests/api.py", line 59, in request
    return session.request(method=method, url=url, **kwargs)
           ^^^^^^^^^^^^^^^^^^^^^^^^^^^^^^^^^^^^^^^^^^^^^^^^^
  File "/root/santhosh/trading/equity/.venv/lib/python3.12/site-packages/requests/sessions.py", line 589, in request
    resp = self.send(prep, **send_kwargs)
           ^^^^^^^^^^^^^^^^^^^^^^^^^^^^^^
  File "/root/santhosh/trading/equity/.venv/lib/python3.12/site-packages/requests/sessions.py", line 703, in send
    r = adapter.send(request, **kwargs)
        ^^^^^^^^^^^^^^^^^^^^^^^^^^^^^^^
  File "/root/santhosh/trading/equity/.venv/lib/python3.12/site-packages/requests/adapters.py", line 677, in send
    raise ConnectionError(e, request=request)
requests.exceptions.ConnectionError: HTTPConnectionPool(host='localhost', port=8080): Max retries exceeded with url: /learning/eod-update (Caused by NewConnectionError('<urllib3.connection.HTTPConnection object at 0x7a909a72a6f0>: Failed to establish a new connection: [Errno 111] Connection refused'))

2025-12-02 18:38:39 | ERROR | errors | DETAILED_ERROR | error_type=EOD_CONNECTION_ERROR | message=Failed to connect to bot at http://localhost:8080 | timestamp=2025-12-02T18:38:39.750557 | exception_type=ConnectionError | exception_message=HTTPConnectionPool(host='localhost', port=8080): Max retries exceeded with url: /learning/eod-update (Caused by NewConnectionError('<urllib3.connection.HTTPConnection object at 0x7abfad9b8620>: Failed to establish a new connection: [Errno 111] Connection refused')) | stack_trace=Traceback (most recent call last):
  File "/root/santhosh/trading/equity/.venv/lib/python3.12/site-packages/urllib3/connection.py", line 198, in _new_conn
    sock = connection.create_connection(
           ^^^^^^^^^^^^^^^^^^^^^^^^^^^^^
  File "/root/santhosh/trading/equity/.venv/lib/python3.12/site-packages/urllib3/util/connection.py", line 85, in create_connection
    raise err
  File "/root/santhosh/trading/equity/.venv/lib/python3.12/site-packages/urllib3/util/connection.py", line 73, in create_connection
    sock.connect(sa)
ConnectionRefusedError: [Errno 111] Connection refused

The above exception was the direct cause of the following exception:

Traceback (most recent call last):
  File "/root/santhosh/trading/equity/.venv/lib/python3.12/site-packages/urllib3/connectionpool.py", line 787, in urlopen
    response = self._make_request(
               ^^^^^^^^^^^^^^^^^^^
  File "/root/santhosh/trading/equity/.venv/lib/python3.12/site-packages/urllib3/connectionpool.py", line 493, in _make_request
    conn.request(
  File "/root/santhosh/trading/equity/.venv/lib/python3.12/site-packages/urllib3/connection.py", line 494, in request
    self.endheaders()
  File "/usr/lib/python3.12/http/client.py", line 1331, in endheaders
    self._send_output(message_body, encode_chunked=encode_chunked)
  File "/usr/lib/python3.12/http/client.py", line 1091, in _send_output
    self.send(msg)
  File "/usr/lib/python3.12/http/client.py", line 1035, in send
    self.connect()
  File "/root/santhosh/trading/equity/.venv/lib/python3.12/site-packages/urllib3/connection.py", line 325, in connect
    self.sock = self._new_conn()
                ^^^^^^^^^^^^^^^^
  File "/root/santhosh/trading/equity/.venv/lib/python3.12/site-packages/urllib3/connection.py", line 213, in _new_conn
    raise NewConnectionError(
urllib3.exceptions.NewConnectionError: <urllib3.connection.HTTPConnection object at 0x7abfad9b8620>: Failed to establish a new connection: [Errno 111] Connection refused

The above exception was the direct cause of the following exception:

Traceback (most recent call last):
  File "/root/santhosh/trading/equity/.venv/lib/python3.12/site-packages/requests/adapters.py", line 644, in send
    resp = conn.urlopen(
           ^^^^^^^^^^^^^
  File "/root/santhosh/trading/equity/.venv/lib/python3.12/site-packages/urllib3/connectionpool.py", line 841, in urlopen
    retries = retries.increment(
              ^^^^^^^^^^^^^^^^^^
  File "/root/santhosh/trading/equity/.venv/lib/python3.12/site-packages/urllib3/util/retry.py", line 519, in increment
    raise MaxRetryError(_pool, url, reason) from reason  # type: ignore[arg-type]
    ^^^^^^^^^^^^^^^^^^^^^^^^^^^^^^^^^^^^^^^^^^^^^^^^^^^
urllib3.exceptions.MaxRetryError: HTTPConnectionPool(host='localhost', port=8080): Max retries exceeded with url: /learning/eod-update (Caused by NewConnectionError('<urllib3.connection.HTTPConnection object at 0x7abfad9b8620>: Failed to establish a new connection: [Errno 111] Connection refused'))

During handling of the above exception, another exception occurred:

Traceback (most recent call last):
  File "/root/santhosh/trading/equity/eqcode/eod_scheduler.py", line 181, in trigger_eod_update
    response = requests.post(
               ^^^^^^^^^^^^^^
  File "/root/santhosh/trading/equity/.venv/lib/python3.12/site-packages/requests/api.py", line 115, in post
    return request("post", url, data=data, json=json, **kwargs)
           ^^^^^^^^^^^^^^^^^^^^^^^^^^^^^^^^^^^^^^^^^^^^^^^^^^^^
  File "/root/santhosh/trading/equity/.venv/lib/python3.12/site-packages/requests/api.py", line 59, in request
    return session.request(method=method, url=url, **kwargs)
           ^^^^^^^^^^^^^^^^^^^^^^^^^^^^^^^^^^^^^^^^^^^^^^^^^
  File "/root/santhosh/trading/equity/.venv/lib/python3.12/site-packages/requests/sessions.py", line 589, in request
    resp = self.send(prep, **send_kwargs)
           ^^^^^^^^^^^^^^^^^^^^^^^^^^^^^^
  File "/root/santhosh/trading/equity/.venv/lib/python3.12/site-packages/requests/sessions.py", line 703, in send
    r = adapter.send(request, **kwargs)
        ^^^^^^^^^^^^^^^^^^^^^^^^^^^^^^^
  File "/root/santhosh/trading/equity/.venv/lib/python3.12/site-packages/requests/adapters.py", line 677, in send
    raise ConnectionError(e, request=request)
requests.exceptions.ConnectionError: HTTPConnectionPool(host='localhost', port=8080): Max retries exceeded with url: /learning/eod-update (Caused by NewConnectionError('<urllib3.connection.HTTPConnection object at 0x7abfad9b8620>: Failed to establish a new connection: [Errno 111] Connection refused'))

2025-12-02 18:38:39 | ERROR | errors | DETAILED_ERROR | error_type=EOD_CONNECTION_ERROR | message=Failed to connect to bot at http://localhost:8080 | timestamp=2025-12-02T18:38:39.784539 | exception_type=ConnectionError | exception_message=HTTPConnectionPool(host='localhost', port=8080): Max retries exceeded with url: /learning/eod-update (Caused by NewConnectionError('<urllib3.connection.HTTPConnection object at 0x7abfaa726de0>: Failed to establish a new connection: [Errno 111] Connection refused')) | stack_trace=Traceback (most recent call last):
  File "/root/santhosh/trading/equity/.venv/lib/python3.12/site-packages/urllib3/connection.py", line 198, in _new_conn
    sock = connection.create_connection(
           ^^^^^^^^^^^^^^^^^^^^^^^^^^^^^
  File "/root/santhosh/trading/equity/.venv/lib/python3.12/site-packages/urllib3/util/connection.py", line 85, in create_connection
    raise err
  File "/root/santhosh/trading/equity/.venv/lib/python3.12/site-packages/urllib3/util/connection.py", line 73, in create_connection
    sock.connect(sa)
ConnectionRefusedError: [Errno 111] Connection refused

The above exception was the direct cause of the following exception:

Traceback (most recent call last):
  File "/root/santhosh/trading/equity/.venv/lib/python3.12/site-packages/urllib3/connectionpool.py", line 787, in urlopen
    response = self._make_request(
               ^^^^^^^^^^^^^^^^^^^
  File "/root/santhosh/trading/equity/.venv/lib/python3.12/site-packages/urllib3/connectionpool.py", line 493, in _make_request
    conn.request(
  File "/root/santhosh/trading/equity/.venv/lib/python3.12/site-packages/urllib3/connection.py", line 494, in request
    self.endheaders()
  File "/usr/lib/python3.12/http/client.py", line 1331, in endheaders
    self._send_output(message_body, encode_chunked=encode_chunked)
  File "/usr/lib/python3.12/http/client.py", line 1091, in _send_output
    self.send(msg)
  File "/usr/lib/python3.12/http/client.py", line 1035, in send
    self.connect()
  File "/root/santhosh/trading/equity/.venv/lib/python3.12/site-packages/urllib3/connection.py", line 325, in connect
    self.sock = self._new_conn()
                ^^^^^^^^^^^^^^^^
  File "/root/santhosh/trading/equity/.venv/lib/python3.12/site-packages/urllib3/connection.py", line 213, in _new_conn
    raise NewConnectionError(
urllib3.exceptions.NewConnectionError: <urllib3.connection.HTTPConnection object at 0x7abfaa726de0>: Failed to establish a new connection: [Errno 111] Connection refused

The above exception was the direct cause of the following exception:

Traceback (most recent call last):
  File "/root/santhosh/trading/equity/.venv/lib/python3.12/site-packages/requests/adapters.py", line 644, in send
    resp = conn.urlopen(
           ^^^^^^^^^^^^^
  File "/root/santhosh/trading/equity/.venv/lib/python3.12/site-packages/urllib3/connectionpool.py", line 841, in urlopen
    retries = retries.increment(
              ^^^^^^^^^^^^^^^^^^
  File "/root/santhosh/trading/equity/.venv/lib/python3.12/site-packages/urllib3/util/retry.py", line 519, in increment
    raise MaxRetryError(_pool, url, reason) from reason  # type: ignore[arg-type]
    ^^^^^^^^^^^^^^^^^^^^^^^^^^^^^^^^^^^^^^^^^^^^^^^^^^^
urllib3.exceptions.MaxRetryError: HTTPConnectionPool(host='localhost', port=8080): Max retries exceeded with url: /learning/eod-update (Caused by NewConnectionError('<urllib3.connection.HTTPConnection object at 0x7abfaa726de0>: Failed to establish a new connection: [Errno 111] Connection refused'))

During handling of the above exception, another exception occurred:

Traceback (most recent call last):
  File "/root/santhosh/trading/equity/eqcode/eod_scheduler.py", line 181, in trigger_eod_update
    response = requests.post(
               ^^^^^^^^^^^^^^
  File "/root/santhosh/trading/equity/.venv/lib/python3.12/site-packages/requests/api.py", line 115, in post
    return request("post", url, data=data, json=json, **kwargs)
           ^^^^^^^^^^^^^^^^^^^^^^^^^^^^^^^^^^^^^^^^^^^^^^^^^^^^
  File "/root/santhosh/trading/equity/.venv/lib/python3.12/site-packages/requests/api.py", line 59, in request
    return session.request(method=method, url=url, **kwargs)
           ^^^^^^^^^^^^^^^^^^^^^^^^^^^^^^^^^^^^^^^^^^^^^^^^^
  File "/root/santhosh/trading/equity/.venv/lib/python3.12/site-packages/requests/sessions.py", line 589, in request
    resp = self.send(prep, **send_kwargs)
           ^^^^^^^^^^^^^^^^^^^^^^^^^^^^^^
  File "/root/santhosh/trading/equity/.venv/lib/python3.12/site-packages/requests/sessions.py", line 703, in send
    r = adapter.send(request, **kwargs)
        ^^^^^^^^^^^^^^^^^^^^^^^^^^^^^^^
  File "/root/santhosh/trading/equity/.venv/lib/python3.12/site-packages/requests/adapters.py", line 677, in send
    raise ConnectionError(e, request=request)
requests.exceptions.ConnectionError: HTTPConnectionPool(host='localhost', port=8080): Max retries exceeded with url: /learning/eod-update (Caused by NewConnectionError('<urllib3.connection.HTTPConnection object at 0x7abfaa726de0>: Failed to establish a new connection: [Errno 111] Connection refused'))

2025-12-02 18:52:33 | ERROR | broker_errors | BROKER_ERROR | API_ERROR | Code: AB1007 | Endpoint: rmsLimit | Invalid Token | full_response={"status": false, "message": "Invalid Token", "errorcode": "AB1007", "data": null} | args=() | kwargs={}
2025-12-02 19:05:06 | ERROR | broker_errors | BROKER_ERROR | API_ERROR | Code: AB1007 | Endpoint: rmsLimit | Invalid Token | full_response={"status": false, "message": "Invalid Token", "errorcode": "AB1007", "data": null} | args=() | kwargs={}
