2025-11-25 16:30:11 | INFO | STARTUP | Logging initialized | log_dir=/root/santhosh/trading/equity/logs/2025-11-25
2025-11-25 16:30:12 | INFO | FEEDBACK_INIT | PerformanceFeedback initialized for adaptive trading
2025-11-25 16:30:12 | INFO | MONITOR | Backed up stale positions.json to positions.json.startup_1764068412
2025-11-25 16:30:12 | INFO | MONITOR | ✓ Cleared stale positions.json - will rebuild from broker holdings
2025-11-25 16:30:12 | INFO | MONITOR | Skipping file load - broker will be source of truth
2025-11-25 16:30:12 | INFO | HOLDINGS_SYNC | Fetching positions and holdings from broker...
2025-11-25 16:30:12 | INFO | HOLDINGS_SYNC | Found 0 open LONG positions from position() API
2025-11-25 16:30:12 | INFO | HOLDINGS_SYNC | No positions or holdings found at broker
2025-11-25 16:30:12 | INFO | MONITOR | Position monitoring started with bucketed LTP checking
2025-11-25 16:30:12 | INFO | MONITOR | Event loop thread started
2025-11-25 16:30:12 | INFO | MONITOR | Event loop started successfully for priority queue
2025-11-25 16:30:13 | INFO | MONITOR | Priority API queue enabled and started
2025-11-25 16:30:13 | INFO | SL_RETRY | SL retry thread started - waiting 30s before initial placement (conserve startup API quota)
2025-11-25 16:30:13 | INFO | SL_RETRY | SL retry thread started successfully
2025-11-25 16:30:13 | INFO | MONITOR_SLEEP | Sleeping for 20s (base=20s, consecutive_errors=0, monitoring_suspended=False)
2025-11-25 16:30:33 | INFO | MONITOR_SLEEP | Sleeping for 20s (base=20s, consecutive_errors=0, monitoring_suspended=False)
2025-11-25 16:30:43 | INFO | SL_RETRY | SL retry thread active - conservative mode (1 SL per 20s, max 10 retries)
2025-11-25 16:30:53 | INFO | MONITOR_SLEEP | Sleeping for 20s (base=20s, consecutive_errors=0, monitoring_suspended=False)
2025-11-25 16:31:13 | INFO | MONITOR | Paper trades checked (next in 60s)
2025-11-25 16:31:13 | INFO | MONITOR_SLEEP | Sleeping for 20s (base=20s, consecutive_errors=0, monitoring_suspended=False)
2025-11-25 16:31:33 | INFO | MONITOR_SLEEP | Sleeping for 20s (base=20s, consecutive_errors=0, monitoring_suspended=False)
2025-11-25 16:31:53 | INFO | MONITOR_SLEEP | Sleeping for 20s (base=20s, consecutive_errors=0, monitoring_suspended=False)
2025-11-25 16:32:13 | INFO | MONITOR | Paper trades checked (next in 60s)
2025-11-25 16:32:13 | INFO | MONITOR_SLEEP | Sleeping for 20s (base=20s, consecutive_errors=0, monitoring_suspended=False)
2025-11-25 16:32:33 | INFO | MONITOR_SLEEP | Sleeping for 20s (base=20s, consecutive_errors=0, monitoring_suspended=False)
2025-11-25 16:32:53 | INFO | MONITOR_SLEEP | Sleeping for 20s (base=20s, consecutive_errors=0, monitoring_suspended=False)
2025-11-25 16:33:13 | INFO | MONITOR | Paper trades checked (next in 60s)
2025-11-25 16:33:13 | INFO | MONITOR_SLEEP | Sleeping for 20s (base=20s, consecutive_errors=0, monitoring_suspended=False)
2025-11-25 16:33:33 | INFO | MONITOR_SLEEP | Sleeping for 20s (base=20s, consecutive_errors=0, monitoring_suspended=False)
2025-11-25 16:33:53 | INFO | MONITOR_SLEEP | Sleeping for 20s (base=20s, consecutive_errors=0, monitoring_suspended=False)
2025-11-25 16:34:13 | INFO | MONITOR | Paper trades checked (next in 60s)
2025-11-25 16:34:13 | INFO | MONITOR_SLEEP | Sleeping for 20s (base=20s, consecutive_errors=0, monitoring_suspended=False)
2025-11-25 16:34:33 | INFO | MONITOR_SLEEP | Sleeping for 20s (base=20s, consecutive_errors=0, monitoring_suspended=False)
2025-11-25 16:34:53 | INFO | MONITOR_SLEEP | Sleeping for 20s (base=20s, consecutive_errors=0, monitoring_suspended=False)
2025-11-25 16:35:13 | INFO | MONITOR | Paper trades checked (next in 60s)
2025-11-25 16:35:13 | INFO | MONITOR_SLEEP | Sleeping for 20s (base=20s, consecutive_errors=0, monitoring_suspended=False)
2025-11-25 16:35:33 | INFO | MONITOR_SLEEP | Sleeping for 20s (base=20s, consecutive_errors=0, monitoring_suspended=False)
2025-11-25 16:35:53 | INFO | MONITOR_SLEEP | Sleeping for 20s (base=20s, consecutive_errors=0, monitoring_suspended=False)
2025-11-25 16:36:13 | INFO | MONITOR | Paper trades checked (next in 60s)
2025-11-25 16:36:13 | INFO | MONITOR_SLEEP | Sleeping for 20s (base=20s, consecutive_errors=0, monitoring_suspended=False)
2025-11-25 16:36:33 | INFO | MONITOR_SLEEP | Sleeping for 20s (base=20s, consecutive_errors=0, monitoring_suspended=False)
2025-11-25 16:36:53 | INFO | MONITOR_SLEEP | Sleeping for 20s (base=20s, consecutive_errors=0, monitoring_suspended=False)
2025-11-25 16:37:13 | INFO | MONITOR | Paper trades checked (next in 60s)
2025-11-25 16:37:13 | INFO | MONITOR_SLEEP | Sleeping for 20s (base=20s, consecutive_errors=0, monitoring_suspended=False)
2025-11-25 16:37:33 | INFO | MONITOR_SLEEP | Sleeping for 20s (base=20s, consecutive_errors=0, monitoring_suspended=False)
2025-11-25 16:37:53 | INFO | MONITOR_SLEEP | Sleeping for 20s (base=20s, consecutive_errors=0, monitoring_suspended=False)
2025-11-25 16:38:13 | INFO | MONITOR | Paper trades checked (next in 60s)
2025-11-25 16:38:13 | INFO | MONITOR_SLEEP | Sleeping for 20s (base=20s, consecutive_errors=0, monitoring_suspended=False)
2025-11-25 16:38:33 | INFO | MONITOR_SLEEP | Sleeping for 20s (base=20s, consecutive_errors=0, monitoring_suspended=False)
2025-11-25 16:38:53 | INFO | MONITOR_SLEEP | Sleeping for 20s (base=20s, consecutive_errors=0, monitoring_suspended=False)
2025-11-25 16:39:13 | INFO | MONITOR | Paper trades checked (next in 60s)
2025-11-25 16:39:13 | INFO | MONITOR_SLEEP | Sleeping for 20s (base=20s, consecutive_errors=0, monitoring_suspended=False)
2025-11-25 16:39:33 | INFO | MONITOR_SLEEP | Sleeping for 20s (base=20s, consecutive_errors=0, monitoring_suspended=False)
2025-11-25 16:39:53 | INFO | MONITOR_SLEEP | Sleeping for 20s (base=20s, consecutive_errors=0, monitoring_suspended=False)
2025-11-25 16:40:13 | INFO | MONITOR | Paper trades checked (next in 60s)
2025-11-25 16:40:13 | INFO | MONITOR_SLEEP | Sleeping for 20s (base=20s, consecutive_errors=0, monitoring_suspended=False)
2025-11-25 16:40:33 | INFO | MONITOR_SLEEP | Sleeping for 20s (base=20s, consecutive_errors=0, monitoring_suspended=False)
2025-11-25 16:40:53 | INFO | MONITOR_SLEEP | Sleeping for 20s (base=20s, consecutive_errors=0, monitoring_suspended=False)
2025-11-25 16:41:13 | INFO | MONITOR | Paper trades checked (next in 60s)
2025-11-25 16:41:13 | INFO | MONITOR_SLEEP | Sleeping for 20s (base=20s, consecutive_errors=0, monitoring_suspended=False)
2025-11-25 16:41:33 | INFO | MONITOR_SLEEP | Sleeping for 20s (base=20s, consecutive_errors=0, monitoring_suspended=False)
2025-11-25 16:41:53 | INFO | MONITOR_SLEEP | Sleeping for 20s (base=20s, consecutive_errors=0, monitoring_suspended=False)
2025-11-25 16:42:13 | INFO | MONITOR | Paper trades checked (next in 60s)
2025-11-25 16:42:13 | INFO | MONITOR_SLEEP | Sleeping for 20s (base=20s, consecutive_errors=0, monitoring_suspended=False)
2025-11-25 16:42:33 | INFO | MONITOR_SLEEP | Sleeping for 20s (base=20s, consecutive_errors=0, monitoring_suspended=False)
2025-11-25 16:42:53 | INFO | MONITOR_SLEEP | Sleeping for 20s (base=20s, consecutive_errors=0, monitoring_suspended=False)
2025-11-25 16:43:13 | INFO | MONITOR | Paper trades checked (next in 60s)
2025-11-25 16:43:13 | INFO | MONITOR_SLEEP | Sleeping for 20s (base=20s, consecutive_errors=0, monitoring_suspended=False)
2025-11-25 16:43:33 | INFO | MONITOR_SLEEP | Sleeping for 20s (base=20s, consecutive_errors=0, monitoring_suspended=False)
2025-11-25 16:43:53 | INFO | MONITOR_SLEEP | Sleeping for 20s (base=20s, consecutive_errors=0, monitoring_suspended=False)
2025-11-25 16:44:13 | INFO | MONITOR | Paper trades checked (next in 60s)
2025-11-25 16:44:13 | INFO | MONITOR_SLEEP | Sleeping for 20s (base=20s, consecutive_errors=0, monitoring_suspended=False)
2025-11-25 16:44:33 | INFO | MONITOR_SLEEP | Sleeping for 20s (base=20s, consecutive_errors=0, monitoring_suspended=False)
2025-11-25 16:44:53 | INFO | MONITOR_SLEEP | Sleeping for 20s (base=20s, consecutive_errors=0, monitoring_suspended=False)
2025-11-25 16:45:13 | INFO | MONITOR | Paper trades checked (next in 60s)
2025-11-25 16:45:13 | INFO | MONITOR_SLEEP | Sleeping for 20s (base=20s, consecutive_errors=0, monitoring_suspended=False)
2025-11-25 16:45:33 | INFO | MONITOR_SLEEP | Sleeping for 20s (base=20s, consecutive_errors=0, monitoring_suspended=False)
2025-11-25 16:45:53 | INFO | MONITOR_SLEEP | Sleeping for 20s (base=20s, consecutive_errors=0, monitoring_suspended=False)
2025-11-25 16:46:13 | INFO | MONITOR | Paper trades checked (next in 60s)
2025-11-25 16:46:13 | INFO | MONITOR_SLEEP | Sleeping for 20s (base=20s, consecutive_errors=0, monitoring_suspended=False)
2025-11-25 16:46:33 | INFO | MONITOR_SLEEP | Sleeping for 20s (base=20s, consecutive_errors=0, monitoring_suspended=False)
2025-11-25 16:46:53 | INFO | MONITOR_SLEEP | Sleeping for 20s (base=20s, consecutive_errors=0, monitoring_suspended=False)
2025-11-25 16:47:13 | INFO | MONITOR | Paper trades checked (next in 60s)
2025-11-25 16:47:13 | INFO | MONITOR_SLEEP | Sleeping for 20s (base=20s, consecutive_errors=0, monitoring_suspended=False)
2025-11-25 16:47:33 | INFO | MONITOR_SLEEP | Sleeping for 20s (base=20s, consecutive_errors=0, monitoring_suspended=False)
2025-11-25 16:47:53 | INFO | MONITOR_SLEEP | Sleeping for 20s (base=20s, consecutive_errors=0, monitoring_suspended=False)
2025-11-25 16:48:13 | INFO | MONITOR | Paper trades checked (next in 60s)
2025-11-25 16:48:13 | INFO | MONITOR_SLEEP | Sleeping for 20s (base=20s, consecutive_errors=0, monitoring_suspended=False)
2025-11-25 16:48:33 | INFO | MONITOR_SLEEP | Sleeping for 20s (base=20s, consecutive_errors=0, monitoring_suspended=False)
2025-11-25 16:48:53 | INFO | MONITOR_SLEEP | Sleeping for 20s (base=20s, consecutive_errors=0, monitoring_suspended=False)
2025-11-25 16:49:13 | INFO | MONITOR | Paper trades checked (next in 60s)
2025-11-25 16:49:13 | INFO | MONITOR_SLEEP | Sleeping for 20s (base=20s, consecutive_errors=0, monitoring_suspended=False)
2025-11-25 16:49:33 | INFO | MONITOR_SLEEP | Sleeping for 20s (base=20s, consecutive_errors=0, monitoring_suspended=False)
2025-11-25 16:49:53 | INFO | MONITOR_SLEEP | Sleeping for 20s (base=20s, consecutive_errors=0, monitoring_suspended=False)
2025-11-25 16:50:13 | INFO | MONITOR | Paper trades checked (next in 60s)
2025-11-25 16:50:13 | INFO | MONITOR_SLEEP | Sleeping for 20s (base=20s, consecutive_errors=0, monitoring_suspended=False)
2025-11-25 16:50:33 | INFO | MONITOR_SLEEP | Sleeping for 20s (base=20s, consecutive_errors=0, monitoring_suspended=False)
2025-11-25 16:50:53 | INFO | MONITOR_SLEEP | Sleeping for 20s (base=20s, consecutive_errors=0, monitoring_suspended=False)
2025-11-25 16:51:13 | INFO | MONITOR | Paper trades checked (next in 60s)
2025-11-25 16:51:13 | INFO | MONITOR_SLEEP | Sleeping for 20s (base=20s, consecutive_errors=0, monitoring_suspended=False)
2025-11-25 16:51:33 | INFO | MONITOR_SLEEP | Sleeping for 20s (base=20s, consecutive_errors=0, monitoring_suspended=False)
2025-11-25 16:51:53 | INFO | MONITOR_SLEEP | Sleeping for 20s (base=20s, consecutive_errors=0, monitoring_suspended=False)
2025-11-25 16:52:13 | INFO | MONITOR | Paper trades checked (next in 60s)
2025-11-25 16:52:13 | INFO | MONITOR_SLEEP | Sleeping for 20s (base=20s, consecutive_errors=0, monitoring_suspended=False)
2025-11-25 16:52:33 | INFO | MONITOR_SLEEP | Sleeping for 20s (base=20s, consecutive_errors=0, monitoring_suspended=False)
2025-11-25 16:52:53 | INFO | MONITOR_SLEEP | Sleeping for 20s (base=20s, consecutive_errors=0, monitoring_suspended=False)
2025-11-25 16:53:13 | INFO | MONITOR | Paper trades checked (next in 60s)
2025-11-25 16:53:13 | INFO | MONITOR_SLEEP | Sleeping for 20s (base=20s, consecutive_errors=0, monitoring_suspended=False)
2025-11-25 16:53:33 | INFO | MONITOR_SLEEP | Sleeping for 20s (base=20s, consecutive_errors=0, monitoring_suspended=False)
2025-11-25 16:53:53 | INFO | MONITOR_SLEEP | Sleeping for 20s (base=20s, consecutive_errors=0, monitoring_suspended=False)
2025-11-25 16:54:13 | INFO | MONITOR | Paper trades checked (next in 60s)
2025-11-25 16:54:13 | INFO | MONITOR_SLEEP | Sleeping for 20s (base=20s, consecutive_errors=0, monitoring_suspended=False)
2025-11-25 16:54:33 | INFO | MONITOR_SLEEP | Sleeping for 20s (base=20s, consecutive_errors=0, monitoring_suspended=False)
2025-11-25 16:54:53 | INFO | MONITOR_SLEEP | Sleeping for 20s (base=20s, consecutive_errors=0, monitoring_suspended=False)
2025-11-25 16:55:13 | INFO | MONITOR | Paper trades checked (next in 60s)
2025-11-25 16:55:13 | INFO | MONITOR_SLEEP | Sleeping for 20s (base=20s, consecutive_errors=0, monitoring_suspended=False)
2025-11-25 16:55:33 | INFO | MONITOR_SLEEP | Sleeping for 20s (base=20s, consecutive_errors=0, monitoring_suspended=False)
2025-11-25 16:55:53 | INFO | MONITOR_SLEEP | Sleeping for 20s (base=20s, consecutive_errors=0, monitoring_suspended=False)
2025-11-25 16:56:13 | INFO | MONITOR | Paper trades checked (next in 60s)
2025-11-25 16:56:13 | INFO | MONITOR_SLEEP | Sleeping for 20s (base=20s, consecutive_errors=0, monitoring_suspended=False)
2025-11-25 16:56:33 | INFO | MONITOR_SLEEP | Sleeping for 20s (base=20s, consecutive_errors=0, monitoring_suspended=False)
2025-11-25 16:56:53 | INFO | MONITOR_SLEEP | Sleeping for 20s (base=20s, consecutive_errors=0, monitoring_suspended=False)
2025-11-25 16:57:13 | INFO | MONITOR | Paper trades checked (next in 60s)
2025-11-25 16:57:13 | INFO | MONITOR_SLEEP | Sleeping for 20s (base=20s, consecutive_errors=0, monitoring_suspended=False)
2025-11-25 16:57:33 | INFO | MONITOR_SLEEP | Sleeping for 20s (base=20s, consecutive_errors=0, monitoring_suspended=False)
2025-11-25 16:57:53 | INFO | MONITOR_SLEEP | Sleeping for 20s (base=20s, consecutive_errors=0, monitoring_suspended=False)
2025-11-25 16:58:13 | INFO | MONITOR | Paper trades checked (next in 60s)
2025-11-25 16:58:13 | INFO | MONITOR_SLEEP | Sleeping for 20s (base=20s, consecutive_errors=0, monitoring_suspended=False)
2025-11-25 16:58:33 | INFO | MONITOR_SLEEP | Sleeping for 20s (base=20s, consecutive_errors=0, monitoring_suspended=False)
2025-11-25 16:58:53 | INFO | MONITOR_SLEEP | Sleeping for 20s (base=20s, consecutive_errors=0, monitoring_suspended=False)
2025-11-25 16:59:13 | INFO | MONITOR | Paper trades checked (next in 60s)
2025-11-25 16:59:13 | INFO | MONITOR_SLEEP | Sleeping for 20s (base=20s, consecutive_errors=0, monitoring_suspended=False)
2025-11-25 16:59:33 | INFO | MONITOR_SLEEP | Sleeping for 20s (base=20s, consecutive_errors=0, monitoring_suspended=False)
2025-11-25 16:59:53 | INFO | MONITOR_SLEEP | Sleeping for 20s (base=20s, consecutive_errors=0, monitoring_suspended=False)
2025-11-25 17:00:13 | INFO | MONITOR | Paper trades checked (next in 60s)
2025-11-25 17:00:13 | INFO | MONITOR_SLEEP | Sleeping for 20s (base=20s, consecutive_errors=0, monitoring_suspended=False)
2025-11-25 17:00:33 | INFO | MONITOR_SLEEP | Sleeping for 20s (base=20s, consecutive_errors=0, monitoring_suspended=False)
2025-11-25 17:00:53 | INFO | MONITOR_SLEEP | Sleeping for 20s (base=20s, consecutive_errors=0, monitoring_suspended=False)
2025-11-25 17:01:13 | INFO | MONITOR | Paper trades checked (next in 60s)
2025-11-25 17:01:13 | INFO | MONITOR_SLEEP | Sleeping for 20s (base=20s, consecutive_errors=0, monitoring_suspended=False)
2025-11-25 17:01:33 | INFO | MONITOR_SLEEP | Sleeping for 20s (base=20s, consecutive_errors=0, monitoring_suspended=False)
2025-11-25 17:01:53 | INFO | MONITOR_SLEEP | Sleeping for 20s (base=20s, consecutive_errors=0, monitoring_suspended=False)
2025-11-25 17:02:13 | INFO | MONITOR | Paper trades checked (next in 60s)
2025-11-25 17:02:13 | INFO | MONITOR_SLEEP | Sleeping for 20s (base=20s, consecutive_errors=0, monitoring_suspended=False)
2025-11-25 17:02:33 | INFO | MONITOR_SLEEP | Sleeping for 20s (base=20s, consecutive_errors=0, monitoring_suspended=False)
2025-11-25 17:02:53 | INFO | MONITOR_SLEEP | Sleeping for 20s (base=20s, consecutive_errors=0, monitoring_suspended=False)
2025-11-25 17:03:13 | INFO | MONITOR | Paper trades checked (next in 60s)
2025-11-25 17:03:13 | INFO | MONITOR_SLEEP | Sleeping for 20s (base=20s, consecutive_errors=0, monitoring_suspended=False)
2025-11-25 17:03:33 | INFO | MONITOR_SLEEP | Sleeping for 20s (base=20s, consecutive_errors=0, monitoring_suspended=False)
2025-11-25 17:03:53 | INFO | MONITOR_SLEEP | Sleeping for 20s (base=20s, consecutive_errors=0, monitoring_suspended=False)
2025-11-25 17:04:13 | INFO | MONITOR | Paper trades checked (next in 60s)
2025-11-25 17:04:13 | INFO | MONITOR_SLEEP | Sleeping for 20s (base=20s, consecutive_errors=0, monitoring_suspended=False)
2025-11-25 17:04:33 | INFO | MONITOR_SLEEP | Sleeping for 20s (base=20s, consecutive_errors=0, monitoring_suspended=False)
2025-11-25 17:04:53 | INFO | MONITOR_SLEEP | Sleeping for 20s (base=20s, consecutive_errors=0, monitoring_suspended=False)
2025-11-25 17:05:13 | INFO | MONITOR | Paper trades checked (next in 60s)
2025-11-25 17:05:13 | INFO | MONITOR_SLEEP | Sleeping for 20s (base=20s, consecutive_errors=0, monitoring_suspended=False)
2025-11-25 17:05:33 | INFO | MONITOR_SLEEP | Sleeping for 20s (base=20s, consecutive_errors=0, monitoring_suspended=False)
2025-11-25 17:05:53 | INFO | MONITOR_SLEEP | Sleeping for 20s (base=20s, consecutive_errors=0, monitoring_suspended=False)
2025-11-25 17:06:13 | INFO | MONITOR | Paper trades checked (next in 60s)
2025-11-25 17:06:13 | INFO | MONITOR_SLEEP | Sleeping for 20s (base=20s, consecutive_errors=0, monitoring_suspended=False)
2025-11-25 17:06:33 | INFO | MONITOR_SLEEP | Sleeping for 20s (base=20s, consecutive_errors=0, monitoring_suspended=False)
2025-11-25 17:06:53 | INFO | MONITOR_SLEEP | Sleeping for 20s (base=20s, consecutive_errors=0, monitoring_suspended=False)
2025-11-25 17:07:13 | INFO | MONITOR | Paper trades checked (next in 60s)
2025-11-25 17:07:13 | INFO | MONITOR_SLEEP | Sleeping for 20s (base=20s, consecutive_errors=0, monitoring_suspended=False)
2025-11-25 17:07:33 | INFO | MONITOR_SLEEP | Sleeping for 20s (base=20s, consecutive_errors=0, monitoring_suspended=False)
2025-11-25 17:07:53 | INFO | MONITOR_SLEEP | Sleeping for 20s (base=20s, consecutive_errors=0, monitoring_suspended=False)
2025-11-25 17:08:13 | INFO | MONITOR | Paper trades checked (next in 60s)
2025-11-25 17:08:13 | INFO | MONITOR_SLEEP | Sleeping for 20s (base=20s, consecutive_errors=0, monitoring_suspended=False)
2025-11-25 17:08:33 | INFO | MONITOR_SLEEP | Sleeping for 20s (base=20s, consecutive_errors=0, monitoring_suspended=False)
2025-11-25 17:08:53 | INFO | MONITOR_SLEEP | Sleeping for 20s (base=20s, consecutive_errors=0, monitoring_suspended=False)
2025-11-25 17:09:13 | INFO | MONITOR | Paper trades checked (next in 60s)
2025-11-25 17:09:13 | INFO | MONITOR_SLEEP | Sleeping for 20s (base=20s, consecutive_errors=0, monitoring_suspended=False)
2025-11-25 17:09:33 | INFO | MONITOR_SLEEP | Sleeping for 20s (base=20s, consecutive_errors=0, monitoring_suspended=False)
2025-11-25 17:09:53 | INFO | MONITOR_SLEEP | Sleeping for 20s (base=20s, consecutive_errors=0, monitoring_suspended=False)
2025-11-25 17:10:13 | INFO | MONITOR | Paper trades checked (next in 60s)
2025-11-25 17:10:13 | INFO | MONITOR_SLEEP | Sleeping for 20s (base=20s, consecutive_errors=0, monitoring_suspended=False)
2025-11-25 17:10:33 | INFO | MONITOR_SLEEP | Sleeping for 20s (base=20s, consecutive_errors=0, monitoring_suspended=False)
2025-11-25 17:10:53 | INFO | MONITOR_SLEEP | Sleeping for 20s (base=20s, consecutive_errors=0, monitoring_suspended=False)
2025-11-25 17:11:13 | INFO | MONITOR | Paper trades checked (next in 60s)
2025-11-25 17:11:13 | INFO | MONITOR_SLEEP | Sleeping for 20s (base=20s, consecutive_errors=0, monitoring_suspended=False)
2025-11-25 17:11:33 | INFO | MONITOR_SLEEP | Sleeping for 20s (base=20s, consecutive_errors=0, monitoring_suspended=False)
2025-11-25 17:11:53 | INFO | MONITOR_SLEEP | Sleeping for 20s (base=20s, consecutive_errors=0, monitoring_suspended=False)
2025-11-25 17:12:13 | INFO | MONITOR | Paper trades checked (next in 60s)
2025-11-25 17:12:13 | INFO | MONITOR_SLEEP | Sleeping for 20s (base=20s, consecutive_errors=0, monitoring_suspended=False)
2025-11-25 17:12:33 | INFO | MONITOR_SLEEP | Sleeping for 20s (base=20s, consecutive_errors=0, monitoring_suspended=False)
2025-11-25 17:12:53 | INFO | MONITOR_SLEEP | Sleeping for 20s (base=20s, consecutive_errors=0, monitoring_suspended=False)
2025-11-25 17:13:13 | INFO | MONITOR | Paper trades checked (next in 60s)
2025-11-25 17:13:13 | INFO | MONITOR_SLEEP | Sleeping for 20s (base=20s, consecutive_errors=0, monitoring_suspended=False)
2025-11-25 17:13:33 | INFO | MONITOR_SLEEP | Sleeping for 20s (base=20s, consecutive_errors=0, monitoring_suspended=False)
2025-11-25 17:13:53 | INFO | MONITOR_SLEEP | Sleeping for 20s (base=20s, consecutive_errors=0, monitoring_suspended=False)
2025-11-25 17:14:13 | INFO | MONITOR | Paper trades checked (next in 60s)
2025-11-25 17:14:13 | INFO | MONITOR_SLEEP | Sleeping for 20s (base=20s, consecutive_errors=0, monitoring_suspended=False)
2025-11-25 17:14:33 | INFO | MONITOR_SLEEP | Sleeping for 20s (base=20s, consecutive_errors=0, monitoring_suspended=False)
2025-11-25 17:14:53 | INFO | MONITOR_SLEEP | Sleeping for 20s (base=20s, consecutive_errors=0, monitoring_suspended=False)
2025-11-25 17:15:13 | INFO | MONITOR | Paper trades checked (next in 60s)
2025-11-25 17:15:13 | INFO | MONITOR_SLEEP | Sleeping for 20s (base=20s, consecutive_errors=0, monitoring_suspended=False)
2025-11-25 17:15:33 | INFO | MONITOR_SLEEP | Sleeping for 20s (base=20s, consecutive_errors=0, monitoring_suspended=False)
2025-11-25 17:15:53 | INFO | MONITOR_SLEEP | Sleeping for 20s (base=20s, consecutive_errors=0, monitoring_suspended=False)
2025-11-25 17:16:13 | INFO | MONITOR | Paper trades checked (next in 60s)
2025-11-25 17:16:13 | INFO | MONITOR_SLEEP | Sleeping for 20s (base=20s, consecutive_errors=0, monitoring_suspended=False)
2025-11-25 17:16:33 | INFO | MONITOR_SLEEP | Sleeping for 20s (base=20s, consecutive_errors=0, monitoring_suspended=False)
2025-11-25 17:16:53 | INFO | MONITOR_SLEEP | Sleeping for 20s (base=20s, consecutive_errors=0, monitoring_suspended=False)
2025-11-25 17:17:13 | INFO | MONITOR | Paper trades checked (next in 60s)
2025-11-25 17:17:13 | INFO | MONITOR_SLEEP | Sleeping for 20s (base=20s, consecutive_errors=0, monitoring_suspended=False)
2025-11-25 17:17:33 | INFO | MONITOR_SLEEP | Sleeping for 20s (base=20s, consecutive_errors=0, monitoring_suspended=False)
2025-11-25 17:17:53 | INFO | MONITOR_SLEEP | Sleeping for 20s (base=20s, consecutive_errors=0, monitoring_suspended=False)
2025-11-25 17:18:13 | INFO | MONITOR | Paper trades checked (next in 60s)
2025-11-25 17:18:13 | INFO | MONITOR_SLEEP | Sleeping for 20s (base=20s, consecutive_errors=0, monitoring_suspended=False)
2025-11-25 17:18:33 | INFO | MONITOR_SLEEP | Sleeping for 20s (base=20s, consecutive_errors=0, monitoring_suspended=False)
2025-11-25 17:18:53 | INFO | MONITOR_SLEEP | Sleeping for 20s (base=20s, consecutive_errors=0, monitoring_suspended=False)
2025-11-25 17:19:13 | INFO | MONITOR | Paper trades checked (next in 60s)
2025-11-25 17:19:13 | INFO | MONITOR_SLEEP | Sleeping for 20s (base=20s, consecutive_errors=0, monitoring_suspended=False)
2025-11-25 17:19:33 | INFO | MONITOR_SLEEP | Sleeping for 20s (base=20s, consecutive_errors=0, monitoring_suspended=False)
2025-11-25 17:19:53 | INFO | MONITOR_SLEEP | Sleeping for 20s (base=20s, consecutive_errors=0, monitoring_suspended=False)
2025-11-25 17:20:13 | INFO | MONITOR | Paper trades checked (next in 60s)
2025-11-25 17:20:13 | INFO | MONITOR_SLEEP | Sleeping for 20s (base=20s, consecutive_errors=0, monitoring_suspended=False)
2025-11-25 17:20:33 | INFO | MONITOR_SLEEP | Sleeping for 20s (base=20s, consecutive_errors=0, monitoring_suspended=False)
2025-11-25 17:20:53 | INFO | MONITOR_SLEEP | Sleeping for 20s (base=20s, consecutive_errors=0, monitoring_suspended=False)
2025-11-25 17:21:13 | INFO | MONITOR | Paper trades checked (next in 60s)
2025-11-25 17:21:13 | INFO | MONITOR_SLEEP | Sleeping for 20s (base=20s, consecutive_errors=0, monitoring_suspended=False)
2025-11-25 17:21:33 | INFO | MONITOR_SLEEP | Sleeping for 20s (base=20s, consecutive_errors=0, monitoring_suspended=False)
2025-11-25 17:21:53 | INFO | MONITOR_SLEEP | Sleeping for 20s (base=20s, consecutive_errors=0, monitoring_suspended=False)
2025-11-25 17:22:13 | INFO | MONITOR | Paper trades checked (next in 60s)
2025-11-25 17:22:13 | INFO | MONITOR_SLEEP | Sleeping for 20s (base=20s, consecutive_errors=0, monitoring_suspended=False)
2025-11-25 17:22:33 | INFO | MONITOR_SLEEP | Sleeping for 20s (base=20s, consecutive_errors=0, monitoring_suspended=False)
2025-11-25 17:22:53 | INFO | MONITOR_SLEEP | Sleeping for 20s (base=20s, consecutive_errors=0, monitoring_suspended=False)
2025-11-25 17:23:13 | INFO | MONITOR | Paper trades checked (next in 60s)
2025-11-25 17:23:13 | INFO | MONITOR_SLEEP | Sleeping for 20s (base=20s, consecutive_errors=0, monitoring_suspended=False)
2025-11-25 17:23:33 | INFO | MONITOR_SLEEP | Sleeping for 20s (base=20s, consecutive_errors=0, monitoring_suspended=False)
2025-11-25 17:23:53 | INFO | MONITOR_SLEEP | Sleeping for 20s (base=20s, consecutive_errors=0, monitoring_suspended=False)
2025-11-25 17:24:13 | INFO | MONITOR | Paper trades checked (next in 60s)
2025-11-25 17:24:13 | INFO | MONITOR_SLEEP | Sleeping for 20s (base=20s, consecutive_errors=0, monitoring_suspended=False)
2025-11-25 17:24:33 | INFO | MONITOR_SLEEP | Sleeping for 20s (base=20s, consecutive_errors=0, monitoring_suspended=False)
2025-11-25 17:24:53 | INFO | MONITOR_SLEEP | Sleeping for 20s (base=20s, consecutive_errors=0, monitoring_suspended=False)
2025-11-25 17:25:13 | INFO | MONITOR | Paper trades checked (next in 60s)
2025-11-25 17:25:13 | INFO | MONITOR_SLEEP | Sleeping for 20s (base=20s, consecutive_errors=0, monitoring_suspended=False)
2025-11-25 17:25:33 | INFO | MONITOR_SLEEP | Sleeping for 20s (base=20s, consecutive_errors=0, monitoring_suspended=False)
2025-11-25 17:25:53 | INFO | MONITOR_SLEEP | Sleeping for 20s (base=20s, consecutive_errors=0, monitoring_suspended=False)
2025-11-25 17:26:13 | INFO | MONITOR | Paper trades checked (next in 60s)
2025-11-25 17:26:13 | INFO | MONITOR_SLEEP | Sleeping for 20s (base=20s, consecutive_errors=0, monitoring_suspended=False)
2025-11-25 17:26:33 | INFO | MONITOR_SLEEP | Sleeping for 20s (base=20s, consecutive_errors=0, monitoring_suspended=False)
2025-11-25 17:26:53 | INFO | MONITOR_SLEEP | Sleeping for 20s (base=20s, consecutive_errors=0, monitoring_suspended=False)
2025-11-25 17:27:13 | INFO | MONITOR | Paper trades checked (next in 60s)
2025-11-25 17:27:13 | INFO | MONITOR_SLEEP | Sleeping for 20s (base=20s, consecutive_errors=0, monitoring_suspended=False)
2025-11-25 17:27:33 | INFO | MONITOR_SLEEP | Sleeping for 20s (base=20s, consecutive_errors=0, monitoring_suspended=False)
2025-11-25 17:27:53 | INFO | MONITOR_SLEEP | Sleeping for 20s (base=20s, consecutive_errors=0, monitoring_suspended=False)
2025-11-25 17:28:13 | INFO | MONITOR | Paper trades checked (next in 60s)
2025-11-25 17:28:13 | INFO | MONITOR_SLEEP | Sleeping for 20s (base=20s, consecutive_errors=0, monitoring_suspended=False)
2025-11-25 17:28:33 | INFO | MONITOR_SLEEP | Sleeping for 20s (base=20s, consecutive_errors=0, monitoring_suspended=False)
2025-11-25 17:28:53 | INFO | MONITOR_SLEEP | Sleeping for 20s (base=20s, consecutive_errors=0, monitoring_suspended=False)
2025-11-25 17:29:13 | INFO | MONITOR | Paper trades checked (next in 60s)
2025-11-25 17:29:13 | INFO | MONITOR_SLEEP | Sleeping for 20s (base=20s, consecutive_errors=0, monitoring_suspended=False)
2025-11-25 17:29:33 | INFO | MONITOR_SLEEP | Sleeping for 20s (base=20s, consecutive_errors=0, monitoring_suspended=False)
2025-11-25 17:29:53 | INFO | MONITOR_SLEEP | Sleeping for 20s (base=20s, consecutive_errors=0, monitoring_suspended=False)
2025-11-25 17:30:13 | INFO | MONITOR | Paper trades checked (next in 60s)
2025-11-25 17:30:13 | INFO | MONITOR_SLEEP | Sleeping for 20s (base=20s, consecutive_errors=0, monitoring_suspended=False)
2025-11-25 17:30:33 | INFO | MONITOR_SLEEP | Sleeping for 20s (base=20s, consecutive_errors=0, monitoring_suspended=False)
2025-11-25 17:30:53 | INFO | MONITOR_SLEEP | Sleeping for 20s (base=20s, consecutive_errors=0, monitoring_suspended=False)
2025-11-25 17:31:13 | INFO | MONITOR | Paper trades checked (next in 60s)
2025-11-25 17:31:13 | INFO | MONITOR_SLEEP | Sleeping for 20s (base=20s, consecutive_errors=0, monitoring_suspended=False)
2025-11-25 17:31:33 | INFO | MONITOR_SLEEP | Sleeping for 20s (base=20s, consecutive_errors=0, monitoring_suspended=False)
2025-11-25 17:31:53 | INFO | MONITOR_SLEEP | Sleeping for 20s (base=20s, consecutive_errors=0, monitoring_suspended=False)
2025-11-25 17:32:13 | INFO | MONITOR | Paper trades checked (next in 60s)
2025-11-25 17:32:13 | INFO | MONITOR_SLEEP | Sleeping for 20s (base=20s, consecutive_errors=0, monitoring_suspended=False)
2025-11-25 17:32:33 | INFO | MONITOR_SLEEP | Sleeping for 20s (base=20s, consecutive_errors=0, monitoring_suspended=False)
2025-11-25 17:32:53 | INFO | MONITOR_SLEEP | Sleeping for 20s (base=20s, consecutive_errors=0, monitoring_suspended=False)
2025-11-25 17:33:13 | INFO | MONITOR | Paper trades checked (next in 60s)
2025-11-25 17:33:13 | INFO | MONITOR_SLEEP | Sleeping for 20s (base=20s, consecutive_errors=0, monitoring_suspended=False)
2025-11-25 17:33:33 | INFO | MONITOR_SLEEP | Sleeping for 20s (base=20s, consecutive_errors=0, monitoring_suspended=False)
2025-11-25 17:33:53 | INFO | MONITOR_SLEEP | Sleeping for 20s (base=20s, consecutive_errors=0, monitoring_suspended=False)
2025-11-25 17:34:13 | INFO | MONITOR | Paper trades checked (next in 60s)
2025-11-25 17:34:13 | INFO | MONITOR_SLEEP | Sleeping for 20s (base=20s, consecutive_errors=0, monitoring_suspended=False)
2025-11-25 17:34:33 | INFO | MONITOR_SLEEP | Sleeping for 20s (base=20s, consecutive_errors=0, monitoring_suspended=False)
2025-11-25 17:34:53 | INFO | MONITOR_SLEEP | Sleeping for 20s (base=20s, consecutive_errors=0, monitoring_suspended=False)
2025-11-25 17:35:13 | INFO | MONITOR | Paper trades checked (next in 60s)
2025-11-25 17:35:13 | INFO | MONITOR_SLEEP | Sleeping for 20s (base=20s, consecutive_errors=0, monitoring_suspended=False)
2025-11-25 17:35:33 | INFO | MONITOR_SLEEP | Sleeping for 20s (base=20s, consecutive_errors=0, monitoring_suspended=False)
2025-11-25 17:35:53 | INFO | MONITOR_SLEEP | Sleeping for 20s (base=20s, consecutive_errors=0, monitoring_suspended=False)
2025-11-25 17:36:13 | INFO | MONITOR | Paper trades checked (next in 60s)
2025-11-25 17:36:13 | INFO | MONITOR_SLEEP | Sleeping for 20s (base=20s, consecutive_errors=0, monitoring_suspended=False)
2025-11-25 17:36:33 | INFO | MONITOR_SLEEP | Sleeping for 20s (base=20s, consecutive_errors=0, monitoring_suspended=False)
2025-11-25 17:36:53 | INFO | MONITOR_SLEEP | Sleeping for 20s (base=20s, consecutive_errors=0, monitoring_suspended=False)
2025-11-25 17:37:13 | INFO | MONITOR | Paper trades checked (next in 60s)
2025-11-25 17:37:13 | INFO | MONITOR_SLEEP | Sleeping for 20s (base=20s, consecutive_errors=0, monitoring_suspended=False)
2025-11-25 17:37:33 | INFO | MONITOR_SLEEP | Sleeping for 20s (base=20s, consecutive_errors=0, monitoring_suspended=False)
2025-11-25 17:37:53 | INFO | MONITOR_SLEEP | Sleeping for 20s (base=20s, consecutive_errors=0, monitoring_suspended=False)
2025-11-25 17:38:13 | INFO | MONITOR | Paper trades checked (next in 60s)
2025-11-25 17:38:13 | INFO | MONITOR_SLEEP | Sleeping for 20s (base=20s, consecutive_errors=0, monitoring_suspended=False)
2025-11-25 17:38:33 | INFO | MONITOR_SLEEP | Sleeping for 20s (base=20s, consecutive_errors=0, monitoring_suspended=False)
2025-11-25 17:38:53 | INFO | MONITOR_SLEEP | Sleeping for 20s (base=20s, consecutive_errors=0, monitoring_suspended=False)
2025-11-25 17:39:13 | INFO | MONITOR | Paper trades checked (next in 60s)
2025-11-25 17:39:13 | INFO | MONITOR_SLEEP | Sleeping for 20s (base=20s, consecutive_errors=0, monitoring_suspended=False)
2025-11-25 17:39:33 | INFO | MONITOR_SLEEP | Sleeping for 20s (base=20s, consecutive_errors=0, monitoring_suspended=False)
2025-11-25 17:39:53 | INFO | MONITOR_SLEEP | Sleeping for 20s (base=20s, consecutive_errors=0, monitoring_suspended=False)
2025-11-25 17:40:13 | INFO | MONITOR | Paper trades checked (next in 60s)
2025-11-25 17:40:13 | INFO | MONITOR_SLEEP | Sleeping for 20s (base=20s, consecutive_errors=0, monitoring_suspended=False)
2025-11-25 17:40:33 | INFO | MONITOR_SLEEP | Sleeping for 20s (base=20s, consecutive_errors=0, monitoring_suspended=False)
2025-11-25 17:40:53 | INFO | MONITOR_SLEEP | Sleeping for 20s (base=20s, consecutive_errors=0, monitoring_suspended=False)
2025-11-25 17:41:13 | INFO | MONITOR | Paper trades checked (next in 60s)
2025-11-25 17:41:13 | INFO | MONITOR_SLEEP | Sleeping for 20s (base=20s, consecutive_errors=0, monitoring_suspended=False)
2025-11-25 17:41:33 | INFO | MONITOR_SLEEP | Sleeping for 20s (base=20s, consecutive_errors=0, monitoring_suspended=False)
2025-11-25 17:41:53 | INFO | MONITOR_SLEEP | Sleeping for 20s (base=20s, consecutive_errors=0, monitoring_suspended=False)
2025-11-25 17:42:13 | INFO | MONITOR | Paper trades checked (next in 60s)
2025-11-25 17:42:13 | INFO | MONITOR_SLEEP | Sleeping for 20s (base=20s, consecutive_errors=0, monitoring_suspended=False)
2025-11-25 17:42:33 | INFO | MONITOR_SLEEP | Sleeping for 20s (base=20s, consecutive_errors=0, monitoring_suspended=False)
2025-11-25 17:42:53 | INFO | MONITOR_SLEEP | Sleeping for 20s (base=20s, consecutive_errors=0, monitoring_suspended=False)
2025-11-25 17:43:13 | INFO | MONITOR | Paper trades checked (next in 60s)
2025-11-25 17:43:13 | INFO | MONITOR_SLEEP | Sleeping for 20s (base=20s, consecutive_errors=0, monitoring_suspended=False)
2025-11-25 17:43:33 | INFO | MONITOR_SLEEP | Sleeping for 20s (base=20s, consecutive_errors=0, monitoring_suspended=False)
2025-11-25 17:43:53 | INFO | MONITOR_SLEEP | Sleeping for 20s (base=20s, consecutive_errors=0, monitoring_suspended=False)
2025-11-25 17:44:13 | INFO | MONITOR | Paper trades checked (next in 60s)
2025-11-25 17:44:13 | INFO | MONITOR_SLEEP | Sleeping for 20s (base=20s, consecutive_errors=0, monitoring_suspended=False)
2025-11-25 17:44:33 | INFO | MONITOR_SLEEP | Sleeping for 20s (base=20s, consecutive_errors=0, monitoring_suspended=False)
2025-11-25 17:44:53 | INFO | MONITOR_SLEEP | Sleeping for 20s (base=20s, consecutive_errors=0, monitoring_suspended=False)
2025-11-25 17:45:13 | INFO | MONITOR | Paper trades checked (next in 60s)
2025-11-25 17:45:13 | INFO | MONITOR_SLEEP | Sleeping for 20s (base=20s, consecutive_errors=0, monitoring_suspended=False)
2025-11-25 17:45:33 | INFO | MONITOR_SLEEP | Sleeping for 20s (base=20s, consecutive_errors=0, monitoring_suspended=False)
2025-11-25 17:45:53 | INFO | MONITOR_SLEEP | Sleeping for 20s (base=20s, consecutive_errors=0, monitoring_suspended=False)
2025-11-25 17:46:13 | INFO | MONITOR | Paper trades checked (next in 60s)
2025-11-25 17:46:13 | INFO | MONITOR_SLEEP | Sleeping for 20s (base=20s, consecutive_errors=0, monitoring_suspended=False)
2025-11-25 17:46:33 | INFO | MONITOR_SLEEP | Sleeping for 20s (base=20s, consecutive_errors=0, monitoring_suspended=False)
2025-11-25 17:46:53 | INFO | MONITOR_SLEEP | Sleeping for 20s (base=20s, consecutive_errors=0, monitoring_suspended=False)
2025-11-25 17:47:13 | INFO | MONITOR | Paper trades checked (next in 60s)
2025-11-25 17:47:13 | INFO | MONITOR_SLEEP | Sleeping for 20s (base=20s, consecutive_errors=0, monitoring_suspended=False)
2025-11-25 17:47:33 | INFO | MONITOR_SLEEP | Sleeping for 20s (base=20s, consecutive_errors=0, monitoring_suspended=False)
2025-11-25 17:47:53 | INFO | MONITOR_SLEEP | Sleeping for 20s (base=20s, consecutive_errors=0, monitoring_suspended=False)
2025-11-25 17:48:13 | INFO | MONITOR | Paper trades checked (next in 60s)
2025-11-25 17:48:13 | INFO | MONITOR_SLEEP | Sleeping for 20s (base=20s, consecutive_errors=0, monitoring_suspended=False)
2025-11-25 17:48:33 | INFO | MONITOR_SLEEP | Sleeping for 20s (base=20s, consecutive_errors=0, monitoring_suspended=False)
2025-11-25 17:48:53 | INFO | MONITOR_SLEEP | Sleeping for 20s (base=20s, consecutive_errors=0, monitoring_suspended=False)
2025-11-25 17:49:13 | INFO | MONITOR | Paper trades checked (next in 60s)
2025-11-25 17:49:13 | INFO | MONITOR_SLEEP | Sleeping for 20s (base=20s, consecutive_errors=0, monitoring_suspended=False)
2025-11-25 17:49:33 | INFO | MONITOR_SLEEP | Sleeping for 20s (base=20s, consecutive_errors=0, monitoring_suspended=False)
2025-11-25 17:49:53 | INFO | MONITOR_SLEEP | Sleeping for 20s (base=20s, consecutive_errors=0, monitoring_suspended=False)
2025-11-25 17:50:13 | INFO | MONITOR | Paper trades checked (next in 60s)
2025-11-25 17:50:13 | INFO | MONITOR_SLEEP | Sleeping for 20s (base=20s, consecutive_errors=0, monitoring_suspended=False)
2025-11-25 17:50:33 | INFO | MONITOR_SLEEP | Sleeping for 20s (base=20s, consecutive_errors=0, monitoring_suspended=False)
2025-11-25 17:50:53 | INFO | MONITOR_SLEEP | Sleeping for 20s (base=20s, consecutive_errors=0, monitoring_suspended=False)
2025-11-25 17:51:13 | INFO | MONITOR | Paper trades checked (next in 60s)
2025-11-25 17:51:13 | INFO | MONITOR_SLEEP | Sleeping for 20s (base=20s, consecutive_errors=0, monitoring_suspended=False)
2025-11-25 17:51:33 | INFO | MONITOR_SLEEP | Sleeping for 20s (base=20s, consecutive_errors=0, monitoring_suspended=False)
2025-11-25 17:51:53 | INFO | MONITOR_SLEEP | Sleeping for 20s (base=20s, consecutive_errors=0, monitoring_suspended=False)
2025-11-25 17:52:13 | INFO | MONITOR | Paper trades checked (next in 60s)
2025-11-25 17:52:13 | INFO | MONITOR_SLEEP | Sleeping for 20s (base=20s, consecutive_errors=0, monitoring_suspended=False)
2025-11-25 17:52:33 | INFO | MONITOR_SLEEP | Sleeping for 20s (base=20s, consecutive_errors=0, monitoring_suspended=False)
2025-11-25 17:52:53 | INFO | MONITOR_SLEEP | Sleeping for 20s (base=20s, consecutive_errors=0, monitoring_suspended=False)
2025-11-25 17:53:13 | INFO | MONITOR | Paper trades checked (next in 60s)
2025-11-25 17:53:13 | INFO | MONITOR_SLEEP | Sleeping for 20s (base=20s, consecutive_errors=0, monitoring_suspended=False)
2025-11-25 17:53:33 | INFO | MONITOR_SLEEP | Sleeping for 20s (base=20s, consecutive_errors=0, monitoring_suspended=False)
2025-11-25 17:53:53 | INFO | MONITOR_SLEEP | Sleeping for 20s (base=20s, consecutive_errors=0, monitoring_suspended=False)
2025-11-25 17:54:13 | INFO | MONITOR | Paper trades checked (next in 60s)
2025-11-25 17:54:13 | INFO | MONITOR_SLEEP | Sleeping for 20s (base=20s, consecutive_errors=0, monitoring_suspended=False)
2025-11-25 17:54:33 | INFO | MONITOR_SLEEP | Sleeping for 20s (base=20s, consecutive_errors=0, monitoring_suspended=False)
2025-11-25 17:54:53 | INFO | MONITOR_SLEEP | Sleeping for 20s (base=20s, consecutive_errors=0, monitoring_suspended=False)
2025-11-25 17:55:13 | INFO | MONITOR | Paper trades checked (next in 60s)
2025-11-25 17:55:13 | INFO | MONITOR_SLEEP | Sleeping for 20s (base=20s, consecutive_errors=0, monitoring_suspended=False)
2025-11-25 17:55:33 | INFO | MONITOR_SLEEP | Sleeping for 20s (base=20s, consecutive_errors=0, monitoring_suspended=False)
2025-11-25 17:55:53 | INFO | MONITOR_SLEEP | Sleeping for 20s (base=20s, consecutive_errors=0, monitoring_suspended=False)
2025-11-25 17:56:13 | INFO | MONITOR | Paper trades checked (next in 60s)
2025-11-25 17:56:13 | INFO | MONITOR_SLEEP | Sleeping for 20s (base=20s, consecutive_errors=0, monitoring_suspended=False)
2025-11-25 17:56:33 | INFO | MONITOR_SLEEP | Sleeping for 20s (base=20s, consecutive_errors=0, monitoring_suspended=False)
2025-11-25 17:56:53 | INFO | MONITOR_SLEEP | Sleeping for 20s (base=20s, consecutive_errors=0, monitoring_suspended=False)
2025-11-25 17:57:13 | INFO | MONITOR | Paper trades checked (next in 60s)
2025-11-25 17:57:13 | INFO | MONITOR_SLEEP | Sleeping for 20s (base=20s, consecutive_errors=0, monitoring_suspended=False)
2025-11-25 17:57:33 | INFO | MONITOR_SLEEP | Sleeping for 20s (base=20s, consecutive_errors=0, monitoring_suspended=False)
2025-11-25 17:57:53 | INFO | MONITOR_SLEEP | Sleeping for 20s (base=20s, consecutive_errors=0, monitoring_suspended=False)
2025-11-25 17:58:13 | INFO | MONITOR | Paper trades checked (next in 60s)
2025-11-25 17:58:13 | INFO | MONITOR_SLEEP | Sleeping for 20s (base=20s, consecutive_errors=0, monitoring_suspended=False)
2025-11-25 17:58:33 | INFO | MONITOR_SLEEP | Sleeping for 20s (base=20s, consecutive_errors=0, monitoring_suspended=False)
2025-11-25 17:58:53 | INFO | MONITOR_SLEEP | Sleeping for 20s (base=20s, consecutive_errors=0, monitoring_suspended=False)
2025-11-25 17:59:13 | INFO | MONITOR | Paper trades checked (next in 60s)
2025-11-25 17:59:13 | INFO | MONITOR_SLEEP | Sleeping for 20s (base=20s, consecutive_errors=0, monitoring_suspended=False)
2025-11-25 17:59:33 | INFO | MONITOR_SLEEP | Sleeping for 20s (base=20s, consecutive_errors=0, monitoring_suspended=False)
2025-11-25 17:59:53 | INFO | MONITOR_SLEEP | Sleeping for 20s (base=20s, consecutive_errors=0, monitoring_suspended=False)
2025-11-25 18:00:13 | INFO | MONITOR | Paper trades checked (next in 60s)
2025-11-25 18:00:13 | INFO | MONITOR_SLEEP | Sleeping for 20s (base=20s, consecutive_errors=0, monitoring_suspended=False)
2025-11-25 18:00:33 | INFO | MONITOR_SLEEP | Sleeping for 20s (base=20s, consecutive_errors=0, monitoring_suspended=False)
2025-11-25 18:00:53 | INFO | MONITOR_SLEEP | Sleeping for 20s (base=20s, consecutive_errors=0, monitoring_suspended=False)
2025-11-25 18:01:13 | INFO | MONITOR | Paper trades checked (next in 60s)
2025-11-25 18:01:13 | INFO | MONITOR_SLEEP | Sleeping for 20s (base=20s, consecutive_errors=0, monitoring_suspended=False)
2025-11-25 18:01:33 | INFO | MONITOR_SLEEP | Sleeping for 20s (base=20s, consecutive_errors=0, monitoring_suspended=False)
2025-11-25 18:01:53 | INFO | MONITOR_SLEEP | Sleeping for 20s (base=20s, consecutive_errors=0, monitoring_suspended=False)
2025-11-25 18:02:13 | INFO | MONITOR | Paper trades checked (next in 60s)
2025-11-25 18:02:13 | INFO | MONITOR_SLEEP | Sleeping for 20s (base=20s, consecutive_errors=0, monitoring_suspended=False)
2025-11-25 18:02:33 | INFO | MONITOR_SLEEP | Sleeping for 20s (base=20s, consecutive_errors=0, monitoring_suspended=False)
2025-11-25 18:02:53 | INFO | MONITOR_SLEEP | Sleeping for 20s (base=20s, consecutive_errors=0, monitoring_suspended=False)
2025-11-25 18:03:13 | INFO | MONITOR | Paper trades checked (next in 60s)
2025-11-25 18:03:13 | INFO | MONITOR_SLEEP | Sleeping for 20s (base=20s, consecutive_errors=0, monitoring_suspended=False)
2025-11-25 18:03:33 | INFO | MONITOR_SLEEP | Sleeping for 20s (base=20s, consecutive_errors=0, monitoring_suspended=False)
2025-11-25 18:03:53 | INFO | MONITOR_SLEEP | Sleeping for 20s (base=20s, consecutive_errors=0, monitoring_suspended=False)
2025-11-25 18:04:13 | INFO | MONITOR | Paper trades checked (next in 60s)
2025-11-25 18:04:13 | INFO | MONITOR_SLEEP | Sleeping for 20s (base=20s, consecutive_errors=0, monitoring_suspended=False)
2025-11-25 18:04:33 | INFO | MONITOR_SLEEP | Sleeping for 20s (base=20s, consecutive_errors=0, monitoring_suspended=False)
2025-11-25 18:04:53 | INFO | MONITOR_SLEEP | Sleeping for 20s (base=20s, consecutive_errors=0, monitoring_suspended=False)
2025-11-25 18:05:13 | INFO | MONITOR | Paper trades checked (next in 60s)
2025-11-25 18:05:13 | INFO | MONITOR_SLEEP | Sleeping for 20s (base=20s, consecutive_errors=0, monitoring_suspended=False)
2025-11-25 18:05:33 | INFO | MONITOR_SLEEP | Sleeping for 20s (base=20s, consecutive_errors=0, monitoring_suspended=False)
2025-11-25 18:05:53 | INFO | MONITOR_SLEEP | Sleeping for 20s (base=20s, consecutive_errors=0, monitoring_suspended=False)
2025-11-25 18:06:13 | INFO | MONITOR | Paper trades checked (next in 60s)
2025-11-25 18:06:13 | INFO | MONITOR_SLEEP | Sleeping for 20s (base=20s, consecutive_errors=0, monitoring_suspended=False)
2025-11-25 18:06:33 | INFO | MONITOR_SLEEP | Sleeping for 20s (base=20s, consecutive_errors=0, monitoring_suspended=False)
2025-11-25 18:06:53 | INFO | MONITOR_SLEEP | Sleeping for 20s (base=20s, consecutive_errors=0, monitoring_suspended=False)
2025-11-25 18:07:13 | INFO | MONITOR | Paper trades checked (next in 60s)
2025-11-25 18:07:13 | INFO | MONITOR_SLEEP | Sleeping for 20s (base=20s, consecutive_errors=0, monitoring_suspended=False)
2025-11-25 18:07:33 | INFO | MONITOR_SLEEP | Sleeping for 20s (base=20s, consecutive_errors=0, monitoring_suspended=False)
2025-11-25 18:07:53 | INFO | MONITOR_SLEEP | Sleeping for 20s (base=20s, consecutive_errors=0, monitoring_suspended=False)
2025-11-25 18:08:13 | INFO | MONITOR | Paper trades checked (next in 60s)
2025-11-25 18:08:13 | INFO | MONITOR_SLEEP | Sleeping for 20s (base=20s, consecutive_errors=0, monitoring_suspended=False)
2025-11-25 18:08:33 | INFO | MONITOR_SLEEP | Sleeping for 20s (base=20s, consecutive_errors=0, monitoring_suspended=False)
2025-11-25 18:08:53 | INFO | MONITOR_SLEEP | Sleeping for 20s (base=20s, consecutive_errors=0, monitoring_suspended=False)
2025-11-25 18:09:13 | INFO | MONITOR | Paper trades checked (next in 60s)
2025-11-25 18:09:13 | INFO | MONITOR_SLEEP | Sleeping for 20s (base=20s, consecutive_errors=0, monitoring_suspended=False)
2025-11-25 18:09:33 | INFO | MONITOR_SLEEP | Sleeping for 20s (base=20s, consecutive_errors=0, monitoring_suspended=False)
2025-11-25 18:09:53 | INFO | MONITOR_SLEEP | Sleeping for 20s (base=20s, consecutive_errors=0, monitoring_suspended=False)
2025-11-25 18:10:13 | INFO | MONITOR | Paper trades checked (next in 60s)
2025-11-25 18:10:13 | INFO | MONITOR_SLEEP | Sleeping for 20s (base=20s, consecutive_errors=0, monitoring_suspended=False)
2025-11-25 18:10:33 | INFO | MONITOR_SLEEP | Sleeping for 20s (base=20s, consecutive_errors=0, monitoring_suspended=False)
2025-11-25 18:10:53 | INFO | MONITOR_SLEEP | Sleeping for 20s (base=20s, consecutive_errors=0, monitoring_suspended=False)
2025-11-25 18:11:13 | INFO | MONITOR | Paper trades checked (next in 60s)
2025-11-25 18:11:13 | INFO | MONITOR_SLEEP | Sleeping for 20s (base=20s, consecutive_errors=0, monitoring_suspended=False)
2025-11-25 18:11:33 | INFO | MONITOR_SLEEP | Sleeping for 20s (base=20s, consecutive_errors=0, monitoring_suspended=False)
2025-11-25 18:11:53 | INFO | MONITOR_SLEEP | Sleeping for 20s (base=20s, consecutive_errors=0, monitoring_suspended=False)
2025-11-25 18:12:13 | INFO | MONITOR | Paper trades checked (next in 60s)
2025-11-25 18:12:13 | INFO | MONITOR_SLEEP | Sleeping for 20s (base=20s, consecutive_errors=0, monitoring_suspended=False)
2025-11-25 18:12:33 | INFO | MONITOR_SLEEP | Sleeping for 20s (base=20s, consecutive_errors=0, monitoring_suspended=False)
2025-11-25 18:12:53 | INFO | MONITOR_SLEEP | Sleeping for 20s (base=20s, consecutive_errors=0, monitoring_suspended=False)
2025-11-25 18:13:13 | INFO | MONITOR | Paper trades checked (next in 60s)
2025-11-25 18:13:13 | INFO | MONITOR_SLEEP | Sleeping for 20s (base=20s, consecutive_errors=0, monitoring_suspended=False)
2025-11-25 18:13:33 | INFO | MONITOR_SLEEP | Sleeping for 20s (base=20s, consecutive_errors=0, monitoring_suspended=False)
2025-11-25 18:13:53 | INFO | MONITOR_SLEEP | Sleeping for 20s (base=20s, consecutive_errors=0, monitoring_suspended=False)
2025-11-25 18:14:13 | INFO | MONITOR | Paper trades checked (next in 60s)
2025-11-25 18:14:13 | INFO | MONITOR_SLEEP | Sleeping for 20s (base=20s, consecutive_errors=0, monitoring_suspended=False)
2025-11-25 18:14:33 | INFO | MONITOR_SLEEP | Sleeping for 20s (base=20s, consecutive_errors=0, monitoring_suspended=False)
2025-11-25 18:14:53 | INFO | MONITOR_SLEEP | Sleeping for 20s (base=20s, consecutive_errors=0, monitoring_suspended=False)
2025-11-25 18:15:13 | INFO | MONITOR | Paper trades checked (next in 60s)
2025-11-25 18:15:13 | INFO | MONITOR_SLEEP | Sleeping for 20s (base=20s, consecutive_errors=0, monitoring_suspended=False)
2025-11-25 18:15:33 | INFO | MONITOR_SLEEP | Sleeping for 20s (base=20s, consecutive_errors=0, monitoring_suspended=False)
2025-11-25 18:15:53 | INFO | MONITOR_SLEEP | Sleeping for 20s (base=20s, consecutive_errors=0, monitoring_suspended=False)
2025-11-25 18:16:13 | INFO | MONITOR | Paper trades checked (next in 60s)
2025-11-25 18:16:13 | INFO | MONITOR_SLEEP | Sleeping for 20s (base=20s, consecutive_errors=0, monitoring_suspended=False)
2025-11-25 18:16:33 | INFO | MONITOR_SLEEP | Sleeping for 20s (base=20s, consecutive_errors=0, monitoring_suspended=False)
2025-11-25 18:16:53 | INFO | MONITOR_SLEEP | Sleeping for 20s (base=20s, consecutive_errors=0, monitoring_suspended=False)
2025-11-25 18:17:13 | INFO | MONITOR | Paper trades checked (next in 60s)
2025-11-25 18:17:13 | INFO | MONITOR_SLEEP | Sleeping for 20s (base=20s, consecutive_errors=0, monitoring_suspended=False)
2025-11-25 18:17:33 | INFO | MONITOR_SLEEP | Sleeping for 20s (base=20s, consecutive_errors=0, monitoring_suspended=False)
2025-11-25 18:17:53 | INFO | MONITOR_SLEEP | Sleeping for 20s (base=20s, consecutive_errors=0, monitoring_suspended=False)
2025-11-25 18:18:13 | INFO | MONITOR | Paper trades checked (next in 60s)
2025-11-25 18:18:13 | INFO | MONITOR_SLEEP | Sleeping for 20s (base=20s, consecutive_errors=0, monitoring_suspended=False)
2025-11-25 18:18:33 | INFO | MONITOR_SLEEP | Sleeping for 20s (base=20s, consecutive_errors=0, monitoring_suspended=False)
2025-11-25 18:18:53 | INFO | MONITOR_SLEEP | Sleeping for 20s (base=20s, consecutive_errors=0, monitoring_suspended=False)
2025-11-25 18:19:13 | INFO | MONITOR | Paper trades checked (next in 60s)
2025-11-25 18:19:13 | INFO | MONITOR_SLEEP | Sleeping for 20s (base=20s, consecutive_errors=0, monitoring_suspended=False)
2025-11-25 18:19:33 | INFO | MONITOR_SLEEP | Sleeping for 20s (base=20s, consecutive_errors=0, monitoring_suspended=False)
2025-11-25 18:19:53 | INFO | MONITOR_SLEEP | Sleeping for 20s (base=20s, consecutive_errors=0, monitoring_suspended=False)
2025-11-25 18:20:13 | INFO | MONITOR | Paper trades checked (next in 60s)
2025-11-25 18:20:13 | INFO | MONITOR_SLEEP | Sleeping for 20s (base=20s, consecutive_errors=0, monitoring_suspended=False)
2025-11-25 18:20:33 | INFO | MONITOR_SLEEP | Sleeping for 20s (base=20s, consecutive_errors=0, monitoring_suspended=False)
2025-11-25 18:20:53 | INFO | MONITOR_SLEEP | Sleeping for 20s (base=20s, consecutive_errors=0, monitoring_suspended=False)
2025-11-25 18:21:13 | INFO | MONITOR | Paper trades checked (next in 60s)
2025-11-25 18:21:13 | INFO | MONITOR_SLEEP | Sleeping for 20s (base=20s, consecutive_errors=0, monitoring_suspended=False)
2025-11-25 18:21:33 | INFO | MONITOR_SLEEP | Sleeping for 20s (base=20s, consecutive_errors=0, monitoring_suspended=False)
2025-11-25 18:21:53 | INFO | MONITOR_SLEEP | Sleeping for 20s (base=20s, consecutive_errors=0, monitoring_suspended=False)
2025-11-25 18:22:13 | INFO | MONITOR | Paper trades checked (next in 60s)
2025-11-25 18:22:13 | INFO | MONITOR_SLEEP | Sleeping for 20s (base=20s, consecutive_errors=0, monitoring_suspended=False)
2025-11-25 18:22:33 | INFO | MONITOR_SLEEP | Sleeping for 20s (base=20s, consecutive_errors=0, monitoring_suspended=False)
2025-11-25 18:22:53 | INFO | MONITOR_SLEEP | Sleeping for 20s (base=20s, consecutive_errors=0, monitoring_suspended=False)
2025-11-25 18:23:13 | INFO | MONITOR | Paper trades checked (next in 60s)
2025-11-25 18:23:13 | INFO | MONITOR_SLEEP | Sleeping for 20s (base=20s, consecutive_errors=0, monitoring_suspended=False)
2025-11-25 18:23:33 | INFO | MONITOR_SLEEP | Sleeping for 20s (base=20s, consecutive_errors=0, monitoring_suspended=False)
2025-11-25 18:23:53 | INFO | MONITOR_SLEEP | Sleeping for 20s (base=20s, consecutive_errors=0, monitoring_suspended=False)
2025-11-25 18:24:13 | INFO | MONITOR | Paper trades checked (next in 60s)
2025-11-25 18:24:13 | INFO | MONITOR_SLEEP | Sleeping for 20s (base=20s, consecutive_errors=0, monitoring_suspended=False)
2025-11-25 18:24:33 | INFO | MONITOR_SLEEP | Sleeping for 20s (base=20s, consecutive_errors=0, monitoring_suspended=False)
2025-11-25 18:24:53 | INFO | MONITOR_SLEEP | Sleeping for 20s (base=20s, consecutive_errors=0, monitoring_suspended=False)
2025-11-25 18:25:13 | INFO | MONITOR | Paper trades checked (next in 60s)
2025-11-25 18:25:13 | INFO | MONITOR_SLEEP | Sleeping for 20s (base=20s, consecutive_errors=0, monitoring_suspended=False)
2025-11-25 18:25:33 | INFO | MONITOR_SLEEP | Sleeping for 20s (base=20s, consecutive_errors=0, monitoring_suspended=False)
2025-11-25 18:25:53 | INFO | MONITOR_SLEEP | Sleeping for 20s (base=20s, consecutive_errors=0, monitoring_suspended=False)
2025-11-25 18:26:13 | INFO | MONITOR | Paper trades checked (next in 60s)
2025-11-25 18:26:13 | INFO | MONITOR_SLEEP | Sleeping for 20s (base=20s, consecutive_errors=0, monitoring_suspended=False)
2025-11-25 18:26:33 | INFO | MONITOR_SLEEP | Sleeping for 20s (base=20s, consecutive_errors=0, monitoring_suspended=False)
2025-11-25 18:26:53 | INFO | MONITOR_SLEEP | Sleeping for 20s (base=20s, consecutive_errors=0, monitoring_suspended=False)
2025-11-25 18:27:13 | INFO | MONITOR | Paper trades checked (next in 60s)
2025-11-25 18:27:13 | INFO | MONITOR_SLEEP | Sleeping for 20s (base=20s, consecutive_errors=0, monitoring_suspended=False)
2025-11-25 18:27:33 | INFO | MONITOR_SLEEP | Sleeping for 20s (base=20s, consecutive_errors=0, monitoring_suspended=False)
2025-11-25 18:27:53 | INFO | MONITOR_SLEEP | Sleeping for 20s (base=20s, consecutive_errors=0, monitoring_suspended=False)
2025-11-25 18:28:13 | INFO | MONITOR | Paper trades checked (next in 60s)
2025-11-25 18:28:13 | INFO | MONITOR_SLEEP | Sleeping for 20s (base=20s, consecutive_errors=0, monitoring_suspended=False)
2025-11-25 18:28:33 | INFO | MONITOR_SLEEP | Sleeping for 20s (base=20s, consecutive_errors=0, monitoring_suspended=False)
2025-11-25 18:28:53 | INFO | MONITOR_SLEEP | Sleeping for 20s (base=20s, consecutive_errors=0, monitoring_suspended=False)
2025-11-25 18:29:13 | INFO | MONITOR | Paper trades checked (next in 60s)
2025-11-25 18:29:13 | INFO | MONITOR_SLEEP | Sleeping for 20s (base=20s, consecutive_errors=0, monitoring_suspended=False)
2025-11-25 18:29:33 | INFO | MONITOR_SLEEP | Sleeping for 20s (base=20s, consecutive_errors=0, monitoring_suspended=False)
2025-11-25 18:29:53 | INFO | MONITOR_SLEEP | Sleeping for 20s (base=20s, consecutive_errors=0, monitoring_suspended=False)
2025-11-25 18:30:13 | INFO | MONITOR | Paper trades checked (next in 60s)
2025-11-25 18:30:13 | INFO | MONITOR_SLEEP | Sleeping for 20s (base=20s, consecutive_errors=0, monitoring_suspended=False)
2025-11-25 18:30:33 | INFO | MONITOR_SLEEP | Sleeping for 20s (base=20s, consecutive_errors=0, monitoring_suspended=False)
2025-11-25 18:30:53 | INFO | MONITOR_SLEEP | Sleeping for 20s (base=20s, consecutive_errors=0, monitoring_suspended=False)
2025-11-25 18:31:13 | INFO | MONITOR | Paper trades checked (next in 60s)
2025-11-25 18:31:13 | INFO | MONITOR_SLEEP | Sleeping for 20s (base=20s, consecutive_errors=0, monitoring_suspended=False)
2025-11-25 18:31:33 | INFO | MONITOR_SLEEP | Sleeping for 20s (base=20s, consecutive_errors=0, monitoring_suspended=False)
2025-11-25 18:31:53 | INFO | MONITOR_SLEEP | Sleeping for 20s (base=20s, consecutive_errors=0, monitoring_suspended=False)
2025-11-25 18:32:13 | INFO | MONITOR | Paper trades checked (next in 60s)
2025-11-25 18:32:13 | INFO | MONITOR_SLEEP | Sleeping for 20s (base=20s, consecutive_errors=0, monitoring_suspended=False)
2025-11-25 18:32:33 | INFO | MONITOR_SLEEP | Sleeping for 20s (base=20s, consecutive_errors=0, monitoring_suspended=False)
2025-11-25 18:32:53 | INFO | MONITOR_SLEEP | Sleeping for 20s (base=20s, consecutive_errors=0, monitoring_suspended=False)
2025-11-25 18:33:13 | INFO | MONITOR | Paper trades checked (next in 60s)
2025-11-25 18:33:13 | INFO | MONITOR_SLEEP | Sleeping for 20s (base=20s, consecutive_errors=0, monitoring_suspended=False)
2025-11-25 18:33:33 | INFO | MONITOR_SLEEP | Sleeping for 20s (base=20s, consecutive_errors=0, monitoring_suspended=False)
2025-11-25 18:33:53 | INFO | MONITOR_SLEEP | Sleeping for 20s (base=20s, consecutive_errors=0, monitoring_suspended=False)
2025-11-25 18:34:13 | INFO | MONITOR | Paper trades checked (next in 60s)
2025-11-25 18:34:13 | INFO | MONITOR_SLEEP | Sleeping for 20s (base=20s, consecutive_errors=0, monitoring_suspended=False)
2025-11-25 18:34:33 | INFO | MONITOR_SLEEP | Sleeping for 20s (base=20s, consecutive_errors=0, monitoring_suspended=False)
2025-11-25 18:34:53 | INFO | MONITOR_SLEEP | Sleeping for 20s (base=20s, consecutive_errors=0, monitoring_suspended=False)
2025-11-25 18:35:13 | INFO | MONITOR | Paper trades checked (next in 60s)
2025-11-25 18:35:13 | INFO | MONITOR_SLEEP | Sleeping for 20s (base=20s, consecutive_errors=0, monitoring_suspended=False)
2025-11-25 18:35:33 | INFO | MONITOR_SLEEP | Sleeping for 20s (base=20s, consecutive_errors=0, monitoring_suspended=False)
2025-11-25 18:35:53 | INFO | MONITOR_SLEEP | Sleeping for 20s (base=20s, consecutive_errors=0, monitoring_suspended=False)
2025-11-25 18:36:09 | INFO | STARTUP | Logging initialized | log_dir=/root/santhosh/trading/equity/logs/2025-11-25
2025-11-25 18:36:13 | INFO | MONITOR | Paper trades checked (next in 60s)
2025-11-25 18:36:13 | INFO | MONITOR_SLEEP | Sleeping for 20s (base=20s, consecutive_errors=0, monitoring_suspended=False)
2025-11-25 18:36:33 | INFO | MONITOR_SLEEP | Sleeping for 20s (base=20s, consecutive_errors=0, monitoring_suspended=False)
2025-11-25 18:36:53 | INFO | MONITOR_SLEEP | Sleeping for 20s (base=20s, consecutive_errors=0, monitoring_suspended=False)
2025-11-25 18:37:13 | INFO | MONITOR | Paper trades checked (next in 60s)
2025-11-25 18:37:13 | INFO | MONITOR_SLEEP | Sleeping for 20s (base=20s, consecutive_errors=0, monitoring_suspended=False)
2025-11-25 18:37:33 | INFO | MONITOR_SLEEP | Sleeping for 20s (base=20s, consecutive_errors=0, monitoring_suspended=False)
2025-11-25 18:37:53 | INFO | MONITOR_SLEEP | Sleeping for 20s (base=20s, consecutive_errors=0, monitoring_suspended=False)
2025-11-25 18:38:13 | INFO | MONITOR | Paper trades checked (next in 60s)
2025-11-25 18:38:13 | INFO | MONITOR_SLEEP | Sleeping for 20s (base=20s, consecutive_errors=0, monitoring_suspended=False)
2025-11-25 18:38:33 | INFO | MONITOR_SLEEP | Sleeping for 20s (base=20s, consecutive_errors=0, monitoring_suspended=False)
2025-11-25 18:38:53 | INFO | MONITOR_SLEEP | Sleeping for 20s (base=20s, consecutive_errors=0, monitoring_suspended=False)
2025-11-25 18:39:13 | INFO | MONITOR | Paper trades checked (next in 60s)
2025-11-25 18:39:13 | INFO | MONITOR_SLEEP | Sleeping for 20s (base=20s, consecutive_errors=0, monitoring_suspended=False)
2025-11-25 18:39:33 | INFO | MONITOR_SLEEP | Sleeping for 20s (base=20s, consecutive_errors=0, monitoring_suspended=False)
2025-11-25 18:39:53 | INFO | MONITOR_SLEEP | Sleeping for 20s (base=20s, consecutive_errors=0, monitoring_suspended=False)
2025-11-25 18:40:13 | INFO | MONITOR | Paper trades checked (next in 60s)
2025-11-25 18:40:13 | INFO | MONITOR_SLEEP | Sleeping for 20s (base=20s, consecutive_errors=0, monitoring_suspended=False)
2025-11-25 18:40:33 | INFO | MONITOR_SLEEP | Sleeping for 20s (base=20s, consecutive_errors=0, monitoring_suspended=False)
2025-11-25 18:40:53 | INFO | MONITOR_SLEEP | Sleeping for 20s (base=20s, consecutive_errors=0, monitoring_suspended=False)
2025-11-25 18:41:13 | INFO | MONITOR | Paper trades checked (next in 60s)
2025-11-25 18:41:13 | INFO | MONITOR_SLEEP | Sleeping for 20s (base=20s, consecutive_errors=0, monitoring_suspended=False)
2025-11-25 18:41:33 | INFO | MONITOR_SLEEP | Sleeping for 20s (base=20s, consecutive_errors=0, monitoring_suspended=False)
2025-11-25 18:41:53 | INFO | MONITOR_SLEEP | Sleeping for 20s (base=20s, consecutive_errors=0, monitoring_suspended=False)
2025-11-25 18:42:13 | INFO | MONITOR | Paper trades checked (next in 60s)
2025-11-25 18:42:13 | INFO | MONITOR_SLEEP | Sleeping for 20s (base=20s, consecutive_errors=0, monitoring_suspended=False)
2025-11-25 18:42:33 | INFO | MONITOR_SLEEP | Sleeping for 20s (base=20s, consecutive_errors=0, monitoring_suspended=False)
2025-11-25 18:42:53 | INFO | MONITOR_SLEEP | Sleeping for 20s (base=20s, consecutive_errors=0, monitoring_suspended=False)
2025-11-25 18:43:13 | INFO | MONITOR | Paper trades checked (next in 60s)
2025-11-25 18:43:13 | INFO | MONITOR_SLEEP | Sleeping for 20s (base=20s, consecutive_errors=0, monitoring_suspended=False)
2025-11-25 18:43:33 | INFO | MONITOR_SLEEP | Sleeping for 20s (base=20s, consecutive_errors=0, monitoring_suspended=False)
2025-11-25 18:43:53 | INFO | MONITOR_SLEEP | Sleeping for 20s (base=20s, consecutive_errors=0, monitoring_suspended=False)
2025-11-25 18:44:13 | INFO | MONITOR | Paper trades checked (next in 60s)
2025-11-25 18:44:13 | INFO | MONITOR_SLEEP | Sleeping for 20s (base=20s, consecutive_errors=0, monitoring_suspended=False)
2025-11-25 18:44:33 | INFO | MONITOR_SLEEP | Sleeping for 20s (base=20s, consecutive_errors=0, monitoring_suspended=False)
2025-11-25 18:44:53 | INFO | MONITOR_SLEEP | Sleeping for 20s (base=20s, consecutive_errors=0, monitoring_suspended=False)
2025-11-25 18:45:13 | INFO | MONITOR | Paper trades checked (next in 60s)
2025-11-25 18:45:13 | INFO | MONITOR_SLEEP | Sleeping for 20s (base=20s, consecutive_errors=0, monitoring_suspended=False)
2025-11-25 18:45:33 | INFO | MONITOR_SLEEP | Sleeping for 20s (base=20s, consecutive_errors=0, monitoring_suspended=False)
2025-11-25 18:45:53 | INFO | MONITOR_SLEEP | Sleeping for 20s (base=20s, consecutive_errors=0, monitoring_suspended=False)
2025-11-25 18:46:13 | INFO | MONITOR | Paper trades checked (next in 60s)
2025-11-25 18:46:13 | INFO | MONITOR_SLEEP | Sleeping for 20s (base=20s, consecutive_errors=0, monitoring_suspended=False)
2025-11-25 18:46:33 | INFO | MONITOR_SLEEP | Sleeping for 20s (base=20s, consecutive_errors=0, monitoring_suspended=False)
2025-11-25 18:46:53 | INFO | MONITOR_SLEEP | Sleeping for 20s (base=20s, consecutive_errors=0, monitoring_suspended=False)
2025-11-25 18:47:13 | INFO | MONITOR | Paper trades checked (next in 60s)
2025-11-25 18:47:13 | INFO | MONITOR_SLEEP | Sleeping for 20s (base=20s, consecutive_errors=0, monitoring_suspended=False)
2025-11-25 18:47:33 | INFO | MONITOR_SLEEP | Sleeping for 20s (base=20s, consecutive_errors=0, monitoring_suspended=False)
2025-11-25 18:47:53 | INFO | MONITOR_SLEEP | Sleeping for 20s (base=20s, consecutive_errors=0, monitoring_suspended=False)
2025-11-25 18:48:13 | INFO | MONITOR | Paper trades checked (next in 60s)
2025-11-25 18:48:13 | INFO | MONITOR_SLEEP | Sleeping for 20s (base=20s, consecutive_errors=0, monitoring_suspended=False)
2025-11-25 18:48:33 | INFO | MONITOR_SLEEP | Sleeping for 20s (base=20s, consecutive_errors=0, monitoring_suspended=False)
2025-11-25 18:48:53 | INFO | MONITOR_SLEEP | Sleeping for 20s (base=20s, consecutive_errors=0, monitoring_suspended=False)
2025-11-25 18:49:13 | INFO | MONITOR | Paper trades checked (next in 60s)
2025-11-25 18:49:13 | INFO | MONITOR_SLEEP | Sleeping for 20s (base=20s, consecutive_errors=0, monitoring_suspended=False)
2025-11-25 18:49:33 | INFO | MONITOR_SLEEP | Sleeping for 20s (base=20s, consecutive_errors=0, monitoring_suspended=False)
2025-11-25 18:49:53 | INFO | MONITOR_SLEEP | Sleeping for 20s (base=20s, consecutive_errors=0, monitoring_suspended=False)
2025-11-25 18:50:13 | INFO | MONITOR | Paper trades checked (next in 60s)
2025-11-25 18:50:13 | INFO | MONITOR_SLEEP | Sleeping for 20s (base=20s, consecutive_errors=0, monitoring_suspended=False)
2025-11-25 18:50:33 | INFO | MONITOR_SLEEP | Sleeping for 20s (base=20s, consecutive_errors=0, monitoring_suspended=False)
2025-11-25 18:50:53 | INFO | MONITOR_SLEEP | Sleeping for 20s (base=20s, consecutive_errors=0, monitoring_suspended=False)
2025-11-25 18:51:13 | INFO | MONITOR | Paper trades checked (next in 60s)
2025-11-25 18:51:13 | INFO | MONITOR_SLEEP | Sleeping for 20s (base=20s, consecutive_errors=0, monitoring_suspended=False)
2025-11-25 18:51:33 | INFO | MONITOR_SLEEP | Sleeping for 20s (base=20s, consecutive_errors=0, monitoring_suspended=False)
2025-11-25 18:51:53 | INFO | MONITOR_SLEEP | Sleeping for 20s (base=20s, consecutive_errors=0, monitoring_suspended=False)
2025-11-25 18:52:13 | INFO | MONITOR | Paper trades checked (next in 60s)
2025-11-25 18:52:13 | INFO | MONITOR_SLEEP | Sleeping for 20s (base=20s, consecutive_errors=0, monitoring_suspended=False)
2025-11-25 18:52:33 | INFO | MONITOR_SLEEP | Sleeping for 20s (base=20s, consecutive_errors=0, monitoring_suspended=False)
2025-11-25 18:52:53 | INFO | MONITOR_SLEEP | Sleeping for 20s (base=20s, consecutive_errors=0, monitoring_suspended=False)
2025-11-25 18:53:13 | INFO | MONITOR | Paper trades checked (next in 60s)
2025-11-25 18:53:13 | INFO | MONITOR_SLEEP | Sleeping for 20s (base=20s, consecutive_errors=0, monitoring_suspended=False)
2025-11-25 18:53:33 | INFO | MONITOR_SLEEP | Sleeping for 20s (base=20s, consecutive_errors=0, monitoring_suspended=False)
2025-11-25 18:53:53 | INFO | MONITOR_SLEEP | Sleeping for 20s (base=20s, consecutive_errors=0, monitoring_suspended=False)
2025-11-25 18:54:13 | INFO | MONITOR | Paper trades checked (next in 60s)
2025-11-25 18:54:13 | INFO | MONITOR_SLEEP | Sleeping for 20s (base=20s, consecutive_errors=0, monitoring_suspended=False)
2025-11-25 18:54:33 | INFO | MONITOR_SLEEP | Sleeping for 20s (base=20s, consecutive_errors=0, monitoring_suspended=False)
2025-11-25 18:54:53 | INFO | MONITOR_SLEEP | Sleeping for 20s (base=20s, consecutive_errors=0, monitoring_suspended=False)
2025-11-25 18:55:13 | INFO | MONITOR | Paper trades checked (next in 60s)
2025-11-25 18:55:13 | INFO | MONITOR_SLEEP | Sleeping for 20s (base=20s, consecutive_errors=0, monitoring_suspended=False)
2025-11-25 18:55:33 | INFO | MONITOR_SLEEP | Sleeping for 20s (base=20s, consecutive_errors=0, monitoring_suspended=False)
2025-11-25 18:55:53 | INFO | MONITOR_SLEEP | Sleeping for 20s (base=20s, consecutive_errors=0, monitoring_suspended=False)
2025-11-25 18:56:13 | INFO | MONITOR | Paper trades checked (next in 60s)
2025-11-25 18:56:13 | INFO | MONITOR_SLEEP | Sleeping for 20s (base=20s, consecutive_errors=0, monitoring_suspended=False)
2025-11-25 18:56:33 | INFO | MONITOR_SLEEP | Sleeping for 20s (base=20s, consecutive_errors=0, monitoring_suspended=False)
2025-11-25 18:56:53 | INFO | MONITOR_SLEEP | Sleeping for 20s (base=20s, consecutive_errors=0, monitoring_suspended=False)
2025-11-25 18:57:13 | INFO | MONITOR | Paper trades checked (next in 60s)
2025-11-25 18:57:13 | INFO | MONITOR_SLEEP | Sleeping for 20s (base=20s, consecutive_errors=0, monitoring_suspended=False)
2025-11-25 18:57:33 | INFO | MONITOR_SLEEP | Sleeping for 20s (base=20s, consecutive_errors=0, monitoring_suspended=False)
2025-11-25 18:57:53 | INFO | MONITOR_SLEEP | Sleeping for 20s (base=20s, consecutive_errors=0, monitoring_suspended=False)
2025-11-25 18:58:13 | INFO | MONITOR | Paper trades checked (next in 60s)
2025-11-25 18:58:13 | INFO | MONITOR_SLEEP | Sleeping for 20s (base=20s, consecutive_errors=0, monitoring_suspended=False)
2025-11-25 18:58:33 | INFO | MONITOR_SLEEP | Sleeping for 20s (base=20s, consecutive_errors=0, monitoring_suspended=False)
2025-11-25 18:58:53 | INFO | MONITOR_SLEEP | Sleeping for 20s (base=20s, consecutive_errors=0, monitoring_suspended=False)
2025-11-25 18:59:13 | INFO | MONITOR | Paper trades checked (next in 60s)
2025-11-25 18:59:13 | INFO | MONITOR_SLEEP | Sleeping for 20s (base=20s, consecutive_errors=0, monitoring_suspended=False)
2025-11-25 18:59:33 | INFO | MONITOR_SLEEP | Sleeping for 20s (base=20s, consecutive_errors=0, monitoring_suspended=False)
2025-11-25 18:59:53 | INFO | MONITOR_SLEEP | Sleeping for 20s (base=20s, consecutive_errors=0, monitoring_suspended=False)
2025-11-25 19:00:13 | INFO | MONITOR | Paper trades checked (next in 60s)
2025-11-25 19:00:13 | INFO | MONITOR_SLEEP | Sleeping for 20s (base=20s, consecutive_errors=0, monitoring_suspended=False)
2025-11-25 19:00:33 | INFO | MONITOR_SLEEP | Sleeping for 20s (base=20s, consecutive_errors=0, monitoring_suspended=False)
2025-11-25 19:00:53 | INFO | MONITOR_SLEEP | Sleeping for 20s (base=20s, consecutive_errors=0, monitoring_suspended=False)
2025-11-25 19:01:13 | INFO | MONITOR | Paper trades checked (next in 60s)
2025-11-25 19:01:13 | INFO | MONITOR_SLEEP | Sleeping for 20s (base=20s, consecutive_errors=0, monitoring_suspended=False)
2025-11-25 19:01:33 | INFO | MONITOR_SLEEP | Sleeping for 20s (base=20s, consecutive_errors=0, monitoring_suspended=False)
2025-11-25 19:01:53 | INFO | MONITOR_SLEEP | Sleeping for 20s (base=20s, consecutive_errors=0, monitoring_suspended=False)
2025-11-25 19:02:13 | INFO | MONITOR | Paper trades checked (next in 60s)
2025-11-25 19:02:13 | INFO | MONITOR_SLEEP | Sleeping for 20s (base=20s, consecutive_errors=0, monitoring_suspended=False)
2025-11-25 19:02:33 | INFO | MONITOR_SLEEP | Sleeping for 20s (base=20s, consecutive_errors=0, monitoring_suspended=False)
2025-11-25 19:02:53 | INFO | MONITOR_SLEEP | Sleeping for 20s (base=20s, consecutive_errors=0, monitoring_suspended=False)
2025-11-25 19:03:13 | INFO | MONITOR | Paper trades checked (next in 60s)
2025-11-25 19:03:13 | INFO | MONITOR_SLEEP | Sleeping for 20s (base=20s, consecutive_errors=0, monitoring_suspended=False)
2025-11-25 19:03:33 | INFO | MONITOR_SLEEP | Sleeping for 20s (base=20s, consecutive_errors=0, monitoring_suspended=False)
2025-11-25 19:03:53 | INFO | MONITOR_SLEEP | Sleeping for 20s (base=20s, consecutive_errors=0, monitoring_suspended=False)
2025-11-25 19:04:13 | INFO | MONITOR | Paper trades checked (next in 60s)
2025-11-25 19:04:13 | INFO | MONITOR_SLEEP | Sleeping for 20s (base=20s, consecutive_errors=0, monitoring_suspended=False)
2025-11-25 19:04:33 | INFO | MONITOR_SLEEP | Sleeping for 20s (base=20s, consecutive_errors=0, monitoring_suspended=False)
2025-11-25 19:04:53 | INFO | MONITOR_SLEEP | Sleeping for 20s (base=20s, consecutive_errors=0, monitoring_suspended=False)
2025-11-25 19:05:13 | INFO | MONITOR | Paper trades checked (next in 60s)
2025-11-25 19:05:13 | INFO | MONITOR_SLEEP | Sleeping for 20s (base=20s, consecutive_errors=0, monitoring_suspended=False)
2025-11-25 19:05:33 | INFO | MONITOR_SLEEP | Sleeping for 20s (base=20s, consecutive_errors=0, monitoring_suspended=False)
2025-11-25 19:05:53 | INFO | MONITOR_SLEEP | Sleeping for 20s (base=20s, consecutive_errors=0, monitoring_suspended=False)
2025-11-25 19:06:13 | INFO | MONITOR | Paper trades checked (next in 60s)
2025-11-25 19:06:13 | INFO | MONITOR_SLEEP | Sleeping for 20s (base=20s, consecutive_errors=0, monitoring_suspended=False)
2025-11-25 19:06:33 | INFO | MONITOR_SLEEP | Sleeping for 20s (base=20s, consecutive_errors=0, monitoring_suspended=False)
2025-11-25 19:06:53 | INFO | MONITOR_SLEEP | Sleeping for 20s (base=20s, consecutive_errors=0, monitoring_suspended=False)
2025-11-25 19:07:13 | INFO | MONITOR | Paper trades checked (next in 60s)
2025-11-25 19:07:13 | INFO | MONITOR_SLEEP | Sleeping for 20s (base=20s, consecutive_errors=0, monitoring_suspended=False)
2025-11-25 19:07:33 | INFO | MONITOR_SLEEP | Sleeping for 20s (base=20s, consecutive_errors=0, monitoring_suspended=False)
2025-11-25 19:07:53 | INFO | MONITOR_SLEEP | Sleeping for 20s (base=20s, consecutive_errors=0, monitoring_suspended=False)
2025-11-25 19:08:13 | INFO | MONITOR | Paper trades checked (next in 60s)
2025-11-25 19:08:13 | INFO | MONITOR_SLEEP | Sleeping for 20s (base=20s, consecutive_errors=0, monitoring_suspended=False)
2025-11-25 19:08:33 | INFO | MONITOR_SLEEP | Sleeping for 20s (base=20s, consecutive_errors=0, monitoring_suspended=False)
2025-11-25 19:08:53 | INFO | MONITOR_SLEEP | Sleeping for 20s (base=20s, consecutive_errors=0, monitoring_suspended=False)
2025-11-25 19:09:13 | INFO | MONITOR | Paper trades checked (next in 60s)
2025-11-25 19:09:13 | INFO | MONITOR_SLEEP | Sleeping for 20s (base=20s, consecutive_errors=0, monitoring_suspended=False)
2025-11-25 19:09:33 | INFO | MONITOR_SLEEP | Sleeping for 20s (base=20s, consecutive_errors=0, monitoring_suspended=False)
2025-11-25 19:09:53 | INFO | MONITOR_SLEEP | Sleeping for 20s (base=20s, consecutive_errors=0, monitoring_suspended=False)
2025-11-25 19:10:13 | INFO | MONITOR | Paper trades checked (next in 60s)
2025-11-25 19:10:13 | INFO | MONITOR_SLEEP | Sleeping for 20s (base=20s, consecutive_errors=0, monitoring_suspended=False)
2025-11-25 19:10:33 | INFO | MONITOR_SLEEP | Sleeping for 20s (base=20s, consecutive_errors=0, monitoring_suspended=False)
2025-11-25 19:10:53 | INFO | MONITOR_SLEEP | Sleeping for 20s (base=20s, consecutive_errors=0, monitoring_suspended=False)
2025-11-25 19:11:13 | INFO | MONITOR | Paper trades checked (next in 60s)
2025-11-25 19:11:13 | INFO | MONITOR_SLEEP | Sleeping for 20s (base=20s, consecutive_errors=0, monitoring_suspended=False)
2025-11-25 19:11:33 | INFO | MONITOR_SLEEP | Sleeping for 20s (base=20s, consecutive_errors=0, monitoring_suspended=False)
2025-11-25 19:11:53 | INFO | MONITOR_SLEEP | Sleeping for 20s (base=20s, consecutive_errors=0, monitoring_suspended=False)
2025-11-25 19:12:13 | INFO | MONITOR | Paper trades checked (next in 60s)
2025-11-25 19:12:13 | INFO | MONITOR_SLEEP | Sleeping for 20s (base=20s, consecutive_errors=0, monitoring_suspended=False)
2025-11-25 19:12:33 | INFO | MONITOR_SLEEP | Sleeping for 20s (base=20s, consecutive_errors=0, monitoring_suspended=False)
2025-11-25 19:12:53 | INFO | MONITOR_SLEEP | Sleeping for 20s (base=20s, consecutive_errors=0, monitoring_suspended=False)
2025-11-25 19:13:13 | INFO | MONITOR | Paper trades checked (next in 60s)
2025-11-25 19:13:13 | INFO | MONITOR_SLEEP | Sleeping for 20s (base=20s, consecutive_errors=0, monitoring_suspended=False)
2025-11-25 19:13:33 | INFO | MONITOR_SLEEP | Sleeping for 20s (base=20s, consecutive_errors=0, monitoring_suspended=False)
2025-11-25 19:13:53 | INFO | MONITOR_SLEEP | Sleeping for 20s (base=20s, consecutive_errors=0, monitoring_suspended=False)
2025-11-25 19:14:13 | INFO | MONITOR | Paper trades checked (next in 60s)
2025-11-25 19:14:13 | INFO | MONITOR_SLEEP | Sleeping for 20s (base=20s, consecutive_errors=0, monitoring_suspended=False)
2025-11-25 19:14:33 | INFO | MONITOR_SLEEP | Sleeping for 20s (base=20s, consecutive_errors=0, monitoring_suspended=False)
2025-11-25 19:14:53 | INFO | MONITOR_SLEEP | Sleeping for 20s (base=20s, consecutive_errors=0, monitoring_suspended=False)
2025-11-25 19:15:13 | INFO | MONITOR | Paper trades checked (next in 60s)
2025-11-25 19:15:13 | INFO | MONITOR_SLEEP | Sleeping for 20s (base=20s, consecutive_errors=0, monitoring_suspended=False)
2025-11-25 19:15:33 | INFO | MONITOR_SLEEP | Sleeping for 20s (base=20s, consecutive_errors=0, monitoring_suspended=False)
2025-11-25 19:15:53 | INFO | MONITOR_SLEEP | Sleeping for 20s (base=20s, consecutive_errors=0, monitoring_suspended=False)
2025-11-25 19:16:13 | INFO | MONITOR | Paper trades checked (next in 60s)
2025-11-25 19:16:13 | INFO | MONITOR_SLEEP | Sleeping for 20s (base=20s, consecutive_errors=0, monitoring_suspended=False)
2025-11-25 19:16:33 | INFO | MONITOR_SLEEP | Sleeping for 20s (base=20s, consecutive_errors=0, monitoring_suspended=False)
2025-11-25 19:16:53 | INFO | MONITOR_SLEEP | Sleeping for 20s (base=20s, consecutive_errors=0, monitoring_suspended=False)
2025-11-25 19:17:13 | INFO | MONITOR | Paper trades checked (next in 60s)
2025-11-25 19:17:13 | INFO | MONITOR_SLEEP | Sleeping for 20s (base=20s, consecutive_errors=0, monitoring_suspended=False)
2025-11-25 19:17:33 | INFO | MONITOR_SLEEP | Sleeping for 20s (base=20s, consecutive_errors=0, monitoring_suspended=False)
2025-11-25 19:17:53 | INFO | MONITOR_SLEEP | Sleeping for 20s (base=20s, consecutive_errors=0, monitoring_suspended=False)
2025-11-25 19:18:13 | INFO | MONITOR | Paper trades checked (next in 60s)
2025-11-25 19:18:13 | INFO | MONITOR_SLEEP | Sleeping for 20s (base=20s, consecutive_errors=0, monitoring_suspended=False)
2025-11-25 19:18:33 | INFO | MONITOR_SLEEP | Sleeping for 20s (base=20s, consecutive_errors=0, monitoring_suspended=False)
2025-11-25 19:18:53 | INFO | MONITOR_SLEEP | Sleeping for 20s (base=20s, consecutive_errors=0, monitoring_suspended=False)
2025-11-25 19:19:13 | INFO | MONITOR | Paper trades checked (next in 60s)
2025-11-25 19:19:13 | INFO | MONITOR_SLEEP | Sleeping for 20s (base=20s, consecutive_errors=0, monitoring_suspended=False)
2025-11-25 19:19:33 | INFO | MONITOR_SLEEP | Sleeping for 20s (base=20s, consecutive_errors=0, monitoring_suspended=False)
2025-11-25 19:19:53 | INFO | MONITOR_SLEEP | Sleeping for 20s (base=20s, consecutive_errors=0, monitoring_suspended=False)
2025-11-25 19:20:13 | INFO | MONITOR | Paper trades checked (next in 60s)
2025-11-25 19:20:13 | INFO | MONITOR_SLEEP | Sleeping for 20s (base=20s, consecutive_errors=0, monitoring_suspended=False)
2025-11-25 19:20:33 | INFO | MONITOR_SLEEP | Sleeping for 20s (base=20s, consecutive_errors=0, monitoring_suspended=False)
2025-11-25 19:20:53 | INFO | MONITOR_SLEEP | Sleeping for 20s (base=20s, consecutive_errors=0, monitoring_suspended=False)
2025-11-25 19:21:13 | INFO | MONITOR | Paper trades checked (next in 60s)
2025-11-25 19:21:13 | INFO | MONITOR_SLEEP | Sleeping for 20s (base=20s, consecutive_errors=0, monitoring_suspended=False)
2025-11-25 19:21:33 | INFO | MONITOR_SLEEP | Sleeping for 20s (base=20s, consecutive_errors=0, monitoring_suspended=False)
2025-11-25 19:21:53 | INFO | MONITOR_SLEEP | Sleeping for 20s (base=20s, consecutive_errors=0, monitoring_suspended=False)
2025-11-25 19:22:13 | INFO | MONITOR | Paper trades checked (next in 60s)
2025-11-25 19:22:13 | INFO | MONITOR_SLEEP | Sleeping for 20s (base=20s, consecutive_errors=0, monitoring_suspended=False)
2025-11-25 19:22:33 | INFO | MONITOR_SLEEP | Sleeping for 20s (base=20s, consecutive_errors=0, monitoring_suspended=False)
2025-11-25 19:22:53 | INFO | MONITOR_SLEEP | Sleeping for 20s (base=20s, consecutive_errors=0, monitoring_suspended=False)
2025-11-25 19:23:13 | INFO | MONITOR | Paper trades checked (next in 60s)
2025-11-25 19:23:13 | INFO | MONITOR_SLEEP | Sleeping for 20s (base=20s, consecutive_errors=0, monitoring_suspended=False)
2025-11-25 19:23:33 | INFO | MONITOR_SLEEP | Sleeping for 20s (base=20s, consecutive_errors=0, monitoring_suspended=False)
2025-11-25 19:23:53 | INFO | MONITOR_SLEEP | Sleeping for 20s (base=20s, consecutive_errors=0, monitoring_suspended=False)
2025-11-25 19:24:13 | INFO | MONITOR | Paper trades checked (next in 60s)
2025-11-25 19:24:13 | INFO | MONITOR_SLEEP | Sleeping for 20s (base=20s, consecutive_errors=0, monitoring_suspended=False)
2025-11-25 19:24:33 | INFO | MONITOR_SLEEP | Sleeping for 20s (base=20s, consecutive_errors=0, monitoring_suspended=False)
2025-11-25 19:24:53 | INFO | MONITOR_SLEEP | Sleeping for 20s (base=20s, consecutive_errors=0, monitoring_suspended=False)
2025-11-25 19:25:13 | INFO | MONITOR | Paper trades checked (next in 60s)
2025-11-25 19:25:13 | INFO | MONITOR_SLEEP | Sleeping for 20s (base=20s, consecutive_errors=0, monitoring_suspended=False)
2025-11-25 19:25:33 | INFO | MONITOR_SLEEP | Sleeping for 20s (base=20s, consecutive_errors=0, monitoring_suspended=False)
2025-11-25 19:25:53 | INFO | MONITOR_SLEEP | Sleeping for 20s (base=20s, consecutive_errors=0, monitoring_suspended=False)
2025-11-25 19:26:13 | INFO | MONITOR | Paper trades checked (next in 60s)
2025-11-25 19:26:13 | INFO | MONITOR_SLEEP | Sleeping for 20s (base=20s, consecutive_errors=0, monitoring_suspended=False)
2025-11-25 19:26:33 | INFO | MONITOR_SLEEP | Sleeping for 20s (base=20s, consecutive_errors=0, monitoring_suspended=False)
2025-11-25 19:26:53 | INFO | MONITOR_SLEEP | Sleeping for 20s (base=20s, consecutive_errors=0, monitoring_suspended=False)
2025-11-25 19:27:13 | INFO | MONITOR | Paper trades checked (next in 60s)
2025-11-25 19:27:13 | INFO | MONITOR_SLEEP | Sleeping for 20s (base=20s, consecutive_errors=0, monitoring_suspended=False)
2025-11-25 19:27:33 | INFO | MONITOR_SLEEP | Sleeping for 20s (base=20s, consecutive_errors=0, monitoring_suspended=False)
2025-11-25 19:27:53 | INFO | MONITOR_SLEEP | Sleeping for 20s (base=20s, consecutive_errors=0, monitoring_suspended=False)
2025-11-25 19:28:13 | INFO | MONITOR | Paper trades checked (next in 60s)
2025-11-25 19:28:13 | INFO | MONITOR_SLEEP | Sleeping for 20s (base=20s, consecutive_errors=0, monitoring_suspended=False)
2025-11-25 19:28:33 | INFO | MONITOR_SLEEP | Sleeping for 20s (base=20s, consecutive_errors=0, monitoring_suspended=False)
2025-11-25 19:28:53 | INFO | MONITOR_SLEEP | Sleeping for 20s (base=20s, consecutive_errors=0, monitoring_suspended=False)
2025-11-25 19:29:13 | INFO | MONITOR | Paper trades checked (next in 60s)
2025-11-25 19:29:13 | INFO | MONITOR_SLEEP | Sleeping for 20s (base=20s, consecutive_errors=0, monitoring_suspended=False)
2025-11-25 19:29:33 | INFO | MONITOR_SLEEP | Sleeping for 20s (base=20s, consecutive_errors=0, monitoring_suspended=False)
2025-11-25 19:29:53 | INFO | MONITOR_SLEEP | Sleeping for 20s (base=20s, consecutive_errors=0, monitoring_suspended=False)
2025-11-25 19:30:13 | INFO | MONITOR | Paper trades checked (next in 60s)
2025-11-25 19:30:13 | INFO | MONITOR_SLEEP | Sleeping for 20s (base=20s, consecutive_errors=0, monitoring_suspended=False)
2025-11-25 19:30:33 | INFO | MONITOR_SLEEP | Sleeping for 20s (base=20s, consecutive_errors=0, monitoring_suspended=False)
2025-11-25 19:30:53 | INFO | MONITOR_SLEEP | Sleeping for 20s (base=20s, consecutive_errors=0, monitoring_suspended=False)
2025-11-25 19:31:13 | INFO | MONITOR | Paper trades checked (next in 60s)
2025-11-25 19:31:13 | INFO | MONITOR_SLEEP | Sleeping for 20s (base=20s, consecutive_errors=0, monitoring_suspended=False)
2025-11-25 19:31:33 | INFO | MONITOR_SLEEP | Sleeping for 20s (base=20s, consecutive_errors=0, monitoring_suspended=False)
2025-11-25 19:31:53 | INFO | MONITOR_SLEEP | Sleeping for 20s (base=20s, consecutive_errors=0, monitoring_suspended=False)
2025-11-25 19:32:13 | INFO | MONITOR | Paper trades checked (next in 60s)
2025-11-25 19:32:13 | INFO | MONITOR_SLEEP | Sleeping for 20s (base=20s, consecutive_errors=0, monitoring_suspended=False)
2025-11-25 19:32:33 | INFO | MONITOR_SLEEP | Sleeping for 20s (base=20s, consecutive_errors=0, monitoring_suspended=False)
2025-11-25 19:32:53 | INFO | MONITOR_SLEEP | Sleeping for 20s (base=20s, consecutive_errors=0, monitoring_suspended=False)
2025-11-25 19:33:13 | INFO | MONITOR | Paper trades checked (next in 60s)
2025-11-25 19:33:13 | INFO | MONITOR_SLEEP | Sleeping for 20s (base=20s, consecutive_errors=0, monitoring_suspended=False)
2025-11-25 19:33:33 | INFO | MONITOR_SLEEP | Sleeping for 20s (base=20s, consecutive_errors=0, monitoring_suspended=False)
2025-11-25 19:33:53 | INFO | MONITOR_SLEEP | Sleeping for 20s (base=20s, consecutive_errors=0, monitoring_suspended=False)
2025-11-25 19:34:13 | INFO | MONITOR | Paper trades checked (next in 60s)
2025-11-25 19:34:13 | INFO | MONITOR_SLEEP | Sleeping for 20s (base=20s, consecutive_errors=0, monitoring_suspended=False)
2025-11-25 19:34:33 | INFO | MONITOR_SLEEP | Sleeping for 20s (base=20s, consecutive_errors=0, monitoring_suspended=False)
2025-11-25 19:34:53 | INFO | MONITOR_SLEEP | Sleeping for 20s (base=20s, consecutive_errors=0, monitoring_suspended=False)
2025-11-25 19:35:13 | INFO | MONITOR | Paper trades checked (next in 60s)
2025-11-25 19:35:13 | INFO | MONITOR_SLEEP | Sleeping for 20s (base=20s, consecutive_errors=0, monitoring_suspended=False)
2025-11-25 19:35:33 | INFO | MONITOR_SLEEP | Sleeping for 20s (base=20s, consecutive_errors=0, monitoring_suspended=False)
2025-11-25 19:35:53 | INFO | MONITOR_SLEEP | Sleeping for 20s (base=20s, consecutive_errors=0, monitoring_suspended=False)
2025-11-25 19:36:13 | INFO | MONITOR | Paper trades checked (next in 60s)
2025-11-25 19:36:13 | INFO | MONITOR_SLEEP | Sleeping for 20s (base=20s, consecutive_errors=0, monitoring_suspended=False)
2025-11-25 19:36:33 | INFO | MONITOR_SLEEP | Sleeping for 20s (base=20s, consecutive_errors=0, monitoring_suspended=False)
2025-11-25 19:36:53 | INFO | MONITOR_SLEEP | Sleeping for 20s (base=20s, consecutive_errors=0, monitoring_suspended=False)
2025-11-25 19:37:13 | INFO | MONITOR | Paper trades checked (next in 60s)
2025-11-25 19:37:13 | INFO | MONITOR_SLEEP | Sleeping for 20s (base=20s, consecutive_errors=0, monitoring_suspended=False)
2025-11-25 19:37:33 | INFO | MONITOR_SLEEP | Sleeping for 20s (base=20s, consecutive_errors=0, monitoring_suspended=False)
2025-11-25 19:37:53 | INFO | MONITOR_SLEEP | Sleeping for 20s (base=20s, consecutive_errors=0, monitoring_suspended=False)
2025-11-25 19:38:13 | INFO | MONITOR | Paper trades checked (next in 60s)
2025-11-25 19:38:13 | INFO | MONITOR_SLEEP | Sleeping for 20s (base=20s, consecutive_errors=0, monitoring_suspended=False)
2025-11-25 19:38:33 | INFO | MONITOR_SLEEP | Sleeping for 20s (base=20s, consecutive_errors=0, monitoring_suspended=False)
2025-11-25 19:38:53 | INFO | MONITOR_SLEEP | Sleeping for 20s (base=20s, consecutive_errors=0, monitoring_suspended=False)
2025-11-25 19:39:13 | INFO | MONITOR | Paper trades checked (next in 60s)
2025-11-25 19:39:13 | INFO | MONITOR_SLEEP | Sleeping for 20s (base=20s, consecutive_errors=0, monitoring_suspended=False)
2025-11-25 19:39:33 | INFO | MONITOR_SLEEP | Sleeping for 20s (base=20s, consecutive_errors=0, monitoring_suspended=False)
2025-11-25 19:39:53 | INFO | MONITOR_SLEEP | Sleeping for 20s (base=20s, consecutive_errors=0, monitoring_suspended=False)
2025-11-25 19:40:13 | INFO | MONITOR | Paper trades checked (next in 60s)
2025-11-25 19:40:13 | INFO | MONITOR_SLEEP | Sleeping for 20s (base=20s, consecutive_errors=0, monitoring_suspended=False)
2025-11-25 19:40:33 | INFO | MONITOR_SLEEP | Sleeping for 20s (base=20s, consecutive_errors=0, monitoring_suspended=False)
2025-11-25 19:40:53 | INFO | MONITOR_SLEEP | Sleeping for 20s (base=20s, consecutive_errors=0, monitoring_suspended=False)
2025-11-25 19:41:13 | INFO | MONITOR | Paper trades checked (next in 60s)
2025-11-25 19:41:13 | INFO | MONITOR_SLEEP | Sleeping for 20s (base=20s, consecutive_errors=0, monitoring_suspended=False)
2025-11-25 19:41:33 | INFO | MONITOR_SLEEP | Sleeping for 20s (base=20s, consecutive_errors=0, monitoring_suspended=False)
2025-11-25 19:41:53 | INFO | MONITOR_SLEEP | Sleeping for 20s (base=20s, consecutive_errors=0, monitoring_suspended=False)
2025-11-25 19:42:13 | INFO | MONITOR | Paper trades checked (next in 60s)
2025-11-25 19:42:13 | INFO | MONITOR_SLEEP | Sleeping for 20s (base=20s, consecutive_errors=0, monitoring_suspended=False)
2025-11-25 19:42:33 | INFO | MONITOR_SLEEP | Sleeping for 20s (base=20s, consecutive_errors=0, monitoring_suspended=False)
2025-11-25 19:42:53 | INFO | MONITOR_SLEEP | Sleeping for 20s (base=20s, consecutive_errors=0, monitoring_suspended=False)
2025-11-25 19:43:13 | INFO | MONITOR | Paper trades checked (next in 60s)
2025-11-25 19:43:13 | INFO | MONITOR_SLEEP | Sleeping for 20s (base=20s, consecutive_errors=0, monitoring_suspended=False)
2025-11-25 19:43:33 | INFO | MONITOR_SLEEP | Sleeping for 20s (base=20s, consecutive_errors=0, monitoring_suspended=False)
2025-11-25 19:43:53 | INFO | MONITOR_SLEEP | Sleeping for 20s (base=20s, consecutive_errors=0, monitoring_suspended=False)
2025-11-25 19:44:13 | INFO | MONITOR | Paper trades checked (next in 60s)
2025-11-25 19:44:13 | INFO | MONITOR_SLEEP | Sleeping for 20s (base=20s, consecutive_errors=0, monitoring_suspended=False)
2025-11-25 19:44:33 | INFO | MONITOR_SLEEP | Sleeping for 20s (base=20s, consecutive_errors=0, monitoring_suspended=False)
2025-11-25 19:44:53 | INFO | MONITOR_SLEEP | Sleeping for 20s (base=20s, consecutive_errors=0, monitoring_suspended=False)
2025-11-25 19:45:13 | INFO | MONITOR | Paper trades checked (next in 60s)
2025-11-25 19:45:13 | INFO | MONITOR_SLEEP | Sleeping for 20s (base=20s, consecutive_errors=0, monitoring_suspended=False)
2025-11-25 19:45:33 | INFO | MONITOR_SLEEP | Sleeping for 20s (base=20s, consecutive_errors=0, monitoring_suspended=False)
2025-11-25 19:45:53 | INFO | MONITOR_SLEEP | Sleeping for 20s (base=20s, consecutive_errors=0, monitoring_suspended=False)
2025-11-25 19:46:13 | INFO | MONITOR | Paper trades checked (next in 60s)
2025-11-25 19:46:13 | INFO | MONITOR_SLEEP | Sleeping for 20s (base=20s, consecutive_errors=0, monitoring_suspended=False)
2025-11-25 19:46:33 | INFO | MONITOR_SLEEP | Sleeping for 20s (base=20s, consecutive_errors=0, monitoring_suspended=False)
2025-11-25 19:46:53 | INFO | MONITOR_SLEEP | Sleeping for 20s (base=20s, consecutive_errors=0, monitoring_suspended=False)
2025-11-25 19:47:13 | INFO | MONITOR | Paper trades checked (next in 60s)
2025-11-25 19:47:13 | INFO | MONITOR_SLEEP | Sleeping for 20s (base=20s, consecutive_errors=0, monitoring_suspended=False)
2025-11-25 19:47:33 | INFO | MONITOR_SLEEP | Sleeping for 20s (base=20s, consecutive_errors=0, monitoring_suspended=False)
2025-11-25 19:47:53 | INFO | MONITOR_SLEEP | Sleeping for 20s (base=20s, consecutive_errors=0, monitoring_suspended=False)
2025-11-25 19:48:13 | INFO | MONITOR | Paper trades checked (next in 60s)
2025-11-25 19:48:13 | INFO | MONITOR_SLEEP | Sleeping for 20s (base=20s, consecutive_errors=0, monitoring_suspended=False)
2025-11-25 19:48:33 | INFO | MONITOR_SLEEP | Sleeping for 20s (base=20s, consecutive_errors=0, monitoring_suspended=False)
2025-11-25 19:48:53 | INFO | MONITOR_SLEEP | Sleeping for 20s (base=20s, consecutive_errors=0, monitoring_suspended=False)
2025-11-25 19:49:13 | INFO | MONITOR | Paper trades checked (next in 60s)
2025-11-25 19:49:13 | INFO | MONITOR_SLEEP | Sleeping for 20s (base=20s, consecutive_errors=0, monitoring_suspended=False)
2025-11-25 19:49:33 | INFO | MONITOR_SLEEP | Sleeping for 20s (base=20s, consecutive_errors=0, monitoring_suspended=False)
2025-11-25 19:49:53 | INFO | MONITOR_SLEEP | Sleeping for 20s (base=20s, consecutive_errors=0, monitoring_suspended=False)
2025-11-25 19:50:13 | INFO | MONITOR | Paper trades checked (next in 60s)
2025-11-25 19:50:13 | INFO | MONITOR_SLEEP | Sleeping for 20s (base=20s, consecutive_errors=0, monitoring_suspended=False)
2025-11-25 19:50:33 | INFO | MONITOR_SLEEP | Sleeping for 20s (base=20s, consecutive_errors=0, monitoring_suspended=False)
2025-11-25 19:50:53 | INFO | MONITOR_SLEEP | Sleeping for 20s (base=20s, consecutive_errors=0, monitoring_suspended=False)
2025-11-25 19:51:13 | INFO | MONITOR | Paper trades checked (next in 60s)
2025-11-25 19:51:13 | INFO | MONITOR_SLEEP | Sleeping for 20s (base=20s, consecutive_errors=0, monitoring_suspended=False)
2025-11-25 19:51:33 | INFO | MONITOR_SLEEP | Sleeping for 20s (base=20s, consecutive_errors=0, monitoring_suspended=False)
2025-11-25 19:51:53 | INFO | MONITOR_SLEEP | Sleeping for 20s (base=20s, consecutive_errors=0, monitoring_suspended=False)
2025-11-25 19:52:13 | INFO | MONITOR | Paper trades checked (next in 60s)
2025-11-25 19:52:13 | INFO | MONITOR_SLEEP | Sleeping for 20s (base=20s, consecutive_errors=0, monitoring_suspended=False)
2025-11-25 19:52:33 | INFO | MONITOR_SLEEP | Sleeping for 20s (base=20s, consecutive_errors=0, monitoring_suspended=False)
2025-11-25 19:52:53 | INFO | MONITOR_SLEEP | Sleeping for 20s (base=20s, consecutive_errors=0, monitoring_suspended=False)
2025-11-25 19:53:13 | INFO | MONITOR | Paper trades checked (next in 60s)
2025-11-25 19:53:13 | INFO | MONITOR_SLEEP | Sleeping for 20s (base=20s, consecutive_errors=0, monitoring_suspended=False)
2025-11-25 19:53:33 | INFO | MONITOR_SLEEP | Sleeping for 20s (base=20s, consecutive_errors=0, monitoring_suspended=False)
2025-11-25 19:53:53 | INFO | MONITOR_SLEEP | Sleeping for 20s (base=20s, consecutive_errors=0, monitoring_suspended=False)
2025-11-25 19:54:13 | INFO | MONITOR | Paper trades checked (next in 60s)
2025-11-25 19:54:13 | INFO | MONITOR_SLEEP | Sleeping for 20s (base=20s, consecutive_errors=0, monitoring_suspended=False)
2025-11-25 19:54:33 | INFO | MONITOR_SLEEP | Sleeping for 20s (base=20s, consecutive_errors=0, monitoring_suspended=False)
2025-11-25 19:54:53 | INFO | MONITOR_SLEEP | Sleeping for 20s (base=20s, consecutive_errors=0, monitoring_suspended=False)
2025-11-25 19:55:13 | INFO | MONITOR | Paper trades checked (next in 60s)
2025-11-25 19:55:13 | INFO | MONITOR_SLEEP | Sleeping for 20s (base=20s, consecutive_errors=0, monitoring_suspended=False)
2025-11-25 19:55:33 | INFO | MONITOR_SLEEP | Sleeping for 20s (base=20s, consecutive_errors=0, monitoring_suspended=False)
2025-11-25 19:55:53 | INFO | MONITOR_SLEEP | Sleeping for 20s (base=20s, consecutive_errors=0, monitoring_suspended=False)
2025-11-25 19:56:13 | INFO | MONITOR | Paper trades checked (next in 60s)
2025-11-25 19:56:13 | INFO | MONITOR_SLEEP | Sleeping for 20s (base=20s, consecutive_errors=0, monitoring_suspended=False)
2025-11-25 19:56:33 | INFO | MONITOR_SLEEP | Sleeping for 20s (base=20s, consecutive_errors=0, monitoring_suspended=False)
2025-11-25 19:56:53 | INFO | MONITOR_SLEEP | Sleeping for 20s (base=20s, consecutive_errors=0, monitoring_suspended=False)
2025-11-25 19:57:13 | INFO | MONITOR | Paper trades checked (next in 60s)
2025-11-25 19:57:13 | INFO | MONITOR_SLEEP | Sleeping for 20s (base=20s, consecutive_errors=0, monitoring_suspended=False)
2025-11-25 19:57:33 | INFO | MONITOR_SLEEP | Sleeping for 20s (base=20s, consecutive_errors=0, monitoring_suspended=False)
2025-11-25 19:57:53 | INFO | MONITOR_SLEEP | Sleeping for 20s (base=20s, consecutive_errors=0, monitoring_suspended=False)
2025-11-25 19:58:13 | INFO | MONITOR | Paper trades checked (next in 60s)
2025-11-25 19:58:13 | INFO | MONITOR_SLEEP | Sleeping for 20s (base=20s, consecutive_errors=0, monitoring_suspended=False)
2025-11-25 19:58:33 | INFO | MONITOR_SLEEP | Sleeping for 20s (base=20s, consecutive_errors=0, monitoring_suspended=False)
2025-11-25 19:58:53 | INFO | MONITOR_SLEEP | Sleeping for 20s (base=20s, consecutive_errors=0, monitoring_suspended=False)
2025-11-25 19:59:13 | INFO | MONITOR | Paper trades checked (next in 60s)
2025-11-25 19:59:13 | INFO | MONITOR_SLEEP | Sleeping for 20s (base=20s, consecutive_errors=0, monitoring_suspended=False)
2025-11-25 19:59:33 | INFO | MONITOR_SLEEP | Sleeping for 20s (base=20s, consecutive_errors=0, monitoring_suspended=False)
2025-11-25 19:59:53 | INFO | MONITOR_SLEEP | Sleeping for 20s (base=20s, consecutive_errors=0, monitoring_suspended=False)
2025-11-25 20:00:13 | INFO | MONITOR | Paper trades checked (next in 60s)
2025-11-25 20:00:13 | INFO | MONITOR_SLEEP | Sleeping for 20s (base=20s, consecutive_errors=0, monitoring_suspended=False)
2025-11-25 20:00:33 | INFO | MONITOR_SLEEP | Sleeping for 20s (base=20s, consecutive_errors=0, monitoring_suspended=False)
2025-11-25 20:00:53 | INFO | MONITOR_SLEEP | Sleeping for 20s (base=20s, consecutive_errors=0, monitoring_suspended=False)
2025-11-25 20:01:13 | INFO | MONITOR | Paper trades checked (next in 60s)
2025-11-25 20:01:13 | INFO | MONITOR_SLEEP | Sleeping for 20s (base=20s, consecutive_errors=0, monitoring_suspended=False)
2025-11-25 20:01:33 | INFO | MONITOR_SLEEP | Sleeping for 20s (base=20s, consecutive_errors=0, monitoring_suspended=False)
2025-11-25 20:01:53 | INFO | MONITOR_SLEEP | Sleeping for 20s (base=20s, consecutive_errors=0, monitoring_suspended=False)
2025-11-25 20:02:13 | INFO | MONITOR | Paper trades checked (next in 60s)
2025-11-25 20:02:13 | INFO | MONITOR_SLEEP | Sleeping for 20s (base=20s, consecutive_errors=0, monitoring_suspended=False)
2025-11-25 20:02:33 | INFO | MONITOR_SLEEP | Sleeping for 20s (base=20s, consecutive_errors=0, monitoring_suspended=False)
2025-11-25 20:02:53 | INFO | MONITOR_SLEEP | Sleeping for 20s (base=20s, consecutive_errors=0, monitoring_suspended=False)
2025-11-25 20:03:13 | INFO | MONITOR | Paper trades checked (next in 60s)
2025-11-25 20:03:13 | INFO | MONITOR_SLEEP | Sleeping for 20s (base=20s, consecutive_errors=0, monitoring_suspended=False)
2025-11-25 20:03:33 | INFO | MONITOR_SLEEP | Sleeping for 20s (base=20s, consecutive_errors=0, monitoring_suspended=False)
2025-11-25 20:03:53 | INFO | MONITOR_SLEEP | Sleeping for 20s (base=20s, consecutive_errors=0, monitoring_suspended=False)
2025-11-25 20:04:13 | INFO | MONITOR | Paper trades checked (next in 60s)
2025-11-25 20:04:13 | INFO | MONITOR_SLEEP | Sleeping for 20s (base=20s, consecutive_errors=0, monitoring_suspended=False)
2025-11-25 20:04:33 | INFO | MONITOR_SLEEP | Sleeping for 20s (base=20s, consecutive_errors=0, monitoring_suspended=False)
2025-11-25 20:04:53 | INFO | MONITOR_SLEEP | Sleeping for 20s (base=20s, consecutive_errors=0, monitoring_suspended=False)
2025-11-25 20:05:13 | INFO | MONITOR | Paper trades checked (next in 60s)
2025-11-25 20:05:13 | INFO | MONITOR_SLEEP | Sleeping for 20s (base=20s, consecutive_errors=0, monitoring_suspended=False)
2025-11-25 20:05:33 | INFO | MONITOR_SLEEP | Sleeping for 20s (base=20s, consecutive_errors=0, monitoring_suspended=False)
2025-11-25 20:05:53 | INFO | MONITOR_SLEEP | Sleeping for 20s (base=20s, consecutive_errors=0, monitoring_suspended=False)
2025-11-25 20:06:13 | INFO | MONITOR | Paper trades checked (next in 60s)
2025-11-25 20:06:13 | INFO | MONITOR_SLEEP | Sleeping for 20s (base=20s, consecutive_errors=0, monitoring_suspended=False)
2025-11-25 20:06:33 | INFO | MONITOR_SLEEP | Sleeping for 20s (base=20s, consecutive_errors=0, monitoring_suspended=False)
2025-11-25 20:06:53 | INFO | MONITOR_SLEEP | Sleeping for 20s (base=20s, consecutive_errors=0, monitoring_suspended=False)
2025-11-25 20:07:13 | INFO | MONITOR | Paper trades checked (next in 60s)
2025-11-25 20:07:13 | INFO | MONITOR_SLEEP | Sleeping for 20s (base=20s, consecutive_errors=0, monitoring_suspended=False)
2025-11-25 20:07:33 | INFO | MONITOR_SLEEP | Sleeping for 20s (base=20s, consecutive_errors=0, monitoring_suspended=False)
2025-11-25 20:07:53 | INFO | MONITOR_SLEEP | Sleeping for 20s (base=20s, consecutive_errors=0, monitoring_suspended=False)
2025-11-25 20:08:13 | INFO | MONITOR | Paper trades checked (next in 60s)
2025-11-25 20:08:13 | INFO | MONITOR_SLEEP | Sleeping for 20s (base=20s, consecutive_errors=0, monitoring_suspended=False)
2025-11-25 20:08:33 | INFO | MONITOR_SLEEP | Sleeping for 20s (base=20s, consecutive_errors=0, monitoring_suspended=False)
2025-11-25 20:08:53 | INFO | MONITOR_SLEEP | Sleeping for 20s (base=20s, consecutive_errors=0, monitoring_suspended=False)
2025-11-25 20:09:13 | INFO | MONITOR | Paper trades checked (next in 60s)
2025-11-25 20:09:13 | INFO | MONITOR_SLEEP | Sleeping for 20s (base=20s, consecutive_errors=0, monitoring_suspended=False)
2025-11-25 20:09:33 | INFO | MONITOR_SLEEP | Sleeping for 20s (base=20s, consecutive_errors=0, monitoring_suspended=False)
2025-11-25 20:09:53 | INFO | MONITOR_SLEEP | Sleeping for 20s (base=20s, consecutive_errors=0, monitoring_suspended=False)
2025-11-25 20:10:13 | INFO | MONITOR | Paper trades checked (next in 60s)
2025-11-25 20:10:13 | INFO | MONITOR_SLEEP | Sleeping for 20s (base=20s, consecutive_errors=0, monitoring_suspended=False)
2025-11-25 20:10:33 | INFO | MONITOR_SLEEP | Sleeping for 20s (base=20s, consecutive_errors=0, monitoring_suspended=False)
2025-11-25 20:10:53 | INFO | MONITOR_SLEEP | Sleeping for 20s (base=20s, consecutive_errors=0, monitoring_suspended=False)
2025-11-25 20:11:13 | INFO | MONITOR | Paper trades checked (next in 60s)
2025-11-25 20:11:13 | INFO | MONITOR_SLEEP | Sleeping for 20s (base=20s, consecutive_errors=0, monitoring_suspended=False)
2025-11-25 20:11:33 | INFO | MONITOR_SLEEP | Sleeping for 20s (base=20s, consecutive_errors=0, monitoring_suspended=False)
2025-11-25 20:11:53 | INFO | MONITOR_SLEEP | Sleeping for 20s (base=20s, consecutive_errors=0, monitoring_suspended=False)
2025-11-25 20:12:13 | INFO | MONITOR | Paper trades checked (next in 60s)
2025-11-25 20:12:13 | INFO | MONITOR_SLEEP | Sleeping for 20s (base=20s, consecutive_errors=0, monitoring_suspended=False)
2025-11-25 20:12:33 | INFO | MONITOR_SLEEP | Sleeping for 20s (base=20s, consecutive_errors=0, monitoring_suspended=False)
2025-11-25 20:12:53 | INFO | MONITOR_SLEEP | Sleeping for 20s (base=20s, consecutive_errors=0, monitoring_suspended=False)
2025-11-25 20:13:13 | INFO | MONITOR | Paper trades checked (next in 60s)
2025-11-25 20:13:13 | INFO | MONITOR_SLEEP | Sleeping for 20s (base=20s, consecutive_errors=0, monitoring_suspended=False)
2025-11-25 20:13:33 | INFO | MONITOR_SLEEP | Sleeping for 20s (base=20s, consecutive_errors=0, monitoring_suspended=False)
2025-11-25 20:13:53 | INFO | MONITOR_SLEEP | Sleeping for 20s (base=20s, consecutive_errors=0, monitoring_suspended=False)
2025-11-25 20:14:13 | INFO | MONITOR | Paper trades checked (next in 60s)
2025-11-25 20:14:13 | INFO | MONITOR_SLEEP | Sleeping for 20s (base=20s, consecutive_errors=0, monitoring_suspended=False)
2025-11-25 20:14:33 | INFO | MONITOR_SLEEP | Sleeping for 20s (base=20s, consecutive_errors=0, monitoring_suspended=False)
2025-11-25 20:14:53 | INFO | MONITOR_SLEEP | Sleeping for 20s (base=20s, consecutive_errors=0, monitoring_suspended=False)
2025-11-25 20:15:13 | INFO | MONITOR | Paper trades checked (next in 60s)
2025-11-25 20:15:13 | INFO | MONITOR_SLEEP | Sleeping for 20s (base=20s, consecutive_errors=0, monitoring_suspended=False)
2025-11-25 20:15:33 | INFO | MONITOR_SLEEP | Sleeping for 20s (base=20s, consecutive_errors=0, monitoring_suspended=False)
2025-11-25 20:15:53 | INFO | MONITOR_SLEEP | Sleeping for 20s (base=20s, consecutive_errors=0, monitoring_suspended=False)
2025-11-25 20:16:13 | INFO | MONITOR | Paper trades checked (next in 60s)
2025-11-25 20:16:13 | INFO | MONITOR_SLEEP | Sleeping for 20s (base=20s, consecutive_errors=0, monitoring_suspended=False)
2025-11-25 20:16:33 | INFO | MONITOR_SLEEP | Sleeping for 20s (base=20s, consecutive_errors=0, monitoring_suspended=False)
2025-11-25 20:16:53 | INFO | MONITOR_SLEEP | Sleeping for 20s (base=20s, consecutive_errors=0, monitoring_suspended=False)
2025-11-25 20:17:13 | INFO | MONITOR | Paper trades checked (next in 60s)
2025-11-25 20:17:13 | INFO | MONITOR_SLEEP | Sleeping for 20s (base=20s, consecutive_errors=0, monitoring_suspended=False)
2025-11-25 20:17:33 | INFO | MONITOR_SLEEP | Sleeping for 20s (base=20s, consecutive_errors=0, monitoring_suspended=False)
2025-11-25 20:17:53 | INFO | MONITOR_SLEEP | Sleeping for 20s (base=20s, consecutive_errors=0, monitoring_suspended=False)
2025-11-25 20:18:13 | INFO | MONITOR | Paper trades checked (next in 60s)
2025-11-25 20:18:13 | INFO | MONITOR_SLEEP | Sleeping for 20s (base=20s, consecutive_errors=0, monitoring_suspended=False)
2025-11-25 20:18:33 | INFO | MONITOR_SLEEP | Sleeping for 20s (base=20s, consecutive_errors=0, monitoring_suspended=False)
2025-11-25 20:18:53 | INFO | MONITOR_SLEEP | Sleeping for 20s (base=20s, consecutive_errors=0, monitoring_suspended=False)
2025-11-25 20:19:13 | INFO | MONITOR | Paper trades checked (next in 60s)
2025-11-25 20:19:13 | INFO | MONITOR_SLEEP | Sleeping for 20s (base=20s, consecutive_errors=0, monitoring_suspended=False)
2025-11-25 20:19:33 | INFO | MONITOR_SLEEP | Sleeping for 20s (base=20s, consecutive_errors=0, monitoring_suspended=False)
2025-11-25 20:19:53 | INFO | MONITOR_SLEEP | Sleeping for 20s (base=20s, consecutive_errors=0, monitoring_suspended=False)
2025-11-25 20:20:13 | INFO | MONITOR | Paper trades checked (next in 60s)
2025-11-25 20:20:13 | INFO | MONITOR_SLEEP | Sleeping for 20s (base=20s, consecutive_errors=0, monitoring_suspended=False)
2025-11-25 20:20:33 | INFO | MONITOR_SLEEP | Sleeping for 20s (base=20s, consecutive_errors=0, monitoring_suspended=False)
2025-11-25 20:20:53 | INFO | MONITOR_SLEEP | Sleeping for 20s (base=20s, consecutive_errors=0, monitoring_suspended=False)
2025-11-25 20:21:13 | INFO | MONITOR | Paper trades checked (next in 60s)
2025-11-25 20:21:13 | INFO | MONITOR_SLEEP | Sleeping for 20s (base=20s, consecutive_errors=0, monitoring_suspended=False)
2025-11-25 20:21:33 | INFO | MONITOR_SLEEP | Sleeping for 20s (base=20s, consecutive_errors=0, monitoring_suspended=False)
2025-11-25 20:21:53 | INFO | MONITOR_SLEEP | Sleeping for 20s (base=20s, consecutive_errors=0, monitoring_suspended=False)
2025-11-25 20:22:13 | INFO | MONITOR | Paper trades checked (next in 60s)
2025-11-25 20:22:13 | INFO | MONITOR_SLEEP | Sleeping for 20s (base=20s, consecutive_errors=0, monitoring_suspended=False)
2025-11-25 20:22:33 | INFO | MONITOR_SLEEP | Sleeping for 20s (base=20s, consecutive_errors=0, monitoring_suspended=False)
2025-11-25 20:22:53 | INFO | MONITOR_SLEEP | Sleeping for 20s (base=20s, consecutive_errors=0, monitoring_suspended=False)
2025-11-25 20:23:13 | INFO | MONITOR | Paper trades checked (next in 60s)
2025-11-25 20:23:13 | INFO | MONITOR_SLEEP | Sleeping for 20s (base=20s, consecutive_errors=0, monitoring_suspended=False)
2025-11-25 20:23:33 | INFO | MONITOR_SLEEP | Sleeping for 20s (base=20s, consecutive_errors=0, monitoring_suspended=False)
2025-11-25 20:23:53 | INFO | MONITOR_SLEEP | Sleeping for 20s (base=20s, consecutive_errors=0, monitoring_suspended=False)
2025-11-25 20:24:13 | INFO | MONITOR | Paper trades checked (next in 60s)
2025-11-25 20:24:13 | INFO | MONITOR_SLEEP | Sleeping for 20s (base=20s, consecutive_errors=0, monitoring_suspended=False)
2025-11-25 20:24:33 | INFO | MONITOR_SLEEP | Sleeping for 20s (base=20s, consecutive_errors=0, monitoring_suspended=False)
2025-11-25 20:24:53 | INFO | MONITOR_SLEEP | Sleeping for 20s (base=20s, consecutive_errors=0, monitoring_suspended=False)
2025-11-25 20:25:13 | INFO | MONITOR | Paper trades checked (next in 60s)
2025-11-25 20:25:13 | INFO | MONITOR_SLEEP | Sleeping for 20s (base=20s, consecutive_errors=0, monitoring_suspended=False)
2025-11-25 20:25:33 | INFO | MONITOR_SLEEP | Sleeping for 20s (base=20s, consecutive_errors=0, monitoring_suspended=False)
2025-11-25 20:25:53 | INFO | MONITOR_SLEEP | Sleeping for 20s (base=20s, consecutive_errors=0, monitoring_suspended=False)
2025-11-25 20:26:13 | INFO | MONITOR | Paper trades checked (next in 60s)
2025-11-25 20:26:13 | INFO | MONITOR_SLEEP | Sleeping for 20s (base=20s, consecutive_errors=0, monitoring_suspended=False)
2025-11-25 20:26:33 | INFO | MONITOR_SLEEP | Sleeping for 20s (base=20s, consecutive_errors=0, monitoring_suspended=False)
2025-11-25 20:26:53 | INFO | MONITOR_SLEEP | Sleeping for 20s (base=20s, consecutive_errors=0, monitoring_suspended=False)
2025-11-25 20:27:13 | INFO | MONITOR | Paper trades checked (next in 60s)
2025-11-25 20:27:13 | INFO | MONITOR_SLEEP | Sleeping for 20s (base=20s, consecutive_errors=0, monitoring_suspended=False)
2025-11-25 20:27:33 | INFO | MONITOR_SLEEP | Sleeping for 20s (base=20s, consecutive_errors=0, monitoring_suspended=False)
2025-11-25 20:27:53 | INFO | MONITOR_SLEEP | Sleeping for 20s (base=20s, consecutive_errors=0, monitoring_suspended=False)
2025-11-25 20:28:13 | INFO | MONITOR | Paper trades checked (next in 60s)
2025-11-25 20:28:13 | INFO | MONITOR_SLEEP | Sleeping for 20s (base=20s, consecutive_errors=0, monitoring_suspended=False)
2025-11-25 20:28:33 | INFO | MONITOR_SLEEP | Sleeping for 20s (base=20s, consecutive_errors=0, monitoring_suspended=False)
2025-11-25 20:28:53 | INFO | MONITOR_SLEEP | Sleeping for 20s (base=20s, consecutive_errors=0, monitoring_suspended=False)
2025-11-25 20:29:13 | INFO | MONITOR | Paper trades checked (next in 60s)
2025-11-25 20:29:13 | INFO | MONITOR_SLEEP | Sleeping for 20s (base=20s, consecutive_errors=0, monitoring_suspended=False)
2025-11-25 20:29:33 | INFO | MONITOR_SLEEP | Sleeping for 20s (base=20s, consecutive_errors=0, monitoring_suspended=False)
2025-11-25 20:29:53 | INFO | MONITOR_SLEEP | Sleeping for 20s (base=20s, consecutive_errors=0, monitoring_suspended=False)
2025-11-25 20:30:13 | INFO | MONITOR | Paper trades checked (next in 60s)
2025-11-25 20:30:13 | INFO | MONITOR_SLEEP | Sleeping for 20s (base=20s, consecutive_errors=0, monitoring_suspended=False)
2025-11-25 20:30:33 | INFO | MONITOR_SLEEP | Sleeping for 20s (base=20s, consecutive_errors=0, monitoring_suspended=False)
2025-11-25 20:30:53 | INFO | MONITOR_SLEEP | Sleeping for 20s (base=20s, consecutive_errors=0, monitoring_suspended=False)
2025-11-25 20:31:13 | INFO | MONITOR | Paper trades checked (next in 60s)
2025-11-25 20:31:13 | INFO | MONITOR_SLEEP | Sleeping for 20s (base=20s, consecutive_errors=0, monitoring_suspended=False)
2025-11-25 20:31:33 | INFO | MONITOR_SLEEP | Sleeping for 20s (base=20s, consecutive_errors=0, monitoring_suspended=False)
2025-11-25 20:31:53 | INFO | MONITOR_SLEEP | Sleeping for 20s (base=20s, consecutive_errors=0, monitoring_suspended=False)
2025-11-25 20:32:13 | INFO | MONITOR | Paper trades checked (next in 60s)
2025-11-25 20:32:13 | INFO | MONITOR_SLEEP | Sleeping for 20s (base=20s, consecutive_errors=0, monitoring_suspended=False)
2025-11-25 20:32:33 | INFO | MONITOR_SLEEP | Sleeping for 20s (base=20s, consecutive_errors=0, monitoring_suspended=False)
2025-11-25 20:32:53 | INFO | MONITOR_SLEEP | Sleeping for 20s (base=20s, consecutive_errors=0, monitoring_suspended=False)
2025-11-25 20:33:13 | INFO | MONITOR | Paper trades checked (next in 60s)
2025-11-25 20:33:13 | INFO | MONITOR_SLEEP | Sleeping for 20s (base=20s, consecutive_errors=0, monitoring_suspended=False)
2025-11-25 20:33:33 | INFO | MONITOR_SLEEP | Sleeping for 20s (base=20s, consecutive_errors=0, monitoring_suspended=False)
2025-11-25 20:33:53 | INFO | MONITOR_SLEEP | Sleeping for 20s (base=20s, consecutive_errors=0, monitoring_suspended=False)
2025-11-25 20:34:13 | INFO | MONITOR | Paper trades checked (next in 60s)
2025-11-25 20:34:13 | INFO | MONITOR_SLEEP | Sleeping for 20s (base=20s, consecutive_errors=0, monitoring_suspended=False)
2025-11-25 20:34:33 | INFO | MONITOR_SLEEP | Sleeping for 20s (base=20s, consecutive_errors=0, monitoring_suspended=False)
2025-11-25 20:34:53 | INFO | MONITOR_SLEEP | Sleeping for 20s (base=20s, consecutive_errors=0, monitoring_suspended=False)
2025-11-25 20:35:13 | INFO | MONITOR | Paper trades checked (next in 60s)
2025-11-25 20:35:13 | INFO | MONITOR_SLEEP | Sleeping for 20s (base=20s, consecutive_errors=0, monitoring_suspended=False)
2025-11-25 20:35:33 | INFO | MONITOR_SLEEP | Sleeping for 20s (base=20s, consecutive_errors=0, monitoring_suspended=False)
2025-11-25 20:35:53 | INFO | MONITOR_SLEEP | Sleeping for 20s (base=20s, consecutive_errors=0, monitoring_suspended=False)
2025-11-25 20:36:13 | INFO | MONITOR | Paper trades checked (next in 60s)
2025-11-25 20:36:13 | INFO | MONITOR_SLEEP | Sleeping for 20s (base=20s, consecutive_errors=0, monitoring_suspended=False)
2025-11-25 20:36:33 | INFO | MONITOR_SLEEP | Sleeping for 20s (base=20s, consecutive_errors=0, monitoring_suspended=False)
2025-11-25 20:36:40 | INFO | STARTUP | Logging initialized | log_dir=/root/santhosh/trading/equity/logs/2025-11-25
2025-11-25 20:36:53 | INFO | MONITOR_SLEEP | Sleeping for 20s (base=20s, consecutive_errors=0, monitoring_suspended=False)
2025-11-25 20:37:13 | INFO | MONITOR | Paper trades checked (next in 60s)
2025-11-25 20:37:13 | INFO | MONITOR_SLEEP | Sleeping for 20s (base=20s, consecutive_errors=0, monitoring_suspended=False)
2025-11-25 20:37:33 | INFO | MONITOR_SLEEP | Sleeping for 20s (base=20s, consecutive_errors=0, monitoring_suspended=False)
2025-11-25 20:37:44 | INFO | STARTUP | Logging initialized | log_dir=/root/santhosh/trading/equity/logs/2025-11-25
2025-11-25 20:37:53 | INFO | MONITOR_SLEEP | Sleeping for 20s (base=20s, consecutive_errors=0, monitoring_suspended=False)
2025-11-25 20:38:02 | INFO | STARTUP | Logging initialized | log_dir=/root/santhosh/trading/equity/logs/2025-11-25
2025-11-25 20:38:13 | INFO | MONITOR | Paper trades checked (next in 60s)
2025-11-25 20:38:13 | INFO | MONITOR_SLEEP | Sleeping for 20s (base=20s, consecutive_errors=0, monitoring_suspended=False)
2025-11-25 20:38:33 | INFO | MONITOR_SLEEP | Sleeping for 20s (base=20s, consecutive_errors=0, monitoring_suspended=False)
2025-11-25 20:38:53 | INFO | MONITOR_SLEEP | Sleeping for 20s (base=20s, consecutive_errors=0, monitoring_suspended=False)
2025-11-25 20:39:13 | INFO | MONITOR | Paper trades checked (next in 60s)
2025-11-25 20:39:13 | INFO | MONITOR_SLEEP | Sleeping for 20s (base=20s, consecutive_errors=0, monitoring_suspended=False)
2025-11-25 20:39:33 | INFO | MONITOR_SLEEP | Sleeping for 20s (base=20s, consecutive_errors=0, monitoring_suspended=False)
2025-11-25 20:39:53 | INFO | MONITOR_SLEEP | Sleeping for 20s (base=20s, consecutive_errors=0, monitoring_suspended=False)
2025-11-25 20:40:13 | INFO | MONITOR | Paper trades checked (next in 60s)
2025-11-25 20:40:13 | INFO | MONITOR_SLEEP | Sleeping for 20s (base=20s, consecutive_errors=0, monitoring_suspended=False)
2025-11-25 20:40:33 | INFO | MONITOR_SLEEP | Sleeping for 20s (base=20s, consecutive_errors=0, monitoring_suspended=False)
2025-11-25 20:40:53 | INFO | MONITOR_SLEEP | Sleeping for 20s (base=20s, consecutive_errors=0, monitoring_suspended=False)
2025-11-25 20:41:13 | INFO | MONITOR | Paper trades checked (next in 60s)
2025-11-25 20:41:13 | INFO | MONITOR_SLEEP | Sleeping for 20s (base=20s, consecutive_errors=0, monitoring_suspended=False)
2025-11-25 20:41:33 | INFO | MONITOR_SLEEP | Sleeping for 20s (base=20s, consecutive_errors=0, monitoring_suspended=False)
2025-11-25 20:41:53 | INFO | MONITOR_SLEEP | Sleeping for 20s (base=20s, consecutive_errors=0, monitoring_suspended=False)
2025-11-25 20:42:13 | INFO | MONITOR | Paper trades checked (next in 60s)
2025-11-25 20:42:13 | INFO | MONITOR_SLEEP | Sleeping for 20s (base=20s, consecutive_errors=0, monitoring_suspended=False)
2025-11-25 20:42:33 | INFO | MONITOR_SLEEP | Sleeping for 20s (base=20s, consecutive_errors=0, monitoring_suspended=False)
2025-11-25 20:42:53 | INFO | MONITOR_SLEEP | Sleeping for 20s (base=20s, consecutive_errors=0, monitoring_suspended=False)
2025-11-25 20:43:13 | INFO | MONITOR | Paper trades checked (next in 60s)
2025-11-25 20:43:13 | INFO | MONITOR_SLEEP | Sleeping for 20s (base=20s, consecutive_errors=0, monitoring_suspended=False)
2025-11-25 20:43:33 | INFO | MONITOR_SLEEP | Sleeping for 20s (base=20s, consecutive_errors=0, monitoring_suspended=False)
2025-11-25 20:43:53 | INFO | MONITOR_SLEEP | Sleeping for 20s (base=20s, consecutive_errors=0, monitoring_suspended=False)
2025-11-25 20:44:13 | INFO | MONITOR | Paper trades checked (next in 60s)
2025-11-25 20:44:13 | INFO | MONITOR_SLEEP | Sleeping for 20s (base=20s, consecutive_errors=0, monitoring_suspended=False)
2025-11-25 20:44:33 | INFO | MONITOR_SLEEP | Sleeping for 20s (base=20s, consecutive_errors=0, monitoring_suspended=False)
2025-11-25 20:44:53 | INFO | MONITOR_SLEEP | Sleeping for 20s (base=20s, consecutive_errors=0, monitoring_suspended=False)
2025-11-25 20:45:13 | INFO | MONITOR | Paper trades checked (next in 60s)
2025-11-25 20:45:13 | INFO | MONITOR_SLEEP | Sleeping for 20s (base=20s, consecutive_errors=0, monitoring_suspended=False)
2025-11-25 20:45:33 | INFO | MONITOR_SLEEP | Sleeping for 20s (base=20s, consecutive_errors=0, monitoring_suspended=False)
2025-11-25 20:45:53 | INFO | MONITOR_SLEEP | Sleeping for 20s (base=20s, consecutive_errors=0, monitoring_suspended=False)
2025-11-25 20:46:13 | INFO | MONITOR | Paper trades checked (next in 60s)
2025-11-25 20:46:13 | INFO | MONITOR_SLEEP | Sleeping for 20s (base=20s, consecutive_errors=0, monitoring_suspended=False)
2025-11-25 20:46:33 | INFO | MONITOR_SLEEP | Sleeping for 20s (base=20s, consecutive_errors=0, monitoring_suspended=False)
2025-11-25 20:46:53 | INFO | MONITOR_SLEEP | Sleeping for 20s (base=20s, consecutive_errors=0, monitoring_suspended=False)
2025-11-25 20:47:13 | INFO | MONITOR | Paper trades checked (next in 60s)
2025-11-25 20:47:13 | INFO | MONITOR_SLEEP | Sleeping for 20s (base=20s, consecutive_errors=0, monitoring_suspended=False)
2025-11-25 20:47:33 | INFO | MONITOR_SLEEP | Sleeping for 20s (base=20s, consecutive_errors=0, monitoring_suspended=False)
2025-11-25 20:47:53 | INFO | MONITOR_SLEEP | Sleeping for 20s (base=20s, consecutive_errors=0, monitoring_suspended=False)
2025-11-25 20:48:13 | INFO | MONITOR | Paper trades checked (next in 60s)
2025-11-25 20:48:13 | INFO | MONITOR_SLEEP | Sleeping for 20s (base=20s, consecutive_errors=0, monitoring_suspended=False)
2025-11-25 20:48:33 | INFO | MONITOR_SLEEP | Sleeping for 20s (base=20s, consecutive_errors=0, monitoring_suspended=False)
2025-11-25 20:48:49 | INFO | STARTUP | Logging initialized | log_dir=/root/santhosh/trading/equity/logs/2025-11-25
2025-11-25 20:48:49 | INFO | FEEDBACK_INIT | PerformanceFeedback initialized for adaptive trading
2025-11-25 20:48:49 | INFO | FEEDBACK_INIT | PerformanceFeedback initialized for adaptive trading
2025-11-25 20:48:53 | INFO | MONITOR_SLEEP | Sleeping for 20s (base=20s, consecutive_errors=0, monitoring_suspended=False)
2025-11-25 20:49:13 | INFO | MONITOR | Paper trades checked (next in 60s)
2025-11-25 20:49:13 | INFO | MONITOR_SLEEP | Sleeping for 20s (base=20s, consecutive_errors=0, monitoring_suspended=False)
2025-11-25 20:49:33 | INFO | MONITOR_SLEEP | Sleeping for 20s (base=20s, consecutive_errors=0, monitoring_suspended=False)
2025-11-25 20:49:53 | INFO | MONITOR_SLEEP | Sleeping for 20s (base=20s, consecutive_errors=0, monitoring_suspended=False)
2025-11-25 20:50:13 | INFO | MONITOR | Paper trades checked (next in 60s)
2025-11-25 20:50:13 | INFO | MONITOR_SLEEP | Sleeping for 20s (base=20s, consecutive_errors=0, monitoring_suspended=False)
2025-11-25 20:50:33 | INFO | MONITOR_SLEEP | Sleeping for 20s (base=20s, consecutive_errors=0, monitoring_suspended=False)
2025-11-25 20:50:54 | INFO | MONITOR_SLEEP | Sleeping for 20s (base=20s, consecutive_errors=0, monitoring_suspended=False)
2025-11-25 20:51:14 | INFO | MONITOR | Paper trades checked (next in 60s)
2025-11-25 20:51:14 | INFO | MONITOR_SLEEP | Sleeping for 20s (base=20s, consecutive_errors=0, monitoring_suspended=False)
2025-11-25 20:51:34 | INFO | MONITOR_SLEEP | Sleeping for 20s (base=20s, consecutive_errors=0, monitoring_suspended=False)
2025-11-25 20:51:54 | INFO | MONITOR_SLEEP | Sleeping for 20s (base=20s, consecutive_errors=0, monitoring_suspended=False)
2025-11-25 20:52:14 | INFO | MONITOR | Paper trades checked (next in 60s)
2025-11-25 20:52:14 | INFO | MONITOR_SLEEP | Sleeping for 20s (base=20s, consecutive_errors=0, monitoring_suspended=False)
2025-11-25 20:52:34 | INFO | MONITOR_SLEEP | Sleeping for 20s (base=20s, consecutive_errors=0, monitoring_suspended=False)
2025-11-25 20:52:54 | INFO | MONITOR_SLEEP | Sleeping for 20s (base=20s, consecutive_errors=0, monitoring_suspended=False)
2025-11-25 20:53:14 | INFO | MONITOR | Paper trades checked (next in 60s)
2025-11-25 20:53:14 | INFO | MONITOR_SLEEP | Sleeping for 20s (base=20s, consecutive_errors=0, monitoring_suspended=False)
2025-11-25 20:53:34 | INFO | MONITOR_SLEEP | Sleeping for 20s (base=20s, consecutive_errors=0, monitoring_suspended=False)
2025-11-25 20:53:54 | INFO | MONITOR_SLEEP | Sleeping for 20s (base=20s, consecutive_errors=0, monitoring_suspended=False)
2025-11-25 20:54:14 | INFO | MONITOR | Paper trades checked (next in 60s)
2025-11-25 20:54:14 | INFO | MONITOR_SLEEP | Sleeping for 20s (base=20s, consecutive_errors=0, monitoring_suspended=False)
2025-11-25 20:54:34 | INFO | MONITOR_SLEEP | Sleeping for 20s (base=20s, consecutive_errors=0, monitoring_suspended=False)
2025-11-25 20:54:54 | INFO | MONITOR_SLEEP | Sleeping for 20s (base=20s, consecutive_errors=0, monitoring_suspended=False)
2025-11-25 20:55:14 | INFO | MONITOR | Paper trades checked (next in 60s)
2025-11-25 20:55:14 | INFO | MONITOR_SLEEP | Sleeping for 20s (base=20s, consecutive_errors=0, monitoring_suspended=False)
2025-11-25 20:55:34 | INFO | MONITOR_SLEEP | Sleeping for 20s (base=20s, consecutive_errors=0, monitoring_suspended=False)
2025-11-25 20:55:54 | INFO | MONITOR_SLEEP | Sleeping for 20s (base=20s, consecutive_errors=0, monitoring_suspended=False)
2025-11-25 20:56:14 | INFO | MONITOR | Paper trades checked (next in 60s)
2025-11-25 20:56:14 | INFO | MONITOR_SLEEP | Sleeping for 20s (base=20s, consecutive_errors=0, monitoring_suspended=False)
2025-11-25 20:56:34 | INFO | MONITOR_SLEEP | Sleeping for 20s (base=20s, consecutive_errors=0, monitoring_suspended=False)
2025-11-25 20:56:54 | INFO | MONITOR_SLEEP | Sleeping for 20s (base=20s, consecutive_errors=0, monitoring_suspended=False)
2025-11-25 20:57:14 | INFO | MONITOR | Paper trades checked (next in 60s)
2025-11-25 20:57:14 | INFO | MONITOR_SLEEP | Sleeping for 20s (base=20s, consecutive_errors=0, monitoring_suspended=False)
2025-11-25 20:57:34 | INFO | MONITOR_SLEEP | Sleeping for 20s (base=20s, consecutive_errors=0, monitoring_suspended=False)
2025-11-25 20:57:54 | INFO | MONITOR_SLEEP | Sleeping for 20s (base=20s, consecutive_errors=0, monitoring_suspended=False)
2025-11-25 20:58:14 | INFO | MONITOR | Paper trades checked (next in 60s)
2025-11-25 20:58:14 | INFO | MONITOR_SLEEP | Sleeping for 20s (base=20s, consecutive_errors=0, monitoring_suspended=False)
2025-11-25 20:58:34 | INFO | MONITOR_SLEEP | Sleeping for 20s (base=20s, consecutive_errors=0, monitoring_suspended=False)
2025-11-25 20:58:54 | INFO | MONITOR_SLEEP | Sleeping for 20s (base=20s, consecutive_errors=0, monitoring_suspended=False)
2025-11-25 20:59:14 | INFO | MONITOR | Paper trades checked (next in 60s)
2025-11-25 20:59:14 | INFO | MONITOR_SLEEP | Sleeping for 20s (base=20s, consecutive_errors=0, monitoring_suspended=False)
2025-11-25 20:59:34 | INFO | MONITOR_SLEEP | Sleeping for 20s (base=20s, consecutive_errors=0, monitoring_suspended=False)
2025-11-25 20:59:54 | INFO | MONITOR_SLEEP | Sleeping for 20s (base=20s, consecutive_errors=0, monitoring_suspended=False)
2025-11-25 21:00:14 | INFO | MONITOR | Paper trades checked (next in 60s)
2025-11-25 21:00:14 | INFO | MONITOR_SLEEP | Sleeping for 20s (base=20s, consecutive_errors=0, monitoring_suspended=False)
2025-11-25 21:00:34 | INFO | MONITOR_SLEEP | Sleeping for 20s (base=20s, consecutive_errors=0, monitoring_suspended=False)
2025-11-25 21:00:54 | INFO | MONITOR_SLEEP | Sleeping for 20s (base=20s, consecutive_errors=0, monitoring_suspended=False)
2025-11-25 21:01:14 | INFO | MONITOR | Paper trades checked (next in 60s)
2025-11-25 21:01:14 | INFO | MONITOR_SLEEP | Sleeping for 20s (base=20s, consecutive_errors=0, monitoring_suspended=False)
2025-11-25 21:01:34 | INFO | MONITOR_SLEEP | Sleeping for 20s (base=20s, consecutive_errors=0, monitoring_suspended=False)
2025-11-25 21:01:54 | INFO | MONITOR_SLEEP | Sleeping for 20s (base=20s, consecutive_errors=0, monitoring_suspended=False)
2025-11-25 21:02:14 | INFO | MONITOR | Paper trades checked (next in 60s)
2025-11-25 21:02:14 | INFO | MONITOR_SLEEP | Sleeping for 20s (base=20s, consecutive_errors=0, monitoring_suspended=False)
2025-11-25 21:02:34 | INFO | MONITOR_SLEEP | Sleeping for 20s (base=20s, consecutive_errors=0, monitoring_suspended=False)
2025-11-25 21:02:54 | INFO | MONITOR_SLEEP | Sleeping for 20s (base=20s, consecutive_errors=0, monitoring_suspended=False)
2025-11-25 21:03:14 | INFO | MONITOR | Paper trades checked (next in 60s)
2025-11-25 21:03:14 | INFO | MONITOR_SLEEP | Sleeping for 20s (base=20s, consecutive_errors=0, monitoring_suspended=False)
2025-11-25 21:03:34 | INFO | MONITOR_SLEEP | Sleeping for 20s (base=20s, consecutive_errors=0, monitoring_suspended=False)
2025-11-25 21:03:54 | INFO | MONITOR_SLEEP | Sleeping for 20s (base=20s, consecutive_errors=0, monitoring_suspended=False)
2025-11-25 21:04:14 | INFO | MONITOR | Paper trades checked (next in 60s)
2025-11-25 21:04:14 | INFO | MONITOR_SLEEP | Sleeping for 20s (base=20s, consecutive_errors=0, monitoring_suspended=False)
2025-11-25 21:04:34 | INFO | MONITOR_SLEEP | Sleeping for 20s (base=20s, consecutive_errors=0, monitoring_suspended=False)
2025-11-25 21:04:54 | INFO | MONITOR_SLEEP | Sleeping for 20s (base=20s, consecutive_errors=0, monitoring_suspended=False)
2025-11-25 21:05:14 | INFO | MONITOR | Paper trades checked (next in 60s)
2025-11-25 21:05:14 | INFO | MONITOR_SLEEP | Sleeping for 20s (base=20s, consecutive_errors=0, monitoring_suspended=False)
2025-11-25 21:05:34 | INFO | MONITOR_SLEEP | Sleeping for 20s (base=20s, consecutive_errors=0, monitoring_suspended=False)
2025-11-25 21:05:54 | INFO | MONITOR_SLEEP | Sleeping for 20s (base=20s, consecutive_errors=0, monitoring_suspended=False)
2025-11-25 21:06:14 | INFO | MONITOR | Paper trades checked (next in 60s)
2025-11-25 21:06:14 | INFO | MONITOR_SLEEP | Sleeping for 20s (base=20s, consecutive_errors=0, monitoring_suspended=False)
2025-11-25 21:06:34 | INFO | MONITOR_SLEEP | Sleeping for 20s (base=20s, consecutive_errors=0, monitoring_suspended=False)
2025-11-25 21:06:54 | INFO | MONITOR_SLEEP | Sleeping for 20s (base=20s, consecutive_errors=0, monitoring_suspended=False)
2025-11-25 21:07:14 | INFO | MONITOR | Paper trades checked (next in 60s)
2025-11-25 21:07:14 | INFO | MONITOR_SLEEP | Sleeping for 20s (base=20s, consecutive_errors=0, monitoring_suspended=False)
2025-11-25 21:07:34 | INFO | MONITOR_SLEEP | Sleeping for 20s (base=20s, consecutive_errors=0, monitoring_suspended=False)
2025-11-25 21:07:54 | INFO | MONITOR_SLEEP | Sleeping for 20s (base=20s, consecutive_errors=0, monitoring_suspended=False)
2025-11-25 21:08:14 | INFO | MONITOR | Paper trades checked (next in 60s)
2025-11-25 21:08:14 | INFO | MONITOR_SLEEP | Sleeping for 20s (base=20s, consecutive_errors=0, monitoring_suspended=False)
2025-11-25 21:08:34 | INFO | MONITOR_SLEEP | Sleeping for 20s (base=20s, consecutive_errors=0, monitoring_suspended=False)
2025-11-25 21:08:54 | INFO | MONITOR_SLEEP | Sleeping for 20s (base=20s, consecutive_errors=0, monitoring_suspended=False)
2025-11-25 21:09:14 | INFO | MONITOR | Paper trades checked (next in 60s)
2025-11-25 21:09:14 | INFO | MONITOR_SLEEP | Sleeping for 20s (base=20s, consecutive_errors=0, monitoring_suspended=False)
2025-11-25 21:09:34 | INFO | MONITOR_SLEEP | Sleeping for 20s (base=20s, consecutive_errors=0, monitoring_suspended=False)
2025-11-25 21:09:54 | INFO | MONITOR_SLEEP | Sleeping for 20s (base=20s, consecutive_errors=0, monitoring_suspended=False)
2025-11-25 21:10:14 | INFO | MONITOR | Paper trades checked (next in 60s)
2025-11-25 21:10:14 | INFO | MONITOR_SLEEP | Sleeping for 20s (base=20s, consecutive_errors=0, monitoring_suspended=False)
2025-11-25 21:10:34 | INFO | MONITOR_SLEEP | Sleeping for 20s (base=20s, consecutive_errors=0, monitoring_suspended=False)
2025-11-25 21:10:54 | INFO | MONITOR_SLEEP | Sleeping for 20s (base=20s, consecutive_errors=0, monitoring_suspended=False)
2025-11-25 21:11:14 | INFO | MONITOR | Paper trades checked (next in 60s)
2025-11-25 21:11:14 | INFO | MONITOR_SLEEP | Sleeping for 20s (base=20s, consecutive_errors=0, monitoring_suspended=False)
2025-11-25 21:11:34 | INFO | MONITOR_SLEEP | Sleeping for 20s (base=20s, consecutive_errors=0, monitoring_suspended=False)
2025-11-25 21:11:54 | INFO | MONITOR_SLEEP | Sleeping for 20s (base=20s, consecutive_errors=0, monitoring_suspended=False)
2025-11-25 21:12:14 | INFO | MONITOR | Paper trades checked (next in 60s)
2025-11-25 21:12:14 | INFO | MONITOR_SLEEP | Sleeping for 20s (base=20s, consecutive_errors=0, monitoring_suspended=False)
2025-11-25 21:12:34 | INFO | MONITOR_SLEEP | Sleeping for 20s (base=20s, consecutive_errors=0, monitoring_suspended=False)
2025-11-25 21:12:54 | INFO | MONITOR_SLEEP | Sleeping for 20s (base=20s, consecutive_errors=0, monitoring_suspended=False)
2025-11-25 21:13:14 | INFO | MONITOR | Paper trades checked (next in 60s)
2025-11-25 21:13:14 | INFO | MONITOR_SLEEP | Sleeping for 20s (base=20s, consecutive_errors=0, monitoring_suspended=False)
2025-11-25 21:13:34 | INFO | MONITOR_SLEEP | Sleeping for 20s (base=20s, consecutive_errors=0, monitoring_suspended=False)
2025-11-25 21:13:54 | INFO | MONITOR_SLEEP | Sleeping for 20s (base=20s, consecutive_errors=0, monitoring_suspended=False)
2025-11-25 21:14:14 | INFO | MONITOR | Paper trades checked (next in 60s)
2025-11-25 21:14:14 | INFO | MONITOR_SLEEP | Sleeping for 20s (base=20s, consecutive_errors=0, monitoring_suspended=False)
2025-11-25 21:14:34 | INFO | MONITOR_SLEEP | Sleeping for 20s (base=20s, consecutive_errors=0, monitoring_suspended=False)
2025-11-25 21:14:54 | INFO | MONITOR_SLEEP | Sleeping for 20s (base=20s, consecutive_errors=0, monitoring_suspended=False)
2025-11-25 21:15:14 | INFO | MONITOR | Paper trades checked (next in 60s)
2025-11-25 21:15:14 | INFO | MONITOR_SLEEP | Sleeping for 20s (base=20s, consecutive_errors=0, monitoring_suspended=False)
2025-11-25 21:15:34 | INFO | MONITOR_SLEEP | Sleeping for 20s (base=20s, consecutive_errors=0, monitoring_suspended=False)
2025-11-25 21:15:54 | INFO | MONITOR_SLEEP | Sleeping for 20s (base=20s, consecutive_errors=0, monitoring_suspended=False)
2025-11-25 21:16:14 | INFO | MONITOR | Paper trades checked (next in 60s)
2025-11-25 21:16:14 | INFO | MONITOR_SLEEP | Sleeping for 20s (base=20s, consecutive_errors=0, monitoring_suspended=False)
2025-11-25 21:16:34 | INFO | MONITOR_SLEEP | Sleeping for 20s (base=20s, consecutive_errors=0, monitoring_suspended=False)
2025-11-25 21:16:54 | INFO | MONITOR_SLEEP | Sleeping for 20s (base=20s, consecutive_errors=0, monitoring_suspended=False)
2025-11-25 21:17:14 | INFO | MONITOR | Paper trades checked (next in 60s)
2025-11-25 21:17:14 | INFO | MONITOR_SLEEP | Sleeping for 20s (base=20s, consecutive_errors=0, monitoring_suspended=False)
2025-11-25 21:17:34 | INFO | MONITOR_SLEEP | Sleeping for 20s (base=20s, consecutive_errors=0, monitoring_suspended=False)
2025-11-25 21:17:54 | INFO | MONITOR_SLEEP | Sleeping for 20s (base=20s, consecutive_errors=0, monitoring_suspended=False)
2025-11-25 21:18:14 | INFO | MONITOR | Paper trades checked (next in 60s)
2025-11-25 21:18:14 | INFO | MONITOR_SLEEP | Sleeping for 20s (base=20s, consecutive_errors=0, monitoring_suspended=False)
2025-11-25 21:18:34 | INFO | MONITOR_SLEEP | Sleeping for 20s (base=20s, consecutive_errors=0, monitoring_suspended=False)
2025-11-25 21:18:54 | INFO | MONITOR_SLEEP | Sleeping for 20s (base=20s, consecutive_errors=0, monitoring_suspended=False)
2025-11-25 21:19:14 | INFO | MONITOR | Paper trades checked (next in 60s)
2025-11-25 21:19:14 | INFO | MONITOR_SLEEP | Sleeping for 20s (base=20s, consecutive_errors=0, monitoring_suspended=False)
2025-11-25 21:19:34 | INFO | MONITOR_SLEEP | Sleeping for 20s (base=20s, consecutive_errors=0, monitoring_suspended=False)
2025-11-25 21:19:54 | INFO | MONITOR_SLEEP | Sleeping for 20s (base=20s, consecutive_errors=0, monitoring_suspended=False)
2025-11-25 21:20:14 | INFO | MONITOR | Paper trades checked (next in 60s)
2025-11-25 21:20:14 | INFO | MONITOR_SLEEP | Sleeping for 20s (base=20s, consecutive_errors=0, monitoring_suspended=False)
2025-11-25 21:20:34 | INFO | MONITOR_SLEEP | Sleeping for 20s (base=20s, consecutive_errors=0, monitoring_suspended=False)
2025-11-25 21:20:54 | INFO | MONITOR_SLEEP | Sleeping for 20s (base=20s, consecutive_errors=0, monitoring_suspended=False)
2025-11-25 21:21:14 | INFO | MONITOR | Paper trades checked (next in 60s)
2025-11-25 21:21:14 | INFO | MONITOR_SLEEP | Sleeping for 20s (base=20s, consecutive_errors=0, monitoring_suspended=False)
2025-11-25 21:21:34 | INFO | MONITOR_SLEEP | Sleeping for 20s (base=20s, consecutive_errors=0, monitoring_suspended=False)
2025-11-25 21:21:54 | INFO | MONITOR_SLEEP | Sleeping for 20s (base=20s, consecutive_errors=0, monitoring_suspended=False)
2025-11-25 21:22:14 | INFO | MONITOR | Paper trades checked (next in 60s)
2025-11-25 21:22:14 | INFO | MONITOR_SLEEP | Sleeping for 20s (base=20s, consecutive_errors=0, monitoring_suspended=False)
2025-11-25 21:22:34 | INFO | MONITOR_SLEEP | Sleeping for 20s (base=20s, consecutive_errors=0, monitoring_suspended=False)
2025-11-25 21:22:54 | INFO | MONITOR_SLEEP | Sleeping for 20s (base=20s, consecutive_errors=0, monitoring_suspended=False)
2025-11-25 21:23:14 | INFO | MONITOR | Paper trades checked (next in 60s)
2025-11-25 21:23:14 | INFO | MONITOR_SLEEP | Sleeping for 20s (base=20s, consecutive_errors=0, monitoring_suspended=False)
2025-11-25 21:23:34 | INFO | MONITOR_SLEEP | Sleeping for 20s (base=20s, consecutive_errors=0, monitoring_suspended=False)
2025-11-25 21:23:54 | INFO | MONITOR_SLEEP | Sleeping for 20s (base=20s, consecutive_errors=0, monitoring_suspended=False)
2025-11-25 21:24:14 | INFO | MONITOR | Paper trades checked (next in 60s)
2025-11-25 21:24:14 | INFO | MONITOR_SLEEP | Sleeping for 20s (base=20s, consecutive_errors=0, monitoring_suspended=False)
2025-11-25 21:24:34 | INFO | MONITOR_SLEEP | Sleeping for 20s (base=20s, consecutive_errors=0, monitoring_suspended=False)
2025-11-25 21:24:54 | INFO | MONITOR_SLEEP | Sleeping for 20s (base=20s, consecutive_errors=0, monitoring_suspended=False)
2025-11-25 21:25:14 | INFO | MONITOR | Paper trades checked (next in 60s)
2025-11-25 21:25:14 | INFO | MONITOR_SLEEP | Sleeping for 20s (base=20s, consecutive_errors=0, monitoring_suspended=False)
2025-11-25 21:25:34 | INFO | MONITOR_SLEEP | Sleeping for 20s (base=20s, consecutive_errors=0, monitoring_suspended=False)
2025-11-25 21:25:54 | INFO | MONITOR_SLEEP | Sleeping for 20s (base=20s, consecutive_errors=0, monitoring_suspended=False)
2025-11-25 21:26:14 | INFO | MONITOR | Paper trades checked (next in 60s)
2025-11-25 21:26:14 | INFO | MONITOR_SLEEP | Sleeping for 20s (base=20s, consecutive_errors=0, monitoring_suspended=False)
2025-11-25 21:26:34 | INFO | MONITOR_SLEEP | Sleeping for 20s (base=20s, consecutive_errors=0, monitoring_suspended=False)
2025-11-25 21:26:54 | INFO | MONITOR_SLEEP | Sleeping for 20s (base=20s, consecutive_errors=0, monitoring_suspended=False)
2025-11-25 21:27:14 | INFO | MONITOR | Paper trades checked (next in 60s)
2025-11-25 21:27:14 | INFO | MONITOR_SLEEP | Sleeping for 20s (base=20s, consecutive_errors=0, monitoring_suspended=False)
2025-11-25 21:27:34 | INFO | MONITOR_SLEEP | Sleeping for 20s (base=20s, consecutive_errors=0, monitoring_suspended=False)
2025-11-25 21:27:54 | INFO | MONITOR_SLEEP | Sleeping for 20s (base=20s, consecutive_errors=0, monitoring_suspended=False)
2025-11-25 21:28:14 | INFO | MONITOR | Paper trades checked (next in 60s)
2025-11-25 21:28:14 | INFO | MONITOR_SLEEP | Sleeping for 20s (base=20s, consecutive_errors=0, monitoring_suspended=False)
2025-11-25 21:28:34 | INFO | MONITOR_SLEEP | Sleeping for 20s (base=20s, consecutive_errors=0, monitoring_suspended=False)
2025-11-25 21:28:54 | INFO | MONITOR_SLEEP | Sleeping for 20s (base=20s, consecutive_errors=0, monitoring_suspended=False)
2025-11-25 21:29:14 | INFO | MONITOR | Paper trades checked (next in 60s)
2025-11-25 21:29:14 | INFO | MONITOR_SLEEP | Sleeping for 20s (base=20s, consecutive_errors=0, monitoring_suspended=False)
2025-11-25 21:29:34 | INFO | MONITOR_SLEEP | Sleeping for 20s (base=20s, consecutive_errors=0, monitoring_suspended=False)
2025-11-25 21:29:54 | INFO | MONITOR_SLEEP | Sleeping for 20s (base=20s, consecutive_errors=0, monitoring_suspended=False)
2025-11-25 21:30:14 | INFO | MONITOR | Paper trades checked (next in 60s)
2025-11-25 21:30:14 | INFO | MONITOR_SLEEP | Sleeping for 20s (base=20s, consecutive_errors=0, monitoring_suspended=False)
2025-11-25 21:30:34 | INFO | MONITOR_SLEEP | Sleeping for 20s (base=20s, consecutive_errors=0, monitoring_suspended=False)
2025-11-25 21:30:54 | INFO | MONITOR_SLEEP | Sleeping for 20s (base=20s, consecutive_errors=0, monitoring_suspended=False)
2025-11-25 21:31:14 | INFO | MONITOR | Paper trades checked (next in 60s)
2025-11-25 21:31:14 | INFO | MONITOR_SLEEP | Sleeping for 20s (base=20s, consecutive_errors=0, monitoring_suspended=False)
2025-11-25 21:31:34 | INFO | MONITOR_SLEEP | Sleeping for 20s (base=20s, consecutive_errors=0, monitoring_suspended=False)
2025-11-25 21:31:54 | INFO | MONITOR_SLEEP | Sleeping for 20s (base=20s, consecutive_errors=0, monitoring_suspended=False)
2025-11-25 21:32:14 | INFO | MONITOR | Paper trades checked (next in 60s)
2025-11-25 21:32:14 | INFO | MONITOR_SLEEP | Sleeping for 20s (base=20s, consecutive_errors=0, monitoring_suspended=False)
2025-11-25 21:32:34 | INFO | MONITOR_SLEEP | Sleeping for 20s (base=20s, consecutive_errors=0, monitoring_suspended=False)
2025-11-25 21:32:54 | INFO | MONITOR_SLEEP | Sleeping for 20s (base=20s, consecutive_errors=0, monitoring_suspended=False)
2025-11-25 21:33:14 | INFO | MONITOR | Paper trades checked (next in 60s)
2025-11-25 21:33:14 | INFO | MONITOR_SLEEP | Sleeping for 20s (base=20s, consecutive_errors=0, monitoring_suspended=False)
2025-11-25 21:33:34 | INFO | MONITOR_SLEEP | Sleeping for 20s (base=20s, consecutive_errors=0, monitoring_suspended=False)
2025-11-25 21:33:54 | INFO | MONITOR_SLEEP | Sleeping for 20s (base=20s, consecutive_errors=0, monitoring_suspended=False)
2025-11-25 21:34:14 | INFO | MONITOR | Paper trades checked (next in 60s)
2025-11-25 21:34:14 | INFO | MONITOR_SLEEP | Sleeping for 20s (base=20s, consecutive_errors=0, monitoring_suspended=False)
2025-11-25 21:34:34 | INFO | MONITOR_SLEEP | Sleeping for 20s (base=20s, consecutive_errors=0, monitoring_suspended=False)
2025-11-25 21:34:54 | INFO | MONITOR_SLEEP | Sleeping for 20s (base=20s, consecutive_errors=0, monitoring_suspended=False)
2025-11-25 21:35:14 | INFO | MONITOR | Paper trades checked (next in 60s)
2025-11-25 21:35:14 | INFO | MONITOR_SLEEP | Sleeping for 20s (base=20s, consecutive_errors=0, monitoring_suspended=False)
2025-11-25 21:35:34 | INFO | MONITOR_SLEEP | Sleeping for 20s (base=20s, consecutive_errors=0, monitoring_suspended=False)
2025-11-25 21:35:54 | INFO | MONITOR_SLEEP | Sleeping for 20s (base=20s, consecutive_errors=0, monitoring_suspended=False)
2025-11-25 21:36:14 | INFO | MONITOR | Paper trades checked (next in 60s)
2025-11-25 21:36:14 | INFO | MONITOR_SLEEP | Sleeping for 20s (base=20s, consecutive_errors=0, monitoring_suspended=False)
2025-11-25 21:36:34 | INFO | MONITOR_SLEEP | Sleeping for 20s (base=20s, consecutive_errors=0, monitoring_suspended=False)
2025-11-25 21:36:54 | INFO | MONITOR_SLEEP | Sleeping for 20s (base=20s, consecutive_errors=0, monitoring_suspended=False)
2025-11-25 21:37:14 | INFO | MONITOR | Paper trades checked (next in 60s)
2025-11-25 21:37:14 | INFO | MONITOR_SLEEP | Sleeping for 20s (base=20s, consecutive_errors=0, monitoring_suspended=False)
2025-11-25 21:37:34 | INFO | MONITOR_SLEEP | Sleeping for 20s (base=20s, consecutive_errors=0, monitoring_suspended=False)
2025-11-25 21:37:54 | INFO | MONITOR_SLEEP | Sleeping for 20s (base=20s, consecutive_errors=0, monitoring_suspended=False)
2025-11-25 21:38:14 | INFO | MONITOR | Paper trades checked (next in 60s)
2025-11-25 21:38:14 | INFO | MONITOR_SLEEP | Sleeping for 20s (base=20s, consecutive_errors=0, monitoring_suspended=False)
2025-11-25 21:38:34 | INFO | MONITOR_SLEEP | Sleeping for 20s (base=20s, consecutive_errors=0, monitoring_suspended=False)
2025-11-25 21:38:54 | INFO | MONITOR_SLEEP | Sleeping for 20s (base=20s, consecutive_errors=0, monitoring_suspended=False)
2025-11-25 21:39:14 | INFO | MONITOR | Paper trades checked (next in 60s)
2025-11-25 21:39:14 | INFO | MONITOR_SLEEP | Sleeping for 20s (base=20s, consecutive_errors=0, monitoring_suspended=False)
2025-11-25 21:39:34 | INFO | MONITOR_SLEEP | Sleeping for 20s (base=20s, consecutive_errors=0, monitoring_suspended=False)
2025-11-25 21:39:54 | INFO | MONITOR_SLEEP | Sleeping for 20s (base=20s, consecutive_errors=0, monitoring_suspended=False)
2025-11-25 21:40:14 | INFO | MONITOR | Paper trades checked (next in 60s)
2025-11-25 21:40:14 | INFO | MONITOR_SLEEP | Sleeping for 20s (base=20s, consecutive_errors=0, monitoring_suspended=False)
2025-11-25 21:40:34 | INFO | MONITOR_SLEEP | Sleeping for 20s (base=20s, consecutive_errors=0, monitoring_suspended=False)
2025-11-25 21:40:54 | INFO | MONITOR_SLEEP | Sleeping for 20s (base=20s, consecutive_errors=0, monitoring_suspended=False)
2025-11-25 21:41:14 | INFO | MONITOR | Paper trades checked (next in 60s)
2025-11-25 21:41:14 | INFO | MONITOR_SLEEP | Sleeping for 20s (base=20s, consecutive_errors=0, monitoring_suspended=False)
2025-11-25 21:41:34 | INFO | MONITOR_SLEEP | Sleeping for 20s (base=20s, consecutive_errors=0, monitoring_suspended=False)
2025-11-25 21:41:54 | INFO | MONITOR_SLEEP | Sleeping for 20s (base=20s, consecutive_errors=0, monitoring_suspended=False)
2025-11-25 21:42:14 | INFO | MONITOR | Paper trades checked (next in 60s)
2025-11-25 21:42:14 | INFO | MONITOR_SLEEP | Sleeping for 20s (base=20s, consecutive_errors=0, monitoring_suspended=False)
2025-11-25 21:42:34 | INFO | MONITOR_SLEEP | Sleeping for 20s (base=20s, consecutive_errors=0, monitoring_suspended=False)
2025-11-25 21:42:54 | INFO | MONITOR_SLEEP | Sleeping for 20s (base=20s, consecutive_errors=0, monitoring_suspended=False)
2025-11-25 21:43:14 | INFO | MONITOR | Paper trades checked (next in 60s)
2025-11-25 21:43:14 | INFO | MONITOR_SLEEP | Sleeping for 20s (base=20s, consecutive_errors=0, monitoring_suspended=False)
2025-11-25 21:43:34 | INFO | MONITOR_SLEEP | Sleeping for 20s (base=20s, consecutive_errors=0, monitoring_suspended=False)
2025-11-25 21:43:54 | INFO | MONITOR_SLEEP | Sleeping for 20s (base=20s, consecutive_errors=0, monitoring_suspended=False)
2025-11-25 21:44:14 | INFO | MONITOR | Paper trades checked (next in 60s)
2025-11-25 21:44:14 | INFO | MONITOR_SLEEP | Sleeping for 20s (base=20s, consecutive_errors=0, monitoring_suspended=False)
2025-11-25 21:44:34 | INFO | MONITOR_SLEEP | Sleeping for 20s (base=20s, consecutive_errors=0, monitoring_suspended=False)
2025-11-25 21:44:54 | INFO | MONITOR_SLEEP | Sleeping for 20s (base=20s, consecutive_errors=0, monitoring_suspended=False)
2025-11-25 21:45:14 | INFO | MONITOR | Paper trades checked (next in 60s)
2025-11-25 21:45:14 | INFO | MONITOR_SLEEP | Sleeping for 20s (base=20s, consecutive_errors=0, monitoring_suspended=False)
2025-11-25 21:45:34 | INFO | MONITOR_SLEEP | Sleeping for 20s (base=20s, consecutive_errors=0, monitoring_suspended=False)
2025-11-25 21:45:54 | INFO | MONITOR_SLEEP | Sleeping for 20s (base=20s, consecutive_errors=0, monitoring_suspended=False)
2025-11-25 21:46:14 | INFO | MONITOR | Paper trades checked (next in 60s)
2025-11-25 21:46:14 | INFO | MONITOR_SLEEP | Sleeping for 20s (base=20s, consecutive_errors=0, monitoring_suspended=False)
2025-11-25 21:46:34 | INFO | MONITOR_SLEEP | Sleeping for 20s (base=20s, consecutive_errors=0, monitoring_suspended=False)
2025-11-25 21:46:54 | INFO | MONITOR_SLEEP | Sleeping for 20s (base=20s, consecutive_errors=0, monitoring_suspended=False)
2025-11-25 21:47:14 | INFO | MONITOR | Paper trades checked (next in 60s)
2025-11-25 21:47:14 | INFO | MONITOR_SLEEP | Sleeping for 20s (base=20s, consecutive_errors=0, monitoring_suspended=False)
2025-11-25 21:47:34 | INFO | MONITOR_SLEEP | Sleeping for 20s (base=20s, consecutive_errors=0, monitoring_suspended=False)
2025-11-25 21:47:54 | INFO | MONITOR_SLEEP | Sleeping for 20s (base=20s, consecutive_errors=0, monitoring_suspended=False)
2025-11-25 21:48:14 | INFO | MONITOR | Paper trades checked (next in 60s)
2025-11-25 21:48:14 | INFO | MONITOR_SLEEP | Sleeping for 20s (base=20s, consecutive_errors=0, monitoring_suspended=False)
2025-11-25 21:48:34 | INFO | MONITOR_SLEEP | Sleeping for 20s (base=20s, consecutive_errors=0, monitoring_suspended=False)
2025-11-25 21:48:54 | INFO | MONITOR_SLEEP | Sleeping for 20s (base=20s, consecutive_errors=0, monitoring_suspended=False)
2025-11-25 21:49:14 | INFO | MONITOR | Paper trades checked (next in 60s)
2025-11-25 21:49:14 | INFO | MONITOR_SLEEP | Sleeping for 20s (base=20s, consecutive_errors=0, monitoring_suspended=False)
2025-11-25 21:49:34 | INFO | MONITOR_SLEEP | Sleeping for 20s (base=20s, consecutive_errors=0, monitoring_suspended=False)
2025-11-25 21:49:54 | INFO | MONITOR_SLEEP | Sleeping for 20s (base=20s, consecutive_errors=0, monitoring_suspended=False)
2025-11-25 21:50:14 | INFO | MONITOR | Paper trades checked (next in 60s)
2025-11-25 21:50:14 | INFO | MONITOR_SLEEP | Sleeping for 20s (base=20s, consecutive_errors=0, monitoring_suspended=False)
2025-11-25 21:50:34 | INFO | MONITOR_SLEEP | Sleeping for 20s (base=20s, consecutive_errors=0, monitoring_suspended=False)
2025-11-25 21:50:54 | INFO | MONITOR_SLEEP | Sleeping for 20s (base=20s, consecutive_errors=0, monitoring_suspended=False)
2025-11-25 21:51:14 | INFO | MONITOR | Paper trades checked (next in 60s)
2025-11-25 21:51:14 | INFO | MONITOR_SLEEP | Sleeping for 20s (base=20s, consecutive_errors=0, monitoring_suspended=False)
2025-11-25 21:51:34 | INFO | MONITOR_SLEEP | Sleeping for 20s (base=20s, consecutive_errors=0, monitoring_suspended=False)
2025-11-25 21:51:54 | INFO | MONITOR_SLEEP | Sleeping for 20s (base=20s, consecutive_errors=0, monitoring_suspended=False)
2025-11-25 21:52:14 | INFO | MONITOR | Paper trades checked (next in 60s)
2025-11-25 21:52:14 | INFO | MONITOR_SLEEP | Sleeping for 20s (base=20s, consecutive_errors=0, monitoring_suspended=False)
2025-11-25 21:52:34 | INFO | MONITOR_SLEEP | Sleeping for 20s (base=20s, consecutive_errors=0, monitoring_suspended=False)
2025-11-25 21:52:54 | INFO | MONITOR_SLEEP | Sleeping for 20s (base=20s, consecutive_errors=0, monitoring_suspended=False)
2025-11-25 21:53:14 | INFO | MONITOR | Paper trades checked (next in 60s)
2025-11-25 21:53:14 | INFO | MONITOR_SLEEP | Sleeping for 20s (base=20s, consecutive_errors=0, monitoring_suspended=False)
2025-11-25 21:53:34 | INFO | MONITOR_SLEEP | Sleeping for 20s (base=20s, consecutive_errors=0, monitoring_suspended=False)
2025-11-25 21:53:54 | INFO | MONITOR_SLEEP | Sleeping for 20s (base=20s, consecutive_errors=0, monitoring_suspended=False)
2025-11-25 21:54:14 | INFO | MONITOR | Paper trades checked (next in 60s)
2025-11-25 21:54:14 | INFO | MONITOR_SLEEP | Sleeping for 20s (base=20s, consecutive_errors=0, monitoring_suspended=False)
2025-11-25 21:54:34 | INFO | MONITOR_SLEEP | Sleeping for 20s (base=20s, consecutive_errors=0, monitoring_suspended=False)
2025-11-25 21:54:54 | INFO | MONITOR_SLEEP | Sleeping for 20s (base=20s, consecutive_errors=0, monitoring_suspended=False)
2025-11-25 21:55:14 | INFO | MONITOR | Paper trades checked (next in 60s)
2025-11-25 21:55:14 | INFO | MONITOR_SLEEP | Sleeping for 20s (base=20s, consecutive_errors=0, monitoring_suspended=False)
2025-11-25 21:55:34 | INFO | MONITOR_SLEEP | Sleeping for 20s (base=20s, consecutive_errors=0, monitoring_suspended=False)
2025-11-25 21:55:54 | INFO | MONITOR_SLEEP | Sleeping for 20s (base=20s, consecutive_errors=0, monitoring_suspended=False)
2025-11-25 21:56:14 | INFO | MONITOR | Paper trades checked (next in 60s)
2025-11-25 21:56:14 | INFO | MONITOR_SLEEP | Sleeping for 20s (base=20s, consecutive_errors=0, monitoring_suspended=False)
2025-11-25 21:56:34 | INFO | MONITOR_SLEEP | Sleeping for 20s (base=20s, consecutive_errors=0, monitoring_suspended=False)
2025-11-25 21:56:54 | INFO | MONITOR_SLEEP | Sleeping for 20s (base=20s, consecutive_errors=0, monitoring_suspended=False)
2025-11-25 21:57:14 | INFO | MONITOR | Paper trades checked (next in 60s)
2025-11-25 21:57:14 | INFO | MONITOR_SLEEP | Sleeping for 20s (base=20s, consecutive_errors=0, monitoring_suspended=False)
2025-11-25 21:57:34 | INFO | MONITOR_SLEEP | Sleeping for 20s (base=20s, consecutive_errors=0, monitoring_suspended=False)
2025-11-25 21:57:54 | INFO | MONITOR_SLEEP | Sleeping for 20s (base=20s, consecutive_errors=0, monitoring_suspended=False)
2025-11-25 21:58:14 | INFO | MONITOR | Paper trades checked (next in 60s)
2025-11-25 21:58:14 | INFO | MONITOR_SLEEP | Sleeping for 20s (base=20s, consecutive_errors=0, monitoring_suspended=False)
2025-11-25 21:58:34 | INFO | MONITOR_SLEEP | Sleeping for 20s (base=20s, consecutive_errors=0, monitoring_suspended=False)
2025-11-25 21:58:54 | INFO | MONITOR_SLEEP | Sleeping for 20s (base=20s, consecutive_errors=0, monitoring_suspended=False)
2025-11-25 21:59:14 | INFO | MONITOR | Paper trades checked (next in 60s)
2025-11-25 21:59:14 | INFO | MONITOR_SLEEP | Sleeping for 20s (base=20s, consecutive_errors=0, monitoring_suspended=False)
2025-11-25 21:59:34 | INFO | MONITOR_SLEEP | Sleeping for 20s (base=20s, consecutive_errors=0, monitoring_suspended=False)
2025-11-25 21:59:54 | INFO | MONITOR_SLEEP | Sleeping for 20s (base=20s, consecutive_errors=0, monitoring_suspended=False)
2025-11-25 22:00:14 | INFO | MONITOR | Paper trades checked (next in 60s)
2025-11-25 22:00:14 | INFO | MONITOR_SLEEP | Sleeping for 20s (base=20s, consecutive_errors=0, monitoring_suspended=False)
2025-11-25 22:00:34 | INFO | MONITOR_SLEEP | Sleeping for 20s (base=20s, consecutive_errors=0, monitoring_suspended=False)
2025-11-25 22:00:54 | INFO | MONITOR_SLEEP | Sleeping for 20s (base=20s, consecutive_errors=0, monitoring_suspended=False)
2025-11-25 22:01:14 | INFO | MONITOR | Paper trades checked (next in 60s)
2025-11-25 22:01:14 | INFO | MONITOR_SLEEP | Sleeping for 20s (base=20s, consecutive_errors=0, monitoring_suspended=False)
2025-11-25 22:01:34 | INFO | MONITOR_SLEEP | Sleeping for 20s (base=20s, consecutive_errors=0, monitoring_suspended=False)
2025-11-25 22:01:54 | INFO | MONITOR_SLEEP | Sleeping for 20s (base=20s, consecutive_errors=0, monitoring_suspended=False)
2025-11-25 22:02:14 | INFO | MONITOR | Paper trades checked (next in 60s)
2025-11-25 22:02:14 | INFO | MONITOR_SLEEP | Sleeping for 20s (base=20s, consecutive_errors=0, monitoring_suspended=False)
2025-11-25 22:02:34 | INFO | MONITOR_SLEEP | Sleeping for 20s (base=20s, consecutive_errors=0, monitoring_suspended=False)
2025-11-25 22:02:54 | INFO | MONITOR_SLEEP | Sleeping for 20s (base=20s, consecutive_errors=0, monitoring_suspended=False)
2025-11-25 22:03:14 | INFO | MONITOR | Paper trades checked (next in 60s)
2025-11-25 22:03:14 | INFO | MONITOR_SLEEP | Sleeping for 20s (base=20s, consecutive_errors=0, monitoring_suspended=False)
2025-11-25 22:03:34 | INFO | MONITOR_SLEEP | Sleeping for 20s (base=20s, consecutive_errors=0, monitoring_suspended=False)
2025-11-25 22:03:54 | INFO | MONITOR_SLEEP | Sleeping for 20s (base=20s, consecutive_errors=0, monitoring_suspended=False)
2025-11-25 22:04:14 | INFO | MONITOR | Paper trades checked (next in 60s)
2025-11-25 22:04:14 | INFO | MONITOR_SLEEP | Sleeping for 20s (base=20s, consecutive_errors=0, monitoring_suspended=False)
2025-11-25 22:04:34 | INFO | MONITOR_SLEEP | Sleeping for 20s (base=20s, consecutive_errors=0, monitoring_suspended=False)
2025-11-25 22:04:54 | INFO | MONITOR_SLEEP | Sleeping for 20s (base=20s, consecutive_errors=0, monitoring_suspended=False)
2025-11-25 22:05:14 | INFO | MONITOR | Paper trades checked (next in 60s)
2025-11-25 22:05:14 | INFO | MONITOR_SLEEP | Sleeping for 20s (base=20s, consecutive_errors=0, monitoring_suspended=False)
2025-11-25 22:05:34 | INFO | MONITOR_SLEEP | Sleeping for 20s (base=20s, consecutive_errors=0, monitoring_suspended=False)
2025-11-25 22:05:54 | INFO | MONITOR_SLEEP | Sleeping for 20s (base=20s, consecutive_errors=0, monitoring_suspended=False)
2025-11-25 22:06:14 | INFO | MONITOR | Paper trades checked (next in 60s)
2025-11-25 22:06:14 | INFO | MONITOR_SLEEP | Sleeping for 20s (base=20s, consecutive_errors=0, monitoring_suspended=False)
2025-11-25 22:06:34 | INFO | MONITOR_SLEEP | Sleeping for 20s (base=20s, consecutive_errors=0, monitoring_suspended=False)
2025-11-25 22:06:54 | INFO | MONITOR_SLEEP | Sleeping for 20s (base=20s, consecutive_errors=0, monitoring_suspended=False)
2025-11-25 22:07:14 | INFO | MONITOR | Paper trades checked (next in 60s)
2025-11-25 22:07:14 | INFO | MONITOR_SLEEP | Sleeping for 20s (base=20s, consecutive_errors=0, monitoring_suspended=False)
2025-11-25 22:07:34 | INFO | MONITOR_SLEEP | Sleeping for 20s (base=20s, consecutive_errors=0, monitoring_suspended=False)
2025-11-25 22:07:54 | INFO | MONITOR_SLEEP | Sleeping for 20s (base=20s, consecutive_errors=0, monitoring_suspended=False)
2025-11-25 22:08:14 | INFO | MONITOR | Paper trades checked (next in 60s)
2025-11-25 22:08:14 | INFO | MONITOR_SLEEP | Sleeping for 20s (base=20s, consecutive_errors=0, monitoring_suspended=False)
2025-11-25 22:08:34 | INFO | MONITOR_SLEEP | Sleeping for 20s (base=20s, consecutive_errors=0, monitoring_suspended=False)
2025-11-25 22:08:54 | INFO | MONITOR_SLEEP | Sleeping for 20s (base=20s, consecutive_errors=0, monitoring_suspended=False)
2025-11-25 22:09:14 | INFO | MONITOR | Paper trades checked (next in 60s)
2025-11-25 22:09:14 | INFO | MONITOR_SLEEP | Sleeping for 20s (base=20s, consecutive_errors=0, monitoring_suspended=False)
2025-11-25 22:09:34 | INFO | MONITOR_SLEEP | Sleeping for 20s (base=20s, consecutive_errors=0, monitoring_suspended=False)
2025-11-25 22:09:54 | INFO | MONITOR_SLEEP | Sleeping for 20s (base=20s, consecutive_errors=0, monitoring_suspended=False)
2025-11-25 22:10:14 | INFO | MONITOR | Paper trades checked (next in 60s)
2025-11-25 22:10:14 | INFO | MONITOR_SLEEP | Sleeping for 20s (base=20s, consecutive_errors=0, monitoring_suspended=False)
2025-11-25 22:10:34 | INFO | MONITOR_SLEEP | Sleeping for 20s (base=20s, consecutive_errors=0, monitoring_suspended=False)
2025-11-25 22:10:54 | INFO | MONITOR_SLEEP | Sleeping for 20s (base=20s, consecutive_errors=0, monitoring_suspended=False)
2025-11-25 22:11:14 | INFO | MONITOR | Paper trades checked (next in 60s)
2025-11-25 22:11:14 | INFO | MONITOR_SLEEP | Sleeping for 20s (base=20s, consecutive_errors=0, monitoring_suspended=False)
2025-11-25 22:11:34 | INFO | MONITOR_SLEEP | Sleeping for 20s (base=20s, consecutive_errors=0, monitoring_suspended=False)
2025-11-25 22:11:54 | INFO | MONITOR_SLEEP | Sleeping for 20s (base=20s, consecutive_errors=0, monitoring_suspended=False)
2025-11-25 22:12:14 | INFO | MONITOR | Paper trades checked (next in 60s)
2025-11-25 22:12:14 | INFO | MONITOR_SLEEP | Sleeping for 20s (base=20s, consecutive_errors=0, monitoring_suspended=False)
2025-11-25 22:12:34 | INFO | MONITOR_SLEEP | Sleeping for 20s (base=20s, consecutive_errors=0, monitoring_suspended=False)
2025-11-25 22:12:54 | INFO | MONITOR_SLEEP | Sleeping for 20s (base=20s, consecutive_errors=0, monitoring_suspended=False)
2025-11-25 22:13:14 | INFO | MONITOR | Paper trades checked (next in 60s)
2025-11-25 22:13:14 | INFO | MONITOR_SLEEP | Sleeping for 20s (base=20s, consecutive_errors=0, monitoring_suspended=False)
2025-11-25 22:13:34 | INFO | MONITOR_SLEEP | Sleeping for 20s (base=20s, consecutive_errors=0, monitoring_suspended=False)
2025-11-25 22:13:54 | INFO | MONITOR_SLEEP | Sleeping for 20s (base=20s, consecutive_errors=0, monitoring_suspended=False)
2025-11-25 22:14:14 | INFO | MONITOR | Paper trades checked (next in 60s)
2025-11-25 22:14:14 | INFO | MONITOR_SLEEP | Sleeping for 20s (base=20s, consecutive_errors=0, monitoring_suspended=False)
2025-11-25 22:14:34 | INFO | MONITOR_SLEEP | Sleeping for 20s (base=20s, consecutive_errors=0, monitoring_suspended=False)
2025-11-25 22:14:54 | INFO | MONITOR_SLEEP | Sleeping for 20s (base=20s, consecutive_errors=0, monitoring_suspended=False)
2025-11-25 22:15:14 | INFO | MONITOR | Paper trades checked (next in 60s)
2025-11-25 22:15:14 | INFO | MONITOR_SLEEP | Sleeping for 20s (base=20s, consecutive_errors=0, monitoring_suspended=False)
2025-11-25 22:15:34 | INFO | MONITOR_SLEEP | Sleeping for 20s (base=20s, consecutive_errors=0, monitoring_suspended=False)
2025-11-25 22:15:54 | INFO | MONITOR_SLEEP | Sleeping for 20s (base=20s, consecutive_errors=0, monitoring_suspended=False)
2025-11-25 22:16:14 | INFO | MONITOR | Paper trades checked (next in 60s)
2025-11-25 22:16:14 | INFO | MONITOR_SLEEP | Sleeping for 20s (base=20s, consecutive_errors=0, monitoring_suspended=False)
2025-11-25 22:16:34 | INFO | MONITOR_SLEEP | Sleeping for 20s (base=20s, consecutive_errors=0, monitoring_suspended=False)
2025-11-25 22:16:54 | INFO | MONITOR_SLEEP | Sleeping for 20s (base=20s, consecutive_errors=0, monitoring_suspended=False)
2025-11-25 22:17:14 | INFO | MONITOR | Paper trades checked (next in 60s)
2025-11-25 22:17:14 | INFO | MONITOR_SLEEP | Sleeping for 20s (base=20s, consecutive_errors=0, monitoring_suspended=False)
2025-11-25 22:17:34 | INFO | MONITOR_SLEEP | Sleeping for 20s (base=20s, consecutive_errors=0, monitoring_suspended=False)
2025-11-25 22:17:54 | INFO | MONITOR_SLEEP | Sleeping for 20s (base=20s, consecutive_errors=0, monitoring_suspended=False)
2025-11-25 22:18:14 | INFO | MONITOR | Paper trades checked (next in 60s)
2025-11-25 22:18:14 | INFO | MONITOR_SLEEP | Sleeping for 20s (base=20s, consecutive_errors=0, monitoring_suspended=False)
2025-11-25 22:18:34 | INFO | MONITOR_SLEEP | Sleeping for 20s (base=20s, consecutive_errors=0, monitoring_suspended=False)
2025-11-25 22:18:54 | INFO | MONITOR_SLEEP | Sleeping for 20s (base=20s, consecutive_errors=0, monitoring_suspended=False)
2025-11-25 22:19:14 | INFO | MONITOR | Paper trades checked (next in 60s)
2025-11-25 22:19:14 | INFO | MONITOR_SLEEP | Sleeping for 20s (base=20s, consecutive_errors=0, monitoring_suspended=False)
2025-11-25 22:19:34 | INFO | MONITOR_SLEEP | Sleeping for 20s (base=20s, consecutive_errors=0, monitoring_suspended=False)
2025-11-25 22:19:54 | INFO | MONITOR_SLEEP | Sleeping for 20s (base=20s, consecutive_errors=0, monitoring_suspended=False)
2025-11-25 22:20:14 | INFO | MONITOR | Paper trades checked (next in 60s)
2025-11-25 22:20:14 | INFO | MONITOR_SLEEP | Sleeping for 20s (base=20s, consecutive_errors=0, monitoring_suspended=False)
2025-11-25 22:20:34 | INFO | MONITOR_SLEEP | Sleeping for 20s (base=20s, consecutive_errors=0, monitoring_suspended=False)
2025-11-25 22:20:54 | INFO | MONITOR_SLEEP | Sleeping for 20s (base=20s, consecutive_errors=0, monitoring_suspended=False)
2025-11-25 22:21:14 | INFO | MONITOR | Paper trades checked (next in 60s)
2025-11-25 22:21:14 | INFO | MONITOR_SLEEP | Sleeping for 20s (base=20s, consecutive_errors=0, monitoring_suspended=False)
2025-11-25 22:21:34 | INFO | MONITOR_SLEEP | Sleeping for 20s (base=20s, consecutive_errors=0, monitoring_suspended=False)
2025-11-25 22:21:54 | INFO | MONITOR_SLEEP | Sleeping for 20s (base=20s, consecutive_errors=0, monitoring_suspended=False)
2025-11-25 22:22:14 | INFO | MONITOR | Paper trades checked (next in 60s)
2025-11-25 22:22:14 | INFO | MONITOR_SLEEP | Sleeping for 20s (base=20s, consecutive_errors=0, monitoring_suspended=False)
2025-11-25 22:22:34 | INFO | MONITOR_SLEEP | Sleeping for 20s (base=20s, consecutive_errors=0, monitoring_suspended=False)
2025-11-25 22:22:54 | INFO | MONITOR_SLEEP | Sleeping for 20s (base=20s, consecutive_errors=0, monitoring_suspended=False)
2025-11-25 22:23:14 | INFO | MONITOR | Paper trades checked (next in 60s)
2025-11-25 22:23:14 | INFO | MONITOR_SLEEP | Sleeping for 20s (base=20s, consecutive_errors=0, monitoring_suspended=False)
2025-11-25 22:23:34 | INFO | MONITOR_SLEEP | Sleeping for 20s (base=20s, consecutive_errors=0, monitoring_suspended=False)
2025-11-25 22:23:54 | INFO | MONITOR_SLEEP | Sleeping for 20s (base=20s, consecutive_errors=0, monitoring_suspended=False)
2025-11-25 22:24:14 | INFO | MONITOR | Paper trades checked (next in 60s)
2025-11-25 22:24:14 | INFO | MONITOR_SLEEP | Sleeping for 20s (base=20s, consecutive_errors=0, monitoring_suspended=False)
2025-11-25 22:24:34 | INFO | MONITOR_SLEEP | Sleeping for 20s (base=20s, consecutive_errors=0, monitoring_suspended=False)
2025-11-25 22:24:54 | INFO | MONITOR_SLEEP | Sleeping for 20s (base=20s, consecutive_errors=0, monitoring_suspended=False)
2025-11-25 22:25:14 | INFO | MONITOR | Paper trades checked (next in 60s)
2025-11-25 22:25:14 | INFO | MONITOR_SLEEP | Sleeping for 20s (base=20s, consecutive_errors=0, monitoring_suspended=False)
2025-11-25 22:25:34 | INFO | MONITOR_SLEEP | Sleeping for 20s (base=20s, consecutive_errors=0, monitoring_suspended=False)
2025-11-25 22:25:54 | INFO | MONITOR_SLEEP | Sleeping for 20s (base=20s, consecutive_errors=0, monitoring_suspended=False)
2025-11-25 22:26:14 | INFO | MONITOR | Paper trades checked (next in 60s)
2025-11-25 22:26:14 | INFO | MONITOR_SLEEP | Sleeping for 20s (base=20s, consecutive_errors=0, monitoring_suspended=False)
2025-11-25 22:26:34 | INFO | MONITOR_SLEEP | Sleeping for 20s (base=20s, consecutive_errors=0, monitoring_suspended=False)
2025-11-25 22:26:54 | INFO | MONITOR_SLEEP | Sleeping for 20s (base=20s, consecutive_errors=0, monitoring_suspended=False)
2025-11-25 22:27:14 | INFO | MONITOR | Paper trades checked (next in 60s)
2025-11-25 22:27:14 | INFO | MONITOR_SLEEP | Sleeping for 20s (base=20s, consecutive_errors=0, monitoring_suspended=False)
2025-11-25 22:27:34 | INFO | MONITOR_SLEEP | Sleeping for 20s (base=20s, consecutive_errors=0, monitoring_suspended=False)
2025-11-25 22:27:54 | INFO | MONITOR_SLEEP | Sleeping for 20s (base=20s, consecutive_errors=0, monitoring_suspended=False)
2025-11-25 22:28:14 | INFO | MONITOR | Paper trades checked (next in 60s)
2025-11-25 22:28:14 | INFO | MONITOR_SLEEP | Sleeping for 20s (base=20s, consecutive_errors=0, monitoring_suspended=False)
2025-11-25 22:28:34 | INFO | MONITOR_SLEEP | Sleeping for 20s (base=20s, consecutive_errors=0, monitoring_suspended=False)
2025-11-25 22:28:54 | INFO | MONITOR_SLEEP | Sleeping for 20s (base=20s, consecutive_errors=0, monitoring_suspended=False)
2025-11-25 22:29:14 | INFO | MONITOR | Paper trades checked (next in 60s)
2025-11-25 22:29:14 | INFO | MONITOR_SLEEP | Sleeping for 20s (base=20s, consecutive_errors=0, monitoring_suspended=False)
2025-11-25 22:29:34 | INFO | MONITOR_SLEEP | Sleeping for 20s (base=20s, consecutive_errors=0, monitoring_suspended=False)
2025-11-25 22:29:54 | INFO | MONITOR_SLEEP | Sleeping for 20s (base=20s, consecutive_errors=0, monitoring_suspended=False)
2025-11-25 22:30:14 | INFO | MONITOR | Paper trades checked (next in 60s)
2025-11-25 22:30:14 | INFO | MONITOR_SLEEP | Sleeping for 20s (base=20s, consecutive_errors=0, monitoring_suspended=False)
2025-11-25 22:30:34 | INFO | MONITOR_SLEEP | Sleeping for 20s (base=20s, consecutive_errors=0, monitoring_suspended=False)
2025-11-25 22:30:54 | INFO | MONITOR_SLEEP | Sleeping for 20s (base=20s, consecutive_errors=0, monitoring_suspended=False)
2025-11-25 22:31:14 | INFO | MONITOR | Paper trades checked (next in 60s)
2025-11-25 22:31:14 | INFO | MONITOR_SLEEP | Sleeping for 20s (base=20s, consecutive_errors=0, monitoring_suspended=False)
2025-11-25 22:31:34 | INFO | MONITOR_SLEEP | Sleeping for 20s (base=20s, consecutive_errors=0, monitoring_suspended=False)
2025-11-25 22:31:54 | INFO | MONITOR_SLEEP | Sleeping for 20s (base=20s, consecutive_errors=0, monitoring_suspended=False)
2025-11-25 22:32:14 | INFO | MONITOR | Paper trades checked (next in 60s)
2025-11-25 22:32:14 | INFO | MONITOR_SLEEP | Sleeping for 20s (base=20s, consecutive_errors=0, monitoring_suspended=False)
2025-11-25 22:32:34 | INFO | MONITOR_SLEEP | Sleeping for 20s (base=20s, consecutive_errors=0, monitoring_suspended=False)
2025-11-25 22:32:54 | INFO | MONITOR_SLEEP | Sleeping for 20s (base=20s, consecutive_errors=0, monitoring_suspended=False)
2025-11-25 22:33:14 | INFO | MONITOR | Paper trades checked (next in 60s)
2025-11-25 22:33:14 | INFO | MONITOR_SLEEP | Sleeping for 20s (base=20s, consecutive_errors=0, monitoring_suspended=False)
2025-11-25 22:33:34 | INFO | MONITOR_SLEEP | Sleeping for 20s (base=20s, consecutive_errors=0, monitoring_suspended=False)
2025-11-25 22:33:54 | INFO | MONITOR_SLEEP | Sleeping for 20s (base=20s, consecutive_errors=0, monitoring_suspended=False)
2025-11-25 22:34:14 | INFO | MONITOR | Paper trades checked (next in 60s)
2025-11-25 22:34:14 | INFO | MONITOR_SLEEP | Sleeping for 20s (base=20s, consecutive_errors=0, monitoring_suspended=False)
2025-11-25 22:34:34 | INFO | MONITOR_SLEEP | Sleeping for 20s (base=20s, consecutive_errors=0, monitoring_suspended=False)
2025-11-25 22:34:54 | INFO | MONITOR_SLEEP | Sleeping for 20s (base=20s, consecutive_errors=0, monitoring_suspended=False)
2025-11-25 22:35:14 | INFO | MONITOR | Paper trades checked (next in 60s)
2025-11-25 22:35:14 | INFO | MONITOR_SLEEP | Sleeping for 20s (base=20s, consecutive_errors=0, monitoring_suspended=False)
2025-11-25 22:35:34 | INFO | MONITOR_SLEEP | Sleeping for 20s (base=20s, consecutive_errors=0, monitoring_suspended=False)
2025-11-25 22:35:54 | INFO | MONITOR_SLEEP | Sleeping for 20s (base=20s, consecutive_errors=0, monitoring_suspended=False)
2025-11-25 22:36:14 | INFO | MONITOR | Paper trades checked (next in 60s)
2025-11-25 22:36:14 | INFO | MONITOR_SLEEP | Sleeping for 20s (base=20s, consecutive_errors=0, monitoring_suspended=False)
2025-11-25 22:36:34 | INFO | MONITOR_SLEEP | Sleeping for 20s (base=20s, consecutive_errors=0, monitoring_suspended=False)
2025-11-25 22:36:54 | INFO | MONITOR_SLEEP | Sleeping for 20s (base=20s, consecutive_errors=0, monitoring_suspended=False)
2025-11-25 22:37:14 | INFO | MONITOR | Paper trades checked (next in 60s)
2025-11-25 22:37:14 | INFO | MONITOR_SLEEP | Sleeping for 20s (base=20s, consecutive_errors=0, monitoring_suspended=False)
2025-11-25 22:37:34 | INFO | MONITOR_SLEEP | Sleeping for 20s (base=20s, consecutive_errors=0, monitoring_suspended=False)
2025-11-25 22:37:54 | INFO | MONITOR_SLEEP | Sleeping for 20s (base=20s, consecutive_errors=0, monitoring_suspended=False)
2025-11-25 22:38:14 | INFO | MONITOR | Paper trades checked (next in 60s)
2025-11-25 22:38:14 | INFO | MONITOR_SLEEP | Sleeping for 20s (base=20s, consecutive_errors=0, monitoring_suspended=False)
2025-11-25 22:38:34 | INFO | MONITOR_SLEEP | Sleeping for 20s (base=20s, consecutive_errors=0, monitoring_suspended=False)
2025-11-25 22:38:54 | INFO | MONITOR_SLEEP | Sleeping for 20s (base=20s, consecutive_errors=0, monitoring_suspended=False)
2025-11-25 22:39:14 | INFO | MONITOR | Paper trades checked (next in 60s)
2025-11-25 22:39:14 | INFO | MONITOR_SLEEP | Sleeping for 20s (base=20s, consecutive_errors=0, monitoring_suspended=False)
2025-11-25 22:39:34 | INFO | MONITOR_SLEEP | Sleeping for 20s (base=20s, consecutive_errors=0, monitoring_suspended=False)
2025-11-25 22:39:54 | INFO | MONITOR_SLEEP | Sleeping for 20s (base=20s, consecutive_errors=0, monitoring_suspended=False)
2025-11-25 22:40:14 | INFO | MONITOR | Paper trades checked (next in 60s)
2025-11-25 22:40:14 | INFO | MONITOR_SLEEP | Sleeping for 20s (base=20s, consecutive_errors=0, monitoring_suspended=False)
2025-11-25 22:40:34 | INFO | MONITOR_SLEEP | Sleeping for 20s (base=20s, consecutive_errors=0, monitoring_suspended=False)
2025-11-25 22:40:54 | INFO | MONITOR_SLEEP | Sleeping for 20s (base=20s, consecutive_errors=0, monitoring_suspended=False)
2025-11-25 22:41:14 | INFO | MONITOR | Paper trades checked (next in 60s)
2025-11-25 22:41:14 | INFO | MONITOR_SLEEP | Sleeping for 20s (base=20s, consecutive_errors=0, monitoring_suspended=False)
2025-11-25 22:41:34 | INFO | MONITOR_SLEEP | Sleeping for 20s (base=20s, consecutive_errors=0, monitoring_suspended=False)
2025-11-25 22:41:54 | INFO | MONITOR_SLEEP | Sleeping for 20s (base=20s, consecutive_errors=0, monitoring_suspended=False)
2025-11-25 22:42:14 | INFO | MONITOR | Paper trades checked (next in 60s)
2025-11-25 22:42:14 | INFO | MONITOR_SLEEP | Sleeping for 20s (base=20s, consecutive_errors=0, monitoring_suspended=False)
2025-11-25 22:42:34 | INFO | MONITOR_SLEEP | Sleeping for 20s (base=20s, consecutive_errors=0, monitoring_suspended=False)
2025-11-25 22:42:54 | INFO | MONITOR_SLEEP | Sleeping for 20s (base=20s, consecutive_errors=0, monitoring_suspended=False)
2025-11-25 22:43:14 | INFO | MONITOR | Paper trades checked (next in 60s)
2025-11-25 22:43:14 | INFO | MONITOR_SLEEP | Sleeping for 20s (base=20s, consecutive_errors=0, monitoring_suspended=False)
2025-11-25 22:43:34 | INFO | MONITOR_SLEEP | Sleeping for 20s (base=20s, consecutive_errors=0, monitoring_suspended=False)
2025-11-25 22:43:54 | INFO | MONITOR_SLEEP | Sleeping for 20s (base=20s, consecutive_errors=0, monitoring_suspended=False)
2025-11-25 22:44:14 | INFO | MONITOR | Paper trades checked (next in 60s)
2025-11-25 22:44:14 | INFO | MONITOR_SLEEP | Sleeping for 20s (base=20s, consecutive_errors=0, monitoring_suspended=False)
2025-11-25 22:44:34 | INFO | MONITOR_SLEEP | Sleeping for 20s (base=20s, consecutive_errors=0, monitoring_suspended=False)
2025-11-25 22:44:54 | INFO | MONITOR_SLEEP | Sleeping for 20s (base=20s, consecutive_errors=0, monitoring_suspended=False)
2025-11-25 22:45:14 | INFO | MONITOR | Paper trades checked (next in 60s)
2025-11-25 22:45:14 | INFO | MONITOR_SLEEP | Sleeping for 20s (base=20s, consecutive_errors=0, monitoring_suspended=False)
2025-11-25 22:45:34 | INFO | MONITOR_SLEEP | Sleeping for 20s (base=20s, consecutive_errors=0, monitoring_suspended=False)
2025-11-25 22:45:54 | INFO | MONITOR_SLEEP | Sleeping for 20s (base=20s, consecutive_errors=0, monitoring_suspended=False)
2025-11-25 22:46:14 | INFO | MONITOR | Paper trades checked (next in 60s)
2025-11-25 22:46:14 | INFO | MONITOR_SLEEP | Sleeping for 20s (base=20s, consecutive_errors=0, monitoring_suspended=False)
2025-11-25 22:46:34 | INFO | MONITOR_SLEEP | Sleeping for 20s (base=20s, consecutive_errors=0, monitoring_suspended=False)
2025-11-25 22:46:54 | INFO | MONITOR_SLEEP | Sleeping for 20s (base=20s, consecutive_errors=0, monitoring_suspended=False)
2025-11-25 22:47:14 | INFO | MONITOR | Paper trades checked (next in 60s)
2025-11-25 22:47:14 | INFO | MONITOR_SLEEP | Sleeping for 20s (base=20s, consecutive_errors=0, monitoring_suspended=False)
2025-11-25 22:47:34 | INFO | MONITOR_SLEEP | Sleeping for 20s (base=20s, consecutive_errors=0, monitoring_suspended=False)
2025-11-25 22:47:54 | INFO | MONITOR_SLEEP | Sleeping for 20s (base=20s, consecutive_errors=0, monitoring_suspended=False)
2025-11-25 22:48:14 | INFO | MONITOR | Paper trades checked (next in 60s)
2025-11-25 22:48:14 | INFO | MONITOR_SLEEP | Sleeping for 20s (base=20s, consecutive_errors=0, monitoring_suspended=False)
2025-11-25 22:48:34 | INFO | MONITOR_SLEEP | Sleeping for 20s (base=20s, consecutive_errors=0, monitoring_suspended=False)
2025-11-25 22:48:54 | INFO | MONITOR_SLEEP | Sleeping for 20s (base=20s, consecutive_errors=0, monitoring_suspended=False)
2025-11-25 22:49:14 | INFO | MONITOR | Paper trades checked (next in 60s)
2025-11-25 22:49:14 | INFO | MONITOR_SLEEP | Sleeping for 20s (base=20s, consecutive_errors=0, monitoring_suspended=False)
2025-11-25 22:49:34 | INFO | MONITOR_SLEEP | Sleeping for 20s (base=20s, consecutive_errors=0, monitoring_suspended=False)
2025-11-25 22:49:54 | INFO | MONITOR_SLEEP | Sleeping for 20s (base=20s, consecutive_errors=0, monitoring_suspended=False)
2025-11-25 22:50:14 | INFO | MONITOR | Paper trades checked (next in 60s)
2025-11-25 22:50:14 | INFO | MONITOR_SLEEP | Sleeping for 20s (base=20s, consecutive_errors=0, monitoring_suspended=False)
2025-11-25 22:50:34 | INFO | MONITOR_SLEEP | Sleeping for 20s (base=20s, consecutive_errors=0, monitoring_suspended=False)
2025-11-25 22:50:54 | INFO | MONITOR_SLEEP | Sleeping for 20s (base=20s, consecutive_errors=0, monitoring_suspended=False)
2025-11-25 22:51:14 | INFO | MONITOR | Paper trades checked (next in 60s)
2025-11-25 22:51:14 | INFO | MONITOR_SLEEP | Sleeping for 20s (base=20s, consecutive_errors=0, monitoring_suspended=False)
2025-11-25 22:51:34 | INFO | MONITOR_SLEEP | Sleeping for 20s (base=20s, consecutive_errors=0, monitoring_suspended=False)
2025-11-25 22:51:54 | INFO | MONITOR_SLEEP | Sleeping for 20s (base=20s, consecutive_errors=0, monitoring_suspended=False)
2025-11-25 22:52:14 | INFO | MONITOR | Paper trades checked (next in 60s)
2025-11-25 22:52:14 | INFO | MONITOR_SLEEP | Sleeping for 20s (base=20s, consecutive_errors=0, monitoring_suspended=False)
2025-11-25 22:52:34 | INFO | MONITOR_SLEEP | Sleeping for 20s (base=20s, consecutive_errors=0, monitoring_suspended=False)
2025-11-25 22:52:54 | INFO | MONITOR_SLEEP | Sleeping for 20s (base=20s, consecutive_errors=0, monitoring_suspended=False)
2025-11-25 22:53:14 | INFO | MONITOR | Paper trades checked (next in 60s)
2025-11-25 22:53:14 | INFO | MONITOR_SLEEP | Sleeping for 20s (base=20s, consecutive_errors=0, monitoring_suspended=False)
2025-11-25 22:53:34 | INFO | MONITOR_SLEEP | Sleeping for 20s (base=20s, consecutive_errors=0, monitoring_suspended=False)
2025-11-25 22:53:54 | INFO | MONITOR_SLEEP | Sleeping for 20s (base=20s, consecutive_errors=0, monitoring_suspended=False)
2025-11-25 22:54:14 | INFO | MONITOR | Paper trades checked (next in 60s)
2025-11-25 22:54:14 | INFO | MONITOR_SLEEP | Sleeping for 20s (base=20s, consecutive_errors=0, monitoring_suspended=False)
2025-11-25 22:54:34 | INFO | MONITOR_SLEEP | Sleeping for 20s (base=20s, consecutive_errors=0, monitoring_suspended=False)
2025-11-25 22:54:54 | INFO | MONITOR_SLEEP | Sleeping for 20s (base=20s, consecutive_errors=0, monitoring_suspended=False)
2025-11-25 22:55:14 | INFO | MONITOR | Paper trades checked (next in 60s)
2025-11-25 22:55:14 | INFO | MONITOR_SLEEP | Sleeping for 20s (base=20s, consecutive_errors=0, monitoring_suspended=False)
2025-11-25 22:55:34 | INFO | MONITOR_SLEEP | Sleeping for 20s (base=20s, consecutive_errors=0, monitoring_suspended=False)
2025-11-25 22:55:54 | INFO | MONITOR_SLEEP | Sleeping for 20s (base=20s, consecutive_errors=0, monitoring_suspended=False)
2025-11-25 22:56:14 | INFO | MONITOR | Paper trades checked (next in 60s)
2025-11-25 22:56:14 | INFO | MONITOR_SLEEP | Sleeping for 20s (base=20s, consecutive_errors=0, monitoring_suspended=False)
2025-11-25 22:56:34 | INFO | MONITOR_SLEEP | Sleeping for 20s (base=20s, consecutive_errors=0, monitoring_suspended=False)
2025-11-25 22:56:54 | INFO | MONITOR_SLEEP | Sleeping for 20s (base=20s, consecutive_errors=0, monitoring_suspended=False)
2025-11-25 22:57:14 | INFO | MONITOR | Paper trades checked (next in 60s)
2025-11-25 22:57:14 | INFO | MONITOR_SLEEP | Sleeping for 20s (base=20s, consecutive_errors=0, monitoring_suspended=False)
2025-11-25 22:57:34 | INFO | MONITOR_SLEEP | Sleeping for 20s (base=20s, consecutive_errors=0, monitoring_suspended=False)
2025-11-25 22:57:54 | INFO | MONITOR_SLEEP | Sleeping for 20s (base=20s, consecutive_errors=0, monitoring_suspended=False)
2025-11-25 22:58:14 | INFO | MONITOR | Paper trades checked (next in 60s)
2025-11-25 22:58:14 | INFO | MONITOR_SLEEP | Sleeping for 20s (base=20s, consecutive_errors=0, monitoring_suspended=False)
2025-11-25 22:58:34 | INFO | MONITOR_SLEEP | Sleeping for 20s (base=20s, consecutive_errors=0, monitoring_suspended=False)
2025-11-25 22:58:54 | INFO | MONITOR_SLEEP | Sleeping for 20s (base=20s, consecutive_errors=0, monitoring_suspended=False)
2025-11-25 22:59:14 | INFO | MONITOR | Paper trades checked (next in 60s)
2025-11-25 22:59:14 | INFO | MONITOR_SLEEP | Sleeping for 20s (base=20s, consecutive_errors=0, monitoring_suspended=False)
2025-11-25 22:59:34 | INFO | MONITOR_SLEEP | Sleeping for 20s (base=20s, consecutive_errors=0, monitoring_suspended=False)
2025-11-25 22:59:54 | INFO | MONITOR_SLEEP | Sleeping for 20s (base=20s, consecutive_errors=0, monitoring_suspended=False)
2025-11-25 23:00:14 | INFO | MONITOR | Paper trades checked (next in 60s)
2025-11-25 23:00:14 | INFO | MONITOR_SLEEP | Sleeping for 20s (base=20s, consecutive_errors=0, monitoring_suspended=False)
2025-11-25 23:00:34 | INFO | MONITOR_SLEEP | Sleeping for 20s (base=20s, consecutive_errors=0, monitoring_suspended=False)
2025-11-25 23:00:54 | INFO | MONITOR_SLEEP | Sleeping for 20s (base=20s, consecutive_errors=0, monitoring_suspended=False)
2025-11-25 23:01:14 | INFO | MONITOR | Paper trades checked (next in 60s)
2025-11-25 23:01:14 | INFO | MONITOR_SLEEP | Sleeping for 20s (base=20s, consecutive_errors=0, monitoring_suspended=False)
2025-11-25 23:01:34 | INFO | MONITOR_SLEEP | Sleeping for 20s (base=20s, consecutive_errors=0, monitoring_suspended=False)
2025-11-25 23:01:54 | INFO | MONITOR_SLEEP | Sleeping for 20s (base=20s, consecutive_errors=0, monitoring_suspended=False)
2025-11-25 23:02:14 | INFO | MONITOR | Paper trades checked (next in 60s)
2025-11-25 23:02:14 | INFO | MONITOR_SLEEP | Sleeping for 20s (base=20s, consecutive_errors=0, monitoring_suspended=False)
2025-11-25 23:02:34 | INFO | MONITOR_SLEEP | Sleeping for 20s (base=20s, consecutive_errors=0, monitoring_suspended=False)
2025-11-25 23:02:54 | INFO | MONITOR_SLEEP | Sleeping for 20s (base=20s, consecutive_errors=0, monitoring_suspended=False)
2025-11-25 23:03:14 | INFO | MONITOR | Paper trades checked (next in 60s)
2025-11-25 23:03:14 | INFO | MONITOR_SLEEP | Sleeping for 20s (base=20s, consecutive_errors=0, monitoring_suspended=False)
2025-11-25 23:03:34 | INFO | MONITOR_SLEEP | Sleeping for 20s (base=20s, consecutive_errors=0, monitoring_suspended=False)
2025-11-25 23:03:54 | INFO | MONITOR_SLEEP | Sleeping for 20s (base=20s, consecutive_errors=0, monitoring_suspended=False)
2025-11-25 23:04:14 | INFO | MONITOR | Paper trades checked (next in 60s)
2025-11-25 23:04:14 | INFO | MONITOR_SLEEP | Sleeping for 20s (base=20s, consecutive_errors=0, monitoring_suspended=False)
2025-11-25 23:04:34 | INFO | MONITOR_SLEEP | Sleeping for 20s (base=20s, consecutive_errors=0, monitoring_suspended=False)
2025-11-25 23:04:54 | INFO | MONITOR_SLEEP | Sleeping for 20s (base=20s, consecutive_errors=0, monitoring_suspended=False)
2025-11-25 23:05:14 | INFO | MONITOR | Paper trades checked (next in 60s)
2025-11-25 23:05:14 | INFO | MONITOR_SLEEP | Sleeping for 20s (base=20s, consecutive_errors=0, monitoring_suspended=False)
2025-11-25 23:05:34 | INFO | MONITOR_SLEEP | Sleeping for 20s (base=20s, consecutive_errors=0, monitoring_suspended=False)
2025-11-25 23:05:54 | INFO | MONITOR_SLEEP | Sleeping for 20s (base=20s, consecutive_errors=0, monitoring_suspended=False)
2025-11-25 23:06:14 | INFO | MONITOR | Paper trades checked (next in 60s)
2025-11-25 23:06:14 | INFO | MONITOR_SLEEP | Sleeping for 20s (base=20s, consecutive_errors=0, monitoring_suspended=False)
2025-11-25 23:06:34 | INFO | MONITOR_SLEEP | Sleeping for 20s (base=20s, consecutive_errors=0, monitoring_suspended=False)
2025-11-25 23:06:54 | INFO | MONITOR_SLEEP | Sleeping for 20s (base=20s, consecutive_errors=0, monitoring_suspended=False)
2025-11-25 23:07:14 | INFO | MONITOR | Paper trades checked (next in 60s)
2025-11-25 23:07:14 | INFO | MONITOR_SLEEP | Sleeping for 20s (base=20s, consecutive_errors=0, monitoring_suspended=False)
2025-11-25 23:07:34 | INFO | MONITOR_SLEEP | Sleeping for 20s (base=20s, consecutive_errors=0, monitoring_suspended=False)
2025-11-25 23:07:54 | INFO | MONITOR_SLEEP | Sleeping for 20s (base=20s, consecutive_errors=0, monitoring_suspended=False)
2025-11-25 23:08:14 | INFO | MONITOR | Paper trades checked (next in 60s)
2025-11-25 23:08:14 | INFO | MONITOR_SLEEP | Sleeping for 20s (base=20s, consecutive_errors=0, monitoring_suspended=False)
2025-11-25 23:08:34 | INFO | MONITOR_SLEEP | Sleeping for 20s (base=20s, consecutive_errors=0, monitoring_suspended=False)
2025-11-25 23:08:54 | INFO | MONITOR_SLEEP | Sleeping for 20s (base=20s, consecutive_errors=0, monitoring_suspended=False)
2025-11-25 23:09:14 | INFO | MONITOR | Paper trades checked (next in 60s)
2025-11-25 23:09:14 | INFO | MONITOR_SLEEP | Sleeping for 20s (base=20s, consecutive_errors=0, monitoring_suspended=False)
2025-11-25 23:09:34 | INFO | MONITOR_SLEEP | Sleeping for 20s (base=20s, consecutive_errors=0, monitoring_suspended=False)
2025-11-25 23:09:54 | INFO | MONITOR_SLEEP | Sleeping for 20s (base=20s, consecutive_errors=0, monitoring_suspended=False)
2025-11-25 23:10:14 | INFO | MONITOR | Paper trades checked (next in 60s)
2025-11-25 23:10:14 | INFO | MONITOR_SLEEP | Sleeping for 20s (base=20s, consecutive_errors=0, monitoring_suspended=False)
2025-11-25 23:10:34 | INFO | MONITOR_SLEEP | Sleeping for 20s (base=20s, consecutive_errors=0, monitoring_suspended=False)
2025-11-25 23:10:54 | INFO | MONITOR_SLEEP | Sleeping for 20s (base=20s, consecutive_errors=0, monitoring_suspended=False)
2025-11-25 23:11:14 | INFO | MONITOR | Paper trades checked (next in 60s)
2025-11-25 23:11:14 | INFO | MONITOR_SLEEP | Sleeping for 20s (base=20s, consecutive_errors=0, monitoring_suspended=False)
2025-11-25 23:11:34 | INFO | MONITOR_SLEEP | Sleeping for 20s (base=20s, consecutive_errors=0, monitoring_suspended=False)
2025-11-25 23:11:54 | INFO | MONITOR_SLEEP | Sleeping for 20s (base=20s, consecutive_errors=0, monitoring_suspended=False)
2025-11-25 23:12:14 | INFO | MONITOR | Paper trades checked (next in 60s)
2025-11-25 23:12:14 | INFO | MONITOR_SLEEP | Sleeping for 20s (base=20s, consecutive_errors=0, monitoring_suspended=False)
2025-11-25 23:12:34 | INFO | MONITOR_SLEEP | Sleeping for 20s (base=20s, consecutive_errors=0, monitoring_suspended=False)
2025-11-25 23:12:54 | INFO | MONITOR_SLEEP | Sleeping for 20s (base=20s, consecutive_errors=0, monitoring_suspended=False)
2025-11-25 23:13:14 | INFO | MONITOR | Paper trades checked (next in 60s)
2025-11-25 23:13:14 | INFO | MONITOR_SLEEP | Sleeping for 20s (base=20s, consecutive_errors=0, monitoring_suspended=False)
2025-11-25 23:13:34 | INFO | MONITOR_SLEEP | Sleeping for 20s (base=20s, consecutive_errors=0, monitoring_suspended=False)
2025-11-25 23:13:54 | INFO | MONITOR_SLEEP | Sleeping for 20s (base=20s, consecutive_errors=0, monitoring_suspended=False)
2025-11-25 23:14:14 | INFO | MONITOR | Paper trades checked (next in 60s)
2025-11-25 23:14:14 | INFO | MONITOR_SLEEP | Sleeping for 20s (base=20s, consecutive_errors=0, monitoring_suspended=False)
2025-11-25 23:14:34 | INFO | MONITOR_SLEEP | Sleeping for 20s (base=20s, consecutive_errors=0, monitoring_suspended=False)
2025-11-25 23:14:54 | INFO | MONITOR_SLEEP | Sleeping for 20s (base=20s, consecutive_errors=0, monitoring_suspended=False)
2025-11-25 23:15:14 | INFO | MONITOR | Paper trades checked (next in 60s)
2025-11-25 23:15:14 | INFO | MONITOR_SLEEP | Sleeping for 20s (base=20s, consecutive_errors=0, monitoring_suspended=False)
2025-11-25 23:15:34 | INFO | MONITOR_SLEEP | Sleeping for 20s (base=20s, consecutive_errors=0, monitoring_suspended=False)
2025-11-25 23:15:54 | INFO | MONITOR_SLEEP | Sleeping for 20s (base=20s, consecutive_errors=0, monitoring_suspended=False)
2025-11-25 23:16:14 | INFO | MONITOR | Paper trades checked (next in 60s)
2025-11-25 23:16:14 | INFO | MONITOR_SLEEP | Sleeping for 20s (base=20s, consecutive_errors=0, monitoring_suspended=False)
2025-11-25 23:16:34 | INFO | MONITOR_SLEEP | Sleeping for 20s (base=20s, consecutive_errors=0, monitoring_suspended=False)
2025-11-25 23:16:54 | INFO | MONITOR_SLEEP | Sleeping for 20s (base=20s, consecutive_errors=0, monitoring_suspended=False)
2025-11-25 23:17:14 | INFO | MONITOR | Paper trades checked (next in 60s)
2025-11-25 23:17:14 | INFO | MONITOR_SLEEP | Sleeping for 20s (base=20s, consecutive_errors=0, monitoring_suspended=False)
2025-11-25 23:17:34 | INFO | MONITOR_SLEEP | Sleeping for 20s (base=20s, consecutive_errors=0, monitoring_suspended=False)
2025-11-25 23:17:54 | INFO | MONITOR_SLEEP | Sleeping for 20s (base=20s, consecutive_errors=0, monitoring_suspended=False)
2025-11-25 23:18:14 | INFO | MONITOR | Paper trades checked (next in 60s)
2025-11-25 23:18:14 | INFO | MONITOR_SLEEP | Sleeping for 20s (base=20s, consecutive_errors=0, monitoring_suspended=False)
2025-11-25 23:18:34 | INFO | MONITOR_SLEEP | Sleeping for 20s (base=20s, consecutive_errors=0, monitoring_suspended=False)
2025-11-25 23:18:54 | INFO | MONITOR_SLEEP | Sleeping for 20s (base=20s, consecutive_errors=0, monitoring_suspended=False)
2025-11-25 23:19:14 | INFO | MONITOR | Paper trades checked (next in 60s)
2025-11-25 23:19:14 | INFO | MONITOR_SLEEP | Sleeping for 20s (base=20s, consecutive_errors=0, monitoring_suspended=False)
2025-11-25 23:19:34 | INFO | MONITOR_SLEEP | Sleeping for 20s (base=20s, consecutive_errors=0, monitoring_suspended=False)
2025-11-25 23:19:54 | INFO | MONITOR_SLEEP | Sleeping for 20s (base=20s, consecutive_errors=0, monitoring_suspended=False)
2025-11-25 23:20:14 | INFO | MONITOR | Paper trades checked (next in 60s)
2025-11-25 23:20:14 | INFO | MONITOR_SLEEP | Sleeping for 20s (base=20s, consecutive_errors=0, monitoring_suspended=False)
2025-11-25 23:20:34 | INFO | MONITOR_SLEEP | Sleeping for 20s (base=20s, consecutive_errors=0, monitoring_suspended=False)
2025-11-25 23:20:54 | INFO | MONITOR_SLEEP | Sleeping for 20s (base=20s, consecutive_errors=0, monitoring_suspended=False)
2025-11-25 23:21:14 | INFO | MONITOR | Paper trades checked (next in 60s)
2025-11-25 23:21:14 | INFO | MONITOR_SLEEP | Sleeping for 20s (base=20s, consecutive_errors=0, monitoring_suspended=False)
2025-11-25 23:21:34 | INFO | MONITOR_SLEEP | Sleeping for 20s (base=20s, consecutive_errors=0, monitoring_suspended=False)
2025-11-25 23:21:54 | INFO | MONITOR_SLEEP | Sleeping for 20s (base=20s, consecutive_errors=0, monitoring_suspended=False)
2025-11-25 23:22:14 | INFO | MONITOR | Paper trades checked (next in 60s)
2025-11-25 23:22:14 | INFO | MONITOR_SLEEP | Sleeping for 20s (base=20s, consecutive_errors=0, monitoring_suspended=False)
2025-11-25 23:22:34 | INFO | MONITOR_SLEEP | Sleeping for 20s (base=20s, consecutive_errors=0, monitoring_suspended=False)
2025-11-25 23:22:54 | INFO | MONITOR_SLEEP | Sleeping for 20s (base=20s, consecutive_errors=0, monitoring_suspended=False)
2025-11-25 23:23:14 | INFO | MONITOR | Paper trades checked (next in 60s)
2025-11-25 23:23:14 | INFO | MONITOR_SLEEP | Sleeping for 20s (base=20s, consecutive_errors=0, monitoring_suspended=False)
2025-11-25 23:23:34 | INFO | MONITOR_SLEEP | Sleeping for 20s (base=20s, consecutive_errors=0, monitoring_suspended=False)
2025-11-25 23:23:54 | INFO | MONITOR_SLEEP | Sleeping for 20s (base=20s, consecutive_errors=0, monitoring_suspended=False)
2025-11-25 23:24:14 | INFO | MONITOR | Paper trades checked (next in 60s)
2025-11-25 23:24:14 | INFO | MONITOR_SLEEP | Sleeping for 20s (base=20s, consecutive_errors=0, monitoring_suspended=False)
2025-11-25 23:24:34 | INFO | MONITOR_SLEEP | Sleeping for 20s (base=20s, consecutive_errors=0, monitoring_suspended=False)
2025-11-25 23:24:54 | INFO | MONITOR_SLEEP | Sleeping for 20s (base=20s, consecutive_errors=0, monitoring_suspended=False)
2025-11-25 23:25:14 | INFO | MONITOR | Paper trades checked (next in 60s)
2025-11-25 23:25:14 | INFO | MONITOR_SLEEP | Sleeping for 20s (base=20s, consecutive_errors=0, monitoring_suspended=False)
2025-11-25 23:25:34 | INFO | MONITOR_SLEEP | Sleeping for 20s (base=20s, consecutive_errors=0, monitoring_suspended=False)
2025-11-25 23:25:54 | INFO | MONITOR_SLEEP | Sleeping for 20s (base=20s, consecutive_errors=0, monitoring_suspended=False)
2025-11-25 23:26:14 | INFO | MONITOR | Paper trades checked (next in 60s)
2025-11-25 23:26:14 | INFO | MONITOR_SLEEP | Sleeping for 20s (base=20s, consecutive_errors=0, monitoring_suspended=False)
2025-11-25 23:26:34 | INFO | MONITOR_SLEEP | Sleeping for 20s (base=20s, consecutive_errors=0, monitoring_suspended=False)
2025-11-25 23:26:54 | INFO | MONITOR_SLEEP | Sleeping for 20s (base=20s, consecutive_errors=0, monitoring_suspended=False)
2025-11-25 23:27:14 | INFO | MONITOR | Paper trades checked (next in 60s)
2025-11-25 23:27:14 | INFO | MONITOR_SLEEP | Sleeping for 20s (base=20s, consecutive_errors=0, monitoring_suspended=False)
2025-11-25 23:27:34 | INFO | MONITOR_SLEEP | Sleeping for 20s (base=20s, consecutive_errors=0, monitoring_suspended=False)
2025-11-25 23:27:54 | INFO | MONITOR_SLEEP | Sleeping for 20s (base=20s, consecutive_errors=0, monitoring_suspended=False)
2025-11-25 23:28:14 | INFO | MONITOR | Paper trades checked (next in 60s)
2025-11-25 23:28:14 | INFO | MONITOR_SLEEP | Sleeping for 20s (base=20s, consecutive_errors=0, monitoring_suspended=False)
2025-11-25 23:28:34 | INFO | MONITOR_SLEEP | Sleeping for 20s (base=20s, consecutive_errors=0, monitoring_suspended=False)
2025-11-25 23:28:54 | INFO | MONITOR_SLEEP | Sleeping for 20s (base=20s, consecutive_errors=0, monitoring_suspended=False)
2025-11-25 23:29:14 | INFO | MONITOR | Paper trades checked (next in 60s)
2025-11-25 23:29:14 | INFO | MONITOR_SLEEP | Sleeping for 20s (base=20s, consecutive_errors=0, monitoring_suspended=False)
2025-11-25 23:29:34 | INFO | MONITOR_SLEEP | Sleeping for 20s (base=20s, consecutive_errors=0, monitoring_suspended=False)
2025-11-25 23:29:54 | INFO | MONITOR_SLEEP | Sleeping for 20s (base=20s, consecutive_errors=0, monitoring_suspended=False)
2025-11-25 23:30:14 | INFO | MONITOR | Paper trades checked (next in 60s)
2025-11-25 23:30:14 | INFO | MONITOR_SLEEP | Sleeping for 20s (base=20s, consecutive_errors=0, monitoring_suspended=False)
2025-11-25 23:30:34 | INFO | MONITOR_SLEEP | Sleeping for 20s (base=20s, consecutive_errors=0, monitoring_suspended=False)
2025-11-25 23:30:54 | INFO | MONITOR_SLEEP | Sleeping for 20s (base=20s, consecutive_errors=0, monitoring_suspended=False)
2025-11-25 23:31:14 | INFO | MONITOR | Paper trades checked (next in 60s)
2025-11-25 23:31:14 | INFO | MONITOR_SLEEP | Sleeping for 20s (base=20s, consecutive_errors=0, monitoring_suspended=False)
2025-11-25 23:31:34 | INFO | MONITOR_SLEEP | Sleeping for 20s (base=20s, consecutive_errors=0, monitoring_suspended=False)
2025-11-25 23:31:54 | INFO | MONITOR_SLEEP | Sleeping for 20s (base=20s, consecutive_errors=0, monitoring_suspended=False)
2025-11-25 23:32:14 | INFO | MONITOR | Paper trades checked (next in 60s)
2025-11-25 23:32:14 | INFO | MONITOR_SLEEP | Sleeping for 20s (base=20s, consecutive_errors=0, monitoring_suspended=False)
2025-11-25 23:32:34 | INFO | MONITOR_SLEEP | Sleeping for 20s (base=20s, consecutive_errors=0, monitoring_suspended=False)
2025-11-25 23:32:54 | INFO | MONITOR_SLEEP | Sleeping for 20s (base=20s, consecutive_errors=0, monitoring_suspended=False)
2025-11-25 23:33:14 | INFO | MONITOR | Paper trades checked (next in 60s)
2025-11-25 23:33:14 | INFO | MONITOR_SLEEP | Sleeping for 20s (base=20s, consecutive_errors=0, monitoring_suspended=False)
2025-11-25 23:33:34 | INFO | MONITOR_SLEEP | Sleeping for 20s (base=20s, consecutive_errors=0, monitoring_suspended=False)
2025-11-25 23:33:54 | INFO | MONITOR_SLEEP | Sleeping for 20s (base=20s, consecutive_errors=0, monitoring_suspended=False)
2025-11-25 23:34:14 | INFO | MONITOR | Paper trades checked (next in 60s)
2025-11-25 23:34:14 | INFO | MONITOR_SLEEP | Sleeping for 20s (base=20s, consecutive_errors=0, monitoring_suspended=False)
2025-11-25 23:34:34 | INFO | MONITOR_SLEEP | Sleeping for 20s (base=20s, consecutive_errors=0, monitoring_suspended=False)
2025-11-25 23:34:54 | INFO | MONITOR_SLEEP | Sleeping for 20s (base=20s, consecutive_errors=0, monitoring_suspended=False)
2025-11-25 23:35:14 | INFO | MONITOR | Paper trades checked (next in 60s)
2025-11-25 23:35:14 | INFO | MONITOR_SLEEP | Sleeping for 20s (base=20s, consecutive_errors=0, monitoring_suspended=False)
2025-11-25 23:35:34 | INFO | MONITOR_SLEEP | Sleeping for 20s (base=20s, consecutive_errors=0, monitoring_suspended=False)
2025-11-25 23:35:54 | INFO | MONITOR_SLEEP | Sleeping for 20s (base=20s, consecutive_errors=0, monitoring_suspended=False)
2025-11-25 23:36:14 | INFO | MONITOR | Paper trades checked (next in 60s)
2025-11-25 23:36:14 | INFO | MONITOR_SLEEP | Sleeping for 20s (base=20s, consecutive_errors=0, monitoring_suspended=False)
2025-11-25 23:36:34 | INFO | MONITOR_SLEEP | Sleeping for 20s (base=20s, consecutive_errors=0, monitoring_suspended=False)
2025-11-25 23:36:54 | INFO | MONITOR_SLEEP | Sleeping for 20s (base=20s, consecutive_errors=0, monitoring_suspended=False)
2025-11-25 23:37:14 | INFO | MONITOR | Paper trades checked (next in 60s)
2025-11-25 23:37:14 | INFO | MONITOR_SLEEP | Sleeping for 20s (base=20s, consecutive_errors=0, monitoring_suspended=False)
2025-11-25 23:37:34 | INFO | MONITOR_SLEEP | Sleeping for 20s (base=20s, consecutive_errors=0, monitoring_suspended=False)
2025-11-25 23:37:54 | INFO | MONITOR_SLEEP | Sleeping for 20s (base=20s, consecutive_errors=0, monitoring_suspended=False)
2025-11-25 23:38:14 | INFO | MONITOR | Paper trades checked (next in 60s)
2025-11-25 23:38:14 | INFO | MONITOR_SLEEP | Sleeping for 20s (base=20s, consecutive_errors=0, monitoring_suspended=False)
2025-11-25 23:38:34 | INFO | MONITOR_SLEEP | Sleeping for 20s (base=20s, consecutive_errors=0, monitoring_suspended=False)
2025-11-25 23:38:54 | INFO | MONITOR_SLEEP | Sleeping for 20s (base=20s, consecutive_errors=0, monitoring_suspended=False)
2025-11-25 23:39:14 | INFO | MONITOR | Paper trades checked (next in 60s)
2025-11-25 23:39:14 | INFO | MONITOR_SLEEP | Sleeping for 20s (base=20s, consecutive_errors=0, monitoring_suspended=False)
2025-11-25 23:39:34 | INFO | MONITOR_SLEEP | Sleeping for 20s (base=20s, consecutive_errors=0, monitoring_suspended=False)
2025-11-25 23:39:54 | INFO | MONITOR_SLEEP | Sleeping for 20s (base=20s, consecutive_errors=0, monitoring_suspended=False)
2025-11-25 23:40:14 | INFO | MONITOR | Paper trades checked (next in 60s)
2025-11-25 23:40:14 | INFO | MONITOR_SLEEP | Sleeping for 20s (base=20s, consecutive_errors=0, monitoring_suspended=False)
2025-11-25 23:40:34 | INFO | MONITOR_SLEEP | Sleeping for 20s (base=20s, consecutive_errors=0, monitoring_suspended=False)
2025-11-25 23:40:54 | INFO | MONITOR_SLEEP | Sleeping for 20s (base=20s, consecutive_errors=0, monitoring_suspended=False)
2025-11-25 23:41:14 | INFO | MONITOR | Paper trades checked (next in 60s)
2025-11-25 23:41:14 | INFO | MONITOR_SLEEP | Sleeping for 20s (base=20s, consecutive_errors=0, monitoring_suspended=False)
2025-11-25 23:41:34 | INFO | MONITOR_SLEEP | Sleeping for 20s (base=20s, consecutive_errors=0, monitoring_suspended=False)
2025-11-25 23:41:54 | INFO | MONITOR_SLEEP | Sleeping for 20s (base=20s, consecutive_errors=0, monitoring_suspended=False)
2025-11-25 23:42:14 | INFO | MONITOR | Paper trades checked (next in 60s)
2025-11-25 23:42:14 | INFO | MONITOR_SLEEP | Sleeping for 20s (base=20s, consecutive_errors=0, monitoring_suspended=False)
2025-11-25 23:42:34 | INFO | MONITOR_SLEEP | Sleeping for 20s (base=20s, consecutive_errors=0, monitoring_suspended=False)
2025-11-25 23:42:54 | INFO | MONITOR_SLEEP | Sleeping for 20s (base=20s, consecutive_errors=0, monitoring_suspended=False)
2025-11-25 23:43:14 | INFO | MONITOR | Paper trades checked (next in 60s)
2025-11-25 23:43:14 | INFO | MONITOR_SLEEP | Sleeping for 20s (base=20s, consecutive_errors=0, monitoring_suspended=False)
2025-11-25 23:43:34 | INFO | MONITOR_SLEEP | Sleeping for 20s (base=20s, consecutive_errors=0, monitoring_suspended=False)
2025-11-25 23:43:54 | INFO | MONITOR_SLEEP | Sleeping for 20s (base=20s, consecutive_errors=0, monitoring_suspended=False)
2025-11-25 23:44:14 | INFO | MONITOR | Paper trades checked (next in 60s)
2025-11-25 23:44:14 | INFO | MONITOR_SLEEP | Sleeping for 20s (base=20s, consecutive_errors=0, monitoring_suspended=False)
2025-11-25 23:44:34 | INFO | MONITOR_SLEEP | Sleeping for 20s (base=20s, consecutive_errors=0, monitoring_suspended=False)
2025-11-25 23:44:54 | INFO | MONITOR_SLEEP | Sleeping for 20s (base=20s, consecutive_errors=0, monitoring_suspended=False)
2025-11-25 23:45:14 | INFO | MONITOR | Paper trades checked (next in 60s)
2025-11-25 23:45:14 | INFO | MONITOR_SLEEP | Sleeping for 20s (base=20s, consecutive_errors=0, monitoring_suspended=False)
2025-11-25 23:45:34 | INFO | MONITOR_SLEEP | Sleeping for 20s (base=20s, consecutive_errors=0, monitoring_suspended=False)
2025-11-25 23:45:54 | INFO | MONITOR_SLEEP | Sleeping for 20s (base=20s, consecutive_errors=0, monitoring_suspended=False)
2025-11-25 23:46:14 | INFO | MONITOR | Paper trades checked (next in 60s)
2025-11-25 23:46:14 | INFO | MONITOR_SLEEP | Sleeping for 20s (base=20s, consecutive_errors=0, monitoring_suspended=False)
2025-11-25 23:46:34 | INFO | MONITOR_SLEEP | Sleeping for 20s (base=20s, consecutive_errors=0, monitoring_suspended=False)
2025-11-25 23:46:54 | INFO | MONITOR_SLEEP | Sleeping for 20s (base=20s, consecutive_errors=0, monitoring_suspended=False)
2025-11-25 23:47:14 | INFO | MONITOR | Paper trades checked (next in 60s)
2025-11-25 23:47:14 | INFO | MONITOR_SLEEP | Sleeping for 20s (base=20s, consecutive_errors=0, monitoring_suspended=False)
2025-11-25 23:47:34 | INFO | MONITOR_SLEEP | Sleeping for 20s (base=20s, consecutive_errors=0, monitoring_suspended=False)
2025-11-25 23:47:54 | INFO | MONITOR_SLEEP | Sleeping for 20s (base=20s, consecutive_errors=0, monitoring_suspended=False)
2025-11-25 23:48:14 | INFO | MONITOR | Paper trades checked (next in 60s)
2025-11-25 23:48:14 | INFO | MONITOR_SLEEP | Sleeping for 20s (base=20s, consecutive_errors=0, monitoring_suspended=False)
2025-11-25 23:48:34 | INFO | MONITOR_SLEEP | Sleeping for 20s (base=20s, consecutive_errors=0, monitoring_suspended=False)
2025-11-25 23:48:54 | INFO | MONITOR_SLEEP | Sleeping for 20s (base=20s, consecutive_errors=0, monitoring_suspended=False)
2025-11-25 23:49:14 | INFO | MONITOR | Paper trades checked (next in 60s)
2025-11-25 23:49:14 | INFO | MONITOR_SLEEP | Sleeping for 20s (base=20s, consecutive_errors=0, monitoring_suspended=False)
2025-11-25 23:49:34 | INFO | MONITOR_SLEEP | Sleeping for 20s (base=20s, consecutive_errors=0, monitoring_suspended=False)
2025-11-25 23:49:54 | INFO | MONITOR_SLEEP | Sleeping for 20s (base=20s, consecutive_errors=0, monitoring_suspended=False)
2025-11-25 23:50:14 | INFO | MONITOR | Paper trades checked (next in 60s)
2025-11-25 23:50:14 | INFO | MONITOR_SLEEP | Sleeping for 20s (base=20s, consecutive_errors=0, monitoring_suspended=False)
2025-11-25 23:50:34 | INFO | MONITOR_SLEEP | Sleeping for 20s (base=20s, consecutive_errors=0, monitoring_suspended=False)
2025-11-25 23:50:54 | INFO | MONITOR_SLEEP | Sleeping for 20s (base=20s, consecutive_errors=0, monitoring_suspended=False)
2025-11-25 23:51:14 | INFO | MONITOR | Paper trades checked (next in 60s)
2025-11-25 23:51:14 | INFO | MONITOR_SLEEP | Sleeping for 20s (base=20s, consecutive_errors=0, monitoring_suspended=False)
2025-11-25 23:51:34 | INFO | MONITOR_SLEEP | Sleeping for 20s (base=20s, consecutive_errors=0, monitoring_suspended=False)
2025-11-25 23:51:54 | INFO | MONITOR_SLEEP | Sleeping for 20s (base=20s, consecutive_errors=0, monitoring_suspended=False)
2025-11-25 23:52:14 | INFO | MONITOR | Paper trades checked (next in 60s)
2025-11-25 23:52:14 | INFO | MONITOR_SLEEP | Sleeping for 20s (base=20s, consecutive_errors=0, monitoring_suspended=False)
2025-11-25 23:52:34 | INFO | MONITOR_SLEEP | Sleeping for 20s (base=20s, consecutive_errors=0, monitoring_suspended=False)
2025-11-25 23:52:54 | INFO | MONITOR_SLEEP | Sleeping for 20s (base=20s, consecutive_errors=0, monitoring_suspended=False)
2025-11-25 23:53:14 | INFO | MONITOR | Paper trades checked (next in 60s)
2025-11-25 23:53:14 | INFO | MONITOR_SLEEP | Sleeping for 20s (base=20s, consecutive_errors=0, monitoring_suspended=False)
2025-11-25 23:53:34 | INFO | MONITOR_SLEEP | Sleeping for 20s (base=20s, consecutive_errors=0, monitoring_suspended=False)
2025-11-25 23:53:54 | INFO | MONITOR_SLEEP | Sleeping for 20s (base=20s, consecutive_errors=0, monitoring_suspended=False)
2025-11-25 23:54:14 | INFO | MONITOR | Paper trades checked (next in 60s)
2025-11-25 23:54:14 | INFO | MONITOR_SLEEP | Sleeping for 20s (base=20s, consecutive_errors=0, monitoring_suspended=False)
2025-11-25 23:54:34 | INFO | MONITOR_SLEEP | Sleeping for 20s (base=20s, consecutive_errors=0, monitoring_suspended=False)
2025-11-25 23:54:54 | INFO | MONITOR_SLEEP | Sleeping for 20s (base=20s, consecutive_errors=0, monitoring_suspended=False)
2025-11-25 23:55:14 | INFO | MONITOR | Paper trades checked (next in 60s)
2025-11-25 23:55:14 | INFO | MONITOR_SLEEP | Sleeping for 20s (base=20s, consecutive_errors=0, monitoring_suspended=False)
2025-11-25 23:55:34 | INFO | MONITOR_SLEEP | Sleeping for 20s (base=20s, consecutive_errors=0, monitoring_suspended=False)
2025-11-25 23:55:54 | INFO | MONITOR_SLEEP | Sleeping for 20s (base=20s, consecutive_errors=0, monitoring_suspended=False)
2025-11-25 23:56:14 | INFO | MONITOR | Paper trades checked (next in 60s)
2025-11-25 23:56:14 | INFO | MONITOR_SLEEP | Sleeping for 20s (base=20s, consecutive_errors=0, monitoring_suspended=False)
2025-11-25 23:56:34 | INFO | MONITOR_SLEEP | Sleeping for 20s (base=20s, consecutive_errors=0, monitoring_suspended=False)
2025-11-25 23:56:54 | INFO | MONITOR_SLEEP | Sleeping for 20s (base=20s, consecutive_errors=0, monitoring_suspended=False)
2025-11-25 23:57:14 | INFO | MONITOR | Paper trades checked (next in 60s)
2025-11-25 23:57:14 | INFO | MONITOR_SLEEP | Sleeping for 20s (base=20s, consecutive_errors=0, monitoring_suspended=False)
2025-11-25 23:57:34 | INFO | MONITOR_SLEEP | Sleeping for 20s (base=20s, consecutive_errors=0, monitoring_suspended=False)
2025-11-25 23:57:54 | INFO | MONITOR_SLEEP | Sleeping for 20s (base=20s, consecutive_errors=0, monitoring_suspended=False)
2025-11-25 23:58:14 | INFO | MONITOR | Paper trades checked (next in 60s)
2025-11-25 23:58:14 | INFO | MONITOR_SLEEP | Sleeping for 20s (base=20s, consecutive_errors=0, monitoring_suspended=False)
2025-11-25 23:58:34 | INFO | MONITOR_SLEEP | Sleeping for 20s (base=20s, consecutive_errors=0, monitoring_suspended=False)
2025-11-25 23:58:54 | INFO | MONITOR_SLEEP | Sleeping for 20s (base=20s, consecutive_errors=0, monitoring_suspended=False)
2025-11-25 23:59:14 | INFO | MONITOR | Paper trades checked (next in 60s)
2025-11-25 23:59:14 | INFO | MONITOR_SLEEP | Sleeping for 20s (base=20s, consecutive_errors=0, monitoring_suspended=False)
2025-11-25 23:59:34 | INFO | MONITOR_SLEEP | Sleeping for 20s (base=20s, consecutive_errors=0, monitoring_suspended=False)
2025-11-25 23:59:54 | INFO | MONITOR_SLEEP | Sleeping for 20s (base=20s, consecutive_errors=0, monitoring_suspended=False)
2025-11-26 00:00:14 | INFO | MONITOR | Paper trades checked (next in 60s)
2025-11-26 00:00:14 | INFO | MONITOR_SLEEP | Sleeping for 20s (base=20s, consecutive_errors=0, monitoring_suspended=False)
2025-11-26 00:00:34 | INFO | MONITOR_SLEEP | Sleeping for 20s (base=20s, consecutive_errors=0, monitoring_suspended=False)
2025-11-26 00:00:54 | INFO | MONITOR_SLEEP | Sleeping for 20s (base=20s, consecutive_errors=0, monitoring_suspended=False)
2025-11-26 00:01:14 | INFO | MONITOR | Paper trades checked (next in 60s)
2025-11-26 00:01:14 | INFO | MONITOR_SLEEP | Sleeping for 20s (base=20s, consecutive_errors=0, monitoring_suspended=False)
2025-11-26 00:01:34 | INFO | MONITOR_SLEEP | Sleeping for 20s (base=20s, consecutive_errors=0, monitoring_suspended=False)
2025-11-26 00:01:54 | INFO | MONITOR_SLEEP | Sleeping for 20s (base=20s, consecutive_errors=0, monitoring_suspended=False)
2025-11-26 00:02:14 | INFO | MONITOR | Paper trades checked (next in 60s)
2025-11-26 00:02:14 | INFO | MONITOR_SLEEP | Sleeping for 20s (base=20s, consecutive_errors=0, monitoring_suspended=False)
2025-11-26 00:02:34 | INFO | MONITOR_SLEEP | Sleeping for 20s (base=20s, consecutive_errors=0, monitoring_suspended=False)
2025-11-26 00:02:54 | INFO | MONITOR_SLEEP | Sleeping for 20s (base=20s, consecutive_errors=0, monitoring_suspended=False)
2025-11-26 00:03:14 | INFO | MONITOR | Paper trades checked (next in 60s)
2025-11-26 00:03:14 | INFO | MONITOR_SLEEP | Sleeping for 20s (base=20s, consecutive_errors=0, monitoring_suspended=False)
2025-11-26 00:03:34 | INFO | MONITOR_SLEEP | Sleeping for 20s (base=20s, consecutive_errors=0, monitoring_suspended=False)
2025-11-26 00:03:54 | INFO | MONITOR_SLEEP | Sleeping for 20s (base=20s, consecutive_errors=0, monitoring_suspended=False)
2025-11-26 00:04:14 | INFO | MONITOR | Paper trades checked (next in 60s)
2025-11-26 00:04:14 | INFO | MONITOR_SLEEP | Sleeping for 20s (base=20s, consecutive_errors=0, monitoring_suspended=False)
2025-11-26 00:04:34 | INFO | MONITOR_SLEEP | Sleeping for 20s (base=20s, consecutive_errors=0, monitoring_suspended=False)
2025-11-26 00:04:54 | INFO | MONITOR_SLEEP | Sleeping for 20s (base=20s, consecutive_errors=0, monitoring_suspended=False)
2025-11-26 00:05:14 | INFO | MONITOR | Paper trades checked (next in 60s)
2025-11-26 00:05:14 | INFO | MONITOR_SLEEP | Sleeping for 20s (base=20s, consecutive_errors=0, monitoring_suspended=False)
2025-11-26 00:05:34 | INFO | MONITOR_SLEEP | Sleeping for 20s (base=20s, consecutive_errors=0, monitoring_suspended=False)
2025-11-26 00:05:54 | INFO | MONITOR_SLEEP | Sleeping for 20s (base=20s, consecutive_errors=0, monitoring_suspended=False)
2025-11-26 00:06:14 | INFO | MONITOR | Paper trades checked (next in 60s)
2025-11-26 00:06:14 | INFO | MONITOR_SLEEP | Sleeping for 20s (base=20s, consecutive_errors=0, monitoring_suspended=False)
2025-11-26 00:06:34 | INFO | MONITOR_SLEEP | Sleeping for 20s (base=20s, consecutive_errors=0, monitoring_suspended=False)
2025-11-26 00:06:54 | INFO | MONITOR_SLEEP | Sleeping for 20s (base=20s, consecutive_errors=0, monitoring_suspended=False)
2025-11-26 00:07:14 | INFO | MONITOR | Paper trades checked (next in 60s)
2025-11-26 00:07:14 | INFO | MONITOR_SLEEP | Sleeping for 20s (base=20s, consecutive_errors=0, monitoring_suspended=False)
2025-11-26 00:07:34 | INFO | MONITOR_SLEEP | Sleeping for 20s (base=20s, consecutive_errors=0, monitoring_suspended=False)
2025-11-26 00:07:54 | INFO | MONITOR_SLEEP | Sleeping for 20s (base=20s, consecutive_errors=0, monitoring_suspended=False)
2025-11-26 00:08:14 | INFO | MONITOR | Paper trades checked (next in 60s)
2025-11-26 00:08:14 | INFO | MONITOR_SLEEP | Sleeping for 20s (base=20s, consecutive_errors=0, monitoring_suspended=False)
2025-11-26 00:08:34 | INFO | MONITOR_SLEEP | Sleeping for 20s (base=20s, consecutive_errors=0, monitoring_suspended=False)
2025-11-26 00:08:54 | INFO | MONITOR_SLEEP | Sleeping for 20s (base=20s, consecutive_errors=0, monitoring_suspended=False)
2025-11-26 00:09:14 | INFO | MONITOR | Paper trades checked (next in 60s)
2025-11-26 00:09:14 | INFO | MONITOR_SLEEP | Sleeping for 20s (base=20s, consecutive_errors=0, monitoring_suspended=False)
2025-11-26 00:09:34 | INFO | MONITOR_SLEEP | Sleeping for 20s (base=20s, consecutive_errors=0, monitoring_suspended=False)
2025-11-26 00:09:54 | INFO | MONITOR_SLEEP | Sleeping for 20s (base=20s, consecutive_errors=0, monitoring_suspended=False)
2025-11-26 00:10:14 | INFO | MONITOR | Paper trades checked (next in 60s)
2025-11-26 00:10:14 | INFO | MONITOR_SLEEP | Sleeping for 20s (base=20s, consecutive_errors=0, monitoring_suspended=False)
2025-11-26 00:10:34 | INFO | MONITOR_SLEEP | Sleeping for 20s (base=20s, consecutive_errors=0, monitoring_suspended=False)
2025-11-26 00:10:54 | INFO | MONITOR_SLEEP | Sleeping for 20s (base=20s, consecutive_errors=0, monitoring_suspended=False)
2025-11-26 00:11:14 | INFO | MONITOR | Paper trades checked (next in 60s)
2025-11-26 00:11:14 | INFO | MONITOR_SLEEP | Sleeping for 20s (base=20s, consecutive_errors=0, monitoring_suspended=False)
2025-11-26 00:11:34 | INFO | MONITOR_SLEEP | Sleeping for 20s (base=20s, consecutive_errors=0, monitoring_suspended=False)
2025-11-26 00:11:54 | INFO | MONITOR_SLEEP | Sleeping for 20s (base=20s, consecutive_errors=0, monitoring_suspended=False)
2025-11-26 00:12:14 | INFO | MONITOR | Paper trades checked (next in 60s)
2025-11-26 00:12:14 | INFO | MONITOR_SLEEP | Sleeping for 20s (base=20s, consecutive_errors=0, monitoring_suspended=False)
2025-11-26 00:12:34 | INFO | MONITOR_SLEEP | Sleeping for 20s (base=20s, consecutive_errors=0, monitoring_suspended=False)
2025-11-26 00:12:54 | INFO | MONITOR_SLEEP | Sleeping for 20s (base=20s, consecutive_errors=0, monitoring_suspended=False)
2025-11-26 00:13:14 | INFO | MONITOR | Paper trades checked (next in 60s)
2025-11-26 00:13:14 | INFO | MONITOR_SLEEP | Sleeping for 20s (base=20s, consecutive_errors=0, monitoring_suspended=False)
2025-11-26 00:13:34 | INFO | MONITOR_SLEEP | Sleeping for 20s (base=20s, consecutive_errors=0, monitoring_suspended=False)
2025-11-26 00:13:54 | INFO | MONITOR_SLEEP | Sleeping for 20s (base=20s, consecutive_errors=0, monitoring_suspended=False)
2025-11-26 00:14:14 | INFO | MONITOR | Paper trades checked (next in 60s)
2025-11-26 00:14:14 | INFO | MONITOR_SLEEP | Sleeping for 20s (base=20s, consecutive_errors=0, monitoring_suspended=False)
2025-11-26 00:14:34 | INFO | MONITOR_SLEEP | Sleeping for 20s (base=20s, consecutive_errors=0, monitoring_suspended=False)
2025-11-26 00:14:54 | INFO | MONITOR_SLEEP | Sleeping for 20s (base=20s, consecutive_errors=0, monitoring_suspended=False)
2025-11-26 00:15:14 | INFO | MONITOR | Paper trades checked (next in 60s)
2025-11-26 00:15:14 | INFO | MONITOR_SLEEP | Sleeping for 20s (base=20s, consecutive_errors=0, monitoring_suspended=False)
2025-11-26 00:15:34 | INFO | MONITOR_SLEEP | Sleeping for 20s (base=20s, consecutive_errors=0, monitoring_suspended=False)
2025-11-26 00:15:54 | INFO | MONITOR_SLEEP | Sleeping for 20s (base=20s, consecutive_errors=0, monitoring_suspended=False)
2025-11-26 00:16:14 | INFO | MONITOR | Paper trades checked (next in 60s)
2025-11-26 00:16:14 | INFO | MONITOR_SLEEP | Sleeping for 20s (base=20s, consecutive_errors=0, monitoring_suspended=False)
2025-11-26 00:16:34 | INFO | MONITOR_SLEEP | Sleeping for 20s (base=20s, consecutive_errors=0, monitoring_suspended=False)
2025-11-26 00:16:54 | INFO | MONITOR_SLEEP | Sleeping for 20s (base=20s, consecutive_errors=0, monitoring_suspended=False)
2025-11-26 00:17:14 | INFO | MONITOR | Paper trades checked (next in 60s)
2025-11-26 00:17:14 | INFO | MONITOR_SLEEP | Sleeping for 20s (base=20s, consecutive_errors=0, monitoring_suspended=False)
2025-11-26 00:17:34 | INFO | MONITOR_SLEEP | Sleeping for 20s (base=20s, consecutive_errors=0, monitoring_suspended=False)
2025-11-26 00:17:54 | INFO | MONITOR_SLEEP | Sleeping for 20s (base=20s, consecutive_errors=0, monitoring_suspended=False)
2025-11-26 00:18:14 | INFO | MONITOR | Paper trades checked (next in 60s)
2025-11-26 00:18:14 | INFO | MONITOR_SLEEP | Sleeping for 20s (base=20s, consecutive_errors=0, monitoring_suspended=False)
2025-11-26 00:18:34 | INFO | MONITOR_SLEEP | Sleeping for 20s (base=20s, consecutive_errors=0, monitoring_suspended=False)
2025-11-26 00:18:54 | INFO | MONITOR_SLEEP | Sleeping for 20s (base=20s, consecutive_errors=0, monitoring_suspended=False)
2025-11-26 00:19:14 | INFO | MONITOR | Paper trades checked (next in 60s)
2025-11-26 00:19:14 | INFO | MONITOR_SLEEP | Sleeping for 20s (base=20s, consecutive_errors=0, monitoring_suspended=False)
2025-11-26 00:19:34 | INFO | MONITOR_SLEEP | Sleeping for 20s (base=20s, consecutive_errors=0, monitoring_suspended=False)
2025-11-26 00:19:54 | INFO | MONITOR_SLEEP | Sleeping for 20s (base=20s, consecutive_errors=0, monitoring_suspended=False)
2025-11-26 00:20:14 | INFO | MONITOR | Paper trades checked (next in 60s)
2025-11-26 00:20:14 | INFO | MONITOR_SLEEP | Sleeping for 20s (base=20s, consecutive_errors=0, monitoring_suspended=False)
2025-11-26 00:20:34 | INFO | MONITOR_SLEEP | Sleeping for 20s (base=20s, consecutive_errors=0, monitoring_suspended=False)
2025-11-26 00:20:54 | INFO | MONITOR_SLEEP | Sleeping for 20s (base=20s, consecutive_errors=0, monitoring_suspended=False)
2025-11-26 00:21:14 | INFO | MONITOR | Paper trades checked (next in 60s)
2025-11-26 00:21:14 | INFO | MONITOR_SLEEP | Sleeping for 20s (base=20s, consecutive_errors=0, monitoring_suspended=False)
2025-11-26 00:21:34 | INFO | MONITOR_SLEEP | Sleeping for 20s (base=20s, consecutive_errors=0, monitoring_suspended=False)
2025-11-26 00:21:54 | INFO | MONITOR_SLEEP | Sleeping for 20s (base=20s, consecutive_errors=0, monitoring_suspended=False)
2025-11-26 00:22:14 | INFO | MONITOR | Paper trades checked (next in 60s)
2025-11-26 00:22:14 | INFO | MONITOR_SLEEP | Sleeping for 20s (base=20s, consecutive_errors=0, monitoring_suspended=False)
2025-11-26 00:22:34 | INFO | MONITOR_SLEEP | Sleeping for 20s (base=20s, consecutive_errors=0, monitoring_suspended=False)
2025-11-26 00:22:54 | INFO | MONITOR_SLEEP | Sleeping for 20s (base=20s, consecutive_errors=0, monitoring_suspended=False)
2025-11-26 00:23:14 | INFO | MONITOR | Paper trades checked (next in 60s)
2025-11-26 00:23:14 | INFO | MONITOR_SLEEP | Sleeping for 20s (base=20s, consecutive_errors=0, monitoring_suspended=False)
2025-11-26 00:23:34 | INFO | MONITOR_SLEEP | Sleeping for 20s (base=20s, consecutive_errors=0, monitoring_suspended=False)
2025-11-26 00:23:54 | INFO | MONITOR_SLEEP | Sleeping for 20s (base=20s, consecutive_errors=0, monitoring_suspended=False)
2025-11-26 00:24:14 | INFO | MONITOR | Paper trades checked (next in 60s)
2025-11-26 00:24:14 | INFO | MONITOR_SLEEP | Sleeping for 20s (base=20s, consecutive_errors=0, monitoring_suspended=False)
2025-11-26 00:24:34 | INFO | MONITOR_SLEEP | Sleeping for 20s (base=20s, consecutive_errors=0, monitoring_suspended=False)
2025-11-26 00:24:54 | INFO | MONITOR_SLEEP | Sleeping for 20s (base=20s, consecutive_errors=0, monitoring_suspended=False)
2025-11-26 00:25:14 | INFO | MONITOR | Paper trades checked (next in 60s)
2025-11-26 00:25:14 | INFO | MONITOR_SLEEP | Sleeping for 20s (base=20s, consecutive_errors=0, monitoring_suspended=False)
2025-11-26 00:25:34 | INFO | MONITOR_SLEEP | Sleeping for 20s (base=20s, consecutive_errors=0, monitoring_suspended=False)
2025-11-26 00:25:54 | INFO | MONITOR_SLEEP | Sleeping for 20s (base=20s, consecutive_errors=0, monitoring_suspended=False)
2025-11-26 00:26:14 | INFO | MONITOR | Paper trades checked (next in 60s)
2025-11-26 00:26:14 | INFO | MONITOR_SLEEP | Sleeping for 20s (base=20s, consecutive_errors=0, monitoring_suspended=False)
2025-11-26 00:26:34 | INFO | MONITOR_SLEEP | Sleeping for 20s (base=20s, consecutive_errors=0, monitoring_suspended=False)
2025-11-26 00:26:54 | INFO | MONITOR_SLEEP | Sleeping for 20s (base=20s, consecutive_errors=0, monitoring_suspended=False)
2025-11-26 00:27:14 | INFO | MONITOR | Paper trades checked (next in 60s)
2025-11-26 00:27:14 | INFO | MONITOR_SLEEP | Sleeping for 20s (base=20s, consecutive_errors=0, monitoring_suspended=False)
2025-11-26 00:27:34 | INFO | MONITOR_SLEEP | Sleeping for 20s (base=20s, consecutive_errors=0, monitoring_suspended=False)
2025-11-26 00:27:54 | INFO | MONITOR_SLEEP | Sleeping for 20s (base=20s, consecutive_errors=0, monitoring_suspended=False)
2025-11-26 00:28:14 | INFO | MONITOR | Paper trades checked (next in 60s)
2025-11-26 00:28:14 | INFO | MONITOR_SLEEP | Sleeping for 20s (base=20s, consecutive_errors=0, monitoring_suspended=False)
2025-11-26 00:28:34 | INFO | MONITOR_SLEEP | Sleeping for 20s (base=20s, consecutive_errors=0, monitoring_suspended=False)
2025-11-26 00:28:54 | INFO | MONITOR_SLEEP | Sleeping for 20s (base=20s, consecutive_errors=0, monitoring_suspended=False)
2025-11-26 00:29:14 | INFO | MONITOR | Paper trades checked (next in 60s)
2025-11-26 00:29:14 | INFO | MONITOR_SLEEP | Sleeping for 20s (base=20s, consecutive_errors=0, monitoring_suspended=False)
2025-11-26 00:29:34 | INFO | MONITOR_SLEEP | Sleeping for 20s (base=20s, consecutive_errors=0, monitoring_suspended=False)
2025-11-26 00:29:54 | INFO | MONITOR_SLEEP | Sleeping for 20s (base=20s, consecutive_errors=0, monitoring_suspended=False)
2025-11-26 00:30:14 | INFO | MONITOR | Paper trades checked (next in 60s)
2025-11-26 00:30:14 | INFO | MONITOR_SLEEP | Sleeping for 20s (base=20s, consecutive_errors=0, monitoring_suspended=False)
2025-11-26 00:30:34 | INFO | MONITOR_SLEEP | Sleeping for 20s (base=20s, consecutive_errors=0, monitoring_suspended=False)
2025-11-26 00:30:54 | INFO | MONITOR_SLEEP | Sleeping for 20s (base=20s, consecutive_errors=0, monitoring_suspended=False)
2025-11-26 00:31:14 | INFO | MONITOR | Paper trades checked (next in 60s)
2025-11-26 00:31:14 | INFO | MONITOR_SLEEP | Sleeping for 20s (base=20s, consecutive_errors=0, monitoring_suspended=False)
2025-11-26 00:31:34 | INFO | MONITOR_SLEEP | Sleeping for 20s (base=20s, consecutive_errors=0, monitoring_suspended=False)
2025-11-26 00:31:54 | INFO | MONITOR_SLEEP | Sleeping for 20s (base=20s, consecutive_errors=0, monitoring_suspended=False)
2025-11-26 00:32:14 | INFO | MONITOR | Paper trades checked (next in 60s)
2025-11-26 00:32:14 | INFO | MONITOR_SLEEP | Sleeping for 20s (base=20s, consecutive_errors=0, monitoring_suspended=False)
2025-11-26 00:32:34 | INFO | MONITOR_SLEEP | Sleeping for 20s (base=20s, consecutive_errors=0, monitoring_suspended=False)
2025-11-26 00:32:54 | INFO | MONITOR_SLEEP | Sleeping for 20s (base=20s, consecutive_errors=0, monitoring_suspended=False)
2025-11-26 00:33:14 | INFO | MONITOR | Paper trades checked (next in 60s)
2025-11-26 00:33:14 | INFO | MONITOR_SLEEP | Sleeping for 20s (base=20s, consecutive_errors=0, monitoring_suspended=False)
2025-11-26 00:33:34 | INFO | MONITOR_SLEEP | Sleeping for 20s (base=20s, consecutive_errors=0, monitoring_suspended=False)
2025-11-26 00:33:54 | INFO | MONITOR_SLEEP | Sleeping for 20s (base=20s, consecutive_errors=0, monitoring_suspended=False)
2025-11-26 00:34:14 | INFO | MONITOR | Paper trades checked (next in 60s)
2025-11-26 00:34:14 | INFO | MONITOR_SLEEP | Sleeping for 20s (base=20s, consecutive_errors=0, monitoring_suspended=False)
2025-11-26 00:34:34 | INFO | MONITOR_SLEEP | Sleeping for 20s (base=20s, consecutive_errors=0, monitoring_suspended=False)
2025-11-26 00:34:54 | INFO | MONITOR_SLEEP | Sleeping for 20s (base=20s, consecutive_errors=0, monitoring_suspended=False)
2025-11-26 00:35:14 | INFO | MONITOR | Paper trades checked (next in 60s)
2025-11-26 00:35:14 | INFO | MONITOR_SLEEP | Sleeping for 20s (base=20s, consecutive_errors=0, monitoring_suspended=False)
2025-11-26 00:35:34 | INFO | MONITOR_SLEEP | Sleeping for 20s (base=20s, consecutive_errors=0, monitoring_suspended=False)
2025-11-26 00:35:54 | INFO | MONITOR_SLEEP | Sleeping for 20s (base=20s, consecutive_errors=0, monitoring_suspended=False)
2025-11-26 00:36:14 | INFO | MONITOR | Paper trades checked (next in 60s)
2025-11-26 00:36:14 | INFO | MONITOR_SLEEP | Sleeping for 20s (base=20s, consecutive_errors=0, monitoring_suspended=False)
2025-11-26 00:36:34 | INFO | MONITOR_SLEEP | Sleeping for 20s (base=20s, consecutive_errors=0, monitoring_suspended=False)
2025-11-26 00:36:54 | INFO | MONITOR_SLEEP | Sleeping for 20s (base=20s, consecutive_errors=0, monitoring_suspended=False)
2025-11-26 00:37:14 | INFO | MONITOR | Paper trades checked (next in 60s)
2025-11-26 00:37:14 | INFO | MONITOR_SLEEP | Sleeping for 20s (base=20s, consecutive_errors=0, monitoring_suspended=False)
2025-11-26 00:37:34 | INFO | MONITOR_SLEEP | Sleeping for 20s (base=20s, consecutive_errors=0, monitoring_suspended=False)
2025-11-26 00:37:54 | INFO | MONITOR_SLEEP | Sleeping for 20s (base=20s, consecutive_errors=0, monitoring_suspended=False)
2025-11-26 00:38:14 | INFO | MONITOR | Paper trades checked (next in 60s)
2025-11-26 00:38:14 | INFO | MONITOR_SLEEP | Sleeping for 20s (base=20s, consecutive_errors=0, monitoring_suspended=False)
2025-11-26 00:38:34 | INFO | MONITOR_SLEEP | Sleeping for 20s (base=20s, consecutive_errors=0, monitoring_suspended=False)
2025-11-26 00:38:54 | INFO | MONITOR_SLEEP | Sleeping for 20s (base=20s, consecutive_errors=0, monitoring_suspended=False)
2025-11-26 00:39:14 | INFO | MONITOR | Paper trades checked (next in 60s)
2025-11-26 00:39:14 | INFO | MONITOR_SLEEP | Sleeping for 20s (base=20s, consecutive_errors=0, monitoring_suspended=False)
2025-11-26 00:39:34 | INFO | MONITOR_SLEEP | Sleeping for 20s (base=20s, consecutive_errors=0, monitoring_suspended=False)
2025-11-26 00:39:54 | INFO | MONITOR_SLEEP | Sleeping for 20s (base=20s, consecutive_errors=0, monitoring_suspended=False)
2025-11-26 00:40:14 | INFO | MONITOR | Paper trades checked (next in 60s)
2025-11-26 00:40:14 | INFO | MONITOR_SLEEP | Sleeping for 20s (base=20s, consecutive_errors=0, monitoring_suspended=False)
2025-11-26 00:40:34 | INFO | MONITOR_SLEEP | Sleeping for 20s (base=20s, consecutive_errors=0, monitoring_suspended=False)
2025-11-26 00:40:54 | INFO | MONITOR_SLEEP | Sleeping for 20s (base=20s, consecutive_errors=0, monitoring_suspended=False)
2025-11-26 00:41:14 | INFO | MONITOR | Paper trades checked (next in 60s)
2025-11-26 00:41:14 | INFO | MONITOR_SLEEP | Sleeping for 20s (base=20s, consecutive_errors=0, monitoring_suspended=False)
2025-11-26 00:41:34 | INFO | MONITOR_SLEEP | Sleeping for 20s (base=20s, consecutive_errors=0, monitoring_suspended=False)
2025-11-26 00:41:54 | INFO | MONITOR_SLEEP | Sleeping for 20s (base=20s, consecutive_errors=0, monitoring_suspended=False)
2025-11-26 00:42:14 | INFO | MONITOR | Paper trades checked (next in 60s)
2025-11-26 00:42:14 | INFO | MONITOR_SLEEP | Sleeping for 20s (base=20s, consecutive_errors=0, monitoring_suspended=False)
2025-11-26 00:42:34 | INFO | MONITOR_SLEEP | Sleeping for 20s (base=20s, consecutive_errors=0, monitoring_suspended=False)
2025-11-26 00:42:54 | INFO | MONITOR_SLEEP | Sleeping for 20s (base=20s, consecutive_errors=0, monitoring_suspended=False)
2025-11-26 00:43:14 | INFO | MONITOR | Paper trades checked (next in 60s)
2025-11-26 00:43:14 | INFO | MONITOR_SLEEP | Sleeping for 20s (base=20s, consecutive_errors=0, monitoring_suspended=False)
2025-11-26 00:43:34 | INFO | MONITOR_SLEEP | Sleeping for 20s (base=20s, consecutive_errors=0, monitoring_suspended=False)
2025-11-26 00:43:54 | INFO | MONITOR_SLEEP | Sleeping for 20s (base=20s, consecutive_errors=0, monitoring_suspended=False)
2025-11-26 00:44:14 | INFO | MONITOR | Paper trades checked (next in 60s)
2025-11-26 00:44:14 | INFO | MONITOR_SLEEP | Sleeping for 20s (base=20s, consecutive_errors=0, monitoring_suspended=False)
2025-11-26 00:44:34 | INFO | MONITOR_SLEEP | Sleeping for 20s (base=20s, consecutive_errors=0, monitoring_suspended=False)
2025-11-26 00:44:54 | INFO | MONITOR_SLEEP | Sleeping for 20s (base=20s, consecutive_errors=0, monitoring_suspended=False)
2025-11-26 00:45:14 | INFO | MONITOR | Paper trades checked (next in 60s)
2025-11-26 00:45:14 | INFO | MONITOR_SLEEP | Sleeping for 20s (base=20s, consecutive_errors=0, monitoring_suspended=False)
2025-11-26 00:45:34 | INFO | MONITOR_SLEEP | Sleeping for 20s (base=20s, consecutive_errors=0, monitoring_suspended=False)
2025-11-26 00:45:54 | INFO | MONITOR_SLEEP | Sleeping for 20s (base=20s, consecutive_errors=0, monitoring_suspended=False)
2025-11-26 00:46:14 | INFO | MONITOR | Paper trades checked (next in 60s)
2025-11-26 00:46:14 | INFO | MONITOR_SLEEP | Sleeping for 20s (base=20s, consecutive_errors=0, monitoring_suspended=False)
2025-11-26 00:46:34 | INFO | MONITOR_SLEEP | Sleeping for 20s (base=20s, consecutive_errors=0, monitoring_suspended=False)
2025-11-26 00:46:54 | INFO | MONITOR_SLEEP | Sleeping for 20s (base=20s, consecutive_errors=0, monitoring_suspended=False)
2025-11-26 00:47:14 | INFO | MONITOR | Paper trades checked (next in 60s)
2025-11-26 00:47:14 | INFO | MONITOR_SLEEP | Sleeping for 20s (base=20s, consecutive_errors=0, monitoring_suspended=False)
2025-11-26 00:47:34 | INFO | MONITOR_SLEEP | Sleeping for 20s (base=20s, consecutive_errors=0, monitoring_suspended=False)
2025-11-26 00:47:54 | INFO | MONITOR_SLEEP | Sleeping for 20s (base=20s, consecutive_errors=0, monitoring_suspended=False)
2025-11-26 00:48:14 | INFO | MONITOR | Paper trades checked (next in 60s)
2025-11-26 00:48:14 | INFO | MONITOR_SLEEP | Sleeping for 20s (base=20s, consecutive_errors=0, monitoring_suspended=False)
2025-11-26 00:48:34 | INFO | MONITOR_SLEEP | Sleeping for 20s (base=20s, consecutive_errors=0, monitoring_suspended=False)
2025-11-26 00:48:54 | INFO | MONITOR_SLEEP | Sleeping for 20s (base=20s, consecutive_errors=0, monitoring_suspended=False)
2025-11-26 00:49:14 | INFO | MONITOR | Paper trades checked (next in 60s)
2025-11-26 00:49:14 | INFO | MONITOR_SLEEP | Sleeping for 20s (base=20s, consecutive_errors=0, monitoring_suspended=False)
2025-11-26 00:49:34 | INFO | MONITOR_SLEEP | Sleeping for 20s (base=20s, consecutive_errors=0, monitoring_suspended=False)
2025-11-26 00:49:54 | INFO | MONITOR_SLEEP | Sleeping for 20s (base=20s, consecutive_errors=0, monitoring_suspended=False)
2025-11-26 00:50:14 | INFO | MONITOR | Paper trades checked (next in 60s)
2025-11-26 00:50:14 | INFO | MONITOR_SLEEP | Sleeping for 20s (base=20s, consecutive_errors=0, monitoring_suspended=False)
2025-11-26 00:50:34 | INFO | MONITOR_SLEEP | Sleeping for 20s (base=20s, consecutive_errors=0, monitoring_suspended=False)
2025-11-26 00:50:54 | INFO | MONITOR_SLEEP | Sleeping for 20s (base=20s, consecutive_errors=0, monitoring_suspended=False)
2025-11-26 00:51:14 | INFO | MONITOR | Paper trades checked (next in 60s)
2025-11-26 00:51:14 | INFO | MONITOR_SLEEP | Sleeping for 20s (base=20s, consecutive_errors=0, monitoring_suspended=False)
2025-11-26 00:51:34 | INFO | MONITOR_SLEEP | Sleeping for 20s (base=20s, consecutive_errors=0, monitoring_suspended=False)
2025-11-26 00:51:54 | INFO | MONITOR_SLEEP | Sleeping for 20s (base=20s, consecutive_errors=0, monitoring_suspended=False)
2025-11-26 00:52:14 | INFO | MONITOR | Paper trades checked (next in 60s)
2025-11-26 00:52:14 | INFO | MONITOR_SLEEP | Sleeping for 20s (base=20s, consecutive_errors=0, monitoring_suspended=False)
2025-11-26 00:52:34 | INFO | MONITOR_SLEEP | Sleeping for 20s (base=20s, consecutive_errors=0, monitoring_suspended=False)
2025-11-26 00:52:54 | INFO | MONITOR_SLEEP | Sleeping for 20s (base=20s, consecutive_errors=0, monitoring_suspended=False)
2025-11-26 00:53:14 | INFO | MONITOR | Paper trades checked (next in 60s)
2025-11-26 00:53:14 | INFO | MONITOR_SLEEP | Sleeping for 20s (base=20s, consecutive_errors=0, monitoring_suspended=False)
2025-11-26 00:53:34 | INFO | MONITOR_SLEEP | Sleeping for 20s (base=20s, consecutive_errors=0, monitoring_suspended=False)
2025-11-26 00:53:54 | INFO | MONITOR_SLEEP | Sleeping for 20s (base=20s, consecutive_errors=0, monitoring_suspended=False)
2025-11-26 00:54:14 | INFO | MONITOR | Paper trades checked (next in 60s)
2025-11-26 00:54:14 | INFO | MONITOR_SLEEP | Sleeping for 20s (base=20s, consecutive_errors=0, monitoring_suspended=False)
2025-11-26 00:54:34 | INFO | MONITOR_SLEEP | Sleeping for 20s (base=20s, consecutive_errors=0, monitoring_suspended=False)
2025-11-26 00:54:54 | INFO | MONITOR_SLEEP | Sleeping for 20s (base=20s, consecutive_errors=0, monitoring_suspended=False)
2025-11-26 00:55:14 | INFO | MONITOR | Paper trades checked (next in 60s)
2025-11-26 00:55:14 | INFO | MONITOR_SLEEP | Sleeping for 20s (base=20s, consecutive_errors=0, monitoring_suspended=False)
2025-11-26 00:55:34 | INFO | MONITOR_SLEEP | Sleeping for 20s (base=20s, consecutive_errors=0, monitoring_suspended=False)
2025-11-26 00:55:54 | INFO | MONITOR_SLEEP | Sleeping for 20s (base=20s, consecutive_errors=0, monitoring_suspended=False)
2025-11-26 00:56:14 | INFO | MONITOR | Paper trades checked (next in 60s)
2025-11-26 00:56:14 | INFO | MONITOR_SLEEP | Sleeping for 20s (base=20s, consecutive_errors=0, monitoring_suspended=False)
2025-11-26 00:56:34 | INFO | MONITOR_SLEEP | Sleeping for 20s (base=20s, consecutive_errors=0, monitoring_suspended=False)
2025-11-26 00:56:54 | INFO | MONITOR_SLEEP | Sleeping for 20s (base=20s, consecutive_errors=0, monitoring_suspended=False)
2025-11-26 00:57:14 | INFO | MONITOR | Paper trades checked (next in 60s)
2025-11-26 00:57:14 | INFO | MONITOR_SLEEP | Sleeping for 20s (base=20s, consecutive_errors=0, monitoring_suspended=False)
2025-11-26 00:57:34 | INFO | MONITOR_SLEEP | Sleeping for 20s (base=20s, consecutive_errors=0, monitoring_suspended=False)
2025-11-26 00:57:54 | INFO | MONITOR_SLEEP | Sleeping for 20s (base=20s, consecutive_errors=0, monitoring_suspended=False)
2025-11-26 00:58:14 | INFO | MONITOR | Paper trades checked (next in 60s)
2025-11-26 00:58:14 | INFO | MONITOR_SLEEP | Sleeping for 20s (base=20s, consecutive_errors=0, monitoring_suspended=False)
2025-11-26 00:58:34 | INFO | MONITOR_SLEEP | Sleeping for 20s (base=20s, consecutive_errors=0, monitoring_suspended=False)
2025-11-26 00:58:54 | INFO | MONITOR_SLEEP | Sleeping for 20s (base=20s, consecutive_errors=0, monitoring_suspended=False)
2025-11-26 00:59:14 | INFO | MONITOR | Paper trades checked (next in 60s)
2025-11-26 00:59:14 | INFO | MONITOR_SLEEP | Sleeping for 20s (base=20s, consecutive_errors=0, monitoring_suspended=False)
2025-11-26 00:59:34 | INFO | MONITOR_SLEEP | Sleeping for 20s (base=20s, consecutive_errors=0, monitoring_suspended=False)
2025-11-26 00:59:54 | INFO | MONITOR_SLEEP | Sleeping for 20s (base=20s, consecutive_errors=0, monitoring_suspended=False)
2025-11-26 01:00:14 | INFO | MONITOR | Paper trades checked (next in 60s)
2025-11-26 01:00:14 | INFO | MONITOR_SLEEP | Sleeping for 20s (base=20s, consecutive_errors=0, monitoring_suspended=False)
2025-11-26 01:00:34 | INFO | MONITOR_SLEEP | Sleeping for 20s (base=20s, consecutive_errors=0, monitoring_suspended=False)
2025-11-26 01:00:54 | INFO | MONITOR_SLEEP | Sleeping for 20s (base=20s, consecutive_errors=0, monitoring_suspended=False)
2025-11-26 01:01:14 | INFO | MONITOR | Paper trades checked (next in 60s)
2025-11-26 01:01:14 | INFO | MONITOR_SLEEP | Sleeping for 20s (base=20s, consecutive_errors=0, monitoring_suspended=False)
2025-11-26 01:01:34 | INFO | MONITOR_SLEEP | Sleeping for 20s (base=20s, consecutive_errors=0, monitoring_suspended=False)
2025-11-26 01:01:54 | INFO | MONITOR_SLEEP | Sleeping for 20s (base=20s, consecutive_errors=0, monitoring_suspended=False)
2025-11-26 01:02:14 | INFO | MONITOR | Paper trades checked (next in 60s)
2025-11-26 01:02:14 | INFO | MONITOR_SLEEP | Sleeping for 20s (base=20s, consecutive_errors=0, monitoring_suspended=False)
2025-11-26 01:02:34 | INFO | MONITOR_SLEEP | Sleeping for 20s (base=20s, consecutive_errors=0, monitoring_suspended=False)
2025-11-26 01:02:54 | INFO | MONITOR_SLEEP | Sleeping for 20s (base=20s, consecutive_errors=0, monitoring_suspended=False)
2025-11-26 01:03:14 | INFO | MONITOR | Paper trades checked (next in 60s)
2025-11-26 01:03:14 | INFO | MONITOR_SLEEP | Sleeping for 20s (base=20s, consecutive_errors=0, monitoring_suspended=False)
2025-11-26 01:03:34 | INFO | MONITOR_SLEEP | Sleeping for 20s (base=20s, consecutive_errors=0, monitoring_suspended=False)
2025-11-26 01:03:54 | INFO | MONITOR_SLEEP | Sleeping for 20s (base=20s, consecutive_errors=0, monitoring_suspended=False)
2025-11-26 01:04:14 | INFO | MONITOR | Paper trades checked (next in 60s)
2025-11-26 01:04:14 | INFO | MONITOR_SLEEP | Sleeping for 20s (base=20s, consecutive_errors=0, monitoring_suspended=False)
2025-11-26 01:04:34 | INFO | MONITOR_SLEEP | Sleeping for 20s (base=20s, consecutive_errors=0, monitoring_suspended=False)
2025-11-26 01:04:54 | INFO | MONITOR_SLEEP | Sleeping for 20s (base=20s, consecutive_errors=0, monitoring_suspended=False)
2025-11-26 01:05:14 | INFO | MONITOR | Paper trades checked (next in 60s)
2025-11-26 01:05:14 | INFO | MONITOR_SLEEP | Sleeping for 20s (base=20s, consecutive_errors=0, monitoring_suspended=False)
2025-11-26 01:05:34 | INFO | MONITOR_SLEEP | Sleeping for 20s (base=20s, consecutive_errors=0, monitoring_suspended=False)
2025-11-26 01:05:54 | INFO | MONITOR_SLEEP | Sleeping for 20s (base=20s, consecutive_errors=0, monitoring_suspended=False)
2025-11-26 01:06:14 | INFO | MONITOR | Paper trades checked (next in 60s)
2025-11-26 01:06:14 | INFO | MONITOR_SLEEP | Sleeping for 20s (base=20s, consecutive_errors=0, monitoring_suspended=False)
2025-11-26 01:06:34 | INFO | MONITOR_SLEEP | Sleeping for 20s (base=20s, consecutive_errors=0, monitoring_suspended=False)
2025-11-26 01:06:54 | INFO | MONITOR_SLEEP | Sleeping for 20s (base=20s, consecutive_errors=0, monitoring_suspended=False)
2025-11-26 01:07:14 | INFO | MONITOR | Paper trades checked (next in 60s)
2025-11-26 01:07:14 | INFO | MONITOR_SLEEP | Sleeping for 20s (base=20s, consecutive_errors=0, monitoring_suspended=False)
2025-11-26 01:07:34 | INFO | MONITOR_SLEEP | Sleeping for 20s (base=20s, consecutive_errors=0, monitoring_suspended=False)
2025-11-26 01:07:54 | INFO | MONITOR_SLEEP | Sleeping for 20s (base=20s, consecutive_errors=0, monitoring_suspended=False)
2025-11-26 01:08:14 | INFO | MONITOR | Paper trades checked (next in 60s)
2025-11-26 01:08:14 | INFO | MONITOR_SLEEP | Sleeping for 20s (base=20s, consecutive_errors=0, monitoring_suspended=False)
2025-11-26 01:08:34 | INFO | MONITOR_SLEEP | Sleeping for 20s (base=20s, consecutive_errors=0, monitoring_suspended=False)
2025-11-26 01:08:54 | INFO | MONITOR_SLEEP | Sleeping for 20s (base=20s, consecutive_errors=0, monitoring_suspended=False)
2025-11-26 01:09:14 | INFO | MONITOR | Paper trades checked (next in 60s)
2025-11-26 01:09:14 | INFO | MONITOR_SLEEP | Sleeping for 20s (base=20s, consecutive_errors=0, monitoring_suspended=False)
2025-11-26 01:09:34 | INFO | MONITOR_SLEEP | Sleeping for 20s (base=20s, consecutive_errors=0, monitoring_suspended=False)
2025-11-26 01:09:54 | INFO | MONITOR_SLEEP | Sleeping for 20s (base=20s, consecutive_errors=0, monitoring_suspended=False)
2025-11-26 01:10:14 | INFO | MONITOR | Paper trades checked (next in 60s)
2025-11-26 01:10:14 | INFO | MONITOR_SLEEP | Sleeping for 20s (base=20s, consecutive_errors=0, monitoring_suspended=False)
2025-11-26 01:10:34 | INFO | MONITOR_SLEEP | Sleeping for 20s (base=20s, consecutive_errors=0, monitoring_suspended=False)
2025-11-26 01:10:54 | INFO | MONITOR_SLEEP | Sleeping for 20s (base=20s, consecutive_errors=0, monitoring_suspended=False)
2025-11-26 01:11:14 | INFO | MONITOR | Paper trades checked (next in 60s)
2025-11-26 01:11:14 | INFO | MONITOR_SLEEP | Sleeping for 20s (base=20s, consecutive_errors=0, monitoring_suspended=False)
2025-11-26 01:11:34 | INFO | MONITOR_SLEEP | Sleeping for 20s (base=20s, consecutive_errors=0, monitoring_suspended=False)
2025-11-26 01:11:54 | INFO | MONITOR_SLEEP | Sleeping for 20s (base=20s, consecutive_errors=0, monitoring_suspended=False)
2025-11-26 01:12:14 | INFO | MONITOR | Paper trades checked (next in 60s)
2025-11-26 01:12:14 | INFO | MONITOR_SLEEP | Sleeping for 20s (base=20s, consecutive_errors=0, monitoring_suspended=False)
2025-11-26 01:12:34 | INFO | MONITOR_SLEEP | Sleeping for 20s (base=20s, consecutive_errors=0, monitoring_suspended=False)
2025-11-26 01:12:54 | INFO | MONITOR_SLEEP | Sleeping for 20s (base=20s, consecutive_errors=0, monitoring_suspended=False)
2025-11-26 01:13:14 | INFO | MONITOR | Paper trades checked (next in 60s)
2025-11-26 01:13:14 | INFO | MONITOR_SLEEP | Sleeping for 20s (base=20s, consecutive_errors=0, monitoring_suspended=False)
2025-11-26 01:13:34 | INFO | MONITOR_SLEEP | Sleeping for 20s (base=20s, consecutive_errors=0, monitoring_suspended=False)
2025-11-26 01:13:54 | INFO | MONITOR_SLEEP | Sleeping for 20s (base=20s, consecutive_errors=0, monitoring_suspended=False)
2025-11-26 01:14:14 | INFO | MONITOR | Paper trades checked (next in 60s)
2025-11-26 01:14:14 | INFO | MONITOR_SLEEP | Sleeping for 20s (base=20s, consecutive_errors=0, monitoring_suspended=False)
2025-11-26 01:14:34 | INFO | MONITOR_SLEEP | Sleeping for 20s (base=20s, consecutive_errors=0, monitoring_suspended=False)
2025-11-26 01:14:54 | INFO | MONITOR_SLEEP | Sleeping for 20s (base=20s, consecutive_errors=0, monitoring_suspended=False)
2025-11-26 01:15:14 | INFO | MONITOR | Paper trades checked (next in 60s)
2025-11-26 01:15:14 | INFO | MONITOR_SLEEP | Sleeping for 20s (base=20s, consecutive_errors=0, monitoring_suspended=False)
2025-11-26 01:15:34 | INFO | MONITOR_SLEEP | Sleeping for 20s (base=20s, consecutive_errors=0, monitoring_suspended=False)
2025-11-26 01:15:54 | INFO | MONITOR_SLEEP | Sleeping for 20s (base=20s, consecutive_errors=0, monitoring_suspended=False)
2025-11-26 01:16:14 | INFO | MONITOR | Paper trades checked (next in 60s)
2025-11-26 01:16:14 | INFO | MONITOR_SLEEP | Sleeping for 20s (base=20s, consecutive_errors=0, monitoring_suspended=False)
2025-11-26 01:16:34 | INFO | MONITOR_SLEEP | Sleeping for 20s (base=20s, consecutive_errors=0, monitoring_suspended=False)
2025-11-26 01:16:54 | INFO | MONITOR_SLEEP | Sleeping for 20s (base=20s, consecutive_errors=0, monitoring_suspended=False)
2025-11-26 01:17:14 | INFO | MONITOR | Paper trades checked (next in 60s)
2025-11-26 01:17:14 | INFO | MONITOR_SLEEP | Sleeping for 20s (base=20s, consecutive_errors=0, monitoring_suspended=False)
2025-11-26 01:17:34 | INFO | MONITOR_SLEEP | Sleeping for 20s (base=20s, consecutive_errors=0, monitoring_suspended=False)
2025-11-26 01:17:54 | INFO | MONITOR_SLEEP | Sleeping for 20s (base=20s, consecutive_errors=0, monitoring_suspended=False)
2025-11-26 01:18:14 | INFO | MONITOR | Paper trades checked (next in 60s)
2025-11-26 01:18:14 | INFO | MONITOR_SLEEP | Sleeping for 20s (base=20s, consecutive_errors=0, monitoring_suspended=False)
2025-11-26 01:18:34 | INFO | MONITOR_SLEEP | Sleeping for 20s (base=20s, consecutive_errors=0, monitoring_suspended=False)
2025-11-26 01:18:54 | INFO | MONITOR_SLEEP | Sleeping for 20s (base=20s, consecutive_errors=0, monitoring_suspended=False)
2025-11-26 01:19:14 | INFO | MONITOR | Paper trades checked (next in 60s)
2025-11-26 01:19:14 | INFO | MONITOR_SLEEP | Sleeping for 20s (base=20s, consecutive_errors=0, monitoring_suspended=False)
2025-11-26 01:19:34 | INFO | MONITOR_SLEEP | Sleeping for 20s (base=20s, consecutive_errors=0, monitoring_suspended=False)
2025-11-26 01:19:54 | INFO | MONITOR_SLEEP | Sleeping for 20s (base=20s, consecutive_errors=0, monitoring_suspended=False)
2025-11-26 01:20:14 | INFO | MONITOR | Paper trades checked (next in 60s)
2025-11-26 01:20:14 | INFO | MONITOR_SLEEP | Sleeping for 20s (base=20s, consecutive_errors=0, monitoring_suspended=False)
2025-11-26 01:20:34 | INFO | MONITOR_SLEEP | Sleeping for 20s (base=20s, consecutive_errors=0, monitoring_suspended=False)
2025-11-26 01:20:54 | INFO | MONITOR_SLEEP | Sleeping for 20s (base=20s, consecutive_errors=0, monitoring_suspended=False)
2025-11-26 01:21:14 | INFO | MONITOR | Paper trades checked (next in 60s)
2025-11-26 01:21:14 | INFO | MONITOR_SLEEP | Sleeping for 20s (base=20s, consecutive_errors=0, monitoring_suspended=False)
2025-11-26 01:21:34 | INFO | MONITOR_SLEEP | Sleeping for 20s (base=20s, consecutive_errors=0, monitoring_suspended=False)
2025-11-26 01:21:54 | INFO | MONITOR_SLEEP | Sleeping for 20s (base=20s, consecutive_errors=0, monitoring_suspended=False)
2025-11-26 01:22:14 | INFO | MONITOR | Paper trades checked (next in 60s)
2025-11-26 01:22:14 | INFO | MONITOR_SLEEP | Sleeping for 20s (base=20s, consecutive_errors=0, monitoring_suspended=False)
2025-11-26 01:22:34 | INFO | MONITOR_SLEEP | Sleeping for 20s (base=20s, consecutive_errors=0, monitoring_suspended=False)
2025-11-26 01:22:54 | INFO | MONITOR_SLEEP | Sleeping for 20s (base=20s, consecutive_errors=0, monitoring_suspended=False)
2025-11-26 01:23:14 | INFO | MONITOR | Paper trades checked (next in 60s)
2025-11-26 01:23:14 | INFO | MONITOR_SLEEP | Sleeping for 20s (base=20s, consecutive_errors=0, monitoring_suspended=False)
2025-11-26 01:23:34 | INFO | MONITOR_SLEEP | Sleeping for 20s (base=20s, consecutive_errors=0, monitoring_suspended=False)
2025-11-26 01:23:54 | INFO | MONITOR_SLEEP | Sleeping for 20s (base=20s, consecutive_errors=0, monitoring_suspended=False)
2025-11-26 01:24:14 | INFO | MONITOR | Paper trades checked (next in 60s)
2025-11-26 01:24:14 | INFO | MONITOR_SLEEP | Sleeping for 20s (base=20s, consecutive_errors=0, monitoring_suspended=False)
2025-11-26 01:24:34 | INFO | MONITOR_SLEEP | Sleeping for 20s (base=20s, consecutive_errors=0, monitoring_suspended=False)
2025-11-26 01:24:54 | INFO | MONITOR_SLEEP | Sleeping for 20s (base=20s, consecutive_errors=0, monitoring_suspended=False)
2025-11-26 01:25:14 | INFO | MONITOR | Paper trades checked (next in 60s)
2025-11-26 01:25:14 | INFO | MONITOR_SLEEP | Sleeping for 20s (base=20s, consecutive_errors=0, monitoring_suspended=False)
2025-11-26 01:25:34 | INFO | MONITOR_SLEEP | Sleeping for 20s (base=20s, consecutive_errors=0, monitoring_suspended=False)
2025-11-26 01:25:54 | INFO | MONITOR_SLEEP | Sleeping for 20s (base=20s, consecutive_errors=0, monitoring_suspended=False)
2025-11-26 01:26:14 | INFO | MONITOR | Paper trades checked (next in 60s)
2025-11-26 01:26:14 | INFO | MONITOR_SLEEP | Sleeping for 20s (base=20s, consecutive_errors=0, monitoring_suspended=False)
2025-11-26 01:26:34 | INFO | MONITOR_SLEEP | Sleeping for 20s (base=20s, consecutive_errors=0, monitoring_suspended=False)
2025-11-26 01:26:54 | INFO | MONITOR_SLEEP | Sleeping for 20s (base=20s, consecutive_errors=0, monitoring_suspended=False)
2025-11-26 01:27:14 | INFO | MONITOR | Paper trades checked (next in 60s)
2025-11-26 01:27:14 | INFO | MONITOR_SLEEP | Sleeping for 20s (base=20s, consecutive_errors=0, monitoring_suspended=False)
2025-11-26 01:27:34 | INFO | MONITOR_SLEEP | Sleeping for 20s (base=20s, consecutive_errors=0, monitoring_suspended=False)
2025-11-26 01:27:54 | INFO | MONITOR_SLEEP | Sleeping for 20s (base=20s, consecutive_errors=0, monitoring_suspended=False)
2025-11-26 01:28:14 | INFO | MONITOR | Paper trades checked (next in 60s)
2025-11-26 01:28:14 | INFO | MONITOR_SLEEP | Sleeping for 20s (base=20s, consecutive_errors=0, monitoring_suspended=False)
2025-11-26 01:28:34 | INFO | MONITOR_SLEEP | Sleeping for 20s (base=20s, consecutive_errors=0, monitoring_suspended=False)
2025-11-26 01:28:54 | INFO | MONITOR_SLEEP | Sleeping for 20s (base=20s, consecutive_errors=0, monitoring_suspended=False)
2025-11-26 01:29:14 | INFO | MONITOR | Paper trades checked (next in 60s)
2025-11-26 01:29:14 | INFO | MONITOR_SLEEP | Sleeping for 20s (base=20s, consecutive_errors=0, monitoring_suspended=False)
2025-11-26 01:29:34 | INFO | MONITOR_SLEEP | Sleeping for 20s (base=20s, consecutive_errors=0, monitoring_suspended=False)
2025-11-26 01:29:54 | INFO | MONITOR_SLEEP | Sleeping for 20s (base=20s, consecutive_errors=0, monitoring_suspended=False)
2025-11-26 01:30:14 | INFO | MONITOR | Paper trades checked (next in 60s)
2025-11-26 01:30:14 | INFO | MONITOR_SLEEP | Sleeping for 20s (base=20s, consecutive_errors=0, monitoring_suspended=False)
2025-11-26 01:30:34 | INFO | MONITOR_SLEEP | Sleeping for 20s (base=20s, consecutive_errors=0, monitoring_suspended=False)
2025-11-26 01:30:54 | INFO | MONITOR_SLEEP | Sleeping for 20s (base=20s, consecutive_errors=0, monitoring_suspended=False)
2025-11-26 01:31:14 | INFO | MONITOR | Paper trades checked (next in 60s)
2025-11-26 01:31:14 | INFO | MONITOR_SLEEP | Sleeping for 20s (base=20s, consecutive_errors=0, monitoring_suspended=False)
2025-11-26 01:31:34 | INFO | MONITOR_SLEEP | Sleeping for 20s (base=20s, consecutive_errors=0, monitoring_suspended=False)
2025-11-26 01:31:54 | INFO | MONITOR_SLEEP | Sleeping for 20s (base=20s, consecutive_errors=0, monitoring_suspended=False)
2025-11-26 01:32:14 | INFO | MONITOR | Paper trades checked (next in 60s)
2025-11-26 01:32:14 | INFO | MONITOR_SLEEP | Sleeping for 20s (base=20s, consecutive_errors=0, monitoring_suspended=False)
2025-11-26 01:32:34 | INFO | MONITOR_SLEEP | Sleeping for 20s (base=20s, consecutive_errors=0, monitoring_suspended=False)
2025-11-26 01:32:54 | INFO | MONITOR_SLEEP | Sleeping for 20s (base=20s, consecutive_errors=0, monitoring_suspended=False)
2025-11-26 01:33:14 | INFO | MONITOR | Paper trades checked (next in 60s)
2025-11-26 01:33:14 | INFO | MONITOR_SLEEP | Sleeping for 20s (base=20s, consecutive_errors=0, monitoring_suspended=False)
2025-11-26 01:33:34 | INFO | MONITOR_SLEEP | Sleeping for 20s (base=20s, consecutive_errors=0, monitoring_suspended=False)
2025-11-26 01:33:54 | INFO | MONITOR_SLEEP | Sleeping for 20s (base=20s, consecutive_errors=0, monitoring_suspended=False)
2025-11-26 01:34:14 | INFO | MONITOR | Paper trades checked (next in 60s)
2025-11-26 01:34:14 | INFO | MONITOR_SLEEP | Sleeping for 20s (base=20s, consecutive_errors=0, monitoring_suspended=False)
2025-11-26 01:34:34 | INFO | MONITOR_SLEEP | Sleeping for 20s (base=20s, consecutive_errors=0, monitoring_suspended=False)
2025-11-26 01:34:54 | INFO | MONITOR_SLEEP | Sleeping for 20s (base=20s, consecutive_errors=0, monitoring_suspended=False)
2025-11-26 01:35:14 | INFO | MONITOR | Paper trades checked (next in 60s)
2025-11-26 01:35:14 | INFO | MONITOR_SLEEP | Sleeping for 20s (base=20s, consecutive_errors=0, monitoring_suspended=False)
2025-11-26 01:35:34 | INFO | MONITOR_SLEEP | Sleeping for 20s (base=20s, consecutive_errors=0, monitoring_suspended=False)
2025-11-26 01:35:54 | INFO | MONITOR_SLEEP | Sleeping for 20s (base=20s, consecutive_errors=0, monitoring_suspended=False)
2025-11-26 01:36:14 | INFO | MONITOR | Paper trades checked (next in 60s)
2025-11-26 01:36:14 | INFO | MONITOR_SLEEP | Sleeping for 20s (base=20s, consecutive_errors=0, monitoring_suspended=False)
2025-11-26 01:36:34 | INFO | MONITOR_SLEEP | Sleeping for 20s (base=20s, consecutive_errors=0, monitoring_suspended=False)
2025-11-26 01:36:54 | INFO | MONITOR_SLEEP | Sleeping for 20s (base=20s, consecutive_errors=0, monitoring_suspended=False)
2025-11-26 01:37:14 | INFO | MONITOR | Paper trades checked (next in 60s)
2025-11-26 01:37:14 | INFO | MONITOR_SLEEP | Sleeping for 20s (base=20s, consecutive_errors=0, monitoring_suspended=False)
2025-11-26 01:37:34 | INFO | MONITOR_SLEEP | Sleeping for 20s (base=20s, consecutive_errors=0, monitoring_suspended=False)
2025-11-26 01:37:54 | INFO | MONITOR_SLEEP | Sleeping for 20s (base=20s, consecutive_errors=0, monitoring_suspended=False)
2025-11-26 01:38:14 | INFO | MONITOR | Paper trades checked (next in 60s)
2025-11-26 01:38:14 | INFO | MONITOR_SLEEP | Sleeping for 20s (base=20s, consecutive_errors=0, monitoring_suspended=False)
2025-11-26 01:38:34 | INFO | MONITOR_SLEEP | Sleeping for 20s (base=20s, consecutive_errors=0, monitoring_suspended=False)
2025-11-26 01:38:54 | INFO | MONITOR_SLEEP | Sleeping for 20s (base=20s, consecutive_errors=0, monitoring_suspended=False)
2025-11-26 01:39:14 | INFO | MONITOR | Paper trades checked (next in 60s)
2025-11-26 01:39:14 | INFO | MONITOR_SLEEP | Sleeping for 20s (base=20s, consecutive_errors=0, monitoring_suspended=False)
2025-11-26 01:39:34 | INFO | MONITOR_SLEEP | Sleeping for 20s (base=20s, consecutive_errors=0, monitoring_suspended=False)
2025-11-26 01:39:54 | INFO | MONITOR_SLEEP | Sleeping for 20s (base=20s, consecutive_errors=0, monitoring_suspended=False)
2025-11-26 01:40:14 | INFO | MONITOR | Paper trades checked (next in 60s)
2025-11-26 01:40:14 | INFO | MONITOR_SLEEP | Sleeping for 20s (base=20s, consecutive_errors=0, monitoring_suspended=False)
2025-11-26 01:40:34 | INFO | MONITOR_SLEEP | Sleeping for 20s (base=20s, consecutive_errors=0, monitoring_suspended=False)
2025-11-26 01:40:54 | INFO | MONITOR_SLEEP | Sleeping for 20s (base=20s, consecutive_errors=0, monitoring_suspended=False)
2025-11-26 01:41:14 | INFO | MONITOR | Paper trades checked (next in 60s)
2025-11-26 01:41:14 | INFO | MONITOR_SLEEP | Sleeping for 20s (base=20s, consecutive_errors=0, monitoring_suspended=False)
2025-11-26 01:41:34 | INFO | MONITOR_SLEEP | Sleeping for 20s (base=20s, consecutive_errors=0, monitoring_suspended=False)
2025-11-26 01:41:54 | INFO | MONITOR_SLEEP | Sleeping for 20s (base=20s, consecutive_errors=0, monitoring_suspended=False)
2025-11-26 01:42:14 | INFO | MONITOR | Paper trades checked (next in 60s)
2025-11-26 01:42:14 | INFO | MONITOR_SLEEP | Sleeping for 20s (base=20s, consecutive_errors=0, monitoring_suspended=False)
2025-11-26 01:42:34 | INFO | MONITOR_SLEEP | Sleeping for 20s (base=20s, consecutive_errors=0, monitoring_suspended=False)
2025-11-26 01:42:54 | INFO | MONITOR_SLEEP | Sleeping for 20s (base=20s, consecutive_errors=0, monitoring_suspended=False)
2025-11-26 01:43:14 | INFO | MONITOR | Paper trades checked (next in 60s)
2025-11-26 01:43:14 | INFO | MONITOR_SLEEP | Sleeping for 20s (base=20s, consecutive_errors=0, monitoring_suspended=False)
2025-11-26 01:43:34 | INFO | MONITOR_SLEEP | Sleeping for 20s (base=20s, consecutive_errors=0, monitoring_suspended=False)
2025-11-26 01:43:54 | INFO | MONITOR_SLEEP | Sleeping for 20s (base=20s, consecutive_errors=0, monitoring_suspended=False)
2025-11-26 01:44:14 | INFO | MONITOR | Paper trades checked (next in 60s)
2025-11-26 01:44:14 | INFO | MONITOR_SLEEP | Sleeping for 20s (base=20s, consecutive_errors=0, monitoring_suspended=False)
2025-11-26 01:44:34 | INFO | MONITOR_SLEEP | Sleeping for 20s (base=20s, consecutive_errors=0, monitoring_suspended=False)
2025-11-26 01:44:54 | INFO | MONITOR_SLEEP | Sleeping for 20s (base=20s, consecutive_errors=0, monitoring_suspended=False)
2025-11-26 01:45:14 | INFO | MONITOR | Paper trades checked (next in 60s)
2025-11-26 01:45:14 | INFO | MONITOR_SLEEP | Sleeping for 20s (base=20s, consecutive_errors=0, monitoring_suspended=False)
2025-11-26 01:45:34 | INFO | MONITOR_SLEEP | Sleeping for 20s (base=20s, consecutive_errors=0, monitoring_suspended=False)
2025-11-26 01:45:54 | INFO | MONITOR_SLEEP | Sleeping for 20s (base=20s, consecutive_errors=0, monitoring_suspended=False)
2025-11-26 01:46:14 | INFO | MONITOR | Paper trades checked (next in 60s)
2025-11-26 01:46:14 | INFO | MONITOR_SLEEP | Sleeping for 20s (base=20s, consecutive_errors=0, monitoring_suspended=False)
2025-11-26 01:46:34 | INFO | MONITOR_SLEEP | Sleeping for 20s (base=20s, consecutive_errors=0, monitoring_suspended=False)
2025-11-26 01:46:54 | INFO | MONITOR_SLEEP | Sleeping for 20s (base=20s, consecutive_errors=0, monitoring_suspended=False)
2025-11-26 01:47:14 | INFO | MONITOR | Paper trades checked (next in 60s)
2025-11-26 01:47:14 | INFO | MONITOR_SLEEP | Sleeping for 20s (base=20s, consecutive_errors=0, monitoring_suspended=False)
2025-11-26 01:47:34 | INFO | MONITOR_SLEEP | Sleeping for 20s (base=20s, consecutive_errors=0, monitoring_suspended=False)
2025-11-26 01:47:54 | INFO | MONITOR_SLEEP | Sleeping for 20s (base=20s, consecutive_errors=0, monitoring_suspended=False)
2025-11-26 01:48:14 | INFO | MONITOR | Paper trades checked (next in 60s)
2025-11-26 01:48:14 | INFO | MONITOR_SLEEP | Sleeping for 20s (base=20s, consecutive_errors=0, monitoring_suspended=False)
2025-11-26 01:48:34 | INFO | MONITOR_SLEEP | Sleeping for 20s (base=20s, consecutive_errors=0, monitoring_suspended=False)
2025-11-26 01:48:54 | INFO | MONITOR_SLEEP | Sleeping for 20s (base=20s, consecutive_errors=0, monitoring_suspended=False)
2025-11-26 01:49:14 | INFO | MONITOR | Paper trades checked (next in 60s)
2025-11-26 01:49:14 | INFO | MONITOR_SLEEP | Sleeping for 20s (base=20s, consecutive_errors=0, monitoring_suspended=False)
2025-11-26 01:49:34 | INFO | MONITOR_SLEEP | Sleeping for 20s (base=20s, consecutive_errors=0, monitoring_suspended=False)
2025-11-26 01:49:54 | INFO | MONITOR_SLEEP | Sleeping for 20s (base=20s, consecutive_errors=0, monitoring_suspended=False)
2025-11-26 01:50:14 | INFO | MONITOR | Paper trades checked (next in 60s)
2025-11-26 01:50:14 | INFO | MONITOR_SLEEP | Sleeping for 20s (base=20s, consecutive_errors=0, monitoring_suspended=False)
2025-11-26 01:50:34 | INFO | MONITOR_SLEEP | Sleeping for 20s (base=20s, consecutive_errors=0, monitoring_suspended=False)
2025-11-26 01:50:54 | INFO | MONITOR_SLEEP | Sleeping for 20s (base=20s, consecutive_errors=0, monitoring_suspended=False)
2025-11-26 01:51:14 | INFO | MONITOR | Paper trades checked (next in 60s)
2025-11-26 01:51:14 | INFO | MONITOR_SLEEP | Sleeping for 20s (base=20s, consecutive_errors=0, monitoring_suspended=False)
2025-11-26 01:51:34 | INFO | MONITOR_SLEEP | Sleeping for 20s (base=20s, consecutive_errors=0, monitoring_suspended=False)
2025-11-26 01:51:54 | INFO | MONITOR_SLEEP | Sleeping for 20s (base=20s, consecutive_errors=0, monitoring_suspended=False)
2025-11-26 01:52:14 | INFO | MONITOR | Paper trades checked (next in 60s)
2025-11-26 01:52:14 | INFO | MONITOR_SLEEP | Sleeping for 20s (base=20s, consecutive_errors=0, monitoring_suspended=False)
2025-11-26 01:52:34 | INFO | MONITOR_SLEEP | Sleeping for 20s (base=20s, consecutive_errors=0, monitoring_suspended=False)
2025-11-26 01:52:54 | INFO | MONITOR_SLEEP | Sleeping for 20s (base=20s, consecutive_errors=0, monitoring_suspended=False)
2025-11-26 01:53:14 | INFO | MONITOR | Paper trades checked (next in 60s)
2025-11-26 01:53:14 | INFO | MONITOR_SLEEP | Sleeping for 20s (base=20s, consecutive_errors=0, monitoring_suspended=False)
2025-11-26 01:53:34 | INFO | MONITOR_SLEEP | Sleeping for 20s (base=20s, consecutive_errors=0, monitoring_suspended=False)
2025-11-26 01:53:54 | INFO | MONITOR_SLEEP | Sleeping for 20s (base=20s, consecutive_errors=0, monitoring_suspended=False)
2025-11-26 01:54:14 | INFO | MONITOR | Paper trades checked (next in 60s)
2025-11-26 01:54:14 | INFO | MONITOR_SLEEP | Sleeping for 20s (base=20s, consecutive_errors=0, monitoring_suspended=False)
2025-11-26 01:54:34 | INFO | MONITOR_SLEEP | Sleeping for 20s (base=20s, consecutive_errors=0, monitoring_suspended=False)
2025-11-26 01:54:54 | INFO | MONITOR_SLEEP | Sleeping for 20s (base=20s, consecutive_errors=0, monitoring_suspended=False)
2025-11-26 01:55:14 | INFO | MONITOR | Paper trades checked (next in 60s)
2025-11-26 01:55:14 | INFO | MONITOR_SLEEP | Sleeping for 20s (base=20s, consecutive_errors=0, monitoring_suspended=False)
2025-11-26 01:55:34 | INFO | MONITOR_SLEEP | Sleeping for 20s (base=20s, consecutive_errors=0, monitoring_suspended=False)
2025-11-26 01:55:54 | INFO | MONITOR_SLEEP | Sleeping for 20s (base=20s, consecutive_errors=0, monitoring_suspended=False)
2025-11-26 01:56:14 | INFO | MONITOR | Paper trades checked (next in 60s)
2025-11-26 01:56:14 | INFO | MONITOR_SLEEP | Sleeping for 20s (base=20s, consecutive_errors=0, monitoring_suspended=False)
2025-11-26 01:56:34 | INFO | MONITOR_SLEEP | Sleeping for 20s (base=20s, consecutive_errors=0, monitoring_suspended=False)
2025-11-26 01:56:54 | INFO | MONITOR_SLEEP | Sleeping for 20s (base=20s, consecutive_errors=0, monitoring_suspended=False)
2025-11-26 01:57:14 | INFO | MONITOR | Paper trades checked (next in 60s)
2025-11-26 01:57:14 | INFO | MONITOR_SLEEP | Sleeping for 20s (base=20s, consecutive_errors=0, monitoring_suspended=False)
2025-11-26 01:57:34 | INFO | MONITOR_SLEEP | Sleeping for 20s (base=20s, consecutive_errors=0, monitoring_suspended=False)
2025-11-26 01:57:54 | INFO | MONITOR_SLEEP | Sleeping for 20s (base=20s, consecutive_errors=0, monitoring_suspended=False)
2025-11-26 01:58:14 | INFO | MONITOR | Paper trades checked (next in 60s)
2025-11-26 01:58:14 | INFO | MONITOR_SLEEP | Sleeping for 20s (base=20s, consecutive_errors=0, monitoring_suspended=False)
2025-11-26 01:58:34 | INFO | MONITOR_SLEEP | Sleeping for 20s (base=20s, consecutive_errors=0, monitoring_suspended=False)
2025-11-26 01:58:54 | INFO | MONITOR_SLEEP | Sleeping for 20s (base=20s, consecutive_errors=0, monitoring_suspended=False)
2025-11-26 01:59:14 | INFO | MONITOR | Paper trades checked (next in 60s)
2025-11-26 01:59:14 | INFO | MONITOR_SLEEP | Sleeping for 20s (base=20s, consecutive_errors=0, monitoring_suspended=False)
2025-11-26 01:59:34 | INFO | MONITOR_SLEEP | Sleeping for 20s (base=20s, consecutive_errors=0, monitoring_suspended=False)
2025-11-26 01:59:54 | INFO | MONITOR_SLEEP | Sleeping for 20s (base=20s, consecutive_errors=0, monitoring_suspended=False)
2025-11-26 02:00:14 | INFO | MONITOR | Paper trades checked (next in 60s)
2025-11-26 02:00:14 | INFO | MONITOR_SLEEP | Sleeping for 20s (base=20s, consecutive_errors=0, monitoring_suspended=False)
2025-11-26 02:00:34 | INFO | MONITOR_SLEEP | Sleeping for 20s (base=20s, consecutive_errors=0, monitoring_suspended=False)
2025-11-26 02:00:54 | INFO | MONITOR_SLEEP | Sleeping for 20s (base=20s, consecutive_errors=0, monitoring_suspended=False)
2025-11-26 02:01:14 | INFO | MONITOR | Paper trades checked (next in 60s)
2025-11-26 02:01:14 | INFO | MONITOR_SLEEP | Sleeping for 20s (base=20s, consecutive_errors=0, monitoring_suspended=False)
2025-11-26 02:01:34 | INFO | MONITOR_SLEEP | Sleeping for 20s (base=20s, consecutive_errors=0, monitoring_suspended=False)
2025-11-26 02:01:54 | INFO | MONITOR_SLEEP | Sleeping for 20s (base=20s, consecutive_errors=0, monitoring_suspended=False)
2025-11-26 02:02:14 | INFO | MONITOR | Paper trades checked (next in 60s)
2025-11-26 02:02:14 | INFO | MONITOR_SLEEP | Sleeping for 20s (base=20s, consecutive_errors=0, monitoring_suspended=False)
2025-11-26 02:02:34 | INFO | MONITOR_SLEEP | Sleeping for 20s (base=20s, consecutive_errors=0, monitoring_suspended=False)
2025-11-26 02:02:54 | INFO | MONITOR_SLEEP | Sleeping for 20s (base=20s, consecutive_errors=0, monitoring_suspended=False)
2025-11-26 02:03:14 | INFO | MONITOR | Paper trades checked (next in 60s)
2025-11-26 02:03:14 | INFO | MONITOR_SLEEP | Sleeping for 20s (base=20s, consecutive_errors=0, monitoring_suspended=False)
2025-11-26 02:03:34 | INFO | MONITOR_SLEEP | Sleeping for 20s (base=20s, consecutive_errors=0, monitoring_suspended=False)
2025-11-26 02:03:54 | INFO | MONITOR_SLEEP | Sleeping for 20s (base=20s, consecutive_errors=0, monitoring_suspended=False)
2025-11-26 02:04:14 | INFO | MONITOR | Paper trades checked (next in 60s)
2025-11-26 02:04:14 | INFO | MONITOR_SLEEP | Sleeping for 20s (base=20s, consecutive_errors=0, monitoring_suspended=False)
2025-11-26 02:04:34 | INFO | MONITOR_SLEEP | Sleeping for 20s (base=20s, consecutive_errors=0, monitoring_suspended=False)
2025-11-26 02:04:54 | INFO | MONITOR_SLEEP | Sleeping for 20s (base=20s, consecutive_errors=0, monitoring_suspended=False)
2025-11-26 02:05:14 | INFO | MONITOR | Paper trades checked (next in 60s)
2025-11-26 02:05:14 | INFO | MONITOR_SLEEP | Sleeping for 20s (base=20s, consecutive_errors=0, monitoring_suspended=False)
2025-11-26 02:05:34 | INFO | MONITOR_SLEEP | Sleeping for 20s (base=20s, consecutive_errors=0, monitoring_suspended=False)
2025-11-26 02:05:54 | INFO | MONITOR_SLEEP | Sleeping for 20s (base=20s, consecutive_errors=0, monitoring_suspended=False)
2025-11-26 02:06:14 | INFO | MONITOR | Paper trades checked (next in 60s)
2025-11-26 02:06:14 | INFO | MONITOR_SLEEP | Sleeping for 20s (base=20s, consecutive_errors=0, monitoring_suspended=False)
2025-11-26 02:06:34 | INFO | MONITOR_SLEEP | Sleeping for 20s (base=20s, consecutive_errors=0, monitoring_suspended=False)
2025-11-26 02:06:54 | INFO | MONITOR_SLEEP | Sleeping for 20s (base=20s, consecutive_errors=0, monitoring_suspended=False)
2025-11-26 02:07:14 | INFO | MONITOR | Paper trades checked (next in 60s)
2025-11-26 02:07:14 | INFO | MONITOR_SLEEP | Sleeping for 20s (base=20s, consecutive_errors=0, monitoring_suspended=False)
2025-11-26 02:07:34 | INFO | MONITOR_SLEEP | Sleeping for 20s (base=20s, consecutive_errors=0, monitoring_suspended=False)
2025-11-26 02:07:54 | INFO | MONITOR_SLEEP | Sleeping for 20s (base=20s, consecutive_errors=0, monitoring_suspended=False)
2025-11-26 02:08:14 | INFO | MONITOR | Paper trades checked (next in 60s)
2025-11-26 02:08:14 | INFO | MONITOR_SLEEP | Sleeping for 20s (base=20s, consecutive_errors=0, monitoring_suspended=False)
2025-11-26 02:08:34 | INFO | MONITOR_SLEEP | Sleeping for 20s (base=20s, consecutive_errors=0, monitoring_suspended=False)
2025-11-26 02:08:54 | INFO | MONITOR_SLEEP | Sleeping for 20s (base=20s, consecutive_errors=0, monitoring_suspended=False)
2025-11-26 02:09:14 | INFO | MONITOR | Paper trades checked (next in 60s)
2025-11-26 02:09:14 | INFO | MONITOR_SLEEP | Sleeping for 20s (base=20s, consecutive_errors=0, monitoring_suspended=False)
2025-11-26 02:09:34 | INFO | MONITOR_SLEEP | Sleeping for 20s (base=20s, consecutive_errors=0, monitoring_suspended=False)
2025-11-26 02:09:54 | INFO | MONITOR_SLEEP | Sleeping for 20s (base=20s, consecutive_errors=0, monitoring_suspended=False)
2025-11-26 02:10:14 | INFO | MONITOR | Paper trades checked (next in 60s)
2025-11-26 02:10:14 | INFO | MONITOR_SLEEP | Sleeping for 20s (base=20s, consecutive_errors=0, monitoring_suspended=False)
2025-11-26 02:10:34 | INFO | MONITOR_SLEEP | Sleeping for 20s (base=20s, consecutive_errors=0, monitoring_suspended=False)
2025-11-26 02:10:54 | INFO | MONITOR_SLEEP | Sleeping for 20s (base=20s, consecutive_errors=0, monitoring_suspended=False)
2025-11-26 02:11:14 | INFO | MONITOR | Paper trades checked (next in 60s)
2025-11-26 02:11:14 | INFO | MONITOR_SLEEP | Sleeping for 20s (base=20s, consecutive_errors=0, monitoring_suspended=False)
2025-11-26 02:11:34 | INFO | MONITOR_SLEEP | Sleeping for 20s (base=20s, consecutive_errors=0, monitoring_suspended=False)
2025-11-26 02:11:54 | INFO | MONITOR_SLEEP | Sleeping for 20s (base=20s, consecutive_errors=0, monitoring_suspended=False)
2025-11-26 02:12:14 | INFO | MONITOR | Paper trades checked (next in 60s)
2025-11-26 02:12:14 | INFO | MONITOR_SLEEP | Sleeping for 20s (base=20s, consecutive_errors=0, monitoring_suspended=False)
2025-11-26 02:12:34 | INFO | MONITOR_SLEEP | Sleeping for 20s (base=20s, consecutive_errors=0, monitoring_suspended=False)
2025-11-26 02:12:54 | INFO | MONITOR_SLEEP | Sleeping for 20s (base=20s, consecutive_errors=0, monitoring_suspended=False)
2025-11-26 02:13:14 | INFO | MONITOR | Paper trades checked (next in 60s)
2025-11-26 02:13:14 | INFO | MONITOR_SLEEP | Sleeping for 20s (base=20s, consecutive_errors=0, monitoring_suspended=False)
2025-11-26 02:13:34 | INFO | MONITOR_SLEEP | Sleeping for 20s (base=20s, consecutive_errors=0, monitoring_suspended=False)
2025-11-26 02:13:54 | INFO | MONITOR_SLEEP | Sleeping for 20s (base=20s, consecutive_errors=0, monitoring_suspended=False)
2025-11-26 02:14:14 | INFO | MONITOR | Paper trades checked (next in 60s)
2025-11-26 02:14:14 | INFO | MONITOR_SLEEP | Sleeping for 20s (base=20s, consecutive_errors=0, monitoring_suspended=False)
2025-11-26 02:14:34 | INFO | MONITOR_SLEEP | Sleeping for 20s (base=20s, consecutive_errors=0, monitoring_suspended=False)
2025-11-26 02:14:54 | INFO | MONITOR_SLEEP | Sleeping for 20s (base=20s, consecutive_errors=0, monitoring_suspended=False)
2025-11-26 02:15:14 | INFO | MONITOR | Paper trades checked (next in 60s)
2025-11-26 02:15:14 | INFO | MONITOR_SLEEP | Sleeping for 20s (base=20s, consecutive_errors=0, monitoring_suspended=False)
2025-11-26 02:15:34 | INFO | MONITOR_SLEEP | Sleeping for 20s (base=20s, consecutive_errors=0, monitoring_suspended=False)
2025-11-26 02:15:54 | INFO | MONITOR_SLEEP | Sleeping for 20s (base=20s, consecutive_errors=0, monitoring_suspended=False)
2025-11-26 02:16:14 | INFO | MONITOR | Paper trades checked (next in 60s)
2025-11-26 02:16:14 | INFO | MONITOR_SLEEP | Sleeping for 20s (base=20s, consecutive_errors=0, monitoring_suspended=False)
2025-11-26 02:16:34 | INFO | MONITOR_SLEEP | Sleeping for 20s (base=20s, consecutive_errors=0, monitoring_suspended=False)
2025-11-26 02:16:54 | INFO | MONITOR_SLEEP | Sleeping for 20s (base=20s, consecutive_errors=0, monitoring_suspended=False)
2025-11-26 02:17:14 | INFO | MONITOR | Paper trades checked (next in 60s)
2025-11-26 02:17:14 | INFO | MONITOR_SLEEP | Sleeping for 20s (base=20s, consecutive_errors=0, monitoring_suspended=False)
2025-11-26 02:17:34 | INFO | MONITOR_SLEEP | Sleeping for 20s (base=20s, consecutive_errors=0, monitoring_suspended=False)
2025-11-26 02:17:54 | INFO | MONITOR_SLEEP | Sleeping for 20s (base=20s, consecutive_errors=0, monitoring_suspended=False)
2025-11-26 02:18:14 | INFO | MONITOR | Paper trades checked (next in 60s)
2025-11-26 02:18:14 | INFO | MONITOR_SLEEP | Sleeping for 20s (base=20s, consecutive_errors=0, monitoring_suspended=False)
2025-11-26 02:18:34 | INFO | MONITOR_SLEEP | Sleeping for 20s (base=20s, consecutive_errors=0, monitoring_suspended=False)
2025-11-26 02:18:54 | INFO | MONITOR_SLEEP | Sleeping for 20s (base=20s, consecutive_errors=0, monitoring_suspended=False)
2025-11-26 02:19:14 | INFO | MONITOR | Paper trades checked (next in 60s)
2025-11-26 02:19:14 | INFO | MONITOR_SLEEP | Sleeping for 20s (base=20s, consecutive_errors=0, monitoring_suspended=False)
2025-11-26 02:19:34 | INFO | MONITOR_SLEEP | Sleeping for 20s (base=20s, consecutive_errors=0, monitoring_suspended=False)
2025-11-26 02:19:54 | INFO | MONITOR_SLEEP | Sleeping for 20s (base=20s, consecutive_errors=0, monitoring_suspended=False)
2025-11-26 02:20:14 | INFO | MONITOR | Paper trades checked (next in 60s)
2025-11-26 02:20:14 | INFO | MONITOR_SLEEP | Sleeping for 20s (base=20s, consecutive_errors=0, monitoring_suspended=False)
2025-11-26 02:20:34 | INFO | MONITOR_SLEEP | Sleeping for 20s (base=20s, consecutive_errors=0, monitoring_suspended=False)
2025-11-26 02:20:54 | INFO | MONITOR_SLEEP | Sleeping for 20s (base=20s, consecutive_errors=0, monitoring_suspended=False)
2025-11-26 02:21:14 | INFO | MONITOR | Paper trades checked (next in 60s)
2025-11-26 02:21:14 | INFO | MONITOR_SLEEP | Sleeping for 20s (base=20s, consecutive_errors=0, monitoring_suspended=False)
2025-11-26 02:21:34 | INFO | MONITOR_SLEEP | Sleeping for 20s (base=20s, consecutive_errors=0, monitoring_suspended=False)
2025-11-26 02:21:54 | INFO | MONITOR_SLEEP | Sleeping for 20s (base=20s, consecutive_errors=0, monitoring_suspended=False)
2025-11-26 02:22:14 | INFO | MONITOR | Paper trades checked (next in 60s)
2025-11-26 02:22:14 | INFO | MONITOR_SLEEP | Sleeping for 20s (base=20s, consecutive_errors=0, monitoring_suspended=False)
2025-11-26 02:22:34 | INFO | MONITOR_SLEEP | Sleeping for 20s (base=20s, consecutive_errors=0, monitoring_suspended=False)
2025-11-26 02:22:54 | INFO | MONITOR_SLEEP | Sleeping for 20s (base=20s, consecutive_errors=0, monitoring_suspended=False)
2025-11-26 02:23:14 | INFO | MONITOR | Paper trades checked (next in 60s)
2025-11-26 02:23:14 | INFO | MONITOR_SLEEP | Sleeping for 20s (base=20s, consecutive_errors=0, monitoring_suspended=False)
2025-11-26 02:23:34 | INFO | MONITOR_SLEEP | Sleeping for 20s (base=20s, consecutive_errors=0, monitoring_suspended=False)
2025-11-26 02:23:54 | INFO | MONITOR_SLEEP | Sleeping for 20s (base=20s, consecutive_errors=0, monitoring_suspended=False)
2025-11-26 02:24:14 | INFO | MONITOR | Paper trades checked (next in 60s)
2025-11-26 02:24:14 | INFO | MONITOR_SLEEP | Sleeping for 20s (base=20s, consecutive_errors=0, monitoring_suspended=False)
2025-11-26 02:24:34 | INFO | MONITOR_SLEEP | Sleeping for 20s (base=20s, consecutive_errors=0, monitoring_suspended=False)
2025-11-26 02:24:54 | INFO | MONITOR_SLEEP | Sleeping for 20s (base=20s, consecutive_errors=0, monitoring_suspended=False)
2025-11-26 02:25:14 | INFO | MONITOR | Paper trades checked (next in 60s)
2025-11-26 02:25:14 | INFO | MONITOR_SLEEP | Sleeping for 20s (base=20s, consecutive_errors=0, monitoring_suspended=False)
2025-11-26 02:25:34 | INFO | MONITOR_SLEEP | Sleeping for 20s (base=20s, consecutive_errors=0, monitoring_suspended=False)
2025-11-26 02:25:54 | INFO | MONITOR_SLEEP | Sleeping for 20s (base=20s, consecutive_errors=0, monitoring_suspended=False)
2025-11-26 02:26:14 | INFO | MONITOR | Paper trades checked (next in 60s)
2025-11-26 02:26:14 | INFO | MONITOR_SLEEP | Sleeping for 20s (base=20s, consecutive_errors=0, monitoring_suspended=False)
2025-11-26 02:26:34 | INFO | MONITOR_SLEEP | Sleeping for 20s (base=20s, consecutive_errors=0, monitoring_suspended=False)
2025-11-26 02:26:54 | INFO | MONITOR_SLEEP | Sleeping for 20s (base=20s, consecutive_errors=0, monitoring_suspended=False)
2025-11-26 02:27:14 | INFO | MONITOR | Paper trades checked (next in 60s)
2025-11-26 02:27:14 | INFO | MONITOR_SLEEP | Sleeping for 20s (base=20s, consecutive_errors=0, monitoring_suspended=False)
2025-11-26 02:27:34 | INFO | MONITOR_SLEEP | Sleeping for 20s (base=20s, consecutive_errors=0, monitoring_suspended=False)
2025-11-26 02:27:54 | INFO | MONITOR_SLEEP | Sleeping for 20s (base=20s, consecutive_errors=0, monitoring_suspended=False)
2025-11-26 02:28:14 | INFO | MONITOR | Paper trades checked (next in 60s)
2025-11-26 02:28:14 | INFO | MONITOR_SLEEP | Sleeping for 20s (base=20s, consecutive_errors=0, monitoring_suspended=False)
2025-11-26 02:28:34 | INFO | MONITOR_SLEEP | Sleeping for 20s (base=20s, consecutive_errors=0, monitoring_suspended=False)
2025-11-26 02:28:54 | INFO | MONITOR_SLEEP | Sleeping for 20s (base=20s, consecutive_errors=0, monitoring_suspended=False)
2025-11-26 02:29:14 | INFO | MONITOR | Paper trades checked (next in 60s)
2025-11-26 02:29:14 | INFO | MONITOR_SLEEP | Sleeping for 20s (base=20s, consecutive_errors=0, monitoring_suspended=False)
2025-11-26 02:29:34 | INFO | MONITOR_SLEEP | Sleeping for 20s (base=20s, consecutive_errors=0, monitoring_suspended=False)
2025-11-26 02:29:54 | INFO | MONITOR_SLEEP | Sleeping for 20s (base=20s, consecutive_errors=0, monitoring_suspended=False)
2025-11-26 02:30:14 | INFO | MONITOR | Paper trades checked (next in 60s)
2025-11-26 02:30:14 | INFO | MONITOR_SLEEP | Sleeping for 20s (base=20s, consecutive_errors=0, monitoring_suspended=False)
2025-11-26 02:30:34 | INFO | MONITOR_SLEEP | Sleeping for 20s (base=20s, consecutive_errors=0, monitoring_suspended=False)
2025-11-26 02:30:54 | INFO | MONITOR_SLEEP | Sleeping for 20s (base=20s, consecutive_errors=0, monitoring_suspended=False)
2025-11-26 02:31:14 | INFO | MONITOR | Paper trades checked (next in 60s)
2025-11-26 02:31:14 | INFO | MONITOR_SLEEP | Sleeping for 20s (base=20s, consecutive_errors=0, monitoring_suspended=False)
2025-11-26 02:31:34 | INFO | MONITOR_SLEEP | Sleeping for 20s (base=20s, consecutive_errors=0, monitoring_suspended=False)
2025-11-26 02:31:54 | INFO | MONITOR_SLEEP | Sleeping for 20s (base=20s, consecutive_errors=0, monitoring_suspended=False)
2025-11-26 02:32:14 | INFO | MONITOR | Paper trades checked (next in 60s)
2025-11-26 02:32:14 | INFO | MONITOR_SLEEP | Sleeping for 20s (base=20s, consecutive_errors=0, monitoring_suspended=False)
2025-11-26 02:32:34 | INFO | MONITOR_SLEEP | Sleeping for 20s (base=20s, consecutive_errors=0, monitoring_suspended=False)
2025-11-26 02:32:54 | INFO | MONITOR_SLEEP | Sleeping for 20s (base=20s, consecutive_errors=0, monitoring_suspended=False)
2025-11-26 02:33:14 | INFO | MONITOR | Paper trades checked (next in 60s)
2025-11-26 02:33:14 | INFO | MONITOR_SLEEP | Sleeping for 20s (base=20s, consecutive_errors=0, monitoring_suspended=False)
2025-11-26 02:33:34 | INFO | MONITOR_SLEEP | Sleeping for 20s (base=20s, consecutive_errors=0, monitoring_suspended=False)
2025-11-26 02:33:54 | INFO | MONITOR_SLEEP | Sleeping for 20s (base=20s, consecutive_errors=0, monitoring_suspended=False)
2025-11-26 02:34:14 | INFO | MONITOR | Paper trades checked (next in 60s)
2025-11-26 02:34:14 | INFO | MONITOR_SLEEP | Sleeping for 20s (base=20s, consecutive_errors=0, monitoring_suspended=False)
2025-11-26 02:34:34 | INFO | MONITOR_SLEEP | Sleeping for 20s (base=20s, consecutive_errors=0, monitoring_suspended=False)
2025-11-26 02:34:54 | INFO | MONITOR_SLEEP | Sleeping for 20s (base=20s, consecutive_errors=0, monitoring_suspended=False)
2025-11-26 02:35:14 | INFO | MONITOR | Paper trades checked (next in 60s)
2025-11-26 02:35:14 | INFO | MONITOR_SLEEP | Sleeping for 20s (base=20s, consecutive_errors=0, monitoring_suspended=False)
2025-11-26 02:35:34 | INFO | MONITOR_SLEEP | Sleeping for 20s (base=20s, consecutive_errors=0, monitoring_suspended=False)
2025-11-26 02:35:54 | INFO | MONITOR_SLEEP | Sleeping for 20s (base=20s, consecutive_errors=0, monitoring_suspended=False)
2025-11-26 02:36:14 | INFO | MONITOR | Paper trades checked (next in 60s)
2025-11-26 02:36:14 | INFO | MONITOR_SLEEP | Sleeping for 20s (base=20s, consecutive_errors=0, monitoring_suspended=False)
2025-11-26 02:36:34 | INFO | MONITOR_SLEEP | Sleeping for 20s (base=20s, consecutive_errors=0, monitoring_suspended=False)
2025-11-26 02:36:54 | INFO | MONITOR_SLEEP | Sleeping for 20s (base=20s, consecutive_errors=0, monitoring_suspended=False)
2025-11-26 02:37:14 | INFO | MONITOR | Paper trades checked (next in 60s)
2025-11-26 02:37:14 | INFO | MONITOR_SLEEP | Sleeping for 20s (base=20s, consecutive_errors=0, monitoring_suspended=False)
2025-11-26 02:37:34 | INFO | MONITOR_SLEEP | Sleeping for 20s (base=20s, consecutive_errors=0, monitoring_suspended=False)
2025-11-26 02:37:54 | INFO | MONITOR_SLEEP | Sleeping for 20s (base=20s, consecutive_errors=0, monitoring_suspended=False)
2025-11-26 02:38:14 | INFO | MONITOR | Paper trades checked (next in 60s)
2025-11-26 02:38:14 | INFO | MONITOR_SLEEP | Sleeping for 20s (base=20s, consecutive_errors=0, monitoring_suspended=False)
2025-11-26 02:38:34 | INFO | MONITOR_SLEEP | Sleeping for 20s (base=20s, consecutive_errors=0, monitoring_suspended=False)
2025-11-26 02:38:54 | INFO | MONITOR_SLEEP | Sleeping for 20s (base=20s, consecutive_errors=0, monitoring_suspended=False)
2025-11-26 02:39:14 | INFO | MONITOR | Paper trades checked (next in 60s)
2025-11-26 02:39:14 | INFO | MONITOR_SLEEP | Sleeping for 20s (base=20s, consecutive_errors=0, monitoring_suspended=False)
2025-11-26 02:39:34 | INFO | MONITOR_SLEEP | Sleeping for 20s (base=20s, consecutive_errors=0, monitoring_suspended=False)
2025-11-26 02:39:54 | INFO | MONITOR_SLEEP | Sleeping for 20s (base=20s, consecutive_errors=0, monitoring_suspended=False)
2025-11-26 02:40:14 | INFO | MONITOR | Paper trades checked (next in 60s)
2025-11-26 02:40:14 | INFO | MONITOR_SLEEP | Sleeping for 20s (base=20s, consecutive_errors=0, monitoring_suspended=False)
2025-11-26 02:40:34 | INFO | MONITOR_SLEEP | Sleeping for 20s (base=20s, consecutive_errors=0, monitoring_suspended=False)
2025-11-26 02:40:54 | INFO | MONITOR_SLEEP | Sleeping for 20s (base=20s, consecutive_errors=0, monitoring_suspended=False)
2025-11-26 02:41:14 | INFO | MONITOR | Paper trades checked (next in 60s)
2025-11-26 02:41:14 | INFO | MONITOR_SLEEP | Sleeping for 20s (base=20s, consecutive_errors=0, monitoring_suspended=False)
2025-11-26 02:41:34 | INFO | MONITOR_SLEEP | Sleeping for 20s (base=20s, consecutive_errors=0, monitoring_suspended=False)
2025-11-26 02:41:54 | INFO | MONITOR_SLEEP | Sleeping for 20s (base=20s, consecutive_errors=0, monitoring_suspended=False)
2025-11-26 02:42:14 | INFO | MONITOR | Paper trades checked (next in 60s)
2025-11-26 02:42:14 | INFO | MONITOR_SLEEP | Sleeping for 20s (base=20s, consecutive_errors=0, monitoring_suspended=False)
2025-11-26 02:42:34 | INFO | MONITOR_SLEEP | Sleeping for 20s (base=20s, consecutive_errors=0, monitoring_suspended=False)
2025-11-26 02:42:54 | INFO | MONITOR_SLEEP | Sleeping for 20s (base=20s, consecutive_errors=0, monitoring_suspended=False)
2025-11-26 02:43:14 | INFO | MONITOR | Paper trades checked (next in 60s)
2025-11-26 02:43:14 | INFO | MONITOR_SLEEP | Sleeping for 20s (base=20s, consecutive_errors=0, monitoring_suspended=False)
2025-11-26 02:43:34 | INFO | MONITOR_SLEEP | Sleeping for 20s (base=20s, consecutive_errors=0, monitoring_suspended=False)
2025-11-26 02:43:54 | INFO | MONITOR_SLEEP | Sleeping for 20s (base=20s, consecutive_errors=0, monitoring_suspended=False)
2025-11-26 02:44:14 | INFO | MONITOR | Paper trades checked (next in 60s)
2025-11-26 02:44:14 | INFO | MONITOR_SLEEP | Sleeping for 20s (base=20s, consecutive_errors=0, monitoring_suspended=False)
2025-11-26 02:44:34 | INFO | MONITOR_SLEEP | Sleeping for 20s (base=20s, consecutive_errors=0, monitoring_suspended=False)
2025-11-26 02:44:54 | INFO | MONITOR_SLEEP | Sleeping for 20s (base=20s, consecutive_errors=0, monitoring_suspended=False)
2025-11-26 02:45:14 | INFO | MONITOR | Paper trades checked (next in 60s)
2025-11-26 02:45:14 | INFO | MONITOR_SLEEP | Sleeping for 20s (base=20s, consecutive_errors=0, monitoring_suspended=False)
2025-11-26 02:45:34 | INFO | MONITOR_SLEEP | Sleeping for 20s (base=20s, consecutive_errors=0, monitoring_suspended=False)
2025-11-26 02:45:54 | INFO | MONITOR_SLEEP | Sleeping for 20s (base=20s, consecutive_errors=0, monitoring_suspended=False)
2025-11-26 02:46:14 | INFO | MONITOR | Paper trades checked (next in 60s)
2025-11-26 02:46:14 | INFO | MONITOR_SLEEP | Sleeping for 20s (base=20s, consecutive_errors=0, monitoring_suspended=False)
2025-11-26 02:46:34 | INFO | MONITOR_SLEEP | Sleeping for 20s (base=20s, consecutive_errors=0, monitoring_suspended=False)
2025-11-26 02:46:54 | INFO | MONITOR_SLEEP | Sleeping for 20s (base=20s, consecutive_errors=0, monitoring_suspended=False)
2025-11-26 02:47:14 | INFO | MONITOR | Paper trades checked (next in 60s)
2025-11-26 02:47:14 | INFO | MONITOR_SLEEP | Sleeping for 20s (base=20s, consecutive_errors=0, monitoring_suspended=False)
2025-11-26 02:47:34 | INFO | MONITOR_SLEEP | Sleeping for 20s (base=20s, consecutive_errors=0, monitoring_suspended=False)
2025-11-26 02:47:54 | INFO | MONITOR_SLEEP | Sleeping for 20s (base=20s, consecutive_errors=0, monitoring_suspended=False)
2025-11-26 02:48:14 | INFO | MONITOR | Paper trades checked (next in 60s)
2025-11-26 02:48:14 | INFO | MONITOR_SLEEP | Sleeping for 20s (base=20s, consecutive_errors=0, monitoring_suspended=False)
2025-11-26 02:48:34 | INFO | MONITOR_SLEEP | Sleeping for 20s (base=20s, consecutive_errors=0, monitoring_suspended=False)
2025-11-26 02:48:54 | INFO | MONITOR_SLEEP | Sleeping for 20s (base=20s, consecutive_errors=0, monitoring_suspended=False)
2025-11-26 02:49:14 | INFO | MONITOR | Paper trades checked (next in 60s)
2025-11-26 02:49:14 | INFO | MONITOR_SLEEP | Sleeping for 20s (base=20s, consecutive_errors=0, monitoring_suspended=False)
2025-11-26 02:49:34 | INFO | MONITOR_SLEEP | Sleeping for 20s (base=20s, consecutive_errors=0, monitoring_suspended=False)
2025-11-26 02:49:54 | INFO | MONITOR_SLEEP | Sleeping for 20s (base=20s, consecutive_errors=0, monitoring_suspended=False)
2025-11-26 02:50:14 | INFO | MONITOR | Paper trades checked (next in 60s)
2025-11-26 02:50:14 | INFO | MONITOR_SLEEP | Sleeping for 20s (base=20s, consecutive_errors=0, monitoring_suspended=False)
2025-11-26 02:50:35 | INFO | MONITOR_SLEEP | Sleeping for 20s (base=20s, consecutive_errors=0, monitoring_suspended=False)
2025-11-26 02:50:55 | INFO | MONITOR_SLEEP | Sleeping for 20s (base=20s, consecutive_errors=0, monitoring_suspended=False)
2025-11-26 02:51:15 | INFO | MONITOR | Paper trades checked (next in 60s)
2025-11-26 02:51:15 | INFO | MONITOR_SLEEP | Sleeping for 20s (base=20s, consecutive_errors=0, monitoring_suspended=False)
2025-11-26 02:51:35 | INFO | MONITOR_SLEEP | Sleeping for 20s (base=20s, consecutive_errors=0, monitoring_suspended=False)
2025-11-26 02:51:55 | INFO | MONITOR_SLEEP | Sleeping for 20s (base=20s, consecutive_errors=0, monitoring_suspended=False)
2025-11-26 02:52:15 | INFO | MONITOR | Paper trades checked (next in 60s)
2025-11-26 02:52:15 | INFO | MONITOR_SLEEP | Sleeping for 20s (base=20s, consecutive_errors=0, monitoring_suspended=False)
2025-11-26 02:52:35 | INFO | MONITOR_SLEEP | Sleeping for 20s (base=20s, consecutive_errors=0, monitoring_suspended=False)
2025-11-26 02:52:55 | INFO | MONITOR_SLEEP | Sleeping for 20s (base=20s, consecutive_errors=0, monitoring_suspended=False)
2025-11-26 02:53:15 | INFO | MONITOR | Paper trades checked (next in 60s)
2025-11-26 02:53:15 | INFO | MONITOR_SLEEP | Sleeping for 20s (base=20s, consecutive_errors=0, monitoring_suspended=False)
2025-11-26 02:53:35 | INFO | MONITOR_SLEEP | Sleeping for 20s (base=20s, consecutive_errors=0, monitoring_suspended=False)
2025-11-26 02:53:55 | INFO | MONITOR_SLEEP | Sleeping for 20s (base=20s, consecutive_errors=0, monitoring_suspended=False)
2025-11-26 02:54:15 | INFO | MONITOR | Paper trades checked (next in 60s)
2025-11-26 02:54:15 | INFO | MONITOR_SLEEP | Sleeping for 20s (base=20s, consecutive_errors=0, monitoring_suspended=False)
2025-11-26 02:54:35 | INFO | MONITOR_SLEEP | Sleeping for 20s (base=20s, consecutive_errors=0, monitoring_suspended=False)
2025-11-26 02:54:55 | INFO | MONITOR_SLEEP | Sleeping for 20s (base=20s, consecutive_errors=0, monitoring_suspended=False)
2025-11-26 02:55:15 | INFO | MONITOR | Paper trades checked (next in 60s)
2025-11-26 02:55:15 | INFO | MONITOR_SLEEP | Sleeping for 20s (base=20s, consecutive_errors=0, monitoring_suspended=False)
2025-11-26 02:55:35 | INFO | MONITOR_SLEEP | Sleeping for 20s (base=20s, consecutive_errors=0, monitoring_suspended=False)
2025-11-26 02:55:55 | INFO | MONITOR_SLEEP | Sleeping for 20s (base=20s, consecutive_errors=0, monitoring_suspended=False)
2025-11-26 02:56:15 | INFO | MONITOR | Paper trades checked (next in 60s)
2025-11-26 02:56:15 | INFO | MONITOR_SLEEP | Sleeping for 20s (base=20s, consecutive_errors=0, monitoring_suspended=False)
2025-11-26 02:56:35 | INFO | MONITOR_SLEEP | Sleeping for 20s (base=20s, consecutive_errors=0, monitoring_suspended=False)
2025-11-26 02:56:55 | INFO | MONITOR_SLEEP | Sleeping for 20s (base=20s, consecutive_errors=0, monitoring_suspended=False)
2025-11-26 02:57:15 | INFO | MONITOR | Paper trades checked (next in 60s)
2025-11-26 02:57:15 | INFO | MONITOR_SLEEP | Sleeping for 20s (base=20s, consecutive_errors=0, monitoring_suspended=False)
2025-11-26 02:57:35 | INFO | MONITOR_SLEEP | Sleeping for 20s (base=20s, consecutive_errors=0, monitoring_suspended=False)
2025-11-26 02:57:55 | INFO | MONITOR_SLEEP | Sleeping for 20s (base=20s, consecutive_errors=0, monitoring_suspended=False)
2025-11-26 02:58:15 | INFO | MONITOR | Paper trades checked (next in 60s)
2025-11-26 02:58:15 | INFO | MONITOR_SLEEP | Sleeping for 20s (base=20s, consecutive_errors=0, monitoring_suspended=False)
2025-11-26 02:58:35 | INFO | MONITOR_SLEEP | Sleeping for 20s (base=20s, consecutive_errors=0, monitoring_suspended=False)
2025-11-26 02:58:55 | INFO | MONITOR_SLEEP | Sleeping for 20s (base=20s, consecutive_errors=0, monitoring_suspended=False)
2025-11-26 02:59:15 | INFO | MONITOR | Paper trades checked (next in 60s)
2025-11-26 02:59:15 | INFO | MONITOR_SLEEP | Sleeping for 20s (base=20s, consecutive_errors=0, monitoring_suspended=False)
2025-11-26 02:59:35 | INFO | MONITOR_SLEEP | Sleeping for 20s (base=20s, consecutive_errors=0, monitoring_suspended=False)
2025-11-26 02:59:55 | INFO | MONITOR_SLEEP | Sleeping for 20s (base=20s, consecutive_errors=0, monitoring_suspended=False)
2025-11-26 03:00:15 | INFO | MONITOR | Paper trades checked (next in 60s)
2025-11-26 03:00:15 | INFO | MONITOR_SLEEP | Sleeping for 20s (base=20s, consecutive_errors=0, monitoring_suspended=False)
2025-11-26 03:00:35 | INFO | MONITOR_SLEEP | Sleeping for 20s (base=20s, consecutive_errors=0, monitoring_suspended=False)
2025-11-26 03:00:55 | INFO | MONITOR_SLEEP | Sleeping for 20s (base=20s, consecutive_errors=0, monitoring_suspended=False)
2025-11-26 03:01:15 | INFO | MONITOR | Paper trades checked (next in 60s)
2025-11-26 03:01:15 | INFO | MONITOR_SLEEP | Sleeping for 20s (base=20s, consecutive_errors=0, monitoring_suspended=False)
2025-11-26 03:01:35 | INFO | MONITOR_SLEEP | Sleeping for 20s (base=20s, consecutive_errors=0, monitoring_suspended=False)
2025-11-26 03:01:55 | INFO | MONITOR_SLEEP | Sleeping for 20s (base=20s, consecutive_errors=0, monitoring_suspended=False)
2025-11-26 03:02:15 | INFO | MONITOR | Paper trades checked (next in 60s)
2025-11-26 03:02:15 | INFO | MONITOR_SLEEP | Sleeping for 20s (base=20s, consecutive_errors=0, monitoring_suspended=False)
2025-11-26 03:02:35 | INFO | MONITOR_SLEEP | Sleeping for 20s (base=20s, consecutive_errors=0, monitoring_suspended=False)
2025-11-26 03:02:55 | INFO | MONITOR_SLEEP | Sleeping for 20s (base=20s, consecutive_errors=0, monitoring_suspended=False)
2025-11-26 03:03:15 | INFO | MONITOR | Paper trades checked (next in 60s)
2025-11-26 03:03:15 | INFO | MONITOR_SLEEP | Sleeping for 20s (base=20s, consecutive_errors=0, monitoring_suspended=False)
2025-11-26 03:03:35 | INFO | MONITOR_SLEEP | Sleeping for 20s (base=20s, consecutive_errors=0, monitoring_suspended=False)
2025-11-26 03:03:55 | INFO | MONITOR_SLEEP | Sleeping for 20s (base=20s, consecutive_errors=0, monitoring_suspended=False)
2025-11-26 03:04:15 | INFO | MONITOR | Paper trades checked (next in 60s)
2025-11-26 03:04:15 | INFO | MONITOR_SLEEP | Sleeping for 20s (base=20s, consecutive_errors=0, monitoring_suspended=False)
2025-11-26 03:04:35 | INFO | MONITOR_SLEEP | Sleeping for 20s (base=20s, consecutive_errors=0, monitoring_suspended=False)
2025-11-26 03:04:55 | INFO | MONITOR_SLEEP | Sleeping for 20s (base=20s, consecutive_errors=0, monitoring_suspended=False)
2025-11-26 03:05:15 | INFO | MONITOR | Paper trades checked (next in 60s)
2025-11-26 03:05:15 | INFO | MONITOR_SLEEP | Sleeping for 20s (base=20s, consecutive_errors=0, monitoring_suspended=False)
2025-11-26 03:05:35 | INFO | MONITOR_SLEEP | Sleeping for 20s (base=20s, consecutive_errors=0, monitoring_suspended=False)
2025-11-26 03:05:55 | INFO | MONITOR_SLEEP | Sleeping for 20s (base=20s, consecutive_errors=0, monitoring_suspended=False)
2025-11-26 03:06:15 | INFO | MONITOR | Paper trades checked (next in 60s)
2025-11-26 03:06:15 | INFO | MONITOR_SLEEP | Sleeping for 20s (base=20s, consecutive_errors=0, monitoring_suspended=False)
2025-11-26 03:06:35 | INFO | MONITOR_SLEEP | Sleeping for 20s (base=20s, consecutive_errors=0, monitoring_suspended=False)
2025-11-26 03:06:55 | INFO | MONITOR_SLEEP | Sleeping for 20s (base=20s, consecutive_errors=0, monitoring_suspended=False)
2025-11-26 03:07:15 | INFO | MONITOR | Paper trades checked (next in 60s)
2025-11-26 03:07:15 | INFO | MONITOR_SLEEP | Sleeping for 20s (base=20s, consecutive_errors=0, monitoring_suspended=False)
2025-11-26 03:07:35 | INFO | MONITOR_SLEEP | Sleeping for 20s (base=20s, consecutive_errors=0, monitoring_suspended=False)
2025-11-26 03:07:55 | INFO | MONITOR_SLEEP | Sleeping for 20s (base=20s, consecutive_errors=0, monitoring_suspended=False)
2025-11-26 03:08:15 | INFO | MONITOR | Paper trades checked (next in 60s)
2025-11-26 03:08:15 | INFO | MONITOR_SLEEP | Sleeping for 20s (base=20s, consecutive_errors=0, monitoring_suspended=False)
2025-11-26 03:08:35 | INFO | MONITOR_SLEEP | Sleeping for 20s (base=20s, consecutive_errors=0, monitoring_suspended=False)
2025-11-26 03:08:55 | INFO | MONITOR_SLEEP | Sleeping for 20s (base=20s, consecutive_errors=0, monitoring_suspended=False)
2025-11-26 03:09:15 | INFO | MONITOR | Paper trades checked (next in 60s)
2025-11-26 03:09:15 | INFO | MONITOR_SLEEP | Sleeping for 20s (base=20s, consecutive_errors=0, monitoring_suspended=False)
2025-11-26 03:09:35 | INFO | MONITOR_SLEEP | Sleeping for 20s (base=20s, consecutive_errors=0, monitoring_suspended=False)
2025-11-26 03:09:55 | INFO | MONITOR_SLEEP | Sleeping for 20s (base=20s, consecutive_errors=0, monitoring_suspended=False)
2025-11-26 03:10:15 | INFO | MONITOR | Paper trades checked (next in 60s)
2025-11-26 03:10:15 | INFO | MONITOR_SLEEP | Sleeping for 20s (base=20s, consecutive_errors=0, monitoring_suspended=False)
2025-11-26 03:10:35 | INFO | MONITOR_SLEEP | Sleeping for 20s (base=20s, consecutive_errors=0, monitoring_suspended=False)
2025-11-26 03:10:55 | INFO | MONITOR_SLEEP | Sleeping for 20s (base=20s, consecutive_errors=0, monitoring_suspended=False)
2025-11-26 03:11:15 | INFO | MONITOR | Paper trades checked (next in 60s)
2025-11-26 03:11:15 | INFO | MONITOR_SLEEP | Sleeping for 20s (base=20s, consecutive_errors=0, monitoring_suspended=False)
2025-11-26 03:11:35 | INFO | MONITOR_SLEEP | Sleeping for 20s (base=20s, consecutive_errors=0, monitoring_suspended=False)
2025-11-26 03:11:55 | INFO | MONITOR_SLEEP | Sleeping for 20s (base=20s, consecutive_errors=0, monitoring_suspended=False)
2025-11-26 03:12:15 | INFO | MONITOR | Paper trades checked (next in 60s)
2025-11-26 03:12:15 | INFO | MONITOR_SLEEP | Sleeping for 20s (base=20s, consecutive_errors=0, monitoring_suspended=False)
2025-11-26 03:12:35 | INFO | MONITOR_SLEEP | Sleeping for 20s (base=20s, consecutive_errors=0, monitoring_suspended=False)
2025-11-26 03:12:55 | INFO | MONITOR_SLEEP | Sleeping for 20s (base=20s, consecutive_errors=0, monitoring_suspended=False)
2025-11-26 03:13:15 | INFO | MONITOR | Paper trades checked (next in 60s)
2025-11-26 03:13:15 | INFO | MONITOR_SLEEP | Sleeping for 20s (base=20s, consecutive_errors=0, monitoring_suspended=False)
2025-11-26 03:13:35 | INFO | MONITOR_SLEEP | Sleeping for 20s (base=20s, consecutive_errors=0, monitoring_suspended=False)
2025-11-26 03:13:55 | INFO | MONITOR_SLEEP | Sleeping for 20s (base=20s, consecutive_errors=0, monitoring_suspended=False)
2025-11-26 03:14:15 | INFO | MONITOR | Paper trades checked (next in 60s)
2025-11-26 03:14:15 | INFO | MONITOR_SLEEP | Sleeping for 20s (base=20s, consecutive_errors=0, monitoring_suspended=False)
2025-11-26 03:14:35 | INFO | MONITOR_SLEEP | Sleeping for 20s (base=20s, consecutive_errors=0, monitoring_suspended=False)
2025-11-26 03:14:55 | INFO | MONITOR_SLEEP | Sleeping for 20s (base=20s, consecutive_errors=0, monitoring_suspended=False)
2025-11-26 03:15:15 | INFO | MONITOR | Paper trades checked (next in 60s)
2025-11-26 03:15:15 | INFO | MONITOR_SLEEP | Sleeping for 20s (base=20s, consecutive_errors=0, monitoring_suspended=False)
2025-11-26 03:15:35 | INFO | MONITOR_SLEEP | Sleeping for 20s (base=20s, consecutive_errors=0, monitoring_suspended=False)
2025-11-26 03:15:55 | INFO | MONITOR_SLEEP | Sleeping for 20s (base=20s, consecutive_errors=0, monitoring_suspended=False)
2025-11-26 03:16:15 | INFO | MONITOR | Paper trades checked (next in 60s)
2025-11-26 03:16:15 | INFO | MONITOR_SLEEP | Sleeping for 20s (base=20s, consecutive_errors=0, monitoring_suspended=False)
2025-11-26 03:16:35 | INFO | MONITOR_SLEEP | Sleeping for 20s (base=20s, consecutive_errors=0, monitoring_suspended=False)
2025-11-26 03:16:55 | INFO | MONITOR_SLEEP | Sleeping for 20s (base=20s, consecutive_errors=0, monitoring_suspended=False)
2025-11-26 03:17:15 | INFO | MONITOR | Paper trades checked (next in 60s)
2025-11-26 03:17:15 | INFO | MONITOR_SLEEP | Sleeping for 20s (base=20s, consecutive_errors=0, monitoring_suspended=False)
2025-11-26 03:17:35 | INFO | MONITOR_SLEEP | Sleeping for 20s (base=20s, consecutive_errors=0, monitoring_suspended=False)
2025-11-26 03:17:55 | INFO | MONITOR_SLEEP | Sleeping for 20s (base=20s, consecutive_errors=0, monitoring_suspended=False)
2025-11-26 03:18:15 | INFO | MONITOR | Paper trades checked (next in 60s)
2025-11-26 03:18:15 | INFO | MONITOR_SLEEP | Sleeping for 20s (base=20s, consecutive_errors=0, monitoring_suspended=False)
2025-11-26 03:18:35 | INFO | MONITOR_SLEEP | Sleeping for 20s (base=20s, consecutive_errors=0, monitoring_suspended=False)
2025-11-26 03:18:55 | INFO | MONITOR_SLEEP | Sleeping for 20s (base=20s, consecutive_errors=0, monitoring_suspended=False)
2025-11-26 03:19:15 | INFO | MONITOR | Paper trades checked (next in 60s)
2025-11-26 03:19:15 | INFO | MONITOR_SLEEP | Sleeping for 20s (base=20s, consecutive_errors=0, monitoring_suspended=False)
2025-11-26 03:19:35 | INFO | MONITOR_SLEEP | Sleeping for 20s (base=20s, consecutive_errors=0, monitoring_suspended=False)
2025-11-26 03:19:55 | INFO | MONITOR_SLEEP | Sleeping for 20s (base=20s, consecutive_errors=0, monitoring_suspended=False)
2025-11-26 03:20:15 | INFO | MONITOR | Paper trades checked (next in 60s)
2025-11-26 03:20:15 | INFO | MONITOR_SLEEP | Sleeping for 20s (base=20s, consecutive_errors=0, monitoring_suspended=False)
2025-11-26 03:20:35 | INFO | MONITOR_SLEEP | Sleeping for 20s (base=20s, consecutive_errors=0, monitoring_suspended=False)
2025-11-26 03:20:55 | INFO | MONITOR_SLEEP | Sleeping for 20s (base=20s, consecutive_errors=0, monitoring_suspended=False)
2025-11-26 03:21:15 | INFO | MONITOR | Paper trades checked (next in 60s)
2025-11-26 03:21:15 | INFO | MONITOR_SLEEP | Sleeping for 20s (base=20s, consecutive_errors=0, monitoring_suspended=False)
2025-11-26 03:21:35 | INFO | MONITOR_SLEEP | Sleeping for 20s (base=20s, consecutive_errors=0, monitoring_suspended=False)
2025-11-26 03:21:55 | INFO | MONITOR_SLEEP | Sleeping for 20s (base=20s, consecutive_errors=0, monitoring_suspended=False)
2025-11-26 03:22:15 | INFO | MONITOR | Paper trades checked (next in 60s)
2025-11-26 03:22:15 | INFO | MONITOR_SLEEP | Sleeping for 20s (base=20s, consecutive_errors=0, monitoring_suspended=False)
2025-11-26 03:22:35 | INFO | MONITOR_SLEEP | Sleeping for 20s (base=20s, consecutive_errors=0, monitoring_suspended=False)
2025-11-26 03:22:55 | INFO | MONITOR_SLEEP | Sleeping for 20s (base=20s, consecutive_errors=0, monitoring_suspended=False)
2025-11-26 03:23:15 | INFO | MONITOR | Paper trades checked (next in 60s)
2025-11-26 03:23:15 | INFO | MONITOR_SLEEP | Sleeping for 20s (base=20s, consecutive_errors=0, monitoring_suspended=False)
2025-11-26 03:23:35 | INFO | MONITOR_SLEEP | Sleeping for 20s (base=20s, consecutive_errors=0, monitoring_suspended=False)
2025-11-26 03:23:55 | INFO | MONITOR_SLEEP | Sleeping for 20s (base=20s, consecutive_errors=0, monitoring_suspended=False)
2025-11-26 03:24:15 | INFO | MONITOR | Paper trades checked (next in 60s)
2025-11-26 03:24:15 | INFO | MONITOR_SLEEP | Sleeping for 20s (base=20s, consecutive_errors=0, monitoring_suspended=False)
2025-11-26 03:24:35 | INFO | MONITOR_SLEEP | Sleeping for 20s (base=20s, consecutive_errors=0, monitoring_suspended=False)
2025-11-26 03:24:55 | INFO | MONITOR_SLEEP | Sleeping for 20s (base=20s, consecutive_errors=0, monitoring_suspended=False)
2025-11-26 03:25:15 | INFO | MONITOR | Paper trades checked (next in 60s)
2025-11-26 03:25:15 | INFO | MONITOR_SLEEP | Sleeping for 20s (base=20s, consecutive_errors=0, monitoring_suspended=False)
2025-11-26 03:25:35 | INFO | MONITOR_SLEEP | Sleeping for 20s (base=20s, consecutive_errors=0, monitoring_suspended=False)
2025-11-26 03:25:55 | INFO | MONITOR_SLEEP | Sleeping for 20s (base=20s, consecutive_errors=0, monitoring_suspended=False)
2025-11-26 03:26:15 | INFO | MONITOR | Paper trades checked (next in 60s)
2025-11-26 03:26:15 | INFO | MONITOR_SLEEP | Sleeping for 20s (base=20s, consecutive_errors=0, monitoring_suspended=False)
2025-11-26 03:26:35 | INFO | MONITOR_SLEEP | Sleeping for 20s (base=20s, consecutive_errors=0, monitoring_suspended=False)
2025-11-26 03:26:55 | INFO | MONITOR_SLEEP | Sleeping for 20s (base=20s, consecutive_errors=0, monitoring_suspended=False)
2025-11-26 03:27:15 | INFO | MONITOR | Paper trades checked (next in 60s)
2025-11-26 03:27:15 | INFO | MONITOR_SLEEP | Sleeping for 20s (base=20s, consecutive_errors=0, monitoring_suspended=False)
2025-11-26 03:27:35 | INFO | MONITOR_SLEEP | Sleeping for 20s (base=20s, consecutive_errors=0, monitoring_suspended=False)
2025-11-26 03:27:55 | INFO | MONITOR_SLEEP | Sleeping for 20s (base=20s, consecutive_errors=0, monitoring_suspended=False)
2025-11-26 03:28:15 | INFO | MONITOR | Paper trades checked (next in 60s)
2025-11-26 03:28:15 | INFO | MONITOR_SLEEP | Sleeping for 20s (base=20s, consecutive_errors=0, monitoring_suspended=False)
2025-11-26 03:28:35 | INFO | MONITOR_SLEEP | Sleeping for 20s (base=20s, consecutive_errors=0, monitoring_suspended=False)
2025-11-26 03:28:55 | INFO | MONITOR_SLEEP | Sleeping for 20s (base=20s, consecutive_errors=0, monitoring_suspended=False)
2025-11-26 03:29:15 | INFO | MONITOR | Paper trades checked (next in 60s)
2025-11-26 03:29:15 | INFO | MONITOR_SLEEP | Sleeping for 20s (base=20s, consecutive_errors=0, monitoring_suspended=False)
2025-11-26 03:29:35 | INFO | MONITOR_SLEEP | Sleeping for 20s (base=20s, consecutive_errors=0, monitoring_suspended=False)
2025-11-26 03:29:55 | INFO | MONITOR_SLEEP | Sleeping for 20s (base=20s, consecutive_errors=0, monitoring_suspended=False)
2025-11-26 03:30:15 | INFO | MONITOR | Paper trades checked (next in 60s)
2025-11-26 03:30:15 | INFO | MONITOR_SLEEP | Sleeping for 20s (base=20s, consecutive_errors=0, monitoring_suspended=False)
2025-11-26 03:30:35 | INFO | MONITOR_SLEEP | Sleeping for 20s (base=20s, consecutive_errors=0, monitoring_suspended=False)
2025-11-26 03:30:55 | INFO | MONITOR_SLEEP | Sleeping for 20s (base=20s, consecutive_errors=0, monitoring_suspended=False)
2025-11-26 03:31:15 | INFO | MONITOR | Paper trades checked (next in 60s)
2025-11-26 03:31:15 | INFO | MONITOR_SLEEP | Sleeping for 20s (base=20s, consecutive_errors=0, monitoring_suspended=False)
2025-11-26 03:31:35 | INFO | MONITOR_SLEEP | Sleeping for 20s (base=20s, consecutive_errors=0, monitoring_suspended=False)
2025-11-26 03:31:55 | INFO | MONITOR_SLEEP | Sleeping for 20s (base=20s, consecutive_errors=0, monitoring_suspended=False)
2025-11-26 03:32:15 | INFO | MONITOR | Paper trades checked (next in 60s)
2025-11-26 03:32:15 | INFO | MONITOR_SLEEP | Sleeping for 20s (base=20s, consecutive_errors=0, monitoring_suspended=False)
2025-11-26 03:32:35 | INFO | MONITOR_SLEEP | Sleeping for 20s (base=20s, consecutive_errors=0, monitoring_suspended=False)
2025-11-26 03:32:55 | INFO | MONITOR_SLEEP | Sleeping for 20s (base=20s, consecutive_errors=0, monitoring_suspended=False)
2025-11-26 03:33:15 | INFO | MONITOR | Paper trades checked (next in 60s)
2025-11-26 03:33:15 | INFO | MONITOR_SLEEP | Sleeping for 20s (base=20s, consecutive_errors=0, monitoring_suspended=False)
2025-11-26 03:33:35 | INFO | MONITOR_SLEEP | Sleeping for 20s (base=20s, consecutive_errors=0, monitoring_suspended=False)
2025-11-26 03:33:55 | INFO | MONITOR_SLEEP | Sleeping for 20s (base=20s, consecutive_errors=0, monitoring_suspended=False)
2025-11-26 03:34:15 | INFO | MONITOR | Paper trades checked (next in 60s)
2025-11-26 03:34:15 | INFO | MONITOR_SLEEP | Sleeping for 20s (base=20s, consecutive_errors=0, monitoring_suspended=False)
2025-11-26 03:34:35 | INFO | MONITOR_SLEEP | Sleeping for 20s (base=20s, consecutive_errors=0, monitoring_suspended=False)
2025-11-26 03:34:55 | INFO | MONITOR_SLEEP | Sleeping for 20s (base=20s, consecutive_errors=0, monitoring_suspended=False)
2025-11-26 03:35:15 | INFO | MONITOR | Paper trades checked (next in 60s)
2025-11-26 03:35:15 | INFO | MONITOR_SLEEP | Sleeping for 20s (base=20s, consecutive_errors=0, monitoring_suspended=False)
2025-11-26 03:35:35 | INFO | MONITOR_SLEEP | Sleeping for 20s (base=20s, consecutive_errors=0, monitoring_suspended=False)
2025-11-26 03:35:55 | INFO | MONITOR_SLEEP | Sleeping for 20s (base=20s, consecutive_errors=0, monitoring_suspended=False)
2025-11-26 03:36:15 | INFO | MONITOR | Paper trades checked (next in 60s)
2025-11-26 03:36:15 | INFO | MONITOR_SLEEP | Sleeping for 20s (base=20s, consecutive_errors=0, monitoring_suspended=False)
2025-11-26 03:36:35 | INFO | MONITOR_SLEEP | Sleeping for 20s (base=20s, consecutive_errors=0, monitoring_suspended=False)
2025-11-26 03:36:55 | INFO | MONITOR_SLEEP | Sleeping for 20s (base=20s, consecutive_errors=0, monitoring_suspended=False)
2025-11-26 03:37:15 | INFO | MONITOR | Paper trades checked (next in 60s)
2025-11-26 03:37:15 | INFO | MONITOR_SLEEP | Sleeping for 20s (base=20s, consecutive_errors=0, monitoring_suspended=False)
2025-11-26 03:37:35 | INFO | MONITOR_SLEEP | Sleeping for 20s (base=20s, consecutive_errors=0, monitoring_suspended=False)
2025-11-26 03:37:55 | INFO | MONITOR_SLEEP | Sleeping for 20s (base=20s, consecutive_errors=0, monitoring_suspended=False)
2025-11-26 03:38:15 | INFO | MONITOR | Paper trades checked (next in 60s)
2025-11-26 03:38:15 | INFO | MONITOR_SLEEP | Sleeping for 20s (base=20s, consecutive_errors=0, monitoring_suspended=False)
2025-11-26 03:38:35 | INFO | MONITOR_SLEEP | Sleeping for 20s (base=20s, consecutive_errors=0, monitoring_suspended=False)
2025-11-26 03:38:55 | INFO | MONITOR_SLEEP | Sleeping for 20s (base=20s, consecutive_errors=0, monitoring_suspended=False)
2025-11-26 03:39:15 | INFO | MONITOR | Paper trades checked (next in 60s)
2025-11-26 03:39:15 | INFO | MONITOR_SLEEP | Sleeping for 20s (base=20s, consecutive_errors=0, monitoring_suspended=False)
2025-11-26 03:39:35 | INFO | MONITOR_SLEEP | Sleeping for 20s (base=20s, consecutive_errors=0, monitoring_suspended=False)
2025-11-26 03:39:55 | INFO | MONITOR_SLEEP | Sleeping for 20s (base=20s, consecutive_errors=0, monitoring_suspended=False)
2025-11-26 03:40:15 | INFO | MONITOR | Paper trades checked (next in 60s)
2025-11-26 03:40:15 | INFO | MONITOR_SLEEP | Sleeping for 20s (base=20s, consecutive_errors=0, monitoring_suspended=False)
2025-11-26 03:40:35 | INFO | MONITOR_SLEEP | Sleeping for 20s (base=20s, consecutive_errors=0, monitoring_suspended=False)
2025-11-26 03:40:55 | INFO | MONITOR_SLEEP | Sleeping for 20s (base=20s, consecutive_errors=0, monitoring_suspended=False)
2025-11-26 03:41:15 | INFO | MONITOR | Paper trades checked (next in 60s)
2025-11-26 03:41:15 | INFO | MONITOR_SLEEP | Sleeping for 20s (base=20s, consecutive_errors=0, monitoring_suspended=False)
2025-11-26 03:41:35 | INFO | MONITOR_SLEEP | Sleeping for 20s (base=20s, consecutive_errors=0, monitoring_suspended=False)
2025-11-26 03:41:55 | INFO | MONITOR_SLEEP | Sleeping for 20s (base=20s, consecutive_errors=0, monitoring_suspended=False)
2025-11-26 03:42:15 | INFO | MONITOR | Paper trades checked (next in 60s)
2025-11-26 03:42:15 | INFO | MONITOR_SLEEP | Sleeping for 20s (base=20s, consecutive_errors=0, monitoring_suspended=False)
2025-11-26 03:42:35 | INFO | MONITOR_SLEEP | Sleeping for 20s (base=20s, consecutive_errors=0, monitoring_suspended=False)
2025-11-26 03:42:55 | INFO | MONITOR_SLEEP | Sleeping for 20s (base=20s, consecutive_errors=0, monitoring_suspended=False)
2025-11-26 03:43:15 | INFO | MONITOR | Paper trades checked (next in 60s)
2025-11-26 03:43:15 | INFO | MONITOR_SLEEP | Sleeping for 20s (base=20s, consecutive_errors=0, monitoring_suspended=False)
2025-11-26 03:43:35 | INFO | MONITOR_SLEEP | Sleeping for 20s (base=20s, consecutive_errors=0, monitoring_suspended=False)
2025-11-26 03:43:55 | INFO | MONITOR_SLEEP | Sleeping for 20s (base=20s, consecutive_errors=0, monitoring_suspended=False)
2025-11-26 03:44:15 | INFO | MONITOR | Paper trades checked (next in 60s)
2025-11-26 03:44:15 | INFO | MONITOR_SLEEP | Sleeping for 20s (base=20s, consecutive_errors=0, monitoring_suspended=False)
2025-11-26 03:44:35 | INFO | MONITOR_SLEEP | Sleeping for 20s (base=20s, consecutive_errors=0, monitoring_suspended=False)
2025-11-26 03:44:55 | INFO | MONITOR_SLEEP | Sleeping for 20s (base=20s, consecutive_errors=0, monitoring_suspended=False)
2025-11-26 03:45:15 | INFO | MONITOR | Paper trades checked (next in 60s)
2025-11-26 03:45:15 | INFO | MONITOR_SLEEP | Sleeping for 20s (base=20s, consecutive_errors=0, monitoring_suspended=False)
2025-11-26 03:45:35 | INFO | MONITOR_SLEEP | Sleeping for 20s (base=20s, consecutive_errors=0, monitoring_suspended=False)
2025-11-26 03:45:55 | INFO | MONITOR_SLEEP | Sleeping for 20s (base=20s, consecutive_errors=0, monitoring_suspended=False)
2025-11-26 03:46:15 | INFO | MONITOR | Paper trades checked (next in 60s)
2025-11-26 03:46:15 | INFO | MONITOR_SLEEP | Sleeping for 20s (base=20s, consecutive_errors=0, monitoring_suspended=False)
2025-11-26 03:46:35 | INFO | MONITOR_SLEEP | Sleeping for 20s (base=20s, consecutive_errors=0, monitoring_suspended=False)
2025-11-26 03:46:55 | INFO | MONITOR_SLEEP | Sleeping for 20s (base=20s, consecutive_errors=0, monitoring_suspended=False)
2025-11-26 03:47:15 | INFO | MONITOR | Paper trades checked (next in 60s)
2025-11-26 03:47:15 | INFO | MONITOR_SLEEP | Sleeping for 20s (base=20s, consecutive_errors=0, monitoring_suspended=False)
2025-11-26 03:47:35 | INFO | MONITOR_SLEEP | Sleeping for 20s (base=20s, consecutive_errors=0, monitoring_suspended=False)
2025-11-26 03:47:55 | INFO | MONITOR_SLEEP | Sleeping for 20s (base=20s, consecutive_errors=0, monitoring_suspended=False)
2025-11-26 03:48:15 | INFO | MONITOR | Paper trades checked (next in 60s)
2025-11-26 03:48:15 | INFO | MONITOR_SLEEP | Sleeping for 20s (base=20s, consecutive_errors=0, monitoring_suspended=False)
2025-11-26 03:48:35 | INFO | MONITOR_SLEEP | Sleeping for 20s (base=20s, consecutive_errors=0, monitoring_suspended=False)
2025-11-26 03:48:55 | INFO | MONITOR_SLEEP | Sleeping for 20s (base=20s, consecutive_errors=0, monitoring_suspended=False)
2025-11-26 03:49:15 | INFO | MONITOR | Paper trades checked (next in 60s)
2025-11-26 03:49:15 | INFO | MONITOR_SLEEP | Sleeping for 20s (base=20s, consecutive_errors=0, monitoring_suspended=False)
2025-11-26 03:49:35 | INFO | MONITOR_SLEEP | Sleeping for 20s (base=20s, consecutive_errors=0, monitoring_suspended=False)
2025-11-26 03:49:55 | INFO | MONITOR_SLEEP | Sleeping for 20s (base=20s, consecutive_errors=0, monitoring_suspended=False)
2025-11-26 03:50:15 | INFO | MONITOR | Paper trades checked (next in 60s)
2025-11-26 03:50:15 | INFO | MONITOR_SLEEP | Sleeping for 20s (base=20s, consecutive_errors=0, monitoring_suspended=False)
2025-11-26 03:50:35 | INFO | MONITOR_SLEEP | Sleeping for 20s (base=20s, consecutive_errors=0, monitoring_suspended=False)
2025-11-26 03:50:55 | INFO | MONITOR_SLEEP | Sleeping for 20s (base=20s, consecutive_errors=0, monitoring_suspended=False)
2025-11-26 03:51:15 | INFO | MONITOR | Paper trades checked (next in 60s)
2025-11-26 03:51:15 | INFO | MONITOR_SLEEP | Sleeping for 20s (base=20s, consecutive_errors=0, monitoring_suspended=False)
2025-11-26 03:51:35 | INFO | MONITOR_SLEEP | Sleeping for 20s (base=20s, consecutive_errors=0, monitoring_suspended=False)
2025-11-26 03:51:55 | INFO | MONITOR_SLEEP | Sleeping for 20s (base=20s, consecutive_errors=0, monitoring_suspended=False)
2025-11-26 03:52:15 | INFO | MONITOR | Paper trades checked (next in 60s)
2025-11-26 03:52:15 | INFO | MONITOR_SLEEP | Sleeping for 20s (base=20s, consecutive_errors=0, monitoring_suspended=False)
2025-11-26 03:52:35 | INFO | MONITOR_SLEEP | Sleeping for 20s (base=20s, consecutive_errors=0, monitoring_suspended=False)
2025-11-26 03:52:55 | INFO | MONITOR_SLEEP | Sleeping for 20s (base=20s, consecutive_errors=0, monitoring_suspended=False)
2025-11-26 03:53:15 | INFO | MONITOR | Paper trades checked (next in 60s)
2025-11-26 03:53:15 | INFO | MONITOR_SLEEP | Sleeping for 20s (base=20s, consecutive_errors=0, monitoring_suspended=False)
2025-11-26 03:53:35 | INFO | MONITOR_SLEEP | Sleeping for 20s (base=20s, consecutive_errors=0, monitoring_suspended=False)
2025-11-26 03:53:55 | INFO | MONITOR_SLEEP | Sleeping for 20s (base=20s, consecutive_errors=0, monitoring_suspended=False)
2025-11-26 03:54:15 | INFO | MONITOR | Paper trades checked (next in 60s)
2025-11-26 03:54:15 | INFO | MONITOR_SLEEP | Sleeping for 20s (base=20s, consecutive_errors=0, monitoring_suspended=False)
2025-11-26 03:54:35 | INFO | MONITOR_SLEEP | Sleeping for 20s (base=20s, consecutive_errors=0, monitoring_suspended=False)
2025-11-26 03:54:55 | INFO | MONITOR_SLEEP | Sleeping for 20s (base=20s, consecutive_errors=0, monitoring_suspended=False)
2025-11-26 03:55:15 | INFO | MONITOR | Paper trades checked (next in 60s)
2025-11-26 03:55:15 | INFO | MONITOR_SLEEP | Sleeping for 20s (base=20s, consecutive_errors=0, monitoring_suspended=False)
2025-11-26 03:55:35 | INFO | MONITOR_SLEEP | Sleeping for 20s (base=20s, consecutive_errors=0, monitoring_suspended=False)
2025-11-26 03:55:55 | INFO | MONITOR_SLEEP | Sleeping for 20s (base=20s, consecutive_errors=0, monitoring_suspended=False)
2025-11-26 03:56:15 | INFO | MONITOR | Paper trades checked (next in 60s)
2025-11-26 03:56:15 | INFO | MONITOR_SLEEP | Sleeping for 20s (base=20s, consecutive_errors=0, monitoring_suspended=False)
2025-11-26 03:56:35 | INFO | MONITOR_SLEEP | Sleeping for 20s (base=20s, consecutive_errors=0, monitoring_suspended=False)
2025-11-26 03:56:55 | INFO | MONITOR_SLEEP | Sleeping for 20s (base=20s, consecutive_errors=0, monitoring_suspended=False)
2025-11-26 03:57:15 | INFO | MONITOR | Paper trades checked (next in 60s)
2025-11-26 03:57:15 | INFO | MONITOR_SLEEP | Sleeping for 20s (base=20s, consecutive_errors=0, monitoring_suspended=False)
2025-11-26 03:57:35 | INFO | MONITOR_SLEEP | Sleeping for 20s (base=20s, consecutive_errors=0, monitoring_suspended=False)
2025-11-26 03:57:55 | INFO | MONITOR_SLEEP | Sleeping for 20s (base=20s, consecutive_errors=0, monitoring_suspended=False)
2025-11-26 03:58:15 | INFO | MONITOR | Paper trades checked (next in 60s)
2025-11-26 03:58:15 | INFO | MONITOR_SLEEP | Sleeping for 20s (base=20s, consecutive_errors=0, monitoring_suspended=False)
2025-11-26 03:58:35 | INFO | MONITOR_SLEEP | Sleeping for 20s (base=20s, consecutive_errors=0, monitoring_suspended=False)
2025-11-26 03:58:55 | INFO | MONITOR_SLEEP | Sleeping for 20s (base=20s, consecutive_errors=0, monitoring_suspended=False)
2025-11-26 03:59:15 | INFO | MONITOR | Paper trades checked (next in 60s)
2025-11-26 03:59:15 | INFO | MONITOR_SLEEP | Sleeping for 20s (base=20s, consecutive_errors=0, monitoring_suspended=False)
2025-11-26 03:59:35 | INFO | MONITOR_SLEEP | Sleeping for 20s (base=20s, consecutive_errors=0, monitoring_suspended=False)
2025-11-26 03:59:55 | INFO | MONITOR_SLEEP | Sleeping for 20s (base=20s, consecutive_errors=0, monitoring_suspended=False)
2025-11-26 04:00:15 | INFO | MONITOR | Paper trades checked (next in 60s)
2025-11-26 04:00:15 | INFO | MONITOR_SLEEP | Sleeping for 20s (base=20s, consecutive_errors=0, monitoring_suspended=False)
2025-11-26 04:00:35 | INFO | MONITOR_SLEEP | Sleeping for 20s (base=20s, consecutive_errors=0, monitoring_suspended=False)
2025-11-26 04:00:55 | INFO | MONITOR_SLEEP | Sleeping for 20s (base=20s, consecutive_errors=0, monitoring_suspended=False)
2025-11-26 04:01:15 | INFO | MONITOR | Paper trades checked (next in 60s)
2025-11-26 04:01:15 | INFO | MONITOR_SLEEP | Sleeping for 20s (base=20s, consecutive_errors=0, monitoring_suspended=False)
2025-11-26 04:01:35 | INFO | MONITOR_SLEEP | Sleeping for 20s (base=20s, consecutive_errors=0, monitoring_suspended=False)
2025-11-26 04:01:55 | INFO | MONITOR_SLEEP | Sleeping for 20s (base=20s, consecutive_errors=0, monitoring_suspended=False)
2025-11-26 04:02:15 | INFO | MONITOR | Paper trades checked (next in 60s)
2025-11-26 04:02:15 | INFO | MONITOR_SLEEP | Sleeping for 20s (base=20s, consecutive_errors=0, monitoring_suspended=False)
2025-11-26 04:02:35 | INFO | MONITOR_SLEEP | Sleeping for 20s (base=20s, consecutive_errors=0, monitoring_suspended=False)
2025-11-26 04:02:55 | INFO | MONITOR_SLEEP | Sleeping for 20s (base=20s, consecutive_errors=0, monitoring_suspended=False)
2025-11-26 04:03:15 | INFO | MONITOR | Paper trades checked (next in 60s)
2025-11-26 04:03:15 | INFO | MONITOR_SLEEP | Sleeping for 20s (base=20s, consecutive_errors=0, monitoring_suspended=False)
2025-11-26 04:03:35 | INFO | MONITOR_SLEEP | Sleeping for 20s (base=20s, consecutive_errors=0, monitoring_suspended=False)
2025-11-26 04:03:55 | INFO | MONITOR_SLEEP | Sleeping for 20s (base=20s, consecutive_errors=0, monitoring_suspended=False)
2025-11-26 04:04:15 | INFO | MONITOR | Paper trades checked (next in 60s)
2025-11-26 04:04:15 | INFO | MONITOR_SLEEP | Sleeping for 20s (base=20s, consecutive_errors=0, monitoring_suspended=False)
2025-11-26 04:04:35 | INFO | MONITOR_SLEEP | Sleeping for 20s (base=20s, consecutive_errors=0, monitoring_suspended=False)
2025-11-26 04:04:55 | INFO | MONITOR_SLEEP | Sleeping for 20s (base=20s, consecutive_errors=0, monitoring_suspended=False)
2025-11-26 04:05:15 | INFO | MONITOR | Paper trades checked (next in 60s)
2025-11-26 04:05:15 | INFO | MONITOR_SLEEP | Sleeping for 20s (base=20s, consecutive_errors=0, monitoring_suspended=False)
2025-11-26 04:05:35 | INFO | MONITOR_SLEEP | Sleeping for 20s (base=20s, consecutive_errors=0, monitoring_suspended=False)
2025-11-26 04:05:55 | INFO | MONITOR_SLEEP | Sleeping for 20s (base=20s, consecutive_errors=0, monitoring_suspended=False)
2025-11-26 04:06:15 | INFO | MONITOR | Paper trades checked (next in 60s)
2025-11-26 04:06:15 | INFO | MONITOR_SLEEP | Sleeping for 20s (base=20s, consecutive_errors=0, monitoring_suspended=False)
2025-11-26 04:06:35 | INFO | MONITOR_SLEEP | Sleeping for 20s (base=20s, consecutive_errors=0, monitoring_suspended=False)
2025-11-26 04:06:55 | INFO | MONITOR_SLEEP | Sleeping for 20s (base=20s, consecutive_errors=0, monitoring_suspended=False)
2025-11-26 04:07:15 | INFO | MONITOR | Paper trades checked (next in 60s)
2025-11-26 04:07:15 | INFO | MONITOR_SLEEP | Sleeping for 20s (base=20s, consecutive_errors=0, monitoring_suspended=False)
2025-11-26 04:07:35 | INFO | MONITOR_SLEEP | Sleeping for 20s (base=20s, consecutive_errors=0, monitoring_suspended=False)
2025-11-26 04:07:55 | INFO | MONITOR_SLEEP | Sleeping for 20s (base=20s, consecutive_errors=0, monitoring_suspended=False)
2025-11-26 04:08:15 | INFO | MONITOR | Paper trades checked (next in 60s)
2025-11-26 04:08:15 | INFO | MONITOR_SLEEP | Sleeping for 20s (base=20s, consecutive_errors=0, monitoring_suspended=False)
2025-11-26 04:08:35 | INFO | MONITOR_SLEEP | Sleeping for 20s (base=20s, consecutive_errors=0, monitoring_suspended=False)
2025-11-26 04:08:55 | INFO | MONITOR_SLEEP | Sleeping for 20s (base=20s, consecutive_errors=0, monitoring_suspended=False)
2025-11-26 04:09:15 | INFO | MONITOR | Paper trades checked (next in 60s)
2025-11-26 04:09:15 | INFO | MONITOR_SLEEP | Sleeping for 20s (base=20s, consecutive_errors=0, monitoring_suspended=False)
2025-11-26 04:09:35 | INFO | MONITOR_SLEEP | Sleeping for 20s (base=20s, consecutive_errors=0, monitoring_suspended=False)
2025-11-26 04:09:55 | INFO | MONITOR_SLEEP | Sleeping for 20s (base=20s, consecutive_errors=0, monitoring_suspended=False)
2025-11-26 04:10:15 | INFO | MONITOR | Paper trades checked (next in 60s)
2025-11-26 04:10:15 | INFO | MONITOR_SLEEP | Sleeping for 20s (base=20s, consecutive_errors=0, monitoring_suspended=False)
2025-11-26 04:10:35 | INFO | MONITOR_SLEEP | Sleeping for 20s (base=20s, consecutive_errors=0, monitoring_suspended=False)
2025-11-26 04:10:55 | INFO | MONITOR_SLEEP | Sleeping for 20s (base=20s, consecutive_errors=0, monitoring_suspended=False)
2025-11-26 04:11:15 | INFO | MONITOR | Paper trades checked (next in 60s)
2025-11-26 04:11:15 | INFO | MONITOR_SLEEP | Sleeping for 20s (base=20s, consecutive_errors=0, monitoring_suspended=False)
2025-11-26 04:11:35 | INFO | MONITOR_SLEEP | Sleeping for 20s (base=20s, consecutive_errors=0, monitoring_suspended=False)
2025-11-26 04:11:55 | INFO | MONITOR_SLEEP | Sleeping for 20s (base=20s, consecutive_errors=0, monitoring_suspended=False)
2025-11-26 04:12:15 | INFO | MONITOR | Paper trades checked (next in 60s)
2025-11-26 04:12:15 | INFO | MONITOR_SLEEP | Sleeping for 20s (base=20s, consecutive_errors=0, monitoring_suspended=False)
2025-11-26 04:12:35 | INFO | MONITOR_SLEEP | Sleeping for 20s (base=20s, consecutive_errors=0, monitoring_suspended=False)
2025-11-26 04:12:55 | INFO | MONITOR_SLEEP | Sleeping for 20s (base=20s, consecutive_errors=0, monitoring_suspended=False)
2025-11-26 04:13:15 | INFO | MONITOR | Paper trades checked (next in 60s)
2025-11-26 04:13:15 | INFO | MONITOR_SLEEP | Sleeping for 20s (base=20s, consecutive_errors=0, monitoring_suspended=False)
2025-11-26 04:13:35 | INFO | MONITOR_SLEEP | Sleeping for 20s (base=20s, consecutive_errors=0, monitoring_suspended=False)
2025-11-26 04:13:55 | INFO | MONITOR_SLEEP | Sleeping for 20s (base=20s, consecutive_errors=0, monitoring_suspended=False)
2025-11-26 04:14:15 | INFO | MONITOR | Paper trades checked (next in 60s)
2025-11-26 04:14:15 | INFO | MONITOR_SLEEP | Sleeping for 20s (base=20s, consecutive_errors=0, monitoring_suspended=False)
2025-11-26 04:14:35 | INFO | MONITOR_SLEEP | Sleeping for 20s (base=20s, consecutive_errors=0, monitoring_suspended=False)
2025-11-26 04:14:55 | INFO | MONITOR_SLEEP | Sleeping for 20s (base=20s, consecutive_errors=0, monitoring_suspended=False)
2025-11-26 04:15:15 | INFO | MONITOR | Paper trades checked (next in 60s)
2025-11-26 04:15:15 | INFO | MONITOR_SLEEP | Sleeping for 20s (base=20s, consecutive_errors=0, monitoring_suspended=False)
2025-11-26 04:15:35 | INFO | MONITOR_SLEEP | Sleeping for 20s (base=20s, consecutive_errors=0, monitoring_suspended=False)
2025-11-26 04:15:55 | INFO | MONITOR_SLEEP | Sleeping for 20s (base=20s, consecutive_errors=0, monitoring_suspended=False)
2025-11-26 04:16:15 | INFO | MONITOR | Paper trades checked (next in 60s)
2025-11-26 04:16:15 | INFO | MONITOR_SLEEP | Sleeping for 20s (base=20s, consecutive_errors=0, monitoring_suspended=False)
2025-11-26 04:16:35 | INFO | MONITOR_SLEEP | Sleeping for 20s (base=20s, consecutive_errors=0, monitoring_suspended=False)
2025-11-26 04:16:55 | INFO | MONITOR_SLEEP | Sleeping for 20s (base=20s, consecutive_errors=0, monitoring_suspended=False)
2025-11-26 04:17:15 | INFO | MONITOR | Paper trades checked (next in 60s)
2025-11-26 04:17:15 | INFO | MONITOR_SLEEP | Sleeping for 20s (base=20s, consecutive_errors=0, monitoring_suspended=False)
2025-11-26 04:17:35 | INFO | MONITOR_SLEEP | Sleeping for 20s (base=20s, consecutive_errors=0, monitoring_suspended=False)
2025-11-26 04:17:55 | INFO | MONITOR_SLEEP | Sleeping for 20s (base=20s, consecutive_errors=0, monitoring_suspended=False)
2025-11-26 04:18:15 | INFO | MONITOR | Paper trades checked (next in 60s)
2025-11-26 04:18:15 | INFO | MONITOR_SLEEP | Sleeping for 20s (base=20s, consecutive_errors=0, monitoring_suspended=False)
2025-11-26 04:18:35 | INFO | MONITOR_SLEEP | Sleeping for 20s (base=20s, consecutive_errors=0, monitoring_suspended=False)
2025-11-26 04:18:55 | INFO | MONITOR_SLEEP | Sleeping for 20s (base=20s, consecutive_errors=0, monitoring_suspended=False)
2025-11-26 04:19:15 | INFO | MONITOR | Paper trades checked (next in 60s)
2025-11-26 04:19:15 | INFO | MONITOR_SLEEP | Sleeping for 20s (base=20s, consecutive_errors=0, monitoring_suspended=False)
2025-11-26 04:19:35 | INFO | MONITOR_SLEEP | Sleeping for 20s (base=20s, consecutive_errors=0, monitoring_suspended=False)
2025-11-26 04:19:55 | INFO | MONITOR_SLEEP | Sleeping for 20s (base=20s, consecutive_errors=0, monitoring_suspended=False)
2025-11-26 04:20:15 | INFO | MONITOR | Paper trades checked (next in 60s)
2025-11-26 04:20:15 | INFO | MONITOR_SLEEP | Sleeping for 20s (base=20s, consecutive_errors=0, monitoring_suspended=False)
2025-11-26 04:20:35 | INFO | MONITOR_SLEEP | Sleeping for 20s (base=20s, consecutive_errors=0, monitoring_suspended=False)
2025-11-26 04:20:55 | INFO | MONITOR_SLEEP | Sleeping for 20s (base=20s, consecutive_errors=0, monitoring_suspended=False)
2025-11-26 04:21:15 | INFO | MONITOR | Paper trades checked (next in 60s)
2025-11-26 04:21:15 | INFO | MONITOR_SLEEP | Sleeping for 20s (base=20s, consecutive_errors=0, monitoring_suspended=False)
2025-11-26 04:21:35 | INFO | MONITOR_SLEEP | Sleeping for 20s (base=20s, consecutive_errors=0, monitoring_suspended=False)
2025-11-26 04:21:55 | INFO | MONITOR_SLEEP | Sleeping for 20s (base=20s, consecutive_errors=0, monitoring_suspended=False)
2025-11-26 04:22:15 | INFO | MONITOR | Paper trades checked (next in 60s)
2025-11-26 04:22:15 | INFO | MONITOR_SLEEP | Sleeping for 20s (base=20s, consecutive_errors=0, monitoring_suspended=False)
2025-11-26 04:22:35 | INFO | MONITOR_SLEEP | Sleeping for 20s (base=20s, consecutive_errors=0, monitoring_suspended=False)
2025-11-26 04:22:55 | INFO | MONITOR_SLEEP | Sleeping for 20s (base=20s, consecutive_errors=0, monitoring_suspended=False)
2025-11-26 04:23:15 | INFO | MONITOR | Paper trades checked (next in 60s)
2025-11-26 04:23:15 | INFO | MONITOR_SLEEP | Sleeping for 20s (base=20s, consecutive_errors=0, monitoring_suspended=False)
2025-11-26 04:23:35 | INFO | MONITOR_SLEEP | Sleeping for 20s (base=20s, consecutive_errors=0, monitoring_suspended=False)
2025-11-26 04:23:55 | INFO | MONITOR_SLEEP | Sleeping for 20s (base=20s, consecutive_errors=0, monitoring_suspended=False)
2025-11-26 04:24:15 | INFO | MONITOR | Paper trades checked (next in 60s)
2025-11-26 04:24:15 | INFO | MONITOR_SLEEP | Sleeping for 20s (base=20s, consecutive_errors=0, monitoring_suspended=False)
2025-11-26 04:24:35 | INFO | MONITOR_SLEEP | Sleeping for 20s (base=20s, consecutive_errors=0, monitoring_suspended=False)
2025-11-26 04:24:55 | INFO | MONITOR_SLEEP | Sleeping for 20s (base=20s, consecutive_errors=0, monitoring_suspended=False)
2025-11-26 04:25:15 | INFO | MONITOR | Paper trades checked (next in 60s)
2025-11-26 04:25:15 | INFO | MONITOR_SLEEP | Sleeping for 20s (base=20s, consecutive_errors=0, monitoring_suspended=False)
2025-11-26 04:25:35 | INFO | MONITOR_SLEEP | Sleeping for 20s (base=20s, consecutive_errors=0, monitoring_suspended=False)
2025-11-26 04:25:55 | INFO | MONITOR_SLEEP | Sleeping for 20s (base=20s, consecutive_errors=0, monitoring_suspended=False)
2025-11-26 04:26:15 | INFO | MONITOR | Paper trades checked (next in 60s)
2025-11-26 04:26:15 | INFO | MONITOR_SLEEP | Sleeping for 20s (base=20s, consecutive_errors=0, monitoring_suspended=False)
2025-11-26 04:26:35 | INFO | MONITOR_SLEEP | Sleeping for 20s (base=20s, consecutive_errors=0, monitoring_suspended=False)
2025-11-26 04:26:55 | INFO | MONITOR_SLEEP | Sleeping for 20s (base=20s, consecutive_errors=0, monitoring_suspended=False)
2025-11-26 04:27:15 | INFO | MONITOR | Paper trades checked (next in 60s)
2025-11-26 04:27:15 | INFO | MONITOR_SLEEP | Sleeping for 20s (base=20s, consecutive_errors=0, monitoring_suspended=False)
2025-11-26 04:27:35 | INFO | MONITOR_SLEEP | Sleeping for 20s (base=20s, consecutive_errors=0, monitoring_suspended=False)
2025-11-26 04:27:55 | INFO | MONITOR_SLEEP | Sleeping for 20s (base=20s, consecutive_errors=0, monitoring_suspended=False)
2025-11-26 04:28:15 | INFO | MONITOR | Paper trades checked (next in 60s)
2025-11-26 04:28:15 | INFO | MONITOR_SLEEP | Sleeping for 20s (base=20s, consecutive_errors=0, monitoring_suspended=False)
2025-11-26 04:28:35 | INFO | MONITOR_SLEEP | Sleeping for 20s (base=20s, consecutive_errors=0, monitoring_suspended=False)
2025-11-26 04:28:55 | INFO | MONITOR_SLEEP | Sleeping for 20s (base=20s, consecutive_errors=0, monitoring_suspended=False)
2025-11-26 04:29:15 | INFO | MONITOR | Paper trades checked (next in 60s)
2025-11-26 04:29:15 | INFO | MONITOR_SLEEP | Sleeping for 20s (base=20s, consecutive_errors=0, monitoring_suspended=False)
2025-11-26 04:29:35 | INFO | MONITOR_SLEEP | Sleeping for 20s (base=20s, consecutive_errors=0, monitoring_suspended=False)
2025-11-26 04:29:55 | INFO | MONITOR_SLEEP | Sleeping for 20s (base=20s, consecutive_errors=0, monitoring_suspended=False)
2025-11-26 04:30:15 | INFO | MONITOR | Paper trades checked (next in 60s)
2025-11-26 04:30:15 | INFO | MONITOR_SLEEP | Sleeping for 20s (base=20s, consecutive_errors=0, monitoring_suspended=False)
2025-11-26 04:30:35 | INFO | MONITOR_SLEEP | Sleeping for 20s (base=20s, consecutive_errors=0, monitoring_suspended=False)
2025-11-26 04:30:55 | INFO | MONITOR_SLEEP | Sleeping for 20s (base=20s, consecutive_errors=0, monitoring_suspended=False)
2025-11-26 04:31:15 | INFO | MONITOR | Paper trades checked (next in 60s)
2025-11-26 04:31:15 | INFO | MONITOR_SLEEP | Sleeping for 20s (base=20s, consecutive_errors=0, monitoring_suspended=False)
2025-11-26 04:31:35 | INFO | MONITOR_SLEEP | Sleeping for 20s (base=20s, consecutive_errors=0, monitoring_suspended=False)
2025-11-26 04:31:55 | INFO | MONITOR_SLEEP | Sleeping for 20s (base=20s, consecutive_errors=0, monitoring_suspended=False)
2025-11-26 04:32:15 | INFO | MONITOR | Paper trades checked (next in 60s)
2025-11-26 04:32:15 | INFO | MONITOR_SLEEP | Sleeping for 20s (base=20s, consecutive_errors=0, monitoring_suspended=False)
2025-11-26 04:32:35 | INFO | MONITOR_SLEEP | Sleeping for 20s (base=20s, consecutive_errors=0, monitoring_suspended=False)
2025-11-26 04:32:55 | INFO | MONITOR_SLEEP | Sleeping for 20s (base=20s, consecutive_errors=0, monitoring_suspended=False)
2025-11-26 04:33:15 | INFO | MONITOR | Paper trades checked (next in 60s)
2025-11-26 04:33:15 | INFO | MONITOR_SLEEP | Sleeping for 20s (base=20s, consecutive_errors=0, monitoring_suspended=False)
2025-11-26 04:33:35 | INFO | MONITOR_SLEEP | Sleeping for 20s (base=20s, consecutive_errors=0, monitoring_suspended=False)
2025-11-26 04:33:55 | INFO | MONITOR_SLEEP | Sleeping for 20s (base=20s, consecutive_errors=0, monitoring_suspended=False)
2025-11-26 04:34:15 | INFO | MONITOR | Paper trades checked (next in 60s)
2025-11-26 04:34:15 | INFO | MONITOR_SLEEP | Sleeping for 20s (base=20s, consecutive_errors=0, monitoring_suspended=False)
2025-11-26 04:34:35 | INFO | MONITOR_SLEEP | Sleeping for 20s (base=20s, consecutive_errors=0, monitoring_suspended=False)
2025-11-26 04:34:55 | INFO | MONITOR_SLEEP | Sleeping for 20s (base=20s, consecutive_errors=0, monitoring_suspended=False)
2025-11-26 04:35:15 | INFO | MONITOR | Paper trades checked (next in 60s)
2025-11-26 04:35:15 | INFO | MONITOR_SLEEP | Sleeping for 20s (base=20s, consecutive_errors=0, monitoring_suspended=False)
2025-11-26 04:35:35 | INFO | MONITOR_SLEEP | Sleeping for 20s (base=20s, consecutive_errors=0, monitoring_suspended=False)
2025-11-26 04:35:55 | INFO | MONITOR_SLEEP | Sleeping for 20s (base=20s, consecutive_errors=0, monitoring_suspended=False)
2025-11-26 04:36:15 | INFO | MONITOR | Paper trades checked (next in 60s)
2025-11-26 04:36:15 | INFO | MONITOR_SLEEP | Sleeping for 20s (base=20s, consecutive_errors=0, monitoring_suspended=False)
2025-11-26 04:36:35 | INFO | MONITOR_SLEEP | Sleeping for 20s (base=20s, consecutive_errors=0, monitoring_suspended=False)
2025-11-26 04:36:55 | INFO | MONITOR_SLEEP | Sleeping for 20s (base=20s, consecutive_errors=0, monitoring_suspended=False)
2025-11-26 04:37:15 | INFO | MONITOR | Paper trades checked (next in 60s)
2025-11-26 04:37:15 | INFO | MONITOR_SLEEP | Sleeping for 20s (base=20s, consecutive_errors=0, monitoring_suspended=False)
2025-11-26 04:37:35 | INFO | MONITOR_SLEEP | Sleeping for 20s (base=20s, consecutive_errors=0, monitoring_suspended=False)
2025-11-26 04:37:55 | INFO | MONITOR_SLEEP | Sleeping for 20s (base=20s, consecutive_errors=0, monitoring_suspended=False)
2025-11-26 04:38:15 | INFO | MONITOR | Paper trades checked (next in 60s)
2025-11-26 04:38:15 | INFO | MONITOR_SLEEP | Sleeping for 20s (base=20s, consecutive_errors=0, monitoring_suspended=False)
2025-11-26 04:38:35 | INFO | MONITOR_SLEEP | Sleeping for 20s (base=20s, consecutive_errors=0, monitoring_suspended=False)
2025-11-26 04:38:55 | INFO | MONITOR_SLEEP | Sleeping for 20s (base=20s, consecutive_errors=0, monitoring_suspended=False)
2025-11-26 04:39:15 | INFO | MONITOR | Paper trades checked (next in 60s)
2025-11-26 04:39:15 | INFO | MONITOR_SLEEP | Sleeping for 20s (base=20s, consecutive_errors=0, monitoring_suspended=False)
2025-11-26 04:39:35 | INFO | MONITOR_SLEEP | Sleeping for 20s (base=20s, consecutive_errors=0, monitoring_suspended=False)
2025-11-26 04:39:55 | INFO | MONITOR_SLEEP | Sleeping for 20s (base=20s, consecutive_errors=0, monitoring_suspended=False)
2025-11-26 04:40:15 | INFO | MONITOR | Paper trades checked (next in 60s)
2025-11-26 04:40:15 | INFO | MONITOR_SLEEP | Sleeping for 20s (base=20s, consecutive_errors=0, monitoring_suspended=False)
2025-11-26 04:40:35 | INFO | MONITOR_SLEEP | Sleeping for 20s (base=20s, consecutive_errors=0, monitoring_suspended=False)
2025-11-26 04:40:55 | INFO | MONITOR_SLEEP | Sleeping for 20s (base=20s, consecutive_errors=0, monitoring_suspended=False)
2025-11-26 04:41:15 | INFO | MONITOR | Paper trades checked (next in 60s)
2025-11-26 04:41:15 | INFO | MONITOR_SLEEP | Sleeping for 20s (base=20s, consecutive_errors=0, monitoring_suspended=False)
2025-11-26 04:41:35 | INFO | MONITOR_SLEEP | Sleeping for 20s (base=20s, consecutive_errors=0, monitoring_suspended=False)
2025-11-26 04:41:55 | INFO | MONITOR_SLEEP | Sleeping for 20s (base=20s, consecutive_errors=0, monitoring_suspended=False)
2025-11-26 04:42:15 | INFO | MONITOR | Paper trades checked (next in 60s)
2025-11-26 04:42:15 | INFO | MONITOR_SLEEP | Sleeping for 20s (base=20s, consecutive_errors=0, monitoring_suspended=False)
2025-11-26 04:42:35 | INFO | MONITOR_SLEEP | Sleeping for 20s (base=20s, consecutive_errors=0, monitoring_suspended=False)
2025-11-26 04:42:55 | INFO | MONITOR_SLEEP | Sleeping for 20s (base=20s, consecutive_errors=0, monitoring_suspended=False)
2025-11-26 04:43:15 | INFO | MONITOR | Paper trades checked (next in 60s)
2025-11-26 04:43:15 | INFO | MONITOR_SLEEP | Sleeping for 20s (base=20s, consecutive_errors=0, monitoring_suspended=False)
2025-11-26 04:43:35 | INFO | MONITOR_SLEEP | Sleeping for 20s (base=20s, consecutive_errors=0, monitoring_suspended=False)
2025-11-26 04:43:55 | INFO | MONITOR_SLEEP | Sleeping for 20s (base=20s, consecutive_errors=0, monitoring_suspended=False)
2025-11-26 04:44:15 | INFO | MONITOR | Paper trades checked (next in 60s)
2025-11-26 04:44:15 | INFO | MONITOR_SLEEP | Sleeping for 20s (base=20s, consecutive_errors=0, monitoring_suspended=False)
2025-11-26 04:44:35 | INFO | MONITOR_SLEEP | Sleeping for 20s (base=20s, consecutive_errors=0, monitoring_suspended=False)
2025-11-26 04:44:55 | INFO | MONITOR_SLEEP | Sleeping for 20s (base=20s, consecutive_errors=0, monitoring_suspended=False)
2025-11-26 04:45:15 | INFO | MONITOR | Paper trades checked (next in 60s)
2025-11-26 04:45:15 | INFO | MONITOR_SLEEP | Sleeping for 20s (base=20s, consecutive_errors=0, monitoring_suspended=False)
2025-11-26 04:45:35 | INFO | MONITOR_SLEEP | Sleeping for 20s (base=20s, consecutive_errors=0, monitoring_suspended=False)
2025-11-26 04:45:55 | INFO | MONITOR_SLEEP | Sleeping for 20s (base=20s, consecutive_errors=0, monitoring_suspended=False)
2025-11-26 04:46:15 | INFO | MONITOR | Paper trades checked (next in 60s)
2025-11-26 04:46:15 | INFO | MONITOR_SLEEP | Sleeping for 20s (base=20s, consecutive_errors=0, monitoring_suspended=False)
2025-11-26 04:46:35 | INFO | MONITOR_SLEEP | Sleeping for 20s (base=20s, consecutive_errors=0, monitoring_suspended=False)
2025-11-26 04:46:55 | INFO | MONITOR_SLEEP | Sleeping for 20s (base=20s, consecutive_errors=0, monitoring_suspended=False)
2025-11-26 04:47:15 | INFO | MONITOR | Paper trades checked (next in 60s)
2025-11-26 04:47:15 | INFO | MONITOR_SLEEP | Sleeping for 20s (base=20s, consecutive_errors=0, monitoring_suspended=False)
2025-11-26 04:47:35 | INFO | MONITOR_SLEEP | Sleeping for 20s (base=20s, consecutive_errors=0, monitoring_suspended=False)
2025-11-26 04:47:55 | INFO | MONITOR_SLEEP | Sleeping for 20s (base=20s, consecutive_errors=0, monitoring_suspended=False)
2025-11-26 04:48:15 | INFO | MONITOR | Paper trades checked (next in 60s)
2025-11-26 04:48:15 | INFO | MONITOR_SLEEP | Sleeping for 20s (base=20s, consecutive_errors=0, monitoring_suspended=False)
2025-11-26 04:48:35 | INFO | MONITOR_SLEEP | Sleeping for 20s (base=20s, consecutive_errors=0, monitoring_suspended=False)
2025-11-26 04:48:55 | INFO | MONITOR_SLEEP | Sleeping for 20s (base=20s, consecutive_errors=0, monitoring_suspended=False)
2025-11-26 04:49:15 | INFO | MONITOR | Paper trades checked (next in 60s)
2025-11-26 04:49:15 | INFO | MONITOR_SLEEP | Sleeping for 20s (base=20s, consecutive_errors=0, monitoring_suspended=False)
2025-11-26 04:49:35 | INFO | MONITOR_SLEEP | Sleeping for 20s (base=20s, consecutive_errors=0, monitoring_suspended=False)
2025-11-26 04:49:55 | INFO | MONITOR_SLEEP | Sleeping for 20s (base=20s, consecutive_errors=0, monitoring_suspended=False)
2025-11-26 04:50:15 | INFO | MONITOR | Paper trades checked (next in 60s)
2025-11-26 04:50:15 | INFO | MONITOR_SLEEP | Sleeping for 20s (base=20s, consecutive_errors=0, monitoring_suspended=False)
2025-11-26 04:50:35 | INFO | MONITOR_SLEEP | Sleeping for 20s (base=20s, consecutive_errors=0, monitoring_suspended=False)
2025-11-26 04:50:55 | INFO | MONITOR_SLEEP | Sleeping for 20s (base=20s, consecutive_errors=0, monitoring_suspended=False)
2025-11-26 04:51:15 | INFO | MONITOR | Paper trades checked (next in 60s)
2025-11-26 04:51:15 | INFO | MONITOR_SLEEP | Sleeping for 20s (base=20s, consecutive_errors=0, monitoring_suspended=False)
2025-11-26 04:51:35 | INFO | MONITOR_SLEEP | Sleeping for 20s (base=20s, consecutive_errors=0, monitoring_suspended=False)
2025-11-26 04:51:55 | INFO | MONITOR_SLEEP | Sleeping for 20s (base=20s, consecutive_errors=0, monitoring_suspended=False)
2025-11-26 04:52:15 | INFO | MONITOR | Paper trades checked (next in 60s)
2025-11-26 04:52:15 | INFO | MONITOR_SLEEP | Sleeping for 20s (base=20s, consecutive_errors=0, monitoring_suspended=False)
2025-11-26 04:52:35 | INFO | MONITOR_SLEEP | Sleeping for 20s (base=20s, consecutive_errors=0, monitoring_suspended=False)
2025-11-26 04:52:55 | INFO | MONITOR_SLEEP | Sleeping for 20s (base=20s, consecutive_errors=0, monitoring_suspended=False)
2025-11-26 04:53:15 | INFO | MONITOR | Paper trades checked (next in 60s)
2025-11-26 04:53:15 | INFO | MONITOR_SLEEP | Sleeping for 20s (base=20s, consecutive_errors=0, monitoring_suspended=False)
2025-11-26 04:53:35 | INFO | MONITOR_SLEEP | Sleeping for 20s (base=20s, consecutive_errors=0, monitoring_suspended=False)
2025-11-26 04:53:55 | INFO | MONITOR_SLEEP | Sleeping for 20s (base=20s, consecutive_errors=0, monitoring_suspended=False)
2025-11-26 04:54:15 | INFO | MONITOR | Paper trades checked (next in 60s)
2025-11-26 04:54:15 | INFO | MONITOR_SLEEP | Sleeping for 20s (base=20s, consecutive_errors=0, monitoring_suspended=False)
2025-11-26 04:54:35 | INFO | MONITOR_SLEEP | Sleeping for 20s (base=20s, consecutive_errors=0, monitoring_suspended=False)
2025-11-26 04:54:55 | INFO | MONITOR_SLEEP | Sleeping for 20s (base=20s, consecutive_errors=0, monitoring_suspended=False)
2025-11-26 04:55:15 | INFO | MONITOR | Paper trades checked (next in 60s)
2025-11-26 04:55:15 | INFO | MONITOR_SLEEP | Sleeping for 20s (base=20s, consecutive_errors=0, monitoring_suspended=False)
2025-11-26 04:55:35 | INFO | MONITOR_SLEEP | Sleeping for 20s (base=20s, consecutive_errors=0, monitoring_suspended=False)
2025-11-26 04:55:55 | INFO | MONITOR_SLEEP | Sleeping for 20s (base=20s, consecutive_errors=0, monitoring_suspended=False)
2025-11-26 04:56:15 | INFO | MONITOR | Paper trades checked (next in 60s)
2025-11-26 04:56:15 | INFO | MONITOR_SLEEP | Sleeping for 20s (base=20s, consecutive_errors=0, monitoring_suspended=False)
2025-11-26 04:56:35 | INFO | MONITOR_SLEEP | Sleeping for 20s (base=20s, consecutive_errors=0, monitoring_suspended=False)
2025-11-26 04:56:55 | INFO | MONITOR_SLEEP | Sleeping for 20s (base=20s, consecutive_errors=0, monitoring_suspended=False)
2025-11-26 04:57:15 | INFO | MONITOR | Paper trades checked (next in 60s)
2025-11-26 04:57:15 | INFO | MONITOR_SLEEP | Sleeping for 20s (base=20s, consecutive_errors=0, monitoring_suspended=False)
2025-11-26 04:57:35 | INFO | MONITOR_SLEEP | Sleeping for 20s (base=20s, consecutive_errors=0, monitoring_suspended=False)
2025-11-26 04:57:55 | INFO | MONITOR_SLEEP | Sleeping for 20s (base=20s, consecutive_errors=0, monitoring_suspended=False)
2025-11-26 04:58:15 | INFO | MONITOR | Paper trades checked (next in 60s)
2025-11-26 04:58:15 | INFO | MONITOR_SLEEP | Sleeping for 20s (base=20s, consecutive_errors=0, monitoring_suspended=False)
2025-11-26 04:58:35 | INFO | MONITOR_SLEEP | Sleeping for 20s (base=20s, consecutive_errors=0, monitoring_suspended=False)
2025-11-26 04:58:55 | INFO | MONITOR_SLEEP | Sleeping for 20s (base=20s, consecutive_errors=0, monitoring_suspended=False)
2025-11-26 04:59:15 | INFO | MONITOR | Paper trades checked (next in 60s)
2025-11-26 04:59:15 | INFO | MONITOR_SLEEP | Sleeping for 20s (base=20s, consecutive_errors=0, monitoring_suspended=False)
2025-11-26 04:59:35 | INFO | MONITOR_SLEEP | Sleeping for 20s (base=20s, consecutive_errors=0, monitoring_suspended=False)
2025-11-26 04:59:55 | INFO | MONITOR_SLEEP | Sleeping for 20s (base=20s, consecutive_errors=0, monitoring_suspended=False)
2025-11-26 05:00:15 | INFO | MONITOR | Paper trades checked (next in 60s)
2025-11-26 05:00:15 | INFO | MONITOR_SLEEP | Sleeping for 20s (base=20s, consecutive_errors=0, monitoring_suspended=False)
2025-11-26 05:00:35 | INFO | MONITOR_SLEEP | Sleeping for 20s (base=20s, consecutive_errors=0, monitoring_suspended=False)
2025-11-26 05:00:55 | INFO | MONITOR_SLEEP | Sleeping for 20s (base=20s, consecutive_errors=0, monitoring_suspended=False)
2025-11-26 05:01:15 | INFO | MONITOR | Paper trades checked (next in 60s)
2025-11-26 05:01:15 | INFO | MONITOR_SLEEP | Sleeping for 20s (base=20s, consecutive_errors=0, monitoring_suspended=False)
2025-11-26 05:01:35 | INFO | MONITOR_SLEEP | Sleeping for 20s (base=20s, consecutive_errors=0, monitoring_suspended=False)
2025-11-26 05:01:55 | INFO | MONITOR_SLEEP | Sleeping for 20s (base=20s, consecutive_errors=0, monitoring_suspended=False)
2025-11-26 05:02:15 | INFO | MONITOR | Paper trades checked (next in 60s)
2025-11-26 05:02:15 | INFO | MONITOR_SLEEP | Sleeping for 20s (base=20s, consecutive_errors=0, monitoring_suspended=False)
2025-11-26 05:02:35 | INFO | MONITOR_SLEEP | Sleeping for 20s (base=20s, consecutive_errors=0, monitoring_suspended=False)
2025-11-26 05:02:55 | INFO | MONITOR_SLEEP | Sleeping for 20s (base=20s, consecutive_errors=0, monitoring_suspended=False)
2025-11-26 05:03:15 | INFO | MONITOR | Paper trades checked (next in 60s)
2025-11-26 05:03:15 | INFO | MONITOR_SLEEP | Sleeping for 20s (base=20s, consecutive_errors=0, monitoring_suspended=False)
2025-11-26 05:03:35 | INFO | MONITOR_SLEEP | Sleeping for 20s (base=20s, consecutive_errors=0, monitoring_suspended=False)
2025-11-26 05:03:55 | INFO | MONITOR_SLEEP | Sleeping for 20s (base=20s, consecutive_errors=0, monitoring_suspended=False)
2025-11-26 05:04:15 | INFO | MONITOR | Paper trades checked (next in 60s)
2025-11-26 05:04:15 | INFO | MONITOR_SLEEP | Sleeping for 20s (base=20s, consecutive_errors=0, monitoring_suspended=False)
2025-11-26 05:04:35 | INFO | MONITOR_SLEEP | Sleeping for 20s (base=20s, consecutive_errors=0, monitoring_suspended=False)
2025-11-26 05:04:55 | INFO | MONITOR_SLEEP | Sleeping for 20s (base=20s, consecutive_errors=0, monitoring_suspended=False)
2025-11-26 05:05:15 | INFO | MONITOR | Paper trades checked (next in 60s)
2025-11-26 05:05:15 | INFO | MONITOR_SLEEP | Sleeping for 20s (base=20s, consecutive_errors=0, monitoring_suspended=False)
2025-11-26 05:05:35 | INFO | MONITOR_SLEEP | Sleeping for 20s (base=20s, consecutive_errors=0, monitoring_suspended=False)
2025-11-26 05:05:55 | INFO | MONITOR_SLEEP | Sleeping for 20s (base=20s, consecutive_errors=0, monitoring_suspended=False)
2025-11-26 05:06:15 | INFO | MONITOR | Paper trades checked (next in 60s)
2025-11-26 05:06:15 | INFO | MONITOR_SLEEP | Sleeping for 20s (base=20s, consecutive_errors=0, monitoring_suspended=False)
2025-11-26 05:06:35 | INFO | MONITOR_SLEEP | Sleeping for 20s (base=20s, consecutive_errors=0, monitoring_suspended=False)
2025-11-26 05:06:55 | INFO | MONITOR_SLEEP | Sleeping for 20s (base=20s, consecutive_errors=0, monitoring_suspended=False)
2025-11-26 05:07:15 | INFO | MONITOR | Paper trades checked (next in 60s)
2025-11-26 05:07:15 | INFO | MONITOR_SLEEP | Sleeping for 20s (base=20s, consecutive_errors=0, monitoring_suspended=False)
2025-11-26 05:07:35 | INFO | MONITOR_SLEEP | Sleeping for 20s (base=20s, consecutive_errors=0, monitoring_suspended=False)
2025-11-26 05:07:55 | INFO | MONITOR_SLEEP | Sleeping for 20s (base=20s, consecutive_errors=0, monitoring_suspended=False)
2025-11-26 05:08:15 | INFO | MONITOR | Paper trades checked (next in 60s)
2025-11-26 05:08:15 | INFO | MONITOR_SLEEP | Sleeping for 20s (base=20s, consecutive_errors=0, monitoring_suspended=False)
2025-11-26 05:08:35 | INFO | MONITOR_SLEEP | Sleeping for 20s (base=20s, consecutive_errors=0, monitoring_suspended=False)
2025-11-26 05:08:55 | INFO | MONITOR_SLEEP | Sleeping for 20s (base=20s, consecutive_errors=0, monitoring_suspended=False)
2025-11-26 05:09:15 | INFO | MONITOR | Paper trades checked (next in 60s)
2025-11-26 05:09:15 | INFO | MONITOR_SLEEP | Sleeping for 20s (base=20s, consecutive_errors=0, monitoring_suspended=False)
2025-11-26 05:09:35 | INFO | MONITOR_SLEEP | Sleeping for 20s (base=20s, consecutive_errors=0, monitoring_suspended=False)
2025-11-26 05:09:55 | INFO | MONITOR_SLEEP | Sleeping for 20s (base=20s, consecutive_errors=0, monitoring_suspended=False)
2025-11-26 05:10:15 | INFO | MONITOR | Paper trades checked (next in 60s)
2025-11-26 05:10:15 | INFO | MONITOR_SLEEP | Sleeping for 20s (base=20s, consecutive_errors=0, monitoring_suspended=False)
2025-11-26 05:10:35 | INFO | MONITOR_SLEEP | Sleeping for 20s (base=20s, consecutive_errors=0, monitoring_suspended=False)
2025-11-26 05:10:55 | INFO | MONITOR_SLEEP | Sleeping for 20s (base=20s, consecutive_errors=0, monitoring_suspended=False)
2025-11-26 05:11:15 | INFO | MONITOR | Paper trades checked (next in 60s)
2025-11-26 05:11:15 | INFO | MONITOR_SLEEP | Sleeping for 20s (base=20s, consecutive_errors=0, monitoring_suspended=False)
2025-11-26 05:11:35 | INFO | MONITOR_SLEEP | Sleeping for 20s (base=20s, consecutive_errors=0, monitoring_suspended=False)
2025-11-26 05:11:55 | INFO | MONITOR_SLEEP | Sleeping for 20s (base=20s, consecutive_errors=0, monitoring_suspended=False)
2025-11-26 05:12:15 | INFO | MONITOR | Paper trades checked (next in 60s)
2025-11-26 05:12:15 | INFO | MONITOR_SLEEP | Sleeping for 20s (base=20s, consecutive_errors=0, monitoring_suspended=False)
2025-11-26 05:12:35 | INFO | MONITOR_SLEEP | Sleeping for 20s (base=20s, consecutive_errors=0, monitoring_suspended=False)
2025-11-26 05:12:55 | INFO | MONITOR_SLEEP | Sleeping for 20s (base=20s, consecutive_errors=0, monitoring_suspended=False)
2025-11-26 05:13:15 | INFO | MONITOR | Paper trades checked (next in 60s)
2025-11-26 05:13:15 | INFO | MONITOR_SLEEP | Sleeping for 20s (base=20s, consecutive_errors=0, monitoring_suspended=False)
2025-11-26 05:13:35 | INFO | MONITOR_SLEEP | Sleeping for 20s (base=20s, consecutive_errors=0, monitoring_suspended=False)
2025-11-26 05:13:55 | INFO | MONITOR_SLEEP | Sleeping for 20s (base=20s, consecutive_errors=0, monitoring_suspended=False)
2025-11-26 05:14:15 | INFO | MONITOR | Paper trades checked (next in 60s)
2025-11-26 05:14:15 | INFO | MONITOR_SLEEP | Sleeping for 20s (base=20s, consecutive_errors=0, monitoring_suspended=False)
2025-11-26 05:14:35 | INFO | MONITOR_SLEEP | Sleeping for 20s (base=20s, consecutive_errors=0, monitoring_suspended=False)
2025-11-26 05:14:55 | INFO | MONITOR_SLEEP | Sleeping for 20s (base=20s, consecutive_errors=0, monitoring_suspended=False)
2025-11-26 05:15:15 | INFO | MONITOR | Paper trades checked (next in 60s)
2025-11-26 05:15:15 | INFO | MONITOR_SLEEP | Sleeping for 20s (base=20s, consecutive_errors=0, monitoring_suspended=False)
2025-11-26 05:15:35 | INFO | MONITOR_SLEEP | Sleeping for 20s (base=20s, consecutive_errors=0, monitoring_suspended=False)
2025-11-26 05:15:55 | INFO | MONITOR_SLEEP | Sleeping for 20s (base=20s, consecutive_errors=0, monitoring_suspended=False)
2025-11-26 05:16:15 | INFO | MONITOR | Paper trades checked (next in 60s)
2025-11-26 05:16:15 | INFO | MONITOR_SLEEP | Sleeping for 20s (base=20s, consecutive_errors=0, monitoring_suspended=False)
2025-11-26 05:16:35 | INFO | MONITOR_SLEEP | Sleeping for 20s (base=20s, consecutive_errors=0, monitoring_suspended=False)
2025-11-26 05:16:55 | INFO | MONITOR_SLEEP | Sleeping for 20s (base=20s, consecutive_errors=0, monitoring_suspended=False)
2025-11-26 05:17:15 | INFO | MONITOR | Paper trades checked (next in 60s)
2025-11-26 05:17:15 | INFO | MONITOR_SLEEP | Sleeping for 20s (base=20s, consecutive_errors=0, monitoring_suspended=False)
2025-11-26 05:17:35 | INFO | MONITOR_SLEEP | Sleeping for 20s (base=20s, consecutive_errors=0, monitoring_suspended=False)
2025-11-26 05:17:55 | INFO | MONITOR_SLEEP | Sleeping for 20s (base=20s, consecutive_errors=0, monitoring_suspended=False)
2025-11-26 05:18:15 | INFO | MONITOR | Paper trades checked (next in 60s)
2025-11-26 05:18:15 | INFO | MONITOR_SLEEP | Sleeping for 20s (base=20s, consecutive_errors=0, monitoring_suspended=False)
2025-11-26 05:18:35 | INFO | MONITOR_SLEEP | Sleeping for 20s (base=20s, consecutive_errors=0, monitoring_suspended=False)
2025-11-26 05:18:55 | INFO | MONITOR_SLEEP | Sleeping for 20s (base=20s, consecutive_errors=0, monitoring_suspended=False)
2025-11-26 05:19:15 | INFO | MONITOR | Paper trades checked (next in 60s)
2025-11-26 05:19:15 | INFO | MONITOR_SLEEP | Sleeping for 20s (base=20s, consecutive_errors=0, monitoring_suspended=False)
2025-11-26 05:19:35 | INFO | MONITOR_SLEEP | Sleeping for 20s (base=20s, consecutive_errors=0, monitoring_suspended=False)
2025-11-26 05:19:55 | INFO | MONITOR_SLEEP | Sleeping for 20s (base=20s, consecutive_errors=0, monitoring_suspended=False)
2025-11-26 05:20:15 | INFO | MONITOR | Paper trades checked (next in 60s)
2025-11-26 05:20:15 | INFO | MONITOR_SLEEP | Sleeping for 20s (base=20s, consecutive_errors=0, monitoring_suspended=False)
2025-11-26 05:20:35 | INFO | MONITOR_SLEEP | Sleeping for 20s (base=20s, consecutive_errors=0, monitoring_suspended=False)
2025-11-26 05:20:55 | INFO | MONITOR_SLEEP | Sleeping for 20s (base=20s, consecutive_errors=0, monitoring_suspended=False)
2025-11-26 05:21:15 | INFO | MONITOR | Paper trades checked (next in 60s)
2025-11-26 05:21:15 | INFO | MONITOR_SLEEP | Sleeping for 20s (base=20s, consecutive_errors=0, monitoring_suspended=False)
2025-11-26 05:21:35 | INFO | MONITOR_SLEEP | Sleeping for 20s (base=20s, consecutive_errors=0, monitoring_suspended=False)
2025-11-26 05:21:55 | INFO | MONITOR_SLEEP | Sleeping for 20s (base=20s, consecutive_errors=0, monitoring_suspended=False)
2025-11-26 05:22:15 | INFO | MONITOR | Paper trades checked (next in 60s)
2025-11-26 05:22:15 | INFO | MONITOR_SLEEP | Sleeping for 20s (base=20s, consecutive_errors=0, monitoring_suspended=False)
2025-11-26 05:22:35 | INFO | MONITOR_SLEEP | Sleeping for 20s (base=20s, consecutive_errors=0, monitoring_suspended=False)
2025-11-26 05:22:55 | INFO | MONITOR_SLEEP | Sleeping for 20s (base=20s, consecutive_errors=0, monitoring_suspended=False)
2025-11-26 05:23:15 | INFO | MONITOR | Paper trades checked (next in 60s)
2025-11-26 05:23:15 | INFO | MONITOR_SLEEP | Sleeping for 20s (base=20s, consecutive_errors=0, monitoring_suspended=False)
2025-11-26 05:23:35 | INFO | MONITOR_SLEEP | Sleeping for 20s (base=20s, consecutive_errors=0, monitoring_suspended=False)
2025-11-26 05:23:55 | INFO | MONITOR_SLEEP | Sleeping for 20s (base=20s, consecutive_errors=0, monitoring_suspended=False)
2025-11-26 05:24:15 | INFO | MONITOR | Paper trades checked (next in 60s)
2025-11-26 05:24:15 | INFO | MONITOR_SLEEP | Sleeping for 20s (base=20s, consecutive_errors=0, monitoring_suspended=False)
2025-11-26 05:24:35 | INFO | MONITOR_SLEEP | Sleeping for 20s (base=20s, consecutive_errors=0, monitoring_suspended=False)
2025-11-26 05:24:55 | INFO | MONITOR_SLEEP | Sleeping for 20s (base=20s, consecutive_errors=0, monitoring_suspended=False)
2025-11-26 05:25:15 | INFO | MONITOR | Paper trades checked (next in 60s)
2025-11-26 05:25:15 | INFO | MONITOR_SLEEP | Sleeping for 20s (base=20s, consecutive_errors=0, monitoring_suspended=False)
2025-11-26 05:25:35 | INFO | MONITOR_SLEEP | Sleeping for 20s (base=20s, consecutive_errors=0, monitoring_suspended=False)
2025-11-26 05:25:55 | INFO | MONITOR_SLEEP | Sleeping for 20s (base=20s, consecutive_errors=0, monitoring_suspended=False)
2025-11-26 05:26:15 | INFO | MONITOR | Paper trades checked (next in 60s)
2025-11-26 05:26:15 | INFO | MONITOR_SLEEP | Sleeping for 20s (base=20s, consecutive_errors=0, monitoring_suspended=False)
2025-11-26 05:26:35 | INFO | MONITOR_SLEEP | Sleeping for 20s (base=20s, consecutive_errors=0, monitoring_suspended=False)
2025-11-26 05:26:55 | INFO | MONITOR_SLEEP | Sleeping for 20s (base=20s, consecutive_errors=0, monitoring_suspended=False)
2025-11-26 05:27:15 | INFO | MONITOR | Paper trades checked (next in 60s)
2025-11-26 05:27:15 | INFO | MONITOR_SLEEP | Sleeping for 20s (base=20s, consecutive_errors=0, monitoring_suspended=False)
2025-11-26 05:27:35 | INFO | MONITOR_SLEEP | Sleeping for 20s (base=20s, consecutive_errors=0, monitoring_suspended=False)
2025-11-26 05:27:55 | INFO | MONITOR_SLEEP | Sleeping for 20s (base=20s, consecutive_errors=0, monitoring_suspended=False)
2025-11-26 05:28:15 | INFO | MONITOR | Paper trades checked (next in 60s)
2025-11-26 05:28:15 | INFO | MONITOR_SLEEP | Sleeping for 20s (base=20s, consecutive_errors=0, monitoring_suspended=False)
2025-11-26 05:28:35 | INFO | MONITOR_SLEEP | Sleeping for 20s (base=20s, consecutive_errors=0, monitoring_suspended=False)
2025-11-26 05:28:55 | INFO | MONITOR_SLEEP | Sleeping for 20s (base=20s, consecutive_errors=0, monitoring_suspended=False)
2025-11-26 05:29:15 | INFO | MONITOR | Paper trades checked (next in 60s)
2025-11-26 05:29:15 | INFO | MONITOR_SLEEP | Sleeping for 20s (base=20s, consecutive_errors=0, monitoring_suspended=False)
2025-11-26 05:29:35 | INFO | MONITOR_SLEEP | Sleeping for 20s (base=20s, consecutive_errors=0, monitoring_suspended=False)
2025-11-26 05:29:55 | INFO | MONITOR_SLEEP | Sleeping for 20s (base=20s, consecutive_errors=0, monitoring_suspended=False)
2025-11-26 05:30:15 | INFO | MONITOR | Paper trades checked (next in 60s)
2025-11-26 05:30:15 | INFO | MONITOR_SLEEP | Sleeping for 20s (base=20s, consecutive_errors=0, monitoring_suspended=False)
2025-11-26 05:30:35 | INFO | MONITOR_SLEEP | Sleeping for 20s (base=20s, consecutive_errors=0, monitoring_suspended=False)
2025-11-26 05:30:55 | INFO | MONITOR_SLEEP | Sleeping for 20s (base=20s, consecutive_errors=0, monitoring_suspended=False)
2025-11-26 05:31:15 | INFO | MONITOR | Paper trades checked (next in 60s)
2025-11-26 05:31:15 | INFO | MONITOR_SLEEP | Sleeping for 20s (base=20s, consecutive_errors=0, monitoring_suspended=False)
2025-11-26 05:31:35 | INFO | MONITOR_SLEEP | Sleeping for 20s (base=20s, consecutive_errors=0, monitoring_suspended=False)
2025-11-26 05:31:55 | INFO | MONITOR_SLEEP | Sleeping for 20s (base=20s, consecutive_errors=0, monitoring_suspended=False)
2025-11-26 05:32:15 | INFO | MONITOR | Paper trades checked (next in 60s)
2025-11-26 05:32:15 | INFO | MONITOR_SLEEP | Sleeping for 20s (base=20s, consecutive_errors=0, monitoring_suspended=False)
2025-11-26 05:32:35 | INFO | MONITOR_SLEEP | Sleeping for 20s (base=20s, consecutive_errors=0, monitoring_suspended=False)
2025-11-26 05:32:55 | INFO | MONITOR_SLEEP | Sleeping for 20s (base=20s, consecutive_errors=0, monitoring_suspended=False)
2025-11-26 05:33:15 | INFO | MONITOR | Paper trades checked (next in 60s)
2025-11-26 05:33:15 | INFO | MONITOR_SLEEP | Sleeping for 20s (base=20s, consecutive_errors=0, monitoring_suspended=False)
2025-11-26 05:33:35 | INFO | MONITOR_SLEEP | Sleeping for 20s (base=20s, consecutive_errors=0, monitoring_suspended=False)
2025-11-26 05:33:55 | INFO | MONITOR_SLEEP | Sleeping for 20s (base=20s, consecutive_errors=0, monitoring_suspended=False)
2025-11-26 05:34:15 | INFO | MONITOR | Paper trades checked (next in 60s)
2025-11-26 05:34:15 | INFO | MONITOR_SLEEP | Sleeping for 20s (base=20s, consecutive_errors=0, monitoring_suspended=False)
2025-11-26 05:34:35 | INFO | MONITOR_SLEEP | Sleeping for 20s (base=20s, consecutive_errors=0, monitoring_suspended=False)
2025-11-26 05:34:55 | INFO | MONITOR_SLEEP | Sleeping for 20s (base=20s, consecutive_errors=0, monitoring_suspended=False)
2025-11-26 05:35:15 | INFO | MONITOR | Paper trades checked (next in 60s)
2025-11-26 05:35:15 | INFO | MONITOR_SLEEP | Sleeping for 20s (base=20s, consecutive_errors=0, monitoring_suspended=False)
2025-11-26 05:35:35 | INFO | MONITOR_SLEEP | Sleeping for 20s (base=20s, consecutive_errors=0, monitoring_suspended=False)
2025-11-26 05:35:55 | INFO | MONITOR_SLEEP | Sleeping for 20s (base=20s, consecutive_errors=0, monitoring_suspended=False)
2025-11-26 05:36:15 | INFO | MONITOR | Paper trades checked (next in 60s)
2025-11-26 05:36:15 | INFO | MONITOR_SLEEP | Sleeping for 20s (base=20s, consecutive_errors=0, monitoring_suspended=False)
2025-11-26 05:36:35 | INFO | MONITOR_SLEEP | Sleeping for 20s (base=20s, consecutive_errors=0, monitoring_suspended=False)
2025-11-26 05:36:55 | INFO | MONITOR_SLEEP | Sleeping for 20s (base=20s, consecutive_errors=0, monitoring_suspended=False)
2025-11-26 05:37:15 | INFO | MONITOR | Paper trades checked (next in 60s)
2025-11-26 05:37:15 | INFO | MONITOR_SLEEP | Sleeping for 20s (base=20s, consecutive_errors=0, monitoring_suspended=False)
2025-11-26 05:37:35 | INFO | MONITOR_SLEEP | Sleeping for 20s (base=20s, consecutive_errors=0, monitoring_suspended=False)
2025-11-26 05:37:55 | INFO | MONITOR_SLEEP | Sleeping for 20s (base=20s, consecutive_errors=0, monitoring_suspended=False)
2025-11-26 05:38:15 | INFO | MONITOR | Paper trades checked (next in 60s)
2025-11-26 05:38:15 | INFO | MONITOR_SLEEP | Sleeping for 20s (base=20s, consecutive_errors=0, monitoring_suspended=False)
2025-11-26 05:38:35 | INFO | MONITOR_SLEEP | Sleeping for 20s (base=20s, consecutive_errors=0, monitoring_suspended=False)
2025-11-26 05:38:55 | INFO | MONITOR_SLEEP | Sleeping for 20s (base=20s, consecutive_errors=0, monitoring_suspended=False)
2025-11-26 05:39:15 | INFO | MONITOR | Paper trades checked (next in 60s)
2025-11-26 05:39:15 | INFO | MONITOR_SLEEP | Sleeping for 20s (base=20s, consecutive_errors=0, monitoring_suspended=False)
2025-11-26 05:39:35 | INFO | MONITOR_SLEEP | Sleeping for 20s (base=20s, consecutive_errors=0, monitoring_suspended=False)
2025-11-26 05:39:55 | INFO | MONITOR_SLEEP | Sleeping for 20s (base=20s, consecutive_errors=0, monitoring_suspended=False)
2025-11-26 05:40:15 | INFO | MONITOR | Paper trades checked (next in 60s)
2025-11-26 05:40:15 | INFO | MONITOR_SLEEP | Sleeping for 20s (base=20s, consecutive_errors=0, monitoring_suspended=False)
2025-11-26 05:40:35 | INFO | MONITOR_SLEEP | Sleeping for 20s (base=20s, consecutive_errors=0, monitoring_suspended=False)
2025-11-26 05:40:55 | INFO | MONITOR_SLEEP | Sleeping for 20s (base=20s, consecutive_errors=0, monitoring_suspended=False)
2025-11-26 05:41:15 | INFO | MONITOR | Paper trades checked (next in 60s)
2025-11-26 05:41:15 | INFO | MONITOR_SLEEP | Sleeping for 20s (base=20s, consecutive_errors=0, monitoring_suspended=False)
2025-11-26 05:41:35 | INFO | MONITOR_SLEEP | Sleeping for 20s (base=20s, consecutive_errors=0, monitoring_suspended=False)
2025-11-26 05:41:55 | INFO | MONITOR_SLEEP | Sleeping for 20s (base=20s, consecutive_errors=0, monitoring_suspended=False)
2025-11-26 05:42:15 | INFO | MONITOR | Paper trades checked (next in 60s)
2025-11-26 05:42:15 | INFO | MONITOR_SLEEP | Sleeping for 20s (base=20s, consecutive_errors=0, monitoring_suspended=False)
2025-11-26 05:42:35 | INFO | MONITOR_SLEEP | Sleeping for 20s (base=20s, consecutive_errors=0, monitoring_suspended=False)
2025-11-26 05:42:55 | INFO | MONITOR_SLEEP | Sleeping for 20s (base=20s, consecutive_errors=0, monitoring_suspended=False)
2025-11-26 05:43:15 | INFO | MONITOR | Paper trades checked (next in 60s)
2025-11-26 05:43:15 | INFO | MONITOR_SLEEP | Sleeping for 20s (base=20s, consecutive_errors=0, monitoring_suspended=False)
2025-11-26 05:43:35 | INFO | MONITOR_SLEEP | Sleeping for 20s (base=20s, consecutive_errors=0, monitoring_suspended=False)
2025-11-26 05:43:55 | INFO | MONITOR_SLEEP | Sleeping for 20s (base=20s, consecutive_errors=0, monitoring_suspended=False)
2025-11-26 05:44:15 | INFO | MONITOR | Paper trades checked (next in 60s)
2025-11-26 05:44:15 | INFO | MONITOR_SLEEP | Sleeping for 20s (base=20s, consecutive_errors=0, monitoring_suspended=False)
2025-11-26 05:44:35 | INFO | MONITOR_SLEEP | Sleeping for 20s (base=20s, consecutive_errors=0, monitoring_suspended=False)
2025-11-26 05:44:55 | INFO | MONITOR_SLEEP | Sleeping for 20s (base=20s, consecutive_errors=0, monitoring_suspended=False)
2025-11-26 05:45:15 | INFO | MONITOR | Paper trades checked (next in 60s)
2025-11-26 05:45:15 | INFO | MONITOR_SLEEP | Sleeping for 20s (base=20s, consecutive_errors=0, monitoring_suspended=False)
2025-11-26 05:45:35 | INFO | MONITOR_SLEEP | Sleeping for 20s (base=20s, consecutive_errors=0, monitoring_suspended=False)
2025-11-26 05:45:55 | INFO | MONITOR_SLEEP | Sleeping for 20s (base=20s, consecutive_errors=0, monitoring_suspended=False)
2025-11-26 05:46:15 | INFO | MONITOR | Paper trades checked (next in 60s)
2025-11-26 05:46:15 | INFO | MONITOR_SLEEP | Sleeping for 20s (base=20s, consecutive_errors=0, monitoring_suspended=False)
2025-11-26 05:46:35 | INFO | MONITOR_SLEEP | Sleeping for 20s (base=20s, consecutive_errors=0, monitoring_suspended=False)
2025-11-26 05:46:55 | INFO | MONITOR_SLEEP | Sleeping for 20s (base=20s, consecutive_errors=0, monitoring_suspended=False)
2025-11-26 05:47:15 | INFO | MONITOR | Paper trades checked (next in 60s)
2025-11-26 05:47:15 | INFO | MONITOR_SLEEP | Sleeping for 20s (base=20s, consecutive_errors=0, monitoring_suspended=False)
2025-11-26 05:47:35 | INFO | MONITOR_SLEEP | Sleeping for 20s (base=20s, consecutive_errors=0, monitoring_suspended=False)
2025-11-26 05:47:55 | INFO | MONITOR_SLEEP | Sleeping for 20s (base=20s, consecutive_errors=0, monitoring_suspended=False)
2025-11-26 05:48:15 | INFO | MONITOR | Paper trades checked (next in 60s)
2025-11-26 05:48:15 | INFO | MONITOR_SLEEP | Sleeping for 20s (base=20s, consecutive_errors=0, monitoring_suspended=False)
2025-11-26 05:48:35 | INFO | MONITOR_SLEEP | Sleeping for 20s (base=20s, consecutive_errors=0, monitoring_suspended=False)
2025-11-26 05:48:55 | INFO | MONITOR_SLEEP | Sleeping for 20s (base=20s, consecutive_errors=0, monitoring_suspended=False)
2025-11-26 05:49:15 | INFO | MONITOR | Paper trades checked (next in 60s)
2025-11-26 05:49:15 | INFO | MONITOR_SLEEP | Sleeping for 20s (base=20s, consecutive_errors=0, monitoring_suspended=False)
2025-11-26 05:49:35 | INFO | MONITOR_SLEEP | Sleeping for 20s (base=20s, consecutive_errors=0, monitoring_suspended=False)
2025-11-26 05:49:55 | INFO | MONITOR_SLEEP | Sleeping for 20s (base=20s, consecutive_errors=0, monitoring_suspended=False)
2025-11-26 05:50:15 | INFO | MONITOR | Paper trades checked (next in 60s)
2025-11-26 05:50:15 | INFO | MONITOR_SLEEP | Sleeping for 20s (base=20s, consecutive_errors=0, monitoring_suspended=False)
2025-11-26 05:50:35 | INFO | MONITOR_SLEEP | Sleeping for 20s (base=20s, consecutive_errors=0, monitoring_suspended=False)
2025-11-26 05:50:55 | INFO | MONITOR_SLEEP | Sleeping for 20s (base=20s, consecutive_errors=0, monitoring_suspended=False)
2025-11-26 05:51:15 | INFO | MONITOR | Paper trades checked (next in 60s)
2025-11-26 05:51:15 | INFO | MONITOR_SLEEP | Sleeping for 20s (base=20s, consecutive_errors=0, monitoring_suspended=False)
2025-11-26 05:51:35 | INFO | MONITOR_SLEEP | Sleeping for 20s (base=20s, consecutive_errors=0, monitoring_suspended=False)
2025-11-26 05:51:55 | INFO | MONITOR_SLEEP | Sleeping for 20s (base=20s, consecutive_errors=0, monitoring_suspended=False)
2025-11-26 05:52:15 | INFO | MONITOR | Paper trades checked (next in 60s)
2025-11-26 05:52:15 | INFO | MONITOR_SLEEP | Sleeping for 20s (base=20s, consecutive_errors=0, monitoring_suspended=False)
2025-11-26 05:52:35 | INFO | MONITOR_SLEEP | Sleeping for 20s (base=20s, consecutive_errors=0, monitoring_suspended=False)
2025-11-26 05:52:55 | INFO | MONITOR_SLEEP | Sleeping for 20s (base=20s, consecutive_errors=0, monitoring_suspended=False)
2025-11-26 05:53:15 | INFO | MONITOR | Paper trades checked (next in 60s)
2025-11-26 05:53:15 | INFO | MONITOR_SLEEP | Sleeping for 20s (base=20s, consecutive_errors=0, monitoring_suspended=False)
2025-11-26 05:53:35 | INFO | MONITOR_SLEEP | Sleeping for 20s (base=20s, consecutive_errors=0, monitoring_suspended=False)
2025-11-26 05:53:55 | INFO | MONITOR_SLEEP | Sleeping for 20s (base=20s, consecutive_errors=0, monitoring_suspended=False)
2025-11-26 05:54:15 | INFO | MONITOR | Paper trades checked (next in 60s)
2025-11-26 05:54:15 | INFO | MONITOR_SLEEP | Sleeping for 20s (base=20s, consecutive_errors=0, monitoring_suspended=False)
2025-11-26 05:54:35 | INFO | MONITOR_SLEEP | Sleeping for 20s (base=20s, consecutive_errors=0, monitoring_suspended=False)
2025-11-26 05:54:55 | INFO | MONITOR_SLEEP | Sleeping for 20s (base=20s, consecutive_errors=0, monitoring_suspended=False)
2025-11-26 05:55:15 | INFO | MONITOR | Paper trades checked (next in 60s)
2025-11-26 05:55:15 | INFO | MONITOR_SLEEP | Sleeping for 20s (base=20s, consecutive_errors=0, monitoring_suspended=False)
2025-11-26 05:55:35 | INFO | MONITOR_SLEEP | Sleeping for 20s (base=20s, consecutive_errors=0, monitoring_suspended=False)
2025-11-26 05:55:55 | INFO | MONITOR_SLEEP | Sleeping for 20s (base=20s, consecutive_errors=0, monitoring_suspended=False)
2025-11-26 05:56:15 | INFO | MONITOR | Paper trades checked (next in 60s)
2025-11-26 05:56:15 | INFO | MONITOR_SLEEP | Sleeping for 20s (base=20s, consecutive_errors=0, monitoring_suspended=False)
2025-11-26 05:56:35 | INFO | MONITOR_SLEEP | Sleeping for 20s (base=20s, consecutive_errors=0, monitoring_suspended=False)
2025-11-26 05:56:55 | INFO | MONITOR_SLEEP | Sleeping for 20s (base=20s, consecutive_errors=0, monitoring_suspended=False)
2025-11-26 05:57:15 | INFO | MONITOR | Paper trades checked (next in 60s)
2025-11-26 05:57:15 | INFO | MONITOR_SLEEP | Sleeping for 20s (base=20s, consecutive_errors=0, monitoring_suspended=False)
2025-11-26 05:57:35 | INFO | MONITOR_SLEEP | Sleeping for 20s (base=20s, consecutive_errors=0, monitoring_suspended=False)
2025-11-26 05:57:55 | INFO | MONITOR_SLEEP | Sleeping for 20s (base=20s, consecutive_errors=0, monitoring_suspended=False)
2025-11-26 05:58:15 | INFO | MONITOR | Paper trades checked (next in 60s)
2025-11-26 05:58:15 | INFO | MONITOR_SLEEP | Sleeping for 20s (base=20s, consecutive_errors=0, monitoring_suspended=False)
2025-11-26 05:58:35 | INFO | MONITOR_SLEEP | Sleeping for 20s (base=20s, consecutive_errors=0, monitoring_suspended=False)
2025-11-26 05:58:55 | INFO | MONITOR_SLEEP | Sleeping for 20s (base=20s, consecutive_errors=0, monitoring_suspended=False)
2025-11-26 05:59:15 | INFO | MONITOR | Paper trades checked (next in 60s)
2025-11-26 05:59:15 | INFO | MONITOR_SLEEP | Sleeping for 20s (base=20s, consecutive_errors=0, monitoring_suspended=False)
2025-11-26 05:59:35 | INFO | MONITOR_SLEEP | Sleeping for 20s (base=20s, consecutive_errors=0, monitoring_suspended=False)
2025-11-26 05:59:55 | INFO | MONITOR_SLEEP | Sleeping for 20s (base=20s, consecutive_errors=0, monitoring_suspended=False)
2025-11-26 06:00:15 | INFO | MONITOR | Paper trades checked (next in 60s)
2025-11-26 06:00:15 | INFO | MONITOR_SLEEP | Sleeping for 20s (base=20s, consecutive_errors=0, monitoring_suspended=False)
2025-11-26 06:00:35 | INFO | MONITOR_SLEEP | Sleeping for 20s (base=20s, consecutive_errors=0, monitoring_suspended=False)
2025-11-26 06:00:55 | INFO | MONITOR_SLEEP | Sleeping for 20s (base=20s, consecutive_errors=0, monitoring_suspended=False)
2025-11-26 06:01:15 | INFO | MONITOR | Paper trades checked (next in 60s)
2025-11-26 06:01:15 | INFO | MONITOR_SLEEP | Sleeping for 20s (base=20s, consecutive_errors=0, monitoring_suspended=False)
