2025-11-25 13:20:13 | INFO | STARTUP | Logging initialized | log_dir=/root/santhosh/trading/equity/logs/2025-11-25
2025-11-25 13:20:14 | INFO | FEEDBACK_INIT | PerformanceFeedback initialized for adaptive trading
2025-11-25 13:20:14 | INFO | MONITOR | Backed up stale positions.json to positions.json.startup_1764057014
2025-11-25 13:20:14 | INFO | MONITOR | ✓ Cleared stale positions.json - will rebuild from broker holdings
2025-11-25 13:20:14 | INFO | MONITOR | Skipping file load - broker will be source of truth
2025-11-25 13:20:14 | INFO | HOLDINGS_SYNC | Fetching positions and holdings from broker...
2025-11-25 13:20:14 | INFO | HOLDINGS_SYNC | Found 5 open positions from position() API
2025-11-25 13:20:14 | INFO | HOLDINGS_SYNCED | Synced position from holdings: ABCAPITAL-EQ | symbol=ABCAPITAL-EQ | quantity=29 | entry_price=338.1 | sl_price=336.41 | target_price=341.48
2025-11-25 13:20:14 | INFO | HOLDINGS_SYNCED | Synced position from holdings: INDUSTOWER-EQ | symbol=INDUSTOWER-EQ | quantity=24 | entry_price=401.1 | sl_price=399.09 | target_price=405.11
2025-11-25 13:20:14 | INFO | HOLDINGS_SYNCED | Synced position from holdings: IOC-EQ | symbol=IOC-EQ | quantity=59 | entry_price=163.9 | sl_price=163.08 | target_price=165.54
2025-11-25 13:20:14 | INFO | HOLDINGS_SYNCED | Synced position from holdings: M&M-EQ | symbol=M&M-EQ | quantity=2 | entry_price=3681.7 | sl_price=3663.29 | target_price=3718.52
2025-11-25 13:20:14 | INFO | HOLDINGS_SYNCED | Synced position from holdings: UPL-EQ | symbol=UPL-EQ | quantity=13 | entry_price=747.0 | sl_price=743.26 | target_price=754.47
2025-11-25 13:20:14 | INFO | HOLDINGS_SYNC_COMPLETE | Synced 5 positions from broker holdings | synced=5 | skipped=0 | total_positions=5
2025-11-25 13:20:14 | INFO | SL_RECONCILE | Starting SL order reconciliation with broker
2025-11-25 13:20:14 | INFO | SL_RECONCILED | Found existing SL order for UPL-EQ | symbol=UPL-EQ | order_id=251125000441177 | status=trigger pending | trigger_price=743.3
2025-11-25 13:20:14 | INFO | SL_RECONCILED | Found existing SL order for IOC-EQ | symbol=IOC-EQ | order_id=251125000438784 | status=trigger pending | trigger_price=163.05
2025-11-25 13:20:14 | INFO | SL_RECONCILED | Found existing SL order for INDUSTOWER-EQ | symbol=INDUSTOWER-EQ | order_id=251125000425030 | status=trigger pending | trigger_price=399.3
2025-11-25 13:20:14 | INFO | SL_RECONCILED | Found existing SL order for M&M-EQ | symbol=M&M-EQ | order_id=251125000427031 | status=trigger pending | trigger_price=3666.6
2025-11-25 13:20:14 | INFO | SL_RECONCILED | Found existing SL order for ABCAPITAL-EQ | symbol=ABCAPITAL-EQ | order_id=251125000191523 | status=trigger pending | trigger_price=341.5
2025-11-25 13:20:14 | INFO | SL_RECONCILE | Saving reconciled positions to file...
2025-11-25 13:20:14 | INFO | SL_RECONCILE | Reconciled 5 SL orders and reset 0 retry counters
2025-11-25 13:20:14 | INFO | SL_RECONCILE_VERIFY | ABCAPITAL-EQ: sl_order_id=251125000191523
2025-11-25 13:20:14 | INFO | SL_RECONCILE_VERIFY | INDUSTOWER-EQ: sl_order_id=251125000425030
2025-11-25 13:20:14 | INFO | SL_RECONCILE_VERIFY | IOC-EQ: sl_order_id=251125000438784
2025-11-25 13:20:14 | INFO | SL_RECONCILE_VERIFY | M&M-EQ: sl_order_id=251125000427031
2025-11-25 13:20:14 | INFO | SL_RECONCILE_VERIFY | UPL-EQ: sl_order_id=251125000441177
2025-11-25 13:20:14 | INFO | BUCKET_MANAGER | Created 2 buckets | bucket_size=3 | total_positions=5 | bucket_distribution=[3, 2]
2025-11-25 13:20:14 | INFO | LTP_BUCKETS | LTP buckets initialized | total_positions=5 | num_buckets=2 | bucket_size=3
2025-11-25 13:20:14 | INFO | MONITOR | Position monitoring started with bucketed LTP checking
2025-11-25 13:20:14 | INFO | MONITOR | Event loop thread started
2025-11-25 13:20:14 | INFO | MONITOR | Event loop started successfully for priority queue
2025-11-25 13:20:15 | INFO | MONITOR | Priority API queue enabled and started
2025-11-25 13:20:15 | INFO | SL_RETRY | SL retry thread started - waiting 30s before initial placement (conserve startup API quota)
2025-11-25 13:20:15 | INFO | SL_RETRY | SL retry thread started successfully
2025-11-25 13:20:15 | INFO | BUCKET_LTP_CHECK | Checking bucket 1/2 | symbols=['ABCAPITAL-EQ', 'INDUSTOWER-EQ', 'IOC-EQ'] | count=3
2025-11-25 13:20:15 | INFO | BUCKET_LTP_RESULT | Bucket LTP check complete | checked=3 | skipped=0 | bucket_number=1 | total_buckets=2
2025-11-25 13:20:16 | INFO | MONITOR_SLEEP | Sleeping for 20s (base=20s, consecutive_errors=0, monitoring_suspended=False)
2025-11-25 13:20:36 | INFO | TRAIL_ACTIVATED | Trailing SL activated for ABCAPITAL-EQ | symbol=ABCAPITAL-EQ | profit_pct=1.2718130730552957 | current_ltp=342.4
2025-11-25 13:20:36 | INFO | TRAIL_SL_STEPPED | Trailing SL stepped up for ABCAPITAL-EQ | symbol=ABCAPITAL-EQ | step=2 | profit_pct=1.2718130730552957 | old_sl=336.41 | new_sl=341.48100000000005 | current_ltp=342.4
2025-11-25 13:20:36 | INFO | TRAIL_SL_MODIFIED | Trailing SL modified on broker for ABCAPITAL-EQ | symbol=ABCAPITAL-EQ | step=2 | order_id=251125000191523 | old_sl=336.41 | new_sl=341.48100000000005 | current_ltp=342.4 | profit_pct=1.2718130730552957 | order_type=STOPLOSS_MARKET | product=INTRADAY
2025-11-25 13:20:36 | INFO | BUCKET_LTP_CHECK | Checking bucket 0/2 | symbols=['M&M-EQ', 'UPL-EQ'] | count=2
2025-11-25 13:20:37 | INFO | BUCKET_LTP_RESULT | Bucket LTP check complete | checked=1 | skipped=1 | bucket_number=0 | total_buckets=2
2025-11-25 13:20:37 | INFO | MONITOR_SLEEP | Sleeping for 20s (base=20s, consecutive_errors=0, monitoring_suspended=False)
2025-11-25 13:20:45 | INFO | SL_RETRY | SL retry thread active - conservative mode (1 SL per 20s, max 10 retries)
2025-11-25 13:20:57 | INFO | BUCKET_LTP_CHECK | Checking bucket 1/2 | symbols=['ABCAPITAL-EQ', 'INDUSTOWER-EQ', 'IOC-EQ'] | count=3
2025-11-25 13:20:58 | INFO | BUCKET_LTP_RESULT | Bucket LTP check complete | checked=3 | skipped=0 | bucket_number=1 | total_buckets=2
2025-11-25 13:20:59 | INFO | MONITOR_SLEEP | Sleeping for 20s (base=20s, consecutive_errors=0, monitoring_suspended=False)
2025-11-25 13:21:19 | INFO | BUCKET_LTP_CHECK | Checking bucket 0/2 | symbols=['M&M-EQ', 'UPL-EQ'] | count=2
2025-11-25 13:21:19 | INFO | BUCKET_LTP_RESULT | Bucket LTP check complete | checked=2 | skipped=0 | bucket_number=0 | total_buckets=2
2025-11-25 13:21:20 | INFO | MONITOR | Paper trades checked (next in 60s)
2025-11-25 13:21:20 | INFO | MONITOR_SLEEP | Sleeping for 20s (base=20s, consecutive_errors=0, monitoring_suspended=False)
2025-11-25 13:21:40 | INFO | BUCKET_LTP_CHECK | Checking bucket 1/2 | symbols=['ABCAPITAL-EQ', 'INDUSTOWER-EQ', 'IOC-EQ'] | count=3
2025-11-25 13:21:41 | INFO | BUCKET_LTP_RESULT | Bucket LTP check complete | checked=3 | skipped=0 | bucket_number=1 | total_buckets=2
2025-11-25 13:21:42 | INFO | MONITOR_SLEEP | Sleeping for 20s (base=20s, consecutive_errors=0, monitoring_suspended=False)
2025-11-25 13:22:02 | INFO | BUCKET_LTP_CHECK | Checking bucket 0/2 | symbols=['M&M-EQ', 'UPL-EQ'] | count=2
2025-11-25 13:22:02 | INFO | BUCKET_LTP_RESULT | Bucket LTP check complete | checked=2 | skipped=0 | bucket_number=0 | total_buckets=2
2025-11-25 13:22:03 | INFO | MONITOR_SLEEP | Sleeping for 20s (base=20s, consecutive_errors=0, monitoring_suspended=False)
2025-11-25 13:22:23 | INFO | BUCKET_LTP_CHECK | Checking bucket 1/2 | symbols=['ABCAPITAL-EQ', 'INDUSTOWER-EQ', 'IOC-EQ'] | count=3
2025-11-25 13:22:23 | INFO | BUCKET_LTP_RESULT | Bucket LTP check complete | checked=3 | skipped=0 | bucket_number=1 | total_buckets=2
2025-11-25 13:22:24 | INFO | MONITOR | Paper trades checked (next in 60s)
2025-11-25 13:22:24 | INFO | MONITOR_SLEEP | Sleeping for 20s (base=20s, consecutive_errors=0, monitoring_suspended=False)
2025-11-25 13:22:44 | INFO | BUCKET_LTP_CHECK | Checking bucket 0/2 | symbols=['M&M-EQ', 'UPL-EQ'] | count=2
2025-11-25 13:22:45 | INFO | BUCKET_LTP_RESULT | Bucket LTP check complete | checked=2 | skipped=0 | bucket_number=0 | total_buckets=2
2025-11-25 13:22:46 | INFO | MONITOR_SLEEP | Sleeping for 20s (base=20s, consecutive_errors=0, monitoring_suspended=False)
2025-11-25 13:23:06 | INFO | BUCKET_LTP_CHECK | Checking bucket 1/2 | symbols=['ABCAPITAL-EQ', 'INDUSTOWER-EQ', 'IOC-EQ'] | count=3
2025-11-25 13:23:06 | INFO | BUCKET_LTP_RESULT | Bucket LTP check complete | checked=3 | skipped=0 | bucket_number=1 | total_buckets=2
2025-11-25 13:23:07 | INFO | MONITOR_SLEEP | Sleeping for 20s (base=20s, consecutive_errors=0, monitoring_suspended=False)
2025-11-25 13:23:27 | INFO | BUCKET_LTP_CHECK | Checking bucket 0/2 | symbols=['M&M-EQ', 'UPL-EQ'] | count=2
2025-11-25 13:23:27 | INFO | BUCKET_LTP_RESULT | Bucket LTP check complete | checked=2 | skipped=0 | bucket_number=0 | total_buckets=2
2025-11-25 13:23:28 | INFO | MONITOR | Paper trades checked (next in 60s)
2025-11-25 13:23:28 | INFO | MONITOR_SLEEP | Sleeping for 20s (base=20s, consecutive_errors=0, monitoring_suspended=False)
2025-11-25 13:23:48 | INFO | BUCKET_LTP_CHECK | Checking bucket 1/2 | symbols=['ABCAPITAL-EQ', 'INDUSTOWER-EQ', 'IOC-EQ'] | count=3
2025-11-25 13:23:49 | INFO | BUCKET_LTP_RESULT | Bucket LTP check complete | checked=3 | skipped=0 | bucket_number=1 | total_buckets=2
2025-11-25 13:23:50 | INFO | MONITOR_SLEEP | Sleeping for 20s (base=20s, consecutive_errors=0, monitoring_suspended=False)
2025-11-25 13:24:10 | INFO | BUCKET_LTP_CHECK | Checking bucket 0/2 | symbols=['M&M-EQ', 'UPL-EQ'] | count=2
2025-11-25 13:24:10 | INFO | BUCKET_LTP_RESULT | Bucket LTP check complete | checked=2 | skipped=0 | bucket_number=0 | total_buckets=2
2025-11-25 13:24:11 | INFO | MONITOR_SLEEP | Sleeping for 20s (base=20s, consecutive_errors=0, monitoring_suspended=False)
2025-11-25 13:24:31 | INFO | BUCKET_LTP_CHECK | Checking bucket 1/2 | symbols=['ABCAPITAL-EQ', 'INDUSTOWER-EQ', 'IOC-EQ'] | count=3
2025-11-25 13:24:32 | INFO | BUCKET_LTP_RESULT | Bucket LTP check complete | checked=3 | skipped=0 | bucket_number=1 | total_buckets=2
2025-11-25 13:24:32 | INFO | MONITOR | Paper trades checked (next in 60s)
2025-11-25 13:24:32 | INFO | MONITOR_SLEEP | Sleeping for 20s (base=20s, consecutive_errors=0, monitoring_suspended=False)
2025-11-25 13:24:52 | INFO | TRAIL_SL_STEPPED | Trailing SL stepped up for ABCAPITAL-EQ | symbol=ABCAPITAL-EQ | step=3 | profit_pct=1.538006506950603 | old_sl=341.48100000000005 | new_sl=343.1715 | current_ltp=343.3
2025-11-25 13:24:53 | INFO | TRAIL_SL_MODIFIED | Trailing SL modified on broker for ABCAPITAL-EQ | symbol=ABCAPITAL-EQ | step=3 | order_id=251125000191523 | old_sl=341.48100000000005 | new_sl=343.1715 | current_ltp=343.3 | profit_pct=1.538006506950603 | order_type=STOPLOSS_MARKET | product=INTRADAY
2025-11-25 13:24:53 | INFO | BUCKET_LTP_CHECK | Checking bucket 0/2 | symbols=['M&M-EQ', 'UPL-EQ'] | count=2
2025-11-25 13:24:53 | INFO | BUCKET_LTP_RESULT | Bucket LTP check complete | checked=1 | skipped=1 | bucket_number=0 | total_buckets=2
2025-11-25 13:24:54 | INFO | MONITOR_SLEEP | Sleeping for 20s (base=20s, consecutive_errors=0, monitoring_suspended=False)
2025-11-25 13:25:14 | INFO | BUCKET_LTP_CHECK | Checking bucket 1/2 | symbols=['ABCAPITAL-EQ', 'INDUSTOWER-EQ', 'IOC-EQ'] | count=3
2025-11-25 13:25:14 | INFO | BUCKET_LTP_RESULT | Bucket LTP check complete | checked=3 | skipped=0 | bucket_number=1 | total_buckets=2
2025-11-25 13:25:15 | INFO | MONITOR_SLEEP | Sleeping for 20s (base=20s, consecutive_errors=0, monitoring_suspended=False)
2025-11-25 13:25:35 | INFO | BUCKET_LTP_CHECK | Checking bucket 0/2 | symbols=['M&M-EQ', 'UPL-EQ'] | count=2
2025-11-25 13:25:36 | INFO | BUCKET_LTP_RESULT | Bucket LTP check complete | checked=2 | skipped=0 | bucket_number=0 | total_buckets=2
2025-11-25 13:25:36 | INFO | MONITOR | Paper trades checked (next in 60s)
2025-11-25 13:25:36 | INFO | MONITOR_SLEEP | Sleeping for 20s (base=20s, consecutive_errors=0, monitoring_suspended=False)
2025-11-25 13:25:56 | INFO | BUCKET_LTP_CHECK | Checking bucket 1/2 | symbols=['ABCAPITAL-EQ', 'INDUSTOWER-EQ', 'IOC-EQ'] | count=3
2025-11-25 13:25:57 | INFO | BUCKET_LTP_RESULT | Bucket LTP check complete | checked=3 | skipped=0 | bucket_number=1 | total_buckets=2
2025-11-25 13:25:58 | INFO | MONITOR_SLEEP | Sleeping for 20s (base=20s, consecutive_errors=0, monitoring_suspended=False)
2025-11-25 13:26:18 | INFO | BUCKET_LTP_CHECK | Checking bucket 0/2 | symbols=['M&M-EQ', 'UPL-EQ'] | count=2
2025-11-25 13:26:18 | INFO | BUCKET_LTP_RESULT | Bucket LTP check complete | checked=2 | skipped=0 | bucket_number=0 | total_buckets=2
2025-11-25 13:26:19 | INFO | MONITOR_SLEEP | Sleeping for 20s (base=20s, consecutive_errors=0, monitoring_suspended=False)
2025-11-25 13:26:39 | INFO | BUCKET_LTP_CHECK | Checking bucket 1/2 | symbols=['ABCAPITAL-EQ', 'INDUSTOWER-EQ', 'IOC-EQ'] | count=3
2025-11-25 13:26:40 | INFO | BUCKET_LTP_RESULT | Bucket LTP check complete | checked=3 | skipped=0 | bucket_number=1 | total_buckets=2
2025-11-25 13:26:41 | INFO | MONITOR | Paper trades checked (next in 60s)
2025-11-25 13:26:41 | INFO | MONITOR_SLEEP | Sleeping for 20s (base=20s, consecutive_errors=0, monitoring_suspended=False)
2025-11-25 13:27:01 | INFO | BUCKET_LTP_CHECK | Checking bucket 0/2 | symbols=['M&M-EQ', 'UPL-EQ'] | count=2
2025-11-25 13:27:01 | INFO | BUCKET_LTP_RESULT | Bucket LTP check complete | checked=2 | skipped=0 | bucket_number=0 | total_buckets=2
2025-11-25 13:27:02 | INFO | MONITOR_SLEEP | Sleeping for 20s (base=20s, consecutive_errors=0, monitoring_suspended=False)
2025-11-25 13:27:22 | INFO | BUCKET_LTP_CHECK | Checking bucket 1/2 | symbols=['ABCAPITAL-EQ', 'INDUSTOWER-EQ', 'IOC-EQ'] | count=3
2025-11-25 13:27:23 | INFO | BUCKET_LTP_RESULT | Bucket LTP check complete | checked=3 | skipped=0 | bucket_number=1 | total_buckets=2
2025-11-25 13:27:24 | INFO | MONITOR_SLEEP | Sleeping for 20s (base=20s, consecutive_errors=0, monitoring_suspended=False)
2025-11-25 13:27:44 | INFO | BUCKET_LTP_CHECK | Checking bucket 0/2 | symbols=['M&M-EQ', 'UPL-EQ'] | count=2
2025-11-25 13:27:44 | INFO | BUCKET_LTP_RESULT | Bucket LTP check complete | checked=2 | skipped=0 | bucket_number=0 | total_buckets=2
2025-11-25 13:27:45 | INFO | MONITOR | Paper trades checked (next in 60s)
2025-11-25 13:27:45 | INFO | MONITOR_SLEEP | Sleeping for 20s (base=20s, consecutive_errors=0, monitoring_suspended=False)
2025-11-25 13:28:05 | INFO | BUCKET_LTP_CHECK | Checking bucket 1/2 | symbols=['ABCAPITAL-EQ', 'INDUSTOWER-EQ', 'IOC-EQ'] | count=3
2025-11-25 13:28:06 | INFO | BUCKET_LTP_RESULT | Bucket LTP check complete | checked=3 | skipped=0 | bucket_number=1 | total_buckets=2
2025-11-25 13:28:06 | INFO | MONITOR_SLEEP | Sleeping for 20s (base=20s, consecutive_errors=0, monitoring_suspended=False)
2025-11-25 13:28:26 | INFO | BUCKET_LTP_CHECK | Checking bucket 0/2 | symbols=['M&M-EQ', 'UPL-EQ'] | count=2
2025-11-25 13:28:27 | INFO | BUCKET_LTP_RESULT | Bucket LTP check complete | checked=2 | skipped=0 | bucket_number=0 | total_buckets=2
2025-11-25 13:28:28 | INFO | MONITOR_SLEEP | Sleeping for 20s (base=20s, consecutive_errors=0, monitoring_suspended=False)
2025-11-25 13:28:48 | INFO | BUCKET_LTP_CHECK | Checking bucket 1/2 | symbols=['ABCAPITAL-EQ', 'INDUSTOWER-EQ', 'IOC-EQ'] | count=3
2025-11-25 13:28:48 | INFO | BUCKET_LTP_RESULT | Bucket LTP check complete | checked=3 | skipped=0 | bucket_number=1 | total_buckets=2
2025-11-25 13:28:49 | INFO | MONITOR | Paper trades checked (next in 60s)
2025-11-25 13:28:49 | INFO | MONITOR_SLEEP | Sleeping for 20s (base=20s, consecutive_errors=0, monitoring_suspended=False)
2025-11-25 13:29:09 | INFO | BUCKET_LTP_CHECK | Checking bucket 0/2 | symbols=['M&M-EQ', 'UPL-EQ'] | count=2
2025-11-25 13:29:09 | INFO | BUCKET_LTP_RESULT | Bucket LTP check complete | checked=2 | skipped=0 | bucket_number=0 | total_buckets=2
2025-11-25 13:29:10 | INFO | MONITOR_SLEEP | Sleeping for 20s (base=20s, consecutive_errors=0, monitoring_suspended=False)
2025-11-25 13:29:30 | INFO | BUCKET_LTP_CHECK | Checking bucket 1/2 | symbols=['ABCAPITAL-EQ', 'INDUSTOWER-EQ', 'IOC-EQ'] | count=3
2025-11-25 13:29:31 | INFO | BUCKET_LTP_RESULT | Bucket LTP check complete | checked=3 | skipped=0 | bucket_number=1 | total_buckets=2
2025-11-25 13:29:32 | INFO | MONITOR_SLEEP | Sleeping for 20s (base=20s, consecutive_errors=0, monitoring_suspended=False)
2025-11-25 13:29:52 | INFO | BUCKET_LTP_CHECK | Checking bucket 0/2 | symbols=['M&M-EQ', 'UPL-EQ'] | count=2
2025-11-25 13:29:52 | INFO | BUCKET_LTP_RESULT | Bucket LTP check complete | checked=2 | skipped=0 | bucket_number=0 | total_buckets=2
2025-11-25 13:29:53 | INFO | MONITOR | Paper trades checked (next in 60s)
2025-11-25 13:29:53 | INFO | MONITOR_SLEEP | Sleeping for 20s (base=20s, consecutive_errors=0, monitoring_suspended=False)
2025-11-25 13:30:13 | INFO | BUCKET_LTP_CHECK | Checking bucket 1/2 | symbols=['ABCAPITAL-EQ', 'INDUSTOWER-EQ', 'IOC-EQ'] | count=3
2025-11-25 13:30:14 | INFO | BUCKET_LTP_RESULT | Bucket LTP check complete | checked=3 | skipped=0 | bucket_number=1 | total_buckets=2
2025-11-25 13:30:15 | INFO | MONITOR_SLEEP | Sleeping for 20s (base=20s, consecutive_errors=0, monitoring_suspended=False)
2025-11-25 13:30:35 | INFO | BUCKET_LTP_CHECK | Checking bucket 0/2 | symbols=['M&M-EQ', 'UPL-EQ'] | count=2
2025-11-25 13:30:35 | INFO | BUCKET_LTP_RESULT | Bucket LTP check complete | checked=2 | skipped=0 | bucket_number=0 | total_buckets=2
2025-11-25 13:30:36 | INFO | MONITOR_SLEEP | Sleeping for 20s (base=20s, consecutive_errors=0, monitoring_suspended=False)
2025-11-25 13:30:56 | INFO | BUCKET_LTP_CHECK | Checking bucket 1/2 | symbols=['ABCAPITAL-EQ', 'INDUSTOWER-EQ', 'IOC-EQ'] | count=3
2025-11-25 13:30:57 | INFO | BUCKET_LTP_RESULT | Bucket LTP check complete | checked=3 | skipped=0 | bucket_number=1 | total_buckets=2
2025-11-25 13:30:58 | INFO | MONITOR | Paper trades checked (next in 60s)
2025-11-25 13:30:58 | INFO | MONITOR_SLEEP | Sleeping for 20s (base=20s, consecutive_errors=0, monitoring_suspended=False)
2025-11-25 13:31:18 | INFO | BUCKET_LTP_CHECK | Checking bucket 0/2 | symbols=['M&M-EQ', 'UPL-EQ'] | count=2
2025-11-25 13:31:18 | INFO | BUCKET_LTP_RESULT | Bucket LTP check complete | checked=2 | skipped=0 | bucket_number=0 | total_buckets=2
2025-11-25 13:31:19 | INFO | MONITOR_SLEEP | Sleeping for 20s (base=20s, consecutive_errors=0, monitoring_suspended=False)
2025-11-25 13:31:39 | INFO | BUCKET_LTP_CHECK | Checking bucket 1/2 | symbols=['ABCAPITAL-EQ', 'INDUSTOWER-EQ', 'IOC-EQ'] | count=3
2025-11-25 13:31:39 | INFO | BUCKET_LTP_RESULT | Bucket LTP check complete | checked=3 | skipped=0 | bucket_number=1 | total_buckets=2
2025-11-25 13:31:40 | INFO | MONITOR_SLEEP | Sleeping for 20s (base=20s, consecutive_errors=0, monitoring_suspended=False)
2025-11-25 13:32:00 | INFO | BUCKET_LTP_CHECK | Checking bucket 0/2 | symbols=['M&M-EQ', 'UPL-EQ'] | count=2
2025-11-25 13:32:01 | INFO | BUCKET_LTP_RESULT | Bucket LTP check complete | checked=2 | skipped=0 | bucket_number=0 | total_buckets=2
2025-11-25 13:32:01 | INFO | MONITOR | Paper trades checked (next in 60s)
2025-11-25 13:32:01 | INFO | MONITOR_SLEEP | Sleeping for 20s (base=20s, consecutive_errors=0, monitoring_suspended=False)
2025-11-25 13:32:21 | INFO | BUCKET_LTP_CHECK | Checking bucket 1/2 | symbols=['ABCAPITAL-EQ', 'INDUSTOWER-EQ', 'IOC-EQ'] | count=3
2025-11-25 13:32:22 | INFO | BUCKET_LTP_RESULT | Bucket LTP check complete | checked=3 | skipped=0 | bucket_number=1 | total_buckets=2
2025-11-25 13:32:23 | INFO | MONITOR_SLEEP | Sleeping for 20s (base=20s, consecutive_errors=0, monitoring_suspended=False)
2025-11-25 13:32:43 | INFO | BUCKET_LTP_CHECK | Checking bucket 0/2 | symbols=['M&M-EQ', 'UPL-EQ'] | count=2
2025-11-25 13:32:43 | INFO | BUCKET_LTP_RESULT | Bucket LTP check complete | checked=2 | skipped=0 | bucket_number=0 | total_buckets=2
2025-11-25 13:32:44 | INFO | MONITOR_SLEEP | Sleeping for 20s (base=20s, consecutive_errors=0, monitoring_suspended=False)
2025-11-25 13:33:04 | INFO | BUCKET_LTP_CHECK | Checking bucket 1/2 | symbols=['ABCAPITAL-EQ', 'INDUSTOWER-EQ', 'IOC-EQ'] | count=3
2025-11-25 13:33:05 | INFO | BUCKET_LTP_RESULT | Bucket LTP check complete | checked=3 | skipped=0 | bucket_number=1 | total_buckets=2
2025-11-25 13:33:06 | INFO | MONITOR | Paper trades checked (next in 60s)
2025-11-25 13:33:06 | INFO | MONITOR_SLEEP | Sleeping for 20s (base=20s, consecutive_errors=0, monitoring_suspended=False)
2025-11-25 13:33:06 | INFO | BUCKET_MANAGER | Created 2 buckets | bucket_size=3 | total_positions=6 | bucket_distribution=[3, 3]
2025-11-25 13:33:06 | INFO | LTP_BUCKETS | LTP buckets initialized | total_positions=6 | num_buckets=2 | bucket_size=3
2025-11-25 13:33:06 | INFO | POSITION_ADDED | Added position for monitoring | symbol=CHAMBLFERT-EQ | action=BUY | quantity=22
2025-11-25 13:33:06 | INFO | SL_CHECK | Checking if should place SL for CHAMBLFERT-EQ | action=BUY | status=OPEN
2025-11-25 13:33:06 | INFO | SL_DEFERRED | SL placement deferred for CHAMBLFERT-EQ - will retry in background loop | reason=Avoiding initial SL spike that causes rate limiter timeouts at startup | symbol=CHAMBLFERT-EQ
2025-11-25 13:33:25 | INFO | SL_RETRY | Attempting SL for 1 of 1 positions: CHAMBLFERT-EQ | sl_price=445.75 | quantity=22 | retry_attempt=1 | max_retries=10 | pending_count=1
2025-11-25 13:33:25 | INFO | SL_PLACEMENT_STRATEGY | Placing SL with retry 2 for CHAMBLFERT-EQ | product=INTRADAY | price=445.75 | retry_count=1 | strategy=same product type as entry order, rotate price rounding variants on retry
2025-11-25 13:33:25 | INFO | SL_ORDER_PLACING | Placing SL-M order for CHAMBLFERT-EQ | sl_price=445.75 | candidate_price=445.75 | product_type=INTRADAY | quantity=22
2025-11-25 13:33:25 | INFO | SL_PLACE_ORDER_CALLING | About to call broker.place_order for CHAMBLFERT-EQ | symbol=CHAMBLFERT-EQ | action=SELL | quantity=22 | candidate_price=445.75 | order_type=STOPLOSS-MARKET | product_type=INTRADAY
2025-11-25 13:33:25 | INFO | SL_PLACE_ORDER_SUCCESS | broker.place_order returned Order object for CHAMBLFERT-EQ | symbol=CHAMBLFERT-EQ | order_id=251125000846645 | order_type=Order
2025-11-25 13:33:26 | INFO | SL_MISSING_DETECTED | SL order missing for CHAMBLFERT-EQ (retry thread will handle) | symbol=CHAMBLFERT-EQ | sl_price=445.75 | retry_count=1
2025-11-25 13:33:26 | INFO | BUCKET_LTP_CHECK | Checking bucket 1/2 | symbols=['ABCAPITAL-EQ', 'INDUSTOWER-EQ', 'IOC-EQ'] | count=3
2025-11-25 13:33:26 | INFO | BUCKET_LTP_RESULT | Bucket LTP check complete | checked=3 | skipped=0 | bucket_number=1 | total_buckets=2
2025-11-25 13:33:26 | INFO | SL_HIT | 🛑 STOP LOSS HIT | ABCAPITAL-EQ | Entry: ₹338.10 | Exit: ₹342.80 | SL: ₹336.41 | PnL: ₹136.30 | symbol=ABCAPITAL-EQ | exit_reason=SL_HIT | entry_price=338.1 | exit_price=342.8 | sl_price=336.41 | quantity=29 | pnl=136.3 | pnl_percent=1.39 | charges=0 | trade_id=0 | duration_seconds=792.626545 | duration_minutes=13.2
2025-11-25 13:33:27 | INFO | ERROR | Failed to place exit order for ABCAPITAL-EQ
2025-11-25 13:33:28 | INFO | MONITOR_SLEEP | Sleeping for 20s (base=20s, consecutive_errors=0, monitoring_suspended=False)
2025-11-25 13:33:28 | INFO | ORDER_VERIFIED | Order 251125000846645 status: trigger pending
2025-11-25 13:33:28 | INFO | SL_ORDER_STATUS_CHECK | SL order placed, checking status for CHAMBLFERT-EQ | order_id=251125000846645 | order_status=trigger pending | expected_statuses=['open', 'pending', 'trigger pending', 'after market order req received']
2025-11-25 13:33:28 | INFO | SL_ORDER_PLACED | SL order placed and verified for CHAMBLFERT-EQ | order_id=251125000846645 | trigger_price=445.75 | product=INTRADAY | order_status=trigger pending
2025-11-25 13:33:28 | INFO | SL_RETRY_SUCCESS | Successfully placed SL for CHAMBLFERT-EQ | order_id=251125000846645 | attempts=1 | remaining=0
2025-11-25 13:33:48 | INFO | SL_CHECK | Stop-loss hit for ABCAPITAL-EQ (last_ltp: 342.8, sl: 336.41)
2025-11-25 13:33:48 | INFO | BUCKET_LTP_CHECK | Checking bucket 0/2 | symbols=['M&M-EQ', 'UPL-EQ', 'CHAMBLFERT-EQ'] | count=3
2025-11-25 13:33:48 | INFO | BUCKET_LTP_RESULT | Bucket LTP check complete | checked=3 | skipped=0 | bucket_number=0 | total_buckets=2
2025-11-25 13:33:48 | INFO | SL_HIT | 🛑 STOP LOSS HIT | ABCAPITAL-EQ | Entry: ₹338.10 | Exit: ₹342.80 | SL: ₹336.41 | PnL: ₹136.30 | symbol=ABCAPITAL-EQ | exit_reason=SL_HIT | entry_price=338.1 | exit_price=342.8 | sl_price=336.41 | quantity=29 | pnl=136.3 | pnl_percent=1.39 | charges=0 | trade_id=0 | duration_seconds=814.584947 | duration_minutes=13.6
2025-11-25 13:33:49 | INFO | ERROR | Failed to place exit order for ABCAPITAL-EQ
2025-11-25 13:33:50 | INFO | MONITOR_SLEEP | Sleeping for 20s (base=20s, consecutive_errors=0, monitoring_suspended=False)
2025-11-25 13:34:10 | INFO | SL_CHECK | Stop-loss hit for ABCAPITAL-EQ (last_ltp: 342.8, sl: 336.41)
2025-11-25 13:34:10 | INFO | BUCKET_LTP_CHECK | Checking bucket 1/2 | symbols=['ABCAPITAL-EQ', 'INDUSTOWER-EQ', 'IOC-EQ'] | count=3
2025-11-25 13:34:10 | INFO | BUCKET_LTP_RESULT | Bucket LTP check complete | checked=3 | skipped=0 | bucket_number=1 | total_buckets=2
2025-11-25 13:34:11 | INFO | MONITOR | Paper trades checked (next in 60s)
2025-11-25 13:34:11 | INFO | MONITOR_SLEEP | Sleeping for 20s (base=20s, consecutive_errors=0, monitoring_suspended=False)
2025-11-25 13:34:31 | INFO | BUCKET_LTP_CHECK | Checking bucket 0/2 | symbols=['M&M-EQ', 'UPL-EQ', 'CHAMBLFERT-EQ'] | count=3
2025-11-25 13:34:32 | INFO | BUCKET_LTP_RESULT | Bucket LTP check complete | checked=3 | skipped=0 | bucket_number=0 | total_buckets=2
2025-11-25 13:34:33 | INFO | MONITOR_SLEEP | Sleeping for 20s (base=20s, consecutive_errors=0, monitoring_suspended=False)
2025-11-25 13:34:53 | INFO | BUCKET_LTP_CHECK | Checking bucket 1/2 | symbols=['ABCAPITAL-EQ', 'INDUSTOWER-EQ', 'IOC-EQ'] | count=3
2025-11-25 13:34:54 | INFO | BUCKET_LTP_RESULT | Bucket LTP check complete | checked=3 | skipped=0 | bucket_number=1 | total_buckets=2
2025-11-25 13:34:55 | INFO | MONITOR_SLEEP | Sleeping for 20s (base=20s, consecutive_errors=0, monitoring_suspended=False)
2025-11-25 13:35:15 | INFO | BUCKET_LTP_CHECK | Checking bucket 0/2 | symbols=['M&M-EQ', 'UPL-EQ', 'CHAMBLFERT-EQ'] | count=3
2025-11-25 13:35:15 | INFO | BUCKET_LTP_RESULT | Bucket LTP check complete | checked=3 | skipped=0 | bucket_number=0 | total_buckets=2
2025-11-25 13:35:16 | INFO | MONITOR | Paper trades checked (next in 60s)
2025-11-25 13:35:16 | INFO | MONITOR_SLEEP | Sleeping for 20s (base=20s, consecutive_errors=0, monitoring_suspended=False)
2025-11-25 13:35:36 | INFO | BUCKET_LTP_CHECK | Checking bucket 1/2 | symbols=['ABCAPITAL-EQ', 'INDUSTOWER-EQ', 'IOC-EQ'] | count=3
2025-11-25 13:35:37 | INFO | BUCKET_LTP_RESULT | Bucket LTP check complete | checked=3 | skipped=0 | bucket_number=1 | total_buckets=2
2025-11-25 13:35:38 | INFO | MONITOR_SLEEP | Sleeping for 20s (base=20s, consecutive_errors=0, monitoring_suspended=False)
2025-11-25 13:35:58 | INFO | BUCKET_LTP_CHECK | Checking bucket 0/2 | symbols=['M&M-EQ', 'UPL-EQ', 'CHAMBLFERT-EQ'] | count=3
2025-11-25 13:35:59 | INFO | BUCKET_LTP_RESULT | Bucket LTP check complete | checked=3 | skipped=0 | bucket_number=0 | total_buckets=2
2025-11-25 13:36:00 | INFO | MONITOR_SLEEP | Sleeping for 20s (base=20s, consecutive_errors=0, monitoring_suspended=False)
2025-11-25 13:36:20 | INFO | BUCKET_LTP_CHECK | Checking bucket 1/2 | symbols=['ABCAPITAL-EQ', 'INDUSTOWER-EQ', 'IOC-EQ'] | count=3
2025-11-25 13:36:20 | INFO | BUCKET_LTP_RESULT | Bucket LTP check complete | checked=3 | skipped=0 | bucket_number=1 | total_buckets=2
2025-11-25 13:36:20 | INFO | SL_HIT | 🛑 STOP LOSS HIT | ABCAPITAL-EQ | Entry: ₹338.10 | Exit: ₹343.10 | SL: ₹336.41 | PnL: ₹145.00 | symbol=ABCAPITAL-EQ | exit_reason=SL_HIT | entry_price=338.1 | exit_price=343.1 | sl_price=336.41 | quantity=29 | pnl=145.0 | pnl_percent=1.48 | charges=0 | trade_id=0 | duration_seconds=966.625251 | duration_minutes=16.1
2025-11-25 13:36:21 | INFO | ERROR | Failed to place exit order for ABCAPITAL-EQ
2025-11-25 13:36:22 | INFO | MONITOR | Paper trades checked (next in 60s)
2025-11-25 13:36:22 | INFO | MONITOR_SLEEP | Sleeping for 20s (base=20s, consecutive_errors=0, monitoring_suspended=False)
2025-11-25 13:36:42 | INFO | SL_CHECK | Stop-loss hit for ABCAPITAL-EQ (last_ltp: 343.1, sl: 336.41)
2025-11-25 13:36:42 | INFO | BUCKET_LTP_CHECK | Checking bucket 0/2 | symbols=['M&M-EQ', 'UPL-EQ', 'CHAMBLFERT-EQ'] | count=3
2025-11-25 13:36:42 | INFO | BUCKET_LTP_RESULT | Bucket LTP check complete | checked=3 | skipped=0 | bucket_number=0 | total_buckets=2
2025-11-25 13:36:42 | INFO | SL_HIT | 🛑 STOP LOSS HIT | ABCAPITAL-EQ | Entry: ₹338.10 | Exit: ₹343.10 | SL: ₹336.41 | PnL: ₹145.00 | symbol=ABCAPITAL-EQ | exit_reason=SL_HIT | entry_price=338.1 | exit_price=343.1 | sl_price=336.41 | quantity=29 | pnl=145.0 | pnl_percent=1.48 | charges=0 | trade_id=0 | duration_seconds=988.639781 | duration_minutes=16.5
2025-11-25 13:36:43 | INFO | ERROR | Failed to place exit order for ABCAPITAL-EQ
2025-11-25 13:36:44 | INFO | MONITOR_SLEEP | Sleeping for 20s (base=20s, consecutive_errors=0, monitoring_suspended=False)
2025-11-25 13:37:04 | INFO | SL_CHECK | Stop-loss hit for ABCAPITAL-EQ (last_ltp: 343.1, sl: 336.41)
2025-11-25 13:37:04 | INFO | BUCKET_LTP_CHECK | Checking bucket 1/2 | symbols=['ABCAPITAL-EQ', 'INDUSTOWER-EQ', 'IOC-EQ'] | count=3
2025-11-25 13:37:04 | INFO | BUCKET_LTP_RESULT | Bucket LTP check complete | checked=3 | skipped=0 | bucket_number=1 | total_buckets=2
2025-11-25 13:37:04 | INFO | SL_HIT | 🛑 STOP LOSS HIT | ABCAPITAL-EQ | Entry: ₹338.10 | Exit: ₹343.00 | SL: ₹336.41 | PnL: ₹142.10 | symbol=ABCAPITAL-EQ | exit_reason=SL_HIT | entry_price=338.1 | exit_price=343.0 | sl_price=336.41 | quantity=29 | pnl=142.1 | pnl_percent=1.45 | charges=0 | trade_id=0 | duration_seconds=1010.516143 | duration_minutes=16.8
2025-11-25 13:37:05 | INFO | ERROR | Failed to place exit order for ABCAPITAL-EQ
2025-11-25 13:37:06 | INFO | MONITOR_SLEEP | Sleeping for 20s (base=20s, consecutive_errors=0, monitoring_suspended=False)
2025-11-25 13:37:26 | INFO | SL_CHECK | Stop-loss hit for ABCAPITAL-EQ (last_ltp: 343.0, sl: 336.41)
2025-11-25 13:37:26 | INFO | BUCKET_LTP_CHECK | Checking bucket 0/2 | symbols=['M&M-EQ', 'UPL-EQ', 'CHAMBLFERT-EQ'] | count=3
2025-11-25 13:37:26 | INFO | BUCKET_LTP_RESULT | Bucket LTP check complete | checked=3 | skipped=0 | bucket_number=0 | total_buckets=2
2025-11-25 13:37:26 | INFO | SL_HIT | 🛑 STOP LOSS HIT | ABCAPITAL-EQ | Entry: ₹338.10 | Exit: ₹343.00 | SL: ₹336.41 | PnL: ₹142.10 | symbol=ABCAPITAL-EQ | exit_reason=SL_HIT | entry_price=338.1 | exit_price=343.0 | sl_price=336.41 | quantity=29 | pnl=142.1 | pnl_percent=1.45 | charges=0 | trade_id=0 | duration_seconds=1032.471203 | duration_minutes=17.2
2025-11-25 13:37:27 | INFO | ERROR | Failed to place exit order for ABCAPITAL-EQ
2025-11-25 13:37:28 | INFO | MONITOR | Paper trades checked (next in 60s)
2025-11-25 13:37:28 | INFO | MONITOR_SLEEP | Sleeping for 20s (base=20s, consecutive_errors=0, monitoring_suspended=False)
2025-11-25 13:37:48 | INFO | SL_CHECK | Stop-loss hit for ABCAPITAL-EQ (last_ltp: 343.0, sl: 336.41)
2025-11-25 13:37:48 | INFO | BUCKET_LTP_CHECK | Checking bucket 1/2 | symbols=['ABCAPITAL-EQ', 'INDUSTOWER-EQ', 'IOC-EQ'] | count=3
2025-11-25 13:37:48 | INFO | BUCKET_LTP_RESULT | Bucket LTP check complete | checked=3 | skipped=0 | bucket_number=1 | total_buckets=2
2025-11-25 13:37:48 | INFO | SL_HIT | 🛑 STOP LOSS HIT | ABCAPITAL-EQ | Entry: ₹338.10 | Exit: ₹342.95 | SL: ₹336.41 | PnL: ₹140.65 | symbol=ABCAPITAL-EQ | exit_reason=SL_HIT | entry_price=338.1 | exit_price=342.95 | sl_price=336.41 | quantity=29 | pnl=140.65 | pnl_percent=1.43 | charges=0 | trade_id=0 | duration_seconds=1054.42856 | duration_minutes=17.6
2025-11-25 13:37:49 | INFO | ERROR | Failed to place exit order for ABCAPITAL-EQ
2025-11-25 13:37:50 | INFO | MONITOR_SLEEP | Sleeping for 20s (base=20s, consecutive_errors=0, monitoring_suspended=False)
2025-11-25 13:38:10 | INFO | SL_CHECK | Stop-loss hit for ABCAPITAL-EQ (last_ltp: 342.95, sl: 336.41)
2025-11-25 13:38:10 | INFO | BUCKET_LTP_CHECK | Checking bucket 0/2 | symbols=['M&M-EQ', 'UPL-EQ', 'CHAMBLFERT-EQ'] | count=3
2025-11-25 13:38:10 | INFO | BUCKET_LTP_RESULT | Bucket LTP check complete | checked=3 | skipped=0 | bucket_number=0 | total_buckets=2
2025-11-25 13:38:10 | INFO | SL_HIT | 🛑 STOP LOSS HIT | ABCAPITAL-EQ | Entry: ₹338.10 | Exit: ₹342.95 | SL: ₹336.41 | PnL: ₹140.65 | symbol=ABCAPITAL-EQ | exit_reason=SL_HIT | entry_price=338.1 | exit_price=342.95 | sl_price=336.41 | quantity=29 | pnl=140.65 | pnl_percent=1.43 | charges=0 | trade_id=0 | duration_seconds=1076.388148 | duration_minutes=17.9
2025-11-25 13:38:10 | INFO | ERROR | Failed to place exit order for ABCAPITAL-EQ
2025-11-25 13:38:11 | INFO | MONITOR_SLEEP | Sleeping for 20s (base=20s, consecutive_errors=0, monitoring_suspended=False)
2025-11-25 13:38:31 | INFO | SL_CHECK | Stop-loss hit for ABCAPITAL-EQ (last_ltp: 342.95, sl: 336.41)
2025-11-25 13:38:31 | INFO | BUCKET_LTP_CHECK | Checking bucket 1/2 | symbols=['ABCAPITAL-EQ', 'INDUSTOWER-EQ', 'IOC-EQ'] | count=3
2025-11-25 13:38:32 | INFO | BUCKET_LTP_RESULT | Bucket LTP check complete | checked=3 | skipped=0 | bucket_number=1 | total_buckets=2
2025-11-25 13:38:33 | INFO | MONITOR | Paper trades checked (next in 60s)
2025-11-25 13:38:33 | INFO | MONITOR_SLEEP | Sleeping for 20s (base=20s, consecutive_errors=0, monitoring_suspended=False)
2025-11-25 13:38:53 | INFO | BUCKET_LTP_CHECK | Checking bucket 0/2 | symbols=['M&M-EQ', 'UPL-EQ', 'CHAMBLFERT-EQ'] | count=3
2025-11-25 13:38:54 | INFO | BUCKET_LTP_RESULT | Bucket LTP check complete | checked=3 | skipped=0 | bucket_number=0 | total_buckets=2
2025-11-25 13:38:55 | INFO | MONITOR_SLEEP | Sleeping for 20s (base=20s, consecutive_errors=0, monitoring_suspended=False)
2025-11-25 13:39:15 | INFO | BUCKET_LTP_CHECK | Checking bucket 1/2 | symbols=['ABCAPITAL-EQ', 'INDUSTOWER-EQ', 'IOC-EQ'] | count=3
2025-11-25 13:39:16 | INFO | BUCKET_LTP_RESULT | Bucket LTP check complete | checked=3 | skipped=0 | bucket_number=1 | total_buckets=2
2025-11-25 13:39:17 | INFO | MONITOR_SLEEP | Sleeping for 20s (base=20s, consecutive_errors=0, monitoring_suspended=False)
2025-11-25 13:39:37 | INFO | BUCKET_LTP_CHECK | Checking bucket 0/2 | symbols=['M&M-EQ', 'UPL-EQ', 'CHAMBLFERT-EQ'] | count=3
2025-11-25 13:39:37 | INFO | BUCKET_LTP_RESULT | Bucket LTP check complete | checked=3 | skipped=0 | bucket_number=0 | total_buckets=2
2025-11-25 13:39:38 | INFO | MONITOR | Paper trades checked (next in 60s)
2025-11-25 13:39:38 | INFO | MONITOR_SLEEP | Sleeping for 20s (base=20s, consecutive_errors=0, monitoring_suspended=False)
2025-11-25 13:39:58 | INFO | BUCKET_LTP_CHECK | Checking bucket 1/2 | symbols=['ABCAPITAL-EQ', 'INDUSTOWER-EQ', 'IOC-EQ'] | count=3
2025-11-25 13:39:59 | INFO | BUCKET_LTP_RESULT | Bucket LTP check complete | checked=3 | skipped=0 | bucket_number=1 | total_buckets=2
2025-11-25 13:40:00 | INFO | MONITOR_SLEEP | Sleeping for 20s (base=20s, consecutive_errors=0, monitoring_suspended=False)
2025-11-25 13:40:20 | INFO | BUCKET_LTP_CHECK | Checking bucket 0/2 | symbols=['M&M-EQ', 'UPL-EQ', 'CHAMBLFERT-EQ'] | count=3
2025-11-25 13:40:21 | INFO | BUCKET_LTP_RESULT | Bucket LTP check complete | checked=3 | skipped=0 | bucket_number=0 | total_buckets=2
2025-11-25 13:40:22 | INFO | MONITOR_SLEEP | Sleeping for 20s (base=20s, consecutive_errors=0, monitoring_suspended=False)
2025-11-25 13:40:42 | INFO | BUCKET_LTP_CHECK | Checking bucket 1/2 | symbols=['ABCAPITAL-EQ', 'INDUSTOWER-EQ', 'IOC-EQ'] | count=3
2025-11-25 13:40:42 | INFO | BUCKET_LTP_RESULT | Bucket LTP check complete | checked=3 | skipped=0 | bucket_number=1 | total_buckets=2
2025-11-25 13:40:43 | INFO | MONITOR | Paper trades checked (next in 60s)
2025-11-25 13:40:43 | INFO | MONITOR_SLEEP | Sleeping for 20s (base=20s, consecutive_errors=0, monitoring_suspended=False)
2025-11-25 13:41:03 | INFO | BUCKET_LTP_CHECK | Checking bucket 0/2 | symbols=['M&M-EQ', 'UPL-EQ', 'CHAMBLFERT-EQ'] | count=3
2025-11-25 13:41:04 | INFO | BUCKET_LTP_RESULT | Bucket LTP check complete | checked=3 | skipped=0 | bucket_number=0 | total_buckets=2
2025-11-25 13:41:05 | INFO | MONITOR_SLEEP | Sleeping for 20s (base=20s, consecutive_errors=0, monitoring_suspended=False)
2025-11-25 13:41:25 | INFO | BUCKET_LTP_CHECK | Checking bucket 1/2 | symbols=['ABCAPITAL-EQ', 'INDUSTOWER-EQ', 'IOC-EQ'] | count=3
2025-11-25 13:41:26 | INFO | BUCKET_LTP_RESULT | Bucket LTP check complete | checked=3 | skipped=0 | bucket_number=1 | total_buckets=2
2025-11-25 13:41:27 | INFO | MONITOR_SLEEP | Sleeping for 20s (base=20s, consecutive_errors=0, monitoring_suspended=False)
2025-11-25 13:41:47 | INFO | BUCKET_LTP_CHECK | Checking bucket 0/2 | symbols=['M&M-EQ', 'UPL-EQ', 'CHAMBLFERT-EQ'] | count=3
2025-11-25 13:41:47 | INFO | BUCKET_LTP_RESULT | Bucket LTP check complete | checked=3 | skipped=0 | bucket_number=0 | total_buckets=2
2025-11-25 13:41:48 | INFO | MONITOR | Paper trades checked (next in 60s)
2025-11-25 13:41:48 | INFO | MONITOR_SLEEP | Sleeping for 20s (base=20s, consecutive_errors=0, monitoring_suspended=False)
2025-11-25 13:42:08 | INFO | BUCKET_LTP_CHECK | Checking bucket 1/2 | symbols=['ABCAPITAL-EQ', 'INDUSTOWER-EQ', 'IOC-EQ'] | count=3
2025-11-25 13:42:09 | INFO | BUCKET_LTP_RESULT | Bucket LTP check complete | checked=3 | skipped=0 | bucket_number=1 | total_buckets=2
2025-11-25 13:42:09 | INFO | SL_HIT | 🛑 STOP LOSS HIT | ABCAPITAL-EQ | Entry: ₹338.10 | Exit: ₹342.95 | SL: ₹336.41 | PnL: ₹140.65 | symbol=ABCAPITAL-EQ | exit_reason=SL_HIT | entry_price=338.1 | exit_price=342.95 | sl_price=336.41 | quantity=29 | pnl=140.65 | pnl_percent=1.43 | charges=0 | trade_id=0 | duration_seconds=1315.2232 | duration_minutes=21.9
2025-11-25 13:42:09 | INFO | ERROR | Failed to place exit order for ABCAPITAL-EQ
2025-11-25 13:42:10 | INFO | MONITOR_SLEEP | Sleeping for 20s (base=20s, consecutive_errors=0, monitoring_suspended=False)
2025-11-25 13:42:30 | INFO | SL_CHECK | Stop-loss hit for ABCAPITAL-EQ (last_ltp: 342.95, sl: 336.41)
2025-11-25 13:42:30 | INFO | BUCKET_LTP_CHECK | Checking bucket 0/2 | symbols=['M&M-EQ', 'UPL-EQ', 'CHAMBLFERT-EQ'] | count=3
2025-11-25 13:42:31 | INFO | BUCKET_LTP_RESULT | Bucket LTP check complete | checked=3 | skipped=0 | bucket_number=0 | total_buckets=2
2025-11-25 13:42:31 | INFO | SL_HIT | 🛑 STOP LOSS HIT | ABCAPITAL-EQ | Entry: ₹338.10 | Exit: ₹342.95 | SL: ₹336.41 | PnL: ₹140.65 | symbol=ABCAPITAL-EQ | exit_reason=SL_HIT | entry_price=338.1 | exit_price=342.95 | sl_price=336.41 | quantity=29 | pnl=140.65 | pnl_percent=1.43 | charges=0 | trade_id=0 | duration_seconds=1337.102059 | duration_minutes=22.3
2025-11-25 13:42:31 | INFO | ERROR | Failed to place exit order for ABCAPITAL-EQ
2025-11-25 13:42:32 | INFO | MONITOR_SLEEP | Sleeping for 20s (base=20s, consecutive_errors=0, monitoring_suspended=False)
2025-11-25 13:42:52 | INFO | SL_CHECK | Stop-loss hit for ABCAPITAL-EQ (last_ltp: 342.95, sl: 336.41)
2025-11-25 13:42:52 | INFO | BUCKET_LTP_CHECK | Checking bucket 1/2 | symbols=['ABCAPITAL-EQ', 'INDUSTOWER-EQ', 'IOC-EQ'] | count=3
2025-11-25 13:42:53 | INFO | BUCKET_LTP_RESULT | Bucket LTP check complete | checked=3 | skipped=0 | bucket_number=1 | total_buckets=2
2025-11-25 13:42:53 | INFO | SL_HIT | 🛑 STOP LOSS HIT | ABCAPITAL-EQ | Entry: ₹338.10 | Exit: ₹342.95 | SL: ₹336.41 | PnL: ₹140.65 | symbol=ABCAPITAL-EQ | exit_reason=SL_HIT | entry_price=338.1 | exit_price=342.95 | sl_price=336.41 | quantity=29 | pnl=140.65 | pnl_percent=1.43 | charges=0 | trade_id=0 | duration_seconds=1359.070515 | duration_minutes=22.7
2025-11-25 13:42:53 | INFO | ERROR | Failed to place exit order for ABCAPITAL-EQ
2025-11-25 13:42:54 | INFO | MONITOR | Paper trades checked (next in 60s)
2025-11-25 13:42:54 | INFO | MONITOR_SLEEP | Sleeping for 20s (base=20s, consecutive_errors=0, monitoring_suspended=False)
2025-11-25 13:43:14 | INFO | SL_CHECK | Stop-loss hit for ABCAPITAL-EQ (last_ltp: 342.95, sl: 336.41)
2025-11-25 13:43:14 | INFO | BUCKET_LTP_CHECK | Checking bucket 0/2 | symbols=['M&M-EQ', 'UPL-EQ', 'CHAMBLFERT-EQ'] | count=3
2025-11-25 13:43:15 | INFO | BUCKET_LTP_RESULT | Bucket LTP check complete | checked=3 | skipped=0 | bucket_number=0 | total_buckets=2
2025-11-25 13:43:15 | INFO | SL_HIT | 🛑 STOP LOSS HIT | ABCAPITAL-EQ | Entry: ₹338.10 | Exit: ₹342.95 | SL: ₹336.41 | PnL: ₹140.65 | symbol=ABCAPITAL-EQ | exit_reason=SL_HIT | entry_price=338.1 | exit_price=342.95 | sl_price=336.41 | quantity=29 | pnl=140.65 | pnl_percent=1.43 | charges=0 | trade_id=0 | duration_seconds=1381.052891 | duration_minutes=23.0
2025-11-25 13:43:15 | INFO | ERROR | Failed to place exit order for ABCAPITAL-EQ
2025-11-25 13:43:16 | INFO | MONITOR_SLEEP | Sleeping for 20s (base=20s, consecutive_errors=0, monitoring_suspended=False)
2025-11-25 13:43:36 | INFO | SL_CHECK | Stop-loss hit for ABCAPITAL-EQ (last_ltp: 342.95, sl: 336.41)
2025-11-25 13:43:36 | INFO | BUCKET_LTP_CHECK | Checking bucket 1/2 | symbols=['ABCAPITAL-EQ', 'INDUSTOWER-EQ', 'IOC-EQ'] | count=3
2025-11-25 13:43:37 | INFO | BUCKET_LTP_RESULT | Bucket LTP check complete | checked=3 | skipped=0 | bucket_number=1 | total_buckets=2
2025-11-25 13:43:37 | INFO | SL_HIT | 🛑 STOP LOSS HIT | ABCAPITAL-EQ | Entry: ₹338.10 | Exit: ₹342.95 | SL: ₹336.41 | PnL: ₹140.65 | symbol=ABCAPITAL-EQ | exit_reason=SL_HIT | entry_price=338.1 | exit_price=342.95 | sl_price=336.41 | quantity=29 | pnl=140.65 | pnl_percent=1.43 | charges=0 | trade_id=0 | duration_seconds=1402.918851 | duration_minutes=23.4
2025-11-25 13:43:37 | INFO | ERROR | Failed to place exit order for ABCAPITAL-EQ
2025-11-25 13:43:38 | INFO | MONITOR_SLEEP | Sleeping for 20s (base=20s, consecutive_errors=0, monitoring_suspended=False)
2025-11-25 13:43:58 | INFO | SL_CHECK | Stop-loss hit for ABCAPITAL-EQ (last_ltp: 342.95, sl: 336.41)
2025-11-25 13:43:58 | INFO | BUCKET_LTP_CHECK | Checking bucket 0/2 | symbols=['M&M-EQ', 'UPL-EQ', 'CHAMBLFERT-EQ'] | count=3
2025-11-25 13:43:59 | INFO | BUCKET_LTP_RESULT | Bucket LTP check complete | checked=3 | skipped=0 | bucket_number=0 | total_buckets=2
2025-11-25 13:43:59 | INFO | SL_HIT | 🛑 STOP LOSS HIT | ABCAPITAL-EQ | Entry: ₹338.10 | Exit: ₹342.95 | SL: ₹336.41 | PnL: ₹140.65 | symbol=ABCAPITAL-EQ | exit_reason=SL_HIT | entry_price=338.1 | exit_price=342.95 | sl_price=336.41 | quantity=29 | pnl=140.65 | pnl_percent=1.43 | charges=0 | trade_id=0 | duration_seconds=1424.868356 | duration_minutes=23.7
2025-11-25 13:43:59 | INFO | ERROR | Failed to place exit order for ABCAPITAL-EQ
2025-11-25 13:44:00 | INFO | MONITOR | Paper trades checked (next in 60s)
2025-11-25 13:44:00 | INFO | MONITOR_SLEEP | Sleeping for 20s (base=20s, consecutive_errors=0, monitoring_suspended=False)
2025-11-25 13:44:20 | INFO | SL_CHECK | Stop-loss hit for ABCAPITAL-EQ (last_ltp: 342.95, sl: 336.41)
2025-11-25 13:44:20 | INFO | BUCKET_LTP_CHECK | Checking bucket 1/2 | symbols=['ABCAPITAL-EQ', 'INDUSTOWER-EQ', 'IOC-EQ'] | count=3
2025-11-25 13:44:21 | INFO | BUCKET_LTP_RESULT | Bucket LTP check complete | checked=3 | skipped=0 | bucket_number=1 | total_buckets=2
2025-11-25 13:44:21 | INFO | SL_HIT | 🛑 STOP LOSS HIT | ABCAPITAL-EQ | Entry: ₹338.10 | Exit: ₹342.95 | SL: ₹336.41 | PnL: ₹140.65 | symbol=ABCAPITAL-EQ | exit_reason=SL_HIT | entry_price=338.1 | exit_price=342.95 | sl_price=336.41 | quantity=29 | pnl=140.65 | pnl_percent=1.43 | charges=0 | trade_id=0 | duration_seconds=1446.898055 | duration_minutes=24.1
2025-11-25 13:44:21 | INFO | ERROR | Failed to place exit order for ABCAPITAL-EQ
2025-11-25 13:44:22 | INFO | MONITOR_SLEEP | Sleeping for 20s (base=20s, consecutive_errors=0, monitoring_suspended=False)
2025-11-25 13:44:42 | INFO | SL_CHECK | Stop-loss hit for ABCAPITAL-EQ (last_ltp: 342.95, sl: 336.41)
2025-11-25 13:44:42 | INFO | BUCKET_LTP_CHECK | Checking bucket 0/2 | symbols=['M&M-EQ', 'UPL-EQ', 'CHAMBLFERT-EQ'] | count=3
2025-11-25 13:44:43 | INFO | BUCKET_LTP_RESULT | Bucket LTP check complete | checked=3 | skipped=0 | bucket_number=0 | total_buckets=2
2025-11-25 13:44:43 | INFO | SL_HIT | 🛑 STOP LOSS HIT | ABCAPITAL-EQ | Entry: ₹338.10 | Exit: ₹342.95 | SL: ₹336.41 | PnL: ₹140.65 | symbol=ABCAPITAL-EQ | exit_reason=SL_HIT | entry_price=338.1 | exit_price=342.95 | sl_price=336.41 | quantity=29 | pnl=140.65 | pnl_percent=1.43 | charges=0 | trade_id=0 | duration_seconds=1468.810775 | duration_minutes=24.5
2025-11-25 13:44:43 | INFO | ERROR | Failed to place exit order for ABCAPITAL-EQ
2025-11-25 13:44:44 | INFO | MONITOR_SLEEP | Sleeping for 20s (base=20s, consecutive_errors=0, monitoring_suspended=False)
2025-11-25 13:45:04 | INFO | SL_CHECK | Stop-loss hit for ABCAPITAL-EQ (last_ltp: 342.95, sl: 336.41)
2025-11-25 13:45:04 | INFO | BUCKET_LTP_CHECK | Checking bucket 1/2 | symbols=['ABCAPITAL-EQ', 'INDUSTOWER-EQ', 'IOC-EQ'] | count=3
2025-11-25 13:45:05 | INFO | BUCKET_LTP_RESULT | Bucket LTP check complete | checked=3 | skipped=0 | bucket_number=1 | total_buckets=2
2025-11-25 13:45:05 | INFO | SL_HIT | 🛑 STOP LOSS HIT | ABCAPITAL-EQ | Entry: ₹338.10 | Exit: ₹342.85 | SL: ₹336.41 | PnL: ₹137.75 | symbol=ABCAPITAL-EQ | exit_reason=SL_HIT | entry_price=338.1 | exit_price=342.85 | sl_price=336.41 | quantity=29 | pnl=137.75 | pnl_percent=1.4 | charges=0 | trade_id=0 | duration_seconds=1491.044345 | duration_minutes=24.9
2025-11-25 13:45:05 | INFO | POSITION_UPDATE | Updated position status | symbol=ABCAPITAL-EQ | status=EXITING
2025-11-25 13:45:05 | INFO | EXIT_PLACED | Exit order placed for ABCAPITAL-EQ | reason=SL_HIT | order_id=251125000875537 | ltp=342.85
2025-11-25 13:45:06 | INFO | MONITOR | Paper trades checked (next in 60s)
2025-11-25 13:45:06 | INFO | MONITOR_SLEEP | Sleeping for 20s (base=20s, consecutive_errors=0, monitoring_suspended=False)
2025-11-25 13:45:26 | INFO | ERROR | Failed to update PNL tracking for ABCAPITAL-EQ: 'Position' object has no attribute 'data'
2025-11-25 13:45:26 | INFO | TRADE | SELL 29 ABCAPITAL-EQ | entry=338.10 | exit=342.85 | pnl=+137.75 | status=CLOSED
2025-11-25 13:45:26 | INFO | POSITION_CLOSED | Position closed for ABCAPITAL-EQ | entry_price=338.1 | exit_price=342.85 | pnl=137.75 | duration_minutes=25
2025-11-25 13:45:26 | INFO | FEEDBACK_ERROR | Failed to record trade performance for ABCAPITAL-EQ: PerformanceFeedback.record_trade() got an unexpected keyword argument 'pnl_percent'
2025-11-25 13:45:26 | INFO | LEARNING_OUTCOME_RECORDED | Trade outcome recorded for ABCAPITAL-EQ | symbol=ABCAPITAL-EQ | won=True | profit=137.75 | pnl_percent=1.40%
2025-11-25 13:45:26 | INFO | POSITION_REMOVED | Removed position from monitoring | symbol=ABCAPITAL-EQ | final_pnl=137.75
2025-11-25 13:45:26 | INFO | BUCKET_LTP_CHECK | Checking bucket 0/2 | symbols=['M&M-EQ', 'UPL-EQ', 'CHAMBLFERT-EQ'] | count=3
2025-11-25 13:45:27 | INFO | BUCKET_LTP_RESULT | Bucket LTP check complete | checked=2 | skipped=1 | bucket_number=0 | total_buckets=2
2025-11-25 13:45:28 | INFO | MONITOR_SLEEP | Sleeping for 20s (base=20s, consecutive_errors=0, monitoring_suspended=False)
2025-11-25 13:45:48 | INFO | BUCKET_LTP_CHECK | Checking bucket 1/2 | symbols=['ABCAPITAL-EQ', 'INDUSTOWER-EQ', 'IOC-EQ'] | count=3
2025-11-25 13:45:48 | INFO | BUCKET_LTP_RESULT | Bucket LTP check complete | checked=2 | skipped=1 | bucket_number=1 | total_buckets=2
2025-11-25 13:45:49 | INFO | MONITOR_SLEEP | Sleeping for 20s (base=20s, consecutive_errors=0, monitoring_suspended=False)
2025-11-25 13:46:09 | INFO | BUCKET_LTP_CHECK | Checking bucket 0/2 | symbols=['M&M-EQ', 'UPL-EQ', 'CHAMBLFERT-EQ'] | count=3
2025-11-25 13:46:10 | INFO | BUCKET_LTP_RESULT | Bucket LTP check complete | checked=3 | skipped=0 | bucket_number=0 | total_buckets=2
2025-11-25 13:46:11 | INFO | MONITOR | Paper trades checked (next in 60s)
2025-11-25 13:46:11 | INFO | MONITOR_SLEEP | Sleeping for 20s (base=20s, consecutive_errors=0, monitoring_suspended=False)
2025-11-25 13:46:31 | INFO | BUCKET_LTP_CHECK | Checking bucket 1/2 | symbols=['ABCAPITAL-EQ', 'INDUSTOWER-EQ', 'IOC-EQ'] | count=3
2025-11-25 13:46:31 | INFO | BUCKET_LTP_RESULT | Bucket LTP check complete | checked=2 | skipped=1 | bucket_number=1 | total_buckets=2
2025-11-25 13:46:32 | INFO | MONITOR_SLEEP | Sleeping for 20s (base=20s, consecutive_errors=0, monitoring_suspended=False)
2025-11-25 13:46:52 | INFO | BUCKET_LTP_CHECK | Checking bucket 0/2 | symbols=['M&M-EQ', 'UPL-EQ', 'CHAMBLFERT-EQ'] | count=3
2025-11-25 13:46:52 | INFO | BUCKET_LTP_RESULT | Bucket LTP check complete | checked=3 | skipped=0 | bucket_number=0 | total_buckets=2
2025-11-25 13:46:53 | INFO | MONITOR_SLEEP | Sleeping for 20s (base=20s, consecutive_errors=0, monitoring_suspended=False)
2025-11-25 13:47:13 | INFO | BUCKET_LTP_CHECK | Checking bucket 1/2 | symbols=['ABCAPITAL-EQ', 'INDUSTOWER-EQ', 'IOC-EQ'] | count=3
2025-11-25 13:47:14 | INFO | BUCKET_LTP_RESULT | Bucket LTP check complete | checked=2 | skipped=1 | bucket_number=1 | total_buckets=2
2025-11-25 13:47:14 | INFO | MONITOR | Paper trades checked (next in 60s)
2025-11-25 13:47:14 | INFO | MONITOR_SLEEP | Sleeping for 20s (base=20s, consecutive_errors=0, monitoring_suspended=False)
2025-11-25 13:47:34 | INFO | BUCKET_LTP_CHECK | Checking bucket 0/2 | symbols=['M&M-EQ', 'UPL-EQ', 'CHAMBLFERT-EQ'] | count=3
2025-11-25 13:47:35 | INFO | BUCKET_LTP_RESULT | Bucket LTP check complete | checked=3 | skipped=0 | bucket_number=0 | total_buckets=2
2025-11-25 13:47:36 | INFO | MONITOR_SLEEP | Sleeping for 20s (base=20s, consecutive_errors=0, monitoring_suspended=False)
2025-11-25 13:47:56 | INFO | BUCKET_LTP_CHECK | Checking bucket 1/2 | symbols=['ABCAPITAL-EQ', 'INDUSTOWER-EQ', 'IOC-EQ'] | count=3
2025-11-25 13:47:56 | INFO | BUCKET_LTP_RESULT | Bucket LTP check complete | checked=2 | skipped=1 | bucket_number=1 | total_buckets=2
2025-11-25 13:47:57 | INFO | MONITOR_SLEEP | Sleeping for 20s (base=20s, consecutive_errors=0, monitoring_suspended=False)
2025-11-25 13:48:17 | INFO | BUCKET_LTP_CHECK | Checking bucket 0/2 | symbols=['M&M-EQ', 'UPL-EQ', 'CHAMBLFERT-EQ'] | count=3
2025-11-25 13:48:18 | INFO | BUCKET_LTP_RESULT | Bucket LTP check complete | checked=3 | skipped=0 | bucket_number=0 | total_buckets=2
2025-11-25 13:48:19 | INFO | MONITOR | Paper trades checked (next in 60s)
2025-11-25 13:48:19 | INFO | MONITOR_SLEEP | Sleeping for 20s (base=20s, consecutive_errors=0, monitoring_suspended=False)
2025-11-25 13:48:39 | INFO | BUCKET_LTP_CHECK | Checking bucket 1/2 | symbols=['ABCAPITAL-EQ', 'INDUSTOWER-EQ', 'IOC-EQ'] | count=3
2025-11-25 13:48:39 | INFO | BUCKET_LTP_RESULT | Bucket LTP check complete | checked=2 | skipped=1 | bucket_number=1 | total_buckets=2
2025-11-25 13:48:40 | INFO | MONITOR_SLEEP | Sleeping for 20s (base=20s, consecutive_errors=0, monitoring_suspended=False)
2025-11-25 13:49:00 | INFO | BUCKET_LTP_CHECK | Checking bucket 0/2 | symbols=['M&M-EQ', 'UPL-EQ', 'CHAMBLFERT-EQ'] | count=3
2025-11-25 13:49:00 | INFO | BUCKET_LTP_RESULT | Bucket LTP check complete | checked=3 | skipped=0 | bucket_number=0 | total_buckets=2
2025-11-25 13:49:01 | INFO | MONITOR_SLEEP | Sleeping for 20s (base=20s, consecutive_errors=0, monitoring_suspended=False)
2025-11-25 13:49:21 | INFO | BUCKET_LTP_CHECK | Checking bucket 1/2 | symbols=['ABCAPITAL-EQ', 'INDUSTOWER-EQ', 'IOC-EQ'] | count=3
2025-11-25 13:49:22 | INFO | BUCKET_LTP_RESULT | Bucket LTP check complete | checked=2 | skipped=1 | bucket_number=1 | total_buckets=2
2025-11-25 13:49:22 | INFO | MONITOR | Paper trades checked (next in 60s)
2025-11-25 13:49:22 | INFO | MONITOR_SLEEP | Sleeping for 20s (base=20s, consecutive_errors=0, monitoring_suspended=False)
2025-11-25 13:49:42 | INFO | BUCKET_LTP_CHECK | Checking bucket 0/2 | symbols=['M&M-EQ', 'UPL-EQ', 'CHAMBLFERT-EQ'] | count=3
2025-11-25 13:49:43 | INFO | BUCKET_LTP_RESULT | Bucket LTP check complete | checked=3 | skipped=0 | bucket_number=0 | total_buckets=2
2025-11-25 13:49:44 | INFO | MONITOR_SLEEP | Sleeping for 20s (base=20s, consecutive_errors=0, monitoring_suspended=False)
2025-11-25 13:50:04 | INFO | BUCKET_LTP_CHECK | Checking bucket 1/2 | symbols=['ABCAPITAL-EQ', 'INDUSTOWER-EQ', 'IOC-EQ'] | count=3
2025-11-25 13:50:04 | INFO | BUCKET_LTP_RESULT | Bucket LTP check complete | checked=2 | skipped=1 | bucket_number=1 | total_buckets=2
2025-11-25 13:50:05 | INFO | MONITOR_SLEEP | Sleeping for 20s (base=20s, consecutive_errors=0, monitoring_suspended=False)
2025-11-25 13:50:25 | INFO | BUCKET_LTP_CHECK | Checking bucket 0/2 | symbols=['M&M-EQ', 'UPL-EQ', 'CHAMBLFERT-EQ'] | count=3
2025-11-25 13:50:26 | INFO | BUCKET_LTP_RESULT | Bucket LTP check complete | checked=3 | skipped=0 | bucket_number=0 | total_buckets=2
2025-11-25 13:50:27 | INFO | MONITOR | Paper trades checked (next in 60s)
2025-11-25 13:50:27 | INFO | MONITOR_SLEEP | Sleeping for 20s (base=20s, consecutive_errors=0, monitoring_suspended=False)
2025-11-25 13:50:47 | INFO | BUCKET_LTP_CHECK | Checking bucket 1/2 | symbols=['ABCAPITAL-EQ', 'INDUSTOWER-EQ', 'IOC-EQ'] | count=3
2025-11-25 13:50:47 | INFO | BUCKET_LTP_RESULT | Bucket LTP check complete | checked=2 | skipped=1 | bucket_number=1 | total_buckets=2
2025-11-25 13:50:48 | INFO | MONITOR_SLEEP | Sleeping for 20s (base=20s, consecutive_errors=0, monitoring_suspended=False)
2025-11-25 13:51:08 | INFO | BUCKET_LTP_CHECK | Checking bucket 0/2 | symbols=['M&M-EQ', 'UPL-EQ', 'CHAMBLFERT-EQ'] | count=3
2025-11-25 13:51:09 | INFO | BUCKET_LTP_RESULT | Bucket LTP check complete | checked=3 | skipped=0 | bucket_number=0 | total_buckets=2
2025-11-25 13:51:09 | INFO | MONITOR_SLEEP | Sleeping for 20s (base=20s, consecutive_errors=0, monitoring_suspended=False)
2025-11-25 13:51:29 | INFO | BUCKET_LTP_CHECK | Checking bucket 1/2 | symbols=['ABCAPITAL-EQ', 'INDUSTOWER-EQ', 'IOC-EQ'] | count=3
2025-11-25 13:51:30 | INFO | BUCKET_LTP_RESULT | Bucket LTP check complete | checked=2 | skipped=1 | bucket_number=1 | total_buckets=2
2025-11-25 13:51:31 | INFO | MONITOR | Paper trades checked (next in 60s)
2025-11-25 13:51:31 | INFO | MONITOR_SLEEP | Sleeping for 20s (base=20s, consecutive_errors=0, monitoring_suspended=False)
2025-11-25 13:51:51 | INFO | BUCKET_LTP_CHECK | Checking bucket 0/2 | symbols=['M&M-EQ', 'UPL-EQ', 'CHAMBLFERT-EQ'] | count=3
2025-11-25 13:51:51 | INFO | BUCKET_LTP_RESULT | Bucket LTP check complete | checked=3 | skipped=0 | bucket_number=0 | total_buckets=2
2025-11-25 13:51:52 | INFO | MONITOR_SLEEP | Sleeping for 20s (base=20s, consecutive_errors=0, monitoring_suspended=False)
2025-11-25 13:52:12 | INFO | BUCKET_LTP_CHECK | Checking bucket 1/2 | symbols=['ABCAPITAL-EQ', 'INDUSTOWER-EQ', 'IOC-EQ'] | count=3
2025-11-25 13:52:12 | INFO | BUCKET_LTP_RESULT | Bucket LTP check complete | checked=2 | skipped=1 | bucket_number=1 | total_buckets=2
2025-11-25 13:52:13 | INFO | MONITOR_SLEEP | Sleeping for 20s (base=20s, consecutive_errors=0, monitoring_suspended=False)
2025-11-25 13:52:33 | INFO | BUCKET_LTP_CHECK | Checking bucket 0/2 | symbols=['M&M-EQ', 'UPL-EQ', 'CHAMBLFERT-EQ'] | count=3
2025-11-25 13:52:34 | INFO | BUCKET_LTP_RESULT | Bucket LTP check complete | checked=3 | skipped=0 | bucket_number=0 | total_buckets=2
2025-11-25 13:52:35 | INFO | MONITOR | Paper trades checked (next in 60s)
2025-11-25 13:52:35 | INFO | MONITOR_SLEEP | Sleeping for 20s (base=20s, consecutive_errors=0, monitoring_suspended=False)
2025-11-25 13:52:55 | INFO | BUCKET_LTP_CHECK | Checking bucket 1/2 | symbols=['ABCAPITAL-EQ', 'INDUSTOWER-EQ', 'IOC-EQ'] | count=3
2025-11-25 13:52:56 | INFO | BUCKET_LTP_RESULT | Bucket LTP check complete | checked=2 | skipped=1 | bucket_number=1 | total_buckets=2
2025-11-25 13:52:57 | INFO | MONITOR_SLEEP | Sleeping for 20s (base=20s, consecutive_errors=0, monitoring_suspended=False)
2025-11-25 13:53:17 | INFO | BUCKET_LTP_CHECK | Checking bucket 0/2 | symbols=['M&M-EQ', 'UPL-EQ', 'CHAMBLFERT-EQ'] | count=3
2025-11-25 13:53:18 | INFO | BUCKET_LTP_RESULT | Bucket LTP check complete | checked=3 | skipped=0 | bucket_number=0 | total_buckets=2
2025-11-25 13:53:19 | INFO | MONITOR_SLEEP | Sleeping for 20s (base=20s, consecutive_errors=0, monitoring_suspended=False)
2025-11-25 13:53:39 | INFO | BUCKET_LTP_CHECK | Checking bucket 1/2 | symbols=['ABCAPITAL-EQ', 'INDUSTOWER-EQ', 'IOC-EQ'] | count=3
2025-11-25 13:53:39 | INFO | BUCKET_LTP_RESULT | Bucket LTP check complete | checked=2 | skipped=1 | bucket_number=1 | total_buckets=2
2025-11-25 13:53:40 | INFO | MONITOR | Paper trades checked (next in 60s)
2025-11-25 13:53:40 | INFO | MONITOR_SLEEP | Sleeping for 20s (base=20s, consecutive_errors=0, monitoring_suspended=False)
2025-11-25 13:54:00 | INFO | BUCKET_LTP_CHECK | Checking bucket 0/2 | symbols=['M&M-EQ', 'UPL-EQ', 'CHAMBLFERT-EQ'] | count=3
2025-11-25 13:54:00 | INFO | BUCKET_LTP_RESULT | Bucket LTP check complete | checked=3 | skipped=0 | bucket_number=0 | total_buckets=2
2025-11-25 13:54:01 | INFO | MONITOR_SLEEP | Sleeping for 20s (base=20s, consecutive_errors=0, monitoring_suspended=False)
2025-11-25 13:54:21 | INFO | BUCKET_LTP_CHECK | Checking bucket 1/2 | symbols=['ABCAPITAL-EQ', 'INDUSTOWER-EQ', 'IOC-EQ'] | count=3
2025-11-25 13:54:22 | INFO | BUCKET_LTP_RESULT | Bucket LTP check complete | checked=2 | skipped=1 | bucket_number=1 | total_buckets=2
2025-11-25 13:54:22 | INFO | MONITOR_SLEEP | Sleeping for 20s (base=20s, consecutive_errors=0, monitoring_suspended=False)
2025-11-25 13:54:42 | INFO | BUCKET_LTP_CHECK | Checking bucket 0/2 | symbols=['M&M-EQ', 'UPL-EQ', 'CHAMBLFERT-EQ'] | count=3
2025-11-25 13:54:43 | INFO | BUCKET_LTP_RESULT | Bucket LTP check complete | checked=3 | skipped=0 | bucket_number=0 | total_buckets=2
2025-11-25 13:54:44 | INFO | MONITOR | Paper trades checked (next in 60s)
2025-11-25 13:54:44 | INFO | MONITOR_SLEEP | Sleeping for 20s (base=20s, consecutive_errors=0, monitoring_suspended=False)
2025-11-25 13:55:04 | INFO | BUCKET_LTP_CHECK | Checking bucket 1/2 | symbols=['ABCAPITAL-EQ', 'INDUSTOWER-EQ', 'IOC-EQ'] | count=3
2025-11-25 13:55:05 | INFO | BUCKET_LTP_RESULT | Bucket LTP check complete | checked=2 | skipped=1 | bucket_number=1 | total_buckets=2
2025-11-25 13:55:05 | INFO | MONITOR_SLEEP | Sleeping for 20s (base=20s, consecutive_errors=0, monitoring_suspended=False)
2025-11-25 13:55:25 | INFO | BUCKET_LTP_CHECK | Checking bucket 0/2 | symbols=['M&M-EQ', 'UPL-EQ', 'CHAMBLFERT-EQ'] | count=3
2025-11-25 13:55:26 | INFO | BUCKET_LTP_RESULT | Bucket LTP check complete | checked=3 | skipped=0 | bucket_number=0 | total_buckets=2
2025-11-25 13:55:27 | INFO | MONITOR_SLEEP | Sleeping for 20s (base=20s, consecutive_errors=0, monitoring_suspended=False)
2025-11-25 13:55:47 | INFO | BUCKET_LTP_CHECK | Checking bucket 1/2 | symbols=['ABCAPITAL-EQ', 'INDUSTOWER-EQ', 'IOC-EQ'] | count=3
2025-11-25 13:55:47 | INFO | BUCKET_LTP_RESULT | Bucket LTP check complete | checked=2 | skipped=1 | bucket_number=1 | total_buckets=2
2025-11-25 13:55:48 | INFO | MONITOR | Paper trades checked (next in 60s)
2025-11-25 13:55:48 | INFO | MONITOR_SLEEP | Sleeping for 20s (base=20s, consecutive_errors=0, monitoring_suspended=False)
2025-11-25 13:56:08 | INFO | BUCKET_LTP_CHECK | Checking bucket 0/2 | symbols=['M&M-EQ', 'UPL-EQ', 'CHAMBLFERT-EQ'] | count=3
2025-11-25 13:56:09 | INFO | BUCKET_LTP_RESULT | Bucket LTP check complete | checked=3 | skipped=0 | bucket_number=0 | total_buckets=2
2025-11-25 13:56:09 | INFO | MONITOR_SLEEP | Sleeping for 20s (base=20s, consecutive_errors=0, monitoring_suspended=False)
2025-11-25 13:56:29 | INFO | BUCKET_LTP_CHECK | Checking bucket 1/2 | symbols=['ABCAPITAL-EQ', 'INDUSTOWER-EQ', 'IOC-EQ'] | count=3
2025-11-25 13:56:30 | INFO | BUCKET_LTP_RESULT | Bucket LTP check complete | checked=2 | skipped=1 | bucket_number=1 | total_buckets=2
2025-11-25 13:56:31 | INFO | MONITOR_SLEEP | Sleeping for 20s (base=20s, consecutive_errors=0, monitoring_suspended=False)
2025-11-25 13:56:51 | INFO | BUCKET_LTP_CHECK | Checking bucket 0/2 | symbols=['M&M-EQ', 'UPL-EQ', 'CHAMBLFERT-EQ'] | count=3
2025-11-25 13:56:51 | INFO | BUCKET_LTP_RESULT | Bucket LTP check complete | checked=3 | skipped=0 | bucket_number=0 | total_buckets=2
2025-11-25 13:56:52 | INFO | MONITOR | Paper trades checked (next in 60s)
2025-11-25 13:56:52 | INFO | MONITOR_SLEEP | Sleeping for 20s (base=20s, consecutive_errors=0, monitoring_suspended=False)
2025-11-25 13:57:12 | INFO | BUCKET_LTP_CHECK | Checking bucket 1/2 | symbols=['ABCAPITAL-EQ', 'INDUSTOWER-EQ', 'IOC-EQ'] | count=3
2025-11-25 13:57:13 | INFO | BUCKET_LTP_RESULT | Bucket LTP check complete | checked=2 | skipped=1 | bucket_number=1 | total_buckets=2
2025-11-25 13:57:13 | INFO | MONITOR_SLEEP | Sleeping for 20s (base=20s, consecutive_errors=0, monitoring_suspended=False)
2025-11-25 13:57:33 | INFO | BUCKET_LTP_CHECK | Checking bucket 0/2 | symbols=['M&M-EQ', 'UPL-EQ', 'CHAMBLFERT-EQ'] | count=3
2025-11-25 13:57:34 | INFO | BUCKET_LTP_RESULT | Bucket LTP check complete | checked=3 | skipped=0 | bucket_number=0 | total_buckets=2
2025-11-25 13:57:35 | INFO | MONITOR_SLEEP | Sleeping for 20s (base=20s, consecutive_errors=0, monitoring_suspended=False)
2025-11-25 13:57:55 | INFO | BUCKET_LTP_CHECK | Checking bucket 1/2 | symbols=['ABCAPITAL-EQ', 'INDUSTOWER-EQ', 'IOC-EQ'] | count=3
2025-11-25 13:57:55 | INFO | BUCKET_LTP_RESULT | Bucket LTP check complete | checked=2 | skipped=1 | bucket_number=1 | total_buckets=2
2025-11-25 13:57:56 | INFO | MONITOR | Paper trades checked (next in 60s)
2025-11-25 13:57:56 | INFO | MONITOR_SLEEP | Sleeping for 20s (base=20s, consecutive_errors=0, monitoring_suspended=False)
2025-11-25 13:58:16 | INFO | TRAIL_ACTIVATED | Trailing SL activated for INDUSTOWER-EQ | symbol=INDUSTOWER-EQ | profit_pct=0.5110944901520704 | current_ltp=403.15
2025-11-25 13:58:16 | INFO | TRAIL_SL_STEPPED | Trailing SL stepped up for INDUSTOWER-EQ | symbol=INDUSTOWER-EQ | step=1 | profit_pct=0.5110944901520704 | old_sl=399.09 | new_sl=403.1055 | current_ltp=403.15
2025-11-25 13:58:16 | INFO | TRAIL_SL_MODIFIED | Trailing SL modified on broker for INDUSTOWER-EQ | symbol=INDUSTOWER-EQ | step=1 | order_id=251125000425030 | old_sl=399.09 | new_sl=403.1055 | current_ltp=403.15 | profit_pct=0.5110944901520704 | order_type=STOPLOSS_MARKET | product=INTRADAY
2025-11-25 13:58:16 | INFO | BUCKET_LTP_CHECK | Checking bucket 0/2 | symbols=['M&M-EQ', 'UPL-EQ', 'CHAMBLFERT-EQ'] | count=3
2025-11-25 13:58:17 | INFO | BUCKET_LTP_RESULT | Bucket LTP check complete | checked=1 | skipped=2 | bucket_number=0 | total_buckets=2
2025-11-25 13:58:18 | INFO | MONITOR_SLEEP | Sleeping for 20s (base=20s, consecutive_errors=0, monitoring_suspended=False)
2025-11-25 13:58:38 | INFO | BUCKET_LTP_CHECK | Checking bucket 1/2 | symbols=['ABCAPITAL-EQ', 'INDUSTOWER-EQ', 'IOC-EQ'] | count=3
2025-11-25 13:58:38 | INFO | BUCKET_LTP_RESULT | Bucket LTP check complete | checked=2 | skipped=1 | bucket_number=1 | total_buckets=2
2025-11-25 13:58:39 | INFO | MONITOR_SLEEP | Sleeping for 20s (base=20s, consecutive_errors=0, monitoring_suspended=False)
2025-11-25 13:58:59 | INFO | BUCKET_LTP_CHECK | Checking bucket 0/2 | symbols=['M&M-EQ', 'UPL-EQ', 'CHAMBLFERT-EQ'] | count=3
2025-11-25 13:59:00 | INFO | BUCKET_LTP_RESULT | Bucket LTP check complete | checked=3 | skipped=0 | bucket_number=0 | total_buckets=2
2025-11-25 13:59:00 | INFO | MONITOR | Paper trades checked (next in 60s)
2025-11-25 13:59:00 | INFO | MONITOR_SLEEP | Sleeping for 20s (base=20s, consecutive_errors=0, monitoring_suspended=False)
2025-11-25 13:59:20 | INFO | BUCKET_LTP_CHECK | Checking bucket 1/2 | symbols=['ABCAPITAL-EQ', 'INDUSTOWER-EQ', 'IOC-EQ'] | count=3
2025-11-25 13:59:21 | INFO | BUCKET_LTP_RESULT | Bucket LTP check complete | checked=2 | skipped=1 | bucket_number=1 | total_buckets=2
2025-11-25 13:59:21 | INFO | SL_HIT | 🛑 STOP LOSS HIT | INDUSTOWER-EQ | Entry: ₹401.10 | Exit: ₹403.10 | SL: ₹399.09 | PnL: ₹48.00 | symbol=INDUSTOWER-EQ | exit_reason=SL_HIT | entry_price=401.1 | exit_price=403.1 | sl_price=399.09 | quantity=24 | pnl=48.0 | pnl_percent=0.5 | charges=0 | trade_id=0 | duration_seconds=2346.943117 | duration_minutes=39.1
2025-11-25 13:59:21 | INFO | ERROR | Exception while exiting INDUSTOWER-EQ: [Errno 2] No such file or directory: '/root/santhosh/trading/equity/logs/2025-11-25/errors.log'
2025-11-25 13:59:22 | INFO | MONITOR_SLEEP | Sleeping for 20s (base=20s, consecutive_errors=0, monitoring_suspended=False)
2025-11-25 13:59:42 | INFO | SL_CHECK | Stop-loss hit for INDUSTOWER-EQ (last_ltp: 403.1, sl: 399.09)
2025-11-25 13:59:42 | INFO | BUCKET_LTP_CHECK | Checking bucket 0/2 | symbols=['M&M-EQ', 'UPL-EQ', 'CHAMBLFERT-EQ'] | count=3
2025-11-25 13:59:42 | INFO | BUCKET_LTP_RESULT | Bucket LTP check complete | checked=3 | skipped=0 | bucket_number=0 | total_buckets=2
2025-11-25 13:59:42 | INFO | SL_HIT | 🛑 STOP LOSS HIT | INDUSTOWER-EQ | Entry: ₹401.10 | Exit: ₹403.10 | SL: ₹399.09 | PnL: ₹48.00 | symbol=INDUSTOWER-EQ | exit_reason=SL_HIT | entry_price=401.1 | exit_price=403.1 | sl_price=399.09 | quantity=24 | pnl=48.0 | pnl_percent=0.5 | charges=0 | trade_id=0 | duration_seconds=2368.464831 | duration_minutes=39.5
2025-11-25 13:59:43 | INFO | ERROR | Failed to place exit order for INDUSTOWER-EQ
2025-11-25 13:59:43 | INFO | MONITOR_SLEEP | Sleeping for 20s (base=20s, consecutive_errors=0, monitoring_suspended=False)
2025-11-25 14:00:03 | INFO | SL_CHECK | Stop-loss hit for INDUSTOWER-EQ (last_ltp: 403.1, sl: 399.09)
2025-11-25 14:00:03 | INFO | BUCKET_LTP_CHECK | Checking bucket 1/2 | symbols=['ABCAPITAL-EQ', 'INDUSTOWER-EQ', 'IOC-EQ'] | count=3
2025-11-25 14:00:04 | INFO | BUCKET_LTP_RESULT | Bucket LTP check complete | checked=2 | skipped=1 | bucket_number=1 | total_buckets=2
2025-11-25 14:00:05 | INFO | MONITOR | Paper trades checked (next in 60s)
2025-11-25 14:00:05 | INFO | MONITOR_SLEEP | Sleeping for 20s (base=20s, consecutive_errors=0, monitoring_suspended=False)
2025-11-25 14:00:25 | INFO | BUCKET_LTP_CHECK | Checking bucket 0/2 | symbols=['M&M-EQ', 'UPL-EQ', 'CHAMBLFERT-EQ'] | count=3
2025-11-25 14:00:25 | INFO | BUCKET_LTP_RESULT | Bucket LTP check complete | checked=3 | skipped=0 | bucket_number=0 | total_buckets=2
2025-11-25 14:00:26 | INFO | MONITOR_SLEEP | Sleeping for 20s (base=20s, consecutive_errors=0, monitoring_suspended=False)
2025-11-25 14:00:46 | INFO | BUCKET_LTP_CHECK | Checking bucket 1/2 | symbols=['ABCAPITAL-EQ', 'INDUSTOWER-EQ', 'IOC-EQ'] | count=3
2025-11-25 14:00:47 | INFO | BUCKET_LTP_RESULT | Bucket LTP check complete | checked=2 | skipped=1 | bucket_number=1 | total_buckets=2
2025-11-25 14:00:47 | INFO | MONITOR_SLEEP | Sleeping for 20s (base=20s, consecutive_errors=0, monitoring_suspended=False)
2025-11-25 14:01:07 | INFO | BUCKET_LTP_CHECK | Checking bucket 0/2 | symbols=['M&M-EQ', 'UPL-EQ', 'CHAMBLFERT-EQ'] | count=3
2025-11-25 14:01:08 | INFO | BUCKET_LTP_RESULT | Bucket LTP check complete | checked=3 | skipped=0 | bucket_number=0 | total_buckets=2
2025-11-25 14:01:09 | INFO | MONITOR | Paper trades checked (next in 60s)
2025-11-25 14:01:09 | INFO | MONITOR_SLEEP | Sleeping for 20s (base=20s, consecutive_errors=0, monitoring_suspended=False)
2025-11-25 14:01:29 | INFO | BUCKET_LTP_CHECK | Checking bucket 1/2 | symbols=['ABCAPITAL-EQ', 'INDUSTOWER-EQ', 'IOC-EQ'] | count=3
2025-11-25 14:01:29 | INFO | BUCKET_LTP_RESULT | Bucket LTP check complete | checked=2 | skipped=1 | bucket_number=1 | total_buckets=2
2025-11-25 14:01:30 | INFO | MONITOR_SLEEP | Sleeping for 20s (base=20s, consecutive_errors=0, monitoring_suspended=False)
2025-11-25 14:01:50 | INFO | BUCKET_LTP_CHECK | Checking bucket 0/2 | symbols=['M&M-EQ', 'UPL-EQ', 'CHAMBLFERT-EQ'] | count=3
2025-11-25 14:01:51 | INFO | BUCKET_LTP_RESULT | Bucket LTP check complete | checked=3 | skipped=0 | bucket_number=0 | total_buckets=2
2025-11-25 14:01:51 | INFO | MONITOR_SLEEP | Sleeping for 20s (base=20s, consecutive_errors=0, monitoring_suspended=False)
2025-11-25 14:02:11 | INFO | BUCKET_LTP_CHECK | Checking bucket 1/2 | symbols=['ABCAPITAL-EQ', 'INDUSTOWER-EQ', 'IOC-EQ'] | count=3
2025-11-25 14:02:15 | INFO | BUCKET_LTP_RESULT | Bucket LTP check complete | checked=2 | skipped=1 | bucket_number=1 | total_buckets=2
2025-11-25 14:02:16 | INFO | MONITOR | Paper trades checked (next in 60s)
2025-11-25 14:02:16 | INFO | MONITOR_SLEEP | Sleeping for 20s (base=20s, consecutive_errors=0, monitoring_suspended=False)
2025-11-25 14:02:36 | INFO | BUCKET_LTP_CHECK | Checking bucket 0/2 | symbols=['M&M-EQ', 'UPL-EQ', 'CHAMBLFERT-EQ'] | count=3
2025-11-25 14:02:36 | INFO | BUCKET_LTP_RESULT | Bucket LTP check complete | checked=3 | skipped=0 | bucket_number=0 | total_buckets=2
2025-11-25 14:02:37 | INFO | MONITOR_SLEEP | Sleeping for 20s (base=20s, consecutive_errors=0, monitoring_suspended=False)
2025-11-25 14:02:57 | INFO | BUCKET_LTP_CHECK | Checking bucket 1/2 | symbols=['ABCAPITAL-EQ', 'INDUSTOWER-EQ', 'IOC-EQ'] | count=3
2025-11-25 14:02:58 | INFO | BUCKET_LTP_RESULT | Bucket LTP check complete | checked=2 | skipped=1 | bucket_number=1 | total_buckets=2
2025-11-25 14:02:58 | INFO | MONITOR_SLEEP | Sleeping for 20s (base=20s, consecutive_errors=0, monitoring_suspended=False)
2025-11-25 14:03:18 | INFO | BUCKET_LTP_CHECK | Checking bucket 0/2 | symbols=['M&M-EQ', 'UPL-EQ', 'CHAMBLFERT-EQ'] | count=3
2025-11-25 14:03:19 | INFO | BUCKET_LTP_RESULT | Bucket LTP check complete | checked=3 | skipped=0 | bucket_number=0 | total_buckets=2
2025-11-25 14:03:20 | INFO | MONITOR | Paper trades checked (next in 60s)
2025-11-25 14:03:20 | INFO | MONITOR_SLEEP | Sleeping for 20s (base=20s, consecutive_errors=0, monitoring_suspended=False)
2025-11-25 14:03:40 | INFO | BUCKET_LTP_CHECK | Checking bucket 1/2 | symbols=['ABCAPITAL-EQ', 'INDUSTOWER-EQ', 'IOC-EQ'] | count=3
2025-11-25 14:03:41 | INFO | BUCKET_LTP_RESULT | Bucket LTP check complete | checked=2 | skipped=1 | bucket_number=1 | total_buckets=2
2025-11-25 14:03:41 | INFO | MONITOR_SLEEP | Sleeping for 20s (base=20s, consecutive_errors=0, monitoring_suspended=False)
2025-11-25 14:04:01 | INFO | BUCKET_LTP_CHECK | Checking bucket 0/2 | symbols=['M&M-EQ', 'UPL-EQ', 'CHAMBLFERT-EQ'] | count=3
2025-11-25 14:04:02 | INFO | BUCKET_LTP_RESULT | Bucket LTP check complete | checked=3 | skipped=0 | bucket_number=0 | total_buckets=2
2025-11-25 14:04:03 | INFO | MONITOR_SLEEP | Sleeping for 20s (base=20s, consecutive_errors=0, monitoring_suspended=False)
2025-11-25 14:04:23 | INFO | BUCKET_LTP_CHECK | Checking bucket 1/2 | symbols=['ABCAPITAL-EQ', 'INDUSTOWER-EQ', 'IOC-EQ'] | count=3
2025-11-25 14:04:23 | INFO | BUCKET_LTP_RESULT | Bucket LTP check complete | checked=2 | skipped=1 | bucket_number=1 | total_buckets=2
2025-11-25 14:04:24 | INFO | MONITOR | Paper trades checked (next in 60s)
2025-11-25 14:04:24 | INFO | MONITOR_SLEEP | Sleeping for 20s (base=20s, consecutive_errors=0, monitoring_suspended=False)
2025-11-25 14:04:44 | INFO | BUCKET_LTP_CHECK | Checking bucket 0/2 | symbols=['M&M-EQ', 'UPL-EQ', 'CHAMBLFERT-EQ'] | count=3
2025-11-25 14:04:45 | INFO | BUCKET_LTP_RESULT | Bucket LTP check complete | checked=3 | skipped=0 | bucket_number=0 | total_buckets=2
2025-11-25 14:04:45 | INFO | MONITOR_SLEEP | Sleeping for 20s (base=20s, consecutive_errors=0, monitoring_suspended=False)
2025-11-25 14:05:05 | INFO | BUCKET_LTP_CHECK | Checking bucket 1/2 | symbols=['ABCAPITAL-EQ', 'INDUSTOWER-EQ', 'IOC-EQ'] | count=3
2025-11-25 14:05:06 | INFO | BUCKET_LTP_RESULT | Bucket LTP check complete | checked=2 | skipped=1 | bucket_number=1 | total_buckets=2
2025-11-25 14:05:07 | INFO | MONITOR_SLEEP | Sleeping for 20s (base=20s, consecutive_errors=0, monitoring_suspended=False)
2025-11-25 14:05:27 | INFO | BUCKET_LTP_CHECK | Checking bucket 0/2 | symbols=['M&M-EQ', 'UPL-EQ', 'CHAMBLFERT-EQ'] | count=3
2025-11-25 14:05:28 | INFO | BUCKET_LTP_RESULT | Bucket LTP check complete | checked=3 | skipped=0 | bucket_number=0 | total_buckets=2
2025-11-25 14:05:29 | INFO | MONITOR | Paper trades checked (next in 60s)
2025-11-25 14:05:29 | INFO | MONITOR_SLEEP | Sleeping for 20s (base=20s, consecutive_errors=0, monitoring_suspended=False)
2025-11-25 14:05:49 | INFO | BUCKET_LTP_CHECK | Checking bucket 1/2 | symbols=['ABCAPITAL-EQ', 'INDUSTOWER-EQ', 'IOC-EQ'] | count=3
2025-11-25 14:05:49 | INFO | BUCKET_LTP_RESULT | Bucket LTP check complete | checked=2 | skipped=1 | bucket_number=1 | total_buckets=2
2025-11-25 14:05:50 | INFO | MONITOR_SLEEP | Sleeping for 20s (base=20s, consecutive_errors=0, monitoring_suspended=False)
2025-11-25 14:06:10 | INFO | BUCKET_LTP_CHECK | Checking bucket 0/2 | symbols=['M&M-EQ', 'UPL-EQ', 'CHAMBLFERT-EQ'] | count=3
2025-11-25 14:06:11 | INFO | BUCKET_LTP_RESULT | Bucket LTP check complete | checked=3 | skipped=0 | bucket_number=0 | total_buckets=2
2025-11-25 14:06:11 | INFO | MONITOR_SLEEP | Sleeping for 20s (base=20s, consecutive_errors=0, monitoring_suspended=False)
2025-11-25 14:06:31 | INFO | BUCKET_LTP_CHECK | Checking bucket 1/2 | symbols=['ABCAPITAL-EQ', 'INDUSTOWER-EQ', 'IOC-EQ'] | count=3
2025-11-25 14:06:32 | INFO | BUCKET_LTP_RESULT | Bucket LTP check complete | checked=2 | skipped=1 | bucket_number=1 | total_buckets=2
2025-11-25 14:06:33 | INFO | MONITOR | Paper trades checked (next in 60s)
2025-11-25 14:06:33 | INFO | MONITOR_SLEEP | Sleeping for 20s (base=20s, consecutive_errors=0, monitoring_suspended=False)
2025-11-25 14:06:53 | INFO | BUCKET_LTP_CHECK | Checking bucket 0/2 | symbols=['M&M-EQ', 'UPL-EQ', 'CHAMBLFERT-EQ'] | count=3
2025-11-25 14:06:53 | INFO | BUCKET_LTP_RESULT | Bucket LTP check complete | checked=3 | skipped=0 | bucket_number=0 | total_buckets=2
2025-11-25 14:06:54 | INFO | MONITOR_SLEEP | Sleeping for 20s (base=20s, consecutive_errors=0, monitoring_suspended=False)
2025-11-25 14:07:14 | INFO | BUCKET_LTP_CHECK | Checking bucket 1/2 | symbols=['ABCAPITAL-EQ', 'INDUSTOWER-EQ', 'IOC-EQ'] | count=3
2025-11-25 14:07:14 | INFO | BUCKET_LTP_RESULT | Bucket LTP check complete | checked=2 | skipped=1 | bucket_number=1 | total_buckets=2
2025-11-25 14:07:15 | INFO | MONITOR_SLEEP | Sleeping for 20s (base=20s, consecutive_errors=0, monitoring_suspended=False)
2025-11-25 14:07:35 | INFO | BUCKET_LTP_CHECK | Checking bucket 0/2 | symbols=['M&M-EQ', 'UPL-EQ', 'CHAMBLFERT-EQ'] | count=3
2025-11-25 14:07:36 | INFO | BUCKET_LTP_RESULT | Bucket LTP check complete | checked=3 | skipped=0 | bucket_number=0 | total_buckets=2
2025-11-25 14:07:37 | INFO | MONITOR | Paper trades checked (next in 60s)
2025-11-25 14:07:37 | INFO | MONITOR_SLEEP | Sleeping for 20s (base=20s, consecutive_errors=0, monitoring_suspended=False)
2025-11-25 14:07:57 | INFO | BUCKET_LTP_CHECK | Checking bucket 1/2 | symbols=['ABCAPITAL-EQ', 'INDUSTOWER-EQ', 'IOC-EQ'] | count=3
2025-11-25 14:07:57 | INFO | BUCKET_LTP_RESULT | Bucket LTP check complete | checked=2 | skipped=1 | bucket_number=1 | total_buckets=2
2025-11-25 14:07:58 | INFO | MONITOR_SLEEP | Sleeping for 20s (base=20s, consecutive_errors=0, monitoring_suspended=False)
2025-11-25 14:08:18 | INFO | BUCKET_LTP_CHECK | Checking bucket 0/2 | symbols=['M&M-EQ', 'UPL-EQ', 'CHAMBLFERT-EQ'] | count=3
2025-11-25 14:08:19 | INFO | BUCKET_LTP_RESULT | Bucket LTP check complete | checked=3 | skipped=0 | bucket_number=0 | total_buckets=2
2025-11-25 14:08:19 | INFO | MONITOR_SLEEP | Sleeping for 20s (base=20s, consecutive_errors=0, monitoring_suspended=False)
2025-11-25 14:08:39 | INFO | BUCKET_LTP_CHECK | Checking bucket 1/2 | symbols=['ABCAPITAL-EQ', 'INDUSTOWER-EQ', 'IOC-EQ'] | count=3
2025-11-25 14:08:40 | INFO | BUCKET_LTP_RESULT | Bucket LTP check complete | checked=2 | skipped=1 | bucket_number=1 | total_buckets=2
2025-11-25 14:08:41 | INFO | MONITOR | Paper trades checked (next in 60s)
2025-11-25 14:08:41 | INFO | MONITOR_SLEEP | Sleeping for 20s (base=20s, consecutive_errors=0, monitoring_suspended=False)
2025-11-25 14:09:01 | INFO | BUCKET_LTP_CHECK | Checking bucket 0/2 | symbols=['M&M-EQ', 'UPL-EQ', 'CHAMBLFERT-EQ'] | count=3
2025-11-25 14:09:01 | INFO | BUCKET_LTP_RESULT | Bucket LTP check complete | checked=3 | skipped=0 | bucket_number=0 | total_buckets=2
2025-11-25 14:09:02 | INFO | MONITOR_SLEEP | Sleeping for 20s (base=20s, consecutive_errors=0, monitoring_suspended=False)
2025-11-25 14:09:22 | INFO | BUCKET_LTP_CHECK | Checking bucket 1/2 | symbols=['ABCAPITAL-EQ', 'INDUSTOWER-EQ', 'IOC-EQ'] | count=3
2025-11-25 14:09:23 | INFO | BUCKET_LTP_RESULT | Bucket LTP check complete | checked=2 | skipped=1 | bucket_number=1 | total_buckets=2
2025-11-25 14:09:23 | INFO | MONITOR_SLEEP | Sleeping for 20s (base=20s, consecutive_errors=0, monitoring_suspended=False)
2025-11-25 14:09:43 | INFO | TRAIL_SL_STEPPED | Trailing SL stepped up for INDUSTOWER-EQ | symbol=INDUSTOWER-EQ | step=2 | profit_pct=1.022188980304155 | old_sl=403.1055 | new_sl=405.11100000000005 | current_ltp=405.2
2025-11-25 14:09:44 | INFO | TRAIL_SL_MODIFIED | Trailing SL modified on broker for INDUSTOWER-EQ | symbol=INDUSTOWER-EQ | step=2 | order_id=251125000425030 | old_sl=403.1055 | new_sl=405.11100000000005 | current_ltp=405.2 | profit_pct=1.022188980304155 | order_type=STOPLOSS_MARKET | product=INTRADAY
2025-11-25 14:09:44 | INFO | BUCKET_LTP_CHECK | Checking bucket 0/2 | symbols=['M&M-EQ', 'UPL-EQ', 'CHAMBLFERT-EQ'] | count=3
2025-11-25 14:09:44 | INFO | BUCKET_LTP_RESULT | Bucket LTP check complete | checked=1 | skipped=2 | bucket_number=0 | total_buckets=2
2025-11-25 14:09:45 | INFO | MONITOR | Paper trades checked (next in 60s)
2025-11-25 14:09:45 | INFO | MONITOR_SLEEP | Sleeping for 20s (base=20s, consecutive_errors=0, monitoring_suspended=False)
2025-11-25 14:10:05 | INFO | BUCKET_LTP_CHECK | Checking bucket 1/2 | symbols=['ABCAPITAL-EQ', 'INDUSTOWER-EQ', 'IOC-EQ'] | count=3
2025-11-25 14:10:05 | INFO | BUCKET_LTP_RESULT | Bucket LTP check complete | checked=2 | skipped=1 | bucket_number=1 | total_buckets=2
2025-11-25 14:10:06 | INFO | MONITOR_SLEEP | Sleeping for 20s (base=20s, consecutive_errors=0, monitoring_suspended=False)
2025-11-25 14:10:26 | INFO | BUCKET_LTP_CHECK | Checking bucket 0/2 | symbols=['M&M-EQ', 'UPL-EQ', 'CHAMBLFERT-EQ'] | count=3
2025-11-25 14:10:27 | INFO | BUCKET_LTP_RESULT | Bucket LTP check complete | checked=3 | skipped=0 | bucket_number=0 | total_buckets=2
2025-11-25 14:10:28 | INFO | MONITOR_SLEEP | Sleeping for 20s (base=20s, consecutive_errors=0, monitoring_suspended=False)
2025-11-25 14:10:48 | INFO | BUCKET_LTP_CHECK | Checking bucket 1/2 | symbols=['ABCAPITAL-EQ', 'INDUSTOWER-EQ', 'IOC-EQ'] | count=3
2025-11-25 14:10:48 | INFO | BUCKET_LTP_RESULT | Bucket LTP check complete | checked=2 | skipped=1 | bucket_number=1 | total_buckets=2
2025-11-25 14:10:48 | INFO | SL_HIT | 🛑 STOP LOSS HIT | INDUSTOWER-EQ | Entry: ₹401.10 | Exit: ₹404.80 | SL: ₹399.09 | PnL: ₹88.80 | symbol=INDUSTOWER-EQ | exit_reason=SL_HIT | entry_price=401.1 | exit_price=404.8 | sl_price=399.09 | quantity=24 | pnl=88.8 | pnl_percent=0.92 | charges=0 | trade_id=0 | duration_seconds=3034.281933 | duration_minutes=50.6
2025-11-25 14:10:48 | INFO | ERROR | Failed to place exit order for INDUSTOWER-EQ
2025-11-25 14:10:49 | INFO | MONITOR | Paper trades checked (next in 60s)
2025-11-25 14:10:49 | INFO | MONITOR_SLEEP | Sleeping for 20s (base=20s, consecutive_errors=0, monitoring_suspended=False)
2025-11-25 14:11:09 | INFO | SL_CHECK | Stop-loss hit for INDUSTOWER-EQ (last_ltp: 404.8, sl: 399.09)
2025-11-25 14:11:09 | INFO | BUCKET_LTP_CHECK | Checking bucket 0/2 | symbols=['M&M-EQ', 'UPL-EQ', 'CHAMBLFERT-EQ'] | count=3
2025-11-25 14:11:10 | INFO | BUCKET_LTP_RESULT | Bucket LTP check complete | checked=3 | skipped=0 | bucket_number=0 | total_buckets=2
2025-11-25 14:11:10 | INFO | SL_HIT | 🛑 STOP LOSS HIT | INDUSTOWER-EQ | Entry: ₹401.10 | Exit: ₹404.80 | SL: ₹399.09 | PnL: ₹88.80 | symbol=INDUSTOWER-EQ | exit_reason=SL_HIT | entry_price=401.1 | exit_price=404.8 | sl_price=399.09 | quantity=24 | pnl=88.8 | pnl_percent=0.92 | charges=0 | trade_id=0 | duration_seconds=3055.845099 | duration_minutes=50.9
2025-11-25 14:11:10 | INFO | ERROR | Failed to place exit order for INDUSTOWER-EQ
2025-11-25 14:11:11 | INFO | MONITOR_SLEEP | Sleeping for 20s (base=20s, consecutive_errors=0, monitoring_suspended=False)
2025-11-25 14:11:31 | INFO | SL_CHECK | Stop-loss hit for INDUSTOWER-EQ (last_ltp: 404.8, sl: 399.09)
2025-11-25 14:11:31 | INFO | BUCKET_LTP_CHECK | Checking bucket 1/2 | symbols=['ABCAPITAL-EQ', 'INDUSTOWER-EQ', 'IOC-EQ'] | count=3
2025-11-25 14:11:31 | INFO | BUCKET_LTP_RESULT | Bucket LTP check complete | checked=2 | skipped=1 | bucket_number=1 | total_buckets=2
2025-11-25 14:11:31 | INFO | SL_HIT | 🛑 STOP LOSS HIT | INDUSTOWER-EQ | Entry: ₹401.10 | Exit: ₹405.00 | SL: ₹399.09 | PnL: ₹93.60 | symbol=INDUSTOWER-EQ | exit_reason=SL_HIT | entry_price=401.1 | exit_price=405.0 | sl_price=399.09 | quantity=24 | pnl=93.6 | pnl_percent=0.97 | charges=0 | trade_id=0 | duration_seconds=3077.233725 | duration_minutes=51.3
2025-11-25 14:11:31 | INFO | ERROR | Failed to place exit order for INDUSTOWER-EQ
2025-11-25 14:11:32 | INFO | MONITOR_SLEEP | Sleeping for 20s (base=20s, consecutive_errors=0, monitoring_suspended=False)
2025-11-25 14:11:52 | INFO | SL_CHECK | Stop-loss hit for INDUSTOWER-EQ (last_ltp: 405.0, sl: 399.09)
2025-11-25 14:11:52 | INFO | BUCKET_LTP_CHECK | Checking bucket 0/2 | symbols=['M&M-EQ', 'UPL-EQ', 'CHAMBLFERT-EQ'] | count=3
2025-11-25 14:11:53 | INFO | BUCKET_LTP_RESULT | Bucket LTP check complete | checked=3 | skipped=0 | bucket_number=0 | total_buckets=2
2025-11-25 14:11:53 | INFO | SL_HIT | 🛑 STOP LOSS HIT | INDUSTOWER-EQ | Entry: ₹401.10 | Exit: ₹405.00 | SL: ₹399.09 | PnL: ₹93.60 | symbol=INDUSTOWER-EQ | exit_reason=SL_HIT | entry_price=401.1 | exit_price=405.0 | sl_price=399.09 | quantity=24 | pnl=93.6 | pnl_percent=0.97 | charges=0 | trade_id=0 | duration_seconds=3098.757928 | duration_minutes=51.6
2025-11-25 14:11:53 | INFO | ERROR | Failed to place exit order for INDUSTOWER-EQ
2025-11-25 14:11:54 | INFO | MONITOR | Paper trades checked (next in 60s)
2025-11-25 14:11:54 | INFO | MONITOR_SLEEP | Sleeping for 20s (base=20s, consecutive_errors=0, monitoring_suspended=False)
2025-11-25 14:12:14 | INFO | SL_CHECK | Stop-loss hit for INDUSTOWER-EQ (last_ltp: 405.0, sl: 399.09)
2025-11-25 14:12:14 | INFO | BUCKET_LTP_CHECK | Checking bucket 1/2 | symbols=['ABCAPITAL-EQ', 'INDUSTOWER-EQ', 'IOC-EQ'] | count=3
2025-11-25 14:12:14 | INFO | BUCKET_LTP_RESULT | Bucket LTP check complete | checked=2 | skipped=1 | bucket_number=1 | total_buckets=2
2025-11-25 14:12:14 | INFO | SL_HIT | 🛑 STOP LOSS HIT | INDUSTOWER-EQ | Entry: ₹401.10 | Exit: ₹405.10 | SL: ₹399.09 | PnL: ₹96.00 | symbol=INDUSTOWER-EQ | exit_reason=SL_HIT | entry_price=401.1 | exit_price=405.1 | sl_price=399.09 | quantity=24 | pnl=96.0 | pnl_percent=1.0 | charges=0 | trade_id=0 | duration_seconds=3120.249387 | duration_minutes=52.0
2025-11-25 14:12:14 | INFO | ERROR | Failed to place exit order for INDUSTOWER-EQ
2025-11-25 14:12:15 | INFO | MONITOR_SLEEP | Sleeping for 20s (base=20s, consecutive_errors=0, monitoring_suspended=False)
2025-11-25 14:12:35 | INFO | SL_CHECK | Stop-loss hit for INDUSTOWER-EQ (last_ltp: 405.1, sl: 399.09)
2025-11-25 14:12:35 | INFO | BUCKET_LTP_CHECK | Checking bucket 0/2 | symbols=['M&M-EQ', 'UPL-EQ', 'CHAMBLFERT-EQ'] | count=3
2025-11-25 14:12:36 | INFO | BUCKET_LTP_RESULT | Bucket LTP check complete | checked=3 | skipped=0 | bucket_number=0 | total_buckets=2
2025-11-25 14:12:36 | INFO | SL_HIT | 🛑 STOP LOSS HIT | INDUSTOWER-EQ | Entry: ₹401.10 | Exit: ₹405.10 | SL: ₹399.09 | PnL: ₹96.00 | symbol=INDUSTOWER-EQ | exit_reason=SL_HIT | entry_price=401.1 | exit_price=405.1 | sl_price=399.09 | quantity=24 | pnl=96.0 | pnl_percent=1.0 | charges=0 | trade_id=0 | duration_seconds=3141.77527 | duration_minutes=52.4
2025-11-25 14:12:36 | INFO | ERROR | Failed to place exit order for INDUSTOWER-EQ
2025-11-25 14:12:37 | INFO | MONITOR_SLEEP | Sleeping for 20s (base=20s, consecutive_errors=0, monitoring_suspended=False)
2025-11-25 14:12:57 | INFO | SL_CHECK | Stop-loss hit for INDUSTOWER-EQ (last_ltp: 405.1, sl: 399.09)
2025-11-25 14:12:57 | INFO | BUCKET_LTP_CHECK | Checking bucket 1/2 | symbols=['ABCAPITAL-EQ', 'INDUSTOWER-EQ', 'IOC-EQ'] | count=3
2025-11-25 14:13:00 | INFO | BUCKET_LTP_RESULT | Bucket LTP check complete | checked=2 | skipped=1 | bucket_number=1 | total_buckets=2
2025-11-25 14:13:00 | INFO | SL_HIT | 🛑 STOP LOSS HIT | INDUSTOWER-EQ | Entry: ₹401.10 | Exit: ₹404.80 | SL: ₹399.09 | PnL: ₹88.80 | symbol=INDUSTOWER-EQ | exit_reason=SL_HIT | entry_price=401.1 | exit_price=404.8 | sl_price=399.09 | quantity=24 | pnl=88.8 | pnl_percent=0.92 | charges=0 | trade_id=0 | duration_seconds=3166.538399 | duration_minutes=52.8
2025-11-25 14:13:00 | INFO | POSITION_UPDATE | Updated position status | symbol=INDUSTOWER-EQ | status=EXITING
2025-11-25 14:13:00 | INFO | EXIT_PLACED | Exit order placed for INDUSTOWER-EQ | reason=SL_HIT | order_id=251125000961293 | ltp=404.8
2025-11-25 14:13:01 | INFO | MONITOR | Paper trades checked (next in 60s)
2025-11-25 14:13:01 | INFO | MONITOR_SLEEP | Sleeping for 20s (base=20s, consecutive_errors=0, monitoring_suspended=False)
2025-11-25 14:13:21 | INFO | ERROR | Failed to update PNL tracking for INDUSTOWER-EQ: 'Position' object has no attribute 'data'
2025-11-25 14:13:21 | INFO | TRADE | SELL 24 INDUSTOWER-EQ | entry=401.10 | exit=404.80 | pnl=+88.80 | status=CLOSED
2025-11-25 14:13:21 | INFO | POSITION_CLOSED | Position closed for INDUSTOWER-EQ | entry_price=401.1 | exit_price=404.8 | pnl=88.79999999999973 | duration_minutes=53
2025-11-25 14:13:21 | INFO | FEEDBACK_ERROR | Failed to record trade performance for INDUSTOWER-EQ: PerformanceFeedback.record_trade() got an unexpected keyword argument 'pnl_percent'
2025-11-25 14:13:21 | INFO | LEARNING_OUTCOME_RECORDED | Trade outcome recorded for INDUSTOWER-EQ | symbol=INDUSTOWER-EQ | won=True | profit=88.79999999999973 | pnl_percent=0.92%
2025-11-25 14:13:21 | INFO | POSITION_REMOVED | Removed position from monitoring | symbol=INDUSTOWER-EQ | final_pnl=88.79999999999973
2025-11-25 14:13:21 | INFO | BUCKET_LTP_CHECK | Checking bucket 0/2 | symbols=['M&M-EQ', 'UPL-EQ', 'CHAMBLFERT-EQ'] | count=3
2025-11-25 14:13:22 | INFO | BUCKET_LTP_RESULT | Bucket LTP check complete | checked=2 | skipped=1 | bucket_number=0 | total_buckets=2
2025-11-25 14:13:23 | INFO | MONITOR_SLEEP | Sleeping for 20s (base=20s, consecutive_errors=0, monitoring_suspended=False)
2025-11-25 14:13:43 | INFO | BUCKET_LTP_CHECK | Checking bucket 1/2 | symbols=['ABCAPITAL-EQ', 'INDUSTOWER-EQ', 'IOC-EQ'] | count=3
2025-11-25 14:13:43 | INFO | BUCKET_LTP_RESULT | Bucket LTP check complete | checked=1 | skipped=2 | bucket_number=1 | total_buckets=2
2025-11-25 14:13:44 | INFO | MONITOR_SLEEP | Sleeping for 20s (base=20s, consecutive_errors=0, monitoring_suspended=False)
2025-11-25 14:14:04 | INFO | BUCKET_LTP_CHECK | Checking bucket 0/2 | symbols=['M&M-EQ', 'UPL-EQ', 'CHAMBLFERT-EQ'] | count=3
2025-11-25 14:14:04 | INFO | BUCKET_LTP_RESULT | Bucket LTP check complete | checked=3 | skipped=0 | bucket_number=0 | total_buckets=2
2025-11-25 14:14:05 | INFO | MONITOR | Paper trades checked (next in 60s)
2025-11-25 14:14:05 | INFO | MONITOR_SLEEP | Sleeping for 20s (base=20s, consecutive_errors=0, monitoring_suspended=False)
2025-11-25 14:14:25 | INFO | BUCKET_LTP_CHECK | Checking bucket 1/2 | symbols=['ABCAPITAL-EQ', 'INDUSTOWER-EQ', 'IOC-EQ'] | count=3
2025-11-25 14:14:25 | INFO | BUCKET_LTP_RESULT | Bucket LTP check complete | checked=1 | skipped=2 | bucket_number=1 | total_buckets=2
2025-11-25 14:14:26 | INFO | MONITOR_SLEEP | Sleeping for 20s (base=20s, consecutive_errors=0, monitoring_suspended=False)
2025-11-25 14:14:46 | INFO | BUCKET_LTP_CHECK | Checking bucket 0/2 | symbols=['M&M-EQ', 'UPL-EQ', 'CHAMBLFERT-EQ'] | count=3
2025-11-25 14:14:46 | INFO | BUCKET_LTP_RESULT | Bucket LTP check complete | checked=3 | skipped=0 | bucket_number=0 | total_buckets=2
2025-11-25 14:14:47 | INFO | MONITOR_SLEEP | Sleeping for 20s (base=20s, consecutive_errors=0, monitoring_suspended=False)
2025-11-25 14:15:07 | INFO | BUCKET_LTP_CHECK | Checking bucket 1/2 | symbols=['ABCAPITAL-EQ', 'INDUSTOWER-EQ', 'IOC-EQ'] | count=3
2025-11-25 14:15:07 | INFO | BUCKET_LTP_RESULT | Bucket LTP check complete | checked=1 | skipped=2 | bucket_number=1 | total_buckets=2
2025-11-25 14:15:08 | INFO | MONITOR | Paper trades checked (next in 60s)
2025-11-25 14:15:08 | INFO | MONITOR_SLEEP | Sleeping for 20s (base=20s, consecutive_errors=0, monitoring_suspended=False)
2025-11-25 14:15:28 | INFO | BUCKET_LTP_CHECK | Checking bucket 0/2 | symbols=['M&M-EQ', 'UPL-EQ', 'CHAMBLFERT-EQ'] | count=3
2025-11-25 14:15:28 | INFO | BUCKET_LTP_RESULT | Bucket LTP check complete | checked=3 | skipped=0 | bucket_number=0 | total_buckets=2
2025-11-25 14:15:29 | INFO | MONITOR_SLEEP | Sleeping for 20s (base=20s, consecutive_errors=0, monitoring_suspended=False)
2025-11-25 14:15:49 | INFO | BUCKET_LTP_CHECK | Checking bucket 1/2 | symbols=['ABCAPITAL-EQ', 'INDUSTOWER-EQ', 'IOC-EQ'] | count=3
2025-11-25 14:15:49 | INFO | BUCKET_LTP_RESULT | Bucket LTP check complete | checked=1 | skipped=2 | bucket_number=1 | total_buckets=2
2025-11-25 14:15:50 | INFO | MONITOR_SLEEP | Sleeping for 20s (base=20s, consecutive_errors=0, monitoring_suspended=False)
2025-11-25 14:16:10 | INFO | BUCKET_LTP_CHECK | Checking bucket 0/2 | symbols=['M&M-EQ', 'UPL-EQ', 'CHAMBLFERT-EQ'] | count=3
2025-11-25 14:16:10 | INFO | BUCKET_LTP_RESULT | Bucket LTP check complete | checked=3 | skipped=0 | bucket_number=0 | total_buckets=2
2025-11-25 14:16:11 | INFO | MONITOR | Paper trades checked (next in 60s)
2025-11-25 14:16:11 | INFO | MONITOR_SLEEP | Sleeping for 20s (base=20s, consecutive_errors=0, monitoring_suspended=False)
2025-11-25 14:16:31 | INFO | BUCKET_LTP_CHECK | Checking bucket 1/2 | symbols=['ABCAPITAL-EQ', 'INDUSTOWER-EQ', 'IOC-EQ'] | count=3
2025-11-25 14:16:31 | INFO | BUCKET_LTP_RESULT | Bucket LTP check complete | checked=1 | skipped=2 | bucket_number=1 | total_buckets=2
2025-11-25 14:16:32 | INFO | MONITOR_SLEEP | Sleeping for 20s (base=20s, consecutive_errors=0, monitoring_suspended=False)
2025-11-25 14:16:52 | INFO | BUCKET_LTP_CHECK | Checking bucket 0/2 | symbols=['M&M-EQ', 'UPL-EQ', 'CHAMBLFERT-EQ'] | count=3
2025-11-25 14:16:53 | INFO | BUCKET_LTP_RESULT | Bucket LTP check complete | checked=3 | skipped=0 | bucket_number=0 | total_buckets=2
2025-11-25 14:16:53 | INFO | MONITOR_SLEEP | Sleeping for 20s (base=20s, consecutive_errors=0, monitoring_suspended=False)
2025-11-25 14:17:13 | INFO | BUCKET_LTP_CHECK | Checking bucket 1/2 | symbols=['ABCAPITAL-EQ', 'INDUSTOWER-EQ', 'IOC-EQ'] | count=3
2025-11-25 14:17:13 | INFO | BUCKET_LTP_RESULT | Bucket LTP check complete | checked=1 | skipped=2 | bucket_number=1 | total_buckets=2
2025-11-25 14:17:14 | INFO | MONITOR | Paper trades checked (next in 60s)
2025-11-25 14:17:14 | INFO | MONITOR_SLEEP | Sleeping for 20s (base=20s, consecutive_errors=0, monitoring_suspended=False)
2025-11-25 14:17:34 | INFO | BUCKET_LTP_CHECK | Checking bucket 0/2 | symbols=['M&M-EQ', 'UPL-EQ', 'CHAMBLFERT-EQ'] | count=3
2025-11-25 14:17:35 | INFO | BUCKET_LTP_RESULT | Bucket LTP check complete | checked=3 | skipped=0 | bucket_number=0 | total_buckets=2
2025-11-25 14:17:35 | INFO | MONITOR_SLEEP | Sleeping for 20s (base=20s, consecutive_errors=0, monitoring_suspended=False)
2025-11-25 14:17:55 | INFO | BUCKET_LTP_CHECK | Checking bucket 1/2 | symbols=['ABCAPITAL-EQ', 'INDUSTOWER-EQ', 'IOC-EQ'] | count=3
2025-11-25 14:17:55 | INFO | BUCKET_LTP_RESULT | Bucket LTP check complete | checked=1 | skipped=2 | bucket_number=1 | total_buckets=2
2025-11-25 14:17:56 | INFO | MONITOR_SLEEP | Sleeping for 20s (base=20s, consecutive_errors=0, monitoring_suspended=False)
2025-11-25 14:18:05 | INFO | BUCKET_MANAGER | Created 2 buckets | bucket_size=3 | total_positions=5 | bucket_distribution=[3, 2]
2025-11-25 14:18:05 | INFO | LTP_BUCKETS | LTP buckets initialized | total_positions=5 | num_buckets=2 | bucket_size=3
2025-11-25 14:18:05 | INFO | POSITION_ADDED | Added position for monitoring | symbol=BALKRISIND-EQ | action=BUY | quantity=4
2025-11-25 14:18:05 | INFO | SL_CHECK | Checking if should place SL for BALKRISIND-EQ | action=BUY | status=OPEN
2025-11-25 14:18:05 | INFO | SL_DEFERRED | SL placement deferred for BALKRISIND-EQ - will retry in background loop | reason=Avoiding initial SL spike that causes rate limiter timeouts at startup | symbol=BALKRISIND-EQ
2025-11-25 14:18:08 | INFO | SL_RETRY | Attempting SL for 1 of 1 positions: BALKRISIND-EQ | sl_price=2275.55 | quantity=4 | retry_attempt=1 | max_retries=10 | pending_count=1
2025-11-25 14:18:08 | INFO | SL_PLACEMENT_STRATEGY | Placing SL with retry 2 for BALKRISIND-EQ | product=INTRADAY | price=2275.55 | retry_count=1 | strategy=same product type as entry order, rotate price rounding variants on retry
2025-11-25 14:18:08 | INFO | SL_ORDER_PLACING | Placing SL-M order for BALKRISIND-EQ | sl_price=2275.55 | candidate_price=2275.55 | product_type=INTRADAY | quantity=4
2025-11-25 14:18:08 | INFO | SL_PLACE_ORDER_CALLING | About to call broker.place_order for BALKRISIND-EQ | symbol=BALKRISIND-EQ | action=SELL | quantity=4 | candidate_price=2275.55 | order_type=STOPLOSS-MARKET | product_type=INTRADAY
2025-11-25 14:18:08 | INFO | SL_PLACE_ORDER_SUCCESS | broker.place_order returned Order object for BALKRISIND-EQ | symbol=BALKRISIND-EQ | order_id=251125000975801 | order_type=Order
2025-11-25 14:18:11 | INFO | ORDER_VERIFIED | Order 251125000975801 status: rejected
2025-11-25 14:18:11 | INFO | SL_ORDER_STATUS_CHECK | SL order placed, checking status for BALKRISIND-EQ | order_id=251125000975801 | order_status=rejected | expected_statuses=['open', 'pending', 'trigger pending', 'after market order req received']
2025-11-25 14:18:11 | INFO | SL_ORDER_REJECTED | SL order placed but rejected by broker for BALKRISIND-EQ | order_id=251125000975801 | trigger_price=2275.55 | product=INTRADAY | order_status=rejected | reason=Order rejected after placement - will try different variant next cycle
2025-11-25 14:18:11 | INFO | SL_ATTEMPT_FAILED | SL placement attempt failed for BALKRISIND-EQ | product=INTRADAY | price=2275.55
2025-11-25 14:18:11 | INFO | SL_MONITORING | Stop-loss monitoring activated (fallback) for BALKRISIND-EQ | sl_price=2275.55
2025-11-25 14:18:11 | INFO | SL_RETRY_FAILED | Failed to place SL for BALKRISIND-EQ, will retry next cycle | attempt=1 | remaining=1
2025-11-25 14:18:16 | INFO | SL_MISSING_DETECTED | SL order missing for BALKRISIND-EQ (retry thread will handle) | symbol=BALKRISIND-EQ | sl_price=2275.55 | retry_count=1
2025-11-25 14:18:16 | INFO | BUCKET_LTP_CHECK | Checking bucket 1/2 | symbols=['IOC-EQ', 'M&M-EQ', 'UPL-EQ'] | count=3
2025-11-25 14:18:17 | INFO | BUCKET_LTP_RESULT | Bucket LTP check complete | checked=3 | skipped=0 | bucket_number=1 | total_buckets=2
2025-11-25 14:18:18 | INFO | MONITOR | Paper trades checked (next in 60s)
2025-11-25 14:18:18 | INFO | MONITOR_SLEEP | Sleeping for 20s (base=20s, consecutive_errors=0, monitoring_suspended=False)
2025-11-25 14:18:31 | INFO | SL_RETRY | Attempting SL for 1 of 1 positions: BALKRISIND-EQ | sl_price=2275.55 | quantity=4 | retry_attempt=2 | max_retries=10 | pending_count=1
2025-11-25 14:18:31 | INFO | SL_PLACEMENT_STRATEGY | Placing SL with retry 3 for BALKRISIND-EQ | product=INTRADAY | price=2275.55 | retry_count=2 | strategy=same product type as entry order, rotate price rounding variants on retry
2025-11-25 14:18:31 | INFO | SL_ORDER_PLACING | Placing SL-M order for BALKRISIND-EQ | sl_price=2275.55 | candidate_price=2275.55 | product_type=INTRADAY | quantity=4
2025-11-25 14:18:31 | INFO | SL_PLACE_ORDER_CALLING | About to call broker.place_order for BALKRISIND-EQ | symbol=BALKRISIND-EQ | action=SELL | quantity=4 | candidate_price=2275.55 | order_type=STOPLOSS-MARKET | product_type=INTRADAY
2025-11-25 14:18:32 | INFO | SL_PLACE_ORDER_SUCCESS | broker.place_order returned Order object for BALKRISIND-EQ | symbol=BALKRISIND-EQ | order_id=251125000977118 | order_type=Order
2025-11-25 14:18:35 | INFO | ORDER_VERIFIED | Order 251125000977118 status: rejected
2025-11-25 14:18:35 | INFO | SL_ORDER_STATUS_CHECK | SL order placed, checking status for BALKRISIND-EQ | order_id=251125000977118 | order_status=rejected | expected_statuses=['open', 'pending', 'trigger pending', 'after market order req received']
2025-11-25 14:18:35 | INFO | SL_ORDER_REJECTED | SL order placed but rejected by broker for BALKRISIND-EQ | order_id=251125000977118 | trigger_price=2275.55 | product=INTRADAY | order_status=rejected | reason=Order rejected after placement - will try different variant next cycle
2025-11-25 14:18:35 | INFO | SL_ATTEMPT_FAILED | SL placement attempt failed for BALKRISIND-EQ | product=INTRADAY | price=2275.55
2025-11-25 14:18:35 | INFO | SL_MONITORING | Stop-loss monitoring activated (fallback) for BALKRISIND-EQ | sl_price=2275.55
2025-11-25 14:18:35 | INFO | SL_RETRY_FAILED | Failed to place SL for BALKRISIND-EQ, will retry next cycle | attempt=2 | remaining=1
2025-11-25 14:18:38 | INFO | SL_MISSING_DETECTED | SL order missing for BALKRISIND-EQ (retry thread will handle) | symbol=BALKRISIND-EQ | sl_price=2275.55 | retry_count=2
2025-11-25 14:18:38 | INFO | BUCKET_LTP_CHECK | Checking bucket 0/2 | symbols=['CHAMBLFERT-EQ', 'BALKRISIND-EQ'] | count=2
2025-11-25 14:18:38 | INFO | BUCKET_LTP_RESULT | Bucket LTP check complete | checked=2 | skipped=0 | bucket_number=0 | total_buckets=2
2025-11-25 14:18:39 | INFO | MONITOR_SLEEP | Sleeping for 20s (base=20s, consecutive_errors=0, monitoring_suspended=False)
2025-11-25 14:18:55 | INFO | SL_RETRY | Attempting SL for 1 of 1 positions: BALKRISIND-EQ | sl_price=2275.55 | quantity=4 | retry_attempt=3 | max_retries=10 | pending_count=1
2025-11-25 14:18:55 | INFO | SL_PLACEMENT_STRATEGY | Placing SL with retry 4 for BALKRISIND-EQ | product=INTRADAY | price=2275.55 | retry_count=3 | strategy=same product type as entry order, rotate price rounding variants on retry
2025-11-25 14:18:55 | INFO | SL_ORDER_PLACING | Placing SL-M order for BALKRISIND-EQ | sl_price=2275.55 | candidate_price=2275.55 | product_type=INTRADAY | quantity=4
2025-11-25 14:18:55 | INFO | SL_PLACE_ORDER_CALLING | About to call broker.place_order for BALKRISIND-EQ | symbol=BALKRISIND-EQ | action=SELL | quantity=4 | candidate_price=2275.55 | order_type=STOPLOSS-MARKET | product_type=INTRADAY
2025-11-25 14:18:55 | INFO | SL_PLACE_ORDER_SUCCESS | broker.place_order returned Order object for BALKRISIND-EQ | symbol=BALKRISIND-EQ | order_id=251125000979166 | order_type=Order
2025-11-25 14:18:58 | INFO | ORDER_VERIFIED | Order 251125000979166 status: rejected
2025-11-25 14:18:58 | INFO | SL_ORDER_STATUS_CHECK | SL order placed, checking status for BALKRISIND-EQ | order_id=251125000979166 | order_status=rejected | expected_statuses=['open', 'pending', 'trigger pending', 'after market order req received']
2025-11-25 14:18:58 | INFO | SL_ORDER_REJECTED | SL order placed but rejected by broker for BALKRISIND-EQ | order_id=251125000979166 | trigger_price=2275.55 | product=INTRADAY | order_status=rejected | reason=Order rejected after placement - will try different variant next cycle
2025-11-25 14:18:58 | INFO | SL_ATTEMPT_FAILED | SL placement attempt failed for BALKRISIND-EQ | product=INTRADAY | price=2275.55
2025-11-25 14:18:58 | INFO | SL_MONITORING | Stop-loss monitoring activated (fallback) for BALKRISIND-EQ | sl_price=2275.55
2025-11-25 14:18:58 | INFO | SL_RETRY_FAILED | Failed to place SL for BALKRISIND-EQ, will retry next cycle | attempt=3 | remaining=1
2025-11-25 14:18:59 | INFO | SL_MISSING_DETECTED | SL order missing for BALKRISIND-EQ (retry thread will handle) | symbol=BALKRISIND-EQ | sl_price=2275.55 | retry_count=3
2025-11-25 14:18:59 | INFO | BUCKET_LTP_CHECK | Checking bucket 1/2 | symbols=['IOC-EQ', 'M&M-EQ', 'UPL-EQ'] | count=3
2025-11-25 14:18:59 | INFO | BUCKET_LTP_RESULT | Bucket LTP check complete | checked=3 | skipped=0 | bucket_number=1 | total_buckets=2
2025-11-25 14:19:00 | INFO | MONITOR_SLEEP | Sleeping for 20s (base=20s, consecutive_errors=0, monitoring_suspended=False)
2025-11-25 14:19:18 | INFO | SL_RETRY | Attempting SL for 1 of 1 positions: BALKRISIND-EQ | sl_price=2275.55 | quantity=4 | retry_attempt=4 | max_retries=10 | pending_count=1
2025-11-25 14:19:18 | INFO | SL_PLACEMENT_STRATEGY | Placing SL with retry 5 for BALKRISIND-EQ | product=INTRADAY | price=2275.55 | retry_count=4 | strategy=same product type as entry order, rotate price rounding variants on retry
2025-11-25 14:19:18 | INFO | SL_ORDER_PLACING | Placing SL-M order for BALKRISIND-EQ | sl_price=2275.55 | candidate_price=2275.55 | product_type=INTRADAY | quantity=4
2025-11-25 14:19:18 | INFO | SL_PLACE_ORDER_CALLING | About to call broker.place_order for BALKRISIND-EQ | symbol=BALKRISIND-EQ | action=SELL | quantity=4 | candidate_price=2275.55 | order_type=STOPLOSS-MARKET | product_type=INTRADAY
2025-11-25 14:19:18 | INFO | SL_PLACE_ORDER_SUCCESS | broker.place_order returned Order object for BALKRISIND-EQ | symbol=BALKRISIND-EQ | order_id=251125000982596 | order_type=Order
2025-11-25 14:19:20 | INFO | SL_MISSING_DETECTED | SL order missing for BALKRISIND-EQ (retry thread will handle) | symbol=BALKRISIND-EQ | sl_price=2275.55 | retry_count=4
2025-11-25 14:19:20 | INFO | BUCKET_LTP_CHECK | Checking bucket 0/2 | symbols=['CHAMBLFERT-EQ', 'BALKRISIND-EQ'] | count=2
2025-11-25 14:19:21 | INFO | BUCKET_LTP_RESULT | Bucket LTP check complete | checked=2 | skipped=0 | bucket_number=0 | total_buckets=2
2025-11-25 14:19:22 | INFO | MONITOR | Paper trades checked (next in 60s)
2025-11-25 14:19:22 | INFO | MONITOR_SLEEP | Sleeping for 20s (base=20s, consecutive_errors=0, monitoring_suspended=False)
2025-11-25 14:19:22 | INFO | ORDER_VERIFIED | Order 251125000982596 status: rejected
2025-11-25 14:19:22 | INFO | SL_ORDER_STATUS_CHECK | SL order placed, checking status for BALKRISIND-EQ | order_id=251125000982596 | order_status=rejected | expected_statuses=['open', 'pending', 'trigger pending', 'after market order req received']
2025-11-25 14:19:22 | INFO | SL_ORDER_REJECTED | SL order placed but rejected by broker for BALKRISIND-EQ | order_id=251125000982596 | trigger_price=2275.55 | product=INTRADAY | order_status=rejected | reason=Order rejected after placement - will try different variant next cycle
2025-11-25 14:19:22 | INFO | SL_ATTEMPT_FAILED | SL placement attempt failed for BALKRISIND-EQ | product=INTRADAY | price=2275.55
2025-11-25 14:19:22 | INFO | SL_MONITORING | Stop-loss monitoring activated (fallback) for BALKRISIND-EQ | sl_price=2275.55
2025-11-25 14:19:22 | INFO | SL_RETRY_FAILED | Failed to place SL for BALKRISIND-EQ, will retry next cycle | attempt=4 | remaining=1
2025-11-25 14:19:42 | INFO | SL_MISSING_DETECTED | SL order missing for BALKRISIND-EQ (retry thread will handle) | symbol=BALKRISIND-EQ | sl_price=2275.55 | retry_count=4
2025-11-25 14:19:42 | INFO | BUCKET_LTP_CHECK | Checking bucket 1/2 | symbols=['IOC-EQ', 'M&M-EQ', 'UPL-EQ'] | count=3
2025-11-25 14:19:42 | INFO | SL_RETRY | Attempting SL for 1 of 1 positions: BALKRISIND-EQ | sl_price=2275.55 | quantity=4 | retry_attempt=5 | max_retries=10 | pending_count=1
2025-11-25 14:19:42 | INFO | SL_PLACEMENT_STRATEGY | Placing SL with retry 6 for BALKRISIND-EQ | product=INTRADAY | price=2275.55 | retry_count=5 | strategy=same product type as entry order, rotate price rounding variants on retry
2025-11-25 14:19:42 | INFO | SL_ORDER_PLACING | Placing SL-M order for BALKRISIND-EQ | sl_price=2275.55 | candidate_price=2275.55 | product_type=INTRADAY | quantity=4
2025-11-25 14:19:42 | INFO | SL_PLACE_ORDER_CALLING | About to call broker.place_order for BALKRISIND-EQ | symbol=BALKRISIND-EQ | action=SELL | quantity=4 | candidate_price=2275.55 | order_type=STOPLOSS-MARKET | product_type=INTRADAY
2025-11-25 14:19:42 | INFO | SL_PLACE_ORDER_SUCCESS | broker.place_order returned Order object for BALKRISIND-EQ | symbol=BALKRISIND-EQ | order_id=251125000984839 | order_type=Order
2025-11-25 14:19:42 | INFO | BUCKET_LTP_RESULT | Bucket LTP check complete | checked=1 | skipped=2 | bucket_number=1 | total_buckets=2
2025-11-25 14:19:43 | INFO | MONITOR_SLEEP | Sleeping for 20s (base=20s, consecutive_errors=0, monitoring_suspended=False)
2025-11-25 14:19:45 | INFO | ORDER_VERIFIED | Order 251125000984839 status: rejected
2025-11-25 14:19:45 | INFO | SL_ORDER_STATUS_CHECK | SL order placed, checking status for BALKRISIND-EQ | order_id=251125000984839 | order_status=rejected | expected_statuses=['open', 'pending', 'trigger pending', 'after market order req received']
2025-11-25 14:19:45 | INFO | SL_ORDER_REJECTED | SL order placed but rejected by broker for BALKRISIND-EQ | order_id=251125000984839 | trigger_price=2275.55 | product=INTRADAY | order_status=rejected | reason=Order rejected after placement - will try different variant next cycle
2025-11-25 14:19:45 | INFO | SL_ATTEMPT_FAILED | SL placement attempt failed for BALKRISIND-EQ | product=INTRADAY | price=2275.55
2025-11-25 14:19:45 | INFO | SL_MONITORING | Stop-loss monitoring activated (fallback) for BALKRISIND-EQ | sl_price=2275.55
2025-11-25 14:19:45 | INFO | SL_RETRY_FAILED | Failed to place SL for BALKRISIND-EQ, will retry next cycle | attempt=5 | remaining=1
2025-11-25 14:20:03 | INFO | SL_MISSING_DETECTED | SL order missing for BALKRISIND-EQ (retry thread will handle) | symbol=BALKRISIND-EQ | sl_price=2275.55 | retry_count=5
2025-11-25 14:20:03 | INFO | BUCKET_LTP_CHECK | Checking bucket 0/2 | symbols=['CHAMBLFERT-EQ', 'BALKRISIND-EQ'] | count=2
2025-11-25 14:20:04 | INFO | BUCKET_LTP_RESULT | Bucket LTP check complete | checked=2 | skipped=0 | bucket_number=0 | total_buckets=2
2025-11-25 14:20:05 | INFO | MONITOR_SLEEP | Sleeping for 20s (base=20s, consecutive_errors=0, monitoring_suspended=False)
2025-11-25 14:20:05 | INFO | SL_RETRY | Attempting SL for 1 of 1 positions: BALKRISIND-EQ | sl_price=2275.55 | quantity=4 | retry_attempt=6 | max_retries=10 | pending_count=1
2025-11-25 14:20:05 | INFO | SL_PLACEMENT_STRATEGY | Placing SL with retry 7 for BALKRISIND-EQ | product=INTRADAY | price=2275.55 | retry_count=6 | strategy=same product type as entry order, rotate price rounding variants on retry
2025-11-25 14:20:05 | INFO | SL_ORDER_PLACING | Placing SL-M order for BALKRISIND-EQ | sl_price=2275.55 | candidate_price=2275.55 | product_type=INTRADAY | quantity=4
2025-11-25 14:20:05 | INFO | SL_PLACE_ORDER_CALLING | About to call broker.place_order for BALKRISIND-EQ | symbol=BALKRISIND-EQ | action=SELL | quantity=4 | candidate_price=2275.55 | order_type=STOPLOSS-MARKET | product_type=INTRADAY
2025-11-25 14:20:05 | INFO | SL_PLACE_ORDER_SUCCESS | broker.place_order returned Order object for BALKRISIND-EQ | symbol=BALKRISIND-EQ | order_id=251125000987375 | order_type=Order
2025-11-25 14:20:08 | INFO | ORDER_VERIFIED | Order 251125000987375 status: rejected
2025-11-25 14:20:08 | INFO | SL_ORDER_STATUS_CHECK | SL order placed, checking status for BALKRISIND-EQ | order_id=251125000987375 | order_status=rejected | expected_statuses=['open', 'pending', 'trigger pending', 'after market order req received']
2025-11-25 14:20:08 | INFO | SL_ORDER_REJECTED | SL order placed but rejected by broker for BALKRISIND-EQ | order_id=251125000987375 | trigger_price=2275.55 | product=INTRADAY | order_status=rejected | reason=Order rejected after placement - will try different variant next cycle
2025-11-25 14:20:08 | INFO | SL_ATTEMPT_FAILED | SL placement attempt failed for BALKRISIND-EQ | product=INTRADAY | price=2275.55
2025-11-25 14:20:08 | INFO | SL_MONITORING | Stop-loss monitoring activated (fallback) for BALKRISIND-EQ | sl_price=2275.55
2025-11-25 14:20:08 | INFO | SL_RETRY_FAILED | Failed to place SL for BALKRISIND-EQ, will retry next cycle | attempt=6 | remaining=1
2025-11-25 14:20:25 | INFO | SL_MISSING_DETECTED | SL order missing for BALKRISIND-EQ (retry thread will handle) | symbol=BALKRISIND-EQ | sl_price=2275.55 | retry_count=6
2025-11-25 14:20:25 | INFO | BUCKET_LTP_CHECK | Checking bucket 1/2 | symbols=['IOC-EQ', 'M&M-EQ', 'UPL-EQ'] | count=3
2025-11-25 14:20:25 | INFO | BUCKET_LTP_RESULT | Bucket LTP check complete | checked=3 | skipped=0 | bucket_number=1 | total_buckets=2
2025-11-25 14:20:26 | INFO | MONITOR | Paper trades checked (next in 60s)
2025-11-25 14:20:26 | INFO | MONITOR_SLEEP | Sleeping for 20s (base=20s, consecutive_errors=0, monitoring_suspended=False)
2025-11-25 14:20:28 | INFO | SL_RETRY | Attempting SL for 1 of 1 positions: BALKRISIND-EQ | sl_price=2275.55 | quantity=4 | retry_attempt=7 | max_retries=10 | pending_count=1
2025-11-25 14:20:28 | INFO | SL_PLACEMENT_STRATEGY | Placing SL with retry 8 for BALKRISIND-EQ | product=INTRADAY | price=2275.55 | retry_count=7 | strategy=same product type as entry order, rotate price rounding variants on retry
2025-11-25 14:20:28 | INFO | SL_ORDER_PLACING | Placing SL-M order for BALKRISIND-EQ | sl_price=2275.55 | candidate_price=2275.55 | product_type=INTRADAY | quantity=4
2025-11-25 14:20:28 | INFO | SL_PLACE_ORDER_CALLING | About to call broker.place_order for BALKRISIND-EQ | symbol=BALKRISIND-EQ | action=SELL | quantity=4 | candidate_price=2275.55 | order_type=STOPLOSS-MARKET | product_type=INTRADAY
2025-11-25 14:20:29 | INFO | SL_PLACE_ORDER_SUCCESS | broker.place_order returned Order object for BALKRISIND-EQ | symbol=BALKRISIND-EQ | order_id=251125000989230 | order_type=Order
2025-11-25 14:20:32 | INFO | ORDER_VERIFIED | Order 251125000989230 status: rejected
2025-11-25 14:20:32 | INFO | SL_ORDER_STATUS_CHECK | SL order placed, checking status for BALKRISIND-EQ | order_id=251125000989230 | order_status=rejected | expected_statuses=['open', 'pending', 'trigger pending', 'after market order req received']
2025-11-25 14:20:32 | INFO | SL_ORDER_REJECTED | SL order placed but rejected by broker for BALKRISIND-EQ | order_id=251125000989230 | trigger_price=2275.55 | product=INTRADAY | order_status=rejected | reason=Order rejected after placement - will try different variant next cycle
2025-11-25 14:20:32 | INFO | SL_ATTEMPT_FAILED | SL placement attempt failed for BALKRISIND-EQ | product=INTRADAY | price=2275.55
2025-11-25 14:20:32 | INFO | SL_MONITORING | Stop-loss monitoring activated (fallback) for BALKRISIND-EQ | sl_price=2275.55
2025-11-25 14:20:32 | INFO | SL_RETRY_FAILED | Failed to place SL for BALKRISIND-EQ, will retry next cycle | attempt=7 | remaining=1
2025-11-25 14:20:46 | INFO | SL_MISSING_DETECTED | SL order missing for BALKRISIND-EQ (retry thread will handle) | symbol=BALKRISIND-EQ | sl_price=2275.55 | retry_count=7
2025-11-25 14:20:46 | INFO | BUCKET_LTP_CHECK | Checking bucket 0/2 | symbols=['CHAMBLFERT-EQ', 'BALKRISIND-EQ'] | count=2
2025-11-25 14:20:46 | INFO | BUCKET_LTP_RESULT | Bucket LTP check complete | checked=2 | skipped=0 | bucket_number=0 | total_buckets=2
2025-11-25 14:20:47 | INFO | MONITOR_SLEEP | Sleeping for 20s (base=20s, consecutive_errors=0, monitoring_suspended=False)
2025-11-25 14:20:52 | INFO | SL_RETRY | Attempting SL for 1 of 1 positions: BALKRISIND-EQ | sl_price=2275.55 | quantity=4 | retry_attempt=8 | max_retries=10 | pending_count=1
2025-11-25 14:20:52 | INFO | SL_PLACEMENT_STRATEGY | Placing SL with retry 9 for BALKRISIND-EQ | product=INTRADAY | price=2275.55 | retry_count=8 | strategy=same product type as entry order, rotate price rounding variants on retry
2025-11-25 14:20:52 | INFO | SL_ORDER_PLACING | Placing SL-M order for BALKRISIND-EQ | sl_price=2275.55 | candidate_price=2275.55 | product_type=INTRADAY | quantity=4
2025-11-25 14:20:52 | INFO | SL_PLACE_ORDER_CALLING | About to call broker.place_order for BALKRISIND-EQ | symbol=BALKRISIND-EQ | action=SELL | quantity=4 | candidate_price=2275.55 | order_type=STOPLOSS-MARKET | product_type=INTRADAY
2025-11-25 14:20:52 | INFO | SL_PLACE_ORDER_SUCCESS | broker.place_order returned Order object for BALKRISIND-EQ | symbol=BALKRISIND-EQ | order_id=251125000990913 | order_type=Order
2025-11-25 14:20:55 | INFO | ORDER_VERIFIED | Order 251125000990913 status: rejected
2025-11-25 14:20:55 | INFO | SL_ORDER_STATUS_CHECK | SL order placed, checking status for BALKRISIND-EQ | order_id=251125000990913 | order_status=rejected | expected_statuses=['open', 'pending', 'trigger pending', 'after market order req received']
2025-11-25 14:20:55 | INFO | SL_ORDER_REJECTED | SL order placed but rejected by broker for BALKRISIND-EQ | order_id=251125000990913 | trigger_price=2275.55 | product=INTRADAY | order_status=rejected | reason=Order rejected after placement - will try different variant next cycle
2025-11-25 14:20:55 | INFO | SL_ATTEMPT_FAILED | SL placement attempt failed for BALKRISIND-EQ | product=INTRADAY | price=2275.55
2025-11-25 14:20:55 | INFO | SL_MONITORING | Stop-loss monitoring activated (fallback) for BALKRISIND-EQ | sl_price=2275.55
2025-11-25 14:20:55 | INFO | SL_RETRY_FAILED | Failed to place SL for BALKRISIND-EQ, will retry next cycle | attempt=8 | remaining=1
2025-11-25 14:21:07 | INFO | SL_MISSING_DETECTED | SL order missing for BALKRISIND-EQ (retry thread will handle) | symbol=BALKRISIND-EQ | sl_price=2275.55 | retry_count=8
2025-11-25 14:21:07 | INFO | BUCKET_LTP_CHECK | Checking bucket 1/2 | symbols=['IOC-EQ', 'M&M-EQ', 'UPL-EQ'] | count=3
2025-11-25 14:21:08 | INFO | BUCKET_LTP_RESULT | Bucket LTP check complete | checked=3 | skipped=0 | bucket_number=1 | total_buckets=2
2025-11-25 14:21:09 | INFO | MONITOR_SLEEP | Sleeping for 20s (base=20s, consecutive_errors=0, monitoring_suspended=False)
2025-11-25 14:21:15 | INFO | SL_RETRY | Attempting SL for 1 of 1 positions: BALKRISIND-EQ | sl_price=2275.55 | quantity=4 | retry_attempt=9 | max_retries=10 | pending_count=1
2025-11-25 14:21:15 | INFO | SL_PLACEMENT_STRATEGY | Placing SL with retry 10 for BALKRISIND-EQ | product=INTRADAY | price=2275.55 | retry_count=9 | strategy=same product type as entry order, rotate price rounding variants on retry
2025-11-25 14:21:15 | INFO | SL_ORDER_PLACING | Placing SL-M order for BALKRISIND-EQ | sl_price=2275.55 | candidate_price=2275.55 | product_type=INTRADAY | quantity=4
2025-11-25 14:21:15 | INFO | SL_PLACE_ORDER_CALLING | About to call broker.place_order for BALKRISIND-EQ | symbol=BALKRISIND-EQ | action=SELL | quantity=4 | candidate_price=2275.55 | order_type=STOPLOSS-MARKET | product_type=INTRADAY
2025-11-25 14:21:15 | INFO | SL_PLACE_ORDER_SUCCESS | broker.place_order returned Order object for BALKRISIND-EQ | symbol=BALKRISIND-EQ | order_id=251125000992409 | order_type=Order
2025-11-25 14:21:18 | INFO | ORDER_VERIFIED | Order 251125000992409 status: rejected
2025-11-25 14:21:18 | INFO | SL_ORDER_STATUS_CHECK | SL order placed, checking status for BALKRISIND-EQ | order_id=251125000992409 | order_status=rejected | expected_statuses=['open', 'pending', 'trigger pending', 'after market order req received']
2025-11-25 14:21:18 | INFO | SL_ORDER_REJECTED | SL order placed but rejected by broker for BALKRISIND-EQ | order_id=251125000992409 | trigger_price=2275.55 | product=INTRADAY | order_status=rejected | reason=Order rejected after placement - will try different variant next cycle
2025-11-25 14:21:18 | INFO | SL_ATTEMPT_FAILED | SL placement attempt failed for BALKRISIND-EQ | product=INTRADAY | price=2275.55
2025-11-25 14:21:18 | INFO | SL_MONITORING | Stop-loss monitoring activated (fallback) for BALKRISIND-EQ | sl_price=2275.55
2025-11-25 14:21:18 | INFO | SL_RETRY_FAILED | Failed to place SL for BALKRISIND-EQ, will retry next cycle | attempt=9 | remaining=1
2025-11-25 14:21:29 | INFO | SL_MISSING_DETECTED | SL order missing for BALKRISIND-EQ (retry thread will handle) | symbol=BALKRISIND-EQ | sl_price=2275.55 | retry_count=9
2025-11-25 14:21:29 | INFO | BUCKET_LTP_CHECK | Checking bucket 0/2 | symbols=['CHAMBLFERT-EQ', 'BALKRISIND-EQ'] | count=2
2025-11-25 14:21:29 | INFO | BUCKET_LTP_RESULT | Bucket LTP check complete | checked=2 | skipped=0 | bucket_number=0 | total_buckets=2
2025-11-25 14:21:30 | INFO | MONITOR | Paper trades checked (next in 60s)
2025-11-25 14:21:30 | INFO | MONITOR_SLEEP | Sleeping for 20s (base=20s, consecutive_errors=0, monitoring_suspended=False)
2025-11-25 14:21:38 | INFO | SL_RETRY | Attempting SL for 1 of 1 positions: BALKRISIND-EQ | sl_price=2275.55 | quantity=4 | retry_attempt=10 | max_retries=10 | pending_count=1
2025-11-25 14:21:38 | INFO | SL_PLACEMENT_STRATEGY | Placing SL with retry 11 for BALKRISIND-EQ | product=INTRADAY | price=2275.55 | retry_count=10 | strategy=same product type as entry order, rotate price rounding variants on retry
2025-11-25 14:21:38 | INFO | SL_ORDER_PLACING | Placing SL-M order for BALKRISIND-EQ | sl_price=2275.55 | candidate_price=2275.55 | product_type=INTRADAY | quantity=4
2025-11-25 14:21:38 | INFO | SL_PLACE_ORDER_CALLING | About to call broker.place_order for BALKRISIND-EQ | symbol=BALKRISIND-EQ | action=SELL | quantity=4 | candidate_price=2275.55 | order_type=STOPLOSS-MARKET | product_type=INTRADAY
2025-11-25 14:21:38 | INFO | SL_PLACE_ORDER_SUCCESS | broker.place_order returned Order object for BALKRISIND-EQ | symbol=BALKRISIND-EQ | order_id=251125000994387 | order_type=Order
2025-11-25 14:21:42 | INFO | ORDER_VERIFIED | Order 251125000994387 status: rejected
2025-11-25 14:21:42 | INFO | SL_ORDER_STATUS_CHECK | SL order placed, checking status for BALKRISIND-EQ | order_id=251125000994387 | order_status=rejected | expected_statuses=['open', 'pending', 'trigger pending', 'after market order req received']
2025-11-25 14:21:42 | INFO | SL_ORDER_REJECTED | SL order placed but rejected by broker for BALKRISIND-EQ | order_id=251125000994387 | trigger_price=2275.55 | product=INTRADAY | order_status=rejected | reason=Order rejected after placement - will try different variant next cycle
2025-11-25 14:21:42 | INFO | SL_ATTEMPT_FAILED | SL placement attempt failed for BALKRISIND-EQ | product=INTRADAY | price=2275.55
2025-11-25 14:21:42 | INFO | SL_MONITORING | Stop-loss monitoring activated (fallback) for BALKRISIND-EQ | sl_price=2275.55
2025-11-25 14:21:42 | INFO | SL_RETRY_EXHAUSTED | Stopped retrying SL for BALKRISIND-EQ after 10 attempts | reason=Max retry limit exceeded - falling back to monitoring-based SL | last_sl_retry=2025-11-25T14:21:38.800089
2025-11-25 14:21:50 | INFO | SL_MISSING_DETECTED | SL order missing for BALKRISIND-EQ (retry thread will handle) | symbol=BALKRISIND-EQ | sl_price=2275.55 | retry_count=10
2025-11-25 14:21:50 | INFO | BUCKET_LTP_CHECK | Checking bucket 1/2 | symbols=['IOC-EQ', 'M&M-EQ', 'UPL-EQ'] | count=3
2025-11-25 14:21:51 | INFO | BUCKET_LTP_RESULT | Bucket LTP check complete | checked=3 | skipped=0 | bucket_number=1 | total_buckets=2
2025-11-25 14:21:51 | INFO | MONITOR_SLEEP | Sleeping for 20s (base=20s, consecutive_errors=0, monitoring_suspended=False)
2025-11-25 14:22:11 | INFO | SL_MISSING_DETECTED | SL order missing for BALKRISIND-EQ (retry thread will handle) | symbol=BALKRISIND-EQ | sl_price=2275.55 | retry_count=10
2025-11-25 14:22:11 | INFO | BUCKET_LTP_CHECK | Checking bucket 0/2 | symbols=['CHAMBLFERT-EQ', 'BALKRISIND-EQ'] | count=2
2025-11-25 14:22:12 | INFO | BUCKET_LTP_RESULT | Bucket LTP check complete | checked=2 | skipped=0 | bucket_number=0 | total_buckets=2
2025-11-25 14:22:13 | INFO | MONITOR_SLEEP | Sleeping for 20s (base=20s, consecutive_errors=0, monitoring_suspended=False)
2025-11-25 14:22:33 | INFO | SL_MISSING_DETECTED | SL order missing for BALKRISIND-EQ (retry thread will handle) | symbol=BALKRISIND-EQ | sl_price=2275.55 | retry_count=10
2025-11-25 14:22:33 | INFO | BUCKET_LTP_CHECK | Checking bucket 1/2 | symbols=['IOC-EQ', 'M&M-EQ', 'UPL-EQ'] | count=3
2025-11-25 14:22:33 | INFO | BUCKET_LTP_RESULT | Bucket LTP check complete | checked=3 | skipped=0 | bucket_number=1 | total_buckets=2
2025-11-25 14:22:34 | INFO | MONITOR | Paper trades checked (next in 60s)
2025-11-25 14:22:34 | INFO | MONITOR_SLEEP | Sleeping for 20s (base=20s, consecutive_errors=0, monitoring_suspended=False)
2025-11-25 14:22:54 | INFO | SL_MISSING_DETECTED | SL order missing for BALKRISIND-EQ (retry thread will handle) | symbol=BALKRISIND-EQ | sl_price=2275.55 | retry_count=10
2025-11-25 14:22:54 | INFO | BUCKET_LTP_CHECK | Checking bucket 0/2 | symbols=['CHAMBLFERT-EQ', 'BALKRISIND-EQ'] | count=2
2025-11-25 14:22:55 | INFO | BUCKET_LTP_RESULT | Bucket LTP check complete | checked=2 | skipped=0 | bucket_number=0 | total_buckets=2
2025-11-25 14:22:55 | INFO | MONITOR_SLEEP | Sleeping for 20s (base=20s, consecutive_errors=0, monitoring_suspended=False)
2025-11-25 14:23:15 | INFO | SL_MISSING_DETECTED | SL order missing for BALKRISIND-EQ (retry thread will handle) | symbol=BALKRISIND-EQ | sl_price=2275.55 | retry_count=10
2025-11-25 14:23:15 | INFO | BUCKET_LTP_CHECK | Checking bucket 1/2 | symbols=['IOC-EQ', 'M&M-EQ', 'UPL-EQ'] | count=3
2025-11-25 14:23:16 | INFO | BUCKET_LTP_RESULT | Bucket LTP check complete | checked=3 | skipped=0 | bucket_number=1 | total_buckets=2
2025-11-25 14:23:17 | INFO | MONITOR_SLEEP | Sleeping for 20s (base=20s, consecutive_errors=0, monitoring_suspended=False)
2025-11-25 14:23:37 | INFO | SL_MISSING_DETECTED | SL order missing for BALKRISIND-EQ (retry thread will handle) | symbol=BALKRISIND-EQ | sl_price=2275.55 | retry_count=10
2025-11-25 14:23:37 | INFO | BUCKET_LTP_CHECK | Checking bucket 0/2 | symbols=['CHAMBLFERT-EQ', 'BALKRISIND-EQ'] | count=2
2025-11-25 14:23:37 | INFO | BUCKET_LTP_RESULT | Bucket LTP check complete | checked=2 | skipped=0 | bucket_number=0 | total_buckets=2
2025-11-25 14:23:38 | INFO | MONITOR | Paper trades checked (next in 60s)
2025-11-25 14:23:38 | INFO | MONITOR_SLEEP | Sleeping for 20s (base=20s, consecutive_errors=0, monitoring_suspended=False)
2025-11-25 14:23:58 | INFO | SL_MISSING_DETECTED | SL order missing for BALKRISIND-EQ (retry thread will handle) | symbol=BALKRISIND-EQ | sl_price=2275.55 | retry_count=10
2025-11-25 14:23:58 | INFO | BUCKET_LTP_CHECK | Checking bucket 1/2 | symbols=['IOC-EQ', 'M&M-EQ', 'UPL-EQ'] | count=3
2025-11-25 14:23:59 | INFO | BUCKET_LTP_RESULT | Bucket LTP check complete | checked=3 | skipped=0 | bucket_number=1 | total_buckets=2
2025-11-25 14:24:00 | INFO | MONITOR_SLEEP | Sleeping for 20s (base=20s, consecutive_errors=0, monitoring_suspended=False)
2025-11-25 14:24:20 | INFO | SL_MISSING_DETECTED | SL order missing for BALKRISIND-EQ (retry thread will handle) | symbol=BALKRISIND-EQ | sl_price=2275.55 | retry_count=10
2025-11-25 14:24:20 | INFO | BUCKET_LTP_CHECK | Checking bucket 0/2 | symbols=['CHAMBLFERT-EQ', 'BALKRISIND-EQ'] | count=2
2025-11-25 14:24:20 | INFO | BUCKET_LTP_RESULT | Bucket LTP check complete | checked=2 | skipped=0 | bucket_number=0 | total_buckets=2
2025-11-25 14:24:21 | INFO | MONITOR_SLEEP | Sleeping for 20s (base=20s, consecutive_errors=0, monitoring_suspended=False)
2025-11-25 14:24:41 | INFO | SL_MISSING_DETECTED | SL order missing for BALKRISIND-EQ (retry thread will handle) | symbol=BALKRISIND-EQ | sl_price=2275.55 | retry_count=10
2025-11-25 14:24:41 | INFO | BUCKET_LTP_CHECK | Checking bucket 1/2 | symbols=['IOC-EQ', 'M&M-EQ', 'UPL-EQ'] | count=3
2025-11-25 14:24:41 | INFO | BUCKET_LTP_RESULT | Bucket LTP check complete | checked=3 | skipped=0 | bucket_number=1 | total_buckets=2
2025-11-25 14:24:42 | INFO | MONITOR | Paper trades checked (next in 60s)
2025-11-25 14:24:42 | INFO | MONITOR_SLEEP | Sleeping for 20s (base=20s, consecutive_errors=0, monitoring_suspended=False)
2025-11-25 14:25:02 | INFO | SL_MISSING_DETECTED | SL order missing for BALKRISIND-EQ (retry thread will handle) | symbol=BALKRISIND-EQ | sl_price=2275.55 | retry_count=10
2025-11-25 14:25:02 | INFO | BUCKET_LTP_CHECK | Checking bucket 0/2 | symbols=['CHAMBLFERT-EQ', 'BALKRISIND-EQ'] | count=2
2025-11-25 14:25:03 | INFO | BUCKET_LTP_RESULT | Bucket LTP check complete | checked=2 | skipped=0 | bucket_number=0 | total_buckets=2
2025-11-25 14:25:04 | INFO | MONITOR_SLEEP | Sleeping for 20s (base=20s, consecutive_errors=0, monitoring_suspended=False)
2025-11-25 14:25:24 | INFO | SL_MISSING_DETECTED | SL order missing for BALKRISIND-EQ (retry thread will handle) | symbol=BALKRISIND-EQ | sl_price=2275.55 | retry_count=10
2025-11-25 14:25:24 | INFO | BUCKET_LTP_CHECK | Checking bucket 1/2 | symbols=['IOC-EQ', 'M&M-EQ', 'UPL-EQ'] | count=3
2025-11-25 14:25:26 | INFO | BUCKET_LTP_RESULT | Bucket LTP check complete | checked=3 | skipped=0 | bucket_number=1 | total_buckets=2
2025-11-25 14:25:26 | INFO | MONITOR_SLEEP | Sleeping for 20s (base=20s, consecutive_errors=0, monitoring_suspended=False)
2025-11-25 14:25:46 | INFO | SL_MISSING_DETECTED | SL order missing for BALKRISIND-EQ (retry thread will handle) | symbol=BALKRISIND-EQ | sl_price=2275.55 | retry_count=10
2025-11-25 14:25:46 | INFO | BUCKET_LTP_CHECK | Checking bucket 0/2 | symbols=['CHAMBLFERT-EQ', 'BALKRISIND-EQ'] | count=2
2025-11-25 14:25:47 | INFO | BUCKET_LTP_RESULT | Bucket LTP check complete | checked=2 | skipped=0 | bucket_number=0 | total_buckets=2
2025-11-25 14:25:48 | INFO | MONITOR | Paper trades checked (next in 60s)
2025-11-25 14:25:48 | INFO | MONITOR_SLEEP | Sleeping for 20s (base=20s, consecutive_errors=0, monitoring_suspended=False)
2025-11-25 14:26:08 | INFO | SL_MISSING_DETECTED | SL order missing for BALKRISIND-EQ (retry thread will handle) | symbol=BALKRISIND-EQ | sl_price=2275.55 | retry_count=10
2025-11-25 14:26:08 | INFO | BUCKET_LTP_CHECK | Checking bucket 1/2 | symbols=['IOC-EQ', 'M&M-EQ', 'UPL-EQ'] | count=3
2025-11-25 14:26:08 | INFO | BUCKET_LTP_RESULT | Bucket LTP check complete | checked=3 | skipped=0 | bucket_number=1 | total_buckets=2
2025-11-25 14:26:09 | INFO | MONITOR_SLEEP | Sleeping for 20s (base=20s, consecutive_errors=0, monitoring_suspended=False)
2025-11-25 14:26:29 | INFO | SL_MISSING_DETECTED | SL order missing for BALKRISIND-EQ (retry thread will handle) | symbol=BALKRISIND-EQ | sl_price=2275.55 | retry_count=10
2025-11-25 14:26:29 | INFO | BUCKET_LTP_CHECK | Checking bucket 0/2 | symbols=['CHAMBLFERT-EQ', 'BALKRISIND-EQ'] | count=2
2025-11-25 14:26:30 | INFO | BUCKET_LTP_RESULT | Bucket LTP check complete | checked=2 | skipped=0 | bucket_number=0 | total_buckets=2
2025-11-25 14:26:31 | INFO | MONITOR_SLEEP | Sleeping for 20s (base=20s, consecutive_errors=0, monitoring_suspended=False)
2025-11-25 14:26:51 | INFO | SL_MISSING_DETECTED | SL order missing for BALKRISIND-EQ (retry thread will handle) | symbol=BALKRISIND-EQ | sl_price=2275.55 | retry_count=10
2025-11-25 14:26:51 | INFO | BUCKET_LTP_CHECK | Checking bucket 1/2 | symbols=['IOC-EQ', 'M&M-EQ', 'UPL-EQ'] | count=3
2025-11-25 14:26:51 | INFO | BUCKET_LTP_RESULT | Bucket LTP check complete | checked=3 | skipped=0 | bucket_number=1 | total_buckets=2
2025-11-25 14:26:52 | INFO | MONITOR | Paper trades checked (next in 60s)
2025-11-25 14:26:52 | INFO | MONITOR_SLEEP | Sleeping for 20s (base=20s, consecutive_errors=0, monitoring_suspended=False)
2025-11-25 14:27:12 | INFO | SL_MISSING_DETECTED | SL order missing for BALKRISIND-EQ (retry thread will handle) | symbol=BALKRISIND-EQ | sl_price=2275.55 | retry_count=10
2025-11-25 14:27:12 | INFO | BUCKET_LTP_CHECK | Checking bucket 0/2 | symbols=['CHAMBLFERT-EQ', 'BALKRISIND-EQ'] | count=2
2025-11-25 14:27:12 | INFO | BUCKET_LTP_RESULT | Bucket LTP check complete | checked=2 | skipped=0 | bucket_number=0 | total_buckets=2
2025-11-25 14:27:13 | INFO | MONITOR_SLEEP | Sleeping for 20s (base=20s, consecutive_errors=0, monitoring_suspended=False)
2025-11-25 14:27:33 | INFO | SL_MISSING_DETECTED | SL order missing for BALKRISIND-EQ (retry thread will handle) | symbol=BALKRISIND-EQ | sl_price=2275.55 | retry_count=10
2025-11-25 14:27:33 | INFO | BUCKET_LTP_CHECK | Checking bucket 1/2 | symbols=['IOC-EQ', 'M&M-EQ', 'UPL-EQ'] | count=3
2025-11-25 14:27:34 | INFO | BUCKET_LTP_RESULT | Bucket LTP check complete | checked=3 | skipped=0 | bucket_number=1 | total_buckets=2
2025-11-25 14:27:35 | INFO | MONITOR_SLEEP | Sleeping for 20s (base=20s, consecutive_errors=0, monitoring_suspended=False)
2025-11-25 14:27:55 | INFO | SL_MISSING_DETECTED | SL order missing for BALKRISIND-EQ (retry thread will handle) | symbol=BALKRISIND-EQ | sl_price=2275.55 | retry_count=10
2025-11-25 14:27:55 | INFO | BUCKET_LTP_CHECK | Checking bucket 0/2 | symbols=['CHAMBLFERT-EQ', 'BALKRISIND-EQ'] | count=2
2025-11-25 14:27:55 | INFO | BUCKET_LTP_RESULT | Bucket LTP check complete | checked=2 | skipped=0 | bucket_number=0 | total_buckets=2
2025-11-25 14:27:56 | INFO | MONITOR | Paper trades checked (next in 60s)
2025-11-25 14:27:56 | INFO | MONITOR_SLEEP | Sleeping for 20s (base=20s, consecutive_errors=0, monitoring_suspended=False)
2025-11-25 14:28:16 | INFO | SL_MISSING_DETECTED | SL order missing for BALKRISIND-EQ (retry thread will handle) | symbol=BALKRISIND-EQ | sl_price=2275.55 | retry_count=10
2025-11-25 14:28:16 | INFO | BUCKET_LTP_CHECK | Checking bucket 1/2 | symbols=['IOC-EQ', 'M&M-EQ', 'UPL-EQ'] | count=3
2025-11-25 14:28:17 | INFO | BUCKET_LTP_RESULT | Bucket LTP check complete | checked=3 | skipped=0 | bucket_number=1 | total_buckets=2
2025-11-25 14:28:18 | INFO | MONITOR_SLEEP | Sleeping for 20s (base=20s, consecutive_errors=0, monitoring_suspended=False)
2025-11-25 14:28:38 | INFO | SL_MISSING_DETECTED | SL order missing for BALKRISIND-EQ (retry thread will handle) | symbol=BALKRISIND-EQ | sl_price=2275.55 | retry_count=10
2025-11-25 14:28:38 | INFO | BUCKET_LTP_CHECK | Checking bucket 0/2 | symbols=['CHAMBLFERT-EQ', 'BALKRISIND-EQ'] | count=2
2025-11-25 14:28:38 | INFO | BUCKET_LTP_RESULT | Bucket LTP check complete | checked=2 | skipped=0 | bucket_number=0 | total_buckets=2
2025-11-25 14:28:39 | INFO | MONITOR_SLEEP | Sleeping for 20s (base=20s, consecutive_errors=0, monitoring_suspended=False)
2025-11-25 14:28:59 | INFO | SL_MISSING_DETECTED | SL order missing for BALKRISIND-EQ (retry thread will handle) | symbol=BALKRISIND-EQ | sl_price=2275.55 | retry_count=10
2025-11-25 14:28:59 | INFO | BUCKET_LTP_CHECK | Checking bucket 1/2 | symbols=['IOC-EQ', 'M&M-EQ', 'UPL-EQ'] | count=3
2025-11-25 14:29:00 | INFO | BUCKET_LTP_RESULT | Bucket LTP check complete | checked=3 | skipped=0 | bucket_number=1 | total_buckets=2
2025-11-25 14:29:00 | INFO | MONITOR | Paper trades checked (next in 60s)
2025-11-25 14:29:00 | INFO | MONITOR_SLEEP | Sleeping for 20s (base=20s, consecutive_errors=0, monitoring_suspended=False)
2025-11-25 14:29:20 | INFO | SL_MISSING_DETECTED | SL order missing for BALKRISIND-EQ (retry thread will handle) | symbol=BALKRISIND-EQ | sl_price=2275.55 | retry_count=10
2025-11-25 14:29:20 | INFO | BUCKET_LTP_CHECK | Checking bucket 0/2 | symbols=['CHAMBLFERT-EQ', 'BALKRISIND-EQ'] | count=2
2025-11-25 14:29:22 | INFO | BUCKET_LTP_RESULT | Bucket LTP check complete | checked=2 | skipped=0 | bucket_number=0 | total_buckets=2
2025-11-25 14:29:23 | INFO | MONITOR_SLEEP | Sleeping for 20s (base=20s, consecutive_errors=0, monitoring_suspended=False)
2025-11-25 14:29:43 | INFO | SL_MISSING_DETECTED | SL order missing for BALKRISIND-EQ (retry thread will handle) | symbol=BALKRISIND-EQ | sl_price=2275.55 | retry_count=10
2025-11-25 14:29:43 | INFO | BUCKET_LTP_CHECK | Checking bucket 1/2 | symbols=['IOC-EQ', 'M&M-EQ', 'UPL-EQ'] | count=3
2025-11-25 14:29:43 | INFO | BUCKET_LTP_RESULT | Bucket LTP check complete | checked=3 | skipped=0 | bucket_number=1 | total_buckets=2
2025-11-25 14:29:44 | INFO | MONITOR_SLEEP | Sleeping for 20s (base=20s, consecutive_errors=0, monitoring_suspended=False)
2025-11-25 14:30:04 | INFO | SL_MISSING_DETECTED | SL order missing for BALKRISIND-EQ (retry thread will handle) | symbol=BALKRISIND-EQ | sl_price=2275.55 | retry_count=10
2025-11-25 14:30:04 | INFO | BUCKET_LTP_CHECK | Checking bucket 0/2 | symbols=['CHAMBLFERT-EQ', 'BALKRISIND-EQ'] | count=2
2025-11-25 14:30:05 | INFO | BUCKET_LTP_RESULT | Bucket LTP check complete | checked=2 | skipped=0 | bucket_number=0 | total_buckets=2
2025-11-25 14:30:05 | INFO | MONITOR | Paper trades checked (next in 60s)
2025-11-25 14:30:05 | INFO | MONITOR_SLEEP | Sleeping for 20s (base=20s, consecutive_errors=0, monitoring_suspended=False)
2025-11-25 14:30:25 | INFO | SL_MISSING_DETECTED | SL order missing for BALKRISIND-EQ (retry thread will handle) | symbol=BALKRISIND-EQ | sl_price=2275.55 | retry_count=10
2025-11-25 14:30:25 | INFO | BUCKET_LTP_CHECK | Checking bucket 1/2 | symbols=['IOC-EQ', 'M&M-EQ', 'UPL-EQ'] | count=3
2025-11-25 14:30:26 | INFO | BUCKET_LTP_RESULT | Bucket LTP check complete | checked=3 | skipped=0 | bucket_number=1 | total_buckets=2
2025-11-25 14:30:27 | INFO | MONITOR_SLEEP | Sleeping for 20s (base=20s, consecutive_errors=0, monitoring_suspended=False)
2025-11-25 14:30:47 | INFO | SL_MISSING_DETECTED | SL order missing for BALKRISIND-EQ (retry thread will handle) | symbol=BALKRISIND-EQ | sl_price=2275.55 | retry_count=10
2025-11-25 14:30:47 | INFO | BUCKET_LTP_CHECK | Checking bucket 0/2 | symbols=['CHAMBLFERT-EQ', 'BALKRISIND-EQ'] | count=2
2025-11-25 14:30:47 | INFO | BUCKET_LTP_RESULT | Bucket LTP check complete | checked=2 | skipped=0 | bucket_number=0 | total_buckets=2
2025-11-25 14:30:48 | INFO | MONITOR_SLEEP | Sleeping for 20s (base=20s, consecutive_errors=0, monitoring_suspended=False)
2025-11-25 14:31:08 | INFO | SL_MISSING_DETECTED | SL order missing for BALKRISIND-EQ (retry thread will handle) | symbol=BALKRISIND-EQ | sl_price=2275.55 | retry_count=10
2025-11-25 14:31:08 | INFO | BUCKET_LTP_CHECK | Checking bucket 1/2 | symbols=['IOC-EQ', 'M&M-EQ', 'UPL-EQ'] | count=3
2025-11-25 14:31:09 | INFO | BUCKET_LTP_RESULT | Bucket LTP check complete | checked=3 | skipped=0 | bucket_number=1 | total_buckets=2
2025-11-25 14:31:09 | INFO | MONITOR | Paper trades checked (next in 60s)
2025-11-25 14:31:09 | INFO | MONITOR_SLEEP | Sleeping for 20s (base=20s, consecutive_errors=0, monitoring_suspended=False)
2025-11-25 14:31:29 | INFO | SL_MISSING_DETECTED | SL order missing for BALKRISIND-EQ (retry thread will handle) | symbol=BALKRISIND-EQ | sl_price=2275.55 | retry_count=10
2025-11-25 14:31:29 | INFO | BUCKET_LTP_CHECK | Checking bucket 0/2 | symbols=['CHAMBLFERT-EQ', 'BALKRISIND-EQ'] | count=2
2025-11-25 14:31:30 | INFO | BUCKET_LTP_RESULT | Bucket LTP check complete | checked=2 | skipped=0 | bucket_number=0 | total_buckets=2
2025-11-25 14:31:31 | INFO | MONITOR_SLEEP | Sleeping for 20s (base=20s, consecutive_errors=0, monitoring_suspended=False)
2025-11-25 14:31:51 | INFO | SL_MISSING_DETECTED | SL order missing for BALKRISIND-EQ (retry thread will handle) | symbol=BALKRISIND-EQ | sl_price=2275.55 | retry_count=10
2025-11-25 14:31:51 | INFO | BUCKET_LTP_CHECK | Checking bucket 1/2 | symbols=['IOC-EQ', 'M&M-EQ', 'UPL-EQ'] | count=3
2025-11-25 14:31:51 | INFO | BUCKET_LTP_RESULT | Bucket LTP check complete | checked=3 | skipped=0 | bucket_number=1 | total_buckets=2
2025-11-25 14:31:52 | INFO | MONITOR_SLEEP | Sleeping for 20s (base=20s, consecutive_errors=0, monitoring_suspended=False)
2025-11-25 14:32:12 | INFO | SL_MISSING_DETECTED | SL order missing for BALKRISIND-EQ (retry thread will handle) | symbol=BALKRISIND-EQ | sl_price=2275.55 | retry_count=10
2025-11-25 14:32:12 | INFO | BUCKET_LTP_CHECK | Checking bucket 0/2 | symbols=['CHAMBLFERT-EQ', 'BALKRISIND-EQ'] | count=2
2025-11-25 14:32:13 | INFO | BUCKET_LTP_RESULT | Bucket LTP check complete | checked=2 | skipped=0 | bucket_number=0 | total_buckets=2
2025-11-25 14:32:13 | INFO | MONITOR | Paper trades checked (next in 60s)
2025-11-25 14:32:13 | INFO | MONITOR_SLEEP | Sleeping for 20s (base=20s, consecutive_errors=0, monitoring_suspended=False)
2025-11-25 14:32:33 | INFO | SL_MISSING_DETECTED | SL order missing for BALKRISIND-EQ (retry thread will handle) | symbol=BALKRISIND-EQ | sl_price=2275.55 | retry_count=10
2025-11-25 14:32:33 | INFO | BUCKET_LTP_CHECK | Checking bucket 1/2 | symbols=['IOC-EQ', 'M&M-EQ', 'UPL-EQ'] | count=3
2025-11-25 14:32:34 | INFO | BUCKET_LTP_RESULT | Bucket LTP check complete | checked=3 | skipped=0 | bucket_number=1 | total_buckets=2
2025-11-25 14:32:35 | INFO | MONITOR_SLEEP | Sleeping for 20s (base=20s, consecutive_errors=0, monitoring_suspended=False)
2025-11-25 14:32:55 | INFO | SL_MISSING_DETECTED | SL order missing for BALKRISIND-EQ (retry thread will handle) | symbol=BALKRISIND-EQ | sl_price=2275.55 | retry_count=10
2025-11-25 14:32:55 | INFO | BUCKET_LTP_CHECK | Checking bucket 0/2 | symbols=['CHAMBLFERT-EQ', 'BALKRISIND-EQ'] | count=2
2025-11-25 14:32:55 | INFO | BUCKET_LTP_RESULT | Bucket LTP check complete | checked=2 | skipped=0 | bucket_number=0 | total_buckets=2
2025-11-25 14:32:56 | INFO | MONITOR_SLEEP | Sleeping for 20s (base=20s, consecutive_errors=0, monitoring_suspended=False)
2025-11-25 14:33:03 | INFO | BUCKET_MANAGER | Created 2 buckets | bucket_size=3 | total_positions=6 | bucket_distribution=[3, 3]
2025-11-25 14:33:03 | INFO | LTP_BUCKETS | LTP buckets initialized | total_positions=6 | num_buckets=2 | bucket_size=3
2025-11-25 14:33:03 | INFO | POSITION_ADDED | Added position for monitoring | symbol=GODREJPROP-EQ | action=BUY | quantity=4
2025-11-25 14:33:03 | INFO | SL_CHECK | Checking if should place SL for GODREJPROP-EQ | action=BUY | status=OPEN
2025-11-25 14:33:03 | INFO | SL_DEFERRED | SL placement deferred for GODREJPROP-EQ - will retry in background loop | reason=Avoiding initial SL spike that causes rate limiter timeouts at startup | symbol=GODREJPROP-EQ
2025-11-25 14:33:08 | INFO | BUCKET_MANAGER | Created 3 buckets | bucket_size=3 | total_positions=7 | bucket_distribution=[3, 3, 1]
2025-11-25 14:33:08 | INFO | LTP_BUCKETS | LTP buckets initialized | total_positions=7 | num_buckets=3 | bucket_size=3
2025-11-25 14:33:08 | INFO | POSITION_ADDED | Added position for monitoring | symbol=PNBHOUSING-EQ | action=BUY | quantity=11
2025-11-25 14:33:08 | INFO | SL_CHECK | Checking if should place SL for PNBHOUSING-EQ | action=BUY | status=OPEN
2025-11-25 14:33:08 | INFO | SL_DEFERRED | SL placement deferred for PNBHOUSING-EQ - will retry in background loop | reason=Avoiding initial SL spike that causes rate limiter timeouts at startup | symbol=PNBHOUSING-EQ
2025-11-25 14:33:16 | INFO | SL_MISSING_DETECTED | SL order missing for BALKRISIND-EQ (retry thread will handle) | symbol=BALKRISIND-EQ | sl_price=2275.55 | retry_count=10
2025-11-25 14:33:16 | INFO | SL_MISSING_DETECTED | SL order missing for GODREJPROP-EQ (retry thread will handle) | symbol=GODREJPROP-EQ | sl_price=2077.05 | retry_count=0
2025-11-25 14:33:16 | INFO | SL_MISSING_DETECTED | SL order missing for PNBHOUSING-EQ (retry thread will handle) | symbol=PNBHOUSING-EQ | sl_price=881.45 | retry_count=0
2025-11-25 14:33:16 | INFO | BUCKET_LTP_CHECK | Checking bucket 1/3 | symbols=['IOC-EQ', 'M&M-EQ', 'UPL-EQ'] | count=3
2025-11-25 14:33:17 | INFO | BUCKET_LTP_RESULT | Bucket LTP check complete | checked=3 | skipped=0 | bucket_number=1 | total_buckets=3
2025-11-25 14:33:18 | INFO | MONITOR | Paper trades checked (next in 60s)
2025-11-25 14:33:18 | INFO | MONITOR_SLEEP | Sleeping for 20s (base=20s, consecutive_errors=0, monitoring_suspended=False)
2025-11-25 14:33:22 | INFO | SL_RETRY | Attempting SL for 1 of 2 positions: GODREJPROP-EQ | sl_price=2077.05 | quantity=4 | retry_attempt=1 | max_retries=10 | pending_count=2
2025-11-25 14:33:22 | INFO | SL_PLACEMENT_STRATEGY | Placing SL with retry 2 for GODREJPROP-EQ | product=INTRADAY | price=2077.05 | retry_count=1 | strategy=same product type as entry order, rotate price rounding variants on retry
2025-11-25 14:33:22 | INFO | SL_ORDER_PLACING | Placing SL-M order for GODREJPROP-EQ | sl_price=2077.05 | candidate_price=2077.05 | product_type=INTRADAY | quantity=4
2025-11-25 14:33:22 | INFO | SL_PLACE_ORDER_CALLING | About to call broker.place_order for GODREJPROP-EQ | symbol=GODREJPROP-EQ | action=SELL | quantity=4 | candidate_price=2077.05 | order_type=STOPLOSS-MARKET | product_type=INTRADAY
2025-11-25 14:33:22 | INFO | SL_PLACE_ORDER_SUCCESS | broker.place_order returned Order object for GODREJPROP-EQ | symbol=GODREJPROP-EQ | order_id=251125001055394 | order_type=Order
2025-11-25 14:33:25 | INFO | ORDER_VERIFIED | Order 251125001055394 status: rejected
2025-11-25 14:33:25 | INFO | SL_ORDER_STATUS_CHECK | SL order placed, checking status for GODREJPROP-EQ | order_id=251125001055394 | order_status=rejected | expected_statuses=['open', 'pending', 'trigger pending', 'after market order req received']
2025-11-25 14:33:25 | INFO | SL_ORDER_REJECTED | SL order placed but rejected by broker for GODREJPROP-EQ | order_id=251125001055394 | trigger_price=2077.05 | product=INTRADAY | order_status=rejected | reason=Order rejected after placement - will try different variant next cycle
2025-11-25 14:33:25 | INFO | SL_ATTEMPT_FAILED | SL placement attempt failed for GODREJPROP-EQ | product=INTRADAY | price=2077.05
2025-11-25 14:33:25 | INFO | SL_MONITORING | Stop-loss monitoring activated (fallback) for GODREJPROP-EQ | sl_price=2077.05
2025-11-25 14:33:25 | INFO | SL_RETRY_FAILED | Failed to place SL for GODREJPROP-EQ, will retry next cycle | attempt=1 | remaining=2
2025-11-25 14:33:38 | INFO | SL_MISSING_DETECTED | SL order missing for BALKRISIND-EQ (retry thread will handle) | symbol=BALKRISIND-EQ | sl_price=2275.55 | retry_count=10
2025-11-25 14:33:38 | INFO | SL_MISSING_DETECTED | SL order missing for GODREJPROP-EQ (retry thread will handle) | symbol=GODREJPROP-EQ | sl_price=2077.05 | retry_count=1
2025-11-25 14:33:38 | INFO | SL_MISSING_DETECTED | SL order missing for PNBHOUSING-EQ (retry thread will handle) | symbol=PNBHOUSING-EQ | sl_price=881.45 | retry_count=0
2025-11-25 14:33:38 | INFO | BUCKET_LTP_CHECK | Checking bucket 2/3 | symbols=['CHAMBLFERT-EQ', 'BALKRISIND-EQ', 'GODREJPROP-EQ'] | count=3
2025-11-25 14:33:39 | INFO | BUCKET_LTP_RESULT | Bucket LTP check complete | checked=3 | skipped=0 | bucket_number=2 | total_buckets=3
2025-11-25 14:33:40 | INFO | MONITOR_SLEEP | Sleeping for 20s (base=20s, consecutive_errors=0, monitoring_suspended=False)
2025-11-25 14:33:45 | INFO | SL_RETRY | Attempting SL for 1 of 2 positions: GODREJPROP-EQ | sl_price=2077.05 | quantity=4 | retry_attempt=2 | max_retries=10 | pending_count=2
2025-11-25 14:33:45 | INFO | SL_PLACEMENT_STRATEGY | Placing SL with retry 3 for GODREJPROP-EQ | product=INTRADAY | price=2077.05 | retry_count=2 | strategy=same product type as entry order, rotate price rounding variants on retry
2025-11-25 14:33:45 | INFO | SL_ORDER_PLACING | Placing SL-M order for GODREJPROP-EQ | sl_price=2077.05 | candidate_price=2077.05 | product_type=INTRADAY | quantity=4
2025-11-25 14:33:45 | INFO | SL_PLACE_ORDER_CALLING | About to call broker.place_order for GODREJPROP-EQ | symbol=GODREJPROP-EQ | action=SELL | quantity=4 | candidate_price=2077.05 | order_type=STOPLOSS-MARKET | product_type=INTRADAY
2025-11-25 14:33:46 | INFO | SL_PLACE_ORDER_SUCCESS | broker.place_order returned Order object for GODREJPROP-EQ | symbol=GODREJPROP-EQ | order_id=251125001057082 | order_type=Order
2025-11-25 14:33:49 | INFO | ORDER_VERIFIED | Order 251125001057082 status: rejected
2025-11-25 14:33:49 | INFO | SL_ORDER_STATUS_CHECK | SL order placed, checking status for GODREJPROP-EQ | order_id=251125001057082 | order_status=rejected | expected_statuses=['open', 'pending', 'trigger pending', 'after market order req received']
2025-11-25 14:33:49 | INFO | SL_ORDER_REJECTED | SL order placed but rejected by broker for GODREJPROP-EQ | order_id=251125001057082 | trigger_price=2077.05 | product=INTRADAY | order_status=rejected | reason=Order rejected after placement - will try different variant next cycle
2025-11-25 14:33:49 | INFO | SL_ATTEMPT_FAILED | SL placement attempt failed for GODREJPROP-EQ | product=INTRADAY | price=2077.05
2025-11-25 14:33:49 | INFO | SL_MONITORING | Stop-loss monitoring activated (fallback) for GODREJPROP-EQ | sl_price=2077.05
2025-11-25 14:33:49 | INFO | SL_RETRY_FAILED | Failed to place SL for GODREJPROP-EQ, will retry next cycle | attempt=2 | remaining=2
2025-11-25 14:34:00 | INFO | SL_MISSING_DETECTED | SL order missing for BALKRISIND-EQ (retry thread will handle) | symbol=BALKRISIND-EQ | sl_price=2275.55 | retry_count=10
2025-11-25 14:34:00 | INFO | SL_MISSING_DETECTED | SL order missing for GODREJPROP-EQ (retry thread will handle) | symbol=GODREJPROP-EQ | sl_price=2077.05 | retry_count=2
2025-11-25 14:34:00 | INFO | SL_MISSING_DETECTED | SL order missing for PNBHOUSING-EQ (retry thread will handle) | symbol=PNBHOUSING-EQ | sl_price=881.45 | retry_count=0
2025-11-25 14:34:00 | INFO | BUCKET_LTP_CHECK | Checking bucket 0/3 | symbols=['PNBHOUSING-EQ'] | count=1
2025-11-25 14:34:00 | INFO | BUCKET_LTP_RESULT | Bucket LTP check complete | checked=1 | skipped=0 | bucket_number=0 | total_buckets=3
2025-11-25 14:34:01 | INFO | MONITOR_SLEEP | Sleeping for 20s (base=20s, consecutive_errors=0, monitoring_suspended=False)
2025-11-25 14:34:09 | INFO | SL_RETRY | Attempting SL for 1 of 2 positions: GODREJPROP-EQ | sl_price=2077.05 | quantity=4 | retry_attempt=3 | max_retries=10 | pending_count=2
2025-11-25 14:34:09 | INFO | SL_PLACEMENT_STRATEGY | Placing SL with retry 4 for GODREJPROP-EQ | product=INTRADAY | price=2077.05 | retry_count=3 | strategy=same product type as entry order, rotate price rounding variants on retry
2025-11-25 14:34:09 | INFO | SL_ORDER_PLACING | Placing SL-M order for GODREJPROP-EQ | sl_price=2077.05 | candidate_price=2077.05 | product_type=INTRADAY | quantity=4
2025-11-25 14:34:09 | INFO | SL_PLACE_ORDER_CALLING | About to call broker.place_order for GODREJPROP-EQ | symbol=GODREJPROP-EQ | action=SELL | quantity=4 | candidate_price=2077.05 | order_type=STOPLOSS-MARKET | product_type=INTRADAY
2025-11-25 14:34:09 | INFO | SL_PLACE_ORDER_SUCCESS | broker.place_order returned Order object for GODREJPROP-EQ | symbol=GODREJPROP-EQ | order_id=251125001058730 | order_type=Order
2025-11-25 14:34:12 | INFO | ORDER_VERIFIED | Order 251125001058730 status: rejected
2025-11-25 14:34:12 | INFO | SL_ORDER_STATUS_CHECK | SL order placed, checking status for GODREJPROP-EQ | order_id=251125001058730 | order_status=rejected | expected_statuses=['open', 'pending', 'trigger pending', 'after market order req received']
2025-11-25 14:34:12 | INFO | SL_ORDER_REJECTED | SL order placed but rejected by broker for GODREJPROP-EQ | order_id=251125001058730 | trigger_price=2077.05 | product=INTRADAY | order_status=rejected | reason=Order rejected after placement - will try different variant next cycle
2025-11-25 14:34:12 | INFO | SL_ATTEMPT_FAILED | SL placement attempt failed for GODREJPROP-EQ | product=INTRADAY | price=2077.05
2025-11-25 14:34:12 | INFO | SL_MONITORING | Stop-loss monitoring activated (fallback) for GODREJPROP-EQ | sl_price=2077.05
2025-11-25 14:34:12 | INFO | SL_RETRY_FAILED | Failed to place SL for GODREJPROP-EQ, will retry next cycle | attempt=3 | remaining=2
2025-11-25 14:34:21 | INFO | SL_MISSING_DETECTED | SL order missing for BALKRISIND-EQ (retry thread will handle) | symbol=BALKRISIND-EQ | sl_price=2275.55 | retry_count=10
2025-11-25 14:34:21 | INFO | SL_MISSING_DETECTED | SL order missing for GODREJPROP-EQ (retry thread will handle) | symbol=GODREJPROP-EQ | sl_price=2077.05 | retry_count=3
2025-11-25 14:34:21 | INFO | SL_MISSING_DETECTED | SL order missing for PNBHOUSING-EQ (retry thread will handle) | symbol=PNBHOUSING-EQ | sl_price=881.45 | retry_count=0
2025-11-25 14:34:21 | INFO | BUCKET_LTP_CHECK | Checking bucket 1/3 | symbols=['IOC-EQ', 'M&M-EQ', 'UPL-EQ'] | count=3
2025-11-25 14:34:22 | INFO | BUCKET_LTP_RESULT | Bucket LTP check complete | checked=3 | skipped=0 | bucket_number=1 | total_buckets=3
2025-11-25 14:34:23 | INFO | MONITOR | Paper trades checked (next in 60s)
2025-11-25 14:34:23 | INFO | MONITOR_SLEEP | Sleeping for 20s (base=20s, consecutive_errors=0, monitoring_suspended=False)
2025-11-25 14:34:32 | INFO | SL_RETRY | Attempting SL for 1 of 2 positions: GODREJPROP-EQ | sl_price=2077.05 | quantity=4 | retry_attempt=4 | max_retries=10 | pending_count=2
2025-11-25 14:34:32 | INFO | SL_PLACEMENT_STRATEGY | Placing SL with retry 5 for GODREJPROP-EQ | product=INTRADAY | price=2077.05 | retry_count=4 | strategy=same product type as entry order, rotate price rounding variants on retry
2025-11-25 14:34:32 | INFO | SL_ORDER_PLACING | Placing SL-M order for GODREJPROP-EQ | sl_price=2077.05 | candidate_price=2077.05 | product_type=INTRADAY | quantity=4
2025-11-25 14:34:32 | INFO | SL_PLACE_ORDER_CALLING | About to call broker.place_order for GODREJPROP-EQ | symbol=GODREJPROP-EQ | action=SELL | quantity=4 | candidate_price=2077.05 | order_type=STOPLOSS-MARKET | product_type=INTRADAY
2025-11-25 14:34:32 | INFO | SL_PLACE_ORDER_SUCCESS | broker.place_order returned Order object for GODREJPROP-EQ | symbol=GODREJPROP-EQ | order_id=251125001060807 | order_type=Order
2025-11-25 14:34:35 | INFO | ORDER_VERIFIED | Order 251125001060807 status: rejected
2025-11-25 14:34:35 | INFO | SL_ORDER_STATUS_CHECK | SL order placed, checking status for GODREJPROP-EQ | order_id=251125001060807 | order_status=rejected | expected_statuses=['open', 'pending', 'trigger pending', 'after market order req received']
2025-11-25 14:34:35 | INFO | SL_ORDER_REJECTED | SL order placed but rejected by broker for GODREJPROP-EQ | order_id=251125001060807 | trigger_price=2077.05 | product=INTRADAY | order_status=rejected | reason=Order rejected after placement - will try different variant next cycle
2025-11-25 14:34:35 | INFO | SL_ATTEMPT_FAILED | SL placement attempt failed for GODREJPROP-EQ | product=INTRADAY | price=2077.05
2025-11-25 14:34:35 | INFO | SL_MONITORING | Stop-loss monitoring activated (fallback) for GODREJPROP-EQ | sl_price=2077.05
2025-11-25 14:34:35 | INFO | SL_RETRY_FAILED | Failed to place SL for GODREJPROP-EQ, will retry next cycle | attempt=4 | remaining=2
2025-11-25 14:34:43 | INFO | SL_MISSING_DETECTED | SL order missing for BALKRISIND-EQ (retry thread will handle) | symbol=BALKRISIND-EQ | sl_price=2275.55 | retry_count=10
2025-11-25 14:34:43 | INFO | SL_MISSING_DETECTED | SL order missing for GODREJPROP-EQ (retry thread will handle) | symbol=GODREJPROP-EQ | sl_price=2077.05 | retry_count=4
2025-11-25 14:34:43 | INFO | SL_MISSING_DETECTED | SL order missing for PNBHOUSING-EQ (retry thread will handle) | symbol=PNBHOUSING-EQ | sl_price=881.45 | retry_count=0
2025-11-25 14:34:43 | INFO | BUCKET_LTP_CHECK | Checking bucket 2/3 | symbols=['CHAMBLFERT-EQ', 'BALKRISIND-EQ', 'GODREJPROP-EQ'] | count=3
2025-11-25 14:34:44 | INFO | BUCKET_LTP_RESULT | Bucket LTP check complete | checked=3 | skipped=0 | bucket_number=2 | total_buckets=3
2025-11-25 14:34:45 | INFO | MONITOR_SLEEP | Sleeping for 20s (base=20s, consecutive_errors=0, monitoring_suspended=False)
2025-11-25 14:34:55 | INFO | SL_RETRY | Attempting SL for 1 of 2 positions: GODREJPROP-EQ | sl_price=2077.05 | quantity=4 | retry_attempt=5 | max_retries=10 | pending_count=2
2025-11-25 14:34:55 | INFO | SL_PLACEMENT_STRATEGY | Placing SL with retry 6 for GODREJPROP-EQ | product=INTRADAY | price=2077.05 | retry_count=5 | strategy=same product type as entry order, rotate price rounding variants on retry
2025-11-25 14:34:55 | INFO | SL_ORDER_PLACING | Placing SL-M order for GODREJPROP-EQ | sl_price=2077.05 | candidate_price=2077.05 | product_type=INTRADAY | quantity=4
2025-11-25 14:34:55 | INFO | SL_PLACE_ORDER_CALLING | About to call broker.place_order for GODREJPROP-EQ | symbol=GODREJPROP-EQ | action=SELL | quantity=4 | candidate_price=2077.05 | order_type=STOPLOSS-MARKET | product_type=INTRADAY
2025-11-25 14:34:55 | INFO | SL_PLACE_ORDER_SUCCESS | broker.place_order returned Order object for GODREJPROP-EQ | symbol=GODREJPROP-EQ | order_id=251125001062665 | order_type=Order
2025-11-25 14:34:59 | INFO | ORDER_VERIFIED | Order 251125001062665 status: rejected
2025-11-25 14:34:59 | INFO | SL_ORDER_STATUS_CHECK | SL order placed, checking status for GODREJPROP-EQ | order_id=251125001062665 | order_status=rejected | expected_statuses=['open', 'pending', 'trigger pending', 'after market order req received']
2025-11-25 14:34:59 | INFO | SL_ORDER_REJECTED | SL order placed but rejected by broker for GODREJPROP-EQ | order_id=251125001062665 | trigger_price=2077.05 | product=INTRADAY | order_status=rejected | reason=Order rejected after placement - will try different variant next cycle
2025-11-25 14:34:59 | INFO | SL_ATTEMPT_FAILED | SL placement attempt failed for GODREJPROP-EQ | product=INTRADAY | price=2077.05
2025-11-25 14:34:59 | INFO | SL_MONITORING | Stop-loss monitoring activated (fallback) for GODREJPROP-EQ | sl_price=2077.05
2025-11-25 14:34:59 | INFO | SL_RETRY_FAILED | Failed to place SL for GODREJPROP-EQ, will retry next cycle | attempt=5 | remaining=2
2025-11-25 14:35:05 | INFO | SL_MISSING_DETECTED | SL order missing for BALKRISIND-EQ (retry thread will handle) | symbol=BALKRISIND-EQ | sl_price=2275.55 | retry_count=10
2025-11-25 14:35:05 | INFO | SL_MISSING_DETECTED | SL order missing for GODREJPROP-EQ (retry thread will handle) | symbol=GODREJPROP-EQ | sl_price=2077.05 | retry_count=5
2025-11-25 14:35:05 | INFO | SL_MISSING_DETECTED | SL order missing for PNBHOUSING-EQ (retry thread will handle) | symbol=PNBHOUSING-EQ | sl_price=881.45 | retry_count=0
2025-11-25 14:35:05 | INFO | BUCKET_LTP_CHECK | Checking bucket 0/3 | symbols=['PNBHOUSING-EQ'] | count=1
2025-11-25 14:35:05 | INFO | BUCKET_LTP_RESULT | Bucket LTP check complete | checked=1 | skipped=0 | bucket_number=0 | total_buckets=3
2025-11-25 14:35:06 | INFO | MONITOR_SLEEP | Sleeping for 20s (base=20s, consecutive_errors=0, monitoring_suspended=False)
2025-11-25 14:35:19 | INFO | SL_RETRY | Attempting SL for 1 of 2 positions: GODREJPROP-EQ | sl_price=2077.05 | quantity=4 | retry_attempt=6 | max_retries=10 | pending_count=2
2025-11-25 14:35:19 | INFO | SL_PLACEMENT_STRATEGY | Placing SL with retry 7 for GODREJPROP-EQ | product=INTRADAY | price=2077.05 | retry_count=6 | strategy=same product type as entry order, rotate price rounding variants on retry
2025-11-25 14:35:19 | INFO | SL_ORDER_PLACING | Placing SL-M order for GODREJPROP-EQ | sl_price=2077.05 | candidate_price=2077.05 | product_type=INTRADAY | quantity=4
2025-11-25 14:35:19 | INFO | SL_PLACE_ORDER_CALLING | About to call broker.place_order for GODREJPROP-EQ | symbol=GODREJPROP-EQ | action=SELL | quantity=4 | candidate_price=2077.05 | order_type=STOPLOSS-MARKET | product_type=INTRADAY
2025-11-25 14:35:19 | INFO | SL_PLACE_ORDER_SUCCESS | broker.place_order returned Order object for GODREJPROP-EQ | symbol=GODREJPROP-EQ | order_id=251125001064489 | order_type=Order
2025-11-25 14:35:22 | INFO | ORDER_VERIFIED | Order 251125001064489 status: rejected
2025-11-25 14:35:22 | INFO | SL_ORDER_STATUS_CHECK | SL order placed, checking status for GODREJPROP-EQ | order_id=251125001064489 | order_status=rejected | expected_statuses=['open', 'pending', 'trigger pending', 'after market order req received']
2025-11-25 14:35:22 | INFO | SL_ORDER_REJECTED | SL order placed but rejected by broker for GODREJPROP-EQ | order_id=251125001064489 | trigger_price=2077.05 | product=INTRADAY | order_status=rejected | reason=Order rejected after placement - will try different variant next cycle
2025-11-25 14:35:22 | INFO | SL_ATTEMPT_FAILED | SL placement attempt failed for GODREJPROP-EQ | product=INTRADAY | price=2077.05
2025-11-25 14:35:22 | INFO | SL_MONITORING | Stop-loss monitoring activated (fallback) for GODREJPROP-EQ | sl_price=2077.05
2025-11-25 14:35:22 | INFO | SL_RETRY_FAILED | Failed to place SL for GODREJPROP-EQ, will retry next cycle | attempt=6 | remaining=2
2025-11-25 14:35:26 | INFO | SL_MISSING_DETECTED | SL order missing for BALKRISIND-EQ (retry thread will handle) | symbol=BALKRISIND-EQ | sl_price=2275.55 | retry_count=10
2025-11-25 14:35:26 | INFO | SL_MISSING_DETECTED | SL order missing for GODREJPROP-EQ (retry thread will handle) | symbol=GODREJPROP-EQ | sl_price=2077.05 | retry_count=6
2025-11-25 14:35:26 | INFO | SL_MISSING_DETECTED | SL order missing for PNBHOUSING-EQ (retry thread will handle) | symbol=PNBHOUSING-EQ | sl_price=881.45 | retry_count=0
2025-11-25 14:35:26 | INFO | BUCKET_LTP_CHECK | Checking bucket 1/3 | symbols=['IOC-EQ', 'M&M-EQ', 'UPL-EQ'] | count=3
2025-11-25 14:35:27 | INFO | BUCKET_LTP_RESULT | Bucket LTP check complete | checked=3 | skipped=0 | bucket_number=1 | total_buckets=3
2025-11-25 14:35:28 | INFO | MONITOR | Paper trades checked (next in 60s)
2025-11-25 14:35:28 | INFO | MONITOR_SLEEP | Sleeping for 20s (base=20s, consecutive_errors=0, monitoring_suspended=False)
2025-11-25 14:35:42 | INFO | SL_RETRY | Attempting SL for 1 of 2 positions: GODREJPROP-EQ | sl_price=2077.05 | quantity=4 | retry_attempt=7 | max_retries=10 | pending_count=2
2025-11-25 14:35:42 | INFO | SL_PLACEMENT_STRATEGY | Placing SL with retry 8 for GODREJPROP-EQ | product=INTRADAY | price=2077.05 | retry_count=7 | strategy=same product type as entry order, rotate price rounding variants on retry
2025-11-25 14:35:42 | INFO | SL_ORDER_PLACING | Placing SL-M order for GODREJPROP-EQ | sl_price=2077.05 | candidate_price=2077.05 | product_type=INTRADAY | quantity=4
2025-11-25 14:35:42 | INFO | SL_PLACE_ORDER_CALLING | About to call broker.place_order for GODREJPROP-EQ | symbol=GODREJPROP-EQ | action=SELL | quantity=4 | candidate_price=2077.05 | order_type=STOPLOSS-MARKET | product_type=INTRADAY
2025-11-25 14:35:42 | INFO | SL_PLACE_ORDER_SUCCESS | broker.place_order returned Order object for GODREJPROP-EQ | symbol=GODREJPROP-EQ | order_id=251125001066159 | order_type=Order
2025-11-25 14:35:45 | INFO | ORDER_VERIFIED | Order 251125001066159 status: rejected
2025-11-25 14:35:45 | INFO | SL_ORDER_STATUS_CHECK | SL order placed, checking status for GODREJPROP-EQ | order_id=251125001066159 | order_status=rejected | expected_statuses=['open', 'pending', 'trigger pending', 'after market order req received']
2025-11-25 14:35:45 | INFO | SL_ORDER_REJECTED | SL order placed but rejected by broker for GODREJPROP-EQ | order_id=251125001066159 | trigger_price=2077.05 | product=INTRADAY | order_status=rejected | reason=Order rejected after placement - will try different variant next cycle
2025-11-25 14:35:45 | INFO | SL_ATTEMPT_FAILED | SL placement attempt failed for GODREJPROP-EQ | product=INTRADAY | price=2077.05
2025-11-25 14:35:45 | INFO | SL_MONITORING | Stop-loss monitoring activated (fallback) for GODREJPROP-EQ | sl_price=2077.05
2025-11-25 14:35:45 | INFO | SL_RETRY_FAILED | Failed to place SL for GODREJPROP-EQ, will retry next cycle | attempt=7 | remaining=2
2025-11-25 14:35:48 | INFO | SL_MISSING_DETECTED | SL order missing for BALKRISIND-EQ (retry thread will handle) | symbol=BALKRISIND-EQ | sl_price=2275.55 | retry_count=10
2025-11-25 14:35:48 | INFO | SL_MISSING_DETECTED | SL order missing for GODREJPROP-EQ (retry thread will handle) | symbol=GODREJPROP-EQ | sl_price=2077.05 | retry_count=7
2025-11-25 14:35:48 | INFO | SL_MISSING_DETECTED | SL order missing for PNBHOUSING-EQ (retry thread will handle) | symbol=PNBHOUSING-EQ | sl_price=881.45 | retry_count=0
2025-11-25 14:35:48 | INFO | BUCKET_LTP_CHECK | Checking bucket 2/3 | symbols=['CHAMBLFERT-EQ', 'BALKRISIND-EQ', 'GODREJPROP-EQ'] | count=3
2025-11-25 14:35:49 | INFO | BUCKET_LTP_RESULT | Bucket LTP check complete | checked=3 | skipped=0 | bucket_number=2 | total_buckets=3
2025-11-25 14:35:50 | INFO | MONITOR_SLEEP | Sleeping for 20s (base=20s, consecutive_errors=0, monitoring_suspended=False)
2025-11-25 14:36:05 | INFO | SL_RETRY | Attempting SL for 1 of 2 positions: GODREJPROP-EQ | sl_price=2077.05 | quantity=4 | retry_attempt=8 | max_retries=10 | pending_count=2
2025-11-25 14:36:05 | INFO | SL_PLACEMENT_STRATEGY | Placing SL with retry 9 for GODREJPROP-EQ | product=INTRADAY | price=2077.05 | retry_count=8 | strategy=same product type as entry order, rotate price rounding variants on retry
2025-11-25 14:36:05 | INFO | SL_ORDER_PLACING | Placing SL-M order for GODREJPROP-EQ | sl_price=2077.05 | candidate_price=2077.05 | product_type=INTRADAY | quantity=4
2025-11-25 14:36:05 | INFO | SL_PLACE_ORDER_CALLING | About to call broker.place_order for GODREJPROP-EQ | symbol=GODREJPROP-EQ | action=SELL | quantity=4 | candidate_price=2077.05 | order_type=STOPLOSS-MARKET | product_type=INTRADAY
2025-11-25 14:36:05 | INFO | SL_PLACE_ORDER_SUCCESS | broker.place_order returned Order object for GODREJPROP-EQ | symbol=GODREJPROP-EQ | order_id=251125001067780 | order_type=Order
2025-11-25 14:36:08 | INFO | ORDER_VERIFIED | Order 251125001067780 status: rejected
2025-11-25 14:36:08 | INFO | SL_ORDER_STATUS_CHECK | SL order placed, checking status for GODREJPROP-EQ | order_id=251125001067780 | order_status=rejected | expected_statuses=['open', 'pending', 'trigger pending', 'after market order req received']
2025-11-25 14:36:08 | INFO | SL_ORDER_REJECTED | SL order placed but rejected by broker for GODREJPROP-EQ | order_id=251125001067780 | trigger_price=2077.05 | product=INTRADAY | order_status=rejected | reason=Order rejected after placement - will try different variant next cycle
2025-11-25 14:36:08 | INFO | SL_ATTEMPT_FAILED | SL placement attempt failed for GODREJPROP-EQ | product=INTRADAY | price=2077.05
2025-11-25 14:36:08 | INFO | SL_MONITORING | Stop-loss monitoring activated (fallback) for GODREJPROP-EQ | sl_price=2077.05
2025-11-25 14:36:08 | INFO | SL_RETRY_FAILED | Failed to place SL for GODREJPROP-EQ, will retry next cycle | attempt=8 | remaining=2
2025-11-25 14:36:10 | INFO | SL_MISSING_DETECTED | SL order missing for BALKRISIND-EQ (retry thread will handle) | symbol=BALKRISIND-EQ | sl_price=2275.55 | retry_count=10
2025-11-25 14:36:10 | INFO | SL_MISSING_DETECTED | SL order missing for GODREJPROP-EQ (retry thread will handle) | symbol=GODREJPROP-EQ | sl_price=2077.05 | retry_count=8
2025-11-25 14:36:10 | INFO | SL_MISSING_DETECTED | SL order missing for PNBHOUSING-EQ (retry thread will handle) | symbol=PNBHOUSING-EQ | sl_price=881.45 | retry_count=0
2025-11-25 14:36:10 | INFO | BUCKET_LTP_CHECK | Checking bucket 0/3 | symbols=['PNBHOUSING-EQ'] | count=1
2025-11-25 14:36:10 | INFO | BUCKET_LTP_RESULT | Bucket LTP check complete | checked=1 | skipped=0 | bucket_number=0 | total_buckets=3
2025-11-25 14:36:11 | INFO | MONITOR_SLEEP | Sleeping for 20s (base=20s, consecutive_errors=0, monitoring_suspended=False)
2025-11-25 14:36:28 | INFO | SL_RETRY | Attempting SL for 1 of 2 positions: GODREJPROP-EQ | sl_price=2077.05 | quantity=4 | retry_attempt=9 | max_retries=10 | pending_count=2
2025-11-25 14:36:28 | INFO | SL_PLACEMENT_STRATEGY | Placing SL with retry 10 for GODREJPROP-EQ | product=INTRADAY | price=2077.05 | retry_count=9 | strategy=same product type as entry order, rotate price rounding variants on retry
2025-11-25 14:36:28 | INFO | SL_ORDER_PLACING | Placing SL-M order for GODREJPROP-EQ | sl_price=2077.05 | candidate_price=2077.05 | product_type=INTRADAY | quantity=4
2025-11-25 14:36:28 | INFO | SL_PLACE_ORDER_CALLING | About to call broker.place_order for GODREJPROP-EQ | symbol=GODREJPROP-EQ | action=SELL | quantity=4 | candidate_price=2077.05 | order_type=STOPLOSS-MARKET | product_type=INTRADAY
2025-11-25 14:36:29 | INFO | SL_PLACE_ORDER_SUCCESS | broker.place_order returned Order object for GODREJPROP-EQ | symbol=GODREJPROP-EQ | order_id=251125001069624 | order_type=Order
2025-11-25 14:36:31 | INFO | SL_MISSING_DETECTED | SL order missing for BALKRISIND-EQ (retry thread will handle) | symbol=BALKRISIND-EQ | sl_price=2275.55 | retry_count=10
2025-11-25 14:36:31 | INFO | SL_MISSING_DETECTED | SL order missing for GODREJPROP-EQ (retry thread will handle) | symbol=GODREJPROP-EQ | sl_price=2077.05 | retry_count=9
2025-11-25 14:36:31 | INFO | SL_MISSING_DETECTED | SL order missing for PNBHOUSING-EQ (retry thread will handle) | symbol=PNBHOUSING-EQ | sl_price=881.45 | retry_count=0
2025-11-25 14:36:31 | INFO | BUCKET_LTP_CHECK | Checking bucket 1/3 | symbols=['IOC-EQ', 'M&M-EQ', 'UPL-EQ'] | count=3
2025-11-25 14:36:32 | INFO | ORDER_VERIFIED | Order 251125001069624 status: rejected
2025-11-25 14:36:32 | INFO | SL_ORDER_STATUS_CHECK | SL order placed, checking status for GODREJPROP-EQ | order_id=251125001069624 | order_status=rejected | expected_statuses=['open', 'pending', 'trigger pending', 'after market order req received']
2025-11-25 14:36:32 | INFO | SL_ORDER_REJECTED | SL order placed but rejected by broker for GODREJPROP-EQ | order_id=251125001069624 | trigger_price=2077.05 | product=INTRADAY | order_status=rejected | reason=Order rejected after placement - will try different variant next cycle
2025-11-25 14:36:32 | INFO | SL_ATTEMPT_FAILED | SL placement attempt failed for GODREJPROP-EQ | product=INTRADAY | price=2077.05
2025-11-25 14:36:32 | INFO | SL_MONITORING | Stop-loss monitoring activated (fallback) for GODREJPROP-EQ | sl_price=2077.05
2025-11-25 14:36:32 | INFO | SL_RETRY_FAILED | Failed to place SL for GODREJPROP-EQ, will retry next cycle | attempt=9 | remaining=2
2025-11-25 14:36:32 | INFO | BUCKET_LTP_RESULT | Bucket LTP check complete | checked=3 | skipped=0 | bucket_number=1 | total_buckets=3
2025-11-25 14:36:33 | INFO | MONITOR | Paper trades checked (next in 60s)
2025-11-25 14:36:33 | INFO | MONITOR_SLEEP | Sleeping for 20s (base=20s, consecutive_errors=0, monitoring_suspended=False)
2025-11-25 14:36:52 | INFO | SL_RETRY | Attempting SL for 1 of 2 positions: GODREJPROP-EQ | sl_price=2077.05 | quantity=4 | retry_attempt=10 | max_retries=10 | pending_count=2
2025-11-25 14:36:52 | INFO | SL_PLACEMENT_STRATEGY | Placing SL with retry 11 for GODREJPROP-EQ | product=INTRADAY | price=2077.05 | retry_count=10 | strategy=same product type as entry order, rotate price rounding variants on retry
2025-11-25 14:36:52 | INFO | SL_ORDER_PLACING | Placing SL-M order for GODREJPROP-EQ | sl_price=2077.05 | candidate_price=2077.05 | product_type=INTRADAY | quantity=4
2025-11-25 14:36:52 | INFO | SL_PLACE_ORDER_CALLING | About to call broker.place_order for GODREJPROP-EQ | symbol=GODREJPROP-EQ | action=SELL | quantity=4 | candidate_price=2077.05 | order_type=STOPLOSS-MARKET | product_type=INTRADAY
2025-11-25 14:36:52 | INFO | SL_PLACE_ORDER_SUCCESS | broker.place_order returned Order object for GODREJPROP-EQ | symbol=GODREJPROP-EQ | order_id=251125001072068 | order_type=Order
2025-11-25 14:36:53 | INFO | SL_MISSING_DETECTED | SL order missing for BALKRISIND-EQ (retry thread will handle) | symbol=BALKRISIND-EQ | sl_price=2275.55 | retry_count=10
2025-11-25 14:36:53 | INFO | SL_MISSING_DETECTED | SL order missing for GODREJPROP-EQ (retry thread will handle) | symbol=GODREJPROP-EQ | sl_price=2077.05 | retry_count=10
2025-11-25 14:36:53 | INFO | SL_MISSING_DETECTED | SL order missing for PNBHOUSING-EQ (retry thread will handle) | symbol=PNBHOUSING-EQ | sl_price=881.45 | retry_count=0
2025-11-25 14:36:53 | INFO | BUCKET_LTP_CHECK | Checking bucket 2/3 | symbols=['CHAMBLFERT-EQ', 'BALKRISIND-EQ', 'GODREJPROP-EQ'] | count=3
2025-11-25 14:36:54 | INFO | BUCKET_LTP_RESULT | Bucket LTP check complete | checked=3 | skipped=0 | bucket_number=2 | total_buckets=3
2025-11-25 14:36:55 | INFO | MONITOR_SLEEP | Sleeping for 20s (base=20s, consecutive_errors=0, monitoring_suspended=False)
2025-11-25 14:36:55 | INFO | ORDER_VERIFIED | Order 251125001072068 status: rejected
2025-11-25 14:36:55 | INFO | SL_ORDER_STATUS_CHECK | SL order placed, checking status for GODREJPROP-EQ | order_id=251125001072068 | order_status=rejected | expected_statuses=['open', 'pending', 'trigger pending', 'after market order req received']
2025-11-25 14:36:55 | INFO | SL_ORDER_REJECTED | SL order placed but rejected by broker for GODREJPROP-EQ | order_id=251125001072068 | trigger_price=2077.05 | product=INTRADAY | order_status=rejected | reason=Order rejected after placement - will try different variant next cycle
2025-11-25 14:36:55 | INFO | SL_ATTEMPT_FAILED | SL placement attempt failed for GODREJPROP-EQ | product=INTRADAY | price=2077.05
2025-11-25 14:36:55 | INFO | SL_MONITORING | Stop-loss monitoring activated (fallback) for GODREJPROP-EQ | sl_price=2077.05
2025-11-25 14:36:55 | INFO | SL_RETRY_EXHAUSTED | Stopped retrying SL for GODREJPROP-EQ after 10 attempts | reason=Max retry limit exceeded - falling back to monitoring-based SL | last_sl_retry=2025-11-25T14:36:52.284359
2025-11-25 14:37:15 | INFO | SL_MISSING_DETECTED | SL order missing for BALKRISIND-EQ (retry thread will handle) | symbol=BALKRISIND-EQ | sl_price=2275.55 | retry_count=10
2025-11-25 14:37:15 | INFO | SL_MISSING_DETECTED | SL order missing for GODREJPROP-EQ (retry thread will handle) | symbol=GODREJPROP-EQ | sl_price=2077.05 | retry_count=10
2025-11-25 14:37:15 | INFO | SL_MISSING_DETECTED | SL order missing for PNBHOUSING-EQ (retry thread will handle) | symbol=PNBHOUSING-EQ | sl_price=881.45 | retry_count=0
2025-11-25 14:37:15 | INFO | BUCKET_LTP_CHECK | Checking bucket 0/3 | symbols=['PNBHOUSING-EQ'] | count=1
2025-11-25 14:37:15 | INFO | SL_RETRY | Attempting SL for 1 of 1 positions: PNBHOUSING-EQ | sl_price=881.45 | quantity=11 | retry_attempt=1 | max_retries=10 | pending_count=1
2025-11-25 14:37:15 | INFO | SL_PLACEMENT_STRATEGY | Placing SL with retry 2 for PNBHOUSING-EQ | product=INTRADAY | price=881.45 | retry_count=1 | strategy=same product type as entry order, rotate price rounding variants on retry
2025-11-25 14:37:15 | INFO | SL_ORDER_PLACING | Placing SL-M order for PNBHOUSING-EQ | sl_price=881.45 | candidate_price=881.45 | product_type=INTRADAY | quantity=11
2025-11-25 14:37:15 | INFO | SL_PLACE_ORDER_CALLING | About to call broker.place_order for PNBHOUSING-EQ | symbol=PNBHOUSING-EQ | action=SELL | quantity=11 | candidate_price=881.45 | order_type=STOPLOSS-MARKET | product_type=INTRADAY
2025-11-25 14:37:15 | INFO | BUCKET_LTP_RESULT | Bucket LTP check complete | checked=1 | skipped=0 | bucket_number=0 | total_buckets=3
2025-11-25 14:37:15 | INFO | SL_PLACE_ORDER_SUCCESS | broker.place_order returned Order object for PNBHOUSING-EQ | symbol=PNBHOUSING-EQ | order_id=251125001073992 | order_type=Order
2025-11-25 14:37:16 | INFO | MONITOR_SLEEP | Sleeping for 20s (base=20s, consecutive_errors=0, monitoring_suspended=False)
2025-11-25 14:37:18 | INFO | ORDER_VERIFIED | Order 251125001073992 status: trigger pending
2025-11-25 14:37:18 | INFO | SL_ORDER_STATUS_CHECK | SL order placed, checking status for PNBHOUSING-EQ | order_id=251125001073992 | order_status=trigger pending | expected_statuses=['open', 'pending', 'trigger pending', 'after market order req received']
2025-11-25 14:37:18 | INFO | SL_ORDER_PLACED | SL order placed and verified for PNBHOUSING-EQ | order_id=251125001073992 | trigger_price=881.45 | product=INTRADAY | order_status=trigger pending
2025-11-25 14:37:18 | INFO | SL_RETRY_SUCCESS | Successfully placed SL for PNBHOUSING-EQ | order_id=251125001073992 | attempts=1 | remaining=0
2025-11-25 14:37:36 | INFO | SL_MISSING_DETECTED | SL order missing for BALKRISIND-EQ (retry thread will handle) | symbol=BALKRISIND-EQ | sl_price=2275.55 | retry_count=10
2025-11-25 14:37:36 | INFO | SL_MISSING_DETECTED | SL order missing for GODREJPROP-EQ (retry thread will handle) | symbol=GODREJPROP-EQ | sl_price=2077.05 | retry_count=10
2025-11-25 14:37:36 | INFO | BUCKET_LTP_CHECK | Checking bucket 1/3 | symbols=['IOC-EQ', 'M&M-EQ', 'UPL-EQ'] | count=3
2025-11-25 14:37:37 | INFO | BUCKET_LTP_RESULT | Bucket LTP check complete | checked=3 | skipped=0 | bucket_number=1 | total_buckets=3
2025-11-25 14:37:38 | INFO | MONITOR | Paper trades checked (next in 60s)
2025-11-25 14:37:38 | INFO | MONITOR_SLEEP | Sleeping for 20s (base=20s, consecutive_errors=0, monitoring_suspended=False)
2025-11-25 14:37:58 | INFO | SL_MISSING_DETECTED | SL order missing for BALKRISIND-EQ (retry thread will handle) | symbol=BALKRISIND-EQ | sl_price=2275.55 | retry_count=10
2025-11-25 14:37:58 | INFO | SL_MISSING_DETECTED | SL order missing for GODREJPROP-EQ (retry thread will handle) | symbol=GODREJPROP-EQ | sl_price=2077.05 | retry_count=10
2025-11-25 14:37:58 | INFO | BUCKET_LTP_CHECK | Checking bucket 2/3 | symbols=['CHAMBLFERT-EQ', 'BALKRISIND-EQ', 'GODREJPROP-EQ'] | count=3
2025-11-25 14:38:00 | INFO | BUCKET_LTP_RESULT | Bucket LTP check complete | checked=3 | skipped=0 | bucket_number=2 | total_buckets=3
2025-11-25 14:38:01 | INFO | MONITOR_SLEEP | Sleeping for 20s (base=20s, consecutive_errors=0, monitoring_suspended=False)
2025-11-25 14:38:21 | INFO | SL_MISSING_DETECTED | SL order missing for BALKRISIND-EQ (retry thread will handle) | symbol=BALKRISIND-EQ | sl_price=2275.55 | retry_count=10
2025-11-25 14:38:21 | INFO | SL_MISSING_DETECTED | SL order missing for GODREJPROP-EQ (retry thread will handle) | symbol=GODREJPROP-EQ | sl_price=2077.05 | retry_count=10
2025-11-25 14:38:21 | INFO | BUCKET_LTP_CHECK | Checking bucket 0/3 | symbols=['PNBHOUSING-EQ'] | count=1
2025-11-25 14:38:21 | INFO | BUCKET_LTP_RESULT | Bucket LTP check complete | checked=1 | skipped=0 | bucket_number=0 | total_buckets=3
2025-11-25 14:38:23 | INFO | MONITOR_SLEEP | Sleeping for 20s (base=20s, consecutive_errors=0, monitoring_suspended=False)
2025-11-25 14:38:43 | INFO | SL_MISSING_DETECTED | SL order missing for BALKRISIND-EQ (retry thread will handle) | symbol=BALKRISIND-EQ | sl_price=2275.55 | retry_count=10
2025-11-25 14:38:43 | INFO | SL_MISSING_DETECTED | SL order missing for GODREJPROP-EQ (retry thread will handle) | symbol=GODREJPROP-EQ | sl_price=2077.05 | retry_count=10
2025-11-25 14:38:43 | INFO | BUCKET_LTP_CHECK | Checking bucket 1/3 | symbols=['IOC-EQ', 'M&M-EQ', 'UPL-EQ'] | count=3
2025-11-25 14:38:43 | INFO | BUCKET_LTP_RESULT | Bucket LTP check complete | checked=3 | skipped=0 | bucket_number=1 | total_buckets=3
2025-11-25 14:38:44 | INFO | MONITOR | Paper trades checked (next in 60s)
2025-11-25 14:38:44 | INFO | MONITOR_SLEEP | Sleeping for 20s (base=20s, consecutive_errors=0, monitoring_suspended=False)
2025-11-25 14:39:04 | INFO | SL_MISSING_DETECTED | SL order missing for BALKRISIND-EQ (retry thread will handle) | symbol=BALKRISIND-EQ | sl_price=2275.55 | retry_count=10
2025-11-25 14:39:04 | INFO | SL_MISSING_DETECTED | SL order missing for GODREJPROP-EQ (retry thread will handle) | symbol=GODREJPROP-EQ | sl_price=2077.05 | retry_count=10
2025-11-25 14:39:04 | INFO | BUCKET_LTP_CHECK | Checking bucket 2/3 | symbols=['CHAMBLFERT-EQ', 'BALKRISIND-EQ', 'GODREJPROP-EQ'] | count=3
2025-11-25 14:39:05 | INFO | BUCKET_LTP_RESULT | Bucket LTP check complete | checked=3 | skipped=0 | bucket_number=2 | total_buckets=3
2025-11-25 14:39:06 | INFO | MONITOR_SLEEP | Sleeping for 20s (base=20s, consecutive_errors=0, monitoring_suspended=False)
2025-11-25 14:39:26 | INFO | SL_MISSING_DETECTED | SL order missing for BALKRISIND-EQ (retry thread will handle) | symbol=BALKRISIND-EQ | sl_price=2275.55 | retry_count=10
2025-11-25 14:39:26 | INFO | SL_MISSING_DETECTED | SL order missing for GODREJPROP-EQ (retry thread will handle) | symbol=GODREJPROP-EQ | sl_price=2077.05 | retry_count=10
2025-11-25 14:39:26 | INFO | BUCKET_LTP_CHECK | Checking bucket 0/3 | symbols=['PNBHOUSING-EQ'] | count=1
2025-11-25 14:39:27 | INFO | BUCKET_LTP_RESULT | Bucket LTP check complete | checked=1 | skipped=0 | bucket_number=0 | total_buckets=3
2025-11-25 14:39:28 | INFO | MONITOR_SLEEP | Sleeping for 20s (base=20s, consecutive_errors=0, monitoring_suspended=False)
2025-11-25 14:39:48 | INFO | SL_MISSING_DETECTED | SL order missing for BALKRISIND-EQ (retry thread will handle) | symbol=BALKRISIND-EQ | sl_price=2275.55 | retry_count=10
2025-11-25 14:39:48 | INFO | SL_MISSING_DETECTED | SL order missing for GODREJPROP-EQ (retry thread will handle) | symbol=GODREJPROP-EQ | sl_price=2077.05 | retry_count=10
2025-11-25 14:39:48 | INFO | BUCKET_LTP_CHECK | Checking bucket 1/3 | symbols=['IOC-EQ', 'M&M-EQ', 'UPL-EQ'] | count=3
2025-11-25 14:39:48 | INFO | BUCKET_LTP_RESULT | Bucket LTP check complete | checked=3 | skipped=0 | bucket_number=1 | total_buckets=3
2025-11-25 14:39:50 | INFO | MONITOR | Paper trades checked (next in 60s)
2025-11-25 14:39:50 | INFO | MONITOR_SLEEP | Sleeping for 20s (base=20s, consecutive_errors=0, monitoring_suspended=False)
2025-11-25 14:40:10 | INFO | SL_MISSING_DETECTED | SL order missing for BALKRISIND-EQ (retry thread will handle) | symbol=BALKRISIND-EQ | sl_price=2275.55 | retry_count=10
2025-11-25 14:40:10 | INFO | SL_MISSING_DETECTED | SL order missing for GODREJPROP-EQ (retry thread will handle) | symbol=GODREJPROP-EQ | sl_price=2077.05 | retry_count=10
2025-11-25 14:40:10 | INFO | BUCKET_LTP_CHECK | Checking bucket 2/3 | symbols=['CHAMBLFERT-EQ', 'BALKRISIND-EQ', 'GODREJPROP-EQ'] | count=3
2025-11-25 14:40:10 | INFO | BUCKET_LTP_RESULT | Bucket LTP check complete | checked=3 | skipped=0 | bucket_number=2 | total_buckets=3
2025-11-25 14:40:11 | INFO | MONITOR_SLEEP | Sleeping for 20s (base=20s, consecutive_errors=0, monitoring_suspended=False)
2025-11-25 14:40:31 | INFO | SL_MISSING_DETECTED | SL order missing for BALKRISIND-EQ (retry thread will handle) | symbol=BALKRISIND-EQ | sl_price=2275.55 | retry_count=10
2025-11-25 14:40:31 | INFO | SL_MISSING_DETECTED | SL order missing for GODREJPROP-EQ (retry thread will handle) | symbol=GODREJPROP-EQ | sl_price=2077.05 | retry_count=10
2025-11-25 14:40:31 | INFO | BUCKET_LTP_CHECK | Checking bucket 0/3 | symbols=['PNBHOUSING-EQ'] | count=1
2025-11-25 14:40:32 | INFO | BUCKET_LTP_RESULT | Bucket LTP check complete | checked=1 | skipped=0 | bucket_number=0 | total_buckets=3
2025-11-25 14:40:33 | INFO | MONITOR_SLEEP | Sleeping for 20s (base=20s, consecutive_errors=0, monitoring_suspended=False)
2025-11-25 14:40:53 | INFO | SL_MISSING_DETECTED | SL order missing for BALKRISIND-EQ (retry thread will handle) | symbol=BALKRISIND-EQ | sl_price=2275.55 | retry_count=10
2025-11-25 14:40:53 | INFO | SL_MISSING_DETECTED | SL order missing for GODREJPROP-EQ (retry thread will handle) | symbol=GODREJPROP-EQ | sl_price=2077.05 | retry_count=10
2025-11-25 14:40:53 | INFO | BUCKET_LTP_CHECK | Checking bucket 1/3 | symbols=['IOC-EQ', 'M&M-EQ', 'UPL-EQ'] | count=3
2025-11-25 14:40:54 | INFO | BUCKET_LTP_RESULT | Bucket LTP check complete | checked=3 | skipped=0 | bucket_number=1 | total_buckets=3
2025-11-25 14:40:55 | INFO | MONITOR | Paper trades checked (next in 60s)
2025-11-25 14:40:55 | INFO | MONITOR_SLEEP | Sleeping for 20s (base=20s, consecutive_errors=0, monitoring_suspended=False)
2025-11-25 14:41:15 | INFO | SL_MISSING_DETECTED | SL order missing for BALKRISIND-EQ (retry thread will handle) | symbol=BALKRISIND-EQ | sl_price=2275.55 | retry_count=10
2025-11-25 14:41:15 | INFO | SL_MISSING_DETECTED | SL order missing for GODREJPROP-EQ (retry thread will handle) | symbol=GODREJPROP-EQ | sl_price=2077.05 | retry_count=10
2025-11-25 14:41:15 | INFO | BUCKET_LTP_CHECK | Checking bucket 2/3 | symbols=['CHAMBLFERT-EQ', 'BALKRISIND-EQ', 'GODREJPROP-EQ'] | count=3
2025-11-25 14:41:16 | INFO | BUCKET_LTP_RESULT | Bucket LTP check complete | checked=3 | skipped=0 | bucket_number=2 | total_buckets=3
2025-11-25 14:41:17 | INFO | MONITOR_SLEEP | Sleeping for 20s (base=20s, consecutive_errors=0, monitoring_suspended=False)
2025-11-25 14:41:37 | INFO | SL_MISSING_DETECTED | SL order missing for BALKRISIND-EQ (retry thread will handle) | symbol=BALKRISIND-EQ | sl_price=2275.55 | retry_count=10
2025-11-25 14:41:37 | INFO | SL_MISSING_DETECTED | SL order missing for GODREJPROP-EQ (retry thread will handle) | symbol=GODREJPROP-EQ | sl_price=2077.05 | retry_count=10
2025-11-25 14:41:37 | INFO | BUCKET_LTP_CHECK | Checking bucket 0/3 | symbols=['PNBHOUSING-EQ'] | count=1
2025-11-25 14:41:37 | INFO | BUCKET_LTP_RESULT | Bucket LTP check complete | checked=1 | skipped=0 | bucket_number=0 | total_buckets=3
2025-11-25 14:41:38 | INFO | MONITOR_SLEEP | Sleeping for 20s (base=20s, consecutive_errors=0, monitoring_suspended=False)
2025-11-25 14:41:58 | INFO | SL_MISSING_DETECTED | SL order missing for BALKRISIND-EQ (retry thread will handle) | symbol=BALKRISIND-EQ | sl_price=2275.55 | retry_count=10
2025-11-25 14:41:58 | INFO | SL_MISSING_DETECTED | SL order missing for GODREJPROP-EQ (retry thread will handle) | symbol=GODREJPROP-EQ | sl_price=2077.05 | retry_count=10
2025-11-25 14:41:58 | INFO | BUCKET_LTP_CHECK | Checking bucket 1/3 | symbols=['IOC-EQ', 'M&M-EQ', 'UPL-EQ'] | count=3
2025-11-25 14:41:59 | INFO | BUCKET_LTP_RESULT | Bucket LTP check complete | checked=3 | skipped=0 | bucket_number=1 | total_buckets=3
2025-11-25 14:42:00 | INFO | MONITOR | Paper trades checked (next in 60s)
2025-11-25 14:42:00 | INFO | MONITOR_SLEEP | Sleeping for 20s (base=20s, consecutive_errors=0, monitoring_suspended=False)
2025-11-25 14:42:20 | INFO | SL_MISSING_DETECTED | SL order missing for BALKRISIND-EQ (retry thread will handle) | symbol=BALKRISIND-EQ | sl_price=2275.55 | retry_count=10
2025-11-25 14:42:20 | INFO | SL_MISSING_DETECTED | SL order missing for GODREJPROP-EQ (retry thread will handle) | symbol=GODREJPROP-EQ | sl_price=2077.05 | retry_count=10
2025-11-25 14:42:20 | INFO | BUCKET_LTP_CHECK | Checking bucket 2/3 | symbols=['CHAMBLFERT-EQ', 'BALKRISIND-EQ', 'GODREJPROP-EQ'] | count=3
2025-11-25 14:42:21 | INFO | BUCKET_LTP_RESULT | Bucket LTP check complete | checked=3 | skipped=0 | bucket_number=2 | total_buckets=3
2025-11-25 14:42:22 | INFO | MONITOR_SLEEP | Sleeping for 20s (base=20s, consecutive_errors=0, monitoring_suspended=False)
2025-11-25 14:42:42 | INFO | SL_MISSING_DETECTED | SL order missing for BALKRISIND-EQ (retry thread will handle) | symbol=BALKRISIND-EQ | sl_price=2275.55 | retry_count=10
2025-11-25 14:42:42 | INFO | SL_MISSING_DETECTED | SL order missing for GODREJPROP-EQ (retry thread will handle) | symbol=GODREJPROP-EQ | sl_price=2077.05 | retry_count=10
2025-11-25 14:42:42 | INFO | BUCKET_LTP_CHECK | Checking bucket 0/3 | symbols=['PNBHOUSING-EQ'] | count=1
2025-11-25 14:42:42 | INFO | BUCKET_LTP_RESULT | Bucket LTP check complete | checked=1 | skipped=0 | bucket_number=0 | total_buckets=3
2025-11-25 14:42:43 | INFO | MONITOR_SLEEP | Sleeping for 20s (base=20s, consecutive_errors=0, monitoring_suspended=False)
2025-11-25 14:43:03 | INFO | SL_MISSING_DETECTED | SL order missing for BALKRISIND-EQ (retry thread will handle) | symbol=BALKRISIND-EQ | sl_price=2275.55 | retry_count=10
2025-11-25 14:43:03 | INFO | SL_MISSING_DETECTED | SL order missing for GODREJPROP-EQ (retry thread will handle) | symbol=GODREJPROP-EQ | sl_price=2077.05 | retry_count=10
2025-11-25 14:43:03 | INFO | BUCKET_LTP_CHECK | Checking bucket 1/3 | symbols=['IOC-EQ', 'M&M-EQ', 'UPL-EQ'] | count=3
2025-11-25 14:43:04 | INFO | BUCKET_LTP_RESULT | Bucket LTP check complete | checked=3 | skipped=0 | bucket_number=1 | total_buckets=3
2025-11-25 14:43:05 | INFO | MONITOR | Paper trades checked (next in 60s)
2025-11-25 14:43:05 | INFO | MONITOR_SLEEP | Sleeping for 20s (base=20s, consecutive_errors=0, monitoring_suspended=False)
2025-11-25 14:43:25 | INFO | SL_MISSING_DETECTED | SL order missing for BALKRISIND-EQ (retry thread will handle) | symbol=BALKRISIND-EQ | sl_price=2275.55 | retry_count=10
2025-11-25 14:43:25 | INFO | SL_MISSING_DETECTED | SL order missing for GODREJPROP-EQ (retry thread will handle) | symbol=GODREJPROP-EQ | sl_price=2077.05 | retry_count=10
2025-11-25 14:43:25 | INFO | BUCKET_LTP_CHECK | Checking bucket 2/3 | symbols=['CHAMBLFERT-EQ', 'BALKRISIND-EQ', 'GODREJPROP-EQ'] | count=3
2025-11-25 14:43:26 | INFO | BUCKET_LTP_RESULT | Bucket LTP check complete | checked=3 | skipped=0 | bucket_number=2 | total_buckets=3
2025-11-25 14:43:27 | INFO | MONITOR_SLEEP | Sleeping for 20s (base=20s, consecutive_errors=0, monitoring_suspended=False)
2025-11-25 14:43:47 | INFO | SL_MISSING_DETECTED | SL order missing for BALKRISIND-EQ (retry thread will handle) | symbol=BALKRISIND-EQ | sl_price=2275.55 | retry_count=10
2025-11-25 14:43:47 | INFO | SL_MISSING_DETECTED | SL order missing for GODREJPROP-EQ (retry thread will handle) | symbol=GODREJPROP-EQ | sl_price=2077.05 | retry_count=10
2025-11-25 14:43:47 | INFO | BUCKET_LTP_CHECK | Checking bucket 0/3 | symbols=['PNBHOUSING-EQ'] | count=1
2025-11-25 14:43:47 | INFO | BUCKET_LTP_RESULT | Bucket LTP check complete | checked=1 | skipped=0 | bucket_number=0 | total_buckets=3
2025-11-25 14:43:49 | INFO | MONITOR_SLEEP | Sleeping for 20s (base=20s, consecutive_errors=0, monitoring_suspended=False)
2025-11-25 14:44:09 | INFO | SL_MISSING_DETECTED | SL order missing for BALKRISIND-EQ (retry thread will handle) | symbol=BALKRISIND-EQ | sl_price=2275.55 | retry_count=10
2025-11-25 14:44:09 | INFO | SL_MISSING_DETECTED | SL order missing for GODREJPROP-EQ (retry thread will handle) | symbol=GODREJPROP-EQ | sl_price=2077.05 | retry_count=10
2025-11-25 14:44:09 | INFO | BUCKET_LTP_CHECK | Checking bucket 1/3 | symbols=['IOC-EQ', 'M&M-EQ', 'UPL-EQ'] | count=3
2025-11-25 14:44:09 | INFO | BUCKET_LTP_RESULT | Bucket LTP check complete | checked=3 | skipped=0 | bucket_number=1 | total_buckets=3
2025-11-25 14:44:10 | INFO | MONITOR | Paper trades checked (next in 60s)
2025-11-25 14:44:10 | INFO | MONITOR_SLEEP | Sleeping for 20s (base=20s, consecutive_errors=0, monitoring_suspended=False)
2025-11-25 14:44:30 | INFO | SL_MISSING_DETECTED | SL order missing for BALKRISIND-EQ (retry thread will handle) | symbol=BALKRISIND-EQ | sl_price=2275.55 | retry_count=10
2025-11-25 14:44:30 | INFO | SL_MISSING_DETECTED | SL order missing for GODREJPROP-EQ (retry thread will handle) | symbol=GODREJPROP-EQ | sl_price=2077.05 | retry_count=10
2025-11-25 14:44:30 | INFO | BUCKET_LTP_CHECK | Checking bucket 2/3 | symbols=['CHAMBLFERT-EQ', 'BALKRISIND-EQ', 'GODREJPROP-EQ'] | count=3
2025-11-25 14:44:31 | INFO | BUCKET_LTP_RESULT | Bucket LTP check complete | checked=3 | skipped=0 | bucket_number=2 | total_buckets=3
2025-11-25 14:44:32 | INFO | MONITOR_SLEEP | Sleeping for 20s (base=20s, consecutive_errors=0, monitoring_suspended=False)
2025-11-25 14:44:52 | INFO | SL_MISSING_DETECTED | SL order missing for BALKRISIND-EQ (retry thread will handle) | symbol=BALKRISIND-EQ | sl_price=2275.55 | retry_count=10
2025-11-25 14:44:52 | INFO | SL_MISSING_DETECTED | SL order missing for GODREJPROP-EQ (retry thread will handle) | symbol=GODREJPROP-EQ | sl_price=2077.05 | retry_count=10
2025-11-25 14:44:52 | INFO | BUCKET_LTP_CHECK | Checking bucket 0/3 | symbols=['PNBHOUSING-EQ'] | count=1
2025-11-25 14:44:52 | INFO | BUCKET_LTP_RESULT | Bucket LTP check complete | checked=1 | skipped=0 | bucket_number=0 | total_buckets=3
2025-11-25 14:44:54 | INFO | MONITOR_SLEEP | Sleeping for 20s (base=20s, consecutive_errors=0, monitoring_suspended=False)
2025-11-25 14:45:14 | INFO | SL_MISSING_DETECTED | SL order missing for BALKRISIND-EQ (retry thread will handle) | symbol=BALKRISIND-EQ | sl_price=2275.55 | retry_count=10
2025-11-25 14:45:14 | INFO | SL_MISSING_DETECTED | SL order missing for GODREJPROP-EQ (retry thread will handle) | symbol=GODREJPROP-EQ | sl_price=2077.05 | retry_count=10
2025-11-25 14:45:14 | INFO | BUCKET_LTP_CHECK | Checking bucket 1/3 | symbols=['IOC-EQ', 'M&M-EQ', 'UPL-EQ'] | count=3
2025-11-25 14:45:14 | INFO | BUCKET_LTP_RESULT | Bucket LTP check complete | checked=3 | skipped=0 | bucket_number=1 | total_buckets=3
2025-11-25 14:45:16 | INFO | MONITOR | Paper trades checked (next in 60s)
2025-11-25 14:45:16 | INFO | MONITOR_SLEEP | Sleeping for 20s (base=20s, consecutive_errors=0, monitoring_suspended=False)
2025-11-25 14:45:36 | INFO | SL_MISSING_DETECTED | SL order missing for BALKRISIND-EQ (retry thread will handle) | symbol=BALKRISIND-EQ | sl_price=2275.55 | retry_count=10
2025-11-25 14:45:36 | INFO | SL_MISSING_DETECTED | SL order missing for GODREJPROP-EQ (retry thread will handle) | symbol=GODREJPROP-EQ | sl_price=2077.05 | retry_count=10
2025-11-25 14:45:36 | INFO | BUCKET_LTP_CHECK | Checking bucket 2/3 | symbols=['CHAMBLFERT-EQ', 'BALKRISIND-EQ', 'GODREJPROP-EQ'] | count=3
2025-11-25 14:45:36 | INFO | BUCKET_LTP_RESULT | Bucket LTP check complete | checked=3 | skipped=0 | bucket_number=2 | total_buckets=3
2025-11-25 14:45:38 | INFO | MONITOR_SLEEP | Sleeping for 20s (base=20s, consecutive_errors=0, monitoring_suspended=False)
2025-11-25 14:45:58 | INFO | SL_MISSING_DETECTED | SL order missing for BALKRISIND-EQ (retry thread will handle) | symbol=BALKRISIND-EQ | sl_price=2275.55 | retry_count=10
2025-11-25 14:45:58 | INFO | SL_MISSING_DETECTED | SL order missing for GODREJPROP-EQ (retry thread will handle) | symbol=GODREJPROP-EQ | sl_price=2077.05 | retry_count=10
2025-11-25 14:45:58 | INFO | BUCKET_LTP_CHECK | Checking bucket 0/3 | symbols=['PNBHOUSING-EQ'] | count=1
2025-11-25 14:45:58 | INFO | BUCKET_LTP_RESULT | Bucket LTP check complete | checked=1 | skipped=0 | bucket_number=0 | total_buckets=3
2025-11-25 14:45:59 | INFO | MONITOR_SLEEP | Sleeping for 20s (base=20s, consecutive_errors=0, monitoring_suspended=False)
2025-11-25 14:46:19 | INFO | SL_MISSING_DETECTED | SL order missing for BALKRISIND-EQ (retry thread will handle) | symbol=BALKRISIND-EQ | sl_price=2275.55 | retry_count=10
2025-11-25 14:46:19 | INFO | SL_MISSING_DETECTED | SL order missing for GODREJPROP-EQ (retry thread will handle) | symbol=GODREJPROP-EQ | sl_price=2077.05 | retry_count=10
2025-11-25 14:46:19 | INFO | BUCKET_LTP_CHECK | Checking bucket 1/3 | symbols=['IOC-EQ', 'M&M-EQ', 'UPL-EQ'] | count=3
2025-11-25 14:46:20 | INFO | BUCKET_LTP_RESULT | Bucket LTP check complete | checked=3 | skipped=0 | bucket_number=1 | total_buckets=3
2025-11-25 14:46:21 | INFO | MONITOR | Paper trades checked (next in 60s)
2025-11-25 14:46:21 | INFO | MONITOR_SLEEP | Sleeping for 20s (base=20s, consecutive_errors=0, monitoring_suspended=False)
2025-11-25 14:46:41 | INFO | SL_MISSING_DETECTED | SL order missing for BALKRISIND-EQ (retry thread will handle) | symbol=BALKRISIND-EQ | sl_price=2275.55 | retry_count=10
2025-11-25 14:46:41 | INFO | SL_MISSING_DETECTED | SL order missing for GODREJPROP-EQ (retry thread will handle) | symbol=GODREJPROP-EQ | sl_price=2077.05 | retry_count=10
2025-11-25 14:46:41 | INFO | BUCKET_LTP_CHECK | Checking bucket 2/3 | symbols=['CHAMBLFERT-EQ', 'BALKRISIND-EQ', 'GODREJPROP-EQ'] | count=3
2025-11-25 14:46:41 | INFO | BUCKET_LTP_RESULT | Bucket LTP check complete | checked=3 | skipped=0 | bucket_number=2 | total_buckets=3
2025-11-25 14:46:43 | INFO | MONITOR_SLEEP | Sleeping for 20s (base=20s, consecutive_errors=0, monitoring_suspended=False)
2025-11-25 14:47:03 | INFO | SL_MISSING_DETECTED | SL order missing for BALKRISIND-EQ (retry thread will handle) | symbol=BALKRISIND-EQ | sl_price=2275.55 | retry_count=10
2025-11-25 14:47:03 | INFO | SL_MISSING_DETECTED | SL order missing for GODREJPROP-EQ (retry thread will handle) | symbol=GODREJPROP-EQ | sl_price=2077.05 | retry_count=10
2025-11-25 14:47:03 | INFO | BUCKET_LTP_CHECK | Checking bucket 0/3 | symbols=['PNBHOUSING-EQ'] | count=1
2025-11-25 14:47:03 | INFO | BUCKET_LTP_RESULT | Bucket LTP check complete | checked=1 | skipped=0 | bucket_number=0 | total_buckets=3
2025-11-25 14:47:04 | INFO | MONITOR_SLEEP | Sleeping for 20s (base=20s, consecutive_errors=0, monitoring_suspended=False)
2025-11-25 14:47:24 | INFO | SL_MISSING_DETECTED | SL order missing for BALKRISIND-EQ (retry thread will handle) | symbol=BALKRISIND-EQ | sl_price=2275.55 | retry_count=10
2025-11-25 14:47:24 | INFO | SL_MISSING_DETECTED | SL order missing for GODREJPROP-EQ (retry thread will handle) | symbol=GODREJPROP-EQ | sl_price=2077.05 | retry_count=10
2025-11-25 14:47:24 | INFO | BUCKET_LTP_CHECK | Checking bucket 1/3 | symbols=['IOC-EQ', 'M&M-EQ', 'UPL-EQ'] | count=3
2025-11-25 14:47:25 | INFO | BUCKET_LTP_RESULT | Bucket LTP check complete | checked=3 | skipped=0 | bucket_number=1 | total_buckets=3
2025-11-25 14:47:26 | INFO | MONITOR | Paper trades checked (next in 60s)
2025-11-25 14:47:26 | INFO | MONITOR_SLEEP | Sleeping for 20s (base=20s, consecutive_errors=0, monitoring_suspended=False)
2025-11-25 14:47:46 | INFO | SL_MISSING_DETECTED | SL order missing for BALKRISIND-EQ (retry thread will handle) | symbol=BALKRISIND-EQ | sl_price=2275.55 | retry_count=10
2025-11-25 14:47:46 | INFO | SL_MISSING_DETECTED | SL order missing for GODREJPROP-EQ (retry thread will handle) | symbol=GODREJPROP-EQ | sl_price=2077.05 | retry_count=10
2025-11-25 14:47:46 | INFO | BUCKET_LTP_CHECK | Checking bucket 2/3 | symbols=['CHAMBLFERT-EQ', 'BALKRISIND-EQ', 'GODREJPROP-EQ'] | count=3
2025-11-25 14:47:47 | INFO | BUCKET_LTP_RESULT | Bucket LTP check complete | checked=3 | skipped=0 | bucket_number=2 | total_buckets=3
2025-11-25 14:47:48 | INFO | MONITOR_SLEEP | Sleeping for 20s (base=20s, consecutive_errors=0, monitoring_suspended=False)
2025-11-25 14:48:08 | INFO | SL_MISSING_DETECTED | SL order missing for BALKRISIND-EQ (retry thread will handle) | symbol=BALKRISIND-EQ | sl_price=2275.55 | retry_count=10
2025-11-25 14:48:08 | INFO | SL_MISSING_DETECTED | SL order missing for GODREJPROP-EQ (retry thread will handle) | symbol=GODREJPROP-EQ | sl_price=2077.05 | retry_count=10
2025-11-25 14:48:08 | INFO | BUCKET_LTP_CHECK | Checking bucket 0/3 | symbols=['PNBHOUSING-EQ'] | count=1
2025-11-25 14:48:08 | INFO | BUCKET_LTP_RESULT | Bucket LTP check complete | checked=1 | skipped=0 | bucket_number=0 | total_buckets=3
2025-11-25 14:48:09 | INFO | MONITOR_SLEEP | Sleeping for 20s (base=20s, consecutive_errors=0, monitoring_suspended=False)
2025-11-25 14:48:29 | INFO | SL_MISSING_DETECTED | SL order missing for BALKRISIND-EQ (retry thread will handle) | symbol=BALKRISIND-EQ | sl_price=2275.55 | retry_count=10
2025-11-25 14:48:29 | INFO | SL_MISSING_DETECTED | SL order missing for GODREJPROP-EQ (retry thread will handle) | symbol=GODREJPROP-EQ | sl_price=2077.05 | retry_count=10
2025-11-25 14:48:29 | INFO | BUCKET_LTP_CHECK | Checking bucket 1/3 | symbols=['IOC-EQ', 'M&M-EQ', 'UPL-EQ'] | count=3
2025-11-25 14:48:30 | INFO | BUCKET_LTP_RESULT | Bucket LTP check complete | checked=3 | skipped=0 | bucket_number=1 | total_buckets=3
2025-11-25 14:48:31 | INFO | MONITOR | Paper trades checked (next in 60s)
2025-11-25 14:48:31 | INFO | MONITOR_SLEEP | Sleeping for 20s (base=20s, consecutive_errors=0, monitoring_suspended=False)
2025-11-25 14:48:51 | INFO | SL_MISSING_DETECTED | SL order missing for BALKRISIND-EQ (retry thread will handle) | symbol=BALKRISIND-EQ | sl_price=2275.55 | retry_count=10
2025-11-25 14:48:51 | INFO | SL_MISSING_DETECTED | SL order missing for GODREJPROP-EQ (retry thread will handle) | symbol=GODREJPROP-EQ | sl_price=2077.05 | retry_count=10
2025-11-25 14:48:51 | INFO | BUCKET_LTP_CHECK | Checking bucket 2/3 | symbols=['CHAMBLFERT-EQ', 'BALKRISIND-EQ', 'GODREJPROP-EQ'] | count=3
2025-11-25 14:48:52 | INFO | BUCKET_LTP_RESULT | Bucket LTP check complete | checked=3 | skipped=0 | bucket_number=2 | total_buckets=3
2025-11-25 14:48:53 | INFO | MONITOR_SLEEP | Sleeping for 20s (base=20s, consecutive_errors=0, monitoring_suspended=False)
2025-11-25 14:49:13 | INFO | SL_MISSING_DETECTED | SL order missing for BALKRISIND-EQ (retry thread will handle) | symbol=BALKRISIND-EQ | sl_price=2275.55 | retry_count=10
2025-11-25 14:49:13 | INFO | SL_MISSING_DETECTED | SL order missing for GODREJPROP-EQ (retry thread will handle) | symbol=GODREJPROP-EQ | sl_price=2077.05 | retry_count=10
2025-11-25 14:49:13 | INFO | TRAIL_ACTIVATED | Trailing SL activated for GODREJPROP-EQ | symbol=GODREJPROP-EQ | profit_pct=0.565269461077853 | current_ltp=2099.3
2025-11-25 14:49:13 | INFO | TRAIL_SL_STEPPED | Trailing SL stepped up for GODREJPROP-EQ | symbol=GODREJPROP-EQ | step=1 | profit_pct=0.565269461077853 | old_sl=2077.05 | new_sl=2097.9375 | current_ltp=2099.3
2025-11-25 14:49:13 | INFO | BUCKET_LTP_CHECK | Checking bucket 0/3 | symbols=['PNBHOUSING-EQ'] | count=1
2025-11-25 14:49:13 | INFO | BUCKET_LTP_RESULT | Bucket LTP check complete | checked=1 | skipped=0 | bucket_number=0 | total_buckets=3
2025-11-25 14:49:14 | INFO | MONITOR_SLEEP | Sleeping for 20s (base=20s, consecutive_errors=0, monitoring_suspended=False)
2025-11-25 14:49:34 | INFO | SL_MISSING_DETECTED | SL order missing for BALKRISIND-EQ (retry thread will handle) | symbol=BALKRISIND-EQ | sl_price=2275.55 | retry_count=10
2025-11-25 14:49:34 | INFO | SL_MISSING_DETECTED | SL order missing for GODREJPROP-EQ (retry thread will handle) | symbol=GODREJPROP-EQ | sl_price=2077.05 | retry_count=10
2025-11-25 14:49:34 | INFO | BUCKET_LTP_CHECK | Checking bucket 1/3 | symbols=['IOC-EQ', 'M&M-EQ', 'UPL-EQ'] | count=3
2025-11-25 14:49:35 | INFO | BUCKET_LTP_RESULT | Bucket LTP check complete | checked=3 | skipped=0 | bucket_number=1 | total_buckets=3
2025-11-25 14:49:36 | INFO | MONITOR | Paper trades checked (next in 60s)
2025-11-25 14:49:36 | INFO | MONITOR_SLEEP | Sleeping for 20s (base=20s, consecutive_errors=0, monitoring_suspended=False)
2025-11-25 14:49:56 | INFO | SL_MISSING_DETECTED | SL order missing for BALKRISIND-EQ (retry thread will handle) | symbol=BALKRISIND-EQ | sl_price=2275.55 | retry_count=10
2025-11-25 14:49:56 | INFO | SL_MISSING_DETECTED | SL order missing for GODREJPROP-EQ (retry thread will handle) | symbol=GODREJPROP-EQ | sl_price=2077.05 | retry_count=10
2025-11-25 14:49:56 | INFO | BUCKET_LTP_CHECK | Checking bucket 2/3 | symbols=['CHAMBLFERT-EQ', 'BALKRISIND-EQ', 'GODREJPROP-EQ'] | count=3
2025-11-25 14:49:57 | INFO | BUCKET_LTP_RESULT | Bucket LTP check complete | checked=3 | skipped=0 | bucket_number=2 | total_buckets=3
2025-11-25 14:49:58 | INFO | MONITOR_SLEEP | Sleeping for 20s (base=20s, consecutive_errors=0, monitoring_suspended=False)
2025-11-25 14:50:18 | INFO | SL_MISSING_DETECTED | SL order missing for BALKRISIND-EQ (retry thread will handle) | symbol=BALKRISIND-EQ | sl_price=2275.55 | retry_count=10
2025-11-25 14:50:18 | INFO | SL_MISSING_DETECTED | SL order missing for GODREJPROP-EQ (retry thread will handle) | symbol=GODREJPROP-EQ | sl_price=2077.05 | retry_count=10
2025-11-25 14:50:18 | INFO | BUCKET_LTP_CHECK | Checking bucket 0/3 | symbols=['PNBHOUSING-EQ'] | count=1
2025-11-25 14:50:18 | INFO | BUCKET_LTP_RESULT | Bucket LTP check complete | checked=1 | skipped=0 | bucket_number=0 | total_buckets=3
2025-11-25 14:50:19 | INFO | MONITOR_SLEEP | Sleeping for 20s (base=20s, consecutive_errors=0, monitoring_suspended=False)
2025-11-25 14:50:39 | INFO | SL_MISSING_DETECTED | SL order missing for BALKRISIND-EQ (retry thread will handle) | symbol=BALKRISIND-EQ | sl_price=2275.55 | retry_count=10
2025-11-25 14:50:39 | INFO | SL_MISSING_DETECTED | SL order missing for GODREJPROP-EQ (retry thread will handle) | symbol=GODREJPROP-EQ | sl_price=2077.05 | retry_count=10
2025-11-25 14:50:39 | INFO | BUCKET_LTP_CHECK | Checking bucket 1/3 | symbols=['IOC-EQ', 'M&M-EQ', 'UPL-EQ'] | count=3
2025-11-25 14:50:40 | INFO | BUCKET_LTP_RESULT | Bucket LTP check complete | checked=3 | skipped=0 | bucket_number=1 | total_buckets=3
2025-11-25 14:50:41 | INFO | MONITOR | Paper trades checked (next in 60s)
2025-11-25 14:50:41 | INFO | MONITOR_SLEEP | Sleeping for 20s (base=20s, consecutive_errors=0, monitoring_suspended=False)
2025-11-25 14:51:01 | INFO | SL_MISSING_DETECTED | SL order missing for BALKRISIND-EQ (retry thread will handle) | symbol=BALKRISIND-EQ | sl_price=2275.55 | retry_count=10
2025-11-25 14:51:01 | INFO | SL_MISSING_DETECTED | SL order missing for GODREJPROP-EQ (retry thread will handle) | symbol=GODREJPROP-EQ | sl_price=2077.05 | retry_count=10
2025-11-25 14:51:01 | INFO | BUCKET_LTP_CHECK | Checking bucket 2/3 | symbols=['CHAMBLFERT-EQ', 'BALKRISIND-EQ', 'GODREJPROP-EQ'] | count=3
2025-11-25 14:51:02 | INFO | BUCKET_LTP_RESULT | Bucket LTP check complete | checked=3 | skipped=0 | bucket_number=2 | total_buckets=3
2025-11-25 14:51:03 | INFO | SL_HIT | 🛑 STOP LOSS HIT | GODREJPROP-EQ | Entry: ₹2087.50 | Exit: ₹2097.50 | SL: ₹2077.05 | PnL: ₹40.00 | symbol=GODREJPROP-EQ | exit_reason=SL_HIT | entry_price=2087.5 | exit_price=2097.5 | sl_price=2077.05 | quantity=4 | pnl=40.0 | pnl_percent=0.48 | charges=32.5 | trade_id=0 | duration_seconds=1079.998675 | duration_minutes=18.0
2025-11-25 14:51:03 | INFO | EXIT_BLOCKED | Cannot exit GODREJPROP-EQ: Pending SELL order already exists for GODREJPROP-EQ (Order ID: 251125001055394)
2025-11-25 14:51:03 | INFO | MONITOR_SLEEP | Sleeping for 20s (base=20s, consecutive_errors=0, monitoring_suspended=False)
2025-11-25 14:51:23 | INFO | SL_MISSING_DETECTED | SL order missing for BALKRISIND-EQ (retry thread will handle) | symbol=BALKRISIND-EQ | sl_price=2275.55 | retry_count=10
2025-11-25 14:51:23 | INFO | SL_MISSING_DETECTED | SL order missing for GODREJPROP-EQ (retry thread will handle) | symbol=GODREJPROP-EQ | sl_price=2077.05 | retry_count=10
2025-11-25 14:51:23 | INFO | SL_CHECK | Stop-loss hit for GODREJPROP-EQ (last_ltp: 2097.5, sl: 2077.05)
2025-11-25 14:51:23 | INFO | BUCKET_LTP_CHECK | Checking bucket 0/3 | symbols=['PNBHOUSING-EQ'] | count=1
2025-11-25 14:51:23 | INFO | BUCKET_LTP_RESULT | Bucket LTP check complete | checked=1 | skipped=0 | bucket_number=0 | total_buckets=3
2025-11-25 14:51:24 | INFO | SL_HIT | 🛑 STOP LOSS HIT | GODREJPROP-EQ | Entry: ₹2087.50 | Exit: ₹2097.50 | SL: ₹2077.05 | PnL: ₹40.00 | symbol=GODREJPROP-EQ | exit_reason=SL_HIT | entry_price=2087.5 | exit_price=2097.5 | sl_price=2077.05 | quantity=4 | pnl=40.0 | pnl_percent=0.48 | charges=32.5 | trade_id=0 | duration_seconds=1101.340496 | duration_minutes=18.4
2025-11-25 14:51:24 | INFO | EXIT_BLOCKED | Cannot exit GODREJPROP-EQ: Pending SELL order already exists for GODREJPROP-EQ (Order ID: 251125001055394)
2025-11-25 14:51:24 | INFO | MONITOR_SLEEP | Sleeping for 20s (base=20s, consecutive_errors=0, monitoring_suspended=False)
2025-11-25 14:51:44 | INFO | SL_MISSING_DETECTED | SL order missing for BALKRISIND-EQ (retry thread will handle) | symbol=BALKRISIND-EQ | sl_price=2275.55 | retry_count=10
2025-11-25 14:51:44 | INFO | SL_MISSING_DETECTED | SL order missing for GODREJPROP-EQ (retry thread will handle) | symbol=GODREJPROP-EQ | sl_price=2077.05 | retry_count=10
2025-11-25 14:51:44 | INFO | SL_CHECK | Stop-loss hit for GODREJPROP-EQ (last_ltp: 2097.5, sl: 2077.05)
2025-11-25 14:51:44 | INFO | BUCKET_LTP_CHECK | Checking bucket 1/3 | symbols=['IOC-EQ', 'M&M-EQ', 'UPL-EQ'] | count=3
2025-11-25 14:51:45 | INFO | BUCKET_LTP_RESULT | Bucket LTP check complete | checked=3 | skipped=0 | bucket_number=1 | total_buckets=3
2025-11-25 14:51:46 | INFO | SL_HIT | 🛑 STOP LOSS HIT | GODREJPROP-EQ | Entry: ₹2087.50 | Exit: ₹2097.50 | SL: ₹2077.05 | PnL: ₹40.00 | symbol=GODREJPROP-EQ | exit_reason=SL_HIT | entry_price=2087.5 | exit_price=2097.5 | sl_price=2077.05 | quantity=4 | pnl=40.0 | pnl_percent=0.48 | charges=32.5 | trade_id=0 | duration_seconds=1123.197087 | duration_minutes=18.7
2025-11-25 14:51:46 | INFO | EXIT_BLOCKED | Cannot exit GODREJPROP-EQ: Pending SELL order already exists for GODREJPROP-EQ (Order ID: 251125001055394)
2025-11-25 14:51:46 | INFO | MONITOR | Paper trades checked (next in 60s)
2025-11-25 14:51:46 | INFO | MONITOR_SLEEP | Sleeping for 20s (base=20s, consecutive_errors=0, monitoring_suspended=False)
2025-11-25 14:52:06 | INFO | SL_MISSING_DETECTED | SL order missing for BALKRISIND-EQ (retry thread will handle) | symbol=BALKRISIND-EQ | sl_price=2275.55 | retry_count=10
2025-11-25 14:52:06 | INFO | SL_MISSING_DETECTED | SL order missing for GODREJPROP-EQ (retry thread will handle) | symbol=GODREJPROP-EQ | sl_price=2077.05 | retry_count=10
2025-11-25 14:52:06 | INFO | SL_CHECK | Stop-loss hit for GODREJPROP-EQ (last_ltp: 2097.5, sl: 2077.05)
2025-11-25 14:52:06 | INFO | BUCKET_LTP_CHECK | Checking bucket 2/3 | symbols=['CHAMBLFERT-EQ', 'BALKRISIND-EQ', 'GODREJPROP-EQ'] | count=3
2025-11-25 14:52:07 | INFO | BUCKET_LTP_RESULT | Bucket LTP check complete | checked=3 | skipped=0 | bucket_number=2 | total_buckets=3
2025-11-25 14:52:08 | INFO | SL_HIT | 🛑 STOP LOSS HIT | GODREJPROP-EQ | Entry: ₹2087.50 | Exit: ₹2094.50 | SL: ₹2077.05 | PnL: ₹28.00 | symbol=GODREJPROP-EQ | exit_reason=SL_HIT | entry_price=2087.5 | exit_price=2094.5 | sl_price=2077.05 | quantity=4 | pnl=28.0 | pnl_percent=0.34 | charges=32.5 | trade_id=0 | duration_seconds=1145.083783 | duration_minutes=19.1
2025-11-25 14:52:08 | INFO | EXIT_BLOCKED | Cannot exit GODREJPROP-EQ: Pending SELL order already exists for GODREJPROP-EQ (Order ID: 251125001055394)
2025-11-25 14:52:08 | INFO | MONITOR_SLEEP | Sleeping for 20s (base=20s, consecutive_errors=0, monitoring_suspended=False)
2025-11-25 14:52:28 | INFO | SL_MISSING_DETECTED | SL order missing for BALKRISIND-EQ (retry thread will handle) | symbol=BALKRISIND-EQ | sl_price=2275.55 | retry_count=10
2025-11-25 14:52:28 | INFO | SL_MISSING_DETECTED | SL order missing for GODREJPROP-EQ (retry thread will handle) | symbol=GODREJPROP-EQ | sl_price=2077.05 | retry_count=10
2025-11-25 14:52:28 | INFO | SL_CHECK | Stop-loss hit for GODREJPROP-EQ (last_ltp: 2094.5, sl: 2077.05)
2025-11-25 14:52:28 | INFO | BUCKET_LTP_CHECK | Checking bucket 0/3 | symbols=['PNBHOUSING-EQ'] | count=1
2025-11-25 14:52:28 | INFO | BUCKET_LTP_RESULT | Bucket LTP check complete | checked=1 | skipped=0 | bucket_number=0 | total_buckets=3
2025-11-25 14:52:29 | INFO | SL_HIT | 🛑 STOP LOSS HIT | GODREJPROP-EQ | Entry: ₹2087.50 | Exit: ₹2094.50 | SL: ₹2077.05 | PnL: ₹28.00 | symbol=GODREJPROP-EQ | exit_reason=SL_HIT | entry_price=2087.5 | exit_price=2094.5 | sl_price=2077.05 | quantity=4 | pnl=28.0 | pnl_percent=0.34 | charges=32.5 | trade_id=0 | duration_seconds=1166.416862 | duration_minutes=19.4
2025-11-25 14:52:29 | INFO | EXIT_BLOCKED | Cannot exit GODREJPROP-EQ: Pending SELL order already exists for GODREJPROP-EQ (Order ID: 251125001055394)
2025-11-25 14:52:29 | INFO | MONITOR_SLEEP | Sleeping for 20s (base=20s, consecutive_errors=0, monitoring_suspended=False)
2025-11-25 14:52:49 | INFO | SL_MISSING_DETECTED | SL order missing for BALKRISIND-EQ (retry thread will handle) | symbol=BALKRISIND-EQ | sl_price=2275.55 | retry_count=10
2025-11-25 14:52:49 | INFO | SL_MISSING_DETECTED | SL order missing for GODREJPROP-EQ (retry thread will handle) | symbol=GODREJPROP-EQ | sl_price=2077.05 | retry_count=10
2025-11-25 14:52:49 | INFO | SL_CHECK | Stop-loss hit for GODREJPROP-EQ (last_ltp: 2094.5, sl: 2077.05)
2025-11-25 14:52:49 | INFO | BUCKET_LTP_CHECK | Checking bucket 1/3 | symbols=['IOC-EQ', 'M&M-EQ', 'UPL-EQ'] | count=3
2025-11-25 14:52:50 | INFO | BUCKET_LTP_RESULT | Bucket LTP check complete | checked=3 | skipped=0 | bucket_number=1 | total_buckets=3
2025-11-25 14:52:51 | INFO | SL_HIT | 🛑 STOP LOSS HIT | GODREJPROP-EQ | Entry: ₹2087.50 | Exit: ₹2094.50 | SL: ₹2077.05 | PnL: ₹28.00 | symbol=GODREJPROP-EQ | exit_reason=SL_HIT | entry_price=2087.5 | exit_price=2094.5 | sl_price=2077.05 | quantity=4 | pnl=28.0 | pnl_percent=0.34 | charges=32.5 | trade_id=0 | duration_seconds=1188.333886 | duration_minutes=19.8
2025-11-25 14:52:51 | INFO | EXIT_BLOCKED | Cannot exit GODREJPROP-EQ: Pending SELL order already exists for GODREJPROP-EQ (Order ID: 251125001055394)
2025-11-25 14:52:51 | INFO | MONITOR | Paper trades checked (next in 60s)
2025-11-25 14:52:51 | INFO | MONITOR_SLEEP | Sleeping for 20s (base=20s, consecutive_errors=0, monitoring_suspended=False)
2025-11-25 14:53:11 | INFO | SL_MISSING_DETECTED | SL order missing for BALKRISIND-EQ (retry thread will handle) | symbol=BALKRISIND-EQ | sl_price=2275.55 | retry_count=10
2025-11-25 14:53:11 | INFO | SL_MISSING_DETECTED | SL order missing for GODREJPROP-EQ (retry thread will handle) | symbol=GODREJPROP-EQ | sl_price=2077.05 | retry_count=10
2025-11-25 14:53:11 | INFO | SL_CHECK | Stop-loss hit for GODREJPROP-EQ (last_ltp: 2094.5, sl: 2077.05)
2025-11-25 14:53:11 | INFO | BUCKET_LTP_CHECK | Checking bucket 2/3 | symbols=['CHAMBLFERT-EQ', 'BALKRISIND-EQ', 'GODREJPROP-EQ'] | count=3
2025-11-25 14:53:12 | INFO | BUCKET_LTP_RESULT | Bucket LTP check complete | checked=3 | skipped=0 | bucket_number=2 | total_buckets=3
2025-11-25 14:53:13 | INFO | SL_HIT | 🛑 STOP LOSS HIT | GODREJPROP-EQ | Entry: ₹2087.50 | Exit: ₹2095.30 | SL: ₹2077.05 | PnL: ₹31.20 | symbol=GODREJPROP-EQ | exit_reason=SL_HIT | entry_price=2087.5 | exit_price=2095.3 | sl_price=2077.05 | quantity=4 | pnl=31.2 | pnl_percent=0.37 | charges=32.5 | trade_id=0 | duration_seconds=1210.220664 | duration_minutes=20.2
2025-11-25 14:53:13 | INFO | EXIT_BLOCKED | Cannot exit GODREJPROP-EQ: Pending SELL order already exists for GODREJPROP-EQ (Order ID: 251125001055394)
2025-11-25 14:53:13 | INFO | MONITOR_SLEEP | Sleeping for 20s (base=20s, consecutive_errors=0, monitoring_suspended=False)
2025-11-25 14:53:33 | INFO | SL_MISSING_DETECTED | SL order missing for BALKRISIND-EQ (retry thread will handle) | symbol=BALKRISIND-EQ | sl_price=2275.55 | retry_count=10
2025-11-25 14:53:33 | INFO | SL_MISSING_DETECTED | SL order missing for GODREJPROP-EQ (retry thread will handle) | symbol=GODREJPROP-EQ | sl_price=2077.05 | retry_count=10
2025-11-25 14:53:33 | INFO | SL_CHECK | Stop-loss hit for GODREJPROP-EQ (last_ltp: 2095.3, sl: 2077.05)
2025-11-25 14:53:33 | INFO | BUCKET_LTP_CHECK | Checking bucket 0/3 | symbols=['PNBHOUSING-EQ'] | count=1
2025-11-25 14:53:33 | INFO | BUCKET_LTP_RESULT | Bucket LTP check complete | checked=1 | skipped=0 | bucket_number=0 | total_buckets=3
2025-11-25 14:53:34 | INFO | SL_HIT | 🛑 STOP LOSS HIT | GODREJPROP-EQ | Entry: ₹2087.50 | Exit: ₹2095.30 | SL: ₹2077.05 | PnL: ₹31.20 | symbol=GODREJPROP-EQ | exit_reason=SL_HIT | entry_price=2087.5 | exit_price=2095.3 | sl_price=2077.05 | quantity=4 | pnl=31.2 | pnl_percent=0.37 | charges=32.5 | trade_id=0 | duration_seconds=1231.540214 | duration_minutes=20.5
2025-11-25 14:53:34 | INFO | EXIT_BLOCKED | Cannot exit GODREJPROP-EQ: Pending SELL order already exists for GODREJPROP-EQ (Order ID: 251125001055394)
2025-11-25 14:53:35 | INFO | MONITOR_SLEEP | Sleeping for 20s (base=20s, consecutive_errors=0, monitoring_suspended=False)
2025-11-25 14:53:55 | INFO | SL_MISSING_DETECTED | SL order missing for BALKRISIND-EQ (retry thread will handle) | symbol=BALKRISIND-EQ | sl_price=2275.55 | retry_count=10
2025-11-25 14:53:55 | INFO | SL_MISSING_DETECTED | SL order missing for GODREJPROP-EQ (retry thread will handle) | symbol=GODREJPROP-EQ | sl_price=2077.05 | retry_count=10
2025-11-25 14:53:55 | INFO | SL_CHECK | Stop-loss hit for GODREJPROP-EQ (last_ltp: 2095.3, sl: 2077.05)
2025-11-25 14:53:55 | INFO | BUCKET_LTP_CHECK | Checking bucket 1/3 | symbols=['IOC-EQ', 'M&M-EQ', 'UPL-EQ'] | count=3
2025-11-25 14:53:55 | INFO | BUCKET_LTP_RESULT | Bucket LTP check complete | checked=3 | skipped=0 | bucket_number=1 | total_buckets=3
2025-11-25 14:53:56 | INFO | SL_HIT | 🛑 STOP LOSS HIT | GODREJPROP-EQ | Entry: ₹2087.50 | Exit: ₹2095.30 | SL: ₹2077.05 | PnL: ₹31.20 | symbol=GODREJPROP-EQ | exit_reason=SL_HIT | entry_price=2087.5 | exit_price=2095.3 | sl_price=2077.05 | quantity=4 | pnl=31.2 | pnl_percent=0.37 | charges=32.5 | trade_id=0 | duration_seconds=1253.45736 | duration_minutes=20.9
2025-11-25 14:53:56 | INFO | EXIT_BLOCKED | Cannot exit GODREJPROP-EQ: Pending SELL order already exists for GODREJPROP-EQ (Order ID: 251125001055394)
2025-11-25 14:53:57 | INFO | MONITOR | Paper trades checked (next in 60s)
2025-11-25 14:53:57 | INFO | MONITOR_SLEEP | Sleeping for 20s (base=20s, consecutive_errors=0, monitoring_suspended=False)
2025-11-25 14:54:17 | INFO | SL_MISSING_DETECTED | SL order missing for BALKRISIND-EQ (retry thread will handle) | symbol=BALKRISIND-EQ | sl_price=2275.55 | retry_count=10
2025-11-25 14:54:17 | INFO | SL_MISSING_DETECTED | SL order missing for GODREJPROP-EQ (retry thread will handle) | symbol=GODREJPROP-EQ | sl_price=2077.05 | retry_count=10
2025-11-25 14:54:17 | INFO | SL_CHECK | Stop-loss hit for GODREJPROP-EQ (last_ltp: 2095.3, sl: 2077.05)
2025-11-25 14:54:17 | INFO | BUCKET_LTP_CHECK | Checking bucket 2/3 | symbols=['CHAMBLFERT-EQ', 'BALKRISIND-EQ', 'GODREJPROP-EQ'] | count=3
2025-11-25 14:54:17 | INFO | BUCKET_LTP_RESULT | Bucket LTP check complete | checked=3 | skipped=0 | bucket_number=2 | total_buckets=3
2025-11-25 14:54:18 | INFO | SL_HIT | 🛑 STOP LOSS HIT | GODREJPROP-EQ | Entry: ₹2087.50 | Exit: ₹2095.60 | SL: ₹2077.05 | PnL: ₹32.40 | symbol=GODREJPROP-EQ | exit_reason=SL_HIT | entry_price=2087.5 | exit_price=2095.6 | sl_price=2077.05 | quantity=4 | pnl=32.4 | pnl_percent=0.39 | charges=32.5 | trade_id=0 | duration_seconds=1275.324207 | duration_minutes=21.3
2025-11-25 14:54:18 | INFO | EXIT_BLOCKED | Cannot exit GODREJPROP-EQ: Pending SELL order already exists for GODREJPROP-EQ (Order ID: 251125001055394)
2025-11-25 14:54:18 | INFO | MONITOR_SLEEP | Sleeping for 20s (base=20s, consecutive_errors=0, monitoring_suspended=False)
2025-11-25 14:54:38 | INFO | SL_MISSING_DETECTED | SL order missing for BALKRISIND-EQ (retry thread will handle) | symbol=BALKRISIND-EQ | sl_price=2275.55 | retry_count=10
2025-11-25 14:54:38 | INFO | SL_MISSING_DETECTED | SL order missing for GODREJPROP-EQ (retry thread will handle) | symbol=GODREJPROP-EQ | sl_price=2077.05 | retry_count=10
2025-11-25 14:54:38 | INFO | SL_CHECK | Stop-loss hit for GODREJPROP-EQ (last_ltp: 2095.6, sl: 2077.05)
2025-11-25 14:54:38 | INFO | BUCKET_LTP_CHECK | Checking bucket 0/3 | symbols=['PNBHOUSING-EQ'] | count=1
2025-11-25 14:54:38 | INFO | BUCKET_LTP_RESULT | Bucket LTP check complete | checked=1 | skipped=0 | bucket_number=0 | total_buckets=3
2025-11-25 14:54:39 | INFO | SL_HIT | 🛑 STOP LOSS HIT | GODREJPROP-EQ | Entry: ₹2087.50 | Exit: ₹2095.60 | SL: ₹2077.05 | PnL: ₹32.40 | symbol=GODREJPROP-EQ | exit_reason=SL_HIT | entry_price=2087.5 | exit_price=2095.6 | sl_price=2077.05 | quantity=4 | pnl=32.4 | pnl_percent=0.39 | charges=32.5 | trade_id=0 | duration_seconds=1296.64116 | duration_minutes=21.6
2025-11-25 14:54:39 | INFO | EXIT_BLOCKED | Cannot exit GODREJPROP-EQ: Pending SELL order already exists for GODREJPROP-EQ (Order ID: 251125001055394)
2025-11-25 14:54:40 | INFO | MONITOR_SLEEP | Sleeping for 20s (base=20s, consecutive_errors=0, monitoring_suspended=False)
2025-11-25 14:55:00 | INFO | SL_MISSING_DETECTED | SL order missing for BALKRISIND-EQ (retry thread will handle) | symbol=BALKRISIND-EQ | sl_price=2275.55 | retry_count=10
2025-11-25 14:55:00 | INFO | SL_MISSING_DETECTED | SL order missing for GODREJPROP-EQ (retry thread will handle) | symbol=GODREJPROP-EQ | sl_price=2077.05 | retry_count=10
2025-11-25 14:55:00 | INFO | SL_CHECK | Stop-loss hit for GODREJPROP-EQ (last_ltp: 2095.6, sl: 2077.05)
2025-11-25 14:55:00 | INFO | BUCKET_LTP_CHECK | Checking bucket 1/3 | symbols=['IOC-EQ', 'M&M-EQ', 'UPL-EQ'] | count=3
2025-11-25 14:55:01 | INFO | BUCKET_LTP_RESULT | Bucket LTP check complete | checked=3 | skipped=0 | bucket_number=1 | total_buckets=3
2025-11-25 14:55:02 | INFO | SL_HIT | 🛑 STOP LOSS HIT | GODREJPROP-EQ | Entry: ₹2087.50 | Exit: ₹2095.60 | SL: ₹2077.05 | PnL: ₹32.40 | symbol=GODREJPROP-EQ | exit_reason=SL_HIT | entry_price=2087.5 | exit_price=2095.6 | sl_price=2077.05 | quantity=4 | pnl=32.4 | pnl_percent=0.39 | charges=32.5 | trade_id=0 | duration_seconds=1318.714349 | duration_minutes=22.0
2025-11-25 14:55:02 | INFO | EXIT_BLOCKED | Cannot exit GODREJPROP-EQ: Pending SELL order already exists for GODREJPROP-EQ (Order ID: 251125001055394)
2025-11-25 14:55:02 | INFO | MONITOR | Paper trades checked (next in 60s)
2025-11-25 14:55:02 | INFO | MONITOR_SLEEP | Sleeping for 20s (base=20s, consecutive_errors=0, monitoring_suspended=False)
2025-11-25 14:55:22 | INFO | SL_MISSING_DETECTED | SL order missing for BALKRISIND-EQ (retry thread will handle) | symbol=BALKRISIND-EQ | sl_price=2275.55 | retry_count=10
2025-11-25 14:55:22 | INFO | SL_MISSING_DETECTED | SL order missing for GODREJPROP-EQ (retry thread will handle) | symbol=GODREJPROP-EQ | sl_price=2077.05 | retry_count=10
2025-11-25 14:55:22 | INFO | SL_CHECK | Stop-loss hit for GODREJPROP-EQ (last_ltp: 2095.6, sl: 2077.05)
2025-11-25 14:55:22 | INFO | BUCKET_LTP_CHECK | Checking bucket 2/3 | symbols=['CHAMBLFERT-EQ', 'BALKRISIND-EQ', 'GODREJPROP-EQ'] | count=3
2025-11-25 14:55:23 | INFO | BUCKET_LTP_RESULT | Bucket LTP check complete | checked=3 | skipped=0 | bucket_number=2 | total_buckets=3
2025-11-25 14:55:24 | INFO | SL_HIT | 🛑 STOP LOSS HIT | GODREJPROP-EQ | Entry: ₹2087.50 | Exit: ₹2092.90 | SL: ₹2077.05 | PnL: ₹21.60 | symbol=GODREJPROP-EQ | exit_reason=SL_HIT | entry_price=2087.5 | exit_price=2092.9 | sl_price=2077.05 | quantity=4 | pnl=21.6 | pnl_percent=0.26 | charges=32.5 | trade_id=0 | duration_seconds=1340.660587 | duration_minutes=22.3
2025-11-25 14:55:24 | INFO | EXIT_BLOCKED | Cannot exit GODREJPROP-EQ: Pending SELL order already exists for GODREJPROP-EQ (Order ID: 251125001055394)
2025-11-25 14:55:24 | INFO | MONITOR_SLEEP | Sleeping for 20s (base=20s, consecutive_errors=0, monitoring_suspended=False)
2025-11-25 14:55:44 | INFO | SL_MISSING_DETECTED | SL order missing for BALKRISIND-EQ (retry thread will handle) | symbol=BALKRISIND-EQ | sl_price=2275.55 | retry_count=10
2025-11-25 14:55:44 | INFO | SL_MISSING_DETECTED | SL order missing for GODREJPROP-EQ (retry thread will handle) | symbol=GODREJPROP-EQ | sl_price=2077.05 | retry_count=10
2025-11-25 14:55:44 | INFO | SL_CHECK | Stop-loss hit for GODREJPROP-EQ (last_ltp: 2092.9, sl: 2077.05)
2025-11-25 14:55:44 | INFO | BUCKET_LTP_CHECK | Checking bucket 0/3 | symbols=['PNBHOUSING-EQ'] | count=1
2025-11-25 14:55:44 | INFO | BUCKET_LTP_RESULT | Bucket LTP check complete | checked=1 | skipped=0 | bucket_number=0 | total_buckets=3
2025-11-25 14:55:45 | INFO | SL_HIT | 🛑 STOP LOSS HIT | GODREJPROP-EQ | Entry: ₹2087.50 | Exit: ₹2092.90 | SL: ₹2077.05 | PnL: ₹21.60 | symbol=GODREJPROP-EQ | exit_reason=SL_HIT | entry_price=2087.5 | exit_price=2092.9 | sl_price=2077.05 | quantity=4 | pnl=21.6 | pnl_percent=0.26 | charges=32.5 | trade_id=0 | duration_seconds=1361.980046 | duration_minutes=22.7
2025-11-25 14:55:45 | INFO | EXIT_BLOCKED | Cannot exit GODREJPROP-EQ: Pending SELL order already exists for GODREJPROP-EQ (Order ID: 251125001055394)
2025-11-25 14:55:45 | INFO | MONITOR_SLEEP | Sleeping for 20s (base=20s, consecutive_errors=0, monitoring_suspended=False)
2025-11-25 14:56:05 | INFO | SL_MISSING_DETECTED | SL order missing for BALKRISIND-EQ (retry thread will handle) | symbol=BALKRISIND-EQ | sl_price=2275.55 | retry_count=10
2025-11-25 14:56:05 | INFO | SL_MISSING_DETECTED | SL order missing for GODREJPROP-EQ (retry thread will handle) | symbol=GODREJPROP-EQ | sl_price=2077.05 | retry_count=10
2025-11-25 14:56:05 | INFO | SL_CHECK | Stop-loss hit for GODREJPROP-EQ (last_ltp: 2092.9, sl: 2077.05)
2025-11-25 14:56:05 | INFO | BUCKET_LTP_CHECK | Checking bucket 1/3 | symbols=['IOC-EQ', 'M&M-EQ', 'UPL-EQ'] | count=3
2025-11-25 14:56:06 | INFO | BUCKET_LTP_RESULT | Bucket LTP check complete | checked=3 | skipped=0 | bucket_number=1 | total_buckets=3
2025-11-25 14:56:07 | INFO | SL_HIT | 🛑 STOP LOSS HIT | GODREJPROP-EQ | Entry: ₹2087.50 | Exit: ₹2092.90 | SL: ₹2077.05 | PnL: ₹21.60 | symbol=GODREJPROP-EQ | exit_reason=SL_HIT | entry_price=2087.5 | exit_price=2092.9 | sl_price=2077.05 | quantity=4 | pnl=21.6 | pnl_percent=0.26 | charges=32.5 | trade_id=0 | duration_seconds=1383.870674 | duration_minutes=23.1
2025-11-25 14:56:07 | INFO | EXIT_BLOCKED | Cannot exit GODREJPROP-EQ: Pending SELL order already exists for GODREJPROP-EQ (Order ID: 251125001055394)
2025-11-25 14:56:07 | INFO | MONITOR | Paper trades checked (next in 60s)
2025-11-25 14:56:07 | INFO | MONITOR_SLEEP | Sleeping for 20s (base=20s, consecutive_errors=0, monitoring_suspended=False)
2025-11-25 14:56:27 | INFO | SL_MISSING_DETECTED | SL order missing for BALKRISIND-EQ (retry thread will handle) | symbol=BALKRISIND-EQ | sl_price=2275.55 | retry_count=10
2025-11-25 14:56:27 | INFO | SL_MISSING_DETECTED | SL order missing for GODREJPROP-EQ (retry thread will handle) | symbol=GODREJPROP-EQ | sl_price=2077.05 | retry_count=10
2025-11-25 14:56:27 | INFO | SL_CHECK | Stop-loss hit for GODREJPROP-EQ (last_ltp: 2092.9, sl: 2077.05)
2025-11-25 14:56:27 | INFO | BUCKET_LTP_CHECK | Checking bucket 2/3 | symbols=['CHAMBLFERT-EQ', 'BALKRISIND-EQ', 'GODREJPROP-EQ'] | count=3
2025-11-25 14:56:28 | INFO | BUCKET_LTP_RESULT | Bucket LTP check complete | checked=3 | skipped=0 | bucket_number=2 | total_buckets=3
2025-11-25 14:56:29 | INFO | SL_HIT | 🛑 STOP LOSS HIT | GODREJPROP-EQ | Entry: ₹2087.50 | Exit: ₹2091.10 | SL: ₹2077.05 | PnL: ₹14.40 | symbol=GODREJPROP-EQ | exit_reason=SL_HIT | entry_price=2087.5 | exit_price=2091.1 | sl_price=2077.05 | quantity=4 | pnl=14.4 | pnl_percent=0.17 | charges=32.5 | trade_id=0 | duration_seconds=1405.756929 | duration_minutes=23.4
2025-11-25 14:56:29 | INFO | EXIT_BLOCKED | Cannot exit GODREJPROP-EQ: Pending SELL order already exists for GODREJPROP-EQ (Order ID: 251125001055394)
2025-11-25 14:56:29 | INFO | MONITOR_SLEEP | Sleeping for 20s (base=20s, consecutive_errors=0, monitoring_suspended=False)
2025-11-25 14:56:49 | INFO | SL_MISSING_DETECTED | SL order missing for BALKRISIND-EQ (retry thread will handle) | symbol=BALKRISIND-EQ | sl_price=2275.55 | retry_count=10
2025-11-25 14:56:49 | INFO | SL_MISSING_DETECTED | SL order missing for GODREJPROP-EQ (retry thread will handle) | symbol=GODREJPROP-EQ | sl_price=2077.05 | retry_count=10
2025-11-25 14:56:49 | INFO | SL_CHECK | Stop-loss hit for GODREJPROP-EQ (last_ltp: 2091.1, sl: 2077.05)
2025-11-25 14:56:49 | INFO | BUCKET_LTP_CHECK | Checking bucket 0/3 | symbols=['PNBHOUSING-EQ'] | count=1
2025-11-25 14:56:49 | INFO | BUCKET_LTP_RESULT | Bucket LTP check complete | checked=1 | skipped=0 | bucket_number=0 | total_buckets=3
2025-11-25 14:56:50 | INFO | SL_HIT | 🛑 STOP LOSS HIT | GODREJPROP-EQ | Entry: ₹2087.50 | Exit: ₹2091.10 | SL: ₹2077.05 | PnL: ₹14.40 | symbol=GODREJPROP-EQ | exit_reason=SL_HIT | entry_price=2087.5 | exit_price=2091.1 | sl_price=2077.05 | quantity=4 | pnl=14.4 | pnl_percent=0.17 | charges=32.5 | trade_id=0 | duration_seconds=1427.082362 | duration_minutes=23.8
2025-11-25 14:56:50 | INFO | EXIT_BLOCKED | Cannot exit GODREJPROP-EQ: Pending SELL order already exists for GODREJPROP-EQ (Order ID: 251125001055394)
2025-11-25 14:56:50 | INFO | MONITOR_SLEEP | Sleeping for 20s (base=20s, consecutive_errors=0, monitoring_suspended=False)
2025-11-25 14:57:10 | INFO | SL_MISSING_DETECTED | SL order missing for BALKRISIND-EQ (retry thread will handle) | symbol=BALKRISIND-EQ | sl_price=2275.55 | retry_count=10
2025-11-25 14:57:10 | INFO | SL_MISSING_DETECTED | SL order missing for GODREJPROP-EQ (retry thread will handle) | symbol=GODREJPROP-EQ | sl_price=2077.05 | retry_count=10
2025-11-25 14:57:10 | INFO | SL_CHECK | Stop-loss hit for GODREJPROP-EQ (last_ltp: 2091.1, sl: 2077.05)
2025-11-25 14:57:10 | INFO | BUCKET_LTP_CHECK | Checking bucket 1/3 | symbols=['IOC-EQ', 'M&M-EQ', 'UPL-EQ'] | count=3
2025-11-25 14:57:11 | INFO | BUCKET_LTP_RESULT | Bucket LTP check complete | checked=3 | skipped=0 | bucket_number=1 | total_buckets=3
2025-11-25 14:57:12 | INFO | SL_HIT | 🛑 STOP LOSS HIT | GODREJPROP-EQ | Entry: ₹2087.50 | Exit: ₹2091.10 | SL: ₹2077.05 | PnL: ₹14.40 | symbol=GODREJPROP-EQ | exit_reason=SL_HIT | entry_price=2087.5 | exit_price=2091.1 | sl_price=2077.05 | quantity=4 | pnl=14.4 | pnl_percent=0.17 | charges=32.5 | trade_id=0 | duration_seconds=1448.977177 | duration_minutes=24.1
2025-11-25 14:57:12 | INFO | EXIT_BLOCKED | Cannot exit GODREJPROP-EQ: Pending SELL order already exists for GODREJPROP-EQ (Order ID: 251125001055394)
2025-11-25 14:57:12 | INFO | MONITOR | Paper trades checked (next in 60s)
2025-11-25 14:57:12 | INFO | MONITOR_SLEEP | Sleeping for 20s (base=20s, consecutive_errors=0, monitoring_suspended=False)
2025-11-25 14:57:32 | INFO | SL_MISSING_DETECTED | SL order missing for BALKRISIND-EQ (retry thread will handle) | symbol=BALKRISIND-EQ | sl_price=2275.55 | retry_count=10
2025-11-25 14:57:32 | INFO | SL_MISSING_DETECTED | SL order missing for GODREJPROP-EQ (retry thread will handle) | symbol=GODREJPROP-EQ | sl_price=2077.05 | retry_count=10
2025-11-25 14:57:32 | INFO | SL_CHECK | Stop-loss hit for GODREJPROP-EQ (last_ltp: 2091.1, sl: 2077.05)
2025-11-25 14:57:32 | INFO | BUCKET_LTP_CHECK | Checking bucket 2/3 | symbols=['CHAMBLFERT-EQ', 'BALKRISIND-EQ', 'GODREJPROP-EQ'] | count=3
2025-11-25 14:57:33 | INFO | BUCKET_LTP_RESULT | Bucket LTP check complete | checked=3 | skipped=0 | bucket_number=2 | total_buckets=3
2025-11-25 14:57:34 | INFO | SL_HIT | 🛑 STOP LOSS HIT | GODREJPROP-EQ | Entry: ₹2087.50 | Exit: ₹2091.00 | SL: ₹2077.05 | PnL: ₹14.00 | symbol=GODREJPROP-EQ | exit_reason=SL_HIT | entry_price=2087.5 | exit_price=2091.0 | sl_price=2077.05 | quantity=4 | pnl=14.0 | pnl_percent=0.17 | charges=32.5 | trade_id=0 | duration_seconds=1470.889632 | duration_minutes=24.5
2025-11-25 14:57:34 | INFO | EXIT_BLOCKED | Cannot exit GODREJPROP-EQ: Pending SELL order already exists for GODREJPROP-EQ (Order ID: 251125001055394)
2025-11-25 14:57:34 | INFO | MONITOR_SLEEP | Sleeping for 20s (base=20s, consecutive_errors=0, monitoring_suspended=False)
2025-11-25 14:57:54 | INFO | SL_MISSING_DETECTED | SL order missing for BALKRISIND-EQ (retry thread will handle) | symbol=BALKRISIND-EQ | sl_price=2275.55 | retry_count=10
2025-11-25 14:57:54 | INFO | SL_MISSING_DETECTED | SL order missing for GODREJPROP-EQ (retry thread will handle) | symbol=GODREJPROP-EQ | sl_price=2077.05 | retry_count=10
2025-11-25 14:57:54 | INFO | SL_CHECK | Stop-loss hit for GODREJPROP-EQ (last_ltp: 2091.0, sl: 2077.05)
2025-11-25 14:57:54 | INFO | BUCKET_LTP_CHECK | Checking bucket 0/3 | symbols=['PNBHOUSING-EQ'] | count=1
2025-11-25 14:57:54 | INFO | BUCKET_LTP_RESULT | Bucket LTP check complete | checked=1 | skipped=0 | bucket_number=0 | total_buckets=3
2025-11-25 14:57:55 | INFO | SL_HIT | 🛑 STOP LOSS HIT | GODREJPROP-EQ | Entry: ₹2087.50 | Exit: ₹2091.00 | SL: ₹2077.05 | PnL: ₹14.00 | symbol=GODREJPROP-EQ | exit_reason=SL_HIT | entry_price=2087.5 | exit_price=2091.0 | sl_price=2077.05 | quantity=4 | pnl=14.0 | pnl_percent=0.17 | charges=32.5 | trade_id=0 | duration_seconds=1492.220004 | duration_minutes=24.9
2025-11-25 14:57:55 | INFO | EXIT_BLOCKED | Cannot exit GODREJPROP-EQ: Pending SELL order already exists for GODREJPROP-EQ (Order ID: 251125001055394)
2025-11-25 14:57:55 | INFO | SL_HIT | 🛑 STOP LOSS HIT | PNBHOUSING-EQ | Entry: ₹885.90 | Exit: ₹881.35 | SL: ₹881.45 | PnL: ₹-50.05 | symbol=PNBHOUSING-EQ | exit_reason=SL_HIT | entry_price=885.9 | exit_price=881.35 | sl_price=881.45 | quantity=11 | pnl=-50.05 | pnl_percent=-0.51 | charges=34.0 | trade_id=0 | duration_seconds=1487.353238 | duration_minutes=24.8
2025-11-25 14:57:55 | INFO | EXIT_BLOCKED | Cannot exit PNBHOUSING-EQ: Pending SELL order already exists for PNBHOUSING-EQ (Order ID: 251125001073992)
2025-11-25 14:57:55 | INFO | MONITOR_SLEEP | Sleeping for 20s (base=20s, consecutive_errors=0, monitoring_suspended=False)
2025-11-25 14:58:15 | INFO | SL_MISSING_DETECTED | SL order missing for BALKRISIND-EQ (retry thread will handle) | symbol=BALKRISIND-EQ | sl_price=2275.55 | retry_count=10
2025-11-25 14:58:15 | INFO | SL_MISSING_DETECTED | SL order missing for GODREJPROP-EQ (retry thread will handle) | symbol=GODREJPROP-EQ | sl_price=2077.05 | retry_count=10
2025-11-25 14:58:15 | INFO | SL_CHECK | Stop-loss hit for GODREJPROP-EQ (last_ltp: 2091.0, sl: 2077.05)
2025-11-25 14:58:15 | INFO | SL_CHECK | Stop-loss hit for PNBHOUSING-EQ (last_ltp: 881.35, sl: 881.45)
2025-11-25 14:58:15 | INFO | BUCKET_LTP_CHECK | Checking bucket 1/3 | symbols=['IOC-EQ', 'M&M-EQ', 'UPL-EQ'] | count=3
2025-11-25 14:58:16 | INFO | BUCKET_LTP_RESULT | Bucket LTP check complete | checked=3 | skipped=0 | bucket_number=1 | total_buckets=3
2025-11-25 14:58:17 | INFO | SL_HIT | 🛑 STOP LOSS HIT | GODREJPROP-EQ | Entry: ₹2087.50 | Exit: ₹2091.00 | SL: ₹2077.05 | PnL: ₹14.00 | symbol=GODREJPROP-EQ | exit_reason=SL_HIT | entry_price=2087.5 | exit_price=2091.0 | sl_price=2077.05 | quantity=4 | pnl=14.0 | pnl_percent=0.17 | charges=32.5 | trade_id=0 | duration_seconds=1514.113618 | duration_minutes=25.2
2025-11-25 14:58:17 | INFO | EXIT_BLOCKED | Cannot exit GODREJPROP-EQ: Pending SELL order already exists for GODREJPROP-EQ (Order ID: 251125001055394)
2025-11-25 14:58:17 | INFO | SL_HIT | 🛑 STOP LOSS HIT | PNBHOUSING-EQ | Entry: ₹885.90 | Exit: ₹881.35 | SL: ₹881.45 | PnL: ₹-50.05 | symbol=PNBHOUSING-EQ | exit_reason=SL_HIT | entry_price=885.9 | exit_price=881.35 | sl_price=881.45 | quantity=11 | pnl=-50.05 | pnl_percent=-0.51 | charges=34.0 | trade_id=0 | duration_seconds=1509.248361 | duration_minutes=25.2
2025-11-25 14:58:17 | INFO | EXIT_BLOCKED | Cannot exit PNBHOUSING-EQ: Pending SELL order already exists for PNBHOUSING-EQ (Order ID: 251125001073992)
2025-11-25 14:58:17 | INFO | MONITOR | Paper trades checked (next in 60s)
2025-11-25 14:58:17 | INFO | MONITOR_SLEEP | Sleeping for 20s (base=20s, consecutive_errors=0, monitoring_suspended=False)
2025-11-25 14:58:37 | INFO | SL_MISSING_DETECTED | SL order missing for BALKRISIND-EQ (retry thread will handle) | symbol=BALKRISIND-EQ | sl_price=2275.55 | retry_count=10
2025-11-25 14:58:37 | INFO | SL_MISSING_DETECTED | SL order missing for GODREJPROP-EQ (retry thread will handle) | symbol=GODREJPROP-EQ | sl_price=2077.05 | retry_count=10
2025-11-25 14:58:37 | INFO | SL_CHECK | Stop-loss hit for GODREJPROP-EQ (last_ltp: 2091.0, sl: 2077.05)
2025-11-25 14:58:37 | INFO | SL_CHECK | Stop-loss hit for PNBHOUSING-EQ (last_ltp: 881.35, sl: 881.45)
2025-11-25 14:58:37 | INFO | BUCKET_LTP_CHECK | Checking bucket 2/3 | symbols=['CHAMBLFERT-EQ', 'BALKRISIND-EQ', 'GODREJPROP-EQ'] | count=3
2025-11-25 14:58:38 | INFO | BUCKET_LTP_RESULT | Bucket LTP check complete | checked=3 | skipped=0 | bucket_number=2 | total_buckets=3
2025-11-25 14:58:39 | INFO | SL_HIT | 🛑 STOP LOSS HIT | GODREJPROP-EQ | Entry: ₹2087.50 | Exit: ₹2092.60 | SL: ₹2077.05 | PnL: ₹20.40 | symbol=GODREJPROP-EQ | exit_reason=SL_HIT | entry_price=2087.5 | exit_price=2092.6 | sl_price=2077.05 | quantity=4 | pnl=20.4 | pnl_percent=0.24 | charges=32.5 | trade_id=0 | duration_seconds=1535.965704 | duration_minutes=25.6
2025-11-25 14:58:39 | INFO | EXIT_BLOCKED | Cannot exit GODREJPROP-EQ: Pending SELL order already exists for GODREJPROP-EQ (Order ID: 251125001055394)
2025-11-25 14:58:39 | INFO | SL_HIT | 🛑 STOP LOSS HIT | PNBHOUSING-EQ | Entry: ₹885.90 | Exit: ₹881.35 | SL: ₹881.45 | PnL: ₹-50.05 | symbol=PNBHOUSING-EQ | exit_reason=SL_HIT | entry_price=885.9 | exit_price=881.35 | sl_price=881.45 | quantity=11 | pnl=-50.05 | pnl_percent=-0.51 | charges=34.0 | trade_id=0 | duration_seconds=1531.100223 | duration_minutes=25.5
2025-11-25 14:58:39 | INFO | EXIT_BLOCKED | Cannot exit PNBHOUSING-EQ: Pending SELL order already exists for PNBHOUSING-EQ (Order ID: 251125001073992)
2025-11-25 14:58:39 | INFO | MONITOR_SLEEP | Sleeping for 20s (base=20s, consecutive_errors=0, monitoring_suspended=False)
2025-11-25 14:58:59 | INFO | SL_MISSING_DETECTED | SL order missing for BALKRISIND-EQ (retry thread will handle) | symbol=BALKRISIND-EQ | sl_price=2275.55 | retry_count=10
2025-11-25 14:58:59 | INFO | SL_MISSING_DETECTED | SL order missing for GODREJPROP-EQ (retry thread will handle) | symbol=GODREJPROP-EQ | sl_price=2077.05 | retry_count=10
2025-11-25 14:58:59 | INFO | SL_CHECK | Stop-loss hit for GODREJPROP-EQ (last_ltp: 2092.6, sl: 2077.05)
2025-11-25 14:58:59 | INFO | SL_CHECK | Stop-loss hit for PNBHOUSING-EQ (last_ltp: 881.35, sl: 881.45)
2025-11-25 14:58:59 | INFO | BUCKET_LTP_CHECK | Checking bucket 0/3 | symbols=['PNBHOUSING-EQ'] | count=1
2025-11-25 14:58:59 | INFO | BUCKET_LTP_RESULT | Bucket LTP check complete | checked=1 | skipped=0 | bucket_number=0 | total_buckets=3
2025-11-25 14:59:00 | INFO | SL_HIT | 🛑 STOP LOSS HIT | GODREJPROP-EQ | Entry: ₹2087.50 | Exit: ₹2092.60 | SL: ₹2077.05 | PnL: ₹20.40 | symbol=GODREJPROP-EQ | exit_reason=SL_HIT | entry_price=2087.5 | exit_price=2092.6 | sl_price=2077.05 | quantity=4 | pnl=20.4 | pnl_percent=0.24 | charges=32.5 | trade_id=0 | duration_seconds=1557.300759 | duration_minutes=26.0
2025-11-25 14:59:00 | INFO | EXIT_BLOCKED | Cannot exit GODREJPROP-EQ: Pending SELL order already exists for GODREJPROP-EQ (Order ID: 251125001055394)
2025-11-25 14:59:00 | INFO | SL_HIT | 🛑 STOP LOSS HIT | PNBHOUSING-EQ | Entry: ₹885.90 | Exit: ₹880.85 | SL: ₹881.45 | PnL: ₹-55.55 | symbol=PNBHOUSING-EQ | exit_reason=SL_HIT | entry_price=885.9 | exit_price=880.85 | sl_price=881.45 | quantity=11 | pnl=-55.55 | pnl_percent=-0.57 | charges=34.0 | trade_id=0 | duration_seconds=1552.436783 | duration_minutes=25.9
2025-11-25 14:59:00 | INFO | EXIT_BLOCKED | Cannot exit PNBHOUSING-EQ: Pending SELL order already exists for PNBHOUSING-EQ (Order ID: 251125001073992)
2025-11-25 14:59:00 | INFO | MONITOR_SLEEP | Sleeping for 20s (base=20s, consecutive_errors=0, monitoring_suspended=False)
2025-11-25 14:59:20 | INFO | SL_MISSING_DETECTED | SL order missing for BALKRISIND-EQ (retry thread will handle) | symbol=BALKRISIND-EQ | sl_price=2275.55 | retry_count=10
2025-11-25 14:59:20 | INFO | SL_MISSING_DETECTED | SL order missing for GODREJPROP-EQ (retry thread will handle) | symbol=GODREJPROP-EQ | sl_price=2077.05 | retry_count=10
2025-11-25 14:59:20 | INFO | SL_CHECK | Stop-loss hit for GODREJPROP-EQ (last_ltp: 2092.6, sl: 2077.05)
2025-11-25 14:59:20 | INFO | SL_CHECK | Stop-loss hit for PNBHOUSING-EQ (last_ltp: 880.85, sl: 881.45)
2025-11-25 14:59:20 | INFO | BUCKET_LTP_CHECK | Checking bucket 1/3 | symbols=['IOC-EQ', 'M&M-EQ', 'UPL-EQ'] | count=3
2025-11-25 14:59:21 | INFO | BUCKET_LTP_RESULT | Bucket LTP check complete | checked=3 | skipped=0 | bucket_number=1 | total_buckets=3
2025-11-25 14:59:22 | INFO | SL_HIT | 🛑 STOP LOSS HIT | GODREJPROP-EQ | Entry: ₹2087.50 | Exit: ₹2092.60 | SL: ₹2077.05 | PnL: ₹20.40 | symbol=GODREJPROP-EQ | exit_reason=SL_HIT | entry_price=2087.5 | exit_price=2092.6 | sl_price=2077.05 | quantity=4 | pnl=20.4 | pnl_percent=0.24 | charges=32.5 | trade_id=0 | duration_seconds=1579.19717 | duration_minutes=26.3
2025-11-25 14:59:22 | INFO | EXIT_BLOCKED | Cannot exit GODREJPROP-EQ: Pending SELL order already exists for GODREJPROP-EQ (Order ID: 251125001055394)
2025-11-25 14:59:22 | INFO | SL_HIT | 🛑 STOP LOSS HIT | PNBHOUSING-EQ | Entry: ₹885.90 | Exit: ₹880.85 | SL: ₹881.45 | PnL: ₹-55.55 | symbol=PNBHOUSING-EQ | exit_reason=SL_HIT | entry_price=885.9 | exit_price=880.85 | sl_price=881.45 | quantity=11 | pnl=-55.55 | pnl_percent=-0.57 | charges=34.0 | trade_id=0 | duration_seconds=1574.330281 | duration_minutes=26.2
2025-11-25 14:59:22 | INFO | EXIT_BLOCKED | Cannot exit PNBHOUSING-EQ: Pending SELL order already exists for PNBHOUSING-EQ (Order ID: 251125001073992)
2025-11-25 14:59:22 | INFO | MONITOR | Paper trades checked (next in 60s)
2025-11-25 14:59:22 | INFO | MONITOR_SLEEP | Sleeping for 20s (base=20s, consecutive_errors=0, monitoring_suspended=False)
2025-11-25 14:59:42 | INFO | SL_MISSING_DETECTED | SL order missing for BALKRISIND-EQ (retry thread will handle) | symbol=BALKRISIND-EQ | sl_price=2275.55 | retry_count=10
2025-11-25 14:59:42 | INFO | SL_MISSING_DETECTED | SL order missing for GODREJPROP-EQ (retry thread will handle) | symbol=GODREJPROP-EQ | sl_price=2077.05 | retry_count=10
2025-11-25 14:59:42 | INFO | SL_CHECK | Stop-loss hit for GODREJPROP-EQ (last_ltp: 2092.6, sl: 2077.05)
2025-11-25 14:59:42 | INFO | SL_CHECK | Stop-loss hit for PNBHOUSING-EQ (last_ltp: 880.85, sl: 881.45)
2025-11-25 14:59:42 | INFO | BUCKET_LTP_CHECK | Checking bucket 2/3 | symbols=['CHAMBLFERT-EQ', 'BALKRISIND-EQ', 'GODREJPROP-EQ'] | count=3
2025-11-25 14:59:43 | INFO | BUCKET_LTP_RESULT | Bucket LTP check complete | checked=3 | skipped=0 | bucket_number=2 | total_buckets=3
2025-11-25 14:59:44 | INFO | SL_HIT | 🛑 STOP LOSS HIT | GODREJPROP-EQ | Entry: ₹2087.50 | Exit: ₹2090.80 | SL: ₹2077.05 | PnL: ₹13.20 | symbol=GODREJPROP-EQ | exit_reason=SL_HIT | entry_price=2087.5 | exit_price=2090.8 | sl_price=2077.05 | quantity=4 | pnl=13.2 | pnl_percent=0.16 | charges=32.5 | trade_id=0 | duration_seconds=1601.11808 | duration_minutes=26.7
2025-11-25 14:59:44 | INFO | EXIT_BLOCKED | Cannot exit GODREJPROP-EQ: Pending SELL order already exists for GODREJPROP-EQ (Order ID: 251125001055394)
2025-11-25 14:59:44 | INFO | SL_HIT | 🛑 STOP LOSS HIT | PNBHOUSING-EQ | Entry: ₹885.90 | Exit: ₹880.85 | SL: ₹881.45 | PnL: ₹-55.55 | symbol=PNBHOUSING-EQ | exit_reason=SL_HIT | entry_price=885.9 | exit_price=880.85 | sl_price=881.45 | quantity=11 | pnl=-55.55 | pnl_percent=-0.57 | charges=34.0 | trade_id=0 | duration_seconds=1596.251185 | duration_minutes=26.6
2025-11-25 14:59:44 | INFO | EXIT_BLOCKED | Cannot exit PNBHOUSING-EQ: Pending SELL order already exists for PNBHOUSING-EQ (Order ID: 251125001073992)
2025-11-25 14:59:44 | INFO | MONITOR_SLEEP | Sleeping for 20s (base=20s, consecutive_errors=0, monitoring_suspended=False)
2025-11-25 15:00:04 | INFO | SL_MISSING_DETECTED | SL order missing for BALKRISIND-EQ (retry thread will handle) | symbol=BALKRISIND-EQ | sl_price=2275.55 | retry_count=10
2025-11-25 15:00:04 | INFO | SL_MISSING_DETECTED | SL order missing for GODREJPROP-EQ (retry thread will handle) | symbol=GODREJPROP-EQ | sl_price=2077.05 | retry_count=10
2025-11-25 15:00:04 | INFO | SL_CHECK | Stop-loss hit for GODREJPROP-EQ (last_ltp: 2090.8, sl: 2077.05)
2025-11-25 15:00:04 | INFO | SL_CHECK | Stop-loss hit for PNBHOUSING-EQ (last_ltp: 880.85, sl: 881.45)
2025-11-25 15:00:04 | INFO | BUCKET_LTP_CHECK | Checking bucket 0/3 | symbols=['PNBHOUSING-EQ'] | count=1
2025-11-25 15:00:04 | INFO | BUCKET_LTP_RESULT | Bucket LTP check complete | checked=1 | skipped=0 | bucket_number=0 | total_buckets=3
2025-11-25 15:00:05 | INFO | SL_HIT | 🛑 STOP LOSS HIT | GODREJPROP-EQ | Entry: ₹2087.50 | Exit: ₹2090.80 | SL: ₹2077.05 | PnL: ₹13.20 | symbol=GODREJPROP-EQ | exit_reason=SL_HIT | entry_price=2087.5 | exit_price=2090.8 | sl_price=2077.05 | quantity=4 | pnl=13.2 | pnl_percent=0.16 | charges=32.5 | trade_id=0 | duration_seconds=1622.555809 | duration_minutes=27.0
2025-11-25 15:00:05 | INFO | EXIT_BLOCKED | Cannot exit GODREJPROP-EQ: Pending SELL order already exists for GODREJPROP-EQ (Order ID: 251125001055394)
2025-11-25 15:00:06 | INFO | SL_HIT | 🛑 STOP LOSS HIT | PNBHOUSING-EQ | Entry: ₹885.90 | Exit: ₹880.80 | SL: ₹881.45 | PnL: ₹-56.10 | symbol=PNBHOUSING-EQ | exit_reason=SL_HIT | entry_price=885.9 | exit_price=880.8 | sl_price=881.45 | quantity=11 | pnl=-56.1 | pnl_percent=-0.58 | charges=34.0 | trade_id=0 | duration_seconds=1617.691012 | duration_minutes=27.0
2025-11-25 15:00:06 | INFO | EXIT_BLOCKED | Cannot exit PNBHOUSING-EQ: Pending SELL order already exists for PNBHOUSING-EQ (Order ID: 251125001073992)
2025-11-25 15:00:06 | INFO | MONITOR_SLEEP | Sleeping for 20s (base=20s, consecutive_errors=0, monitoring_suspended=False)
2025-11-25 15:00:26 | INFO | SL_MISSING_DETECTED | SL order missing for BALKRISIND-EQ (retry thread will handle) | symbol=BALKRISIND-EQ | sl_price=2275.55 | retry_count=10
2025-11-25 15:00:26 | INFO | SL_MISSING_DETECTED | SL order missing for GODREJPROP-EQ (retry thread will handle) | symbol=GODREJPROP-EQ | sl_price=2077.05 | retry_count=10
2025-11-25 15:00:26 | INFO | SL_CHECK | Stop-loss hit for GODREJPROP-EQ (last_ltp: 2090.8, sl: 2077.05)
2025-11-25 15:00:26 | INFO | SL_CHECK | Stop-loss hit for PNBHOUSING-EQ (last_ltp: 880.8, sl: 881.45)
2025-11-25 15:00:26 | INFO | BUCKET_LTP_CHECK | Checking bucket 1/3 | symbols=['IOC-EQ', 'M&M-EQ', 'UPL-EQ'] | count=3
2025-11-25 15:00:26 | INFO | BUCKET_LTP_RESULT | Bucket LTP check complete | checked=3 | skipped=0 | bucket_number=1 | total_buckets=3
2025-11-25 15:00:27 | INFO | SL_HIT | 🛑 STOP LOSS HIT | GODREJPROP-EQ | Entry: ₹2087.50 | Exit: ₹2090.80 | SL: ₹2077.05 | PnL: ₹13.20 | symbol=GODREJPROP-EQ | exit_reason=SL_HIT | entry_price=2087.5 | exit_price=2090.8 | sl_price=2077.05 | quantity=4 | pnl=13.2 | pnl_percent=0.16 | charges=32.5 | trade_id=0 | duration_seconds=1644.445325 | duration_minutes=27.4
2025-11-25 15:00:27 | INFO | EXIT_BLOCKED | Cannot exit GODREJPROP-EQ: Pending SELL order already exists for GODREJPROP-EQ (Order ID: 251125001055394)
2025-11-25 15:00:27 | INFO | SL_HIT | 🛑 STOP LOSS HIT | PNBHOUSING-EQ | Entry: ₹885.90 | Exit: ₹880.80 | SL: ₹881.45 | PnL: ₹-56.10 | symbol=PNBHOUSING-EQ | exit_reason=SL_HIT | entry_price=885.9 | exit_price=880.8 | sl_price=881.45 | quantity=11 | pnl=-56.1 | pnl_percent=-0.58 | charges=34.0 | trade_id=0 | duration_seconds=1639.578371 | duration_minutes=27.3
2025-11-25 15:00:27 | INFO | EXIT_BLOCKED | Cannot exit PNBHOUSING-EQ: Pending SELL order already exists for PNBHOUSING-EQ (Order ID: 251125001073992)
2025-11-25 15:00:27 | INFO | MONITOR | Paper trades checked (next in 60s)
2025-11-25 15:00:27 | INFO | MONITOR_SLEEP | Sleeping for 20s (base=20s, consecutive_errors=0, monitoring_suspended=False)
2025-11-25 15:00:47 | INFO | SL_MISSING_DETECTED | SL order missing for BALKRISIND-EQ (retry thread will handle) | symbol=BALKRISIND-EQ | sl_price=2275.55 | retry_count=10
2025-11-25 15:00:47 | INFO | SL_MISSING_DETECTED | SL order missing for GODREJPROP-EQ (retry thread will handle) | symbol=GODREJPROP-EQ | sl_price=2077.05 | retry_count=10
2025-11-25 15:00:47 | INFO | SL_CHECK | Stop-loss hit for GODREJPROP-EQ (last_ltp: 2090.8, sl: 2077.05)
2025-11-25 15:00:47 | INFO | SL_CHECK | Stop-loss hit for PNBHOUSING-EQ (last_ltp: 880.8, sl: 881.45)
2025-11-25 15:00:47 | INFO | BUCKET_LTP_CHECK | Checking bucket 2/3 | symbols=['CHAMBLFERT-EQ', 'BALKRISIND-EQ', 'GODREJPROP-EQ'] | count=3
2025-11-25 15:00:48 | INFO | BUCKET_LTP_RESULT | Bucket LTP check complete | checked=3 | skipped=0 | bucket_number=2 | total_buckets=3
2025-11-25 15:00:49 | INFO | SL_HIT | 🛑 STOP LOSS HIT | GODREJPROP-EQ | Entry: ₹2087.50 | Exit: ₹2094.10 | SL: ₹2077.05 | PnL: ₹26.40 | symbol=GODREJPROP-EQ | exit_reason=SL_HIT | entry_price=2087.5 | exit_price=2094.1 | sl_price=2077.05 | quantity=4 | pnl=26.4 | pnl_percent=0.32 | charges=32.5 | trade_id=0 | duration_seconds=1666.339391 | duration_minutes=27.8
2025-11-25 15:00:49 | INFO | EXIT_BLOCKED | Cannot exit GODREJPROP-EQ: Pending SELL order already exists for GODREJPROP-EQ (Order ID: 251125001055394)
2025-11-25 15:00:49 | INFO | SL_HIT | 🛑 STOP LOSS HIT | PNBHOUSING-EQ | Entry: ₹885.90 | Exit: ₹880.80 | SL: ₹881.45 | PnL: ₹-56.10 | symbol=PNBHOUSING-EQ | exit_reason=SL_HIT | entry_price=885.9 | exit_price=880.8 | sl_price=881.45 | quantity=11 | pnl=-56.1 | pnl_percent=-0.58 | charges=34.0 | trade_id=0 | duration_seconds=1661.472514 | duration_minutes=27.7
2025-11-25 15:00:49 | INFO | EXIT_BLOCKED | Cannot exit PNBHOUSING-EQ: Pending SELL order already exists for PNBHOUSING-EQ (Order ID: 251125001073992)
2025-11-25 15:00:49 | INFO | MONITOR_SLEEP | Sleeping for 20s (base=20s, consecutive_errors=0, monitoring_suspended=False)
2025-11-25 15:01:09 | INFO | SL_MISSING_DETECTED | SL order missing for BALKRISIND-EQ (retry thread will handle) | symbol=BALKRISIND-EQ | sl_price=2275.55 | retry_count=10
2025-11-25 15:01:09 | INFO | TRAIL_ACTIVATED | Trailing SL activated for BALKRISIND-EQ | symbol=BALKRISIND-EQ | profit_pct=1.2767818102317368 | current_ltp=2316.2
2025-11-25 15:01:09 | INFO | TRAIL_SL_STEPPED | Trailing SL stepped up for BALKRISIND-EQ | symbol=BALKRISIND-EQ | step=2 | profit_pct=1.2767818102317368 | old_sl=2275.55 | new_sl=2309.87 | current_ltp=2316.2
2025-11-25 15:01:09 | INFO | SL_MISSING_DETECTED | SL order missing for GODREJPROP-EQ (retry thread will handle) | symbol=GODREJPROP-EQ | sl_price=2077.05 | retry_count=10
2025-11-25 15:01:09 | INFO | SL_CHECK | Stop-loss hit for GODREJPROP-EQ (last_ltp: 2094.1, sl: 2077.05)
2025-11-25 15:01:09 | INFO | SL_CHECK | Stop-loss hit for PNBHOUSING-EQ (last_ltp: 880.8, sl: 881.45)
2025-11-25 15:01:09 | INFO | BUCKET_LTP_CHECK | Checking bucket 0/3 | symbols=['PNBHOUSING-EQ'] | count=1
2025-11-25 15:01:10 | INFO | BUCKET_LTP_RESULT | Bucket LTP check complete | checked=1 | skipped=0 | bucket_number=0 | total_buckets=3
2025-11-25 15:01:11 | INFO | SL_HIT | 🛑 STOP LOSS HIT | GODREJPROP-EQ | Entry: ₹2087.50 | Exit: ₹2094.10 | SL: ₹2077.05 | PnL: ₹26.40 | symbol=GODREJPROP-EQ | exit_reason=SL_HIT | entry_price=2087.5 | exit_price=2094.1 | sl_price=2077.05 | quantity=4 | pnl=26.4 | pnl_percent=0.32 | charges=32.5 | trade_id=0 | duration_seconds=1687.678194 | duration_minutes=28.1
2025-11-25 15:01:11 | INFO | EXIT_BLOCKED | Cannot exit GODREJPROP-EQ: Pending SELL order already exists for GODREJPROP-EQ (Order ID: 251125001055394)
2025-11-25 15:01:11 | INFO | SL_HIT | 🛑 STOP LOSS HIT | PNBHOUSING-EQ | Entry: ₹885.90 | Exit: ₹879.55 | SL: ₹881.45 | PnL: ₹-69.85 | symbol=PNBHOUSING-EQ | exit_reason=SL_HIT | entry_price=885.9 | exit_price=879.55 | sl_price=881.45 | quantity=11 | pnl=-69.85 | pnl_percent=-0.72 | charges=34.0 | trade_id=0 | duration_seconds=1682.811448 | duration_minutes=28.0
2025-11-25 15:01:11 | INFO | EXIT_BLOCKED | Cannot exit PNBHOUSING-EQ: Pending SELL order already exists for PNBHOUSING-EQ (Order ID: 251125001073992)
2025-11-25 15:01:11 | INFO | MONITOR_SLEEP | Sleeping for 20s (base=20s, consecutive_errors=0, monitoring_suspended=False)
2025-11-25 15:01:31 | INFO | SL_MISSING_DETECTED | SL order missing for BALKRISIND-EQ (retry thread will handle) | symbol=BALKRISIND-EQ | sl_price=2275.55 | retry_count=10
2025-11-25 15:01:31 | INFO | SL_MISSING_DETECTED | SL order missing for GODREJPROP-EQ (retry thread will handle) | symbol=GODREJPROP-EQ | sl_price=2077.05 | retry_count=10
2025-11-25 15:01:31 | INFO | SL_CHECK | Stop-loss hit for GODREJPROP-EQ (last_ltp: 2094.1, sl: 2077.05)
2025-11-25 15:01:31 | INFO | SL_CHECK | Stop-loss hit for PNBHOUSING-EQ (last_ltp: 879.55, sl: 881.45)
2025-11-25 15:01:31 | INFO | BUCKET_LTP_CHECK | Checking bucket 1/3 | symbols=['IOC-EQ', 'M&M-EQ', 'UPL-EQ'] | count=3
2025-11-25 15:01:31 | INFO | BUCKET_LTP_RESULT | Bucket LTP check complete | checked=3 | skipped=0 | bucket_number=1 | total_buckets=3
2025-11-25 15:01:32 | INFO | SL_HIT | 🛑 STOP LOSS HIT | GODREJPROP-EQ | Entry: ₹2087.50 | Exit: ₹2094.10 | SL: ₹2077.05 | PnL: ₹26.40 | symbol=GODREJPROP-EQ | exit_reason=SL_HIT | entry_price=2087.5 | exit_price=2094.1 | sl_price=2077.05 | quantity=4 | pnl=26.4 | pnl_percent=0.32 | charges=32.5 | trade_id=0 | duration_seconds=1709.542859 | duration_minutes=28.5
2025-11-25 15:01:32 | INFO | EXIT_BLOCKED | Cannot exit GODREJPROP-EQ: Pending SELL order already exists for GODREJPROP-EQ (Order ID: 251125001055394)
2025-11-25 15:01:33 | INFO | SL_HIT | 🛑 STOP LOSS HIT | PNBHOUSING-EQ | Entry: ₹885.90 | Exit: ₹879.55 | SL: ₹881.45 | PnL: ₹-69.85 | symbol=PNBHOUSING-EQ | exit_reason=SL_HIT | entry_price=885.9 | exit_price=879.55 | sl_price=881.45 | quantity=11 | pnl=-69.85 | pnl_percent=-0.72 | charges=34.0 | trade_id=0 | duration_seconds=1704.675889 | duration_minutes=28.4
2025-11-25 15:01:33 | INFO | EXIT_BLOCKED | Cannot exit PNBHOUSING-EQ: Pending SELL order already exists for PNBHOUSING-EQ (Order ID: 251125001073992)
2025-11-25 15:01:33 | INFO | MONITOR | Paper trades checked (next in 60s)
2025-11-25 15:01:33 | INFO | MONITOR_SLEEP | Sleeping for 20s (base=20s, consecutive_errors=0, monitoring_suspended=False)
2025-11-25 15:01:53 | INFO | SL_MISSING_DETECTED | SL order missing for BALKRISIND-EQ (retry thread will handle) | symbol=BALKRISIND-EQ | sl_price=2275.55 | retry_count=10
2025-11-25 15:01:53 | INFO | SL_MISSING_DETECTED | SL order missing for GODREJPROP-EQ (retry thread will handle) | symbol=GODREJPROP-EQ | sl_price=2077.05 | retry_count=10
2025-11-25 15:01:53 | INFO | SL_CHECK | Stop-loss hit for GODREJPROP-EQ (last_ltp: 2094.1, sl: 2077.05)
2025-11-25 15:01:53 | INFO | SL_CHECK | Stop-loss hit for PNBHOUSING-EQ (last_ltp: 879.55, sl: 881.45)
2025-11-25 15:01:53 | INFO | BUCKET_LTP_CHECK | Checking bucket 2/3 | symbols=['CHAMBLFERT-EQ', 'BALKRISIND-EQ', 'GODREJPROP-EQ'] | count=3
2025-11-25 15:01:53 | INFO | BUCKET_LTP_RESULT | Bucket LTP check complete | checked=3 | skipped=0 | bucket_number=2 | total_buckets=3
2025-11-25 15:01:54 | INFO | SL_HIT | 🛑 STOP LOSS HIT | CHAMBLFERT-EQ | Entry: ₹448.00 | Exit: ₹445.25 | SL: ₹445.75 | PnL: ₹-60.50 | symbol=CHAMBLFERT-EQ | exit_reason=SL_HIT | entry_price=448.0 | exit_price=445.25 | sl_price=445.75 | quantity=22 | pnl=-60.5 | pnl_percent=-0.61 | charges=34.05 | trade_id=0 | duration_seconds=5327.842456 | duration_minutes=88.8
2025-11-25 15:01:54 | INFO | EXIT_BLOCKED | Cannot exit CHAMBLFERT-EQ: Pending SELL order already exists for CHAMBLFERT-EQ (Order ID: 251125000846645)
2025-11-25 15:01:54 | INFO | SL_HIT | 🛑 STOP LOSS HIT | BALKRISIND-EQ | Entry: ₹2287.00 | Exit: ₹2307.60 | SL: ₹2275.55 | PnL: ₹82.40 | symbol=BALKRISIND-EQ | exit_reason=SL_HIT | entry_price=2287.0 | exit_price=2307.6 | sl_price=2275.55 | quantity=4 | pnl=82.4 | pnl_percent=0.9 | charges=33.32 | trade_id=0 | duration_seconds=2629.464492 | duration_minutes=43.8
2025-11-25 15:01:54 | INFO | EXIT_BLOCKED | Cannot exit BALKRISIND-EQ: Pending SELL order already exists for BALKRISIND-EQ (Order ID: 251125000975801)
2025-11-25 15:01:54 | INFO | SL_HIT | 🛑 STOP LOSS HIT | GODREJPROP-EQ | Entry: ₹2087.50 | Exit: ₹2093.00 | SL: ₹2077.05 | PnL: ₹22.00 | symbol=GODREJPROP-EQ | exit_reason=SL_HIT | entry_price=2087.5 | exit_price=2093.0 | sl_price=2077.05 | quantity=4 | pnl=22.0 | pnl_percent=0.26 | charges=32.5 | trade_id=0 | duration_seconds=1731.415246 | duration_minutes=28.9
2025-11-25 15:01:54 | INFO | EXIT_BLOCKED | Cannot exit GODREJPROP-EQ: Pending SELL order already exists for GODREJPROP-EQ (Order ID: 251125001055394)
2025-11-25 15:01:54 | INFO | SL_HIT | 🛑 STOP LOSS HIT | PNBHOUSING-EQ | Entry: ₹885.90 | Exit: ₹879.55 | SL: ₹881.45 | PnL: ₹-69.85 | symbol=PNBHOUSING-EQ | exit_reason=SL_HIT | entry_price=885.9 | exit_price=879.55 | sl_price=881.45 | quantity=11 | pnl=-69.85 | pnl_percent=-0.72 | charges=34.0 | trade_id=0 | duration_seconds=1726.54836 | duration_minutes=28.8
2025-11-25 15:01:54 | INFO | EXIT_BLOCKED | Cannot exit PNBHOUSING-EQ: Pending SELL order already exists for PNBHOUSING-EQ (Order ID: 251125001073992)
2025-11-25 15:01:54 | INFO | MONITOR_SLEEP | Sleeping for 20s (base=20s, consecutive_errors=0, monitoring_suspended=False)
2025-11-25 15:02:14 | INFO | SL_CHECK | Stop-loss hit for CHAMBLFERT-EQ (last_ltp: 445.25, sl: 445.75)
2025-11-25 15:02:14 | INFO | SL_MISSING_DETECTED | SL order missing for BALKRISIND-EQ (retry thread will handle) | symbol=BALKRISIND-EQ | sl_price=2275.55 | retry_count=10
2025-11-25 15:02:14 | INFO | SL_CHECK | Stop-loss hit for BALKRISIND-EQ (last_ltp: 2307.6, sl: 2275.55)
2025-11-25 15:02:14 | INFO | SL_MISSING_DETECTED | SL order missing for GODREJPROP-EQ (retry thread will handle) | symbol=GODREJPROP-EQ | sl_price=2077.05 | retry_count=10
2025-11-25 15:02:14 | INFO | SL_CHECK | Stop-loss hit for GODREJPROP-EQ (last_ltp: 2093.0, sl: 2077.05)
2025-11-25 15:02:14 | INFO | SL_CHECK | Stop-loss hit for PNBHOUSING-EQ (last_ltp: 879.55, sl: 881.45)
2025-11-25 15:02:14 | INFO | BUCKET_LTP_CHECK | Checking bucket 0/3 | symbols=['PNBHOUSING-EQ'] | count=1
2025-11-25 15:02:15 | INFO | BUCKET_LTP_RESULT | Bucket LTP check complete | checked=1 | skipped=0 | bucket_number=0 | total_buckets=3
2025-11-25 15:02:15 | INFO | SL_HIT | 🛑 STOP LOSS HIT | CHAMBLFERT-EQ | Entry: ₹448.00 | Exit: ₹445.25 | SL: ₹445.75 | PnL: ₹-60.50 | symbol=CHAMBLFERT-EQ | exit_reason=SL_HIT | entry_price=448.0 | exit_price=445.25 | sl_price=445.75 | quantity=22 | pnl=-60.5 | pnl_percent=-0.61 | charges=34.05 | trade_id=0 | duration_seconds=5349.17392 | duration_minutes=89.2
2025-11-25 15:02:15 | INFO | EXIT_BLOCKED | Cannot exit CHAMBLFERT-EQ: Pending SELL order already exists for CHAMBLFERT-EQ (Order ID: 251125000846645)
2025-11-25 15:02:15 | INFO | SL_HIT | 🛑 STOP LOSS HIT | BALKRISIND-EQ | Entry: ₹2287.00 | Exit: ₹2307.60 | SL: ₹2275.55 | PnL: ₹82.40 | symbol=BALKRISIND-EQ | exit_reason=SL_HIT | entry_price=2287.0 | exit_price=2307.6 | sl_price=2275.55 | quantity=4 | pnl=82.4 | pnl_percent=0.9 | charges=33.32 | trade_id=0 | duration_seconds=2650.795862 | duration_minutes=44.2
2025-11-25 15:02:15 | INFO | EXIT_BLOCKED | Cannot exit BALKRISIND-EQ: Pending SELL order already exists for BALKRISIND-EQ (Order ID: 251125000975801)
2025-11-25 15:02:16 | INFO | SL_HIT | 🛑 STOP LOSS HIT | GODREJPROP-EQ | Entry: ₹2087.50 | Exit: ₹2093.00 | SL: ₹2077.05 | PnL: ₹22.00 | symbol=GODREJPROP-EQ | exit_reason=SL_HIT | entry_price=2087.5 | exit_price=2093.0 | sl_price=2077.05 | quantity=4 | pnl=22.0 | pnl_percent=0.26 | charges=32.5 | trade_id=0 | duration_seconds=1752.747919 | duration_minutes=29.2
2025-11-25 15:02:16 | INFO | EXIT_BLOCKED | Cannot exit GODREJPROP-EQ: Pending SELL order already exists for GODREJPROP-EQ (Order ID: 251125001055394)
2025-11-25 15:02:16 | INFO | SL_HIT | 🛑 STOP LOSS HIT | PNBHOUSING-EQ | Entry: ₹885.90 | Exit: ₹879.30 | SL: ₹881.45 | PnL: ₹-72.60 | symbol=PNBHOUSING-EQ | exit_reason=SL_HIT | entry_price=885.9 | exit_price=879.3 | sl_price=881.45 | quantity=11 | pnl=-72.6 | pnl_percent=-0.75 | charges=34.0 | trade_id=0 | duration_seconds=1747.881635 | duration_minutes=29.1
2025-11-25 15:02:16 | INFO | EXIT_BLOCKED | Cannot exit PNBHOUSING-EQ: Pending SELL order already exists for PNBHOUSING-EQ (Order ID: 251125001073992)
2025-11-25 15:02:16 | INFO | MONITOR_SLEEP | Sleeping for 20s (base=20s, consecutive_errors=0, monitoring_suspended=False)
2025-11-25 15:02:36 | INFO | SL_CHECK | Stop-loss hit for CHAMBLFERT-EQ (last_ltp: 445.25, sl: 445.75)
2025-11-25 15:02:36 | INFO | SL_MISSING_DETECTED | SL order missing for BALKRISIND-EQ (retry thread will handle) | symbol=BALKRISIND-EQ | sl_price=2275.55 | retry_count=10
2025-11-25 15:02:36 | INFO | SL_CHECK | Stop-loss hit for BALKRISIND-EQ (last_ltp: 2307.6, sl: 2275.55)
2025-11-25 15:02:36 | INFO | SL_MISSING_DETECTED | SL order missing for GODREJPROP-EQ (retry thread will handle) | symbol=GODREJPROP-EQ | sl_price=2077.05 | retry_count=10
2025-11-25 15:02:36 | INFO | SL_CHECK | Stop-loss hit for GODREJPROP-EQ (last_ltp: 2093.0, sl: 2077.05)
2025-11-25 15:02:36 | INFO | SL_CHECK | Stop-loss hit for PNBHOUSING-EQ (last_ltp: 879.3, sl: 881.45)
2025-11-25 15:02:36 | INFO | BUCKET_LTP_CHECK | Checking bucket 1/3 | symbols=['IOC-EQ', 'M&M-EQ', 'UPL-EQ'] | count=3
2025-11-25 15:02:36 | INFO | BUCKET_LTP_RESULT | Bucket LTP check complete | checked=3 | skipped=0 | bucket_number=1 | total_buckets=3
2025-11-25 15:02:37 | INFO | SL_HIT | 🛑 STOP LOSS HIT | CHAMBLFERT-EQ | Entry: ₹448.00 | Exit: ₹445.25 | SL: ₹445.75 | PnL: ₹-60.50 | symbol=CHAMBLFERT-EQ | exit_reason=SL_HIT | entry_price=448.0 | exit_price=445.25 | sl_price=445.75 | quantity=22 | pnl=-60.5 | pnl_percent=-0.61 | charges=34.05 | trade_id=0 | duration_seconds=5371.04556 | duration_minutes=89.5
2025-11-25 15:02:37 | INFO | EXIT_BLOCKED | Cannot exit CHAMBLFERT-EQ: Pending SELL order already exists for CHAMBLFERT-EQ (Order ID: 251125000846645)
2025-11-25 15:02:37 | INFO | SL_HIT | 🛑 STOP LOSS HIT | BALKRISIND-EQ | Entry: ₹2287.00 | Exit: ₹2307.60 | SL: ₹2275.55 | PnL: ₹82.40 | symbol=BALKRISIND-EQ | exit_reason=SL_HIT | entry_price=2287.0 | exit_price=2307.6 | sl_price=2275.55 | quantity=4 | pnl=82.4 | pnl_percent=0.9 | charges=33.32 | trade_id=0 | duration_seconds=2672.667654 | duration_minutes=44.5
2025-11-25 15:02:37 | INFO | EXIT_BLOCKED | Cannot exit BALKRISIND-EQ: Pending SELL order already exists for BALKRISIND-EQ (Order ID: 251125000975801)
2025-11-25 15:02:37 | INFO | SL_HIT | 🛑 STOP LOSS HIT | GODREJPROP-EQ | Entry: ₹2087.50 | Exit: ₹2093.00 | SL: ₹2077.05 | PnL: ₹22.00 | symbol=GODREJPROP-EQ | exit_reason=SL_HIT | entry_price=2087.5 | exit_price=2093.0 | sl_price=2077.05 | quantity=4 | pnl=22.0 | pnl_percent=0.26 | charges=32.5 | trade_id=0 | duration_seconds=1774.618351 | duration_minutes=29.6
2025-11-25 15:02:37 | INFO | EXIT_BLOCKED | Cannot exit GODREJPROP-EQ: Pending SELL order already exists for GODREJPROP-EQ (Order ID: 251125001055394)
2025-11-25 15:02:38 | INFO | SL_HIT | 🛑 STOP LOSS HIT | PNBHOUSING-EQ | Entry: ₹885.90 | Exit: ₹879.30 | SL: ₹881.45 | PnL: ₹-72.60 | symbol=PNBHOUSING-EQ | exit_reason=SL_HIT | entry_price=885.9 | exit_price=879.3 | sl_price=881.45 | quantity=11 | pnl=-72.6 | pnl_percent=-0.75 | charges=34.0 | trade_id=0 | duration_seconds=1769.751351 | duration_minutes=29.5
2025-11-25 15:02:38 | INFO | EXIT_BLOCKED | Cannot exit PNBHOUSING-EQ: Pending SELL order already exists for PNBHOUSING-EQ (Order ID: 251125001073992)
2025-11-25 15:02:38 | INFO | MONITOR | Paper trades checked (next in 60s)
2025-11-25 15:02:38 | INFO | MONITOR_SLEEP | Sleeping for 20s (base=20s, consecutive_errors=0, monitoring_suspended=False)
2025-11-25 15:02:58 | INFO | SL_CHECK | Stop-loss hit for CHAMBLFERT-EQ (last_ltp: 445.25, sl: 445.75)
2025-11-25 15:02:58 | INFO | SL_MISSING_DETECTED | SL order missing for BALKRISIND-EQ (retry thread will handle) | symbol=BALKRISIND-EQ | sl_price=2275.55 | retry_count=10
2025-11-25 15:02:58 | INFO | SL_CHECK | Stop-loss hit for BALKRISIND-EQ (last_ltp: 2307.6, sl: 2275.55)
2025-11-25 15:02:58 | INFO | SL_MISSING_DETECTED | SL order missing for GODREJPROP-EQ (retry thread will handle) | symbol=GODREJPROP-EQ | sl_price=2077.05 | retry_count=10
2025-11-25 15:02:58 | INFO | SL_CHECK | Stop-loss hit for GODREJPROP-EQ (last_ltp: 2093.0, sl: 2077.05)
2025-11-25 15:02:58 | INFO | SL_CHECK | Stop-loss hit for PNBHOUSING-EQ (last_ltp: 879.3, sl: 881.45)
2025-11-25 15:02:58 | INFO | BUCKET_LTP_CHECK | Checking bucket 2/3 | symbols=['CHAMBLFERT-EQ', 'BALKRISIND-EQ', 'GODREJPROP-EQ'] | count=3
2025-11-25 15:02:58 | INFO | BUCKET_LTP_RESULT | Bucket LTP check complete | checked=3 | skipped=0 | bucket_number=2 | total_buckets=3
2025-11-25 15:02:59 | INFO | SL_HIT | 🛑 STOP LOSS HIT | BALKRISIND-EQ | Entry: ₹2287.00 | Exit: ₹2306.20 | SL: ₹2275.55 | PnL: ₹76.80 | symbol=BALKRISIND-EQ | exit_reason=SL_HIT | entry_price=2287.0 | exit_price=2306.2 | sl_price=2275.55 | quantity=4 | pnl=76.8 | pnl_percent=0.84 | charges=33.32 | trade_id=0 | duration_seconds=2694.535778 | duration_minutes=44.9
2025-11-25 15:02:59 | INFO | EXIT_BLOCKED | Cannot exit BALKRISIND-EQ: Pending SELL order already exists for BALKRISIND-EQ (Order ID: 251125000975801)
2025-11-25 15:02:59 | INFO | SL_HIT | 🛑 STOP LOSS HIT | GODREJPROP-EQ | Entry: ₹2087.50 | Exit: ₹2095.30 | SL: ₹2077.05 | PnL: ₹31.20 | symbol=GODREJPROP-EQ | exit_reason=SL_HIT | entry_price=2087.5 | exit_price=2095.3 | sl_price=2077.05 | quantity=4 | pnl=31.2 | pnl_percent=0.37 | charges=32.5 | trade_id=0 | duration_seconds=1796.486769 | duration_minutes=29.9
2025-11-25 15:02:59 | INFO | EXIT_BLOCKED | Cannot exit GODREJPROP-EQ: Pending SELL order already exists for GODREJPROP-EQ (Order ID: 251125001055394)
2025-11-25 15:03:00 | INFO | SL_HIT | 🛑 STOP LOSS HIT | PNBHOUSING-EQ | Entry: ₹885.90 | Exit: ₹879.30 | SL: ₹881.45 | PnL: ₹-72.60 | symbol=PNBHOUSING-EQ | exit_reason=SL_HIT | entry_price=885.9 | exit_price=879.3 | sl_price=881.45 | quantity=11 | pnl=-72.6 | pnl_percent=-0.75 | charges=34.0 | trade_id=0 | duration_seconds=1791.620796 | duration_minutes=29.9
2025-11-25 15:03:00 | INFO | EXIT_BLOCKED | Cannot exit PNBHOUSING-EQ: Pending SELL order already exists for PNBHOUSING-EQ (Order ID: 251125001073992)
2025-11-25 15:03:00 | INFO | MONITOR_SLEEP | Sleeping for 20s (base=20s, consecutive_errors=0, monitoring_suspended=False)
2025-11-25 15:03:20 | INFO | SL_MISSING_DETECTED | SL order missing for BALKRISIND-EQ (retry thread will handle) | symbol=BALKRISIND-EQ | sl_price=2275.55 | retry_count=10
2025-11-25 15:03:20 | INFO | SL_CHECK | Stop-loss hit for BALKRISIND-EQ (last_ltp: 2306.2, sl: 2275.55)
2025-11-25 15:03:20 | INFO | SL_MISSING_DETECTED | SL order missing for GODREJPROP-EQ (retry thread will handle) | symbol=GODREJPROP-EQ | sl_price=2077.05 | retry_count=10
2025-11-25 15:03:20 | INFO | SL_CHECK | Stop-loss hit for GODREJPROP-EQ (last_ltp: 2095.3, sl: 2077.05)
2025-11-25 15:03:20 | INFO | SL_CHECK | Stop-loss hit for PNBHOUSING-EQ (last_ltp: 879.3, sl: 881.45)
2025-11-25 15:03:20 | INFO | BUCKET_LTP_CHECK | Checking bucket 0/3 | symbols=['PNBHOUSING-EQ'] | count=1
2025-11-25 15:03:20 | INFO | BUCKET_LTP_RESULT | Bucket LTP check complete | checked=1 | skipped=0 | bucket_number=0 | total_buckets=3
2025-11-25 15:03:20 | INFO | SL_HIT | 🛑 STOP LOSS HIT | BALKRISIND-EQ | Entry: ₹2287.00 | Exit: ₹2306.20 | SL: ₹2275.55 | PnL: ₹76.80 | symbol=BALKRISIND-EQ | exit_reason=SL_HIT | entry_price=2287.0 | exit_price=2306.2 | sl_price=2275.55 | quantity=4 | pnl=76.8 | pnl_percent=0.84 | charges=33.32 | trade_id=0 | duration_seconds=2715.877929 | duration_minutes=45.3
2025-11-25 15:03:20 | INFO | EXIT_BLOCKED | Cannot exit BALKRISIND-EQ: Pending SELL order already exists for BALKRISIND-EQ (Order ID: 251125000975801)
2025-11-25 15:03:21 | INFO | SL_HIT | 🛑 STOP LOSS HIT | GODREJPROP-EQ | Entry: ₹2087.50 | Exit: ₹2095.30 | SL: ₹2077.05 | PnL: ₹31.20 | symbol=GODREJPROP-EQ | exit_reason=SL_HIT | entry_price=2087.5 | exit_price=2095.3 | sl_price=2077.05 | quantity=4 | pnl=31.2 | pnl_percent=0.37 | charges=32.5 | trade_id=0 | duration_seconds=1817.83004 | duration_minutes=30.3
2025-11-25 15:03:21 | INFO | EXIT_BLOCKED | Cannot exit GODREJPROP-EQ: Pending SELL order already exists for GODREJPROP-EQ (Order ID: 251125001055394)
2025-11-25 15:03:21 | INFO | SL_HIT | 🛑 STOP LOSS HIT | PNBHOUSING-EQ | Entry: ₹885.90 | Exit: ₹880.95 | SL: ₹881.45 | PnL: ₹-54.45 | symbol=PNBHOUSING-EQ | exit_reason=SL_HIT | entry_price=885.9 | exit_price=880.95 | sl_price=881.45 | quantity=11 | pnl=-54.45 | pnl_percent=-0.56 | charges=34.0 | trade_id=0 | duration_seconds=1812.963104 | duration_minutes=30.2
2025-11-25 15:03:21 | INFO | EXIT_BLOCKED | Cannot exit PNBHOUSING-EQ: Pending SELL order already exists for PNBHOUSING-EQ (Order ID: 251125001073992)
2025-11-25 15:03:21 | INFO | MONITOR_SLEEP | Sleeping for 20s (base=20s, consecutive_errors=0, monitoring_suspended=False)
2025-11-25 15:03:41 | INFO | SL_MISSING_DETECTED | SL order missing for BALKRISIND-EQ (retry thread will handle) | symbol=BALKRISIND-EQ | sl_price=2275.55 | retry_count=10
2025-11-25 15:03:41 | INFO | SL_CHECK | Stop-loss hit for BALKRISIND-EQ (last_ltp: 2306.2, sl: 2275.55)
2025-11-25 15:03:41 | INFO | SL_MISSING_DETECTED | SL order missing for GODREJPROP-EQ (retry thread will handle) | symbol=GODREJPROP-EQ | sl_price=2077.05 | retry_count=10
2025-11-25 15:03:41 | INFO | SL_CHECK | Stop-loss hit for GODREJPROP-EQ (last_ltp: 2095.3, sl: 2077.05)
2025-11-25 15:03:41 | INFO | SL_CHECK | Stop-loss hit for PNBHOUSING-EQ (last_ltp: 880.95, sl: 881.45)
2025-11-25 15:03:41 | INFO | BUCKET_LTP_CHECK | Checking bucket 1/3 | symbols=['IOC-EQ', 'M&M-EQ', 'UPL-EQ'] | count=3
2025-11-25 15:03:42 | INFO | BUCKET_LTP_RESULT | Bucket LTP check complete | checked=3 | skipped=0 | bucket_number=1 | total_buckets=3
2025-11-25 15:03:42 | INFO | SL_HIT | 🛑 STOP LOSS HIT | BALKRISIND-EQ | Entry: ₹2287.00 | Exit: ₹2306.20 | SL: ₹2275.55 | PnL: ₹76.80 | symbol=BALKRISIND-EQ | exit_reason=SL_HIT | entry_price=2287.0 | exit_price=2306.2 | sl_price=2275.55 | quantity=4 | pnl=76.8 | pnl_percent=0.84 | charges=33.32 | trade_id=0 | duration_seconds=2737.804601 | duration_minutes=45.6
2025-11-25 15:03:42 | INFO | EXIT_BLOCKED | Cannot exit BALKRISIND-EQ: Pending SELL order already exists for BALKRISIND-EQ (Order ID: 251125000975801)
2025-11-25 15:03:43 | INFO | SL_HIT | 🛑 STOP LOSS HIT | GODREJPROP-EQ | Entry: ₹2087.50 | Exit: ₹2095.30 | SL: ₹2077.05 | PnL: ₹31.20 | symbol=GODREJPROP-EQ | exit_reason=SL_HIT | entry_price=2087.5 | exit_price=2095.3 | sl_price=2077.05 | quantity=4 | pnl=31.2 | pnl_percent=0.37 | charges=32.5 | trade_id=0 | duration_seconds=1839.755377 | duration_minutes=30.7
2025-11-25 15:03:43 | INFO | EXIT_BLOCKED | Cannot exit GODREJPROP-EQ: Pending SELL order already exists for GODREJPROP-EQ (Order ID: 251125001055394)
2025-11-25 15:03:43 | INFO | SL_HIT | 🛑 STOP LOSS HIT | PNBHOUSING-EQ | Entry: ₹885.90 | Exit: ₹880.95 | SL: ₹881.45 | PnL: ₹-54.45 | symbol=PNBHOUSING-EQ | exit_reason=SL_HIT | entry_price=885.9 | exit_price=880.95 | sl_price=881.45 | quantity=11 | pnl=-54.45 | pnl_percent=-0.56 | charges=34.0 | trade_id=0 | duration_seconds=1834.888629 | duration_minutes=30.6
2025-11-25 15:03:43 | INFO | EXIT_BLOCKED | Cannot exit PNBHOUSING-EQ: Pending SELL order already exists for PNBHOUSING-EQ (Order ID: 251125001073992)
2025-11-25 15:03:43 | INFO | MONITOR | Paper trades checked (next in 60s)
2025-11-25 15:03:43 | INFO | MONITOR_SLEEP | Sleeping for 20s (base=20s, consecutive_errors=0, monitoring_suspended=False)
2025-11-25 15:04:03 | INFO | SL_MISSING_DETECTED | SL order missing for BALKRISIND-EQ (retry thread will handle) | symbol=BALKRISIND-EQ | sl_price=2275.55 | retry_count=10
2025-11-25 15:04:03 | INFO | SL_CHECK | Stop-loss hit for BALKRISIND-EQ (last_ltp: 2306.2, sl: 2275.55)
2025-11-25 15:04:03 | INFO | SL_MISSING_DETECTED | SL order missing for GODREJPROP-EQ (retry thread will handle) | symbol=GODREJPROP-EQ | sl_price=2077.05 | retry_count=10
2025-11-25 15:04:03 | INFO | SL_CHECK | Stop-loss hit for GODREJPROP-EQ (last_ltp: 2095.3, sl: 2077.05)
2025-11-25 15:04:03 | INFO | SL_CHECK | Stop-loss hit for PNBHOUSING-EQ (last_ltp: 880.95, sl: 881.45)
2025-11-25 15:04:03 | INFO | BUCKET_LTP_CHECK | Checking bucket 2/3 | symbols=['CHAMBLFERT-EQ', 'BALKRISIND-EQ', 'GODREJPROP-EQ'] | count=3
2025-11-25 15:04:03 | INFO | BUCKET_LTP_RESULT | Bucket LTP check complete | checked=3 | skipped=0 | bucket_number=2 | total_buckets=3
2025-11-25 15:04:04 | INFO | SL_HIT | 🛑 STOP LOSS HIT | BALKRISIND-EQ | Entry: ₹2287.00 | Exit: ₹2307.60 | SL: ₹2275.55 | PnL: ₹82.40 | symbol=BALKRISIND-EQ | exit_reason=SL_HIT | entry_price=2287.0 | exit_price=2307.6 | sl_price=2275.55 | quantity=4 | pnl=82.4 | pnl_percent=0.9 | charges=33.32 | trade_id=0 | duration_seconds=2759.699533 | duration_minutes=46.0
2025-11-25 15:04:04 | INFO | EXIT_BLOCKED | Cannot exit BALKRISIND-EQ: Pending SELL order already exists for BALKRISIND-EQ (Order ID: 251125000975801)
2025-11-25 15:04:04 | INFO | SL_HIT | 🛑 STOP LOSS HIT | GODREJPROP-EQ | Entry: ₹2087.50 | Exit: ₹2095.60 | SL: ₹2077.05 | PnL: ₹32.40 | symbol=GODREJPROP-EQ | exit_reason=SL_HIT | entry_price=2087.5 | exit_price=2095.6 | sl_price=2077.05 | quantity=4 | pnl=32.4 | pnl_percent=0.39 | charges=32.5 | trade_id=0 | duration_seconds=1861.650409 | duration_minutes=31.0
2025-11-25 15:04:04 | INFO | EXIT_BLOCKED | Cannot exit GODREJPROP-EQ: Pending SELL order already exists for GODREJPROP-EQ (Order ID: 251125001055394)
2025-11-25 15:04:05 | INFO | SL_HIT | 🛑 STOP LOSS HIT | PNBHOUSING-EQ | Entry: ₹885.90 | Exit: ₹880.95 | SL: ₹881.45 | PnL: ₹-54.45 | symbol=PNBHOUSING-EQ | exit_reason=SL_HIT | entry_price=885.9 | exit_price=880.95 | sl_price=881.45 | quantity=11 | pnl=-54.45 | pnl_percent=-0.56 | charges=34.0 | trade_id=0 | duration_seconds=1856.783534 | duration_minutes=30.9
2025-11-25 15:04:05 | INFO | EXIT_BLOCKED | Cannot exit PNBHOUSING-EQ: Pending SELL order already exists for PNBHOUSING-EQ (Order ID: 251125001073992)
2025-11-25 15:04:05 | INFO | MONITOR_SLEEP | Sleeping for 20s (base=20s, consecutive_errors=0, monitoring_suspended=False)
2025-11-25 15:04:25 | INFO | SL_MISSING_DETECTED | SL order missing for BALKRISIND-EQ (retry thread will handle) | symbol=BALKRISIND-EQ | sl_price=2275.55 | retry_count=10
2025-11-25 15:04:25 | INFO | SL_CHECK | Stop-loss hit for BALKRISIND-EQ (last_ltp: 2307.6, sl: 2275.55)
2025-11-25 15:04:25 | INFO | SL_MISSING_DETECTED | SL order missing for GODREJPROP-EQ (retry thread will handle) | symbol=GODREJPROP-EQ | sl_price=2077.05 | retry_count=10
2025-11-25 15:04:25 | INFO | SL_CHECK | Stop-loss hit for GODREJPROP-EQ (last_ltp: 2095.6, sl: 2077.05)
2025-11-25 15:04:25 | INFO | SL_CHECK | Stop-loss hit for PNBHOUSING-EQ (last_ltp: 880.95, sl: 881.45)
2025-11-25 15:04:25 | INFO | BUCKET_LTP_CHECK | Checking bucket 0/3 | symbols=['PNBHOUSING-EQ'] | count=1
2025-11-25 15:04:25 | INFO | BUCKET_LTP_RESULT | Bucket LTP check complete | checked=1 | skipped=0 | bucket_number=0 | total_buckets=3
2025-11-25 15:04:26 | INFO | SL_HIT | 🛑 STOP LOSS HIT | BALKRISIND-EQ | Entry: ₹2287.00 | Exit: ₹2307.60 | SL: ₹2275.55 | PnL: ₹82.40 | symbol=BALKRISIND-EQ | exit_reason=SL_HIT | entry_price=2287.0 | exit_price=2307.6 | sl_price=2275.55 | quantity=4 | pnl=82.4 | pnl_percent=0.9 | charges=33.32 | trade_id=0 | duration_seconds=2781.01951 | duration_minutes=46.4
2025-11-25 15:04:26 | INFO | EXIT_BLOCKED | Cannot exit BALKRISIND-EQ: Pending SELL order already exists for BALKRISIND-EQ (Order ID: 251125000975801)
2025-11-25 15:04:26 | INFO | SL_HIT | 🛑 STOP LOSS HIT | GODREJPROP-EQ | Entry: ₹2087.50 | Exit: ₹2095.60 | SL: ₹2077.05 | PnL: ₹32.40 | symbol=GODREJPROP-EQ | exit_reason=SL_HIT | entry_price=2087.5 | exit_price=2095.6 | sl_price=2077.05 | quantity=4 | pnl=32.4 | pnl_percent=0.39 | charges=32.5 | trade_id=0 | duration_seconds=1882.970291 | duration_minutes=31.4
2025-11-25 15:04:26 | INFO | EXIT_BLOCKED | Cannot exit GODREJPROP-EQ: Pending SELL order already exists for GODREJPROP-EQ (Order ID: 251125001055394)
2025-11-25 15:04:26 | INFO | SL_HIT | 🛑 STOP LOSS HIT | PNBHOUSING-EQ | Entry: ₹885.90 | Exit: ₹880.80 | SL: ₹881.45 | PnL: ₹-56.10 | symbol=PNBHOUSING-EQ | exit_reason=SL_HIT | entry_price=885.9 | exit_price=880.8 | sl_price=881.45 | quantity=11 | pnl=-56.1 | pnl_percent=-0.58 | charges=34.0 | trade_id=0 | duration_seconds=1878.103518 | duration_minutes=31.3
2025-11-25 15:04:26 | INFO | EXIT_BLOCKED | Cannot exit PNBHOUSING-EQ: Pending SELL order already exists for PNBHOUSING-EQ (Order ID: 251125001073992)
2025-11-25 15:04:26 | INFO | MONITOR_SLEEP | Sleeping for 20s (base=20s, consecutive_errors=0, monitoring_suspended=False)
2025-11-25 15:04:46 | INFO | SL_MISSING_DETECTED | SL order missing for BALKRISIND-EQ (retry thread will handle) | symbol=BALKRISIND-EQ | sl_price=2275.55 | retry_count=10
2025-11-25 15:04:46 | INFO | SL_CHECK | Stop-loss hit for BALKRISIND-EQ (last_ltp: 2307.6, sl: 2275.55)
2025-11-25 15:04:46 | INFO | SL_MISSING_DETECTED | SL order missing for GODREJPROP-EQ (retry thread will handle) | symbol=GODREJPROP-EQ | sl_price=2077.05 | retry_count=10
2025-11-25 15:04:46 | INFO | SL_CHECK | Stop-loss hit for GODREJPROP-EQ (last_ltp: 2095.6, sl: 2077.05)
2025-11-25 15:04:46 | INFO | SL_CHECK | Stop-loss hit for PNBHOUSING-EQ (last_ltp: 880.8, sl: 881.45)
2025-11-25 15:04:46 | INFO | BUCKET_LTP_CHECK | Checking bucket 1/3 | symbols=['IOC-EQ', 'M&M-EQ', 'UPL-EQ'] | count=3
2025-11-25 15:04:47 | INFO | BUCKET_LTP_RESULT | Bucket LTP check complete | checked=3 | skipped=0 | bucket_number=1 | total_buckets=3
2025-11-25 15:04:47 | INFO | SL_HIT | 🛑 STOP LOSS HIT | BALKRISIND-EQ | Entry: ₹2287.00 | Exit: ₹2307.60 | SL: ₹2275.55 | PnL: ₹82.40 | symbol=BALKRISIND-EQ | exit_reason=SL_HIT | entry_price=2287.0 | exit_price=2307.6 | sl_price=2275.55 | quantity=4 | pnl=82.4 | pnl_percent=0.9 | charges=33.32 | trade_id=0 | duration_seconds=2802.88632 | duration_minutes=46.7
2025-11-25 15:04:47 | INFO | EXIT_BLOCKED | Cannot exit BALKRISIND-EQ: Pending SELL order already exists for BALKRISIND-EQ (Order ID: 251125000975801)
2025-11-25 15:04:48 | INFO | SL_HIT | 🛑 STOP LOSS HIT | GODREJPROP-EQ | Entry: ₹2087.50 | Exit: ₹2095.60 | SL: ₹2077.05 | PnL: ₹32.40 | symbol=GODREJPROP-EQ | exit_reason=SL_HIT | entry_price=2087.5 | exit_price=2095.6 | sl_price=2077.05 | quantity=4 | pnl=32.4 | pnl_percent=0.39 | charges=32.5 | trade_id=0 | duration_seconds=1904.83719 | duration_minutes=31.7
2025-11-25 15:04:48 | INFO | EXIT_BLOCKED | Cannot exit GODREJPROP-EQ: Pending SELL order already exists for GODREJPROP-EQ (Order ID: 251125001055394)
2025-11-25 15:04:48 | INFO | SL_HIT | 🛑 STOP LOSS HIT | PNBHOUSING-EQ | Entry: ₹885.90 | Exit: ₹880.80 | SL: ₹881.45 | PnL: ₹-56.10 | symbol=PNBHOUSING-EQ | exit_reason=SL_HIT | entry_price=885.9 | exit_price=880.8 | sl_price=881.45 | quantity=11 | pnl=-56.1 | pnl_percent=-0.58 | charges=34.0 | trade_id=0 | duration_seconds=1899.970383 | duration_minutes=31.7
2025-11-25 15:04:48 | INFO | EXIT_BLOCKED | Cannot exit PNBHOUSING-EQ: Pending SELL order already exists for PNBHOUSING-EQ (Order ID: 251125001073992)
2025-11-25 15:04:48 | INFO | MONITOR | Paper trades checked (next in 60s)
2025-11-25 15:04:48 | INFO | MONITOR_SLEEP | Sleeping for 20s (base=20s, consecutive_errors=0, monitoring_suspended=False)
2025-11-25 15:05:08 | INFO | SL_MISSING_DETECTED | SL order missing for BALKRISIND-EQ (retry thread will handle) | symbol=BALKRISIND-EQ | sl_price=2275.55 | retry_count=10
2025-11-25 15:05:08 | INFO | SL_CHECK | Stop-loss hit for BALKRISIND-EQ (last_ltp: 2307.6, sl: 2275.55)
2025-11-25 15:05:08 | INFO | SL_MISSING_DETECTED | SL order missing for GODREJPROP-EQ (retry thread will handle) | symbol=GODREJPROP-EQ | sl_price=2077.05 | retry_count=10
2025-11-25 15:05:08 | INFO | SL_CHECK | Stop-loss hit for GODREJPROP-EQ (last_ltp: 2095.6, sl: 2077.05)
2025-11-25 15:05:08 | INFO | SL_CHECK | Stop-loss hit for PNBHOUSING-EQ (last_ltp: 880.8, sl: 881.45)
2025-11-25 15:05:08 | INFO | BUCKET_LTP_CHECK | Checking bucket 2/3 | symbols=['CHAMBLFERT-EQ', 'BALKRISIND-EQ', 'GODREJPROP-EQ'] | count=3
2025-11-25 15:05:09 | INFO | BUCKET_LTP_RESULT | Bucket LTP check complete | checked=3 | skipped=0 | bucket_number=2 | total_buckets=3
2025-11-25 15:05:09 | INFO | SL_HIT | 🛑 STOP LOSS HIT | BALKRISIND-EQ | Entry: ₹2287.00 | Exit: ₹2307.00 | SL: ₹2275.55 | PnL: ₹80.00 | symbol=BALKRISIND-EQ | exit_reason=SL_HIT | entry_price=2287.0 | exit_price=2307.0 | sl_price=2275.55 | quantity=4 | pnl=80.0 | pnl_percent=0.87 | charges=33.32 | trade_id=0 | duration_seconds=2824.74373 | duration_minutes=47.1
2025-11-25 15:05:09 | INFO | EXIT_BLOCKED | Cannot exit BALKRISIND-EQ: Pending SELL order already exists for BALKRISIND-EQ (Order ID: 251125000975801)
2025-11-25 15:05:10 | INFO | SL_HIT | 🛑 STOP LOSS HIT | GODREJPROP-EQ | Entry: ₹2087.50 | Exit: ₹2094.50 | SL: ₹2077.05 | PnL: ₹28.00 | symbol=GODREJPROP-EQ | exit_reason=SL_HIT | entry_price=2087.5 | exit_price=2094.5 | sl_price=2077.05 | quantity=4 | pnl=28.0 | pnl_percent=0.34 | charges=32.5 | trade_id=0 | duration_seconds=1926.696777 | duration_minutes=32.1
2025-11-25 15:05:10 | INFO | EXIT_BLOCKED | Cannot exit GODREJPROP-EQ: Pending SELL order already exists for GODREJPROP-EQ (Order ID: 251125001055394)
2025-11-25 15:05:10 | INFO | SL_HIT | 🛑 STOP LOSS HIT | PNBHOUSING-EQ | Entry: ₹885.90 | Exit: ₹880.80 | SL: ₹881.45 | PnL: ₹-56.10 | symbol=PNBHOUSING-EQ | exit_reason=SL_HIT | entry_price=885.9 | exit_price=880.8 | sl_price=881.45 | quantity=11 | pnl=-56.1 | pnl_percent=-0.58 | charges=34.0 | trade_id=0 | duration_seconds=1921.830776 | duration_minutes=32.0
2025-11-25 15:05:10 | INFO | EXIT_BLOCKED | Cannot exit PNBHOUSING-EQ: Pending SELL order already exists for PNBHOUSING-EQ (Order ID: 251125001073992)
2025-11-25 15:05:10 | INFO | MONITOR_SLEEP | Sleeping for 20s (base=20s, consecutive_errors=0, monitoring_suspended=False)
2025-11-25 15:05:30 | INFO | SL_MISSING_DETECTED | SL order missing for BALKRISIND-EQ (retry thread will handle) | symbol=BALKRISIND-EQ | sl_price=2275.55 | retry_count=10
2025-11-25 15:05:30 | INFO | SL_CHECK | Stop-loss hit for BALKRISIND-EQ (last_ltp: 2307.0, sl: 2275.55)
2025-11-25 15:05:30 | INFO | SL_MISSING_DETECTED | SL order missing for GODREJPROP-EQ (retry thread will handle) | symbol=GODREJPROP-EQ | sl_price=2077.05 | retry_count=10
2025-11-25 15:05:30 | INFO | SL_CHECK | Stop-loss hit for GODREJPROP-EQ (last_ltp: 2094.5, sl: 2077.05)
2025-11-25 15:05:30 | INFO | SL_CHECK | Stop-loss hit for PNBHOUSING-EQ (last_ltp: 880.8, sl: 881.45)
2025-11-25 15:05:30 | INFO | BUCKET_LTP_CHECK | Checking bucket 0/3 | symbols=['PNBHOUSING-EQ'] | count=1
2025-11-25 15:05:30 | INFO | BUCKET_LTP_RESULT | Bucket LTP check complete | checked=1 | skipped=0 | bucket_number=0 | total_buckets=3
2025-11-25 15:05:31 | INFO | SL_HIT | 🛑 STOP LOSS HIT | BALKRISIND-EQ | Entry: ₹2287.00 | Exit: ₹2307.00 | SL: ₹2275.55 | PnL: ₹80.00 | symbol=BALKRISIND-EQ | exit_reason=SL_HIT | entry_price=2287.0 | exit_price=2307.0 | sl_price=2275.55 | quantity=4 | pnl=80.0 | pnl_percent=0.87 | charges=33.32 | trade_id=0 | duration_seconds=2846.068132 | duration_minutes=47.4
2025-11-25 15:05:31 | INFO | EXIT_BLOCKED | Cannot exit BALKRISIND-EQ: Pending SELL order already exists for BALKRISIND-EQ (Order ID: 251125000975801)
2025-11-25 15:05:31 | INFO | SL_HIT | 🛑 STOP LOSS HIT | GODREJPROP-EQ | Entry: ₹2087.50 | Exit: ₹2094.50 | SL: ₹2077.05 | PnL: ₹28.00 | symbol=GODREJPROP-EQ | exit_reason=SL_HIT | entry_price=2087.5 | exit_price=2094.5 | sl_price=2077.05 | quantity=4 | pnl=28.0 | pnl_percent=0.34 | charges=32.5 | trade_id=0 | duration_seconds=1948.01902 | duration_minutes=32.5
2025-11-25 15:05:31 | INFO | EXIT_BLOCKED | Cannot exit GODREJPROP-EQ: Pending SELL order already exists for GODREJPROP-EQ (Order ID: 251125001055394)
2025-11-25 15:05:31 | INFO | SL_HIT | 🛑 STOP LOSS HIT | PNBHOUSING-EQ | Entry: ₹885.90 | Exit: ₹880.70 | SL: ₹881.45 | PnL: ₹-57.20 | symbol=PNBHOUSING-EQ | exit_reason=SL_HIT | entry_price=885.9 | exit_price=880.7 | sl_price=881.45 | quantity=11 | pnl=-57.2 | pnl_percent=-0.59 | charges=34.0 | trade_id=0 | duration_seconds=1943.152138 | duration_minutes=32.4
2025-11-25 15:05:31 | INFO | EXIT_BLOCKED | Cannot exit PNBHOUSING-EQ: Pending SELL order already exists for PNBHOUSING-EQ (Order ID: 251125001073992)
2025-11-25 15:05:31 | INFO | MONITOR_SLEEP | Sleeping for 20s (base=20s, consecutive_errors=0, monitoring_suspended=False)
2025-11-25 15:05:51 | INFO | SL_MISSING_DETECTED | SL order missing for BALKRISIND-EQ (retry thread will handle) | symbol=BALKRISIND-EQ | sl_price=2275.55 | retry_count=10
2025-11-25 15:05:51 | INFO | SL_CHECK | Stop-loss hit for BALKRISIND-EQ (last_ltp: 2307.0, sl: 2275.55)
2025-11-25 15:05:51 | INFO | SL_MISSING_DETECTED | SL order missing for GODREJPROP-EQ (retry thread will handle) | symbol=GODREJPROP-EQ | sl_price=2077.05 | retry_count=10
2025-11-25 15:05:51 | INFO | SL_CHECK | Stop-loss hit for GODREJPROP-EQ (last_ltp: 2094.5, sl: 2077.05)
2025-11-25 15:05:51 | INFO | SL_CHECK | Stop-loss hit for PNBHOUSING-EQ (last_ltp: 880.7, sl: 881.45)
2025-11-25 15:05:51 | INFO | BUCKET_LTP_CHECK | Checking bucket 1/3 | symbols=['IOC-EQ', 'M&M-EQ', 'UPL-EQ'] | count=3
2025-11-25 15:05:52 | INFO | BUCKET_LTP_RESULT | Bucket LTP check complete | checked=3 | skipped=0 | bucket_number=1 | total_buckets=3
2025-11-25 15:05:53 | INFO | SL_HIT | 🛑 STOP LOSS HIT | BALKRISIND-EQ | Entry: ₹2287.00 | Exit: ₹2307.00 | SL: ₹2275.55 | PnL: ₹80.00 | symbol=BALKRISIND-EQ | exit_reason=SL_HIT | entry_price=2287.0 | exit_price=2307.0 | sl_price=2275.55 | quantity=4 | pnl=80.0 | pnl_percent=0.87 | charges=33.32 | trade_id=0 | duration_seconds=2868.204406 | duration_minutes=47.8
2025-11-25 15:05:53 | INFO | EXIT_BLOCKED | Cannot exit BALKRISIND-EQ: Pending SELL order already exists for BALKRISIND-EQ (Order ID: 251125000975801)
2025-11-25 15:05:53 | INFO | SL_HIT | 🛑 STOP LOSS HIT | GODREJPROP-EQ | Entry: ₹2087.50 | Exit: ₹2094.50 | SL: ₹2077.05 | PnL: ₹28.00 | symbol=GODREJPROP-EQ | exit_reason=SL_HIT | entry_price=2087.5 | exit_price=2094.5 | sl_price=2077.05 | quantity=4 | pnl=28.0 | pnl_percent=0.34 | charges=32.5 | trade_id=0 | duration_seconds=1970.155088 | duration_minutes=32.8
2025-11-25 15:05:53 | INFO | EXIT_BLOCKED | Cannot exit GODREJPROP-EQ: Pending SELL order already exists for GODREJPROP-EQ (Order ID: 251125001055394)
2025-11-25 15:05:53 | INFO | SL_HIT | 🛑 STOP LOSS HIT | PNBHOUSING-EQ | Entry: ₹885.90 | Exit: ₹880.70 | SL: ₹881.45 | PnL: ₹-57.20 | symbol=PNBHOUSING-EQ | exit_reason=SL_HIT | entry_price=885.9 | exit_price=880.7 | sl_price=881.45 | quantity=11 | pnl=-57.2 | pnl_percent=-0.59 | charges=34.0 | trade_id=0 | duration_seconds=1965.288293 | duration_minutes=32.8
2025-11-25 15:05:53 | INFO | EXIT_BLOCKED | Cannot exit PNBHOUSING-EQ: Pending SELL order already exists for PNBHOUSING-EQ (Order ID: 251125001073992)
2025-11-25 15:05:53 | INFO | MONITOR | Paper trades checked (next in 60s)
2025-11-25 15:05:53 | INFO | MONITOR_SLEEP | Sleeping for 20s (base=20s, consecutive_errors=0, monitoring_suspended=False)
2025-11-25 15:06:13 | INFO | SL_MISSING_DETECTED | SL order missing for BALKRISIND-EQ (retry thread will handle) | symbol=BALKRISIND-EQ | sl_price=2275.55 | retry_count=10
2025-11-25 15:06:13 | INFO | SL_CHECK | Stop-loss hit for BALKRISIND-EQ (last_ltp: 2307.0, sl: 2275.55)
2025-11-25 15:06:13 | INFO | SL_MISSING_DETECTED | SL order missing for GODREJPROP-EQ (retry thread will handle) | symbol=GODREJPROP-EQ | sl_price=2077.05 | retry_count=10
2025-11-25 15:06:13 | INFO | SL_CHECK | Stop-loss hit for GODREJPROP-EQ (last_ltp: 2094.5, sl: 2077.05)
2025-11-25 15:06:13 | INFO | SL_CHECK | Stop-loss hit for PNBHOUSING-EQ (last_ltp: 880.7, sl: 881.45)
2025-11-25 15:06:13 | INFO | BUCKET_LTP_CHECK | Checking bucket 2/3 | symbols=['CHAMBLFERT-EQ', 'BALKRISIND-EQ', 'GODREJPROP-EQ'] | count=3
2025-11-25 15:06:14 | INFO | BUCKET_LTP_RESULT | Bucket LTP check complete | checked=3 | skipped=0 | bucket_number=2 | total_buckets=3
2025-11-25 15:06:15 | INFO | SL_HIT | 🛑 STOP LOSS HIT | BALKRISIND-EQ | Entry: ₹2287.00 | Exit: ₹2307.70 | SL: ₹2275.55 | PnL: ₹82.80 | symbol=BALKRISIND-EQ | exit_reason=SL_HIT | entry_price=2287.0 | exit_price=2307.7 | sl_price=2275.55 | quantity=4 | pnl=82.8 | pnl_percent=0.91 | charges=33.32 | trade_id=0 | duration_seconds=2890.107816 | duration_minutes=48.2
2025-11-25 15:06:15 | INFO | EXIT_BLOCKED | Cannot exit BALKRISIND-EQ: Pending SELL order already exists for BALKRISIND-EQ (Order ID: 251125000975801)
2025-11-25 15:06:15 | INFO | SL_HIT | 🛑 STOP LOSS HIT | GODREJPROP-EQ | Entry: ₹2087.50 | Exit: ₹2095.00 | SL: ₹2077.05 | PnL: ₹30.00 | symbol=GODREJPROP-EQ | exit_reason=SL_HIT | entry_price=2087.5 | exit_price=2095.0 | sl_price=2077.05 | quantity=4 | pnl=30.0 | pnl_percent=0.36 | charges=32.5 | trade_id=0 | duration_seconds=1992.060045 | duration_minutes=33.2
2025-11-25 15:06:15 | INFO | EXIT_BLOCKED | Cannot exit GODREJPROP-EQ: Pending SELL order already exists for GODREJPROP-EQ (Order ID: 251125001055394)
2025-11-25 15:06:15 | INFO | SL_HIT | 🛑 STOP LOSS HIT | PNBHOUSING-EQ | Entry: ₹885.90 | Exit: ₹880.70 | SL: ₹881.45 | PnL: ₹-57.20 | symbol=PNBHOUSING-EQ | exit_reason=SL_HIT | entry_price=885.9 | exit_price=880.7 | sl_price=881.45 | quantity=11 | pnl=-57.2 | pnl_percent=-0.59 | charges=34.0 | trade_id=0 | duration_seconds=1987.193577 | duration_minutes=33.1
2025-11-25 15:06:15 | INFO | EXIT_BLOCKED | Cannot exit PNBHOUSING-EQ: Pending SELL order already exists for PNBHOUSING-EQ (Order ID: 251125001073992)
2025-11-25 15:06:15 | INFO | MONITOR_SLEEP | Sleeping for 20s (base=20s, consecutive_errors=0, monitoring_suspended=False)
2025-11-25 15:06:35 | INFO | SL_MISSING_DETECTED | SL order missing for BALKRISIND-EQ (retry thread will handle) | symbol=BALKRISIND-EQ | sl_price=2275.55 | retry_count=10
2025-11-25 15:06:35 | INFO | SL_CHECK | Stop-loss hit for BALKRISIND-EQ (last_ltp: 2307.7, sl: 2275.55)
2025-11-25 15:06:35 | INFO | SL_MISSING_DETECTED | SL order missing for GODREJPROP-EQ (retry thread will handle) | symbol=GODREJPROP-EQ | sl_price=2077.05 | retry_count=10
2025-11-25 15:06:35 | INFO | SL_CHECK | Stop-loss hit for GODREJPROP-EQ (last_ltp: 2095.0, sl: 2077.05)
2025-11-25 15:06:35 | INFO | SL_CHECK | Stop-loss hit for PNBHOUSING-EQ (last_ltp: 880.7, sl: 881.45)
2025-11-25 15:06:35 | INFO | BUCKET_LTP_CHECK | Checking bucket 0/3 | symbols=['PNBHOUSING-EQ'] | count=1
2025-11-25 15:06:35 | INFO | BUCKET_LTP_RESULT | Bucket LTP check complete | checked=1 | skipped=0 | bucket_number=0 | total_buckets=3
2025-11-25 15:06:36 | INFO | SL_HIT | 🛑 STOP LOSS HIT | BALKRISIND-EQ | Entry: ₹2287.00 | Exit: ₹2307.70 | SL: ₹2275.55 | PnL: ₹82.80 | symbol=BALKRISIND-EQ | exit_reason=SL_HIT | entry_price=2287.0 | exit_price=2307.7 | sl_price=2275.55 | quantity=4 | pnl=82.8 | pnl_percent=0.91 | charges=33.32 | trade_id=0 | duration_seconds=2911.450985 | duration_minutes=48.5
2025-11-25 15:06:36 | INFO | EXIT_BLOCKED | Cannot exit BALKRISIND-EQ: Pending SELL order already exists for BALKRISIND-EQ (Order ID: 251125000975801)
2025-11-25 15:06:36 | INFO | SL_HIT | 🛑 STOP LOSS HIT | GODREJPROP-EQ | Entry: ₹2087.50 | Exit: ₹2095.00 | SL: ₹2077.05 | PnL: ₹30.00 | symbol=GODREJPROP-EQ | exit_reason=SL_HIT | entry_price=2087.5 | exit_price=2095.0 | sl_price=2077.05 | quantity=4 | pnl=30.0 | pnl_percent=0.36 | charges=32.5 | trade_id=0 | duration_seconds=2013.402837 | duration_minutes=33.6
2025-11-25 15:06:36 | INFO | EXIT_BLOCKED | Cannot exit GODREJPROP-EQ: Pending SELL order already exists for GODREJPROP-EQ (Order ID: 251125001055394)
2025-11-25 15:06:36 | INFO | SL_HIT | 🛑 STOP LOSS HIT | PNBHOUSING-EQ | Entry: ₹885.90 | Exit: ₹880.25 | SL: ₹881.45 | PnL: ₹-62.15 | symbol=PNBHOUSING-EQ | exit_reason=SL_HIT | entry_price=885.9 | exit_price=880.25 | sl_price=881.45 | quantity=11 | pnl=-62.15 | pnl_percent=-0.64 | charges=34.0 | trade_id=0 | duration_seconds=2008.535854 | duration_minutes=33.5
2025-11-25 15:06:36 | INFO | EXIT_BLOCKED | Cannot exit PNBHOUSING-EQ: Pending SELL order already exists for PNBHOUSING-EQ (Order ID: 251125001073992)
2025-11-25 15:06:36 | INFO | MONITOR_SLEEP | Sleeping for 20s (base=20s, consecutive_errors=0, monitoring_suspended=False)
2025-11-25 15:06:56 | INFO | SL_MISSING_DETECTED | SL order missing for BALKRISIND-EQ (retry thread will handle) | symbol=BALKRISIND-EQ | sl_price=2275.55 | retry_count=10
2025-11-25 15:06:56 | INFO | SL_CHECK | Stop-loss hit for BALKRISIND-EQ (last_ltp: 2307.7, sl: 2275.55)
2025-11-25 15:06:56 | INFO | SL_MISSING_DETECTED | SL order missing for GODREJPROP-EQ (retry thread will handle) | symbol=GODREJPROP-EQ | sl_price=2077.05 | retry_count=10
2025-11-25 15:06:56 | INFO | SL_CHECK | Stop-loss hit for GODREJPROP-EQ (last_ltp: 2095.0, sl: 2077.05)
2025-11-25 15:06:56 | INFO | SL_CHECK | Stop-loss hit for PNBHOUSING-EQ (last_ltp: 880.25, sl: 881.45)
2025-11-25 15:06:56 | INFO | BUCKET_LTP_CHECK | Checking bucket 1/3 | symbols=['IOC-EQ', 'M&M-EQ', 'UPL-EQ'] | count=3
2025-11-25 15:06:57 | INFO | BUCKET_LTP_RESULT | Bucket LTP check complete | checked=3 | skipped=0 | bucket_number=1 | total_buckets=3
2025-11-25 15:06:58 | INFO | SL_HIT | 🛑 STOP LOSS HIT | BALKRISIND-EQ | Entry: ₹2287.00 | Exit: ₹2307.70 | SL: ₹2275.55 | PnL: ₹82.80 | symbol=BALKRISIND-EQ | exit_reason=SL_HIT | entry_price=2287.0 | exit_price=2307.7 | sl_price=2275.55 | quantity=4 | pnl=82.8 | pnl_percent=0.91 | charges=33.32 | trade_id=0 | duration_seconds=2933.333509 | duration_minutes=48.9
2025-11-25 15:06:58 | INFO | EXIT_BLOCKED | Cannot exit BALKRISIND-EQ: Pending SELL order already exists for BALKRISIND-EQ (Order ID: 251125000975801)
2025-11-25 15:06:58 | INFO | SL_HIT | 🛑 STOP LOSS HIT | GODREJPROP-EQ | Entry: ₹2087.50 | Exit: ₹2095.00 | SL: ₹2077.05 | PnL: ₹30.00 | symbol=GODREJPROP-EQ | exit_reason=SL_HIT | entry_price=2087.5 | exit_price=2095.0 | sl_price=2077.05 | quantity=4 | pnl=30.0 | pnl_percent=0.36 | charges=32.5 | trade_id=0 | duration_seconds=2035.284297 | duration_minutes=33.9
2025-11-25 15:06:58 | INFO | EXIT_BLOCKED | Cannot exit GODREJPROP-EQ: Pending SELL order already exists for GODREJPROP-EQ (Order ID: 251125001055394)
2025-11-25 15:06:58 | INFO | SL_HIT | 🛑 STOP LOSS HIT | PNBHOUSING-EQ | Entry: ₹885.90 | Exit: ₹880.25 | SL: ₹881.45 | PnL: ₹-62.15 | symbol=PNBHOUSING-EQ | exit_reason=SL_HIT | entry_price=885.9 | exit_price=880.25 | sl_price=881.45 | quantity=11 | pnl=-62.15 | pnl_percent=-0.64 | charges=34.0 | trade_id=0 | duration_seconds=2030.417424 | duration_minutes=33.8
2025-11-25 15:06:58 | INFO | EXIT_BLOCKED | Cannot exit PNBHOUSING-EQ: Pending SELL order already exists for PNBHOUSING-EQ (Order ID: 251125001073992)
2025-11-25 15:06:58 | INFO | MONITOR | Paper trades checked (next in 60s)
2025-11-25 15:06:58 | INFO | MONITOR_SLEEP | Sleeping for 20s (base=20s, consecutive_errors=0, monitoring_suspended=False)
2025-11-25 15:07:18 | INFO | SL_MISSING_DETECTED | SL order missing for BALKRISIND-EQ (retry thread will handle) | symbol=BALKRISIND-EQ | sl_price=2275.55 | retry_count=10
2025-11-25 15:07:18 | INFO | SL_CHECK | Stop-loss hit for BALKRISIND-EQ (last_ltp: 2307.7, sl: 2275.55)
2025-11-25 15:07:18 | INFO | SL_MISSING_DETECTED | SL order missing for GODREJPROP-EQ (retry thread will handle) | symbol=GODREJPROP-EQ | sl_price=2077.05 | retry_count=10
2025-11-25 15:07:18 | INFO | SL_CHECK | Stop-loss hit for GODREJPROP-EQ (last_ltp: 2095.0, sl: 2077.05)
2025-11-25 15:07:18 | INFO | SL_CHECK | Stop-loss hit for PNBHOUSING-EQ (last_ltp: 880.25, sl: 881.45)
2025-11-25 15:07:18 | INFO | BUCKET_LTP_CHECK | Checking bucket 2/3 | symbols=['CHAMBLFERT-EQ', 'BALKRISIND-EQ', 'GODREJPROP-EQ'] | count=3
2025-11-25 15:07:19 | INFO | BUCKET_LTP_RESULT | Bucket LTP check complete | checked=3 | skipped=0 | bucket_number=2 | total_buckets=3
2025-11-25 15:07:20 | INFO | SL_HIT | 🛑 STOP LOSS HIT | BALKRISIND-EQ | Entry: ₹2287.00 | Exit: ₹2309.00 | SL: ₹2275.55 | PnL: ₹88.00 | symbol=BALKRISIND-EQ | exit_reason=SL_HIT | entry_price=2287.0 | exit_price=2309.0 | sl_price=2275.55 | quantity=4 | pnl=88.0 | pnl_percent=0.96 | charges=33.32 | trade_id=0 | duration_seconds=2955.199151 | duration_minutes=49.3
2025-11-25 15:07:20 | INFO | EXIT_BLOCKED | Cannot exit BALKRISIND-EQ: Pending SELL order already exists for BALKRISIND-EQ (Order ID: 251125000975801)
2025-11-25 15:07:20 | INFO | SL_HIT | 🛑 STOP LOSS HIT | GODREJPROP-EQ | Entry: ₹2087.50 | Exit: ₹2096.50 | SL: ₹2077.05 | PnL: ₹36.00 | symbol=GODREJPROP-EQ | exit_reason=SL_HIT | entry_price=2087.5 | exit_price=2096.5 | sl_price=2077.05 | quantity=4 | pnl=36.0 | pnl_percent=0.43 | charges=32.5 | trade_id=0 | duration_seconds=2057.149845 | duration_minutes=34.3
2025-11-25 15:07:20 | INFO | EXIT_BLOCKED | Cannot exit GODREJPROP-EQ: Pending SELL order already exists for GODREJPROP-EQ (Order ID: 251125001055394)
2025-11-25 15:07:20 | INFO | SL_HIT | 🛑 STOP LOSS HIT | PNBHOUSING-EQ | Entry: ₹885.90 | Exit: ₹880.25 | SL: ₹881.45 | PnL: ₹-62.15 | symbol=PNBHOUSING-EQ | exit_reason=SL_HIT | entry_price=885.9 | exit_price=880.25 | sl_price=881.45 | quantity=11 | pnl=-62.15 | pnl_percent=-0.64 | charges=34.0 | trade_id=0 | duration_seconds=2052.282918 | duration_minutes=34.2
2025-11-25 15:07:20 | INFO | EXIT_BLOCKED | Cannot exit PNBHOUSING-EQ: Pending SELL order already exists for PNBHOUSING-EQ (Order ID: 251125001073992)
2025-11-25 15:07:20 | INFO | MONITOR_SLEEP | Sleeping for 20s (base=20s, consecutive_errors=0, monitoring_suspended=False)
2025-11-25 15:07:40 | INFO | SL_MISSING_DETECTED | SL order missing for BALKRISIND-EQ (retry thread will handle) | symbol=BALKRISIND-EQ | sl_price=2275.55 | retry_count=10
2025-11-25 15:07:40 | INFO | SL_CHECK | Stop-loss hit for BALKRISIND-EQ (last_ltp: 2309.0, sl: 2275.55)
2025-11-25 15:07:40 | INFO | SL_MISSING_DETECTED | SL order missing for GODREJPROP-EQ (retry thread will handle) | symbol=GODREJPROP-EQ | sl_price=2077.05 | retry_count=10
2025-11-25 15:07:40 | INFO | SL_CHECK | Stop-loss hit for GODREJPROP-EQ (last_ltp: 2096.5, sl: 2077.05)
2025-11-25 15:07:40 | INFO | SL_CHECK | Stop-loss hit for PNBHOUSING-EQ (last_ltp: 880.25, sl: 881.45)
2025-11-25 15:07:40 | INFO | BUCKET_LTP_CHECK | Checking bucket 0/3 | symbols=['PNBHOUSING-EQ'] | count=1
2025-11-25 15:07:40 | INFO | BUCKET_LTP_RESULT | Bucket LTP check complete | checked=1 | skipped=0 | bucket_number=0 | total_buckets=3
2025-11-25 15:07:41 | INFO | SL_HIT | 🛑 STOP LOSS HIT | BALKRISIND-EQ | Entry: ₹2287.00 | Exit: ₹2309.00 | SL: ₹2275.55 | PnL: ₹88.00 | symbol=BALKRISIND-EQ | exit_reason=SL_HIT | entry_price=2287.0 | exit_price=2309.0 | sl_price=2275.55 | quantity=4 | pnl=88.0 | pnl_percent=0.96 | charges=33.32 | trade_id=0 | duration_seconds=2976.516055 | duration_minutes=49.6
2025-11-25 15:07:41 | INFO | EXIT_BLOCKED | Cannot exit BALKRISIND-EQ: Pending SELL order already exists for BALKRISIND-EQ (Order ID: 251125000975801)
2025-11-25 15:07:41 | INFO | SL_HIT | 🛑 STOP LOSS HIT | GODREJPROP-EQ | Entry: ₹2087.50 | Exit: ₹2096.50 | SL: ₹2077.05 | PnL: ₹36.00 | symbol=GODREJPROP-EQ | exit_reason=SL_HIT | entry_price=2087.5 | exit_price=2096.5 | sl_price=2077.05 | quantity=4 | pnl=36.0 | pnl_percent=0.43 | charges=32.5 | trade_id=0 | duration_seconds=2078.468283 | duration_minutes=34.6
2025-11-25 15:07:41 | INFO | EXIT_BLOCKED | Cannot exit GODREJPROP-EQ: Pending SELL order already exists for GODREJPROP-EQ (Order ID: 251125001055394)
2025-11-25 15:07:42 | INFO | MONITOR_SLEEP | Sleeping for 20s (base=20s, consecutive_errors=0, monitoring_suspended=False)
2025-11-25 15:08:02 | INFO | SL_MISSING_DETECTED | SL order missing for BALKRISIND-EQ (retry thread will handle) | symbol=BALKRISIND-EQ | sl_price=2275.55 | retry_count=10
2025-11-25 15:08:02 | INFO | SL_CHECK | Stop-loss hit for BALKRISIND-EQ (last_ltp: 2309.0, sl: 2275.55)
2025-11-25 15:08:02 | INFO | SL_MISSING_DETECTED | SL order missing for GODREJPROP-EQ (retry thread will handle) | symbol=GODREJPROP-EQ | sl_price=2077.05 | retry_count=10
2025-11-25 15:08:02 | INFO | SL_CHECK | Stop-loss hit for GODREJPROP-EQ (last_ltp: 2096.5, sl: 2077.05)
2025-11-25 15:08:02 | INFO | BUCKET_LTP_CHECK | Checking bucket 1/3 | symbols=['IOC-EQ', 'M&M-EQ', 'UPL-EQ'] | count=3
2025-11-25 15:08:02 | INFO | BUCKET_LTP_RESULT | Bucket LTP check complete | checked=3 | skipped=0 | bucket_number=1 | total_buckets=3
2025-11-25 15:08:03 | INFO | SL_HIT | 🛑 STOP LOSS HIT | BALKRISIND-EQ | Entry: ₹2287.00 | Exit: ₹2309.00 | SL: ₹2275.55 | PnL: ₹88.00 | symbol=BALKRISIND-EQ | exit_reason=SL_HIT | entry_price=2287.0 | exit_price=2309.0 | sl_price=2275.55 | quantity=4 | pnl=88.0 | pnl_percent=0.96 | charges=33.32 | trade_id=0 | duration_seconds=2998.412138 | duration_minutes=50.0
2025-11-25 15:08:03 | INFO | EXIT_BLOCKED | Cannot exit BALKRISIND-EQ: Pending SELL order already exists for BALKRISIND-EQ (Order ID: 251125000975801)
2025-11-25 15:08:03 | INFO | SL_HIT | 🛑 STOP LOSS HIT | GODREJPROP-EQ | Entry: ₹2087.50 | Exit: ₹2096.50 | SL: ₹2077.05 | PnL: ₹36.00 | symbol=GODREJPROP-EQ | exit_reason=SL_HIT | entry_price=2087.5 | exit_price=2096.5 | sl_price=2077.05 | quantity=4 | pnl=36.0 | pnl_percent=0.43 | charges=32.5 | trade_id=0 | duration_seconds=2100.364076 | duration_minutes=35.0
2025-11-25 15:08:03 | INFO | EXIT_BLOCKED | Cannot exit GODREJPROP-EQ: Pending SELL order already exists for GODREJPROP-EQ (Order ID: 251125001055394)
2025-11-25 15:08:03 | INFO | MONITOR | Paper trades checked (next in 60s)
2025-11-25 15:08:03 | INFO | MONITOR_SLEEP | Sleeping for 20s (base=20s, consecutive_errors=0, monitoring_suspended=False)
2025-11-25 15:08:23 | INFO | SL_MISSING_DETECTED | SL order missing for BALKRISIND-EQ (retry thread will handle) | symbol=BALKRISIND-EQ | sl_price=2275.55 | retry_count=10
2025-11-25 15:08:23 | INFO | SL_CHECK | Stop-loss hit for BALKRISIND-EQ (last_ltp: 2309.0, sl: 2275.55)
2025-11-25 15:08:23 | INFO | SL_MISSING_DETECTED | SL order missing for GODREJPROP-EQ (retry thread will handle) | symbol=GODREJPROP-EQ | sl_price=2077.05 | retry_count=10
2025-11-25 15:08:23 | INFO | SL_CHECK | Stop-loss hit for GODREJPROP-EQ (last_ltp: 2096.5, sl: 2077.05)
2025-11-25 15:08:23 | INFO | BUCKET_LTP_CHECK | Checking bucket 2/3 | symbols=['CHAMBLFERT-EQ', 'BALKRISIND-EQ', 'GODREJPROP-EQ'] | count=3
2025-11-25 15:08:24 | INFO | BUCKET_LTP_RESULT | Bucket LTP check complete | checked=3 | skipped=0 | bucket_number=2 | total_buckets=3
2025-11-25 15:08:25 | INFO | SL_HIT | 🛑 STOP LOSS HIT | BALKRISIND-EQ | Entry: ₹2287.00 | Exit: ₹2306.90 | SL: ₹2275.55 | PnL: ₹79.60 | symbol=BALKRISIND-EQ | exit_reason=SL_HIT | entry_price=2287.0 | exit_price=2306.9 | sl_price=2275.55 | quantity=4 | pnl=79.6 | pnl_percent=0.87 | charges=33.32 | trade_id=0 | duration_seconds=3020.293471 | duration_minutes=50.3
2025-11-25 15:08:25 | INFO | EXIT_BLOCKED | Cannot exit BALKRISIND-EQ: Pending SELL order already exists for BALKRISIND-EQ (Order ID: 251125000975801)
2025-11-25 15:08:25 | INFO | SL_HIT | 🛑 STOP LOSS HIT | GODREJPROP-EQ | Entry: ₹2087.50 | Exit: ₹2096.30 | SL: ₹2077.05 | PnL: ₹35.20 | symbol=GODREJPROP-EQ | exit_reason=SL_HIT | entry_price=2087.5 | exit_price=2096.3 | sl_price=2077.05 | quantity=4 | pnl=35.2 | pnl_percent=0.42 | charges=32.5 | trade_id=0 | duration_seconds=2122.244411 | duration_minutes=35.4
2025-11-25 15:08:25 | INFO | EXIT_BLOCKED | Cannot exit GODREJPROP-EQ: Pending SELL order already exists for GODREJPROP-EQ (Order ID: 251125001055394)
2025-11-25 15:08:25 | INFO | MONITOR_SLEEP | Sleeping for 20s (base=20s, consecutive_errors=0, monitoring_suspended=False)
2025-11-25 15:08:45 | INFO | SL_MISSING_DETECTED | SL order missing for BALKRISIND-EQ (retry thread will handle) | symbol=BALKRISIND-EQ | sl_price=2275.55 | retry_count=10
2025-11-25 15:08:45 | INFO | SL_CHECK | Stop-loss hit for BALKRISIND-EQ (last_ltp: 2306.9, sl: 2275.55)
2025-11-25 15:08:45 | INFO | SL_MISSING_DETECTED | SL order missing for GODREJPROP-EQ (retry thread will handle) | symbol=GODREJPROP-EQ | sl_price=2077.05 | retry_count=10
2025-11-25 15:08:45 | INFO | SL_CHECK | Stop-loss hit for GODREJPROP-EQ (last_ltp: 2096.3, sl: 2077.05)
2025-11-25 15:08:45 | INFO | BUCKET_LTP_CHECK | Checking bucket 0/3 | symbols=['PNBHOUSING-EQ'] | count=1
2025-11-25 15:08:45 | INFO | BUCKET_LTP_RESULT | Bucket LTP check complete | checked=1 | skipped=0 | bucket_number=0 | total_buckets=3
2025-11-25 15:08:46 | INFO | SL_HIT | 🛑 STOP LOSS HIT | BALKRISIND-EQ | Entry: ₹2287.00 | Exit: ₹2306.90 | SL: ₹2275.55 | PnL: ₹79.60 | symbol=BALKRISIND-EQ | exit_reason=SL_HIT | entry_price=2287.0 | exit_price=2306.9 | sl_price=2275.55 | quantity=4 | pnl=79.6 | pnl_percent=0.87 | charges=33.32 | trade_id=0 | duration_seconds=3041.621737 | duration_minutes=50.7
2025-11-25 15:08:46 | INFO | EXIT_BLOCKED | Cannot exit BALKRISIND-EQ: Pending SELL order already exists for BALKRISIND-EQ (Order ID: 251125000975801)
2025-11-25 15:08:46 | INFO | SL_HIT | 🛑 STOP LOSS HIT | GODREJPROP-EQ | Entry: ₹2087.50 | Exit: ₹2096.30 | SL: ₹2077.05 | PnL: ₹35.20 | symbol=GODREJPROP-EQ | exit_reason=SL_HIT | entry_price=2087.5 | exit_price=2096.3 | sl_price=2077.05 | quantity=4 | pnl=35.2 | pnl_percent=0.42 | charges=32.5 | trade_id=0 | duration_seconds=2143.572471 | duration_minutes=35.7
2025-11-25 15:08:46 | INFO | EXIT_BLOCKED | Cannot exit GODREJPROP-EQ: Pending SELL order already exists for GODREJPROP-EQ (Order ID: 251125001055394)
2025-11-25 15:08:47 | INFO | MONITOR_SLEEP | Sleeping for 20s (base=20s, consecutive_errors=0, monitoring_suspended=False)
2025-11-25 15:09:07 | INFO | SL_MISSING_DETECTED | SL order missing for BALKRISIND-EQ (retry thread will handle) | symbol=BALKRISIND-EQ | sl_price=2275.55 | retry_count=10
2025-11-25 15:09:07 | INFO | SL_CHECK | Stop-loss hit for BALKRISIND-EQ (last_ltp: 2306.9, sl: 2275.55)
2025-11-25 15:09:07 | INFO | SL_MISSING_DETECTED | SL order missing for GODREJPROP-EQ (retry thread will handle) | symbol=GODREJPROP-EQ | sl_price=2077.05 | retry_count=10
2025-11-25 15:09:07 | INFO | SL_CHECK | Stop-loss hit for GODREJPROP-EQ (last_ltp: 2096.3, sl: 2077.05)
2025-11-25 15:09:07 | INFO | BUCKET_LTP_CHECK | Checking bucket 1/3 | symbols=['IOC-EQ', 'M&M-EQ', 'UPL-EQ'] | count=3
2025-11-25 15:09:07 | INFO | BUCKET_LTP_RESULT | Bucket LTP check complete | checked=3 | skipped=0 | bucket_number=1 | total_buckets=3
2025-11-25 15:09:08 | INFO | SL_HIT | 🛑 STOP LOSS HIT | BALKRISIND-EQ | Entry: ₹2287.00 | Exit: ₹2306.90 | SL: ₹2275.55 | PnL: ₹79.60 | symbol=BALKRISIND-EQ | exit_reason=SL_HIT | entry_price=2287.0 | exit_price=2306.9 | sl_price=2275.55 | quantity=4 | pnl=79.6 | pnl_percent=0.87 | charges=33.32 | trade_id=0 | duration_seconds=3063.520649 | duration_minutes=51.1
2025-11-25 15:09:08 | INFO | EXIT_BLOCKED | Cannot exit BALKRISIND-EQ: Pending SELL order already exists for BALKRISIND-EQ (Order ID: 251125000975801)
2025-11-25 15:09:08 | INFO | SL_HIT | 🛑 STOP LOSS HIT | GODREJPROP-EQ | Entry: ₹2087.50 | Exit: ₹2096.30 | SL: ₹2077.05 | PnL: ₹35.20 | symbol=GODREJPROP-EQ | exit_reason=SL_HIT | entry_price=2087.5 | exit_price=2096.3 | sl_price=2077.05 | quantity=4 | pnl=35.2 | pnl_percent=0.42 | charges=32.5 | trade_id=0 | duration_seconds=2165.471379 | duration_minutes=36.1
2025-11-25 15:09:08 | INFO | EXIT_BLOCKED | Cannot exit GODREJPROP-EQ: Pending SELL order already exists for GODREJPROP-EQ (Order ID: 251125001055394)
2025-11-25 15:09:09 | INFO | MONITOR | Paper trades checked (next in 60s)
2025-11-25 15:09:09 | INFO | MONITOR_SLEEP | Sleeping for 20s (base=20s, consecutive_errors=0, monitoring_suspended=False)
2025-11-25 15:09:29 | INFO | SL_MISSING_DETECTED | SL order missing for BALKRISIND-EQ (retry thread will handle) | symbol=BALKRISIND-EQ | sl_price=2275.55 | retry_count=10
2025-11-25 15:09:29 | INFO | SL_CHECK | Stop-loss hit for BALKRISIND-EQ (last_ltp: 2306.9, sl: 2275.55)
2025-11-25 15:09:29 | INFO | SL_MISSING_DETECTED | SL order missing for GODREJPROP-EQ (retry thread will handle) | symbol=GODREJPROP-EQ | sl_price=2077.05 | retry_count=10
2025-11-25 15:09:29 | INFO | SL_CHECK | Stop-loss hit for GODREJPROP-EQ (last_ltp: 2096.3, sl: 2077.05)
2025-11-25 15:09:29 | INFO | BUCKET_LTP_CHECK | Checking bucket 2/3 | symbols=['CHAMBLFERT-EQ', 'BALKRISIND-EQ', 'GODREJPROP-EQ'] | count=3
2025-11-25 15:09:29 | INFO | BUCKET_LTP_RESULT | Bucket LTP check complete | checked=3 | skipped=0 | bucket_number=2 | total_buckets=3
2025-11-25 15:09:30 | INFO | SL_HIT | 🛑 STOP LOSS HIT | BALKRISIND-EQ | Entry: ₹2287.00 | Exit: ₹2307.10 | SL: ₹2275.55 | PnL: ₹80.40 | symbol=BALKRISIND-EQ | exit_reason=SL_HIT | entry_price=2287.0 | exit_price=2307.1 | sl_price=2275.55 | quantity=4 | pnl=80.4 | pnl_percent=0.88 | charges=33.32 | trade_id=0 | duration_seconds=3085.372991 | duration_minutes=51.4
2025-11-25 15:09:30 | INFO | EXIT_BLOCKED | Cannot exit BALKRISIND-EQ: Pending SELL order already exists for BALKRISIND-EQ (Order ID: 251125000975801)
2025-11-25 15:09:30 | INFO | SL_HIT | 🛑 STOP LOSS HIT | GODREJPROP-EQ | Entry: ₹2087.50 | Exit: ₹2095.00 | SL: ₹2077.05 | PnL: ₹30.00 | symbol=GODREJPROP-EQ | exit_reason=SL_HIT | entry_price=2087.5 | exit_price=2095.0 | sl_price=2077.05 | quantity=4 | pnl=30.0 | pnl_percent=0.36 | charges=32.5 | trade_id=0 | duration_seconds=2187.325174 | duration_minutes=36.5
2025-11-25 15:09:30 | INFO | EXIT_BLOCKED | Cannot exit GODREJPROP-EQ: Pending SELL order already exists for GODREJPROP-EQ (Order ID: 251125001055394)
2025-11-25 15:09:30 | INFO | MONITOR_SLEEP | Sleeping for 20s (base=20s, consecutive_errors=0, monitoring_suspended=False)
2025-11-25 15:09:50 | INFO | SL_MISSING_DETECTED | SL order missing for BALKRISIND-EQ (retry thread will handle) | symbol=BALKRISIND-EQ | sl_price=2275.55 | retry_count=10
2025-11-25 15:09:50 | INFO | SL_CHECK | Stop-loss hit for BALKRISIND-EQ (last_ltp: 2307.1, sl: 2275.55)
2025-11-25 15:09:50 | INFO | SL_MISSING_DETECTED | SL order missing for GODREJPROP-EQ (retry thread will handle) | symbol=GODREJPROP-EQ | sl_price=2077.05 | retry_count=10
2025-11-25 15:09:50 | INFO | SL_CHECK | Stop-loss hit for GODREJPROP-EQ (last_ltp: 2095.0, sl: 2077.05)
2025-11-25 15:09:50 | INFO | BUCKET_LTP_CHECK | Checking bucket 0/3 | symbols=['PNBHOUSING-EQ'] | count=1
2025-11-25 15:09:50 | INFO | BUCKET_LTP_RESULT | Bucket LTP check complete | checked=1 | skipped=0 | bucket_number=0 | total_buckets=3
2025-11-25 15:09:51 | INFO | SL_HIT | 🛑 STOP LOSS HIT | BALKRISIND-EQ | Entry: ₹2287.00 | Exit: ₹2307.10 | SL: ₹2275.55 | PnL: ₹80.40 | symbol=BALKRISIND-EQ | exit_reason=SL_HIT | entry_price=2287.0 | exit_price=2307.1 | sl_price=2275.55 | quantity=4 | pnl=80.4 | pnl_percent=0.88 | charges=33.32 | trade_id=0 | duration_seconds=3106.694638 | duration_minutes=51.8
2025-11-25 15:09:51 | INFO | EXIT_BLOCKED | Cannot exit BALKRISIND-EQ: Pending SELL order already exists for BALKRISIND-EQ (Order ID: 251125000975801)
2025-11-25 15:09:51 | INFO | SL_HIT | 🛑 STOP LOSS HIT | GODREJPROP-EQ | Entry: ₹2087.50 | Exit: ₹2095.00 | SL: ₹2077.05 | PnL: ₹30.00 | symbol=GODREJPROP-EQ | exit_reason=SL_HIT | entry_price=2087.5 | exit_price=2095.0 | sl_price=2077.05 | quantity=4 | pnl=30.0 | pnl_percent=0.36 | charges=32.5 | trade_id=0 | duration_seconds=2208.64536 | duration_minutes=36.8
2025-11-25 15:09:51 | INFO | EXIT_BLOCKED | Cannot exit GODREJPROP-EQ: Pending SELL order already exists for GODREJPROP-EQ (Order ID: 251125001055394)
2025-11-25 15:09:52 | INFO | MONITOR_SLEEP | Sleeping for 20s (base=20s, consecutive_errors=0, monitoring_suspended=False)
2025-11-25 15:10:12 | INFO | SL_MISSING_DETECTED | SL order missing for BALKRISIND-EQ (retry thread will handle) | symbol=BALKRISIND-EQ | sl_price=2275.55 | retry_count=10
2025-11-25 15:10:12 | INFO | SL_CHECK | Stop-loss hit for BALKRISIND-EQ (last_ltp: 2307.1, sl: 2275.55)
2025-11-25 15:10:12 | INFO | SL_MISSING_DETECTED | SL order missing for GODREJPROP-EQ (retry thread will handle) | symbol=GODREJPROP-EQ | sl_price=2077.05 | retry_count=10
2025-11-25 15:10:12 | INFO | SL_CHECK | Stop-loss hit for GODREJPROP-EQ (last_ltp: 2095.0, sl: 2077.05)
2025-11-25 15:10:12 | INFO | BUCKET_LTP_CHECK | Checking bucket 1/3 | symbols=['IOC-EQ', 'M&M-EQ', 'UPL-EQ'] | count=3
2025-11-25 15:10:12 | INFO | BUCKET_LTP_RESULT | Bucket LTP check complete | checked=3 | skipped=0 | bucket_number=1 | total_buckets=3
2025-11-25 15:10:13 | INFO | SL_HIT | 🛑 STOP LOSS HIT | BALKRISIND-EQ | Entry: ₹2287.00 | Exit: ₹2307.10 | SL: ₹2275.55 | PnL: ₹80.40 | symbol=BALKRISIND-EQ | exit_reason=SL_HIT | entry_price=2287.0 | exit_price=2307.1 | sl_price=2275.55 | quantity=4 | pnl=80.4 | pnl_percent=0.88 | charges=33.32 | trade_id=0 | duration_seconds=3128.575392 | duration_minutes=52.1
2025-11-25 15:10:13 | INFO | EXIT_BLOCKED | Cannot exit BALKRISIND-EQ: Pending SELL order already exists for BALKRISIND-EQ (Order ID: 251125000975801)
2025-11-25 15:10:13 | INFO | SL_HIT | 🛑 STOP LOSS HIT | GODREJPROP-EQ | Entry: ₹2087.50 | Exit: ₹2095.00 | SL: ₹2077.05 | PnL: ₹30.00 | symbol=GODREJPROP-EQ | exit_reason=SL_HIT | entry_price=2087.5 | exit_price=2095.0 | sl_price=2077.05 | quantity=4 | pnl=30.0 | pnl_percent=0.36 | charges=32.5 | trade_id=0 | duration_seconds=2230.526284 | duration_minutes=37.2
2025-11-25 15:10:13 | INFO | EXIT_BLOCKED | Cannot exit GODREJPROP-EQ: Pending SELL order already exists for GODREJPROP-EQ (Order ID: 251125001055394)
2025-11-25 15:10:14 | INFO | MONITOR | Paper trades checked (next in 60s)
2025-11-25 15:10:14 | INFO | MONITOR_SLEEP | Sleeping for 20s (base=20s, consecutive_errors=0, monitoring_suspended=False)
2025-11-25 15:10:34 | INFO | SL_MISSING_DETECTED | SL order missing for BALKRISIND-EQ (retry thread will handle) | symbol=BALKRISIND-EQ | sl_price=2275.55 | retry_count=10
2025-11-25 15:10:34 | INFO | SL_CHECK | Stop-loss hit for BALKRISIND-EQ (last_ltp: 2307.1, sl: 2275.55)
2025-11-25 15:10:34 | INFO | SL_MISSING_DETECTED | SL order missing for GODREJPROP-EQ (retry thread will handle) | symbol=GODREJPROP-EQ | sl_price=2077.05 | retry_count=10
2025-11-25 15:10:34 | INFO | SL_CHECK | Stop-loss hit for GODREJPROP-EQ (last_ltp: 2095.0, sl: 2077.05)
2025-11-25 15:10:34 | INFO | BUCKET_LTP_CHECK | Checking bucket 2/3 | symbols=['CHAMBLFERT-EQ', 'BALKRISIND-EQ', 'GODREJPROP-EQ'] | count=3
2025-11-25 15:10:34 | INFO | BUCKET_LTP_RESULT | Bucket LTP check complete | checked=3 | skipped=0 | bucket_number=2 | total_buckets=3
2025-11-25 15:10:35 | INFO | SL_HIT | 🛑 STOP LOSS HIT | BALKRISIND-EQ | Entry: ₹2287.00 | Exit: ₹2308.80 | SL: ₹2275.55 | PnL: ₹87.20 | symbol=BALKRISIND-EQ | exit_reason=SL_HIT | entry_price=2287.0 | exit_price=2308.8 | sl_price=2275.55 | quantity=4 | pnl=87.2 | pnl_percent=0.95 | charges=33.32 | trade_id=0 | duration_seconds=3150.48286 | duration_minutes=52.5
2025-11-25 15:10:35 | INFO | EXIT_BLOCKED | Cannot exit BALKRISIND-EQ: Pending SELL order already exists for BALKRISIND-EQ (Order ID: 251125000975801)
2025-11-25 15:10:35 | INFO | SL_HIT | 🛑 STOP LOSS HIT | GODREJPROP-EQ | Entry: ₹2087.50 | Exit: ₹2092.90 | SL: ₹2077.05 | PnL: ₹21.60 | symbol=GODREJPROP-EQ | exit_reason=SL_HIT | entry_price=2087.5 | exit_price=2092.9 | sl_price=2077.05 | quantity=4 | pnl=21.6 | pnl_percent=0.26 | charges=32.5 | trade_id=0 | duration_seconds=2252.434972 | duration_minutes=37.5
2025-11-25 15:10:35 | INFO | EXIT_BLOCKED | Cannot exit GODREJPROP-EQ: Pending SELL order already exists for GODREJPROP-EQ (Order ID: 251125001055394)
2025-11-25 15:10:35 | INFO | MONITOR_SLEEP | Sleeping for 20s (base=20s, consecutive_errors=0, monitoring_suspended=False)
2025-11-25 15:10:55 | INFO | SL_MISSING_DETECTED | SL order missing for BALKRISIND-EQ (retry thread will handle) | symbol=BALKRISIND-EQ | sl_price=2275.55 | retry_count=10
2025-11-25 15:10:55 | INFO | SL_CHECK | Stop-loss hit for BALKRISIND-EQ (last_ltp: 2308.8, sl: 2275.55)
2025-11-25 15:10:55 | INFO | SL_MISSING_DETECTED | SL order missing for GODREJPROP-EQ (retry thread will handle) | symbol=GODREJPROP-EQ | sl_price=2077.05 | retry_count=10
2025-11-25 15:10:55 | INFO | SL_CHECK | Stop-loss hit for GODREJPROP-EQ (last_ltp: 2092.9, sl: 2077.05)
2025-11-25 15:10:55 | INFO | BUCKET_LTP_CHECK | Checking bucket 0/3 | symbols=['PNBHOUSING-EQ'] | count=1
2025-11-25 15:10:56 | INFO | BUCKET_LTP_RESULT | Bucket LTP check complete | checked=1 | skipped=0 | bucket_number=0 | total_buckets=3
2025-11-25 15:10:56 | INFO | SL_HIT | 🛑 STOP LOSS HIT | BALKRISIND-EQ | Entry: ₹2287.00 | Exit: ₹2308.80 | SL: ₹2275.55 | PnL: ₹87.20 | symbol=BALKRISIND-EQ | exit_reason=SL_HIT | entry_price=2287.0 | exit_price=2308.8 | sl_price=2275.55 | quantity=4 | pnl=87.2 | pnl_percent=0.95 | charges=33.32 | trade_id=0 | duration_seconds=3171.817352 | duration_minutes=52.9
2025-11-25 15:10:56 | INFO | EXIT_BLOCKED | Cannot exit BALKRISIND-EQ: Pending SELL order already exists for BALKRISIND-EQ (Order ID: 251125000975801)
2025-11-25 15:10:57 | INFO | SL_HIT | 🛑 STOP LOSS HIT | GODREJPROP-EQ | Entry: ₹2087.50 | Exit: ₹2092.90 | SL: ₹2077.05 | PnL: ₹21.60 | symbol=GODREJPROP-EQ | exit_reason=SL_HIT | entry_price=2087.5 | exit_price=2092.9 | sl_price=2077.05 | quantity=4 | pnl=21.6 | pnl_percent=0.26 | charges=32.5 | trade_id=0 | duration_seconds=2273.769334 | duration_minutes=37.9
2025-11-25 15:10:57 | INFO | EXIT_BLOCKED | Cannot exit GODREJPROP-EQ: Pending SELL order already exists for GODREJPROP-EQ (Order ID: 251125001055394)
2025-11-25 15:10:57 | INFO | SL_HIT | 🛑 STOP LOSS HIT | PNBHOUSING-EQ | Entry: ₹885.90 | Exit: ₹881.45 | SL: ₹881.45 | PnL: ₹-48.95 | symbol=PNBHOUSING-EQ | exit_reason=SL_HIT | entry_price=885.9 | exit_price=881.45 | sl_price=881.45 | quantity=11 | pnl=-48.95 | pnl_percent=-0.5 | charges=34.0 | trade_id=0 | duration_seconds=2268.902567 | duration_minutes=37.8
2025-11-25 15:10:57 | INFO | EXIT_BLOCKED | Cannot exit PNBHOUSING-EQ: Pending SELL order already exists for PNBHOUSING-EQ (Order ID: 251125001073992)
2025-11-25 15:10:57 | INFO | MONITOR_SLEEP | Sleeping for 20s (base=20s, consecutive_errors=0, monitoring_suspended=False)
2025-11-25 15:11:17 | INFO | SL_MISSING_DETECTED | SL order missing for BALKRISIND-EQ (retry thread will handle) | symbol=BALKRISIND-EQ | sl_price=2275.55 | retry_count=10
2025-11-25 15:11:17 | INFO | SL_CHECK | Stop-loss hit for BALKRISIND-EQ (last_ltp: 2308.8, sl: 2275.55)
2025-11-25 15:11:17 | INFO | SL_MISSING_DETECTED | SL order missing for GODREJPROP-EQ (retry thread will handle) | symbol=GODREJPROP-EQ | sl_price=2077.05 | retry_count=10
2025-11-25 15:11:17 | INFO | SL_CHECK | Stop-loss hit for GODREJPROP-EQ (last_ltp: 2092.9, sl: 2077.05)
2025-11-25 15:11:17 | INFO | SL_CHECK | Stop-loss hit for PNBHOUSING-EQ (last_ltp: 881.45, sl: 881.45)
2025-11-25 15:11:17 | INFO | BUCKET_LTP_CHECK | Checking bucket 1/3 | symbols=['IOC-EQ', 'M&M-EQ', 'UPL-EQ'] | count=3
2025-11-25 15:11:17 | INFO | BUCKET_LTP_RESULT | Bucket LTP check complete | checked=3 | skipped=0 | bucket_number=1 | total_buckets=3
2025-11-25 15:11:18 | INFO | SL_HIT | 🛑 STOP LOSS HIT | BALKRISIND-EQ | Entry: ₹2287.00 | Exit: ₹2308.80 | SL: ₹2275.55 | PnL: ₹87.20 | symbol=BALKRISIND-EQ | exit_reason=SL_HIT | entry_price=2287.0 | exit_price=2308.8 | sl_price=2275.55 | quantity=4 | pnl=87.2 | pnl_percent=0.95 | charges=33.32 | trade_id=0 | duration_seconds=3193.698816 | duration_minutes=53.2
2025-11-25 15:11:18 | INFO | EXIT_BLOCKED | Cannot exit BALKRISIND-EQ: Pending SELL order already exists for BALKRISIND-EQ (Order ID: 251125000975801)
2025-11-25 15:11:18 | INFO | SL_HIT | 🛑 STOP LOSS HIT | GODREJPROP-EQ | Entry: ₹2087.50 | Exit: ₹2092.90 | SL: ₹2077.05 | PnL: ₹21.60 | symbol=GODREJPROP-EQ | exit_reason=SL_HIT | entry_price=2087.5 | exit_price=2092.9 | sl_price=2077.05 | quantity=4 | pnl=21.6 | pnl_percent=0.26 | charges=32.5 | trade_id=0 | duration_seconds=2295.650409 | duration_minutes=38.3
2025-11-25 15:11:18 | INFO | EXIT_BLOCKED | Cannot exit GODREJPROP-EQ: Pending SELL order already exists for GODREJPROP-EQ (Order ID: 251125001055394)
2025-11-25 15:11:19 | INFO | SL_HIT | 🛑 STOP LOSS HIT | PNBHOUSING-EQ | Entry: ₹885.90 | Exit: ₹881.45 | SL: ₹881.45 | PnL: ₹-48.95 | symbol=PNBHOUSING-EQ | exit_reason=SL_HIT | entry_price=885.9 | exit_price=881.45 | sl_price=881.45 | quantity=11 | pnl=-48.95 | pnl_percent=-0.5 | charges=34.0 | trade_id=0 | duration_seconds=2290.783617 | duration_minutes=38.2
2025-11-25 15:11:19 | INFO | EXIT_BLOCKED | Cannot exit PNBHOUSING-EQ: Pending SELL order already exists for PNBHOUSING-EQ (Order ID: 251125001073992)
2025-11-25 15:11:19 | INFO | MONITOR | Paper trades checked (next in 60s)
2025-11-25 15:11:19 | INFO | MONITOR_SLEEP | Sleeping for 20s (base=20s, consecutive_errors=0, monitoring_suspended=False)
2025-11-25 15:11:39 | INFO | SL_MISSING_DETECTED | SL order missing for BALKRISIND-EQ (retry thread will handle) | symbol=BALKRISIND-EQ | sl_price=2275.55 | retry_count=10
2025-11-25 15:11:39 | INFO | SL_CHECK | Stop-loss hit for BALKRISIND-EQ (last_ltp: 2308.8, sl: 2275.55)
2025-11-25 15:11:39 | INFO | SL_MISSING_DETECTED | SL order missing for GODREJPROP-EQ (retry thread will handle) | symbol=GODREJPROP-EQ | sl_price=2077.05 | retry_count=10
2025-11-25 15:11:39 | INFO | SL_CHECK | Stop-loss hit for GODREJPROP-EQ (last_ltp: 2092.9, sl: 2077.05)
2025-11-25 15:11:39 | INFO | SL_CHECK | Stop-loss hit for PNBHOUSING-EQ (last_ltp: 881.45, sl: 881.45)
2025-11-25 15:11:39 | INFO | BUCKET_LTP_CHECK | Checking bucket 2/3 | symbols=['CHAMBLFERT-EQ', 'BALKRISIND-EQ', 'GODREJPROP-EQ'] | count=3
2025-11-25 15:11:39 | INFO | BUCKET_LTP_RESULT | Bucket LTP check complete | checked=3 | skipped=0 | bucket_number=2 | total_buckets=3
2025-11-25 15:11:40 | INFO | SL_HIT | 🛑 STOP LOSS HIT | GODREJPROP-EQ | Entry: ₹2087.50 | Exit: ₹2094.50 | SL: ₹2077.05 | PnL: ₹28.00 | symbol=GODREJPROP-EQ | exit_reason=SL_HIT | entry_price=2087.5 | exit_price=2094.5 | sl_price=2077.05 | quantity=4 | pnl=28.0 | pnl_percent=0.34 | charges=32.5 | trade_id=0 | duration_seconds=2317.516191 | duration_minutes=38.6
2025-11-25 15:11:40 | INFO | EXIT_BLOCKED | Cannot exit GODREJPROP-EQ: Pending SELL order already exists for GODREJPROP-EQ (Order ID: 251125001055394)
2025-11-25 15:11:41 | INFO | SL_HIT | 🛑 STOP LOSS HIT | PNBHOUSING-EQ | Entry: ₹885.90 | Exit: ₹881.45 | SL: ₹881.45 | PnL: ₹-48.95 | symbol=PNBHOUSING-EQ | exit_reason=SL_HIT | entry_price=885.9 | exit_price=881.45 | sl_price=881.45 | quantity=11 | pnl=-48.95 | pnl_percent=-0.5 | charges=34.0 | trade_id=0 | duration_seconds=2312.649255 | duration_minutes=38.5
2025-11-25 15:11:41 | INFO | EXIT_BLOCKED | Cannot exit PNBHOUSING-EQ: Pending SELL order already exists for PNBHOUSING-EQ (Order ID: 251125001073992)
2025-11-25 15:11:41 | INFO | MONITOR_SLEEP | Sleeping for 20s (base=20s, consecutive_errors=0, monitoring_suspended=False)
2025-11-25 15:12:01 | INFO | SL_MISSING_DETECTED | SL order missing for BALKRISIND-EQ (retry thread will handle) | symbol=BALKRISIND-EQ | sl_price=2275.55 | retry_count=10
2025-11-25 15:12:01 | INFO | SL_MISSING_DETECTED | SL order missing for GODREJPROP-EQ (retry thread will handle) | symbol=GODREJPROP-EQ | sl_price=2077.05 | retry_count=10
2025-11-25 15:12:01 | INFO | SL_CHECK | Stop-loss hit for GODREJPROP-EQ (last_ltp: 2094.5, sl: 2077.05)
2025-11-25 15:12:01 | INFO | SL_CHECK | Stop-loss hit for PNBHOUSING-EQ (last_ltp: 881.45, sl: 881.45)
2025-11-25 15:12:01 | INFO | BUCKET_LTP_CHECK | Checking bucket 0/3 | symbols=['PNBHOUSING-EQ'] | count=1
2025-11-25 15:12:01 | INFO | BUCKET_LTP_RESULT | Bucket LTP check complete | checked=1 | skipped=0 | bucket_number=0 | total_buckets=3
2025-11-25 15:12:02 | INFO | SL_HIT | 🛑 STOP LOSS HIT | GODREJPROP-EQ | Entry: ₹2087.50 | Exit: ₹2094.50 | SL: ₹2077.05 | PnL: ₹28.00 | symbol=GODREJPROP-EQ | exit_reason=SL_HIT | entry_price=2087.5 | exit_price=2094.5 | sl_price=2077.05 | quantity=4 | pnl=28.0 | pnl_percent=0.34 | charges=32.5 | trade_id=0 | duration_seconds=2338.857972 | duration_minutes=39.0
2025-11-25 15:12:02 | INFO | EXIT_BLOCKED | Cannot exit GODREJPROP-EQ: Pending SELL order already exists for GODREJPROP-EQ (Order ID: 251125001055394)
2025-11-25 15:12:02 | INFO | SL_HIT | 🛑 STOP LOSS HIT | PNBHOUSING-EQ | Entry: ₹885.90 | Exit: ₹880.75 | SL: ₹881.45 | PnL: ₹-56.65 | symbol=PNBHOUSING-EQ | exit_reason=SL_HIT | entry_price=885.9 | exit_price=880.75 | sl_price=881.45 | quantity=11 | pnl=-56.65 | pnl_percent=-0.58 | charges=34.0 | trade_id=0 | duration_seconds=2333.991029 | duration_minutes=38.9
2025-11-25 15:12:02 | INFO | EXIT_BLOCKED | Cannot exit PNBHOUSING-EQ: Pending SELL order already exists for PNBHOUSING-EQ (Order ID: 251125001073992)
2025-11-25 15:12:02 | INFO | MONITOR_SLEEP | Sleeping for 20s (base=20s, consecutive_errors=0, monitoring_suspended=False)
2025-11-25 15:12:22 | INFO | SL_MISSING_DETECTED | SL order missing for BALKRISIND-EQ (retry thread will handle) | symbol=BALKRISIND-EQ | sl_price=2275.55 | retry_count=10
2025-11-25 15:12:22 | INFO | SL_MISSING_DETECTED | SL order missing for GODREJPROP-EQ (retry thread will handle) | symbol=GODREJPROP-EQ | sl_price=2077.05 | retry_count=10
2025-11-25 15:12:22 | INFO | SL_CHECK | Stop-loss hit for GODREJPROP-EQ (last_ltp: 2094.5, sl: 2077.05)
2025-11-25 15:12:22 | INFO | SL_CHECK | Stop-loss hit for PNBHOUSING-EQ (last_ltp: 880.75, sl: 881.45)
2025-11-25 15:12:22 | INFO | BUCKET_LTP_CHECK | Checking bucket 1/3 | symbols=['IOC-EQ', 'M&M-EQ', 'UPL-EQ'] | count=3
2025-11-25 15:12:23 | INFO | BUCKET_LTP_RESULT | Bucket LTP check complete | checked=3 | skipped=0 | bucket_number=1 | total_buckets=3
2025-11-25 15:12:24 | INFO | SL_HIT | 🛑 STOP LOSS HIT | GODREJPROP-EQ | Entry: ₹2087.50 | Exit: ₹2094.50 | SL: ₹2077.05 | PnL: ₹28.00 | symbol=GODREJPROP-EQ | exit_reason=SL_HIT | entry_price=2087.5 | exit_price=2094.5 | sl_price=2077.05 | quantity=4 | pnl=28.0 | pnl_percent=0.34 | charges=32.5 | trade_id=0 | duration_seconds=2360.776945 | duration_minutes=39.3
2025-11-25 15:12:24 | INFO | EXIT_BLOCKED | Cannot exit GODREJPROP-EQ: Pending SELL order already exists for GODREJPROP-EQ (Order ID: 251125001055394)
2025-11-25 15:12:24 | INFO | SL_HIT | 🛑 STOP LOSS HIT | PNBHOUSING-EQ | Entry: ₹885.90 | Exit: ₹880.75 | SL: ₹881.45 | PnL: ₹-56.65 | symbol=PNBHOUSING-EQ | exit_reason=SL_HIT | entry_price=885.9 | exit_price=880.75 | sl_price=881.45 | quantity=11 | pnl=-56.65 | pnl_percent=-0.58 | charges=34.0 | trade_id=0 | duration_seconds=2355.909984 | duration_minutes=39.3
2025-11-25 15:12:24 | INFO | EXIT_BLOCKED | Cannot exit PNBHOUSING-EQ: Pending SELL order already exists for PNBHOUSING-EQ (Order ID: 251125001073992)
2025-11-25 15:12:24 | INFO | MONITOR | Paper trades checked (next in 60s)
2025-11-25 15:12:24 | INFO | MONITOR_SLEEP | Sleeping for 20s (base=20s, consecutive_errors=0, monitoring_suspended=False)
2025-11-25 15:12:44 | INFO | SL_MISSING_DETECTED | SL order missing for BALKRISIND-EQ (retry thread will handle) | symbol=BALKRISIND-EQ | sl_price=2275.55 | retry_count=10
2025-11-25 15:12:44 | INFO | SL_MISSING_DETECTED | SL order missing for GODREJPROP-EQ (retry thread will handle) | symbol=GODREJPROP-EQ | sl_price=2077.05 | retry_count=10
2025-11-25 15:12:44 | INFO | SL_CHECK | Stop-loss hit for GODREJPROP-EQ (last_ltp: 2094.5, sl: 2077.05)
2025-11-25 15:12:44 | INFO | SL_CHECK | Stop-loss hit for PNBHOUSING-EQ (last_ltp: 880.75, sl: 881.45)
2025-11-25 15:12:44 | INFO | BUCKET_LTP_CHECK | Checking bucket 2/3 | symbols=['CHAMBLFERT-EQ', 'BALKRISIND-EQ', 'GODREJPROP-EQ'] | count=3
2025-11-25 15:12:44 | INFO | BUCKET_LTP_RESULT | Bucket LTP check complete | checked=3 | skipped=0 | bucket_number=2 | total_buckets=3
2025-11-25 15:12:45 | INFO | SL_HIT | 🛑 STOP LOSS HIT | BALKRISIND-EQ | Entry: ₹2287.00 | Exit: ₹2309.10 | SL: ₹2275.55 | PnL: ₹88.40 | symbol=BALKRISIND-EQ | exit_reason=SL_HIT | entry_price=2287.0 | exit_price=2309.1 | sl_price=2275.55 | quantity=4 | pnl=88.4 | pnl_percent=0.97 | charges=33.32 | trade_id=0 | duration_seconds=3280.690017 | duration_minutes=54.7
2025-11-25 15:12:45 | INFO | EXIT_BLOCKED | Cannot exit BALKRISIND-EQ: Pending SELL order already exists for BALKRISIND-EQ (Order ID: 251125000975801)
2025-11-25 15:12:45 | INFO | SL_HIT | 🛑 STOP LOSS HIT | GODREJPROP-EQ | Entry: ₹2087.50 | Exit: ₹2093.30 | SL: ₹2077.05 | PnL: ₹23.20 | symbol=GODREJPROP-EQ | exit_reason=SL_HIT | entry_price=2087.5 | exit_price=2093.3 | sl_price=2077.05 | quantity=4 | pnl=23.2 | pnl_percent=0.28 | charges=32.5 | trade_id=0 | duration_seconds=2382.641966 | duration_minutes=39.7
2025-11-25 15:12:45 | INFO | EXIT_BLOCKED | Cannot exit GODREJPROP-EQ: Pending SELL order already exists for GODREJPROP-EQ (Order ID: 251125001055394)
2025-11-25 15:12:46 | INFO | SL_HIT | 🛑 STOP LOSS HIT | PNBHOUSING-EQ | Entry: ₹885.90 | Exit: ₹880.75 | SL: ₹881.45 | PnL: ₹-56.65 | symbol=PNBHOUSING-EQ | exit_reason=SL_HIT | entry_price=885.9 | exit_price=880.75 | sl_price=881.45 | quantity=11 | pnl=-56.65 | pnl_percent=-0.58 | charges=34.0 | trade_id=0 | duration_seconds=2377.774933 | duration_minutes=39.6
2025-11-25 15:12:46 | INFO | EXIT_BLOCKED | Cannot exit PNBHOUSING-EQ: Pending SELL order already exists for PNBHOUSING-EQ (Order ID: 251125001073992)
2025-11-25 15:12:46 | INFO | MONITOR_SLEEP | Sleeping for 20s (base=20s, consecutive_errors=0, monitoring_suspended=False)
2025-11-25 15:13:06 | INFO | SL_MISSING_DETECTED | SL order missing for BALKRISIND-EQ (retry thread will handle) | symbol=BALKRISIND-EQ | sl_price=2275.55 | retry_count=10
2025-11-25 15:13:06 | INFO | SL_CHECK | Stop-loss hit for BALKRISIND-EQ (last_ltp: 2309.1, sl: 2275.55)
2025-11-25 15:13:06 | INFO | SL_MISSING_DETECTED | SL order missing for GODREJPROP-EQ (retry thread will handle) | symbol=GODREJPROP-EQ | sl_price=2077.05 | retry_count=10
2025-11-25 15:13:06 | INFO | SL_CHECK | Stop-loss hit for GODREJPROP-EQ (last_ltp: 2093.3, sl: 2077.05)
2025-11-25 15:13:06 | INFO | SL_CHECK | Stop-loss hit for PNBHOUSING-EQ (last_ltp: 880.75, sl: 881.45)
2025-11-25 15:13:06 | INFO | BUCKET_LTP_CHECK | Checking bucket 0/3 | symbols=['PNBHOUSING-EQ'] | count=1
2025-11-25 15:13:06 | INFO | BUCKET_LTP_RESULT | Bucket LTP check complete | checked=1 | skipped=0 | bucket_number=0 | total_buckets=3
2025-11-25 15:13:07 | INFO | SL_HIT | 🛑 STOP LOSS HIT | BALKRISIND-EQ | Entry: ₹2287.00 | Exit: ₹2309.10 | SL: ₹2275.55 | PnL: ₹88.40 | symbol=BALKRISIND-EQ | exit_reason=SL_HIT | entry_price=2287.0 | exit_price=2309.1 | sl_price=2275.55 | quantity=4 | pnl=88.4 | pnl_percent=0.97 | charges=33.32 | trade_id=0 | duration_seconds=3302.016183 | duration_minutes=55.0
2025-11-25 15:13:07 | INFO | EXIT_BLOCKED | Cannot exit BALKRISIND-EQ: Pending SELL order already exists for BALKRISIND-EQ (Order ID: 251125000975801)
2025-11-25 15:13:07 | INFO | SL_HIT | 🛑 STOP LOSS HIT | GODREJPROP-EQ | Entry: ₹2087.50 | Exit: ₹2093.30 | SL: ₹2077.05 | PnL: ₹23.20 | symbol=GODREJPROP-EQ | exit_reason=SL_HIT | entry_price=2087.5 | exit_price=2093.3 | sl_price=2077.05 | quantity=4 | pnl=23.2 | pnl_percent=0.28 | charges=32.5 | trade_id=0 | duration_seconds=2403.966937 | duration_minutes=40.1
2025-11-25 15:13:07 | INFO | EXIT_BLOCKED | Cannot exit GODREJPROP-EQ: Pending SELL order already exists for GODREJPROP-EQ (Order ID: 251125001055394)
2025-11-25 15:13:07 | INFO | SL_HIT | 🛑 STOP LOSS HIT | PNBHOUSING-EQ | Entry: ₹885.90 | Exit: ₹880.50 | SL: ₹881.45 | PnL: ₹-59.40 | symbol=PNBHOUSING-EQ | exit_reason=SL_HIT | entry_price=885.9 | exit_price=880.5 | sl_price=881.45 | quantity=11 | pnl=-59.4 | pnl_percent=-0.61 | charges=34.0 | trade_id=0 | duration_seconds=2399.10026 | duration_minutes=40.0
2025-11-25 15:13:07 | INFO | EXIT_BLOCKED | Cannot exit PNBHOUSING-EQ: Pending SELL order already exists for PNBHOUSING-EQ (Order ID: 251125001073992)
2025-11-25 15:13:07 | INFO | MONITOR_SLEEP | Sleeping for 20s (base=20s, consecutive_errors=0, monitoring_suspended=False)
2025-11-25 15:13:27 | INFO | SL_MISSING_DETECTED | SL order missing for BALKRISIND-EQ (retry thread will handle) | symbol=BALKRISIND-EQ | sl_price=2275.55 | retry_count=10
2025-11-25 15:13:27 | INFO | SL_CHECK | Stop-loss hit for BALKRISIND-EQ (last_ltp: 2309.1, sl: 2275.55)
2025-11-25 15:13:27 | INFO | SL_MISSING_DETECTED | SL order missing for GODREJPROP-EQ (retry thread will handle) | symbol=GODREJPROP-EQ | sl_price=2077.05 | retry_count=10
2025-11-25 15:13:27 | INFO | SL_CHECK | Stop-loss hit for GODREJPROP-EQ (last_ltp: 2093.3, sl: 2077.05)
2025-11-25 15:13:27 | INFO | SL_CHECK | Stop-loss hit for PNBHOUSING-EQ (last_ltp: 880.5, sl: 881.45)
2025-11-25 15:13:27 | INFO | BUCKET_LTP_CHECK | Checking bucket 1/3 | symbols=['IOC-EQ', 'M&M-EQ', 'UPL-EQ'] | count=3
2025-11-25 15:13:28 | INFO | BUCKET_LTP_RESULT | Bucket LTP check complete | checked=3 | skipped=0 | bucket_number=1 | total_buckets=3
2025-11-25 15:13:29 | INFO | SL_HIT | 🛑 STOP LOSS HIT | BALKRISIND-EQ | Entry: ₹2287.00 | Exit: ₹2309.10 | SL: ₹2275.55 | PnL: ₹88.40 | symbol=BALKRISIND-EQ | exit_reason=SL_HIT | entry_price=2287.0 | exit_price=2309.1 | sl_price=2275.55 | quantity=4 | pnl=88.4 | pnl_percent=0.97 | charges=33.32 | trade_id=0 | duration_seconds=3323.933564 | duration_minutes=55.4
2025-11-25 15:13:29 | INFO | EXIT_BLOCKED | Cannot exit BALKRISIND-EQ: Pending SELL order already exists for BALKRISIND-EQ (Order ID: 251125000975801)
2025-11-25 15:13:29 | INFO | SL_HIT | 🛑 STOP LOSS HIT | GODREJPROP-EQ | Entry: ₹2087.50 | Exit: ₹2093.30 | SL: ₹2077.05 | PnL: ₹23.20 | symbol=GODREJPROP-EQ | exit_reason=SL_HIT | entry_price=2087.5 | exit_price=2093.3 | sl_price=2077.05 | quantity=4 | pnl=23.2 | pnl_percent=0.28 | charges=32.5 | trade_id=0 | duration_seconds=2425.884363 | duration_minutes=40.4
2025-11-25 15:13:29 | INFO | EXIT_BLOCKED | Cannot exit GODREJPROP-EQ: Pending SELL order already exists for GODREJPROP-EQ (Order ID: 251125001055394)
2025-11-25 15:13:29 | INFO | SL_HIT | 🛑 STOP LOSS HIT | PNBHOUSING-EQ | Entry: ₹885.90 | Exit: ₹880.50 | SL: ₹881.45 | PnL: ₹-59.40 | symbol=PNBHOUSING-EQ | exit_reason=SL_HIT | entry_price=885.9 | exit_price=880.5 | sl_price=881.45 | quantity=11 | pnl=-59.4 | pnl_percent=-0.61 | charges=34.0 | trade_id=0 | duration_seconds=2421.017493 | duration_minutes=40.4
2025-11-25 15:13:29 | INFO | EXIT_BLOCKED | Cannot exit PNBHOUSING-EQ: Pending SELL order already exists for PNBHOUSING-EQ (Order ID: 251125001073992)
2025-11-25 15:13:29 | INFO | MONITOR | Paper trades checked (next in 60s)
2025-11-25 15:13:29 | INFO | MONITOR_SLEEP | Sleeping for 20s (base=20s, consecutive_errors=0, monitoring_suspended=False)
2025-11-25 15:13:49 | INFO | SL_MISSING_DETECTED | SL order missing for BALKRISIND-EQ (retry thread will handle) | symbol=BALKRISIND-EQ | sl_price=2275.55 | retry_count=10
2025-11-25 15:13:49 | INFO | SL_CHECK | Stop-loss hit for BALKRISIND-EQ (last_ltp: 2309.1, sl: 2275.55)
2025-11-25 15:13:49 | INFO | SL_MISSING_DETECTED | SL order missing for GODREJPROP-EQ (retry thread will handle) | symbol=GODREJPROP-EQ | sl_price=2077.05 | retry_count=10
2025-11-25 15:13:49 | INFO | SL_CHECK | Stop-loss hit for GODREJPROP-EQ (last_ltp: 2093.3, sl: 2077.05)
2025-11-25 15:13:49 | INFO | SL_CHECK | Stop-loss hit for PNBHOUSING-EQ (last_ltp: 880.5, sl: 881.45)
2025-11-25 15:13:49 | INFO | BUCKET_LTP_CHECK | Checking bucket 2/3 | symbols=['CHAMBLFERT-EQ', 'BALKRISIND-EQ', 'GODREJPROP-EQ'] | count=3
2025-11-25 15:13:50 | INFO | BUCKET_LTP_RESULT | Bucket LTP check complete | checked=3 | skipped=0 | bucket_number=2 | total_buckets=3
2025-11-25 15:13:50 | INFO | SL_HIT | 🛑 STOP LOSS HIT | BALKRISIND-EQ | Entry: ₹2287.00 | Exit: ₹2309.60 | SL: ₹2275.55 | PnL: ₹90.40 | symbol=BALKRISIND-EQ | exit_reason=SL_HIT | entry_price=2287.0 | exit_price=2309.6 | sl_price=2275.55 | quantity=4 | pnl=90.4 | pnl_percent=0.99 | charges=33.32 | trade_id=0 | duration_seconds=3345.80514 | duration_minutes=55.8
2025-11-25 15:13:50 | INFO | EXIT_BLOCKED | Cannot exit BALKRISIND-EQ: Pending SELL order already exists for BALKRISIND-EQ (Order ID: 251125000975801)
2025-11-25 15:13:51 | INFO | SL_HIT | 🛑 STOP LOSS HIT | GODREJPROP-EQ | Entry: ₹2087.50 | Exit: ₹2093.50 | SL: ₹2077.05 | PnL: ₹24.00 | symbol=GODREJPROP-EQ | exit_reason=SL_HIT | entry_price=2087.5 | exit_price=2093.5 | sl_price=2077.05 | quantity=4 | pnl=24.0 | pnl_percent=0.29 | charges=32.5 | trade_id=0 | duration_seconds=2447.75605 | duration_minutes=40.8
2025-11-25 15:13:51 | INFO | EXIT_BLOCKED | Cannot exit GODREJPROP-EQ: Pending SELL order already exists for GODREJPROP-EQ (Order ID: 251125001055394)
2025-11-25 15:13:51 | INFO | SL_HIT | 🛑 STOP LOSS HIT | PNBHOUSING-EQ | Entry: ₹885.90 | Exit: ₹880.50 | SL: ₹881.45 | PnL: ₹-59.40 | symbol=PNBHOUSING-EQ | exit_reason=SL_HIT | entry_price=885.9 | exit_price=880.5 | sl_price=881.45 | quantity=11 | pnl=-59.4 | pnl_percent=-0.61 | charges=34.0 | trade_id=0 | duration_seconds=2442.889225 | duration_minutes=40.7
2025-11-25 15:13:51 | INFO | EXIT_BLOCKED | Cannot exit PNBHOUSING-EQ: Pending SELL order already exists for PNBHOUSING-EQ (Order ID: 251125001073992)
2025-11-25 15:13:51 | INFO | MONITOR_SLEEP | Sleeping for 20s (base=20s, consecutive_errors=0, monitoring_suspended=False)
2025-11-25 15:14:11 | INFO | SL_MISSING_DETECTED | SL order missing for BALKRISIND-EQ (retry thread will handle) | symbol=BALKRISIND-EQ | sl_price=2275.55 | retry_count=10
2025-11-25 15:14:11 | INFO | SL_CHECK | Stop-loss hit for BALKRISIND-EQ (last_ltp: 2309.6, sl: 2275.55)
2025-11-25 15:14:11 | INFO | SL_MISSING_DETECTED | SL order missing for GODREJPROP-EQ (retry thread will handle) | symbol=GODREJPROP-EQ | sl_price=2077.05 | retry_count=10
2025-11-25 15:14:11 | INFO | SL_CHECK | Stop-loss hit for GODREJPROP-EQ (last_ltp: 2093.5, sl: 2077.05)
2025-11-25 15:14:11 | INFO | SL_CHECK | Stop-loss hit for PNBHOUSING-EQ (last_ltp: 880.5, sl: 881.45)
2025-11-25 15:14:11 | INFO | BUCKET_LTP_CHECK | Checking bucket 0/3 | symbols=['PNBHOUSING-EQ'] | count=1
2025-11-25 15:14:11 | INFO | BUCKET_LTP_RESULT | Bucket LTP check complete | checked=1 | skipped=0 | bucket_number=0 | total_buckets=3
2025-11-25 15:14:12 | INFO | SL_HIT | 🛑 STOP LOSS HIT | BALKRISIND-EQ | Entry: ₹2287.00 | Exit: ₹2309.60 | SL: ₹2275.55 | PnL: ₹90.40 | symbol=BALKRISIND-EQ | exit_reason=SL_HIT | entry_price=2287.0 | exit_price=2309.6 | sl_price=2275.55 | quantity=4 | pnl=90.4 | pnl_percent=0.99 | charges=33.32 | trade_id=0 | duration_seconds=3367.124009 | duration_minutes=56.1
2025-11-25 15:14:12 | INFO | EXIT_BLOCKED | Cannot exit BALKRISIND-EQ: Pending SELL order already exists for BALKRISIND-EQ (Order ID: 251125000975801)
2025-11-25 15:14:12 | INFO | SL_HIT | 🛑 STOP LOSS HIT | GODREJPROP-EQ | Entry: ₹2087.50 | Exit: ₹2093.50 | SL: ₹2077.05 | PnL: ₹24.00 | symbol=GODREJPROP-EQ | exit_reason=SL_HIT | entry_price=2087.5 | exit_price=2093.5 | sl_price=2077.05 | quantity=4 | pnl=24.0 | pnl_percent=0.29 | charges=32.5 | trade_id=0 | duration_seconds=2469.075568 | duration_minutes=41.2
2025-11-25 15:14:12 | INFO | EXIT_BLOCKED | Cannot exit GODREJPROP-EQ: Pending SELL order already exists for GODREJPROP-EQ (Order ID: 251125001055394)
2025-11-25 15:14:12 | INFO | SL_HIT | 🛑 STOP LOSS HIT | PNBHOUSING-EQ | Entry: ₹885.90 | Exit: ₹881.30 | SL: ₹881.45 | PnL: ₹-50.60 | symbol=PNBHOUSING-EQ | exit_reason=SL_HIT | entry_price=885.9 | exit_price=881.3 | sl_price=881.45 | quantity=11 | pnl=-50.6 | pnl_percent=-0.52 | charges=34.0 | trade_id=0 | duration_seconds=2464.208713 | duration_minutes=41.1
2025-11-25 15:14:12 | INFO | EXIT_BLOCKED | Cannot exit PNBHOUSING-EQ: Pending SELL order already exists for PNBHOUSING-EQ (Order ID: 251125001073992)
2025-11-25 15:14:12 | INFO | MONITOR_SLEEP | Sleeping for 20s (base=20s, consecutive_errors=0, monitoring_suspended=False)
2025-11-25 15:14:32 | INFO | SL_MISSING_DETECTED | SL order missing for BALKRISIND-EQ (retry thread will handle) | symbol=BALKRISIND-EQ | sl_price=2275.55 | retry_count=10
2025-11-25 15:14:32 | INFO | SL_CHECK | Stop-loss hit for BALKRISIND-EQ (last_ltp: 2309.6, sl: 2275.55)
2025-11-25 15:14:32 | INFO | SL_MISSING_DETECTED | SL order missing for GODREJPROP-EQ (retry thread will handle) | symbol=GODREJPROP-EQ | sl_price=2077.05 | retry_count=10
2025-11-25 15:14:32 | INFO | SL_CHECK | Stop-loss hit for GODREJPROP-EQ (last_ltp: 2093.5, sl: 2077.05)
2025-11-25 15:14:32 | INFO | SL_CHECK | Stop-loss hit for PNBHOUSING-EQ (last_ltp: 881.3, sl: 881.45)
2025-11-25 15:14:32 | INFO | BUCKET_LTP_CHECK | Checking bucket 1/3 | symbols=['IOC-EQ', 'M&M-EQ', 'UPL-EQ'] | count=3
2025-11-25 15:14:33 | INFO | BUCKET_LTP_RESULT | Bucket LTP check complete | checked=3 | skipped=0 | bucket_number=1 | total_buckets=3
2025-11-25 15:14:34 | INFO | SL_HIT | 🛑 STOP LOSS HIT | BALKRISIND-EQ | Entry: ₹2287.00 | Exit: ₹2309.60 | SL: ₹2275.55 | PnL: ₹90.40 | symbol=BALKRISIND-EQ | exit_reason=SL_HIT | entry_price=2287.0 | exit_price=2309.6 | sl_price=2275.55 | quantity=4 | pnl=90.4 | pnl_percent=0.99 | charges=33.32 | trade_id=0 | duration_seconds=3388.988709 | duration_minutes=56.5
2025-11-25 15:14:34 | INFO | EXIT_BLOCKED | Cannot exit BALKRISIND-EQ: Pending SELL order already exists for BALKRISIND-EQ (Order ID: 251125000975801)
2025-11-25 15:14:34 | INFO | SL_HIT | 🛑 STOP LOSS HIT | GODREJPROP-EQ | Entry: ₹2087.50 | Exit: ₹2093.50 | SL: ₹2077.05 | PnL: ₹24.00 | symbol=GODREJPROP-EQ | exit_reason=SL_HIT | entry_price=2087.5 | exit_price=2093.5 | sl_price=2077.05 | quantity=4 | pnl=24.0 | pnl_percent=0.29 | charges=32.5 | trade_id=0 | duration_seconds=2490.939652 | duration_minutes=41.5
2025-11-25 15:14:34 | INFO | EXIT_BLOCKED | Cannot exit GODREJPROP-EQ: Pending SELL order already exists for GODREJPROP-EQ (Order ID: 251125001055394)
2025-11-25 15:14:34 | INFO | SL_HIT | 🛑 STOP LOSS HIT | PNBHOUSING-EQ | Entry: ₹885.90 | Exit: ₹881.30 | SL: ₹881.45 | PnL: ₹-50.60 | symbol=PNBHOUSING-EQ | exit_reason=SL_HIT | entry_price=885.9 | exit_price=881.3 | sl_price=881.45 | quantity=11 | pnl=-50.6 | pnl_percent=-0.52 | charges=34.0 | trade_id=0 | duration_seconds=2486.073895 | duration_minutes=41.4
2025-11-25 15:14:34 | INFO | EXIT_BLOCKED | Cannot exit PNBHOUSING-EQ: Pending SELL order already exists for PNBHOUSING-EQ (Order ID: 251125001073992)
2025-11-25 15:14:34 | INFO | MONITOR | Paper trades checked (next in 60s)
2025-11-25 15:14:34 | INFO | MONITOR_SLEEP | Sleeping for 20s (base=20s, consecutive_errors=0, monitoring_suspended=False)
2025-11-25 15:14:54 | INFO | SL_MISSING_DETECTED | SL order missing for BALKRISIND-EQ (retry thread will handle) | symbol=BALKRISIND-EQ | sl_price=2275.55 | retry_count=10
2025-11-25 15:14:54 | INFO | SL_CHECK | Stop-loss hit for BALKRISIND-EQ (last_ltp: 2309.6, sl: 2275.55)
2025-11-25 15:14:54 | INFO | SL_MISSING_DETECTED | SL order missing for GODREJPROP-EQ (retry thread will handle) | symbol=GODREJPROP-EQ | sl_price=2077.05 | retry_count=10
2025-11-25 15:14:54 | INFO | SL_CHECK | Stop-loss hit for GODREJPROP-EQ (last_ltp: 2093.5, sl: 2077.05)
2025-11-25 15:14:54 | INFO | SL_CHECK | Stop-loss hit for PNBHOUSING-EQ (last_ltp: 881.3, sl: 881.45)
2025-11-25 15:14:54 | INFO | BUCKET_LTP_CHECK | Checking bucket 2/3 | symbols=['CHAMBLFERT-EQ', 'BALKRISIND-EQ', 'GODREJPROP-EQ'] | count=3
2025-11-25 15:14:55 | INFO | BUCKET_LTP_RESULT | Bucket LTP check complete | checked=3 | skipped=0 | bucket_number=2 | total_buckets=3
2025-11-25 15:14:55 | INFO | SL_HIT | 🛑 STOP LOSS HIT | BALKRISIND-EQ | Entry: ₹2287.00 | Exit: ₹2309.30 | SL: ₹2275.55 | PnL: ₹89.20 | symbol=BALKRISIND-EQ | exit_reason=SL_HIT | entry_price=2287.0 | exit_price=2309.3 | sl_price=2275.55 | quantity=4 | pnl=89.2 | pnl_percent=0.98 | charges=33.32 | trade_id=0 | duration_seconds=3410.850802 | duration_minutes=56.8
2025-11-25 15:14:55 | INFO | EXIT_BLOCKED | Cannot exit BALKRISIND-EQ: Pending SELL order already exists for BALKRISIND-EQ (Order ID: 251125000975801)
2025-11-25 15:14:56 | INFO | SL_HIT | 🛑 STOP LOSS HIT | GODREJPROP-EQ | Entry: ₹2087.50 | Exit: ₹2094.00 | SL: ₹2077.05 | PnL: ₹26.00 | symbol=GODREJPROP-EQ | exit_reason=SL_HIT | entry_price=2087.5 | exit_price=2094.0 | sl_price=2077.05 | quantity=4 | pnl=26.0 | pnl_percent=0.31 | charges=32.5 | trade_id=0 | duration_seconds=2512.801456 | duration_minutes=41.9
2025-11-25 15:14:56 | INFO | EXIT_BLOCKED | Cannot exit GODREJPROP-EQ: Pending SELL order already exists for GODREJPROP-EQ (Order ID: 251125001055394)
2025-11-25 15:14:56 | INFO | SL_HIT | 🛑 STOP LOSS HIT | PNBHOUSING-EQ | Entry: ₹885.90 | Exit: ₹881.30 | SL: ₹881.45 | PnL: ₹-50.60 | symbol=PNBHOUSING-EQ | exit_reason=SL_HIT | entry_price=885.9 | exit_price=881.3 | sl_price=881.45 | quantity=11 | pnl=-50.6 | pnl_percent=-0.52 | charges=34.0 | trade_id=0 | duration_seconds=2507.93446 | duration_minutes=41.8
2025-11-25 15:14:56 | INFO | EXIT_BLOCKED | Cannot exit PNBHOUSING-EQ: Pending SELL order already exists for PNBHOUSING-EQ (Order ID: 251125001073992)
2025-11-25 15:14:56 | INFO | MONITOR_SLEEP | Sleeping for 20s (base=20s, consecutive_errors=0, monitoring_suspended=False)
2025-11-25 15:15:16 | INFO | SL_MISSING_DETECTED | SL order missing for BALKRISIND-EQ (retry thread will handle) | symbol=BALKRISIND-EQ | sl_price=2275.55 | retry_count=10
2025-11-25 15:15:16 | INFO | SL_CHECK | Stop-loss hit for BALKRISIND-EQ (last_ltp: 2309.3, sl: 2275.55)
2025-11-25 15:15:16 | INFO | SL_MISSING_DETECTED | SL order missing for GODREJPROP-EQ (retry thread will handle) | symbol=GODREJPROP-EQ | sl_price=2077.05 | retry_count=10
2025-11-25 15:15:16 | INFO | SL_CHECK | Stop-loss hit for GODREJPROP-EQ (last_ltp: 2094.0, sl: 2077.05)
2025-11-25 15:15:16 | INFO | SL_CHECK | Stop-loss hit for PNBHOUSING-EQ (last_ltp: 881.3, sl: 881.45)
2025-11-25 15:15:16 | INFO | BUCKET_LTP_CHECK | Checking bucket 0/3 | symbols=['PNBHOUSING-EQ'] | count=1
2025-11-25 15:15:16 | INFO | BUCKET_LTP_RESULT | Bucket LTP check complete | checked=1 | skipped=0 | bucket_number=0 | total_buckets=3
2025-11-25 15:15:17 | INFO | SL_HIT | 🛑 STOP LOSS HIT | BALKRISIND-EQ | Entry: ₹2287.00 | Exit: ₹2309.30 | SL: ₹2275.55 | PnL: ₹89.20 | symbol=BALKRISIND-EQ | exit_reason=SL_HIT | entry_price=2287.0 | exit_price=2309.3 | sl_price=2275.55 | quantity=4 | pnl=89.2 | pnl_percent=0.98 | charges=33.32 | trade_id=0 | duration_seconds=3432.18858 | duration_minutes=57.2
2025-11-25 15:15:17 | INFO | EXIT_BLOCKED | Cannot exit BALKRISIND-EQ: Pending SELL order already exists for BALKRISIND-EQ (Order ID: 251125000975801)
2025-11-25 15:15:17 | INFO | SL_HIT | 🛑 STOP LOSS HIT | GODREJPROP-EQ | Entry: ₹2087.50 | Exit: ₹2094.00 | SL: ₹2077.05 | PnL: ₹26.00 | symbol=GODREJPROP-EQ | exit_reason=SL_HIT | entry_price=2087.5 | exit_price=2094.0 | sl_price=2077.05 | quantity=4 | pnl=26.0 | pnl_percent=0.31 | charges=32.5 | trade_id=0 | duration_seconds=2534.139433 | duration_minutes=42.2
2025-11-25 15:15:17 | INFO | EXIT_BLOCKED | Cannot exit GODREJPROP-EQ: Pending SELL order already exists for GODREJPROP-EQ (Order ID: 251125001055394)
2025-11-25 15:15:17 | INFO | SL_HIT | 🛑 STOP LOSS HIT | PNBHOUSING-EQ | Entry: ₹885.90 | Exit: ₹881.35 | SL: ₹881.45 | PnL: ₹-50.05 | symbol=PNBHOUSING-EQ | exit_reason=SL_HIT | entry_price=885.9 | exit_price=881.35 | sl_price=881.45 | quantity=11 | pnl=-50.05 | pnl_percent=-0.51 | charges=34.0 | trade_id=0 | duration_seconds=2529.272745 | duration_minutes=42.2
2025-11-25 15:15:17 | INFO | EXIT_BLOCKED | Cannot exit PNBHOUSING-EQ: Pending SELL order already exists for PNBHOUSING-EQ (Order ID: 251125001073992)
2025-11-25 15:15:17 | INFO | MONITOR_SLEEP | Sleeping for 20s (base=20s, consecutive_errors=0, monitoring_suspended=False)
2025-11-25 15:15:37 | INFO | SL_MISSING_DETECTED | SL order missing for BALKRISIND-EQ (retry thread will handle) | symbol=BALKRISIND-EQ | sl_price=2275.55 | retry_count=10
2025-11-25 15:15:37 | INFO | SL_CHECK | Stop-loss hit for BALKRISIND-EQ (last_ltp: 2309.3, sl: 2275.55)
2025-11-25 15:15:37 | INFO | SL_MISSING_DETECTED | SL order missing for GODREJPROP-EQ (retry thread will handle) | symbol=GODREJPROP-EQ | sl_price=2077.05 | retry_count=10
2025-11-25 15:15:37 | INFO | SL_CHECK | Stop-loss hit for GODREJPROP-EQ (last_ltp: 2094.0, sl: 2077.05)
2025-11-25 15:15:37 | INFO | SL_CHECK | Stop-loss hit for PNBHOUSING-EQ (last_ltp: 881.35, sl: 881.45)
2025-11-25 15:15:37 | INFO | BUCKET_LTP_CHECK | Checking bucket 1/3 | symbols=['IOC-EQ', 'M&M-EQ', 'UPL-EQ'] | count=3
2025-11-25 15:15:38 | INFO | BUCKET_LTP_RESULT | Bucket LTP check complete | checked=3 | skipped=0 | bucket_number=1 | total_buckets=3
2025-11-25 15:15:39 | INFO | SL_HIT | 🛑 STOP LOSS HIT | BALKRISIND-EQ | Entry: ₹2287.00 | Exit: ₹2309.30 | SL: ₹2275.55 | PnL: ₹89.20 | symbol=BALKRISIND-EQ | exit_reason=SL_HIT | entry_price=2287.0 | exit_price=2309.3 | sl_price=2275.55 | quantity=4 | pnl=89.2 | pnl_percent=0.98 | charges=33.32 | trade_id=0 | duration_seconds=3454.061888 | duration_minutes=57.6
2025-11-25 15:15:39 | INFO | EXIT_BLOCKED | Cannot exit BALKRISIND-EQ: Pending SELL order already exists for BALKRISIND-EQ (Order ID: 251125000975801)
2025-11-25 15:15:39 | INFO | SL_HIT | 🛑 STOP LOSS HIT | GODREJPROP-EQ | Entry: ₹2087.50 | Exit: ₹2094.00 | SL: ₹2077.05 | PnL: ₹26.00 | symbol=GODREJPROP-EQ | exit_reason=SL_HIT | entry_price=2087.5 | exit_price=2094.0 | sl_price=2077.05 | quantity=4 | pnl=26.0 | pnl_percent=0.31 | charges=32.5 | trade_id=0 | duration_seconds=2556.013597 | duration_minutes=42.6
2025-11-25 15:15:39 | INFO | EXIT_BLOCKED | Cannot exit GODREJPROP-EQ: Pending SELL order already exists for GODREJPROP-EQ (Order ID: 251125001055394)
2025-11-25 15:15:39 | INFO | SL_HIT | 🛑 STOP LOSS HIT | PNBHOUSING-EQ | Entry: ₹885.90 | Exit: ₹881.35 | SL: ₹881.45 | PnL: ₹-50.05 | symbol=PNBHOUSING-EQ | exit_reason=SL_HIT | entry_price=885.9 | exit_price=881.35 | sl_price=881.45 | quantity=11 | pnl=-50.05 | pnl_percent=-0.51 | charges=34.0 | trade_id=0 | duration_seconds=2551.146572 | duration_minutes=42.5
2025-11-25 15:15:39 | INFO | EXIT_BLOCKED | Cannot exit PNBHOUSING-EQ: Pending SELL order already exists for PNBHOUSING-EQ (Order ID: 251125001073992)
2025-11-25 15:15:39 | INFO | MONITOR | Paper trades checked (next in 60s)
2025-11-25 15:15:39 | INFO | MONITOR_SLEEP | Sleeping for 20s (base=20s, consecutive_errors=0, monitoring_suspended=False)
2025-11-25 15:15:59 | INFO | SL_MISSING_DETECTED | SL order missing for BALKRISIND-EQ (retry thread will handle) | symbol=BALKRISIND-EQ | sl_price=2275.55 | retry_count=10
2025-11-25 15:15:59 | INFO | SL_CHECK | Stop-loss hit for BALKRISIND-EQ (last_ltp: 2309.3, sl: 2275.55)
2025-11-25 15:15:59 | INFO | SL_MISSING_DETECTED | SL order missing for GODREJPROP-EQ (retry thread will handle) | symbol=GODREJPROP-EQ | sl_price=2077.05 | retry_count=10
2025-11-25 15:15:59 | INFO | SL_CHECK | Stop-loss hit for GODREJPROP-EQ (last_ltp: 2094.0, sl: 2077.05)
2025-11-25 15:15:59 | INFO | SL_CHECK | Stop-loss hit for PNBHOUSING-EQ (last_ltp: 881.35, sl: 881.45)
2025-11-25 15:15:59 | INFO | BUCKET_LTP_CHECK | Checking bucket 2/3 | symbols=['CHAMBLFERT-EQ', 'BALKRISIND-EQ', 'GODREJPROP-EQ'] | count=3
2025-11-25 15:16:00 | INFO | BUCKET_LTP_RESULT | Bucket LTP check complete | checked=3 | skipped=0 | bucket_number=2 | total_buckets=3
2025-11-25 15:16:01 | INFO | SL_HIT | 🛑 STOP LOSS HIT | BALKRISIND-EQ | Entry: ₹2287.00 | Exit: ₹2308.60 | SL: ₹2275.55 | PnL: ₹86.40 | symbol=BALKRISIND-EQ | exit_reason=SL_HIT | entry_price=2287.0 | exit_price=2308.6 | sl_price=2275.55 | quantity=4 | pnl=86.4 | pnl_percent=0.94 | charges=33.32 | trade_id=0 | duration_seconds=3475.930187 | duration_minutes=57.9
2025-11-25 15:16:01 | INFO | EXIT_BLOCKED | Cannot exit BALKRISIND-EQ: Pending SELL order already exists for BALKRISIND-EQ (Order ID: 251125000975801)
2025-11-25 15:16:01 | INFO | SL_HIT | 🛑 STOP LOSS HIT | GODREJPROP-EQ | Entry: ₹2087.50 | Exit: ₹2095.50 | SL: ₹2077.05 | PnL: ₹32.00 | symbol=GODREJPROP-EQ | exit_reason=SL_HIT | entry_price=2087.5 | exit_price=2095.5 | sl_price=2077.05 | quantity=4 | pnl=32.0 | pnl_percent=0.38 | charges=32.5 | trade_id=0 | duration_seconds=2577.88091 | duration_minutes=43.0
2025-11-25 15:16:01 | INFO | EXIT_BLOCKED | Cannot exit GODREJPROP-EQ: Pending SELL order already exists for GODREJPROP-EQ (Order ID: 251125001055394)
2025-11-25 15:16:01 | INFO | SL_HIT | 🛑 STOP LOSS HIT | PNBHOUSING-EQ | Entry: ₹885.90 | Exit: ₹881.35 | SL: ₹881.45 | PnL: ₹-50.05 | symbol=PNBHOUSING-EQ | exit_reason=SL_HIT | entry_price=885.9 | exit_price=881.35 | sl_price=881.45 | quantity=11 | pnl=-50.05 | pnl_percent=-0.51 | charges=34.0 | trade_id=0 | duration_seconds=2573.014065 | duration_minutes=42.9
2025-11-25 15:16:01 | INFO | EXIT_BLOCKED | Cannot exit PNBHOUSING-EQ: Pending SELL order already exists for PNBHOUSING-EQ (Order ID: 251125001073992)
2025-11-25 15:16:01 | INFO | MONITOR_SLEEP | Sleeping for 20s (base=20s, consecutive_errors=0, monitoring_suspended=False)
2025-11-25 15:16:21 | INFO | SL_MISSING_DETECTED | SL order missing for BALKRISIND-EQ (retry thread will handle) | symbol=BALKRISIND-EQ | sl_price=2275.55 | retry_count=10
2025-11-25 15:16:21 | INFO | SL_CHECK | Stop-loss hit for BALKRISIND-EQ (last_ltp: 2308.6, sl: 2275.55)
2025-11-25 15:16:21 | INFO | SL_MISSING_DETECTED | SL order missing for GODREJPROP-EQ (retry thread will handle) | symbol=GODREJPROP-EQ | sl_price=2077.05 | retry_count=10
2025-11-25 15:16:21 | INFO | SL_CHECK | Stop-loss hit for GODREJPROP-EQ (last_ltp: 2095.5, sl: 2077.05)
2025-11-25 15:16:21 | INFO | SL_CHECK | Stop-loss hit for PNBHOUSING-EQ (last_ltp: 881.35, sl: 881.45)
2025-11-25 15:16:21 | INFO | BUCKET_LTP_CHECK | Checking bucket 0/3 | symbols=['PNBHOUSING-EQ'] | count=1
2025-11-25 15:16:21 | INFO | BUCKET_LTP_RESULT | Bucket LTP check complete | checked=1 | skipped=0 | bucket_number=0 | total_buckets=3
2025-11-25 15:16:22 | INFO | SL_HIT | 🛑 STOP LOSS HIT | BALKRISIND-EQ | Entry: ₹2287.00 | Exit: ₹2308.60 | SL: ₹2275.55 | PnL: ₹86.40 | symbol=BALKRISIND-EQ | exit_reason=SL_HIT | entry_price=2287.0 | exit_price=2308.6 | sl_price=2275.55 | quantity=4 | pnl=86.4 | pnl_percent=0.94 | charges=33.32 | trade_id=0 | duration_seconds=3497.268633 | duration_minutes=58.3
2025-11-25 15:16:22 | INFO | EXIT_BLOCKED | Cannot exit BALKRISIND-EQ: Pending SELL order already exists for BALKRISIND-EQ (Order ID: 251125000975801)
2025-11-25 15:16:22 | INFO | SL_HIT | 🛑 STOP LOSS HIT | GODREJPROP-EQ | Entry: ₹2087.50 | Exit: ₹2095.50 | SL: ₹2077.05 | PnL: ₹32.00 | symbol=GODREJPROP-EQ | exit_reason=SL_HIT | entry_price=2087.5 | exit_price=2095.5 | sl_price=2077.05 | quantity=4 | pnl=32.0 | pnl_percent=0.38 | charges=32.5 | trade_id=0 | duration_seconds=2599.21947 | duration_minutes=43.3
2025-11-25 15:16:22 | INFO | EXIT_BLOCKED | Cannot exit GODREJPROP-EQ: Pending SELL order already exists for GODREJPROP-EQ (Order ID: 251125001055394)
2025-11-25 15:16:22 | INFO | SL_HIT | 🛑 STOP LOSS HIT | PNBHOUSING-EQ | Entry: ₹885.90 | Exit: ₹880.30 | SL: ₹881.45 | PnL: ₹-61.60 | symbol=PNBHOUSING-EQ | exit_reason=SL_HIT | entry_price=885.9 | exit_price=880.3 | sl_price=881.45 | quantity=11 | pnl=-61.6 | pnl_percent=-0.63 | charges=34.0 | trade_id=0 | duration_seconds=2594.352502 | duration_minutes=43.2
2025-11-25 15:16:22 | INFO | EXIT_BLOCKED | Cannot exit PNBHOUSING-EQ: Pending SELL order already exists for PNBHOUSING-EQ (Order ID: 251125001073992)
2025-11-25 15:16:22 | INFO | MONITOR_SLEEP | Sleeping for 20s (base=20s, consecutive_errors=0, monitoring_suspended=False)
2025-11-25 15:16:42 | INFO | SL_MISSING_DETECTED | SL order missing for BALKRISIND-EQ (retry thread will handle) | symbol=BALKRISIND-EQ | sl_price=2275.55 | retry_count=10
2025-11-25 15:16:42 | INFO | SL_CHECK | Stop-loss hit for BALKRISIND-EQ (last_ltp: 2308.6, sl: 2275.55)
2025-11-25 15:16:42 | INFO | SL_MISSING_DETECTED | SL order missing for GODREJPROP-EQ (retry thread will handle) | symbol=GODREJPROP-EQ | sl_price=2077.05 | retry_count=10
2025-11-25 15:16:42 | INFO | SL_CHECK | Stop-loss hit for GODREJPROP-EQ (last_ltp: 2095.5, sl: 2077.05)
2025-11-25 15:16:42 | INFO | SL_CHECK | Stop-loss hit for PNBHOUSING-EQ (last_ltp: 880.3, sl: 881.45)
2025-11-25 15:16:42 | INFO | BUCKET_LTP_CHECK | Checking bucket 1/3 | symbols=['IOC-EQ', 'M&M-EQ', 'UPL-EQ'] | count=3
2025-11-25 15:16:43 | INFO | BUCKET_LTP_RESULT | Bucket LTP check complete | checked=3 | skipped=0 | bucket_number=1 | total_buckets=3
2025-11-25 15:16:44 | INFO | SL_HIT | 🛑 STOP LOSS HIT | BALKRISIND-EQ | Entry: ₹2287.00 | Exit: ₹2308.60 | SL: ₹2275.55 | PnL: ₹86.40 | symbol=BALKRISIND-EQ | exit_reason=SL_HIT | entry_price=2287.0 | exit_price=2308.6 | sl_price=2275.55 | quantity=4 | pnl=86.4 | pnl_percent=0.94 | charges=33.32 | trade_id=0 | duration_seconds=3519.141654 | duration_minutes=58.7
2025-11-25 15:16:44 | INFO | EXIT_BLOCKED | Cannot exit BALKRISIND-EQ: Pending SELL order already exists for BALKRISIND-EQ (Order ID: 251125000975801)
2025-11-25 15:16:44 | INFO | SL_HIT | 🛑 STOP LOSS HIT | GODREJPROP-EQ | Entry: ₹2087.50 | Exit: ₹2095.50 | SL: ₹2077.05 | PnL: ₹32.00 | symbol=GODREJPROP-EQ | exit_reason=SL_HIT | entry_price=2087.5 | exit_price=2095.5 | sl_price=2077.05 | quantity=4 | pnl=32.0 | pnl_percent=0.38 | charges=32.5 | trade_id=0 | duration_seconds=2621.09236 | duration_minutes=43.7
2025-11-25 15:16:44 | INFO | EXIT_BLOCKED | Cannot exit GODREJPROP-EQ: Pending SELL order already exists for GODREJPROP-EQ (Order ID: 251125001055394)
2025-11-25 15:16:44 | INFO | SL_HIT | 🛑 STOP LOSS HIT | PNBHOUSING-EQ | Entry: ₹885.90 | Exit: ₹880.30 | SL: ₹881.45 | PnL: ₹-61.60 | symbol=PNBHOUSING-EQ | exit_reason=SL_HIT | entry_price=885.9 | exit_price=880.3 | sl_price=881.45 | quantity=11 | pnl=-61.6 | pnl_percent=-0.63 | charges=34.0 | trade_id=0 | duration_seconds=2616.225401 | duration_minutes=43.6
2025-11-25 15:16:44 | INFO | EXIT_BLOCKED | Cannot exit PNBHOUSING-EQ: Pending SELL order already exists for PNBHOUSING-EQ (Order ID: 251125001073992)
2025-11-25 15:16:44 | INFO | MONITOR | Paper trades checked (next in 60s)
2025-11-25 15:16:44 | INFO | MONITOR_SLEEP | Sleeping for 20s (base=20s, consecutive_errors=0, monitoring_suspended=False)
2025-11-25 15:17:04 | INFO | SL_MISSING_DETECTED | SL order missing for BALKRISIND-EQ (retry thread will handle) | symbol=BALKRISIND-EQ | sl_price=2275.55 | retry_count=10
2025-11-25 15:17:04 | INFO | SL_CHECK | Stop-loss hit for BALKRISIND-EQ (last_ltp: 2308.6, sl: 2275.55)
2025-11-25 15:17:04 | INFO | SL_MISSING_DETECTED | SL order missing for GODREJPROP-EQ (retry thread will handle) | symbol=GODREJPROP-EQ | sl_price=2077.05 | retry_count=10
2025-11-25 15:17:04 | INFO | SL_CHECK | Stop-loss hit for GODREJPROP-EQ (last_ltp: 2095.5, sl: 2077.05)
2025-11-25 15:17:04 | INFO | SL_CHECK | Stop-loss hit for PNBHOUSING-EQ (last_ltp: 880.3, sl: 881.45)
2025-11-25 15:17:04 | INFO | BUCKET_LTP_CHECK | Checking bucket 2/3 | symbols=['CHAMBLFERT-EQ', 'BALKRISIND-EQ', 'GODREJPROP-EQ'] | count=3
2025-11-25 15:17:05 | INFO | BUCKET_LTP_RESULT | Bucket LTP check complete | checked=3 | skipped=0 | bucket_number=2 | total_buckets=3
2025-11-25 15:17:06 | INFO | SL_HIT | 🛑 STOP LOSS HIT | BALKRISIND-EQ | Entry: ₹2287.00 | Exit: ₹2306.60 | SL: ₹2275.55 | PnL: ₹78.40 | symbol=BALKRISIND-EQ | exit_reason=SL_HIT | entry_price=2287.0 | exit_price=2306.6 | sl_price=2275.55 | quantity=4 | pnl=78.4 | pnl_percent=0.86 | charges=33.32 | trade_id=0 | duration_seconds=3541.044185 | duration_minutes=59.0
2025-11-25 15:17:06 | INFO | EXIT_BLOCKED | Cannot exit BALKRISIND-EQ: Pending SELL order already exists for BALKRISIND-EQ (Order ID: 251125000975801)
2025-11-25 15:17:06 | INFO | SL_HIT | 🛑 STOP LOSS HIT | GODREJPROP-EQ | Entry: ₹2087.50 | Exit: ₹2093.20 | SL: ₹2077.05 | PnL: ₹22.80 | symbol=GODREJPROP-EQ | exit_reason=SL_HIT | entry_price=2087.5 | exit_price=2093.2 | sl_price=2077.05 | quantity=4 | pnl=22.8 | pnl_percent=0.27 | charges=32.5 | trade_id=0 | duration_seconds=2642.995075 | duration_minutes=44.0
2025-11-25 15:17:06 | INFO | EXIT_BLOCKED | Cannot exit GODREJPROP-EQ: Pending SELL order already exists for GODREJPROP-EQ (Order ID: 251125001055394)
2025-11-25 15:17:06 | INFO | SL_HIT | 🛑 STOP LOSS HIT | PNBHOUSING-EQ | Entry: ₹885.90 | Exit: ₹880.30 | SL: ₹881.45 | PnL: ₹-61.60 | symbol=PNBHOUSING-EQ | exit_reason=SL_HIT | entry_price=885.9 | exit_price=880.3 | sl_price=881.45 | quantity=11 | pnl=-61.6 | pnl_percent=-0.63 | charges=34.0 | trade_id=0 | duration_seconds=2638.128411 | duration_minutes=44.0
2025-11-25 15:17:06 | INFO | EXIT_BLOCKED | Cannot exit PNBHOUSING-EQ: Pending SELL order already exists for PNBHOUSING-EQ (Order ID: 251125001073992)
2025-11-25 15:17:06 | INFO | MONITOR_SLEEP | Sleeping for 20s (base=20s, consecutive_errors=0, monitoring_suspended=False)
2025-11-25 15:17:26 | INFO | SL_MISSING_DETECTED | SL order missing for BALKRISIND-EQ (retry thread will handle) | symbol=BALKRISIND-EQ | sl_price=2275.55 | retry_count=10
2025-11-25 15:17:26 | INFO | SL_CHECK | Stop-loss hit for BALKRISIND-EQ (last_ltp: 2306.6, sl: 2275.55)
2025-11-25 15:17:26 | INFO | SL_MISSING_DETECTED | SL order missing for GODREJPROP-EQ (retry thread will handle) | symbol=GODREJPROP-EQ | sl_price=2077.05 | retry_count=10
2025-11-25 15:17:26 | INFO | SL_CHECK | Stop-loss hit for GODREJPROP-EQ (last_ltp: 2093.2, sl: 2077.05)
2025-11-25 15:17:26 | INFO | SL_CHECK | Stop-loss hit for PNBHOUSING-EQ (last_ltp: 880.3, sl: 881.45)
2025-11-25 15:17:26 | INFO | BUCKET_LTP_CHECK | Checking bucket 0/3 | symbols=['PNBHOUSING-EQ'] | count=1
2025-11-25 15:17:26 | INFO | BUCKET_LTP_RESULT | Bucket LTP check complete | checked=1 | skipped=0 | bucket_number=0 | total_buckets=3
2025-11-25 15:17:27 | INFO | SL_HIT | 🛑 STOP LOSS HIT | BALKRISIND-EQ | Entry: ₹2287.00 | Exit: ₹2306.60 | SL: ₹2275.55 | PnL: ₹78.40 | symbol=BALKRISIND-EQ | exit_reason=SL_HIT | entry_price=2287.0 | exit_price=2306.6 | sl_price=2275.55 | quantity=4 | pnl=78.4 | pnl_percent=0.86 | charges=33.32 | trade_id=0 | duration_seconds=3562.385673 | duration_minutes=59.4
2025-11-25 15:17:27 | INFO | EXIT_BLOCKED | Cannot exit BALKRISIND-EQ: Pending SELL order already exists for BALKRISIND-EQ (Order ID: 251125000975801)
2025-11-25 15:17:27 | INFO | SL_HIT | 🛑 STOP LOSS HIT | GODREJPROP-EQ | Entry: ₹2087.50 | Exit: ₹2093.20 | SL: ₹2077.05 | PnL: ₹22.80 | symbol=GODREJPROP-EQ | exit_reason=SL_HIT | entry_price=2087.5 | exit_price=2093.2 | sl_price=2077.05 | quantity=4 | pnl=22.8 | pnl_percent=0.27 | charges=32.5 | trade_id=0 | duration_seconds=2664.336468 | duration_minutes=44.4
2025-11-25 15:17:27 | INFO | EXIT_BLOCKED | Cannot exit GODREJPROP-EQ: Pending SELL order already exists for GODREJPROP-EQ (Order ID: 251125001055394)
2025-11-25 15:17:27 | INFO | MONITOR_SLEEP | Sleeping for 20s (base=20s, consecutive_errors=0, monitoring_suspended=False)
2025-11-25 15:17:47 | INFO | SL_MISSING_DETECTED | SL order missing for BALKRISIND-EQ (retry thread will handle) | symbol=BALKRISIND-EQ | sl_price=2275.55 | retry_count=10
2025-11-25 15:17:47 | INFO | SL_CHECK | Stop-loss hit for BALKRISIND-EQ (last_ltp: 2306.6, sl: 2275.55)
2025-11-25 15:17:47 | INFO | SL_MISSING_DETECTED | SL order missing for GODREJPROP-EQ (retry thread will handle) | symbol=GODREJPROP-EQ | sl_price=2077.05 | retry_count=10
2025-11-25 15:17:47 | INFO | SL_CHECK | Stop-loss hit for GODREJPROP-EQ (last_ltp: 2093.2, sl: 2077.05)
2025-11-25 15:17:47 | INFO | BUCKET_LTP_CHECK | Checking bucket 1/3 | symbols=['IOC-EQ', 'M&M-EQ', 'UPL-EQ'] | count=3
2025-11-25 15:17:48 | INFO | BUCKET_LTP_RESULT | Bucket LTP check complete | checked=3 | skipped=0 | bucket_number=1 | total_buckets=3
2025-11-25 15:17:49 | INFO | SL_HIT | 🛑 STOP LOSS HIT | BALKRISIND-EQ | Entry: ₹2287.00 | Exit: ₹2306.60 | SL: ₹2275.55 | PnL: ₹78.40 | symbol=BALKRISIND-EQ | exit_reason=SL_HIT | entry_price=2287.0 | exit_price=2306.6 | sl_price=2275.55 | quantity=4 | pnl=78.4 | pnl_percent=0.86 | charges=33.32 | trade_id=0 | duration_seconds=3584.296721 | duration_minutes=59.7
2025-11-25 15:17:49 | INFO | EXIT_BLOCKED | Cannot exit BALKRISIND-EQ: Pending SELL order already exists for BALKRISIND-EQ (Order ID: 251125000975801)
2025-11-25 15:17:49 | INFO | SL_HIT | 🛑 STOP LOSS HIT | GODREJPROP-EQ | Entry: ₹2087.50 | Exit: ₹2093.20 | SL: ₹2077.05 | PnL: ₹22.80 | symbol=GODREJPROP-EQ | exit_reason=SL_HIT | entry_price=2087.5 | exit_price=2093.2 | sl_price=2077.05 | quantity=4 | pnl=22.8 | pnl_percent=0.27 | charges=32.5 | trade_id=0 | duration_seconds=2686.247395 | duration_minutes=44.8
2025-11-25 15:17:49 | INFO | EXIT_BLOCKED | Cannot exit GODREJPROP-EQ: Pending SELL order already exists for GODREJPROP-EQ (Order ID: 251125001055394)
2025-11-25 15:17:49 | INFO | MONITOR | Paper trades checked (next in 60s)
2025-11-25 15:17:49 | INFO | MONITOR_SLEEP | Sleeping for 20s (base=20s, consecutive_errors=0, monitoring_suspended=False)
2025-11-25 15:18:09 | INFO | SL_MISSING_DETECTED | SL order missing for BALKRISIND-EQ (retry thread will handle) | symbol=BALKRISIND-EQ | sl_price=2275.55 | retry_count=10
2025-11-25 15:18:09 | INFO | SL_CHECK | Stop-loss hit for BALKRISIND-EQ (last_ltp: 2306.6, sl: 2275.55)
2025-11-25 15:18:09 | INFO | SL_MISSING_DETECTED | SL order missing for GODREJPROP-EQ (retry thread will handle) | symbol=GODREJPROP-EQ | sl_price=2077.05 | retry_count=10
2025-11-25 15:18:09 | INFO | SL_CHECK | Stop-loss hit for GODREJPROP-EQ (last_ltp: 2093.2, sl: 2077.05)
2025-11-25 15:18:09 | INFO | BUCKET_LTP_CHECK | Checking bucket 2/3 | symbols=['CHAMBLFERT-EQ', 'BALKRISIND-EQ', 'GODREJPROP-EQ'] | count=3
2025-11-25 15:18:10 | INFO | BUCKET_LTP_RESULT | Bucket LTP check complete | checked=3 | skipped=0 | bucket_number=2 | total_buckets=3
2025-11-25 15:18:11 | INFO | SL_HIT | 🛑 STOP LOSS HIT | BALKRISIND-EQ | Entry: ₹2287.00 | Exit: ₹2306.20 | SL: ₹2275.55 | PnL: ₹76.80 | symbol=BALKRISIND-EQ | exit_reason=SL_HIT | entry_price=2287.0 | exit_price=2306.2 | sl_price=2275.55 | quantity=4 | pnl=76.8 | pnl_percent=0.84 | charges=33.32 | trade_id=0 | duration_seconds=3606.183 | duration_minutes=60.1
2025-11-25 15:18:11 | INFO | EXIT_BLOCKED | Cannot exit BALKRISIND-EQ: Pending SELL order already exists for BALKRISIND-EQ (Order ID: 251125000975801)
2025-11-25 15:18:11 | INFO | SL_HIT | 🛑 STOP LOSS HIT | GODREJPROP-EQ | Entry: ₹2087.50 | Exit: ₹2093.50 | SL: ₹2077.05 | PnL: ₹24.00 | symbol=GODREJPROP-EQ | exit_reason=SL_HIT | entry_price=2087.5 | exit_price=2093.5 | sl_price=2077.05 | quantity=4 | pnl=24.0 | pnl_percent=0.29 | charges=32.5 | trade_id=0 | duration_seconds=2708.13481 | duration_minutes=45.1
2025-11-25 15:18:11 | INFO | EXIT_BLOCKED | Cannot exit GODREJPROP-EQ: Pending SELL order already exists for GODREJPROP-EQ (Order ID: 251125001055394)
2025-11-25 15:18:11 | INFO | MONITOR_SLEEP | Sleeping for 20s (base=20s, consecutive_errors=0, monitoring_suspended=False)
2025-11-25 15:18:31 | INFO | SL_MISSING_DETECTED | SL order missing for BALKRISIND-EQ (retry thread will handle) | symbol=BALKRISIND-EQ | sl_price=2275.55 | retry_count=10
2025-11-25 15:18:31 | INFO | SL_CHECK | Stop-loss hit for BALKRISIND-EQ (last_ltp: 2306.2, sl: 2275.55)
2025-11-25 15:18:31 | INFO | SL_MISSING_DETECTED | SL order missing for GODREJPROP-EQ (retry thread will handle) | symbol=GODREJPROP-EQ | sl_price=2077.05 | retry_count=10
2025-11-25 15:18:31 | INFO | SL_CHECK | Stop-loss hit for GODREJPROP-EQ (last_ltp: 2093.5, sl: 2077.05)
2025-11-25 15:18:31 | INFO | BUCKET_LTP_CHECK | Checking bucket 0/3 | symbols=['PNBHOUSING-EQ'] | count=1
2025-11-25 15:18:31 | INFO | BUCKET_LTP_RESULT | Bucket LTP check complete | checked=1 | skipped=0 | bucket_number=0 | total_buckets=3
2025-11-25 15:18:32 | INFO | SL_HIT | 🛑 STOP LOSS HIT | BALKRISIND-EQ | Entry: ₹2287.00 | Exit: ₹2306.20 | SL: ₹2275.55 | PnL: ₹76.80 | symbol=BALKRISIND-EQ | exit_reason=SL_HIT | entry_price=2287.0 | exit_price=2306.2 | sl_price=2275.55 | quantity=4 | pnl=76.8 | pnl_percent=0.84 | charges=33.32 | trade_id=0 | duration_seconds=3627.510592 | duration_minutes=60.5
2025-11-25 15:18:32 | INFO | EXIT_BLOCKED | Cannot exit BALKRISIND-EQ: Pending SELL order already exists for BALKRISIND-EQ (Order ID: 251125000975801)
2025-11-25 15:18:32 | INFO | SL_HIT | 🛑 STOP LOSS HIT | GODREJPROP-EQ | Entry: ₹2087.50 | Exit: ₹2093.50 | SL: ₹2077.05 | PnL: ₹24.00 | symbol=GODREJPROP-EQ | exit_reason=SL_HIT | entry_price=2087.5 | exit_price=2093.5 | sl_price=2077.05 | quantity=4 | pnl=24.0 | pnl_percent=0.29 | charges=32.5 | trade_id=0 | duration_seconds=2729.461474 | duration_minutes=45.5
2025-11-25 15:18:32 | INFO | EXIT_BLOCKED | Cannot exit GODREJPROP-EQ: Pending SELL order already exists for GODREJPROP-EQ (Order ID: 251125001055394)
2025-11-25 15:18:33 | INFO | SL_HIT | 🛑 STOP LOSS HIT | PNBHOUSING-EQ | Entry: ₹885.90 | Exit: ₹881.30 | SL: ₹881.45 | PnL: ₹-50.60 | symbol=PNBHOUSING-EQ | exit_reason=SL_HIT | entry_price=885.9 | exit_price=881.3 | sl_price=881.45 | quantity=11 | pnl=-50.6 | pnl_percent=-0.52 | charges=34.0 | trade_id=0 | duration_seconds=2724.596322 | duration_minutes=45.4
2025-11-25 15:18:33 | INFO | EXIT_BLOCKED | Cannot exit PNBHOUSING-EQ: Pending SELL order already exists for PNBHOUSING-EQ (Order ID: 251125001073992)
2025-11-25 15:18:33 | INFO | MONITOR_SLEEP | Sleeping for 20s (base=20s, consecutive_errors=0, monitoring_suspended=False)
2025-11-25 15:18:53 | INFO | SL_MISSING_DETECTED | SL order missing for BALKRISIND-EQ (retry thread will handle) | symbol=BALKRISIND-EQ | sl_price=2275.55 | retry_count=10
2025-11-25 15:18:53 | INFO | SL_CHECK | Stop-loss hit for BALKRISIND-EQ (last_ltp: 2306.2, sl: 2275.55)
2025-11-25 15:18:53 | INFO | SL_MISSING_DETECTED | SL order missing for GODREJPROP-EQ (retry thread will handle) | symbol=GODREJPROP-EQ | sl_price=2077.05 | retry_count=10
2025-11-25 15:18:53 | INFO | SL_CHECK | Stop-loss hit for GODREJPROP-EQ (last_ltp: 2093.5, sl: 2077.05)
2025-11-25 15:18:53 | INFO | SL_CHECK | Stop-loss hit for PNBHOUSING-EQ (last_ltp: 881.3, sl: 881.45)
2025-11-25 15:18:53 | INFO | BUCKET_LTP_CHECK | Checking bucket 1/3 | symbols=['IOC-EQ', 'M&M-EQ', 'UPL-EQ'] | count=3
2025-11-25 15:18:53 | INFO | BUCKET_LTP_RESULT | Bucket LTP check complete | checked=3 | skipped=0 | bucket_number=1 | total_buckets=3
2025-11-25 15:18:54 | INFO | SL_HIT | 🛑 STOP LOSS HIT | BALKRISIND-EQ | Entry: ₹2287.00 | Exit: ₹2306.20 | SL: ₹2275.55 | PnL: ₹76.80 | symbol=BALKRISIND-EQ | exit_reason=SL_HIT | entry_price=2287.0 | exit_price=2306.2 | sl_price=2275.55 | quantity=4 | pnl=76.8 | pnl_percent=0.84 | charges=33.32 | trade_id=0 | duration_seconds=3649.399969 | duration_minutes=60.8
2025-11-25 15:18:54 | INFO | EXIT_BLOCKED | Cannot exit BALKRISIND-EQ: Pending SELL order already exists for BALKRISIND-EQ (Order ID: 251125000975801)
2025-11-25 15:18:54 | INFO | SL_HIT | 🛑 STOP LOSS HIT | GODREJPROP-EQ | Entry: ₹2087.50 | Exit: ₹2093.50 | SL: ₹2077.05 | PnL: ₹24.00 | symbol=GODREJPROP-EQ | exit_reason=SL_HIT | entry_price=2087.5 | exit_price=2093.5 | sl_price=2077.05 | quantity=4 | pnl=24.0 | pnl_percent=0.29 | charges=32.5 | trade_id=0 | duration_seconds=2751.352338 | duration_minutes=45.9
2025-11-25 15:18:54 | INFO | EXIT_BLOCKED | Cannot exit GODREJPROP-EQ: Pending SELL order already exists for GODREJPROP-EQ (Order ID: 251125001055394)
2025-11-25 15:18:54 | INFO | SL_HIT | 🛑 STOP LOSS HIT | PNBHOUSING-EQ | Entry: ₹885.90 | Exit: ₹881.30 | SL: ₹881.45 | PnL: ₹-50.60 | symbol=PNBHOUSING-EQ | exit_reason=SL_HIT | entry_price=885.9 | exit_price=881.3 | sl_price=881.45 | quantity=11 | pnl=-50.6 | pnl_percent=-0.52 | charges=34.0 | trade_id=0 | duration_seconds=2746.485333 | duration_minutes=45.8
2025-11-25 15:18:54 | INFO | EXIT_BLOCKED | Cannot exit PNBHOUSING-EQ: Pending SELL order already exists for PNBHOUSING-EQ (Order ID: 251125001073992)
2025-11-25 15:18:54 | INFO | MONITOR | Paper trades checked (next in 60s)
2025-11-25 15:18:54 | INFO | MONITOR_SLEEP | Sleeping for 20s (base=20s, consecutive_errors=0, monitoring_suspended=False)
2025-11-25 15:19:14 | INFO | SL_MISSING_DETECTED | SL order missing for BALKRISIND-EQ (retry thread will handle) | symbol=BALKRISIND-EQ | sl_price=2275.55 | retry_count=10
2025-11-25 15:19:14 | INFO | SL_CHECK | Stop-loss hit for BALKRISIND-EQ (last_ltp: 2306.2, sl: 2275.55)
2025-11-25 15:19:14 | INFO | SL_MISSING_DETECTED | SL order missing for GODREJPROP-EQ (retry thread will handle) | symbol=GODREJPROP-EQ | sl_price=2077.05 | retry_count=10
2025-11-25 15:19:14 | INFO | SL_CHECK | Stop-loss hit for GODREJPROP-EQ (last_ltp: 2093.5, sl: 2077.05)
2025-11-25 15:19:14 | INFO | SL_CHECK | Stop-loss hit for PNBHOUSING-EQ (last_ltp: 881.3, sl: 881.45)
2025-11-25 15:19:14 | INFO | BUCKET_LTP_CHECK | Checking bucket 2/3 | symbols=['CHAMBLFERT-EQ', 'BALKRISIND-EQ', 'GODREJPROP-EQ'] | count=3
2025-11-25 15:19:15 | INFO | BUCKET_LTP_RESULT | Bucket LTP check complete | checked=3 | skipped=0 | bucket_number=2 | total_buckets=3
2025-11-25 15:19:16 | INFO | SL_HIT | 🛑 STOP LOSS HIT | BALKRISIND-EQ | Entry: ₹2287.00 | Exit: ₹2305.50 | SL: ₹2275.55 | PnL: ₹74.00 | symbol=BALKRISIND-EQ | exit_reason=SL_HIT | entry_price=2287.0 | exit_price=2305.5 | sl_price=2275.55 | quantity=4 | pnl=74.0 | pnl_percent=0.81 | charges=33.32 | trade_id=0 | duration_seconds=3671.250558 | duration_minutes=61.2
2025-11-25 15:19:16 | INFO | EXIT_BLOCKED | Cannot exit BALKRISIND-EQ: Pending SELL order already exists for BALKRISIND-EQ (Order ID: 251125000975801)
2025-11-25 15:19:16 | INFO | SL_HIT | 🛑 STOP LOSS HIT | GODREJPROP-EQ | Entry: ₹2087.50 | Exit: ₹2094.20 | SL: ₹2077.05 | PnL: ₹26.80 | symbol=GODREJPROP-EQ | exit_reason=SL_HIT | entry_price=2087.5 | exit_price=2094.2 | sl_price=2077.05 | quantity=4 | pnl=26.8 | pnl_percent=0.32 | charges=32.5 | trade_id=0 | duration_seconds=2773.201336 | duration_minutes=46.2
2025-11-25 15:19:16 | INFO | EXIT_BLOCKED | Cannot exit GODREJPROP-EQ: Pending SELL order already exists for GODREJPROP-EQ (Order ID: 251125001055394)
2025-11-25 15:19:16 | INFO | SL_HIT | 🛑 STOP LOSS HIT | PNBHOUSING-EQ | Entry: ₹885.90 | Exit: ₹881.30 | SL: ₹881.45 | PnL: ₹-50.60 | symbol=PNBHOUSING-EQ | exit_reason=SL_HIT | entry_price=885.9 | exit_price=881.3 | sl_price=881.45 | quantity=11 | pnl=-50.6 | pnl_percent=-0.52 | charges=34.0 | trade_id=0 | duration_seconds=2768.33465 | duration_minutes=46.1
2025-11-25 15:19:16 | INFO | EXIT_BLOCKED | Cannot exit PNBHOUSING-EQ: Pending SELL order already exists for PNBHOUSING-EQ (Order ID: 251125001073992)
2025-11-25 15:19:16 | INFO | MONITOR_SLEEP | Sleeping for 20s (base=20s, consecutive_errors=0, monitoring_suspended=False)
2025-11-25 15:19:36 | INFO | SL_MISSING_DETECTED | SL order missing for BALKRISIND-EQ (retry thread will handle) | symbol=BALKRISIND-EQ | sl_price=2275.55 | retry_count=10
2025-11-25 15:19:36 | INFO | SL_CHECK | Stop-loss hit for BALKRISIND-EQ (last_ltp: 2305.5, sl: 2275.55)
2025-11-25 15:19:36 | INFO | SL_MISSING_DETECTED | SL order missing for GODREJPROP-EQ (retry thread will handle) | symbol=GODREJPROP-EQ | sl_price=2077.05 | retry_count=10
2025-11-25 15:19:36 | INFO | SL_CHECK | Stop-loss hit for GODREJPROP-EQ (last_ltp: 2094.2, sl: 2077.05)
2025-11-25 15:19:36 | INFO | SL_CHECK | Stop-loss hit for PNBHOUSING-EQ (last_ltp: 881.3, sl: 881.45)
2025-11-25 15:19:36 | INFO | BUCKET_LTP_CHECK | Checking bucket 0/3 | symbols=['PNBHOUSING-EQ'] | count=1
2025-11-25 15:19:36 | INFO | BUCKET_LTP_RESULT | Bucket LTP check complete | checked=1 | skipped=0 | bucket_number=0 | total_buckets=3
2025-11-25 15:19:37 | INFO | SL_HIT | 🛑 STOP LOSS HIT | BALKRISIND-EQ | Entry: ₹2287.00 | Exit: ₹2305.50 | SL: ₹2275.55 | PnL: ₹74.00 | symbol=BALKRISIND-EQ | exit_reason=SL_HIT | entry_price=2287.0 | exit_price=2305.5 | sl_price=2275.55 | quantity=4 | pnl=74.0 | pnl_percent=0.81 | charges=33.32 | trade_id=0 | duration_seconds=3692.586577 | duration_minutes=61.5
2025-11-25 15:19:37 | INFO | EXIT_BLOCKED | Cannot exit BALKRISIND-EQ: Pending SELL order already exists for BALKRISIND-EQ (Order ID: 251125000975801)
2025-11-25 15:19:37 | INFO | SL_HIT | 🛑 STOP LOSS HIT | GODREJPROP-EQ | Entry: ₹2087.50 | Exit: ₹2094.20 | SL: ₹2077.05 | PnL: ₹26.80 | symbol=GODREJPROP-EQ | exit_reason=SL_HIT | entry_price=2087.5 | exit_price=2094.2 | sl_price=2077.05 | quantity=4 | pnl=26.8 | pnl_percent=0.32 | charges=32.5 | trade_id=0 | duration_seconds=2794.537258 | duration_minutes=46.6
2025-11-25 15:19:37 | INFO | EXIT_BLOCKED | Cannot exit GODREJPROP-EQ: Pending SELL order already exists for GODREJPROP-EQ (Order ID: 251125001055394)
2025-11-25 15:19:38 | INFO | MONITOR_SLEEP | Sleeping for 20s (base=20s, consecutive_errors=0, monitoring_suspended=False)
2025-11-25 15:19:58 | INFO | SL_MISSING_DETECTED | SL order missing for BALKRISIND-EQ (retry thread will handle) | symbol=BALKRISIND-EQ | sl_price=2275.55 | retry_count=10
2025-11-25 15:19:58 | INFO | SL_CHECK | Stop-loss hit for BALKRISIND-EQ (last_ltp: 2305.5, sl: 2275.55)
2025-11-25 15:19:58 | INFO | SL_MISSING_DETECTED | SL order missing for GODREJPROP-EQ (retry thread will handle) | symbol=GODREJPROP-EQ | sl_price=2077.05 | retry_count=10
2025-11-25 15:19:58 | INFO | SL_CHECK | Stop-loss hit for GODREJPROP-EQ (last_ltp: 2094.2, sl: 2077.05)
2025-11-25 15:19:58 | INFO | BUCKET_LTP_CHECK | Checking bucket 1/3 | symbols=['IOC-EQ', 'M&M-EQ', 'UPL-EQ'] | count=3
2025-11-25 15:19:58 | INFO | BUCKET_LTP_RESULT | Bucket LTP check complete | checked=3 | skipped=0 | bucket_number=1 | total_buckets=3
2025-11-25 15:19:59 | INFO | SL_HIT | 🛑 STOP LOSS HIT | BALKRISIND-EQ | Entry: ₹2287.00 | Exit: ₹2305.50 | SL: ₹2275.55 | PnL: ₹74.00 | symbol=BALKRISIND-EQ | exit_reason=SL_HIT | entry_price=2287.0 | exit_price=2305.5 | sl_price=2275.55 | quantity=4 | pnl=74.0 | pnl_percent=0.81 | charges=33.32 | trade_id=0 | duration_seconds=3714.482807 | duration_minutes=61.9
2025-11-25 15:19:59 | INFO | EXIT_BLOCKED | Cannot exit BALKRISIND-EQ: Pending SELL order already exists for BALKRISIND-EQ (Order ID: 251125000975801)
2025-11-25 15:19:59 | INFO | SL_HIT | 🛑 STOP LOSS HIT | GODREJPROP-EQ | Entry: ₹2087.50 | Exit: ₹2094.20 | SL: ₹2077.05 | PnL: ₹26.80 | symbol=GODREJPROP-EQ | exit_reason=SL_HIT | entry_price=2087.5 | exit_price=2094.2 | sl_price=2077.05 | quantity=4 | pnl=26.8 | pnl_percent=0.32 | charges=32.5 | trade_id=0 | duration_seconds=2816.435012 | duration_minutes=46.9
2025-11-25 15:19:59 | INFO | EXIT_BLOCKED | Cannot exit GODREJPROP-EQ: Pending SELL order already exists for GODREJPROP-EQ (Order ID: 251125001055394)
2025-11-25 15:19:59 | INFO | MONITOR | Paper trades checked (next in 60s)
2025-11-25 15:19:59 | INFO | MONITOR_SLEEP | Sleeping for 20s (base=20s, consecutive_errors=0, monitoring_suspended=False)
2025-11-25 15:20:19 | INFO | SL_MISSING_DETECTED | SL order missing for BALKRISIND-EQ (retry thread will handle) | symbol=BALKRISIND-EQ | sl_price=2275.55 | retry_count=10
2025-11-25 15:20:19 | INFO | SL_CHECK | Stop-loss hit for BALKRISIND-EQ (last_ltp: 2305.5, sl: 2275.55)
2025-11-25 15:20:19 | INFO | SL_MISSING_DETECTED | SL order missing for GODREJPROP-EQ (retry thread will handle) | symbol=GODREJPROP-EQ | sl_price=2077.05 | retry_count=10
2025-11-25 15:20:19 | INFO | SL_CHECK | Stop-loss hit for GODREJPROP-EQ (last_ltp: 2094.2, sl: 2077.05)
2025-11-25 15:20:19 | INFO | BUCKET_LTP_CHECK | Checking bucket 2/3 | symbols=['CHAMBLFERT-EQ', 'BALKRISIND-EQ', 'GODREJPROP-EQ'] | count=3
2025-11-25 15:20:20 | INFO | BUCKET_LTP_RESULT | Bucket LTP check complete | checked=3 | skipped=0 | bucket_number=2 | total_buckets=3
2025-11-25 15:20:21 | INFO | SL_HIT | 🛑 STOP LOSS HIT | BALKRISIND-EQ | Entry: ₹2287.00 | Exit: ₹2303.70 | SL: ₹2275.55 | PnL: ₹66.80 | symbol=BALKRISIND-EQ | exit_reason=SL_HIT | entry_price=2287.0 | exit_price=2303.7 | sl_price=2275.55 | quantity=4 | pnl=66.8 | pnl_percent=0.73 | charges=33.32 | trade_id=0 | duration_seconds=3736.340556 | duration_minutes=62.3
2025-11-25 15:20:21 | INFO | EXIT_BLOCKED | Cannot exit BALKRISIND-EQ: Pending SELL order already exists for BALKRISIND-EQ (Order ID: 251125000975801)
2025-11-25 15:20:21 | INFO | SL_HIT | 🛑 STOP LOSS HIT | GODREJPROP-EQ | Entry: ₹2087.50 | Exit: ₹2094.00 | SL: ₹2077.05 | PnL: ₹26.00 | symbol=GODREJPROP-EQ | exit_reason=SL_HIT | entry_price=2087.5 | exit_price=2094.0 | sl_price=2077.05 | quantity=4 | pnl=26.0 | pnl_percent=0.31 | charges=32.5 | trade_id=0 | duration_seconds=2838.291594 | duration_minutes=47.3
2025-11-25 15:20:21 | INFO | EXIT_BLOCKED | Cannot exit GODREJPROP-EQ: Pending SELL order already exists for GODREJPROP-EQ (Order ID: 251125001055394)
2025-11-25 15:20:21 | INFO | MONITOR_SLEEP | Sleeping for 20s (base=20s, consecutive_errors=0, monitoring_suspended=False)
2025-11-25 15:20:41 | INFO | SL_MISSING_DETECTED | SL order missing for BALKRISIND-EQ (retry thread will handle) | symbol=BALKRISIND-EQ | sl_price=2275.55 | retry_count=10
2025-11-25 15:20:41 | INFO | SL_CHECK | Stop-loss hit for BALKRISIND-EQ (last_ltp: 2303.7, sl: 2275.55)
2025-11-25 15:20:41 | INFO | SL_MISSING_DETECTED | SL order missing for GODREJPROP-EQ (retry thread will handle) | symbol=GODREJPROP-EQ | sl_price=2077.05 | retry_count=10
2025-11-25 15:20:41 | INFO | SL_CHECK | Stop-loss hit for GODREJPROP-EQ (last_ltp: 2094.0, sl: 2077.05)
2025-11-25 15:20:41 | INFO | BUCKET_LTP_CHECK | Checking bucket 0/3 | symbols=['PNBHOUSING-EQ'] | count=1
2025-11-25 15:20:41 | INFO | BUCKET_LTP_RESULT | Bucket LTP check complete | checked=1 | skipped=0 | bucket_number=0 | total_buckets=3
2025-11-25 15:20:42 | INFO | SL_HIT | 🛑 STOP LOSS HIT | BALKRISIND-EQ | Entry: ₹2287.00 | Exit: ₹2303.70 | SL: ₹2275.55 | PnL: ₹66.80 | symbol=BALKRISIND-EQ | exit_reason=SL_HIT | entry_price=2287.0 | exit_price=2303.7 | sl_price=2275.55 | quantity=4 | pnl=66.8 | pnl_percent=0.73 | charges=33.32 | trade_id=0 | duration_seconds=3757.682752 | duration_minutes=62.6
2025-11-25 15:20:42 | INFO | EXIT_BLOCKED | Cannot exit BALKRISIND-EQ: Pending SELL order already exists for BALKRISIND-EQ (Order ID: 251125000975801)
2025-11-25 15:20:42 | INFO | SL_HIT | 🛑 STOP LOSS HIT | GODREJPROP-EQ | Entry: ₹2087.50 | Exit: ₹2094.00 | SL: ₹2077.05 | PnL: ₹26.00 | symbol=GODREJPROP-EQ | exit_reason=SL_HIT | entry_price=2087.5 | exit_price=2094.0 | sl_price=2077.05 | quantity=4 | pnl=26.0 | pnl_percent=0.31 | charges=32.5 | trade_id=0 | duration_seconds=2859.63342 | duration_minutes=47.7
2025-11-25 15:20:42 | INFO | EXIT_BLOCKED | Cannot exit GODREJPROP-EQ: Pending SELL order already exists for GODREJPROP-EQ (Order ID: 251125001055394)
2025-11-25 15:20:43 | INFO | MONITOR_SLEEP | Sleeping for 20s (base=20s, consecutive_errors=0, monitoring_suspended=False)
2025-11-25 15:21:03 | INFO | SL_MISSING_DETECTED | SL order missing for BALKRISIND-EQ (retry thread will handle) | symbol=BALKRISIND-EQ | sl_price=2275.55 | retry_count=10
2025-11-25 15:21:03 | INFO | SL_CHECK | Stop-loss hit for BALKRISIND-EQ (last_ltp: 2303.7, sl: 2275.55)
2025-11-25 15:21:03 | INFO | SL_MISSING_DETECTED | SL order missing for GODREJPROP-EQ (retry thread will handle) | symbol=GODREJPROP-EQ | sl_price=2077.05 | retry_count=10
2025-11-25 15:21:03 | INFO | SL_CHECK | Stop-loss hit for GODREJPROP-EQ (last_ltp: 2094.0, sl: 2077.05)
2025-11-25 15:21:03 | INFO | BUCKET_LTP_CHECK | Checking bucket 1/3 | symbols=['IOC-EQ', 'M&M-EQ', 'UPL-EQ'] | count=3
2025-11-25 15:21:03 | INFO | BUCKET_LTP_RESULT | Bucket LTP check complete | checked=3 | skipped=0 | bucket_number=1 | total_buckets=3
2025-11-25 15:21:04 | INFO | SL_HIT | 🛑 STOP LOSS HIT | BALKRISIND-EQ | Entry: ₹2287.00 | Exit: ₹2303.70 | SL: ₹2275.55 | PnL: ₹66.80 | symbol=BALKRISIND-EQ | exit_reason=SL_HIT | entry_price=2287.0 | exit_price=2303.7 | sl_price=2275.55 | quantity=4 | pnl=66.8 | pnl_percent=0.73 | charges=33.32 | trade_id=0 | duration_seconds=3779.571723 | duration_minutes=63.0
2025-11-25 15:21:04 | INFO | EXIT_BLOCKED | Cannot exit BALKRISIND-EQ: Pending SELL order already exists for BALKRISIND-EQ (Order ID: 251125000975801)
2025-11-25 15:21:04 | INFO | SL_HIT | 🛑 STOP LOSS HIT | GODREJPROP-EQ | Entry: ₹2087.50 | Exit: ₹2094.00 | SL: ₹2077.05 | PnL: ₹26.00 | symbol=GODREJPROP-EQ | exit_reason=SL_HIT | entry_price=2087.5 | exit_price=2094.0 | sl_price=2077.05 | quantity=4 | pnl=26.0 | pnl_percent=0.31 | charges=32.5 | trade_id=0 | duration_seconds=2881.523512 | duration_minutes=48.0
2025-11-25 15:21:04 | INFO | EXIT_BLOCKED | Cannot exit GODREJPROP-EQ: Pending SELL order already exists for GODREJPROP-EQ (Order ID: 251125001055394)
2025-11-25 15:21:05 | INFO | MONITOR | Paper trades checked (next in 60s)
2025-11-25 15:21:05 | INFO | MONITOR_SLEEP | Sleeping for 20s (base=20s, consecutive_errors=0, monitoring_suspended=False)
2025-11-25 15:21:25 | INFO | SL_MISSING_DETECTED | SL order missing for BALKRISIND-EQ (retry thread will handle) | symbol=BALKRISIND-EQ | sl_price=2275.55 | retry_count=10
2025-11-25 15:21:25 | INFO | SL_CHECK | Stop-loss hit for BALKRISIND-EQ (last_ltp: 2303.7, sl: 2275.55)
2025-11-25 15:21:25 | INFO | SL_MISSING_DETECTED | SL order missing for GODREJPROP-EQ (retry thread will handle) | symbol=GODREJPROP-EQ | sl_price=2077.05 | retry_count=10
2025-11-25 15:21:25 | INFO | SL_CHECK | Stop-loss hit for GODREJPROP-EQ (last_ltp: 2094.0, sl: 2077.05)
2025-11-25 15:21:25 | INFO | BUCKET_LTP_CHECK | Checking bucket 2/3 | symbols=['CHAMBLFERT-EQ', 'BALKRISIND-EQ', 'GODREJPROP-EQ'] | count=3
2025-11-25 15:21:25 | INFO | BUCKET_LTP_RESULT | Bucket LTP check complete | checked=3 | skipped=0 | bucket_number=2 | total_buckets=3
2025-11-25 15:21:26 | INFO | SL_HIT | 🛑 STOP LOSS HIT | BALKRISIND-EQ | Entry: ₹2287.00 | Exit: ₹2304.30 | SL: ₹2275.55 | PnL: ₹69.20 | symbol=BALKRISIND-EQ | exit_reason=SL_HIT | entry_price=2287.0 | exit_price=2304.3 | sl_price=2275.55 | quantity=4 | pnl=69.2 | pnl_percent=0.76 | charges=33.32 | trade_id=0 | duration_seconds=3801.448246 | duration_minutes=63.4
2025-11-25 15:21:26 | INFO | EXIT_BLOCKED | Cannot exit BALKRISIND-EQ: Pending SELL order already exists for BALKRISIND-EQ (Order ID: 251125000975801)
2025-11-25 15:21:26 | INFO | SL_HIT | 🛑 STOP LOSS HIT | GODREJPROP-EQ | Entry: ₹2087.50 | Exit: ₹2094.80 | SL: ₹2077.05 | PnL: ₹29.20 | symbol=GODREJPROP-EQ | exit_reason=SL_HIT | entry_price=2087.5 | exit_price=2094.8 | sl_price=2077.05 | quantity=4 | pnl=29.2 | pnl_percent=0.35 | charges=32.5 | trade_id=0 | duration_seconds=2903.399124 | duration_minutes=48.4
2025-11-25 15:21:26 | INFO | EXIT_BLOCKED | Cannot exit GODREJPROP-EQ: Pending SELL order already exists for GODREJPROP-EQ (Order ID: 251125001055394)
2025-11-25 15:21:26 | INFO | MONITOR_SLEEP | Sleeping for 20s (base=20s, consecutive_errors=0, monitoring_suspended=False)
2025-11-25 15:21:46 | INFO | SL_MISSING_DETECTED | SL order missing for BALKRISIND-EQ (retry thread will handle) | symbol=BALKRISIND-EQ | sl_price=2275.55 | retry_count=10
2025-11-25 15:21:46 | INFO | SL_CHECK | Stop-loss hit for BALKRISIND-EQ (last_ltp: 2304.3, sl: 2275.55)
2025-11-25 15:21:46 | INFO | SL_MISSING_DETECTED | SL order missing for GODREJPROP-EQ (retry thread will handle) | symbol=GODREJPROP-EQ | sl_price=2077.05 | retry_count=10
2025-11-25 15:21:46 | INFO | SL_CHECK | Stop-loss hit for GODREJPROP-EQ (last_ltp: 2094.8, sl: 2077.05)
2025-11-25 15:21:46 | INFO | BUCKET_LTP_CHECK | Checking bucket 0/3 | symbols=['PNBHOUSING-EQ'] | count=1
2025-11-25 15:21:47 | INFO | BUCKET_LTP_RESULT | Bucket LTP check complete | checked=1 | skipped=0 | bucket_number=0 | total_buckets=3
2025-11-25 15:21:47 | INFO | SL_HIT | 🛑 STOP LOSS HIT | BALKRISIND-EQ | Entry: ₹2287.00 | Exit: ₹2304.30 | SL: ₹2275.55 | PnL: ₹69.20 | symbol=BALKRISIND-EQ | exit_reason=SL_HIT | entry_price=2287.0 | exit_price=2304.3 | sl_price=2275.55 | quantity=4 | pnl=69.2 | pnl_percent=0.76 | charges=33.32 | trade_id=0 | duration_seconds=3822.775701 | duration_minutes=63.7
2025-11-25 15:21:47 | INFO | EXIT_BLOCKED | Cannot exit BALKRISIND-EQ: Pending SELL order already exists for BALKRISIND-EQ (Order ID: 251125000975801)
2025-11-25 15:21:48 | INFO | SL_HIT | 🛑 STOP LOSS HIT | GODREJPROP-EQ | Entry: ₹2087.50 | Exit: ₹2094.80 | SL: ₹2077.05 | PnL: ₹29.20 | symbol=GODREJPROP-EQ | exit_reason=SL_HIT | entry_price=2087.5 | exit_price=2094.8 | sl_price=2077.05 | quantity=4 | pnl=29.2 | pnl_percent=0.35 | charges=32.5 | trade_id=0 | duration_seconds=2924.726452 | duration_minutes=48.7
2025-11-25 15:21:48 | INFO | EXIT_BLOCKED | Cannot exit GODREJPROP-EQ: Pending SELL order already exists for GODREJPROP-EQ (Order ID: 251125001055394)
2025-11-25 15:21:48 | INFO | MONITOR_SLEEP | Sleeping for 20s (base=20s, consecutive_errors=0, monitoring_suspended=False)
2025-11-25 15:22:08 | INFO | SL_MISSING_DETECTED | SL order missing for BALKRISIND-EQ (retry thread will handle) | symbol=BALKRISIND-EQ | sl_price=2275.55 | retry_count=10
2025-11-25 15:22:08 | INFO | SL_CHECK | Stop-loss hit for BALKRISIND-EQ (last_ltp: 2304.3, sl: 2275.55)
2025-11-25 15:22:08 | INFO | SL_MISSING_DETECTED | SL order missing for GODREJPROP-EQ (retry thread will handle) | symbol=GODREJPROP-EQ | sl_price=2077.05 | retry_count=10
2025-11-25 15:22:08 | INFO | SL_CHECK | Stop-loss hit for GODREJPROP-EQ (last_ltp: 2094.8, sl: 2077.05)
2025-11-25 15:22:08 | INFO | BUCKET_LTP_CHECK | Checking bucket 1/3 | symbols=['IOC-EQ', 'M&M-EQ', 'UPL-EQ'] | count=3
2025-11-25 15:22:08 | INFO | BUCKET_LTP_RESULT | Bucket LTP check complete | checked=3 | skipped=0 | bucket_number=1 | total_buckets=3
2025-11-25 15:22:09 | INFO | SL_HIT | 🛑 STOP LOSS HIT | BALKRISIND-EQ | Entry: ₹2287.00 | Exit: ₹2304.30 | SL: ₹2275.55 | PnL: ₹69.20 | symbol=BALKRISIND-EQ | exit_reason=SL_HIT | entry_price=2287.0 | exit_price=2304.3 | sl_price=2275.55 | quantity=4 | pnl=69.2 | pnl_percent=0.76 | charges=33.32 | trade_id=0 | duration_seconds=3844.635451 | duration_minutes=64.1
2025-11-25 15:22:09 | INFO | EXIT_BLOCKED | Cannot exit BALKRISIND-EQ: Pending SELL order already exists for BALKRISIND-EQ (Order ID: 251125000975801)
2025-11-25 15:22:09 | INFO | SL_HIT | 🛑 STOP LOSS HIT | GODREJPROP-EQ | Entry: ₹2087.50 | Exit: ₹2094.80 | SL: ₹2077.05 | PnL: ₹29.20 | symbol=GODREJPROP-EQ | exit_reason=SL_HIT | entry_price=2087.5 | exit_price=2094.8 | sl_price=2077.05 | quantity=4 | pnl=29.2 | pnl_percent=0.35 | charges=32.5 | trade_id=0 | duration_seconds=2946.586175 | duration_minutes=49.1
2025-11-25 15:22:09 | INFO | EXIT_BLOCKED | Cannot exit GODREJPROP-EQ: Pending SELL order already exists for GODREJPROP-EQ (Order ID: 251125001055394)
2025-11-25 15:22:10 | INFO | MONITOR | Paper trades checked (next in 60s)
2025-11-25 15:22:10 | INFO | MONITOR_SLEEP | Sleeping for 20s (base=20s, consecutive_errors=0, monitoring_suspended=False)
2025-11-25 15:22:30 | INFO | SL_MISSING_DETECTED | SL order missing for BALKRISIND-EQ (retry thread will handle) | symbol=BALKRISIND-EQ | sl_price=2275.55 | retry_count=10
2025-11-25 15:22:30 | INFO | SL_CHECK | Stop-loss hit for BALKRISIND-EQ (last_ltp: 2304.3, sl: 2275.55)
2025-11-25 15:22:30 | INFO | SL_MISSING_DETECTED | SL order missing for GODREJPROP-EQ (retry thread will handle) | symbol=GODREJPROP-EQ | sl_price=2077.05 | retry_count=10
2025-11-25 15:22:30 | INFO | SL_CHECK | Stop-loss hit for GODREJPROP-EQ (last_ltp: 2094.8, sl: 2077.05)
2025-11-25 15:22:30 | INFO | BUCKET_LTP_CHECK | Checking bucket 2/3 | symbols=['CHAMBLFERT-EQ', 'BALKRISIND-EQ', 'GODREJPROP-EQ'] | count=3
2025-11-25 15:22:30 | INFO | BUCKET_LTP_RESULT | Bucket LTP check complete | checked=3 | skipped=0 | bucket_number=2 | total_buckets=3
2025-11-25 15:22:31 | INFO | SL_HIT | 🛑 STOP LOSS HIT | BALKRISIND-EQ | Entry: ₹2287.00 | Exit: ₹2303.70 | SL: ₹2275.55 | PnL: ₹66.80 | symbol=BALKRISIND-EQ | exit_reason=SL_HIT | entry_price=2287.0 | exit_price=2303.7 | sl_price=2275.55 | quantity=4 | pnl=66.8 | pnl_percent=0.73 | charges=33.32 | trade_id=0 | duration_seconds=3866.504185 | duration_minutes=64.4
2025-11-25 15:22:31 | INFO | EXIT_BLOCKED | Cannot exit BALKRISIND-EQ: Pending SELL order already exists for BALKRISIND-EQ (Order ID: 251125000975801)
2025-11-25 15:22:31 | INFO | SL_HIT | 🛑 STOP LOSS HIT | GODREJPROP-EQ | Entry: ₹2087.50 | Exit: ₹2092.20 | SL: ₹2077.05 | PnL: ₹18.80 | symbol=GODREJPROP-EQ | exit_reason=SL_HIT | entry_price=2087.5 | exit_price=2092.2 | sl_price=2077.05 | quantity=4 | pnl=18.8 | pnl_percent=0.23 | charges=32.5 | trade_id=0 | duration_seconds=2968.456076 | duration_minutes=49.5
2025-11-25 15:22:31 | INFO | EXIT_BLOCKED | Cannot exit GODREJPROP-EQ: Pending SELL order already exists for GODREJPROP-EQ (Order ID: 251125001055394)
2025-11-25 15:22:32 | INFO | MONITOR_SLEEP | Sleeping for 20s (base=20s, consecutive_errors=0, monitoring_suspended=False)
2025-11-25 15:22:52 | INFO | SL_MISSING_DETECTED | SL order missing for BALKRISIND-EQ (retry thread will handle) | symbol=BALKRISIND-EQ | sl_price=2275.55 | retry_count=10
2025-11-25 15:22:52 | INFO | SL_CHECK | Stop-loss hit for BALKRISIND-EQ (last_ltp: 2303.7, sl: 2275.55)
2025-11-25 15:22:52 | INFO | SL_MISSING_DETECTED | SL order missing for GODREJPROP-EQ (retry thread will handle) | symbol=GODREJPROP-EQ | sl_price=2077.05 | retry_count=10
2025-11-25 15:22:52 | INFO | SL_CHECK | Stop-loss hit for GODREJPROP-EQ (last_ltp: 2092.2, sl: 2077.05)
2025-11-25 15:22:52 | INFO | BUCKET_LTP_CHECK | Checking bucket 0/3 | symbols=['PNBHOUSING-EQ'] | count=1
2025-11-25 15:22:52 | INFO | BUCKET_LTP_RESULT | Bucket LTP check complete | checked=1 | skipped=0 | bucket_number=0 | total_buckets=3
2025-11-25 15:22:52 | INFO | SL_HIT | 🛑 STOP LOSS HIT | BALKRISIND-EQ | Entry: ₹2287.00 | Exit: ₹2303.70 | SL: ₹2275.55 | PnL: ₹66.80 | symbol=BALKRISIND-EQ | exit_reason=SL_HIT | entry_price=2287.0 | exit_price=2303.7 | sl_price=2275.55 | quantity=4 | pnl=66.8 | pnl_percent=0.73 | charges=33.32 | trade_id=0 | duration_seconds=3887.831128 | duration_minutes=64.8
2025-11-25 15:22:52 | INFO | EXIT_BLOCKED | Cannot exit BALKRISIND-EQ: Pending SELL order already exists for BALKRISIND-EQ (Order ID: 251125000975801)
2025-11-25 15:22:53 | INFO | SL_HIT | 🛑 STOP LOSS HIT | GODREJPROP-EQ | Entry: ₹2087.50 | Exit: ₹2092.20 | SL: ₹2077.05 | PnL: ₹18.80 | symbol=GODREJPROP-EQ | exit_reason=SL_HIT | entry_price=2087.5 | exit_price=2092.2 | sl_price=2077.05 | quantity=4 | pnl=18.8 | pnl_percent=0.23 | charges=32.5 | trade_id=0 | duration_seconds=2989.782004 | duration_minutes=49.8
2025-11-25 15:22:53 | INFO | EXIT_BLOCKED | Cannot exit GODREJPROP-EQ: Pending SELL order already exists for GODREJPROP-EQ (Order ID: 251125001055394)
2025-11-25 15:22:53 | INFO | MONITOR_SLEEP | Sleeping for 20s (base=20s, consecutive_errors=0, monitoring_suspended=False)
2025-11-25 15:23:13 | INFO | SL_MISSING_DETECTED | SL order missing for BALKRISIND-EQ (retry thread will handle) | symbol=BALKRISIND-EQ | sl_price=2275.55 | retry_count=10
2025-11-25 15:23:13 | INFO | SL_CHECK | Stop-loss hit for BALKRISIND-EQ (last_ltp: 2303.7, sl: 2275.55)
2025-11-25 15:23:13 | INFO | SL_MISSING_DETECTED | SL order missing for GODREJPROP-EQ (retry thread will handle) | symbol=GODREJPROP-EQ | sl_price=2077.05 | retry_count=10
2025-11-25 15:23:13 | INFO | SL_CHECK | Stop-loss hit for GODREJPROP-EQ (last_ltp: 2092.2, sl: 2077.05)
2025-11-25 15:23:13 | INFO | BUCKET_LTP_CHECK | Checking bucket 1/3 | symbols=['IOC-EQ', 'M&M-EQ', 'UPL-EQ'] | count=3
2025-11-25 15:23:13 | INFO | BUCKET_LTP_RESULT | Bucket LTP check complete | checked=3 | skipped=0 | bucket_number=1 | total_buckets=3
2025-11-25 15:23:14 | INFO | SL_HIT | 🛑 STOP LOSS HIT | BALKRISIND-EQ | Entry: ₹2287.00 | Exit: ₹2303.70 | SL: ₹2275.55 | PnL: ₹66.80 | symbol=BALKRISIND-EQ | exit_reason=SL_HIT | entry_price=2287.0 | exit_price=2303.7 | sl_price=2275.55 | quantity=4 | pnl=66.8 | pnl_percent=0.73 | charges=33.32 | trade_id=0 | duration_seconds=3909.694267 | duration_minutes=65.2
2025-11-25 15:23:14 | INFO | EXIT_BLOCKED | Cannot exit BALKRISIND-EQ: Pending SELL order already exists for BALKRISIND-EQ (Order ID: 251125000975801)
2025-11-25 15:23:14 | INFO | SL_HIT | 🛑 STOP LOSS HIT | GODREJPROP-EQ | Entry: ₹2087.50 | Exit: ₹2092.20 | SL: ₹2077.05 | PnL: ₹18.80 | symbol=GODREJPROP-EQ | exit_reason=SL_HIT | entry_price=2087.5 | exit_price=2092.2 | sl_price=2077.05 | quantity=4 | pnl=18.8 | pnl_percent=0.23 | charges=32.5 | trade_id=0 | duration_seconds=3011.645137 | duration_minutes=50.2
2025-11-25 15:23:14 | INFO | EXIT_BLOCKED | Cannot exit GODREJPROP-EQ: Pending SELL order already exists for GODREJPROP-EQ (Order ID: 251125001055394)
2025-11-25 15:23:15 | INFO | MONITOR | Paper trades checked (next in 60s)
2025-11-25 15:23:15 | INFO | MONITOR_SLEEP | Sleeping for 20s (base=20s, consecutive_errors=0, monitoring_suspended=False)
2025-11-25 15:23:35 | INFO | SL_MISSING_DETECTED | SL order missing for BALKRISIND-EQ (retry thread will handle) | symbol=BALKRISIND-EQ | sl_price=2275.55 | retry_count=10
2025-11-25 15:23:35 | INFO | SL_CHECK | Stop-loss hit for BALKRISIND-EQ (last_ltp: 2303.7, sl: 2275.55)
2025-11-25 15:23:35 | INFO | SL_MISSING_DETECTED | SL order missing for GODREJPROP-EQ (retry thread will handle) | symbol=GODREJPROP-EQ | sl_price=2077.05 | retry_count=10
2025-11-25 15:23:35 | INFO | SL_CHECK | Stop-loss hit for GODREJPROP-EQ (last_ltp: 2092.2, sl: 2077.05)
2025-11-25 15:23:35 | INFO | BUCKET_LTP_CHECK | Checking bucket 2/3 | symbols=['CHAMBLFERT-EQ', 'BALKRISIND-EQ', 'GODREJPROP-EQ'] | count=3
2025-11-25 15:23:35 | INFO | BUCKET_LTP_RESULT | Bucket LTP check complete | checked=3 | skipped=0 | bucket_number=2 | total_buckets=3
2025-11-25 15:23:36 | INFO | SL_HIT | 🛑 STOP LOSS HIT | BALKRISIND-EQ | Entry: ₹2287.00 | Exit: ₹2302.50 | SL: ₹2275.55 | PnL: ₹62.00 | symbol=BALKRISIND-EQ | exit_reason=SL_HIT | entry_price=2287.0 | exit_price=2302.5 | sl_price=2275.55 | quantity=4 | pnl=62.0 | pnl_percent=0.68 | charges=33.32 | trade_id=0 | duration_seconds=3931.568302 | duration_minutes=65.5
2025-11-25 15:23:36 | INFO | EXIT_BLOCKED | Cannot exit BALKRISIND-EQ: Pending SELL order already exists for BALKRISIND-EQ (Order ID: 251125000975801)
2025-11-25 15:23:36 | INFO | SL_HIT | 🛑 STOP LOSS HIT | GODREJPROP-EQ | Entry: ₹2087.50 | Exit: ₹2092.00 | SL: ₹2077.05 | PnL: ₹18.00 | symbol=GODREJPROP-EQ | exit_reason=SL_HIT | entry_price=2087.5 | exit_price=2092.0 | sl_price=2077.05 | quantity=4 | pnl=18.0 | pnl_percent=0.22 | charges=32.5 | trade_id=0 | duration_seconds=3033.519033 | duration_minutes=50.6
2025-11-25 15:23:36 | INFO | EXIT_BLOCKED | Cannot exit GODREJPROP-EQ: Pending SELL order already exists for GODREJPROP-EQ (Order ID: 251125001055394)
2025-11-25 15:23:37 | INFO | MONITOR_SLEEP | Sleeping for 20s (base=20s, consecutive_errors=0, monitoring_suspended=False)
2025-11-25 15:23:57 | INFO | SL_MISSING_DETECTED | SL order missing for BALKRISIND-EQ (retry thread will handle) | symbol=BALKRISIND-EQ | sl_price=2275.55 | retry_count=10
2025-11-25 15:23:57 | INFO | SL_CHECK | Stop-loss hit for BALKRISIND-EQ (last_ltp: 2302.5, sl: 2275.55)
2025-11-25 15:23:57 | INFO | SL_MISSING_DETECTED | SL order missing for GODREJPROP-EQ (retry thread will handle) | symbol=GODREJPROP-EQ | sl_price=2077.05 | retry_count=10
2025-11-25 15:23:57 | INFO | SL_CHECK | Stop-loss hit for GODREJPROP-EQ (last_ltp: 2092.0, sl: 2077.05)
2025-11-25 15:23:57 | INFO | BUCKET_LTP_CHECK | Checking bucket 0/3 | symbols=['PNBHOUSING-EQ'] | count=1
2025-11-25 15:23:57 | INFO | BUCKET_LTP_RESULT | Bucket LTP check complete | checked=1 | skipped=0 | bucket_number=0 | total_buckets=3
2025-11-25 15:23:57 | INFO | SL_HIT | 🛑 STOP LOSS HIT | BALKRISIND-EQ | Entry: ₹2287.00 | Exit: ₹2302.50 | SL: ₹2275.55 | PnL: ₹62.00 | symbol=BALKRISIND-EQ | exit_reason=SL_HIT | entry_price=2287.0 | exit_price=2302.5 | sl_price=2275.55 | quantity=4 | pnl=62.0 | pnl_percent=0.68 | charges=33.32 | trade_id=0 | duration_seconds=3952.887265 | duration_minutes=65.9
2025-11-25 15:23:57 | INFO | EXIT_BLOCKED | Cannot exit BALKRISIND-EQ: Pending SELL order already exists for BALKRISIND-EQ (Order ID: 251125000975801)
2025-11-25 15:23:58 | INFO | SL_HIT | 🛑 STOP LOSS HIT | GODREJPROP-EQ | Entry: ₹2087.50 | Exit: ₹2092.00 | SL: ₹2077.05 | PnL: ₹18.00 | symbol=GODREJPROP-EQ | exit_reason=SL_HIT | entry_price=2087.5 | exit_price=2092.0 | sl_price=2077.05 | quantity=4 | pnl=18.0 | pnl_percent=0.22 | charges=32.5 | trade_id=0 | duration_seconds=3054.837957 | duration_minutes=50.9
2025-11-25 15:23:58 | INFO | EXIT_BLOCKED | Cannot exit GODREJPROP-EQ: Pending SELL order already exists for GODREJPROP-EQ (Order ID: 251125001055394)
2025-11-25 15:23:58 | INFO | MONITOR_SLEEP | Sleeping for 20s (base=20s, consecutive_errors=0, monitoring_suspended=False)
2025-11-25 15:24:18 | INFO | SL_MISSING_DETECTED | SL order missing for BALKRISIND-EQ (retry thread will handle) | symbol=BALKRISIND-EQ | sl_price=2275.55 | retry_count=10
2025-11-25 15:24:18 | INFO | SL_CHECK | Stop-loss hit for BALKRISIND-EQ (last_ltp: 2302.5, sl: 2275.55)
2025-11-25 15:24:18 | INFO | SL_MISSING_DETECTED | SL order missing for GODREJPROP-EQ (retry thread will handle) | symbol=GODREJPROP-EQ | sl_price=2077.05 | retry_count=10
2025-11-25 15:24:18 | INFO | SL_CHECK | Stop-loss hit for GODREJPROP-EQ (last_ltp: 2092.0, sl: 2077.05)
2025-11-25 15:24:18 | INFO | BUCKET_LTP_CHECK | Checking bucket 1/3 | symbols=['IOC-EQ', 'M&M-EQ', 'UPL-EQ'] | count=3
2025-11-25 15:24:19 | INFO | BUCKET_LTP_RESULT | Bucket LTP check complete | checked=3 | skipped=0 | bucket_number=1 | total_buckets=3
2025-11-25 15:24:19 | INFO | SL_HIT | 🛑 STOP LOSS HIT | BALKRISIND-EQ | Entry: ₹2287.00 | Exit: ₹2302.50 | SL: ₹2275.55 | PnL: ₹62.00 | symbol=BALKRISIND-EQ | exit_reason=SL_HIT | entry_price=2287.0 | exit_price=2302.5 | sl_price=2275.55 | quantity=4 | pnl=62.0 | pnl_percent=0.68 | charges=33.32 | trade_id=0 | duration_seconds=3974.764162 | duration_minutes=66.2
2025-11-25 15:24:19 | INFO | EXIT_BLOCKED | Cannot exit BALKRISIND-EQ: Pending SELL order already exists for BALKRISIND-EQ (Order ID: 251125000975801)
2025-11-25 15:24:20 | INFO | SL_HIT | 🛑 STOP LOSS HIT | GODREJPROP-EQ | Entry: ₹2087.50 | Exit: ₹2092.00 | SL: ₹2077.05 | PnL: ₹18.00 | symbol=GODREJPROP-EQ | exit_reason=SL_HIT | entry_price=2087.5 | exit_price=2092.0 | sl_price=2077.05 | quantity=4 | pnl=18.0 | pnl_percent=0.22 | charges=32.5 | trade_id=0 | duration_seconds=3076.715 | duration_minutes=51.3
2025-11-25 15:24:20 | INFO | EXIT_BLOCKED | Cannot exit GODREJPROP-EQ: Pending SELL order already exists for GODREJPROP-EQ (Order ID: 251125001055394)
2025-11-25 15:24:20 | INFO | MONITOR | Paper trades checked (next in 60s)
2025-11-25 15:24:20 | INFO | MONITOR_SLEEP | Sleeping for 20s (base=20s, consecutive_errors=0, monitoring_suspended=False)
2025-11-25 15:24:40 | INFO | SL_MISSING_DETECTED | SL order missing for BALKRISIND-EQ (retry thread will handle) | symbol=BALKRISIND-EQ | sl_price=2275.55 | retry_count=10
2025-11-25 15:24:40 | INFO | SL_CHECK | Stop-loss hit for BALKRISIND-EQ (last_ltp: 2302.5, sl: 2275.55)
2025-11-25 15:24:40 | INFO | SL_MISSING_DETECTED | SL order missing for GODREJPROP-EQ (retry thread will handle) | symbol=GODREJPROP-EQ | sl_price=2077.05 | retry_count=10
2025-11-25 15:24:40 | INFO | SL_CHECK | Stop-loss hit for GODREJPROP-EQ (last_ltp: 2092.0, sl: 2077.05)
2025-11-25 15:24:40 | INFO | BUCKET_LTP_CHECK | Checking bucket 2/3 | symbols=['CHAMBLFERT-EQ', 'BALKRISIND-EQ', 'GODREJPROP-EQ'] | count=3
2025-11-25 15:24:40 | INFO | BUCKET_LTP_RESULT | Bucket LTP check complete | checked=3 | skipped=0 | bucket_number=2 | total_buckets=3
2025-11-25 15:24:41 | INFO | SL_HIT | 🛑 STOP LOSS HIT | BALKRISIND-EQ | Entry: ₹2287.00 | Exit: ₹2302.70 | SL: ₹2275.55 | PnL: ₹62.80 | symbol=BALKRISIND-EQ | exit_reason=SL_HIT | entry_price=2287.0 | exit_price=2302.7 | sl_price=2275.55 | quantity=4 | pnl=62.8 | pnl_percent=0.69 | charges=33.32 | trade_id=0 | duration_seconds=3996.618791 | duration_minutes=66.6
2025-11-25 15:24:41 | INFO | EXIT_BLOCKED | Cannot exit BALKRISIND-EQ: Pending SELL order already exists for BALKRISIND-EQ (Order ID: 251125000975801)
2025-11-25 15:24:41 | INFO | SL_HIT | 🛑 STOP LOSS HIT | GODREJPROP-EQ | Entry: ₹2087.50 | Exit: ₹2091.80 | SL: ₹2077.05 | PnL: ₹17.20 | symbol=GODREJPROP-EQ | exit_reason=SL_HIT | entry_price=2087.5 | exit_price=2091.8 | sl_price=2077.05 | quantity=4 | pnl=17.2 | pnl_percent=0.21 | charges=32.5 | trade_id=0 | duration_seconds=3098.569493 | duration_minutes=51.6
2025-11-25 15:24:41 | INFO | EXIT_BLOCKED | Cannot exit GODREJPROP-EQ: Pending SELL order already exists for GODREJPROP-EQ (Order ID: 251125001055394)
2025-11-25 15:24:42 | INFO | MONITOR_SLEEP | Sleeping for 20s (base=20s, consecutive_errors=0, monitoring_suspended=False)
2025-11-25 15:25:02 | INFO | SL_MISSING_DETECTED | SL order missing for BALKRISIND-EQ (retry thread will handle) | symbol=BALKRISIND-EQ | sl_price=2275.55 | retry_count=10
2025-11-25 15:25:02 | INFO | SL_CHECK | Stop-loss hit for BALKRISIND-EQ (last_ltp: 2302.7, sl: 2275.55)
2025-11-25 15:25:02 | INFO | SL_MISSING_DETECTED | SL order missing for GODREJPROP-EQ (retry thread will handle) | symbol=GODREJPROP-EQ | sl_price=2077.05 | retry_count=10
2025-11-25 15:25:02 | INFO | SL_CHECK | Stop-loss hit for GODREJPROP-EQ (last_ltp: 2091.8, sl: 2077.05)
2025-11-25 15:25:02 | INFO | BUCKET_LTP_CHECK | Checking bucket 0/3 | symbols=['PNBHOUSING-EQ'] | count=1
2025-11-25 15:25:02 | INFO | BUCKET_LTP_RESULT | Bucket LTP check complete | checked=1 | skipped=0 | bucket_number=0 | total_buckets=3
2025-11-25 15:25:03 | INFO | SL_HIT | 🛑 STOP LOSS HIT | BALKRISIND-EQ | Entry: ₹2287.00 | Exit: ₹2302.70 | SL: ₹2275.55 | PnL: ₹62.80 | symbol=BALKRISIND-EQ | exit_reason=SL_HIT | entry_price=2287.0 | exit_price=2302.7 | sl_price=2275.55 | quantity=4 | pnl=62.8 | pnl_percent=0.69 | charges=33.32 | trade_id=0 | duration_seconds=4018.174485 | duration_minutes=67.0
2025-11-25 15:25:03 | INFO | EXIT_BLOCKED | Cannot exit BALKRISIND-EQ: Pending SELL order already exists for BALKRISIND-EQ (Order ID: 251125000975801)
2025-11-25 15:25:03 | INFO | SL_HIT | 🛑 STOP LOSS HIT | GODREJPROP-EQ | Entry: ₹2087.50 | Exit: ₹2091.80 | SL: ₹2077.05 | PnL: ₹17.20 | symbol=GODREJPROP-EQ | exit_reason=SL_HIT | entry_price=2087.5 | exit_price=2091.8 | sl_price=2077.05 | quantity=4 | pnl=17.2 | pnl_percent=0.21 | charges=32.5 | trade_id=0 | duration_seconds=3120.128464 | duration_minutes=52.0
2025-11-25 15:25:03 | INFO | EXIT_BLOCKED | Cannot exit GODREJPROP-EQ: Pending SELL order already exists for GODREJPROP-EQ (Order ID: 251125001055394)
2025-11-25 15:25:03 | INFO | MONITOR_SLEEP | Sleeping for 20s (base=20s, consecutive_errors=0, monitoring_suspended=False)
2025-11-25 15:25:23 | INFO | SL_MISSING_DETECTED | SL order missing for BALKRISIND-EQ (retry thread will handle) | symbol=BALKRISIND-EQ | sl_price=2275.55 | retry_count=10
2025-11-25 15:25:23 | INFO | SL_CHECK | Stop-loss hit for BALKRISIND-EQ (last_ltp: 2302.7, sl: 2275.55)
2025-11-25 15:25:23 | INFO | SL_MISSING_DETECTED | SL order missing for GODREJPROP-EQ (retry thread will handle) | symbol=GODREJPROP-EQ | sl_price=2077.05 | retry_count=10
2025-11-25 15:25:23 | INFO | SL_CHECK | Stop-loss hit for GODREJPROP-EQ (last_ltp: 2091.8, sl: 2077.05)
2025-11-25 15:25:23 | INFO | BUCKET_LTP_CHECK | Checking bucket 1/3 | symbols=['IOC-EQ', 'M&M-EQ', 'UPL-EQ'] | count=3
2025-11-25 15:25:24 | INFO | BUCKET_LTP_RESULT | Bucket LTP check complete | checked=3 | skipped=0 | bucket_number=1 | total_buckets=3
2025-11-25 15:25:25 | INFO | SL_HIT | 🛑 STOP LOSS HIT | BALKRISIND-EQ | Entry: ₹2287.00 | Exit: ₹2302.70 | SL: ₹2275.55 | PnL: ₹62.80 | symbol=BALKRISIND-EQ | exit_reason=SL_HIT | entry_price=2287.0 | exit_price=2302.7 | sl_price=2275.55 | quantity=4 | pnl=62.8 | pnl_percent=0.69 | charges=33.32 | trade_id=0 | duration_seconds=4040.063314 | duration_minutes=67.3
2025-11-25 15:25:25 | INFO | EXIT_BLOCKED | Cannot exit BALKRISIND-EQ: Pending SELL order already exists for BALKRISIND-EQ (Order ID: 251125000975801)
2025-11-25 15:25:25 | INFO | SL_HIT | 🛑 STOP LOSS HIT | GODREJPROP-EQ | Entry: ₹2087.50 | Exit: ₹2091.80 | SL: ₹2077.05 | PnL: ₹17.20 | symbol=GODREJPROP-EQ | exit_reason=SL_HIT | entry_price=2087.5 | exit_price=2091.8 | sl_price=2077.05 | quantity=4 | pnl=17.2 | pnl_percent=0.21 | charges=32.5 | trade_id=0 | duration_seconds=3142.015201 | duration_minutes=52.4
2025-11-25 15:25:25 | INFO | EXIT_BLOCKED | Cannot exit GODREJPROP-EQ: Pending SELL order already exists for GODREJPROP-EQ (Order ID: 251125001055394)
2025-11-25 15:25:25 | INFO | MONITOR | Paper trades checked (next in 60s)
2025-11-25 15:25:25 | INFO | MONITOR_SLEEP | Sleeping for 20s (base=20s, consecutive_errors=0, monitoring_suspended=False)
2025-11-25 15:25:45 | INFO | SL_MISSING_DETECTED | SL order missing for BALKRISIND-EQ (retry thread will handle) | symbol=BALKRISIND-EQ | sl_price=2275.55 | retry_count=10
2025-11-25 15:25:45 | INFO | SL_CHECK | Stop-loss hit for BALKRISIND-EQ (last_ltp: 2302.7, sl: 2275.55)
2025-11-25 15:25:45 | INFO | SL_MISSING_DETECTED | SL order missing for GODREJPROP-EQ (retry thread will handle) | symbol=GODREJPROP-EQ | sl_price=2077.05 | retry_count=10
2025-11-25 15:25:45 | INFO | SL_CHECK | Stop-loss hit for GODREJPROP-EQ (last_ltp: 2091.8, sl: 2077.05)
2025-11-25 15:25:45 | INFO | BUCKET_LTP_CHECK | Checking bucket 2/3 | symbols=['CHAMBLFERT-EQ', 'BALKRISIND-EQ', 'GODREJPROP-EQ'] | count=3
2025-11-25 15:25:46 | INFO | BUCKET_LTP_RESULT | Bucket LTP check complete | checked=3 | skipped=0 | bucket_number=2 | total_buckets=3
2025-11-25 15:25:47 | INFO | SL_HIT | 🛑 STOP LOSS HIT | BALKRISIND-EQ | Entry: ₹2287.00 | Exit: ₹2302.90 | SL: ₹2275.55 | PnL: ₹63.60 | symbol=BALKRISIND-EQ | exit_reason=SL_HIT | entry_price=2287.0 | exit_price=2302.9 | sl_price=2275.55 | quantity=4 | pnl=63.6 | pnl_percent=0.7 | charges=33.32 | trade_id=0 | duration_seconds=4061.944722 | duration_minutes=67.7
2025-11-25 15:25:47 | INFO | EXIT_BLOCKED | Cannot exit BALKRISIND-EQ: Pending SELL order already exists for BALKRISIND-EQ (Order ID: 251125000975801)
2025-11-25 15:25:47 | INFO | SL_HIT | 🛑 STOP LOSS HIT | GODREJPROP-EQ | Entry: ₹2087.50 | Exit: ₹2093.50 | SL: ₹2077.05 | PnL: ₹24.00 | symbol=GODREJPROP-EQ | exit_reason=SL_HIT | entry_price=2087.5 | exit_price=2093.5 | sl_price=2077.05 | quantity=4 | pnl=24.0 | pnl_percent=0.29 | charges=32.5 | trade_id=0 | duration_seconds=3163.895436 | duration_minutes=52.7
2025-11-25 15:25:47 | INFO | EXIT_BLOCKED | Cannot exit GODREJPROP-EQ: Pending SELL order already exists for GODREJPROP-EQ (Order ID: 251125001055394)
2025-11-25 15:25:47 | INFO | MONITOR_SLEEP | Sleeping for 20s (base=20s, consecutive_errors=0, monitoring_suspended=False)
2025-11-25 15:26:07 | INFO | SL_MISSING_DETECTED | SL order missing for BALKRISIND-EQ (retry thread will handle) | symbol=BALKRISIND-EQ | sl_price=2275.55 | retry_count=10
2025-11-25 15:26:07 | INFO | SL_CHECK | Stop-loss hit for BALKRISIND-EQ (last_ltp: 2302.9, sl: 2275.55)
2025-11-25 15:26:07 | INFO | SL_MISSING_DETECTED | SL order missing for GODREJPROP-EQ (retry thread will handle) | symbol=GODREJPROP-EQ | sl_price=2077.05 | retry_count=10
2025-11-25 15:26:07 | INFO | SL_CHECK | Stop-loss hit for GODREJPROP-EQ (last_ltp: 2093.5, sl: 2077.05)
2025-11-25 15:26:07 | INFO | BUCKET_LTP_CHECK | Checking bucket 0/3 | symbols=['PNBHOUSING-EQ'] | count=1
2025-11-25 15:26:07 | INFO | BUCKET_LTP_RESULT | Bucket LTP check complete | checked=1 | skipped=0 | bucket_number=0 | total_buckets=3
2025-11-25 15:26:08 | INFO | SL_HIT | 🛑 STOP LOSS HIT | BALKRISIND-EQ | Entry: ₹2287.00 | Exit: ₹2302.90 | SL: ₹2275.55 | PnL: ₹63.60 | symbol=BALKRISIND-EQ | exit_reason=SL_HIT | entry_price=2287.0 | exit_price=2302.9 | sl_price=2275.55 | quantity=4 | pnl=63.6 | pnl_percent=0.7 | charges=33.32 | trade_id=0 | duration_seconds=4083.269838 | duration_minutes=68.1
2025-11-25 15:26:08 | INFO | EXIT_BLOCKED | Cannot exit BALKRISIND-EQ: Pending SELL order already exists for BALKRISIND-EQ (Order ID: 251125000975801)
2025-11-25 15:26:08 | INFO | SL_HIT | 🛑 STOP LOSS HIT | GODREJPROP-EQ | Entry: ₹2087.50 | Exit: ₹2093.50 | SL: ₹2077.05 | PnL: ₹24.00 | symbol=GODREJPROP-EQ | exit_reason=SL_HIT | entry_price=2087.5 | exit_price=2093.5 | sl_price=2077.05 | quantity=4 | pnl=24.0 | pnl_percent=0.29 | charges=32.5 | trade_id=0 | duration_seconds=3185.221924 | duration_minutes=53.1
2025-11-25 15:26:08 | INFO | EXIT_BLOCKED | Cannot exit GODREJPROP-EQ: Pending SELL order already exists for GODREJPROP-EQ (Order ID: 251125001055394)
2025-11-25 15:26:08 | INFO | MONITOR_SLEEP | Sleeping for 20s (base=20s, consecutive_errors=0, monitoring_suspended=False)
2025-11-25 15:26:28 | INFO | SL_MISSING_DETECTED | SL order missing for BALKRISIND-EQ (retry thread will handle) | symbol=BALKRISIND-EQ | sl_price=2275.55 | retry_count=10
2025-11-25 15:26:28 | INFO | SL_CHECK | Stop-loss hit for BALKRISIND-EQ (last_ltp: 2302.9, sl: 2275.55)
2025-11-25 15:26:28 | INFO | SL_MISSING_DETECTED | SL order missing for GODREJPROP-EQ (retry thread will handle) | symbol=GODREJPROP-EQ | sl_price=2077.05 | retry_count=10
2025-11-25 15:26:28 | INFO | SL_CHECK | Stop-loss hit for GODREJPROP-EQ (last_ltp: 2093.5, sl: 2077.05)
2025-11-25 15:26:28 | INFO | BUCKET_LTP_CHECK | Checking bucket 1/3 | symbols=['IOC-EQ', 'M&M-EQ', 'UPL-EQ'] | count=3
2025-11-25 15:26:29 | INFO | BUCKET_LTP_RESULT | Bucket LTP check complete | checked=3 | skipped=0 | bucket_number=1 | total_buckets=3
2025-11-25 15:26:30 | INFO | SL_HIT | 🛑 STOP LOSS HIT | BALKRISIND-EQ | Entry: ₹2287.00 | Exit: ₹2302.90 | SL: ₹2275.55 | PnL: ₹63.60 | symbol=BALKRISIND-EQ | exit_reason=SL_HIT | entry_price=2287.0 | exit_price=2302.9 | sl_price=2275.55 | quantity=4 | pnl=63.6 | pnl_percent=0.7 | charges=33.32 | trade_id=0 | duration_seconds=4105.132923 | duration_minutes=68.4
2025-11-25 15:26:30 | INFO | EXIT_BLOCKED | Cannot exit BALKRISIND-EQ: Pending SELL order already exists for BALKRISIND-EQ (Order ID: 251125000975801)
2025-11-25 15:26:30 | INFO | SL_HIT | 🛑 STOP LOSS HIT | GODREJPROP-EQ | Entry: ₹2087.50 | Exit: ₹2093.50 | SL: ₹2077.05 | PnL: ₹24.00 | symbol=GODREJPROP-EQ | exit_reason=SL_HIT | entry_price=2087.5 | exit_price=2093.5 | sl_price=2077.05 | quantity=4 | pnl=24.0 | pnl_percent=0.29 | charges=32.5 | trade_id=0 | duration_seconds=3207.084958 | duration_minutes=53.5
2025-11-25 15:26:30 | INFO | EXIT_BLOCKED | Cannot exit GODREJPROP-EQ: Pending SELL order already exists for GODREJPROP-EQ (Order ID: 251125001055394)
2025-11-25 15:26:30 | INFO | MONITOR | Paper trades checked (next in 60s)
2025-11-25 15:26:30 | INFO | MONITOR_SLEEP | Sleeping for 20s (base=20s, consecutive_errors=0, monitoring_suspended=False)
2025-11-25 15:26:50 | INFO | SL_MISSING_DETECTED | SL order missing for BALKRISIND-EQ (retry thread will handle) | symbol=BALKRISIND-EQ | sl_price=2275.55 | retry_count=10
2025-11-25 15:26:50 | INFO | SL_CHECK | Stop-loss hit for BALKRISIND-EQ (last_ltp: 2302.9, sl: 2275.55)
2025-11-25 15:26:50 | INFO | SL_MISSING_DETECTED | SL order missing for GODREJPROP-EQ (retry thread will handle) | symbol=GODREJPROP-EQ | sl_price=2077.05 | retry_count=10
2025-11-25 15:26:50 | INFO | SL_CHECK | Stop-loss hit for GODREJPROP-EQ (last_ltp: 2093.5, sl: 2077.05)
2025-11-25 15:26:50 | INFO | BUCKET_LTP_CHECK | Checking bucket 2/3 | symbols=['CHAMBLFERT-EQ', 'BALKRISIND-EQ', 'GODREJPROP-EQ'] | count=3
2025-11-25 15:26:51 | INFO | BUCKET_LTP_RESULT | Bucket LTP check complete | checked=3 | skipped=0 | bucket_number=2 | total_buckets=3
2025-11-25 15:26:52 | INFO | SL_HIT | 🛑 STOP LOSS HIT | BALKRISIND-EQ | Entry: ₹2287.00 | Exit: ₹2300.00 | SL: ₹2275.55 | PnL: ₹52.00 | symbol=BALKRISIND-EQ | exit_reason=SL_HIT | entry_price=2287.0 | exit_price=2300.0 | sl_price=2275.55 | quantity=4 | pnl=52.0 | pnl_percent=0.57 | charges=33.32 | trade_id=0 | duration_seconds=4126.996834 | duration_minutes=68.8
2025-11-25 15:26:52 | INFO | EXIT_BLOCKED | Cannot exit BALKRISIND-EQ: Pending SELL order already exists for BALKRISIND-EQ (Order ID: 251125000975801)
2025-11-25 15:26:52 | INFO | SL_HIT | 🛑 STOP LOSS HIT | GODREJPROP-EQ | Entry: ₹2087.50 | Exit: ₹2092.40 | SL: ₹2077.05 | PnL: ₹19.60 | symbol=GODREJPROP-EQ | exit_reason=SL_HIT | entry_price=2087.5 | exit_price=2092.4 | sl_price=2077.05 | quantity=4 | pnl=19.6 | pnl_percent=0.23 | charges=32.5 | trade_id=0 | duration_seconds=3228.947509 | duration_minutes=53.8
2025-11-25 15:26:52 | INFO | EXIT_BLOCKED | Cannot exit GODREJPROP-EQ: Pending SELL order already exists for GODREJPROP-EQ (Order ID: 251125001055394)
2025-11-25 15:26:52 | INFO | MONITOR_SLEEP | Sleeping for 20s (base=20s, consecutive_errors=0, monitoring_suspended=False)
2025-11-25 15:27:12 | INFO | SL_MISSING_DETECTED | SL order missing for BALKRISIND-EQ (retry thread will handle) | symbol=BALKRISIND-EQ | sl_price=2275.55 | retry_count=10
2025-11-25 15:27:12 | INFO | SL_CHECK | Stop-loss hit for BALKRISIND-EQ (last_ltp: 2300.0, sl: 2275.55)
2025-11-25 15:27:12 | INFO | SL_MISSING_DETECTED | SL order missing for GODREJPROP-EQ (retry thread will handle) | symbol=GODREJPROP-EQ | sl_price=2077.05 | retry_count=10
2025-11-25 15:27:12 | INFO | SL_CHECK | Stop-loss hit for GODREJPROP-EQ (last_ltp: 2092.4, sl: 2077.05)
2025-11-25 15:27:12 | INFO | BUCKET_LTP_CHECK | Checking bucket 0/3 | symbols=['PNBHOUSING-EQ'] | count=1
2025-11-25 15:27:12 | INFO | BUCKET_LTP_RESULT | Bucket LTP check complete | checked=1 | skipped=0 | bucket_number=0 | total_buckets=3
2025-11-25 15:27:13 | INFO | SL_HIT | 🛑 STOP LOSS HIT | BALKRISIND-EQ | Entry: ₹2287.00 | Exit: ₹2300.00 | SL: ₹2275.55 | PnL: ₹52.00 | symbol=BALKRISIND-EQ | exit_reason=SL_HIT | entry_price=2287.0 | exit_price=2300.0 | sl_price=2275.55 | quantity=4 | pnl=52.0 | pnl_percent=0.57 | charges=33.32 | trade_id=0 | duration_seconds=4148.3262 | duration_minutes=69.1
2025-11-25 15:27:13 | INFO | EXIT_BLOCKED | Cannot exit BALKRISIND-EQ: Pending SELL order already exists for BALKRISIND-EQ (Order ID: 251125000975801)
2025-11-25 15:27:13 | INFO | SL_HIT | 🛑 STOP LOSS HIT | GODREJPROP-EQ | Entry: ₹2087.50 | Exit: ₹2092.40 | SL: ₹2077.05 | PnL: ₹19.60 | symbol=GODREJPROP-EQ | exit_reason=SL_HIT | entry_price=2087.5 | exit_price=2092.4 | sl_price=2077.05 | quantity=4 | pnl=19.6 | pnl_percent=0.23 | charges=32.5 | trade_id=0 | duration_seconds=3250.276872 | duration_minutes=54.2
2025-11-25 15:27:13 | INFO | EXIT_BLOCKED | Cannot exit GODREJPROP-EQ: Pending SELL order already exists for GODREJPROP-EQ (Order ID: 251125001055394)
2025-11-25 15:27:13 | INFO | MONITOR_SLEEP | Sleeping for 20s (base=20s, consecutive_errors=0, monitoring_suspended=False)
2025-11-25 15:27:33 | INFO | SL_MISSING_DETECTED | SL order missing for BALKRISIND-EQ (retry thread will handle) | symbol=BALKRISIND-EQ | sl_price=2275.55 | retry_count=10
2025-11-25 15:27:33 | INFO | SL_CHECK | Stop-loss hit for BALKRISIND-EQ (last_ltp: 2300.0, sl: 2275.55)
2025-11-25 15:27:33 | INFO | SL_MISSING_DETECTED | SL order missing for GODREJPROP-EQ (retry thread will handle) | symbol=GODREJPROP-EQ | sl_price=2077.05 | retry_count=10
2025-11-25 15:27:33 | INFO | SL_CHECK | Stop-loss hit for GODREJPROP-EQ (last_ltp: 2092.4, sl: 2077.05)
2025-11-25 15:27:33 | INFO | BUCKET_LTP_CHECK | Checking bucket 1/3 | symbols=['IOC-EQ', 'M&M-EQ', 'UPL-EQ'] | count=3
2025-11-25 15:27:34 | INFO | BUCKET_LTP_RESULT | Bucket LTP check complete | checked=3 | skipped=0 | bucket_number=1 | total_buckets=3
2025-11-25 15:27:35 | INFO | SL_HIT | 🛑 STOP LOSS HIT | BALKRISIND-EQ | Entry: ₹2287.00 | Exit: ₹2300.00 | SL: ₹2275.55 | PnL: ₹52.00 | symbol=BALKRISIND-EQ | exit_reason=SL_HIT | entry_price=2287.0 | exit_price=2300.0 | sl_price=2275.55 | quantity=4 | pnl=52.0 | pnl_percent=0.57 | charges=33.32 | trade_id=0 | duration_seconds=4170.18599 | duration_minutes=69.5
2025-11-25 15:27:35 | INFO | EXIT_BLOCKED | Cannot exit BALKRISIND-EQ: Pending SELL order already exists for BALKRISIND-EQ (Order ID: 251125000975801)
2025-11-25 15:27:35 | INFO | SL_HIT | 🛑 STOP LOSS HIT | GODREJPROP-EQ | Entry: ₹2087.50 | Exit: ₹2092.40 | SL: ₹2077.05 | PnL: ₹19.60 | symbol=GODREJPROP-EQ | exit_reason=SL_HIT | entry_price=2087.5 | exit_price=2092.4 | sl_price=2077.05 | quantity=4 | pnl=19.6 | pnl_percent=0.23 | charges=32.5 | trade_id=0 | duration_seconds=3272.137789 | duration_minutes=54.5
2025-11-25 15:27:35 | INFO | EXIT_BLOCKED | Cannot exit GODREJPROP-EQ: Pending SELL order already exists for GODREJPROP-EQ (Order ID: 251125001055394)
2025-11-25 15:27:35 | INFO | MONITOR | Paper trades checked (next in 60s)
2025-11-25 15:27:35 | INFO | MONITOR_SLEEP | Sleeping for 20s (base=20s, consecutive_errors=0, monitoring_suspended=False)
2025-11-25 15:27:55 | INFO | SL_MISSING_DETECTED | SL order missing for BALKRISIND-EQ (retry thread will handle) | symbol=BALKRISIND-EQ | sl_price=2275.55 | retry_count=10
2025-11-25 15:27:55 | INFO | SL_CHECK | Stop-loss hit for BALKRISIND-EQ (last_ltp: 2300.0, sl: 2275.55)
2025-11-25 15:27:55 | INFO | SL_MISSING_DETECTED | SL order missing for GODREJPROP-EQ (retry thread will handle) | symbol=GODREJPROP-EQ | sl_price=2077.05 | retry_count=10
2025-11-25 15:27:55 | INFO | SL_CHECK | Stop-loss hit for GODREJPROP-EQ (last_ltp: 2092.4, sl: 2077.05)
2025-11-25 15:27:55 | INFO | BUCKET_LTP_CHECK | Checking bucket 2/3 | symbols=['CHAMBLFERT-EQ', 'BALKRISIND-EQ', 'GODREJPROP-EQ'] | count=3
2025-11-25 15:27:56 | INFO | BUCKET_LTP_RESULT | Bucket LTP check complete | checked=3 | skipped=0 | bucket_number=2 | total_buckets=3
2025-11-25 15:27:56 | INFO | SL_HIT | 🛑 STOP LOSS HIT | CHAMBLFERT-EQ | Entry: ₹448.00 | Exit: ₹445.35 | SL: ₹445.75 | PnL: ₹-58.30 | symbol=CHAMBLFERT-EQ | exit_reason=SL_HIT | entry_price=448.0 | exit_price=445.35 | sl_price=445.75 | quantity=22 | pnl=-58.3 | pnl_percent=-0.59 | charges=34.05 | trade_id=0 | duration_seconds=6890.415566 | duration_minutes=114.8
2025-11-25 15:27:56 | INFO | EXIT_BLOCKED | Cannot exit CHAMBLFERT-EQ: Pending SELL order already exists for CHAMBLFERT-EQ (Order ID: 251125000846645)
2025-11-25 15:27:57 | INFO | SL_HIT | 🛑 STOP LOSS HIT | BALKRISIND-EQ | Entry: ₹2287.00 | Exit: ₹2299.90 | SL: ₹2275.55 | PnL: ₹51.60 | symbol=BALKRISIND-EQ | exit_reason=SL_HIT | entry_price=2287.0 | exit_price=2299.9 | sl_price=2275.55 | quantity=4 | pnl=51.6 | pnl_percent=0.56 | charges=33.32 | trade_id=0 | duration_seconds=4192.037622 | duration_minutes=69.9
2025-11-25 15:27:57 | INFO | EXIT_BLOCKED | Cannot exit BALKRISIND-EQ: Pending SELL order already exists for BALKRISIND-EQ (Order ID: 251125000975801)
2025-11-25 15:27:57 | INFO | SL_HIT | 🛑 STOP LOSS HIT | GODREJPROP-EQ | Entry: ₹2087.50 | Exit: ₹2094.70 | SL: ₹2077.05 | PnL: ₹28.80 | symbol=GODREJPROP-EQ | exit_reason=SL_HIT | entry_price=2087.5 | exit_price=2094.7 | sl_price=2077.05 | quantity=4 | pnl=28.8 | pnl_percent=0.34 | charges=32.5 | trade_id=0 | duration_seconds=3293.988508 | duration_minutes=54.9
2025-11-25 15:27:57 | INFO | EXIT_BLOCKED | Cannot exit GODREJPROP-EQ: Pending SELL order already exists for GODREJPROP-EQ (Order ID: 251125001055394)
2025-11-25 15:27:57 | INFO | MONITOR_SLEEP | Sleeping for 20s (base=20s, consecutive_errors=0, monitoring_suspended=False)
2025-11-25 15:28:17 | INFO | SL_CHECK | Stop-loss hit for CHAMBLFERT-EQ (last_ltp: 445.35, sl: 445.75)
2025-11-25 15:28:17 | INFO | SL_MISSING_DETECTED | SL order missing for BALKRISIND-EQ (retry thread will handle) | symbol=BALKRISIND-EQ | sl_price=2275.55 | retry_count=10
2025-11-25 15:28:17 | INFO | SL_CHECK | Stop-loss hit for BALKRISIND-EQ (last_ltp: 2299.9, sl: 2275.55)
2025-11-25 15:28:17 | INFO | SL_MISSING_DETECTED | SL order missing for GODREJPROP-EQ (retry thread will handle) | symbol=GODREJPROP-EQ | sl_price=2077.05 | retry_count=10
2025-11-25 15:28:17 | INFO | SL_CHECK | Stop-loss hit for GODREJPROP-EQ (last_ltp: 2094.7, sl: 2077.05)
2025-11-25 15:28:17 | INFO | BUCKET_LTP_CHECK | Checking bucket 0/3 | symbols=['PNBHOUSING-EQ'] | count=1
2025-11-25 15:28:17 | INFO | BUCKET_LTP_RESULT | Bucket LTP check complete | checked=1 | skipped=0 | bucket_number=0 | total_buckets=3
2025-11-25 15:28:18 | INFO | SL_HIT | 🛑 STOP LOSS HIT | CHAMBLFERT-EQ | Entry: ₹448.00 | Exit: ₹445.35 | SL: ₹445.75 | PnL: ₹-58.30 | symbol=CHAMBLFERT-EQ | exit_reason=SL_HIT | entry_price=448.0 | exit_price=445.35 | sl_price=445.75 | quantity=22 | pnl=-58.3 | pnl_percent=-0.59 | charges=34.05 | trade_id=0 | duration_seconds=6911.74299 | duration_minutes=115.2
2025-11-25 15:28:18 | INFO | EXIT_BLOCKED | Cannot exit CHAMBLFERT-EQ: Pending SELL order already exists for CHAMBLFERT-EQ (Order ID: 251125000846645)
2025-11-25 15:28:18 | INFO | SL_HIT | 🛑 STOP LOSS HIT | BALKRISIND-EQ | Entry: ₹2287.00 | Exit: ₹2299.90 | SL: ₹2275.55 | PnL: ₹51.60 | symbol=BALKRISIND-EQ | exit_reason=SL_HIT | entry_price=2287.0 | exit_price=2299.9 | sl_price=2275.55 | quantity=4 | pnl=51.6 | pnl_percent=0.56 | charges=33.32 | trade_id=0 | duration_seconds=4213.366187 | duration_minutes=70.2
2025-11-25 15:28:18 | INFO | EXIT_BLOCKED | Cannot exit BALKRISIND-EQ: Pending SELL order already exists for BALKRISIND-EQ (Order ID: 251125000975801)
2025-11-25 15:28:18 | INFO | SL_HIT | 🛑 STOP LOSS HIT | GODREJPROP-EQ | Entry: ₹2087.50 | Exit: ₹2094.70 | SL: ₹2077.05 | PnL: ₹28.80 | symbol=GODREJPROP-EQ | exit_reason=SL_HIT | entry_price=2087.5 | exit_price=2094.7 | sl_price=2077.05 | quantity=4 | pnl=28.8 | pnl_percent=0.34 | charges=32.5 | trade_id=0 | duration_seconds=3315.318178 | duration_minutes=55.3
2025-11-25 15:28:18 | INFO | EXIT_BLOCKED | Cannot exit GODREJPROP-EQ: Pending SELL order already exists for GODREJPROP-EQ (Order ID: 251125001055394)
2025-11-25 15:28:18 | INFO | MONITOR_SLEEP | Sleeping for 20s (base=20s, consecutive_errors=0, monitoring_suspended=False)
2025-11-25 15:28:38 | INFO | SL_CHECK | Stop-loss hit for CHAMBLFERT-EQ (last_ltp: 445.35, sl: 445.75)
2025-11-25 15:28:38 | INFO | SL_MISSING_DETECTED | SL order missing for BALKRISIND-EQ (retry thread will handle) | symbol=BALKRISIND-EQ | sl_price=2275.55 | retry_count=10
2025-11-25 15:28:38 | INFO | SL_CHECK | Stop-loss hit for BALKRISIND-EQ (last_ltp: 2299.9, sl: 2275.55)
2025-11-25 15:28:38 | INFO | SL_MISSING_DETECTED | SL order missing for GODREJPROP-EQ (retry thread will handle) | symbol=GODREJPROP-EQ | sl_price=2077.05 | retry_count=10
2025-11-25 15:28:38 | INFO | SL_CHECK | Stop-loss hit for GODREJPROP-EQ (last_ltp: 2094.7, sl: 2077.05)
2025-11-25 15:28:38 | INFO | BUCKET_LTP_CHECK | Checking bucket 1/3 | symbols=['IOC-EQ', 'M&M-EQ', 'UPL-EQ'] | count=3
2025-11-25 15:28:39 | INFO | BUCKET_LTP_RESULT | Bucket LTP check complete | checked=3 | skipped=0 | bucket_number=1 | total_buckets=3
2025-11-25 15:28:40 | INFO | SL_HIT | 🛑 STOP LOSS HIT | CHAMBLFERT-EQ | Entry: ₹448.00 | Exit: ₹445.35 | SL: ₹445.75 | PnL: ₹-58.30 | symbol=CHAMBLFERT-EQ | exit_reason=SL_HIT | entry_price=448.0 | exit_price=445.35 | sl_price=445.75 | quantity=22 | pnl=-58.3 | pnl_percent=-0.59 | charges=34.05 | trade_id=0 | duration_seconds=6933.605368 | duration_minutes=115.6
2025-11-25 15:28:40 | INFO | EXIT_BLOCKED | Cannot exit CHAMBLFERT-EQ: Pending SELL order already exists for CHAMBLFERT-EQ (Order ID: 251125000846645)
2025-11-25 15:28:40 | INFO | SL_HIT | 🛑 STOP LOSS HIT | BALKRISIND-EQ | Entry: ₹2287.00 | Exit: ₹2299.90 | SL: ₹2275.55 | PnL: ₹51.60 | symbol=BALKRISIND-EQ | exit_reason=SL_HIT | entry_price=2287.0 | exit_price=2299.9 | sl_price=2275.55 | quantity=4 | pnl=51.6 | pnl_percent=0.56 | charges=33.32 | trade_id=0 | duration_seconds=4235.227592 | duration_minutes=70.6
2025-11-25 15:28:40 | INFO | EXIT_BLOCKED | Cannot exit BALKRISIND-EQ: Pending SELL order already exists for BALKRISIND-EQ (Order ID: 251125000975801)
2025-11-25 15:28:40 | INFO | SL_HIT | 🛑 STOP LOSS HIT | GODREJPROP-EQ | Entry: ₹2087.50 | Exit: ₹2094.70 | SL: ₹2077.05 | PnL: ₹28.80 | symbol=GODREJPROP-EQ | exit_reason=SL_HIT | entry_price=2087.5 | exit_price=2094.7 | sl_price=2077.05 | quantity=4 | pnl=28.8 | pnl_percent=0.34 | charges=32.5 | trade_id=0 | duration_seconds=3337.178415 | duration_minutes=55.6
2025-11-25 15:28:40 | INFO | EXIT_BLOCKED | Cannot exit GODREJPROP-EQ: Pending SELL order already exists for GODREJPROP-EQ (Order ID: 251125001055394)
2025-11-25 15:28:40 | INFO | MONITOR | Paper trades checked (next in 60s)
2025-11-25 15:28:40 | INFO | MONITOR_SLEEP | Sleeping for 20s (base=20s, consecutive_errors=0, monitoring_suspended=False)
2025-11-25 15:29:00 | INFO | SL_CHECK | Stop-loss hit for CHAMBLFERT-EQ (last_ltp: 445.35, sl: 445.75)
2025-11-25 15:29:00 | INFO | SL_MISSING_DETECTED | SL order missing for BALKRISIND-EQ (retry thread will handle) | symbol=BALKRISIND-EQ | sl_price=2275.55 | retry_count=10
2025-11-25 15:29:00 | INFO | SL_CHECK | Stop-loss hit for BALKRISIND-EQ (last_ltp: 2299.9, sl: 2275.55)
2025-11-25 15:29:00 | INFO | SL_MISSING_DETECTED | SL order missing for GODREJPROP-EQ (retry thread will handle) | symbol=GODREJPROP-EQ | sl_price=2077.05 | retry_count=10
2025-11-25 15:29:00 | INFO | SL_CHECK | Stop-loss hit for GODREJPROP-EQ (last_ltp: 2094.7, sl: 2077.05)
2025-11-25 15:29:00 | INFO | BUCKET_LTP_CHECK | Checking bucket 2/3 | symbols=['CHAMBLFERT-EQ', 'BALKRISIND-EQ', 'GODREJPROP-EQ'] | count=3
2025-11-25 15:29:01 | INFO | BUCKET_LTP_RESULT | Bucket LTP check complete | checked=3 | skipped=0 | bucket_number=2 | total_buckets=3
2025-11-25 15:29:01 | INFO | SL_HIT | 🛑 STOP LOSS HIT | CHAMBLFERT-EQ | Entry: ₹448.00 | Exit: ₹445.25 | SL: ₹445.75 | PnL: ₹-60.50 | symbol=CHAMBLFERT-EQ | exit_reason=SL_HIT | entry_price=448.0 | exit_price=445.25 | sl_price=445.75 | quantity=22 | pnl=-60.5 | pnl_percent=-0.61 | charges=34.05 | trade_id=0 | duration_seconds=6955.457849 | duration_minutes=115.9
2025-11-25 15:29:01 | INFO | EXIT_BLOCKED | Cannot exit CHAMBLFERT-EQ: Pending SELL order already exists for CHAMBLFERT-EQ (Order ID: 251125000846645)
2025-11-25 15:29:02 | INFO | SL_HIT | 🛑 STOP LOSS HIT | BALKRISIND-EQ | Entry: ₹2287.00 | Exit: ₹2299.30 | SL: ₹2275.55 | PnL: ₹49.20 | symbol=BALKRISIND-EQ | exit_reason=SL_HIT | entry_price=2287.0 | exit_price=2299.3 | sl_price=2275.55 | quantity=4 | pnl=49.2 | pnl_percent=0.54 | charges=33.32 | trade_id=0 | duration_seconds=4257.079863 | duration_minutes=71.0
2025-11-25 15:29:02 | INFO | EXIT_BLOCKED | Cannot exit BALKRISIND-EQ: Pending SELL order already exists for BALKRISIND-EQ (Order ID: 251125000975801)
2025-11-25 15:29:02 | INFO | SL_HIT | 🛑 STOP LOSS HIT | GODREJPROP-EQ | Entry: ₹2087.50 | Exit: ₹2092.00 | SL: ₹2077.05 | PnL: ₹18.00 | symbol=GODREJPROP-EQ | exit_reason=SL_HIT | entry_price=2087.5 | exit_price=2092.0 | sl_price=2077.05 | quantity=4 | pnl=18.0 | pnl_percent=0.22 | charges=32.5 | trade_id=0 | duration_seconds=3359.030568 | duration_minutes=56.0
2025-11-25 15:29:02 | INFO | EXIT_BLOCKED | Cannot exit GODREJPROP-EQ: Pending SELL order already exists for GODREJPROP-EQ (Order ID: 251125001055394)
2025-11-25 15:29:02 | INFO | MONITOR_SLEEP | Sleeping for 20s (base=20s, consecutive_errors=0, monitoring_suspended=False)
2025-11-25 15:29:22 | INFO | SL_CHECK | Stop-loss hit for CHAMBLFERT-EQ (last_ltp: 445.25, sl: 445.75)
2025-11-25 15:29:22 | INFO | SL_MISSING_DETECTED | SL order missing for BALKRISIND-EQ (retry thread will handle) | symbol=BALKRISIND-EQ | sl_price=2275.55 | retry_count=10
2025-11-25 15:29:22 | INFO | SL_CHECK | Stop-loss hit for BALKRISIND-EQ (last_ltp: 2299.3, sl: 2275.55)
2025-11-25 15:29:22 | INFO | SL_MISSING_DETECTED | SL order missing for GODREJPROP-EQ (retry thread will handle) | symbol=GODREJPROP-EQ | sl_price=2077.05 | retry_count=10
2025-11-25 15:29:22 | INFO | SL_CHECK | Stop-loss hit for GODREJPROP-EQ (last_ltp: 2092.0, sl: 2077.05)
2025-11-25 15:29:22 | INFO | BUCKET_LTP_CHECK | Checking bucket 0/3 | symbols=['PNBHOUSING-EQ'] | count=1
2025-11-25 15:29:22 | INFO | BUCKET_LTP_RESULT | Bucket LTP check complete | checked=1 | skipped=0 | bucket_number=0 | total_buckets=3
2025-11-25 15:29:23 | INFO | SL_HIT | 🛑 STOP LOSS HIT | CHAMBLFERT-EQ | Entry: ₹448.00 | Exit: ₹445.25 | SL: ₹445.75 | PnL: ₹-60.50 | symbol=CHAMBLFERT-EQ | exit_reason=SL_HIT | entry_price=448.0 | exit_price=445.25 | sl_price=445.75 | quantity=22 | pnl=-60.5 | pnl_percent=-0.61 | charges=34.05 | trade_id=0 | duration_seconds=6976.788956 | duration_minutes=116.3
2025-11-25 15:29:23 | INFO | EXIT_BLOCKED | Cannot exit CHAMBLFERT-EQ: Pending SELL order already exists for CHAMBLFERT-EQ (Order ID: 251125000846645)
2025-11-25 15:29:23 | INFO | SL_HIT | 🛑 STOP LOSS HIT | BALKRISIND-EQ | Entry: ₹2287.00 | Exit: ₹2299.30 | SL: ₹2275.55 | PnL: ₹49.20 | symbol=BALKRISIND-EQ | exit_reason=SL_HIT | entry_price=2287.0 | exit_price=2299.3 | sl_price=2275.55 | quantity=4 | pnl=49.2 | pnl_percent=0.54 | charges=33.32 | trade_id=0 | duration_seconds=4278.412265 | duration_minutes=71.3
2025-11-25 15:29:23 | INFO | EXIT_BLOCKED | Cannot exit BALKRISIND-EQ: Pending SELL order already exists for BALKRISIND-EQ (Order ID: 251125000975801)
2025-11-25 15:29:23 | INFO | SL_HIT | 🛑 STOP LOSS HIT | GODREJPROP-EQ | Entry: ₹2087.50 | Exit: ₹2092.00 | SL: ₹2077.05 | PnL: ₹18.00 | symbol=GODREJPROP-EQ | exit_reason=SL_HIT | entry_price=2087.5 | exit_price=2092.0 | sl_price=2077.05 | quantity=4 | pnl=18.0 | pnl_percent=0.22 | charges=32.5 | trade_id=0 | duration_seconds=3380.363962 | duration_minutes=56.3
2025-11-25 15:29:23 | INFO | EXIT_BLOCKED | Cannot exit GODREJPROP-EQ: Pending SELL order already exists for GODREJPROP-EQ (Order ID: 251125001055394)
2025-11-25 15:29:23 | INFO | SL_HIT | 🛑 STOP LOSS HIT | PNBHOUSING-EQ | Entry: ₹885.90 | Exit: ₹881.00 | SL: ₹881.45 | PnL: ₹-53.90 | symbol=PNBHOUSING-EQ | exit_reason=SL_HIT | entry_price=885.9 | exit_price=881.0 | sl_price=881.45 | quantity=11 | pnl=-53.9 | pnl_percent=-0.55 | charges=34.0 | trade_id=0 | duration_seconds=3375.497065 | duration_minutes=56.3
2025-11-25 15:29:23 | INFO | EXIT_BLOCKED | Cannot exit PNBHOUSING-EQ: Pending SELL order already exists for PNBHOUSING-EQ (Order ID: 251125001073992)
2025-11-25 15:29:23 | INFO | MONITOR_SLEEP | Sleeping for 20s (base=20s, consecutive_errors=0, monitoring_suspended=False)
2025-11-25 15:29:43 | INFO | SL_CHECK | Stop-loss hit for CHAMBLFERT-EQ (last_ltp: 445.25, sl: 445.75)
2025-11-25 15:29:43 | INFO | SL_MISSING_DETECTED | SL order missing for BALKRISIND-EQ (retry thread will handle) | symbol=BALKRISIND-EQ | sl_price=2275.55 | retry_count=10
2025-11-25 15:29:43 | INFO | SL_CHECK | Stop-loss hit for BALKRISIND-EQ (last_ltp: 2299.3, sl: 2275.55)
2025-11-25 15:29:43 | INFO | SL_MISSING_DETECTED | SL order missing for GODREJPROP-EQ (retry thread will handle) | symbol=GODREJPROP-EQ | sl_price=2077.05 | retry_count=10
2025-11-25 15:29:43 | INFO | SL_CHECK | Stop-loss hit for GODREJPROP-EQ (last_ltp: 2092.0, sl: 2077.05)
2025-11-25 15:29:43 | INFO | SL_CHECK | Stop-loss hit for PNBHOUSING-EQ (last_ltp: 881.0, sl: 881.45)
2025-11-25 15:29:43 | INFO | BUCKET_LTP_CHECK | Checking bucket 1/3 | symbols=['IOC-EQ', 'M&M-EQ', 'UPL-EQ'] | count=3
2025-11-25 15:29:44 | INFO | BUCKET_LTP_RESULT | Bucket LTP check complete | checked=3 | skipped=0 | bucket_number=1 | total_buckets=3
2025-11-25 15:29:44 | INFO | SL_HIT | 🛑 STOP LOSS HIT | M&M-EQ | Entry: ₹3681.70 | Exit: ₹3662.10 | SL: ₹3663.29 | PnL: ₹-39.20 | symbol=M&M-EQ | exit_reason=SL_HIT | entry_price=3681.7 | exit_price=3662.1 | sl_price=3663.29 | quantity=2 | pnl=-39.2 | pnl_percent=-0.53 | charges=0 | trade_id=0 | duration_seconds=7770.492548 | duration_minutes=129.5
2025-11-25 15:29:44 | INFO | ERROR | Failed to place exit order for M&M-EQ
2025-11-25 15:29:45 | INFO | SL_HIT | 🛑 STOP LOSS HIT | CHAMBLFERT-EQ | Entry: ₹448.00 | Exit: ₹445.25 | SL: ₹445.75 | PnL: ₹-60.50 | symbol=CHAMBLFERT-EQ | exit_reason=SL_HIT | entry_price=448.0 | exit_price=445.25 | sl_price=445.75 | quantity=22 | pnl=-60.5 | pnl_percent=-0.61 | charges=34.05 | trade_id=0 | duration_seconds=6998.754413 | duration_minutes=116.6
2025-11-25 15:29:45 | INFO | EXIT_BLOCKED | Cannot exit CHAMBLFERT-EQ: Pending SELL order already exists for CHAMBLFERT-EQ (Order ID: 251125000846645)
2025-11-25 15:29:45 | INFO | SL_HIT | 🛑 STOP LOSS HIT | BALKRISIND-EQ | Entry: ₹2287.00 | Exit: ₹2299.30 | SL: ₹2275.55 | PnL: ₹49.20 | symbol=BALKRISIND-EQ | exit_reason=SL_HIT | entry_price=2287.0 | exit_price=2299.3 | sl_price=2275.55 | quantity=4 | pnl=49.2 | pnl_percent=0.54 | charges=33.32 | trade_id=0 | duration_seconds=4300.376382 | duration_minutes=71.7
2025-11-25 15:29:45 | INFO | EXIT_BLOCKED | Cannot exit BALKRISIND-EQ: Pending SELL order already exists for BALKRISIND-EQ (Order ID: 251125000975801)
2025-11-25 15:29:45 | INFO | SL_HIT | 🛑 STOP LOSS HIT | GODREJPROP-EQ | Entry: ₹2087.50 | Exit: ₹2092.00 | SL: ₹2077.05 | PnL: ₹18.00 | symbol=GODREJPROP-EQ | exit_reason=SL_HIT | entry_price=2087.5 | exit_price=2092.0 | sl_price=2077.05 | quantity=4 | pnl=18.0 | pnl_percent=0.22 | charges=32.5 | trade_id=0 | duration_seconds=3402.32721 | duration_minutes=56.7
2025-11-25 15:29:45 | INFO | EXIT_BLOCKED | Cannot exit GODREJPROP-EQ: Pending SELL order already exists for GODREJPROP-EQ (Order ID: 251125001055394)
2025-11-25 15:29:45 | INFO | SL_HIT | 🛑 STOP LOSS HIT | PNBHOUSING-EQ | Entry: ₹885.90 | Exit: ₹881.00 | SL: ₹881.45 | PnL: ₹-53.90 | symbol=PNBHOUSING-EQ | exit_reason=SL_HIT | entry_price=885.9 | exit_price=881.0 | sl_price=881.45 | quantity=11 | pnl=-53.9 | pnl_percent=-0.55 | charges=34.0 | trade_id=0 | duration_seconds=3397.4603 | duration_minutes=56.6
2025-11-25 15:29:45 | INFO | EXIT_BLOCKED | Cannot exit PNBHOUSING-EQ: Pending SELL order already exists for PNBHOUSING-EQ (Order ID: 251125001073992)
2025-11-25 15:29:45 | INFO | MONITOR | Paper trades checked (next in 60s)
2025-11-25 15:29:45 | INFO | MONITOR_SLEEP | Sleeping for 20s (base=20s, consecutive_errors=0, monitoring_suspended=False)
2025-11-25 15:30:05 | INFO | SL_CHECK | Stop-loss hit for M&M-EQ (last_ltp: 3662.1, sl: 3663.29)
2025-11-25 15:30:05 | INFO | SL_CHECK | Stop-loss hit for CHAMBLFERT-EQ (last_ltp: 445.25, sl: 445.75)
2025-11-25 15:30:05 | INFO | SL_MISSING_DETECTED | SL order missing for BALKRISIND-EQ (retry thread will handle) | symbol=BALKRISIND-EQ | sl_price=2275.55 | retry_count=10
2025-11-25 15:30:05 | INFO | SL_CHECK | Stop-loss hit for BALKRISIND-EQ (last_ltp: 2299.3, sl: 2275.55)
2025-11-25 15:30:05 | INFO | SL_MISSING_DETECTED | SL order missing for GODREJPROP-EQ (retry thread will handle) | symbol=GODREJPROP-EQ | sl_price=2077.05 | retry_count=10
2025-11-25 15:30:05 | INFO | SL_CHECK | Stop-loss hit for GODREJPROP-EQ (last_ltp: 2092.0, sl: 2077.05)
2025-11-25 15:30:05 | INFO | SL_CHECK | Stop-loss hit for PNBHOUSING-EQ (last_ltp: 881.0, sl: 881.45)
2025-11-25 15:30:05 | INFO | BUCKET_LTP_CHECK | Checking bucket 2/3 | symbols=['CHAMBLFERT-EQ', 'BALKRISIND-EQ', 'GODREJPROP-EQ'] | count=3
2025-11-25 15:30:06 | INFO | BUCKET_LTP_RESULT | Bucket LTP check complete | checked=3 | skipped=0 | bucket_number=2 | total_buckets=3
2025-11-25 15:30:06 | INFO | SL_HIT | 🛑 STOP LOSS HIT | M&M-EQ | Entry: ₹3681.70 | Exit: ₹3662.10 | SL: ₹3663.29 | PnL: ₹-39.20 | symbol=M&M-EQ | exit_reason=SL_HIT | entry_price=3681.7 | exit_price=3662.1 | sl_price=3663.29 | quantity=2 | pnl=-39.2 | pnl_percent=-0.53 | charges=0 | trade_id=0 | duration_seconds=7792.581266 | duration_minutes=129.9
2025-11-25 15:30:06 | INFO | ERROR | Failed to place exit order for M&M-EQ
2025-11-25 15:30:07 | INFO | SL_HIT | 🛑 STOP LOSS HIT | BALKRISIND-EQ | Entry: ₹2287.00 | Exit: ₹2303.00 | SL: ₹2275.55 | PnL: ₹64.00 | symbol=BALKRISIND-EQ | exit_reason=SL_HIT | entry_price=2287.0 | exit_price=2303.0 | sl_price=2275.55 | quantity=4 | pnl=64.0 | pnl_percent=0.7 | charges=33.32 | trade_id=0 | duration_seconds=4322.422955 | duration_minutes=72.0
2025-11-25 15:30:07 | INFO | EXIT_BLOCKED | Cannot exit BALKRISIND-EQ: Pending SELL order already exists for BALKRISIND-EQ (Order ID: 251125000975801)
2025-11-25 15:30:07 | INFO | SL_HIT | 🛑 STOP LOSS HIT | GODREJPROP-EQ | Entry: ₹2087.50 | Exit: ₹2092.00 | SL: ₹2077.05 | PnL: ₹18.00 | symbol=GODREJPROP-EQ | exit_reason=SL_HIT | entry_price=2087.5 | exit_price=2092.0 | sl_price=2077.05 | quantity=4 | pnl=18.0 | pnl_percent=0.22 | charges=32.5 | trade_id=0 | duration_seconds=3424.375448 | duration_minutes=57.1
2025-11-25 15:30:07 | INFO | EXIT_BLOCKED | Cannot exit GODREJPROP-EQ: Pending SELL order already exists for GODREJPROP-EQ (Order ID: 251125001055394)
2025-11-25 15:30:07 | INFO | SL_HIT | 🛑 STOP LOSS HIT | PNBHOUSING-EQ | Entry: ₹885.90 | Exit: ₹881.00 | SL: ₹881.45 | PnL: ₹-53.90 | symbol=PNBHOUSING-EQ | exit_reason=SL_HIT | entry_price=885.9 | exit_price=881.0 | sl_price=881.45 | quantity=11 | pnl=-53.9 | pnl_percent=-0.55 | charges=34.0 | trade_id=0 | duration_seconds=3419.510539 | duration_minutes=57.0
2025-11-25 15:30:07 | INFO | EXIT_BLOCKED | Cannot exit PNBHOUSING-EQ: Pending SELL order already exists for PNBHOUSING-EQ (Order ID: 251125001073992)
2025-11-25 15:30:07 | INFO | MONITOR_SLEEP | Sleeping for 20s (base=20s, consecutive_errors=0, monitoring_suspended=False)
2025-11-25 15:30:27 | INFO | SL_CHECK | Stop-loss hit for M&M-EQ (last_ltp: 3662.1, sl: 3663.29)
2025-11-25 15:30:27 | INFO | SL_MISSING_DETECTED | SL order missing for BALKRISIND-EQ (retry thread will handle) | symbol=BALKRISIND-EQ | sl_price=2275.55 | retry_count=10
2025-11-25 15:30:27 | INFO | SL_CHECK | Stop-loss hit for BALKRISIND-EQ (last_ltp: 2303.0, sl: 2275.55)
2025-11-25 15:30:27 | INFO | SL_MISSING_DETECTED | SL order missing for GODREJPROP-EQ (retry thread will handle) | symbol=GODREJPROP-EQ | sl_price=2077.05 | retry_count=10
2025-11-25 15:30:27 | INFO | SL_CHECK | Stop-loss hit for GODREJPROP-EQ (last_ltp: 2092.0, sl: 2077.05)
2025-11-25 15:30:27 | INFO | SL_CHECK | Stop-loss hit for PNBHOUSING-EQ (last_ltp: 881.0, sl: 881.45)
2025-11-25 15:30:27 | INFO | BUCKET_LTP_CHECK | Checking bucket 0/3 | symbols=['PNBHOUSING-EQ'] | count=1
2025-11-25 15:30:28 | INFO | BUCKET_LTP_RESULT | Bucket LTP check complete | checked=1 | skipped=0 | bucket_number=0 | total_buckets=3
2025-11-25 15:30:28 | INFO | SL_HIT | 🛑 STOP LOSS HIT | M&M-EQ | Entry: ₹3681.70 | Exit: ₹3662.10 | SL: ₹3663.29 | PnL: ₹-39.20 | symbol=M&M-EQ | exit_reason=SL_HIT | entry_price=3681.7 | exit_price=3662.1 | sl_price=3663.29 | quantity=2 | pnl=-39.2 | pnl_percent=-0.53 | charges=0 | trade_id=0 | duration_seconds=7813.964778 | duration_minutes=130.2
2025-11-25 15:30:28 | INFO | ERROR | Failed to place exit order for M&M-EQ
2025-11-25 15:30:28 | INFO | SL_HIT | 🛑 STOP LOSS HIT | BALKRISIND-EQ | Entry: ₹2287.00 | Exit: ₹2303.00 | SL: ₹2275.55 | PnL: ₹64.00 | symbol=BALKRISIND-EQ | exit_reason=SL_HIT | entry_price=2287.0 | exit_price=2303.0 | sl_price=2275.55 | quantity=4 | pnl=64.0 | pnl_percent=0.7 | charges=33.32 | trade_id=0 | duration_seconds=4343.756206 | duration_minutes=72.4
2025-11-25 15:30:28 | INFO | EXIT_BLOCKED | Cannot exit BALKRISIND-EQ: Pending SELL order already exists for BALKRISIND-EQ (Order ID: 251125000975801)
2025-11-25 15:30:29 | INFO | SL_HIT | 🛑 STOP LOSS HIT | GODREJPROP-EQ | Entry: ₹2087.50 | Exit: ₹2092.00 | SL: ₹2077.05 | PnL: ₹18.00 | symbol=GODREJPROP-EQ | exit_reason=SL_HIT | entry_price=2087.5 | exit_price=2092.0 | sl_price=2077.05 | quantity=4 | pnl=18.0 | pnl_percent=0.22 | charges=32.5 | trade_id=0 | duration_seconds=3445.706885 | duration_minutes=57.4
2025-11-25 15:30:29 | INFO | EXIT_BLOCKED | Cannot exit GODREJPROP-EQ: Pending SELL order already exists for GODREJPROP-EQ (Order ID: 251125001055394)
2025-11-25 15:30:29 | INFO | MONITOR_SLEEP | Sleeping for 20s (base=20s, consecutive_errors=0, monitoring_suspended=False)
2025-11-25 15:30:49 | INFO | SL_CHECK | Stop-loss hit for M&M-EQ (last_ltp: 3662.1, sl: 3663.29)
2025-11-25 15:30:49 | INFO | SL_MISSING_DETECTED | SL order missing for BALKRISIND-EQ (retry thread will handle) | symbol=BALKRISIND-EQ | sl_price=2275.55 | retry_count=10
2025-11-25 15:30:49 | INFO | SL_CHECK | Stop-loss hit for BALKRISIND-EQ (last_ltp: 2303.0, sl: 2275.55)
2025-11-25 15:30:49 | INFO | SL_MISSING_DETECTED | SL order missing for GODREJPROP-EQ (retry thread will handle) | symbol=GODREJPROP-EQ | sl_price=2077.05 | retry_count=10
2025-11-25 15:30:49 | INFO | SL_CHECK | Stop-loss hit for GODREJPROP-EQ (last_ltp: 2092.0, sl: 2077.05)
2025-11-25 15:30:49 | INFO | BUCKET_LTP_CHECK | Checking bucket 1/3 | symbols=['IOC-EQ', 'M&M-EQ', 'UPL-EQ'] | count=3
2025-11-25 15:30:49 | INFO | BUCKET_LTP_RESULT | Bucket LTP check complete | checked=3 | skipped=0 | bucket_number=1 | total_buckets=3
2025-11-25 15:30:50 | INFO | SL_HIT | 🛑 STOP LOSS HIT | M&M-EQ | Entry: ₹3681.70 | Exit: ₹3660.70 | SL: ₹3663.29 | PnL: ₹-42.00 | symbol=M&M-EQ | exit_reason=SL_HIT | entry_price=3681.7 | exit_price=3660.7 | sl_price=3663.29 | quantity=2 | pnl=-42.0 | pnl_percent=-0.57 | charges=0 | trade_id=0 | duration_seconds=7835.855502 | duration_minutes=130.6
2025-11-25 15:30:50 | INFO | ERROR | Failed to place exit order for M&M-EQ
2025-11-25 15:30:50 | INFO | SL_HIT | 🛑 STOP LOSS HIT | BALKRISIND-EQ | Entry: ₹2287.00 | Exit: ₹2303.00 | SL: ₹2275.55 | PnL: ₹64.00 | symbol=BALKRISIND-EQ | exit_reason=SL_HIT | entry_price=2287.0 | exit_price=2303.0 | sl_price=2275.55 | quantity=4 | pnl=64.0 | pnl_percent=0.7 | charges=33.32 | trade_id=0 | duration_seconds=4365.695722 | duration_minutes=72.8
2025-11-25 15:30:50 | INFO | EXIT_BLOCKED | Cannot exit BALKRISIND-EQ: Pending SELL order already exists for BALKRISIND-EQ (Order ID: 251125000975801)
2025-11-25 15:30:50 | INFO | SL_HIT | 🛑 STOP LOSS HIT | GODREJPROP-EQ | Entry: ₹2087.50 | Exit: ₹2092.00 | SL: ₹2077.05 | PnL: ₹18.00 | symbol=GODREJPROP-EQ | exit_reason=SL_HIT | entry_price=2087.5 | exit_price=2092.0 | sl_price=2077.05 | quantity=4 | pnl=18.0 | pnl_percent=0.22 | charges=32.5 | trade_id=0 | duration_seconds=3467.646519 | duration_minutes=57.8
2025-11-25 15:30:50 | INFO | EXIT_BLOCKED | Cannot exit GODREJPROP-EQ: Pending SELL order already exists for GODREJPROP-EQ (Order ID: 251125001055394)
2025-11-25 15:30:51 | INFO | MONITOR | Paper trades checked (next in 60s)
2025-11-25 15:30:51 | INFO | MONITOR_SLEEP | Sleeping for 20s (base=20s, consecutive_errors=0, monitoring_suspended=False)
2025-11-25 15:31:11 | INFO | SL_CHECK | Stop-loss hit for M&M-EQ (last_ltp: 3660.7, sl: 3663.29)
2025-11-25 15:31:11 | INFO | SL_MISSING_DETECTED | SL order missing for BALKRISIND-EQ (retry thread will handle) | symbol=BALKRISIND-EQ | sl_price=2275.55 | retry_count=10
2025-11-25 15:31:11 | INFO | SL_CHECK | Stop-loss hit for BALKRISIND-EQ (last_ltp: 2303.0, sl: 2275.55)
2025-11-25 15:31:11 | INFO | SL_MISSING_DETECTED | SL order missing for GODREJPROP-EQ (retry thread will handle) | symbol=GODREJPROP-EQ | sl_price=2077.05 | retry_count=10
2025-11-25 15:31:11 | INFO | SL_CHECK | Stop-loss hit for GODREJPROP-EQ (last_ltp: 2092.0, sl: 2077.05)
2025-11-25 15:31:11 | INFO | BUCKET_LTP_CHECK | Checking bucket 2/3 | symbols=['CHAMBLFERT-EQ', 'BALKRISIND-EQ', 'GODREJPROP-EQ'] | count=3
2025-11-25 15:31:11 | INFO | BUCKET_LTP_RESULT | Bucket LTP check complete | checked=3 | skipped=0 | bucket_number=2 | total_buckets=3
2025-11-25 15:31:12 | INFO | SL_HIT | 🛑 STOP LOSS HIT | M&M-EQ | Entry: ₹3681.70 | Exit: ₹3660.70 | SL: ₹3663.29 | PnL: ₹-42.00 | symbol=M&M-EQ | exit_reason=SL_HIT | entry_price=3681.7 | exit_price=3660.7 | sl_price=3663.29 | quantity=2 | pnl=-42.0 | pnl_percent=-0.57 | charges=0 | trade_id=0 | duration_seconds=7857.751495 | duration_minutes=131.0
2025-11-25 15:31:12 | INFO | ERROR | Failed to place exit order for M&M-EQ
2025-11-25 15:31:12 | INFO | SL_HIT | 🛑 STOP LOSS HIT | BALKRISIND-EQ | Entry: ₹2287.00 | Exit: ₹2304.80 | SL: ₹2275.55 | PnL: ₹71.20 | symbol=BALKRISIND-EQ | exit_reason=SL_HIT | entry_price=2287.0 | exit_price=2304.8 | sl_price=2275.55 | quantity=4 | pnl=71.2 | pnl_percent=0.78 | charges=33.32 | trade_id=0 | duration_seconds=4387.592054 | duration_minutes=73.1
2025-11-25 15:31:12 | INFO | EXIT_BLOCKED | Cannot exit BALKRISIND-EQ: Pending SELL order already exists for BALKRISIND-EQ (Order ID: 251125000975801)
2025-11-25 15:31:12 | INFO | SL_HIT | 🛑 STOP LOSS HIT | GODREJPROP-EQ | Entry: ₹2087.50 | Exit: ₹2094.00 | SL: ₹2077.05 | PnL: ₹26.00 | symbol=GODREJPROP-EQ | exit_reason=SL_HIT | entry_price=2087.5 | exit_price=2094.0 | sl_price=2077.05 | quantity=4 | pnl=26.0 | pnl_percent=0.31 | charges=32.5 | trade_id=0 | duration_seconds=3489.544701 | duration_minutes=58.2
2025-11-25 15:31:12 | INFO | EXIT_BLOCKED | Cannot exit GODREJPROP-EQ: Pending SELL order already exists for GODREJPROP-EQ (Order ID: 251125001055394)
2025-11-25 15:31:13 | INFO | MONITOR_SLEEP | Sleeping for 20s (base=20s, consecutive_errors=0, monitoring_suspended=False)
2025-11-25 15:31:33 | INFO | SL_CHECK | Stop-loss hit for M&M-EQ (last_ltp: 3660.7, sl: 3663.29)
2025-11-25 15:31:33 | INFO | SL_MISSING_DETECTED | SL order missing for BALKRISIND-EQ (retry thread will handle) | symbol=BALKRISIND-EQ | sl_price=2275.55 | retry_count=10
2025-11-25 15:31:33 | INFO | SL_CHECK | Stop-loss hit for BALKRISIND-EQ (last_ltp: 2304.8, sl: 2275.55)
2025-11-25 15:31:33 | INFO | SL_MISSING_DETECTED | SL order missing for GODREJPROP-EQ (retry thread will handle) | symbol=GODREJPROP-EQ | sl_price=2077.05 | retry_count=10
2025-11-25 15:31:33 | INFO | SL_CHECK | Stop-loss hit for GODREJPROP-EQ (last_ltp: 2094.0, sl: 2077.05)
2025-11-25 15:31:33 | INFO | BUCKET_LTP_CHECK | Checking bucket 0/3 | symbols=['PNBHOUSING-EQ'] | count=1
2025-11-25 15:31:33 | INFO | BUCKET_LTP_RESULT | Bucket LTP check complete | checked=1 | skipped=0 | bucket_number=0 | total_buckets=3
2025-11-25 15:31:33 | INFO | SL_HIT | 🛑 STOP LOSS HIT | M&M-EQ | Entry: ₹3681.70 | Exit: ₹3660.70 | SL: ₹3663.29 | PnL: ₹-42.00 | symbol=M&M-EQ | exit_reason=SL_HIT | entry_price=3681.7 | exit_price=3660.7 | sl_price=3663.29 | quantity=2 | pnl=-42.0 | pnl_percent=-0.57 | charges=0 | trade_id=0 | duration_seconds=7879.136271 | duration_minutes=131.3
2025-11-25 15:31:33 | INFO | ERROR | Failed to place exit order for M&M-EQ
2025-11-25 15:31:34 | INFO | SL_HIT | 🛑 STOP LOSS HIT | BALKRISIND-EQ | Entry: ₹2287.00 | Exit: ₹2304.80 | SL: ₹2275.55 | PnL: ₹71.20 | symbol=BALKRISIND-EQ | exit_reason=SL_HIT | entry_price=2287.0 | exit_price=2304.8 | sl_price=2275.55 | quantity=4 | pnl=71.2 | pnl_percent=0.78 | charges=33.32 | trade_id=0 | duration_seconds=4408.927504 | duration_minutes=73.5
2025-11-25 15:31:34 | INFO | EXIT_BLOCKED | Cannot exit BALKRISIND-EQ: Pending SELL order already exists for BALKRISIND-EQ (Order ID: 251125000975801)
2025-11-25 15:31:34 | INFO | SL_HIT | 🛑 STOP LOSS HIT | GODREJPROP-EQ | Entry: ₹2087.50 | Exit: ₹2094.00 | SL: ₹2077.05 | PnL: ₹26.00 | symbol=GODREJPROP-EQ | exit_reason=SL_HIT | entry_price=2087.5 | exit_price=2094.0 | sl_price=2077.05 | quantity=4 | pnl=26.0 | pnl_percent=0.31 | charges=32.5 | trade_id=0 | duration_seconds=3510.878209 | duration_minutes=58.5
2025-11-25 15:31:34 | INFO | EXIT_BLOCKED | Cannot exit GODREJPROP-EQ: Pending SELL order already exists for GODREJPROP-EQ (Order ID: 251125001055394)
2025-11-25 15:31:34 | INFO | SL_HIT | 🛑 STOP LOSS HIT | PNBHOUSING-EQ | Entry: ₹885.90 | Exit: ₹881.45 | SL: ₹881.45 | PnL: ₹-48.95 | symbol=PNBHOUSING-EQ | exit_reason=SL_HIT | entry_price=885.9 | exit_price=881.45 | sl_price=881.45 | quantity=11 | pnl=-48.95 | pnl_percent=-0.5 | charges=34.0 | trade_id=0 | duration_seconds=3506.011373 | duration_minutes=58.4
2025-11-25 15:31:34 | INFO | EXIT_BLOCKED | Cannot exit PNBHOUSING-EQ: Pending SELL order already exists for PNBHOUSING-EQ (Order ID: 251125001073992)
2025-11-25 15:31:34 | INFO | MONITOR_SLEEP | Sleeping for 20s (base=20s, consecutive_errors=0, monitoring_suspended=False)
2025-11-25 15:31:54 | INFO | SL_CHECK | Stop-loss hit for M&M-EQ (last_ltp: 3660.7, sl: 3663.29)
2025-11-25 15:31:54 | INFO | SL_MISSING_DETECTED | SL order missing for BALKRISIND-EQ (retry thread will handle) | symbol=BALKRISIND-EQ | sl_price=2275.55 | retry_count=10
2025-11-25 15:31:54 | INFO | SL_CHECK | Stop-loss hit for BALKRISIND-EQ (last_ltp: 2304.8, sl: 2275.55)
2025-11-25 15:31:54 | INFO | SL_MISSING_DETECTED | SL order missing for GODREJPROP-EQ (retry thread will handle) | symbol=GODREJPROP-EQ | sl_price=2077.05 | retry_count=10
2025-11-25 15:31:54 | INFO | SL_CHECK | Stop-loss hit for GODREJPROP-EQ (last_ltp: 2094.0, sl: 2077.05)
2025-11-25 15:31:54 | INFO | SL_CHECK | Stop-loss hit for PNBHOUSING-EQ (last_ltp: 881.45, sl: 881.45)
2025-11-25 15:31:54 | INFO | BUCKET_LTP_CHECK | Checking bucket 1/3 | symbols=['IOC-EQ', 'M&M-EQ', 'UPL-EQ'] | count=3
2025-11-25 15:31:55 | INFO | BUCKET_LTP_RESULT | Bucket LTP check complete | checked=3 | skipped=0 | bucket_number=1 | total_buckets=3
2025-11-25 15:31:55 | INFO | SL_HIT | 🛑 STOP LOSS HIT | BALKRISIND-EQ | Entry: ₹2287.00 | Exit: ₹2304.80 | SL: ₹2275.55 | PnL: ₹71.20 | symbol=BALKRISIND-EQ | exit_reason=SL_HIT | entry_price=2287.0 | exit_price=2304.8 | sl_price=2275.55 | quantity=4 | pnl=71.2 | pnl_percent=0.78 | charges=33.32 | trade_id=0 | duration_seconds=4430.764531 | duration_minutes=73.8
2025-11-25 15:31:55 | INFO | EXIT_BLOCKED | Cannot exit BALKRISIND-EQ: Pending SELL order already exists for BALKRISIND-EQ (Order ID: 251125000975801)
2025-11-25 15:31:56 | INFO | SL_HIT | 🛑 STOP LOSS HIT | GODREJPROP-EQ | Entry: ₹2087.50 | Exit: ₹2094.00 | SL: ₹2077.05 | PnL: ₹26.00 | symbol=GODREJPROP-EQ | exit_reason=SL_HIT | entry_price=2087.5 | exit_price=2094.0 | sl_price=2077.05 | quantity=4 | pnl=26.0 | pnl_percent=0.31 | charges=32.5 | trade_id=0 | duration_seconds=3532.715256 | duration_minutes=58.9
2025-11-25 15:31:56 | INFO | EXIT_BLOCKED | Cannot exit GODREJPROP-EQ: Pending SELL order already exists for GODREJPROP-EQ (Order ID: 251125001055394)
2025-11-25 15:31:56 | INFO | SL_HIT | 🛑 STOP LOSS HIT | PNBHOUSING-EQ | Entry: ₹885.90 | Exit: ₹881.45 | SL: ₹881.45 | PnL: ₹-48.95 | symbol=PNBHOUSING-EQ | exit_reason=SL_HIT | entry_price=885.9 | exit_price=881.45 | sl_price=881.45 | quantity=11 | pnl=-48.95 | pnl_percent=-0.5 | charges=34.0 | trade_id=0 | duration_seconds=3527.848383 | duration_minutes=58.8
2025-11-25 15:31:56 | INFO | EXIT_BLOCKED | Cannot exit PNBHOUSING-EQ: Pending SELL order already exists for PNBHOUSING-EQ (Order ID: 251125001073992)
2025-11-25 15:31:56 | INFO | MONITOR | Paper trades checked (next in 60s)
2025-11-25 15:31:56 | INFO | MONITOR_SLEEP | Sleeping for 20s (base=20s, consecutive_errors=0, monitoring_suspended=False)
2025-11-25 15:32:16 | INFO | SL_MISSING_DETECTED | SL order missing for BALKRISIND-EQ (retry thread will handle) | symbol=BALKRISIND-EQ | sl_price=2275.55 | retry_count=10
2025-11-25 15:32:16 | INFO | SL_CHECK | Stop-loss hit for BALKRISIND-EQ (last_ltp: 2304.8, sl: 2275.55)
2025-11-25 15:32:16 | INFO | SL_MISSING_DETECTED | SL order missing for GODREJPROP-EQ (retry thread will handle) | symbol=GODREJPROP-EQ | sl_price=2077.05 | retry_count=10
2025-11-25 15:32:16 | INFO | SL_CHECK | Stop-loss hit for GODREJPROP-EQ (last_ltp: 2094.0, sl: 2077.05)
2025-11-25 15:32:16 | INFO | SL_CHECK | Stop-loss hit for PNBHOUSING-EQ (last_ltp: 881.45, sl: 881.45)
2025-11-25 15:32:16 | INFO | BUCKET_LTP_CHECK | Checking bucket 2/3 | symbols=['CHAMBLFERT-EQ', 'BALKRISIND-EQ', 'GODREJPROP-EQ'] | count=3
2025-11-25 15:32:16 | INFO | BUCKET_LTP_RESULT | Bucket LTP check complete | checked=3 | skipped=0 | bucket_number=2 | total_buckets=3
2025-11-25 15:32:17 | INFO | SL_HIT | 🛑 STOP LOSS HIT | BALKRISIND-EQ | Entry: ₹2287.00 | Exit: ₹2304.80 | SL: ₹2275.55 | PnL: ₹71.20 | symbol=BALKRISIND-EQ | exit_reason=SL_HIT | entry_price=2287.0 | exit_price=2304.8 | sl_price=2275.55 | quantity=4 | pnl=71.2 | pnl_percent=0.78 | charges=33.32 | trade_id=0 | duration_seconds=4452.668193 | duration_minutes=74.2
2025-11-25 15:32:17 | INFO | EXIT_BLOCKED | Cannot exit BALKRISIND-EQ: Pending SELL order already exists for BALKRISIND-EQ (Order ID: 251125000975801)
2025-11-25 15:32:17 | INFO | SL_HIT | 🛑 STOP LOSS HIT | GODREJPROP-EQ | Entry: ₹2087.50 | Exit: ₹2094.00 | SL: ₹2077.05 | PnL: ₹26.00 | symbol=GODREJPROP-EQ | exit_reason=SL_HIT | entry_price=2087.5 | exit_price=2094.0 | sl_price=2077.05 | quantity=4 | pnl=26.0 | pnl_percent=0.31 | charges=32.5 | trade_id=0 | duration_seconds=3554.618957 | duration_minutes=59.2
2025-11-25 15:32:17 | INFO | EXIT_BLOCKED | Cannot exit GODREJPROP-EQ: Pending SELL order already exists for GODREJPROP-EQ (Order ID: 251125001055394)
2025-11-25 15:32:18 | INFO | SL_HIT | 🛑 STOP LOSS HIT | PNBHOUSING-EQ | Entry: ₹885.90 | Exit: ₹881.45 | SL: ₹881.45 | PnL: ₹-48.95 | symbol=PNBHOUSING-EQ | exit_reason=SL_HIT | entry_price=885.9 | exit_price=881.45 | sl_price=881.45 | quantity=11 | pnl=-48.95 | pnl_percent=-0.5 | charges=34.0 | trade_id=0 | duration_seconds=3549.75202 | duration_minutes=59.2
2025-11-25 15:32:18 | INFO | EXIT_BLOCKED | Cannot exit PNBHOUSING-EQ: Pending SELL order already exists for PNBHOUSING-EQ (Order ID: 251125001073992)
2025-11-25 15:32:18 | INFO | MONITOR_SLEEP | Sleeping for 20s (base=20s, consecutive_errors=0, monitoring_suspended=False)
2025-11-25 15:32:38 | INFO | SL_MISSING_DETECTED | SL order missing for BALKRISIND-EQ (retry thread will handle) | symbol=BALKRISIND-EQ | sl_price=2275.55 | retry_count=10
2025-11-25 15:32:38 | INFO | SL_CHECK | Stop-loss hit for BALKRISIND-EQ (last_ltp: 2304.8, sl: 2275.55)
2025-11-25 15:32:38 | INFO | SL_MISSING_DETECTED | SL order missing for GODREJPROP-EQ (retry thread will handle) | symbol=GODREJPROP-EQ | sl_price=2077.05 | retry_count=10
2025-11-25 15:32:38 | INFO | SL_CHECK | Stop-loss hit for GODREJPROP-EQ (last_ltp: 2094.0, sl: 2077.05)
2025-11-25 15:32:38 | INFO | SL_CHECK | Stop-loss hit for PNBHOUSING-EQ (last_ltp: 881.45, sl: 881.45)
2025-11-25 15:32:38 | INFO | BUCKET_LTP_CHECK | Checking bucket 0/3 | symbols=['PNBHOUSING-EQ'] | count=1
2025-11-25 15:32:38 | INFO | BUCKET_LTP_RESULT | Bucket LTP check complete | checked=1 | skipped=0 | bucket_number=0 | total_buckets=3
2025-11-25 15:32:39 | INFO | SL_HIT | 🛑 STOP LOSS HIT | BALKRISIND-EQ | Entry: ₹2287.00 | Exit: ₹2304.80 | SL: ₹2275.55 | PnL: ₹71.20 | symbol=BALKRISIND-EQ | exit_reason=SL_HIT | entry_price=2287.0 | exit_price=2304.8 | sl_price=2275.55 | quantity=4 | pnl=71.2 | pnl_percent=0.78 | charges=33.32 | trade_id=0 | duration_seconds=4473.99391 | duration_minutes=74.6
2025-11-25 15:32:39 | INFO | EXIT_BLOCKED | Cannot exit BALKRISIND-EQ: Pending SELL order already exists for BALKRISIND-EQ (Order ID: 251125000975801)
2025-11-25 15:32:39 | INFO | SL_HIT | 🛑 STOP LOSS HIT | GODREJPROP-EQ | Entry: ₹2087.50 | Exit: ₹2094.00 | SL: ₹2077.05 | PnL: ₹26.00 | symbol=GODREJPROP-EQ | exit_reason=SL_HIT | entry_price=2087.5 | exit_price=2094.0 | sl_price=2077.05 | quantity=4 | pnl=26.0 | pnl_percent=0.31 | charges=32.5 | trade_id=0 | duration_seconds=3575.945772 | duration_minutes=59.6
2025-11-25 15:32:39 | INFO | EXIT_BLOCKED | Cannot exit GODREJPROP-EQ: Pending SELL order already exists for GODREJPROP-EQ (Order ID: 251125001055394)
2025-11-25 15:32:39 | INFO | SL_HIT | 🛑 STOP LOSS HIT | PNBHOUSING-EQ | Entry: ₹885.90 | Exit: ₹881.45 | SL: ₹881.45 | PnL: ₹-48.95 | symbol=PNBHOUSING-EQ | exit_reason=SL_HIT | entry_price=885.9 | exit_price=881.45 | sl_price=881.45 | quantity=11 | pnl=-48.95 | pnl_percent=-0.5 | charges=34.0 | trade_id=0 | duration_seconds=3571.080326 | duration_minutes=59.5
2025-11-25 15:32:39 | INFO | EXIT_BLOCKED | Cannot exit PNBHOUSING-EQ: Pending SELL order already exists for PNBHOUSING-EQ (Order ID: 251125001073992)
2025-11-25 15:32:39 | INFO | MONITOR_SLEEP | Sleeping for 20s (base=20s, consecutive_errors=0, monitoring_suspended=False)
2025-11-25 15:32:59 | INFO | SL_MISSING_DETECTED | SL order missing for BALKRISIND-EQ (retry thread will handle) | symbol=BALKRISIND-EQ | sl_price=2275.55 | retry_count=10
2025-11-25 15:32:59 | INFO | SL_CHECK | Stop-loss hit for BALKRISIND-EQ (last_ltp: 2304.8, sl: 2275.55)
2025-11-25 15:32:59 | INFO | SL_MISSING_DETECTED | SL order missing for GODREJPROP-EQ (retry thread will handle) | symbol=GODREJPROP-EQ | sl_price=2077.05 | retry_count=10
2025-11-25 15:32:59 | INFO | SL_CHECK | Stop-loss hit for GODREJPROP-EQ (last_ltp: 2094.0, sl: 2077.05)
2025-11-25 15:32:59 | INFO | SL_CHECK | Stop-loss hit for PNBHOUSING-EQ (last_ltp: 881.45, sl: 881.45)
2025-11-25 15:32:59 | INFO | BUCKET_LTP_CHECK | Checking bucket 1/3 | symbols=['IOC-EQ', 'M&M-EQ', 'UPL-EQ'] | count=3
2025-11-25 15:33:00 | INFO | BUCKET_LTP_RESULT | Bucket LTP check complete | checked=3 | skipped=0 | bucket_number=1 | total_buckets=3
2025-11-25 15:33:00 | INFO | SL_HIT | 🛑 STOP LOSS HIT | BALKRISIND-EQ | Entry: ₹2287.00 | Exit: ₹2304.80 | SL: ₹2275.55 | PnL: ₹71.20 | symbol=BALKRISIND-EQ | exit_reason=SL_HIT | entry_price=2287.0 | exit_price=2304.8 | sl_price=2275.55 | quantity=4 | pnl=71.2 | pnl_percent=0.78 | charges=33.32 | trade_id=0 | duration_seconds=4495.855933 | duration_minutes=74.9
2025-11-25 15:33:00 | INFO | EXIT_BLOCKED | Cannot exit BALKRISIND-EQ: Pending SELL order already exists for BALKRISIND-EQ (Order ID: 251125000975801)
2025-11-25 15:33:01 | INFO | SL_HIT | 🛑 STOP LOSS HIT | GODREJPROP-EQ | Entry: ₹2087.50 | Exit: ₹2094.00 | SL: ₹2077.05 | PnL: ₹26.00 | symbol=GODREJPROP-EQ | exit_reason=SL_HIT | entry_price=2087.5 | exit_price=2094.0 | sl_price=2077.05 | quantity=4 | pnl=26.0 | pnl_percent=0.31 | charges=32.5 | trade_id=0 | duration_seconds=3597.80825 | duration_minutes=60.0
2025-11-25 15:33:01 | INFO | EXIT_BLOCKED | Cannot exit GODREJPROP-EQ: Pending SELL order already exists for GODREJPROP-EQ (Order ID: 251125001055394)
2025-11-25 15:33:01 | INFO | SL_HIT | 🛑 STOP LOSS HIT | PNBHOUSING-EQ | Entry: ₹885.90 | Exit: ₹881.45 | SL: ₹881.45 | PnL: ₹-48.95 | symbol=PNBHOUSING-EQ | exit_reason=SL_HIT | entry_price=885.9 | exit_price=881.45 | sl_price=881.45 | quantity=11 | pnl=-48.95 | pnl_percent=-0.5 | charges=34.0 | trade_id=0 | duration_seconds=3592.943252 | duration_minutes=59.9
2025-11-25 15:33:01 | INFO | EXIT_BLOCKED | Cannot exit PNBHOUSING-EQ: Pending SELL order already exists for PNBHOUSING-EQ (Order ID: 251125001073992)
2025-11-25 15:33:01 | INFO | MONITOR | Paper trades checked (next in 60s)
2025-11-25 15:33:01 | INFO | MONITOR_SLEEP | Sleeping for 20s (base=20s, consecutive_errors=0, monitoring_suspended=False)
2025-11-25 15:33:21 | INFO | SL_MISSING_DETECTED | SL order missing for BALKRISIND-EQ (retry thread will handle) | symbol=BALKRISIND-EQ | sl_price=2275.55 | retry_count=10
2025-11-25 15:33:21 | INFO | SL_CHECK | Stop-loss hit for BALKRISIND-EQ (last_ltp: 2304.8, sl: 2275.55)
2025-11-25 15:33:21 | INFO | SL_MISSING_DETECTED | SL order missing for GODREJPROP-EQ (retry thread will handle) | symbol=GODREJPROP-EQ | sl_price=2077.05 | retry_count=10
2025-11-25 15:33:21 | INFO | SL_CHECK | Stop-loss hit for GODREJPROP-EQ (last_ltp: 2094.0, sl: 2077.05)
2025-11-25 15:33:21 | INFO | SL_CHECK | Stop-loss hit for PNBHOUSING-EQ (last_ltp: 881.45, sl: 881.45)
2025-11-25 15:33:21 | INFO | BUCKET_LTP_CHECK | Checking bucket 2/3 | symbols=['CHAMBLFERT-EQ', 'BALKRISIND-EQ', 'GODREJPROP-EQ'] | count=3
2025-11-25 15:33:22 | INFO | BUCKET_LTP_RESULT | Bucket LTP check complete | checked=3 | skipped=0 | bucket_number=2 | total_buckets=3
2025-11-25 15:33:22 | INFO | SL_HIT | 🛑 STOP LOSS HIT | BALKRISIND-EQ | Entry: ₹2287.00 | Exit: ₹2304.80 | SL: ₹2275.55 | PnL: ₹71.20 | symbol=BALKRISIND-EQ | exit_reason=SL_HIT | entry_price=2287.0 | exit_price=2304.8 | sl_price=2275.55 | quantity=4 | pnl=71.2 | pnl_percent=0.78 | charges=33.32 | trade_id=0 | duration_seconds=4517.720771 | duration_minutes=75.3
2025-11-25 15:33:22 | INFO | EXIT_BLOCKED | Cannot exit BALKRISIND-EQ: Pending SELL order already exists for BALKRISIND-EQ (Order ID: 251125000975801)
2025-11-25 15:33:23 | INFO | SL_HIT | 🛑 STOP LOSS HIT | GODREJPROP-EQ | Entry: ₹2087.50 | Exit: ₹2094.00 | SL: ₹2077.05 | PnL: ₹26.00 | symbol=GODREJPROP-EQ | exit_reason=SL_HIT | entry_price=2087.5 | exit_price=2094.0 | sl_price=2077.05 | quantity=4 | pnl=26.0 | pnl_percent=0.31 | charges=32.5 | trade_id=0 | duration_seconds=3619.671448 | duration_minutes=60.3
2025-11-25 15:33:23 | INFO | EXIT_BLOCKED | Cannot exit GODREJPROP-EQ: Pending SELL order already exists for GODREJPROP-EQ (Order ID: 251125001055394)
2025-11-25 15:33:23 | INFO | SL_HIT | 🛑 STOP LOSS HIT | PNBHOUSING-EQ | Entry: ₹885.90 | Exit: ₹881.45 | SL: ₹881.45 | PnL: ₹-48.95 | symbol=PNBHOUSING-EQ | exit_reason=SL_HIT | entry_price=885.9 | exit_price=881.45 | sl_price=881.45 | quantity=11 | pnl=-48.95 | pnl_percent=-0.5 | charges=34.0 | trade_id=0 | duration_seconds=3614.804564 | duration_minutes=60.2
2025-11-25 15:33:23 | INFO | EXIT_BLOCKED | Cannot exit PNBHOUSING-EQ: Pending SELL order already exists for PNBHOUSING-EQ (Order ID: 251125001073992)
2025-11-25 15:33:23 | INFO | MONITOR_SLEEP | Sleeping for 20s (base=20s, consecutive_errors=0, monitoring_suspended=False)
2025-11-25 15:33:43 | INFO | SL_MISSING_DETECTED | SL order missing for BALKRISIND-EQ (retry thread will handle) | symbol=BALKRISIND-EQ | sl_price=2275.55 | retry_count=10
2025-11-25 15:33:43 | INFO | SL_CHECK | Stop-loss hit for BALKRISIND-EQ (last_ltp: 2304.8, sl: 2275.55)
2025-11-25 15:33:43 | INFO | SL_MISSING_DETECTED | SL order missing for GODREJPROP-EQ (retry thread will handle) | symbol=GODREJPROP-EQ | sl_price=2077.05 | retry_count=10
2025-11-25 15:33:43 | INFO | SL_CHECK | Stop-loss hit for GODREJPROP-EQ (last_ltp: 2094.0, sl: 2077.05)
2025-11-25 15:33:43 | INFO | SL_CHECK | Stop-loss hit for PNBHOUSING-EQ (last_ltp: 881.45, sl: 881.45)
2025-11-25 15:33:43 | INFO | BUCKET_LTP_CHECK | Checking bucket 0/3 | symbols=['PNBHOUSING-EQ'] | count=1
2025-11-25 15:33:43 | INFO | BUCKET_LTP_RESULT | Bucket LTP check complete | checked=1 | skipped=0 | bucket_number=0 | total_buckets=3
2025-11-25 15:33:44 | INFO | SL_HIT | 🛑 STOP LOSS HIT | BALKRISIND-EQ | Entry: ₹2287.00 | Exit: ₹2304.80 | SL: ₹2275.55 | PnL: ₹71.20 | symbol=BALKRISIND-EQ | exit_reason=SL_HIT | entry_price=2287.0 | exit_price=2304.8 | sl_price=2275.55 | quantity=4 | pnl=71.2 | pnl_percent=0.78 | charges=33.32 | trade_id=0 | duration_seconds=4539.050377 | duration_minutes=75.7
2025-11-25 15:33:44 | INFO | EXIT_BLOCKED | Cannot exit BALKRISIND-EQ: Pending SELL order already exists for BALKRISIND-EQ (Order ID: 251125000975801)
2025-11-25 15:33:44 | INFO | SL_HIT | 🛑 STOP LOSS HIT | GODREJPROP-EQ | Entry: ₹2087.50 | Exit: ₹2094.00 | SL: ₹2077.05 | PnL: ₹26.00 | symbol=GODREJPROP-EQ | exit_reason=SL_HIT | entry_price=2087.5 | exit_price=2094.0 | sl_price=2077.05 | quantity=4 | pnl=26.0 | pnl_percent=0.31 | charges=32.5 | trade_id=0 | duration_seconds=3641.001315 | duration_minutes=60.7
2025-11-25 15:33:44 | INFO | EXIT_BLOCKED | Cannot exit GODREJPROP-EQ: Pending SELL order already exists for GODREJPROP-EQ (Order ID: 251125001055394)
2025-11-25 15:33:44 | INFO | SL_HIT | 🛑 STOP LOSS HIT | PNBHOUSING-EQ | Entry: ₹885.90 | Exit: ₹881.45 | SL: ₹881.45 | PnL: ₹-48.95 | symbol=PNBHOUSING-EQ | exit_reason=SL_HIT | entry_price=885.9 | exit_price=881.45 | sl_price=881.45 | quantity=11 | pnl=-48.95 | pnl_percent=-0.5 | charges=34.0 | trade_id=0 | duration_seconds=3636.134438 | duration_minutes=60.6
2025-11-25 15:33:44 | INFO | EXIT_BLOCKED | Cannot exit PNBHOUSING-EQ: Pending SELL order already exists for PNBHOUSING-EQ (Order ID: 251125001073992)
2025-11-25 15:33:44 | INFO | MONITOR_SLEEP | Sleeping for 20s (base=20s, consecutive_errors=0, monitoring_suspended=False)
2025-11-25 15:34:04 | INFO | SL_MISSING_DETECTED | SL order missing for BALKRISIND-EQ (retry thread will handle) | symbol=BALKRISIND-EQ | sl_price=2275.55 | retry_count=10
2025-11-25 15:34:04 | INFO | SL_CHECK | Stop-loss hit for BALKRISIND-EQ (last_ltp: 2304.8, sl: 2275.55)
2025-11-25 15:34:04 | INFO | SL_MISSING_DETECTED | SL order missing for GODREJPROP-EQ (retry thread will handle) | symbol=GODREJPROP-EQ | sl_price=2077.05 | retry_count=10
2025-11-25 15:34:04 | INFO | SL_CHECK | Stop-loss hit for GODREJPROP-EQ (last_ltp: 2094.0, sl: 2077.05)
2025-11-25 15:34:04 | INFO | SL_CHECK | Stop-loss hit for PNBHOUSING-EQ (last_ltp: 881.45, sl: 881.45)
2025-11-25 15:34:04 | INFO | BUCKET_LTP_CHECK | Checking bucket 1/3 | symbols=['IOC-EQ', 'M&M-EQ', 'UPL-EQ'] | count=3
2025-11-25 15:34:05 | INFO | BUCKET_LTP_RESULT | Bucket LTP check complete | checked=3 | skipped=0 | bucket_number=1 | total_buckets=3
2025-11-25 15:34:06 | INFO | SL_HIT | 🛑 STOP LOSS HIT | BALKRISIND-EQ | Entry: ₹2287.00 | Exit: ₹2304.80 | SL: ₹2275.55 | PnL: ₹71.20 | symbol=BALKRISIND-EQ | exit_reason=SL_HIT | entry_price=2287.0 | exit_price=2304.8 | sl_price=2275.55 | quantity=4 | pnl=71.2 | pnl_percent=0.78 | charges=33.32 | trade_id=0 | duration_seconds=4560.933647 | duration_minutes=76.0
2025-11-25 15:34:06 | INFO | EXIT_BLOCKED | Cannot exit BALKRISIND-EQ: Pending SELL order already exists for BALKRISIND-EQ (Order ID: 251125000975801)
2025-11-25 15:34:06 | INFO | SL_HIT | 🛑 STOP LOSS HIT | GODREJPROP-EQ | Entry: ₹2087.50 | Exit: ₹2094.00 | SL: ₹2077.05 | PnL: ₹26.00 | symbol=GODREJPROP-EQ | exit_reason=SL_HIT | entry_price=2087.5 | exit_price=2094.0 | sl_price=2077.05 | quantity=4 | pnl=26.0 | pnl_percent=0.31 | charges=32.5 | trade_id=0 | duration_seconds=3662.885305 | duration_minutes=61.0
2025-11-25 15:34:06 | INFO | EXIT_BLOCKED | Cannot exit GODREJPROP-EQ: Pending SELL order already exists for GODREJPROP-EQ (Order ID: 251125001055394)
2025-11-25 15:34:06 | INFO | SL_HIT | 🛑 STOP LOSS HIT | PNBHOUSING-EQ | Entry: ₹885.90 | Exit: ₹881.45 | SL: ₹881.45 | PnL: ₹-48.95 | symbol=PNBHOUSING-EQ | exit_reason=SL_HIT | entry_price=885.9 | exit_price=881.45 | sl_price=881.45 | quantity=11 | pnl=-48.95 | pnl_percent=-0.5 | charges=34.0 | trade_id=0 | duration_seconds=3658.018343 | duration_minutes=61.0
2025-11-25 15:34:06 | INFO | EXIT_BLOCKED | Cannot exit PNBHOUSING-EQ: Pending SELL order already exists for PNBHOUSING-EQ (Order ID: 251125001073992)
2025-11-25 15:34:06 | INFO | MONITOR | Paper trades checked (next in 60s)
2025-11-25 15:34:06 | INFO | MONITOR_SLEEP | Sleeping for 20s (base=20s, consecutive_errors=0, monitoring_suspended=False)
2025-11-25 15:34:26 | INFO | SL_MISSING_DETECTED | SL order missing for BALKRISIND-EQ (retry thread will handle) | symbol=BALKRISIND-EQ | sl_price=2275.55 | retry_count=10
2025-11-25 15:34:26 | INFO | SL_CHECK | Stop-loss hit for BALKRISIND-EQ (last_ltp: 2304.8, sl: 2275.55)
2025-11-25 15:34:26 | INFO | SL_MISSING_DETECTED | SL order missing for GODREJPROP-EQ (retry thread will handle) | symbol=GODREJPROP-EQ | sl_price=2077.05 | retry_count=10
2025-11-25 15:34:26 | INFO | SL_CHECK | Stop-loss hit for GODREJPROP-EQ (last_ltp: 2094.0, sl: 2077.05)
2025-11-25 15:34:26 | INFO | SL_CHECK | Stop-loss hit for PNBHOUSING-EQ (last_ltp: 881.45, sl: 881.45)
2025-11-25 15:34:26 | INFO | BUCKET_LTP_CHECK | Checking bucket 2/3 | symbols=['CHAMBLFERT-EQ', 'BALKRISIND-EQ', 'GODREJPROP-EQ'] | count=3
2025-11-25 15:34:27 | INFO | BUCKET_LTP_RESULT | Bucket LTP check complete | checked=3 | skipped=0 | bucket_number=2 | total_buckets=3
2025-11-25 15:34:27 | INFO | SL_HIT | 🛑 STOP LOSS HIT | BALKRISIND-EQ | Entry: ₹2287.00 | Exit: ₹2304.80 | SL: ₹2275.55 | PnL: ₹71.20 | symbol=BALKRISIND-EQ | exit_reason=SL_HIT | entry_price=2287.0 | exit_price=2304.8 | sl_price=2275.55 | quantity=4 | pnl=71.2 | pnl_percent=0.78 | charges=33.32 | trade_id=0 | duration_seconds=4582.799191 | duration_minutes=76.4
2025-11-25 15:34:27 | INFO | EXIT_BLOCKED | Cannot exit BALKRISIND-EQ: Pending SELL order already exists for BALKRISIND-EQ (Order ID: 251125000975801)
2025-11-25 15:34:28 | INFO | SL_HIT | 🛑 STOP LOSS HIT | GODREJPROP-EQ | Entry: ₹2087.50 | Exit: ₹2094.00 | SL: ₹2077.05 | PnL: ₹26.00 | symbol=GODREJPROP-EQ | exit_reason=SL_HIT | entry_price=2087.5 | exit_price=2094.0 | sl_price=2077.05 | quantity=4 | pnl=26.0 | pnl_percent=0.31 | charges=32.5 | trade_id=0 | duration_seconds=3684.74994 | duration_minutes=61.4
2025-11-25 15:34:28 | INFO | EXIT_BLOCKED | Cannot exit GODREJPROP-EQ: Pending SELL order already exists for GODREJPROP-EQ (Order ID: 251125001055394)
2025-11-25 15:34:28 | INFO | SL_HIT | 🛑 STOP LOSS HIT | PNBHOUSING-EQ | Entry: ₹885.90 | Exit: ₹881.45 | SL: ₹881.45 | PnL: ₹-48.95 | symbol=PNBHOUSING-EQ | exit_reason=SL_HIT | entry_price=885.9 | exit_price=881.45 | sl_price=881.45 | quantity=11 | pnl=-48.95 | pnl_percent=-0.5 | charges=34.0 | trade_id=0 | duration_seconds=3679.883257 | duration_minutes=61.3
2025-11-25 15:34:28 | INFO | EXIT_BLOCKED | Cannot exit PNBHOUSING-EQ: Pending SELL order already exists for PNBHOUSING-EQ (Order ID: 251125001073992)
2025-11-25 15:34:28 | INFO | MONITOR_SLEEP | Sleeping for 20s (base=20s, consecutive_errors=0, monitoring_suspended=False)
2025-11-25 15:34:48 | INFO | SL_MISSING_DETECTED | SL order missing for BALKRISIND-EQ (retry thread will handle) | symbol=BALKRISIND-EQ | sl_price=2275.55 | retry_count=10
2025-11-25 15:34:48 | INFO | SL_CHECK | Stop-loss hit for BALKRISIND-EQ (last_ltp: 2304.8, sl: 2275.55)
2025-11-25 15:34:48 | INFO | SL_MISSING_DETECTED | SL order missing for GODREJPROP-EQ (retry thread will handle) | symbol=GODREJPROP-EQ | sl_price=2077.05 | retry_count=10
2025-11-25 15:34:48 | INFO | SL_CHECK | Stop-loss hit for GODREJPROP-EQ (last_ltp: 2094.0, sl: 2077.05)
2025-11-25 15:34:48 | INFO | SL_CHECK | Stop-loss hit for PNBHOUSING-EQ (last_ltp: 881.45, sl: 881.45)
2025-11-25 15:34:48 | INFO | BUCKET_LTP_CHECK | Checking bucket 0/3 | symbols=['PNBHOUSING-EQ'] | count=1
2025-11-25 15:34:48 | INFO | BUCKET_LTP_RESULT | Bucket LTP check complete | checked=1 | skipped=0 | bucket_number=0 | total_buckets=3
2025-11-25 15:34:49 | INFO | SL_HIT | 🛑 STOP LOSS HIT | BALKRISIND-EQ | Entry: ₹2287.00 | Exit: ₹2304.80 | SL: ₹2275.55 | PnL: ₹71.20 | symbol=BALKRISIND-EQ | exit_reason=SL_HIT | entry_price=2287.0 | exit_price=2304.8 | sl_price=2275.55 | quantity=4 | pnl=71.2 | pnl_percent=0.78 | charges=33.32 | trade_id=0 | duration_seconds=4604.12408 | duration_minutes=76.7
2025-11-25 15:34:49 | INFO | EXIT_BLOCKED | Cannot exit BALKRISIND-EQ: Pending SELL order already exists for BALKRISIND-EQ (Order ID: 251125000975801)
2025-11-25 15:34:49 | INFO | SL_HIT | 🛑 STOP LOSS HIT | GODREJPROP-EQ | Entry: ₹2087.50 | Exit: ₹2094.00 | SL: ₹2077.05 | PnL: ₹26.00 | symbol=GODREJPROP-EQ | exit_reason=SL_HIT | entry_price=2087.5 | exit_price=2094.0 | sl_price=2077.05 | quantity=4 | pnl=26.0 | pnl_percent=0.31 | charges=32.5 | trade_id=0 | duration_seconds=3706.076271 | duration_minutes=61.8
2025-11-25 15:34:49 | INFO | EXIT_BLOCKED | Cannot exit GODREJPROP-EQ: Pending SELL order already exists for GODREJPROP-EQ (Order ID: 251125001055394)
2025-11-25 15:34:49 | INFO | SL_HIT | 🛑 STOP LOSS HIT | PNBHOUSING-EQ | Entry: ₹885.90 | Exit: ₹881.45 | SL: ₹881.45 | PnL: ₹-48.95 | symbol=PNBHOUSING-EQ | exit_reason=SL_HIT | entry_price=885.9 | exit_price=881.45 | sl_price=881.45 | quantity=11 | pnl=-48.95 | pnl_percent=-0.5 | charges=34.0 | trade_id=0 | duration_seconds=3701.209314 | duration_minutes=61.7
2025-11-25 15:34:49 | INFO | EXIT_BLOCKED | Cannot exit PNBHOUSING-EQ: Pending SELL order already exists for PNBHOUSING-EQ (Order ID: 251125001073992)
2025-11-25 15:34:49 | INFO | MONITOR_SLEEP | Sleeping for 20s (base=20s, consecutive_errors=0, monitoring_suspended=False)
2025-11-25 15:35:09 | INFO | SL_MISSING_DETECTED | SL order missing for BALKRISIND-EQ (retry thread will handle) | symbol=BALKRISIND-EQ | sl_price=2275.55 | retry_count=10
2025-11-25 15:35:09 | INFO | SL_CHECK | Stop-loss hit for BALKRISIND-EQ (last_ltp: 2304.8, sl: 2275.55)
2025-11-25 15:35:09 | INFO | SL_MISSING_DETECTED | SL order missing for GODREJPROP-EQ (retry thread will handle) | symbol=GODREJPROP-EQ | sl_price=2077.05 | retry_count=10
2025-11-25 15:35:09 | INFO | SL_CHECK | Stop-loss hit for GODREJPROP-EQ (last_ltp: 2094.0, sl: 2077.05)
2025-11-25 15:35:09 | INFO | SL_CHECK | Stop-loss hit for PNBHOUSING-EQ (last_ltp: 881.45, sl: 881.45)
2025-11-25 15:35:09 | INFO | BUCKET_LTP_CHECK | Checking bucket 1/3 | symbols=['IOC-EQ', 'M&M-EQ', 'UPL-EQ'] | count=3
2025-11-25 15:35:10 | INFO | BUCKET_LTP_RESULT | Bucket LTP check complete | checked=3 | skipped=0 | bucket_number=1 | total_buckets=3
2025-11-25 15:35:11 | INFO | SL_HIT | 🛑 STOP LOSS HIT | BALKRISIND-EQ | Entry: ₹2287.00 | Exit: ₹2304.80 | SL: ₹2275.55 | PnL: ₹71.20 | symbol=BALKRISIND-EQ | exit_reason=SL_HIT | entry_price=2287.0 | exit_price=2304.8 | sl_price=2275.55 | quantity=4 | pnl=71.2 | pnl_percent=0.78 | charges=33.32 | trade_id=0 | duration_seconds=4625.992496 | duration_minutes=77.1
2025-11-25 15:35:11 | INFO | EXIT_BLOCKED | Cannot exit BALKRISIND-EQ: Pending SELL order already exists for BALKRISIND-EQ (Order ID: 251125000975801)
2025-11-25 15:35:11 | INFO | SL_HIT | 🛑 STOP LOSS HIT | GODREJPROP-EQ | Entry: ₹2087.50 | Exit: ₹2094.00 | SL: ₹2077.05 | PnL: ₹26.00 | symbol=GODREJPROP-EQ | exit_reason=SL_HIT | entry_price=2087.5 | exit_price=2094.0 | sl_price=2077.05 | quantity=4 | pnl=26.0 | pnl_percent=0.31 | charges=32.5 | trade_id=0 | duration_seconds=3727.943539 | duration_minutes=62.1
2025-11-25 15:35:11 | INFO | EXIT_BLOCKED | Cannot exit GODREJPROP-EQ: Pending SELL order already exists for GODREJPROP-EQ (Order ID: 251125001055394)
2025-11-25 15:35:11 | INFO | SL_HIT | 🛑 STOP LOSS HIT | PNBHOUSING-EQ | Entry: ₹885.90 | Exit: ₹881.45 | SL: ₹881.45 | PnL: ₹-48.95 | symbol=PNBHOUSING-EQ | exit_reason=SL_HIT | entry_price=885.9 | exit_price=881.45 | sl_price=881.45 | quantity=11 | pnl=-48.95 | pnl_percent=-0.5 | charges=34.0 | trade_id=0 | duration_seconds=3723.077568 | duration_minutes=62.1
2025-11-25 15:35:11 | INFO | EXIT_BLOCKED | Cannot exit PNBHOUSING-EQ: Pending SELL order already exists for PNBHOUSING-EQ (Order ID: 251125001073992)
2025-11-25 15:35:11 | INFO | MONITOR | Paper trades checked (next in 60s)
2025-11-25 15:35:11 | INFO | MONITOR_SLEEP | Sleeping for 20s (base=20s, consecutive_errors=0, monitoring_suspended=False)
2025-11-25 15:35:31 | INFO | SL_MISSING_DETECTED | SL order missing for BALKRISIND-EQ (retry thread will handle) | symbol=BALKRISIND-EQ | sl_price=2275.55 | retry_count=10
2025-11-25 15:35:31 | INFO | SL_CHECK | Stop-loss hit for BALKRISIND-EQ (last_ltp: 2304.8, sl: 2275.55)
2025-11-25 15:35:31 | INFO | SL_MISSING_DETECTED | SL order missing for GODREJPROP-EQ (retry thread will handle) | symbol=GODREJPROP-EQ | sl_price=2077.05 | retry_count=10
2025-11-25 15:35:31 | INFO | SL_CHECK | Stop-loss hit for GODREJPROP-EQ (last_ltp: 2094.0, sl: 2077.05)
2025-11-25 15:35:31 | INFO | SL_CHECK | Stop-loss hit for PNBHOUSING-EQ (last_ltp: 881.45, sl: 881.45)
2025-11-25 15:35:31 | INFO | BUCKET_LTP_CHECK | Checking bucket 2/3 | symbols=['CHAMBLFERT-EQ', 'BALKRISIND-EQ', 'GODREJPROP-EQ'] | count=3
2025-11-25 15:35:32 | INFO | BUCKET_LTP_RESULT | Bucket LTP check complete | checked=3 | skipped=0 | bucket_number=2 | total_buckets=3
2025-11-25 15:35:32 | INFO | SL_HIT | 🛑 STOP LOSS HIT | BALKRISIND-EQ | Entry: ₹2287.00 | Exit: ₹2304.80 | SL: ₹2275.55 | PnL: ₹71.20 | symbol=BALKRISIND-EQ | exit_reason=SL_HIT | entry_price=2287.0 | exit_price=2304.8 | sl_price=2275.55 | quantity=4 | pnl=71.2 | pnl_percent=0.78 | charges=33.32 | trade_id=0 | duration_seconds=4647.866818 | duration_minutes=77.5
2025-11-25 15:35:32 | INFO | EXIT_BLOCKED | Cannot exit BALKRISIND-EQ: Pending SELL order already exists for BALKRISIND-EQ (Order ID: 251125000975801)
2025-11-25 15:35:33 | INFO | SL_HIT | 🛑 STOP LOSS HIT | GODREJPROP-EQ | Entry: ₹2087.50 | Exit: ₹2094.00 | SL: ₹2077.05 | PnL: ₹26.00 | symbol=GODREJPROP-EQ | exit_reason=SL_HIT | entry_price=2087.5 | exit_price=2094.0 | sl_price=2077.05 | quantity=4 | pnl=26.0 | pnl_percent=0.31 | charges=32.5 | trade_id=0 | duration_seconds=3749.817534 | duration_minutes=62.5
2025-11-25 15:35:33 | INFO | EXIT_BLOCKED | Cannot exit GODREJPROP-EQ: Pending SELL order already exists for GODREJPROP-EQ (Order ID: 251125001055394)
2025-11-25 15:35:33 | INFO | SL_HIT | 🛑 STOP LOSS HIT | PNBHOUSING-EQ | Entry: ₹885.90 | Exit: ₹881.45 | SL: ₹881.45 | PnL: ₹-48.95 | symbol=PNBHOUSING-EQ | exit_reason=SL_HIT | entry_price=885.9 | exit_price=881.45 | sl_price=881.45 | quantity=11 | pnl=-48.95 | pnl_percent=-0.5 | charges=34.0 | trade_id=0 | duration_seconds=3744.950555 | duration_minutes=62.4
2025-11-25 15:35:33 | INFO | EXIT_BLOCKED | Cannot exit PNBHOUSING-EQ: Pending SELL order already exists for PNBHOUSING-EQ (Order ID: 251125001073992)
2025-11-25 15:35:33 | INFO | MONITOR_SLEEP | Sleeping for 20s (base=20s, consecutive_errors=0, monitoring_suspended=False)
2025-11-25 15:35:53 | INFO | SL_MISSING_DETECTED | SL order missing for BALKRISIND-EQ (retry thread will handle) | symbol=BALKRISIND-EQ | sl_price=2275.55 | retry_count=10
2025-11-25 15:35:53 | INFO | SL_CHECK | Stop-loss hit for BALKRISIND-EQ (last_ltp: 2304.8, sl: 2275.55)
2025-11-25 15:35:53 | INFO | SL_MISSING_DETECTED | SL order missing for GODREJPROP-EQ (retry thread will handle) | symbol=GODREJPROP-EQ | sl_price=2077.05 | retry_count=10
2025-11-25 15:35:53 | INFO | SL_CHECK | Stop-loss hit for GODREJPROP-EQ (last_ltp: 2094.0, sl: 2077.05)
2025-11-25 15:35:53 | INFO | SL_CHECK | Stop-loss hit for PNBHOUSING-EQ (last_ltp: 881.45, sl: 881.45)
2025-11-25 15:35:53 | INFO | BUCKET_LTP_CHECK | Checking bucket 0/3 | symbols=['PNBHOUSING-EQ'] | count=1
2025-11-25 15:35:53 | INFO | BUCKET_LTP_RESULT | Bucket LTP check complete | checked=1 | skipped=0 | bucket_number=0 | total_buckets=3
2025-11-25 15:35:54 | INFO | SL_HIT | 🛑 STOP LOSS HIT | BALKRISIND-EQ | Entry: ₹2287.00 | Exit: ₹2304.80 | SL: ₹2275.55 | PnL: ₹71.20 | symbol=BALKRISIND-EQ | exit_reason=SL_HIT | entry_price=2287.0 | exit_price=2304.8 | sl_price=2275.55 | quantity=4 | pnl=71.2 | pnl_percent=0.78 | charges=33.32 | trade_id=0 | duration_seconds=4669.20277 | duration_minutes=77.8
2025-11-25 15:35:54 | INFO | EXIT_BLOCKED | Cannot exit BALKRISIND-EQ: Pending SELL order already exists for BALKRISIND-EQ (Order ID: 251125000975801)
2025-11-25 15:35:54 | INFO | SL_HIT | 🛑 STOP LOSS HIT | GODREJPROP-EQ | Entry: ₹2087.50 | Exit: ₹2094.00 | SL: ₹2077.05 | PnL: ₹26.00 | symbol=GODREJPROP-EQ | exit_reason=SL_HIT | entry_price=2087.5 | exit_price=2094.0 | sl_price=2077.05 | quantity=4 | pnl=26.0 | pnl_percent=0.31 | charges=32.5 | trade_id=0 | duration_seconds=3771.153447 | duration_minutes=62.9
2025-11-25 15:35:54 | INFO | EXIT_BLOCKED | Cannot exit GODREJPROP-EQ: Pending SELL order already exists for GODREJPROP-EQ (Order ID: 251125001055394)
2025-11-25 15:35:54 | INFO | SL_HIT | 🛑 STOP LOSS HIT | PNBHOUSING-EQ | Entry: ₹885.90 | Exit: ₹881.45 | SL: ₹881.45 | PnL: ₹-48.95 | symbol=PNBHOUSING-EQ | exit_reason=SL_HIT | entry_price=885.9 | exit_price=881.45 | sl_price=881.45 | quantity=11 | pnl=-48.95 | pnl_percent=-0.5 | charges=34.0 | trade_id=0 | duration_seconds=3766.286462 | duration_minutes=62.8
2025-11-25 15:35:54 | INFO | EXIT_BLOCKED | Cannot exit PNBHOUSING-EQ: Pending SELL order already exists for PNBHOUSING-EQ (Order ID: 251125001073992)
2025-11-25 15:35:54 | INFO | MONITOR_SLEEP | Sleeping for 20s (base=20s, consecutive_errors=0, monitoring_suspended=False)
2025-11-25 15:36:14 | INFO | SL_MISSING_DETECTED | SL order missing for BALKRISIND-EQ (retry thread will handle) | symbol=BALKRISIND-EQ | sl_price=2275.55 | retry_count=10
2025-11-25 15:36:14 | INFO | SL_CHECK | Stop-loss hit for BALKRISIND-EQ (last_ltp: 2304.8, sl: 2275.55)
2025-11-25 15:36:14 | INFO | SL_MISSING_DETECTED | SL order missing for GODREJPROP-EQ (retry thread will handle) | symbol=GODREJPROP-EQ | sl_price=2077.05 | retry_count=10
2025-11-25 15:36:14 | INFO | SL_CHECK | Stop-loss hit for GODREJPROP-EQ (last_ltp: 2094.0, sl: 2077.05)
2025-11-25 15:36:14 | INFO | SL_CHECK | Stop-loss hit for PNBHOUSING-EQ (last_ltp: 881.45, sl: 881.45)
2025-11-25 15:36:14 | INFO | BUCKET_LTP_CHECK | Checking bucket 1/3 | symbols=['IOC-EQ', 'M&M-EQ', 'UPL-EQ'] | count=3
2025-11-25 15:36:15 | INFO | BUCKET_LTP_RESULT | Bucket LTP check complete | checked=3 | skipped=0 | bucket_number=1 | total_buckets=3
2025-11-25 15:36:16 | INFO | SL_HIT | 🛑 STOP LOSS HIT | BALKRISIND-EQ | Entry: ₹2287.00 | Exit: ₹2304.80 | SL: ₹2275.55 | PnL: ₹71.20 | symbol=BALKRISIND-EQ | exit_reason=SL_HIT | entry_price=2287.0 | exit_price=2304.8 | sl_price=2275.55 | quantity=4 | pnl=71.2 | pnl_percent=0.78 | charges=33.32 | trade_id=0 | duration_seconds=4691.070094 | duration_minutes=78.2
2025-11-25 15:36:16 | INFO | EXIT_BLOCKED | Cannot exit BALKRISIND-EQ: Pending SELL order already exists for BALKRISIND-EQ (Order ID: 251125000975801)
2025-11-25 15:36:16 | INFO | SL_HIT | 🛑 STOP LOSS HIT | GODREJPROP-EQ | Entry: ₹2087.50 | Exit: ₹2094.00 | SL: ₹2077.05 | PnL: ₹26.00 | symbol=GODREJPROP-EQ | exit_reason=SL_HIT | entry_price=2087.5 | exit_price=2094.0 | sl_price=2077.05 | quantity=4 | pnl=26.0 | pnl_percent=0.31 | charges=32.5 | trade_id=0 | duration_seconds=3793.020884 | duration_minutes=63.2
2025-11-25 15:36:16 | INFO | EXIT_BLOCKED | Cannot exit GODREJPROP-EQ: Pending SELL order already exists for GODREJPROP-EQ (Order ID: 251125001055394)
2025-11-25 15:36:16 | INFO | SL_HIT | 🛑 STOP LOSS HIT | PNBHOUSING-EQ | Entry: ₹885.90 | Exit: ₹881.45 | SL: ₹881.45 | PnL: ₹-48.95 | symbol=PNBHOUSING-EQ | exit_reason=SL_HIT | entry_price=885.9 | exit_price=881.45 | sl_price=881.45 | quantity=11 | pnl=-48.95 | pnl_percent=-0.5 | charges=34.0 | trade_id=0 | duration_seconds=3788.154394 | duration_minutes=63.1
2025-11-25 15:36:16 | INFO | EXIT_BLOCKED | Cannot exit PNBHOUSING-EQ: Pending SELL order already exists for PNBHOUSING-EQ (Order ID: 251125001073992)
2025-11-25 15:36:16 | INFO | MONITOR | Paper trades checked (next in 60s)
2025-11-25 15:36:16 | INFO | MONITOR_SLEEP | Sleeping for 20s (base=20s, consecutive_errors=0, monitoring_suspended=False)
2025-11-25 15:36:36 | INFO | SL_MISSING_DETECTED | SL order missing for BALKRISIND-EQ (retry thread will handle) | symbol=BALKRISIND-EQ | sl_price=2275.55 | retry_count=10
2025-11-25 15:36:36 | INFO | SL_CHECK | Stop-loss hit for BALKRISIND-EQ (last_ltp: 2304.8, sl: 2275.55)
2025-11-25 15:36:36 | INFO | SL_MISSING_DETECTED | SL order missing for GODREJPROP-EQ (retry thread will handle) | symbol=GODREJPROP-EQ | sl_price=2077.05 | retry_count=10
2025-11-25 15:36:36 | INFO | SL_CHECK | Stop-loss hit for GODREJPROP-EQ (last_ltp: 2094.0, sl: 2077.05)
2025-11-25 15:36:36 | INFO | SL_CHECK | Stop-loss hit for PNBHOUSING-EQ (last_ltp: 881.45, sl: 881.45)
2025-11-25 15:36:36 | INFO | BUCKET_LTP_CHECK | Checking bucket 2/3 | symbols=['CHAMBLFERT-EQ', 'BALKRISIND-EQ', 'GODREJPROP-EQ'] | count=3
2025-11-25 15:36:37 | INFO | BUCKET_LTP_RESULT | Bucket LTP check complete | checked=3 | skipped=0 | bucket_number=2 | total_buckets=3
2025-11-25 15:36:38 | INFO | SL_HIT | 🛑 STOP LOSS HIT | BALKRISIND-EQ | Entry: ₹2287.00 | Exit: ₹2304.80 | SL: ₹2275.55 | PnL: ₹71.20 | symbol=BALKRISIND-EQ | exit_reason=SL_HIT | entry_price=2287.0 | exit_price=2304.8 | sl_price=2275.55 | quantity=4 | pnl=71.2 | pnl_percent=0.78 | charges=33.32 | trade_id=0 | duration_seconds=4712.927033 | duration_minutes=78.5
2025-11-25 15:36:38 | INFO | EXIT_BLOCKED | Cannot exit BALKRISIND-EQ: Pending SELL order already exists for BALKRISIND-EQ (Order ID: 251125000975801)
2025-11-25 15:36:38 | INFO | SL_HIT | 🛑 STOP LOSS HIT | GODREJPROP-EQ | Entry: ₹2087.50 | Exit: ₹2094.00 | SL: ₹2077.05 | PnL: ₹26.00 | symbol=GODREJPROP-EQ | exit_reason=SL_HIT | entry_price=2087.5 | exit_price=2094.0 | sl_price=2077.05 | quantity=4 | pnl=26.0 | pnl_percent=0.31 | charges=32.5 | trade_id=0 | duration_seconds=3814.878785 | duration_minutes=63.6
2025-11-25 15:36:38 | INFO | EXIT_BLOCKED | Cannot exit GODREJPROP-EQ: Pending SELL order already exists for GODREJPROP-EQ (Order ID: 251125001055394)
2025-11-25 15:36:38 | INFO | SL_HIT | 🛑 STOP LOSS HIT | PNBHOUSING-EQ | Entry: ₹885.90 | Exit: ₹881.45 | SL: ₹881.45 | PnL: ₹-48.95 | symbol=PNBHOUSING-EQ | exit_reason=SL_HIT | entry_price=885.9 | exit_price=881.45 | sl_price=881.45 | quantity=11 | pnl=-48.95 | pnl_percent=-0.5 | charges=34.0 | trade_id=0 | duration_seconds=3810.011868 | duration_minutes=63.5
2025-11-25 15:36:38 | INFO | EXIT_BLOCKED | Cannot exit PNBHOUSING-EQ: Pending SELL order already exists for PNBHOUSING-EQ (Order ID: 251125001073992)
2025-11-25 15:36:38 | INFO | MONITOR_SLEEP | Sleeping for 20s (base=20s, consecutive_errors=0, monitoring_suspended=False)
2025-11-25 15:36:58 | INFO | SL_MISSING_DETECTED | SL order missing for BALKRISIND-EQ (retry thread will handle) | symbol=BALKRISIND-EQ | sl_price=2275.55 | retry_count=10
2025-11-25 15:36:58 | INFO | SL_CHECK | Stop-loss hit for BALKRISIND-EQ (last_ltp: 2304.8, sl: 2275.55)
2025-11-25 15:36:58 | INFO | SL_MISSING_DETECTED | SL order missing for GODREJPROP-EQ (retry thread will handle) | symbol=GODREJPROP-EQ | sl_price=2077.05 | retry_count=10
2025-11-25 15:36:58 | INFO | SL_CHECK | Stop-loss hit for GODREJPROP-EQ (last_ltp: 2094.0, sl: 2077.05)
2025-11-25 15:36:58 | INFO | SL_CHECK | Stop-loss hit for PNBHOUSING-EQ (last_ltp: 881.45, sl: 881.45)
2025-11-25 15:36:58 | INFO | BUCKET_LTP_CHECK | Checking bucket 0/3 | symbols=['PNBHOUSING-EQ'] | count=1
2025-11-25 15:36:58 | INFO | BUCKET_LTP_RESULT | Bucket LTP check complete | checked=1 | skipped=0 | bucket_number=0 | total_buckets=3
2025-11-25 15:36:59 | INFO | SL_HIT | 🛑 STOP LOSS HIT | BALKRISIND-EQ | Entry: ₹2287.00 | Exit: ₹2304.80 | SL: ₹2275.55 | PnL: ₹71.20 | symbol=BALKRISIND-EQ | exit_reason=SL_HIT | entry_price=2287.0 | exit_price=2304.8 | sl_price=2275.55 | quantity=4 | pnl=71.2 | pnl_percent=0.78 | charges=33.32 | trade_id=0 | duration_seconds=4734.26615 | duration_minutes=78.9
2025-11-25 15:36:59 | INFO | EXIT_BLOCKED | Cannot exit BALKRISIND-EQ: Pending SELL order already exists for BALKRISIND-EQ (Order ID: 251125000975801)
2025-11-25 15:36:59 | INFO | SL_HIT | 🛑 STOP LOSS HIT | GODREJPROP-EQ | Entry: ₹2087.50 | Exit: ₹2094.00 | SL: ₹2077.05 | PnL: ₹26.00 | symbol=GODREJPROP-EQ | exit_reason=SL_HIT | entry_price=2087.5 | exit_price=2094.0 | sl_price=2077.05 | quantity=4 | pnl=26.0 | pnl_percent=0.31 | charges=32.5 | trade_id=0 | duration_seconds=3836.218073 | duration_minutes=63.9
2025-11-25 15:36:59 | INFO | EXIT_BLOCKED | Cannot exit GODREJPROP-EQ: Pending SELL order already exists for GODREJPROP-EQ (Order ID: 251125001055394)
2025-11-25 15:36:59 | INFO | SL_HIT | 🛑 STOP LOSS HIT | PNBHOUSING-EQ | Entry: ₹885.90 | Exit: ₹881.45 | SL: ₹881.45 | PnL: ₹-48.95 | symbol=PNBHOUSING-EQ | exit_reason=SL_HIT | entry_price=885.9 | exit_price=881.45 | sl_price=881.45 | quantity=11 | pnl=-48.95 | pnl_percent=-0.5 | charges=34.0 | trade_id=0 | duration_seconds=3831.351105 | duration_minutes=63.9
2025-11-25 15:36:59 | INFO | EXIT_BLOCKED | Cannot exit PNBHOUSING-EQ: Pending SELL order already exists for PNBHOUSING-EQ (Order ID: 251125001073992)
2025-11-25 15:36:59 | INFO | MONITOR_SLEEP | Sleeping for 20s (base=20s, consecutive_errors=0, monitoring_suspended=False)
2025-11-25 15:37:19 | INFO | SL_MISSING_DETECTED | SL order missing for BALKRISIND-EQ (retry thread will handle) | symbol=BALKRISIND-EQ | sl_price=2275.55 | retry_count=10
2025-11-25 15:37:19 | INFO | SL_CHECK | Stop-loss hit for BALKRISIND-EQ (last_ltp: 2304.8, sl: 2275.55)
2025-11-25 15:37:19 | INFO | SL_MISSING_DETECTED | SL order missing for GODREJPROP-EQ (retry thread will handle) | symbol=GODREJPROP-EQ | sl_price=2077.05 | retry_count=10
2025-11-25 15:37:19 | INFO | SL_CHECK | Stop-loss hit for GODREJPROP-EQ (last_ltp: 2094.0, sl: 2077.05)
2025-11-25 15:37:19 | INFO | SL_CHECK | Stop-loss hit for PNBHOUSING-EQ (last_ltp: 881.45, sl: 881.45)
2025-11-25 15:37:19 | INFO | BUCKET_LTP_CHECK | Checking bucket 1/3 | symbols=['IOC-EQ', 'M&M-EQ', 'UPL-EQ'] | count=3
2025-11-25 15:37:20 | INFO | BUCKET_LTP_RESULT | Bucket LTP check complete | checked=3 | skipped=0 | bucket_number=1 | total_buckets=3
2025-11-25 15:37:21 | INFO | SL_HIT | 🛑 STOP LOSS HIT | BALKRISIND-EQ | Entry: ₹2287.00 | Exit: ₹2304.80 | SL: ₹2275.55 | PnL: ₹71.20 | symbol=BALKRISIND-EQ | exit_reason=SL_HIT | entry_price=2287.0 | exit_price=2304.8 | sl_price=2275.55 | quantity=4 | pnl=71.2 | pnl_percent=0.78 | charges=33.32 | trade_id=0 | duration_seconds=4756.133907 | duration_minutes=79.3
2025-11-25 15:37:21 | INFO | EXIT_BLOCKED | Cannot exit BALKRISIND-EQ: Pending SELL order already exists for BALKRISIND-EQ (Order ID: 251125000975801)
2025-11-25 15:37:21 | INFO | SL_HIT | 🛑 STOP LOSS HIT | GODREJPROP-EQ | Entry: ₹2087.50 | Exit: ₹2094.00 | SL: ₹2077.05 | PnL: ₹26.00 | symbol=GODREJPROP-EQ | exit_reason=SL_HIT | entry_price=2087.5 | exit_price=2094.0 | sl_price=2077.05 | quantity=4 | pnl=26.0 | pnl_percent=0.31 | charges=32.5 | trade_id=0 | duration_seconds=3858.086546 | duration_minutes=64.3
2025-11-25 15:37:21 | INFO | EXIT_BLOCKED | Cannot exit GODREJPROP-EQ: Pending SELL order already exists for GODREJPROP-EQ (Order ID: 251125001055394)
2025-11-25 15:37:21 | INFO | SL_HIT | 🛑 STOP LOSS HIT | PNBHOUSING-EQ | Entry: ₹885.90 | Exit: ₹881.45 | SL: ₹881.45 | PnL: ₹-48.95 | symbol=PNBHOUSING-EQ | exit_reason=SL_HIT | entry_price=885.9 | exit_price=881.45 | sl_price=881.45 | quantity=11 | pnl=-48.95 | pnl_percent=-0.5 | charges=34.0 | trade_id=0 | duration_seconds=3853.219689 | duration_minutes=64.2
2025-11-25 15:37:21 | INFO | EXIT_BLOCKED | Cannot exit PNBHOUSING-EQ: Pending SELL order already exists for PNBHOUSING-EQ (Order ID: 251125001073992)
2025-11-25 15:37:21 | INFO | MONITOR | Paper trades checked (next in 60s)
2025-11-25 15:37:21 | INFO | MONITOR_SLEEP | Sleeping for 20s (base=20s, consecutive_errors=0, monitoring_suspended=False)
2025-11-25 15:37:41 | INFO | SL_MISSING_DETECTED | SL order missing for BALKRISIND-EQ (retry thread will handle) | symbol=BALKRISIND-EQ | sl_price=2275.55 | retry_count=10
2025-11-25 15:37:41 | INFO | SL_CHECK | Stop-loss hit for BALKRISIND-EQ (last_ltp: 2304.8, sl: 2275.55)
2025-11-25 15:37:41 | INFO | SL_MISSING_DETECTED | SL order missing for GODREJPROP-EQ (retry thread will handle) | symbol=GODREJPROP-EQ | sl_price=2077.05 | retry_count=10
2025-11-25 15:37:41 | INFO | SL_CHECK | Stop-loss hit for GODREJPROP-EQ (last_ltp: 2094.0, sl: 2077.05)
2025-11-25 15:37:41 | INFO | SL_CHECK | Stop-loss hit for PNBHOUSING-EQ (last_ltp: 881.45, sl: 881.45)
2025-11-25 15:37:41 | INFO | BUCKET_LTP_CHECK | Checking bucket 2/3 | symbols=['CHAMBLFERT-EQ', 'BALKRISIND-EQ', 'GODREJPROP-EQ'] | count=3
2025-11-25 15:37:42 | INFO | BUCKET_LTP_RESULT | Bucket LTP check complete | checked=3 | skipped=0 | bucket_number=2 | total_buckets=3
2025-11-25 15:37:43 | INFO | SL_HIT | 🛑 STOP LOSS HIT | BALKRISIND-EQ | Entry: ₹2287.00 | Exit: ₹2304.80 | SL: ₹2275.55 | PnL: ₹71.20 | symbol=BALKRISIND-EQ | exit_reason=SL_HIT | entry_price=2287.0 | exit_price=2304.8 | sl_price=2275.55 | quantity=4 | pnl=71.2 | pnl_percent=0.78 | charges=33.32 | trade_id=0 | duration_seconds=4778.048442 | duration_minutes=79.6
2025-11-25 15:37:43 | INFO | EXIT_BLOCKED | Cannot exit BALKRISIND-EQ: Pending SELL order already exists for BALKRISIND-EQ (Order ID: 251125000975801)
2025-11-25 15:37:43 | INFO | SL_HIT | 🛑 STOP LOSS HIT | GODREJPROP-EQ | Entry: ₹2087.50 | Exit: ₹2094.00 | SL: ₹2077.05 | PnL: ₹26.00 | symbol=GODREJPROP-EQ | exit_reason=SL_HIT | entry_price=2087.5 | exit_price=2094.0 | sl_price=2077.05 | quantity=4 | pnl=26.0 | pnl_percent=0.31 | charges=32.5 | trade_id=0 | duration_seconds=3879.999769 | duration_minutes=64.7
2025-11-25 15:37:43 | INFO | EXIT_BLOCKED | Cannot exit GODREJPROP-EQ: Pending SELL order already exists for GODREJPROP-EQ (Order ID: 251125001055394)
2025-11-25 15:37:43 | INFO | SL_HIT | 🛑 STOP LOSS HIT | PNBHOUSING-EQ | Entry: ₹885.90 | Exit: ₹881.45 | SL: ₹881.45 | PnL: ₹-48.95 | symbol=PNBHOUSING-EQ | exit_reason=SL_HIT | entry_price=885.9 | exit_price=881.45 | sl_price=881.45 | quantity=11 | pnl=-48.95 | pnl_percent=-0.5 | charges=34.0 | trade_id=0 | duration_seconds=3875.134175 | duration_minutes=64.6
2025-11-25 15:37:43 | INFO | EXIT_BLOCKED | Cannot exit PNBHOUSING-EQ: Pending SELL order already exists for PNBHOUSING-EQ (Order ID: 251125001073992)
2025-11-25 15:37:43 | INFO | MONITOR_SLEEP | Sleeping for 20s (base=20s, consecutive_errors=0, monitoring_suspended=False)
2025-11-25 15:38:03 | INFO | SL_MISSING_DETECTED | SL order missing for BALKRISIND-EQ (retry thread will handle) | symbol=BALKRISIND-EQ | sl_price=2275.55 | retry_count=10
2025-11-25 15:38:03 | INFO | SL_CHECK | Stop-loss hit for BALKRISIND-EQ (last_ltp: 2304.8, sl: 2275.55)
2025-11-25 15:38:03 | INFO | SL_MISSING_DETECTED | SL order missing for GODREJPROP-EQ (retry thread will handle) | symbol=GODREJPROP-EQ | sl_price=2077.05 | retry_count=10
2025-11-25 15:38:03 | INFO | SL_CHECK | Stop-loss hit for GODREJPROP-EQ (last_ltp: 2094.0, sl: 2077.05)
2025-11-25 15:38:03 | INFO | SL_CHECK | Stop-loss hit for PNBHOUSING-EQ (last_ltp: 881.45, sl: 881.45)
2025-11-25 15:38:03 | INFO | BUCKET_LTP_CHECK | Checking bucket 0/3 | symbols=['PNBHOUSING-EQ'] | count=1
2025-11-25 15:38:03 | INFO | BUCKET_LTP_RESULT | Bucket LTP check complete | checked=1 | skipped=0 | bucket_number=0 | total_buckets=3
2025-11-25 15:38:04 | INFO | SL_HIT | 🛑 STOP LOSS HIT | BALKRISIND-EQ | Entry: ₹2287.00 | Exit: ₹2304.80 | SL: ₹2275.55 | PnL: ₹71.20 | symbol=BALKRISIND-EQ | exit_reason=SL_HIT | entry_price=2287.0 | exit_price=2304.8 | sl_price=2275.55 | quantity=4 | pnl=71.2 | pnl_percent=0.78 | charges=33.32 | trade_id=0 | duration_seconds=4799.398225 | duration_minutes=80.0
2025-11-25 15:38:04 | INFO | EXIT_BLOCKED | Cannot exit BALKRISIND-EQ: Pending SELL order already exists for BALKRISIND-EQ (Order ID: 251125000975801)
2025-11-25 15:38:04 | INFO | SL_HIT | 🛑 STOP LOSS HIT | GODREJPROP-EQ | Entry: ₹2087.50 | Exit: ₹2094.00 | SL: ₹2077.05 | PnL: ₹26.00 | symbol=GODREJPROP-EQ | exit_reason=SL_HIT | entry_price=2087.5 | exit_price=2094.0 | sl_price=2077.05 | quantity=4 | pnl=26.0 | pnl_percent=0.31 | charges=32.5 | trade_id=0 | duration_seconds=3901.350633 | duration_minutes=65.0
2025-11-25 15:38:04 | INFO | EXIT_BLOCKED | Cannot exit GODREJPROP-EQ: Pending SELL order already exists for GODREJPROP-EQ (Order ID: 251125001055394)
2025-11-25 15:38:04 | INFO | SL_HIT | 🛑 STOP LOSS HIT | PNBHOUSING-EQ | Entry: ₹885.90 | Exit: ₹881.45 | SL: ₹881.45 | PnL: ₹-48.95 | symbol=PNBHOUSING-EQ | exit_reason=SL_HIT | entry_price=885.9 | exit_price=881.45 | sl_price=881.45 | quantity=11 | pnl=-48.95 | pnl_percent=-0.5 | charges=34.0 | trade_id=0 | duration_seconds=3896.484738 | duration_minutes=64.9
2025-11-25 15:38:04 | INFO | EXIT_BLOCKED | Cannot exit PNBHOUSING-EQ: Pending SELL order already exists for PNBHOUSING-EQ (Order ID: 251125001073992)
2025-11-25 15:38:04 | INFO | MONITOR_SLEEP | Sleeping for 20s (base=20s, consecutive_errors=0, monitoring_suspended=False)
2025-11-25 15:38:24 | INFO | SL_MISSING_DETECTED | SL order missing for BALKRISIND-EQ (retry thread will handle) | symbol=BALKRISIND-EQ | sl_price=2275.55 | retry_count=10
2025-11-25 15:38:24 | INFO | SL_CHECK | Stop-loss hit for BALKRISIND-EQ (last_ltp: 2304.8, sl: 2275.55)
2025-11-25 15:38:24 | INFO | SL_MISSING_DETECTED | SL order missing for GODREJPROP-EQ (retry thread will handle) | symbol=GODREJPROP-EQ | sl_price=2077.05 | retry_count=10
2025-11-25 15:38:24 | INFO | SL_CHECK | Stop-loss hit for GODREJPROP-EQ (last_ltp: 2094.0, sl: 2077.05)
2025-11-25 15:38:24 | INFO | SL_CHECK | Stop-loss hit for PNBHOUSING-EQ (last_ltp: 881.45, sl: 881.45)
2025-11-25 15:38:24 | INFO | BUCKET_LTP_CHECK | Checking bucket 1/3 | symbols=['IOC-EQ', 'M&M-EQ', 'UPL-EQ'] | count=3
2025-11-25 15:38:25 | INFO | BUCKET_LTP_RESULT | Bucket LTP check complete | checked=3 | skipped=0 | bucket_number=1 | total_buckets=3
2025-11-25 15:38:26 | INFO | SL_HIT | 🛑 STOP LOSS HIT | BALKRISIND-EQ | Entry: ₹2287.00 | Exit: ₹2304.80 | SL: ₹2275.55 | PnL: ₹71.20 | symbol=BALKRISIND-EQ | exit_reason=SL_HIT | entry_price=2287.0 | exit_price=2304.8 | sl_price=2275.55 | quantity=4 | pnl=71.2 | pnl_percent=0.78 | charges=33.32 | trade_id=0 | duration_seconds=4821.260388 | duration_minutes=80.4
2025-11-25 15:38:26 | INFO | EXIT_BLOCKED | Cannot exit BALKRISIND-EQ: Pending SELL order already exists for BALKRISIND-EQ (Order ID: 251125000975801)
2025-11-25 15:38:26 | INFO | SL_HIT | 🛑 STOP LOSS HIT | GODREJPROP-EQ | Entry: ₹2087.50 | Exit: ₹2094.00 | SL: ₹2077.05 | PnL: ₹26.00 | symbol=GODREJPROP-EQ | exit_reason=SL_HIT | entry_price=2087.5 | exit_price=2094.0 | sl_price=2077.05 | quantity=4 | pnl=26.0 | pnl_percent=0.31 | charges=32.5 | trade_id=0 | duration_seconds=3923.211194 | duration_minutes=65.4
2025-11-25 15:38:26 | INFO | EXIT_BLOCKED | Cannot exit GODREJPROP-EQ: Pending SELL order already exists for GODREJPROP-EQ (Order ID: 251125001055394)
2025-11-25 15:38:26 | INFO | SL_HIT | 🛑 STOP LOSS HIT | PNBHOUSING-EQ | Entry: ₹885.90 | Exit: ₹881.45 | SL: ₹881.45 | PnL: ₹-48.95 | symbol=PNBHOUSING-EQ | exit_reason=SL_HIT | entry_price=885.9 | exit_price=881.45 | sl_price=881.45 | quantity=11 | pnl=-48.95 | pnl_percent=-0.5 | charges=34.0 | trade_id=0 | duration_seconds=3918.344466 | duration_minutes=65.3
2025-11-25 15:38:26 | INFO | EXIT_BLOCKED | Cannot exit PNBHOUSING-EQ: Pending SELL order already exists for PNBHOUSING-EQ (Order ID: 251125001073992)
2025-11-25 15:38:26 | INFO | MONITOR | Paper trades checked (next in 60s)
2025-11-25 15:38:26 | INFO | MONITOR_SLEEP | Sleeping for 20s (base=20s, consecutive_errors=0, monitoring_suspended=False)
2025-11-25 15:38:46 | INFO | SL_MISSING_DETECTED | SL order missing for BALKRISIND-EQ (retry thread will handle) | symbol=BALKRISIND-EQ | sl_price=2275.55 | retry_count=10
2025-11-25 15:38:46 | INFO | SL_CHECK | Stop-loss hit for BALKRISIND-EQ (last_ltp: 2304.8, sl: 2275.55)
2025-11-25 15:38:46 | INFO | SL_MISSING_DETECTED | SL order missing for GODREJPROP-EQ (retry thread will handle) | symbol=GODREJPROP-EQ | sl_price=2077.05 | retry_count=10
2025-11-25 15:38:46 | INFO | SL_CHECK | Stop-loss hit for GODREJPROP-EQ (last_ltp: 2094.0, sl: 2077.05)
2025-11-25 15:38:46 | INFO | SL_CHECK | Stop-loss hit for PNBHOUSING-EQ (last_ltp: 881.45, sl: 881.45)
2025-11-25 15:38:46 | INFO | BUCKET_LTP_CHECK | Checking bucket 2/3 | symbols=['CHAMBLFERT-EQ', 'BALKRISIND-EQ', 'GODREJPROP-EQ'] | count=3
2025-11-25 15:38:47 | INFO | BUCKET_LTP_RESULT | Bucket LTP check complete | checked=3 | skipped=0 | bucket_number=2 | total_buckets=3
2025-11-25 15:38:48 | INFO | SL_HIT | 🛑 STOP LOSS HIT | BALKRISIND-EQ | Entry: ₹2287.00 | Exit: ₹2304.80 | SL: ₹2275.55 | PnL: ₹71.20 | symbol=BALKRISIND-EQ | exit_reason=SL_HIT | entry_price=2287.0 | exit_price=2304.8 | sl_price=2275.55 | quantity=4 | pnl=71.2 | pnl_percent=0.78 | charges=33.32 | trade_id=0 | duration_seconds=4843.182756 | duration_minutes=80.7
2025-11-25 15:38:48 | INFO | EXIT_BLOCKED | Cannot exit BALKRISIND-EQ: Pending SELL order already exists for BALKRISIND-EQ (Order ID: 251125000975801)
2025-11-25 15:38:48 | INFO | SL_HIT | 🛑 STOP LOSS HIT | GODREJPROP-EQ | Entry: ₹2087.50 | Exit: ₹2094.00 | SL: ₹2077.05 | PnL: ₹26.00 | symbol=GODREJPROP-EQ | exit_reason=SL_HIT | entry_price=2087.5 | exit_price=2094.0 | sl_price=2077.05 | quantity=4 | pnl=26.0 | pnl_percent=0.31 | charges=32.5 | trade_id=0 | duration_seconds=3945.133427 | duration_minutes=65.8
2025-11-25 15:38:48 | INFO | EXIT_BLOCKED | Cannot exit GODREJPROP-EQ: Pending SELL order already exists for GODREJPROP-EQ (Order ID: 251125001055394)
2025-11-25 15:38:48 | INFO | SL_HIT | 🛑 STOP LOSS HIT | PNBHOUSING-EQ | Entry: ₹885.90 | Exit: ₹881.45 | SL: ₹881.45 | PnL: ₹-48.95 | symbol=PNBHOUSING-EQ | exit_reason=SL_HIT | entry_price=885.9 | exit_price=881.45 | sl_price=881.45 | quantity=11 | pnl=-48.95 | pnl_percent=-0.5 | charges=34.0 | trade_id=0 | duration_seconds=3940.266446 | duration_minutes=65.7
2025-11-25 15:38:48 | INFO | EXIT_BLOCKED | Cannot exit PNBHOUSING-EQ: Pending SELL order already exists for PNBHOUSING-EQ (Order ID: 251125001073992)
2025-11-25 15:38:48 | INFO | MONITOR_SLEEP | Sleeping for 20s (base=20s, consecutive_errors=0, monitoring_suspended=False)
2025-11-25 15:39:08 | INFO | SL_MISSING_DETECTED | SL order missing for BALKRISIND-EQ (retry thread will handle) | symbol=BALKRISIND-EQ | sl_price=2275.55 | retry_count=10
2025-11-25 15:39:08 | INFO | SL_CHECK | Stop-loss hit for BALKRISIND-EQ (last_ltp: 2304.8, sl: 2275.55)
2025-11-25 15:39:08 | INFO | SL_MISSING_DETECTED | SL order missing for GODREJPROP-EQ (retry thread will handle) | symbol=GODREJPROP-EQ | sl_price=2077.05 | retry_count=10
2025-11-25 15:39:08 | INFO | SL_CHECK | Stop-loss hit for GODREJPROP-EQ (last_ltp: 2094.0, sl: 2077.05)
2025-11-25 15:39:08 | INFO | SL_CHECK | Stop-loss hit for PNBHOUSING-EQ (last_ltp: 881.45, sl: 881.45)
2025-11-25 15:39:08 | INFO | BUCKET_LTP_CHECK | Checking bucket 0/3 | symbols=['PNBHOUSING-EQ'] | count=1
2025-11-25 15:39:08 | INFO | BUCKET_LTP_RESULT | Bucket LTP check complete | checked=1 | skipped=0 | bucket_number=0 | total_buckets=3
2025-11-25 15:39:09 | INFO | SL_HIT | 🛑 STOP LOSS HIT | BALKRISIND-EQ | Entry: ₹2287.00 | Exit: ₹2304.80 | SL: ₹2275.55 | PnL: ₹71.20 | symbol=BALKRISIND-EQ | exit_reason=SL_HIT | entry_price=2287.0 | exit_price=2304.8 | sl_price=2275.55 | quantity=4 | pnl=71.2 | pnl_percent=0.78 | charges=33.32 | trade_id=0 | duration_seconds=4864.541591 | duration_minutes=81.1
2025-11-25 15:39:09 | INFO | EXIT_BLOCKED | Cannot exit BALKRISIND-EQ: Pending SELL order already exists for BALKRISIND-EQ (Order ID: 251125000975801)
2025-11-25 15:39:09 | INFO | SL_HIT | 🛑 STOP LOSS HIT | GODREJPROP-EQ | Entry: ₹2087.50 | Exit: ₹2094.00 | SL: ₹2077.05 | PnL: ₹26.00 | symbol=GODREJPROP-EQ | exit_reason=SL_HIT | entry_price=2087.5 | exit_price=2094.0 | sl_price=2077.05 | quantity=4 | pnl=26.0 | pnl_percent=0.31 | charges=32.5 | trade_id=0 | duration_seconds=3966.492826 | duration_minutes=66.1
2025-11-25 15:39:09 | INFO | EXIT_BLOCKED | Cannot exit GODREJPROP-EQ: Pending SELL order already exists for GODREJPROP-EQ (Order ID: 251125001055394)
2025-11-25 15:39:10 | INFO | SL_HIT | 🛑 STOP LOSS HIT | PNBHOUSING-EQ | Entry: ₹885.90 | Exit: ₹881.45 | SL: ₹881.45 | PnL: ₹-48.95 | symbol=PNBHOUSING-EQ | exit_reason=SL_HIT | entry_price=885.9 | exit_price=881.45 | sl_price=881.45 | quantity=11 | pnl=-48.95 | pnl_percent=-0.5 | charges=34.0 | trade_id=0 | duration_seconds=3961.627211 | duration_minutes=66.0
2025-11-25 15:39:10 | INFO | EXIT_BLOCKED | Cannot exit PNBHOUSING-EQ: Pending SELL order already exists for PNBHOUSING-EQ (Order ID: 251125001073992)
2025-11-25 15:39:10 | INFO | MONITOR_SLEEP | Sleeping for 20s (base=20s, consecutive_errors=0, monitoring_suspended=False)
2025-11-25 15:39:30 | INFO | SL_MISSING_DETECTED | SL order missing for BALKRISIND-EQ (retry thread will handle) | symbol=BALKRISIND-EQ | sl_price=2275.55 | retry_count=10
2025-11-25 15:39:30 | INFO | SL_CHECK | Stop-loss hit for BALKRISIND-EQ (last_ltp: 2304.8, sl: 2275.55)
2025-11-25 15:39:30 | INFO | SL_MISSING_DETECTED | SL order missing for GODREJPROP-EQ (retry thread will handle) | symbol=GODREJPROP-EQ | sl_price=2077.05 | retry_count=10
2025-11-25 15:39:30 | INFO | SL_CHECK | Stop-loss hit for GODREJPROP-EQ (last_ltp: 2094.0, sl: 2077.05)
2025-11-25 15:39:30 | INFO | SL_CHECK | Stop-loss hit for PNBHOUSING-EQ (last_ltp: 881.45, sl: 881.45)
2025-11-25 15:39:30 | INFO | BUCKET_LTP_CHECK | Checking bucket 1/3 | symbols=['IOC-EQ', 'M&M-EQ', 'UPL-EQ'] | count=3
2025-11-25 15:39:30 | INFO | BUCKET_LTP_RESULT | Bucket LTP check complete | checked=3 | skipped=0 | bucket_number=1 | total_buckets=3
2025-11-25 15:39:31 | INFO | SL_HIT | 🛑 STOP LOSS HIT | BALKRISIND-EQ | Entry: ₹2287.00 | Exit: ₹2304.80 | SL: ₹2275.55 | PnL: ₹71.20 | symbol=BALKRISIND-EQ | exit_reason=SL_HIT | entry_price=2287.0 | exit_price=2304.8 | sl_price=2275.55 | quantity=4 | pnl=71.2 | pnl_percent=0.78 | charges=33.32 | trade_id=0 | duration_seconds=4886.405773 | duration_minutes=81.4
2025-11-25 15:39:31 | INFO | EXIT_BLOCKED | Cannot exit BALKRISIND-EQ: Pending SELL order already exists for BALKRISIND-EQ (Order ID: 251125000975801)
2025-11-25 15:39:31 | INFO | SL_HIT | 🛑 STOP LOSS HIT | GODREJPROP-EQ | Entry: ₹2087.50 | Exit: ₹2094.00 | SL: ₹2077.05 | PnL: ₹26.00 | symbol=GODREJPROP-EQ | exit_reason=SL_HIT | entry_price=2087.5 | exit_price=2094.0 | sl_price=2077.05 | quantity=4 | pnl=26.0 | pnl_percent=0.31 | charges=32.5 | trade_id=0 | duration_seconds=3988.356776 | duration_minutes=66.5
2025-11-25 15:39:31 | INFO | EXIT_BLOCKED | Cannot exit GODREJPROP-EQ: Pending SELL order already exists for GODREJPROP-EQ (Order ID: 251125001055394)
2025-11-25 15:39:31 | INFO | SL_HIT | 🛑 STOP LOSS HIT | PNBHOUSING-EQ | Entry: ₹885.90 | Exit: ₹881.45 | SL: ₹881.45 | PnL: ₹-48.95 | symbol=PNBHOUSING-EQ | exit_reason=SL_HIT | entry_price=885.9 | exit_price=881.45 | sl_price=881.45 | quantity=11 | pnl=-48.95 | pnl_percent=-0.5 | charges=34.0 | trade_id=0 | duration_seconds=3983.491051 | duration_minutes=66.4
2025-11-25 15:39:31 | INFO | EXIT_BLOCKED | Cannot exit PNBHOUSING-EQ: Pending SELL order already exists for PNBHOUSING-EQ (Order ID: 251125001073992)
2025-11-25 15:39:31 | INFO | MONITOR | Paper trades checked (next in 60s)
2025-11-25 15:39:31 | INFO | MONITOR_SLEEP | Sleeping for 20s (base=20s, consecutive_errors=0, monitoring_suspended=False)
2025-11-25 15:39:51 | INFO | SL_MISSING_DETECTED | SL order missing for BALKRISIND-EQ (retry thread will handle) | symbol=BALKRISIND-EQ | sl_price=2275.55 | retry_count=10
2025-11-25 15:39:51 | INFO | SL_CHECK | Stop-loss hit for BALKRISIND-EQ (last_ltp: 2304.8, sl: 2275.55)
2025-11-25 15:39:51 | INFO | SL_MISSING_DETECTED | SL order missing for GODREJPROP-EQ (retry thread will handle) | symbol=GODREJPROP-EQ | sl_price=2077.05 | retry_count=10
2025-11-25 15:39:51 | INFO | SL_CHECK | Stop-loss hit for GODREJPROP-EQ (last_ltp: 2094.0, sl: 2077.05)
2025-11-25 15:39:51 | INFO | SL_CHECK | Stop-loss hit for PNBHOUSING-EQ (last_ltp: 881.45, sl: 881.45)
2025-11-25 15:39:51 | INFO | BUCKET_LTP_CHECK | Checking bucket 2/3 | symbols=['CHAMBLFERT-EQ', 'BALKRISIND-EQ', 'GODREJPROP-EQ'] | count=3
2025-11-25 15:39:52 | INFO | BUCKET_LTP_RESULT | Bucket LTP check complete | checked=3 | skipped=0 | bucket_number=2 | total_buckets=3
2025-11-25 15:39:53 | INFO | SL_HIT | 🛑 STOP LOSS HIT | BALKRISIND-EQ | Entry: ₹2287.00 | Exit: ₹2304.80 | SL: ₹2275.55 | PnL: ₹71.20 | symbol=BALKRISIND-EQ | exit_reason=SL_HIT | entry_price=2287.0 | exit_price=2304.8 | sl_price=2275.55 | quantity=4 | pnl=71.2 | pnl_percent=0.78 | charges=33.32 | trade_id=0 | duration_seconds=4908.269717 | duration_minutes=81.8
2025-11-25 15:39:53 | INFO | EXIT_BLOCKED | Cannot exit BALKRISIND-EQ: Pending SELL order already exists for BALKRISIND-EQ (Order ID: 251125000975801)
2025-11-25 15:39:53 | INFO | SL_HIT | 🛑 STOP LOSS HIT | GODREJPROP-EQ | Entry: ₹2087.50 | Exit: ₹2094.00 | SL: ₹2077.05 | PnL: ₹26.00 | symbol=GODREJPROP-EQ | exit_reason=SL_HIT | entry_price=2087.5 | exit_price=2094.0 | sl_price=2077.05 | quantity=4 | pnl=26.0 | pnl_percent=0.31 | charges=32.5 | trade_id=0 | duration_seconds=4010.22145 | duration_minutes=66.8
2025-11-25 15:39:53 | INFO | EXIT_BLOCKED | Cannot exit GODREJPROP-EQ: Pending SELL order already exists for GODREJPROP-EQ (Order ID: 251125001055394)
2025-11-25 15:39:53 | INFO | SL_HIT | 🛑 STOP LOSS HIT | PNBHOUSING-EQ | Entry: ₹885.90 | Exit: ₹881.45 | SL: ₹881.45 | PnL: ₹-48.95 | symbol=PNBHOUSING-EQ | exit_reason=SL_HIT | entry_price=885.9 | exit_price=881.45 | sl_price=881.45 | quantity=11 | pnl=-48.95 | pnl_percent=-0.5 | charges=34.0 | trade_id=0 | duration_seconds=4005.354523 | duration_minutes=66.8
2025-11-25 15:39:53 | INFO | EXIT_BLOCKED | Cannot exit PNBHOUSING-EQ: Pending SELL order already exists for PNBHOUSING-EQ (Order ID: 251125001073992)
2025-11-25 15:39:53 | INFO | MONITOR_SLEEP | Sleeping for 20s (base=20s, consecutive_errors=0, monitoring_suspended=False)
2025-11-25 15:40:13 | INFO | SL_MISSING_DETECTED | SL order missing for BALKRISIND-EQ (retry thread will handle) | symbol=BALKRISIND-EQ | sl_price=2275.55 | retry_count=10
2025-11-25 15:40:13 | INFO | SL_CHECK | Stop-loss hit for BALKRISIND-EQ (last_ltp: 2304.8, sl: 2275.55)
2025-11-25 15:40:13 | INFO | SL_MISSING_DETECTED | SL order missing for GODREJPROP-EQ (retry thread will handle) | symbol=GODREJPROP-EQ | sl_price=2077.05 | retry_count=10
2025-11-25 15:40:13 | INFO | SL_CHECK | Stop-loss hit for GODREJPROP-EQ (last_ltp: 2094.0, sl: 2077.05)
2025-11-25 15:40:13 | INFO | SL_CHECK | Stop-loss hit for PNBHOUSING-EQ (last_ltp: 881.45, sl: 881.45)
2025-11-25 15:40:13 | INFO | BUCKET_LTP_CHECK | Checking bucket 0/3 | symbols=['PNBHOUSING-EQ'] | count=1
2025-11-25 15:40:13 | INFO | BUCKET_LTP_RESULT | Bucket LTP check complete | checked=1 | skipped=0 | bucket_number=0 | total_buckets=3
2025-11-25 15:40:14 | INFO | SL_HIT | 🛑 STOP LOSS HIT | BALKRISIND-EQ | Entry: ₹2287.00 | Exit: ₹2304.80 | SL: ₹2275.55 | PnL: ₹71.20 | symbol=BALKRISIND-EQ | exit_reason=SL_HIT | entry_price=2287.0 | exit_price=2304.8 | sl_price=2275.55 | quantity=4 | pnl=71.2 | pnl_percent=0.78 | charges=33.32 | trade_id=0 | duration_seconds=4929.603217 | duration_minutes=82.2
2025-11-25 15:40:14 | INFO | EXIT_BLOCKED | Cannot exit BALKRISIND-EQ: Pending SELL order already exists for BALKRISIND-EQ (Order ID: 251125000975801)
2025-11-25 15:40:14 | INFO | SL_HIT | 🛑 STOP LOSS HIT | GODREJPROP-EQ | Entry: ₹2087.50 | Exit: ₹2094.00 | SL: ₹2077.05 | PnL: ₹26.00 | symbol=GODREJPROP-EQ | exit_reason=SL_HIT | entry_price=2087.5 | exit_price=2094.0 | sl_price=2077.05 | quantity=4 | pnl=26.0 | pnl_percent=0.31 | charges=32.5 | trade_id=0 | duration_seconds=4031.554052 | duration_minutes=67.2
2025-11-25 15:40:14 | INFO | EXIT_BLOCKED | Cannot exit GODREJPROP-EQ: Pending SELL order already exists for GODREJPROP-EQ (Order ID: 251125001055394)
2025-11-25 15:40:15 | INFO | SL_HIT | 🛑 STOP LOSS HIT | PNBHOUSING-EQ | Entry: ₹885.90 | Exit: ₹881.45 | SL: ₹881.45 | PnL: ₹-48.95 | symbol=PNBHOUSING-EQ | exit_reason=SL_HIT | entry_price=885.9 | exit_price=881.45 | sl_price=881.45 | quantity=11 | pnl=-48.95 | pnl_percent=-0.5 | charges=34.0 | trade_id=0 | duration_seconds=4026.687416 | duration_minutes=67.1
2025-11-25 15:40:15 | INFO | EXIT_BLOCKED | Cannot exit PNBHOUSING-EQ: Pending SELL order already exists for PNBHOUSING-EQ (Order ID: 251125001073992)
2025-11-25 15:40:15 | INFO | MONITOR_SLEEP | Sleeping for 20s (base=20s, consecutive_errors=0, monitoring_suspended=False)
2025-11-25 15:40:35 | INFO | SL_MISSING_DETECTED | SL order missing for BALKRISIND-EQ (retry thread will handle) | symbol=BALKRISIND-EQ | sl_price=2275.55 | retry_count=10
2025-11-25 15:40:35 | INFO | SL_CHECK | Stop-loss hit for BALKRISIND-EQ (last_ltp: 2304.8, sl: 2275.55)
2025-11-25 15:40:35 | INFO | SL_MISSING_DETECTED | SL order missing for GODREJPROP-EQ (retry thread will handle) | symbol=GODREJPROP-EQ | sl_price=2077.05 | retry_count=10
2025-11-25 15:40:35 | INFO | SL_CHECK | Stop-loss hit for GODREJPROP-EQ (last_ltp: 2094.0, sl: 2077.05)
2025-11-25 15:40:35 | INFO | SL_CHECK | Stop-loss hit for PNBHOUSING-EQ (last_ltp: 881.45, sl: 881.45)
2025-11-25 15:40:35 | INFO | BUCKET_LTP_CHECK | Checking bucket 1/3 | symbols=['IOC-EQ', 'M&M-EQ', 'UPL-EQ'] | count=3
2025-11-25 15:40:35 | INFO | BUCKET_LTP_RESULT | Bucket LTP check complete | checked=3 | skipped=0 | bucket_number=1 | total_buckets=3
2025-11-25 15:40:36 | INFO | SL_HIT | 🛑 STOP LOSS HIT | BALKRISIND-EQ | Entry: ₹2287.00 | Exit: ₹2304.80 | SL: ₹2275.55 | PnL: ₹71.20 | symbol=BALKRISIND-EQ | exit_reason=SL_HIT | entry_price=2287.0 | exit_price=2304.8 | sl_price=2275.55 | quantity=4 | pnl=71.2 | pnl_percent=0.78 | charges=33.32 | trade_id=0 | duration_seconds=4951.466987 | duration_minutes=82.5
2025-11-25 15:40:36 | INFO | EXIT_BLOCKED | Cannot exit BALKRISIND-EQ: Pending SELL order already exists for BALKRISIND-EQ (Order ID: 251125000975801)
2025-11-25 15:40:36 | INFO | SL_HIT | 🛑 STOP LOSS HIT | GODREJPROP-EQ | Entry: ₹2087.50 | Exit: ₹2094.00 | SL: ₹2077.05 | PnL: ₹26.00 | symbol=GODREJPROP-EQ | exit_reason=SL_HIT | entry_price=2087.5 | exit_price=2094.0 | sl_price=2077.05 | quantity=4 | pnl=26.0 | pnl_percent=0.31 | charges=32.5 | trade_id=0 | duration_seconds=4053.418644 | duration_minutes=67.6
2025-11-25 15:40:36 | INFO | EXIT_BLOCKED | Cannot exit GODREJPROP-EQ: Pending SELL order already exists for GODREJPROP-EQ (Order ID: 251125001055394)
2025-11-25 15:40:36 | INFO | SL_HIT | 🛑 STOP LOSS HIT | PNBHOUSING-EQ | Entry: ₹885.90 | Exit: ₹881.45 | SL: ₹881.45 | PnL: ₹-48.95 | symbol=PNBHOUSING-EQ | exit_reason=SL_HIT | entry_price=885.9 | exit_price=881.45 | sl_price=881.45 | quantity=11 | pnl=-48.95 | pnl_percent=-0.5 | charges=34.0 | trade_id=0 | duration_seconds=4048.552745 | duration_minutes=67.5
2025-11-25 15:40:36 | INFO | EXIT_BLOCKED | Cannot exit PNBHOUSING-EQ: Pending SELL order already exists for PNBHOUSING-EQ (Order ID: 251125001073992)
2025-11-25 15:40:36 | INFO | MONITOR | Paper trades checked (next in 60s)
2025-11-25 15:40:36 | INFO | MONITOR_SLEEP | Sleeping for 20s (base=20s, consecutive_errors=0, monitoring_suspended=False)
2025-11-25 15:40:56 | INFO | SL_MISSING_DETECTED | SL order missing for BALKRISIND-EQ (retry thread will handle) | symbol=BALKRISIND-EQ | sl_price=2275.55 | retry_count=10
2025-11-25 15:40:56 | INFO | SL_CHECK | Stop-loss hit for BALKRISIND-EQ (last_ltp: 2304.8, sl: 2275.55)
2025-11-25 15:40:56 | INFO | SL_MISSING_DETECTED | SL order missing for GODREJPROP-EQ (retry thread will handle) | symbol=GODREJPROP-EQ | sl_price=2077.05 | retry_count=10
2025-11-25 15:40:56 | INFO | SL_CHECK | Stop-loss hit for GODREJPROP-EQ (last_ltp: 2094.0, sl: 2077.05)
2025-11-25 15:40:56 | INFO | SL_CHECK | Stop-loss hit for PNBHOUSING-EQ (last_ltp: 881.45, sl: 881.45)
2025-11-25 15:40:56 | INFO | BUCKET_LTP_CHECK | Checking bucket 2/3 | symbols=['CHAMBLFERT-EQ', 'BALKRISIND-EQ', 'GODREJPROP-EQ'] | count=3
2025-11-25 15:40:57 | INFO | BUCKET_LTP_RESULT | Bucket LTP check complete | checked=3 | skipped=0 | bucket_number=2 | total_buckets=3
2025-11-25 15:40:58 | INFO | SL_HIT | 🛑 STOP LOSS HIT | BALKRISIND-EQ | Entry: ₹2287.00 | Exit: ₹2304.80 | SL: ₹2275.55 | PnL: ₹71.20 | symbol=BALKRISIND-EQ | exit_reason=SL_HIT | entry_price=2287.0 | exit_price=2304.8 | sl_price=2275.55 | quantity=4 | pnl=71.2 | pnl_percent=0.78 | charges=33.32 | trade_id=0 | duration_seconds=4973.355442 | duration_minutes=82.9
2025-11-25 15:40:58 | INFO | EXIT_BLOCKED | Cannot exit BALKRISIND-EQ: Pending SELL order already exists for BALKRISIND-EQ (Order ID: 251125000975801)
2025-11-25 15:40:58 | INFO | SL_HIT | 🛑 STOP LOSS HIT | GODREJPROP-EQ | Entry: ₹2087.50 | Exit: ₹2094.00 | SL: ₹2077.05 | PnL: ₹26.00 | symbol=GODREJPROP-EQ | exit_reason=SL_HIT | entry_price=2087.5 | exit_price=2094.0 | sl_price=2077.05 | quantity=4 | pnl=26.0 | pnl_percent=0.31 | charges=32.5 | trade_id=0 | duration_seconds=4075.306388 | duration_minutes=67.9
2025-11-25 15:40:58 | INFO | EXIT_BLOCKED | Cannot exit GODREJPROP-EQ: Pending SELL order already exists for GODREJPROP-EQ (Order ID: 251125001055394)
2025-11-25 15:40:58 | INFO | SL_HIT | 🛑 STOP LOSS HIT | PNBHOUSING-EQ | Entry: ₹885.90 | Exit: ₹881.45 | SL: ₹881.45 | PnL: ₹-48.95 | symbol=PNBHOUSING-EQ | exit_reason=SL_HIT | entry_price=885.9 | exit_price=881.45 | sl_price=881.45 | quantity=11 | pnl=-48.95 | pnl_percent=-0.5 | charges=34.0 | trade_id=0 | duration_seconds=4070.439497 | duration_minutes=67.8
2025-11-25 15:40:58 | INFO | EXIT_BLOCKED | Cannot exit PNBHOUSING-EQ: Pending SELL order already exists for PNBHOUSING-EQ (Order ID: 251125001073992)
2025-11-25 15:40:58 | INFO | MONITOR_SLEEP | Sleeping for 20s (base=20s, consecutive_errors=0, monitoring_suspended=False)
2025-11-25 15:41:18 | INFO | SL_MISSING_DETECTED | SL order missing for BALKRISIND-EQ (retry thread will handle) | symbol=BALKRISIND-EQ | sl_price=2275.55 | retry_count=10
2025-11-25 15:41:18 | INFO | SL_CHECK | Stop-loss hit for BALKRISIND-EQ (last_ltp: 2304.8, sl: 2275.55)
2025-11-25 15:41:18 | INFO | SL_MISSING_DETECTED | SL order missing for GODREJPROP-EQ (retry thread will handle) | symbol=GODREJPROP-EQ | sl_price=2077.05 | retry_count=10
2025-11-25 15:41:18 | INFO | SL_CHECK | Stop-loss hit for GODREJPROP-EQ (last_ltp: 2094.0, sl: 2077.05)
2025-11-25 15:41:18 | INFO | SL_CHECK | Stop-loss hit for PNBHOUSING-EQ (last_ltp: 881.45, sl: 881.45)
2025-11-25 15:41:18 | INFO | BUCKET_LTP_CHECK | Checking bucket 0/3 | symbols=['PNBHOUSING-EQ'] | count=1
2025-11-25 15:41:18 | INFO | BUCKET_LTP_RESULT | Bucket LTP check complete | checked=1 | skipped=0 | bucket_number=0 | total_buckets=3
2025-11-25 15:41:19 | INFO | SL_HIT | 🛑 STOP LOSS HIT | BALKRISIND-EQ | Entry: ₹2287.00 | Exit: ₹2304.80 | SL: ₹2275.55 | PnL: ₹71.20 | symbol=BALKRISIND-EQ | exit_reason=SL_HIT | entry_price=2287.0 | exit_price=2304.8 | sl_price=2275.55 | quantity=4 | pnl=71.2 | pnl_percent=0.78 | charges=33.32 | trade_id=0 | duration_seconds=4994.678558 | duration_minutes=83.2
2025-11-25 15:41:19 | INFO | EXIT_BLOCKED | Cannot exit BALKRISIND-EQ: Pending SELL order already exists for BALKRISIND-EQ (Order ID: 251125000975801)
2025-11-25 15:41:19 | INFO | SL_HIT | 🛑 STOP LOSS HIT | GODREJPROP-EQ | Entry: ₹2087.50 | Exit: ₹2094.00 | SL: ₹2077.05 | PnL: ₹26.00 | symbol=GODREJPROP-EQ | exit_reason=SL_HIT | entry_price=2087.5 | exit_price=2094.0 | sl_price=2077.05 | quantity=4 | pnl=26.0 | pnl_percent=0.31 | charges=32.5 | trade_id=0 | duration_seconds=4096.630565 | duration_minutes=68.3
2025-11-25 15:41:19 | INFO | EXIT_BLOCKED | Cannot exit GODREJPROP-EQ: Pending SELL order already exists for GODREJPROP-EQ (Order ID: 251125001055394)
2025-11-25 15:41:20 | INFO | SL_HIT | 🛑 STOP LOSS HIT | PNBHOUSING-EQ | Entry: ₹885.90 | Exit: ₹881.45 | SL: ₹881.45 | PnL: ₹-48.95 | symbol=PNBHOUSING-EQ | exit_reason=SL_HIT | entry_price=885.9 | exit_price=881.45 | sl_price=881.45 | quantity=11 | pnl=-48.95 | pnl_percent=-0.5 | charges=34.0 | trade_id=0 | duration_seconds=4091.765199 | duration_minutes=68.2
2025-11-25 15:41:20 | INFO | EXIT_BLOCKED | Cannot exit PNBHOUSING-EQ: Pending SELL order already exists for PNBHOUSING-EQ (Order ID: 251125001073992)
2025-11-25 15:41:20 | INFO | MONITOR_SLEEP | Sleeping for 20s (base=20s, consecutive_errors=0, monitoring_suspended=False)
2025-11-25 15:41:40 | INFO | SL_MISSING_DETECTED | SL order missing for BALKRISIND-EQ (retry thread will handle) | symbol=BALKRISIND-EQ | sl_price=2275.55 | retry_count=10
2025-11-25 15:41:40 | INFO | SL_CHECK | Stop-loss hit for BALKRISIND-EQ (last_ltp: 2304.8, sl: 2275.55)
2025-11-25 15:41:40 | INFO | SL_MISSING_DETECTED | SL order missing for GODREJPROP-EQ (retry thread will handle) | symbol=GODREJPROP-EQ | sl_price=2077.05 | retry_count=10
2025-11-25 15:41:40 | INFO | SL_CHECK | Stop-loss hit for GODREJPROP-EQ (last_ltp: 2094.0, sl: 2077.05)
2025-11-25 15:41:40 | INFO | SL_CHECK | Stop-loss hit for PNBHOUSING-EQ (last_ltp: 881.45, sl: 881.45)
2025-11-25 15:41:40 | INFO | BUCKET_LTP_CHECK | Checking bucket 1/3 | symbols=['IOC-EQ', 'M&M-EQ', 'UPL-EQ'] | count=3
2025-11-25 15:41:40 | INFO | BUCKET_LTP_RESULT | Bucket LTP check complete | checked=3 | skipped=0 | bucket_number=1 | total_buckets=3
2025-11-25 15:41:41 | INFO | SL_HIT | 🛑 STOP LOSS HIT | BALKRISIND-EQ | Entry: ₹2287.00 | Exit: ₹2304.80 | SL: ₹2275.55 | PnL: ₹71.20 | symbol=BALKRISIND-EQ | exit_reason=SL_HIT | entry_price=2287.0 | exit_price=2304.8 | sl_price=2275.55 | quantity=4 | pnl=71.2 | pnl_percent=0.78 | charges=33.32 | trade_id=0 | duration_seconds=5016.542025 | duration_minutes=83.6
2025-11-25 15:41:41 | INFO | EXIT_BLOCKED | Cannot exit BALKRISIND-EQ: Pending SELL order already exists for BALKRISIND-EQ (Order ID: 251125000975801)
2025-11-25 15:41:41 | INFO | SL_HIT | 🛑 STOP LOSS HIT | GODREJPROP-EQ | Entry: ₹2087.50 | Exit: ₹2094.00 | SL: ₹2077.05 | PnL: ₹26.00 | symbol=GODREJPROP-EQ | exit_reason=SL_HIT | entry_price=2087.5 | exit_price=2094.0 | sl_price=2077.05 | quantity=4 | pnl=26.0 | pnl_percent=0.31 | charges=32.5 | trade_id=0 | duration_seconds=4118.49384 | duration_minutes=68.6
2025-11-25 15:41:41 | INFO | EXIT_BLOCKED | Cannot exit GODREJPROP-EQ: Pending SELL order already exists for GODREJPROP-EQ (Order ID: 251125001055394)
2025-11-25 15:41:42 | INFO | SL_HIT | 🛑 STOP LOSS HIT | PNBHOUSING-EQ | Entry: ₹885.90 | Exit: ₹881.45 | SL: ₹881.45 | PnL: ₹-48.95 | symbol=PNBHOUSING-EQ | exit_reason=SL_HIT | entry_price=885.9 | exit_price=881.45 | sl_price=881.45 | quantity=11 | pnl=-48.95 | pnl_percent=-0.5 | charges=34.0 | trade_id=0 | duration_seconds=4113.626788 | duration_minutes=68.6
2025-11-25 15:41:42 | INFO | EXIT_BLOCKED | Cannot exit PNBHOUSING-EQ: Pending SELL order already exists for PNBHOUSING-EQ (Order ID: 251125001073992)
2025-11-25 15:41:42 | INFO | MONITOR | Paper trades checked (next in 60s)
2025-11-25 15:41:42 | INFO | MONITOR_SLEEP | Sleeping for 20s (base=20s, consecutive_errors=0, monitoring_suspended=False)
2025-11-25 15:42:02 | INFO | SL_MISSING_DETECTED | SL order missing for BALKRISIND-EQ (retry thread will handle) | symbol=BALKRISIND-EQ | sl_price=2275.55 | retry_count=10
2025-11-25 15:42:02 | INFO | SL_CHECK | Stop-loss hit for BALKRISIND-EQ (last_ltp: 2304.8, sl: 2275.55)
2025-11-25 15:42:02 | INFO | SL_MISSING_DETECTED | SL order missing for GODREJPROP-EQ (retry thread will handle) | symbol=GODREJPROP-EQ | sl_price=2077.05 | retry_count=10
2025-11-25 15:42:02 | INFO | SL_CHECK | Stop-loss hit for GODREJPROP-EQ (last_ltp: 2094.0, sl: 2077.05)
2025-11-25 15:42:02 | INFO | SL_CHECK | Stop-loss hit for PNBHOUSING-EQ (last_ltp: 881.45, sl: 881.45)
2025-11-25 15:42:02 | INFO | BUCKET_LTP_CHECK | Checking bucket 2/3 | symbols=['CHAMBLFERT-EQ', 'BALKRISIND-EQ', 'GODREJPROP-EQ'] | count=3
2025-11-25 15:42:02 | INFO | BUCKET_LTP_RESULT | Bucket LTP check complete | checked=3 | skipped=0 | bucket_number=2 | total_buckets=3
2025-11-25 15:42:03 | INFO | SL_HIT | 🛑 STOP LOSS HIT | BALKRISIND-EQ | Entry: ₹2287.00 | Exit: ₹2304.80 | SL: ₹2275.55 | PnL: ₹71.20 | symbol=BALKRISIND-EQ | exit_reason=SL_HIT | entry_price=2287.0 | exit_price=2304.8 | sl_price=2275.55 | quantity=4 | pnl=71.2 | pnl_percent=0.78 | charges=33.32 | trade_id=0 | duration_seconds=5038.426505 | duration_minutes=84.0
2025-11-25 15:42:03 | INFO | EXIT_BLOCKED | Cannot exit BALKRISIND-EQ: Pending SELL order already exists for BALKRISIND-EQ (Order ID: 251125000975801)
2025-11-25 15:42:03 | INFO | SL_HIT | 🛑 STOP LOSS HIT | GODREJPROP-EQ | Entry: ₹2087.50 | Exit: ₹2094.00 | SL: ₹2077.05 | PnL: ₹26.00 | symbol=GODREJPROP-EQ | exit_reason=SL_HIT | entry_price=2087.5 | exit_price=2094.0 | sl_price=2077.05 | quantity=4 | pnl=26.0 | pnl_percent=0.31 | charges=32.5 | trade_id=0 | duration_seconds=4140.377544 | duration_minutes=69.0
2025-11-25 15:42:03 | INFO | EXIT_BLOCKED | Cannot exit GODREJPROP-EQ: Pending SELL order already exists for GODREJPROP-EQ (Order ID: 251125001055394)
2025-11-25 15:42:03 | INFO | SL_HIT | 🛑 STOP LOSS HIT | PNBHOUSING-EQ | Entry: ₹885.90 | Exit: ₹881.45 | SL: ₹881.45 | PnL: ₹-48.95 | symbol=PNBHOUSING-EQ | exit_reason=SL_HIT | entry_price=885.9 | exit_price=881.45 | sl_price=881.45 | quantity=11 | pnl=-48.95 | pnl_percent=-0.5 | charges=34.0 | trade_id=0 | duration_seconds=4135.510605 | duration_minutes=68.9
2025-11-25 15:42:03 | INFO | EXIT_BLOCKED | Cannot exit PNBHOUSING-EQ: Pending SELL order already exists for PNBHOUSING-EQ (Order ID: 251125001073992)
2025-11-25 15:42:03 | INFO | MONITOR_SLEEP | Sleeping for 20s (base=20s, consecutive_errors=0, monitoring_suspended=False)
2025-11-25 15:42:23 | INFO | SL_MISSING_DETECTED | SL order missing for BALKRISIND-EQ (retry thread will handle) | symbol=BALKRISIND-EQ | sl_price=2275.55 | retry_count=10
2025-11-25 15:42:23 | INFO | SL_CHECK | Stop-loss hit for BALKRISIND-EQ (last_ltp: 2304.8, sl: 2275.55)
2025-11-25 15:42:23 | INFO | SL_MISSING_DETECTED | SL order missing for GODREJPROP-EQ (retry thread will handle) | symbol=GODREJPROP-EQ | sl_price=2077.05 | retry_count=10
2025-11-25 15:42:23 | INFO | SL_CHECK | Stop-loss hit for GODREJPROP-EQ (last_ltp: 2094.0, sl: 2077.05)
2025-11-25 15:42:23 | INFO | SL_CHECK | Stop-loss hit for PNBHOUSING-EQ (last_ltp: 881.45, sl: 881.45)
2025-11-25 15:42:23 | INFO | BUCKET_LTP_CHECK | Checking bucket 0/3 | symbols=['PNBHOUSING-EQ'] | count=1
2025-11-25 15:42:24 | INFO | BUCKET_LTP_RESULT | Bucket LTP check complete | checked=1 | skipped=0 | bucket_number=0 | total_buckets=3
2025-11-25 15:42:24 | INFO | SL_HIT | 🛑 STOP LOSS HIT | BALKRISIND-EQ | Entry: ₹2287.00 | Exit: ₹2304.80 | SL: ₹2275.55 | PnL: ₹71.20 | symbol=BALKRISIND-EQ | exit_reason=SL_HIT | entry_price=2287.0 | exit_price=2304.8 | sl_price=2275.55 | quantity=4 | pnl=71.2 | pnl_percent=0.78 | charges=33.32 | trade_id=0 | duration_seconds=5059.759828 | duration_minutes=84.3
2025-11-25 15:42:24 | INFO | EXIT_BLOCKED | Cannot exit BALKRISIND-EQ: Pending SELL order already exists for BALKRISIND-EQ (Order ID: 251125000975801)
2025-11-25 15:42:25 | INFO | SL_HIT | 🛑 STOP LOSS HIT | GODREJPROP-EQ | Entry: ₹2087.50 | Exit: ₹2094.00 | SL: ₹2077.05 | PnL: ₹26.00 | symbol=GODREJPROP-EQ | exit_reason=SL_HIT | entry_price=2087.5 | exit_price=2094.0 | sl_price=2077.05 | quantity=4 | pnl=26.0 | pnl_percent=0.31 | charges=32.5 | trade_id=0 | duration_seconds=4161.710514 | duration_minutes=69.4
2025-11-25 15:42:25 | INFO | EXIT_BLOCKED | Cannot exit GODREJPROP-EQ: Pending SELL order already exists for GODREJPROP-EQ (Order ID: 251125001055394)
2025-11-25 15:42:25 | INFO | SL_HIT | 🛑 STOP LOSS HIT | PNBHOUSING-EQ | Entry: ₹885.90 | Exit: ₹881.45 | SL: ₹881.45 | PnL: ₹-48.95 | symbol=PNBHOUSING-EQ | exit_reason=SL_HIT | entry_price=885.9 | exit_price=881.45 | sl_price=881.45 | quantity=11 | pnl=-48.95 | pnl_percent=-0.5 | charges=34.0 | trade_id=0 | duration_seconds=4156.84357 | duration_minutes=69.3
2025-11-25 15:42:25 | INFO | EXIT_BLOCKED | Cannot exit PNBHOUSING-EQ: Pending SELL order already exists for PNBHOUSING-EQ (Order ID: 251125001073992)
2025-11-25 15:42:25 | INFO | MONITOR_SLEEP | Sleeping for 20s (base=20s, consecutive_errors=0, monitoring_suspended=False)
2025-11-25 15:42:45 | INFO | SL_MISSING_DETECTED | SL order missing for BALKRISIND-EQ (retry thread will handle) | symbol=BALKRISIND-EQ | sl_price=2275.55 | retry_count=10
2025-11-25 15:42:45 | INFO | SL_CHECK | Stop-loss hit for BALKRISIND-EQ (last_ltp: 2304.8, sl: 2275.55)
2025-11-25 15:42:45 | INFO | SL_MISSING_DETECTED | SL order missing for GODREJPROP-EQ (retry thread will handle) | symbol=GODREJPROP-EQ | sl_price=2077.05 | retry_count=10
2025-11-25 15:42:45 | INFO | SL_CHECK | Stop-loss hit for GODREJPROP-EQ (last_ltp: 2094.0, sl: 2077.05)
2025-11-25 15:42:45 | INFO | SL_CHECK | Stop-loss hit for PNBHOUSING-EQ (last_ltp: 881.45, sl: 881.45)
2025-11-25 15:42:45 | INFO | BUCKET_LTP_CHECK | Checking bucket 1/3 | symbols=['IOC-EQ', 'M&M-EQ', 'UPL-EQ'] | count=3
2025-11-25 15:42:45 | INFO | BUCKET_LTP_RESULT | Bucket LTP check complete | checked=3 | skipped=0 | bucket_number=1 | total_buckets=3
2025-11-25 15:42:46 | INFO | SL_HIT | 🛑 STOP LOSS HIT | BALKRISIND-EQ | Entry: ₹2287.00 | Exit: ₹2304.80 | SL: ₹2275.55 | PnL: ₹71.20 | symbol=BALKRISIND-EQ | exit_reason=SL_HIT | entry_price=2287.0 | exit_price=2304.8 | sl_price=2275.55 | quantity=4 | pnl=71.2 | pnl_percent=0.78 | charges=33.32 | trade_id=0 | duration_seconds=5081.649348 | duration_minutes=84.7
2025-11-25 15:42:46 | INFO | EXIT_BLOCKED | Cannot exit BALKRISIND-EQ: Pending SELL order already exists for BALKRISIND-EQ (Order ID: 251125000975801)
2025-11-25 15:42:46 | INFO | SL_HIT | 🛑 STOP LOSS HIT | GODREJPROP-EQ | Entry: ₹2087.50 | Exit: ₹2094.00 | SL: ₹2077.05 | PnL: ₹26.00 | symbol=GODREJPROP-EQ | exit_reason=SL_HIT | entry_price=2087.5 | exit_price=2094.0 | sl_price=2077.05 | quantity=4 | pnl=26.0 | pnl_percent=0.31 | charges=32.5 | trade_id=0 | duration_seconds=4183.600431 | duration_minutes=69.7
2025-11-25 15:42:46 | INFO | EXIT_BLOCKED | Cannot exit GODREJPROP-EQ: Pending SELL order already exists for GODREJPROP-EQ (Order ID: 251125001055394)
2025-11-25 15:42:47 | INFO | SL_HIT | 🛑 STOP LOSS HIT | PNBHOUSING-EQ | Entry: ₹885.90 | Exit: ₹881.45 | SL: ₹881.45 | PnL: ₹-48.95 | symbol=PNBHOUSING-EQ | exit_reason=SL_HIT | entry_price=885.9 | exit_price=881.45 | sl_price=881.45 | quantity=11 | pnl=-48.95 | pnl_percent=-0.5 | charges=34.0 | trade_id=0 | duration_seconds=4178.733872 | duration_minutes=69.6
2025-11-25 15:42:47 | INFO | EXIT_BLOCKED | Cannot exit PNBHOUSING-EQ: Pending SELL order already exists for PNBHOUSING-EQ (Order ID: 251125001073992)
2025-11-25 15:42:47 | INFO | MONITOR | Paper trades checked (next in 60s)
2025-11-25 15:42:47 | INFO | MONITOR_SLEEP | Sleeping for 20s (base=20s, consecutive_errors=0, monitoring_suspended=False)
2025-11-25 15:43:07 | INFO | SL_MISSING_DETECTED | SL order missing for BALKRISIND-EQ (retry thread will handle) | symbol=BALKRISIND-EQ | sl_price=2275.55 | retry_count=10
2025-11-25 15:43:07 | INFO | SL_CHECK | Stop-loss hit for BALKRISIND-EQ (last_ltp: 2304.8, sl: 2275.55)
2025-11-25 15:43:07 | INFO | SL_MISSING_DETECTED | SL order missing for GODREJPROP-EQ (retry thread will handle) | symbol=GODREJPROP-EQ | sl_price=2077.05 | retry_count=10
2025-11-25 15:43:07 | INFO | SL_CHECK | Stop-loss hit for GODREJPROP-EQ (last_ltp: 2094.0, sl: 2077.05)
2025-11-25 15:43:07 | INFO | SL_CHECK | Stop-loss hit for PNBHOUSING-EQ (last_ltp: 881.45, sl: 881.45)
2025-11-25 15:43:07 | INFO | BUCKET_LTP_CHECK | Checking bucket 2/3 | symbols=['CHAMBLFERT-EQ', 'BALKRISIND-EQ', 'GODREJPROP-EQ'] | count=3
2025-11-25 15:43:07 | INFO | BUCKET_LTP_RESULT | Bucket LTP check complete | checked=3 | skipped=0 | bucket_number=2 | total_buckets=3
2025-11-25 15:43:08 | INFO | SL_HIT | 🛑 STOP LOSS HIT | BALKRISIND-EQ | Entry: ₹2287.00 | Exit: ₹2304.80 | SL: ₹2275.55 | PnL: ₹71.20 | symbol=BALKRISIND-EQ | exit_reason=SL_HIT | entry_price=2287.0 | exit_price=2304.8 | sl_price=2275.55 | quantity=4 | pnl=71.2 | pnl_percent=0.78 | charges=33.32 | trade_id=0 | duration_seconds=5103.526026 | duration_minutes=85.1
2025-11-25 15:43:08 | INFO | EXIT_BLOCKED | Cannot exit BALKRISIND-EQ: Pending SELL order already exists for BALKRISIND-EQ (Order ID: 251125000975801)
2025-11-25 15:43:08 | INFO | SL_HIT | 🛑 STOP LOSS HIT | GODREJPROP-EQ | Entry: ₹2087.50 | Exit: ₹2094.00 | SL: ₹2077.05 | PnL: ₹26.00 | symbol=GODREJPROP-EQ | exit_reason=SL_HIT | entry_price=2087.5 | exit_price=2094.0 | sl_price=2077.05 | quantity=4 | pnl=26.0 | pnl_percent=0.31 | charges=32.5 | trade_id=0 | duration_seconds=4205.477764 | duration_minutes=70.1
2025-11-25 15:43:08 | INFO | EXIT_BLOCKED | Cannot exit GODREJPROP-EQ: Pending SELL order already exists for GODREJPROP-EQ (Order ID: 251125001055394)
2025-11-25 15:43:09 | INFO | SL_HIT | 🛑 STOP LOSS HIT | PNBHOUSING-EQ | Entry: ₹885.90 | Exit: ₹881.45 | SL: ₹881.45 | PnL: ₹-48.95 | symbol=PNBHOUSING-EQ | exit_reason=SL_HIT | entry_price=885.9 | exit_price=881.45 | sl_price=881.45 | quantity=11 | pnl=-48.95 | pnl_percent=-0.5 | charges=34.0 | trade_id=0 | duration_seconds=4200.612257 | duration_minutes=70.0
2025-11-25 15:43:09 | INFO | EXIT_BLOCKED | Cannot exit PNBHOUSING-EQ: Pending SELL order already exists for PNBHOUSING-EQ (Order ID: 251125001073992)
2025-11-25 15:43:09 | INFO | MONITOR_SLEEP | Sleeping for 20s (base=20s, consecutive_errors=0, monitoring_suspended=False)
2025-11-25 15:43:29 | INFO | SL_MISSING_DETECTED | SL order missing for BALKRISIND-EQ (retry thread will handle) | symbol=BALKRISIND-EQ | sl_price=2275.55 | retry_count=10
2025-11-25 15:43:29 | INFO | SL_CHECK | Stop-loss hit for BALKRISIND-EQ (last_ltp: 2304.8, sl: 2275.55)
2025-11-25 15:43:29 | INFO | SL_MISSING_DETECTED | SL order missing for GODREJPROP-EQ (retry thread will handle) | symbol=GODREJPROP-EQ | sl_price=2077.05 | retry_count=10
2025-11-25 15:43:29 | INFO | SL_CHECK | Stop-loss hit for GODREJPROP-EQ (last_ltp: 2094.0, sl: 2077.05)
2025-11-25 15:43:29 | INFO | SL_CHECK | Stop-loss hit for PNBHOUSING-EQ (last_ltp: 881.45, sl: 881.45)
2025-11-25 15:43:29 | INFO | BUCKET_LTP_CHECK | Checking bucket 0/3 | symbols=['PNBHOUSING-EQ'] | count=1
2025-11-25 15:43:29 | INFO | BUCKET_LTP_RESULT | Bucket LTP check complete | checked=1 | skipped=0 | bucket_number=0 | total_buckets=3
2025-11-25 15:43:29 | INFO | SL_HIT | 🛑 STOP LOSS HIT | BALKRISIND-EQ | Entry: ₹2287.00 | Exit: ₹2304.80 | SL: ₹2275.55 | PnL: ₹71.20 | symbol=BALKRISIND-EQ | exit_reason=SL_HIT | entry_price=2287.0 | exit_price=2304.8 | sl_price=2275.55 | quantity=4 | pnl=71.2 | pnl_percent=0.78 | charges=33.32 | trade_id=0 | duration_seconds=5124.895535 | duration_minutes=85.4
2025-11-25 15:43:29 | INFO | EXIT_BLOCKED | Cannot exit BALKRISIND-EQ: Pending SELL order already exists for BALKRISIND-EQ (Order ID: 251125000975801)
2025-11-25 15:43:30 | INFO | SL_HIT | 🛑 STOP LOSS HIT | GODREJPROP-EQ | Entry: ₹2087.50 | Exit: ₹2094.00 | SL: ₹2077.05 | PnL: ₹26.00 | symbol=GODREJPROP-EQ | exit_reason=SL_HIT | entry_price=2087.5 | exit_price=2094.0 | sl_price=2077.05 | quantity=4 | pnl=26.0 | pnl_percent=0.31 | charges=32.5 | trade_id=0 | duration_seconds=4226.846301 | duration_minutes=70.4
2025-11-25 15:43:30 | INFO | EXIT_BLOCKED | Cannot exit GODREJPROP-EQ: Pending SELL order already exists for GODREJPROP-EQ (Order ID: 251125001055394)
2025-11-25 15:43:30 | INFO | SL_HIT | 🛑 STOP LOSS HIT | PNBHOUSING-EQ | Entry: ₹885.90 | Exit: ₹881.45 | SL: ₹881.45 | PnL: ₹-48.95 | symbol=PNBHOUSING-EQ | exit_reason=SL_HIT | entry_price=885.9 | exit_price=881.45 | sl_price=881.45 | quantity=11 | pnl=-48.95 | pnl_percent=-0.5 | charges=34.0 | trade_id=0 | duration_seconds=4221.979336 | duration_minutes=70.4
2025-11-25 15:43:30 | INFO | EXIT_BLOCKED | Cannot exit PNBHOUSING-EQ: Pending SELL order already exists for PNBHOUSING-EQ (Order ID: 251125001073992)
2025-11-25 15:43:30 | INFO | MONITOR_SLEEP | Sleeping for 20s (base=20s, consecutive_errors=0, monitoring_suspended=False)
2025-11-25 15:43:50 | INFO | SL_MISSING_DETECTED | SL order missing for BALKRISIND-EQ (retry thread will handle) | symbol=BALKRISIND-EQ | sl_price=2275.55 | retry_count=10
2025-11-25 15:43:50 | INFO | SL_CHECK | Stop-loss hit for BALKRISIND-EQ (last_ltp: 2304.8, sl: 2275.55)
2025-11-25 15:43:50 | INFO | SL_MISSING_DETECTED | SL order missing for GODREJPROP-EQ (retry thread will handle) | symbol=GODREJPROP-EQ | sl_price=2077.05 | retry_count=10
2025-11-25 15:43:50 | INFO | SL_CHECK | Stop-loss hit for GODREJPROP-EQ (last_ltp: 2094.0, sl: 2077.05)
2025-11-25 15:43:50 | INFO | SL_CHECK | Stop-loss hit for PNBHOUSING-EQ (last_ltp: 881.45, sl: 881.45)
2025-11-25 15:43:50 | INFO | BUCKET_LTP_CHECK | Checking bucket 1/3 | symbols=['IOC-EQ', 'M&M-EQ', 'UPL-EQ'] | count=3
2025-11-25 15:43:51 | INFO | BUCKET_LTP_RESULT | Bucket LTP check complete | checked=3 | skipped=0 | bucket_number=1 | total_buckets=3
2025-11-25 15:43:51 | INFO | SL_HIT | 🛑 STOP LOSS HIT | BALKRISIND-EQ | Entry: ₹2287.00 | Exit: ₹2304.80 | SL: ₹2275.55 | PnL: ₹71.20 | symbol=BALKRISIND-EQ | exit_reason=SL_HIT | entry_price=2287.0 | exit_price=2304.8 | sl_price=2275.55 | quantity=4 | pnl=71.2 | pnl_percent=0.78 | charges=33.32 | trade_id=0 | duration_seconds=5146.772641 | duration_minutes=85.8
2025-11-25 15:43:51 | INFO | EXIT_BLOCKED | Cannot exit BALKRISIND-EQ: Pending SELL order already exists for BALKRISIND-EQ (Order ID: 251125000975801)
2025-11-25 15:43:52 | INFO | SL_HIT | 🛑 STOP LOSS HIT | GODREJPROP-EQ | Entry: ₹2087.50 | Exit: ₹2094.00 | SL: ₹2077.05 | PnL: ₹26.00 | symbol=GODREJPROP-EQ | exit_reason=SL_HIT | entry_price=2087.5 | exit_price=2094.0 | sl_price=2077.05 | quantity=4 | pnl=26.0 | pnl_percent=0.31 | charges=32.5 | trade_id=0 | duration_seconds=4248.723508 | duration_minutes=70.8
2025-11-25 15:43:52 | INFO | EXIT_BLOCKED | Cannot exit GODREJPROP-EQ: Pending SELL order already exists for GODREJPROP-EQ (Order ID: 251125001055394)
2025-11-25 15:43:52 | INFO | SL_HIT | 🛑 STOP LOSS HIT | PNBHOUSING-EQ | Entry: ₹885.90 | Exit: ₹881.45 | SL: ₹881.45 | PnL: ₹-48.95 | symbol=PNBHOUSING-EQ | exit_reason=SL_HIT | entry_price=885.9 | exit_price=881.45 | sl_price=881.45 | quantity=11 | pnl=-48.95 | pnl_percent=-0.5 | charges=34.0 | trade_id=0 | duration_seconds=4243.856514 | duration_minutes=70.7
2025-11-25 15:43:52 | INFO | EXIT_BLOCKED | Cannot exit PNBHOUSING-EQ: Pending SELL order already exists for PNBHOUSING-EQ (Order ID: 251125001073992)
2025-11-25 15:43:52 | INFO | MONITOR | Paper trades checked (next in 60s)
2025-11-25 15:43:52 | INFO | MONITOR_SLEEP | Sleeping for 20s (base=20s, consecutive_errors=0, monitoring_suspended=False)
2025-11-25 15:44:12 | INFO | SL_MISSING_DETECTED | SL order missing for BALKRISIND-EQ (retry thread will handle) | symbol=BALKRISIND-EQ | sl_price=2275.55 | retry_count=10
2025-11-25 15:44:12 | INFO | SL_CHECK | Stop-loss hit for BALKRISIND-EQ (last_ltp: 2304.8, sl: 2275.55)
2025-11-25 15:44:12 | INFO | SL_MISSING_DETECTED | SL order missing for GODREJPROP-EQ (retry thread will handle) | symbol=GODREJPROP-EQ | sl_price=2077.05 | retry_count=10
2025-11-25 15:44:12 | INFO | SL_CHECK | Stop-loss hit for GODREJPROP-EQ (last_ltp: 2094.0, sl: 2077.05)
2025-11-25 15:44:12 | INFO | SL_CHECK | Stop-loss hit for PNBHOUSING-EQ (last_ltp: 881.45, sl: 881.45)
2025-11-25 15:44:12 | INFO | BUCKET_LTP_CHECK | Checking bucket 2/3 | symbols=['CHAMBLFERT-EQ', 'BALKRISIND-EQ', 'GODREJPROP-EQ'] | count=3
2025-11-25 15:44:13 | INFO | BUCKET_LTP_RESULT | Bucket LTP check complete | checked=3 | skipped=0 | bucket_number=2 | total_buckets=3
2025-11-25 15:44:13 | INFO | SL_HIT | 🛑 STOP LOSS HIT | BALKRISIND-EQ | Entry: ₹2287.00 | Exit: ₹2304.80 | SL: ₹2275.55 | PnL: ₹71.20 | symbol=BALKRISIND-EQ | exit_reason=SL_HIT | entry_price=2287.0 | exit_price=2304.8 | sl_price=2275.55 | quantity=4 | pnl=71.2 | pnl_percent=0.78 | charges=33.32 | trade_id=0 | duration_seconds=5168.72146 | duration_minutes=86.1
2025-11-25 15:44:13 | INFO | EXIT_BLOCKED | Cannot exit BALKRISIND-EQ: Pending SELL order already exists for BALKRISIND-EQ (Order ID: 251125000975801)
2025-11-25 15:44:14 | INFO | SL_HIT | 🛑 STOP LOSS HIT | GODREJPROP-EQ | Entry: ₹2087.50 | Exit: ₹2094.00 | SL: ₹2077.05 | PnL: ₹26.00 | symbol=GODREJPROP-EQ | exit_reason=SL_HIT | entry_price=2087.5 | exit_price=2094.0 | sl_price=2077.05 | quantity=4 | pnl=26.0 | pnl_percent=0.31 | charges=32.5 | trade_id=0 | duration_seconds=4270.672263 | duration_minutes=71.2
2025-11-25 15:44:14 | INFO | EXIT_BLOCKED | Cannot exit GODREJPROP-EQ: Pending SELL order already exists for GODREJPROP-EQ (Order ID: 251125001055394)
2025-11-25 15:44:14 | INFO | SL_HIT | 🛑 STOP LOSS HIT | PNBHOUSING-EQ | Entry: ₹885.90 | Exit: ₹881.45 | SL: ₹881.45 | PnL: ₹-48.95 | symbol=PNBHOUSING-EQ | exit_reason=SL_HIT | entry_price=885.9 | exit_price=881.45 | sl_price=881.45 | quantity=11 | pnl=-48.95 | pnl_percent=-0.5 | charges=34.0 | trade_id=0 | duration_seconds=4265.805288 | duration_minutes=71.1
2025-11-25 15:44:14 | INFO | EXIT_BLOCKED | Cannot exit PNBHOUSING-EQ: Pending SELL order already exists for PNBHOUSING-EQ (Order ID: 251125001073992)
2025-11-25 15:44:14 | INFO | MONITOR_SLEEP | Sleeping for 20s (base=20s, consecutive_errors=0, monitoring_suspended=False)
2025-11-25 15:44:34 | INFO | SL_MISSING_DETECTED | SL order missing for BALKRISIND-EQ (retry thread will handle) | symbol=BALKRISIND-EQ | sl_price=2275.55 | retry_count=10
2025-11-25 15:44:34 | INFO | SL_CHECK | Stop-loss hit for BALKRISIND-EQ (last_ltp: 2304.8, sl: 2275.55)
2025-11-25 15:44:34 | INFO | SL_MISSING_DETECTED | SL order missing for GODREJPROP-EQ (retry thread will handle) | symbol=GODREJPROP-EQ | sl_price=2077.05 | retry_count=10
2025-11-25 15:44:34 | INFO | SL_CHECK | Stop-loss hit for GODREJPROP-EQ (last_ltp: 2094.0, sl: 2077.05)
2025-11-25 15:44:34 | INFO | SL_CHECK | Stop-loss hit for PNBHOUSING-EQ (last_ltp: 881.45, sl: 881.45)
2025-11-25 15:44:34 | INFO | BUCKET_LTP_CHECK | Checking bucket 0/3 | symbols=['PNBHOUSING-EQ'] | count=1
2025-11-25 15:44:34 | INFO | BUCKET_LTP_RESULT | Bucket LTP check complete | checked=1 | skipped=0 | bucket_number=0 | total_buckets=3
2025-11-25 15:44:35 | INFO | SL_HIT | 🛑 STOP LOSS HIT | BALKRISIND-EQ | Entry: ₹2287.00 | Exit: ₹2304.80 | SL: ₹2275.55 | PnL: ₹71.20 | symbol=BALKRISIND-EQ | exit_reason=SL_HIT | entry_price=2287.0 | exit_price=2304.8 | sl_price=2275.55 | quantity=4 | pnl=71.2 | pnl_percent=0.78 | charges=33.32 | trade_id=0 | duration_seconds=5190.052683 | duration_minutes=86.5
2025-11-25 15:44:35 | INFO | EXIT_BLOCKED | Cannot exit BALKRISIND-EQ: Pending SELL order already exists for BALKRISIND-EQ (Order ID: 251125000975801)
2025-11-25 15:44:35 | INFO | SL_HIT | 🛑 STOP LOSS HIT | GODREJPROP-EQ | Entry: ₹2087.50 | Exit: ₹2094.00 | SL: ₹2077.05 | PnL: ₹26.00 | symbol=GODREJPROP-EQ | exit_reason=SL_HIT | entry_price=2087.5 | exit_price=2094.0 | sl_price=2077.05 | quantity=4 | pnl=26.0 | pnl_percent=0.31 | charges=32.5 | trade_id=0 | duration_seconds=4292.003539 | duration_minutes=71.5
2025-11-25 15:44:35 | INFO | EXIT_BLOCKED | Cannot exit GODREJPROP-EQ: Pending SELL order already exists for GODREJPROP-EQ (Order ID: 251125001055394)
2025-11-25 15:44:35 | INFO | SL_HIT | 🛑 STOP LOSS HIT | PNBHOUSING-EQ | Entry: ₹885.90 | Exit: ₹881.45 | SL: ₹881.45 | PnL: ₹-48.95 | symbol=PNBHOUSING-EQ | exit_reason=SL_HIT | entry_price=885.9 | exit_price=881.45 | sl_price=881.45 | quantity=11 | pnl=-48.95 | pnl_percent=-0.5 | charges=34.0 | trade_id=0 | duration_seconds=4287.137375 | duration_minutes=71.5
2025-11-25 15:44:35 | INFO | EXIT_BLOCKED | Cannot exit PNBHOUSING-EQ: Pending SELL order already exists for PNBHOUSING-EQ (Order ID: 251125001073992)
2025-11-25 15:44:35 | INFO | MONITOR_SLEEP | Sleeping for 20s (base=20s, consecutive_errors=0, monitoring_suspended=False)
2025-11-25 15:44:55 | INFO | SL_MISSING_DETECTED | SL order missing for BALKRISIND-EQ (retry thread will handle) | symbol=BALKRISIND-EQ | sl_price=2275.55 | retry_count=10
2025-11-25 15:44:55 | INFO | SL_CHECK | Stop-loss hit for BALKRISIND-EQ (last_ltp: 2304.8, sl: 2275.55)
2025-11-25 15:44:55 | INFO | SL_MISSING_DETECTED | SL order missing for GODREJPROP-EQ (retry thread will handle) | symbol=GODREJPROP-EQ | sl_price=2077.05 | retry_count=10
2025-11-25 15:44:55 | INFO | SL_CHECK | Stop-loss hit for GODREJPROP-EQ (last_ltp: 2094.0, sl: 2077.05)
2025-11-25 15:44:55 | INFO | SL_CHECK | Stop-loss hit for PNBHOUSING-EQ (last_ltp: 881.45, sl: 881.45)
2025-11-25 15:44:55 | INFO | BUCKET_LTP_CHECK | Checking bucket 1/3 | symbols=['IOC-EQ', 'M&M-EQ', 'UPL-EQ'] | count=3
2025-11-25 15:44:56 | INFO | BUCKET_LTP_RESULT | Bucket LTP check complete | checked=3 | skipped=0 | bucket_number=1 | total_buckets=3
2025-11-25 15:44:57 | INFO | SL_HIT | 🛑 STOP LOSS HIT | BALKRISIND-EQ | Entry: ₹2287.00 | Exit: ₹2304.80 | SL: ₹2275.55 | PnL: ₹71.20 | symbol=BALKRISIND-EQ | exit_reason=SL_HIT | entry_price=2287.0 | exit_price=2304.8 | sl_price=2275.55 | quantity=4 | pnl=71.2 | pnl_percent=0.78 | charges=33.32 | trade_id=0 | duration_seconds=5211.908188 | duration_minutes=86.9
2025-11-25 15:44:57 | INFO | EXIT_BLOCKED | Cannot exit BALKRISIND-EQ: Pending SELL order already exists for BALKRISIND-EQ (Order ID: 251125000975801)
2025-11-25 15:44:57 | INFO | SL_HIT | 🛑 STOP LOSS HIT | GODREJPROP-EQ | Entry: ₹2087.50 | Exit: ₹2094.00 | SL: ₹2077.05 | PnL: ₹26.00 | symbol=GODREJPROP-EQ | exit_reason=SL_HIT | entry_price=2087.5 | exit_price=2094.0 | sl_price=2077.05 | quantity=4 | pnl=26.0 | pnl_percent=0.31 | charges=32.5 | trade_id=0 | duration_seconds=4313.858929 | duration_minutes=71.9
2025-11-25 15:44:57 | INFO | EXIT_BLOCKED | Cannot exit GODREJPROP-EQ: Pending SELL order already exists for GODREJPROP-EQ (Order ID: 251125001055394)
2025-11-25 15:44:57 | INFO | SL_HIT | 🛑 STOP LOSS HIT | PNBHOUSING-EQ | Entry: ₹885.90 | Exit: ₹881.45 | SL: ₹881.45 | PnL: ₹-48.95 | symbol=PNBHOUSING-EQ | exit_reason=SL_HIT | entry_price=885.9 | exit_price=881.45 | sl_price=881.45 | quantity=11 | pnl=-48.95 | pnl_percent=-0.5 | charges=34.0 | trade_id=0 | duration_seconds=4308.992136 | duration_minutes=71.8
2025-11-25 15:44:57 | INFO | EXIT_BLOCKED | Cannot exit PNBHOUSING-EQ: Pending SELL order already exists for PNBHOUSING-EQ (Order ID: 251125001073992)
2025-11-25 15:44:57 | INFO | MONITOR | Paper trades checked (next in 60s)
2025-11-25 15:44:57 | INFO | MONITOR_SLEEP | Sleeping for 20s (base=20s, consecutive_errors=0, monitoring_suspended=False)
2025-11-25 15:45:17 | INFO | SL_MISSING_DETECTED | SL order missing for BALKRISIND-EQ (retry thread will handle) | symbol=BALKRISIND-EQ | sl_price=2275.55 | retry_count=10
2025-11-25 15:45:17 | INFO | SL_CHECK | Stop-loss hit for BALKRISIND-EQ (last_ltp: 2304.8, sl: 2275.55)
2025-11-25 15:45:17 | INFO | SL_MISSING_DETECTED | SL order missing for GODREJPROP-EQ (retry thread will handle) | symbol=GODREJPROP-EQ | sl_price=2077.05 | retry_count=10
2025-11-25 15:45:17 | INFO | SL_CHECK | Stop-loss hit for GODREJPROP-EQ (last_ltp: 2094.0, sl: 2077.05)
2025-11-25 15:45:17 | INFO | SL_CHECK | Stop-loss hit for PNBHOUSING-EQ (last_ltp: 881.45, sl: 881.45)
2025-11-25 15:45:17 | INFO | BUCKET_LTP_CHECK | Checking bucket 2/3 | symbols=['CHAMBLFERT-EQ', 'BALKRISIND-EQ', 'GODREJPROP-EQ'] | count=3
2025-11-25 15:45:18 | INFO | BUCKET_LTP_RESULT | Bucket LTP check complete | checked=3 | skipped=0 | bucket_number=2 | total_buckets=3
2025-11-25 15:45:18 | INFO | SL_HIT | 🛑 STOP LOSS HIT | BALKRISIND-EQ | Entry: ₹2287.00 | Exit: ₹2304.80 | SL: ₹2275.55 | PnL: ₹71.20 | symbol=BALKRISIND-EQ | exit_reason=SL_HIT | entry_price=2287.0 | exit_price=2304.8 | sl_price=2275.55 | quantity=4 | pnl=71.2 | pnl_percent=0.78 | charges=33.32 | trade_id=0 | duration_seconds=5233.785908 | duration_minutes=87.2
2025-11-25 15:45:18 | INFO | EXIT_BLOCKED | Cannot exit BALKRISIND-EQ: Pending SELL order already exists for BALKRISIND-EQ (Order ID: 251125000975801)
2025-11-25 15:45:19 | INFO | SL_HIT | 🛑 STOP LOSS HIT | GODREJPROP-EQ | Entry: ₹2087.50 | Exit: ₹2094.00 | SL: ₹2077.05 | PnL: ₹26.00 | symbol=GODREJPROP-EQ | exit_reason=SL_HIT | entry_price=2087.5 | exit_price=2094.0 | sl_price=2077.05 | quantity=4 | pnl=26.0 | pnl_percent=0.31 | charges=32.5 | trade_id=0 | duration_seconds=4335.736579 | duration_minutes=72.3
2025-11-25 15:45:19 | INFO | EXIT_BLOCKED | Cannot exit GODREJPROP-EQ: Pending SELL order already exists for GODREJPROP-EQ (Order ID: 251125001055394)
2025-11-25 15:45:19 | INFO | SL_HIT | 🛑 STOP LOSS HIT | PNBHOUSING-EQ | Entry: ₹885.90 | Exit: ₹881.45 | SL: ₹881.45 | PnL: ₹-48.95 | symbol=PNBHOUSING-EQ | exit_reason=SL_HIT | entry_price=885.9 | exit_price=881.45 | sl_price=881.45 | quantity=11 | pnl=-48.95 | pnl_percent=-0.5 | charges=34.0 | trade_id=0 | duration_seconds=4330.871006 | duration_minutes=72.2
2025-11-25 15:45:19 | INFO | EXIT_BLOCKED | Cannot exit PNBHOUSING-EQ: Pending SELL order already exists for PNBHOUSING-EQ (Order ID: 251125001073992)
2025-11-25 15:45:19 | INFO | MONITOR_SLEEP | Sleeping for 20s (base=20s, consecutive_errors=0, monitoring_suspended=False)
2025-11-25 15:45:39 | INFO | SL_MISSING_DETECTED | SL order missing for BALKRISIND-EQ (retry thread will handle) | symbol=BALKRISIND-EQ | sl_price=2275.55 | retry_count=10
2025-11-25 15:45:39 | INFO | SL_CHECK | Stop-loss hit for BALKRISIND-EQ (last_ltp: 2304.8, sl: 2275.55)
2025-11-25 15:45:39 | INFO | SL_MISSING_DETECTED | SL order missing for GODREJPROP-EQ (retry thread will handle) | symbol=GODREJPROP-EQ | sl_price=2077.05 | retry_count=10
2025-11-25 15:45:39 | INFO | SL_CHECK | Stop-loss hit for GODREJPROP-EQ (last_ltp: 2094.0, sl: 2077.05)
2025-11-25 15:45:39 | INFO | SL_CHECK | Stop-loss hit for PNBHOUSING-EQ (last_ltp: 881.45, sl: 881.45)
2025-11-25 15:45:39 | INFO | BUCKET_LTP_CHECK | Checking bucket 0/3 | symbols=['PNBHOUSING-EQ'] | count=1
2025-11-25 15:45:39 | INFO | BUCKET_LTP_RESULT | Bucket LTP check complete | checked=1 | skipped=0 | bucket_number=0 | total_buckets=3
2025-11-25 15:45:40 | INFO | SL_HIT | 🛑 STOP LOSS HIT | BALKRISIND-EQ | Entry: ₹2287.00 | Exit: ₹2304.80 | SL: ₹2275.55 | PnL: ₹71.20 | symbol=BALKRISIND-EQ | exit_reason=SL_HIT | entry_price=2287.0 | exit_price=2304.8 | sl_price=2275.55 | quantity=4 | pnl=71.2 | pnl_percent=0.78 | charges=33.32 | trade_id=0 | duration_seconds=5255.154168 | duration_minutes=87.6
2025-11-25 15:45:40 | INFO | EXIT_BLOCKED | Cannot exit BALKRISIND-EQ: Pending SELL order already exists for BALKRISIND-EQ (Order ID: 251125000975801)
2025-11-25 15:45:40 | INFO | SL_HIT | 🛑 STOP LOSS HIT | GODREJPROP-EQ | Entry: ₹2087.50 | Exit: ₹2094.00 | SL: ₹2077.05 | PnL: ₹26.00 | symbol=GODREJPROP-EQ | exit_reason=SL_HIT | entry_price=2087.5 | exit_price=2094.0 | sl_price=2077.05 | quantity=4 | pnl=26.0 | pnl_percent=0.31 | charges=32.5 | trade_id=0 | duration_seconds=4357.105024 | duration_minutes=72.6
2025-11-25 15:45:40 | INFO | EXIT_BLOCKED | Cannot exit GODREJPROP-EQ: Pending SELL order already exists for GODREJPROP-EQ (Order ID: 251125001055394)
2025-11-25 15:45:40 | INFO | SL_HIT | 🛑 STOP LOSS HIT | PNBHOUSING-EQ | Entry: ₹885.90 | Exit: ₹881.45 | SL: ₹881.45 | PnL: ₹-48.95 | symbol=PNBHOUSING-EQ | exit_reason=SL_HIT | entry_price=885.9 | exit_price=881.45 | sl_price=881.45 | quantity=11 | pnl=-48.95 | pnl_percent=-0.5 | charges=34.0 | trade_id=0 | duration_seconds=4352.238363 | duration_minutes=72.5
2025-11-25 15:45:40 | INFO | EXIT_BLOCKED | Cannot exit PNBHOUSING-EQ: Pending SELL order already exists for PNBHOUSING-EQ (Order ID: 251125001073992)
2025-11-25 15:45:40 | INFO | MONITOR_SLEEP | Sleeping for 20s (base=20s, consecutive_errors=0, monitoring_suspended=False)
2025-11-25 15:46:00 | INFO | SL_MISSING_DETECTED | SL order missing for BALKRISIND-EQ (retry thread will handle) | symbol=BALKRISIND-EQ | sl_price=2275.55 | retry_count=10
2025-11-25 15:46:00 | INFO | SL_CHECK | Stop-loss hit for BALKRISIND-EQ (last_ltp: 2304.8, sl: 2275.55)
2025-11-25 15:46:00 | INFO | SL_MISSING_DETECTED | SL order missing for GODREJPROP-EQ (retry thread will handle) | symbol=GODREJPROP-EQ | sl_price=2077.05 | retry_count=10
2025-11-25 15:46:00 | INFO | SL_CHECK | Stop-loss hit for GODREJPROP-EQ (last_ltp: 2094.0, sl: 2077.05)
2025-11-25 15:46:00 | INFO | SL_CHECK | Stop-loss hit for PNBHOUSING-EQ (last_ltp: 881.45, sl: 881.45)
2025-11-25 15:46:00 | INFO | BUCKET_LTP_CHECK | Checking bucket 1/3 | symbols=['IOC-EQ', 'M&M-EQ', 'UPL-EQ'] | count=3
2025-11-25 15:46:01 | INFO | BUCKET_LTP_RESULT | Bucket LTP check complete | checked=3 | skipped=0 | bucket_number=1 | total_buckets=3
2025-11-25 15:46:02 | INFO | SL_HIT | 🛑 STOP LOSS HIT | BALKRISIND-EQ | Entry: ₹2287.00 | Exit: ₹2304.80 | SL: ₹2275.55 | PnL: ₹71.20 | symbol=BALKRISIND-EQ | exit_reason=SL_HIT | entry_price=2287.0 | exit_price=2304.8 | sl_price=2275.55 | quantity=4 | pnl=71.2 | pnl_percent=0.78 | charges=33.32 | trade_id=0 | duration_seconds=5277.009665 | duration_minutes=88.0
2025-11-25 15:46:02 | INFO | EXIT_BLOCKED | Cannot exit BALKRISIND-EQ: Pending SELL order already exists for BALKRISIND-EQ (Order ID: 251125000975801)
2025-11-25 15:46:02 | INFO | SL_HIT | 🛑 STOP LOSS HIT | GODREJPROP-EQ | Entry: ₹2087.50 | Exit: ₹2094.00 | SL: ₹2077.05 | PnL: ₹26.00 | symbol=GODREJPROP-EQ | exit_reason=SL_HIT | entry_price=2087.5 | exit_price=2094.0 | sl_price=2077.05 | quantity=4 | pnl=26.0 | pnl_percent=0.31 | charges=32.5 | trade_id=0 | duration_seconds=4378.962544 | duration_minutes=73.0
2025-11-25 15:46:02 | INFO | EXIT_BLOCKED | Cannot exit GODREJPROP-EQ: Pending SELL order already exists for GODREJPROP-EQ (Order ID: 251125001055394)
2025-11-25 15:46:02 | INFO | SL_HIT | 🛑 STOP LOSS HIT | PNBHOUSING-EQ | Entry: ₹885.90 | Exit: ₹881.45 | SL: ₹881.45 | PnL: ₹-48.95 | symbol=PNBHOUSING-EQ | exit_reason=SL_HIT | entry_price=885.9 | exit_price=881.45 | sl_price=881.45 | quantity=11 | pnl=-48.95 | pnl_percent=-0.5 | charges=34.0 | trade_id=0 | duration_seconds=4374.095906 | duration_minutes=72.9
2025-11-25 15:46:02 | INFO | EXIT_BLOCKED | Cannot exit PNBHOUSING-EQ: Pending SELL order already exists for PNBHOUSING-EQ (Order ID: 251125001073992)
2025-11-25 15:46:02 | INFO | MONITOR | Paper trades checked (next in 60s)
2025-11-25 15:46:02 | INFO | MONITOR_SLEEP | Sleeping for 20s (base=20s, consecutive_errors=0, monitoring_suspended=False)
2025-11-25 15:46:22 | INFO | SL_MISSING_DETECTED | SL order missing for BALKRISIND-EQ (retry thread will handle) | symbol=BALKRISIND-EQ | sl_price=2275.55 | retry_count=10
2025-11-25 15:46:22 | INFO | SL_CHECK | Stop-loss hit for BALKRISIND-EQ (last_ltp: 2304.8, sl: 2275.55)
2025-11-25 15:46:22 | INFO | SL_MISSING_DETECTED | SL order missing for GODREJPROP-EQ (retry thread will handle) | symbol=GODREJPROP-EQ | sl_price=2077.05 | retry_count=10
2025-11-25 15:46:22 | INFO | SL_CHECK | Stop-loss hit for GODREJPROP-EQ (last_ltp: 2094.0, sl: 2077.05)
2025-11-25 15:46:22 | INFO | SL_CHECK | Stop-loss hit for PNBHOUSING-EQ (last_ltp: 881.45, sl: 881.45)
2025-11-25 15:46:22 | INFO | BUCKET_LTP_CHECK | Checking bucket 2/3 | symbols=['CHAMBLFERT-EQ', 'BALKRISIND-EQ', 'GODREJPROP-EQ'] | count=3
2025-11-25 15:46:23 | INFO | BUCKET_LTP_RESULT | Bucket LTP check complete | checked=3 | skipped=0 | bucket_number=2 | total_buckets=3
2025-11-25 15:46:23 | INFO | SL_HIT | 🛑 STOP LOSS HIT | BALKRISIND-EQ | Entry: ₹2287.00 | Exit: ₹2304.80 | SL: ₹2275.55 | PnL: ₹71.20 | symbol=BALKRISIND-EQ | exit_reason=SL_HIT | entry_price=2287.0 | exit_price=2304.8 | sl_price=2275.55 | quantity=4 | pnl=71.2 | pnl_percent=0.78 | charges=33.32 | trade_id=0 | duration_seconds=5298.895789 | duration_minutes=88.3
2025-11-25 15:46:23 | INFO | EXIT_BLOCKED | Cannot exit BALKRISIND-EQ: Pending SELL order already exists for BALKRISIND-EQ (Order ID: 251125000975801)
2025-11-25 15:46:24 | INFO | SL_HIT | 🛑 STOP LOSS HIT | GODREJPROP-EQ | Entry: ₹2087.50 | Exit: ₹2094.00 | SL: ₹2077.05 | PnL: ₹26.00 | symbol=GODREJPROP-EQ | exit_reason=SL_HIT | entry_price=2087.5 | exit_price=2094.0 | sl_price=2077.05 | quantity=4 | pnl=26.0 | pnl_percent=0.31 | charges=32.5 | trade_id=0 | duration_seconds=4400.848631 | duration_minutes=73.3
2025-11-25 15:46:24 | INFO | EXIT_BLOCKED | Cannot exit GODREJPROP-EQ: Pending SELL order already exists for GODREJPROP-EQ (Order ID: 251125001055394)
2025-11-25 15:46:24 | INFO | SL_HIT | 🛑 STOP LOSS HIT | PNBHOUSING-EQ | Entry: ₹885.90 | Exit: ₹881.45 | SL: ₹881.45 | PnL: ₹-48.95 | symbol=PNBHOUSING-EQ | exit_reason=SL_HIT | entry_price=885.9 | exit_price=881.45 | sl_price=881.45 | quantity=11 | pnl=-48.95 | pnl_percent=-0.5 | charges=34.0 | trade_id=0 | duration_seconds=4395.982713 | duration_minutes=73.3
2025-11-25 15:46:24 | INFO | EXIT_BLOCKED | Cannot exit PNBHOUSING-EQ: Pending SELL order already exists for PNBHOUSING-EQ (Order ID: 251125001073992)
2025-11-25 15:46:24 | INFO | MONITOR_SLEEP | Sleeping for 20s (base=20s, consecutive_errors=0, monitoring_suspended=False)
2025-11-25 15:46:44 | INFO | SL_MISSING_DETECTED | SL order missing for BALKRISIND-EQ (retry thread will handle) | symbol=BALKRISIND-EQ | sl_price=2275.55 | retry_count=10
2025-11-25 15:46:44 | INFO | SL_CHECK | Stop-loss hit for BALKRISIND-EQ (last_ltp: 2304.8, sl: 2275.55)
2025-11-25 15:46:44 | INFO | SL_MISSING_DETECTED | SL order missing for GODREJPROP-EQ (retry thread will handle) | symbol=GODREJPROP-EQ | sl_price=2077.05 | retry_count=10
2025-11-25 15:46:44 | INFO | SL_CHECK | Stop-loss hit for GODREJPROP-EQ (last_ltp: 2094.0, sl: 2077.05)
2025-11-25 15:46:44 | INFO | SL_CHECK | Stop-loss hit for PNBHOUSING-EQ (last_ltp: 881.45, sl: 881.45)
2025-11-25 15:46:44 | INFO | BUCKET_LTP_CHECK | Checking bucket 0/3 | symbols=['PNBHOUSING-EQ'] | count=1
2025-11-25 15:46:44 | INFO | BUCKET_LTP_RESULT | Bucket LTP check complete | checked=1 | skipped=0 | bucket_number=0 | total_buckets=3
2025-11-25 15:46:45 | INFO | SL_HIT | 🛑 STOP LOSS HIT | BALKRISIND-EQ | Entry: ₹2287.00 | Exit: ₹2304.80 | SL: ₹2275.55 | PnL: ₹71.20 | symbol=BALKRISIND-EQ | exit_reason=SL_HIT | entry_price=2287.0 | exit_price=2304.8 | sl_price=2275.55 | quantity=4 | pnl=71.2 | pnl_percent=0.78 | charges=33.32 | trade_id=0 | duration_seconds=5320.236559 | duration_minutes=88.7
2025-11-25 15:46:45 | INFO | EXIT_BLOCKED | Cannot exit BALKRISIND-EQ: Pending SELL order already exists for BALKRISIND-EQ (Order ID: 251125000975801)
2025-11-25 15:46:45 | INFO | SL_HIT | 🛑 STOP LOSS HIT | GODREJPROP-EQ | Entry: ₹2087.50 | Exit: ₹2094.00 | SL: ₹2077.05 | PnL: ₹26.00 | symbol=GODREJPROP-EQ | exit_reason=SL_HIT | entry_price=2087.5 | exit_price=2094.0 | sl_price=2077.05 | quantity=4 | pnl=26.0 | pnl_percent=0.31 | charges=32.5 | trade_id=0 | duration_seconds=4422.187435 | duration_minutes=73.7
2025-11-25 15:46:45 | INFO | EXIT_BLOCKED | Cannot exit GODREJPROP-EQ: Pending SELL order already exists for GODREJPROP-EQ (Order ID: 251125001055394)
2025-11-25 15:46:45 | INFO | SL_HIT | 🛑 STOP LOSS HIT | PNBHOUSING-EQ | Entry: ₹885.90 | Exit: ₹881.45 | SL: ₹881.45 | PnL: ₹-48.95 | symbol=PNBHOUSING-EQ | exit_reason=SL_HIT | entry_price=885.9 | exit_price=881.45 | sl_price=881.45 | quantity=11 | pnl=-48.95 | pnl_percent=-0.5 | charges=34.0 | trade_id=0 | duration_seconds=4417.32044 | duration_minutes=73.6
2025-11-25 15:46:45 | INFO | EXIT_BLOCKED | Cannot exit PNBHOUSING-EQ: Pending SELL order already exists for PNBHOUSING-EQ (Order ID: 251125001073992)
2025-11-25 15:46:45 | INFO | MONITOR_SLEEP | Sleeping for 20s (base=20s, consecutive_errors=0, monitoring_suspended=False)
2025-11-25 15:47:05 | INFO | SL_MISSING_DETECTED | SL order missing for BALKRISIND-EQ (retry thread will handle) | symbol=BALKRISIND-EQ | sl_price=2275.55 | retry_count=10
2025-11-25 15:47:05 | INFO | SL_CHECK | Stop-loss hit for BALKRISIND-EQ (last_ltp: 2304.8, sl: 2275.55)
2025-11-25 15:47:05 | INFO | SL_MISSING_DETECTED | SL order missing for GODREJPROP-EQ (retry thread will handle) | symbol=GODREJPROP-EQ | sl_price=2077.05 | retry_count=10
2025-11-25 15:47:05 | INFO | SL_CHECK | Stop-loss hit for GODREJPROP-EQ (last_ltp: 2094.0, sl: 2077.05)
2025-11-25 15:47:05 | INFO | SL_CHECK | Stop-loss hit for PNBHOUSING-EQ (last_ltp: 881.45, sl: 881.45)
2025-11-25 15:47:05 | INFO | BUCKET_LTP_CHECK | Checking bucket 1/3 | symbols=['IOC-EQ', 'M&M-EQ', 'UPL-EQ'] | count=3
2025-11-25 15:47:06 | INFO | BUCKET_LTP_RESULT | Bucket LTP check complete | checked=3 | skipped=0 | bucket_number=1 | total_buckets=3
2025-11-25 15:47:07 | INFO | SL_HIT | 🛑 STOP LOSS HIT | BALKRISIND-EQ | Entry: ₹2287.00 | Exit: ₹2304.80 | SL: ₹2275.55 | PnL: ₹71.20 | symbol=BALKRISIND-EQ | exit_reason=SL_HIT | entry_price=2287.0 | exit_price=2304.8 | sl_price=2275.55 | quantity=4 | pnl=71.2 | pnl_percent=0.78 | charges=33.32 | trade_id=0 | duration_seconds=5342.109237 | duration_minutes=89.0
2025-11-25 15:47:07 | INFO | EXIT_BLOCKED | Cannot exit BALKRISIND-EQ: Pending SELL order already exists for BALKRISIND-EQ (Order ID: 251125000975801)
2025-11-25 15:47:07 | INFO | SL_HIT | 🛑 STOP LOSS HIT | GODREJPROP-EQ | Entry: ₹2087.50 | Exit: ₹2094.00 | SL: ₹2077.05 | PnL: ₹26.00 | symbol=GODREJPROP-EQ | exit_reason=SL_HIT | entry_price=2087.5 | exit_price=2094.0 | sl_price=2077.05 | quantity=4 | pnl=26.0 | pnl_percent=0.31 | charges=32.5 | trade_id=0 | duration_seconds=4444.061825 | duration_minutes=74.1
2025-11-25 15:47:07 | INFO | EXIT_BLOCKED | Cannot exit GODREJPROP-EQ: Pending SELL order already exists for GODREJPROP-EQ (Order ID: 251125001055394)
2025-11-25 15:47:07 | INFO | SL_HIT | 🛑 STOP LOSS HIT | PNBHOUSING-EQ | Entry: ₹885.90 | Exit: ₹881.45 | SL: ₹881.45 | PnL: ₹-48.95 | symbol=PNBHOUSING-EQ | exit_reason=SL_HIT | entry_price=885.9 | exit_price=881.45 | sl_price=881.45 | quantity=11 | pnl=-48.95 | pnl_percent=-0.5 | charges=34.0 | trade_id=0 | duration_seconds=4439.195064 | duration_minutes=74.0
2025-11-25 15:47:07 | INFO | EXIT_BLOCKED | Cannot exit PNBHOUSING-EQ: Pending SELL order already exists for PNBHOUSING-EQ (Order ID: 251125001073992)
2025-11-25 15:47:07 | INFO | MONITOR | Paper trades checked (next in 60s)
2025-11-25 15:47:07 | INFO | MONITOR_SLEEP | Sleeping for 20s (base=20s, consecutive_errors=0, monitoring_suspended=False)
2025-11-25 15:47:27 | INFO | SL_MISSING_DETECTED | SL order missing for BALKRISIND-EQ (retry thread will handle) | symbol=BALKRISIND-EQ | sl_price=2275.55 | retry_count=10
2025-11-25 15:47:27 | INFO | SL_CHECK | Stop-loss hit for BALKRISIND-EQ (last_ltp: 2304.8, sl: 2275.55)
2025-11-25 15:47:27 | INFO | SL_MISSING_DETECTED | SL order missing for GODREJPROP-EQ (retry thread will handle) | symbol=GODREJPROP-EQ | sl_price=2077.05 | retry_count=10
2025-11-25 15:47:27 | INFO | SL_CHECK | Stop-loss hit for GODREJPROP-EQ (last_ltp: 2094.0, sl: 2077.05)
2025-11-25 15:47:27 | INFO | SL_CHECK | Stop-loss hit for PNBHOUSING-EQ (last_ltp: 881.45, sl: 881.45)
2025-11-25 15:47:27 | INFO | BUCKET_LTP_CHECK | Checking bucket 2/3 | symbols=['CHAMBLFERT-EQ', 'BALKRISIND-EQ', 'GODREJPROP-EQ'] | count=3
2025-11-25 15:47:28 | INFO | BUCKET_LTP_RESULT | Bucket LTP check complete | checked=3 | skipped=0 | bucket_number=2 | total_buckets=3
2025-11-25 15:47:29 | INFO | SL_HIT | 🛑 STOP LOSS HIT | BALKRISIND-EQ | Entry: ₹2287.00 | Exit: ₹2304.80 | SL: ₹2275.55 | PnL: ₹71.20 | symbol=BALKRISIND-EQ | exit_reason=SL_HIT | entry_price=2287.0 | exit_price=2304.8 | sl_price=2275.55 | quantity=4 | pnl=71.2 | pnl_percent=0.78 | charges=33.32 | trade_id=0 | duration_seconds=5363.967639 | duration_minutes=89.4
2025-11-25 15:47:29 | INFO | EXIT_BLOCKED | Cannot exit BALKRISIND-EQ: Pending SELL order already exists for BALKRISIND-EQ (Order ID: 251125000975801)
2025-11-25 15:47:29 | INFO | SL_HIT | 🛑 STOP LOSS HIT | GODREJPROP-EQ | Entry: ₹2087.50 | Exit: ₹2094.00 | SL: ₹2077.05 | PnL: ₹26.00 | symbol=GODREJPROP-EQ | exit_reason=SL_HIT | entry_price=2087.5 | exit_price=2094.0 | sl_price=2077.05 | quantity=4 | pnl=26.0 | pnl_percent=0.31 | charges=32.5 | trade_id=0 | duration_seconds=4465.918337 | duration_minutes=74.4
2025-11-25 15:47:29 | INFO | EXIT_BLOCKED | Cannot exit GODREJPROP-EQ: Pending SELL order already exists for GODREJPROP-EQ (Order ID: 251125001055394)
2025-11-25 15:47:29 | INFO | SL_HIT | 🛑 STOP LOSS HIT | PNBHOUSING-EQ | Entry: ₹885.90 | Exit: ₹881.45 | SL: ₹881.45 | PnL: ₹-48.95 | symbol=PNBHOUSING-EQ | exit_reason=SL_HIT | entry_price=885.9 | exit_price=881.45 | sl_price=881.45 | quantity=11 | pnl=-48.95 | pnl_percent=-0.5 | charges=34.0 | trade_id=0 | duration_seconds=4461.051501 | duration_minutes=74.4
2025-11-25 15:47:29 | INFO | EXIT_BLOCKED | Cannot exit PNBHOUSING-EQ: Pending SELL order already exists for PNBHOUSING-EQ (Order ID: 251125001073992)
2025-11-25 15:47:29 | INFO | MONITOR_SLEEP | Sleeping for 20s (base=20s, consecutive_errors=0, monitoring_suspended=False)
2025-11-25 15:47:49 | INFO | SL_MISSING_DETECTED | SL order missing for BALKRISIND-EQ (retry thread will handle) | symbol=BALKRISIND-EQ | sl_price=2275.55 | retry_count=10
2025-11-25 15:47:49 | INFO | SL_CHECK | Stop-loss hit for BALKRISIND-EQ (last_ltp: 2304.8, sl: 2275.55)
2025-11-25 15:47:49 | INFO | SL_MISSING_DETECTED | SL order missing for GODREJPROP-EQ (retry thread will handle) | symbol=GODREJPROP-EQ | sl_price=2077.05 | retry_count=10
2025-11-25 15:47:49 | INFO | SL_CHECK | Stop-loss hit for GODREJPROP-EQ (last_ltp: 2094.0, sl: 2077.05)
2025-11-25 15:47:49 | INFO | SL_CHECK | Stop-loss hit for PNBHOUSING-EQ (last_ltp: 881.45, sl: 881.45)
2025-11-25 15:47:49 | INFO | BUCKET_LTP_CHECK | Checking bucket 0/3 | symbols=['PNBHOUSING-EQ'] | count=1
2025-11-25 15:47:49 | INFO | BUCKET_LTP_RESULT | Bucket LTP check complete | checked=1 | skipped=0 | bucket_number=0 | total_buckets=3
2025-11-25 15:47:50 | INFO | SL_HIT | 🛑 STOP LOSS HIT | BALKRISIND-EQ | Entry: ₹2287.00 | Exit: ₹2304.80 | SL: ₹2275.55 | PnL: ₹71.20 | symbol=BALKRISIND-EQ | exit_reason=SL_HIT | entry_price=2287.0 | exit_price=2304.8 | sl_price=2275.55 | quantity=4 | pnl=71.2 | pnl_percent=0.78 | charges=33.32 | trade_id=0 | duration_seconds=5385.29369 | duration_minutes=89.8
2025-11-25 15:47:50 | INFO | EXIT_BLOCKED | Cannot exit BALKRISIND-EQ: Pending SELL order already exists for BALKRISIND-EQ (Order ID: 251125000975801)
2025-11-25 15:47:50 | INFO | SL_HIT | 🛑 STOP LOSS HIT | GODREJPROP-EQ | Entry: ₹2087.50 | Exit: ₹2094.00 | SL: ₹2077.05 | PnL: ₹26.00 | symbol=GODREJPROP-EQ | exit_reason=SL_HIT | entry_price=2087.5 | exit_price=2094.0 | sl_price=2077.05 | quantity=4 | pnl=26.0 | pnl_percent=0.31 | charges=32.5 | trade_id=0 | duration_seconds=4487.244482 | duration_minutes=74.8
2025-11-25 15:47:50 | INFO | EXIT_BLOCKED | Cannot exit GODREJPROP-EQ: Pending SELL order already exists for GODREJPROP-EQ (Order ID: 251125001055394)
2025-11-25 15:47:50 | INFO | SL_HIT | 🛑 STOP LOSS HIT | PNBHOUSING-EQ | Entry: ₹885.90 | Exit: ₹881.45 | SL: ₹881.45 | PnL: ₹-48.95 | symbol=PNBHOUSING-EQ | exit_reason=SL_HIT | entry_price=885.9 | exit_price=881.45 | sl_price=881.45 | quantity=11 | pnl=-48.95 | pnl_percent=-0.5 | charges=34.0 | trade_id=0 | duration_seconds=4482.377621 | duration_minutes=74.7
2025-11-25 15:47:50 | INFO | EXIT_BLOCKED | Cannot exit PNBHOUSING-EQ: Pending SELL order already exists for PNBHOUSING-EQ (Order ID: 251125001073992)
2025-11-25 15:47:50 | INFO | MONITOR_SLEEP | Sleeping for 20s (base=20s, consecutive_errors=0, monitoring_suspended=False)
2025-11-25 15:48:10 | INFO | SL_MISSING_DETECTED | SL order missing for BALKRISIND-EQ (retry thread will handle) | symbol=BALKRISIND-EQ | sl_price=2275.55 | retry_count=10
2025-11-25 15:48:10 | INFO | SL_CHECK | Stop-loss hit for BALKRISIND-EQ (last_ltp: 2304.8, sl: 2275.55)
2025-11-25 15:48:10 | INFO | SL_MISSING_DETECTED | SL order missing for GODREJPROP-EQ (retry thread will handle) | symbol=GODREJPROP-EQ | sl_price=2077.05 | retry_count=10
2025-11-25 15:48:10 | INFO | SL_CHECK | Stop-loss hit for GODREJPROP-EQ (last_ltp: 2094.0, sl: 2077.05)
2025-11-25 15:48:10 | INFO | SL_CHECK | Stop-loss hit for PNBHOUSING-EQ (last_ltp: 881.45, sl: 881.45)
2025-11-25 15:48:10 | INFO | BUCKET_LTP_CHECK | Checking bucket 1/3 | symbols=['IOC-EQ', 'M&M-EQ', 'UPL-EQ'] | count=3
2025-11-25 15:48:11 | INFO | BUCKET_LTP_RESULT | Bucket LTP check complete | checked=3 | skipped=0 | bucket_number=1 | total_buckets=3
2025-11-25 15:48:12 | INFO | SL_HIT | 🛑 STOP LOSS HIT | BALKRISIND-EQ | Entry: ₹2287.00 | Exit: ₹2304.80 | SL: ₹2275.55 | PnL: ₹71.20 | symbol=BALKRISIND-EQ | exit_reason=SL_HIT | entry_price=2287.0 | exit_price=2304.8 | sl_price=2275.55 | quantity=4 | pnl=71.2 | pnl_percent=0.78 | charges=33.32 | trade_id=0 | duration_seconds=5407.170656 | duration_minutes=90.1
2025-11-25 15:48:12 | INFO | EXIT_BLOCKED | Cannot exit BALKRISIND-EQ: Pending SELL order already exists for BALKRISIND-EQ (Order ID: 251125000975801)
2025-11-25 15:48:12 | INFO | SL_HIT | 🛑 STOP LOSS HIT | GODREJPROP-EQ | Entry: ₹2087.50 | Exit: ₹2094.00 | SL: ₹2077.05 | PnL: ₹26.00 | symbol=GODREJPROP-EQ | exit_reason=SL_HIT | entry_price=2087.5 | exit_price=2094.0 | sl_price=2077.05 | quantity=4 | pnl=26.0 | pnl_percent=0.31 | charges=32.5 | trade_id=0 | duration_seconds=4509.121353 | duration_minutes=75.2
2025-11-25 15:48:12 | INFO | EXIT_BLOCKED | Cannot exit GODREJPROP-EQ: Pending SELL order already exists for GODREJPROP-EQ (Order ID: 251125001055394)
2025-11-25 15:48:12 | INFO | SL_HIT | 🛑 STOP LOSS HIT | PNBHOUSING-EQ | Entry: ₹885.90 | Exit: ₹881.45 | SL: ₹881.45 | PnL: ₹-48.95 | symbol=PNBHOUSING-EQ | exit_reason=SL_HIT | entry_price=885.9 | exit_price=881.45 | sl_price=881.45 | quantity=11 | pnl=-48.95 | pnl_percent=-0.5 | charges=34.0 | trade_id=0 | duration_seconds=4504.254342 | duration_minutes=75.1
2025-11-25 15:48:12 | INFO | EXIT_BLOCKED | Cannot exit PNBHOUSING-EQ: Pending SELL order already exists for PNBHOUSING-EQ (Order ID: 251125001073992)
2025-11-25 15:48:12 | INFO | MONITOR | Paper trades checked (next in 60s)
2025-11-25 15:48:12 | INFO | MONITOR_SLEEP | Sleeping for 20s (base=20s, consecutive_errors=0, monitoring_suspended=False)
2025-11-25 15:48:32 | INFO | SL_MISSING_DETECTED | SL order missing for BALKRISIND-EQ (retry thread will handle) | symbol=BALKRISIND-EQ | sl_price=2275.55 | retry_count=10
2025-11-25 15:48:32 | INFO | SL_CHECK | Stop-loss hit for BALKRISIND-EQ (last_ltp: 2304.8, sl: 2275.55)
2025-11-25 15:48:32 | INFO | SL_MISSING_DETECTED | SL order missing for GODREJPROP-EQ (retry thread will handle) | symbol=GODREJPROP-EQ | sl_price=2077.05 | retry_count=10
2025-11-25 15:48:32 | INFO | SL_CHECK | Stop-loss hit for GODREJPROP-EQ (last_ltp: 2094.0, sl: 2077.05)
2025-11-25 15:48:32 | INFO | SL_CHECK | Stop-loss hit for PNBHOUSING-EQ (last_ltp: 881.45, sl: 881.45)
2025-11-25 15:48:32 | INFO | BUCKET_LTP_CHECK | Checking bucket 2/3 | symbols=['CHAMBLFERT-EQ', 'BALKRISIND-EQ', 'GODREJPROP-EQ'] | count=3
2025-11-25 15:48:33 | INFO | BUCKET_LTP_RESULT | Bucket LTP check complete | checked=3 | skipped=0 | bucket_number=2 | total_buckets=3
2025-11-25 15:48:34 | INFO | SL_HIT | 🛑 STOP LOSS HIT | BALKRISIND-EQ | Entry: ₹2287.00 | Exit: ₹2304.80 | SL: ₹2275.55 | PnL: ₹71.20 | symbol=BALKRISIND-EQ | exit_reason=SL_HIT | entry_price=2287.0 | exit_price=2304.8 | sl_price=2275.55 | quantity=4 | pnl=71.2 | pnl_percent=0.78 | charges=33.32 | trade_id=0 | duration_seconds=5429.010978 | duration_minutes=90.5
2025-11-25 15:48:34 | INFO | EXIT_BLOCKED | Cannot exit BALKRISIND-EQ: Pending SELL order already exists for BALKRISIND-EQ (Order ID: 251125000975801)
2025-11-25 15:48:34 | INFO | SL_HIT | 🛑 STOP LOSS HIT | GODREJPROP-EQ | Entry: ₹2087.50 | Exit: ₹2094.00 | SL: ₹2077.05 | PnL: ₹26.00 | symbol=GODREJPROP-EQ | exit_reason=SL_HIT | entry_price=2087.5 | exit_price=2094.0 | sl_price=2077.05 | quantity=4 | pnl=26.0 | pnl_percent=0.31 | charges=32.5 | trade_id=0 | duration_seconds=4530.962978 | duration_minutes=75.5
2025-11-25 15:48:34 | INFO | EXIT_BLOCKED | Cannot exit GODREJPROP-EQ: Pending SELL order already exists for GODREJPROP-EQ (Order ID: 251125001055394)
2025-11-25 15:48:34 | INFO | SL_HIT | 🛑 STOP LOSS HIT | PNBHOUSING-EQ | Entry: ₹885.90 | Exit: ₹881.45 | SL: ₹881.45 | PnL: ₹-48.95 | symbol=PNBHOUSING-EQ | exit_reason=SL_HIT | entry_price=885.9 | exit_price=881.45 | sl_price=881.45 | quantity=11 | pnl=-48.95 | pnl_percent=-0.5 | charges=34.0 | trade_id=0 | duration_seconds=4526.096521 | duration_minutes=75.4
2025-11-25 15:48:34 | INFO | EXIT_BLOCKED | Cannot exit PNBHOUSING-EQ: Pending SELL order already exists for PNBHOUSING-EQ (Order ID: 251125001073992)
2025-11-25 15:48:34 | INFO | MONITOR_SLEEP | Sleeping for 20s (base=20s, consecutive_errors=0, monitoring_suspended=False)
2025-11-25 15:48:54 | INFO | SL_MISSING_DETECTED | SL order missing for BALKRISIND-EQ (retry thread will handle) | symbol=BALKRISIND-EQ | sl_price=2275.55 | retry_count=10
2025-11-25 15:48:54 | INFO | SL_CHECK | Stop-loss hit for BALKRISIND-EQ (last_ltp: 2304.8, sl: 2275.55)
2025-11-25 15:48:54 | INFO | SL_MISSING_DETECTED | SL order missing for GODREJPROP-EQ (retry thread will handle) | symbol=GODREJPROP-EQ | sl_price=2077.05 | retry_count=10
2025-11-25 15:48:54 | INFO | SL_CHECK | Stop-loss hit for GODREJPROP-EQ (last_ltp: 2094.0, sl: 2077.05)
2025-11-25 15:48:54 | INFO | SL_CHECK | Stop-loss hit for PNBHOUSING-EQ (last_ltp: 881.45, sl: 881.45)
2025-11-25 15:48:54 | INFO | BUCKET_LTP_CHECK | Checking bucket 0/3 | symbols=['PNBHOUSING-EQ'] | count=1
2025-11-25 15:48:54 | INFO | BUCKET_LTP_RESULT | Bucket LTP check complete | checked=1 | skipped=0 | bucket_number=0 | total_buckets=3
2025-11-25 15:48:55 | INFO | SL_HIT | 🛑 STOP LOSS HIT | BALKRISIND-EQ | Entry: ₹2287.00 | Exit: ₹2304.80 | SL: ₹2275.55 | PnL: ₹71.20 | symbol=BALKRISIND-EQ | exit_reason=SL_HIT | entry_price=2287.0 | exit_price=2304.8 | sl_price=2275.55 | quantity=4 | pnl=71.2 | pnl_percent=0.78 | charges=33.32 | trade_id=0 | duration_seconds=5450.345887 | duration_minutes=90.8
2025-11-25 15:48:55 | INFO | EXIT_BLOCKED | Cannot exit BALKRISIND-EQ: Pending SELL order already exists for BALKRISIND-EQ (Order ID: 251125000975801)
2025-11-25 15:48:55 | INFO | SL_HIT | 🛑 STOP LOSS HIT | GODREJPROP-EQ | Entry: ₹2087.50 | Exit: ₹2094.00 | SL: ₹2077.05 | PnL: ₹26.00 | symbol=GODREJPROP-EQ | exit_reason=SL_HIT | entry_price=2087.5 | exit_price=2094.0 | sl_price=2077.05 | quantity=4 | pnl=26.0 | pnl_percent=0.31 | charges=32.5 | trade_id=0 | duration_seconds=4552.296598 | duration_minutes=75.9
2025-11-25 15:48:55 | INFO | EXIT_BLOCKED | Cannot exit GODREJPROP-EQ: Pending SELL order already exists for GODREJPROP-EQ (Order ID: 251125001055394)
2025-11-25 15:48:55 | INFO | SL_HIT | 🛑 STOP LOSS HIT | PNBHOUSING-EQ | Entry: ₹885.90 | Exit: ₹881.45 | SL: ₹881.45 | PnL: ₹-48.95 | symbol=PNBHOUSING-EQ | exit_reason=SL_HIT | entry_price=885.9 | exit_price=881.45 | sl_price=881.45 | quantity=11 | pnl=-48.95 | pnl_percent=-0.5 | charges=34.0 | trade_id=0 | duration_seconds=4547.431021 | duration_minutes=75.8
2025-11-25 15:48:55 | INFO | EXIT_BLOCKED | Cannot exit PNBHOUSING-EQ: Pending SELL order already exists for PNBHOUSING-EQ (Order ID: 251125001073992)
2025-11-25 15:48:55 | INFO | MONITOR_SLEEP | Sleeping for 20s (base=20s, consecutive_errors=0, monitoring_suspended=False)
2025-11-25 15:49:15 | INFO | SL_MISSING_DETECTED | SL order missing for BALKRISIND-EQ (retry thread will handle) | symbol=BALKRISIND-EQ | sl_price=2275.55 | retry_count=10
2025-11-25 15:49:15 | INFO | SL_CHECK | Stop-loss hit for BALKRISIND-EQ (last_ltp: 2304.8, sl: 2275.55)
2025-11-25 15:49:15 | INFO | SL_MISSING_DETECTED | SL order missing for GODREJPROP-EQ (retry thread will handle) | symbol=GODREJPROP-EQ | sl_price=2077.05 | retry_count=10
2025-11-25 15:49:15 | INFO | SL_CHECK | Stop-loss hit for GODREJPROP-EQ (last_ltp: 2094.0, sl: 2077.05)
2025-11-25 15:49:15 | INFO | SL_CHECK | Stop-loss hit for PNBHOUSING-EQ (last_ltp: 881.45, sl: 881.45)
2025-11-25 15:49:15 | INFO | BUCKET_LTP_CHECK | Checking bucket 1/3 | symbols=['IOC-EQ', 'M&M-EQ', 'UPL-EQ'] | count=3
2025-11-25 15:49:16 | INFO | BUCKET_LTP_RESULT | Bucket LTP check complete | checked=3 | skipped=0 | bucket_number=1 | total_buckets=3
2025-11-25 15:49:17 | INFO | SL_HIT | 🛑 STOP LOSS HIT | BALKRISIND-EQ | Entry: ₹2287.00 | Exit: ₹2304.80 | SL: ₹2275.55 | PnL: ₹71.20 | symbol=BALKRISIND-EQ | exit_reason=SL_HIT | entry_price=2287.0 | exit_price=2304.8 | sl_price=2275.55 | quantity=4 | pnl=71.2 | pnl_percent=0.78 | charges=33.32 | trade_id=0 | duration_seconds=5472.208239 | duration_minutes=91.2
2025-11-25 15:49:17 | INFO | EXIT_BLOCKED | Cannot exit BALKRISIND-EQ: Pending SELL order already exists for BALKRISIND-EQ (Order ID: 251125000975801)
2025-11-25 15:49:17 | INFO | SL_HIT | 🛑 STOP LOSS HIT | GODREJPROP-EQ | Entry: ₹2087.50 | Exit: ₹2094.00 | SL: ₹2077.05 | PnL: ₹26.00 | symbol=GODREJPROP-EQ | exit_reason=SL_HIT | entry_price=2087.5 | exit_price=2094.0 | sl_price=2077.05 | quantity=4 | pnl=26.0 | pnl_percent=0.31 | charges=32.5 | trade_id=0 | duration_seconds=4574.159509 | duration_minutes=76.2
2025-11-25 15:49:17 | INFO | EXIT_BLOCKED | Cannot exit GODREJPROP-EQ: Pending SELL order already exists for GODREJPROP-EQ (Order ID: 251125001055394)
2025-11-25 15:49:17 | INFO | SL_HIT | 🛑 STOP LOSS HIT | PNBHOUSING-EQ | Entry: ₹885.90 | Exit: ₹881.45 | SL: ₹881.45 | PnL: ₹-48.95 | symbol=PNBHOUSING-EQ | exit_reason=SL_HIT | entry_price=885.9 | exit_price=881.45 | sl_price=881.45 | quantity=11 | pnl=-48.95 | pnl_percent=-0.5 | charges=34.0 | trade_id=0 | duration_seconds=4569.294391 | duration_minutes=76.2
2025-11-25 15:49:17 | INFO | EXIT_BLOCKED | Cannot exit PNBHOUSING-EQ: Pending SELL order already exists for PNBHOUSING-EQ (Order ID: 251125001073992)
2025-11-25 15:49:17 | INFO | MONITOR | Paper trades checked (next in 60s)
2025-11-25 15:49:17 | INFO | MONITOR_SLEEP | Sleeping for 20s (base=20s, consecutive_errors=0, monitoring_suspended=False)
2025-11-25 15:49:37 | INFO | SL_MISSING_DETECTED | SL order missing for BALKRISIND-EQ (retry thread will handle) | symbol=BALKRISIND-EQ | sl_price=2275.55 | retry_count=10
2025-11-25 15:49:37 | INFO | SL_CHECK | Stop-loss hit for BALKRISIND-EQ (last_ltp: 2304.8, sl: 2275.55)
2025-11-25 15:49:37 | INFO | SL_MISSING_DETECTED | SL order missing for GODREJPROP-EQ (retry thread will handle) | symbol=GODREJPROP-EQ | sl_price=2077.05 | retry_count=10
2025-11-25 15:49:37 | INFO | SL_CHECK | Stop-loss hit for GODREJPROP-EQ (last_ltp: 2094.0, sl: 2077.05)
2025-11-25 15:49:37 | INFO | SL_CHECK | Stop-loss hit for PNBHOUSING-EQ (last_ltp: 881.45, sl: 881.45)
2025-11-25 15:49:37 | INFO | BUCKET_LTP_CHECK | Checking bucket 2/3 | symbols=['CHAMBLFERT-EQ', 'BALKRISIND-EQ', 'GODREJPROP-EQ'] | count=3
2025-11-25 15:49:38 | INFO | BUCKET_LTP_RESULT | Bucket LTP check complete | checked=3 | skipped=0 | bucket_number=2 | total_buckets=3
2025-11-25 15:49:39 | INFO | SL_HIT | 🛑 STOP LOSS HIT | BALKRISIND-EQ | Entry: ₹2287.00 | Exit: ₹2304.80 | SL: ₹2275.55 | PnL: ₹71.20 | symbol=BALKRISIND-EQ | exit_reason=SL_HIT | entry_price=2287.0 | exit_price=2304.8 | sl_price=2275.55 | quantity=4 | pnl=71.2 | pnl_percent=0.78 | charges=33.32 | trade_id=0 | duration_seconds=5494.070852 | duration_minutes=91.6
2025-11-25 15:49:39 | INFO | EXIT_BLOCKED | Cannot exit BALKRISIND-EQ: Pending SELL order already exists for BALKRISIND-EQ (Order ID: 251125000975801)
2025-11-25 15:49:39 | INFO | SL_HIT | 🛑 STOP LOSS HIT | GODREJPROP-EQ | Entry: ₹2087.50 | Exit: ₹2094.00 | SL: ₹2077.05 | PnL: ₹26.00 | symbol=GODREJPROP-EQ | exit_reason=SL_HIT | entry_price=2087.5 | exit_price=2094.0 | sl_price=2077.05 | quantity=4 | pnl=26.0 | pnl_percent=0.31 | charges=32.5 | trade_id=0 | duration_seconds=4596.021521 | duration_minutes=76.6
2025-11-25 15:49:39 | INFO | EXIT_BLOCKED | Cannot exit GODREJPROP-EQ: Pending SELL order already exists for GODREJPROP-EQ (Order ID: 251125001055394)
2025-11-25 15:49:39 | INFO | SL_HIT | 🛑 STOP LOSS HIT | PNBHOUSING-EQ | Entry: ₹885.90 | Exit: ₹881.45 | SL: ₹881.45 | PnL: ₹-48.95 | symbol=PNBHOUSING-EQ | exit_reason=SL_HIT | entry_price=885.9 | exit_price=881.45 | sl_price=881.45 | quantity=11 | pnl=-48.95 | pnl_percent=-0.5 | charges=34.0 | trade_id=0 | duration_seconds=4591.154739 | duration_minutes=76.5
2025-11-25 15:49:39 | INFO | EXIT_BLOCKED | Cannot exit PNBHOUSING-EQ: Pending SELL order already exists for PNBHOUSING-EQ (Order ID: 251125001073992)
2025-11-25 15:49:39 | INFO | MONITOR_SLEEP | Sleeping for 20s (base=20s, consecutive_errors=0, monitoring_suspended=False)
2025-11-25 15:49:59 | INFO | SL_MISSING_DETECTED | SL order missing for BALKRISIND-EQ (retry thread will handle) | symbol=BALKRISIND-EQ | sl_price=2275.55 | retry_count=10
2025-11-25 15:49:59 | INFO | SL_CHECK | Stop-loss hit for BALKRISIND-EQ (last_ltp: 2304.8, sl: 2275.55)
2025-11-25 15:49:59 | INFO | SL_MISSING_DETECTED | SL order missing for GODREJPROP-EQ (retry thread will handle) | symbol=GODREJPROP-EQ | sl_price=2077.05 | retry_count=10
2025-11-25 15:49:59 | INFO | SL_CHECK | Stop-loss hit for GODREJPROP-EQ (last_ltp: 2094.0, sl: 2077.05)
2025-11-25 15:49:59 | INFO | SL_CHECK | Stop-loss hit for PNBHOUSING-EQ (last_ltp: 881.45, sl: 881.45)
2025-11-25 15:49:59 | INFO | BUCKET_LTP_CHECK | Checking bucket 0/3 | symbols=['PNBHOUSING-EQ'] | count=1
2025-11-25 15:49:59 | INFO | BUCKET_LTP_RESULT | Bucket LTP check complete | checked=1 | skipped=0 | bucket_number=0 | total_buckets=3
2025-11-25 15:50:00 | INFO | SL_HIT | 🛑 STOP LOSS HIT | BALKRISIND-EQ | Entry: ₹2287.00 | Exit: ₹2304.80 | SL: ₹2275.55 | PnL: ₹71.20 | symbol=BALKRISIND-EQ | exit_reason=SL_HIT | entry_price=2287.0 | exit_price=2304.8 | sl_price=2275.55 | quantity=4 | pnl=71.2 | pnl_percent=0.78 | charges=33.32 | trade_id=0 | duration_seconds=5515.392958 | duration_minutes=91.9
2025-11-25 15:50:00 | INFO | EXIT_BLOCKED | Cannot exit BALKRISIND-EQ: Pending SELL order already exists for BALKRISIND-EQ (Order ID: 251125000975801)
2025-11-25 15:50:00 | INFO | SL_HIT | 🛑 STOP LOSS HIT | GODREJPROP-EQ | Entry: ₹2087.50 | Exit: ₹2094.00 | SL: ₹2077.05 | PnL: ₹26.00 | symbol=GODREJPROP-EQ | exit_reason=SL_HIT | entry_price=2087.5 | exit_price=2094.0 | sl_price=2077.05 | quantity=4 | pnl=26.0 | pnl_percent=0.31 | charges=32.5 | trade_id=0 | duration_seconds=4617.344533 | duration_minutes=77.0
2025-11-25 15:50:00 | INFO | EXIT_BLOCKED | Cannot exit GODREJPROP-EQ: Pending SELL order already exists for GODREJPROP-EQ (Order ID: 251125001055394)
2025-11-25 15:50:00 | INFO | SL_HIT | 🛑 STOP LOSS HIT | PNBHOUSING-EQ | Entry: ₹885.90 | Exit: ₹881.45 | SL: ₹881.45 | PnL: ₹-48.95 | symbol=PNBHOUSING-EQ | exit_reason=SL_HIT | entry_price=885.9 | exit_price=881.45 | sl_price=881.45 | quantity=11 | pnl=-48.95 | pnl_percent=-0.5 | charges=34.0 | trade_id=0 | duration_seconds=4612.477523 | duration_minutes=76.9
2025-11-25 15:50:00 | INFO | EXIT_BLOCKED | Cannot exit PNBHOUSING-EQ: Pending SELL order already exists for PNBHOUSING-EQ (Order ID: 251125001073992)
2025-11-25 15:50:00 | INFO | MONITOR_SLEEP | Sleeping for 20s (base=20s, consecutive_errors=0, monitoring_suspended=False)
2025-11-25 15:50:20 | INFO | SL_MISSING_DETECTED | SL order missing for BALKRISIND-EQ (retry thread will handle) | symbol=BALKRISIND-EQ | sl_price=2275.55 | retry_count=10
2025-11-25 15:50:20 | INFO | SL_CHECK | Stop-loss hit for BALKRISIND-EQ (last_ltp: 2304.8, sl: 2275.55)
2025-11-25 15:50:20 | INFO | SL_MISSING_DETECTED | SL order missing for GODREJPROP-EQ (retry thread will handle) | symbol=GODREJPROP-EQ | sl_price=2077.05 | retry_count=10
2025-11-25 15:50:20 | INFO | SL_CHECK | Stop-loss hit for GODREJPROP-EQ (last_ltp: 2094.0, sl: 2077.05)
2025-11-25 15:50:20 | INFO | SL_CHECK | Stop-loss hit for PNBHOUSING-EQ (last_ltp: 881.45, sl: 881.45)
2025-11-25 15:50:20 | INFO | BUCKET_LTP_CHECK | Checking bucket 1/3 | symbols=['IOC-EQ', 'M&M-EQ', 'UPL-EQ'] | count=3
2025-11-25 15:50:21 | INFO | BUCKET_LTP_RESULT | Bucket LTP check complete | checked=3 | skipped=0 | bucket_number=1 | total_buckets=3
2025-11-25 15:50:22 | INFO | SL_HIT | 🛑 STOP LOSS HIT | BALKRISIND-EQ | Entry: ₹2287.00 | Exit: ₹2304.80 | SL: ₹2275.55 | PnL: ₹71.20 | symbol=BALKRISIND-EQ | exit_reason=SL_HIT | entry_price=2287.0 | exit_price=2304.8 | sl_price=2275.55 | quantity=4 | pnl=71.2 | pnl_percent=0.78 | charges=33.32 | trade_id=0 | duration_seconds=5537.409224 | duration_minutes=92.3
2025-11-25 15:50:22 | INFO | EXIT_BLOCKED | Cannot exit BALKRISIND-EQ: Pending SELL order already exists for BALKRISIND-EQ (Order ID: 251125000975801)
2025-11-25 15:50:22 | INFO | SL_HIT | 🛑 STOP LOSS HIT | GODREJPROP-EQ | Entry: ₹2087.50 | Exit: ₹2094.00 | SL: ₹2077.05 | PnL: ₹26.00 | symbol=GODREJPROP-EQ | exit_reason=SL_HIT | entry_price=2087.5 | exit_price=2094.0 | sl_price=2077.05 | quantity=4 | pnl=26.0 | pnl_percent=0.31 | charges=32.5 | trade_id=0 | duration_seconds=4639.360018 | duration_minutes=77.3
2025-11-25 15:50:22 | INFO | EXIT_BLOCKED | Cannot exit GODREJPROP-EQ: Pending SELL order already exists for GODREJPROP-EQ (Order ID: 251125001055394)
2025-11-25 15:50:22 | INFO | SL_HIT | 🛑 STOP LOSS HIT | PNBHOUSING-EQ | Entry: ₹885.90 | Exit: ₹881.45 | SL: ₹881.45 | PnL: ₹-48.95 | symbol=PNBHOUSING-EQ | exit_reason=SL_HIT | entry_price=885.9 | exit_price=881.45 | sl_price=881.45 | quantity=11 | pnl=-48.95 | pnl_percent=-0.5 | charges=34.0 | trade_id=0 | duration_seconds=4634.493178 | duration_minutes=77.2
2025-11-25 15:50:22 | INFO | EXIT_BLOCKED | Cannot exit PNBHOUSING-EQ: Pending SELL order already exists for PNBHOUSING-EQ (Order ID: 251125001073992)
2025-11-25 15:50:22 | INFO | MONITOR | Paper trades checked (next in 60s)
2025-11-25 15:50:22 | INFO | MONITOR_SLEEP | Sleeping for 20s (base=20s, consecutive_errors=0, monitoring_suspended=False)
2025-11-25 15:50:42 | INFO | SL_MISSING_DETECTED | SL order missing for BALKRISIND-EQ (retry thread will handle) | symbol=BALKRISIND-EQ | sl_price=2275.55 | retry_count=10
2025-11-25 15:50:42 | INFO | SL_CHECK | Stop-loss hit for BALKRISIND-EQ (last_ltp: 2304.8, sl: 2275.55)
2025-11-25 15:50:42 | INFO | SL_MISSING_DETECTED | SL order missing for GODREJPROP-EQ (retry thread will handle) | symbol=GODREJPROP-EQ | sl_price=2077.05 | retry_count=10
2025-11-25 15:50:42 | INFO | SL_CHECK | Stop-loss hit for GODREJPROP-EQ (last_ltp: 2094.0, sl: 2077.05)
2025-11-25 15:50:42 | INFO | SL_CHECK | Stop-loss hit for PNBHOUSING-EQ (last_ltp: 881.45, sl: 881.45)
2025-11-25 15:50:42 | INFO | BUCKET_LTP_CHECK | Checking bucket 2/3 | symbols=['CHAMBLFERT-EQ', 'BALKRISIND-EQ', 'GODREJPROP-EQ'] | count=3
2025-11-25 15:50:43 | INFO | BUCKET_LTP_RESULT | Bucket LTP check complete | checked=3 | skipped=0 | bucket_number=2 | total_buckets=3
2025-11-25 15:50:44 | INFO | SL_HIT | 🛑 STOP LOSS HIT | BALKRISIND-EQ | Entry: ₹2287.00 | Exit: ₹2304.80 | SL: ₹2275.55 | PnL: ₹71.20 | symbol=BALKRISIND-EQ | exit_reason=SL_HIT | entry_price=2287.0 | exit_price=2304.8 | sl_price=2275.55 | quantity=4 | pnl=71.2 | pnl_percent=0.78 | charges=33.32 | trade_id=0 | duration_seconds=5559.308425 | duration_minutes=92.7
2025-11-25 15:50:44 | INFO | EXIT_BLOCKED | Cannot exit BALKRISIND-EQ: Pending SELL order already exists for BALKRISIND-EQ (Order ID: 251125000975801)
2025-11-25 15:50:44 | INFO | SL_HIT | 🛑 STOP LOSS HIT | GODREJPROP-EQ | Entry: ₹2087.50 | Exit: ₹2094.00 | SL: ₹2077.05 | PnL: ₹26.00 | symbol=GODREJPROP-EQ | exit_reason=SL_HIT | entry_price=2087.5 | exit_price=2094.0 | sl_price=2077.05 | quantity=4 | pnl=26.0 | pnl_percent=0.31 | charges=32.5 | trade_id=0 | duration_seconds=4661.260838 | duration_minutes=77.7
2025-11-25 15:50:44 | INFO | EXIT_BLOCKED | Cannot exit GODREJPROP-EQ: Pending SELL order already exists for GODREJPROP-EQ (Order ID: 251125001055394)
2025-11-25 15:50:44 | INFO | SL_HIT | 🛑 STOP LOSS HIT | PNBHOUSING-EQ | Entry: ₹885.90 | Exit: ₹881.45 | SL: ₹881.45 | PnL: ₹-48.95 | symbol=PNBHOUSING-EQ | exit_reason=SL_HIT | entry_price=885.9 | exit_price=881.45 | sl_price=881.45 | quantity=11 | pnl=-48.95 | pnl_percent=-0.5 | charges=34.0 | trade_id=0 | duration_seconds=4656.395669 | duration_minutes=77.6
2025-11-25 15:50:44 | INFO | EXIT_BLOCKED | Cannot exit PNBHOUSING-EQ: Pending SELL order already exists for PNBHOUSING-EQ (Order ID: 251125001073992)
2025-11-25 15:50:44 | INFO | MONITOR_SLEEP | Sleeping for 20s (base=20s, consecutive_errors=0, monitoring_suspended=False)
2025-11-25 15:51:04 | INFO | SL_MISSING_DETECTED | SL order missing for BALKRISIND-EQ (retry thread will handle) | symbol=BALKRISIND-EQ | sl_price=2275.55 | retry_count=10
2025-11-25 15:51:04 | INFO | SL_CHECK | Stop-loss hit for BALKRISIND-EQ (last_ltp: 2304.8, sl: 2275.55)
2025-11-25 15:51:04 | INFO | SL_MISSING_DETECTED | SL order missing for GODREJPROP-EQ (retry thread will handle) | symbol=GODREJPROP-EQ | sl_price=2077.05 | retry_count=10
2025-11-25 15:51:04 | INFO | SL_CHECK | Stop-loss hit for GODREJPROP-EQ (last_ltp: 2094.0, sl: 2077.05)
2025-11-25 15:51:04 | INFO | SL_CHECK | Stop-loss hit for PNBHOUSING-EQ (last_ltp: 881.45, sl: 881.45)
2025-11-25 15:51:04 | INFO | BUCKET_LTP_CHECK | Checking bucket 0/3 | symbols=['PNBHOUSING-EQ'] | count=1
2025-11-25 15:51:04 | INFO | BUCKET_LTP_RESULT | Bucket LTP check complete | checked=1 | skipped=0 | bucket_number=0 | total_buckets=3
2025-11-25 15:51:05 | INFO | SL_HIT | 🛑 STOP LOSS HIT | BALKRISIND-EQ | Entry: ₹2287.00 | Exit: ₹2304.80 | SL: ₹2275.55 | PnL: ₹71.20 | symbol=BALKRISIND-EQ | exit_reason=SL_HIT | entry_price=2287.0 | exit_price=2304.8 | sl_price=2275.55 | quantity=4 | pnl=71.2 | pnl_percent=0.78 | charges=33.32 | trade_id=0 | duration_seconds=5580.668899 | duration_minutes=93.0
2025-11-25 15:51:05 | INFO | EXIT_BLOCKED | Cannot exit BALKRISIND-EQ: Pending SELL order already exists for BALKRISIND-EQ (Order ID: 251125000975801)
2025-11-25 15:51:05 | INFO | SL_HIT | 🛑 STOP LOSS HIT | GODREJPROP-EQ | Entry: ₹2087.50 | Exit: ₹2094.00 | SL: ₹2077.05 | PnL: ₹26.00 | symbol=GODREJPROP-EQ | exit_reason=SL_HIT | entry_price=2087.5 | exit_price=2094.0 | sl_price=2077.05 | quantity=4 | pnl=26.0 | pnl_percent=0.31 | charges=32.5 | trade_id=0 | duration_seconds=4682.620435 | duration_minutes=78.0
2025-11-25 15:51:05 | INFO | EXIT_BLOCKED | Cannot exit GODREJPROP-EQ: Pending SELL order already exists for GODREJPROP-EQ (Order ID: 251125001055394)
2025-11-25 15:51:06 | INFO | SL_HIT | 🛑 STOP LOSS HIT | PNBHOUSING-EQ | Entry: ₹885.90 | Exit: ₹881.45 | SL: ₹881.45 | PnL: ₹-48.95 | symbol=PNBHOUSING-EQ | exit_reason=SL_HIT | entry_price=885.9 | exit_price=881.45 | sl_price=881.45 | quantity=11 | pnl=-48.95 | pnl_percent=-0.5 | charges=34.0 | trade_id=0 | duration_seconds=4677.753426 | duration_minutes=78.0
2025-11-25 15:51:06 | INFO | EXIT_BLOCKED | Cannot exit PNBHOUSING-EQ: Pending SELL order already exists for PNBHOUSING-EQ (Order ID: 251125001073992)
2025-11-25 15:51:06 | INFO | MONITOR_SLEEP | Sleeping for 20s (base=20s, consecutive_errors=0, monitoring_suspended=False)
2025-11-25 15:51:26 | INFO | SL_MISSING_DETECTED | SL order missing for BALKRISIND-EQ (retry thread will handle) | symbol=BALKRISIND-EQ | sl_price=2275.55 | retry_count=10
2025-11-25 15:51:26 | INFO | SL_CHECK | Stop-loss hit for BALKRISIND-EQ (last_ltp: 2304.8, sl: 2275.55)
2025-11-25 15:51:26 | INFO | SL_MISSING_DETECTED | SL order missing for GODREJPROP-EQ (retry thread will handle) | symbol=GODREJPROP-EQ | sl_price=2077.05 | retry_count=10
2025-11-25 15:51:26 | INFO | SL_CHECK | Stop-loss hit for GODREJPROP-EQ (last_ltp: 2094.0, sl: 2077.05)
2025-11-25 15:51:26 | INFO | SL_CHECK | Stop-loss hit for PNBHOUSING-EQ (last_ltp: 881.45, sl: 881.45)
2025-11-25 15:51:26 | INFO | BUCKET_LTP_CHECK | Checking bucket 1/3 | symbols=['IOC-EQ', 'M&M-EQ', 'UPL-EQ'] | count=3
2025-11-25 15:51:26 | INFO | BUCKET_LTP_RESULT | Bucket LTP check complete | checked=3 | skipped=0 | bucket_number=1 | total_buckets=3
2025-11-25 15:51:27 | INFO | SL_HIT | 🛑 STOP LOSS HIT | BALKRISIND-EQ | Entry: ₹2287.00 | Exit: ₹2304.80 | SL: ₹2275.55 | PnL: ₹71.20 | symbol=BALKRISIND-EQ | exit_reason=SL_HIT | entry_price=2287.0 | exit_price=2304.8 | sl_price=2275.55 | quantity=4 | pnl=71.2 | pnl_percent=0.78 | charges=33.32 | trade_id=0 | duration_seconds=5602.539473 | duration_minutes=93.4
2025-11-25 15:51:27 | INFO | EXIT_BLOCKED | Cannot exit BALKRISIND-EQ: Pending SELL order already exists for BALKRISIND-EQ (Order ID: 251125000975801)
2025-11-25 15:51:27 | INFO | SL_HIT | 🛑 STOP LOSS HIT | GODREJPROP-EQ | Entry: ₹2087.50 | Exit: ₹2094.00 | SL: ₹2077.05 | PnL: ₹26.00 | symbol=GODREJPROP-EQ | exit_reason=SL_HIT | entry_price=2087.5 | exit_price=2094.0 | sl_price=2077.05 | quantity=4 | pnl=26.0 | pnl_percent=0.31 | charges=32.5 | trade_id=0 | duration_seconds=4704.492168 | duration_minutes=78.4
2025-11-25 15:51:27 | INFO | EXIT_BLOCKED | Cannot exit GODREJPROP-EQ: Pending SELL order already exists for GODREJPROP-EQ (Order ID: 251125001055394)
2025-11-25 15:51:28 | INFO | SL_HIT | 🛑 STOP LOSS HIT | PNBHOUSING-EQ | Entry: ₹885.90 | Exit: ₹881.45 | SL: ₹881.45 | PnL: ₹-48.95 | symbol=PNBHOUSING-EQ | exit_reason=SL_HIT | entry_price=885.9 | exit_price=881.45 | sl_price=881.45 | quantity=11 | pnl=-48.95 | pnl_percent=-0.5 | charges=34.0 | trade_id=0 | duration_seconds=4699.625408 | duration_minutes=78.3
2025-11-25 15:51:28 | INFO | EXIT_BLOCKED | Cannot exit PNBHOUSING-EQ: Pending SELL order already exists for PNBHOUSING-EQ (Order ID: 251125001073992)
2025-11-25 15:51:28 | INFO | MONITOR | Paper trades checked (next in 60s)
2025-11-25 15:51:28 | INFO | MONITOR_SLEEP | Sleeping for 20s (base=20s, consecutive_errors=0, monitoring_suspended=False)
2025-11-25 15:51:48 | INFO | SL_MISSING_DETECTED | SL order missing for BALKRISIND-EQ (retry thread will handle) | symbol=BALKRISIND-EQ | sl_price=2275.55 | retry_count=10
2025-11-25 15:51:48 | INFO | SL_CHECK | Stop-loss hit for BALKRISIND-EQ (last_ltp: 2304.8, sl: 2275.55)
2025-11-25 15:51:48 | INFO | SL_MISSING_DETECTED | SL order missing for GODREJPROP-EQ (retry thread will handle) | symbol=GODREJPROP-EQ | sl_price=2077.05 | retry_count=10
2025-11-25 15:51:48 | INFO | SL_CHECK | Stop-loss hit for GODREJPROP-EQ (last_ltp: 2094.0, sl: 2077.05)
2025-11-25 15:51:48 | INFO | SL_CHECK | Stop-loss hit for PNBHOUSING-EQ (last_ltp: 881.45, sl: 881.45)
2025-11-25 15:51:48 | INFO | BUCKET_LTP_CHECK | Checking bucket 2/3 | symbols=['CHAMBLFERT-EQ', 'BALKRISIND-EQ', 'GODREJPROP-EQ'] | count=3
2025-11-25 15:51:48 | INFO | BUCKET_LTP_RESULT | Bucket LTP check complete | checked=3 | skipped=0 | bucket_number=2 | total_buckets=3
2025-11-25 15:51:49 | INFO | SL_HIT | 🛑 STOP LOSS HIT | BALKRISIND-EQ | Entry: ₹2287.00 | Exit: ₹2304.80 | SL: ₹2275.55 | PnL: ₹71.20 | symbol=BALKRISIND-EQ | exit_reason=SL_HIT | entry_price=2287.0 | exit_price=2304.8 | sl_price=2275.55 | quantity=4 | pnl=71.2 | pnl_percent=0.78 | charges=33.32 | trade_id=0 | duration_seconds=5624.42938 | duration_minutes=93.7
2025-11-25 15:51:49 | INFO | EXIT_BLOCKED | Cannot exit BALKRISIND-EQ: Pending SELL order already exists for BALKRISIND-EQ (Order ID: 251125000975801)
2025-11-25 15:51:49 | INFO | SL_HIT | 🛑 STOP LOSS HIT | GODREJPROP-EQ | Entry: ₹2087.50 | Exit: ₹2094.00 | SL: ₹2077.05 | PnL: ₹26.00 | symbol=GODREJPROP-EQ | exit_reason=SL_HIT | entry_price=2087.5 | exit_price=2094.0 | sl_price=2077.05 | quantity=4 | pnl=26.0 | pnl_percent=0.31 | charges=32.5 | trade_id=0 | duration_seconds=4726.380199 | duration_minutes=78.8
2025-11-25 15:51:49 | INFO | EXIT_BLOCKED | Cannot exit GODREJPROP-EQ: Pending SELL order already exists for GODREJPROP-EQ (Order ID: 251125001055394)
2025-11-25 15:51:49 | INFO | SL_HIT | 🛑 STOP LOSS HIT | PNBHOUSING-EQ | Entry: ₹885.90 | Exit: ₹881.45 | SL: ₹881.45 | PnL: ₹-48.95 | symbol=PNBHOUSING-EQ | exit_reason=SL_HIT | entry_price=885.9 | exit_price=881.45 | sl_price=881.45 | quantity=11 | pnl=-48.95 | pnl_percent=-0.5 | charges=34.0 | trade_id=0 | duration_seconds=4721.513472 | duration_minutes=78.7
2025-11-25 15:51:49 | INFO | EXIT_BLOCKED | Cannot exit PNBHOUSING-EQ: Pending SELL order already exists for PNBHOUSING-EQ (Order ID: 251125001073992)
2025-11-25 15:51:49 | INFO | MONITOR_SLEEP | Sleeping for 20s (base=20s, consecutive_errors=0, monitoring_suspended=False)
2025-11-25 15:52:09 | INFO | SL_MISSING_DETECTED | SL order missing for BALKRISIND-EQ (retry thread will handle) | symbol=BALKRISIND-EQ | sl_price=2275.55 | retry_count=10
2025-11-25 15:52:09 | INFO | SL_CHECK | Stop-loss hit for BALKRISIND-EQ (last_ltp: 2304.8, sl: 2275.55)
2025-11-25 15:52:09 | INFO | SL_MISSING_DETECTED | SL order missing for GODREJPROP-EQ (retry thread will handle) | symbol=GODREJPROP-EQ | sl_price=2077.05 | retry_count=10
2025-11-25 15:52:09 | INFO | SL_CHECK | Stop-loss hit for GODREJPROP-EQ (last_ltp: 2094.0, sl: 2077.05)
2025-11-25 15:52:09 | INFO | SL_CHECK | Stop-loss hit for PNBHOUSING-EQ (last_ltp: 881.45, sl: 881.45)
2025-11-25 15:52:09 | INFO | BUCKET_LTP_CHECK | Checking bucket 0/3 | symbols=['PNBHOUSING-EQ'] | count=1
2025-11-25 15:52:10 | INFO | BUCKET_LTP_RESULT | Bucket LTP check complete | checked=1 | skipped=0 | bucket_number=0 | total_buckets=3
2025-11-25 15:52:10 | INFO | SL_HIT | 🛑 STOP LOSS HIT | BALKRISIND-EQ | Entry: ₹2287.00 | Exit: ₹2304.80 | SL: ₹2275.55 | PnL: ₹71.20 | symbol=BALKRISIND-EQ | exit_reason=SL_HIT | entry_price=2287.0 | exit_price=2304.8 | sl_price=2275.55 | quantity=4 | pnl=71.2 | pnl_percent=0.78 | charges=33.32 | trade_id=0 | duration_seconds=5645.756469 | duration_minutes=94.1
2025-11-25 15:52:10 | INFO | EXIT_BLOCKED | Cannot exit BALKRISIND-EQ: Pending SELL order already exists for BALKRISIND-EQ (Order ID: 251125000975801)
2025-11-25 15:52:11 | INFO | SL_HIT | 🛑 STOP LOSS HIT | GODREJPROP-EQ | Entry: ₹2087.50 | Exit: ₹2094.00 | SL: ₹2077.05 | PnL: ₹26.00 | symbol=GODREJPROP-EQ | exit_reason=SL_HIT | entry_price=2087.5 | exit_price=2094.0 | sl_price=2077.05 | quantity=4 | pnl=26.0 | pnl_percent=0.31 | charges=32.5 | trade_id=0 | duration_seconds=4747.707302 | duration_minutes=79.1
2025-11-25 15:52:11 | INFO | EXIT_BLOCKED | Cannot exit GODREJPROP-EQ: Pending SELL order already exists for GODREJPROP-EQ (Order ID: 251125001055394)
2025-11-25 15:52:11 | INFO | SL_HIT | 🛑 STOP LOSS HIT | PNBHOUSING-EQ | Entry: ₹885.90 | Exit: ₹881.45 | SL: ₹881.45 | PnL: ₹-48.95 | symbol=PNBHOUSING-EQ | exit_reason=SL_HIT | entry_price=885.9 | exit_price=881.45 | sl_price=881.45 | quantity=11 | pnl=-48.95 | pnl_percent=-0.5 | charges=34.0 | trade_id=0 | duration_seconds=4742.840681 | duration_minutes=79.0
2025-11-25 15:52:11 | INFO | EXIT_BLOCKED | Cannot exit PNBHOUSING-EQ: Pending SELL order already exists for PNBHOUSING-EQ (Order ID: 251125001073992)
2025-11-25 15:52:11 | INFO | MONITOR_SLEEP | Sleeping for 20s (base=20s, consecutive_errors=0, monitoring_suspended=False)
2025-11-25 15:52:31 | INFO | SL_MISSING_DETECTED | SL order missing for BALKRISIND-EQ (retry thread will handle) | symbol=BALKRISIND-EQ | sl_price=2275.55 | retry_count=10
2025-11-25 15:52:31 | INFO | SL_CHECK | Stop-loss hit for BALKRISIND-EQ (last_ltp: 2304.8, sl: 2275.55)
2025-11-25 15:52:31 | INFO | SL_MISSING_DETECTED | SL order missing for GODREJPROP-EQ (retry thread will handle) | symbol=GODREJPROP-EQ | sl_price=2077.05 | retry_count=10
2025-11-25 15:52:31 | INFO | SL_CHECK | Stop-loss hit for GODREJPROP-EQ (last_ltp: 2094.0, sl: 2077.05)
2025-11-25 15:52:31 | INFO | SL_CHECK | Stop-loss hit for PNBHOUSING-EQ (last_ltp: 881.45, sl: 881.45)
2025-11-25 15:52:31 | INFO | BUCKET_LTP_CHECK | Checking bucket 1/3 | symbols=['IOC-EQ', 'M&M-EQ', 'UPL-EQ'] | count=3
2025-11-25 15:52:31 | INFO | BUCKET_LTP_RESULT | Bucket LTP check complete | checked=3 | skipped=0 | bucket_number=1 | total_buckets=3
2025-11-25 15:52:32 | INFO | SL_HIT | 🛑 STOP LOSS HIT | BALKRISIND-EQ | Entry: ₹2287.00 | Exit: ₹2304.80 | SL: ₹2275.55 | PnL: ₹71.20 | symbol=BALKRISIND-EQ | exit_reason=SL_HIT | entry_price=2287.0 | exit_price=2304.8 | sl_price=2275.55 | quantity=4 | pnl=71.2 | pnl_percent=0.78 | charges=33.32 | trade_id=0 | duration_seconds=5667.638237 | duration_minutes=94.5
2025-11-25 15:52:32 | INFO | EXIT_BLOCKED | Cannot exit BALKRISIND-EQ: Pending SELL order already exists for BALKRISIND-EQ (Order ID: 251125000975801)
2025-11-25 15:52:32 | INFO | SL_HIT | 🛑 STOP LOSS HIT | GODREJPROP-EQ | Entry: ₹2087.50 | Exit: ₹2094.00 | SL: ₹2077.05 | PnL: ₹26.00 | symbol=GODREJPROP-EQ | exit_reason=SL_HIT | entry_price=2087.5 | exit_price=2094.0 | sl_price=2077.05 | quantity=4 | pnl=26.0 | pnl_percent=0.31 | charges=32.5 | trade_id=0 | duration_seconds=4769.588928 | duration_minutes=79.5
2025-11-25 15:52:32 | INFO | EXIT_BLOCKED | Cannot exit GODREJPROP-EQ: Pending SELL order already exists for GODREJPROP-EQ (Order ID: 251125001055394)
2025-11-25 15:52:33 | INFO | SL_HIT | 🛑 STOP LOSS HIT | PNBHOUSING-EQ | Entry: ₹885.90 | Exit: ₹881.45 | SL: ₹881.45 | PnL: ₹-48.95 | symbol=PNBHOUSING-EQ | exit_reason=SL_HIT | entry_price=885.9 | exit_price=881.45 | sl_price=881.45 | quantity=11 | pnl=-48.95 | pnl_percent=-0.5 | charges=34.0 | trade_id=0 | duration_seconds=4764.722044 | duration_minutes=79.4
2025-11-25 15:52:33 | INFO | EXIT_BLOCKED | Cannot exit PNBHOUSING-EQ: Pending SELL order already exists for PNBHOUSING-EQ (Order ID: 251125001073992)
2025-11-25 15:52:33 | INFO | MONITOR | Paper trades checked (next in 60s)
2025-11-25 15:52:33 | INFO | MONITOR_SLEEP | Sleeping for 20s (base=20s, consecutive_errors=0, monitoring_suspended=False)
2025-11-25 15:52:53 | INFO | SL_MISSING_DETECTED | SL order missing for BALKRISIND-EQ (retry thread will handle) | symbol=BALKRISIND-EQ | sl_price=2275.55 | retry_count=10
2025-11-25 15:52:53 | INFO | SL_CHECK | Stop-loss hit for BALKRISIND-EQ (last_ltp: 2304.8, sl: 2275.55)
2025-11-25 15:52:53 | INFO | SL_MISSING_DETECTED | SL order missing for GODREJPROP-EQ (retry thread will handle) | symbol=GODREJPROP-EQ | sl_price=2077.05 | retry_count=10
2025-11-25 15:52:53 | INFO | SL_CHECK | Stop-loss hit for GODREJPROP-EQ (last_ltp: 2094.0, sl: 2077.05)
2025-11-25 15:52:53 | INFO | SL_CHECK | Stop-loss hit for PNBHOUSING-EQ (last_ltp: 881.45, sl: 881.45)
2025-11-25 15:52:53 | INFO | BUCKET_LTP_CHECK | Checking bucket 2/3 | symbols=['CHAMBLFERT-EQ', 'BALKRISIND-EQ', 'GODREJPROP-EQ'] | count=3
2025-11-25 15:52:53 | INFO | BUCKET_LTP_RESULT | Bucket LTP check complete | checked=3 | skipped=0 | bucket_number=2 | total_buckets=3
2025-11-25 15:52:54 | INFO | SL_HIT | 🛑 STOP LOSS HIT | BALKRISIND-EQ | Entry: ₹2287.00 | Exit: ₹2304.80 | SL: ₹2275.55 | PnL: ₹71.20 | symbol=BALKRISIND-EQ | exit_reason=SL_HIT | entry_price=2287.0 | exit_price=2304.8 | sl_price=2275.55 | quantity=4 | pnl=71.2 | pnl_percent=0.78 | charges=33.32 | trade_id=0 | duration_seconds=5689.511163 | duration_minutes=94.8
2025-11-25 15:52:54 | INFO | EXIT_BLOCKED | Cannot exit BALKRISIND-EQ: Pending SELL order already exists for BALKRISIND-EQ (Order ID: 251125000975801)
2025-11-25 15:52:54 | INFO | SL_HIT | 🛑 STOP LOSS HIT | GODREJPROP-EQ | Entry: ₹2087.50 | Exit: ₹2094.00 | SL: ₹2077.05 | PnL: ₹26.00 | symbol=GODREJPROP-EQ | exit_reason=SL_HIT | entry_price=2087.5 | exit_price=2094.0 | sl_price=2077.05 | quantity=4 | pnl=26.0 | pnl_percent=0.31 | charges=32.5 | trade_id=0 | duration_seconds=4791.461835 | duration_minutes=79.9
2025-11-25 15:52:54 | INFO | EXIT_BLOCKED | Cannot exit GODREJPROP-EQ: Pending SELL order already exists for GODREJPROP-EQ (Order ID: 251125001055394)
2025-11-25 15:52:55 | INFO | SL_HIT | 🛑 STOP LOSS HIT | PNBHOUSING-EQ | Entry: ₹885.90 | Exit: ₹881.45 | SL: ₹881.45 | PnL: ₹-48.95 | symbol=PNBHOUSING-EQ | exit_reason=SL_HIT | entry_price=885.9 | exit_price=881.45 | sl_price=881.45 | quantity=11 | pnl=-48.95 | pnl_percent=-0.5 | charges=34.0 | trade_id=0 | duration_seconds=4786.594927 | duration_minutes=79.8
2025-11-25 15:52:55 | INFO | EXIT_BLOCKED | Cannot exit PNBHOUSING-EQ: Pending SELL order already exists for PNBHOUSING-EQ (Order ID: 251125001073992)
2025-11-25 15:52:55 | INFO | MONITOR_SLEEP | Sleeping for 20s (base=20s, consecutive_errors=0, monitoring_suspended=False)
2025-11-25 15:53:15 | INFO | SL_MISSING_DETECTED | SL order missing for BALKRISIND-EQ (retry thread will handle) | symbol=BALKRISIND-EQ | sl_price=2275.55 | retry_count=10
2025-11-25 15:53:15 | INFO | SL_CHECK | Stop-loss hit for BALKRISIND-EQ (last_ltp: 2304.8, sl: 2275.55)
2025-11-25 15:53:15 | INFO | SL_MISSING_DETECTED | SL order missing for GODREJPROP-EQ (retry thread will handle) | symbol=GODREJPROP-EQ | sl_price=2077.05 | retry_count=10
2025-11-25 15:53:15 | INFO | SL_CHECK | Stop-loss hit for GODREJPROP-EQ (last_ltp: 2094.0, sl: 2077.05)
2025-11-25 15:53:15 | INFO | SL_CHECK | Stop-loss hit for PNBHOUSING-EQ (last_ltp: 881.45, sl: 881.45)
2025-11-25 15:53:15 | INFO | BUCKET_LTP_CHECK | Checking bucket 0/3 | symbols=['PNBHOUSING-EQ'] | count=1
2025-11-25 15:53:15 | INFO | BUCKET_LTP_RESULT | Bucket LTP check complete | checked=1 | skipped=0 | bucket_number=0 | total_buckets=3
2025-11-25 15:53:15 | INFO | SL_HIT | 🛑 STOP LOSS HIT | BALKRISIND-EQ | Entry: ₹2287.00 | Exit: ₹2304.80 | SL: ₹2275.55 | PnL: ₹71.20 | symbol=BALKRISIND-EQ | exit_reason=SL_HIT | entry_price=2287.0 | exit_price=2304.8 | sl_price=2275.55 | quantity=4 | pnl=71.2 | pnl_percent=0.78 | charges=33.32 | trade_id=0 | duration_seconds=5710.838632 | duration_minutes=95.2
2025-11-25 15:53:15 | INFO | EXIT_BLOCKED | Cannot exit BALKRISIND-EQ: Pending SELL order already exists for BALKRISIND-EQ (Order ID: 251125000975801)
2025-11-25 15:53:16 | INFO | SL_HIT | 🛑 STOP LOSS HIT | GODREJPROP-EQ | Entry: ₹2087.50 | Exit: ₹2094.00 | SL: ₹2077.05 | PnL: ₹26.00 | symbol=GODREJPROP-EQ | exit_reason=SL_HIT | entry_price=2087.5 | exit_price=2094.0 | sl_price=2077.05 | quantity=4 | pnl=26.0 | pnl_percent=0.31 | charges=32.5 | trade_id=0 | duration_seconds=4812.789397 | duration_minutes=80.2
2025-11-25 15:53:16 | INFO | EXIT_BLOCKED | Cannot exit GODREJPROP-EQ: Pending SELL order already exists for GODREJPROP-EQ (Order ID: 251125001055394)
2025-11-25 15:53:16 | INFO | SL_HIT | 🛑 STOP LOSS HIT | PNBHOUSING-EQ | Entry: ₹885.90 | Exit: ₹881.45 | SL: ₹881.45 | PnL: ₹-48.95 | symbol=PNBHOUSING-EQ | exit_reason=SL_HIT | entry_price=885.9 | exit_price=881.45 | sl_price=881.45 | quantity=11 | pnl=-48.95 | pnl_percent=-0.5 | charges=34.0 | trade_id=0 | duration_seconds=4807.922653 | duration_minutes=80.1
2025-11-25 15:53:16 | INFO | EXIT_BLOCKED | Cannot exit PNBHOUSING-EQ: Pending SELL order already exists for PNBHOUSING-EQ (Order ID: 251125001073992)
2025-11-25 15:53:16 | INFO | MONITOR_SLEEP | Sleeping for 20s (base=20s, consecutive_errors=0, monitoring_suspended=False)
2025-11-25 15:53:36 | INFO | SL_MISSING_DETECTED | SL order missing for BALKRISIND-EQ (retry thread will handle) | symbol=BALKRISIND-EQ | sl_price=2275.55 | retry_count=10
2025-11-25 15:53:36 | INFO | SL_CHECK | Stop-loss hit for BALKRISIND-EQ (last_ltp: 2304.8, sl: 2275.55)
2025-11-25 15:53:36 | INFO | SL_MISSING_DETECTED | SL order missing for GODREJPROP-EQ (retry thread will handle) | symbol=GODREJPROP-EQ | sl_price=2077.05 | retry_count=10
2025-11-25 15:53:36 | INFO | SL_CHECK | Stop-loss hit for GODREJPROP-EQ (last_ltp: 2094.0, sl: 2077.05)
2025-11-25 15:53:36 | INFO | SL_CHECK | Stop-loss hit for PNBHOUSING-EQ (last_ltp: 881.45, sl: 881.45)
2025-11-25 15:53:36 | INFO | BUCKET_LTP_CHECK | Checking bucket 1/3 | symbols=['IOC-EQ', 'M&M-EQ', 'UPL-EQ'] | count=3
2025-11-25 15:53:37 | INFO | BUCKET_LTP_RESULT | Bucket LTP check complete | checked=3 | skipped=0 | bucket_number=1 | total_buckets=3
2025-11-25 15:53:37 | INFO | SL_HIT | 🛑 STOP LOSS HIT | BALKRISIND-EQ | Entry: ₹2287.00 | Exit: ₹2304.80 | SL: ₹2275.55 | PnL: ₹71.20 | symbol=BALKRISIND-EQ | exit_reason=SL_HIT | entry_price=2287.0 | exit_price=2304.8 | sl_price=2275.55 | quantity=4 | pnl=71.2 | pnl_percent=0.78 | charges=33.32 | trade_id=0 | duration_seconds=5732.719772 | duration_minutes=95.5
2025-11-25 15:53:37 | INFO | EXIT_BLOCKED | Cannot exit BALKRISIND-EQ: Pending SELL order already exists for BALKRISIND-EQ (Order ID: 251125000975801)
2025-11-25 15:53:38 | INFO | SL_HIT | 🛑 STOP LOSS HIT | GODREJPROP-EQ | Entry: ₹2087.50 | Exit: ₹2094.00 | SL: ₹2077.05 | PnL: ₹26.00 | symbol=GODREJPROP-EQ | exit_reason=SL_HIT | entry_price=2087.5 | exit_price=2094.0 | sl_price=2077.05 | quantity=4 | pnl=26.0 | pnl_percent=0.31 | charges=32.5 | trade_id=0 | duration_seconds=4834.670482 | duration_minutes=80.6
2025-11-25 15:53:38 | INFO | EXIT_BLOCKED | Cannot exit GODREJPROP-EQ: Pending SELL order already exists for GODREJPROP-EQ (Order ID: 251125001055394)
2025-11-25 15:53:38 | INFO | SL_HIT | 🛑 STOP LOSS HIT | PNBHOUSING-EQ | Entry: ₹885.90 | Exit: ₹881.45 | SL: ₹881.45 | PnL: ₹-48.95 | symbol=PNBHOUSING-EQ | exit_reason=SL_HIT | entry_price=885.9 | exit_price=881.45 | sl_price=881.45 | quantity=11 | pnl=-48.95 | pnl_percent=-0.5 | charges=34.0 | trade_id=0 | duration_seconds=4829.803612 | duration_minutes=80.5
2025-11-25 15:53:38 | INFO | EXIT_BLOCKED | Cannot exit PNBHOUSING-EQ: Pending SELL order already exists for PNBHOUSING-EQ (Order ID: 251125001073992)
2025-11-25 15:53:38 | INFO | MONITOR | Paper trades checked (next in 60s)
2025-11-25 15:53:38 | INFO | MONITOR_SLEEP | Sleeping for 20s (base=20s, consecutive_errors=0, monitoring_suspended=False)
2025-11-25 15:53:58 | INFO | SL_MISSING_DETECTED | SL order missing for BALKRISIND-EQ (retry thread will handle) | symbol=BALKRISIND-EQ | sl_price=2275.55 | retry_count=10
2025-11-25 15:53:58 | INFO | SL_CHECK | Stop-loss hit for BALKRISIND-EQ (last_ltp: 2304.8, sl: 2275.55)
2025-11-25 15:53:58 | INFO | SL_MISSING_DETECTED | SL order missing for GODREJPROP-EQ (retry thread will handle) | symbol=GODREJPROP-EQ | sl_price=2077.05 | retry_count=10
2025-11-25 15:53:58 | INFO | SL_CHECK | Stop-loss hit for GODREJPROP-EQ (last_ltp: 2094.0, sl: 2077.05)
2025-11-25 15:53:58 | INFO | SL_CHECK | Stop-loss hit for PNBHOUSING-EQ (last_ltp: 881.45, sl: 881.45)
2025-11-25 15:53:58 | INFO | BUCKET_LTP_CHECK | Checking bucket 2/3 | symbols=['CHAMBLFERT-EQ', 'BALKRISIND-EQ', 'GODREJPROP-EQ'] | count=3
2025-11-25 15:53:58 | INFO | BUCKET_LTP_RESULT | Bucket LTP check complete | checked=3 | skipped=0 | bucket_number=2 | total_buckets=3
2025-11-25 15:53:59 | INFO | SL_HIT | 🛑 STOP LOSS HIT | BALKRISIND-EQ | Entry: ₹2287.00 | Exit: ₹2304.80 | SL: ₹2275.55 | PnL: ₹71.20 | symbol=BALKRISIND-EQ | exit_reason=SL_HIT | entry_price=2287.0 | exit_price=2304.8 | sl_price=2275.55 | quantity=4 | pnl=71.2 | pnl_percent=0.78 | charges=33.32 | trade_id=0 | duration_seconds=5754.558459 | duration_minutes=95.9
2025-11-25 15:53:59 | INFO | EXIT_BLOCKED | Cannot exit BALKRISIND-EQ: Pending SELL order already exists for BALKRISIND-EQ (Order ID: 251125000975801)
2025-11-25 15:53:59 | INFO | SL_HIT | 🛑 STOP LOSS HIT | GODREJPROP-EQ | Entry: ₹2087.50 | Exit: ₹2094.00 | SL: ₹2077.05 | PnL: ₹26.00 | symbol=GODREJPROP-EQ | exit_reason=SL_HIT | entry_price=2087.5 | exit_price=2094.0 | sl_price=2077.05 | quantity=4 | pnl=26.0 | pnl_percent=0.31 | charges=32.5 | trade_id=0 | duration_seconds=4856.509101 | duration_minutes=80.9
2025-11-25 15:53:59 | INFO | EXIT_BLOCKED | Cannot exit GODREJPROP-EQ: Pending SELL order already exists for GODREJPROP-EQ (Order ID: 251125001055394)
2025-11-25 15:54:00 | INFO | SL_HIT | 🛑 STOP LOSS HIT | PNBHOUSING-EQ | Entry: ₹885.90 | Exit: ₹881.45 | SL: ₹881.45 | PnL: ₹-48.95 | symbol=PNBHOUSING-EQ | exit_reason=SL_HIT | entry_price=885.9 | exit_price=881.45 | sl_price=881.45 | quantity=11 | pnl=-48.95 | pnl_percent=-0.5 | charges=34.0 | trade_id=0 | duration_seconds=4851.642183 | duration_minutes=80.9
2025-11-25 15:54:00 | INFO | EXIT_BLOCKED | Cannot exit PNBHOUSING-EQ: Pending SELL order already exists for PNBHOUSING-EQ (Order ID: 251125001073992)
2025-11-25 15:54:00 | INFO | MONITOR_SLEEP | Sleeping for 20s (base=20s, consecutive_errors=0, monitoring_suspended=False)
2025-11-25 15:54:20 | INFO | SL_MISSING_DETECTED | SL order missing for BALKRISIND-EQ (retry thread will handle) | symbol=BALKRISIND-EQ | sl_price=2275.55 | retry_count=10
2025-11-25 15:54:20 | INFO | SL_CHECK | Stop-loss hit for BALKRISIND-EQ (last_ltp: 2304.8, sl: 2275.55)
2025-11-25 15:54:20 | INFO | SL_MISSING_DETECTED | SL order missing for GODREJPROP-EQ (retry thread will handle) | symbol=GODREJPROP-EQ | sl_price=2077.05 | retry_count=10
2025-11-25 15:54:20 | INFO | SL_CHECK | Stop-loss hit for GODREJPROP-EQ (last_ltp: 2094.0, sl: 2077.05)
2025-11-25 15:54:20 | INFO | SL_CHECK | Stop-loss hit for PNBHOUSING-EQ (last_ltp: 881.45, sl: 881.45)
2025-11-25 15:54:20 | INFO | BUCKET_LTP_CHECK | Checking bucket 0/3 | symbols=['PNBHOUSING-EQ'] | count=1
2025-11-25 15:54:20 | INFO | BUCKET_LTP_RESULT | Bucket LTP check complete | checked=1 | skipped=0 | bucket_number=0 | total_buckets=3
2025-11-25 15:54:20 | INFO | SL_HIT | 🛑 STOP LOSS HIT | BALKRISIND-EQ | Entry: ₹2287.00 | Exit: ₹2304.80 | SL: ₹2275.55 | PnL: ₹71.20 | symbol=BALKRISIND-EQ | exit_reason=SL_HIT | entry_price=2287.0 | exit_price=2304.8 | sl_price=2275.55 | quantity=4 | pnl=71.2 | pnl_percent=0.78 | charges=33.32 | trade_id=0 | duration_seconds=5775.877236 | duration_minutes=96.3
2025-11-25 15:54:20 | INFO | EXIT_BLOCKED | Cannot exit BALKRISIND-EQ: Pending SELL order already exists for BALKRISIND-EQ (Order ID: 251125000975801)
2025-11-25 15:54:21 | INFO | SL_HIT | 🛑 STOP LOSS HIT | GODREJPROP-EQ | Entry: ₹2087.50 | Exit: ₹2094.00 | SL: ₹2077.05 | PnL: ₹26.00 | symbol=GODREJPROP-EQ | exit_reason=SL_HIT | entry_price=2087.5 | exit_price=2094.0 | sl_price=2077.05 | quantity=4 | pnl=26.0 | pnl_percent=0.31 | charges=32.5 | trade_id=0 | duration_seconds=4877.828055 | duration_minutes=81.3
2025-11-25 15:54:21 | INFO | EXIT_BLOCKED | Cannot exit GODREJPROP-EQ: Pending SELL order already exists for GODREJPROP-EQ (Order ID: 251125001055394)
2025-11-25 15:54:21 | INFO | SL_HIT | 🛑 STOP LOSS HIT | PNBHOUSING-EQ | Entry: ₹885.90 | Exit: ₹881.45 | SL: ₹881.45 | PnL: ₹-48.95 | symbol=PNBHOUSING-EQ | exit_reason=SL_HIT | entry_price=885.9 | exit_price=881.45 | sl_price=881.45 | quantity=11 | pnl=-48.95 | pnl_percent=-0.5 | charges=34.0 | trade_id=0 | duration_seconds=4872.961113 | duration_minutes=81.2
2025-11-25 15:54:21 | INFO | EXIT_BLOCKED | Cannot exit PNBHOUSING-EQ: Pending SELL order already exists for PNBHOUSING-EQ (Order ID: 251125001073992)
2025-11-25 15:54:21 | INFO | MONITOR_SLEEP | Sleeping for 20s (base=20s, consecutive_errors=0, monitoring_suspended=False)
2025-11-25 15:54:41 | INFO | SL_MISSING_DETECTED | SL order missing for BALKRISIND-EQ (retry thread will handle) | symbol=BALKRISIND-EQ | sl_price=2275.55 | retry_count=10
2025-11-25 15:54:41 | INFO | SL_CHECK | Stop-loss hit for BALKRISIND-EQ (last_ltp: 2304.8, sl: 2275.55)
2025-11-25 15:54:41 | INFO | SL_MISSING_DETECTED | SL order missing for GODREJPROP-EQ (retry thread will handle) | symbol=GODREJPROP-EQ | sl_price=2077.05 | retry_count=10
2025-11-25 15:54:41 | INFO | SL_CHECK | Stop-loss hit for GODREJPROP-EQ (last_ltp: 2094.0, sl: 2077.05)
2025-11-25 15:54:41 | INFO | SL_CHECK | Stop-loss hit for PNBHOUSING-EQ (last_ltp: 881.45, sl: 881.45)
2025-11-25 15:54:41 | INFO | BUCKET_LTP_CHECK | Checking bucket 1/3 | symbols=['IOC-EQ', 'M&M-EQ', 'UPL-EQ'] | count=3
2025-11-25 15:54:42 | INFO | BUCKET_LTP_RESULT | Bucket LTP check complete | checked=3 | skipped=0 | bucket_number=1 | total_buckets=3
2025-11-25 15:54:42 | INFO | SL_HIT | 🛑 STOP LOSS HIT | BALKRISIND-EQ | Entry: ₹2287.00 | Exit: ₹2304.80 | SL: ₹2275.55 | PnL: ₹71.20 | symbol=BALKRISIND-EQ | exit_reason=SL_HIT | entry_price=2287.0 | exit_price=2304.8 | sl_price=2275.55 | quantity=4 | pnl=71.2 | pnl_percent=0.78 | charges=33.32 | trade_id=0 | duration_seconds=5797.73866 | duration_minutes=96.6
2025-11-25 15:54:42 | INFO | EXIT_BLOCKED | Cannot exit BALKRISIND-EQ: Pending SELL order already exists for BALKRISIND-EQ (Order ID: 251125000975801)
2025-11-25 15:54:43 | INFO | SL_HIT | 🛑 STOP LOSS HIT | GODREJPROP-EQ | Entry: ₹2087.50 | Exit: ₹2094.00 | SL: ₹2077.05 | PnL: ₹26.00 | symbol=GODREJPROP-EQ | exit_reason=SL_HIT | entry_price=2087.5 | exit_price=2094.0 | sl_price=2077.05 | quantity=4 | pnl=26.0 | pnl_percent=0.31 | charges=32.5 | trade_id=0 | duration_seconds=4899.689696 | duration_minutes=81.7
2025-11-25 15:54:43 | INFO | EXIT_BLOCKED | Cannot exit GODREJPROP-EQ: Pending SELL order already exists for GODREJPROP-EQ (Order ID: 251125001055394)
2025-11-25 15:54:43 | INFO | SL_HIT | 🛑 STOP LOSS HIT | PNBHOUSING-EQ | Entry: ₹885.90 | Exit: ₹881.45 | SL: ₹881.45 | PnL: ₹-48.95 | symbol=PNBHOUSING-EQ | exit_reason=SL_HIT | entry_price=885.9 | exit_price=881.45 | sl_price=881.45 | quantity=11 | pnl=-48.95 | pnl_percent=-0.5 | charges=34.0 | trade_id=0 | duration_seconds=4894.824532 | duration_minutes=81.6
2025-11-25 15:54:43 | INFO | EXIT_BLOCKED | Cannot exit PNBHOUSING-EQ: Pending SELL order already exists for PNBHOUSING-EQ (Order ID: 251125001073992)
2025-11-25 15:54:43 | INFO | MONITOR | Paper trades checked (next in 60s)
2025-11-25 15:54:43 | INFO | MONITOR_SLEEP | Sleeping for 20s (base=20s, consecutive_errors=0, monitoring_suspended=False)
2025-11-25 15:55:03 | INFO | SL_MISSING_DETECTED | SL order missing for BALKRISIND-EQ (retry thread will handle) | symbol=BALKRISIND-EQ | sl_price=2275.55 | retry_count=10
2025-11-25 15:55:03 | INFO | SL_CHECK | Stop-loss hit for BALKRISIND-EQ (last_ltp: 2304.8, sl: 2275.55)
2025-11-25 15:55:03 | INFO | SL_MISSING_DETECTED | SL order missing for GODREJPROP-EQ (retry thread will handle) | symbol=GODREJPROP-EQ | sl_price=2077.05 | retry_count=10
2025-11-25 15:55:03 | INFO | SL_CHECK | Stop-loss hit for GODREJPROP-EQ (last_ltp: 2094.0, sl: 2077.05)
2025-11-25 15:55:03 | INFO | SL_CHECK | Stop-loss hit for PNBHOUSING-EQ (last_ltp: 881.45, sl: 881.45)
2025-11-25 15:55:03 | INFO | BUCKET_LTP_CHECK | Checking bucket 2/3 | symbols=['CHAMBLFERT-EQ', 'BALKRISIND-EQ', 'GODREJPROP-EQ'] | count=3
2025-11-25 15:55:04 | INFO | BUCKET_LTP_RESULT | Bucket LTP check complete | checked=3 | skipped=0 | bucket_number=2 | total_buckets=3
2025-11-25 15:55:05 | INFO | SL_HIT | 🛑 STOP LOSS HIT | BALKRISIND-EQ | Entry: ₹2287.00 | Exit: ₹2304.80 | SL: ₹2275.55 | PnL: ₹71.20 | symbol=BALKRISIND-EQ | exit_reason=SL_HIT | entry_price=2287.0 | exit_price=2304.8 | sl_price=2275.55 | quantity=4 | pnl=71.2 | pnl_percent=0.78 | charges=33.32 | trade_id=0 | duration_seconds=5820.179041 | duration_minutes=97.0
2025-11-25 15:55:05 | INFO | EXIT_BLOCKED | Cannot exit BALKRISIND-EQ: Pending SELL order already exists for BALKRISIND-EQ (Order ID: 251125000975801)
2025-11-25 15:55:05 | INFO | SL_HIT | 🛑 STOP LOSS HIT | GODREJPROP-EQ | Entry: ₹2087.50 | Exit: ₹2094.00 | SL: ₹2077.05 | PnL: ₹26.00 | symbol=GODREJPROP-EQ | exit_reason=SL_HIT | entry_price=2087.5 | exit_price=2094.0 | sl_price=2077.05 | quantity=4 | pnl=26.0 | pnl_percent=0.31 | charges=32.5 | trade_id=0 | duration_seconds=4922.1315 | duration_minutes=82.0
2025-11-25 15:55:05 | INFO | EXIT_BLOCKED | Cannot exit GODREJPROP-EQ: Pending SELL order already exists for GODREJPROP-EQ (Order ID: 251125001055394)
2025-11-25 15:55:05 | INFO | SL_HIT | 🛑 STOP LOSS HIT | PNBHOUSING-EQ | Entry: ₹885.90 | Exit: ₹881.45 | SL: ₹881.45 | PnL: ₹-48.95 | symbol=PNBHOUSING-EQ | exit_reason=SL_HIT | entry_price=885.9 | exit_price=881.45 | sl_price=881.45 | quantity=11 | pnl=-48.95 | pnl_percent=-0.5 | charges=34.0 | trade_id=0 | duration_seconds=4917.265723 | duration_minutes=82.0
2025-11-25 15:55:05 | INFO | EXIT_BLOCKED | Cannot exit PNBHOUSING-EQ: Pending SELL order already exists for PNBHOUSING-EQ (Order ID: 251125001073992)
2025-11-25 15:55:05 | INFO | MONITOR_SLEEP | Sleeping for 20s (base=20s, consecutive_errors=0, monitoring_suspended=False)
2025-11-25 15:55:25 | INFO | SL_MISSING_DETECTED | SL order missing for BALKRISIND-EQ (retry thread will handle) | symbol=BALKRISIND-EQ | sl_price=2275.55 | retry_count=10
2025-11-25 15:55:25 | INFO | SL_CHECK | Stop-loss hit for BALKRISIND-EQ (last_ltp: 2304.8, sl: 2275.55)
2025-11-25 15:55:25 | INFO | SL_MISSING_DETECTED | SL order missing for GODREJPROP-EQ (retry thread will handle) | symbol=GODREJPROP-EQ | sl_price=2077.05 | retry_count=10
2025-11-25 15:55:25 | INFO | SL_CHECK | Stop-loss hit for GODREJPROP-EQ (last_ltp: 2094.0, sl: 2077.05)
2025-11-25 15:55:25 | INFO | SL_CHECK | Stop-loss hit for PNBHOUSING-EQ (last_ltp: 881.45, sl: 881.45)
2025-11-25 15:55:25 | INFO | BUCKET_LTP_CHECK | Checking bucket 0/3 | symbols=['PNBHOUSING-EQ'] | count=1
2025-11-25 15:55:25 | INFO | BUCKET_LTP_RESULT | Bucket LTP check complete | checked=1 | skipped=0 | bucket_number=0 | total_buckets=3
2025-11-25 15:55:26 | INFO | SL_HIT | 🛑 STOP LOSS HIT | BALKRISIND-EQ | Entry: ₹2287.00 | Exit: ₹2304.80 | SL: ₹2275.55 | PnL: ₹71.20 | symbol=BALKRISIND-EQ | exit_reason=SL_HIT | entry_price=2287.0 | exit_price=2304.8 | sl_price=2275.55 | quantity=4 | pnl=71.2 | pnl_percent=0.78 | charges=33.32 | trade_id=0 | duration_seconds=5841.523518 | duration_minutes=97.4
2025-11-25 15:55:26 | INFO | EXIT_BLOCKED | Cannot exit BALKRISIND-EQ: Pending SELL order already exists for BALKRISIND-EQ (Order ID: 251125000975801)
2025-11-25 15:55:26 | INFO | SL_HIT | 🛑 STOP LOSS HIT | GODREJPROP-EQ | Entry: ₹2087.50 | Exit: ₹2094.00 | SL: ₹2077.05 | PnL: ₹26.00 | symbol=GODREJPROP-EQ | exit_reason=SL_HIT | entry_price=2087.5 | exit_price=2094.0 | sl_price=2077.05 | quantity=4 | pnl=26.0 | pnl_percent=0.31 | charges=32.5 | trade_id=0 | duration_seconds=4943.474322 | duration_minutes=82.4
2025-11-25 15:55:26 | INFO | EXIT_BLOCKED | Cannot exit GODREJPROP-EQ: Pending SELL order already exists for GODREJPROP-EQ (Order ID: 251125001055394)
2025-11-25 15:55:27 | INFO | SL_HIT | 🛑 STOP LOSS HIT | PNBHOUSING-EQ | Entry: ₹885.90 | Exit: ₹881.45 | SL: ₹881.45 | PnL: ₹-48.95 | symbol=PNBHOUSING-EQ | exit_reason=SL_HIT | entry_price=885.9 | exit_price=881.45 | sl_price=881.45 | quantity=11 | pnl=-48.95 | pnl_percent=-0.5 | charges=34.0 | trade_id=0 | duration_seconds=4938.608757 | duration_minutes=82.3
2025-11-25 15:55:27 | INFO | EXIT_BLOCKED | Cannot exit PNBHOUSING-EQ: Pending SELL order already exists for PNBHOUSING-EQ (Order ID: 251125001073992)
2025-11-25 15:55:27 | INFO | MONITOR_SLEEP | Sleeping for 20s (base=20s, consecutive_errors=0, monitoring_suspended=False)
2025-11-25 15:55:47 | INFO | SL_MISSING_DETECTED | SL order missing for BALKRISIND-EQ (retry thread will handle) | symbol=BALKRISIND-EQ | sl_price=2275.55 | retry_count=10
2025-11-25 15:55:47 | INFO | SL_CHECK | Stop-loss hit for BALKRISIND-EQ (last_ltp: 2304.8, sl: 2275.55)
2025-11-25 15:55:47 | INFO | SL_MISSING_DETECTED | SL order missing for GODREJPROP-EQ (retry thread will handle) | symbol=GODREJPROP-EQ | sl_price=2077.05 | retry_count=10
2025-11-25 15:55:47 | INFO | SL_CHECK | Stop-loss hit for GODREJPROP-EQ (last_ltp: 2094.0, sl: 2077.05)
2025-11-25 15:55:47 | INFO | SL_CHECK | Stop-loss hit for PNBHOUSING-EQ (last_ltp: 881.45, sl: 881.45)
2025-11-25 15:55:47 | INFO | BUCKET_LTP_CHECK | Checking bucket 1/3 | symbols=['IOC-EQ', 'M&M-EQ', 'UPL-EQ'] | count=3
2025-11-25 15:55:47 | INFO | BUCKET_LTP_RESULT | Bucket LTP check complete | checked=3 | skipped=0 | bucket_number=1 | total_buckets=3
2025-11-25 15:55:48 | INFO | SL_HIT | 🛑 STOP LOSS HIT | BALKRISIND-EQ | Entry: ₹2287.00 | Exit: ₹2304.80 | SL: ₹2275.55 | PnL: ₹71.20 | symbol=BALKRISIND-EQ | exit_reason=SL_HIT | entry_price=2287.0 | exit_price=2304.8 | sl_price=2275.55 | quantity=4 | pnl=71.2 | pnl_percent=0.78 | charges=33.32 | trade_id=0 | duration_seconds=5863.403605 | duration_minutes=97.7
2025-11-25 15:55:48 | INFO | EXIT_BLOCKED | Cannot exit BALKRISIND-EQ: Pending SELL order already exists for BALKRISIND-EQ (Order ID: 251125000975801)
2025-11-25 15:55:48 | INFO | SL_HIT | 🛑 STOP LOSS HIT | GODREJPROP-EQ | Entry: ₹2087.50 | Exit: ₹2094.00 | SL: ₹2077.05 | PnL: ₹26.00 | symbol=GODREJPROP-EQ | exit_reason=SL_HIT | entry_price=2087.5 | exit_price=2094.0 | sl_price=2077.05 | quantity=4 | pnl=26.0 | pnl_percent=0.31 | charges=32.5 | trade_id=0 | duration_seconds=4965.356726 | duration_minutes=82.8
2025-11-25 15:55:48 | INFO | EXIT_BLOCKED | Cannot exit GODREJPROP-EQ: Pending SELL order already exists for GODREJPROP-EQ (Order ID: 251125001055394)
2025-11-25 15:55:48 | INFO | SL_HIT | 🛑 STOP LOSS HIT | PNBHOUSING-EQ | Entry: ₹885.90 | Exit: ₹881.45 | SL: ₹881.45 | PnL: ₹-48.95 | symbol=PNBHOUSING-EQ | exit_reason=SL_HIT | entry_price=885.9 | exit_price=881.45 | sl_price=881.45 | quantity=11 | pnl=-48.95 | pnl_percent=-0.5 | charges=34.0 | trade_id=0 | duration_seconds=4960.492324 | duration_minutes=82.7
2025-11-25 15:55:48 | INFO | EXIT_BLOCKED | Cannot exit PNBHOUSING-EQ: Pending SELL order already exists for PNBHOUSING-EQ (Order ID: 251125001073992)
2025-11-25 15:55:48 | INFO | MONITOR | Paper trades checked (next in 60s)
2025-11-25 15:55:48 | INFO | MONITOR_SLEEP | Sleeping for 20s (base=20s, consecutive_errors=0, monitoring_suspended=False)
2025-11-25 15:56:08 | INFO | SL_MISSING_DETECTED | SL order missing for BALKRISIND-EQ (retry thread will handle) | symbol=BALKRISIND-EQ | sl_price=2275.55 | retry_count=10
2025-11-25 15:56:08 | INFO | SL_CHECK | Stop-loss hit for BALKRISIND-EQ (last_ltp: 2304.8, sl: 2275.55)
2025-11-25 15:56:08 | INFO | SL_MISSING_DETECTED | SL order missing for GODREJPROP-EQ (retry thread will handle) | symbol=GODREJPROP-EQ | sl_price=2077.05 | retry_count=10
2025-11-25 15:56:08 | INFO | SL_CHECK | Stop-loss hit for GODREJPROP-EQ (last_ltp: 2094.0, sl: 2077.05)
2025-11-25 15:56:08 | INFO | SL_CHECK | Stop-loss hit for PNBHOUSING-EQ (last_ltp: 881.45, sl: 881.45)
2025-11-25 15:56:08 | INFO | BUCKET_LTP_CHECK | Checking bucket 2/3 | symbols=['CHAMBLFERT-EQ', 'BALKRISIND-EQ', 'GODREJPROP-EQ'] | count=3
2025-11-25 15:56:09 | INFO | BUCKET_LTP_RESULT | Bucket LTP check complete | checked=3 | skipped=0 | bucket_number=2 | total_buckets=3
2025-11-25 15:56:10 | INFO | SL_HIT | 🛑 STOP LOSS HIT | BALKRISIND-EQ | Entry: ₹2287.00 | Exit: ₹2304.80 | SL: ₹2275.55 | PnL: ₹71.20 | symbol=BALKRISIND-EQ | exit_reason=SL_HIT | entry_price=2287.0 | exit_price=2304.8 | sl_price=2275.55 | quantity=4 | pnl=71.2 | pnl_percent=0.78 | charges=33.32 | trade_id=0 | duration_seconds=5885.270617 | duration_minutes=98.1
2025-11-25 15:56:10 | INFO | EXIT_BLOCKED | Cannot exit BALKRISIND-EQ: Pending SELL order already exists for BALKRISIND-EQ (Order ID: 251125000975801)
2025-11-25 15:56:10 | INFO | SL_HIT | 🛑 STOP LOSS HIT | GODREJPROP-EQ | Entry: ₹2087.50 | Exit: ₹2094.00 | SL: ₹2077.05 | PnL: ₹26.00 | symbol=GODREJPROP-EQ | exit_reason=SL_HIT | entry_price=2087.5 | exit_price=2094.0 | sl_price=2077.05 | quantity=4 | pnl=26.0 | pnl_percent=0.31 | charges=32.5 | trade_id=0 | duration_seconds=4987.221322 | duration_minutes=83.1
2025-11-25 15:56:10 | INFO | EXIT_BLOCKED | Cannot exit GODREJPROP-EQ: Pending SELL order already exists for GODREJPROP-EQ (Order ID: 251125001055394)
2025-11-25 15:56:10 | INFO | SL_HIT | 🛑 STOP LOSS HIT | PNBHOUSING-EQ | Entry: ₹885.90 | Exit: ₹881.45 | SL: ₹881.45 | PnL: ₹-48.95 | symbol=PNBHOUSING-EQ | exit_reason=SL_HIT | entry_price=885.9 | exit_price=881.45 | sl_price=881.45 | quantity=11 | pnl=-48.95 | pnl_percent=-0.5 | charges=34.0 | trade_id=0 | duration_seconds=4982.35449 | duration_minutes=83.0
2025-11-25 15:56:10 | INFO | EXIT_BLOCKED | Cannot exit PNBHOUSING-EQ: Pending SELL order already exists for PNBHOUSING-EQ (Order ID: 251125001073992)
2025-11-25 15:56:10 | INFO | MONITOR_SLEEP | Sleeping for 20s (base=20s, consecutive_errors=0, monitoring_suspended=False)
2025-11-25 15:56:30 | INFO | SL_MISSING_DETECTED | SL order missing for BALKRISIND-EQ (retry thread will handle) | symbol=BALKRISIND-EQ | sl_price=2275.55 | retry_count=10
2025-11-25 15:56:30 | INFO | SL_CHECK | Stop-loss hit for BALKRISIND-EQ (last_ltp: 2304.8, sl: 2275.55)
2025-11-25 15:56:30 | INFO | SL_MISSING_DETECTED | SL order missing for GODREJPROP-EQ (retry thread will handle) | symbol=GODREJPROP-EQ | sl_price=2077.05 | retry_count=10
2025-11-25 15:56:30 | INFO | SL_CHECK | Stop-loss hit for GODREJPROP-EQ (last_ltp: 2094.0, sl: 2077.05)
2025-11-25 15:56:30 | INFO | SL_CHECK | Stop-loss hit for PNBHOUSING-EQ (last_ltp: 881.45, sl: 881.45)
2025-11-25 15:56:30 | INFO | BUCKET_LTP_CHECK | Checking bucket 0/3 | symbols=['PNBHOUSING-EQ'] | count=1
2025-11-25 15:56:30 | INFO | BUCKET_LTP_RESULT | Bucket LTP check complete | checked=1 | skipped=0 | bucket_number=0 | total_buckets=3
2025-11-25 15:56:31 | INFO | SL_HIT | 🛑 STOP LOSS HIT | BALKRISIND-EQ | Entry: ₹2287.00 | Exit: ₹2304.80 | SL: ₹2275.55 | PnL: ₹71.20 | symbol=BALKRISIND-EQ | exit_reason=SL_HIT | entry_price=2287.0 | exit_price=2304.8 | sl_price=2275.55 | quantity=4 | pnl=71.2 | pnl_percent=0.78 | charges=33.32 | trade_id=0 | duration_seconds=5906.600026 | duration_minutes=98.4
2025-11-25 15:56:31 | INFO | EXIT_BLOCKED | Cannot exit BALKRISIND-EQ: Pending SELL order already exists for BALKRISIND-EQ (Order ID: 251125000975801)
2025-11-25 15:56:31 | INFO | SL_HIT | 🛑 STOP LOSS HIT | GODREJPROP-EQ | Entry: ₹2087.50 | Exit: ₹2094.00 | SL: ₹2077.05 | PnL: ₹26.00 | symbol=GODREJPROP-EQ | exit_reason=SL_HIT | entry_price=2087.5 | exit_price=2094.0 | sl_price=2077.05 | quantity=4 | pnl=26.0 | pnl_percent=0.31 | charges=32.5 | trade_id=0 | duration_seconds=5008.552327 | duration_minutes=83.5
2025-11-25 15:56:31 | INFO | EXIT_BLOCKED | Cannot exit GODREJPROP-EQ: Pending SELL order already exists for GODREJPROP-EQ (Order ID: 251125001055394)
2025-11-25 15:56:32 | INFO | SL_HIT | 🛑 STOP LOSS HIT | PNBHOUSING-EQ | Entry: ₹885.90 | Exit: ₹881.45 | SL: ₹881.45 | PnL: ₹-48.95 | symbol=PNBHOUSING-EQ | exit_reason=SL_HIT | entry_price=885.9 | exit_price=881.45 | sl_price=881.45 | quantity=11 | pnl=-48.95 | pnl_percent=-0.5 | charges=34.0 | trade_id=0 | duration_seconds=5003.685608 | duration_minutes=83.4
2025-11-25 15:56:32 | INFO | EXIT_BLOCKED | Cannot exit PNBHOUSING-EQ: Pending SELL order already exists for PNBHOUSING-EQ (Order ID: 251125001073992)
2025-11-25 15:56:32 | INFO | MONITOR_SLEEP | Sleeping for 20s (base=20s, consecutive_errors=0, monitoring_suspended=False)
2025-11-25 15:56:52 | INFO | SL_MISSING_DETECTED | SL order missing for BALKRISIND-EQ (retry thread will handle) | symbol=BALKRISIND-EQ | sl_price=2275.55 | retry_count=10
2025-11-25 15:56:52 | INFO | SL_CHECK | Stop-loss hit for BALKRISIND-EQ (last_ltp: 2304.8, sl: 2275.55)
2025-11-25 15:56:52 | INFO | SL_MISSING_DETECTED | SL order missing for GODREJPROP-EQ (retry thread will handle) | symbol=GODREJPROP-EQ | sl_price=2077.05 | retry_count=10
2025-11-25 15:56:52 | INFO | SL_CHECK | Stop-loss hit for GODREJPROP-EQ (last_ltp: 2094.0, sl: 2077.05)
2025-11-25 15:56:52 | INFO | SL_CHECK | Stop-loss hit for PNBHOUSING-EQ (last_ltp: 881.45, sl: 881.45)
2025-11-25 15:56:52 | INFO | BUCKET_LTP_CHECK | Checking bucket 1/3 | symbols=['IOC-EQ', 'M&M-EQ', 'UPL-EQ'] | count=3
2025-11-25 15:56:52 | INFO | BUCKET_LTP_RESULT | Bucket LTP check complete | checked=3 | skipped=0 | bucket_number=1 | total_buckets=3
2025-11-25 15:56:53 | INFO | SL_HIT | 🛑 STOP LOSS HIT | BALKRISIND-EQ | Entry: ₹2287.00 | Exit: ₹2304.80 | SL: ₹2275.55 | PnL: ₹71.20 | symbol=BALKRISIND-EQ | exit_reason=SL_HIT | entry_price=2287.0 | exit_price=2304.8 | sl_price=2275.55 | quantity=4 | pnl=71.2 | pnl_percent=0.78 | charges=33.32 | trade_id=0 | duration_seconds=5928.458541 | duration_minutes=98.8
2025-11-25 15:56:53 | INFO | EXIT_BLOCKED | Cannot exit BALKRISIND-EQ: Pending SELL order already exists for BALKRISIND-EQ (Order ID: 251125000975801)
2025-11-25 15:56:53 | INFO | SL_HIT | 🛑 STOP LOSS HIT | GODREJPROP-EQ | Entry: ₹2087.50 | Exit: ₹2094.00 | SL: ₹2077.05 | PnL: ₹26.00 | symbol=GODREJPROP-EQ | exit_reason=SL_HIT | entry_price=2087.5 | exit_price=2094.0 | sl_price=2077.05 | quantity=4 | pnl=26.0 | pnl_percent=0.31 | charges=32.5 | trade_id=0 | duration_seconds=5030.409554 | duration_minutes=83.8
2025-11-25 15:56:53 | INFO | EXIT_BLOCKED | Cannot exit GODREJPROP-EQ: Pending SELL order already exists for GODREJPROP-EQ (Order ID: 251125001055394)
2025-11-25 15:56:53 | INFO | SL_HIT | 🛑 STOP LOSS HIT | PNBHOUSING-EQ | Entry: ₹885.90 | Exit: ₹881.45 | SL: ₹881.45 | PnL: ₹-48.95 | symbol=PNBHOUSING-EQ | exit_reason=SL_HIT | entry_price=885.9 | exit_price=881.45 | sl_price=881.45 | quantity=11 | pnl=-48.95 | pnl_percent=-0.5 | charges=34.0 | trade_id=0 | duration_seconds=5025.544055 | duration_minutes=83.8
2025-11-25 15:56:53 | INFO | EXIT_BLOCKED | Cannot exit PNBHOUSING-EQ: Pending SELL order already exists for PNBHOUSING-EQ (Order ID: 251125001073992)
2025-11-25 15:56:53 | INFO | MONITOR | Paper trades checked (next in 60s)
2025-11-25 15:56:53 | INFO | MONITOR_SLEEP | Sleeping for 20s (base=20s, consecutive_errors=0, monitoring_suspended=False)
2025-11-25 15:57:13 | INFO | SL_MISSING_DETECTED | SL order missing for BALKRISIND-EQ (retry thread will handle) | symbol=BALKRISIND-EQ | sl_price=2275.55 | retry_count=10
2025-11-25 15:57:13 | INFO | SL_CHECK | Stop-loss hit for BALKRISIND-EQ (last_ltp: 2304.8, sl: 2275.55)
2025-11-25 15:57:13 | INFO | SL_MISSING_DETECTED | SL order missing for GODREJPROP-EQ (retry thread will handle) | symbol=GODREJPROP-EQ | sl_price=2077.05 | retry_count=10
2025-11-25 15:57:13 | INFO | SL_CHECK | Stop-loss hit for GODREJPROP-EQ (last_ltp: 2094.0, sl: 2077.05)
2025-11-25 15:57:13 | INFO | SL_CHECK | Stop-loss hit for PNBHOUSING-EQ (last_ltp: 881.45, sl: 881.45)
2025-11-25 15:57:13 | INFO | BUCKET_LTP_CHECK | Checking bucket 2/3 | symbols=['CHAMBLFERT-EQ', 'BALKRISIND-EQ', 'GODREJPROP-EQ'] | count=3
2025-11-25 15:57:14 | INFO | BUCKET_LTP_RESULT | Bucket LTP check complete | checked=3 | skipped=0 | bucket_number=2 | total_buckets=3
2025-11-25 15:57:15 | INFO | SL_HIT | 🛑 STOP LOSS HIT | BALKRISIND-EQ | Entry: ₹2287.00 | Exit: ₹2304.80 | SL: ₹2275.55 | PnL: ₹71.20 | symbol=BALKRISIND-EQ | exit_reason=SL_HIT | entry_price=2287.0 | exit_price=2304.8 | sl_price=2275.55 | quantity=4 | pnl=71.2 | pnl_percent=0.78 | charges=33.32 | trade_id=0 | duration_seconds=5950.333194 | duration_minutes=99.2
2025-11-25 15:57:15 | INFO | EXIT_BLOCKED | Cannot exit BALKRISIND-EQ: Pending SELL order already exists for BALKRISIND-EQ (Order ID: 251125000975801)
2025-11-25 15:57:15 | INFO | SL_HIT | 🛑 STOP LOSS HIT | GODREJPROP-EQ | Entry: ₹2087.50 | Exit: ₹2094.00 | SL: ₹2077.05 | PnL: ₹26.00 | symbol=GODREJPROP-EQ | exit_reason=SL_HIT | entry_price=2087.5 | exit_price=2094.0 | sl_price=2077.05 | quantity=4 | pnl=26.0 | pnl_percent=0.31 | charges=32.5 | trade_id=0 | duration_seconds=5052.28403 | duration_minutes=84.2
2025-11-25 15:57:15 | INFO | EXIT_BLOCKED | Cannot exit GODREJPROP-EQ: Pending SELL order already exists for GODREJPROP-EQ (Order ID: 251125001055394)
2025-11-25 15:57:15 | INFO | SL_HIT | 🛑 STOP LOSS HIT | PNBHOUSING-EQ | Entry: ₹885.90 | Exit: ₹881.45 | SL: ₹881.45 | PnL: ₹-48.95 | symbol=PNBHOUSING-EQ | exit_reason=SL_HIT | entry_price=885.9 | exit_price=881.45 | sl_price=881.45 | quantity=11 | pnl=-48.95 | pnl_percent=-0.5 | charges=34.0 | trade_id=0 | duration_seconds=5047.41711 | duration_minutes=84.1
2025-11-25 15:57:15 | INFO | EXIT_BLOCKED | Cannot exit PNBHOUSING-EQ: Pending SELL order already exists for PNBHOUSING-EQ (Order ID: 251125001073992)
2025-11-25 15:57:15 | INFO | MONITOR_SLEEP | Sleeping for 20s (base=20s, consecutive_errors=0, monitoring_suspended=False)
2025-11-25 15:57:35 | INFO | SL_MISSING_DETECTED | SL order missing for BALKRISIND-EQ (retry thread will handle) | symbol=BALKRISIND-EQ | sl_price=2275.55 | retry_count=10
2025-11-25 15:57:35 | INFO | SL_CHECK | Stop-loss hit for BALKRISIND-EQ (last_ltp: 2304.8, sl: 2275.55)
2025-11-25 15:57:35 | INFO | SL_MISSING_DETECTED | SL order missing for GODREJPROP-EQ (retry thread will handle) | symbol=GODREJPROP-EQ | sl_price=2077.05 | retry_count=10
2025-11-25 15:57:35 | INFO | SL_CHECK | Stop-loss hit for GODREJPROP-EQ (last_ltp: 2094.0, sl: 2077.05)
2025-11-25 15:57:35 | INFO | SL_CHECK | Stop-loss hit for PNBHOUSING-EQ (last_ltp: 881.45, sl: 881.45)
2025-11-25 15:57:35 | INFO | BUCKET_LTP_CHECK | Checking bucket 0/3 | symbols=['PNBHOUSING-EQ'] | count=1
2025-11-25 15:57:35 | INFO | BUCKET_LTP_RESULT | Bucket LTP check complete | checked=1 | skipped=0 | bucket_number=0 | total_buckets=3
2025-11-25 15:57:36 | INFO | SL_HIT | 🛑 STOP LOSS HIT | BALKRISIND-EQ | Entry: ₹2287.00 | Exit: ₹2304.80 | SL: ₹2275.55 | PnL: ₹71.20 | symbol=BALKRISIND-EQ | exit_reason=SL_HIT | entry_price=2287.0 | exit_price=2304.8 | sl_price=2275.55 | quantity=4 | pnl=71.2 | pnl_percent=0.78 | charges=33.32 | trade_id=0 | duration_seconds=5971.651229 | duration_minutes=99.5
2025-11-25 15:57:36 | INFO | EXIT_BLOCKED | Cannot exit BALKRISIND-EQ: Pending SELL order already exists for BALKRISIND-EQ (Order ID: 251125000975801)
2025-11-25 15:57:36 | INFO | SL_HIT | 🛑 STOP LOSS HIT | GODREJPROP-EQ | Entry: ₹2087.50 | Exit: ₹2094.00 | SL: ₹2077.05 | PnL: ₹26.00 | symbol=GODREJPROP-EQ | exit_reason=SL_HIT | entry_price=2087.5 | exit_price=2094.0 | sl_price=2077.05 | quantity=4 | pnl=26.0 | pnl_percent=0.31 | charges=32.5 | trade_id=0 | duration_seconds=5073.602381 | duration_minutes=84.6
2025-11-25 15:57:36 | INFO | EXIT_BLOCKED | Cannot exit GODREJPROP-EQ: Pending SELL order already exists for GODREJPROP-EQ (Order ID: 251125001055394)
2025-11-25 15:57:37 | INFO | SL_HIT | 🛑 STOP LOSS HIT | PNBHOUSING-EQ | Entry: ₹885.90 | Exit: ₹881.45 | SL: ₹881.45 | PnL: ₹-48.95 | symbol=PNBHOUSING-EQ | exit_reason=SL_HIT | entry_price=885.9 | exit_price=881.45 | sl_price=881.45 | quantity=11 | pnl=-48.95 | pnl_percent=-0.5 | charges=34.0 | trade_id=0 | duration_seconds=5068.735501 | duration_minutes=84.5
2025-11-25 15:57:37 | INFO | EXIT_BLOCKED | Cannot exit PNBHOUSING-EQ: Pending SELL order already exists for PNBHOUSING-EQ (Order ID: 251125001073992)
2025-11-25 15:57:37 | INFO | MONITOR_SLEEP | Sleeping for 20s (base=20s, consecutive_errors=0, monitoring_suspended=False)
2025-11-25 15:57:57 | INFO | SL_MISSING_DETECTED | SL order missing for BALKRISIND-EQ (retry thread will handle) | symbol=BALKRISIND-EQ | sl_price=2275.55 | retry_count=10
2025-11-25 15:57:57 | INFO | SL_CHECK | Stop-loss hit for BALKRISIND-EQ (last_ltp: 2304.8, sl: 2275.55)
2025-11-25 15:57:57 | INFO | SL_MISSING_DETECTED | SL order missing for GODREJPROP-EQ (retry thread will handle) | symbol=GODREJPROP-EQ | sl_price=2077.05 | retry_count=10
2025-11-25 15:57:57 | INFO | SL_CHECK | Stop-loss hit for GODREJPROP-EQ (last_ltp: 2094.0, sl: 2077.05)
2025-11-25 15:57:57 | INFO | SL_CHECK | Stop-loss hit for PNBHOUSING-EQ (last_ltp: 881.45, sl: 881.45)
2025-11-25 15:57:57 | INFO | BUCKET_LTP_CHECK | Checking bucket 1/3 | symbols=['IOC-EQ', 'M&M-EQ', 'UPL-EQ'] | count=3
2025-11-25 15:57:57 | INFO | BUCKET_LTP_RESULT | Bucket LTP check complete | checked=3 | skipped=0 | bucket_number=1 | total_buckets=3
2025-11-25 15:57:58 | INFO | SL_HIT | 🛑 STOP LOSS HIT | BALKRISIND-EQ | Entry: ₹2287.00 | Exit: ₹2304.80 | SL: ₹2275.55 | PnL: ₹71.20 | symbol=BALKRISIND-EQ | exit_reason=SL_HIT | entry_price=2287.0 | exit_price=2304.8 | sl_price=2275.55 | quantity=4 | pnl=71.2 | pnl_percent=0.78 | charges=33.32 | trade_id=0 | duration_seconds=5993.507586 | duration_minutes=99.9
2025-11-25 15:57:58 | INFO | EXIT_BLOCKED | Cannot exit BALKRISIND-EQ: Pending SELL order already exists for BALKRISIND-EQ (Order ID: 251125000975801)
2025-11-25 15:57:58 | INFO | SL_HIT | 🛑 STOP LOSS HIT | GODREJPROP-EQ | Entry: ₹2087.50 | Exit: ₹2094.00 | SL: ₹2077.05 | PnL: ₹26.00 | symbol=GODREJPROP-EQ | exit_reason=SL_HIT | entry_price=2087.5 | exit_price=2094.0 | sl_price=2077.05 | quantity=4 | pnl=26.0 | pnl_percent=0.31 | charges=32.5 | trade_id=0 | duration_seconds=5095.458256 | duration_minutes=84.9
2025-11-25 15:57:58 | INFO | EXIT_BLOCKED | Cannot exit GODREJPROP-EQ: Pending SELL order already exists for GODREJPROP-EQ (Order ID: 251125001055394)
2025-11-25 15:57:59 | INFO | SL_HIT | 🛑 STOP LOSS HIT | PNBHOUSING-EQ | Entry: ₹885.90 | Exit: ₹881.45 | SL: ₹881.45 | PnL: ₹-48.95 | symbol=PNBHOUSING-EQ | exit_reason=SL_HIT | entry_price=885.9 | exit_price=881.45 | sl_price=881.45 | quantity=11 | pnl=-48.95 | pnl_percent=-0.5 | charges=34.0 | trade_id=0 | duration_seconds=5090.592516 | duration_minutes=84.8
2025-11-25 15:57:59 | INFO | EXIT_BLOCKED | Cannot exit PNBHOUSING-EQ: Pending SELL order already exists for PNBHOUSING-EQ (Order ID: 251125001073992)
2025-11-25 15:57:59 | INFO | MONITOR | Paper trades checked (next in 60s)
2025-11-25 15:57:59 | INFO | MONITOR_SLEEP | Sleeping for 20s (base=20s, consecutive_errors=0, monitoring_suspended=False)
2025-11-25 15:58:19 | INFO | SL_MISSING_DETECTED | SL order missing for BALKRISIND-EQ (retry thread will handle) | symbol=BALKRISIND-EQ | sl_price=2275.55 | retry_count=10
2025-11-25 15:58:19 | INFO | SL_CHECK | Stop-loss hit for BALKRISIND-EQ (last_ltp: 2304.8, sl: 2275.55)
2025-11-25 15:58:19 | INFO | SL_MISSING_DETECTED | SL order missing for GODREJPROP-EQ (retry thread will handle) | symbol=GODREJPROP-EQ | sl_price=2077.05 | retry_count=10
2025-11-25 15:58:19 | INFO | SL_CHECK | Stop-loss hit for GODREJPROP-EQ (last_ltp: 2094.0, sl: 2077.05)
2025-11-25 15:58:19 | INFO | SL_CHECK | Stop-loss hit for PNBHOUSING-EQ (last_ltp: 881.45, sl: 881.45)
2025-11-25 15:58:19 | INFO | BUCKET_LTP_CHECK | Checking bucket 2/3 | symbols=['CHAMBLFERT-EQ', 'BALKRISIND-EQ', 'GODREJPROP-EQ'] | count=3
2025-11-25 15:58:19 | INFO | BUCKET_LTP_RESULT | Bucket LTP check complete | checked=3 | skipped=0 | bucket_number=2 | total_buckets=3
2025-11-25 15:58:20 | INFO | SL_HIT | 🛑 STOP LOSS HIT | BALKRISIND-EQ | Entry: ₹2287.00 | Exit: ₹2304.80 | SL: ₹2275.55 | PnL: ₹71.20 | symbol=BALKRISIND-EQ | exit_reason=SL_HIT | entry_price=2287.0 | exit_price=2304.8 | sl_price=2275.55 | quantity=4 | pnl=71.2 | pnl_percent=0.78 | charges=33.32 | trade_id=0 | duration_seconds=6015.406759 | duration_minutes=100.3
2025-11-25 15:58:20 | INFO | EXIT_BLOCKED | Cannot exit BALKRISIND-EQ: Pending SELL order already exists for BALKRISIND-EQ (Order ID: 251125000975801)
2025-11-25 15:58:20 | INFO | SL_HIT | 🛑 STOP LOSS HIT | GODREJPROP-EQ | Entry: ₹2087.50 | Exit: ₹2094.00 | SL: ₹2077.05 | PnL: ₹26.00 | symbol=GODREJPROP-EQ | exit_reason=SL_HIT | entry_price=2087.5 | exit_price=2094.0 | sl_price=2077.05 | quantity=4 | pnl=26.0 | pnl_percent=0.31 | charges=32.5 | trade_id=0 | duration_seconds=5117.357441 | duration_minutes=85.3
2025-11-25 15:58:20 | INFO | EXIT_BLOCKED | Cannot exit GODREJPROP-EQ: Pending SELL order already exists for GODREJPROP-EQ (Order ID: 251125001055394)
2025-11-25 15:58:20 | INFO | SL_HIT | 🛑 STOP LOSS HIT | PNBHOUSING-EQ | Entry: ₹885.90 | Exit: ₹881.45 | SL: ₹881.45 | PnL: ₹-48.95 | symbol=PNBHOUSING-EQ | exit_reason=SL_HIT | entry_price=885.9 | exit_price=881.45 | sl_price=881.45 | quantity=11 | pnl=-48.95 | pnl_percent=-0.5 | charges=34.0 | trade_id=0 | duration_seconds=5112.490591 | duration_minutes=85.2
2025-11-25 15:58:20 | INFO | EXIT_BLOCKED | Cannot exit PNBHOUSING-EQ: Pending SELL order already exists for PNBHOUSING-EQ (Order ID: 251125001073992)
2025-11-25 15:58:20 | INFO | MONITOR_SLEEP | Sleeping for 20s (base=20s, consecutive_errors=0, monitoring_suspended=False)
2025-11-25 15:58:40 | INFO | SL_MISSING_DETECTED | SL order missing for BALKRISIND-EQ (retry thread will handle) | symbol=BALKRISIND-EQ | sl_price=2275.55 | retry_count=10
2025-11-25 15:58:40 | INFO | SL_CHECK | Stop-loss hit for BALKRISIND-EQ (last_ltp: 2304.8, sl: 2275.55)
2025-11-25 15:58:40 | INFO | SL_MISSING_DETECTED | SL order missing for GODREJPROP-EQ (retry thread will handle) | symbol=GODREJPROP-EQ | sl_price=2077.05 | retry_count=10
2025-11-25 15:58:40 | INFO | SL_CHECK | Stop-loss hit for GODREJPROP-EQ (last_ltp: 2094.0, sl: 2077.05)
2025-11-25 15:58:40 | INFO | SL_CHECK | Stop-loss hit for PNBHOUSING-EQ (last_ltp: 881.45, sl: 881.45)
2025-11-25 15:58:40 | INFO | BUCKET_LTP_CHECK | Checking bucket 0/3 | symbols=['PNBHOUSING-EQ'] | count=1
2025-11-25 15:58:41 | INFO | BUCKET_LTP_RESULT | Bucket LTP check complete | checked=1 | skipped=0 | bucket_number=0 | total_buckets=3
2025-11-25 15:58:41 | INFO | SL_HIT | 🛑 STOP LOSS HIT | BALKRISIND-EQ | Entry: ₹2287.00 | Exit: ₹2304.80 | SL: ₹2275.55 | PnL: ₹71.20 | symbol=BALKRISIND-EQ | exit_reason=SL_HIT | entry_price=2287.0 | exit_price=2304.8 | sl_price=2275.55 | quantity=4 | pnl=71.2 | pnl_percent=0.78 | charges=33.32 | trade_id=0 | duration_seconds=6036.732638 | duration_minutes=100.6
2025-11-25 15:58:41 | INFO | EXIT_BLOCKED | Cannot exit BALKRISIND-EQ: Pending SELL order already exists for BALKRISIND-EQ (Order ID: 251125000975801)
2025-11-25 15:58:42 | INFO | SL_HIT | 🛑 STOP LOSS HIT | GODREJPROP-EQ | Entry: ₹2087.50 | Exit: ₹2094.00 | SL: ₹2077.05 | PnL: ₹26.00 | symbol=GODREJPROP-EQ | exit_reason=SL_HIT | entry_price=2087.5 | exit_price=2094.0 | sl_price=2077.05 | quantity=4 | pnl=26.0 | pnl_percent=0.31 | charges=32.5 | trade_id=0 | duration_seconds=5138.683517 | duration_minutes=85.6
2025-11-25 15:58:42 | INFO | EXIT_BLOCKED | Cannot exit GODREJPROP-EQ: Pending SELL order already exists for GODREJPROP-EQ (Order ID: 251125001055394)
2025-11-25 15:58:42 | INFO | SL_HIT | 🛑 STOP LOSS HIT | PNBHOUSING-EQ | Entry: ₹885.90 | Exit: ₹881.45 | SL: ₹881.45 | PnL: ₹-48.95 | symbol=PNBHOUSING-EQ | exit_reason=SL_HIT | entry_price=885.9 | exit_price=881.45 | sl_price=881.45 | quantity=11 | pnl=-48.95 | pnl_percent=-0.5 | charges=34.0 | trade_id=0 | duration_seconds=5133.816544 | duration_minutes=85.6
2025-11-25 15:58:42 | INFO | EXIT_BLOCKED | Cannot exit PNBHOUSING-EQ: Pending SELL order already exists for PNBHOUSING-EQ (Order ID: 251125001073992)
2025-11-25 15:58:42 | INFO | MONITOR_SLEEP | Sleeping for 20s (base=20s, consecutive_errors=0, monitoring_suspended=False)
2025-11-25 15:59:02 | INFO | SL_MISSING_DETECTED | SL order missing for BALKRISIND-EQ (retry thread will handle) | symbol=BALKRISIND-EQ | sl_price=2275.55 | retry_count=10
2025-11-25 15:59:02 | INFO | SL_CHECK | Stop-loss hit for BALKRISIND-EQ (last_ltp: 2304.8, sl: 2275.55)
2025-11-25 15:59:02 | INFO | SL_MISSING_DETECTED | SL order missing for GODREJPROP-EQ (retry thread will handle) | symbol=GODREJPROP-EQ | sl_price=2077.05 | retry_count=10
2025-11-25 15:59:02 | INFO | SL_CHECK | Stop-loss hit for GODREJPROP-EQ (last_ltp: 2094.0, sl: 2077.05)
2025-11-25 15:59:02 | INFO | SL_CHECK | Stop-loss hit for PNBHOUSING-EQ (last_ltp: 881.45, sl: 881.45)
2025-11-25 15:59:02 | INFO | BUCKET_LTP_CHECK | Checking bucket 1/3 | symbols=['IOC-EQ', 'M&M-EQ', 'UPL-EQ'] | count=3
2025-11-25 15:59:02 | INFO | BUCKET_LTP_RESULT | Bucket LTP check complete | checked=3 | skipped=0 | bucket_number=1 | total_buckets=3
2025-11-25 15:59:03 | INFO | SL_HIT | 🛑 STOP LOSS HIT | BALKRISIND-EQ | Entry: ₹2287.00 | Exit: ₹2304.80 | SL: ₹2275.55 | PnL: ₹71.20 | symbol=BALKRISIND-EQ | exit_reason=SL_HIT | entry_price=2287.0 | exit_price=2304.8 | sl_price=2275.55 | quantity=4 | pnl=71.2 | pnl_percent=0.78 | charges=33.32 | trade_id=0 | duration_seconds=6058.691047 | duration_minutes=101.0
2025-11-25 15:59:03 | INFO | EXIT_BLOCKED | Cannot exit BALKRISIND-EQ: Pending SELL order already exists for BALKRISIND-EQ (Order ID: 251125000975801)
2025-11-25 15:59:03 | INFO | SL_HIT | 🛑 STOP LOSS HIT | GODREJPROP-EQ | Entry: ₹2087.50 | Exit: ₹2094.00 | SL: ₹2077.05 | PnL: ₹26.00 | symbol=GODREJPROP-EQ | exit_reason=SL_HIT | entry_price=2087.5 | exit_price=2094.0 | sl_price=2077.05 | quantity=4 | pnl=26.0 | pnl_percent=0.31 | charges=32.5 | trade_id=0 | duration_seconds=5160.64339 | duration_minutes=86.0
2025-11-25 15:59:03 | INFO | EXIT_BLOCKED | Cannot exit GODREJPROP-EQ: Pending SELL order already exists for GODREJPROP-EQ (Order ID: 251125001055394)
2025-11-25 15:59:04 | INFO | SL_HIT | 🛑 STOP LOSS HIT | PNBHOUSING-EQ | Entry: ₹885.90 | Exit: ₹881.45 | SL: ₹881.45 | PnL: ₹-48.95 | symbol=PNBHOUSING-EQ | exit_reason=SL_HIT | entry_price=885.9 | exit_price=881.45 | sl_price=881.45 | quantity=11 | pnl=-48.95 | pnl_percent=-0.5 | charges=34.0 | trade_id=0 | duration_seconds=5155.777826 | duration_minutes=85.9
2025-11-25 15:59:04 | INFO | EXIT_BLOCKED | Cannot exit PNBHOUSING-EQ: Pending SELL order already exists for PNBHOUSING-EQ (Order ID: 251125001073992)
2025-11-25 15:59:04 | INFO | MONITOR | Paper trades checked (next in 60s)
2025-11-25 15:59:04 | INFO | MONITOR_SLEEP | Sleeping for 20s (base=20s, consecutive_errors=0, monitoring_suspended=False)
2025-11-25 15:59:24 | INFO | SL_MISSING_DETECTED | SL order missing for BALKRISIND-EQ (retry thread will handle) | symbol=BALKRISIND-EQ | sl_price=2275.55 | retry_count=10
2025-11-25 15:59:24 | INFO | SL_CHECK | Stop-loss hit for BALKRISIND-EQ (last_ltp: 2304.8, sl: 2275.55)
2025-11-25 15:59:24 | INFO | SL_MISSING_DETECTED | SL order missing for GODREJPROP-EQ (retry thread will handle) | symbol=GODREJPROP-EQ | sl_price=2077.05 | retry_count=10
2025-11-25 15:59:24 | INFO | SL_CHECK | Stop-loss hit for GODREJPROP-EQ (last_ltp: 2094.0, sl: 2077.05)
2025-11-25 15:59:24 | INFO | SL_CHECK | Stop-loss hit for PNBHOUSING-EQ (last_ltp: 881.45, sl: 881.45)
2025-11-25 15:59:24 | INFO | BUCKET_LTP_CHECK | Checking bucket 2/3 | symbols=['CHAMBLFERT-EQ', 'BALKRISIND-EQ', 'GODREJPROP-EQ'] | count=3
2025-11-25 15:59:24 | INFO | BUCKET_LTP_RESULT | Bucket LTP check complete | checked=3 | skipped=0 | bucket_number=2 | total_buckets=3
2025-11-25 15:59:25 | INFO | SL_HIT | 🛑 STOP LOSS HIT | BALKRISIND-EQ | Entry: ₹2287.00 | Exit: ₹2304.80 | SL: ₹2275.55 | PnL: ₹71.20 | symbol=BALKRISIND-EQ | exit_reason=SL_HIT | entry_price=2287.0 | exit_price=2304.8 | sl_price=2275.55 | quantity=4 | pnl=71.2 | pnl_percent=0.78 | charges=33.32 | trade_id=0 | duration_seconds=6080.55156 | duration_minutes=101.3
2025-11-25 15:59:25 | INFO | EXIT_BLOCKED | Cannot exit BALKRISIND-EQ: Pending SELL order already exists for BALKRISIND-EQ (Order ID: 251125000975801)
2025-11-25 15:59:25 | INFO | SL_HIT | 🛑 STOP LOSS HIT | GODREJPROP-EQ | Entry: ₹2087.50 | Exit: ₹2094.00 | SL: ₹2077.05 | PnL: ₹26.00 | symbol=GODREJPROP-EQ | exit_reason=SL_HIT | entry_price=2087.5 | exit_price=2094.0 | sl_price=2077.05 | quantity=4 | pnl=26.0 | pnl_percent=0.31 | charges=32.5 | trade_id=0 | duration_seconds=5182.502224 | duration_minutes=86.4
2025-11-25 15:59:25 | INFO | EXIT_BLOCKED | Cannot exit GODREJPROP-EQ: Pending SELL order already exists for GODREJPROP-EQ (Order ID: 251125001055394)
2025-11-25 15:59:26 | INFO | SL_HIT | 🛑 STOP LOSS HIT | PNBHOUSING-EQ | Entry: ₹885.90 | Exit: ₹881.45 | SL: ₹881.45 | PnL: ₹-48.95 | symbol=PNBHOUSING-EQ | exit_reason=SL_HIT | entry_price=885.9 | exit_price=881.45 | sl_price=881.45 | quantity=11 | pnl=-48.95 | pnl_percent=-0.5 | charges=34.0 | trade_id=0 | duration_seconds=5177.635282 | duration_minutes=86.3
2025-11-25 15:59:26 | INFO | EXIT_BLOCKED | Cannot exit PNBHOUSING-EQ: Pending SELL order already exists for PNBHOUSING-EQ (Order ID: 251125001073992)
2025-11-25 15:59:26 | INFO | MONITOR_SLEEP | Sleeping for 20s (base=20s, consecutive_errors=0, monitoring_suspended=False)
2025-11-25 15:59:46 | INFO | SL_MISSING_DETECTED | SL order missing for BALKRISIND-EQ (retry thread will handle) | symbol=BALKRISIND-EQ | sl_price=2275.55 | retry_count=10
2025-11-25 15:59:46 | INFO | SL_CHECK | Stop-loss hit for BALKRISIND-EQ (last_ltp: 2304.8, sl: 2275.55)
2025-11-25 15:59:46 | INFO | SL_MISSING_DETECTED | SL order missing for GODREJPROP-EQ (retry thread will handle) | symbol=GODREJPROP-EQ | sl_price=2077.05 | retry_count=10
2025-11-25 15:59:46 | INFO | SL_CHECK | Stop-loss hit for GODREJPROP-EQ (last_ltp: 2094.0, sl: 2077.05)
2025-11-25 15:59:46 | INFO | SL_CHECK | Stop-loss hit for PNBHOUSING-EQ (last_ltp: 881.45, sl: 881.45)
2025-11-25 15:59:46 | INFO | BUCKET_LTP_CHECK | Checking bucket 0/3 | symbols=['PNBHOUSING-EQ'] | count=1
2025-11-25 15:59:46 | INFO | BUCKET_LTP_RESULT | Bucket LTP check complete | checked=1 | skipped=0 | bucket_number=0 | total_buckets=3
2025-11-25 15:59:46 | INFO | SL_HIT | 🛑 STOP LOSS HIT | BALKRISIND-EQ | Entry: ₹2287.00 | Exit: ₹2304.80 | SL: ₹2275.55 | PnL: ₹71.20 | symbol=BALKRISIND-EQ | exit_reason=SL_HIT | entry_price=2287.0 | exit_price=2304.8 | sl_price=2275.55 | quantity=4 | pnl=71.2 | pnl_percent=0.78 | charges=33.32 | trade_id=0 | duration_seconds=6101.87814 | duration_minutes=101.7
2025-11-25 15:59:46 | INFO | EXIT_BLOCKED | Cannot exit BALKRISIND-EQ: Pending SELL order already exists for BALKRISIND-EQ (Order ID: 251125000975801)
2025-11-25 15:59:47 | INFO | SL_HIT | 🛑 STOP LOSS HIT | GODREJPROP-EQ | Entry: ₹2087.50 | Exit: ₹2094.00 | SL: ₹2077.05 | PnL: ₹26.00 | symbol=GODREJPROP-EQ | exit_reason=SL_HIT | entry_price=2087.5 | exit_price=2094.0 | sl_price=2077.05 | quantity=4 | pnl=26.0 | pnl_percent=0.31 | charges=32.5 | trade_id=0 | duration_seconds=5203.829137 | duration_minutes=86.7
2025-11-25 15:59:47 | INFO | EXIT_BLOCKED | Cannot exit GODREJPROP-EQ: Pending SELL order already exists for GODREJPROP-EQ (Order ID: 251125001055394)
2025-11-25 15:59:47 | INFO | SL_HIT | 🛑 STOP LOSS HIT | PNBHOUSING-EQ | Entry: ₹885.90 | Exit: ₹881.45 | SL: ₹881.45 | PnL: ₹-48.95 | symbol=PNBHOUSING-EQ | exit_reason=SL_HIT | entry_price=885.9 | exit_price=881.45 | sl_price=881.45 | quantity=11 | pnl=-48.95 | pnl_percent=-0.5 | charges=34.0 | trade_id=0 | duration_seconds=5198.962474 | duration_minutes=86.6
2025-11-25 15:59:47 | INFO | EXIT_BLOCKED | Cannot exit PNBHOUSING-EQ: Pending SELL order already exists for PNBHOUSING-EQ (Order ID: 251125001073992)
2025-11-25 15:59:47 | INFO | MONITOR_SLEEP | Sleeping for 20s (base=20s, consecutive_errors=0, monitoring_suspended=False)
2025-11-25 16:00:07 | INFO | SL_MISSING_DETECTED | SL order missing for BALKRISIND-EQ (retry thread will handle) | symbol=BALKRISIND-EQ | sl_price=2275.55 | retry_count=10
2025-11-25 16:00:07 | INFO | SL_CHECK | Stop-loss hit for BALKRISIND-EQ (last_ltp: 2304.8, sl: 2275.55)
2025-11-25 16:00:07 | INFO | SL_MISSING_DETECTED | SL order missing for GODREJPROP-EQ (retry thread will handle) | symbol=GODREJPROP-EQ | sl_price=2077.05 | retry_count=10
2025-11-25 16:00:07 | INFO | SL_CHECK | Stop-loss hit for GODREJPROP-EQ (last_ltp: 2094.0, sl: 2077.05)
2025-11-25 16:00:07 | INFO | SL_CHECK | Stop-loss hit for PNBHOUSING-EQ (last_ltp: 881.45, sl: 881.45)
2025-11-25 16:00:07 | INFO | BUCKET_LTP_CHECK | Checking bucket 1/3 | symbols=['IOC-EQ', 'M&M-EQ', 'UPL-EQ'] | count=3
2025-11-25 16:00:08 | INFO | BUCKET_LTP_RESULT | Bucket LTP check complete | checked=3 | skipped=0 | bucket_number=1 | total_buckets=3
2025-11-25 16:00:08 | INFO | SL_HIT | 🛑 STOP LOSS HIT | BALKRISIND-EQ | Entry: ₹2287.00 | Exit: ₹2304.80 | SL: ₹2275.55 | PnL: ₹71.20 | symbol=BALKRISIND-EQ | exit_reason=SL_HIT | entry_price=2287.0 | exit_price=2304.8 | sl_price=2275.55 | quantity=4 | pnl=71.2 | pnl_percent=0.78 | charges=33.32 | trade_id=0 | duration_seconds=6123.726156 | duration_minutes=102.1
2025-11-25 16:00:08 | INFO | EXIT_BLOCKED | Cannot exit BALKRISIND-EQ: Pending SELL order already exists for BALKRISIND-EQ (Order ID: 251125000975801)
2025-11-25 16:00:09 | INFO | SL_HIT | 🛑 STOP LOSS HIT | GODREJPROP-EQ | Entry: ₹2087.50 | Exit: ₹2094.00 | SL: ₹2077.05 | PnL: ₹26.00 | symbol=GODREJPROP-EQ | exit_reason=SL_HIT | entry_price=2087.5 | exit_price=2094.0 | sl_price=2077.05 | quantity=4 | pnl=26.0 | pnl_percent=0.31 | charges=32.5 | trade_id=0 | duration_seconds=5225.676932 | duration_minutes=87.1
2025-11-25 16:00:09 | INFO | EXIT_BLOCKED | Cannot exit GODREJPROP-EQ: Pending SELL order already exists for GODREJPROP-EQ (Order ID: 251125001055394)
2025-11-25 16:00:09 | INFO | SL_HIT | 🛑 STOP LOSS HIT | PNBHOUSING-EQ | Entry: ₹885.90 | Exit: ₹881.45 | SL: ₹881.45 | PnL: ₹-48.95 | symbol=PNBHOUSING-EQ | exit_reason=SL_HIT | entry_price=885.9 | exit_price=881.45 | sl_price=881.45 | quantity=11 | pnl=-48.95 | pnl_percent=-0.5 | charges=34.0 | trade_id=0 | duration_seconds=5220.809967 | duration_minutes=87.0
2025-11-25 16:00:09 | INFO | EXIT_BLOCKED | Cannot exit PNBHOUSING-EQ: Pending SELL order already exists for PNBHOUSING-EQ (Order ID: 251125001073992)
2025-11-25 16:00:09 | INFO | MONITOR | Paper trades checked (next in 60s)
2025-11-25 16:00:09 | INFO | MONITOR_SLEEP | Sleeping for 20s (base=20s, consecutive_errors=0, monitoring_suspended=False)
2025-11-25 16:00:29 | INFO | SL_MISSING_DETECTED | SL order missing for BALKRISIND-EQ (retry thread will handle) | symbol=BALKRISIND-EQ | sl_price=2275.55 | retry_count=10
2025-11-25 16:00:29 | INFO | SL_CHECK | Stop-loss hit for BALKRISIND-EQ (last_ltp: 2304.8, sl: 2275.55)
2025-11-25 16:00:29 | INFO | SL_MISSING_DETECTED | SL order missing for GODREJPROP-EQ (retry thread will handle) | symbol=GODREJPROP-EQ | sl_price=2077.05 | retry_count=10
2025-11-25 16:00:29 | INFO | SL_CHECK | Stop-loss hit for GODREJPROP-EQ (last_ltp: 2094.0, sl: 2077.05)
2025-11-25 16:00:29 | INFO | SL_CHECK | Stop-loss hit for PNBHOUSING-EQ (last_ltp: 881.45, sl: 881.45)
2025-11-25 16:00:29 | INFO | BUCKET_LTP_CHECK | Checking bucket 2/3 | symbols=['CHAMBLFERT-EQ', 'BALKRISIND-EQ', 'GODREJPROP-EQ'] | count=3
2025-11-25 16:00:29 | INFO | BUCKET_LTP_RESULT | Bucket LTP check complete | checked=3 | skipped=0 | bucket_number=2 | total_buckets=3
2025-11-25 16:00:30 | INFO | SL_HIT | 🛑 STOP LOSS HIT | BALKRISIND-EQ | Entry: ₹2287.00 | Exit: ₹2304.80 | SL: ₹2275.55 | PnL: ₹71.20 | symbol=BALKRISIND-EQ | exit_reason=SL_HIT | entry_price=2287.0 | exit_price=2304.8 | sl_price=2275.55 | quantity=4 | pnl=71.2 | pnl_percent=0.78 | charges=33.32 | trade_id=0 | duration_seconds=6145.590305 | duration_minutes=102.4
2025-11-25 16:00:30 | INFO | EXIT_BLOCKED | Cannot exit BALKRISIND-EQ: Pending SELL order already exists for BALKRISIND-EQ (Order ID: 251125000975801)
2025-11-25 16:00:30 | INFO | SL_HIT | 🛑 STOP LOSS HIT | GODREJPROP-EQ | Entry: ₹2087.50 | Exit: ₹2094.00 | SL: ₹2077.05 | PnL: ₹26.00 | symbol=GODREJPROP-EQ | exit_reason=SL_HIT | entry_price=2087.5 | exit_price=2094.0 | sl_price=2077.05 | quantity=4 | pnl=26.0 | pnl_percent=0.31 | charges=32.5 | trade_id=0 | duration_seconds=5247.541174 | duration_minutes=87.5
2025-11-25 16:00:30 | INFO | EXIT_BLOCKED | Cannot exit GODREJPROP-EQ: Pending SELL order already exists for GODREJPROP-EQ (Order ID: 251125001055394)
2025-11-25 16:00:31 | INFO | SL_HIT | 🛑 STOP LOSS HIT | PNBHOUSING-EQ | Entry: ₹885.90 | Exit: ₹881.45 | SL: ₹881.45 | PnL: ₹-48.95 | symbol=PNBHOUSING-EQ | exit_reason=SL_HIT | entry_price=885.9 | exit_price=881.45 | sl_price=881.45 | quantity=11 | pnl=-48.95 | pnl_percent=-0.5 | charges=34.0 | trade_id=0 | duration_seconds=5242.674177 | duration_minutes=87.4
2025-11-25 16:00:31 | INFO | EXIT_BLOCKED | Cannot exit PNBHOUSING-EQ: Pending SELL order already exists for PNBHOUSING-EQ (Order ID: 251125001073992)
2025-11-25 16:00:31 | INFO | MONITOR_SLEEP | Sleeping for 20s (base=20s, consecutive_errors=0, monitoring_suspended=False)
2025-11-25 16:00:51 | INFO | SL_MISSING_DETECTED | SL order missing for BALKRISIND-EQ (retry thread will handle) | symbol=BALKRISIND-EQ | sl_price=2275.55 | retry_count=10
2025-11-25 16:00:51 | INFO | SL_CHECK | Stop-loss hit for BALKRISIND-EQ (last_ltp: 2304.8, sl: 2275.55)
2025-11-25 16:00:51 | INFO | SL_MISSING_DETECTED | SL order missing for GODREJPROP-EQ (retry thread will handle) | symbol=GODREJPROP-EQ | sl_price=2077.05 | retry_count=10
2025-11-25 16:00:51 | INFO | SL_CHECK | Stop-loss hit for GODREJPROP-EQ (last_ltp: 2094.0, sl: 2077.05)
2025-11-25 16:00:51 | INFO | SL_CHECK | Stop-loss hit for PNBHOUSING-EQ (last_ltp: 881.45, sl: 881.45)
2025-11-25 16:00:51 | INFO | BUCKET_LTP_CHECK | Checking bucket 0/3 | symbols=['PNBHOUSING-EQ'] | count=1
2025-11-25 16:00:51 | INFO | BUCKET_LTP_RESULT | Bucket LTP check complete | checked=1 | skipped=0 | bucket_number=0 | total_buckets=3
2025-11-25 16:00:52 | INFO | SL_HIT | 🛑 STOP LOSS HIT | BALKRISIND-EQ | Entry: ₹2287.00 | Exit: ₹2304.80 | SL: ₹2275.55 | PnL: ₹71.20 | symbol=BALKRISIND-EQ | exit_reason=SL_HIT | entry_price=2287.0 | exit_price=2304.8 | sl_price=2275.55 | quantity=4 | pnl=71.2 | pnl_percent=0.78 | charges=33.32 | trade_id=0 | duration_seconds=6166.91716 | duration_minutes=102.8
2025-11-25 16:00:52 | INFO | EXIT_BLOCKED | Cannot exit BALKRISIND-EQ: Pending SELL order already exists for BALKRISIND-EQ (Order ID: 251125000975801)
2025-11-25 16:00:52 | INFO | SL_HIT | 🛑 STOP LOSS HIT | GODREJPROP-EQ | Entry: ₹2087.50 | Exit: ₹2094.00 | SL: ₹2077.05 | PnL: ₹26.00 | symbol=GODREJPROP-EQ | exit_reason=SL_HIT | entry_price=2087.5 | exit_price=2094.0 | sl_price=2077.05 | quantity=4 | pnl=26.0 | pnl_percent=0.31 | charges=32.5 | trade_id=0 | duration_seconds=5268.868023 | duration_minutes=87.8
2025-11-25 16:00:52 | INFO | EXIT_BLOCKED | Cannot exit GODREJPROP-EQ: Pending SELL order already exists for GODREJPROP-EQ (Order ID: 251125001055394)
2025-11-25 16:00:52 | INFO | SL_HIT | 🛑 STOP LOSS HIT | PNBHOUSING-EQ | Entry: ₹885.90 | Exit: ₹881.45 | SL: ₹881.45 | PnL: ₹-48.95 | symbol=PNBHOUSING-EQ | exit_reason=SL_HIT | entry_price=885.9 | exit_price=881.45 | sl_price=881.45 | quantity=11 | pnl=-48.95 | pnl_percent=-0.5 | charges=34.0 | trade_id=0 | duration_seconds=5264.001174 | duration_minutes=87.7
2025-11-25 16:00:52 | INFO | EXIT_BLOCKED | Cannot exit PNBHOUSING-EQ: Pending SELL order already exists for PNBHOUSING-EQ (Order ID: 251125001073992)
2025-11-25 16:00:52 | INFO | MONITOR_SLEEP | Sleeping for 20s (base=20s, consecutive_errors=0, monitoring_suspended=False)
2025-11-25 16:01:12 | INFO | SL_MISSING_DETECTED | SL order missing for BALKRISIND-EQ (retry thread will handle) | symbol=BALKRISIND-EQ | sl_price=2275.55 | retry_count=10
2025-11-25 16:01:12 | INFO | SL_CHECK | Stop-loss hit for BALKRISIND-EQ (last_ltp: 2304.8, sl: 2275.55)
2025-11-25 16:01:12 | INFO | SL_MISSING_DETECTED | SL order missing for GODREJPROP-EQ (retry thread will handle) | symbol=GODREJPROP-EQ | sl_price=2077.05 | retry_count=10
2025-11-25 16:01:12 | INFO | SL_CHECK | Stop-loss hit for GODREJPROP-EQ (last_ltp: 2094.0, sl: 2077.05)
2025-11-25 16:01:12 | INFO | SL_CHECK | Stop-loss hit for PNBHOUSING-EQ (last_ltp: 881.45, sl: 881.45)
2025-11-25 16:01:12 | INFO | BUCKET_LTP_CHECK | Checking bucket 1/3 | symbols=['IOC-EQ', 'M&M-EQ', 'UPL-EQ'] | count=3
2025-11-25 16:01:13 | INFO | BUCKET_LTP_RESULT | Bucket LTP check complete | checked=3 | skipped=0 | bucket_number=1 | total_buckets=3
2025-11-25 16:01:13 | INFO | SL_HIT | 🛑 STOP LOSS HIT | BALKRISIND-EQ | Entry: ₹2287.00 | Exit: ₹2304.80 | SL: ₹2275.55 | PnL: ₹71.20 | symbol=BALKRISIND-EQ | exit_reason=SL_HIT | entry_price=2287.0 | exit_price=2304.8 | sl_price=2275.55 | quantity=4 | pnl=71.2 | pnl_percent=0.78 | charges=33.32 | trade_id=0 | duration_seconds=6188.777531 | duration_minutes=103.1
2025-11-25 16:01:13 | INFO | EXIT_BLOCKED | Cannot exit BALKRISIND-EQ: Pending SELL order already exists for BALKRISIND-EQ (Order ID: 251125000975801)
2025-11-25 16:01:14 | INFO | SL_HIT | 🛑 STOP LOSS HIT | GODREJPROP-EQ | Entry: ₹2087.50 | Exit: ₹2094.00 | SL: ₹2077.05 | PnL: ₹26.00 | symbol=GODREJPROP-EQ | exit_reason=SL_HIT | entry_price=2087.5 | exit_price=2094.0 | sl_price=2077.05 | quantity=4 | pnl=26.0 | pnl_percent=0.31 | charges=32.5 | trade_id=0 | duration_seconds=5290.728391 | duration_minutes=88.2
2025-11-25 16:01:14 | INFO | EXIT_BLOCKED | Cannot exit GODREJPROP-EQ: Pending SELL order already exists for GODREJPROP-EQ (Order ID: 251125001055394)
2025-11-25 16:01:14 | INFO | SL_HIT | 🛑 STOP LOSS HIT | PNBHOUSING-EQ | Entry: ₹885.90 | Exit: ₹881.45 | SL: ₹881.45 | PnL: ₹-48.95 | symbol=PNBHOUSING-EQ | exit_reason=SL_HIT | entry_price=885.9 | exit_price=881.45 | sl_price=881.45 | quantity=11 | pnl=-48.95 | pnl_percent=-0.5 | charges=34.0 | trade_id=0 | duration_seconds=5285.861618 | duration_minutes=88.1
2025-11-25 16:01:14 | INFO | EXIT_BLOCKED | Cannot exit PNBHOUSING-EQ: Pending SELL order already exists for PNBHOUSING-EQ (Order ID: 251125001073992)
2025-11-25 16:01:14 | INFO | MONITOR | Paper trades checked (next in 60s)
2025-11-25 16:01:14 | INFO | MONITOR_SLEEP | Sleeping for 20s (base=20s, consecutive_errors=0, monitoring_suspended=False)
2025-11-25 16:01:34 | INFO | SL_MISSING_DETECTED | SL order missing for BALKRISIND-EQ (retry thread will handle) | symbol=BALKRISIND-EQ | sl_price=2275.55 | retry_count=10
2025-11-25 16:01:34 | INFO | SL_CHECK | Stop-loss hit for BALKRISIND-EQ (last_ltp: 2304.8, sl: 2275.55)
2025-11-25 16:01:34 | INFO | SL_MISSING_DETECTED | SL order missing for GODREJPROP-EQ (retry thread will handle) | symbol=GODREJPROP-EQ | sl_price=2077.05 | retry_count=10
2025-11-25 16:01:34 | INFO | SL_CHECK | Stop-loss hit for GODREJPROP-EQ (last_ltp: 2094.0, sl: 2077.05)
2025-11-25 16:01:34 | INFO | SL_CHECK | Stop-loss hit for PNBHOUSING-EQ (last_ltp: 881.45, sl: 881.45)
2025-11-25 16:01:34 | INFO | BUCKET_LTP_CHECK | Checking bucket 2/3 | symbols=['CHAMBLFERT-EQ', 'BALKRISIND-EQ', 'GODREJPROP-EQ'] | count=3
2025-11-25 16:01:34 | INFO | BUCKET_LTP_RESULT | Bucket LTP check complete | checked=3 | skipped=0 | bucket_number=2 | total_buckets=3
2025-11-25 16:01:35 | INFO | SL_HIT | 🛑 STOP LOSS HIT | BALKRISIND-EQ | Entry: ₹2287.00 | Exit: ₹2304.80 | SL: ₹2275.55 | PnL: ₹71.20 | symbol=BALKRISIND-EQ | exit_reason=SL_HIT | entry_price=2287.0 | exit_price=2304.8 | sl_price=2275.55 | quantity=4 | pnl=71.2 | pnl_percent=0.78 | charges=33.32 | trade_id=0 | duration_seconds=6210.627839 | duration_minutes=103.5
2025-11-25 16:01:35 | INFO | EXIT_BLOCKED | Cannot exit BALKRISIND-EQ: Pending SELL order already exists for BALKRISIND-EQ (Order ID: 251125000975801)
2025-11-25 16:01:35 | INFO | SL_HIT | 🛑 STOP LOSS HIT | GODREJPROP-EQ | Entry: ₹2087.50 | Exit: ₹2094.00 | SL: ₹2077.05 | PnL: ₹26.00 | symbol=GODREJPROP-EQ | exit_reason=SL_HIT | entry_price=2087.5 | exit_price=2094.0 | sl_price=2077.05 | quantity=4 | pnl=26.0 | pnl_percent=0.31 | charges=32.5 | trade_id=0 | duration_seconds=5312.57969 | duration_minutes=88.5
2025-11-25 16:01:35 | INFO | EXIT_BLOCKED | Cannot exit GODREJPROP-EQ: Pending SELL order already exists for GODREJPROP-EQ (Order ID: 251125001055394)
2025-11-25 16:01:36 | INFO | SL_HIT | 🛑 STOP LOSS HIT | PNBHOUSING-EQ | Entry: ₹885.90 | Exit: ₹881.45 | SL: ₹881.45 | PnL: ₹-48.95 | symbol=PNBHOUSING-EQ | exit_reason=SL_HIT | entry_price=885.9 | exit_price=881.45 | sl_price=881.45 | quantity=11 | pnl=-48.95 | pnl_percent=-0.5 | charges=34.0 | trade_id=0 | duration_seconds=5307.714269 | duration_minutes=88.5
2025-11-25 16:01:36 | INFO | EXIT_BLOCKED | Cannot exit PNBHOUSING-EQ: Pending SELL order already exists for PNBHOUSING-EQ (Order ID: 251125001073992)
2025-11-25 16:01:36 | INFO | MONITOR_SLEEP | Sleeping for 20s (base=20s, consecutive_errors=0, monitoring_suspended=False)
2025-11-25 16:01:56 | INFO | SL_MISSING_DETECTED | SL order missing for BALKRISIND-EQ (retry thread will handle) | symbol=BALKRISIND-EQ | sl_price=2275.55 | retry_count=10
2025-11-25 16:01:56 | INFO | SL_CHECK | Stop-loss hit for BALKRISIND-EQ (last_ltp: 2304.8, sl: 2275.55)
2025-11-25 16:01:56 | INFO | SL_MISSING_DETECTED | SL order missing for GODREJPROP-EQ (retry thread will handle) | symbol=GODREJPROP-EQ | sl_price=2077.05 | retry_count=10
2025-11-25 16:01:56 | INFO | SL_CHECK | Stop-loss hit for GODREJPROP-EQ (last_ltp: 2094.0, sl: 2077.05)
2025-11-25 16:01:56 | INFO | SL_CHECK | Stop-loss hit for PNBHOUSING-EQ (last_ltp: 881.45, sl: 881.45)
2025-11-25 16:01:56 | INFO | BUCKET_LTP_CHECK | Checking bucket 0/3 | symbols=['PNBHOUSING-EQ'] | count=1
2025-11-25 16:01:56 | INFO | BUCKET_LTP_RESULT | Bucket LTP check complete | checked=1 | skipped=0 | bucket_number=0 | total_buckets=3
2025-11-25 16:01:57 | INFO | SL_HIT | 🛑 STOP LOSS HIT | BALKRISIND-EQ | Entry: ₹2287.00 | Exit: ₹2304.80 | SL: ₹2275.55 | PnL: ₹71.20 | symbol=BALKRISIND-EQ | exit_reason=SL_HIT | entry_price=2287.0 | exit_price=2304.8 | sl_price=2275.55 | quantity=4 | pnl=71.2 | pnl_percent=0.78 | charges=33.32 | trade_id=0 | duration_seconds=6231.950166 | duration_minutes=103.9
2025-11-25 16:01:57 | INFO | EXIT_BLOCKED | Cannot exit BALKRISIND-EQ: Pending SELL order already exists for BALKRISIND-EQ (Order ID: 251125000975801)
2025-11-25 16:01:57 | INFO | SL_HIT | 🛑 STOP LOSS HIT | GODREJPROP-EQ | Entry: ₹2087.50 | Exit: ₹2094.00 | SL: ₹2077.05 | PnL: ₹26.00 | symbol=GODREJPROP-EQ | exit_reason=SL_HIT | entry_price=2087.5 | exit_price=2094.0 | sl_price=2077.05 | quantity=4 | pnl=26.0 | pnl_percent=0.31 | charges=32.5 | trade_id=0 | duration_seconds=5333.900959 | duration_minutes=88.9
2025-11-25 16:01:57 | INFO | EXIT_BLOCKED | Cannot exit GODREJPROP-EQ: Pending SELL order already exists for GODREJPROP-EQ (Order ID: 251125001055394)
2025-11-25 16:01:57 | INFO | SL_HIT | 🛑 STOP LOSS HIT | PNBHOUSING-EQ | Entry: ₹885.90 | Exit: ₹881.45 | SL: ₹881.45 | PnL: ₹-48.95 | symbol=PNBHOUSING-EQ | exit_reason=SL_HIT | entry_price=885.9 | exit_price=881.45 | sl_price=881.45 | quantity=11 | pnl=-48.95 | pnl_percent=-0.5 | charges=34.0 | trade_id=0 | duration_seconds=5329.034056 | duration_minutes=88.8
2025-11-25 16:01:57 | INFO | EXIT_BLOCKED | Cannot exit PNBHOUSING-EQ: Pending SELL order already exists for PNBHOUSING-EQ (Order ID: 251125001073992)
2025-11-25 16:01:57 | INFO | MONITOR_SLEEP | Sleeping for 20s (base=20s, consecutive_errors=0, monitoring_suspended=False)
2025-11-25 16:02:17 | INFO | SL_MISSING_DETECTED | SL order missing for BALKRISIND-EQ (retry thread will handle) | symbol=BALKRISIND-EQ | sl_price=2275.55 | retry_count=10
2025-11-25 16:02:17 | INFO | SL_CHECK | Stop-loss hit for BALKRISIND-EQ (last_ltp: 2304.8, sl: 2275.55)
2025-11-25 16:02:17 | INFO | SL_MISSING_DETECTED | SL order missing for GODREJPROP-EQ (retry thread will handle) | symbol=GODREJPROP-EQ | sl_price=2077.05 | retry_count=10
2025-11-25 16:02:17 | INFO | SL_CHECK | Stop-loss hit for GODREJPROP-EQ (last_ltp: 2094.0, sl: 2077.05)
2025-11-25 16:02:17 | INFO | SL_CHECK | Stop-loss hit for PNBHOUSING-EQ (last_ltp: 881.45, sl: 881.45)
2025-11-25 16:02:17 | INFO | BUCKET_LTP_CHECK | Checking bucket 1/3 | symbols=['IOC-EQ', 'M&M-EQ', 'UPL-EQ'] | count=3
2025-11-25 16:02:18 | INFO | BUCKET_LTP_RESULT | Bucket LTP check complete | checked=3 | skipped=0 | bucket_number=1 | total_buckets=3
2025-11-25 16:02:18 | INFO | SL_HIT | 🛑 STOP LOSS HIT | BALKRISIND-EQ | Entry: ₹2287.00 | Exit: ₹2304.80 | SL: ₹2275.55 | PnL: ₹71.20 | symbol=BALKRISIND-EQ | exit_reason=SL_HIT | entry_price=2287.0 | exit_price=2304.8 | sl_price=2275.55 | quantity=4 | pnl=71.2 | pnl_percent=0.78 | charges=33.32 | trade_id=0 | duration_seconds=6253.805022 | duration_minutes=104.2
2025-11-25 16:02:18 | INFO | EXIT_BLOCKED | Cannot exit BALKRISIND-EQ: Pending SELL order already exists for BALKRISIND-EQ (Order ID: 251125000975801)
2025-11-25 16:02:19 | INFO | SL_HIT | 🛑 STOP LOSS HIT | GODREJPROP-EQ | Entry: ₹2087.50 | Exit: ₹2094.00 | SL: ₹2077.05 | PnL: ₹26.00 | symbol=GODREJPROP-EQ | exit_reason=SL_HIT | entry_price=2087.5 | exit_price=2094.0 | sl_price=2077.05 | quantity=4 | pnl=26.0 | pnl_percent=0.31 | charges=32.5 | trade_id=0 | duration_seconds=5355.757403 | duration_minutes=89.3
2025-11-25 16:02:19 | INFO | EXIT_BLOCKED | Cannot exit GODREJPROP-EQ: Pending SELL order already exists for GODREJPROP-EQ (Order ID: 251125001055394)
2025-11-25 16:02:19 | INFO | SL_HIT | 🛑 STOP LOSS HIT | PNBHOUSING-EQ | Entry: ₹885.90 | Exit: ₹881.45 | SL: ₹881.45 | PnL: ₹-48.95 | symbol=PNBHOUSING-EQ | exit_reason=SL_HIT | entry_price=885.9 | exit_price=881.45 | sl_price=881.45 | quantity=11 | pnl=-48.95 | pnl_percent=-0.5 | charges=34.0 | trade_id=0 | duration_seconds=5350.89048 | duration_minutes=89.2
2025-11-25 16:02:19 | INFO | EXIT_BLOCKED | Cannot exit PNBHOUSING-EQ: Pending SELL order already exists for PNBHOUSING-EQ (Order ID: 251125001073992)
2025-11-25 16:02:19 | INFO | MONITOR | Paper trades checked (next in 60s)
2025-11-25 16:02:19 | INFO | MONITOR_SLEEP | Sleeping for 20s (base=20s, consecutive_errors=0, monitoring_suspended=False)
2025-11-25 16:02:39 | INFO | SL_MISSING_DETECTED | SL order missing for BALKRISIND-EQ (retry thread will handle) | symbol=BALKRISIND-EQ | sl_price=2275.55 | retry_count=10
2025-11-25 16:02:39 | INFO | SL_CHECK | Stop-loss hit for BALKRISIND-EQ (last_ltp: 2304.8, sl: 2275.55)
2025-11-25 16:02:39 | INFO | SL_MISSING_DETECTED | SL order missing for GODREJPROP-EQ (retry thread will handle) | symbol=GODREJPROP-EQ | sl_price=2077.05 | retry_count=10
2025-11-25 16:02:39 | INFO | SL_CHECK | Stop-loss hit for GODREJPROP-EQ (last_ltp: 2094.0, sl: 2077.05)
2025-11-25 16:02:39 | INFO | SL_CHECK | Stop-loss hit for PNBHOUSING-EQ (last_ltp: 881.45, sl: 881.45)
2025-11-25 16:02:39 | INFO | BUCKET_LTP_CHECK | Checking bucket 2/3 | symbols=['CHAMBLFERT-EQ', 'BALKRISIND-EQ', 'GODREJPROP-EQ'] | count=3
2025-11-25 16:02:39 | INFO | BUCKET_LTP_RESULT | Bucket LTP check complete | checked=3 | skipped=0 | bucket_number=2 | total_buckets=3
2025-11-25 16:02:40 | INFO | SL_HIT | 🛑 STOP LOSS HIT | BALKRISIND-EQ | Entry: ₹2287.00 | Exit: ₹2304.80 | SL: ₹2275.55 | PnL: ₹71.20 | symbol=BALKRISIND-EQ | exit_reason=SL_HIT | entry_price=2287.0 | exit_price=2304.8 | sl_price=2275.55 | quantity=4 | pnl=71.2 | pnl_percent=0.78 | charges=33.32 | trade_id=0 | duration_seconds=6275.691414 | duration_minutes=104.6
2025-11-25 16:02:40 | INFO | EXIT_BLOCKED | Cannot exit BALKRISIND-EQ: Pending SELL order already exists for BALKRISIND-EQ (Order ID: 251125000975801)
2025-11-25 16:02:40 | INFO | SL_HIT | 🛑 STOP LOSS HIT | GODREJPROP-EQ | Entry: ₹2087.50 | Exit: ₹2094.00 | SL: ₹2077.05 | PnL: ₹26.00 | symbol=GODREJPROP-EQ | exit_reason=SL_HIT | entry_price=2087.5 | exit_price=2094.0 | sl_price=2077.05 | quantity=4 | pnl=26.0 | pnl_percent=0.31 | charges=32.5 | trade_id=0 | duration_seconds=5377.642084 | duration_minutes=89.6
2025-11-25 16:02:40 | INFO | EXIT_BLOCKED | Cannot exit GODREJPROP-EQ: Pending SELL order already exists for GODREJPROP-EQ (Order ID: 251125001055394)
2025-11-25 16:02:41 | INFO | SL_HIT | 🛑 STOP LOSS HIT | PNBHOUSING-EQ | Entry: ₹885.90 | Exit: ₹881.45 | SL: ₹881.45 | PnL: ₹-48.95 | symbol=PNBHOUSING-EQ | exit_reason=SL_HIT | entry_price=885.9 | exit_price=881.45 | sl_price=881.45 | quantity=11 | pnl=-48.95 | pnl_percent=-0.5 | charges=34.0 | trade_id=0 | duration_seconds=5372.775294 | duration_minutes=89.5
2025-11-25 16:02:41 | INFO | EXIT_BLOCKED | Cannot exit PNBHOUSING-EQ: Pending SELL order already exists for PNBHOUSING-EQ (Order ID: 251125001073992)
2025-11-25 16:02:41 | INFO | MONITOR_SLEEP | Sleeping for 20s (base=20s, consecutive_errors=0, monitoring_suspended=False)
2025-11-25 16:03:01 | INFO | SL_MISSING_DETECTED | SL order missing for BALKRISIND-EQ (retry thread will handle) | symbol=BALKRISIND-EQ | sl_price=2275.55 | retry_count=10
2025-11-25 16:03:01 | INFO | SL_CHECK | Stop-loss hit for BALKRISIND-EQ (last_ltp: 2304.8, sl: 2275.55)
2025-11-25 16:03:01 | INFO | SL_MISSING_DETECTED | SL order missing for GODREJPROP-EQ (retry thread will handle) | symbol=GODREJPROP-EQ | sl_price=2077.05 | retry_count=10
2025-11-25 16:03:01 | INFO | SL_CHECK | Stop-loss hit for GODREJPROP-EQ (last_ltp: 2094.0, sl: 2077.05)
2025-11-25 16:03:01 | INFO | SL_CHECK | Stop-loss hit for PNBHOUSING-EQ (last_ltp: 881.45, sl: 881.45)
2025-11-25 16:03:01 | INFO | BUCKET_LTP_CHECK | Checking bucket 0/3 | symbols=['PNBHOUSING-EQ'] | count=1
2025-11-25 16:03:01 | INFO | BUCKET_LTP_RESULT | Bucket LTP check complete | checked=1 | skipped=0 | bucket_number=0 | total_buckets=3
2025-11-25 16:03:02 | INFO | SL_HIT | 🛑 STOP LOSS HIT | BALKRISIND-EQ | Entry: ₹2287.00 | Exit: ₹2304.80 | SL: ₹2275.55 | PnL: ₹71.20 | symbol=BALKRISIND-EQ | exit_reason=SL_HIT | entry_price=2287.0 | exit_price=2304.8 | sl_price=2275.55 | quantity=4 | pnl=71.2 | pnl_percent=0.78 | charges=33.32 | trade_id=0 | duration_seconds=6297.014785 | duration_minutes=105.0
2025-11-25 16:03:02 | INFO | EXIT_BLOCKED | Cannot exit BALKRISIND-EQ: Pending SELL order already exists for BALKRISIND-EQ (Order ID: 251125000975801)
2025-11-25 16:03:02 | INFO | SL_HIT | 🛑 STOP LOSS HIT | GODREJPROP-EQ | Entry: ₹2087.50 | Exit: ₹2094.00 | SL: ₹2077.05 | PnL: ₹26.00 | symbol=GODREJPROP-EQ | exit_reason=SL_HIT | entry_price=2087.5 | exit_price=2094.0 | sl_price=2077.05 | quantity=4 | pnl=26.0 | pnl_percent=0.31 | charges=32.5 | trade_id=0 | duration_seconds=5398.965556 | duration_minutes=90.0
2025-11-25 16:03:02 | INFO | EXIT_BLOCKED | Cannot exit GODREJPROP-EQ: Pending SELL order already exists for GODREJPROP-EQ (Order ID: 251125001055394)
2025-11-25 16:03:02 | INFO | SL_HIT | 🛑 STOP LOSS HIT | PNBHOUSING-EQ | Entry: ₹885.90 | Exit: ₹881.45 | SL: ₹881.45 | PnL: ₹-48.95 | symbol=PNBHOUSING-EQ | exit_reason=SL_HIT | entry_price=885.9 | exit_price=881.45 | sl_price=881.45 | quantity=11 | pnl=-48.95 | pnl_percent=-0.5 | charges=34.0 | trade_id=0 | duration_seconds=5394.098629 | duration_minutes=89.9
2025-11-25 16:03:02 | INFO | EXIT_BLOCKED | Cannot exit PNBHOUSING-EQ: Pending SELL order already exists for PNBHOUSING-EQ (Order ID: 251125001073992)
2025-11-25 16:03:02 | INFO | MONITOR_SLEEP | Sleeping for 20s (base=20s, consecutive_errors=0, monitoring_suspended=False)
2025-11-25 16:03:22 | INFO | SL_MISSING_DETECTED | SL order missing for BALKRISIND-EQ (retry thread will handle) | symbol=BALKRISIND-EQ | sl_price=2275.55 | retry_count=10
2025-11-25 16:03:22 | INFO | SL_CHECK | Stop-loss hit for BALKRISIND-EQ (last_ltp: 2304.8, sl: 2275.55)
2025-11-25 16:03:22 | INFO | SL_MISSING_DETECTED | SL order missing for GODREJPROP-EQ (retry thread will handle) | symbol=GODREJPROP-EQ | sl_price=2077.05 | retry_count=10
2025-11-25 16:03:22 | INFO | SL_CHECK | Stop-loss hit for GODREJPROP-EQ (last_ltp: 2094.0, sl: 2077.05)
2025-11-25 16:03:22 | INFO | SL_CHECK | Stop-loss hit for PNBHOUSING-EQ (last_ltp: 881.45, sl: 881.45)
2025-11-25 16:03:22 | INFO | BUCKET_LTP_CHECK | Checking bucket 1/3 | symbols=['IOC-EQ', 'M&M-EQ', 'UPL-EQ'] | count=3
2025-11-25 16:03:23 | INFO | BUCKET_LTP_RESULT | Bucket LTP check complete | checked=3 | skipped=0 | bucket_number=1 | total_buckets=3
2025-11-25 16:03:23 | INFO | SL_HIT | 🛑 STOP LOSS HIT | BALKRISIND-EQ | Entry: ₹2287.00 | Exit: ₹2304.80 | SL: ₹2275.55 | PnL: ₹71.20 | symbol=BALKRISIND-EQ | exit_reason=SL_HIT | entry_price=2287.0 | exit_price=2304.8 | sl_price=2275.55 | quantity=4 | pnl=71.2 | pnl_percent=0.78 | charges=33.32 | trade_id=0 | duration_seconds=6318.886333 | duration_minutes=105.3
2025-11-25 16:03:23 | INFO | EXIT_BLOCKED | Cannot exit BALKRISIND-EQ: Pending SELL order already exists for BALKRISIND-EQ (Order ID: 251125000975801)
2025-11-25 16:03:24 | INFO | SL_HIT | 🛑 STOP LOSS HIT | GODREJPROP-EQ | Entry: ₹2087.50 | Exit: ₹2094.00 | SL: ₹2077.05 | PnL: ₹26.00 | symbol=GODREJPROP-EQ | exit_reason=SL_HIT | entry_price=2087.5 | exit_price=2094.0 | sl_price=2077.05 | quantity=4 | pnl=26.0 | pnl_percent=0.31 | charges=32.5 | trade_id=0 | duration_seconds=5420.837157 | duration_minutes=90.3
2025-11-25 16:03:24 | INFO | EXIT_BLOCKED | Cannot exit GODREJPROP-EQ: Pending SELL order already exists for GODREJPROP-EQ (Order ID: 251125001055394)
2025-11-25 16:03:24 | INFO | SL_HIT | 🛑 STOP LOSS HIT | PNBHOUSING-EQ | Entry: ₹885.90 | Exit: ₹881.45 | SL: ₹881.45 | PnL: ₹-48.95 | symbol=PNBHOUSING-EQ | exit_reason=SL_HIT | entry_price=885.9 | exit_price=881.45 | sl_price=881.45 | quantity=11 | pnl=-48.95 | pnl_percent=-0.5 | charges=34.0 | trade_id=0 | duration_seconds=5415.970265 | duration_minutes=90.3
2025-11-25 16:03:24 | INFO | EXIT_BLOCKED | Cannot exit PNBHOUSING-EQ: Pending SELL order already exists for PNBHOUSING-EQ (Order ID: 251125001073992)
2025-11-25 16:03:24 | INFO | MONITOR | Paper trades checked (next in 60s)
2025-11-25 16:03:24 | INFO | MONITOR_SLEEP | Sleeping for 20s (base=20s, consecutive_errors=0, monitoring_suspended=False)
2025-11-25 16:03:44 | INFO | SL_MISSING_DETECTED | SL order missing for BALKRISIND-EQ (retry thread will handle) | symbol=BALKRISIND-EQ | sl_price=2275.55 | retry_count=10
2025-11-25 16:03:44 | INFO | SL_CHECK | Stop-loss hit for BALKRISIND-EQ (last_ltp: 2304.8, sl: 2275.55)
2025-11-25 16:03:44 | INFO | SL_MISSING_DETECTED | SL order missing for GODREJPROP-EQ (retry thread will handle) | symbol=GODREJPROP-EQ | sl_price=2077.05 | retry_count=10
2025-11-25 16:03:44 | INFO | SL_CHECK | Stop-loss hit for GODREJPROP-EQ (last_ltp: 2094.0, sl: 2077.05)
2025-11-25 16:03:44 | INFO | SL_CHECK | Stop-loss hit for PNBHOUSING-EQ (last_ltp: 881.45, sl: 881.45)
2025-11-25 16:03:44 | INFO | BUCKET_LTP_CHECK | Checking bucket 2/3 | symbols=['CHAMBLFERT-EQ', 'BALKRISIND-EQ', 'GODREJPROP-EQ'] | count=3
2025-11-25 16:03:45 | INFO | BUCKET_LTP_RESULT | Bucket LTP check complete | checked=3 | skipped=0 | bucket_number=2 | total_buckets=3
2025-11-25 16:03:45 | INFO | SL_HIT | 🛑 STOP LOSS HIT | BALKRISIND-EQ | Entry: ₹2287.00 | Exit: ₹2304.80 | SL: ₹2275.55 | PnL: ₹71.20 | symbol=BALKRISIND-EQ | exit_reason=SL_HIT | entry_price=2287.0 | exit_price=2304.8 | sl_price=2275.55 | quantity=4 | pnl=71.2 | pnl_percent=0.78 | charges=33.32 | trade_id=0 | duration_seconds=6340.74083 | duration_minutes=105.7
2025-11-25 16:03:45 | INFO | EXIT_BLOCKED | Cannot exit BALKRISIND-EQ: Pending SELL order already exists for BALKRISIND-EQ (Order ID: 251125000975801)
2025-11-25 16:03:46 | INFO | SL_HIT | 🛑 STOP LOSS HIT | GODREJPROP-EQ | Entry: ₹2087.50 | Exit: ₹2094.00 | SL: ₹2077.05 | PnL: ₹26.00 | symbol=GODREJPROP-EQ | exit_reason=SL_HIT | entry_price=2087.5 | exit_price=2094.0 | sl_price=2077.05 | quantity=4 | pnl=26.0 | pnl_percent=0.31 | charges=32.5 | trade_id=0 | duration_seconds=5442.691562 | duration_minutes=90.7
2025-11-25 16:03:46 | INFO | EXIT_BLOCKED | Cannot exit GODREJPROP-EQ: Pending SELL order already exists for GODREJPROP-EQ (Order ID: 251125001055394)
2025-11-25 16:03:46 | INFO | SL_HIT | 🛑 STOP LOSS HIT | PNBHOUSING-EQ | Entry: ₹885.90 | Exit: ₹881.45 | SL: ₹881.45 | PnL: ₹-48.95 | symbol=PNBHOUSING-EQ | exit_reason=SL_HIT | entry_price=885.9 | exit_price=881.45 | sl_price=881.45 | quantity=11 | pnl=-48.95 | pnl_percent=-0.5 | charges=34.0 | trade_id=0 | duration_seconds=5437.825759 | duration_minutes=90.6
2025-11-25 16:03:46 | INFO | EXIT_BLOCKED | Cannot exit PNBHOUSING-EQ: Pending SELL order already exists for PNBHOUSING-EQ (Order ID: 251125001073992)
2025-11-25 16:03:46 | INFO | MONITOR_SLEEP | Sleeping for 20s (base=20s, consecutive_errors=0, monitoring_suspended=False)
2025-11-25 16:04:06 | INFO | SL_MISSING_DETECTED | SL order missing for BALKRISIND-EQ (retry thread will handle) | symbol=BALKRISIND-EQ | sl_price=2275.55 | retry_count=10
2025-11-25 16:04:06 | INFO | SL_CHECK | Stop-loss hit for BALKRISIND-EQ (last_ltp: 2304.8, sl: 2275.55)
2025-11-25 16:04:06 | INFO | SL_MISSING_DETECTED | SL order missing for GODREJPROP-EQ (retry thread will handle) | symbol=GODREJPROP-EQ | sl_price=2077.05 | retry_count=10
2025-11-25 16:04:06 | INFO | SL_CHECK | Stop-loss hit for GODREJPROP-EQ (last_ltp: 2094.0, sl: 2077.05)
2025-11-25 16:04:06 | INFO | SL_CHECK | Stop-loss hit for PNBHOUSING-EQ (last_ltp: 881.45, sl: 881.45)
2025-11-25 16:04:06 | INFO | BUCKET_LTP_CHECK | Checking bucket 0/3 | symbols=['PNBHOUSING-EQ'] | count=1
2025-11-25 16:04:06 | INFO | BUCKET_LTP_RESULT | Bucket LTP check complete | checked=1 | skipped=0 | bucket_number=0 | total_buckets=3
2025-11-25 16:04:07 | INFO | SL_HIT | 🛑 STOP LOSS HIT | BALKRISIND-EQ | Entry: ₹2287.00 | Exit: ₹2304.80 | SL: ₹2275.55 | PnL: ₹71.20 | symbol=BALKRISIND-EQ | exit_reason=SL_HIT | entry_price=2287.0 | exit_price=2304.8 | sl_price=2275.55 | quantity=4 | pnl=71.2 | pnl_percent=0.78 | charges=33.32 | trade_id=0 | duration_seconds=6362.098836 | duration_minutes=106.0
2025-11-25 16:04:07 | INFO | EXIT_BLOCKED | Cannot exit BALKRISIND-EQ: Pending SELL order already exists for BALKRISIND-EQ (Order ID: 251125000975801)
2025-11-25 16:04:07 | INFO | SL_HIT | 🛑 STOP LOSS HIT | GODREJPROP-EQ | Entry: ₹2087.50 | Exit: ₹2094.00 | SL: ₹2077.05 | PnL: ₹26.00 | symbol=GODREJPROP-EQ | exit_reason=SL_HIT | entry_price=2087.5 | exit_price=2094.0 | sl_price=2077.05 | quantity=4 | pnl=26.0 | pnl_percent=0.31 | charges=32.5 | trade_id=0 | duration_seconds=5464.049532 | duration_minutes=91.1
2025-11-25 16:04:07 | INFO | EXIT_BLOCKED | Cannot exit GODREJPROP-EQ: Pending SELL order already exists for GODREJPROP-EQ (Order ID: 251125001055394)
2025-11-25 16:04:07 | INFO | SL_HIT | 🛑 STOP LOSS HIT | PNBHOUSING-EQ | Entry: ₹885.90 | Exit: ₹881.45 | SL: ₹881.45 | PnL: ₹-48.95 | symbol=PNBHOUSING-EQ | exit_reason=SL_HIT | entry_price=885.9 | exit_price=881.45 | sl_price=881.45 | quantity=11 | pnl=-48.95 | pnl_percent=-0.5 | charges=34.0 | trade_id=0 | duration_seconds=5459.183694 | duration_minutes=91.0
2025-11-25 16:04:07 | INFO | EXIT_BLOCKED | Cannot exit PNBHOUSING-EQ: Pending SELL order already exists for PNBHOUSING-EQ (Order ID: 251125001073992)
2025-11-25 16:04:07 | INFO | MONITOR_SLEEP | Sleeping for 20s (base=20s, consecutive_errors=0, monitoring_suspended=False)
2025-11-25 16:04:27 | INFO | SL_MISSING_DETECTED | SL order missing for BALKRISIND-EQ (retry thread will handle) | symbol=BALKRISIND-EQ | sl_price=2275.55 | retry_count=10
2025-11-25 16:04:27 | INFO | SL_CHECK | Stop-loss hit for BALKRISIND-EQ (last_ltp: 2304.8, sl: 2275.55)
2025-11-25 16:04:27 | INFO | SL_MISSING_DETECTED | SL order missing for GODREJPROP-EQ (retry thread will handle) | symbol=GODREJPROP-EQ | sl_price=2077.05 | retry_count=10
2025-11-25 16:04:27 | INFO | SL_CHECK | Stop-loss hit for GODREJPROP-EQ (last_ltp: 2094.0, sl: 2077.05)
2025-11-25 16:04:27 | INFO | SL_CHECK | Stop-loss hit for PNBHOUSING-EQ (last_ltp: 881.45, sl: 881.45)
2025-11-25 16:04:27 | INFO | BUCKET_LTP_CHECK | Checking bucket 1/3 | symbols=['IOC-EQ', 'M&M-EQ', 'UPL-EQ'] | count=3
2025-11-25 16:04:28 | INFO | BUCKET_LTP_RESULT | Bucket LTP check complete | checked=3 | skipped=0 | bucket_number=1 | total_buckets=3
2025-11-25 16:04:29 | INFO | SL_HIT | 🛑 STOP LOSS HIT | BALKRISIND-EQ | Entry: ₹2287.00 | Exit: ₹2304.80 | SL: ₹2275.55 | PnL: ₹71.20 | symbol=BALKRISIND-EQ | exit_reason=SL_HIT | entry_price=2287.0 | exit_price=2304.8 | sl_price=2275.55 | quantity=4 | pnl=71.2 | pnl_percent=0.78 | charges=33.32 | trade_id=0 | duration_seconds=6383.947941 | duration_minutes=106.4
2025-11-25 16:04:29 | INFO | EXIT_BLOCKED | Cannot exit BALKRISIND-EQ: Pending SELL order already exists for BALKRISIND-EQ (Order ID: 251125000975801)
2025-11-25 16:04:29 | INFO | SL_HIT | 🛑 STOP LOSS HIT | GODREJPROP-EQ | Entry: ₹2087.50 | Exit: ₹2094.00 | SL: ₹2077.05 | PnL: ₹26.00 | symbol=GODREJPROP-EQ | exit_reason=SL_HIT | entry_price=2087.5 | exit_price=2094.0 | sl_price=2077.05 | quantity=4 | pnl=26.0 | pnl_percent=0.31 | charges=32.5 | trade_id=0 | duration_seconds=5485.899905 | duration_minutes=91.4
2025-11-25 16:04:29 | INFO | EXIT_BLOCKED | Cannot exit GODREJPROP-EQ: Pending SELL order already exists for GODREJPROP-EQ (Order ID: 251125001055394)
2025-11-25 16:04:29 | INFO | SL_HIT | 🛑 STOP LOSS HIT | PNBHOUSING-EQ | Entry: ₹885.90 | Exit: ₹881.45 | SL: ₹881.45 | PnL: ₹-48.95 | symbol=PNBHOUSING-EQ | exit_reason=SL_HIT | entry_price=885.9 | exit_price=881.45 | sl_price=881.45 | quantity=11 | pnl=-48.95 | pnl_percent=-0.5 | charges=34.0 | trade_id=0 | duration_seconds=5481.033066 | duration_minutes=91.4
2025-11-25 16:04:29 | INFO | EXIT_BLOCKED | Cannot exit PNBHOUSING-EQ: Pending SELL order already exists for PNBHOUSING-EQ (Order ID: 251125001073992)
2025-11-25 16:04:29 | INFO | MONITOR | Paper trades checked (next in 60s)
2025-11-25 16:04:29 | INFO | MONITOR_SLEEP | Sleeping for 20s (base=20s, consecutive_errors=0, monitoring_suspended=False)
2025-11-25 16:04:49 | INFO | SL_MISSING_DETECTED | SL order missing for BALKRISIND-EQ (retry thread will handle) | symbol=BALKRISIND-EQ | sl_price=2275.55 | retry_count=10
2025-11-25 16:04:49 | INFO | SL_CHECK | Stop-loss hit for BALKRISIND-EQ (last_ltp: 2304.8, sl: 2275.55)
2025-11-25 16:04:49 | INFO | SL_MISSING_DETECTED | SL order missing for GODREJPROP-EQ (retry thread will handle) | symbol=GODREJPROP-EQ | sl_price=2077.05 | retry_count=10
2025-11-25 16:04:49 | INFO | SL_CHECK | Stop-loss hit for GODREJPROP-EQ (last_ltp: 2094.0, sl: 2077.05)
2025-11-25 16:04:49 | INFO | SL_CHECK | Stop-loss hit for PNBHOUSING-EQ (last_ltp: 881.45, sl: 881.45)
2025-11-25 16:04:49 | INFO | BUCKET_LTP_CHECK | Checking bucket 2/3 | symbols=['CHAMBLFERT-EQ', 'BALKRISIND-EQ', 'GODREJPROP-EQ'] | count=3
2025-11-25 16:04:50 | INFO | BUCKET_LTP_RESULT | Bucket LTP check complete | checked=3 | skipped=0 | bucket_number=2 | total_buckets=3
2025-11-25 16:04:50 | INFO | SL_HIT | 🛑 STOP LOSS HIT | BALKRISIND-EQ | Entry: ₹2287.00 | Exit: ₹2304.80 | SL: ₹2275.55 | PnL: ₹71.20 | symbol=BALKRISIND-EQ | exit_reason=SL_HIT | entry_price=2287.0 | exit_price=2304.8 | sl_price=2275.55 | quantity=4 | pnl=71.2 | pnl_percent=0.78 | charges=33.32 | trade_id=0 | duration_seconds=6405.797353 | duration_minutes=106.8
2025-11-25 16:04:50 | INFO | EXIT_BLOCKED | Cannot exit BALKRISIND-EQ: Pending SELL order already exists for BALKRISIND-EQ (Order ID: 251125000975801)
2025-11-25 16:04:51 | INFO | SL_HIT | 🛑 STOP LOSS HIT | GODREJPROP-EQ | Entry: ₹2087.50 | Exit: ₹2094.00 | SL: ₹2077.05 | PnL: ₹26.00 | symbol=GODREJPROP-EQ | exit_reason=SL_HIT | entry_price=2087.5 | exit_price=2094.0 | sl_price=2077.05 | quantity=4 | pnl=26.0 | pnl_percent=0.31 | charges=32.5 | trade_id=0 | duration_seconds=5507.748138 | duration_minutes=91.8
2025-11-25 16:04:51 | INFO | EXIT_BLOCKED | Cannot exit GODREJPROP-EQ: Pending SELL order already exists for GODREJPROP-EQ (Order ID: 251125001055394)
2025-11-25 16:04:51 | INFO | SL_HIT | 🛑 STOP LOSS HIT | PNBHOUSING-EQ | Entry: ₹885.90 | Exit: ₹881.45 | SL: ₹881.45 | PnL: ₹-48.95 | symbol=PNBHOUSING-EQ | exit_reason=SL_HIT | entry_price=885.9 | exit_price=881.45 | sl_price=881.45 | quantity=11 | pnl=-48.95 | pnl_percent=-0.5 | charges=34.0 | trade_id=0 | duration_seconds=5502.881211 | duration_minutes=91.7
2025-11-25 16:04:51 | INFO | EXIT_BLOCKED | Cannot exit PNBHOUSING-EQ: Pending SELL order already exists for PNBHOUSING-EQ (Order ID: 251125001073992)
2025-11-25 16:04:51 | INFO | MONITOR_SLEEP | Sleeping for 20s (base=20s, consecutive_errors=0, monitoring_suspended=False)
2025-11-25 16:05:11 | INFO | SL_MISSING_DETECTED | SL order missing for BALKRISIND-EQ (retry thread will handle) | symbol=BALKRISIND-EQ | sl_price=2275.55 | retry_count=10
2025-11-25 16:05:11 | INFO | SL_CHECK | Stop-loss hit for BALKRISIND-EQ (last_ltp: 2304.8, sl: 2275.55)
2025-11-25 16:05:11 | INFO | SL_MISSING_DETECTED | SL order missing for GODREJPROP-EQ (retry thread will handle) | symbol=GODREJPROP-EQ | sl_price=2077.05 | retry_count=10
2025-11-25 16:05:11 | INFO | SL_CHECK | Stop-loss hit for GODREJPROP-EQ (last_ltp: 2094.0, sl: 2077.05)
2025-11-25 16:05:11 | INFO | SL_CHECK | Stop-loss hit for PNBHOUSING-EQ (last_ltp: 881.45, sl: 881.45)
2025-11-25 16:05:11 | INFO | BUCKET_LTP_CHECK | Checking bucket 0/3 | symbols=['PNBHOUSING-EQ'] | count=1
2025-11-25 16:05:11 | INFO | BUCKET_LTP_RESULT | Bucket LTP check complete | checked=1 | skipped=0 | bucket_number=0 | total_buckets=3
2025-11-25 16:05:12 | INFO | SL_HIT | 🛑 STOP LOSS HIT | BALKRISIND-EQ | Entry: ₹2287.00 | Exit: ₹2304.80 | SL: ₹2275.55 | PnL: ₹71.20 | symbol=BALKRISIND-EQ | exit_reason=SL_HIT | entry_price=2287.0 | exit_price=2304.8 | sl_price=2275.55 | quantity=4 | pnl=71.2 | pnl_percent=0.78 | charges=33.32 | trade_id=0 | duration_seconds=6427.127171 | duration_minutes=107.1
2025-11-25 16:05:12 | INFO | EXIT_BLOCKED | Cannot exit BALKRISIND-EQ: Pending SELL order already exists for BALKRISIND-EQ (Order ID: 251125000975801)
2025-11-25 16:05:12 | INFO | SL_HIT | 🛑 STOP LOSS HIT | GODREJPROP-EQ | Entry: ₹2087.50 | Exit: ₹2094.00 | SL: ₹2077.05 | PnL: ₹26.00 | symbol=GODREJPROP-EQ | exit_reason=SL_HIT | entry_price=2087.5 | exit_price=2094.0 | sl_price=2077.05 | quantity=4 | pnl=26.0 | pnl_percent=0.31 | charges=32.5 | trade_id=0 | duration_seconds=5529.07823 | duration_minutes=92.2
2025-11-25 16:05:12 | INFO | EXIT_BLOCKED | Cannot exit GODREJPROP-EQ: Pending SELL order already exists for GODREJPROP-EQ (Order ID: 251125001055394)
2025-11-25 16:05:12 | INFO | SL_HIT | 🛑 STOP LOSS HIT | PNBHOUSING-EQ | Entry: ₹885.90 | Exit: ₹881.45 | SL: ₹881.45 | PnL: ₹-48.95 | symbol=PNBHOUSING-EQ | exit_reason=SL_HIT | entry_price=885.9 | exit_price=881.45 | sl_price=881.45 | quantity=11 | pnl=-48.95 | pnl_percent=-0.5 | charges=34.0 | trade_id=0 | duration_seconds=5524.211475 | duration_minutes=92.1
2025-11-25 16:05:12 | INFO | EXIT_BLOCKED | Cannot exit PNBHOUSING-EQ: Pending SELL order already exists for PNBHOUSING-EQ (Order ID: 251125001073992)
2025-11-25 16:05:12 | INFO | MONITOR_SLEEP | Sleeping for 20s (base=20s, consecutive_errors=0, monitoring_suspended=False)
2025-11-25 16:05:32 | INFO | SL_MISSING_DETECTED | SL order missing for BALKRISIND-EQ (retry thread will handle) | symbol=BALKRISIND-EQ | sl_price=2275.55 | retry_count=10
2025-11-25 16:05:32 | INFO | SL_CHECK | Stop-loss hit for BALKRISIND-EQ (last_ltp: 2304.8, sl: 2275.55)
2025-11-25 16:05:32 | INFO | SL_MISSING_DETECTED | SL order missing for GODREJPROP-EQ (retry thread will handle) | symbol=GODREJPROP-EQ | sl_price=2077.05 | retry_count=10
2025-11-25 16:05:32 | INFO | SL_CHECK | Stop-loss hit for GODREJPROP-EQ (last_ltp: 2094.0, sl: 2077.05)
2025-11-25 16:05:32 | INFO | SL_CHECK | Stop-loss hit for PNBHOUSING-EQ (last_ltp: 881.45, sl: 881.45)
2025-11-25 16:05:32 | INFO | BUCKET_LTP_CHECK | Checking bucket 1/3 | symbols=['IOC-EQ', 'M&M-EQ', 'UPL-EQ'] | count=3
2025-11-25 16:05:33 | INFO | BUCKET_LTP_RESULT | Bucket LTP check complete | checked=3 | skipped=0 | bucket_number=1 | total_buckets=3
2025-11-25 16:05:34 | INFO | SL_HIT | 🛑 STOP LOSS HIT | BALKRISIND-EQ | Entry: ₹2287.00 | Exit: ₹2304.80 | SL: ₹2275.55 | PnL: ₹71.20 | symbol=BALKRISIND-EQ | exit_reason=SL_HIT | entry_price=2287.0 | exit_price=2304.8 | sl_price=2275.55 | quantity=4 | pnl=71.2 | pnl_percent=0.78 | charges=33.32 | trade_id=0 | duration_seconds=6448.987684 | duration_minutes=107.5
2025-11-25 16:05:34 | INFO | EXIT_BLOCKED | Cannot exit BALKRISIND-EQ: Pending SELL order already exists for BALKRISIND-EQ (Order ID: 251125000975801)
2025-11-25 16:05:34 | INFO | SL_HIT | 🛑 STOP LOSS HIT | GODREJPROP-EQ | Entry: ₹2087.50 | Exit: ₹2094.00 | SL: ₹2077.05 | PnL: ₹26.00 | symbol=GODREJPROP-EQ | exit_reason=SL_HIT | entry_price=2087.5 | exit_price=2094.0 | sl_price=2077.05 | quantity=4 | pnl=26.0 | pnl_percent=0.31 | charges=32.5 | trade_id=0 | duration_seconds=5550.938542 | duration_minutes=92.5
2025-11-25 16:05:34 | INFO | EXIT_BLOCKED | Cannot exit GODREJPROP-EQ: Pending SELL order already exists for GODREJPROP-EQ (Order ID: 251125001055394)
2025-11-25 16:05:34 | INFO | SL_HIT | 🛑 STOP LOSS HIT | PNBHOUSING-EQ | Entry: ₹885.90 | Exit: ₹881.45 | SL: ₹881.45 | PnL: ₹-48.95 | symbol=PNBHOUSING-EQ | exit_reason=SL_HIT | entry_price=885.9 | exit_price=881.45 | sl_price=881.45 | quantity=11 | pnl=-48.95 | pnl_percent=-0.5 | charges=34.0 | trade_id=0 | duration_seconds=5546.071592 | duration_minutes=92.4
2025-11-25 16:05:34 | INFO | EXIT_BLOCKED | Cannot exit PNBHOUSING-EQ: Pending SELL order already exists for PNBHOUSING-EQ (Order ID: 251125001073992)
2025-11-25 16:05:34 | INFO | MONITOR | Paper trades checked (next in 60s)
2025-11-25 16:05:34 | INFO | MONITOR_SLEEP | Sleeping for 20s (base=20s, consecutive_errors=0, monitoring_suspended=False)
2025-11-25 16:05:54 | INFO | SL_MISSING_DETECTED | SL order missing for BALKRISIND-EQ (retry thread will handle) | symbol=BALKRISIND-EQ | sl_price=2275.55 | retry_count=10
2025-11-25 16:05:54 | INFO | SL_CHECK | Stop-loss hit for BALKRISIND-EQ (last_ltp: 2304.8, sl: 2275.55)
2025-11-25 16:05:54 | INFO | SL_MISSING_DETECTED | SL order missing for GODREJPROP-EQ (retry thread will handle) | symbol=GODREJPROP-EQ | sl_price=2077.05 | retry_count=10
2025-11-25 16:05:54 | INFO | SL_CHECK | Stop-loss hit for GODREJPROP-EQ (last_ltp: 2094.0, sl: 2077.05)
2025-11-25 16:05:54 | INFO | SL_CHECK | Stop-loss hit for PNBHOUSING-EQ (last_ltp: 881.45, sl: 881.45)
2025-11-25 16:05:54 | INFO | BUCKET_LTP_CHECK | Checking bucket 2/3 | symbols=['CHAMBLFERT-EQ', 'BALKRISIND-EQ', 'GODREJPROP-EQ'] | count=3
2025-11-25 16:05:55 | INFO | BUCKET_LTP_RESULT | Bucket LTP check complete | checked=3 | skipped=0 | bucket_number=2 | total_buckets=3
2025-11-25 16:05:55 | INFO | SL_HIT | 🛑 STOP LOSS HIT | BALKRISIND-EQ | Entry: ₹2287.00 | Exit: ₹2304.80 | SL: ₹2275.55 | PnL: ₹71.20 | symbol=BALKRISIND-EQ | exit_reason=SL_HIT | entry_price=2287.0 | exit_price=2304.8 | sl_price=2275.55 | quantity=4 | pnl=71.2 | pnl_percent=0.78 | charges=33.32 | trade_id=0 | duration_seconds=6470.845806 | duration_minutes=107.8
2025-11-25 16:05:55 | INFO | EXIT_BLOCKED | Cannot exit BALKRISIND-EQ: Pending SELL order already exists for BALKRISIND-EQ (Order ID: 251125000975801)
2025-11-25 16:05:56 | INFO | SL_HIT | 🛑 STOP LOSS HIT | GODREJPROP-EQ | Entry: ₹2087.50 | Exit: ₹2094.00 | SL: ₹2077.05 | PnL: ₹26.00 | symbol=GODREJPROP-EQ | exit_reason=SL_HIT | entry_price=2087.5 | exit_price=2094.0 | sl_price=2077.05 | quantity=4 | pnl=26.0 | pnl_percent=0.31 | charges=32.5 | trade_id=0 | duration_seconds=5572.797654 | duration_minutes=92.9
2025-11-25 16:05:56 | INFO | EXIT_BLOCKED | Cannot exit GODREJPROP-EQ: Pending SELL order already exists for GODREJPROP-EQ (Order ID: 251125001055394)
2025-11-25 16:05:56 | INFO | SL_HIT | 🛑 STOP LOSS HIT | PNBHOUSING-EQ | Entry: ₹885.90 | Exit: ₹881.45 | SL: ₹881.45 | PnL: ₹-48.95 | symbol=PNBHOUSING-EQ | exit_reason=SL_HIT | entry_price=885.9 | exit_price=881.45 | sl_price=881.45 | quantity=11 | pnl=-48.95 | pnl_percent=-0.5 | charges=34.0 | trade_id=0 | duration_seconds=5567.933049 | duration_minutes=92.8
2025-11-25 16:05:56 | INFO | EXIT_BLOCKED | Cannot exit PNBHOUSING-EQ: Pending SELL order already exists for PNBHOUSING-EQ (Order ID: 251125001073992)
2025-11-25 16:05:56 | INFO | MONITOR_SLEEP | Sleeping for 20s (base=20s, consecutive_errors=0, monitoring_suspended=False)
2025-11-25 16:06:16 | INFO | SL_MISSING_DETECTED | SL order missing for BALKRISIND-EQ (retry thread will handle) | symbol=BALKRISIND-EQ | sl_price=2275.55 | retry_count=10
2025-11-25 16:06:16 | INFO | SL_CHECK | Stop-loss hit for BALKRISIND-EQ (last_ltp: 2304.8, sl: 2275.55)
2025-11-25 16:06:16 | INFO | SL_MISSING_DETECTED | SL order missing for GODREJPROP-EQ (retry thread will handle) | symbol=GODREJPROP-EQ | sl_price=2077.05 | retry_count=10
2025-11-25 16:06:16 | INFO | SL_CHECK | Stop-loss hit for GODREJPROP-EQ (last_ltp: 2094.0, sl: 2077.05)
2025-11-25 16:06:16 | INFO | SL_CHECK | Stop-loss hit for PNBHOUSING-EQ (last_ltp: 881.45, sl: 881.45)
2025-11-25 16:06:16 | INFO | BUCKET_LTP_CHECK | Checking bucket 0/3 | symbols=['PNBHOUSING-EQ'] | count=1
2025-11-25 16:06:16 | INFO | BUCKET_LTP_RESULT | Bucket LTP check complete | checked=1 | skipped=0 | bucket_number=0 | total_buckets=3
2025-11-25 16:06:17 | INFO | SL_HIT | 🛑 STOP LOSS HIT | BALKRISIND-EQ | Entry: ₹2287.00 | Exit: ₹2304.80 | SL: ₹2275.55 | PnL: ₹71.20 | symbol=BALKRISIND-EQ | exit_reason=SL_HIT | entry_price=2287.0 | exit_price=2304.8 | sl_price=2275.55 | quantity=4 | pnl=71.2 | pnl_percent=0.78 | charges=33.32 | trade_id=0 | duration_seconds=6492.186279 | duration_minutes=108.2
2025-11-25 16:06:17 | INFO | EXIT_BLOCKED | Cannot exit BALKRISIND-EQ: Pending SELL order already exists for BALKRISIND-EQ (Order ID: 251125000975801)
2025-11-25 16:06:17 | INFO | SL_HIT | 🛑 STOP LOSS HIT | GODREJPROP-EQ | Entry: ₹2087.50 | Exit: ₹2094.00 | SL: ₹2077.05 | PnL: ₹26.00 | symbol=GODREJPROP-EQ | exit_reason=SL_HIT | entry_price=2087.5 | exit_price=2094.0 | sl_price=2077.05 | quantity=4 | pnl=26.0 | pnl_percent=0.31 | charges=32.5 | trade_id=0 | duration_seconds=5594.137013 | duration_minutes=93.2
2025-11-25 16:06:17 | INFO | EXIT_BLOCKED | Cannot exit GODREJPROP-EQ: Pending SELL order already exists for GODREJPROP-EQ (Order ID: 251125001055394)
2025-11-25 16:06:17 | INFO | SL_HIT | 🛑 STOP LOSS HIT | PNBHOUSING-EQ | Entry: ₹885.90 | Exit: ₹881.45 | SL: ₹881.45 | PnL: ₹-48.95 | symbol=PNBHOUSING-EQ | exit_reason=SL_HIT | entry_price=885.9 | exit_price=881.45 | sl_price=881.45 | quantity=11 | pnl=-48.95 | pnl_percent=-0.5 | charges=34.0 | trade_id=0 | duration_seconds=5589.270058 | duration_minutes=93.2
2025-11-25 16:06:17 | INFO | EXIT_BLOCKED | Cannot exit PNBHOUSING-EQ: Pending SELL order already exists for PNBHOUSING-EQ (Order ID: 251125001073992)
2025-11-25 16:06:17 | INFO | MONITOR_SLEEP | Sleeping for 20s (base=20s, consecutive_errors=0, monitoring_suspended=False)
2025-11-25 16:06:37 | INFO | SL_MISSING_DETECTED | SL order missing for BALKRISIND-EQ (retry thread will handle) | symbol=BALKRISIND-EQ | sl_price=2275.55 | retry_count=10
2025-11-25 16:06:37 | INFO | SL_CHECK | Stop-loss hit for BALKRISIND-EQ (last_ltp: 2304.8, sl: 2275.55)
2025-11-25 16:06:37 | INFO | SL_MISSING_DETECTED | SL order missing for GODREJPROP-EQ (retry thread will handle) | symbol=GODREJPROP-EQ | sl_price=2077.05 | retry_count=10
2025-11-25 16:06:37 | INFO | SL_CHECK | Stop-loss hit for GODREJPROP-EQ (last_ltp: 2094.0, sl: 2077.05)
2025-11-25 16:06:37 | INFO | SL_CHECK | Stop-loss hit for PNBHOUSING-EQ (last_ltp: 881.45, sl: 881.45)
2025-11-25 16:06:37 | INFO | BUCKET_LTP_CHECK | Checking bucket 1/3 | symbols=['IOC-EQ', 'M&M-EQ', 'UPL-EQ'] | count=3
2025-11-25 16:06:38 | INFO | BUCKET_LTP_RESULT | Bucket LTP check complete | checked=3 | skipped=0 | bucket_number=1 | total_buckets=3
2025-11-25 16:06:39 | INFO | SL_HIT | 🛑 STOP LOSS HIT | BALKRISIND-EQ | Entry: ₹2287.00 | Exit: ₹2304.80 | SL: ₹2275.55 | PnL: ₹71.20 | symbol=BALKRISIND-EQ | exit_reason=SL_HIT | entry_price=2287.0 | exit_price=2304.8 | sl_price=2275.55 | quantity=4 | pnl=71.2 | pnl_percent=0.78 | charges=33.32 | trade_id=0 | duration_seconds=6514.043753 | duration_minutes=108.6
2025-11-25 16:06:39 | INFO | EXIT_BLOCKED | Cannot exit BALKRISIND-EQ: Pending SELL order already exists for BALKRISIND-EQ (Order ID: 251125000975801)
2025-11-25 16:06:39 | INFO | SL_HIT | 🛑 STOP LOSS HIT | GODREJPROP-EQ | Entry: ₹2087.50 | Exit: ₹2094.00 | SL: ₹2077.05 | PnL: ₹26.00 | symbol=GODREJPROP-EQ | exit_reason=SL_HIT | entry_price=2087.5 | exit_price=2094.0 | sl_price=2077.05 | quantity=4 | pnl=26.0 | pnl_percent=0.31 | charges=32.5 | trade_id=0 | duration_seconds=5615.9948 | duration_minutes=93.6
2025-11-25 16:06:39 | INFO | EXIT_BLOCKED | Cannot exit GODREJPROP-EQ: Pending SELL order already exists for GODREJPROP-EQ (Order ID: 251125001055394)
2025-11-25 16:06:39 | INFO | SL_HIT | 🛑 STOP LOSS HIT | PNBHOUSING-EQ | Entry: ₹885.90 | Exit: ₹881.45 | SL: ₹881.45 | PnL: ₹-48.95 | symbol=PNBHOUSING-EQ | exit_reason=SL_HIT | entry_price=885.9 | exit_price=881.45 | sl_price=881.45 | quantity=11 | pnl=-48.95 | pnl_percent=-0.5 | charges=34.0 | trade_id=0 | duration_seconds=5611.127973 | duration_minutes=93.5
2025-11-25 16:06:39 | INFO | EXIT_BLOCKED | Cannot exit PNBHOUSING-EQ: Pending SELL order already exists for PNBHOUSING-EQ (Order ID: 251125001073992)
2025-11-25 16:06:39 | INFO | MONITOR | Paper trades checked (next in 60s)
2025-11-25 16:06:39 | INFO | MONITOR_SLEEP | Sleeping for 20s (base=20s, consecutive_errors=0, monitoring_suspended=False)
2025-11-25 16:06:59 | INFO | SL_MISSING_DETECTED | SL order missing for BALKRISIND-EQ (retry thread will handle) | symbol=BALKRISIND-EQ | sl_price=2275.55 | retry_count=10
2025-11-25 16:06:59 | INFO | SL_CHECK | Stop-loss hit for BALKRISIND-EQ (last_ltp: 2304.8, sl: 2275.55)
2025-11-25 16:06:59 | INFO | SL_MISSING_DETECTED | SL order missing for GODREJPROP-EQ (retry thread will handle) | symbol=GODREJPROP-EQ | sl_price=2077.05 | retry_count=10
2025-11-25 16:06:59 | INFO | SL_CHECK | Stop-loss hit for GODREJPROP-EQ (last_ltp: 2094.0, sl: 2077.05)
2025-11-25 16:06:59 | INFO | SL_CHECK | Stop-loss hit for PNBHOUSING-EQ (last_ltp: 881.45, sl: 881.45)
2025-11-25 16:06:59 | INFO | BUCKET_LTP_CHECK | Checking bucket 2/3 | symbols=['CHAMBLFERT-EQ', 'BALKRISIND-EQ', 'GODREJPROP-EQ'] | count=3
2025-11-25 16:07:00 | INFO | BUCKET_LTP_RESULT | Bucket LTP check complete | checked=3 | skipped=0 | bucket_number=2 | total_buckets=3
2025-11-25 16:07:01 | INFO | SL_HIT | 🛑 STOP LOSS HIT | BALKRISIND-EQ | Entry: ₹2287.00 | Exit: ₹2304.80 | SL: ₹2275.55 | PnL: ₹71.20 | symbol=BALKRISIND-EQ | exit_reason=SL_HIT | entry_price=2287.0 | exit_price=2304.8 | sl_price=2275.55 | quantity=4 | pnl=71.2 | pnl_percent=0.78 | charges=33.32 | trade_id=0 | duration_seconds=6535.90801 | duration_minutes=108.9
2025-11-25 16:07:01 | INFO | EXIT_BLOCKED | Cannot exit BALKRISIND-EQ: Pending SELL order already exists for BALKRISIND-EQ (Order ID: 251125000975801)
2025-11-25 16:07:01 | INFO | SL_HIT | 🛑 STOP LOSS HIT | GODREJPROP-EQ | Entry: ₹2087.50 | Exit: ₹2094.00 | SL: ₹2077.05 | PnL: ₹26.00 | symbol=GODREJPROP-EQ | exit_reason=SL_HIT | entry_price=2087.5 | exit_price=2094.0 | sl_price=2077.05 | quantity=4 | pnl=26.0 | pnl_percent=0.31 | charges=32.5 | trade_id=0 | duration_seconds=5637.860034 | duration_minutes=94.0
2025-11-25 16:07:01 | INFO | EXIT_BLOCKED | Cannot exit GODREJPROP-EQ: Pending SELL order already exists for GODREJPROP-EQ (Order ID: 251125001055394)
2025-11-25 16:07:01 | INFO | SL_HIT | 🛑 STOP LOSS HIT | PNBHOUSING-EQ | Entry: ₹885.90 | Exit: ₹881.45 | SL: ₹881.45 | PnL: ₹-48.95 | symbol=PNBHOUSING-EQ | exit_reason=SL_HIT | entry_price=885.9 | exit_price=881.45 | sl_price=881.45 | quantity=11 | pnl=-48.95 | pnl_percent=-0.5 | charges=34.0 | trade_id=0 | duration_seconds=5632.993085 | duration_minutes=93.9
2025-11-25 16:07:01 | INFO | EXIT_BLOCKED | Cannot exit PNBHOUSING-EQ: Pending SELL order already exists for PNBHOUSING-EQ (Order ID: 251125001073992)
2025-11-25 16:07:01 | INFO | MONITOR_SLEEP | Sleeping for 20s (base=20s, consecutive_errors=0, monitoring_suspended=False)
2025-11-25 16:07:21 | INFO | SL_MISSING_DETECTED | SL order missing for BALKRISIND-EQ (retry thread will handle) | symbol=BALKRISIND-EQ | sl_price=2275.55 | retry_count=10
2025-11-25 16:07:21 | INFO | SL_CHECK | Stop-loss hit for BALKRISIND-EQ (last_ltp: 2304.8, sl: 2275.55)
2025-11-25 16:07:21 | INFO | SL_MISSING_DETECTED | SL order missing for GODREJPROP-EQ (retry thread will handle) | symbol=GODREJPROP-EQ | sl_price=2077.05 | retry_count=10
2025-11-25 16:07:21 | INFO | SL_CHECK | Stop-loss hit for GODREJPROP-EQ (last_ltp: 2094.0, sl: 2077.05)
2025-11-25 16:07:21 | INFO | SL_CHECK | Stop-loss hit for PNBHOUSING-EQ (last_ltp: 881.45, sl: 881.45)
2025-11-25 16:07:21 | INFO | BUCKET_LTP_CHECK | Checking bucket 0/3 | symbols=['PNBHOUSING-EQ'] | count=1
2025-11-25 16:07:21 | INFO | BUCKET_LTP_RESULT | Bucket LTP check complete | checked=1 | skipped=0 | bucket_number=0 | total_buckets=3
2025-11-25 16:07:22 | INFO | SL_HIT | 🛑 STOP LOSS HIT | BALKRISIND-EQ | Entry: ₹2287.00 | Exit: ₹2304.80 | SL: ₹2275.55 | PnL: ₹71.20 | symbol=BALKRISIND-EQ | exit_reason=SL_HIT | entry_price=2287.0 | exit_price=2304.8 | sl_price=2275.55 | quantity=4 | pnl=71.2 | pnl_percent=0.78 | charges=33.32 | trade_id=0 | duration_seconds=6557.238342 | duration_minutes=109.3
2025-11-25 16:07:22 | INFO | EXIT_BLOCKED | Cannot exit BALKRISIND-EQ: Pending SELL order already exists for BALKRISIND-EQ (Order ID: 251125000975801)
2025-11-25 16:07:22 | INFO | SL_HIT | 🛑 STOP LOSS HIT | GODREJPROP-EQ | Entry: ₹2087.50 | Exit: ₹2094.00 | SL: ₹2077.05 | PnL: ₹26.00 | symbol=GODREJPROP-EQ | exit_reason=SL_HIT | entry_price=2087.5 | exit_price=2094.0 | sl_price=2077.05 | quantity=4 | pnl=26.0 | pnl_percent=0.31 | charges=32.5 | trade_id=0 | duration_seconds=5659.189382 | duration_minutes=94.3
2025-11-25 16:07:22 | INFO | EXIT_BLOCKED | Cannot exit GODREJPROP-EQ: Pending SELL order already exists for GODREJPROP-EQ (Order ID: 251125001055394)
2025-11-25 16:07:22 | INFO | SL_HIT | 🛑 STOP LOSS HIT | PNBHOUSING-EQ | Entry: ₹885.90 | Exit: ₹881.45 | SL: ₹881.45 | PnL: ₹-48.95 | symbol=PNBHOUSING-EQ | exit_reason=SL_HIT | entry_price=885.9 | exit_price=881.45 | sl_price=881.45 | quantity=11 | pnl=-48.95 | pnl_percent=-0.5 | charges=34.0 | trade_id=0 | duration_seconds=5654.322445 | duration_minutes=94.2
2025-11-25 16:07:22 | INFO | EXIT_BLOCKED | Cannot exit PNBHOUSING-EQ: Pending SELL order already exists for PNBHOUSING-EQ (Order ID: 251125001073992)
2025-11-25 16:07:22 | INFO | MONITOR_SLEEP | Sleeping for 20s (base=20s, consecutive_errors=0, monitoring_suspended=False)
2025-11-25 16:07:42 | INFO | SL_MISSING_DETECTED | SL order missing for BALKRISIND-EQ (retry thread will handle) | symbol=BALKRISIND-EQ | sl_price=2275.55 | retry_count=10
2025-11-25 16:07:42 | INFO | SL_CHECK | Stop-loss hit for BALKRISIND-EQ (last_ltp: 2304.8, sl: 2275.55)
2025-11-25 16:07:42 | INFO | SL_MISSING_DETECTED | SL order missing for GODREJPROP-EQ (retry thread will handle) | symbol=GODREJPROP-EQ | sl_price=2077.05 | retry_count=10
2025-11-25 16:07:42 | INFO | SL_CHECK | Stop-loss hit for GODREJPROP-EQ (last_ltp: 2094.0, sl: 2077.05)
2025-11-25 16:07:42 | INFO | SL_CHECK | Stop-loss hit for PNBHOUSING-EQ (last_ltp: 881.45, sl: 881.45)
2025-11-25 16:07:42 | INFO | BUCKET_LTP_CHECK | Checking bucket 1/3 | symbols=['IOC-EQ', 'M&M-EQ', 'UPL-EQ'] | count=3
2025-11-25 16:07:43 | INFO | BUCKET_LTP_RESULT | Bucket LTP check complete | checked=3 | skipped=0 | bucket_number=1 | total_buckets=3
2025-11-25 16:07:44 | INFO | SL_HIT | 🛑 STOP LOSS HIT | BALKRISIND-EQ | Entry: ₹2287.00 | Exit: ₹2304.80 | SL: ₹2275.55 | PnL: ₹71.20 | symbol=BALKRISIND-EQ | exit_reason=SL_HIT | entry_price=2287.0 | exit_price=2304.8 | sl_price=2275.55 | quantity=4 | pnl=71.2 | pnl_percent=0.78 | charges=33.32 | trade_id=0 | duration_seconds=6579.128324 | duration_minutes=109.7
2025-11-25 16:07:44 | INFO | EXIT_BLOCKED | Cannot exit BALKRISIND-EQ: Pending SELL order already exists for BALKRISIND-EQ (Order ID: 251125000975801)
2025-11-25 16:07:44 | INFO | SL_HIT | 🛑 STOP LOSS HIT | GODREJPROP-EQ | Entry: ₹2087.50 | Exit: ₹2094.00 | SL: ₹2077.05 | PnL: ₹26.00 | symbol=GODREJPROP-EQ | exit_reason=SL_HIT | entry_price=2087.5 | exit_price=2094.0 | sl_price=2077.05 | quantity=4 | pnl=26.0 | pnl_percent=0.31 | charges=32.5 | trade_id=0 | duration_seconds=5681.079273 | duration_minutes=94.7
2025-11-25 16:07:44 | INFO | EXIT_BLOCKED | Cannot exit GODREJPROP-EQ: Pending SELL order already exists for GODREJPROP-EQ (Order ID: 251125001055394)
2025-11-25 16:07:44 | INFO | SL_HIT | 🛑 STOP LOSS HIT | PNBHOUSING-EQ | Entry: ₹885.90 | Exit: ₹881.45 | SL: ₹881.45 | PnL: ₹-48.95 | symbol=PNBHOUSING-EQ | exit_reason=SL_HIT | entry_price=885.9 | exit_price=881.45 | sl_price=881.45 | quantity=11 | pnl=-48.95 | pnl_percent=-0.5 | charges=34.0 | trade_id=0 | duration_seconds=5676.212298 | duration_minutes=94.6
2025-11-25 16:07:44 | INFO | EXIT_BLOCKED | Cannot exit PNBHOUSING-EQ: Pending SELL order already exists for PNBHOUSING-EQ (Order ID: 251125001073992)
2025-11-25 16:07:44 | INFO | MONITOR | Paper trades checked (next in 60s)
2025-11-25 16:07:44 | INFO | MONITOR_SLEEP | Sleeping for 20s (base=20s, consecutive_errors=0, monitoring_suspended=False)
2025-11-25 16:08:04 | INFO | SL_MISSING_DETECTED | SL order missing for BALKRISIND-EQ (retry thread will handle) | symbol=BALKRISIND-EQ | sl_price=2275.55 | retry_count=10
2025-11-25 16:08:04 | INFO | SL_CHECK | Stop-loss hit for BALKRISIND-EQ (last_ltp: 2304.8, sl: 2275.55)
2025-11-25 16:08:04 | INFO | SL_MISSING_DETECTED | SL order missing for GODREJPROP-EQ (retry thread will handle) | symbol=GODREJPROP-EQ | sl_price=2077.05 | retry_count=10
2025-11-25 16:08:04 | INFO | SL_CHECK | Stop-loss hit for GODREJPROP-EQ (last_ltp: 2094.0, sl: 2077.05)
2025-11-25 16:08:04 | INFO | SL_CHECK | Stop-loss hit for PNBHOUSING-EQ (last_ltp: 881.45, sl: 881.45)
2025-11-25 16:08:04 | INFO | BUCKET_LTP_CHECK | Checking bucket 2/3 | symbols=['CHAMBLFERT-EQ', 'BALKRISIND-EQ', 'GODREJPROP-EQ'] | count=3
2025-11-25 16:08:05 | INFO | BUCKET_LTP_RESULT | Bucket LTP check complete | checked=3 | skipped=0 | bucket_number=2 | total_buckets=3
2025-11-25 16:08:06 | INFO | SL_HIT | 🛑 STOP LOSS HIT | BALKRISIND-EQ | Entry: ₹2287.00 | Exit: ₹2304.80 | SL: ₹2275.55 | PnL: ₹71.20 | symbol=BALKRISIND-EQ | exit_reason=SL_HIT | entry_price=2287.0 | exit_price=2304.8 | sl_price=2275.55 | quantity=4 | pnl=71.2 | pnl_percent=0.78 | charges=33.32 | trade_id=0 | duration_seconds=6601.015241 | duration_minutes=110.0
2025-11-25 16:08:06 | INFO | EXIT_BLOCKED | Cannot exit BALKRISIND-EQ: Pending SELL order already exists for BALKRISIND-EQ (Order ID: 251125000975801)
2025-11-25 16:08:06 | INFO | SL_HIT | 🛑 STOP LOSS HIT | GODREJPROP-EQ | Entry: ₹2087.50 | Exit: ₹2094.00 | SL: ₹2077.05 | PnL: ₹26.00 | symbol=GODREJPROP-EQ | exit_reason=SL_HIT | entry_price=2087.5 | exit_price=2094.0 | sl_price=2077.05 | quantity=4 | pnl=26.0 | pnl_percent=0.31 | charges=32.5 | trade_id=0 | duration_seconds=5702.965959 | duration_minutes=95.0
2025-11-25 16:08:06 | INFO | EXIT_BLOCKED | Cannot exit GODREJPROP-EQ: Pending SELL order already exists for GODREJPROP-EQ (Order ID: 251125001055394)
2025-11-25 16:08:06 | INFO | SL_HIT | 🛑 STOP LOSS HIT | PNBHOUSING-EQ | Entry: ₹885.90 | Exit: ₹881.45 | SL: ₹881.45 | PnL: ₹-48.95 | symbol=PNBHOUSING-EQ | exit_reason=SL_HIT | entry_price=885.9 | exit_price=881.45 | sl_price=881.45 | quantity=11 | pnl=-48.95 | pnl_percent=-0.5 | charges=34.0 | trade_id=0 | duration_seconds=5698.099077 | duration_minutes=95.0
2025-11-25 16:08:06 | INFO | EXIT_BLOCKED | Cannot exit PNBHOUSING-EQ: Pending SELL order already exists for PNBHOUSING-EQ (Order ID: 251125001073992)
2025-11-25 16:08:06 | INFO | MONITOR_SLEEP | Sleeping for 20s (base=20s, consecutive_errors=0, monitoring_suspended=False)
2025-11-25 16:08:26 | INFO | SL_MISSING_DETECTED | SL order missing for BALKRISIND-EQ (retry thread will handle) | symbol=BALKRISIND-EQ | sl_price=2275.55 | retry_count=10
2025-11-25 16:08:26 | INFO | SL_CHECK | Stop-loss hit for BALKRISIND-EQ (last_ltp: 2304.8, sl: 2275.55)
2025-11-25 16:08:26 | INFO | SL_MISSING_DETECTED | SL order missing for GODREJPROP-EQ (retry thread will handle) | symbol=GODREJPROP-EQ | sl_price=2077.05 | retry_count=10
2025-11-25 16:08:26 | INFO | SL_CHECK | Stop-loss hit for GODREJPROP-EQ (last_ltp: 2094.0, sl: 2077.05)
2025-11-25 16:08:26 | INFO | SL_CHECK | Stop-loss hit for PNBHOUSING-EQ (last_ltp: 881.45, sl: 881.45)
2025-11-25 16:08:26 | INFO | BUCKET_LTP_CHECK | Checking bucket 0/3 | symbols=['PNBHOUSING-EQ'] | count=1
2025-11-25 16:08:26 | INFO | BUCKET_LTP_RESULT | Bucket LTP check complete | checked=1 | skipped=0 | bucket_number=0 | total_buckets=3
2025-11-25 16:08:27 | INFO | SL_HIT | 🛑 STOP LOSS HIT | BALKRISIND-EQ | Entry: ₹2287.00 | Exit: ₹2304.80 | SL: ₹2275.55 | PnL: ₹71.20 | symbol=BALKRISIND-EQ | exit_reason=SL_HIT | entry_price=2287.0 | exit_price=2304.8 | sl_price=2275.55 | quantity=4 | pnl=71.2 | pnl_percent=0.78 | charges=33.32 | trade_id=0 | duration_seconds=6622.3499 | duration_minutes=110.4
2025-11-25 16:08:27 | INFO | EXIT_BLOCKED | Cannot exit BALKRISIND-EQ: Pending SELL order already exists for BALKRISIND-EQ (Order ID: 251125000975801)
2025-11-25 16:08:27 | INFO | SL_HIT | 🛑 STOP LOSS HIT | GODREJPROP-EQ | Entry: ₹2087.50 | Exit: ₹2094.00 | SL: ₹2077.05 | PnL: ₹26.00 | symbol=GODREJPROP-EQ | exit_reason=SL_HIT | entry_price=2087.5 | exit_price=2094.0 | sl_price=2077.05 | quantity=4 | pnl=26.0 | pnl_percent=0.31 | charges=32.5 | trade_id=0 | duration_seconds=5724.302171 | duration_minutes=95.4
2025-11-25 16:08:27 | INFO | EXIT_BLOCKED | Cannot exit GODREJPROP-EQ: Pending SELL order already exists for GODREJPROP-EQ (Order ID: 251125001055394)
2025-11-25 16:08:27 | INFO | SL_HIT | 🛑 STOP LOSS HIT | PNBHOUSING-EQ | Entry: ₹885.90 | Exit: ₹881.45 | SL: ₹881.45 | PnL: ₹-48.95 | symbol=PNBHOUSING-EQ | exit_reason=SL_HIT | entry_price=885.9 | exit_price=881.45 | sl_price=881.45 | quantity=11 | pnl=-48.95 | pnl_percent=-0.5 | charges=34.0 | trade_id=0 | duration_seconds=5719.436517 | duration_minutes=95.3
2025-11-25 16:08:27 | INFO | EXIT_BLOCKED | Cannot exit PNBHOUSING-EQ: Pending SELL order already exists for PNBHOUSING-EQ (Order ID: 251125001073992)
2025-11-25 16:08:27 | INFO | MONITOR_SLEEP | Sleeping for 20s (base=20s, consecutive_errors=0, monitoring_suspended=False)
2025-11-25 16:08:47 | INFO | SL_MISSING_DETECTED | SL order missing for BALKRISIND-EQ (retry thread will handle) | symbol=BALKRISIND-EQ | sl_price=2275.55 | retry_count=10
2025-11-25 16:08:47 | INFO | SL_CHECK | Stop-loss hit for BALKRISIND-EQ (last_ltp: 2304.8, sl: 2275.55)
2025-11-25 16:08:47 | INFO | SL_MISSING_DETECTED | SL order missing for GODREJPROP-EQ (retry thread will handle) | symbol=GODREJPROP-EQ | sl_price=2077.05 | retry_count=10
2025-11-25 16:08:47 | INFO | SL_CHECK | Stop-loss hit for GODREJPROP-EQ (last_ltp: 2094.0, sl: 2077.05)
2025-11-25 16:08:47 | INFO | SL_CHECK | Stop-loss hit for PNBHOUSING-EQ (last_ltp: 881.45, sl: 881.45)
2025-11-25 16:08:47 | INFO | BUCKET_LTP_CHECK | Checking bucket 1/3 | symbols=['IOC-EQ', 'M&M-EQ', 'UPL-EQ'] | count=3
2025-11-25 16:08:48 | INFO | BUCKET_LTP_RESULT | Bucket LTP check complete | checked=3 | skipped=0 | bucket_number=1 | total_buckets=3
2025-11-25 16:08:49 | INFO | SL_HIT | 🛑 STOP LOSS HIT | BALKRISIND-EQ | Entry: ₹2287.00 | Exit: ₹2304.80 | SL: ₹2275.55 | PnL: ₹71.20 | symbol=BALKRISIND-EQ | exit_reason=SL_HIT | entry_price=2287.0 | exit_price=2304.8 | sl_price=2275.55 | quantity=4 | pnl=71.2 | pnl_percent=0.78 | charges=33.32 | trade_id=0 | duration_seconds=6644.23336 | duration_minutes=110.7
2025-11-25 16:08:49 | INFO | EXIT_BLOCKED | Cannot exit BALKRISIND-EQ: Pending SELL order already exists for BALKRISIND-EQ (Order ID: 251125000975801)
2025-11-25 16:08:49 | INFO | SL_HIT | 🛑 STOP LOSS HIT | GODREJPROP-EQ | Entry: ₹2087.50 | Exit: ₹2094.00 | SL: ₹2077.05 | PnL: ₹26.00 | symbol=GODREJPROP-EQ | exit_reason=SL_HIT | entry_price=2087.5 | exit_price=2094.0 | sl_price=2077.05 | quantity=4 | pnl=26.0 | pnl_percent=0.31 | charges=32.5 | trade_id=0 | duration_seconds=5746.184146 | duration_minutes=95.8
2025-11-25 16:08:49 | INFO | EXIT_BLOCKED | Cannot exit GODREJPROP-EQ: Pending SELL order already exists for GODREJPROP-EQ (Order ID: 251125001055394)
2025-11-25 16:08:49 | INFO | SL_HIT | 🛑 STOP LOSS HIT | PNBHOUSING-EQ | Entry: ₹885.90 | Exit: ₹881.45 | SL: ₹881.45 | PnL: ₹-48.95 | symbol=PNBHOUSING-EQ | exit_reason=SL_HIT | entry_price=885.9 | exit_price=881.45 | sl_price=881.45 | quantity=11 | pnl=-48.95 | pnl_percent=-0.5 | charges=34.0 | trade_id=0 | duration_seconds=5741.317131 | duration_minutes=95.7
2025-11-25 16:08:49 | INFO | EXIT_BLOCKED | Cannot exit PNBHOUSING-EQ: Pending SELL order already exists for PNBHOUSING-EQ (Order ID: 251125001073992)
2025-11-25 16:08:49 | INFO | MONITOR | Paper trades checked (next in 60s)
2025-11-25 16:08:49 | INFO | MONITOR_SLEEP | Sleeping for 20s (base=20s, consecutive_errors=0, monitoring_suspended=False)
2025-11-25 16:09:09 | INFO | SL_MISSING_DETECTED | SL order missing for BALKRISIND-EQ (retry thread will handle) | symbol=BALKRISIND-EQ | sl_price=2275.55 | retry_count=10
2025-11-25 16:09:09 | INFO | SL_CHECK | Stop-loss hit for BALKRISIND-EQ (last_ltp: 2304.8, sl: 2275.55)
2025-11-25 16:09:09 | INFO | SL_MISSING_DETECTED | SL order missing for GODREJPROP-EQ (retry thread will handle) | symbol=GODREJPROP-EQ | sl_price=2077.05 | retry_count=10
2025-11-25 16:09:09 | INFO | SL_CHECK | Stop-loss hit for GODREJPROP-EQ (last_ltp: 2094.0, sl: 2077.05)
2025-11-25 16:09:09 | INFO | SL_CHECK | Stop-loss hit for PNBHOUSING-EQ (last_ltp: 881.45, sl: 881.45)
2025-11-25 16:09:09 | INFO | BUCKET_LTP_CHECK | Checking bucket 2/3 | symbols=['CHAMBLFERT-EQ', 'BALKRISIND-EQ', 'GODREJPROP-EQ'] | count=3
2025-11-25 16:09:10 | INFO | BUCKET_LTP_RESULT | Bucket LTP check complete | checked=3 | skipped=0 | bucket_number=2 | total_buckets=3
2025-11-25 16:09:11 | INFO | SL_HIT | 🛑 STOP LOSS HIT | BALKRISIND-EQ | Entry: ₹2287.00 | Exit: ₹2304.80 | SL: ₹2275.55 | PnL: ₹71.20 | symbol=BALKRISIND-EQ | exit_reason=SL_HIT | entry_price=2287.0 | exit_price=2304.8 | sl_price=2275.55 | quantity=4 | pnl=71.2 | pnl_percent=0.78 | charges=33.32 | trade_id=0 | duration_seconds=6666.144946 | duration_minutes=111.1
2025-11-25 16:09:11 | INFO | EXIT_BLOCKED | Cannot exit BALKRISIND-EQ: Pending SELL order already exists for BALKRISIND-EQ (Order ID: 251125000975801)
2025-11-25 16:09:11 | INFO | SL_HIT | 🛑 STOP LOSS HIT | GODREJPROP-EQ | Entry: ₹2087.50 | Exit: ₹2094.00 | SL: ₹2077.05 | PnL: ₹26.00 | symbol=GODREJPROP-EQ | exit_reason=SL_HIT | entry_price=2087.5 | exit_price=2094.0 | sl_price=2077.05 | quantity=4 | pnl=26.0 | pnl_percent=0.31 | charges=32.5 | trade_id=0 | duration_seconds=5768.097229 | duration_minutes=96.1
2025-11-25 16:09:11 | INFO | EXIT_BLOCKED | Cannot exit GODREJPROP-EQ: Pending SELL order already exists for GODREJPROP-EQ (Order ID: 251125001055394)
2025-11-25 16:09:11 | INFO | SL_HIT | 🛑 STOP LOSS HIT | PNBHOUSING-EQ | Entry: ₹885.90 | Exit: ₹881.45 | SL: ₹881.45 | PnL: ₹-48.95 | symbol=PNBHOUSING-EQ | exit_reason=SL_HIT | entry_price=885.9 | exit_price=881.45 | sl_price=881.45 | quantity=11 | pnl=-48.95 | pnl_percent=-0.5 | charges=34.0 | trade_id=0 | duration_seconds=5763.230437 | duration_minutes=96.1
2025-11-25 16:09:11 | INFO | EXIT_BLOCKED | Cannot exit PNBHOUSING-EQ: Pending SELL order already exists for PNBHOUSING-EQ (Order ID: 251125001073992)
2025-11-25 16:09:11 | INFO | MONITOR_SLEEP | Sleeping for 20s (base=20s, consecutive_errors=0, monitoring_suspended=False)
2025-11-25 16:09:31 | INFO | SL_MISSING_DETECTED | SL order missing for BALKRISIND-EQ (retry thread will handle) | symbol=BALKRISIND-EQ | sl_price=2275.55 | retry_count=10
2025-11-25 16:09:31 | INFO | SL_CHECK | Stop-loss hit for BALKRISIND-EQ (last_ltp: 2304.8, sl: 2275.55)
2025-11-25 16:09:31 | INFO | SL_MISSING_DETECTED | SL order missing for GODREJPROP-EQ (retry thread will handle) | symbol=GODREJPROP-EQ | sl_price=2077.05 | retry_count=10
2025-11-25 16:09:31 | INFO | SL_CHECK | Stop-loss hit for GODREJPROP-EQ (last_ltp: 2094.0, sl: 2077.05)
2025-11-25 16:09:31 | INFO | SL_CHECK | Stop-loss hit for PNBHOUSING-EQ (last_ltp: 881.45, sl: 881.45)
2025-11-25 16:09:31 | INFO | BUCKET_LTP_CHECK | Checking bucket 0/3 | symbols=['PNBHOUSING-EQ'] | count=1
2025-11-25 16:09:31 | INFO | BUCKET_LTP_RESULT | Bucket LTP check complete | checked=1 | skipped=0 | bucket_number=0 | total_buckets=3
2025-11-25 16:09:32 | INFO | SL_HIT | 🛑 STOP LOSS HIT | BALKRISIND-EQ | Entry: ₹2287.00 | Exit: ₹2304.80 | SL: ₹2275.55 | PnL: ₹71.20 | symbol=BALKRISIND-EQ | exit_reason=SL_HIT | entry_price=2287.0 | exit_price=2304.8 | sl_price=2275.55 | quantity=4 | pnl=71.2 | pnl_percent=0.78 | charges=33.32 | trade_id=0 | duration_seconds=6687.475102 | duration_minutes=111.5
2025-11-25 16:09:32 | INFO | EXIT_BLOCKED | Cannot exit BALKRISIND-EQ: Pending SELL order already exists for BALKRISIND-EQ (Order ID: 251125000975801)
2025-11-25 16:09:32 | INFO | SL_HIT | 🛑 STOP LOSS HIT | GODREJPROP-EQ | Entry: ₹2087.50 | Exit: ₹2094.00 | SL: ₹2077.05 | PnL: ₹26.00 | symbol=GODREJPROP-EQ | exit_reason=SL_HIT | entry_price=2087.5 | exit_price=2094.0 | sl_price=2077.05 | quantity=4 | pnl=26.0 | pnl_percent=0.31 | charges=32.5 | trade_id=0 | duration_seconds=5789.427194 | duration_minutes=96.5
2025-11-25 16:09:32 | INFO | EXIT_BLOCKED | Cannot exit GODREJPROP-EQ: Pending SELL order already exists for GODREJPROP-EQ (Order ID: 251125001055394)
2025-11-25 16:09:32 | INFO | SL_HIT | 🛑 STOP LOSS HIT | PNBHOUSING-EQ | Entry: ₹885.90 | Exit: ₹881.45 | SL: ₹881.45 | PnL: ₹-48.95 | symbol=PNBHOUSING-EQ | exit_reason=SL_HIT | entry_price=885.9 | exit_price=881.45 | sl_price=881.45 | quantity=11 | pnl=-48.95 | pnl_percent=-0.5 | charges=34.0 | trade_id=0 | duration_seconds=5784.560258 | duration_minutes=96.4
2025-11-25 16:09:32 | INFO | EXIT_BLOCKED | Cannot exit PNBHOUSING-EQ: Pending SELL order already exists for PNBHOUSING-EQ (Order ID: 251125001073992)
2025-11-25 16:09:32 | INFO | MONITOR_SLEEP | Sleeping for 20s (base=20s, consecutive_errors=0, monitoring_suspended=False)
2025-11-25 16:09:52 | INFO | SL_MISSING_DETECTED | SL order missing for BALKRISIND-EQ (retry thread will handle) | symbol=BALKRISIND-EQ | sl_price=2275.55 | retry_count=10
2025-11-25 16:09:52 | INFO | SL_CHECK | Stop-loss hit for BALKRISIND-EQ (last_ltp: 2304.8, sl: 2275.55)
2025-11-25 16:09:52 | INFO | SL_MISSING_DETECTED | SL order missing for GODREJPROP-EQ (retry thread will handle) | symbol=GODREJPROP-EQ | sl_price=2077.05 | retry_count=10
2025-11-25 16:09:52 | INFO | SL_CHECK | Stop-loss hit for GODREJPROP-EQ (last_ltp: 2094.0, sl: 2077.05)
2025-11-25 16:09:52 | INFO | SL_CHECK | Stop-loss hit for PNBHOUSING-EQ (last_ltp: 881.45, sl: 881.45)
2025-11-25 16:09:52 | INFO | BUCKET_LTP_CHECK | Checking bucket 1/3 | symbols=['IOC-EQ', 'M&M-EQ', 'UPL-EQ'] | count=3
2025-11-25 16:09:53 | INFO | BUCKET_LTP_RESULT | Bucket LTP check complete | checked=3 | skipped=0 | bucket_number=1 | total_buckets=3
2025-11-25 16:09:54 | INFO | SL_HIT | 🛑 STOP LOSS HIT | BALKRISIND-EQ | Entry: ₹2287.00 | Exit: ₹2304.80 | SL: ₹2275.55 | PnL: ₹71.20 | symbol=BALKRISIND-EQ | exit_reason=SL_HIT | entry_price=2287.0 | exit_price=2304.8 | sl_price=2275.55 | quantity=4 | pnl=71.2 | pnl_percent=0.78 | charges=33.32 | trade_id=0 | duration_seconds=6709.334299 | duration_minutes=111.8
2025-11-25 16:09:54 | INFO | EXIT_BLOCKED | Cannot exit BALKRISIND-EQ: Pending SELL order already exists for BALKRISIND-EQ (Order ID: 251125000975801)
2025-11-25 16:09:54 | INFO | SL_HIT | 🛑 STOP LOSS HIT | GODREJPROP-EQ | Entry: ₹2087.50 | Exit: ₹2094.00 | SL: ₹2077.05 | PnL: ₹26.00 | symbol=GODREJPROP-EQ | exit_reason=SL_HIT | entry_price=2087.5 | exit_price=2094.0 | sl_price=2077.05 | quantity=4 | pnl=26.0 | pnl_percent=0.31 | charges=32.5 | trade_id=0 | duration_seconds=5811.285029 | duration_minutes=96.9
2025-11-25 16:09:54 | INFO | EXIT_BLOCKED | Cannot exit GODREJPROP-EQ: Pending SELL order already exists for GODREJPROP-EQ (Order ID: 251125001055394)
2025-11-25 16:09:54 | INFO | SL_HIT | 🛑 STOP LOSS HIT | PNBHOUSING-EQ | Entry: ₹885.90 | Exit: ₹881.45 | SL: ₹881.45 | PnL: ₹-48.95 | symbol=PNBHOUSING-EQ | exit_reason=SL_HIT | entry_price=885.9 | exit_price=881.45 | sl_price=881.45 | quantity=11 | pnl=-48.95 | pnl_percent=-0.5 | charges=34.0 | trade_id=0 | duration_seconds=5806.418125 | duration_minutes=96.8
2025-11-25 16:09:54 | INFO | EXIT_BLOCKED | Cannot exit PNBHOUSING-EQ: Pending SELL order already exists for PNBHOUSING-EQ (Order ID: 251125001073992)
2025-11-25 16:09:54 | INFO | MONITOR | Paper trades checked (next in 60s)
2025-11-25 16:09:54 | INFO | MONITOR_SLEEP | Sleeping for 20s (base=20s, consecutive_errors=0, monitoring_suspended=False)
2025-11-25 16:10:14 | INFO | SL_MISSING_DETECTED | SL order missing for BALKRISIND-EQ (retry thread will handle) | symbol=BALKRISIND-EQ | sl_price=2275.55 | retry_count=10
2025-11-25 16:10:14 | INFO | SL_CHECK | Stop-loss hit for BALKRISIND-EQ (last_ltp: 2304.8, sl: 2275.55)
2025-11-25 16:10:14 | INFO | SL_MISSING_DETECTED | SL order missing for GODREJPROP-EQ (retry thread will handle) | symbol=GODREJPROP-EQ | sl_price=2077.05 | retry_count=10
2025-11-25 16:10:14 | INFO | SL_CHECK | Stop-loss hit for GODREJPROP-EQ (last_ltp: 2094.0, sl: 2077.05)
2025-11-25 16:10:14 | INFO | SL_CHECK | Stop-loss hit for PNBHOUSING-EQ (last_ltp: 881.45, sl: 881.45)
2025-11-25 16:10:14 | INFO | BUCKET_LTP_CHECK | Checking bucket 2/3 | symbols=['CHAMBLFERT-EQ', 'BALKRISIND-EQ', 'GODREJPROP-EQ'] | count=3
2025-11-25 16:10:15 | INFO | BUCKET_LTP_RESULT | Bucket LTP check complete | checked=3 | skipped=0 | bucket_number=2 | total_buckets=3
2025-11-25 16:10:16 | INFO | SL_HIT | 🛑 STOP LOSS HIT | BALKRISIND-EQ | Entry: ₹2287.00 | Exit: ₹2304.80 | SL: ₹2275.55 | PnL: ₹71.20 | symbol=BALKRISIND-EQ | exit_reason=SL_HIT | entry_price=2287.0 | exit_price=2304.8 | sl_price=2275.55 | quantity=4 | pnl=71.2 | pnl_percent=0.78 | charges=33.32 | trade_id=0 | duration_seconds=6731.209298 | duration_minutes=112.2
2025-11-25 16:10:16 | INFO | EXIT_BLOCKED | Cannot exit BALKRISIND-EQ: Pending SELL order already exists for BALKRISIND-EQ (Order ID: 251125000975801)
2025-11-25 16:10:16 | INFO | SL_HIT | 🛑 STOP LOSS HIT | GODREJPROP-EQ | Entry: ₹2087.50 | Exit: ₹2094.00 | SL: ₹2077.05 | PnL: ₹26.00 | symbol=GODREJPROP-EQ | exit_reason=SL_HIT | entry_price=2087.5 | exit_price=2094.0 | sl_price=2077.05 | quantity=4 | pnl=26.0 | pnl_percent=0.31 | charges=32.5 | trade_id=0 | duration_seconds=5833.160541 | duration_minutes=97.2
2025-11-25 16:10:16 | INFO | EXIT_BLOCKED | Cannot exit GODREJPROP-EQ: Pending SELL order already exists for GODREJPROP-EQ (Order ID: 251125001055394)
2025-11-25 16:10:16 | INFO | SL_HIT | 🛑 STOP LOSS HIT | PNBHOUSING-EQ | Entry: ₹885.90 | Exit: ₹881.45 | SL: ₹881.45 | PnL: ₹-48.95 | symbol=PNBHOUSING-EQ | exit_reason=SL_HIT | entry_price=885.9 | exit_price=881.45 | sl_price=881.45 | quantity=11 | pnl=-48.95 | pnl_percent=-0.5 | charges=34.0 | trade_id=0 | duration_seconds=5828.293726 | duration_minutes=97.1
2025-11-25 16:10:16 | INFO | EXIT_BLOCKED | Cannot exit PNBHOUSING-EQ: Pending SELL order already exists for PNBHOUSING-EQ (Order ID: 251125001073992)
2025-11-25 16:10:16 | INFO | MONITOR_SLEEP | Sleeping for 20s (base=20s, consecutive_errors=0, monitoring_suspended=False)
2025-11-25 16:10:36 | INFO | SL_MISSING_DETECTED | SL order missing for BALKRISIND-EQ (retry thread will handle) | symbol=BALKRISIND-EQ | sl_price=2275.55 | retry_count=10
2025-11-25 16:10:36 | INFO | SL_CHECK | Stop-loss hit for BALKRISIND-EQ (last_ltp: 2304.8, sl: 2275.55)
2025-11-25 16:10:36 | INFO | SL_MISSING_DETECTED | SL order missing for GODREJPROP-EQ (retry thread will handle) | symbol=GODREJPROP-EQ | sl_price=2077.05 | retry_count=10
2025-11-25 16:10:36 | INFO | SL_CHECK | Stop-loss hit for GODREJPROP-EQ (last_ltp: 2094.0, sl: 2077.05)
2025-11-25 16:10:36 | INFO | SL_CHECK | Stop-loss hit for PNBHOUSING-EQ (last_ltp: 881.45, sl: 881.45)
2025-11-25 16:10:36 | INFO | BUCKET_LTP_CHECK | Checking bucket 0/3 | symbols=['PNBHOUSING-EQ'] | count=1
2025-11-25 16:10:36 | INFO | BUCKET_LTP_RESULT | Bucket LTP check complete | checked=1 | skipped=0 | bucket_number=0 | total_buckets=3
2025-11-25 16:10:37 | INFO | SL_HIT | 🛑 STOP LOSS HIT | BALKRISIND-EQ | Entry: ₹2287.00 | Exit: ₹2304.80 | SL: ₹2275.55 | PnL: ₹71.20 | symbol=BALKRISIND-EQ | exit_reason=SL_HIT | entry_price=2287.0 | exit_price=2304.8 | sl_price=2275.55 | quantity=4 | pnl=71.2 | pnl_percent=0.78 | charges=33.32 | trade_id=0 | duration_seconds=6752.551686 | duration_minutes=112.5
2025-11-25 16:10:37 | INFO | EXIT_BLOCKED | Cannot exit BALKRISIND-EQ: Pending SELL order already exists for BALKRISIND-EQ (Order ID: 251125000975801)
2025-11-25 16:10:37 | INFO | SL_HIT | 🛑 STOP LOSS HIT | GODREJPROP-EQ | Entry: ₹2087.50 | Exit: ₹2094.00 | SL: ₹2077.05 | PnL: ₹26.00 | symbol=GODREJPROP-EQ | exit_reason=SL_HIT | entry_price=2087.5 | exit_price=2094.0 | sl_price=2077.05 | quantity=4 | pnl=26.0 | pnl_percent=0.31 | charges=32.5 | trade_id=0 | duration_seconds=5854.502416 | duration_minutes=97.6
2025-11-25 16:10:37 | INFO | EXIT_BLOCKED | Cannot exit GODREJPROP-EQ: Pending SELL order already exists for GODREJPROP-EQ (Order ID: 251125001055394)
2025-11-25 16:10:38 | INFO | SL_HIT | 🛑 STOP LOSS HIT | PNBHOUSING-EQ | Entry: ₹885.90 | Exit: ₹881.45 | SL: ₹881.45 | PnL: ₹-48.95 | symbol=PNBHOUSING-EQ | exit_reason=SL_HIT | entry_price=885.9 | exit_price=881.45 | sl_price=881.45 | quantity=11 | pnl=-48.95 | pnl_percent=-0.5 | charges=34.0 | trade_id=0 | duration_seconds=5849.635657 | duration_minutes=97.5
2025-11-25 16:10:38 | INFO | EXIT_BLOCKED | Cannot exit PNBHOUSING-EQ: Pending SELL order already exists for PNBHOUSING-EQ (Order ID: 251125001073992)
2025-11-25 16:10:38 | INFO | MONITOR_SLEEP | Sleeping for 20s (base=20s, consecutive_errors=0, monitoring_suspended=False)
2025-11-25 16:10:58 | INFO | SL_MISSING_DETECTED | SL order missing for BALKRISIND-EQ (retry thread will handle) | symbol=BALKRISIND-EQ | sl_price=2275.55 | retry_count=10
2025-11-25 16:10:58 | INFO | SL_CHECK | Stop-loss hit for BALKRISIND-EQ (last_ltp: 2304.8, sl: 2275.55)
2025-11-25 16:10:58 | INFO | SL_MISSING_DETECTED | SL order missing for GODREJPROP-EQ (retry thread will handle) | symbol=GODREJPROP-EQ | sl_price=2077.05 | retry_count=10
2025-11-25 16:10:58 | INFO | SL_CHECK | Stop-loss hit for GODREJPROP-EQ (last_ltp: 2094.0, sl: 2077.05)
2025-11-25 16:10:58 | INFO | SL_CHECK | Stop-loss hit for PNBHOUSING-EQ (last_ltp: 881.45, sl: 881.45)
2025-11-25 16:10:58 | INFO | BUCKET_LTP_CHECK | Checking bucket 1/3 | symbols=['IOC-EQ', 'M&M-EQ', 'UPL-EQ'] | count=3
2025-11-25 16:10:58 | INFO | BUCKET_LTP_RESULT | Bucket LTP check complete | checked=3 | skipped=0 | bucket_number=1 | total_buckets=3
2025-11-25 16:10:59 | INFO | SL_HIT | 🛑 STOP LOSS HIT | BALKRISIND-EQ | Entry: ₹2287.00 | Exit: ₹2304.80 | SL: ₹2275.55 | PnL: ₹71.20 | symbol=BALKRISIND-EQ | exit_reason=SL_HIT | entry_price=2287.0 | exit_price=2304.8 | sl_price=2275.55 | quantity=4 | pnl=71.2 | pnl_percent=0.78 | charges=33.32 | trade_id=0 | duration_seconds=6774.64723 | duration_minutes=112.9
2025-11-25 16:10:59 | INFO | EXIT_BLOCKED | Cannot exit BALKRISIND-EQ: Pending SELL order already exists for BALKRISIND-EQ (Order ID: 251125000975801)
2025-11-25 16:10:59 | INFO | SL_HIT | 🛑 STOP LOSS HIT | GODREJPROP-EQ | Entry: ₹2087.50 | Exit: ₹2094.00 | SL: ₹2077.05 | PnL: ₹26.00 | symbol=GODREJPROP-EQ | exit_reason=SL_HIT | entry_price=2087.5 | exit_price=2094.0 | sl_price=2077.05 | quantity=4 | pnl=26.0 | pnl_percent=0.31 | charges=32.5 | trade_id=0 | duration_seconds=5876.59807 | duration_minutes=97.9
2025-11-25 16:10:59 | INFO | EXIT_BLOCKED | Cannot exit GODREJPROP-EQ: Pending SELL order already exists for GODREJPROP-EQ (Order ID: 251125001055394)
2025-11-25 16:11:00 | INFO | SL_HIT | 🛑 STOP LOSS HIT | PNBHOUSING-EQ | Entry: ₹885.90 | Exit: ₹881.45 | SL: ₹881.45 | PnL: ₹-48.95 | symbol=PNBHOUSING-EQ | exit_reason=SL_HIT | entry_price=885.9 | exit_price=881.45 | sl_price=881.45 | quantity=11 | pnl=-48.95 | pnl_percent=-0.5 | charges=34.0 | trade_id=0 | duration_seconds=5871.732161 | duration_minutes=97.9
2025-11-25 16:11:00 | INFO | EXIT_BLOCKED | Cannot exit PNBHOUSING-EQ: Pending SELL order already exists for PNBHOUSING-EQ (Order ID: 251125001073992)
2025-11-25 16:11:00 | INFO | MONITOR | Paper trades checked (next in 60s)
2025-11-25 16:11:00 | INFO | MONITOR_SLEEP | Sleeping for 20s (base=20s, consecutive_errors=0, monitoring_suspended=False)
2025-11-25 16:11:20 | INFO | SL_MISSING_DETECTED | SL order missing for BALKRISIND-EQ (retry thread will handle) | symbol=BALKRISIND-EQ | sl_price=2275.55 | retry_count=10
2025-11-25 16:11:20 | INFO | SL_CHECK | Stop-loss hit for BALKRISIND-EQ (last_ltp: 2304.8, sl: 2275.55)
2025-11-25 16:11:20 | INFO | SL_MISSING_DETECTED | SL order missing for GODREJPROP-EQ (retry thread will handle) | symbol=GODREJPROP-EQ | sl_price=2077.05 | retry_count=10
2025-11-25 16:11:20 | INFO | SL_CHECK | Stop-loss hit for GODREJPROP-EQ (last_ltp: 2094.0, sl: 2077.05)
2025-11-25 16:11:20 | INFO | SL_CHECK | Stop-loss hit for PNBHOUSING-EQ (last_ltp: 881.45, sl: 881.45)
2025-11-25 16:11:20 | INFO | BUCKET_LTP_CHECK | Checking bucket 2/3 | symbols=['CHAMBLFERT-EQ', 'BALKRISIND-EQ', 'GODREJPROP-EQ'] | count=3
2025-11-25 16:11:20 | INFO | BUCKET_LTP_RESULT | Bucket LTP check complete | checked=3 | skipped=0 | bucket_number=2 | total_buckets=3
2025-11-25 16:11:21 | INFO | SL_HIT | 🛑 STOP LOSS HIT | BALKRISIND-EQ | Entry: ₹2287.00 | Exit: ₹2304.80 | SL: ₹2275.55 | PnL: ₹71.20 | symbol=BALKRISIND-EQ | exit_reason=SL_HIT | entry_price=2287.0 | exit_price=2304.8 | sl_price=2275.55 | quantity=4 | pnl=71.2 | pnl_percent=0.78 | charges=33.32 | trade_id=0 | duration_seconds=6796.516682 | duration_minutes=113.3
2025-11-25 16:11:21 | INFO | EXIT_BLOCKED | Cannot exit BALKRISIND-EQ: Pending SELL order already exists for BALKRISIND-EQ (Order ID: 251125000975801)
2025-11-25 16:11:21 | INFO | SL_HIT | 🛑 STOP LOSS HIT | GODREJPROP-EQ | Entry: ₹2087.50 | Exit: ₹2094.00 | SL: ₹2077.05 | PnL: ₹26.00 | symbol=GODREJPROP-EQ | exit_reason=SL_HIT | entry_price=2087.5 | exit_price=2094.0 | sl_price=2077.05 | quantity=4 | pnl=26.0 | pnl_percent=0.31 | charges=32.5 | trade_id=0 | duration_seconds=5898.467688 | duration_minutes=98.3
2025-11-25 16:11:21 | INFO | EXIT_BLOCKED | Cannot exit GODREJPROP-EQ: Pending SELL order already exists for GODREJPROP-EQ (Order ID: 251125001055394)
2025-11-25 16:11:22 | INFO | SL_HIT | 🛑 STOP LOSS HIT | PNBHOUSING-EQ | Entry: ₹885.90 | Exit: ₹881.45 | SL: ₹881.45 | PnL: ₹-48.95 | symbol=PNBHOUSING-EQ | exit_reason=SL_HIT | entry_price=885.9 | exit_price=881.45 | sl_price=881.45 | quantity=11 | pnl=-48.95 | pnl_percent=-0.5 | charges=34.0 | trade_id=0 | duration_seconds=5893.602949 | duration_minutes=98.2
2025-11-25 16:11:22 | INFO | EXIT_BLOCKED | Cannot exit PNBHOUSING-EQ: Pending SELL order already exists for PNBHOUSING-EQ (Order ID: 251125001073992)
2025-11-25 16:11:22 | INFO | MONITOR_SLEEP | Sleeping for 20s (base=20s, consecutive_errors=0, monitoring_suspended=False)
2025-11-25 16:11:42 | INFO | SL_MISSING_DETECTED | SL order missing for BALKRISIND-EQ (retry thread will handle) | symbol=BALKRISIND-EQ | sl_price=2275.55 | retry_count=10
2025-11-25 16:11:42 | INFO | SL_CHECK | Stop-loss hit for BALKRISIND-EQ (last_ltp: 2304.8, sl: 2275.55)
2025-11-25 16:11:42 | INFO | SL_MISSING_DETECTED | SL order missing for GODREJPROP-EQ (retry thread will handle) | symbol=GODREJPROP-EQ | sl_price=2077.05 | retry_count=10
2025-11-25 16:11:42 | INFO | SL_CHECK | Stop-loss hit for GODREJPROP-EQ (last_ltp: 2094.0, sl: 2077.05)
2025-11-25 16:11:42 | INFO | SL_CHECK | Stop-loss hit for PNBHOUSING-EQ (last_ltp: 881.45, sl: 881.45)
2025-11-25 16:11:42 | INFO | BUCKET_LTP_CHECK | Checking bucket 0/3 | symbols=['PNBHOUSING-EQ'] | count=1
2025-11-25 16:11:42 | INFO | BUCKET_LTP_RESULT | Bucket LTP check complete | checked=1 | skipped=0 | bucket_number=0 | total_buckets=3
2025-11-25 16:11:42 | INFO | SL_HIT | 🛑 STOP LOSS HIT | BALKRISIND-EQ | Entry: ₹2287.00 | Exit: ₹2304.80 | SL: ₹2275.55 | PnL: ₹71.20 | symbol=BALKRISIND-EQ | exit_reason=SL_HIT | entry_price=2287.0 | exit_price=2304.8 | sl_price=2275.55 | quantity=4 | pnl=71.2 | pnl_percent=0.78 | charges=33.32 | trade_id=0 | duration_seconds=6817.856096 | duration_minutes=113.6
2025-11-25 16:11:42 | INFO | EXIT_BLOCKED | Cannot exit BALKRISIND-EQ: Pending SELL order already exists for BALKRISIND-EQ (Order ID: 251125000975801)
2025-11-25 16:11:43 | INFO | SL_HIT | 🛑 STOP LOSS HIT | GODREJPROP-EQ | Entry: ₹2087.50 | Exit: ₹2094.00 | SL: ₹2077.05 | PnL: ₹26.00 | symbol=GODREJPROP-EQ | exit_reason=SL_HIT | entry_price=2087.5 | exit_price=2094.0 | sl_price=2077.05 | quantity=4 | pnl=26.0 | pnl_percent=0.31 | charges=32.5 | trade_id=0 | duration_seconds=5919.806793 | duration_minutes=98.7
2025-11-25 16:11:43 | INFO | EXIT_BLOCKED | Cannot exit GODREJPROP-EQ: Pending SELL order already exists for GODREJPROP-EQ (Order ID: 251125001055394)
2025-11-25 16:11:43 | INFO | SL_HIT | 🛑 STOP LOSS HIT | PNBHOUSING-EQ | Entry: ₹885.90 | Exit: ₹881.45 | SL: ₹881.45 | PnL: ₹-48.95 | symbol=PNBHOUSING-EQ | exit_reason=SL_HIT | entry_price=885.9 | exit_price=881.45 | sl_price=881.45 | quantity=11 | pnl=-48.95 | pnl_percent=-0.5 | charges=34.0 | trade_id=0 | duration_seconds=5914.940258 | duration_minutes=98.6
2025-11-25 16:11:43 | INFO | EXIT_BLOCKED | Cannot exit PNBHOUSING-EQ: Pending SELL order already exists for PNBHOUSING-EQ (Order ID: 251125001073992)
2025-11-25 16:11:43 | INFO | MONITOR_SLEEP | Sleeping for 20s (base=20s, consecutive_errors=0, monitoring_suspended=False)
2025-11-25 16:12:03 | INFO | SL_MISSING_DETECTED | SL order missing for BALKRISIND-EQ (retry thread will handle) | symbol=BALKRISIND-EQ | sl_price=2275.55 | retry_count=10
2025-11-25 16:12:03 | INFO | SL_CHECK | Stop-loss hit for BALKRISIND-EQ (last_ltp: 2304.8, sl: 2275.55)
2025-11-25 16:12:03 | INFO | SL_MISSING_DETECTED | SL order missing for GODREJPROP-EQ (retry thread will handle) | symbol=GODREJPROP-EQ | sl_price=2077.05 | retry_count=10
2025-11-25 16:12:03 | INFO | SL_CHECK | Stop-loss hit for GODREJPROP-EQ (last_ltp: 2094.0, sl: 2077.05)
2025-11-25 16:12:03 | INFO | SL_CHECK | Stop-loss hit for PNBHOUSING-EQ (last_ltp: 881.45, sl: 881.45)
2025-11-25 16:12:03 | INFO | BUCKET_LTP_CHECK | Checking bucket 1/3 | symbols=['IOC-EQ', 'M&M-EQ', 'UPL-EQ'] | count=3
2025-11-25 16:12:04 | INFO | BUCKET_LTP_RESULT | Bucket LTP check complete | checked=3 | skipped=0 | bucket_number=1 | total_buckets=3
2025-11-25 16:12:04 | INFO | SL_HIT | 🛑 STOP LOSS HIT | BALKRISIND-EQ | Entry: ₹2287.00 | Exit: ₹2304.80 | SL: ₹2275.55 | PnL: ₹71.20 | symbol=BALKRISIND-EQ | exit_reason=SL_HIT | entry_price=2287.0 | exit_price=2304.8 | sl_price=2275.55 | quantity=4 | pnl=71.2 | pnl_percent=0.78 | charges=33.32 | trade_id=0 | duration_seconds=6839.762148 | duration_minutes=114.0
2025-11-25 16:12:04 | INFO | EXIT_BLOCKED | Cannot exit BALKRISIND-EQ: Pending SELL order already exists for BALKRISIND-EQ (Order ID: 251125000975801)
2025-11-25 16:12:05 | INFO | SL_HIT | 🛑 STOP LOSS HIT | GODREJPROP-EQ | Entry: ₹2087.50 | Exit: ₹2094.00 | SL: ₹2077.05 | PnL: ₹26.00 | symbol=GODREJPROP-EQ | exit_reason=SL_HIT | entry_price=2087.5 | exit_price=2094.0 | sl_price=2077.05 | quantity=4 | pnl=26.0 | pnl_percent=0.31 | charges=32.5 | trade_id=0 | duration_seconds=5941.712911 | duration_minutes=99.0
2025-11-25 16:12:05 | INFO | EXIT_BLOCKED | Cannot exit GODREJPROP-EQ: Pending SELL order already exists for GODREJPROP-EQ (Order ID: 251125001055394)
2025-11-25 16:12:05 | INFO | SL_HIT | 🛑 STOP LOSS HIT | PNBHOUSING-EQ | Entry: ₹885.90 | Exit: ₹881.45 | SL: ₹881.45 | PnL: ₹-48.95 | symbol=PNBHOUSING-EQ | exit_reason=SL_HIT | entry_price=885.9 | exit_price=881.45 | sl_price=881.45 | quantity=11 | pnl=-48.95 | pnl_percent=-0.5 | charges=34.0 | trade_id=0 | duration_seconds=5936.845947 | duration_minutes=98.9
2025-11-25 16:12:05 | INFO | EXIT_BLOCKED | Cannot exit PNBHOUSING-EQ: Pending SELL order already exists for PNBHOUSING-EQ (Order ID: 251125001073992)
2025-11-25 16:12:05 | INFO | MONITOR | Paper trades checked (next in 60s)
2025-11-25 16:12:05 | INFO | MONITOR_SLEEP | Sleeping for 20s (base=20s, consecutive_errors=0, monitoring_suspended=False)
2025-11-25 16:12:25 | INFO | SL_MISSING_DETECTED | SL order missing for BALKRISIND-EQ (retry thread will handle) | symbol=BALKRISIND-EQ | sl_price=2275.55 | retry_count=10
2025-11-25 16:12:25 | INFO | SL_CHECK | Stop-loss hit for BALKRISIND-EQ (last_ltp: 2304.8, sl: 2275.55)
2025-11-25 16:12:25 | INFO | SL_MISSING_DETECTED | SL order missing for GODREJPROP-EQ (retry thread will handle) | symbol=GODREJPROP-EQ | sl_price=2077.05 | retry_count=10
2025-11-25 16:12:25 | INFO | SL_CHECK | Stop-loss hit for GODREJPROP-EQ (last_ltp: 2094.0, sl: 2077.05)
2025-11-25 16:12:25 | INFO | SL_CHECK | Stop-loss hit for PNBHOUSING-EQ (last_ltp: 881.45, sl: 881.45)
2025-11-25 16:12:25 | INFO | BUCKET_LTP_CHECK | Checking bucket 2/3 | symbols=['CHAMBLFERT-EQ', 'BALKRISIND-EQ', 'GODREJPROP-EQ'] | count=3
2025-11-25 16:12:25 | INFO | BUCKET_LTP_RESULT | Bucket LTP check complete | checked=3 | skipped=0 | bucket_number=2 | total_buckets=3
2025-11-25 16:12:26 | INFO | SL_HIT | 🛑 STOP LOSS HIT | BALKRISIND-EQ | Entry: ₹2287.00 | Exit: ₹2304.80 | SL: ₹2275.55 | PnL: ₹71.20 | symbol=BALKRISIND-EQ | exit_reason=SL_HIT | entry_price=2287.0 | exit_price=2304.8 | sl_price=2275.55 | quantity=4 | pnl=71.2 | pnl_percent=0.78 | charges=33.32 | trade_id=0 | duration_seconds=6861.636777 | duration_minutes=114.4
2025-11-25 16:12:26 | INFO | EXIT_BLOCKED | Cannot exit BALKRISIND-EQ: Pending SELL order already exists for BALKRISIND-EQ (Order ID: 251125000975801)
2025-11-25 16:12:26 | INFO | SL_HIT | 🛑 STOP LOSS HIT | GODREJPROP-EQ | Entry: ₹2087.50 | Exit: ₹2094.00 | SL: ₹2077.05 | PnL: ₹26.00 | symbol=GODREJPROP-EQ | exit_reason=SL_HIT | entry_price=2087.5 | exit_price=2094.0 | sl_price=2077.05 | quantity=4 | pnl=26.0 | pnl_percent=0.31 | charges=32.5 | trade_id=0 | duration_seconds=5963.587599 | duration_minutes=99.4
2025-11-25 16:12:26 | INFO | EXIT_BLOCKED | Cannot exit GODREJPROP-EQ: Pending SELL order already exists for GODREJPROP-EQ (Order ID: 251125001055394)
2025-11-25 16:12:27 | INFO | SL_HIT | 🛑 STOP LOSS HIT | PNBHOUSING-EQ | Entry: ₹885.90 | Exit: ₹881.45 | SL: ₹881.45 | PnL: ₹-48.95 | symbol=PNBHOUSING-EQ | exit_reason=SL_HIT | entry_price=885.9 | exit_price=881.45 | sl_price=881.45 | quantity=11 | pnl=-48.95 | pnl_percent=-0.5 | charges=34.0 | trade_id=0 | duration_seconds=5958.722234 | duration_minutes=99.3
2025-11-25 16:12:27 | INFO | EXIT_BLOCKED | Cannot exit PNBHOUSING-EQ: Pending SELL order already exists for PNBHOUSING-EQ (Order ID: 251125001073992)
2025-11-25 16:12:27 | INFO | MONITOR_SLEEP | Sleeping for 20s (base=20s, consecutive_errors=0, monitoring_suspended=False)
2025-11-25 16:12:47 | INFO | SL_MISSING_DETECTED | SL order missing for BALKRISIND-EQ (retry thread will handle) | symbol=BALKRISIND-EQ | sl_price=2275.55 | retry_count=10
2025-11-25 16:12:47 | INFO | SL_CHECK | Stop-loss hit for BALKRISIND-EQ (last_ltp: 2304.8, sl: 2275.55)
2025-11-25 16:12:47 | INFO | SL_MISSING_DETECTED | SL order missing for GODREJPROP-EQ (retry thread will handle) | symbol=GODREJPROP-EQ | sl_price=2077.05 | retry_count=10
2025-11-25 16:12:47 | INFO | SL_CHECK | Stop-loss hit for GODREJPROP-EQ (last_ltp: 2094.0, sl: 2077.05)
2025-11-25 16:12:47 | INFO | SL_CHECK | Stop-loss hit for PNBHOUSING-EQ (last_ltp: 881.45, sl: 881.45)
2025-11-25 16:12:47 | INFO | BUCKET_LTP_CHECK | Checking bucket 0/3 | symbols=['PNBHOUSING-EQ'] | count=1
2025-11-25 16:12:47 | INFO | BUCKET_LTP_RESULT | Bucket LTP check complete | checked=1 | skipped=0 | bucket_number=0 | total_buckets=3
2025-11-25 16:12:48 | INFO | SL_HIT | 🛑 STOP LOSS HIT | BALKRISIND-EQ | Entry: ₹2287.00 | Exit: ₹2304.80 | SL: ₹2275.55 | PnL: ₹71.20 | symbol=BALKRISIND-EQ | exit_reason=SL_HIT | entry_price=2287.0 | exit_price=2304.8 | sl_price=2275.55 | quantity=4 | pnl=71.2 | pnl_percent=0.78 | charges=33.32 | trade_id=0 | duration_seconds=6882.974173 | duration_minutes=114.7
2025-11-25 16:12:48 | INFO | EXIT_BLOCKED | Cannot exit BALKRISIND-EQ: Pending SELL order already exists for BALKRISIND-EQ (Order ID: 251125000975801)
2025-11-25 16:12:48 | INFO | SL_HIT | 🛑 STOP LOSS HIT | GODREJPROP-EQ | Entry: ₹2087.50 | Exit: ₹2094.00 | SL: ₹2077.05 | PnL: ₹26.00 | symbol=GODREJPROP-EQ | exit_reason=SL_HIT | entry_price=2087.5 | exit_price=2094.0 | sl_price=2077.05 | quantity=4 | pnl=26.0 | pnl_percent=0.31 | charges=32.5 | trade_id=0 | duration_seconds=5984.925532 | duration_minutes=99.7
2025-11-25 16:12:48 | INFO | EXIT_BLOCKED | Cannot exit GODREJPROP-EQ: Pending SELL order already exists for GODREJPROP-EQ (Order ID: 251125001055394)
2025-11-25 16:12:48 | INFO | SL_HIT | 🛑 STOP LOSS HIT | PNBHOUSING-EQ | Entry: ₹885.90 | Exit: ₹881.45 | SL: ₹881.45 | PnL: ₹-48.95 | symbol=PNBHOUSING-EQ | exit_reason=SL_HIT | entry_price=885.9 | exit_price=881.45 | sl_price=881.45 | quantity=11 | pnl=-48.95 | pnl_percent=-0.5 | charges=34.0 | trade_id=0 | duration_seconds=5980.05859 | duration_minutes=99.7
2025-11-25 16:12:48 | INFO | EXIT_BLOCKED | Cannot exit PNBHOUSING-EQ: Pending SELL order already exists for PNBHOUSING-EQ (Order ID: 251125001073992)
2025-11-25 16:12:48 | INFO | MONITOR_SLEEP | Sleeping for 20s (base=20s, consecutive_errors=0, monitoring_suspended=False)
2025-11-25 16:13:08 | INFO | SL_MISSING_DETECTED | SL order missing for BALKRISIND-EQ (retry thread will handle) | symbol=BALKRISIND-EQ | sl_price=2275.55 | retry_count=10
2025-11-25 16:13:08 | INFO | SL_CHECK | Stop-loss hit for BALKRISIND-EQ (last_ltp: 2304.8, sl: 2275.55)
2025-11-25 16:13:08 | INFO | SL_MISSING_DETECTED | SL order missing for GODREJPROP-EQ (retry thread will handle) | symbol=GODREJPROP-EQ | sl_price=2077.05 | retry_count=10
2025-11-25 16:13:08 | INFO | SL_CHECK | Stop-loss hit for GODREJPROP-EQ (last_ltp: 2094.0, sl: 2077.05)
2025-11-25 16:13:08 | INFO | SL_CHECK | Stop-loss hit for PNBHOUSING-EQ (last_ltp: 881.45, sl: 881.45)
2025-11-25 16:13:08 | INFO | BUCKET_LTP_CHECK | Checking bucket 1/3 | symbols=['IOC-EQ', 'M&M-EQ', 'UPL-EQ'] | count=3
2025-11-25 16:13:09 | INFO | BUCKET_LTP_RESULT | Bucket LTP check complete | checked=3 | skipped=0 | bucket_number=1 | total_buckets=3
2025-11-25 16:13:09 | INFO | SL_HIT | 🛑 STOP LOSS HIT | BALKRISIND-EQ | Entry: ₹2287.00 | Exit: ₹2304.80 | SL: ₹2275.55 | PnL: ₹71.20 | symbol=BALKRISIND-EQ | exit_reason=SL_HIT | entry_price=2287.0 | exit_price=2304.8 | sl_price=2275.55 | quantity=4 | pnl=71.2 | pnl_percent=0.78 | charges=33.32 | trade_id=0 | duration_seconds=6904.867427 | duration_minutes=115.1
2025-11-25 16:13:09 | INFO | EXIT_BLOCKED | Cannot exit BALKRISIND-EQ: Pending SELL order already exists for BALKRISIND-EQ (Order ID: 251125000975801)
2025-11-25 16:13:10 | INFO | SL_HIT | 🛑 STOP LOSS HIT | GODREJPROP-EQ | Entry: ₹2087.50 | Exit: ₹2094.00 | SL: ₹2077.05 | PnL: ₹26.00 | symbol=GODREJPROP-EQ | exit_reason=SL_HIT | entry_price=2087.5 | exit_price=2094.0 | sl_price=2077.05 | quantity=4 | pnl=26.0 | pnl_percent=0.31 | charges=32.5 | trade_id=0 | duration_seconds=6006.818147 | duration_minutes=100.1
2025-11-25 16:13:10 | INFO | EXIT_BLOCKED | Cannot exit GODREJPROP-EQ: Pending SELL order already exists for GODREJPROP-EQ (Order ID: 251125001055394)
2025-11-25 16:13:10 | INFO | SL_HIT | 🛑 STOP LOSS HIT | PNBHOUSING-EQ | Entry: ₹885.90 | Exit: ₹881.45 | SL: ₹881.45 | PnL: ₹-48.95 | symbol=PNBHOUSING-EQ | exit_reason=SL_HIT | entry_price=885.9 | exit_price=881.45 | sl_price=881.45 | quantity=11 | pnl=-48.95 | pnl_percent=-0.5 | charges=34.0 | trade_id=0 | duration_seconds=6001.951244 | duration_minutes=100.0
2025-11-25 16:13:10 | INFO | EXIT_BLOCKED | Cannot exit PNBHOUSING-EQ: Pending SELL order already exists for PNBHOUSING-EQ (Order ID: 251125001073992)
2025-11-25 16:13:10 | INFO | MONITOR | Paper trades checked (next in 60s)
2025-11-25 16:13:10 | INFO | MONITOR_SLEEP | Sleeping for 20s (base=20s, consecutive_errors=0, monitoring_suspended=False)
2025-11-25 16:13:30 | INFO | SL_MISSING_DETECTED | SL order missing for BALKRISIND-EQ (retry thread will handle) | symbol=BALKRISIND-EQ | sl_price=2275.55 | retry_count=10
2025-11-25 16:13:30 | INFO | SL_CHECK | Stop-loss hit for BALKRISIND-EQ (last_ltp: 2304.8, sl: 2275.55)
2025-11-25 16:13:30 | INFO | SL_MISSING_DETECTED | SL order missing for GODREJPROP-EQ (retry thread will handle) | symbol=GODREJPROP-EQ | sl_price=2077.05 | retry_count=10
2025-11-25 16:13:30 | INFO | SL_CHECK | Stop-loss hit for GODREJPROP-EQ (last_ltp: 2094.0, sl: 2077.05)
2025-11-25 16:13:30 | INFO | SL_CHECK | Stop-loss hit for PNBHOUSING-EQ (last_ltp: 881.45, sl: 881.45)
2025-11-25 16:13:30 | INFO | BUCKET_LTP_CHECK | Checking bucket 2/3 | symbols=['CHAMBLFERT-EQ', 'BALKRISIND-EQ', 'GODREJPROP-EQ'] | count=3
2025-11-25 16:13:31 | INFO | BUCKET_LTP_RESULT | Bucket LTP check complete | checked=3 | skipped=0 | bucket_number=2 | total_buckets=3
2025-11-25 16:13:31 | INFO | SL_HIT | 🛑 STOP LOSS HIT | BALKRISIND-EQ | Entry: ₹2287.00 | Exit: ₹2304.80 | SL: ₹2275.55 | PnL: ₹71.20 | symbol=BALKRISIND-EQ | exit_reason=SL_HIT | entry_price=2287.0 | exit_price=2304.8 | sl_price=2275.55 | quantity=4 | pnl=71.2 | pnl_percent=0.78 | charges=33.32 | trade_id=0 | duration_seconds=6926.730536 | duration_minutes=115.4
2025-11-25 16:13:31 | INFO | EXIT_BLOCKED | Cannot exit BALKRISIND-EQ: Pending SELL order already exists for BALKRISIND-EQ (Order ID: 251125000975801)
2025-11-25 16:13:32 | INFO | SL_HIT | 🛑 STOP LOSS HIT | GODREJPROP-EQ | Entry: ₹2087.50 | Exit: ₹2094.00 | SL: ₹2077.05 | PnL: ₹26.00 | symbol=GODREJPROP-EQ | exit_reason=SL_HIT | entry_price=2087.5 | exit_price=2094.0 | sl_price=2077.05 | quantity=4 | pnl=26.0 | pnl_percent=0.31 | charges=32.5 | trade_id=0 | duration_seconds=6028.682542 | duration_minutes=100.5
2025-11-25 16:13:32 | INFO | EXIT_BLOCKED | Cannot exit GODREJPROP-EQ: Pending SELL order already exists for GODREJPROP-EQ (Order ID: 251125001055394)
2025-11-25 16:13:32 | INFO | SL_HIT | 🛑 STOP LOSS HIT | PNBHOUSING-EQ | Entry: ₹885.90 | Exit: ₹881.45 | SL: ₹881.45 | PnL: ₹-48.95 | symbol=PNBHOUSING-EQ | exit_reason=SL_HIT | entry_price=885.9 | exit_price=881.45 | sl_price=881.45 | quantity=11 | pnl=-48.95 | pnl_percent=-0.5 | charges=34.0 | trade_id=0 | duration_seconds=6023.815898 | duration_minutes=100.4
2025-11-25 16:13:32 | INFO | EXIT_BLOCKED | Cannot exit PNBHOUSING-EQ: Pending SELL order already exists for PNBHOUSING-EQ (Order ID: 251125001073992)
2025-11-25 16:13:32 | INFO | MONITOR_SLEEP | Sleeping for 20s (base=20s, consecutive_errors=0, monitoring_suspended=False)
2025-11-25 16:13:52 | INFO | SL_MISSING_DETECTED | SL order missing for BALKRISIND-EQ (retry thread will handle) | symbol=BALKRISIND-EQ | sl_price=2275.55 | retry_count=10
2025-11-25 16:13:52 | INFO | SL_CHECK | Stop-loss hit for BALKRISIND-EQ (last_ltp: 2304.8, sl: 2275.55)
2025-11-25 16:13:52 | INFO | SL_MISSING_DETECTED | SL order missing for GODREJPROP-EQ (retry thread will handle) | symbol=GODREJPROP-EQ | sl_price=2077.05 | retry_count=10
2025-11-25 16:13:52 | INFO | SL_CHECK | Stop-loss hit for GODREJPROP-EQ (last_ltp: 2094.0, sl: 2077.05)
2025-11-25 16:13:52 | INFO | SL_CHECK | Stop-loss hit for PNBHOUSING-EQ (last_ltp: 881.45, sl: 881.45)
2025-11-25 16:13:52 | INFO | BUCKET_LTP_CHECK | Checking bucket 0/3 | symbols=['PNBHOUSING-EQ'] | count=1
2025-11-25 16:13:52 | INFO | BUCKET_LTP_RESULT | Bucket LTP check complete | checked=1 | skipped=0 | bucket_number=0 | total_buckets=3
2025-11-25 16:13:53 | INFO | SL_HIT | 🛑 STOP LOSS HIT | BALKRISIND-EQ | Entry: ₹2287.00 | Exit: ₹2304.80 | SL: ₹2275.55 | PnL: ₹71.20 | symbol=BALKRISIND-EQ | exit_reason=SL_HIT | entry_price=2287.0 | exit_price=2304.8 | sl_price=2275.55 | quantity=4 | pnl=71.2 | pnl_percent=0.78 | charges=33.32 | trade_id=0 | duration_seconds=6948.05675 | duration_minutes=115.8
2025-11-25 16:13:53 | INFO | EXIT_BLOCKED | Cannot exit BALKRISIND-EQ: Pending SELL order already exists for BALKRISIND-EQ (Order ID: 251125000975801)
2025-11-25 16:13:53 | INFO | SL_HIT | 🛑 STOP LOSS HIT | GODREJPROP-EQ | Entry: ₹2087.50 | Exit: ₹2094.00 | SL: ₹2077.05 | PnL: ₹26.00 | symbol=GODREJPROP-EQ | exit_reason=SL_HIT | entry_price=2087.5 | exit_price=2094.0 | sl_price=2077.05 | quantity=4 | pnl=26.0 | pnl_percent=0.31 | charges=32.5 | trade_id=0 | duration_seconds=6050.007537 | duration_minutes=100.8
2025-11-25 16:13:53 | INFO | EXIT_BLOCKED | Cannot exit GODREJPROP-EQ: Pending SELL order already exists for GODREJPROP-EQ (Order ID: 251125001055394)
2025-11-25 16:13:53 | INFO | SL_HIT | 🛑 STOP LOSS HIT | PNBHOUSING-EQ | Entry: ₹885.90 | Exit: ₹881.45 | SL: ₹881.45 | PnL: ₹-48.95 | symbol=PNBHOUSING-EQ | exit_reason=SL_HIT | entry_price=885.9 | exit_price=881.45 | sl_price=881.45 | quantity=11 | pnl=-48.95 | pnl_percent=-0.5 | charges=34.0 | trade_id=0 | duration_seconds=6045.142097 | duration_minutes=100.8
2025-11-25 16:13:53 | INFO | EXIT_BLOCKED | Cannot exit PNBHOUSING-EQ: Pending SELL order already exists for PNBHOUSING-EQ (Order ID: 251125001073992)
2025-11-25 16:13:53 | INFO | MONITOR_SLEEP | Sleeping for 20s (base=20s, consecutive_errors=0, monitoring_suspended=False)
2025-11-25 16:14:13 | INFO | SL_MISSING_DETECTED | SL order missing for BALKRISIND-EQ (retry thread will handle) | symbol=BALKRISIND-EQ | sl_price=2275.55 | retry_count=10
2025-11-25 16:14:13 | INFO | SL_CHECK | Stop-loss hit for BALKRISIND-EQ (last_ltp: 2304.8, sl: 2275.55)
2025-11-25 16:14:13 | INFO | SL_MISSING_DETECTED | SL order missing for GODREJPROP-EQ (retry thread will handle) | symbol=GODREJPROP-EQ | sl_price=2077.05 | retry_count=10
2025-11-25 16:14:13 | INFO | SL_CHECK | Stop-loss hit for GODREJPROP-EQ (last_ltp: 2094.0, sl: 2077.05)
2025-11-25 16:14:13 | INFO | SL_CHECK | Stop-loss hit for PNBHOUSING-EQ (last_ltp: 881.45, sl: 881.45)
2025-11-25 16:14:13 | INFO | BUCKET_LTP_CHECK | Checking bucket 1/3 | symbols=['IOC-EQ', 'M&M-EQ', 'UPL-EQ'] | count=3
2025-11-25 16:14:14 | INFO | BUCKET_LTP_RESULT | Bucket LTP check complete | checked=3 | skipped=0 | bucket_number=1 | total_buckets=3
2025-11-25 16:14:15 | INFO | SL_HIT | 🛑 STOP LOSS HIT | BALKRISIND-EQ | Entry: ₹2287.00 | Exit: ₹2304.80 | SL: ₹2275.55 | PnL: ₹71.20 | symbol=BALKRISIND-EQ | exit_reason=SL_HIT | entry_price=2287.0 | exit_price=2304.8 | sl_price=2275.55 | quantity=4 | pnl=71.2 | pnl_percent=0.78 | charges=33.32 | trade_id=0 | duration_seconds=6969.970796 | duration_minutes=116.2
2025-11-25 16:14:15 | INFO | EXIT_BLOCKED | Cannot exit BALKRISIND-EQ: Pending SELL order already exists for BALKRISIND-EQ (Order ID: 251125000975801)
2025-11-25 16:14:15 | INFO | SL_HIT | 🛑 STOP LOSS HIT | GODREJPROP-EQ | Entry: ₹2087.50 | Exit: ₹2094.00 | SL: ₹2077.05 | PnL: ₹26.00 | symbol=GODREJPROP-EQ | exit_reason=SL_HIT | entry_price=2087.5 | exit_price=2094.0 | sl_price=2077.05 | quantity=4 | pnl=26.0 | pnl_percent=0.31 | charges=32.5 | trade_id=0 | duration_seconds=6071.921558 | duration_minutes=101.2
2025-11-25 16:14:15 | INFO | EXIT_BLOCKED | Cannot exit GODREJPROP-EQ: Pending SELL order already exists for GODREJPROP-EQ (Order ID: 251125001055394)
2025-11-25 16:14:15 | INFO | SL_HIT | 🛑 STOP LOSS HIT | PNBHOUSING-EQ | Entry: ₹885.90 | Exit: ₹881.45 | SL: ₹881.45 | PnL: ₹-48.95 | symbol=PNBHOUSING-EQ | exit_reason=SL_HIT | entry_price=885.9 | exit_price=881.45 | sl_price=881.45 | quantity=11 | pnl=-48.95 | pnl_percent=-0.5 | charges=34.0 | trade_id=0 | duration_seconds=6067.054532 | duration_minutes=101.1
2025-11-25 16:14:15 | INFO | EXIT_BLOCKED | Cannot exit PNBHOUSING-EQ: Pending SELL order already exists for PNBHOUSING-EQ (Order ID: 251125001073992)
2025-11-25 16:14:15 | INFO | MONITOR | Paper trades checked (next in 60s)
2025-11-25 16:14:15 | INFO | MONITOR_SLEEP | Sleeping for 20s (base=20s, consecutive_errors=0, monitoring_suspended=False)
2025-11-25 16:14:35 | INFO | SL_MISSING_DETECTED | SL order missing for BALKRISIND-EQ (retry thread will handle) | symbol=BALKRISIND-EQ | sl_price=2275.55 | retry_count=10
2025-11-25 16:14:35 | INFO | SL_CHECK | Stop-loss hit for BALKRISIND-EQ (last_ltp: 2304.8, sl: 2275.55)
2025-11-25 16:14:35 | INFO | SL_MISSING_DETECTED | SL order missing for GODREJPROP-EQ (retry thread will handle) | symbol=GODREJPROP-EQ | sl_price=2077.05 | retry_count=10
2025-11-25 16:14:35 | INFO | SL_CHECK | Stop-loss hit for GODREJPROP-EQ (last_ltp: 2094.0, sl: 2077.05)
2025-11-25 16:14:35 | INFO | SL_CHECK | Stop-loss hit for PNBHOUSING-EQ (last_ltp: 881.45, sl: 881.45)
2025-11-25 16:14:35 | INFO | BUCKET_LTP_CHECK | Checking bucket 2/3 | symbols=['CHAMBLFERT-EQ', 'BALKRISIND-EQ', 'GODREJPROP-EQ'] | count=3
2025-11-25 16:14:36 | INFO | BUCKET_LTP_RESULT | Bucket LTP check complete | checked=3 | skipped=0 | bucket_number=2 | total_buckets=3
2025-11-25 16:14:36 | INFO | SL_HIT | 🛑 STOP LOSS HIT | BALKRISIND-EQ | Entry: ₹2287.00 | Exit: ₹2304.80 | SL: ₹2275.55 | PnL: ₹71.20 | symbol=BALKRISIND-EQ | exit_reason=SL_HIT | entry_price=2287.0 | exit_price=2304.8 | sl_price=2275.55 | quantity=4 | pnl=71.2 | pnl_percent=0.78 | charges=33.32 | trade_id=0 | duration_seconds=6991.830957 | duration_minutes=116.5
2025-11-25 16:14:36 | INFO | EXIT_BLOCKED | Cannot exit BALKRISIND-EQ: Pending SELL order already exists for BALKRISIND-EQ (Order ID: 251125000975801)
2025-11-25 16:14:37 | INFO | SL_HIT | 🛑 STOP LOSS HIT | GODREJPROP-EQ | Entry: ₹2087.50 | Exit: ₹2094.00 | SL: ₹2077.05 | PnL: ₹26.00 | symbol=GODREJPROP-EQ | exit_reason=SL_HIT | entry_price=2087.5 | exit_price=2094.0 | sl_price=2077.05 | quantity=4 | pnl=26.0 | pnl_percent=0.31 | charges=32.5 | trade_id=0 | duration_seconds=6093.782717 | duration_minutes=101.6
2025-11-25 16:14:37 | INFO | EXIT_BLOCKED | Cannot exit GODREJPROP-EQ: Pending SELL order already exists for GODREJPROP-EQ (Order ID: 251125001055394)
2025-11-25 16:14:37 | INFO | SL_HIT | 🛑 STOP LOSS HIT | PNBHOUSING-EQ | Entry: ₹885.90 | Exit: ₹881.45 | SL: ₹881.45 | PnL: ₹-48.95 | symbol=PNBHOUSING-EQ | exit_reason=SL_HIT | entry_price=885.9 | exit_price=881.45 | sl_price=881.45 | quantity=11 | pnl=-48.95 | pnl_percent=-0.5 | charges=34.0 | trade_id=0 | duration_seconds=6088.917087 | duration_minutes=101.5
2025-11-25 16:14:37 | INFO | EXIT_BLOCKED | Cannot exit PNBHOUSING-EQ: Pending SELL order already exists for PNBHOUSING-EQ (Order ID: 251125001073992)
2025-11-25 16:14:37 | INFO | MONITOR_SLEEP | Sleeping for 20s (base=20s, consecutive_errors=0, monitoring_suspended=False)
2025-11-25 16:14:57 | INFO | SL_MISSING_DETECTED | SL order missing for BALKRISIND-EQ (retry thread will handle) | symbol=BALKRISIND-EQ | sl_price=2275.55 | retry_count=10
2025-11-25 16:14:57 | INFO | SL_CHECK | Stop-loss hit for BALKRISIND-EQ (last_ltp: 2304.8, sl: 2275.55)
2025-11-25 16:14:57 | INFO | SL_MISSING_DETECTED | SL order missing for GODREJPROP-EQ (retry thread will handle) | symbol=GODREJPROP-EQ | sl_price=2077.05 | retry_count=10
2025-11-25 16:14:57 | INFO | SL_CHECK | Stop-loss hit for GODREJPROP-EQ (last_ltp: 2094.0, sl: 2077.05)
2025-11-25 16:14:57 | INFO | SL_CHECK | Stop-loss hit for PNBHOUSING-EQ (last_ltp: 881.45, sl: 881.45)
2025-11-25 16:14:57 | INFO | BUCKET_LTP_CHECK | Checking bucket 0/3 | symbols=['PNBHOUSING-EQ'] | count=1
2025-11-25 16:14:57 | INFO | BUCKET_LTP_RESULT | Bucket LTP check complete | checked=1 | skipped=0 | bucket_number=0 | total_buckets=3
2025-11-25 16:14:58 | INFO | SL_HIT | 🛑 STOP LOSS HIT | BALKRISIND-EQ | Entry: ₹2287.00 | Exit: ₹2304.80 | SL: ₹2275.55 | PnL: ₹71.20 | symbol=BALKRISIND-EQ | exit_reason=SL_HIT | entry_price=2287.0 | exit_price=2304.8 | sl_price=2275.55 | quantity=4 | pnl=71.2 | pnl_percent=0.78 | charges=33.32 | trade_id=0 | duration_seconds=7013.155528 | duration_minutes=116.9
2025-11-25 16:14:58 | INFO | EXIT_BLOCKED | Cannot exit BALKRISIND-EQ: Pending SELL order already exists for BALKRISIND-EQ (Order ID: 251125000975801)
2025-11-25 16:14:58 | INFO | SL_HIT | 🛑 STOP LOSS HIT | GODREJPROP-EQ | Entry: ₹2087.50 | Exit: ₹2094.00 | SL: ₹2077.05 | PnL: ₹26.00 | symbol=GODREJPROP-EQ | exit_reason=SL_HIT | entry_price=2087.5 | exit_price=2094.0 | sl_price=2077.05 | quantity=4 | pnl=26.0 | pnl_percent=0.31 | charges=32.5 | trade_id=0 | duration_seconds=6115.106257 | duration_minutes=101.9
2025-11-25 16:14:58 | INFO | EXIT_BLOCKED | Cannot exit GODREJPROP-EQ: Pending SELL order already exists for GODREJPROP-EQ (Order ID: 251125001055394)
2025-11-25 16:14:58 | INFO | SL_HIT | 🛑 STOP LOSS HIT | PNBHOUSING-EQ | Entry: ₹885.90 | Exit: ₹881.45 | SL: ₹881.45 | PnL: ₹-48.95 | symbol=PNBHOUSING-EQ | exit_reason=SL_HIT | entry_price=885.9 | exit_price=881.45 | sl_price=881.45 | quantity=11 | pnl=-48.95 | pnl_percent=-0.5 | charges=34.0 | trade_id=0 | duration_seconds=6110.239364 | duration_minutes=101.8
2025-11-25 16:14:58 | INFO | EXIT_BLOCKED | Cannot exit PNBHOUSING-EQ: Pending SELL order already exists for PNBHOUSING-EQ (Order ID: 251125001073992)
2025-11-25 16:14:58 | INFO | MONITOR_SLEEP | Sleeping for 20s (base=20s, consecutive_errors=0, monitoring_suspended=False)
2025-11-25 16:15:18 | INFO | SL_MISSING_DETECTED | SL order missing for BALKRISIND-EQ (retry thread will handle) | symbol=BALKRISIND-EQ | sl_price=2275.55 | retry_count=10
2025-11-25 16:15:18 | INFO | SL_CHECK | Stop-loss hit for BALKRISIND-EQ (last_ltp: 2304.8, sl: 2275.55)
2025-11-25 16:15:18 | INFO | SL_MISSING_DETECTED | SL order missing for GODREJPROP-EQ (retry thread will handle) | symbol=GODREJPROP-EQ | sl_price=2077.05 | retry_count=10
2025-11-25 16:15:18 | INFO | SL_CHECK | Stop-loss hit for GODREJPROP-EQ (last_ltp: 2094.0, sl: 2077.05)
2025-11-25 16:15:18 | INFO | SL_CHECK | Stop-loss hit for PNBHOUSING-EQ (last_ltp: 881.45, sl: 881.45)
2025-11-25 16:15:18 | INFO | BUCKET_LTP_CHECK | Checking bucket 1/3 | symbols=['IOC-EQ', 'M&M-EQ', 'UPL-EQ'] | count=3
2025-11-25 16:15:19 | INFO | BUCKET_LTP_RESULT | Bucket LTP check complete | checked=3 | skipped=0 | bucket_number=1 | total_buckets=3
2025-11-25 16:15:20 | INFO | SL_HIT | 🛑 STOP LOSS HIT | BALKRISIND-EQ | Entry: ₹2287.00 | Exit: ₹2304.80 | SL: ₹2275.55 | PnL: ₹71.20 | symbol=BALKRISIND-EQ | exit_reason=SL_HIT | entry_price=2287.0 | exit_price=2304.8 | sl_price=2275.55 | quantity=4 | pnl=71.2 | pnl_percent=0.78 | charges=33.32 | trade_id=0 | duration_seconds=7035.03429 | duration_minutes=117.3
2025-11-25 16:15:20 | INFO | EXIT_BLOCKED | Cannot exit BALKRISIND-EQ: Pending SELL order already exists for BALKRISIND-EQ (Order ID: 251125000975801)
2025-11-25 16:15:20 | INFO | SL_HIT | 🛑 STOP LOSS HIT | GODREJPROP-EQ | Entry: ₹2087.50 | Exit: ₹2094.00 | SL: ₹2077.05 | PnL: ₹26.00 | symbol=GODREJPROP-EQ | exit_reason=SL_HIT | entry_price=2087.5 | exit_price=2094.0 | sl_price=2077.05 | quantity=4 | pnl=26.0 | pnl_percent=0.31 | charges=32.5 | trade_id=0 | duration_seconds=6136.985016 | duration_minutes=102.3
2025-11-25 16:15:20 | INFO | EXIT_BLOCKED | Cannot exit GODREJPROP-EQ: Pending SELL order already exists for GODREJPROP-EQ (Order ID: 251125001055394)
2025-11-25 16:15:20 | INFO | SL_HIT | 🛑 STOP LOSS HIT | PNBHOUSING-EQ | Entry: ₹885.90 | Exit: ₹881.45 | SL: ₹881.45 | PnL: ₹-48.95 | symbol=PNBHOUSING-EQ | exit_reason=SL_HIT | entry_price=885.9 | exit_price=881.45 | sl_price=881.45 | quantity=11 | pnl=-48.95 | pnl_percent=-0.5 | charges=34.0 | trade_id=0 | duration_seconds=6132.118079 | duration_minutes=102.2
2025-11-25 16:15:20 | INFO | EXIT_BLOCKED | Cannot exit PNBHOUSING-EQ: Pending SELL order already exists for PNBHOUSING-EQ (Order ID: 251125001073992)
2025-11-25 16:15:20 | INFO | MONITOR | Paper trades checked (next in 60s)
2025-11-25 16:15:20 | INFO | MONITOR_SLEEP | Sleeping for 20s (base=20s, consecutive_errors=0, monitoring_suspended=False)
2025-11-25 16:15:40 | INFO | SL_MISSING_DETECTED | SL order missing for BALKRISIND-EQ (retry thread will handle) | symbol=BALKRISIND-EQ | sl_price=2275.55 | retry_count=10
2025-11-25 16:15:40 | INFO | SL_CHECK | Stop-loss hit for BALKRISIND-EQ (last_ltp: 2304.8, sl: 2275.55)
2025-11-25 16:15:40 | INFO | SL_MISSING_DETECTED | SL order missing for GODREJPROP-EQ (retry thread will handle) | symbol=GODREJPROP-EQ | sl_price=2077.05 | retry_count=10
2025-11-25 16:15:40 | INFO | SL_CHECK | Stop-loss hit for GODREJPROP-EQ (last_ltp: 2094.0, sl: 2077.05)
2025-11-25 16:15:40 | INFO | SL_CHECK | Stop-loss hit for PNBHOUSING-EQ (last_ltp: 881.45, sl: 881.45)
2025-11-25 16:15:40 | INFO | BUCKET_LTP_CHECK | Checking bucket 2/3 | symbols=['CHAMBLFERT-EQ', 'BALKRISIND-EQ', 'GODREJPROP-EQ'] | count=3
2025-11-25 16:15:41 | INFO | BUCKET_LTP_RESULT | Bucket LTP check complete | checked=3 | skipped=0 | bucket_number=2 | total_buckets=3
2025-11-25 16:15:42 | INFO | SL_HIT | 🛑 STOP LOSS HIT | BALKRISIND-EQ | Entry: ₹2287.00 | Exit: ₹2304.80 | SL: ₹2275.55 | PnL: ₹71.20 | symbol=BALKRISIND-EQ | exit_reason=SL_HIT | entry_price=2287.0 | exit_price=2304.8 | sl_price=2275.55 | quantity=4 | pnl=71.2 | pnl_percent=0.78 | charges=33.32 | trade_id=0 | duration_seconds=7056.909571 | duration_minutes=117.6
2025-11-25 16:15:42 | INFO | EXIT_BLOCKED | Cannot exit BALKRISIND-EQ: Pending SELL order already exists for BALKRISIND-EQ (Order ID: 251125000975801)
2025-11-25 16:15:42 | INFO | SL_HIT | 🛑 STOP LOSS HIT | GODREJPROP-EQ | Entry: ₹2087.50 | Exit: ₹2094.00 | SL: ₹2077.05 | PnL: ₹26.00 | symbol=GODREJPROP-EQ | exit_reason=SL_HIT | entry_price=2087.5 | exit_price=2094.0 | sl_price=2077.05 | quantity=4 | pnl=26.0 | pnl_percent=0.31 | charges=32.5 | trade_id=0 | duration_seconds=6158.860559 | duration_minutes=102.6
2025-11-25 16:15:42 | INFO | EXIT_BLOCKED | Cannot exit GODREJPROP-EQ: Pending SELL order already exists for GODREJPROP-EQ (Order ID: 251125001055394)
2025-11-25 16:15:42 | INFO | SL_HIT | 🛑 STOP LOSS HIT | PNBHOUSING-EQ | Entry: ₹885.90 | Exit: ₹881.45 | SL: ₹881.45 | PnL: ₹-48.95 | symbol=PNBHOUSING-EQ | exit_reason=SL_HIT | entry_price=885.9 | exit_price=881.45 | sl_price=881.45 | quantity=11 | pnl=-48.95 | pnl_percent=-0.5 | charges=34.0 | trade_id=0 | duration_seconds=6153.993588 | duration_minutes=102.6
2025-11-25 16:15:42 | INFO | EXIT_BLOCKED | Cannot exit PNBHOUSING-EQ: Pending SELL order already exists for PNBHOUSING-EQ (Order ID: 251125001073992)
2025-11-25 16:15:42 | INFO | MONITOR_SLEEP | Sleeping for 20s (base=20s, consecutive_errors=0, monitoring_suspended=False)
2025-11-25 16:16:02 | INFO | SL_MISSING_DETECTED | SL order missing for BALKRISIND-EQ (retry thread will handle) | symbol=BALKRISIND-EQ | sl_price=2275.55 | retry_count=10
2025-11-25 16:16:02 | INFO | SL_CHECK | Stop-loss hit for BALKRISIND-EQ (last_ltp: 2304.8, sl: 2275.55)
2025-11-25 16:16:02 | INFO | SL_MISSING_DETECTED | SL order missing for GODREJPROP-EQ (retry thread will handle) | symbol=GODREJPROP-EQ | sl_price=2077.05 | retry_count=10
2025-11-25 16:16:02 | INFO | SL_CHECK | Stop-loss hit for GODREJPROP-EQ (last_ltp: 2094.0, sl: 2077.05)
2025-11-25 16:16:02 | INFO | SL_CHECK | Stop-loss hit for PNBHOUSING-EQ (last_ltp: 881.45, sl: 881.45)
2025-11-25 16:16:02 | INFO | BUCKET_LTP_CHECK | Checking bucket 0/3 | symbols=['PNBHOUSING-EQ'] | count=1
2025-11-25 16:16:02 | INFO | BUCKET_LTP_RESULT | Bucket LTP check complete | checked=1 | skipped=0 | bucket_number=0 | total_buckets=3
2025-11-25 16:16:03 | INFO | SL_HIT | 🛑 STOP LOSS HIT | BALKRISIND-EQ | Entry: ₹2287.00 | Exit: ₹2304.80 | SL: ₹2275.55 | PnL: ₹71.20 | symbol=BALKRISIND-EQ | exit_reason=SL_HIT | entry_price=2287.0 | exit_price=2304.8 | sl_price=2275.55 | quantity=4 | pnl=71.2 | pnl_percent=0.78 | charges=33.32 | trade_id=0 | duration_seconds=7078.236776 | duration_minutes=118.0
2025-11-25 16:16:03 | INFO | EXIT_BLOCKED | Cannot exit BALKRISIND-EQ: Pending SELL order already exists for BALKRISIND-EQ (Order ID: 251125000975801)
2025-11-25 16:16:03 | INFO | SL_HIT | 🛑 STOP LOSS HIT | GODREJPROP-EQ | Entry: ₹2087.50 | Exit: ₹2094.00 | SL: ₹2077.05 | PnL: ₹26.00 | symbol=GODREJPROP-EQ | exit_reason=SL_HIT | entry_price=2087.5 | exit_price=2094.0 | sl_price=2077.05 | quantity=4 | pnl=26.0 | pnl_percent=0.31 | charges=32.5 | trade_id=0 | duration_seconds=6180.187497 | duration_minutes=103.0
2025-11-25 16:16:03 | INFO | EXIT_BLOCKED | Cannot exit GODREJPROP-EQ: Pending SELL order already exists for GODREJPROP-EQ (Order ID: 251125001055394)
2025-11-25 16:16:03 | INFO | SL_HIT | 🛑 STOP LOSS HIT | PNBHOUSING-EQ | Entry: ₹885.90 | Exit: ₹881.45 | SL: ₹881.45 | PnL: ₹-48.95 | symbol=PNBHOUSING-EQ | exit_reason=SL_HIT | entry_price=885.9 | exit_price=881.45 | sl_price=881.45 | quantity=11 | pnl=-48.95 | pnl_percent=-0.5 | charges=34.0 | trade_id=0 | duration_seconds=6175.320563 | duration_minutes=102.9
2025-11-25 16:16:03 | INFO | EXIT_BLOCKED | Cannot exit PNBHOUSING-EQ: Pending SELL order already exists for PNBHOUSING-EQ (Order ID: 251125001073992)
2025-11-25 16:16:03 | INFO | MONITOR_SLEEP | Sleeping for 20s (base=20s, consecutive_errors=0, monitoring_suspended=False)
2025-11-25 16:16:23 | INFO | SL_MISSING_DETECTED | SL order missing for BALKRISIND-EQ (retry thread will handle) | symbol=BALKRISIND-EQ | sl_price=2275.55 | retry_count=10
2025-11-25 16:16:23 | INFO | SL_CHECK | Stop-loss hit for BALKRISIND-EQ (last_ltp: 2304.8, sl: 2275.55)
2025-11-25 16:16:23 | INFO | SL_MISSING_DETECTED | SL order missing for GODREJPROP-EQ (retry thread will handle) | symbol=GODREJPROP-EQ | sl_price=2077.05 | retry_count=10
2025-11-25 16:16:23 | INFO | SL_CHECK | Stop-loss hit for GODREJPROP-EQ (last_ltp: 2094.0, sl: 2077.05)
2025-11-25 16:16:23 | INFO | SL_CHECK | Stop-loss hit for PNBHOUSING-EQ (last_ltp: 881.45, sl: 881.45)
2025-11-25 16:16:23 | INFO | BUCKET_LTP_CHECK | Checking bucket 1/3 | symbols=['IOC-EQ', 'M&M-EQ', 'UPL-EQ'] | count=3
2025-11-25 16:16:24 | INFO | BUCKET_LTP_RESULT | Bucket LTP check complete | checked=3 | skipped=0 | bucket_number=1 | total_buckets=3
2025-11-25 16:16:25 | INFO | SL_HIT | 🛑 STOP LOSS HIT | BALKRISIND-EQ | Entry: ₹2287.00 | Exit: ₹2304.80 | SL: ₹2275.55 | PnL: ₹71.20 | symbol=BALKRISIND-EQ | exit_reason=SL_HIT | entry_price=2287.0 | exit_price=2304.8 | sl_price=2275.55 | quantity=4 | pnl=71.2 | pnl_percent=0.78 | charges=33.32 | trade_id=0 | duration_seconds=7100.129519 | duration_minutes=118.3
2025-11-25 16:16:25 | INFO | EXIT_BLOCKED | Cannot exit BALKRISIND-EQ: Pending SELL order already exists for BALKRISIND-EQ (Order ID: 251125000975801)
2025-11-25 16:16:25 | INFO | SL_HIT | 🛑 STOP LOSS HIT | GODREJPROP-EQ | Entry: ₹2087.50 | Exit: ₹2094.00 | SL: ₹2077.05 | PnL: ₹26.00 | symbol=GODREJPROP-EQ | exit_reason=SL_HIT | entry_price=2087.5 | exit_price=2094.0 | sl_price=2077.05 | quantity=4 | pnl=26.0 | pnl_percent=0.31 | charges=32.5 | trade_id=0 | duration_seconds=6202.080763 | duration_minutes=103.4
2025-11-25 16:16:25 | INFO | EXIT_BLOCKED | Cannot exit GODREJPROP-EQ: Pending SELL order already exists for GODREJPROP-EQ (Order ID: 251125001055394)
2025-11-25 16:16:25 | INFO | SL_HIT | 🛑 STOP LOSS HIT | PNBHOUSING-EQ | Entry: ₹885.90 | Exit: ₹881.45 | SL: ₹881.45 | PnL: ₹-48.95 | symbol=PNBHOUSING-EQ | exit_reason=SL_HIT | entry_price=885.9 | exit_price=881.45 | sl_price=881.45 | quantity=11 | pnl=-48.95 | pnl_percent=-0.5 | charges=34.0 | trade_id=0 | duration_seconds=6197.21483 | duration_minutes=103.3
2025-11-25 16:16:25 | INFO | EXIT_BLOCKED | Cannot exit PNBHOUSING-EQ: Pending SELL order already exists for PNBHOUSING-EQ (Order ID: 251125001073992)
2025-11-25 16:16:25 | INFO | MONITOR | Paper trades checked (next in 60s)
2025-11-25 16:16:25 | INFO | MONITOR_SLEEP | Sleeping for 20s (base=20s, consecutive_errors=0, monitoring_suspended=False)
2025-11-25 16:16:45 | INFO | SL_MISSING_DETECTED | SL order missing for BALKRISIND-EQ (retry thread will handle) | symbol=BALKRISIND-EQ | sl_price=2275.55 | retry_count=10
2025-11-25 16:16:45 | INFO | SL_CHECK | Stop-loss hit for BALKRISIND-EQ (last_ltp: 2304.8, sl: 2275.55)
2025-11-25 16:16:45 | INFO | SL_MISSING_DETECTED | SL order missing for GODREJPROP-EQ (retry thread will handle) | symbol=GODREJPROP-EQ | sl_price=2077.05 | retry_count=10
2025-11-25 16:16:45 | INFO | SL_CHECK | Stop-loss hit for GODREJPROP-EQ (last_ltp: 2094.0, sl: 2077.05)
2025-11-25 16:16:45 | INFO | SL_CHECK | Stop-loss hit for PNBHOUSING-EQ (last_ltp: 881.45, sl: 881.45)
2025-11-25 16:16:45 | INFO | BUCKET_LTP_CHECK | Checking bucket 2/3 | symbols=['CHAMBLFERT-EQ', 'BALKRISIND-EQ', 'GODREJPROP-EQ'] | count=3
2025-11-25 16:16:46 | INFO | BUCKET_LTP_RESULT | Bucket LTP check complete | checked=3 | skipped=0 | bucket_number=2 | total_buckets=3
2025-11-25 16:16:47 | INFO | SL_HIT | 🛑 STOP LOSS HIT | BALKRISIND-EQ | Entry: ₹2287.00 | Exit: ₹2304.80 | SL: ₹2275.55 | PnL: ₹71.20 | symbol=BALKRISIND-EQ | exit_reason=SL_HIT | entry_price=2287.0 | exit_price=2304.8 | sl_price=2275.55 | quantity=4 | pnl=71.2 | pnl_percent=0.78 | charges=33.32 | trade_id=0 | duration_seconds=7121.96883 | duration_minutes=118.7
2025-11-25 16:16:47 | INFO | EXIT_BLOCKED | Cannot exit BALKRISIND-EQ: Pending SELL order already exists for BALKRISIND-EQ (Order ID: 251125000975801)
2025-11-25 16:16:47 | INFO | SL_HIT | 🛑 STOP LOSS HIT | GODREJPROP-EQ | Entry: ₹2087.50 | Exit: ₹2094.00 | SL: ₹2077.05 | PnL: ₹26.00 | symbol=GODREJPROP-EQ | exit_reason=SL_HIT | entry_price=2087.5 | exit_price=2094.0 | sl_price=2077.05 | quantity=4 | pnl=26.0 | pnl_percent=0.31 | charges=32.5 | trade_id=0 | duration_seconds=6223.922168 | duration_minutes=103.7
2025-11-25 16:16:47 | INFO | EXIT_BLOCKED | Cannot exit GODREJPROP-EQ: Pending SELL order already exists for GODREJPROP-EQ (Order ID: 251125001055394)
2025-11-25 16:16:47 | INFO | SL_HIT | 🛑 STOP LOSS HIT | PNBHOUSING-EQ | Entry: ₹885.90 | Exit: ₹881.45 | SL: ₹881.45 | PnL: ₹-48.95 | symbol=PNBHOUSING-EQ | exit_reason=SL_HIT | entry_price=885.9 | exit_price=881.45 | sl_price=881.45 | quantity=11 | pnl=-48.95 | pnl_percent=-0.5 | charges=34.0 | trade_id=0 | duration_seconds=6219.057018 | duration_minutes=103.7
2025-11-25 16:16:47 | INFO | EXIT_BLOCKED | Cannot exit PNBHOUSING-EQ: Pending SELL order already exists for PNBHOUSING-EQ (Order ID: 251125001073992)
2025-11-25 16:16:47 | INFO | MONITOR_SLEEP | Sleeping for 20s (base=20s, consecutive_errors=0, monitoring_suspended=False)
2025-11-25 16:17:07 | INFO | SL_MISSING_DETECTED | SL order missing for BALKRISIND-EQ (retry thread will handle) | symbol=BALKRISIND-EQ | sl_price=2275.55 | retry_count=10
2025-11-25 16:17:07 | INFO | SL_CHECK | Stop-loss hit for BALKRISIND-EQ (last_ltp: 2304.8, sl: 2275.55)
2025-11-25 16:17:07 | INFO | SL_MISSING_DETECTED | SL order missing for GODREJPROP-EQ (retry thread will handle) | symbol=GODREJPROP-EQ | sl_price=2077.05 | retry_count=10
2025-11-25 16:17:07 | INFO | SL_CHECK | Stop-loss hit for GODREJPROP-EQ (last_ltp: 2094.0, sl: 2077.05)
2025-11-25 16:17:07 | INFO | SL_CHECK | Stop-loss hit for PNBHOUSING-EQ (last_ltp: 881.45, sl: 881.45)
2025-11-25 16:17:07 | INFO | BUCKET_LTP_CHECK | Checking bucket 0/3 | symbols=['PNBHOUSING-EQ'] | count=1
2025-11-25 16:17:07 | INFO | BUCKET_LTP_RESULT | Bucket LTP check complete | checked=1 | skipped=0 | bucket_number=0 | total_buckets=3
2025-11-25 16:17:08 | INFO | SL_HIT | 🛑 STOP LOSS HIT | BALKRISIND-EQ | Entry: ₹2287.00 | Exit: ₹2304.80 | SL: ₹2275.55 | PnL: ₹71.20 | symbol=BALKRISIND-EQ | exit_reason=SL_HIT | entry_price=2287.0 | exit_price=2304.8 | sl_price=2275.55 | quantity=4 | pnl=71.2 | pnl_percent=0.78 | charges=33.32 | trade_id=0 | duration_seconds=7143.297089 | duration_minutes=119.1
2025-11-25 16:17:08 | INFO | EXIT_BLOCKED | Cannot exit BALKRISIND-EQ: Pending SELL order already exists for BALKRISIND-EQ (Order ID: 251125000975801)
2025-11-25 16:17:08 | INFO | SL_HIT | 🛑 STOP LOSS HIT | GODREJPROP-EQ | Entry: ₹2087.50 | Exit: ₹2094.00 | SL: ₹2077.05 | PnL: ₹26.00 | symbol=GODREJPROP-EQ | exit_reason=SL_HIT | entry_price=2087.5 | exit_price=2094.0 | sl_price=2077.05 | quantity=4 | pnl=26.0 | pnl_percent=0.31 | charges=32.5 | trade_id=0 | duration_seconds=6245.247869 | duration_minutes=104.1
2025-11-25 16:17:08 | INFO | EXIT_BLOCKED | Cannot exit GODREJPROP-EQ: Pending SELL order already exists for GODREJPROP-EQ (Order ID: 251125001055394)
2025-11-25 16:17:08 | INFO | SL_HIT | 🛑 STOP LOSS HIT | PNBHOUSING-EQ | Entry: ₹885.90 | Exit: ₹881.45 | SL: ₹881.45 | PnL: ₹-48.95 | symbol=PNBHOUSING-EQ | exit_reason=SL_HIT | entry_price=885.9 | exit_price=881.45 | sl_price=881.45 | quantity=11 | pnl=-48.95 | pnl_percent=-0.5 | charges=34.0 | trade_id=0 | duration_seconds=6240.380919 | duration_minutes=104.0
2025-11-25 16:17:08 | INFO | EXIT_BLOCKED | Cannot exit PNBHOUSING-EQ: Pending SELL order already exists for PNBHOUSING-EQ (Order ID: 251125001073992)
2025-11-25 16:17:08 | INFO | MONITOR_SLEEP | Sleeping for 20s (base=20s, consecutive_errors=0, monitoring_suspended=False)
2025-11-25 16:17:28 | INFO | SL_MISSING_DETECTED | SL order missing for BALKRISIND-EQ (retry thread will handle) | symbol=BALKRISIND-EQ | sl_price=2275.55 | retry_count=10
2025-11-25 16:17:28 | INFO | SL_CHECK | Stop-loss hit for BALKRISIND-EQ (last_ltp: 2304.8, sl: 2275.55)
2025-11-25 16:17:28 | INFO | SL_MISSING_DETECTED | SL order missing for GODREJPROP-EQ (retry thread will handle) | symbol=GODREJPROP-EQ | sl_price=2077.05 | retry_count=10
2025-11-25 16:17:28 | INFO | SL_CHECK | Stop-loss hit for GODREJPROP-EQ (last_ltp: 2094.0, sl: 2077.05)
2025-11-25 16:17:28 | INFO | SL_CHECK | Stop-loss hit for PNBHOUSING-EQ (last_ltp: 881.45, sl: 881.45)
2025-11-25 16:17:28 | INFO | BUCKET_LTP_CHECK | Checking bucket 1/3 | symbols=['IOC-EQ', 'M&M-EQ', 'UPL-EQ'] | count=3
2025-11-25 16:17:29 | INFO | BUCKET_LTP_RESULT | Bucket LTP check complete | checked=3 | skipped=0 | bucket_number=1 | total_buckets=3
2025-11-25 16:17:30 | INFO | SL_HIT | 🛑 STOP LOSS HIT | BALKRISIND-EQ | Entry: ₹2287.00 | Exit: ₹2304.80 | SL: ₹2275.55 | PnL: ₹71.20 | symbol=BALKRISIND-EQ | exit_reason=SL_HIT | entry_price=2287.0 | exit_price=2304.8 | sl_price=2275.55 | quantity=4 | pnl=71.2 | pnl_percent=0.78 | charges=33.32 | trade_id=0 | duration_seconds=7165.166096 | duration_minutes=119.4
2025-11-25 16:17:30 | INFO | EXIT_BLOCKED | Cannot exit BALKRISIND-EQ: Pending SELL order already exists for BALKRISIND-EQ (Order ID: 251125000975801)
2025-11-25 16:17:30 | INFO | SL_HIT | 🛑 STOP LOSS HIT | GODREJPROP-EQ | Entry: ₹2087.50 | Exit: ₹2094.00 | SL: ₹2077.05 | PnL: ₹26.00 | symbol=GODREJPROP-EQ | exit_reason=SL_HIT | entry_price=2087.5 | exit_price=2094.0 | sl_price=2077.05 | quantity=4 | pnl=26.0 | pnl_percent=0.31 | charges=32.5 | trade_id=0 | duration_seconds=6267.116865 | duration_minutes=104.5
2025-11-25 16:17:30 | INFO | EXIT_BLOCKED | Cannot exit GODREJPROP-EQ: Pending SELL order already exists for GODREJPROP-EQ (Order ID: 251125001055394)
2025-11-25 16:17:30 | INFO | SL_HIT | 🛑 STOP LOSS HIT | PNBHOUSING-EQ | Entry: ₹885.90 | Exit: ₹881.45 | SL: ₹881.45 | PnL: ₹-48.95 | symbol=PNBHOUSING-EQ | exit_reason=SL_HIT | entry_price=885.9 | exit_price=881.45 | sl_price=881.45 | quantity=11 | pnl=-48.95 | pnl_percent=-0.5 | charges=34.0 | trade_id=0 | duration_seconds=6262.250234 | duration_minutes=104.4
2025-11-25 16:17:30 | INFO | EXIT_BLOCKED | Cannot exit PNBHOUSING-EQ: Pending SELL order already exists for PNBHOUSING-EQ (Order ID: 251125001073992)
2025-11-25 16:17:30 | INFO | MONITOR | Paper trades checked (next in 60s)
2025-11-25 16:17:30 | INFO | MONITOR_SLEEP | Sleeping for 20s (base=20s, consecutive_errors=0, monitoring_suspended=False)
2025-11-25 16:17:50 | INFO | SL_MISSING_DETECTED | SL order missing for BALKRISIND-EQ (retry thread will handle) | symbol=BALKRISIND-EQ | sl_price=2275.55 | retry_count=10
2025-11-25 16:17:50 | INFO | SL_CHECK | Stop-loss hit for BALKRISIND-EQ (last_ltp: 2304.8, sl: 2275.55)
2025-11-25 16:17:50 | INFO | SL_MISSING_DETECTED | SL order missing for GODREJPROP-EQ (retry thread will handle) | symbol=GODREJPROP-EQ | sl_price=2077.05 | retry_count=10
2025-11-25 16:17:50 | INFO | SL_CHECK | Stop-loss hit for GODREJPROP-EQ (last_ltp: 2094.0, sl: 2077.05)
2025-11-25 16:17:50 | INFO | SL_CHECK | Stop-loss hit for PNBHOUSING-EQ (last_ltp: 881.45, sl: 881.45)
2025-11-25 16:17:50 | INFO | BUCKET_LTP_CHECK | Checking bucket 2/3 | symbols=['CHAMBLFERT-EQ', 'BALKRISIND-EQ', 'GODREJPROP-EQ'] | count=3
2025-11-25 16:17:51 | INFO | BUCKET_LTP_RESULT | Bucket LTP check complete | checked=3 | skipped=0 | bucket_number=2 | total_buckets=3
2025-11-25 16:17:52 | INFO | SL_HIT | 🛑 STOP LOSS HIT | BALKRISIND-EQ | Entry: ₹2287.00 | Exit: ₹2304.80 | SL: ₹2275.55 | PnL: ₹71.20 | symbol=BALKRISIND-EQ | exit_reason=SL_HIT | entry_price=2287.0 | exit_price=2304.8 | sl_price=2275.55 | quantity=4 | pnl=71.2 | pnl_percent=0.78 | charges=33.32 | trade_id=0 | duration_seconds=7187.028031 | duration_minutes=119.8
2025-11-25 16:17:52 | INFO | EXIT_BLOCKED | Cannot exit BALKRISIND-EQ: Pending SELL order already exists for BALKRISIND-EQ (Order ID: 251125000975801)
2025-11-25 16:17:52 | INFO | SL_HIT | 🛑 STOP LOSS HIT | GODREJPROP-EQ | Entry: ₹2087.50 | Exit: ₹2094.00 | SL: ₹2077.05 | PnL: ₹26.00 | symbol=GODREJPROP-EQ | exit_reason=SL_HIT | entry_price=2087.5 | exit_price=2094.0 | sl_price=2077.05 | quantity=4 | pnl=26.0 | pnl_percent=0.31 | charges=32.5 | trade_id=0 | duration_seconds=6288.979994 | duration_minutes=104.8
2025-11-25 16:17:52 | INFO | EXIT_BLOCKED | Cannot exit GODREJPROP-EQ: Pending SELL order already exists for GODREJPROP-EQ (Order ID: 251125001055394)
2025-11-25 16:17:52 | INFO | SL_HIT | 🛑 STOP LOSS HIT | PNBHOUSING-EQ | Entry: ₹885.90 | Exit: ₹881.45 | SL: ₹881.45 | PnL: ₹-48.95 | symbol=PNBHOUSING-EQ | exit_reason=SL_HIT | entry_price=885.9 | exit_price=881.45 | sl_price=881.45 | quantity=11 | pnl=-48.95 | pnl_percent=-0.5 | charges=34.0 | trade_id=0 | duration_seconds=6284.113134 | duration_minutes=104.7
2025-11-25 16:17:52 | INFO | EXIT_BLOCKED | Cannot exit PNBHOUSING-EQ: Pending SELL order already exists for PNBHOUSING-EQ (Order ID: 251125001073992)
2025-11-25 16:17:52 | INFO | MONITOR_SLEEP | Sleeping for 20s (base=20s, consecutive_errors=0, monitoring_suspended=False)
2025-11-25 16:18:12 | INFO | SL_MISSING_DETECTED | SL order missing for BALKRISIND-EQ (retry thread will handle) | symbol=BALKRISIND-EQ | sl_price=2275.55 | retry_count=10
2025-11-25 16:18:12 | INFO | SL_CHECK | Stop-loss hit for BALKRISIND-EQ (last_ltp: 2304.8, sl: 2275.55)
2025-11-25 16:18:12 | INFO | SL_MISSING_DETECTED | SL order missing for GODREJPROP-EQ (retry thread will handle) | symbol=GODREJPROP-EQ | sl_price=2077.05 | retry_count=10
2025-11-25 16:18:12 | INFO | SL_CHECK | Stop-loss hit for GODREJPROP-EQ (last_ltp: 2094.0, sl: 2077.05)
2025-11-25 16:18:12 | INFO | SL_CHECK | Stop-loss hit for PNBHOUSING-EQ (last_ltp: 881.45, sl: 881.45)
2025-11-25 16:18:12 | INFO | BUCKET_LTP_CHECK | Checking bucket 0/3 | symbols=['PNBHOUSING-EQ'] | count=1
2025-11-25 16:18:12 | INFO | BUCKET_LTP_RESULT | Bucket LTP check complete | checked=1 | skipped=0 | bucket_number=0 | total_buckets=3
2025-11-25 16:18:13 | INFO | SL_HIT | 🛑 STOP LOSS HIT | BALKRISIND-EQ | Entry: ₹2287.00 | Exit: ₹2304.80 | SL: ₹2275.55 | PnL: ₹71.20 | symbol=BALKRISIND-EQ | exit_reason=SL_HIT | entry_price=2287.0 | exit_price=2304.8 | sl_price=2275.55 | quantity=4 | pnl=71.2 | pnl_percent=0.78 | charges=33.32 | trade_id=0 | duration_seconds=7208.522515 | duration_minutes=120.1
2025-11-25 16:18:13 | INFO | EXIT_BLOCKED | Cannot exit BALKRISIND-EQ: Pending SELL order already exists for BALKRISIND-EQ (Order ID: 251125000975801)
2025-11-25 16:18:13 | INFO | SL_HIT | 🛑 STOP LOSS HIT | GODREJPROP-EQ | Entry: ₹2087.50 | Exit: ₹2094.00 | SL: ₹2077.05 | PnL: ₹26.00 | symbol=GODREJPROP-EQ | exit_reason=SL_HIT | entry_price=2087.5 | exit_price=2094.0 | sl_price=2077.05 | quantity=4 | pnl=26.0 | pnl_percent=0.31 | charges=32.5 | trade_id=0 | duration_seconds=6310.473184 | duration_minutes=105.2
2025-11-25 16:18:13 | INFO | EXIT_BLOCKED | Cannot exit GODREJPROP-EQ: Pending SELL order already exists for GODREJPROP-EQ (Order ID: 251125001055394)
2025-11-25 16:18:14 | INFO | SL_HIT | 🛑 STOP LOSS HIT | PNBHOUSING-EQ | Entry: ₹885.90 | Exit: ₹881.45 | SL: ₹881.45 | PnL: ₹-48.95 | symbol=PNBHOUSING-EQ | exit_reason=SL_HIT | entry_price=885.9 | exit_price=881.45 | sl_price=881.45 | quantity=11 | pnl=-48.95 | pnl_percent=-0.5 | charges=34.0 | trade_id=0 | duration_seconds=6305.606233 | duration_minutes=105.1
2025-11-25 16:18:14 | INFO | EXIT_BLOCKED | Cannot exit PNBHOUSING-EQ: Pending SELL order already exists for PNBHOUSING-EQ (Order ID: 251125001073992)
2025-11-25 16:18:14 | INFO | MONITOR_SLEEP | Sleeping for 20s (base=20s, consecutive_errors=0, monitoring_suspended=False)
2025-11-25 16:18:34 | INFO | SL_MISSING_DETECTED | SL order missing for BALKRISIND-EQ (retry thread will handle) | symbol=BALKRISIND-EQ | sl_price=2275.55 | retry_count=10
2025-11-25 16:18:34 | INFO | SL_CHECK | Stop-loss hit for BALKRISIND-EQ (last_ltp: 2304.8, sl: 2275.55)
2025-11-25 16:18:34 | INFO | SL_MISSING_DETECTED | SL order missing for GODREJPROP-EQ (retry thread will handle) | symbol=GODREJPROP-EQ | sl_price=2077.05 | retry_count=10
2025-11-25 16:18:34 | INFO | SL_CHECK | Stop-loss hit for GODREJPROP-EQ (last_ltp: 2094.0, sl: 2077.05)
2025-11-25 16:18:34 | INFO | SL_CHECK | Stop-loss hit for PNBHOUSING-EQ (last_ltp: 881.45, sl: 881.45)
2025-11-25 16:18:34 | INFO | BUCKET_LTP_CHECK | Checking bucket 1/3 | symbols=['IOC-EQ', 'M&M-EQ', 'UPL-EQ'] | count=3
2025-11-25 16:18:34 | INFO | BUCKET_LTP_RESULT | Bucket LTP check complete | checked=3 | skipped=0 | bucket_number=1 | total_buckets=3
2025-11-25 16:18:35 | INFO | SL_HIT | 🛑 STOP LOSS HIT | BALKRISIND-EQ | Entry: ₹2287.00 | Exit: ₹2304.80 | SL: ₹2275.55 | PnL: ₹71.20 | symbol=BALKRISIND-EQ | exit_reason=SL_HIT | entry_price=2287.0 | exit_price=2304.8 | sl_price=2275.55 | quantity=4 | pnl=71.2 | pnl_percent=0.78 | charges=33.32 | trade_id=0 | duration_seconds=7230.387003 | duration_minutes=120.5
2025-11-25 16:18:35 | INFO | EXIT_BLOCKED | Cannot exit BALKRISIND-EQ: Pending SELL order already exists for BALKRISIND-EQ (Order ID: 251125000975801)
2025-11-25 16:18:35 | INFO | SL_HIT | 🛑 STOP LOSS HIT | GODREJPROP-EQ | Entry: ₹2087.50 | Exit: ₹2094.00 | SL: ₹2077.05 | PnL: ₹26.00 | symbol=GODREJPROP-EQ | exit_reason=SL_HIT | entry_price=2087.5 | exit_price=2094.0 | sl_price=2077.05 | quantity=4 | pnl=26.0 | pnl_percent=0.31 | charges=32.5 | trade_id=0 | duration_seconds=6332.33919 | duration_minutes=105.5
2025-11-25 16:18:35 | INFO | EXIT_BLOCKED | Cannot exit GODREJPROP-EQ: Pending SELL order already exists for GODREJPROP-EQ (Order ID: 251125001055394)
2025-11-25 16:18:35 | INFO | SL_HIT | 🛑 STOP LOSS HIT | PNBHOUSING-EQ | Entry: ₹885.90 | Exit: ₹881.45 | SL: ₹881.45 | PnL: ₹-48.95 | symbol=PNBHOUSING-EQ | exit_reason=SL_HIT | entry_price=885.9 | exit_price=881.45 | sl_price=881.45 | quantity=11 | pnl=-48.95 | pnl_percent=-0.5 | charges=34.0 | trade_id=0 | duration_seconds=6327.472098 | duration_minutes=105.5
2025-11-25 16:18:35 | INFO | EXIT_BLOCKED | Cannot exit PNBHOUSING-EQ: Pending SELL order already exists for PNBHOUSING-EQ (Order ID: 251125001073992)
2025-11-25 16:18:35 | INFO | MONITOR | Paper trades checked (next in 60s)
2025-11-25 16:18:35 | INFO | MONITOR_SLEEP | Sleeping for 20s (base=20s, consecutive_errors=0, monitoring_suspended=False)
2025-11-25 16:18:55 | INFO | SL_MISSING_DETECTED | SL order missing for BALKRISIND-EQ (retry thread will handle) | symbol=BALKRISIND-EQ | sl_price=2275.55 | retry_count=10
2025-11-25 16:18:55 | INFO | SL_CHECK | Stop-loss hit for BALKRISIND-EQ (last_ltp: 2304.8, sl: 2275.55)
2025-11-25 16:18:55 | INFO | SL_MISSING_DETECTED | SL order missing for GODREJPROP-EQ (retry thread will handle) | symbol=GODREJPROP-EQ | sl_price=2077.05 | retry_count=10
2025-11-25 16:18:55 | INFO | SL_CHECK | Stop-loss hit for GODREJPROP-EQ (last_ltp: 2094.0, sl: 2077.05)
2025-11-25 16:18:55 | INFO | SL_CHECK | Stop-loss hit for PNBHOUSING-EQ (last_ltp: 881.45, sl: 881.45)
2025-11-25 16:18:55 | INFO | BUCKET_LTP_CHECK | Checking bucket 2/3 | symbols=['CHAMBLFERT-EQ', 'BALKRISIND-EQ', 'GODREJPROP-EQ'] | count=3
2025-11-25 16:18:56 | INFO | BUCKET_LTP_RESULT | Bucket LTP check complete | checked=3 | skipped=0 | bucket_number=2 | total_buckets=3
2025-11-25 16:18:57 | INFO | SL_HIT | 🛑 STOP LOSS HIT | BALKRISIND-EQ | Entry: ₹2287.00 | Exit: ₹2304.80 | SL: ₹2275.55 | PnL: ₹71.20 | symbol=BALKRISIND-EQ | exit_reason=SL_HIT | entry_price=2287.0 | exit_price=2304.8 | sl_price=2275.55 | quantity=4 | pnl=71.2 | pnl_percent=0.78 | charges=33.32 | trade_id=0 | duration_seconds=7252.286479 | duration_minutes=120.9
2025-11-25 16:18:57 | INFO | EXIT_BLOCKED | Cannot exit BALKRISIND-EQ: Pending SELL order already exists for BALKRISIND-EQ (Order ID: 251125000975801)
2025-11-25 16:18:57 | INFO | SL_HIT | 🛑 STOP LOSS HIT | GODREJPROP-EQ | Entry: ₹2087.50 | Exit: ₹2094.00 | SL: ₹2077.05 | PnL: ₹26.00 | symbol=GODREJPROP-EQ | exit_reason=SL_HIT | entry_price=2087.5 | exit_price=2094.0 | sl_price=2077.05 | quantity=4 | pnl=26.0 | pnl_percent=0.31 | charges=32.5 | trade_id=0 | duration_seconds=6354.237231 | duration_minutes=105.9
2025-11-25 16:18:57 | INFO | EXIT_BLOCKED | Cannot exit GODREJPROP-EQ: Pending SELL order already exists for GODREJPROP-EQ (Order ID: 251125001055394)
2025-11-25 16:18:57 | INFO | SL_HIT | 🛑 STOP LOSS HIT | PNBHOUSING-EQ | Entry: ₹885.90 | Exit: ₹881.45 | SL: ₹881.45 | PnL: ₹-48.95 | symbol=PNBHOUSING-EQ | exit_reason=SL_HIT | entry_price=885.9 | exit_price=881.45 | sl_price=881.45 | quantity=11 | pnl=-48.95 | pnl_percent=-0.5 | charges=34.0 | trade_id=0 | duration_seconds=6349.370316 | duration_minutes=105.8
2025-11-25 16:18:57 | INFO | EXIT_BLOCKED | Cannot exit PNBHOUSING-EQ: Pending SELL order already exists for PNBHOUSING-EQ (Order ID: 251125001073992)
2025-11-25 16:18:57 | INFO | MONITOR_SLEEP | Sleeping for 20s (base=20s, consecutive_errors=0, monitoring_suspended=False)
2025-11-25 16:19:17 | INFO | SL_MISSING_DETECTED | SL order missing for BALKRISIND-EQ (retry thread will handle) | symbol=BALKRISIND-EQ | sl_price=2275.55 | retry_count=10
2025-11-25 16:19:17 | INFO | SL_CHECK | Stop-loss hit for BALKRISIND-EQ (last_ltp: 2304.8, sl: 2275.55)
2025-11-25 16:19:17 | INFO | SL_MISSING_DETECTED | SL order missing for GODREJPROP-EQ (retry thread will handle) | symbol=GODREJPROP-EQ | sl_price=2077.05 | retry_count=10
2025-11-25 16:19:17 | INFO | SL_CHECK | Stop-loss hit for GODREJPROP-EQ (last_ltp: 2094.0, sl: 2077.05)
2025-11-25 16:19:17 | INFO | SL_CHECK | Stop-loss hit for PNBHOUSING-EQ (last_ltp: 881.45, sl: 881.45)
2025-11-25 16:19:17 | INFO | BUCKET_LTP_CHECK | Checking bucket 0/3 | symbols=['PNBHOUSING-EQ'] | count=1
2025-11-25 16:19:17 | INFO | BUCKET_LTP_RESULT | Bucket LTP check complete | checked=1 | skipped=0 | bucket_number=0 | total_buckets=3
2025-11-25 16:19:18 | INFO | SL_HIT | 🛑 STOP LOSS HIT | BALKRISIND-EQ | Entry: ₹2287.00 | Exit: ₹2304.80 | SL: ₹2275.55 | PnL: ₹71.20 | symbol=BALKRISIND-EQ | exit_reason=SL_HIT | entry_price=2287.0 | exit_price=2304.8 | sl_price=2275.55 | quantity=4 | pnl=71.2 | pnl_percent=0.78 | charges=33.32 | trade_id=0 | duration_seconds=7273.611137 | duration_minutes=121.2
2025-11-25 16:19:18 | INFO | EXIT_BLOCKED | Cannot exit BALKRISIND-EQ: Pending SELL order already exists for BALKRISIND-EQ (Order ID: 251125000975801)
2025-11-25 16:19:18 | INFO | SL_HIT | 🛑 STOP LOSS HIT | GODREJPROP-EQ | Entry: ₹2087.50 | Exit: ₹2094.00 | SL: ₹2077.05 | PnL: ₹26.00 | symbol=GODREJPROP-EQ | exit_reason=SL_HIT | entry_price=2087.5 | exit_price=2094.0 | sl_price=2077.05 | quantity=4 | pnl=26.0 | pnl_percent=0.31 | charges=32.5 | trade_id=0 | duration_seconds=6375.561872 | duration_minutes=106.3
2025-11-25 16:19:18 | INFO | EXIT_BLOCKED | Cannot exit GODREJPROP-EQ: Pending SELL order already exists for GODREJPROP-EQ (Order ID: 251125001055394)
2025-11-25 16:19:19 | INFO | SL_HIT | 🛑 STOP LOSS HIT | PNBHOUSING-EQ | Entry: ₹885.90 | Exit: ₹881.45 | SL: ₹881.45 | PnL: ₹-48.95 | symbol=PNBHOUSING-EQ | exit_reason=SL_HIT | entry_price=885.9 | exit_price=881.45 | sl_price=881.45 | quantity=11 | pnl=-48.95 | pnl_percent=-0.5 | charges=34.0 | trade_id=0 | duration_seconds=6370.694967 | duration_minutes=106.2
2025-11-25 16:19:19 | INFO | EXIT_BLOCKED | Cannot exit PNBHOUSING-EQ: Pending SELL order already exists for PNBHOUSING-EQ (Order ID: 251125001073992)
2025-11-25 16:19:19 | INFO | MONITOR_SLEEP | Sleeping for 20s (base=20s, consecutive_errors=0, monitoring_suspended=False)
2025-11-25 16:19:39 | INFO | SL_MISSING_DETECTED | SL order missing for BALKRISIND-EQ (retry thread will handle) | symbol=BALKRISIND-EQ | sl_price=2275.55 | retry_count=10
2025-11-25 16:19:39 | INFO | SL_CHECK | Stop-loss hit for BALKRISIND-EQ (last_ltp: 2304.8, sl: 2275.55)
2025-11-25 16:19:39 | INFO | SL_MISSING_DETECTED | SL order missing for GODREJPROP-EQ (retry thread will handle) | symbol=GODREJPROP-EQ | sl_price=2077.05 | retry_count=10
2025-11-25 16:19:39 | INFO | SL_CHECK | Stop-loss hit for GODREJPROP-EQ (last_ltp: 2094.0, sl: 2077.05)
2025-11-25 16:19:39 | INFO | SL_CHECK | Stop-loss hit for PNBHOUSING-EQ (last_ltp: 881.45, sl: 881.45)
2025-11-25 16:19:39 | INFO | BUCKET_LTP_CHECK | Checking bucket 1/3 | symbols=['IOC-EQ', 'M&M-EQ', 'UPL-EQ'] | count=3
2025-11-25 16:19:39 | INFO | BUCKET_LTP_RESULT | Bucket LTP check complete | checked=3 | skipped=0 | bucket_number=1 | total_buckets=3
2025-11-25 16:19:40 | INFO | SL_HIT | 🛑 STOP LOSS HIT | BALKRISIND-EQ | Entry: ₹2287.00 | Exit: ₹2304.80 | SL: ₹2275.55 | PnL: ₹71.20 | symbol=BALKRISIND-EQ | exit_reason=SL_HIT | entry_price=2287.0 | exit_price=2304.8 | sl_price=2275.55 | quantity=4 | pnl=71.2 | pnl_percent=0.78 | charges=33.32 | trade_id=0 | duration_seconds=7295.585724 | duration_minutes=121.6
2025-11-25 16:19:40 | INFO | EXIT_BLOCKED | Cannot exit BALKRISIND-EQ: Pending SELL order already exists for BALKRISIND-EQ (Order ID: 251125000975801)
2025-11-25 16:19:40 | INFO | SL_HIT | 🛑 STOP LOSS HIT | GODREJPROP-EQ | Entry: ₹2087.50 | Exit: ₹2094.00 | SL: ₹2077.05 | PnL: ₹26.00 | symbol=GODREJPROP-EQ | exit_reason=SL_HIT | entry_price=2087.5 | exit_price=2094.0 | sl_price=2077.05 | quantity=4 | pnl=26.0 | pnl_percent=0.31 | charges=32.5 | trade_id=0 | duration_seconds=6397.536466 | duration_minutes=106.6
2025-11-25 16:19:40 | INFO | EXIT_BLOCKED | Cannot exit GODREJPROP-EQ: Pending SELL order already exists for GODREJPROP-EQ (Order ID: 251125001055394)
2025-11-25 16:19:41 | INFO | SL_HIT | 🛑 STOP LOSS HIT | PNBHOUSING-EQ | Entry: ₹885.90 | Exit: ₹881.45 | SL: ₹881.45 | PnL: ₹-48.95 | symbol=PNBHOUSING-EQ | exit_reason=SL_HIT | entry_price=885.9 | exit_price=881.45 | sl_price=881.45 | quantity=11 | pnl=-48.95 | pnl_percent=-0.5 | charges=34.0 | trade_id=0 | duration_seconds=6392.669532 | duration_minutes=106.5
2025-11-25 16:19:41 | INFO | EXIT_BLOCKED | Cannot exit PNBHOUSING-EQ: Pending SELL order already exists for PNBHOUSING-EQ (Order ID: 251125001073992)
2025-11-25 16:19:41 | INFO | MONITOR | Paper trades checked (next in 60s)
2025-11-25 16:19:41 | INFO | MONITOR_SLEEP | Sleeping for 20s (base=20s, consecutive_errors=0, monitoring_suspended=False)
2025-11-25 16:20:01 | INFO | SL_MISSING_DETECTED | SL order missing for BALKRISIND-EQ (retry thread will handle) | symbol=BALKRISIND-EQ | sl_price=2275.55 | retry_count=10
2025-11-25 16:20:01 | INFO | SL_CHECK | Stop-loss hit for BALKRISIND-EQ (last_ltp: 2304.8, sl: 2275.55)
2025-11-25 16:20:01 | INFO | SL_MISSING_DETECTED | SL order missing for GODREJPROP-EQ (retry thread will handle) | symbol=GODREJPROP-EQ | sl_price=2077.05 | retry_count=10
2025-11-25 16:20:01 | INFO | SL_CHECK | Stop-loss hit for GODREJPROP-EQ (last_ltp: 2094.0, sl: 2077.05)
2025-11-25 16:20:01 | INFO | SL_CHECK | Stop-loss hit for PNBHOUSING-EQ (last_ltp: 881.45, sl: 881.45)
2025-11-25 16:20:01 | INFO | BUCKET_LTP_CHECK | Checking bucket 2/3 | symbols=['CHAMBLFERT-EQ', 'BALKRISIND-EQ', 'GODREJPROP-EQ'] | count=3
2025-11-25 16:20:02 | INFO | BUCKET_LTP_RESULT | Bucket LTP check complete | checked=3 | skipped=0 | bucket_number=2 | total_buckets=3
2025-11-25 16:20:02 | INFO | SL_HIT | 🛑 STOP LOSS HIT | BALKRISIND-EQ | Entry: ₹2287.00 | Exit: ₹2304.80 | SL: ₹2275.55 | PnL: ₹71.20 | symbol=BALKRISIND-EQ | exit_reason=SL_HIT | entry_price=2287.0 | exit_price=2304.8 | sl_price=2275.55 | quantity=4 | pnl=71.2 | pnl_percent=0.78 | charges=33.32 | trade_id=0 | duration_seconds=7317.797103 | duration_minutes=122.0
2025-11-25 16:20:02 | INFO | EXIT_BLOCKED | Cannot exit BALKRISIND-EQ: Pending SELL order already exists for BALKRISIND-EQ (Order ID: 251125000975801)
2025-11-25 16:20:03 | INFO | SL_HIT | 🛑 STOP LOSS HIT | GODREJPROP-EQ | Entry: ₹2087.50 | Exit: ₹2094.00 | SL: ₹2077.05 | PnL: ₹26.00 | symbol=GODREJPROP-EQ | exit_reason=SL_HIT | entry_price=2087.5 | exit_price=2094.0 | sl_price=2077.05 | quantity=4 | pnl=26.0 | pnl_percent=0.31 | charges=32.5 | trade_id=0 | duration_seconds=6419.752134 | duration_minutes=107.0
2025-11-25 16:20:03 | INFO | EXIT_BLOCKED | Cannot exit GODREJPROP-EQ: Pending SELL order already exists for GODREJPROP-EQ (Order ID: 251125001055394)
2025-11-25 16:20:03 | INFO | SL_HIT | 🛑 STOP LOSS HIT | PNBHOUSING-EQ | Entry: ₹885.90 | Exit: ₹881.45 | SL: ₹881.45 | PnL: ₹-48.95 | symbol=PNBHOUSING-EQ | exit_reason=SL_HIT | entry_price=885.9 | exit_price=881.45 | sl_price=881.45 | quantity=11 | pnl=-48.95 | pnl_percent=-0.5 | charges=34.0 | trade_id=0 | duration_seconds=6414.885837 | duration_minutes=106.9
2025-11-25 16:20:03 | INFO | EXIT_BLOCKED | Cannot exit PNBHOUSING-EQ: Pending SELL order already exists for PNBHOUSING-EQ (Order ID: 251125001073992)
2025-11-25 16:20:03 | INFO | MONITOR_SLEEP | Sleeping for 20s (base=20s, consecutive_errors=0, monitoring_suspended=False)
2025-11-25 16:20:23 | INFO | SL_MISSING_DETECTED | SL order missing for BALKRISIND-EQ (retry thread will handle) | symbol=BALKRISIND-EQ | sl_price=2275.55 | retry_count=10
2025-11-25 16:20:23 | INFO | SL_CHECK | Stop-loss hit for BALKRISIND-EQ (last_ltp: 2304.8, sl: 2275.55)
2025-11-25 16:20:23 | INFO | SL_MISSING_DETECTED | SL order missing for GODREJPROP-EQ (retry thread will handle) | symbol=GODREJPROP-EQ | sl_price=2077.05 | retry_count=10
2025-11-25 16:20:23 | INFO | SL_CHECK | Stop-loss hit for GODREJPROP-EQ (last_ltp: 2094.0, sl: 2077.05)
2025-11-25 16:20:23 | INFO | SL_CHECK | Stop-loss hit for PNBHOUSING-EQ (last_ltp: 881.45, sl: 881.45)
2025-11-25 16:20:23 | INFO | BUCKET_LTP_CHECK | Checking bucket 0/3 | symbols=['PNBHOUSING-EQ'] | count=1
2025-11-25 16:20:23 | INFO | BUCKET_LTP_RESULT | Bucket LTP check complete | checked=1 | skipped=0 | bucket_number=0 | total_buckets=3
2025-11-25 16:20:24 | INFO | SL_HIT | 🛑 STOP LOSS HIT | BALKRISIND-EQ | Entry: ₹2287.00 | Exit: ₹2304.80 | SL: ₹2275.55 | PnL: ₹71.20 | symbol=BALKRISIND-EQ | exit_reason=SL_HIT | entry_price=2287.0 | exit_price=2304.8 | sl_price=2275.55 | quantity=4 | pnl=71.2 | pnl_percent=0.78 | charges=33.32 | trade_id=0 | duration_seconds=7339.130812 | duration_minutes=122.3
2025-11-25 16:20:24 | INFO | EXIT_BLOCKED | Cannot exit BALKRISIND-EQ: Pending SELL order already exists for BALKRISIND-EQ (Order ID: 251125000975801)
2025-11-25 16:20:24 | INFO | SL_HIT | 🛑 STOP LOSS HIT | GODREJPROP-EQ | Entry: ₹2087.50 | Exit: ₹2094.00 | SL: ₹2077.05 | PnL: ₹26.00 | symbol=GODREJPROP-EQ | exit_reason=SL_HIT | entry_price=2087.5 | exit_price=2094.0 | sl_price=2077.05 | quantity=4 | pnl=26.0 | pnl_percent=0.31 | charges=32.5 | trade_id=0 | duration_seconds=6441.081499 | duration_minutes=107.4
2025-11-25 16:20:24 | INFO | EXIT_BLOCKED | Cannot exit GODREJPROP-EQ: Pending SELL order already exists for GODREJPROP-EQ (Order ID: 251125001055394)
2025-11-25 16:20:24 | INFO | SL_HIT | 🛑 STOP LOSS HIT | PNBHOUSING-EQ | Entry: ₹885.90 | Exit: ₹881.45 | SL: ₹881.45 | PnL: ₹-48.95 | symbol=PNBHOUSING-EQ | exit_reason=SL_HIT | entry_price=885.9 | exit_price=881.45 | sl_price=881.45 | quantity=11 | pnl=-48.95 | pnl_percent=-0.5 | charges=34.0 | trade_id=0 | duration_seconds=6436.214605 | duration_minutes=107.3
2025-11-25 16:20:24 | INFO | EXIT_BLOCKED | Cannot exit PNBHOUSING-EQ: Pending SELL order already exists for PNBHOUSING-EQ (Order ID: 251125001073992)
2025-11-25 16:20:24 | INFO | MONITOR_SLEEP | Sleeping for 20s (base=20s, consecutive_errors=0, monitoring_suspended=False)
2025-11-25 16:20:44 | INFO | SL_MISSING_DETECTED | SL order missing for BALKRISIND-EQ (retry thread will handle) | symbol=BALKRISIND-EQ | sl_price=2275.55 | retry_count=10
2025-11-25 16:20:44 | INFO | SL_CHECK | Stop-loss hit for BALKRISIND-EQ (last_ltp: 2304.8, sl: 2275.55)
2025-11-25 16:20:44 | INFO | SL_MISSING_DETECTED | SL order missing for GODREJPROP-EQ (retry thread will handle) | symbol=GODREJPROP-EQ | sl_price=2077.05 | retry_count=10
2025-11-25 16:20:44 | INFO | SL_CHECK | Stop-loss hit for GODREJPROP-EQ (last_ltp: 2094.0, sl: 2077.05)
2025-11-25 16:20:44 | INFO | SL_CHECK | Stop-loss hit for PNBHOUSING-EQ (last_ltp: 881.45, sl: 881.45)
2025-11-25 16:20:44 | INFO | BUCKET_LTP_CHECK | Checking bucket 1/3 | symbols=['IOC-EQ', 'M&M-EQ', 'UPL-EQ'] | count=3
2025-11-25 16:20:45 | INFO | BUCKET_LTP_RESULT | Bucket LTP check complete | checked=3 | skipped=0 | bucket_number=1 | total_buckets=3
2025-11-25 16:20:46 | INFO | SL_HIT | 🛑 STOP LOSS HIT | BALKRISIND-EQ | Entry: ₹2287.00 | Exit: ₹2304.80 | SL: ₹2275.55 | PnL: ₹71.20 | symbol=BALKRISIND-EQ | exit_reason=SL_HIT | entry_price=2287.0 | exit_price=2304.8 | sl_price=2275.55 | quantity=4 | pnl=71.2 | pnl_percent=0.78 | charges=33.32 | trade_id=0 | duration_seconds=7361.013222 | duration_minutes=122.7
2025-11-25 16:20:46 | INFO | EXIT_BLOCKED | Cannot exit BALKRISIND-EQ: Pending SELL order already exists for BALKRISIND-EQ (Order ID: 251125000975801)
2025-11-25 16:20:46 | INFO | SL_HIT | 🛑 STOP LOSS HIT | GODREJPROP-EQ | Entry: ₹2087.50 | Exit: ₹2094.00 | SL: ₹2077.05 | PnL: ₹26.00 | symbol=GODREJPROP-EQ | exit_reason=SL_HIT | entry_price=2087.5 | exit_price=2094.0 | sl_price=2077.05 | quantity=4 | pnl=26.0 | pnl_percent=0.31 | charges=32.5 | trade_id=0 | duration_seconds=6462.963973 | duration_minutes=107.7
2025-11-25 16:20:46 | INFO | EXIT_BLOCKED | Cannot exit GODREJPROP-EQ: Pending SELL order already exists for GODREJPROP-EQ (Order ID: 251125001055394)
2025-11-25 16:20:46 | INFO | SL_HIT | 🛑 STOP LOSS HIT | PNBHOUSING-EQ | Entry: ₹885.90 | Exit: ₹881.45 | SL: ₹881.45 | PnL: ₹-48.95 | symbol=PNBHOUSING-EQ | exit_reason=SL_HIT | entry_price=885.9 | exit_price=881.45 | sl_price=881.45 | quantity=11 | pnl=-48.95 | pnl_percent=-0.5 | charges=34.0 | trade_id=0 | duration_seconds=6458.097004 | duration_minutes=107.6
2025-11-25 16:20:46 | INFO | EXIT_BLOCKED | Cannot exit PNBHOUSING-EQ: Pending SELL order already exists for PNBHOUSING-EQ (Order ID: 251125001073992)
2025-11-25 16:20:46 | INFO | MONITOR | Paper trades checked (next in 60s)
2025-11-25 16:20:46 | INFO | MONITOR_SLEEP | Sleeping for 20s (base=20s, consecutive_errors=0, monitoring_suspended=False)
2025-11-25 16:21:06 | INFO | SL_MISSING_DETECTED | SL order missing for BALKRISIND-EQ (retry thread will handle) | symbol=BALKRISIND-EQ | sl_price=2275.55 | retry_count=10
2025-11-25 16:21:06 | INFO | SL_CHECK | Stop-loss hit for BALKRISIND-EQ (last_ltp: 2304.8, sl: 2275.55)
2025-11-25 16:21:06 | INFO | SL_MISSING_DETECTED | SL order missing for GODREJPROP-EQ (retry thread will handle) | symbol=GODREJPROP-EQ | sl_price=2077.05 | retry_count=10
2025-11-25 16:21:06 | INFO | SL_CHECK | Stop-loss hit for GODREJPROP-EQ (last_ltp: 2094.0, sl: 2077.05)
2025-11-25 16:21:06 | INFO | SL_CHECK | Stop-loss hit for PNBHOUSING-EQ (last_ltp: 881.45, sl: 881.45)
2025-11-25 16:21:06 | INFO | BUCKET_LTP_CHECK | Checking bucket 2/3 | symbols=['CHAMBLFERT-EQ', 'BALKRISIND-EQ', 'GODREJPROP-EQ'] | count=3
2025-11-25 16:21:07 | INFO | BUCKET_LTP_RESULT | Bucket LTP check complete | checked=3 | skipped=0 | bucket_number=2 | total_buckets=3
2025-11-25 16:21:08 | INFO | SL_HIT | 🛑 STOP LOSS HIT | BALKRISIND-EQ | Entry: ₹2287.00 | Exit: ₹2304.80 | SL: ₹2275.55 | PnL: ₹71.20 | symbol=BALKRISIND-EQ | exit_reason=SL_HIT | entry_price=2287.0 | exit_price=2304.8 | sl_price=2275.55 | quantity=4 | pnl=71.2 | pnl_percent=0.78 | charges=33.32 | trade_id=0 | duration_seconds=7382.939836 | duration_minutes=123.0
2025-11-25 16:21:08 | INFO | EXIT_BLOCKED | Cannot exit BALKRISIND-EQ: Pending SELL order already exists for BALKRISIND-EQ (Order ID: 251125000975801)
2025-11-25 16:21:08 | INFO | SL_HIT | 🛑 STOP LOSS HIT | GODREJPROP-EQ | Entry: ₹2087.50 | Exit: ₹2094.00 | SL: ₹2077.05 | PnL: ₹26.00 | symbol=GODREJPROP-EQ | exit_reason=SL_HIT | entry_price=2087.5 | exit_price=2094.0 | sl_price=2077.05 | quantity=4 | pnl=26.0 | pnl_percent=0.31 | charges=32.5 | trade_id=0 | duration_seconds=6484.890621 | duration_minutes=108.1
2025-11-25 16:21:08 | INFO | EXIT_BLOCKED | Cannot exit GODREJPROP-EQ: Pending SELL order already exists for GODREJPROP-EQ (Order ID: 251125001055394)
2025-11-25 16:21:08 | INFO | SL_HIT | 🛑 STOP LOSS HIT | PNBHOUSING-EQ | Entry: ₹885.90 | Exit: ₹881.45 | SL: ₹881.45 | PnL: ₹-48.95 | symbol=PNBHOUSING-EQ | exit_reason=SL_HIT | entry_price=885.9 | exit_price=881.45 | sl_price=881.45 | quantity=11 | pnl=-48.95 | pnl_percent=-0.5 | charges=34.0 | trade_id=0 | duration_seconds=6480.02509 | duration_minutes=108.0
2025-11-25 16:21:08 | INFO | EXIT_BLOCKED | Cannot exit PNBHOUSING-EQ: Pending SELL order already exists for PNBHOUSING-EQ (Order ID: 251125001073992)
2025-11-25 16:21:08 | INFO | MONITOR_SLEEP | Sleeping for 20s (base=20s, consecutive_errors=0, monitoring_suspended=False)
2025-11-25 16:21:28 | INFO | SL_MISSING_DETECTED | SL order missing for BALKRISIND-EQ (retry thread will handle) | symbol=BALKRISIND-EQ | sl_price=2275.55 | retry_count=10
2025-11-25 16:21:28 | INFO | SL_CHECK | Stop-loss hit for BALKRISIND-EQ (last_ltp: 2304.8, sl: 2275.55)
2025-11-25 16:21:28 | INFO | SL_MISSING_DETECTED | SL order missing for GODREJPROP-EQ (retry thread will handle) | symbol=GODREJPROP-EQ | sl_price=2077.05 | retry_count=10
2025-11-25 16:21:28 | INFO | SL_CHECK | Stop-loss hit for GODREJPROP-EQ (last_ltp: 2094.0, sl: 2077.05)
2025-11-25 16:21:28 | INFO | SL_CHECK | Stop-loss hit for PNBHOUSING-EQ (last_ltp: 881.45, sl: 881.45)
2025-11-25 16:21:28 | INFO | BUCKET_LTP_CHECK | Checking bucket 0/3 | symbols=['PNBHOUSING-EQ'] | count=1
2025-11-25 16:21:28 | INFO | BUCKET_LTP_RESULT | Bucket LTP check complete | checked=1 | skipped=0 | bucket_number=0 | total_buckets=3
2025-11-25 16:21:29 | INFO | SL_HIT | 🛑 STOP LOSS HIT | BALKRISIND-EQ | Entry: ₹2287.00 | Exit: ₹2304.80 | SL: ₹2275.55 | PnL: ₹71.20 | symbol=BALKRISIND-EQ | exit_reason=SL_HIT | entry_price=2287.0 | exit_price=2304.8 | sl_price=2275.55 | quantity=4 | pnl=71.2 | pnl_percent=0.78 | charges=33.32 | trade_id=0 | duration_seconds=7404.270787 | duration_minutes=123.4
2025-11-25 16:21:29 | INFO | EXIT_BLOCKED | Cannot exit BALKRISIND-EQ: Pending SELL order already exists for BALKRISIND-EQ (Order ID: 251125000975801)
2025-11-25 16:21:29 | INFO | SL_HIT | 🛑 STOP LOSS HIT | GODREJPROP-EQ | Entry: ₹2087.50 | Exit: ₹2094.00 | SL: ₹2077.05 | PnL: ₹26.00 | symbol=GODREJPROP-EQ | exit_reason=SL_HIT | entry_price=2087.5 | exit_price=2094.0 | sl_price=2077.05 | quantity=4 | pnl=26.0 | pnl_percent=0.31 | charges=32.5 | trade_id=0 | duration_seconds=6506.221525 | duration_minutes=108.4
2025-11-25 16:21:29 | INFO | EXIT_BLOCKED | Cannot exit GODREJPROP-EQ: Pending SELL order already exists for GODREJPROP-EQ (Order ID: 251125001055394)
2025-11-25 16:21:29 | INFO | SL_HIT | 🛑 STOP LOSS HIT | PNBHOUSING-EQ | Entry: ₹885.90 | Exit: ₹881.45 | SL: ₹881.45 | PnL: ₹-48.95 | symbol=PNBHOUSING-EQ | exit_reason=SL_HIT | entry_price=885.9 | exit_price=881.45 | sl_price=881.45 | quantity=11 | pnl=-48.95 | pnl_percent=-0.5 | charges=34.0 | trade_id=0 | duration_seconds=6501.354582 | duration_minutes=108.4
2025-11-25 16:21:29 | INFO | EXIT_BLOCKED | Cannot exit PNBHOUSING-EQ: Pending SELL order already exists for PNBHOUSING-EQ (Order ID: 251125001073992)
2025-11-25 16:21:29 | INFO | MONITOR_SLEEP | Sleeping for 20s (base=20s, consecutive_errors=0, monitoring_suspended=False)
2025-11-25 16:21:49 | INFO | SL_MISSING_DETECTED | SL order missing for BALKRISIND-EQ (retry thread will handle) | symbol=BALKRISIND-EQ | sl_price=2275.55 | retry_count=10
2025-11-25 16:21:49 | INFO | SL_CHECK | Stop-loss hit for BALKRISIND-EQ (last_ltp: 2304.8, sl: 2275.55)
2025-11-25 16:21:49 | INFO | SL_MISSING_DETECTED | SL order missing for GODREJPROP-EQ (retry thread will handle) | symbol=GODREJPROP-EQ | sl_price=2077.05 | retry_count=10
2025-11-25 16:21:49 | INFO | SL_CHECK | Stop-loss hit for GODREJPROP-EQ (last_ltp: 2094.0, sl: 2077.05)
2025-11-25 16:21:49 | INFO | SL_CHECK | Stop-loss hit for PNBHOUSING-EQ (last_ltp: 881.45, sl: 881.45)
2025-11-25 16:21:49 | INFO | BUCKET_LTP_CHECK | Checking bucket 1/3 | symbols=['IOC-EQ', 'M&M-EQ', 'UPL-EQ'] | count=3
2025-11-25 16:21:50 | INFO | BUCKET_LTP_RESULT | Bucket LTP check complete | checked=3 | skipped=0 | bucket_number=1 | total_buckets=3
2025-11-25 16:21:51 | INFO | SL_HIT | 🛑 STOP LOSS HIT | BALKRISIND-EQ | Entry: ₹2287.00 | Exit: ₹2304.80 | SL: ₹2275.55 | PnL: ₹71.20 | symbol=BALKRISIND-EQ | exit_reason=SL_HIT | entry_price=2287.0 | exit_price=2304.8 | sl_price=2275.55 | quantity=4 | pnl=71.2 | pnl_percent=0.78 | charges=33.32 | trade_id=0 | duration_seconds=7426.142737 | duration_minutes=123.8
2025-11-25 16:21:51 | INFO | EXIT_BLOCKED | Cannot exit BALKRISIND-EQ: Pending SELL order already exists for BALKRISIND-EQ (Order ID: 251125000975801)
2025-11-25 16:21:51 | INFO | SL_HIT | 🛑 STOP LOSS HIT | GODREJPROP-EQ | Entry: ₹2087.50 | Exit: ₹2094.00 | SL: ₹2077.05 | PnL: ₹26.00 | symbol=GODREJPROP-EQ | exit_reason=SL_HIT | entry_price=2087.5 | exit_price=2094.0 | sl_price=2077.05 | quantity=4 | pnl=26.0 | pnl_percent=0.31 | charges=32.5 | trade_id=0 | duration_seconds=6528.094781 | duration_minutes=108.8
2025-11-25 16:21:51 | INFO | EXIT_BLOCKED | Cannot exit GODREJPROP-EQ: Pending SELL order already exists for GODREJPROP-EQ (Order ID: 251125001055394)
2025-11-25 16:21:51 | INFO | SL_HIT | 🛑 STOP LOSS HIT | PNBHOUSING-EQ | Entry: ₹885.90 | Exit: ₹881.45 | SL: ₹881.45 | PnL: ₹-48.95 | symbol=PNBHOUSING-EQ | exit_reason=SL_HIT | entry_price=885.9 | exit_price=881.45 | sl_price=881.45 | quantity=11 | pnl=-48.95 | pnl_percent=-0.5 | charges=34.0 | trade_id=0 | duration_seconds=6523.228997 | duration_minutes=108.7
2025-11-25 16:21:51 | INFO | EXIT_BLOCKED | Cannot exit PNBHOUSING-EQ: Pending SELL order already exists for PNBHOUSING-EQ (Order ID: 251125001073992)
2025-11-25 16:21:51 | INFO | MONITOR | Paper trades checked (next in 60s)
2025-11-25 16:21:51 | INFO | MONITOR_SLEEP | Sleeping for 20s (base=20s, consecutive_errors=0, monitoring_suspended=False)
2025-11-25 16:22:11 | INFO | SL_MISSING_DETECTED | SL order missing for BALKRISIND-EQ (retry thread will handle) | symbol=BALKRISIND-EQ | sl_price=2275.55 | retry_count=10
2025-11-25 16:22:11 | INFO | SL_CHECK | Stop-loss hit for BALKRISIND-EQ (last_ltp: 2304.8, sl: 2275.55)
2025-11-25 16:22:11 | INFO | SL_MISSING_DETECTED | SL order missing for GODREJPROP-EQ (retry thread will handle) | symbol=GODREJPROP-EQ | sl_price=2077.05 | retry_count=10
2025-11-25 16:22:11 | INFO | SL_CHECK | Stop-loss hit for GODREJPROP-EQ (last_ltp: 2094.0, sl: 2077.05)
2025-11-25 16:22:11 | INFO | SL_CHECK | Stop-loss hit for PNBHOUSING-EQ (last_ltp: 881.45, sl: 881.45)
2025-11-25 16:22:11 | INFO | BUCKET_LTP_CHECK | Checking bucket 2/3 | symbols=['CHAMBLFERT-EQ', 'BALKRISIND-EQ', 'GODREJPROP-EQ'] | count=3
2025-11-25 16:22:12 | INFO | BUCKET_LTP_RESULT | Bucket LTP check complete | checked=3 | skipped=0 | bucket_number=2 | total_buckets=3
2025-11-25 16:22:13 | INFO | SL_HIT | 🛑 STOP LOSS HIT | BALKRISIND-EQ | Entry: ₹2287.00 | Exit: ₹2304.80 | SL: ₹2275.55 | PnL: ₹71.20 | symbol=BALKRISIND-EQ | exit_reason=SL_HIT | entry_price=2287.0 | exit_price=2304.8 | sl_price=2275.55 | quantity=4 | pnl=71.2 | pnl_percent=0.78 | charges=33.32 | trade_id=0 | duration_seconds=7447.99253 | duration_minutes=124.1
2025-11-25 16:22:13 | INFO | EXIT_BLOCKED | Cannot exit BALKRISIND-EQ: Pending SELL order already exists for BALKRISIND-EQ (Order ID: 251125000975801)
2025-11-25 16:22:13 | INFO | SL_HIT | 🛑 STOP LOSS HIT | GODREJPROP-EQ | Entry: ₹2087.50 | Exit: ₹2094.00 | SL: ₹2077.05 | PnL: ₹26.00 | symbol=GODREJPROP-EQ | exit_reason=SL_HIT | entry_price=2087.5 | exit_price=2094.0 | sl_price=2077.05 | quantity=4 | pnl=26.0 | pnl_percent=0.31 | charges=32.5 | trade_id=0 | duration_seconds=6549.943371 | duration_minutes=109.2
2025-11-25 16:22:13 | INFO | EXIT_BLOCKED | Cannot exit GODREJPROP-EQ: Pending SELL order already exists for GODREJPROP-EQ (Order ID: 251125001055394)
2025-11-25 16:22:13 | INFO | SL_HIT | 🛑 STOP LOSS HIT | PNBHOUSING-EQ | Entry: ₹885.90 | Exit: ₹881.45 | SL: ₹881.45 | PnL: ₹-48.95 | symbol=PNBHOUSING-EQ | exit_reason=SL_HIT | entry_price=885.9 | exit_price=881.45 | sl_price=881.45 | quantity=11 | pnl=-48.95 | pnl_percent=-0.5 | charges=34.0 | trade_id=0 | duration_seconds=6545.076468 | duration_minutes=109.1
2025-11-25 16:22:13 | INFO | EXIT_BLOCKED | Cannot exit PNBHOUSING-EQ: Pending SELL order already exists for PNBHOUSING-EQ (Order ID: 251125001073992)
2025-11-25 16:22:13 | INFO | MONITOR_SLEEP | Sleeping for 20s (base=20s, consecutive_errors=0, monitoring_suspended=False)
2025-11-25 16:22:33 | INFO | SL_MISSING_DETECTED | SL order missing for BALKRISIND-EQ (retry thread will handle) | symbol=BALKRISIND-EQ | sl_price=2275.55 | retry_count=10
2025-11-25 16:22:33 | INFO | SL_CHECK | Stop-loss hit for BALKRISIND-EQ (last_ltp: 2304.8, sl: 2275.55)
2025-11-25 16:22:33 | INFO | SL_MISSING_DETECTED | SL order missing for GODREJPROP-EQ (retry thread will handle) | symbol=GODREJPROP-EQ | sl_price=2077.05 | retry_count=10
2025-11-25 16:22:33 | INFO | SL_CHECK | Stop-loss hit for GODREJPROP-EQ (last_ltp: 2094.0, sl: 2077.05)
2025-11-25 16:22:33 | INFO | SL_CHECK | Stop-loss hit for PNBHOUSING-EQ (last_ltp: 881.45, sl: 881.45)
2025-11-25 16:22:33 | INFO | BUCKET_LTP_CHECK | Checking bucket 0/3 | symbols=['PNBHOUSING-EQ'] | count=1
2025-11-25 16:22:33 | INFO | BUCKET_LTP_RESULT | Bucket LTP check complete | checked=1 | skipped=0 | bucket_number=0 | total_buckets=3
2025-11-25 16:22:34 | INFO | SL_HIT | 🛑 STOP LOSS HIT | BALKRISIND-EQ | Entry: ₹2287.00 | Exit: ₹2304.80 | SL: ₹2275.55 | PnL: ₹71.20 | symbol=BALKRISIND-EQ | exit_reason=SL_HIT | entry_price=2287.0 | exit_price=2304.8 | sl_price=2275.55 | quantity=4 | pnl=71.2 | pnl_percent=0.78 | charges=33.32 | trade_id=0 | duration_seconds=7469.315081 | duration_minutes=124.5
2025-11-25 16:22:34 | INFO | EXIT_BLOCKED | Cannot exit BALKRISIND-EQ: Pending SELL order already exists for BALKRISIND-EQ (Order ID: 251125000975801)
2025-11-25 16:22:34 | INFO | SL_HIT | 🛑 STOP LOSS HIT | GODREJPROP-EQ | Entry: ₹2087.50 | Exit: ₹2094.00 | SL: ₹2077.05 | PnL: ₹26.00 | symbol=GODREJPROP-EQ | exit_reason=SL_HIT | entry_price=2087.5 | exit_price=2094.0 | sl_price=2077.05 | quantity=4 | pnl=26.0 | pnl_percent=0.31 | charges=32.5 | trade_id=0 | duration_seconds=6571.267557 | duration_minutes=109.5
2025-11-25 16:22:34 | INFO | EXIT_BLOCKED | Cannot exit GODREJPROP-EQ: Pending SELL order already exists for GODREJPROP-EQ (Order ID: 251125001055394)
2025-11-25 16:22:34 | INFO | SL_HIT | 🛑 STOP LOSS HIT | PNBHOUSING-EQ | Entry: ₹885.90 | Exit: ₹881.45 | SL: ₹881.45 | PnL: ₹-48.95 | symbol=PNBHOUSING-EQ | exit_reason=SL_HIT | entry_price=885.9 | exit_price=881.45 | sl_price=881.45 | quantity=11 | pnl=-48.95 | pnl_percent=-0.5 | charges=34.0 | trade_id=0 | duration_seconds=6566.402694 | duration_minutes=109.4
2025-11-25 16:22:34 | INFO | EXIT_BLOCKED | Cannot exit PNBHOUSING-EQ: Pending SELL order already exists for PNBHOUSING-EQ (Order ID: 251125001073992)
2025-11-25 16:22:34 | INFO | MONITOR_SLEEP | Sleeping for 20s (base=20s, consecutive_errors=0, monitoring_suspended=False)
2025-11-25 16:22:54 | INFO | SL_MISSING_DETECTED | SL order missing for BALKRISIND-EQ (retry thread will handle) | symbol=BALKRISIND-EQ | sl_price=2275.55 | retry_count=10
2025-11-25 16:22:54 | INFO | SL_CHECK | Stop-loss hit for BALKRISIND-EQ (last_ltp: 2304.8, sl: 2275.55)
2025-11-25 16:22:54 | INFO | SL_MISSING_DETECTED | SL order missing for GODREJPROP-EQ (retry thread will handle) | symbol=GODREJPROP-EQ | sl_price=2077.05 | retry_count=10
2025-11-25 16:22:54 | INFO | SL_CHECK | Stop-loss hit for GODREJPROP-EQ (last_ltp: 2094.0, sl: 2077.05)
2025-11-25 16:22:54 | INFO | SL_CHECK | Stop-loss hit for PNBHOUSING-EQ (last_ltp: 881.45, sl: 881.45)
2025-11-25 16:22:54 | INFO | BUCKET_LTP_CHECK | Checking bucket 1/3 | symbols=['IOC-EQ', 'M&M-EQ', 'UPL-EQ'] | count=3
2025-11-25 16:22:55 | INFO | BUCKET_LTP_RESULT | Bucket LTP check complete | checked=3 | skipped=0 | bucket_number=1 | total_buckets=3
2025-11-25 16:22:56 | INFO | SL_HIT | 🛑 STOP LOSS HIT | BALKRISIND-EQ | Entry: ₹2287.00 | Exit: ₹2304.80 | SL: ₹2275.55 | PnL: ₹71.20 | symbol=BALKRISIND-EQ | exit_reason=SL_HIT | entry_price=2287.0 | exit_price=2304.8 | sl_price=2275.55 | quantity=4 | pnl=71.2 | pnl_percent=0.78 | charges=33.32 | trade_id=0 | duration_seconds=7491.155446 | duration_minutes=124.9
2025-11-25 16:22:56 | INFO | EXIT_BLOCKED | Cannot exit BALKRISIND-EQ: Pending SELL order already exists for BALKRISIND-EQ (Order ID: 251125000975801)
2025-11-25 16:22:56 | INFO | SL_HIT | 🛑 STOP LOSS HIT | GODREJPROP-EQ | Entry: ₹2087.50 | Exit: ₹2094.00 | SL: ₹2077.05 | PnL: ₹26.00 | symbol=GODREJPROP-EQ | exit_reason=SL_HIT | entry_price=2087.5 | exit_price=2094.0 | sl_price=2077.05 | quantity=4 | pnl=26.0 | pnl_percent=0.31 | charges=32.5 | trade_id=0 | duration_seconds=6593.106375 | duration_minutes=109.9
2025-11-25 16:22:56 | INFO | EXIT_BLOCKED | Cannot exit GODREJPROP-EQ: Pending SELL order already exists for GODREJPROP-EQ (Order ID: 251125001055394)
2025-11-25 16:22:56 | INFO | SL_HIT | 🛑 STOP LOSS HIT | PNBHOUSING-EQ | Entry: ₹885.90 | Exit: ₹881.45 | SL: ₹881.45 | PnL: ₹-48.95 | symbol=PNBHOUSING-EQ | exit_reason=SL_HIT | entry_price=885.9 | exit_price=881.45 | sl_price=881.45 | quantity=11 | pnl=-48.95 | pnl_percent=-0.5 | charges=34.0 | trade_id=0 | duration_seconds=6588.239492 | duration_minutes=109.8
2025-11-25 16:22:56 | INFO | EXIT_BLOCKED | Cannot exit PNBHOUSING-EQ: Pending SELL order already exists for PNBHOUSING-EQ (Order ID: 251125001073992)
2025-11-25 16:22:56 | INFO | MONITOR | Paper trades checked (next in 60s)
2025-11-25 16:22:56 | INFO | MONITOR_SLEEP | Sleeping for 20s (base=20s, consecutive_errors=0, monitoring_suspended=False)
2025-11-25 16:23:16 | INFO | SL_MISSING_DETECTED | SL order missing for BALKRISIND-EQ (retry thread will handle) | symbol=BALKRISIND-EQ | sl_price=2275.55 | retry_count=10
2025-11-25 16:23:16 | INFO | SL_CHECK | Stop-loss hit for BALKRISIND-EQ (last_ltp: 2304.8, sl: 2275.55)
2025-11-25 16:23:16 | INFO | SL_MISSING_DETECTED | SL order missing for GODREJPROP-EQ (retry thread will handle) | symbol=GODREJPROP-EQ | sl_price=2077.05 | retry_count=10
2025-11-25 16:23:16 | INFO | SL_CHECK | Stop-loss hit for GODREJPROP-EQ (last_ltp: 2094.0, sl: 2077.05)
2025-11-25 16:23:16 | INFO | SL_CHECK | Stop-loss hit for PNBHOUSING-EQ (last_ltp: 881.45, sl: 881.45)
2025-11-25 16:23:16 | INFO | BUCKET_LTP_CHECK | Checking bucket 2/3 | symbols=['CHAMBLFERT-EQ', 'BALKRISIND-EQ', 'GODREJPROP-EQ'] | count=3
2025-11-25 16:23:17 | INFO | BUCKET_LTP_RESULT | Bucket LTP check complete | checked=3 | skipped=0 | bucket_number=2 | total_buckets=3
2025-11-25 16:23:18 | INFO | SL_HIT | 🛑 STOP LOSS HIT | BALKRISIND-EQ | Entry: ₹2287.00 | Exit: ₹2304.80 | SL: ₹2275.55 | PnL: ₹71.20 | symbol=BALKRISIND-EQ | exit_reason=SL_HIT | entry_price=2287.0 | exit_price=2304.8 | sl_price=2275.55 | quantity=4 | pnl=71.2 | pnl_percent=0.78 | charges=33.32 | trade_id=0 | duration_seconds=7513.012943 | duration_minutes=125.2
2025-11-25 16:23:18 | INFO | EXIT_BLOCKED | Cannot exit BALKRISIND-EQ: Pending SELL order already exists for BALKRISIND-EQ (Order ID: 251125000975801)
2025-11-25 16:23:18 | INFO | SL_HIT | 🛑 STOP LOSS HIT | GODREJPROP-EQ | Entry: ₹2087.50 | Exit: ₹2094.00 | SL: ₹2077.05 | PnL: ₹26.00 | symbol=GODREJPROP-EQ | exit_reason=SL_HIT | entry_price=2087.5 | exit_price=2094.0 | sl_price=2077.05 | quantity=4 | pnl=26.0 | pnl_percent=0.31 | charges=32.5 | trade_id=0 | duration_seconds=6614.965475 | duration_minutes=110.2
2025-11-25 16:23:18 | INFO | EXIT_BLOCKED | Cannot exit GODREJPROP-EQ: Pending SELL order already exists for GODREJPROP-EQ (Order ID: 251125001055394)
2025-11-25 16:23:18 | INFO | SL_HIT | 🛑 STOP LOSS HIT | PNBHOUSING-EQ | Entry: ₹885.90 | Exit: ₹881.45 | SL: ₹881.45 | PnL: ₹-48.95 | symbol=PNBHOUSING-EQ | exit_reason=SL_HIT | entry_price=885.9 | exit_price=881.45 | sl_price=881.45 | quantity=11 | pnl=-48.95 | pnl_percent=-0.5 | charges=34.0 | trade_id=0 | duration_seconds=6610.098488 | duration_minutes=110.2
2025-11-25 16:23:18 | INFO | EXIT_BLOCKED | Cannot exit PNBHOUSING-EQ: Pending SELL order already exists for PNBHOUSING-EQ (Order ID: 251125001073992)
2025-11-25 16:23:18 | INFO | MONITOR_SLEEP | Sleeping for 20s (base=20s, consecutive_errors=0, monitoring_suspended=False)
2025-11-25 16:23:38 | INFO | SL_MISSING_DETECTED | SL order missing for BALKRISIND-EQ (retry thread will handle) | symbol=BALKRISIND-EQ | sl_price=2275.55 | retry_count=10
2025-11-25 16:23:38 | INFO | SL_CHECK | Stop-loss hit for BALKRISIND-EQ (last_ltp: 2304.8, sl: 2275.55)
2025-11-25 16:23:38 | INFO | SL_MISSING_DETECTED | SL order missing for GODREJPROP-EQ (retry thread will handle) | symbol=GODREJPROP-EQ | sl_price=2077.05 | retry_count=10
2025-11-25 16:23:38 | INFO | SL_CHECK | Stop-loss hit for GODREJPROP-EQ (last_ltp: 2094.0, sl: 2077.05)
2025-11-25 16:23:38 | INFO | SL_CHECK | Stop-loss hit for PNBHOUSING-EQ (last_ltp: 881.45, sl: 881.45)
2025-11-25 16:23:38 | INFO | BUCKET_LTP_CHECK | Checking bucket 0/3 | symbols=['PNBHOUSING-EQ'] | count=1
2025-11-25 16:23:38 | INFO | BUCKET_LTP_RESULT | Bucket LTP check complete | checked=1 | skipped=0 | bucket_number=0 | total_buckets=3
2025-11-25 16:23:39 | INFO | SL_HIT | 🛑 STOP LOSS HIT | BALKRISIND-EQ | Entry: ₹2287.00 | Exit: ₹2304.80 | SL: ₹2275.55 | PnL: ₹71.20 | symbol=BALKRISIND-EQ | exit_reason=SL_HIT | entry_price=2287.0 | exit_price=2304.8 | sl_price=2275.55 | quantity=4 | pnl=71.2 | pnl_percent=0.78 | charges=33.32 | trade_id=0 | duration_seconds=7534.340945 | duration_minutes=125.6
2025-11-25 16:23:39 | INFO | EXIT_BLOCKED | Cannot exit BALKRISIND-EQ: Pending SELL order already exists for BALKRISIND-EQ (Order ID: 251125000975801)
2025-11-25 16:23:39 | INFO | SL_HIT | 🛑 STOP LOSS HIT | GODREJPROP-EQ | Entry: ₹2087.50 | Exit: ₹2094.00 | SL: ₹2077.05 | PnL: ₹26.00 | symbol=GODREJPROP-EQ | exit_reason=SL_HIT | entry_price=2087.5 | exit_price=2094.0 | sl_price=2077.05 | quantity=4 | pnl=26.0 | pnl_percent=0.31 | charges=32.5 | trade_id=0 | duration_seconds=6636.293994 | duration_minutes=110.6
2025-11-25 16:23:39 | INFO | EXIT_BLOCKED | Cannot exit GODREJPROP-EQ: Pending SELL order already exists for GODREJPROP-EQ (Order ID: 251125001055394)
2025-11-25 16:23:39 | INFO | SL_HIT | 🛑 STOP LOSS HIT | PNBHOUSING-EQ | Entry: ₹885.90 | Exit: ₹881.45 | SL: ₹881.45 | PnL: ₹-48.95 | symbol=PNBHOUSING-EQ | exit_reason=SL_HIT | entry_price=885.9 | exit_price=881.45 | sl_price=881.45 | quantity=11 | pnl=-48.95 | pnl_percent=-0.5 | charges=34.0 | trade_id=0 | duration_seconds=6631.428945 | duration_minutes=110.5
2025-11-25 16:23:39 | INFO | EXIT_BLOCKED | Cannot exit PNBHOUSING-EQ: Pending SELL order already exists for PNBHOUSING-EQ (Order ID: 251125001073992)
2025-11-25 16:23:39 | INFO | MONITOR_SLEEP | Sleeping for 20s (base=20s, consecutive_errors=0, monitoring_suspended=False)
2025-11-25 16:23:59 | INFO | SL_MISSING_DETECTED | SL order missing for BALKRISIND-EQ (retry thread will handle) | symbol=BALKRISIND-EQ | sl_price=2275.55 | retry_count=10
2025-11-25 16:23:59 | INFO | SL_CHECK | Stop-loss hit for BALKRISIND-EQ (last_ltp: 2304.8, sl: 2275.55)
2025-11-25 16:23:59 | INFO | SL_MISSING_DETECTED | SL order missing for GODREJPROP-EQ (retry thread will handle) | symbol=GODREJPROP-EQ | sl_price=2077.05 | retry_count=10
2025-11-25 16:23:59 | INFO | SL_CHECK | Stop-loss hit for GODREJPROP-EQ (last_ltp: 2094.0, sl: 2077.05)
2025-11-25 16:23:59 | INFO | SL_CHECK | Stop-loss hit for PNBHOUSING-EQ (last_ltp: 881.45, sl: 881.45)
2025-11-25 16:23:59 | INFO | BUCKET_LTP_CHECK | Checking bucket 1/3 | symbols=['IOC-EQ', 'M&M-EQ', 'UPL-EQ'] | count=3
2025-11-25 16:24:00 | INFO | BUCKET_LTP_RESULT | Bucket LTP check complete | checked=3 | skipped=0 | bucket_number=1 | total_buckets=3
2025-11-25 16:24:01 | INFO | SL_HIT | 🛑 STOP LOSS HIT | BALKRISIND-EQ | Entry: ₹2287.00 | Exit: ₹2304.80 | SL: ₹2275.55 | PnL: ₹71.20 | symbol=BALKRISIND-EQ | exit_reason=SL_HIT | entry_price=2287.0 | exit_price=2304.8 | sl_price=2275.55 | quantity=4 | pnl=71.2 | pnl_percent=0.78 | charges=33.32 | trade_id=0 | duration_seconds=7556.223196 | duration_minutes=125.9
2025-11-25 16:24:01 | INFO | EXIT_BLOCKED | Cannot exit BALKRISIND-EQ: Pending SELL order already exists for BALKRISIND-EQ (Order ID: 251125000975801)
2025-11-25 16:24:01 | INFO | SL_HIT | 🛑 STOP LOSS HIT | GODREJPROP-EQ | Entry: ₹2087.50 | Exit: ₹2094.00 | SL: ₹2077.05 | PnL: ₹26.00 | symbol=GODREJPROP-EQ | exit_reason=SL_HIT | entry_price=2087.5 | exit_price=2094.0 | sl_price=2077.05 | quantity=4 | pnl=26.0 | pnl_percent=0.31 | charges=32.5 | trade_id=0 | duration_seconds=6658.174134 | duration_minutes=111.0
2025-11-25 16:24:01 | INFO | EXIT_BLOCKED | Cannot exit GODREJPROP-EQ: Pending SELL order already exists for GODREJPROP-EQ (Order ID: 251125001055394)
2025-11-25 16:24:01 | INFO | SL_HIT | 🛑 STOP LOSS HIT | PNBHOUSING-EQ | Entry: ₹885.90 | Exit: ₹881.45 | SL: ₹881.45 | PnL: ₹-48.95 | symbol=PNBHOUSING-EQ | exit_reason=SL_HIT | entry_price=885.9 | exit_price=881.45 | sl_price=881.45 | quantity=11 | pnl=-48.95 | pnl_percent=-0.5 | charges=34.0 | trade_id=0 | duration_seconds=6653.307558 | duration_minutes=110.9
2025-11-25 16:24:01 | INFO | EXIT_BLOCKED | Cannot exit PNBHOUSING-EQ: Pending SELL order already exists for PNBHOUSING-EQ (Order ID: 251125001073992)
2025-11-25 16:24:01 | INFO | MONITOR | Paper trades checked (next in 60s)
2025-11-25 16:24:01 | INFO | MONITOR_SLEEP | Sleeping for 20s (base=20s, consecutive_errors=0, monitoring_suspended=False)
2025-11-25 16:24:21 | INFO | SL_MISSING_DETECTED | SL order missing for BALKRISIND-EQ (retry thread will handle) | symbol=BALKRISIND-EQ | sl_price=2275.55 | retry_count=10
2025-11-25 16:24:21 | INFO | SL_CHECK | Stop-loss hit for BALKRISIND-EQ (last_ltp: 2304.8, sl: 2275.55)
2025-11-25 16:24:21 | INFO | SL_MISSING_DETECTED | SL order missing for GODREJPROP-EQ (retry thread will handle) | symbol=GODREJPROP-EQ | sl_price=2077.05 | retry_count=10
2025-11-25 16:24:21 | INFO | SL_CHECK | Stop-loss hit for GODREJPROP-EQ (last_ltp: 2094.0, sl: 2077.05)
2025-11-25 16:24:21 | INFO | SL_CHECK | Stop-loss hit for PNBHOUSING-EQ (last_ltp: 881.45, sl: 881.45)
2025-11-25 16:24:21 | INFO | BUCKET_LTP_CHECK | Checking bucket 2/3 | symbols=['CHAMBLFERT-EQ', 'BALKRISIND-EQ', 'GODREJPROP-EQ'] | count=3
2025-11-25 16:24:22 | INFO | BUCKET_LTP_RESULT | Bucket LTP check complete | checked=3 | skipped=0 | bucket_number=2 | total_buckets=3
2025-11-25 16:24:23 | INFO | SL_HIT | 🛑 STOP LOSS HIT | BALKRISIND-EQ | Entry: ₹2287.00 | Exit: ₹2304.80 | SL: ₹2275.55 | PnL: ₹71.20 | symbol=BALKRISIND-EQ | exit_reason=SL_HIT | entry_price=2287.0 | exit_price=2304.8 | sl_price=2275.55 | quantity=4 | pnl=71.2 | pnl_percent=0.78 | charges=33.32 | trade_id=0 | duration_seconds=7578.111835 | duration_minutes=126.3
2025-11-25 16:24:23 | INFO | EXIT_BLOCKED | Cannot exit BALKRISIND-EQ: Pending SELL order already exists for BALKRISIND-EQ (Order ID: 251125000975801)
2025-11-25 16:24:23 | INFO | SL_HIT | 🛑 STOP LOSS HIT | GODREJPROP-EQ | Entry: ₹2087.50 | Exit: ₹2094.00 | SL: ₹2077.05 | PnL: ₹26.00 | symbol=GODREJPROP-EQ | exit_reason=SL_HIT | entry_price=2087.5 | exit_price=2094.0 | sl_price=2077.05 | quantity=4 | pnl=26.0 | pnl_percent=0.31 | charges=32.5 | trade_id=0 | duration_seconds=6680.062549 | duration_minutes=111.3
2025-11-25 16:24:23 | INFO | EXIT_BLOCKED | Cannot exit GODREJPROP-EQ: Pending SELL order already exists for GODREJPROP-EQ (Order ID: 251125001055394)
2025-11-25 16:24:23 | INFO | SL_HIT | 🛑 STOP LOSS HIT | PNBHOUSING-EQ | Entry: ₹885.90 | Exit: ₹881.45 | SL: ₹881.45 | PnL: ₹-48.95 | symbol=PNBHOUSING-EQ | exit_reason=SL_HIT | entry_price=885.9 | exit_price=881.45 | sl_price=881.45 | quantity=11 | pnl=-48.95 | pnl_percent=-0.5 | charges=34.0 | trade_id=0 | duration_seconds=6675.196407 | duration_minutes=111.3
2025-11-25 16:24:23 | INFO | EXIT_BLOCKED | Cannot exit PNBHOUSING-EQ: Pending SELL order already exists for PNBHOUSING-EQ (Order ID: 251125001073992)
2025-11-25 16:24:23 | INFO | MONITOR_SLEEP | Sleeping for 20s (base=20s, consecutive_errors=0, monitoring_suspended=False)
2025-11-25 16:24:43 | INFO | SL_MISSING_DETECTED | SL order missing for BALKRISIND-EQ (retry thread will handle) | symbol=BALKRISIND-EQ | sl_price=2275.55 | retry_count=10
2025-11-25 16:24:43 | INFO | SL_CHECK | Stop-loss hit for BALKRISIND-EQ (last_ltp: 2304.8, sl: 2275.55)
2025-11-25 16:24:43 | INFO | SL_MISSING_DETECTED | SL order missing for GODREJPROP-EQ (retry thread will handle) | symbol=GODREJPROP-EQ | sl_price=2077.05 | retry_count=10
2025-11-25 16:24:43 | INFO | SL_CHECK | Stop-loss hit for GODREJPROP-EQ (last_ltp: 2094.0, sl: 2077.05)
2025-11-25 16:24:43 | INFO | SL_CHECK | Stop-loss hit for PNBHOUSING-EQ (last_ltp: 881.45, sl: 881.45)
2025-11-25 16:24:43 | INFO | BUCKET_LTP_CHECK | Checking bucket 0/3 | symbols=['PNBHOUSING-EQ'] | count=1
2025-11-25 16:24:43 | INFO | BUCKET_LTP_RESULT | Bucket LTP check complete | checked=1 | skipped=0 | bucket_number=0 | total_buckets=3
2025-11-25 16:24:44 | INFO | SL_HIT | 🛑 STOP LOSS HIT | BALKRISIND-EQ | Entry: ₹2287.00 | Exit: ₹2304.80 | SL: ₹2275.55 | PnL: ₹71.20 | symbol=BALKRISIND-EQ | exit_reason=SL_HIT | entry_price=2287.0 | exit_price=2304.8 | sl_price=2275.55 | quantity=4 | pnl=71.2 | pnl_percent=0.78 | charges=33.32 | trade_id=0 | duration_seconds=7599.445304 | duration_minutes=126.7
2025-11-25 16:24:44 | INFO | EXIT_BLOCKED | Cannot exit BALKRISIND-EQ: Pending SELL order already exists for BALKRISIND-EQ (Order ID: 251125000975801)
2025-11-25 16:24:44 | INFO | SL_HIT | 🛑 STOP LOSS HIT | GODREJPROP-EQ | Entry: ₹2087.50 | Exit: ₹2094.00 | SL: ₹2077.05 | PnL: ₹26.00 | symbol=GODREJPROP-EQ | exit_reason=SL_HIT | entry_price=2087.5 | exit_price=2094.0 | sl_price=2077.05 | quantity=4 | pnl=26.0 | pnl_percent=0.31 | charges=32.5 | trade_id=0 | duration_seconds=6701.396176 | duration_minutes=111.7
2025-11-25 16:24:44 | INFO | EXIT_BLOCKED | Cannot exit GODREJPROP-EQ: Pending SELL order already exists for GODREJPROP-EQ (Order ID: 251125001055394)
2025-11-25 16:24:44 | INFO | SL_HIT | 🛑 STOP LOSS HIT | PNBHOUSING-EQ | Entry: ₹885.90 | Exit: ₹881.45 | SL: ₹881.45 | PnL: ₹-48.95 | symbol=PNBHOUSING-EQ | exit_reason=SL_HIT | entry_price=885.9 | exit_price=881.45 | sl_price=881.45 | quantity=11 | pnl=-48.95 | pnl_percent=-0.5 | charges=34.0 | trade_id=0 | duration_seconds=6696.529639 | duration_minutes=111.6
2025-11-25 16:24:44 | INFO | EXIT_BLOCKED | Cannot exit PNBHOUSING-EQ: Pending SELL order already exists for PNBHOUSING-EQ (Order ID: 251125001073992)
2025-11-25 16:24:44 | INFO | MONITOR_SLEEP | Sleeping for 20s (base=20s, consecutive_errors=0, monitoring_suspended=False)
2025-11-25 16:25:04 | INFO | SL_MISSING_DETECTED | SL order missing for BALKRISIND-EQ (retry thread will handle) | symbol=BALKRISIND-EQ | sl_price=2275.55 | retry_count=10
2025-11-25 16:25:04 | INFO | SL_CHECK | Stop-loss hit for BALKRISIND-EQ (last_ltp: 2304.8, sl: 2275.55)
2025-11-25 16:25:04 | INFO | SL_MISSING_DETECTED | SL order missing for GODREJPROP-EQ (retry thread will handle) | symbol=GODREJPROP-EQ | sl_price=2077.05 | retry_count=10
2025-11-25 16:25:04 | INFO | SL_CHECK | Stop-loss hit for GODREJPROP-EQ (last_ltp: 2094.0, sl: 2077.05)
2025-11-25 16:25:04 | INFO | SL_CHECK | Stop-loss hit for PNBHOUSING-EQ (last_ltp: 881.45, sl: 881.45)
2025-11-25 16:25:04 | INFO | BUCKET_LTP_CHECK | Checking bucket 1/3 | symbols=['IOC-EQ', 'M&M-EQ', 'UPL-EQ'] | count=3
2025-11-25 16:25:05 | INFO | BUCKET_LTP_RESULT | Bucket LTP check complete | checked=3 | skipped=0 | bucket_number=1 | total_buckets=3
2025-11-25 16:25:06 | INFO | SL_HIT | 🛑 STOP LOSS HIT | BALKRISIND-EQ | Entry: ₹2287.00 | Exit: ₹2304.80 | SL: ₹2275.55 | PnL: ₹71.20 | symbol=BALKRISIND-EQ | exit_reason=SL_HIT | entry_price=2287.0 | exit_price=2304.8 | sl_price=2275.55 | quantity=4 | pnl=71.2 | pnl_percent=0.78 | charges=33.32 | trade_id=0 | duration_seconds=7621.367328 | duration_minutes=127.0
2025-11-25 16:25:06 | INFO | EXIT_BLOCKED | Cannot exit BALKRISIND-EQ: Pending SELL order already exists for BALKRISIND-EQ (Order ID: 251125000975801)
2025-11-25 16:25:06 | INFO | SL_HIT | 🛑 STOP LOSS HIT | GODREJPROP-EQ | Entry: ₹2087.50 | Exit: ₹2094.00 | SL: ₹2077.05 | PnL: ₹26.00 | symbol=GODREJPROP-EQ | exit_reason=SL_HIT | entry_price=2087.5 | exit_price=2094.0 | sl_price=2077.05 | quantity=4 | pnl=26.0 | pnl_percent=0.31 | charges=32.5 | trade_id=0 | duration_seconds=6723.320365 | duration_minutes=112.1
2025-11-25 16:25:06 | INFO | EXIT_BLOCKED | Cannot exit GODREJPROP-EQ: Pending SELL order already exists for GODREJPROP-EQ (Order ID: 251125001055394)
2025-11-25 16:25:06 | INFO | SL_HIT | 🛑 STOP LOSS HIT | PNBHOUSING-EQ | Entry: ₹885.90 | Exit: ₹881.45 | SL: ₹881.45 | PnL: ₹-48.95 | symbol=PNBHOUSING-EQ | exit_reason=SL_HIT | entry_price=885.9 | exit_price=881.45 | sl_price=881.45 | quantity=11 | pnl=-48.95 | pnl_percent=-0.5 | charges=34.0 | trade_id=0 | duration_seconds=6718.453469 | duration_minutes=112.0
2025-11-25 16:25:06 | INFO | EXIT_BLOCKED | Cannot exit PNBHOUSING-EQ: Pending SELL order already exists for PNBHOUSING-EQ (Order ID: 251125001073992)
2025-11-25 16:25:06 | INFO | MONITOR | Paper trades checked (next in 60s)
2025-11-25 16:25:06 | INFO | MONITOR_SLEEP | Sleeping for 20s (base=20s, consecutive_errors=0, monitoring_suspended=False)
2025-11-25 16:25:26 | INFO | SL_MISSING_DETECTED | SL order missing for BALKRISIND-EQ (retry thread will handle) | symbol=BALKRISIND-EQ | sl_price=2275.55 | retry_count=10
2025-11-25 16:25:26 | INFO | SL_CHECK | Stop-loss hit for BALKRISIND-EQ (last_ltp: 2304.8, sl: 2275.55)
2025-11-25 16:25:26 | INFO | SL_MISSING_DETECTED | SL order missing for GODREJPROP-EQ (retry thread will handle) | symbol=GODREJPROP-EQ | sl_price=2077.05 | retry_count=10
2025-11-25 16:25:26 | INFO | SL_CHECK | Stop-loss hit for GODREJPROP-EQ (last_ltp: 2094.0, sl: 2077.05)
2025-11-25 16:25:26 | INFO | SL_CHECK | Stop-loss hit for PNBHOUSING-EQ (last_ltp: 881.45, sl: 881.45)
2025-11-25 16:25:26 | INFO | BUCKET_LTP_CHECK | Checking bucket 2/3 | symbols=['CHAMBLFERT-EQ', 'BALKRISIND-EQ', 'GODREJPROP-EQ'] | count=3
2025-11-25 16:25:27 | INFO | BUCKET_LTP_RESULT | Bucket LTP check complete | checked=3 | skipped=0 | bucket_number=2 | total_buckets=3
2025-11-25 16:25:28 | INFO | SL_HIT | 🛑 STOP LOSS HIT | BALKRISIND-EQ | Entry: ₹2287.00 | Exit: ₹2304.80 | SL: ₹2275.55 | PnL: ₹71.20 | symbol=BALKRISIND-EQ | exit_reason=SL_HIT | entry_price=2287.0 | exit_price=2304.8 | sl_price=2275.55 | quantity=4 | pnl=71.2 | pnl_percent=0.78 | charges=33.32 | trade_id=0 | duration_seconds=7643.263126 | duration_minutes=127.4
2025-11-25 16:25:28 | INFO | EXIT_BLOCKED | Cannot exit BALKRISIND-EQ: Pending SELL order already exists for BALKRISIND-EQ (Order ID: 251125000975801)
2025-11-25 16:25:28 | INFO | SL_HIT | 🛑 STOP LOSS HIT | GODREJPROP-EQ | Entry: ₹2087.50 | Exit: ₹2094.00 | SL: ₹2077.05 | PnL: ₹26.00 | symbol=GODREJPROP-EQ | exit_reason=SL_HIT | entry_price=2087.5 | exit_price=2094.0 | sl_price=2077.05 | quantity=4 | pnl=26.0 | pnl_percent=0.31 | charges=32.5 | trade_id=0 | duration_seconds=6745.213897 | duration_minutes=112.4
2025-11-25 16:25:28 | INFO | EXIT_BLOCKED | Cannot exit GODREJPROP-EQ: Pending SELL order already exists for GODREJPROP-EQ (Order ID: 251125001055394)
2025-11-25 16:25:28 | INFO | SL_HIT | 🛑 STOP LOSS HIT | PNBHOUSING-EQ | Entry: ₹885.90 | Exit: ₹881.45 | SL: ₹881.45 | PnL: ₹-48.95 | symbol=PNBHOUSING-EQ | exit_reason=SL_HIT | entry_price=885.9 | exit_price=881.45 | sl_price=881.45 | quantity=11 | pnl=-48.95 | pnl_percent=-0.5 | charges=34.0 | trade_id=0 | duration_seconds=6740.347318 | duration_minutes=112.3
2025-11-25 16:25:28 | INFO | EXIT_BLOCKED | Cannot exit PNBHOUSING-EQ: Pending SELL order already exists for PNBHOUSING-EQ (Order ID: 251125001073992)
2025-11-25 16:25:28 | INFO | MONITOR_SLEEP | Sleeping for 20s (base=20s, consecutive_errors=0, monitoring_suspended=False)
2025-11-25 16:25:48 | INFO | SL_MISSING_DETECTED | SL order missing for BALKRISIND-EQ (retry thread will handle) | symbol=BALKRISIND-EQ | sl_price=2275.55 | retry_count=10
2025-11-25 16:25:48 | INFO | SL_CHECK | Stop-loss hit for BALKRISIND-EQ (last_ltp: 2304.8, sl: 2275.55)
2025-11-25 16:25:48 | INFO | SL_MISSING_DETECTED | SL order missing for GODREJPROP-EQ (retry thread will handle) | symbol=GODREJPROP-EQ | sl_price=2077.05 | retry_count=10
2025-11-25 16:25:48 | INFO | SL_CHECK | Stop-loss hit for GODREJPROP-EQ (last_ltp: 2094.0, sl: 2077.05)
2025-11-25 16:25:48 | INFO | SL_CHECK | Stop-loss hit for PNBHOUSING-EQ (last_ltp: 881.45, sl: 881.45)
2025-11-25 16:25:48 | INFO | BUCKET_LTP_CHECK | Checking bucket 0/3 | symbols=['PNBHOUSING-EQ'] | count=1
2025-11-25 16:25:48 | INFO | BUCKET_LTP_RESULT | Bucket LTP check complete | checked=1 | skipped=0 | bucket_number=0 | total_buckets=3
2025-11-25 16:25:49 | INFO | SL_HIT | 🛑 STOP LOSS HIT | BALKRISIND-EQ | Entry: ₹2287.00 | Exit: ₹2304.80 | SL: ₹2275.55 | PnL: ₹71.20 | symbol=BALKRISIND-EQ | exit_reason=SL_HIT | entry_price=2287.0 | exit_price=2304.8 | sl_price=2275.55 | quantity=4 | pnl=71.2 | pnl_percent=0.78 | charges=33.32 | trade_id=0 | duration_seconds=7664.588811 | duration_minutes=127.7
2025-11-25 16:25:49 | INFO | EXIT_BLOCKED | Cannot exit BALKRISIND-EQ: Pending SELL order already exists for BALKRISIND-EQ (Order ID: 251125000975801)
2025-11-25 16:25:49 | INFO | SL_HIT | 🛑 STOP LOSS HIT | GODREJPROP-EQ | Entry: ₹2087.50 | Exit: ₹2094.00 | SL: ₹2077.05 | PnL: ₹26.00 | symbol=GODREJPROP-EQ | exit_reason=SL_HIT | entry_price=2087.5 | exit_price=2094.0 | sl_price=2077.05 | quantity=4 | pnl=26.0 | pnl_percent=0.31 | charges=32.5 | trade_id=0 | duration_seconds=6766.539482 | duration_minutes=112.8
2025-11-25 16:25:49 | INFO | EXIT_BLOCKED | Cannot exit GODREJPROP-EQ: Pending SELL order already exists for GODREJPROP-EQ (Order ID: 251125001055394)
2025-11-25 16:25:50 | INFO | SL_HIT | 🛑 STOP LOSS HIT | PNBHOUSING-EQ | Entry: ₹885.90 | Exit: ₹881.45 | SL: ₹881.45 | PnL: ₹-48.95 | symbol=PNBHOUSING-EQ | exit_reason=SL_HIT | entry_price=885.9 | exit_price=881.45 | sl_price=881.45 | quantity=11 | pnl=-48.95 | pnl_percent=-0.5 | charges=34.0 | trade_id=0 | duration_seconds=6761.672535 | duration_minutes=112.7
2025-11-25 16:25:50 | INFO | EXIT_BLOCKED | Cannot exit PNBHOUSING-EQ: Pending SELL order already exists for PNBHOUSING-EQ (Order ID: 251125001073992)
2025-11-25 16:25:50 | INFO | MONITOR_SLEEP | Sleeping for 20s (base=20s, consecutive_errors=0, monitoring_suspended=False)
2025-11-25 16:26:10 | INFO | SL_MISSING_DETECTED | SL order missing for BALKRISIND-EQ (retry thread will handle) | symbol=BALKRISIND-EQ | sl_price=2275.55 | retry_count=10
2025-11-25 16:26:10 | INFO | SL_CHECK | Stop-loss hit for BALKRISIND-EQ (last_ltp: 2304.8, sl: 2275.55)
2025-11-25 16:26:10 | INFO | SL_MISSING_DETECTED | SL order missing for GODREJPROP-EQ (retry thread will handle) | symbol=GODREJPROP-EQ | sl_price=2077.05 | retry_count=10
2025-11-25 16:26:10 | INFO | SL_CHECK | Stop-loss hit for GODREJPROP-EQ (last_ltp: 2094.0, sl: 2077.05)
2025-11-25 16:26:10 | INFO | SL_CHECK | Stop-loss hit for PNBHOUSING-EQ (last_ltp: 881.45, sl: 881.45)
2025-11-25 16:26:10 | INFO | BUCKET_LTP_CHECK | Checking bucket 1/3 | symbols=['IOC-EQ', 'M&M-EQ', 'UPL-EQ'] | count=3
2025-11-25 16:26:10 | INFO | BUCKET_LTP_RESULT | Bucket LTP check complete | checked=3 | skipped=0 | bucket_number=1 | total_buckets=3
2025-11-25 16:26:11 | INFO | SL_HIT | 🛑 STOP LOSS HIT | BALKRISIND-EQ | Entry: ₹2287.00 | Exit: ₹2304.80 | SL: ₹2275.55 | PnL: ₹71.20 | symbol=BALKRISIND-EQ | exit_reason=SL_HIT | entry_price=2287.0 | exit_price=2304.8 | sl_price=2275.55 | quantity=4 | pnl=71.2 | pnl_percent=0.78 | charges=33.32 | trade_id=0 | duration_seconds=7686.446969 | duration_minutes=128.1
2025-11-25 16:26:11 | INFO | EXIT_BLOCKED | Cannot exit BALKRISIND-EQ: Pending SELL order already exists for BALKRISIND-EQ (Order ID: 251125000975801)
2025-11-25 16:26:11 | INFO | SL_HIT | 🛑 STOP LOSS HIT | GODREJPROP-EQ | Entry: ₹2087.50 | Exit: ₹2094.00 | SL: ₹2077.05 | PnL: ₹26.00 | symbol=GODREJPROP-EQ | exit_reason=SL_HIT | entry_price=2087.5 | exit_price=2094.0 | sl_price=2077.05 | quantity=4 | pnl=26.0 | pnl_percent=0.31 | charges=32.5 | trade_id=0 | duration_seconds=6788.398403 | duration_minutes=113.1
2025-11-25 16:26:11 | INFO | EXIT_BLOCKED | Cannot exit GODREJPROP-EQ: Pending SELL order already exists for GODREJPROP-EQ (Order ID: 251125001055394)
2025-11-25 16:26:11 | INFO | SL_HIT | 🛑 STOP LOSS HIT | PNBHOUSING-EQ | Entry: ₹885.90 | Exit: ₹881.45 | SL: ₹881.45 | PnL: ₹-48.95 | symbol=PNBHOUSING-EQ | exit_reason=SL_HIT | entry_price=885.9 | exit_price=881.45 | sl_price=881.45 | quantity=11 | pnl=-48.95 | pnl_percent=-0.5 | charges=34.0 | trade_id=0 | duration_seconds=6783.532635 | duration_minutes=113.1
2025-11-25 16:26:11 | INFO | EXIT_BLOCKED | Cannot exit PNBHOUSING-EQ: Pending SELL order already exists for PNBHOUSING-EQ (Order ID: 251125001073992)
2025-11-25 16:26:11 | INFO | MONITOR | Paper trades checked (next in 60s)
2025-11-25 16:26:11 | INFO | MONITOR_SLEEP | Sleeping for 20s (base=20s, consecutive_errors=0, monitoring_suspended=False)
2025-11-25 16:26:31 | INFO | SL_MISSING_DETECTED | SL order missing for BALKRISIND-EQ (retry thread will handle) | symbol=BALKRISIND-EQ | sl_price=2275.55 | retry_count=10
2025-11-25 16:26:31 | INFO | SL_CHECK | Stop-loss hit for BALKRISIND-EQ (last_ltp: 2304.8, sl: 2275.55)
2025-11-25 16:26:31 | INFO | SL_MISSING_DETECTED | SL order missing for GODREJPROP-EQ (retry thread will handle) | symbol=GODREJPROP-EQ | sl_price=2077.05 | retry_count=10
2025-11-25 16:26:31 | INFO | SL_CHECK | Stop-loss hit for GODREJPROP-EQ (last_ltp: 2094.0, sl: 2077.05)
2025-11-25 16:26:31 | INFO | SL_CHECK | Stop-loss hit for PNBHOUSING-EQ (last_ltp: 881.45, sl: 881.45)
2025-11-25 16:26:31 | INFO | BUCKET_LTP_CHECK | Checking bucket 2/3 | symbols=['CHAMBLFERT-EQ', 'BALKRISIND-EQ', 'GODREJPROP-EQ'] | count=3
2025-11-25 16:26:32 | INFO | BUCKET_LTP_RESULT | Bucket LTP check complete | checked=3 | skipped=0 | bucket_number=2 | total_buckets=3
2025-11-25 16:26:33 | INFO | SL_HIT | 🛑 STOP LOSS HIT | BALKRISIND-EQ | Entry: ₹2287.00 | Exit: ₹2304.80 | SL: ₹2275.55 | PnL: ₹71.20 | symbol=BALKRISIND-EQ | exit_reason=SL_HIT | entry_price=2287.0 | exit_price=2304.8 | sl_price=2275.55 | quantity=4 | pnl=71.2 | pnl_percent=0.78 | charges=33.32 | trade_id=0 | duration_seconds=7708.302544 | duration_minutes=128.5
2025-11-25 16:26:33 | INFO | EXIT_BLOCKED | Cannot exit BALKRISIND-EQ: Pending SELL order already exists for BALKRISIND-EQ (Order ID: 251125000975801)
2025-11-25 16:26:33 | INFO | SL_HIT | 🛑 STOP LOSS HIT | GODREJPROP-EQ | Entry: ₹2087.50 | Exit: ₹2094.00 | SL: ₹2077.05 | PnL: ₹26.00 | symbol=GODREJPROP-EQ | exit_reason=SL_HIT | entry_price=2087.5 | exit_price=2094.0 | sl_price=2077.05 | quantity=4 | pnl=26.0 | pnl_percent=0.31 | charges=32.5 | trade_id=0 | duration_seconds=6810.253253 | duration_minutes=113.5
2025-11-25 16:26:33 | INFO | EXIT_BLOCKED | Cannot exit GODREJPROP-EQ: Pending SELL order already exists for GODREJPROP-EQ (Order ID: 251125001055394)
2025-11-25 16:26:33 | INFO | SL_HIT | 🛑 STOP LOSS HIT | PNBHOUSING-EQ | Entry: ₹885.90 | Exit: ₹881.45 | SL: ₹881.45 | PnL: ₹-48.95 | symbol=PNBHOUSING-EQ | exit_reason=SL_HIT | entry_price=885.9 | exit_price=881.45 | sl_price=881.45 | quantity=11 | pnl=-48.95 | pnl_percent=-0.5 | charges=34.0 | trade_id=0 | duration_seconds=6805.386472 | duration_minutes=113.4
2025-11-25 16:26:33 | INFO | EXIT_BLOCKED | Cannot exit PNBHOUSING-EQ: Pending SELL order already exists for PNBHOUSING-EQ (Order ID: 251125001073992)
2025-11-25 16:26:33 | INFO | MONITOR_SLEEP | Sleeping for 20s (base=20s, consecutive_errors=0, monitoring_suspended=False)
2025-11-25 16:26:53 | INFO | SL_MISSING_DETECTED | SL order missing for BALKRISIND-EQ (retry thread will handle) | symbol=BALKRISIND-EQ | sl_price=2275.55 | retry_count=10
2025-11-25 16:26:53 | INFO | SL_CHECK | Stop-loss hit for BALKRISIND-EQ (last_ltp: 2304.8, sl: 2275.55)
2025-11-25 16:26:53 | INFO | SL_MISSING_DETECTED | SL order missing for GODREJPROP-EQ (retry thread will handle) | symbol=GODREJPROP-EQ | sl_price=2077.05 | retry_count=10
2025-11-25 16:26:53 | INFO | SL_CHECK | Stop-loss hit for GODREJPROP-EQ (last_ltp: 2094.0, sl: 2077.05)
2025-11-25 16:26:53 | INFO | SL_CHECK | Stop-loss hit for PNBHOUSING-EQ (last_ltp: 881.45, sl: 881.45)
2025-11-25 16:26:53 | INFO | BUCKET_LTP_CHECK | Checking bucket 0/3 | symbols=['PNBHOUSING-EQ'] | count=1
2025-11-25 16:26:53 | INFO | BUCKET_LTP_RESULT | Bucket LTP check complete | checked=1 | skipped=0 | bucket_number=0 | total_buckets=3
2025-11-25 16:26:54 | INFO | SL_HIT | 🛑 STOP LOSS HIT | BALKRISIND-EQ | Entry: ₹2287.00 | Exit: ₹2304.80 | SL: ₹2275.55 | PnL: ₹71.20 | symbol=BALKRISIND-EQ | exit_reason=SL_HIT | entry_price=2287.0 | exit_price=2304.8 | sl_price=2275.55 | quantity=4 | pnl=71.2 | pnl_percent=0.78 | charges=33.32 | trade_id=0 | duration_seconds=7729.623721 | duration_minutes=128.8
2025-11-25 16:26:54 | INFO | EXIT_BLOCKED | Cannot exit BALKRISIND-EQ: Pending SELL order already exists for BALKRISIND-EQ (Order ID: 251125000975801)
2025-11-25 16:26:54 | INFO | SL_HIT | 🛑 STOP LOSS HIT | GODREJPROP-EQ | Entry: ₹2087.50 | Exit: ₹2094.00 | SL: ₹2077.05 | PnL: ₹26.00 | symbol=GODREJPROP-EQ | exit_reason=SL_HIT | entry_price=2087.5 | exit_price=2094.0 | sl_price=2077.05 | quantity=4 | pnl=26.0 | pnl_percent=0.31 | charges=32.5 | trade_id=0 | duration_seconds=6831.574531 | duration_minutes=113.9
2025-11-25 16:26:54 | INFO | EXIT_BLOCKED | Cannot exit GODREJPROP-EQ: Pending SELL order already exists for GODREJPROP-EQ (Order ID: 251125001055394)
2025-11-25 16:26:55 | INFO | SL_HIT | 🛑 STOP LOSS HIT | PNBHOUSING-EQ | Entry: ₹885.90 | Exit: ₹881.45 | SL: ₹881.45 | PnL: ₹-48.95 | symbol=PNBHOUSING-EQ | exit_reason=SL_HIT | entry_price=885.9 | exit_price=881.45 | sl_price=881.45 | quantity=11 | pnl=-48.95 | pnl_percent=-0.5 | charges=34.0 | trade_id=0 | duration_seconds=6826.707571 | duration_minutes=113.8
2025-11-25 16:26:55 | INFO | EXIT_BLOCKED | Cannot exit PNBHOUSING-EQ: Pending SELL order already exists for PNBHOUSING-EQ (Order ID: 251125001073992)
2025-11-25 16:26:55 | INFO | MONITOR_SLEEP | Sleeping for 20s (base=20s, consecutive_errors=0, monitoring_suspended=False)
2025-11-25 16:27:15 | INFO | SL_MISSING_DETECTED | SL order missing for BALKRISIND-EQ (retry thread will handle) | symbol=BALKRISIND-EQ | sl_price=2275.55 | retry_count=10
2025-11-25 16:27:15 | INFO | SL_CHECK | Stop-loss hit for BALKRISIND-EQ (last_ltp: 2304.8, sl: 2275.55)
2025-11-25 16:27:15 | INFO | SL_MISSING_DETECTED | SL order missing for GODREJPROP-EQ (retry thread will handle) | symbol=GODREJPROP-EQ | sl_price=2077.05 | retry_count=10
2025-11-25 16:27:15 | INFO | SL_CHECK | Stop-loss hit for GODREJPROP-EQ (last_ltp: 2094.0, sl: 2077.05)
2025-11-25 16:27:15 | INFO | SL_CHECK | Stop-loss hit for PNBHOUSING-EQ (last_ltp: 881.45, sl: 881.45)
2025-11-25 16:27:15 | INFO | BUCKET_LTP_CHECK | Checking bucket 1/3 | symbols=['IOC-EQ', 'M&M-EQ', 'UPL-EQ'] | count=3
2025-11-25 16:27:15 | INFO | BUCKET_LTP_RESULT | Bucket LTP check complete | checked=3 | skipped=0 | bucket_number=1 | total_buckets=3
2025-11-25 16:27:16 | INFO | SL_HIT | 🛑 STOP LOSS HIT | BALKRISIND-EQ | Entry: ₹2287.00 | Exit: ₹2304.80 | SL: ₹2275.55 | PnL: ₹71.20 | symbol=BALKRISIND-EQ | exit_reason=SL_HIT | entry_price=2287.0 | exit_price=2304.8 | sl_price=2275.55 | quantity=4 | pnl=71.2 | pnl_percent=0.78 | charges=33.32 | trade_id=0 | duration_seconds=7751.480712 | duration_minutes=129.2
2025-11-25 16:27:16 | INFO | EXIT_BLOCKED | Cannot exit BALKRISIND-EQ: Pending SELL order already exists for BALKRISIND-EQ (Order ID: 251125000975801)
2025-11-25 16:27:16 | INFO | SL_HIT | 🛑 STOP LOSS HIT | GODREJPROP-EQ | Entry: ₹2087.50 | Exit: ₹2094.00 | SL: ₹2077.05 | PnL: ₹26.00 | symbol=GODREJPROP-EQ | exit_reason=SL_HIT | entry_price=2087.5 | exit_price=2094.0 | sl_price=2077.05 | quantity=4 | pnl=26.0 | pnl_percent=0.31 | charges=32.5 | trade_id=0 | duration_seconds=6853.43346 | duration_minutes=114.2
2025-11-25 16:27:16 | INFO | EXIT_BLOCKED | Cannot exit GODREJPROP-EQ: Pending SELL order already exists for GODREJPROP-EQ (Order ID: 251125001055394)
2025-11-25 16:27:16 | INFO | SL_HIT | 🛑 STOP LOSS HIT | PNBHOUSING-EQ | Entry: ₹885.90 | Exit: ₹881.45 | SL: ₹881.45 | PnL: ₹-48.95 | symbol=PNBHOUSING-EQ | exit_reason=SL_HIT | entry_price=885.9 | exit_price=881.45 | sl_price=881.45 | quantity=11 | pnl=-48.95 | pnl_percent=-0.5 | charges=34.0 | trade_id=0 | duration_seconds=6848.568697 | duration_minutes=114.1
2025-11-25 16:27:16 | INFO | EXIT_BLOCKED | Cannot exit PNBHOUSING-EQ: Pending SELL order already exists for PNBHOUSING-EQ (Order ID: 251125001073992)
2025-11-25 16:27:16 | INFO | MONITOR | Paper trades checked (next in 60s)
2025-11-25 16:27:16 | INFO | MONITOR_SLEEP | Sleeping for 20s (base=20s, consecutive_errors=0, monitoring_suspended=False)
2025-11-25 16:27:36 | INFO | SL_MISSING_DETECTED | SL order missing for BALKRISIND-EQ (retry thread will handle) | symbol=BALKRISIND-EQ | sl_price=2275.55 | retry_count=10
2025-11-25 16:27:36 | INFO | SL_CHECK | Stop-loss hit for BALKRISIND-EQ (last_ltp: 2304.8, sl: 2275.55)
2025-11-25 16:27:36 | INFO | SL_MISSING_DETECTED | SL order missing for GODREJPROP-EQ (retry thread will handle) | symbol=GODREJPROP-EQ | sl_price=2077.05 | retry_count=10
2025-11-25 16:27:36 | INFO | SL_CHECK | Stop-loss hit for GODREJPROP-EQ (last_ltp: 2094.0, sl: 2077.05)
2025-11-25 16:27:36 | INFO | SL_CHECK | Stop-loss hit for PNBHOUSING-EQ (last_ltp: 881.45, sl: 881.45)
2025-11-25 16:27:36 | INFO | BUCKET_LTP_CHECK | Checking bucket 2/3 | symbols=['CHAMBLFERT-EQ', 'BALKRISIND-EQ', 'GODREJPROP-EQ'] | count=3
2025-11-25 16:27:37 | INFO | BUCKET_LTP_RESULT | Bucket LTP check complete | checked=3 | skipped=0 | bucket_number=2 | total_buckets=3
2025-11-25 16:27:38 | INFO | SL_HIT | 🛑 STOP LOSS HIT | BALKRISIND-EQ | Entry: ₹2287.00 | Exit: ₹2304.80 | SL: ₹2275.55 | PnL: ₹71.20 | symbol=BALKRISIND-EQ | exit_reason=SL_HIT | entry_price=2287.0 | exit_price=2304.8 | sl_price=2275.55 | quantity=4 | pnl=71.2 | pnl_percent=0.78 | charges=33.32 | trade_id=0 | duration_seconds=7773.382221 | duration_minutes=129.6
2025-11-25 16:27:38 | INFO | EXIT_BLOCKED | Cannot exit BALKRISIND-EQ: Pending SELL order already exists for BALKRISIND-EQ (Order ID: 251125000975801)
2025-11-25 16:27:38 | INFO | SL_HIT | 🛑 STOP LOSS HIT | GODREJPROP-EQ | Entry: ₹2087.50 | Exit: ₹2094.00 | SL: ₹2077.05 | PnL: ₹26.00 | symbol=GODREJPROP-EQ | exit_reason=SL_HIT | entry_price=2087.5 | exit_price=2094.0 | sl_price=2077.05 | quantity=4 | pnl=26.0 | pnl_percent=0.31 | charges=32.5 | trade_id=0 | duration_seconds=6875.333177 | duration_minutes=114.6
2025-11-25 16:27:38 | INFO | EXIT_BLOCKED | Cannot exit GODREJPROP-EQ: Pending SELL order already exists for GODREJPROP-EQ (Order ID: 251125001055394)
2025-11-25 16:27:38 | INFO | SL_HIT | 🛑 STOP LOSS HIT | PNBHOUSING-EQ | Entry: ₹885.90 | Exit: ₹881.45 | SL: ₹881.45 | PnL: ₹-48.95 | symbol=PNBHOUSING-EQ | exit_reason=SL_HIT | entry_price=885.9 | exit_price=881.45 | sl_price=881.45 | quantity=11 | pnl=-48.95 | pnl_percent=-0.5 | charges=34.0 | trade_id=0 | duration_seconds=6870.467069 | duration_minutes=114.5
2025-11-25 16:27:38 | INFO | EXIT_BLOCKED | Cannot exit PNBHOUSING-EQ: Pending SELL order already exists for PNBHOUSING-EQ (Order ID: 251125001073992)
2025-11-25 16:27:38 | INFO | MONITOR_SLEEP | Sleeping for 20s (base=20s, consecutive_errors=0, monitoring_suspended=False)
2025-11-25 16:27:58 | INFO | SL_MISSING_DETECTED | SL order missing for BALKRISIND-EQ (retry thread will handle) | symbol=BALKRISIND-EQ | sl_price=2275.55 | retry_count=10
2025-11-25 16:27:58 | INFO | SL_CHECK | Stop-loss hit for BALKRISIND-EQ (last_ltp: 2304.8, sl: 2275.55)
2025-11-25 16:27:58 | INFO | SL_MISSING_DETECTED | SL order missing for GODREJPROP-EQ (retry thread will handle) | symbol=GODREJPROP-EQ | sl_price=2077.05 | retry_count=10
2025-11-25 16:27:58 | INFO | SL_CHECK | Stop-loss hit for GODREJPROP-EQ (last_ltp: 2094.0, sl: 2077.05)
2025-11-25 16:27:58 | INFO | SL_CHECK | Stop-loss hit for PNBHOUSING-EQ (last_ltp: 881.45, sl: 881.45)
2025-11-25 16:27:58 | INFO | BUCKET_LTP_CHECK | Checking bucket 0/3 | symbols=['PNBHOUSING-EQ'] | count=1
2025-11-25 16:27:59 | INFO | BUCKET_LTP_RESULT | Bucket LTP check complete | checked=1 | skipped=0 | bucket_number=0 | total_buckets=3
2025-11-25 16:27:59 | INFO | SL_HIT | 🛑 STOP LOSS HIT | BALKRISIND-EQ | Entry: ₹2287.00 | Exit: ₹2304.80 | SL: ₹2275.55 | PnL: ₹71.20 | symbol=BALKRISIND-EQ | exit_reason=SL_HIT | entry_price=2287.0 | exit_price=2304.8 | sl_price=2275.55 | quantity=4 | pnl=71.2 | pnl_percent=0.78 | charges=33.32 | trade_id=0 | duration_seconds=7794.716081 | duration_minutes=129.9
2025-11-25 16:27:59 | INFO | EXIT_BLOCKED | Cannot exit BALKRISIND-EQ: Pending SELL order already exists for BALKRISIND-EQ (Order ID: 251125000975801)
2025-11-25 16:28:00 | INFO | SL_HIT | 🛑 STOP LOSS HIT | GODREJPROP-EQ | Entry: ₹2087.50 | Exit: ₹2094.00 | SL: ₹2077.05 | PnL: ₹26.00 | symbol=GODREJPROP-EQ | exit_reason=SL_HIT | entry_price=2087.5 | exit_price=2094.0 | sl_price=2077.05 | quantity=4 | pnl=26.0 | pnl_percent=0.31 | charges=32.5 | trade_id=0 | duration_seconds=6896.668133 | duration_minutes=114.9
2025-11-25 16:28:00 | INFO | EXIT_BLOCKED | Cannot exit GODREJPROP-EQ: Pending SELL order already exists for GODREJPROP-EQ (Order ID: 251125001055394)
2025-11-25 16:28:00 | INFO | SL_HIT | 🛑 STOP LOSS HIT | PNBHOUSING-EQ | Entry: ₹885.90 | Exit: ₹881.45 | SL: ₹881.45 | PnL: ₹-48.95 | symbol=PNBHOUSING-EQ | exit_reason=SL_HIT | entry_price=885.9 | exit_price=881.45 | sl_price=881.45 | quantity=11 | pnl=-48.95 | pnl_percent=-0.5 | charges=34.0 | trade_id=0 | duration_seconds=6891.801207 | duration_minutes=114.9
2025-11-25 16:28:00 | INFO | EXIT_BLOCKED | Cannot exit PNBHOUSING-EQ: Pending SELL order already exists for PNBHOUSING-EQ (Order ID: 251125001073992)
2025-11-25 16:28:00 | INFO | MONITOR_SLEEP | Sleeping for 20s (base=20s, consecutive_errors=0, monitoring_suspended=False)
2025-11-25 16:28:20 | INFO | SL_MISSING_DETECTED | SL order missing for BALKRISIND-EQ (retry thread will handle) | symbol=BALKRISIND-EQ | sl_price=2275.55 | retry_count=10
2025-11-25 16:28:20 | INFO | SL_CHECK | Stop-loss hit for BALKRISIND-EQ (last_ltp: 2304.8, sl: 2275.55)
2025-11-25 16:28:20 | INFO | SL_MISSING_DETECTED | SL order missing for GODREJPROP-EQ (retry thread will handle) | symbol=GODREJPROP-EQ | sl_price=2077.05 | retry_count=10
2025-11-25 16:28:20 | INFO | SL_CHECK | Stop-loss hit for GODREJPROP-EQ (last_ltp: 2094.0, sl: 2077.05)
2025-11-25 16:28:20 | INFO | SL_CHECK | Stop-loss hit for PNBHOUSING-EQ (last_ltp: 881.45, sl: 881.45)
2025-11-25 16:28:20 | INFO | BUCKET_LTP_CHECK | Checking bucket 1/3 | symbols=['IOC-EQ', 'M&M-EQ', 'UPL-EQ'] | count=3
2025-11-25 16:28:20 | INFO | BUCKET_LTP_RESULT | Bucket LTP check complete | checked=3 | skipped=0 | bucket_number=1 | total_buckets=3
2025-11-25 16:28:21 | INFO | SL_HIT | 🛑 STOP LOSS HIT | BALKRISIND-EQ | Entry: ₹2287.00 | Exit: ₹2304.80 | SL: ₹2275.55 | PnL: ₹71.20 | symbol=BALKRISIND-EQ | exit_reason=SL_HIT | entry_price=2287.0 | exit_price=2304.8 | sl_price=2275.55 | quantity=4 | pnl=71.2 | pnl_percent=0.78 | charges=33.32 | trade_id=0 | duration_seconds=7816.568044 | duration_minutes=130.3
2025-11-25 16:28:21 | INFO | EXIT_BLOCKED | Cannot exit BALKRISIND-EQ: Pending SELL order already exists for BALKRISIND-EQ (Order ID: 251125000975801)
2025-11-25 16:28:21 | INFO | SL_HIT | 🛑 STOP LOSS HIT | GODREJPROP-EQ | Entry: ₹2087.50 | Exit: ₹2094.00 | SL: ₹2077.05 | PnL: ₹26.00 | symbol=GODREJPROP-EQ | exit_reason=SL_HIT | entry_price=2087.5 | exit_price=2094.0 | sl_price=2077.05 | quantity=4 | pnl=26.0 | pnl_percent=0.31 | charges=32.5 | trade_id=0 | duration_seconds=6918.52 | duration_minutes=115.3
2025-11-25 16:28:21 | INFO | EXIT_BLOCKED | Cannot exit GODREJPROP-EQ: Pending SELL order already exists for GODREJPROP-EQ (Order ID: 251125001055394)
2025-11-25 16:28:22 | INFO | SL_HIT | 🛑 STOP LOSS HIT | PNBHOUSING-EQ | Entry: ₹885.90 | Exit: ₹881.45 | SL: ₹881.45 | PnL: ₹-48.95 | symbol=PNBHOUSING-EQ | exit_reason=SL_HIT | entry_price=885.9 | exit_price=881.45 | sl_price=881.45 | quantity=11 | pnl=-48.95 | pnl_percent=-0.5 | charges=34.0 | trade_id=0 | duration_seconds=6913.653567 | duration_minutes=115.2
2025-11-25 16:28:22 | INFO | EXIT_BLOCKED | Cannot exit PNBHOUSING-EQ: Pending SELL order already exists for PNBHOUSING-EQ (Order ID: 251125001073992)
2025-11-25 16:28:22 | INFO | MONITOR | Paper trades checked (next in 60s)
2025-11-25 16:28:22 | INFO | MONITOR_SLEEP | Sleeping for 20s (base=20s, consecutive_errors=0, monitoring_suspended=False)
2025-11-25 16:28:42 | INFO | SL_MISSING_DETECTED | SL order missing for BALKRISIND-EQ (retry thread will handle) | symbol=BALKRISIND-EQ | sl_price=2275.55 | retry_count=10
2025-11-25 16:28:42 | INFO | SL_CHECK | Stop-loss hit for BALKRISIND-EQ (last_ltp: 2304.8, sl: 2275.55)
2025-11-25 16:28:42 | INFO | SL_MISSING_DETECTED | SL order missing for GODREJPROP-EQ (retry thread will handle) | symbol=GODREJPROP-EQ | sl_price=2077.05 | retry_count=10
2025-11-25 16:28:42 | INFO | SL_CHECK | Stop-loss hit for GODREJPROP-EQ (last_ltp: 2094.0, sl: 2077.05)
2025-11-25 16:28:42 | INFO | SL_CHECK | Stop-loss hit for PNBHOUSING-EQ (last_ltp: 881.45, sl: 881.45)
2025-11-25 16:28:42 | INFO | BUCKET_LTP_CHECK | Checking bucket 2/3 | symbols=['CHAMBLFERT-EQ', 'BALKRISIND-EQ', 'GODREJPROP-EQ'] | count=3
2025-11-25 16:28:42 | INFO | BUCKET_LTP_RESULT | Bucket LTP check complete | checked=3 | skipped=0 | bucket_number=2 | total_buckets=3
2025-11-25 16:28:43 | INFO | SL_HIT | 🛑 STOP LOSS HIT | BALKRISIND-EQ | Entry: ₹2287.00 | Exit: ₹2304.80 | SL: ₹2275.55 | PnL: ₹71.20 | symbol=BALKRISIND-EQ | exit_reason=SL_HIT | entry_price=2287.0 | exit_price=2304.8 | sl_price=2275.55 | quantity=4 | pnl=71.2 | pnl_percent=0.78 | charges=33.32 | trade_id=0 | duration_seconds=7838.431138 | duration_minutes=130.6
2025-11-25 16:28:43 | INFO | EXIT_BLOCKED | Cannot exit BALKRISIND-EQ: Pending SELL order already exists for BALKRISIND-EQ (Order ID: 251125000975801)
2025-11-25 16:28:43 | INFO | SL_HIT | 🛑 STOP LOSS HIT | GODREJPROP-EQ | Entry: ₹2087.50 | Exit: ₹2094.00 | SL: ₹2077.05 | PnL: ₹26.00 | symbol=GODREJPROP-EQ | exit_reason=SL_HIT | entry_price=2087.5 | exit_price=2094.0 | sl_price=2077.05 | quantity=4 | pnl=26.0 | pnl_percent=0.31 | charges=32.5 | trade_id=0 | duration_seconds=6940.38206 | duration_minutes=115.7
2025-11-25 16:28:43 | INFO | EXIT_BLOCKED | Cannot exit GODREJPROP-EQ: Pending SELL order already exists for GODREJPROP-EQ (Order ID: 251125001055394)
2025-11-25 16:28:43 | INFO | SL_HIT | 🛑 STOP LOSS HIT | PNBHOUSING-EQ | Entry: ₹885.90 | Exit: ₹881.45 | SL: ₹881.45 | PnL: ₹-48.95 | symbol=PNBHOUSING-EQ | exit_reason=SL_HIT | entry_price=885.9 | exit_price=881.45 | sl_price=881.45 | quantity=11 | pnl=-48.95 | pnl_percent=-0.5 | charges=34.0 | trade_id=0 | duration_seconds=6935.515317 | duration_minutes=115.6
2025-11-25 16:28:43 | INFO | EXIT_BLOCKED | Cannot exit PNBHOUSING-EQ: Pending SELL order already exists for PNBHOUSING-EQ (Order ID: 251125001073992)
2025-11-25 16:28:43 | INFO | MONITOR_SLEEP | Sleeping for 20s (base=20s, consecutive_errors=0, monitoring_suspended=False)
2025-11-25 16:29:03 | INFO | SL_MISSING_DETECTED | SL order missing for BALKRISIND-EQ (retry thread will handle) | symbol=BALKRISIND-EQ | sl_price=2275.55 | retry_count=10
2025-11-25 16:29:03 | INFO | SL_CHECK | Stop-loss hit for BALKRISIND-EQ (last_ltp: 2304.8, sl: 2275.55)
2025-11-25 16:29:03 | INFO | SL_MISSING_DETECTED | SL order missing for GODREJPROP-EQ (retry thread will handle) | symbol=GODREJPROP-EQ | sl_price=2077.05 | retry_count=10
2025-11-25 16:29:03 | INFO | SL_CHECK | Stop-loss hit for GODREJPROP-EQ (last_ltp: 2094.0, sl: 2077.05)
2025-11-25 16:29:03 | INFO | SL_CHECK | Stop-loss hit for PNBHOUSING-EQ (last_ltp: 881.45, sl: 881.45)
2025-11-25 16:29:03 | INFO | BUCKET_LTP_CHECK | Checking bucket 0/3 | symbols=['PNBHOUSING-EQ'] | count=1
2025-11-25 16:29:04 | INFO | BUCKET_LTP_RESULT | Bucket LTP check complete | checked=1 | skipped=0 | bucket_number=0 | total_buckets=3
2025-11-25 16:29:04 | INFO | SL_HIT | 🛑 STOP LOSS HIT | BALKRISIND-EQ | Entry: ₹2287.00 | Exit: ₹2304.80 | SL: ₹2275.55 | PnL: ₹71.20 | symbol=BALKRISIND-EQ | exit_reason=SL_HIT | entry_price=2287.0 | exit_price=2304.8 | sl_price=2275.55 | quantity=4 | pnl=71.2 | pnl_percent=0.78 | charges=33.32 | trade_id=0 | duration_seconds=7859.750131 | duration_minutes=131.0
2025-11-25 16:29:04 | INFO | EXIT_BLOCKED | Cannot exit BALKRISIND-EQ: Pending SELL order already exists for BALKRISIND-EQ (Order ID: 251125000975801)
2025-11-25 16:29:05 | INFO | SL_HIT | 🛑 STOP LOSS HIT | GODREJPROP-EQ | Entry: ₹2087.50 | Exit: ₹2094.00 | SL: ₹2077.05 | PnL: ₹26.00 | symbol=GODREJPROP-EQ | exit_reason=SL_HIT | entry_price=2087.5 | exit_price=2094.0 | sl_price=2077.05 | quantity=4 | pnl=26.0 | pnl_percent=0.31 | charges=32.5 | trade_id=0 | duration_seconds=6961.700857 | duration_minutes=116.0
2025-11-25 16:29:05 | INFO | EXIT_BLOCKED | Cannot exit GODREJPROP-EQ: Pending SELL order already exists for GODREJPROP-EQ (Order ID: 251125001055394)
2025-11-25 16:29:05 | INFO | SL_HIT | 🛑 STOP LOSS HIT | PNBHOUSING-EQ | Entry: ₹885.90 | Exit: ₹881.45 | SL: ₹881.45 | PnL: ₹-48.95 | symbol=PNBHOUSING-EQ | exit_reason=SL_HIT | entry_price=885.9 | exit_price=881.45 | sl_price=881.45 | quantity=11 | pnl=-48.95 | pnl_percent=-0.5 | charges=34.0 | trade_id=0 | duration_seconds=6956.834032 | duration_minutes=115.9
2025-11-25 16:29:05 | INFO | EXIT_BLOCKED | Cannot exit PNBHOUSING-EQ: Pending SELL order already exists for PNBHOUSING-EQ (Order ID: 251125001073992)
2025-11-25 16:29:05 | INFO | MONITOR_SLEEP | Sleeping for 20s (base=20s, consecutive_errors=0, monitoring_suspended=False)
2025-11-25 16:29:25 | INFO | SL_MISSING_DETECTED | SL order missing for BALKRISIND-EQ (retry thread will handle) | symbol=BALKRISIND-EQ | sl_price=2275.55 | retry_count=10
2025-11-25 16:29:25 | INFO | SL_CHECK | Stop-loss hit for BALKRISIND-EQ (last_ltp: 2304.8, sl: 2275.55)
2025-11-25 16:29:25 | INFO | SL_MISSING_DETECTED | SL order missing for GODREJPROP-EQ (retry thread will handle) | symbol=GODREJPROP-EQ | sl_price=2077.05 | retry_count=10
2025-11-25 16:29:25 | INFO | SL_CHECK | Stop-loss hit for GODREJPROP-EQ (last_ltp: 2094.0, sl: 2077.05)
2025-11-25 16:29:25 | INFO | SL_CHECK | Stop-loss hit for PNBHOUSING-EQ (last_ltp: 881.45, sl: 881.45)
2025-11-25 16:29:25 | INFO | BUCKET_LTP_CHECK | Checking bucket 1/3 | symbols=['IOC-EQ', 'M&M-EQ', 'UPL-EQ'] | count=3
2025-11-25 16:29:25 | INFO | BUCKET_LTP_RESULT | Bucket LTP check complete | checked=3 | skipped=0 | bucket_number=1 | total_buckets=3
2025-11-25 16:29:26 | INFO | SL_HIT | 🛑 STOP LOSS HIT | BALKRISIND-EQ | Entry: ₹2287.00 | Exit: ₹2304.80 | SL: ₹2275.55 | PnL: ₹71.20 | symbol=BALKRISIND-EQ | exit_reason=SL_HIT | entry_price=2287.0 | exit_price=2304.8 | sl_price=2275.55 | quantity=4 | pnl=71.2 | pnl_percent=0.78 | charges=33.32 | trade_id=0 | duration_seconds=7881.604127 | duration_minutes=131.4
2025-11-25 16:29:26 | INFO | EXIT_BLOCKED | Cannot exit BALKRISIND-EQ: Pending SELL order already exists for BALKRISIND-EQ (Order ID: 251125000975801)
2025-11-25 16:29:26 | INFO | SL_HIT | 🛑 STOP LOSS HIT | GODREJPROP-EQ | Entry: ₹2087.50 | Exit: ₹2094.00 | SL: ₹2077.05 | PnL: ₹26.00 | symbol=GODREJPROP-EQ | exit_reason=SL_HIT | entry_price=2087.5 | exit_price=2094.0 | sl_price=2077.05 | quantity=4 | pnl=26.0 | pnl_percent=0.31 | charges=32.5 | trade_id=0 | duration_seconds=6983.554977 | duration_minutes=116.4
2025-11-25 16:29:26 | INFO | EXIT_BLOCKED | Cannot exit GODREJPROP-EQ: Pending SELL order already exists for GODREJPROP-EQ (Order ID: 251125001055394)
2025-11-25 16:29:27 | INFO | SL_HIT | 🛑 STOP LOSS HIT | PNBHOUSING-EQ | Entry: ₹885.90 | Exit: ₹881.45 | SL: ₹881.45 | PnL: ₹-48.95 | symbol=PNBHOUSING-EQ | exit_reason=SL_HIT | entry_price=885.9 | exit_price=881.45 | sl_price=881.45 | quantity=11 | pnl=-48.95 | pnl_percent=-0.5 | charges=34.0 | trade_id=0 | duration_seconds=6978.688178 | duration_minutes=116.3
2025-11-25 16:29:27 | INFO | EXIT_BLOCKED | Cannot exit PNBHOUSING-EQ: Pending SELL order already exists for PNBHOUSING-EQ (Order ID: 251125001073992)
2025-11-25 16:29:27 | INFO | MONITOR | Paper trades checked (next in 60s)
2025-11-25 16:29:27 | INFO | MONITOR_SLEEP | Sleeping for 20s (base=20s, consecutive_errors=0, monitoring_suspended=False)
2025-11-25 16:29:47 | INFO | SL_MISSING_DETECTED | SL order missing for BALKRISIND-EQ (retry thread will handle) | symbol=BALKRISIND-EQ | sl_price=2275.55 | retry_count=10
2025-11-25 16:29:47 | INFO | SL_CHECK | Stop-loss hit for BALKRISIND-EQ (last_ltp: 2304.8, sl: 2275.55)
2025-11-25 16:29:47 | INFO | SL_MISSING_DETECTED | SL order missing for GODREJPROP-EQ (retry thread will handle) | symbol=GODREJPROP-EQ | sl_price=2077.05 | retry_count=10
2025-11-25 16:29:47 | INFO | SL_CHECK | Stop-loss hit for GODREJPROP-EQ (last_ltp: 2094.0, sl: 2077.05)
2025-11-25 16:29:47 | INFO | SL_CHECK | Stop-loss hit for PNBHOUSING-EQ (last_ltp: 881.45, sl: 881.45)
2025-11-25 16:29:47 | INFO | BUCKET_LTP_CHECK | Checking bucket 2/3 | symbols=['CHAMBLFERT-EQ', 'BALKRISIND-EQ', 'GODREJPROP-EQ'] | count=3
2025-11-25 16:29:47 | INFO | BUCKET_LTP_RESULT | Bucket LTP check complete | checked=3 | skipped=0 | bucket_number=2 | total_buckets=3
2025-11-25 16:29:48 | INFO | SL_HIT | 🛑 STOP LOSS HIT | BALKRISIND-EQ | Entry: ₹2287.00 | Exit: ₹2304.80 | SL: ₹2275.55 | PnL: ₹71.20 | symbol=BALKRISIND-EQ | exit_reason=SL_HIT | entry_price=2287.0 | exit_price=2304.8 | sl_price=2275.55 | quantity=4 | pnl=71.2 | pnl_percent=0.78 | charges=33.32 | trade_id=0 | duration_seconds=7903.453825 | duration_minutes=131.7
2025-11-25 16:29:48 | INFO | EXIT_BLOCKED | Cannot exit BALKRISIND-EQ: Pending SELL order already exists for BALKRISIND-EQ (Order ID: 251125000975801)
2025-11-25 16:29:48 | INFO | SL_HIT | 🛑 STOP LOSS HIT | GODREJPROP-EQ | Entry: ₹2087.50 | Exit: ₹2094.00 | SL: ₹2077.05 | PnL: ₹26.00 | symbol=GODREJPROP-EQ | exit_reason=SL_HIT | entry_price=2087.5 | exit_price=2094.0 | sl_price=2077.05 | quantity=4 | pnl=26.0 | pnl_percent=0.31 | charges=32.5 | trade_id=0 | duration_seconds=7005.405665 | duration_minutes=116.8
2025-11-25 16:29:48 | INFO | EXIT_BLOCKED | Cannot exit GODREJPROP-EQ: Pending SELL order already exists for GODREJPROP-EQ (Order ID: 251125001055394)
2025-11-25 16:29:48 | INFO | SL_HIT | 🛑 STOP LOSS HIT | PNBHOUSING-EQ | Entry: ₹885.90 | Exit: ₹881.45 | SL: ₹881.45 | PnL: ₹-48.95 | symbol=PNBHOUSING-EQ | exit_reason=SL_HIT | entry_price=885.9 | exit_price=881.45 | sl_price=881.45 | quantity=11 | pnl=-48.95 | pnl_percent=-0.5 | charges=34.0 | trade_id=0 | duration_seconds=7000.539317 | duration_minutes=116.7
2025-11-25 16:29:48 | INFO | EXIT_BLOCKED | Cannot exit PNBHOUSING-EQ: Pending SELL order already exists for PNBHOUSING-EQ (Order ID: 251125001073992)
2025-11-25 16:29:48 | INFO | MONITOR_SLEEP | Sleeping for 20s (base=20s, consecutive_errors=0, monitoring_suspended=False)
