2025-11-30 10:54:20 | INFO | STARTUP | Logging initialized | log_dir=/root/santhosh/trading/equity/logs/2025-11-30
2025-11-30 10:54:20 | INFO | FEEDBACK_INIT | PerformanceFeedback initialized for adaptive trading
2025-11-30 10:54:20 | INFO | MONITOR | Backed up stale positions.json to positions.json.startup_1764480260
2025-11-30 10:54:20 | INFO | MONITOR | ✓ Cleared stale positions.json - will rebuild from broker holdings
2025-11-30 10:54:20 | INFO | MONITOR | Skipping file load - broker will be source of truth
2025-11-30 10:54:20 | INFO | HOLDINGS_SYNC | Fetching positions and holdings from broker...
2025-11-30 10:54:20 | INFO | HOLDINGS_SYNC | No positions or holdings found at broker
2025-11-30 10:54:20 | INFO | MONITOR | Position monitoring started with bucketed LTP checking
2025-11-30 10:54:20 | INFO | MONITOR | Event loop thread started
2025-11-30 10:54:20 | INFO | MONITOR | Event loop started successfully for priority queue
2025-11-30 10:54:51 | INFO | STARTUP | Logging initialized | log_dir=/root/santhosh/trading/equity/logs/2025-11-30
2025-11-30 10:54:52 | INFO | FEEDBACK_INIT | PerformanceFeedback initialized for adaptive trading
2025-11-30 10:54:52 | INFO | MONITOR | Backed up stale positions.json to positions.json.startup_1764480292
2025-11-30 10:54:52 | INFO | MONITOR | ✓ Cleared stale positions.json - will rebuild from broker holdings
2025-11-30 10:54:52 | INFO | MONITOR | Skipping file load - broker will be source of truth
2025-11-30 10:54:52 | INFO | HOLDINGS_SYNC | Fetching positions and holdings from broker...
2025-11-30 10:54:52 | INFO | HOLDINGS_SYNC | No positions or holdings found at broker
2025-11-30 10:54:52 | INFO | MONITOR | Position monitoring started with bucketed LTP checking
2025-11-30 10:54:52 | INFO | MONITOR | Event loop thread started
2025-11-30 10:54:52 | INFO | MONITOR | Event loop started successfully for priority queue
2025-11-30 10:54:52 | INFO | MONITOR | Priority API queue enabled and started
2025-11-30 10:54:52 | INFO | SL_RETRY | SL retry thread started - waiting 30s before initial placement (conserve startup API quota)
2025-11-30 10:54:52 | INFO | SL_RETRY | SL retry thread started successfully
2025-11-30 10:54:52 | INFO | MONITOR_SLEEP | Sleeping for 20s (base=20s, consecutive_errors=0, monitoring_suspended=False)
2025-11-30 10:55:10 | INFO | STARTUP | Logging initialized | log_dir=/root/santhosh/trading/equity/logs/2025-11-30
2025-11-30 10:55:11 | INFO | FEEDBACK_INIT | PerformanceFeedback initialized for adaptive trading
2025-11-30 10:55:11 | INFO | MONITOR | Backed up stale positions.json to positions.json.startup_1764480311
2025-11-30 10:55:11 | INFO | MONITOR | ✓ Cleared stale positions.json - will rebuild from broker holdings
2025-11-30 10:55:11 | INFO | MONITOR | Skipping file load - broker will be source of truth
2025-11-30 10:55:11 | INFO | HOLDINGS_SYNC | Fetching positions and holdings from broker...
2025-11-30 10:55:12 | INFO | HOLDINGS_SYNC | No positions or holdings found at broker
2025-11-30 10:55:12 | INFO | MONITOR | Position monitoring started with bucketed LTP checking
2025-11-30 10:55:12 | INFO | MONITOR | Event loop thread started
2025-11-30 10:55:12 | INFO | MONITOR | Event loop started successfully for priority queue
2025-11-30 10:55:12 | INFO | MONITOR | Priority API queue enabled and started
2025-11-30 10:55:12 | INFO | SL_RETRY | SL retry thread started - waiting 30s before initial placement (conserve startup API quota)
2025-11-30 10:55:12 | INFO | SL_RETRY | SL retry thread started successfully
2025-11-30 10:55:12 | INFO | MONITOR_SLEEP | Sleeping for 20s (base=20s, consecutive_errors=0, monitoring_suspended=False)
2025-11-30 10:55:32 | INFO | MONITOR_SLEEP | Sleeping for 20s (base=20s, consecutive_errors=0, monitoring_suspended=False)
2025-11-30 10:55:42 | INFO | SL_RETRY | SL retry thread active - conservative mode (1 SL per 20s, max 10 retries)
2025-11-30 10:55:52 | INFO | MONITOR_SLEEP | Sleeping for 20s (base=20s, consecutive_errors=0, monitoring_suspended=False)
2025-11-30 10:56:12 | INFO | MONITOR | Paper trades checked (next in 60s)
2025-11-30 10:56:12 | INFO | MONITOR_SLEEP | Sleeping for 20s (base=20s, consecutive_errors=0, monitoring_suspended=False)
2025-11-30 10:56:27 | INFO | STARTUP | Logging initialized | log_dir=/root/santhosh/trading/equity/logs/2025-11-30
2025-11-30 10:56:28 | INFO | FEEDBACK_INIT | PerformanceFeedback initialized for adaptive trading
2025-11-30 10:56:28 | INFO | MONITOR | Backed up stale positions.json to positions.json.startup_1764480388
2025-11-30 10:56:28 | INFO | MONITOR | ✓ Cleared stale positions.json - will rebuild from broker holdings
2025-11-30 10:56:28 | INFO | MONITOR | Skipping file load - broker will be source of truth
2025-11-30 10:56:28 | INFO | HOLDINGS_SYNC | Fetching positions and holdings from broker...
2025-11-30 10:56:28 | INFO | HOLDINGS_SYNC | No positions or holdings found at broker
2025-11-30 10:56:28 | INFO | MONITOR | Position monitoring started with bucketed LTP checking
2025-11-30 10:56:28 | INFO | MONITOR | Event loop thread started
2025-11-30 10:56:28 | INFO | MONITOR | Event loop started successfully for priority queue
2025-11-30 10:56:29 | INFO | MONITOR | Priority API queue enabled and started
2025-11-30 10:56:29 | INFO | SL_RETRY | SL retry thread started - waiting 30s before initial placement (conserve startup API quota)
2025-11-30 10:56:29 | INFO | SL_RETRY | SL retry thread started successfully
2025-11-30 10:56:29 | INFO | MONITOR_SLEEP | Sleeping for 20s (base=20s, consecutive_errors=0, monitoring_suspended=False)
2025-11-30 10:56:32 | INFO | MONITOR_SLEEP | Sleeping for 20s (base=20s, consecutive_errors=0, monitoring_suspended=False)
2025-11-30 10:56:49 | INFO | MONITOR_SLEEP | Sleeping for 20s (base=20s, consecutive_errors=0, monitoring_suspended=False)
2025-11-30 10:56:52 | INFO | MONITOR_SLEEP | Sleeping for 20s (base=20s, consecutive_errors=0, monitoring_suspended=False)
2025-11-30 10:56:59 | INFO | SL_RETRY | SL retry thread active - conservative mode (1 SL per 20s, max 10 retries)
2025-11-30 10:57:09 | INFO | MONITOR_SLEEP | Sleeping for 20s (base=20s, consecutive_errors=0, monitoring_suspended=False)
2025-11-30 10:57:12 | INFO | MONITOR | Paper trades checked (next in 60s)
2025-11-30 10:57:12 | INFO | MONITOR_SLEEP | Sleeping for 20s (base=20s, consecutive_errors=0, monitoring_suspended=False)
2025-11-30 10:57:29 | INFO | MONITOR | Paper trades checked (next in 60s)
2025-11-30 10:57:29 | INFO | MONITOR_SLEEP | Sleeping for 20s (base=20s, consecutive_errors=0, monitoring_suspended=False)
2025-11-30 10:57:32 | INFO | MONITOR_SLEEP | Sleeping for 20s (base=20s, consecutive_errors=0, monitoring_suspended=False)
2025-11-30 10:57:49 | INFO | MONITOR_SLEEP | Sleeping for 20s (base=20s, consecutive_errors=0, monitoring_suspended=False)
2025-11-30 10:57:52 | INFO | MONITOR_SLEEP | Sleeping for 20s (base=20s, consecutive_errors=0, monitoring_suspended=False)
2025-11-30 10:58:09 | INFO | MONITOR_SLEEP | Sleeping for 20s (base=20s, consecutive_errors=0, monitoring_suspended=False)
2025-11-30 10:58:12 | INFO | MONITOR | Paper trades checked (next in 60s)
2025-11-30 10:58:12 | INFO | MONITOR_SLEEP | Sleeping for 20s (base=20s, consecutive_errors=0, monitoring_suspended=False)
2025-11-30 10:58:29 | INFO | MONITOR | Paper trades checked (next in 60s)
2025-11-30 10:58:29 | INFO | MONITOR_SLEEP | Sleeping for 20s (base=20s, consecutive_errors=0, monitoring_suspended=False)
2025-11-30 10:58:32 | INFO | MONITOR_SLEEP | Sleeping for 20s (base=20s, consecutive_errors=0, monitoring_suspended=False)
2025-11-30 10:58:49 | INFO | MONITOR_SLEEP | Sleeping for 20s (base=20s, consecutive_errors=0, monitoring_suspended=False)
2025-11-30 10:58:52 | INFO | MONITOR_SLEEP | Sleeping for 20s (base=20s, consecutive_errors=0, monitoring_suspended=False)
2025-11-30 10:59:09 | INFO | MONITOR_SLEEP | Sleeping for 20s (base=20s, consecutive_errors=0, monitoring_suspended=False)
2025-11-30 10:59:12 | INFO | MONITOR | Paper trades checked (next in 60s)
2025-11-30 10:59:12 | INFO | MONITOR_SLEEP | Sleeping for 20s (base=20s, consecutive_errors=0, monitoring_suspended=False)
2025-11-30 10:59:29 | INFO | MONITOR | Paper trades checked (next in 60s)
2025-11-30 10:59:29 | INFO | MONITOR_SLEEP | Sleeping for 20s (base=20s, consecutive_errors=0, monitoring_suspended=False)
2025-11-30 10:59:32 | INFO | MONITOR_SLEEP | Sleeping for 20s (base=20s, consecutive_errors=0, monitoring_suspended=False)
2025-11-30 10:59:49 | INFO | MONITOR_SLEEP | Sleeping for 20s (base=20s, consecutive_errors=0, monitoring_suspended=False)
2025-11-30 10:59:52 | INFO | MONITOR_SLEEP | Sleeping for 20s (base=20s, consecutive_errors=0, monitoring_suspended=False)
2025-11-30 11:00:10 | INFO | STARTUP | Logging initialized | log_dir=/root/santhosh/trading/equity/logs/2025-11-30
2025-11-30 11:00:11 | INFO | FEEDBACK_INIT | PerformanceFeedback initialized for adaptive trading
2025-11-30 11:00:11 | INFO | MONITOR | Backed up stale positions.json to positions.json.startup_1764480611
2025-11-30 11:00:11 | INFO | MONITOR | ✓ Cleared stale positions.json - will rebuild from broker holdings
2025-11-30 11:00:11 | INFO | MONITOR | Skipping file load - broker will be source of truth
2025-11-30 11:00:11 | INFO | HOLDINGS_SYNC | Fetching positions and holdings from broker...
2025-11-30 11:00:11 | INFO | HOLDINGS_SYNC | No positions or holdings found at broker
2025-11-30 11:00:11 | INFO | MONITOR | Position monitoring started with bucketed LTP checking
2025-11-30 11:00:11 | INFO | MONITOR | Event loop thread started
2025-11-30 11:00:11 | INFO | MONITOR | Event loop started successfully for priority queue
2025-11-30 11:00:11 | INFO | MONITOR | Priority API queue enabled and started
2025-11-30 11:00:11 | INFO | SL_RETRY | SL retry thread started - waiting 30s before initial placement (conserve startup API quota)
2025-11-30 11:00:11 | INFO | SL_RETRY | SL retry thread started successfully
2025-11-30 11:00:11 | INFO | MONITOR_SLEEP | Sleeping for 20s (base=20s, consecutive_errors=0, monitoring_suspended=False)
2025-11-30 11:00:23 | INFO | STARTUP | Logging initialized | log_dir=/root/santhosh/trading/equity/logs/2025-11-30
2025-11-30 11:00:23 | INFO | FEEDBACK_INIT | PerformanceFeedback initialized for adaptive trading
2025-11-30 11:00:23 | INFO | MONITOR | Backed up stale positions.json to positions.json.startup_1764480623
2025-11-30 11:00:23 | INFO | MONITOR | ✓ Cleared stale positions.json - will rebuild from broker holdings
2025-11-30 11:00:23 | INFO | MONITOR | Skipping file load - broker will be source of truth
2025-11-30 11:00:23 | INFO | HOLDINGS_SYNC | Fetching positions and holdings from broker...
2025-11-30 11:00:23 | INFO | HOLDINGS_SYNC | No positions or holdings found at broker
2025-11-30 11:00:23 | INFO | MONITOR | Position monitoring started with bucketed LTP checking
2025-11-30 11:00:23 | INFO | MONITOR | Event loop thread started
2025-11-30 11:00:23 | INFO | MONITOR | Event loop started successfully for priority queue
2025-11-30 11:00:24 | INFO | MONITOR | Priority API queue enabled and started
2025-11-30 11:00:24 | INFO | SL_RETRY | SL retry thread started - waiting 30s before initial placement (conserve startup API quota)
2025-11-30 11:00:24 | INFO | SL_RETRY | SL retry thread started successfully
2025-11-30 11:00:24 | INFO | MONITOR_SLEEP | Sleeping for 20s (base=20s, consecutive_errors=0, monitoring_suspended=False)
2025-11-30 11:00:31 | INFO | MONITOR_SLEEP | Sleeping for 20s (base=20s, consecutive_errors=0, monitoring_suspended=False)
2025-11-30 11:00:41 | INFO | SL_RETRY | SL retry thread active - conservative mode (1 SL per 20s, max 10 retries)
2025-11-30 11:00:44 | INFO | MONITOR_SLEEP | Sleeping for 20s (base=20s, consecutive_errors=0, monitoring_suspended=False)
2025-11-30 11:00:51 | INFO | MONITOR_SLEEP | Sleeping for 20s (base=20s, consecutive_errors=0, monitoring_suspended=False)
2025-11-30 11:00:54 | INFO | SL_RETRY | SL retry thread active - conservative mode (1 SL per 20s, max 10 retries)
2025-11-30 11:01:04 | INFO | MONITOR_SLEEP | Sleeping for 20s (base=20s, consecutive_errors=0, monitoring_suspended=False)
2025-11-30 11:01:11 | INFO | MONITOR | Paper trades checked (next in 60s)
2025-11-30 11:01:11 | INFO | MONITOR_SLEEP | Sleeping for 20s (base=20s, consecutive_errors=0, monitoring_suspended=False)
2025-11-30 11:01:24 | INFO | MONITOR | Paper trades checked (next in 60s)
2025-11-30 11:01:24 | INFO | MONITOR_SLEEP | Sleeping for 20s (base=20s, consecutive_errors=0, monitoring_suspended=False)
2025-11-30 11:01:31 | INFO | MONITOR_SLEEP | Sleeping for 20s (base=20s, consecutive_errors=0, monitoring_suspended=False)
2025-11-30 11:01:44 | INFO | MONITOR_SLEEP | Sleeping for 20s (base=20s, consecutive_errors=0, monitoring_suspended=False)
2025-11-30 11:01:51 | INFO | MONITOR_SLEEP | Sleeping for 20s (base=20s, consecutive_errors=0, monitoring_suspended=False)
2025-11-30 11:02:04 | INFO | MONITOR_SLEEP | Sleeping for 20s (base=20s, consecutive_errors=0, monitoring_suspended=False)
2025-11-30 11:02:11 | INFO | MONITOR | Paper trades checked (next in 60s)
2025-11-30 11:02:11 | INFO | MONITOR_SLEEP | Sleeping for 20s (base=20s, consecutive_errors=0, monitoring_suspended=False)
2025-11-30 11:02:24 | INFO | MONITOR | Paper trades checked (next in 60s)
2025-11-30 11:02:24 | INFO | MONITOR_SLEEP | Sleeping for 20s (base=20s, consecutive_errors=0, monitoring_suspended=False)
2025-11-30 11:02:31 | INFO | MONITOR_SLEEP | Sleeping for 20s (base=20s, consecutive_errors=0, monitoring_suspended=False)
2025-11-30 11:02:43 | INFO | STARTUP | Logging initialized | log_dir=/root/santhosh/trading/equity/logs/2025-11-30
2025-11-30 11:02:43 | INFO | FEEDBACK_INIT | PerformanceFeedback initialized for adaptive trading
2025-11-30 11:02:43 | INFO | MONITOR | Backed up stale positions.json to positions.json.startup_1764480763
2025-11-30 11:02:43 | INFO | MONITOR | ✓ Cleared stale positions.json - will rebuild from broker holdings
2025-11-30 11:02:43 | INFO | MONITOR | Skipping file load - broker will be source of truth
2025-11-30 11:02:43 | INFO | HOLDINGS_SYNC | Fetching positions and holdings from broker...
2025-11-30 11:02:43 | INFO | HOLDINGS_SYNC | No positions or holdings found at broker
2025-11-30 11:02:43 | INFO | MONITOR | Position monitoring started with bucketed LTP checking
2025-11-30 11:02:43 | INFO | MONITOR | Event loop thread started
2025-11-30 11:02:44 | INFO | MONITOR | Event loop started successfully for priority queue
2025-11-30 11:02:44 | INFO | MONITOR_SLEEP | Sleeping for 20s (base=20s, consecutive_errors=0, monitoring_suspended=False)
2025-11-30 11:02:51 | INFO | MONITOR_SLEEP | Sleeping for 20s (base=20s, consecutive_errors=0, monitoring_suspended=False)
2025-11-30 11:03:04 | INFO | MONITOR_SLEEP | Sleeping for 20s (base=20s, consecutive_errors=0, monitoring_suspended=False)
2025-11-30 11:03:11 | INFO | MONITOR | Paper trades checked (next in 60s)
2025-11-30 11:03:11 | INFO | MONITOR_SLEEP | Sleeping for 20s (base=20s, consecutive_errors=0, monitoring_suspended=False)
2025-11-30 11:03:24 | INFO | MONITOR | Paper trades checked (next in 60s)
2025-11-30 11:03:24 | INFO | MONITOR_SLEEP | Sleeping for 20s (base=20s, consecutive_errors=0, monitoring_suspended=False)
2025-11-30 11:03:31 | INFO | MONITOR_SLEEP | Sleeping for 20s (base=20s, consecutive_errors=0, monitoring_suspended=False)
2025-11-30 11:03:44 | INFO | MONITOR_SLEEP | Sleeping for 20s (base=20s, consecutive_errors=0, monitoring_suspended=False)
2025-11-30 11:03:51 | INFO | MONITOR_SLEEP | Sleeping for 20s (base=20s, consecutive_errors=0, monitoring_suspended=False)
2025-11-30 11:04:04 | INFO | MONITOR_SLEEP | Sleeping for 20s (base=20s, consecutive_errors=0, monitoring_suspended=False)
2025-11-30 11:04:11 | INFO | MONITOR | Paper trades checked (next in 60s)
2025-11-30 11:04:11 | INFO | MONITOR_SLEEP | Sleeping for 20s (base=20s, consecutive_errors=0, monitoring_suspended=False)
2025-11-30 11:04:24 | INFO | MONITOR | Paper trades checked (next in 60s)
2025-11-30 11:04:24 | INFO | MONITOR_SLEEP | Sleeping for 20s (base=20s, consecutive_errors=0, monitoring_suspended=False)
2025-11-30 11:04:31 | INFO | MONITOR_SLEEP | Sleeping for 20s (base=20s, consecutive_errors=0, monitoring_suspended=False)
2025-11-30 11:04:44 | INFO | MONITOR_SLEEP | Sleeping for 20s (base=20s, consecutive_errors=0, monitoring_suspended=False)
2025-11-30 11:04:51 | INFO | MONITOR_SLEEP | Sleeping for 20s (base=20s, consecutive_errors=0, monitoring_suspended=False)
2025-11-30 11:05:04 | INFO | MONITOR_SLEEP | Sleeping for 20s (base=20s, consecutive_errors=0, monitoring_suspended=False)
2025-11-30 11:05:12 | INFO | STARTUP | Logging initialized | log_dir=/root/santhosh/trading/equity/logs/2025-11-30
2025-11-30 11:05:13 | INFO | FEEDBACK_INIT | PerformanceFeedback initialized for adaptive trading
2025-11-30 11:05:13 | INFO | MONITOR | Backed up stale positions.json to positions.json.startup_1764480913
2025-11-30 11:05:13 | INFO | MONITOR | ✓ Cleared stale positions.json - will rebuild from broker holdings
2025-11-30 11:05:13 | INFO | MONITOR | Skipping file load - broker will be source of truth
2025-11-30 11:05:13 | INFO | HOLDINGS_SYNC | Fetching positions and holdings from broker...
2025-11-30 11:05:13 | INFO | HOLDINGS_SYNC | No positions or holdings found at broker
2025-11-30 11:05:13 | INFO | MONITOR | Position monitoring started with bucketed LTP checking
2025-11-30 11:05:13 | INFO | MONITOR | Event loop thread started
2025-11-30 11:05:13 | INFO | MONITOR | Event loop started successfully for priority queue
2025-11-30 11:05:14 | INFO | MONITOR | Priority API queue enabled and started
2025-11-30 11:05:14 | INFO | SL_RETRY | SL retry thread started - waiting 30s before initial placement (conserve startup API quota)
2025-11-30 11:05:14 | INFO | SL_RETRY | SL retry thread started successfully
2025-11-30 11:05:14 | INFO | MONITOR_SLEEP | Sleeping for 20s (base=20s, consecutive_errors=0, monitoring_suspended=False)
2025-11-30 11:05:34 | INFO | MONITOR_SLEEP | Sleeping for 20s (base=20s, consecutive_errors=0, monitoring_suspended=False)
2025-11-30 11:05:44 | INFO | SL_RETRY | SL retry thread active - conservative mode (1 SL per 20s, max 10 retries)
2025-11-30 11:05:54 | INFO | MONITOR_SLEEP | Sleeping for 20s (base=20s, consecutive_errors=0, monitoring_suspended=False)
2025-11-30 11:06:14 | INFO | MONITOR | Paper trades checked (next in 60s)
2025-11-30 11:06:14 | INFO | MONITOR_SLEEP | Sleeping for 20s (base=20s, consecutive_errors=0, monitoring_suspended=False)
2025-11-30 11:06:34 | INFO | MONITOR_SLEEP | Sleeping for 20s (base=20s, consecutive_errors=0, monitoring_suspended=False)
2025-11-30 11:06:54 | INFO | MONITOR_SLEEP | Sleeping for 20s (base=20s, consecutive_errors=0, monitoring_suspended=False)
2025-11-30 11:07:14 | INFO | MONITOR | Paper trades checked (next in 60s)
2025-11-30 11:07:14 | INFO | MONITOR_SLEEP | Sleeping for 20s (base=20s, consecutive_errors=0, monitoring_suspended=False)
2025-11-30 11:07:34 | INFO | MONITOR_SLEEP | Sleeping for 20s (base=20s, consecutive_errors=0, monitoring_suspended=False)
2025-11-30 11:07:54 | INFO | MONITOR_SLEEP | Sleeping for 20s (base=20s, consecutive_errors=0, monitoring_suspended=False)
2025-11-30 11:08:14 | INFO | MONITOR | Paper trades checked (next in 60s)
2025-11-30 11:08:14 | INFO | MONITOR_SLEEP | Sleeping for 20s (base=20s, consecutive_errors=0, monitoring_suspended=False)
2025-11-30 11:08:34 | INFO | MONITOR_SLEEP | Sleeping for 20s (base=20s, consecutive_errors=0, monitoring_suspended=False)
2025-11-30 11:08:54 | INFO | MONITOR_SLEEP | Sleeping for 20s (base=20s, consecutive_errors=0, monitoring_suspended=False)
2025-11-30 11:09:14 | INFO | MONITOR | Paper trades checked (next in 60s)
2025-11-30 11:09:14 | INFO | MONITOR_SLEEP | Sleeping for 20s (base=20s, consecutive_errors=0, monitoring_suspended=False)
2025-11-30 11:09:28 | INFO | STARTUP | Logging initialized | log_dir=/root/santhosh/trading/equity/logs/2025-11-30
2025-11-30 11:09:28 | INFO | FEEDBACK_INIT | PerformanceFeedback initialized for adaptive trading
2025-11-30 11:09:28 | INFO | MONITOR | Backed up stale positions.json to positions.json.startup_1764481168
2025-11-30 11:09:28 | INFO | MONITOR | ✓ Cleared stale positions.json - will rebuild from broker holdings
2025-11-30 11:09:28 | INFO | MONITOR | Skipping file load - broker will be source of truth
2025-11-30 11:09:28 | INFO | HOLDINGS_SYNC | Fetching positions and holdings from broker...
2025-11-30 11:09:28 | INFO | HOLDINGS_SYNC | No positions or holdings found at broker
2025-11-30 11:09:28 | INFO | MONITOR | Position monitoring started with bucketed LTP checking
2025-11-30 11:09:28 | INFO | MONITOR | Event loop thread started
2025-11-30 11:09:29 | INFO | MONITOR | Event loop started successfully for priority queue
2025-11-30 11:09:29 | INFO | MONITOR | Priority API queue enabled and started
2025-11-30 11:09:29 | INFO | SL_RETRY | SL retry thread started - waiting 30s before initial placement (conserve startup API quota)
2025-11-30 11:09:29 | INFO | SL_RETRY | SL retry thread started successfully
2025-11-30 11:09:29 | INFO | MONITOR_SLEEP | Sleeping for 20s (base=20s, consecutive_errors=0, monitoring_suspended=False)
2025-11-30 11:09:34 | INFO | MONITOR_SLEEP | Sleeping for 20s (base=20s, consecutive_errors=0, monitoring_suspended=False)
2025-11-30 11:09:49 | INFO | MONITOR_SLEEP | Sleeping for 20s (base=20s, consecutive_errors=0, monitoring_suspended=False)
2025-11-30 11:09:54 | INFO | MONITOR_SLEEP | Sleeping for 20s (base=20s, consecutive_errors=0, monitoring_suspended=False)
2025-11-30 11:09:59 | INFO | SL_RETRY | SL retry thread active - conservative mode (1 SL per 20s, max 10 retries)
2025-11-30 11:10:13 | INFO | STARTUP | Logging initialized | log_dir=/root/santhosh/trading/equity/logs/2025-11-30
2025-11-30 11:10:14 | INFO | FEEDBACK_INIT | PerformanceFeedback initialized for adaptive trading
2025-11-30 11:10:14 | INFO | MONITOR | Backed up stale positions.json to positions.json.startup_1764481214
2025-11-30 11:10:14 | INFO | MONITOR | ✓ Cleared stale positions.json - will rebuild from broker holdings
2025-11-30 11:10:14 | INFO | MONITOR | Skipping file load - broker will be source of truth
2025-11-30 11:10:14 | INFO | HOLDINGS_SYNC | Fetching positions and holdings from broker...
2025-11-30 11:10:14 | INFO | HOLDINGS_SYNC | No positions or holdings found at broker
2025-11-30 11:10:14 | INFO | MONITOR | Position monitoring started with bucketed LTP checking
2025-11-30 11:10:14 | INFO | MONITOR | Event loop thread started
2025-11-30 11:10:14 | INFO | MONITOR | Event loop started successfully for priority queue
2025-11-30 11:10:15 | INFO | MONITOR | Priority API queue enabled and started
2025-11-30 11:10:15 | INFO | SL_RETRY | SL retry thread started - waiting 30s before initial placement (conserve startup API quota)
2025-11-30 11:10:15 | INFO | SL_RETRY | SL retry thread started successfully
2025-11-30 11:10:15 | INFO | MONITOR_SLEEP | Sleeping for 20s (base=20s, consecutive_errors=0, monitoring_suspended=False)
2025-11-30 11:10:35 | INFO | MONITOR_SLEEP | Sleeping for 20s (base=20s, consecutive_errors=0, monitoring_suspended=False)
2025-11-30 11:10:45 | INFO | SL_RETRY | SL retry thread active - conservative mode (1 SL per 20s, max 10 retries)
2025-11-30 11:10:46 | INFO | STARTUP | Logging initialized | log_dir=/root/santhosh/trading/equity/logs/2025-11-30
2025-11-30 11:10:47 | INFO | FEEDBACK_INIT | PerformanceFeedback initialized for adaptive trading
2025-11-30 11:10:47 | INFO | MONITOR | Backed up stale positions.json to positions.json.startup_1764481247
2025-11-30 11:10:47 | INFO | MONITOR | ✓ Cleared stale positions.json - will rebuild from broker holdings
2025-11-30 11:10:47 | INFO | MONITOR | Skipping file load - broker will be source of truth
2025-11-30 11:10:47 | INFO | HOLDINGS_SYNC | Fetching positions and holdings from broker...
2025-11-30 11:10:47 | INFO | HOLDINGS_SYNC | No positions or holdings found at broker
2025-11-30 11:10:47 | INFO | MONITOR | Position monitoring started with bucketed LTP checking
2025-11-30 11:10:47 | INFO | MONITOR | Event loop thread started
2025-11-30 11:10:47 | INFO | MONITOR | Event loop started successfully for priority queue
2025-11-30 11:10:48 | INFO | MONITOR | Priority API queue enabled and started
2025-11-30 11:10:48 | INFO | SL_RETRY | SL retry thread started - waiting 30s before initial placement (conserve startup API quota)
2025-11-30 11:10:48 | INFO | SL_RETRY | SL retry thread started successfully
2025-11-30 11:10:48 | INFO | MONITOR_SLEEP | Sleeping for 20s (base=20s, consecutive_errors=0, monitoring_suspended=False)
2025-11-30 11:10:55 | INFO | MONITOR_SLEEP | Sleeping for 20s (base=20s, consecutive_errors=0, monitoring_suspended=False)
2025-11-30 11:11:08 | INFO | MONITOR_SLEEP | Sleeping for 20s (base=20s, consecutive_errors=0, monitoring_suspended=False)
2025-11-30 11:11:15 | INFO | MONITOR | Paper trades checked (next in 60s)
2025-11-30 11:11:15 | INFO | MONITOR_SLEEP | Sleeping for 20s (base=20s, consecutive_errors=0, monitoring_suspended=False)
2025-11-30 11:11:18 | INFO | SL_RETRY | SL retry thread active - conservative mode (1 SL per 20s, max 10 retries)
2025-11-30 11:11:28 | INFO | MONITOR_SLEEP | Sleeping for 20s (base=20s, consecutive_errors=0, monitoring_suspended=False)
2025-11-30 11:11:35 | INFO | MONITOR_SLEEP | Sleeping for 20s (base=20s, consecutive_errors=0, monitoring_suspended=False)
2025-11-30 11:11:48 | INFO | MONITOR | Paper trades checked (next in 60s)
2025-11-30 11:11:48 | INFO | MONITOR_SLEEP | Sleeping for 20s (base=20s, consecutive_errors=0, monitoring_suspended=False)
2025-11-30 11:11:55 | INFO | MONITOR_SLEEP | Sleeping for 20s (base=20s, consecutive_errors=0, monitoring_suspended=False)
2025-11-30 11:12:08 | INFO | MONITOR_SLEEP | Sleeping for 20s (base=20s, consecutive_errors=0, monitoring_suspended=False)
2025-11-30 11:12:15 | INFO | MONITOR | Paper trades checked (next in 60s)
2025-11-30 11:12:15 | INFO | MONITOR_SLEEP | Sleeping for 20s (base=20s, consecutive_errors=0, monitoring_suspended=False)
2025-11-30 11:12:28 | INFO | MONITOR_SLEEP | Sleeping for 20s (base=20s, consecutive_errors=0, monitoring_suspended=False)
2025-11-30 11:12:35 | INFO | MONITOR_SLEEP | Sleeping for 20s (base=20s, consecutive_errors=0, monitoring_suspended=False)
2025-11-30 11:12:48 | INFO | MONITOR | Paper trades checked (next in 60s)
2025-11-30 11:12:48 | INFO | MONITOR_SLEEP | Sleeping for 20s (base=20s, consecutive_errors=0, monitoring_suspended=False)
2025-11-30 11:12:55 | INFO | MONITOR_SLEEP | Sleeping for 20s (base=20s, consecutive_errors=0, monitoring_suspended=False)
2025-11-30 11:13:08 | INFO | MONITOR_SLEEP | Sleeping for 20s (base=20s, consecutive_errors=0, monitoring_suspended=False)
2025-11-30 11:13:15 | INFO | MONITOR | Paper trades checked (next in 60s)
2025-11-30 11:13:15 | INFO | MONITOR_SLEEP | Sleeping for 20s (base=20s, consecutive_errors=0, monitoring_suspended=False)
2025-11-30 11:13:28 | INFO | MONITOR_SLEEP | Sleeping for 20s (base=20s, consecutive_errors=0, monitoring_suspended=False)
2025-11-30 11:13:35 | INFO | MONITOR_SLEEP | Sleeping for 20s (base=20s, consecutive_errors=0, monitoring_suspended=False)
2025-11-30 11:13:48 | INFO | MONITOR | Paper trades checked (next in 60s)
2025-11-30 11:13:48 | INFO | MONITOR_SLEEP | Sleeping for 20s (base=20s, consecutive_errors=0, monitoring_suspended=False)
2025-11-30 11:13:55 | INFO | MONITOR_SLEEP | Sleeping for 20s (base=20s, consecutive_errors=0, monitoring_suspended=False)
2025-11-30 11:14:08 | INFO | MONITOR_SLEEP | Sleeping for 20s (base=20s, consecutive_errors=0, monitoring_suspended=False)
2025-11-30 11:14:15 | INFO | MONITOR | Paper trades checked (next in 60s)
2025-11-30 11:14:15 | INFO | MONITOR_SLEEP | Sleeping for 20s (base=20s, consecutive_errors=0, monitoring_suspended=False)
2025-11-30 11:14:28 | INFO | MONITOR_SLEEP | Sleeping for 20s (base=20s, consecutive_errors=0, monitoring_suspended=False)
2025-11-30 11:14:35 | INFO | MONITOR_SLEEP | Sleeping for 20s (base=20s, consecutive_errors=0, monitoring_suspended=False)
2025-11-30 11:14:48 | INFO | MONITOR | Paper trades checked (next in 60s)
2025-11-30 11:14:48 | INFO | MONITOR_SLEEP | Sleeping for 20s (base=20s, consecutive_errors=0, monitoring_suspended=False)
2025-11-30 11:14:55 | INFO | MONITOR_SLEEP | Sleeping for 20s (base=20s, consecutive_errors=0, monitoring_suspended=False)
2025-11-30 11:15:10 | INFO | STARTUP | Logging initialized | log_dir=/root/santhosh/trading/equity/logs/2025-11-30
2025-11-30 11:15:11 | INFO | FEEDBACK_INIT | PerformanceFeedback initialized for adaptive trading
2025-11-30 11:15:11 | INFO | MONITOR | Backed up stale positions.json to positions.json.startup_1764481511
2025-11-30 11:15:11 | INFO | MONITOR | ✓ Cleared stale positions.json - will rebuild from broker holdings
2025-11-30 11:15:11 | INFO | MONITOR | Skipping file load - broker will be source of truth
2025-11-30 11:15:11 | INFO | HOLDINGS_SYNC | Fetching positions and holdings from broker...
2025-11-30 11:15:11 | INFO | HOLDINGS_SYNC | No positions or holdings found at broker
2025-11-30 11:15:11 | INFO | MONITOR | Position monitoring started with bucketed LTP checking
2025-11-30 11:15:11 | INFO | MONITOR | Event loop thread started
2025-11-30 11:15:11 | INFO | MONITOR | Event loop started successfully for priority queue
2025-11-30 11:15:12 | INFO | MONITOR | Priority API queue enabled and started
2025-11-30 11:15:12 | INFO | SL_RETRY | SL retry thread started - waiting 30s before initial placement (conserve startup API quota)
2025-11-30 11:15:12 | INFO | SL_RETRY | SL retry thread started successfully
2025-11-30 11:15:12 | INFO | MONITOR_SLEEP | Sleeping for 20s (base=20s, consecutive_errors=0, monitoring_suspended=False)
2025-11-30 11:15:32 | INFO | MONITOR_SLEEP | Sleeping for 20s (base=20s, consecutive_errors=0, monitoring_suspended=False)
2025-11-30 11:15:42 | INFO | SL_RETRY | SL retry thread active - conservative mode (1 SL per 20s, max 10 retries)
2025-11-30 11:15:52 | INFO | MONITOR_SLEEP | Sleeping for 20s (base=20s, consecutive_errors=0, monitoring_suspended=False)
2025-11-30 11:16:12 | INFO | MONITOR | Paper trades checked (next in 60s)
2025-11-30 11:16:12 | INFO | MONITOR_SLEEP | Sleeping for 20s (base=20s, consecutive_errors=0, monitoring_suspended=False)
2025-11-30 11:16:32 | INFO | MONITOR_SLEEP | Sleeping for 20s (base=20s, consecutive_errors=0, monitoring_suspended=False)
2025-11-30 11:16:52 | INFO | MONITOR_SLEEP | Sleeping for 20s (base=20s, consecutive_errors=0, monitoring_suspended=False)
2025-11-30 11:17:12 | INFO | MONITOR | Paper trades checked (next in 60s)
2025-11-30 11:17:12 | INFO | MONITOR_SLEEP | Sleeping for 20s (base=20s, consecutive_errors=0, monitoring_suspended=False)
2025-11-30 11:17:32 | INFO | MONITOR_SLEEP | Sleeping for 20s (base=20s, consecutive_errors=0, monitoring_suspended=False)
2025-11-30 11:17:52 | INFO | MONITOR_SLEEP | Sleeping for 20s (base=20s, consecutive_errors=0, monitoring_suspended=False)
2025-11-30 11:18:12 | INFO | MONITOR | Paper trades checked (next in 60s)
2025-11-30 11:18:12 | INFO | MONITOR_SLEEP | Sleeping for 20s (base=20s, consecutive_errors=0, monitoring_suspended=False)
2025-11-30 11:18:32 | INFO | MONITOR_SLEEP | Sleeping for 20s (base=20s, consecutive_errors=0, monitoring_suspended=False)
2025-11-30 11:18:52 | INFO | MONITOR_SLEEP | Sleeping for 20s (base=20s, consecutive_errors=0, monitoring_suspended=False)
2025-11-30 11:19:12 | INFO | MONITOR | Paper trades checked (next in 60s)
2025-11-30 11:19:12 | INFO | MONITOR_SLEEP | Sleeping for 20s (base=20s, consecutive_errors=0, monitoring_suspended=False)
2025-11-30 11:19:32 | INFO | MONITOR_SLEEP | Sleeping for 20s (base=20s, consecutive_errors=0, monitoring_suspended=False)
2025-11-30 11:19:52 | INFO | MONITOR_SLEEP | Sleeping for 20s (base=20s, consecutive_errors=0, monitoring_suspended=False)
2025-11-30 11:20:12 | INFO | MONITOR | Paper trades checked (next in 60s)
2025-11-30 11:20:12 | INFO | MONITOR_SLEEP | Sleeping for 20s (base=20s, consecutive_errors=0, monitoring_suspended=False)
2025-11-30 11:20:32 | INFO | MONITOR_SLEEP | Sleeping for 20s (base=20s, consecutive_errors=0, monitoring_suspended=False)
2025-11-30 11:20:52 | INFO | MONITOR_SLEEP | Sleeping for 20s (base=20s, consecutive_errors=0, monitoring_suspended=False)
2025-11-30 11:21:12 | INFO | MONITOR | Paper trades checked (next in 60s)
2025-11-30 11:21:12 | INFO | MONITOR_SLEEP | Sleeping for 20s (base=20s, consecutive_errors=0, monitoring_suspended=False)
2025-11-30 11:21:32 | INFO | MONITOR_SLEEP | Sleeping for 20s (base=20s, consecutive_errors=0, monitoring_suspended=False)
2025-11-30 11:21:52 | INFO | MONITOR_SLEEP | Sleeping for 20s (base=20s, consecutive_errors=0, monitoring_suspended=False)
2025-11-30 11:22:12 | INFO | MONITOR | Paper trades checked (next in 60s)
2025-11-30 11:22:12 | INFO | MONITOR_SLEEP | Sleeping for 20s (base=20s, consecutive_errors=0, monitoring_suspended=False)
2025-11-30 11:22:32 | INFO | MONITOR_SLEEP | Sleeping for 20s (base=20s, consecutive_errors=0, monitoring_suspended=False)
2025-11-30 11:22:52 | INFO | MONITOR_SLEEP | Sleeping for 20s (base=20s, consecutive_errors=0, monitoring_suspended=False)
2025-11-30 11:23:12 | INFO | MONITOR | Paper trades checked (next in 60s)
2025-11-30 11:23:12 | INFO | MONITOR_SLEEP | Sleeping for 20s (base=20s, consecutive_errors=0, monitoring_suspended=False)
2025-11-30 11:23:32 | INFO | MONITOR_SLEEP | Sleeping for 20s (base=20s, consecutive_errors=0, monitoring_suspended=False)
2025-11-30 11:23:52 | INFO | MONITOR_SLEEP | Sleeping for 20s (base=20s, consecutive_errors=0, monitoring_suspended=False)
2025-11-30 11:24:12 | INFO | MONITOR | Paper trades checked (next in 60s)
2025-11-30 11:24:12 | INFO | MONITOR_SLEEP | Sleeping for 20s (base=20s, consecutive_errors=0, monitoring_suspended=False)
2025-11-30 11:24:32 | INFO | MONITOR_SLEEP | Sleeping for 20s (base=20s, consecutive_errors=0, monitoring_suspended=False)
2025-11-30 11:24:52 | INFO | MONITOR_SLEEP | Sleeping for 20s (base=20s, consecutive_errors=0, monitoring_suspended=False)
2025-11-30 11:25:12 | INFO | MONITOR | Paper trades checked (next in 60s)
2025-11-30 11:25:12 | INFO | MONITOR_SLEEP | Sleeping for 20s (base=20s, consecutive_errors=0, monitoring_suspended=False)
2025-11-30 11:25:32 | INFO | MONITOR_SLEEP | Sleeping for 20s (base=20s, consecutive_errors=0, monitoring_suspended=False)
2025-11-30 11:25:52 | INFO | MONITOR_SLEEP | Sleeping for 20s (base=20s, consecutive_errors=0, monitoring_suspended=False)
2025-11-30 11:26:12 | INFO | MONITOR | Paper trades checked (next in 60s)
2025-11-30 11:26:12 | INFO | MONITOR_SLEEP | Sleeping for 20s (base=20s, consecutive_errors=0, monitoring_suspended=False)
2025-11-30 11:26:32 | INFO | MONITOR_SLEEP | Sleeping for 20s (base=20s, consecutive_errors=0, monitoring_suspended=False)
2025-11-30 11:26:52 | INFO | MONITOR_SLEEP | Sleeping for 20s (base=20s, consecutive_errors=0, monitoring_suspended=False)
2025-11-30 11:27:12 | INFO | MONITOR | Paper trades checked (next in 60s)
2025-11-30 11:27:12 | INFO | MONITOR_SLEEP | Sleeping for 20s (base=20s, consecutive_errors=0, monitoring_suspended=False)
2025-11-30 11:27:32 | INFO | MONITOR_SLEEP | Sleeping for 20s (base=20s, consecutive_errors=0, monitoring_suspended=False)
2025-11-30 11:27:52 | INFO | MONITOR_SLEEP | Sleeping for 20s (base=20s, consecutive_errors=0, monitoring_suspended=False)
2025-11-30 11:28:12 | INFO | MONITOR | Paper trades checked (next in 60s)
2025-11-30 11:28:12 | INFO | MONITOR_SLEEP | Sleeping for 20s (base=20s, consecutive_errors=0, monitoring_suspended=False)
2025-11-30 11:28:32 | INFO | MONITOR_SLEEP | Sleeping for 20s (base=20s, consecutive_errors=0, monitoring_suspended=False)
2025-11-30 11:28:52 | INFO | MONITOR_SLEEP | Sleeping for 20s (base=20s, consecutive_errors=0, monitoring_suspended=False)
2025-11-30 11:29:12 | INFO | MONITOR | Paper trades checked (next in 60s)
2025-11-30 11:29:12 | INFO | MONITOR_SLEEP | Sleeping for 20s (base=20s, consecutive_errors=0, monitoring_suspended=False)
2025-11-30 11:29:32 | INFO | MONITOR_SLEEP | Sleeping for 20s (base=20s, consecutive_errors=0, monitoring_suspended=False)
2025-11-30 11:29:52 | INFO | MONITOR_SLEEP | Sleeping for 20s (base=20s, consecutive_errors=0, monitoring_suspended=False)
2025-11-30 11:30:12 | INFO | MONITOR | Paper trades checked (next in 60s)
2025-11-30 11:30:12 | INFO | MONITOR_SLEEP | Sleeping for 20s (base=20s, consecutive_errors=0, monitoring_suspended=False)
2025-11-30 11:30:32 | INFO | MONITOR_SLEEP | Sleeping for 20s (base=20s, consecutive_errors=0, monitoring_suspended=False)
2025-11-30 11:30:52 | INFO | MONITOR_SLEEP | Sleeping for 20s (base=20s, consecutive_errors=0, monitoring_suspended=False)
2025-11-30 11:31:12 | INFO | MONITOR | Paper trades checked (next in 60s)
2025-11-30 11:31:12 | INFO | MONITOR_SLEEP | Sleeping for 20s (base=20s, consecutive_errors=0, monitoring_suspended=False)
2025-11-30 11:31:32 | INFO | MONITOR_SLEEP | Sleeping for 20s (base=20s, consecutive_errors=0, monitoring_suspended=False)
2025-11-30 11:31:52 | INFO | MONITOR_SLEEP | Sleeping for 20s (base=20s, consecutive_errors=0, monitoring_suspended=False)
2025-11-30 11:32:12 | INFO | MONITOR | Paper trades checked (next in 60s)
2025-11-30 11:32:12 | INFO | MONITOR_SLEEP | Sleeping for 20s (base=20s, consecutive_errors=0, monitoring_suspended=False)
2025-11-30 11:32:32 | INFO | MONITOR_SLEEP | Sleeping for 20s (base=20s, consecutive_errors=0, monitoring_suspended=False)
2025-11-30 11:32:52 | INFO | MONITOR_SLEEP | Sleeping for 20s (base=20s, consecutive_errors=0, monitoring_suspended=False)
2025-11-30 11:33:12 | INFO | MONITOR | Paper trades checked (next in 60s)
2025-11-30 11:33:12 | INFO | MONITOR_SLEEP | Sleeping for 20s (base=20s, consecutive_errors=0, monitoring_suspended=False)
2025-11-30 11:33:32 | INFO | MONITOR_SLEEP | Sleeping for 20s (base=20s, consecutive_errors=0, monitoring_suspended=False)
2025-11-30 11:33:52 | INFO | MONITOR_SLEEP | Sleeping for 20s (base=20s, consecutive_errors=0, monitoring_suspended=False)
2025-11-30 11:34:12 | INFO | MONITOR | Paper trades checked (next in 60s)
2025-11-30 11:34:12 | INFO | MONITOR_SLEEP | Sleeping for 20s (base=20s, consecutive_errors=0, monitoring_suspended=False)
2025-11-30 11:34:32 | INFO | MONITOR_SLEEP | Sleeping for 20s (base=20s, consecutive_errors=0, monitoring_suspended=False)
2025-11-30 11:34:52 | INFO | MONITOR_SLEEP | Sleeping for 20s (base=20s, consecutive_errors=0, monitoring_suspended=False)
2025-11-30 11:35:12 | INFO | MONITOR | Paper trades checked (next in 60s)
2025-11-30 11:35:12 | INFO | MONITOR_SLEEP | Sleeping for 20s (base=20s, consecutive_errors=0, monitoring_suspended=False)
2025-11-30 11:35:32 | INFO | MONITOR_SLEEP | Sleeping for 20s (base=20s, consecutive_errors=0, monitoring_suspended=False)
2025-11-30 11:35:52 | INFO | MONITOR_SLEEP | Sleeping for 20s (base=20s, consecutive_errors=0, monitoring_suspended=False)
2025-11-30 11:36:12 | INFO | MONITOR | Paper trades checked (next in 60s)
2025-11-30 11:36:12 | INFO | MONITOR_SLEEP | Sleeping for 20s (base=20s, consecutive_errors=0, monitoring_suspended=False)
2025-11-30 11:36:32 | INFO | MONITOR_SLEEP | Sleeping for 20s (base=20s, consecutive_errors=0, monitoring_suspended=False)
2025-11-30 11:36:52 | INFO | MONITOR_SLEEP | Sleeping for 20s (base=20s, consecutive_errors=0, monitoring_suspended=False)
2025-11-30 11:37:12 | INFO | MONITOR | Paper trades checked (next in 60s)
2025-11-30 11:37:12 | INFO | MONITOR_SLEEP | Sleeping for 20s (base=20s, consecutive_errors=0, monitoring_suspended=False)
2025-11-30 11:37:32 | INFO | MONITOR_SLEEP | Sleeping for 20s (base=20s, consecutive_errors=0, monitoring_suspended=False)
2025-11-30 11:37:52 | INFO | MONITOR_SLEEP | Sleeping for 20s (base=20s, consecutive_errors=0, monitoring_suspended=False)
2025-11-30 11:38:12 | INFO | MONITOR | Paper trades checked (next in 60s)
2025-11-30 11:38:12 | INFO | MONITOR_SLEEP | Sleeping for 20s (base=20s, consecutive_errors=0, monitoring_suspended=False)
2025-11-30 11:38:32 | INFO | MONITOR_SLEEP | Sleeping for 20s (base=20s, consecutive_errors=0, monitoring_suspended=False)
2025-11-30 11:38:52 | INFO | MONITOR_SLEEP | Sleeping for 20s (base=20s, consecutive_errors=0, monitoring_suspended=False)
2025-11-30 11:39:12 | INFO | MONITOR | Paper trades checked (next in 60s)
2025-11-30 11:39:12 | INFO | MONITOR_SLEEP | Sleeping for 20s (base=20s, consecutive_errors=0, monitoring_suspended=False)
2025-11-30 11:39:32 | INFO | MONITOR_SLEEP | Sleeping for 20s (base=20s, consecutive_errors=0, monitoring_suspended=False)
2025-11-30 11:39:52 | INFO | MONITOR_SLEEP | Sleeping for 20s (base=20s, consecutive_errors=0, monitoring_suspended=False)
2025-11-30 11:40:12 | INFO | MONITOR | Paper trades checked (next in 60s)
2025-11-30 11:40:12 | INFO | MONITOR_SLEEP | Sleeping for 20s (base=20s, consecutive_errors=0, monitoring_suspended=False)
2025-11-30 11:40:32 | INFO | MONITOR_SLEEP | Sleeping for 20s (base=20s, consecutive_errors=0, monitoring_suspended=False)
2025-11-30 11:40:52 | INFO | MONITOR_SLEEP | Sleeping for 20s (base=20s, consecutive_errors=0, monitoring_suspended=False)
2025-11-30 11:41:12 | INFO | MONITOR | Paper trades checked (next in 60s)
2025-11-30 11:41:12 | INFO | MONITOR_SLEEP | Sleeping for 20s (base=20s, consecutive_errors=0, monitoring_suspended=False)
2025-11-30 11:41:32 | INFO | MONITOR_SLEEP | Sleeping for 20s (base=20s, consecutive_errors=0, monitoring_suspended=False)
2025-11-30 11:41:52 | INFO | MONITOR_SLEEP | Sleeping for 20s (base=20s, consecutive_errors=0, monitoring_suspended=False)
2025-11-30 11:42:12 | INFO | MONITOR | Paper trades checked (next in 60s)
2025-11-30 11:42:12 | INFO | MONITOR_SLEEP | Sleeping for 20s (base=20s, consecutive_errors=0, monitoring_suspended=False)
2025-11-30 11:42:32 | INFO | MONITOR_SLEEP | Sleeping for 20s (base=20s, consecutive_errors=0, monitoring_suspended=False)
2025-11-30 11:42:52 | INFO | MONITOR_SLEEP | Sleeping for 20s (base=20s, consecutive_errors=0, monitoring_suspended=False)
2025-11-30 11:43:12 | INFO | MONITOR | Paper trades checked (next in 60s)
2025-11-30 11:43:12 | INFO | MONITOR_SLEEP | Sleeping for 20s (base=20s, consecutive_errors=0, monitoring_suspended=False)
2025-11-30 11:43:32 | INFO | MONITOR_SLEEP | Sleeping for 20s (base=20s, consecutive_errors=0, monitoring_suspended=False)
2025-11-30 11:43:52 | INFO | MONITOR_SLEEP | Sleeping for 20s (base=20s, consecutive_errors=0, monitoring_suspended=False)
2025-11-30 11:44:12 | INFO | MONITOR | Paper trades checked (next in 60s)
2025-11-30 11:44:12 | INFO | MONITOR_SLEEP | Sleeping for 20s (base=20s, consecutive_errors=0, monitoring_suspended=False)
2025-11-30 11:44:32 | INFO | MONITOR_SLEEP | Sleeping for 20s (base=20s, consecutive_errors=0, monitoring_suspended=False)
2025-11-30 11:44:52 | INFO | MONITOR_SLEEP | Sleeping for 20s (base=20s, consecutive_errors=0, monitoring_suspended=False)
2025-11-30 11:45:12 | INFO | MONITOR | Paper trades checked (next in 60s)
2025-11-30 11:45:12 | INFO | MONITOR_SLEEP | Sleeping for 20s (base=20s, consecutive_errors=0, monitoring_suspended=False)
2025-11-30 11:45:32 | INFO | MONITOR_SLEEP | Sleeping for 20s (base=20s, consecutive_errors=0, monitoring_suspended=False)
2025-11-30 11:45:52 | INFO | MONITOR_SLEEP | Sleeping for 20s (base=20s, consecutive_errors=0, monitoring_suspended=False)
2025-11-30 11:46:12 | INFO | MONITOR | Paper trades checked (next in 60s)
2025-11-30 11:46:12 | INFO | MONITOR_SLEEP | Sleeping for 20s (base=20s, consecutive_errors=0, monitoring_suspended=False)
2025-11-30 11:46:32 | INFO | MONITOR_SLEEP | Sleeping for 20s (base=20s, consecutive_errors=0, monitoring_suspended=False)
2025-11-30 11:46:52 | INFO | MONITOR_SLEEP | Sleeping for 20s (base=20s, consecutive_errors=0, monitoring_suspended=False)
2025-11-30 11:47:12 | INFO | MONITOR | Paper trades checked (next in 60s)
2025-11-30 11:47:12 | INFO | MONITOR_SLEEP | Sleeping for 20s (base=20s, consecutive_errors=0, monitoring_suspended=False)
2025-11-30 11:47:32 | INFO | MONITOR_SLEEP | Sleeping for 20s (base=20s, consecutive_errors=0, monitoring_suspended=False)
2025-11-30 11:47:52 | INFO | MONITOR_SLEEP | Sleeping for 20s (base=20s, consecutive_errors=0, monitoring_suspended=False)
2025-11-30 11:48:12 | INFO | MONITOR | Paper trades checked (next in 60s)
2025-11-30 11:48:12 | INFO | MONITOR_SLEEP | Sleeping for 20s (base=20s, consecutive_errors=0, monitoring_suspended=False)
2025-11-30 11:48:32 | INFO | MONITOR_SLEEP | Sleeping for 20s (base=20s, consecutive_errors=0, monitoring_suspended=False)
2025-11-30 11:48:52 | INFO | MONITOR_SLEEP | Sleeping for 20s (base=20s, consecutive_errors=0, monitoring_suspended=False)
2025-11-30 11:49:12 | INFO | MONITOR | Paper trades checked (next in 60s)
2025-11-30 11:49:12 | INFO | MONITOR_SLEEP | Sleeping for 20s (base=20s, consecutive_errors=0, monitoring_suspended=False)
2025-11-30 11:49:32 | INFO | MONITOR_SLEEP | Sleeping for 20s (base=20s, consecutive_errors=0, monitoring_suspended=False)
2025-11-30 11:49:52 | INFO | MONITOR_SLEEP | Sleeping for 20s (base=20s, consecutive_errors=0, monitoring_suspended=False)
2025-11-30 11:50:12 | INFO | MONITOR | Paper trades checked (next in 60s)
2025-11-30 11:50:12 | INFO | MONITOR_SLEEP | Sleeping for 20s (base=20s, consecutive_errors=0, monitoring_suspended=False)
2025-11-30 11:50:32 | INFO | MONITOR_SLEEP | Sleeping for 20s (base=20s, consecutive_errors=0, monitoring_suspended=False)
2025-11-30 11:50:52 | INFO | MONITOR_SLEEP | Sleeping for 20s (base=20s, consecutive_errors=0, monitoring_suspended=False)
2025-11-30 11:51:12 | INFO | MONITOR | Paper trades checked (next in 60s)
2025-11-30 11:51:12 | INFO | MONITOR_SLEEP | Sleeping for 20s (base=20s, consecutive_errors=0, monitoring_suspended=False)
2025-11-30 11:51:32 | INFO | MONITOR_SLEEP | Sleeping for 20s (base=20s, consecutive_errors=0, monitoring_suspended=False)
2025-11-30 11:51:52 | INFO | MONITOR_SLEEP | Sleeping for 20s (base=20s, consecutive_errors=0, monitoring_suspended=False)
2025-11-30 11:52:12 | INFO | MONITOR | Paper trades checked (next in 60s)
2025-11-30 11:52:12 | INFO | MONITOR_SLEEP | Sleeping for 20s (base=20s, consecutive_errors=0, monitoring_suspended=False)
2025-11-30 11:52:32 | INFO | MONITOR_SLEEP | Sleeping for 20s (base=20s, consecutive_errors=0, monitoring_suspended=False)
2025-11-30 11:52:52 | INFO | MONITOR_SLEEP | Sleeping for 20s (base=20s, consecutive_errors=0, monitoring_suspended=False)
2025-11-30 11:53:12 | INFO | MONITOR | Paper trades checked (next in 60s)
2025-11-30 11:53:12 | INFO | MONITOR_SLEEP | Sleeping for 20s (base=20s, consecutive_errors=0, monitoring_suspended=False)
2025-11-30 11:53:32 | INFO | MONITOR_SLEEP | Sleeping for 20s (base=20s, consecutive_errors=0, monitoring_suspended=False)
2025-11-30 11:53:52 | INFO | MONITOR_SLEEP | Sleeping for 20s (base=20s, consecutive_errors=0, monitoring_suspended=False)
2025-11-30 11:54:12 | INFO | MONITOR | Paper trades checked (next in 60s)
2025-11-30 11:54:12 | INFO | MONITOR_SLEEP | Sleeping for 20s (base=20s, consecutive_errors=0, monitoring_suspended=False)
2025-11-30 11:54:32 | INFO | MONITOR_SLEEP | Sleeping for 20s (base=20s, consecutive_errors=0, monitoring_suspended=False)
2025-11-30 11:54:52 | INFO | MONITOR_SLEEP | Sleeping for 20s (base=20s, consecutive_errors=0, monitoring_suspended=False)
2025-11-30 11:55:12 | INFO | MONITOR | Paper trades checked (next in 60s)
2025-11-30 11:55:12 | INFO | MONITOR_SLEEP | Sleeping for 20s (base=20s, consecutive_errors=0, monitoring_suspended=False)
2025-11-30 11:55:32 | INFO | MONITOR_SLEEP | Sleeping for 20s (base=20s, consecutive_errors=0, monitoring_suspended=False)
2025-11-30 11:55:52 | INFO | MONITOR_SLEEP | Sleeping for 20s (base=20s, consecutive_errors=0, monitoring_suspended=False)
2025-11-30 11:56:12 | INFO | MONITOR | Paper trades checked (next in 60s)
2025-11-30 11:56:12 | INFO | MONITOR_SLEEP | Sleeping for 20s (base=20s, consecutive_errors=0, monitoring_suspended=False)
2025-11-30 11:56:32 | INFO | MONITOR_SLEEP | Sleeping for 20s (base=20s, consecutive_errors=0, monitoring_suspended=False)
2025-11-30 11:56:52 | INFO | MONITOR_SLEEP | Sleeping for 20s (base=20s, consecutive_errors=0, monitoring_suspended=False)
2025-11-30 11:57:12 | INFO | MONITOR | Paper trades checked (next in 60s)
2025-11-30 11:57:12 | INFO | MONITOR_SLEEP | Sleeping for 20s (base=20s, consecutive_errors=0, monitoring_suspended=False)
2025-11-30 11:57:32 | INFO | MONITOR_SLEEP | Sleeping for 20s (base=20s, consecutive_errors=0, monitoring_suspended=False)
2025-11-30 11:57:52 | INFO | MONITOR_SLEEP | Sleeping for 20s (base=20s, consecutive_errors=0, monitoring_suspended=False)
2025-11-30 11:58:12 | INFO | MONITOR | Paper trades checked (next in 60s)
2025-11-30 11:58:12 | INFO | MONITOR_SLEEP | Sleeping for 20s (base=20s, consecutive_errors=0, monitoring_suspended=False)
2025-11-30 11:58:32 | INFO | MONITOR_SLEEP | Sleeping for 20s (base=20s, consecutive_errors=0, monitoring_suspended=False)
2025-11-30 11:58:52 | INFO | MONITOR_SLEEP | Sleeping for 20s (base=20s, consecutive_errors=0, monitoring_suspended=False)
2025-11-30 11:59:12 | INFO | MONITOR | Paper trades checked (next in 60s)
2025-11-30 11:59:12 | INFO | MONITOR_SLEEP | Sleeping for 20s (base=20s, consecutive_errors=0, monitoring_suspended=False)
2025-11-30 11:59:32 | INFO | MONITOR_SLEEP | Sleeping for 20s (base=20s, consecutive_errors=0, monitoring_suspended=False)
2025-11-30 11:59:52 | INFO | MONITOR_SLEEP | Sleeping for 20s (base=20s, consecutive_errors=0, monitoring_suspended=False)
2025-11-30 12:00:12 | INFO | MONITOR | Paper trades checked (next in 60s)
2025-11-30 12:00:12 | INFO | MONITOR_SLEEP | Sleeping for 20s (base=20s, consecutive_errors=0, monitoring_suspended=False)
2025-11-30 12:00:32 | INFO | MONITOR_SLEEP | Sleeping for 20s (base=20s, consecutive_errors=0, monitoring_suspended=False)
2025-11-30 12:00:52 | INFO | MONITOR_SLEEP | Sleeping for 20s (base=20s, consecutive_errors=0, monitoring_suspended=False)
2025-11-30 12:01:12 | INFO | MONITOR | Paper trades checked (next in 60s)
2025-11-30 12:01:12 | INFO | MONITOR_SLEEP | Sleeping for 20s (base=20s, consecutive_errors=0, monitoring_suspended=False)
2025-11-30 12:01:32 | INFO | MONITOR_SLEEP | Sleeping for 20s (base=20s, consecutive_errors=0, monitoring_suspended=False)
2025-11-30 12:01:52 | INFO | MONITOR_SLEEP | Sleeping for 20s (base=20s, consecutive_errors=0, monitoring_suspended=False)
2025-11-30 12:02:12 | INFO | MONITOR | Paper trades checked (next in 60s)
2025-11-30 12:02:12 | INFO | MONITOR_SLEEP | Sleeping for 20s (base=20s, consecutive_errors=0, monitoring_suspended=False)
2025-11-30 12:02:32 | INFO | MONITOR_SLEEP | Sleeping for 20s (base=20s, consecutive_errors=0, monitoring_suspended=False)
2025-11-30 12:02:52 | INFO | MONITOR_SLEEP | Sleeping for 20s (base=20s, consecutive_errors=0, monitoring_suspended=False)
2025-11-30 12:03:12 | INFO | MONITOR | Paper trades checked (next in 60s)
2025-11-30 12:03:12 | INFO | MONITOR_SLEEP | Sleeping for 20s (base=20s, consecutive_errors=0, monitoring_suspended=False)
2025-11-30 12:03:32 | INFO | MONITOR_SLEEP | Sleeping for 20s (base=20s, consecutive_errors=0, monitoring_suspended=False)
2025-11-30 12:03:52 | INFO | MONITOR_SLEEP | Sleeping for 20s (base=20s, consecutive_errors=0, monitoring_suspended=False)
2025-11-30 12:04:12 | INFO | MONITOR | Paper trades checked (next in 60s)
2025-11-30 12:04:12 | INFO | MONITOR_SLEEP | Sleeping for 20s (base=20s, consecutive_errors=0, monitoring_suspended=False)
2025-11-30 12:04:32 | INFO | MONITOR_SLEEP | Sleeping for 20s (base=20s, consecutive_errors=0, monitoring_suspended=False)
2025-11-30 12:04:52 | INFO | MONITOR_SLEEP | Sleeping for 20s (base=20s, consecutive_errors=0, monitoring_suspended=False)
2025-11-30 12:05:12 | INFO | MONITOR | Paper trades checked (next in 60s)
2025-11-30 12:05:12 | INFO | MONITOR_SLEEP | Sleeping for 20s (base=20s, consecutive_errors=0, monitoring_suspended=False)
2025-11-30 12:05:32 | INFO | MONITOR_SLEEP | Sleeping for 20s (base=20s, consecutive_errors=0, monitoring_suspended=False)
2025-11-30 12:05:52 | INFO | MONITOR_SLEEP | Sleeping for 20s (base=20s, consecutive_errors=0, monitoring_suspended=False)
2025-11-30 12:06:12 | INFO | MONITOR | Paper trades checked (next in 60s)
2025-11-30 12:06:12 | INFO | MONITOR_SLEEP | Sleeping for 20s (base=20s, consecutive_errors=0, monitoring_suspended=False)
2025-11-30 12:06:32 | INFO | MONITOR_SLEEP | Sleeping for 20s (base=20s, consecutive_errors=0, monitoring_suspended=False)
2025-11-30 12:06:52 | INFO | MONITOR_SLEEP | Sleeping for 20s (base=20s, consecutive_errors=0, monitoring_suspended=False)
2025-11-30 12:07:12 | INFO | MONITOR | Paper trades checked (next in 60s)
2025-11-30 12:07:12 | INFO | MONITOR_SLEEP | Sleeping for 20s (base=20s, consecutive_errors=0, monitoring_suspended=False)
2025-11-30 12:07:32 | INFO | MONITOR_SLEEP | Sleeping for 20s (base=20s, consecutive_errors=0, monitoring_suspended=False)
2025-11-30 12:07:52 | INFO | MONITOR_SLEEP | Sleeping for 20s (base=20s, consecutive_errors=0, monitoring_suspended=False)
2025-11-30 12:08:12 | INFO | MONITOR | Paper trades checked (next in 60s)
2025-11-30 12:08:12 | INFO | MONITOR_SLEEP | Sleeping for 20s (base=20s, consecutive_errors=0, monitoring_suspended=False)
2025-11-30 12:08:32 | INFO | MONITOR_SLEEP | Sleeping for 20s (base=20s, consecutive_errors=0, monitoring_suspended=False)
2025-11-30 12:08:52 | INFO | MONITOR_SLEEP | Sleeping for 20s (base=20s, consecutive_errors=0, monitoring_suspended=False)
2025-11-30 12:09:12 | INFO | MONITOR | Paper trades checked (next in 60s)
2025-11-30 12:09:12 | INFO | MONITOR_SLEEP | Sleeping for 20s (base=20s, consecutive_errors=0, monitoring_suspended=False)
2025-11-30 12:09:32 | INFO | MONITOR_SLEEP | Sleeping for 20s (base=20s, consecutive_errors=0, monitoring_suspended=False)
2025-11-30 12:09:52 | INFO | MONITOR_SLEEP | Sleeping for 20s (base=20s, consecutive_errors=0, monitoring_suspended=False)
2025-11-30 12:10:12 | INFO | MONITOR | Paper trades checked (next in 60s)
2025-11-30 12:10:12 | INFO | MONITOR_SLEEP | Sleeping for 20s (base=20s, consecutive_errors=0, monitoring_suspended=False)
2025-11-30 12:10:32 | INFO | MONITOR_SLEEP | Sleeping for 20s (base=20s, consecutive_errors=0, monitoring_suspended=False)
2025-11-30 12:10:52 | INFO | MONITOR_SLEEP | Sleeping for 20s (base=20s, consecutive_errors=0, monitoring_suspended=False)
2025-11-30 12:11:12 | INFO | MONITOR | Paper trades checked (next in 60s)
2025-11-30 12:11:12 | INFO | MONITOR_SLEEP | Sleeping for 20s (base=20s, consecutive_errors=0, monitoring_suspended=False)
2025-11-30 12:11:32 | INFO | MONITOR_SLEEP | Sleeping for 20s (base=20s, consecutive_errors=0, monitoring_suspended=False)
2025-11-30 12:11:52 | INFO | MONITOR_SLEEP | Sleeping for 20s (base=20s, consecutive_errors=0, monitoring_suspended=False)
2025-11-30 12:12:12 | INFO | MONITOR | Paper trades checked (next in 60s)
2025-11-30 12:12:12 | INFO | MONITOR_SLEEP | Sleeping for 20s (base=20s, consecutive_errors=0, monitoring_suspended=False)
2025-11-30 12:12:32 | INFO | MONITOR_SLEEP | Sleeping for 20s (base=20s, consecutive_errors=0, monitoring_suspended=False)
2025-11-30 12:12:52 | INFO | MONITOR_SLEEP | Sleeping for 20s (base=20s, consecutive_errors=0, monitoring_suspended=False)
2025-11-30 12:13:12 | INFO | MONITOR | Paper trades checked (next in 60s)
2025-11-30 12:13:12 | INFO | MONITOR_SLEEP | Sleeping for 20s (base=20s, consecutive_errors=0, monitoring_suspended=False)
2025-11-30 12:13:32 | INFO | MONITOR_SLEEP | Sleeping for 20s (base=20s, consecutive_errors=0, monitoring_suspended=False)
2025-11-30 12:13:52 | INFO | MONITOR_SLEEP | Sleeping for 20s (base=20s, consecutive_errors=0, monitoring_suspended=False)
2025-11-30 12:14:12 | INFO | MONITOR | Paper trades checked (next in 60s)
2025-11-30 12:14:12 | INFO | MONITOR_SLEEP | Sleeping for 20s (base=20s, consecutive_errors=0, monitoring_suspended=False)
2025-11-30 12:14:32 | INFO | MONITOR_SLEEP | Sleeping for 20s (base=20s, consecutive_errors=0, monitoring_suspended=False)
2025-11-30 12:14:52 | INFO | MONITOR_SLEEP | Sleeping for 20s (base=20s, consecutive_errors=0, monitoring_suspended=False)
2025-11-30 12:15:12 | INFO | MONITOR | Paper trades checked (next in 60s)
2025-11-30 12:15:12 | INFO | MONITOR_SLEEP | Sleeping for 20s (base=20s, consecutive_errors=0, monitoring_suspended=False)
2025-11-30 12:15:32 | INFO | MONITOR_SLEEP | Sleeping for 20s (base=20s, consecutive_errors=0, monitoring_suspended=False)
2025-11-30 12:15:52 | INFO | MONITOR_SLEEP | Sleeping for 20s (base=20s, consecutive_errors=0, monitoring_suspended=False)
2025-11-30 12:16:12 | INFO | MONITOR | Paper trades checked (next in 60s)
2025-11-30 12:16:12 | INFO | MONITOR_SLEEP | Sleeping for 20s (base=20s, consecutive_errors=0, monitoring_suspended=False)
2025-11-30 12:16:32 | INFO | MONITOR_SLEEP | Sleeping for 20s (base=20s, consecutive_errors=0, monitoring_suspended=False)
2025-11-30 12:16:52 | INFO | MONITOR_SLEEP | Sleeping for 20s (base=20s, consecutive_errors=0, monitoring_suspended=False)
2025-11-30 12:17:12 | INFO | MONITOR | Paper trades checked (next in 60s)
2025-11-30 12:17:12 | INFO | MONITOR_SLEEP | Sleeping for 20s (base=20s, consecutive_errors=0, monitoring_suspended=False)
2025-11-30 12:17:32 | INFO | MONITOR_SLEEP | Sleeping for 20s (base=20s, consecutive_errors=0, monitoring_suspended=False)
2025-11-30 12:17:52 | INFO | MONITOR_SLEEP | Sleeping for 20s (base=20s, consecutive_errors=0, monitoring_suspended=False)
2025-11-30 12:18:12 | INFO | MONITOR | Paper trades checked (next in 60s)
2025-11-30 12:18:12 | INFO | MONITOR_SLEEP | Sleeping for 20s (base=20s, consecutive_errors=0, monitoring_suspended=False)
2025-11-30 12:18:32 | INFO | MONITOR_SLEEP | Sleeping for 20s (base=20s, consecutive_errors=0, monitoring_suspended=False)
2025-11-30 12:18:52 | INFO | MONITOR_SLEEP | Sleeping for 20s (base=20s, consecutive_errors=0, monitoring_suspended=False)
2025-11-30 12:19:12 | INFO | MONITOR | Paper trades checked (next in 60s)
2025-11-30 12:19:12 | INFO | MONITOR_SLEEP | Sleeping for 20s (base=20s, consecutive_errors=0, monitoring_suspended=False)
2025-11-30 12:19:32 | INFO | MONITOR_SLEEP | Sleeping for 20s (base=20s, consecutive_errors=0, monitoring_suspended=False)
2025-11-30 12:19:52 | INFO | MONITOR_SLEEP | Sleeping for 20s (base=20s, consecutive_errors=0, monitoring_suspended=False)
2025-11-30 12:20:12 | INFO | MONITOR | Paper trades checked (next in 60s)
2025-11-30 12:20:12 | INFO | MONITOR_SLEEP | Sleeping for 20s (base=20s, consecutive_errors=0, monitoring_suspended=False)
2025-11-30 12:20:32 | INFO | MONITOR_SLEEP | Sleeping for 20s (base=20s, consecutive_errors=0, monitoring_suspended=False)
2025-11-30 12:20:52 | INFO | MONITOR_SLEEP | Sleeping for 20s (base=20s, consecutive_errors=0, monitoring_suspended=False)
2025-11-30 12:21:12 | INFO | MONITOR | Paper trades checked (next in 60s)
2025-11-30 12:21:12 | INFO | MONITOR_SLEEP | Sleeping for 20s (base=20s, consecutive_errors=0, monitoring_suspended=False)
2025-11-30 12:21:32 | INFO | MONITOR_SLEEP | Sleeping for 20s (base=20s, consecutive_errors=0, monitoring_suspended=False)
2025-11-30 12:21:52 | INFO | MONITOR_SLEEP | Sleeping for 20s (base=20s, consecutive_errors=0, monitoring_suspended=False)
2025-11-30 12:22:12 | INFO | MONITOR | Paper trades checked (next in 60s)
2025-11-30 12:22:12 | INFO | MONITOR_SLEEP | Sleeping for 20s (base=20s, consecutive_errors=0, monitoring_suspended=False)
2025-11-30 12:22:32 | INFO | MONITOR_SLEEP | Sleeping for 20s (base=20s, consecutive_errors=0, monitoring_suspended=False)
2025-11-30 12:22:52 | INFO | MONITOR_SLEEP | Sleeping for 20s (base=20s, consecutive_errors=0, monitoring_suspended=False)
2025-11-30 12:23:12 | INFO | MONITOR | Paper trades checked (next in 60s)
2025-11-30 12:23:12 | INFO | MONITOR_SLEEP | Sleeping for 20s (base=20s, consecutive_errors=0, monitoring_suspended=False)
2025-11-30 12:23:32 | INFO | MONITOR_SLEEP | Sleeping for 20s (base=20s, consecutive_errors=0, monitoring_suspended=False)
2025-11-30 12:23:52 | INFO | MONITOR_SLEEP | Sleeping for 20s (base=20s, consecutive_errors=0, monitoring_suspended=False)
2025-11-30 12:24:12 | INFO | MONITOR | Paper trades checked (next in 60s)
2025-11-30 12:24:12 | INFO | MONITOR_SLEEP | Sleeping for 20s (base=20s, consecutive_errors=0, monitoring_suspended=False)
2025-11-30 12:24:32 | INFO | MONITOR_SLEEP | Sleeping for 20s (base=20s, consecutive_errors=0, monitoring_suspended=False)
2025-11-30 12:24:52 | INFO | MONITOR_SLEEP | Sleeping for 20s (base=20s, consecutive_errors=0, monitoring_suspended=False)
2025-11-30 12:25:12 | INFO | MONITOR | Paper trades checked (next in 60s)
2025-11-30 12:25:12 | INFO | MONITOR_SLEEP | Sleeping for 20s (base=20s, consecutive_errors=0, monitoring_suspended=False)
2025-11-30 12:25:32 | INFO | MONITOR_SLEEP | Sleeping for 20s (base=20s, consecutive_errors=0, monitoring_suspended=False)
2025-11-30 12:25:52 | INFO | MONITOR_SLEEP | Sleeping for 20s (base=20s, consecutive_errors=0, monitoring_suspended=False)
2025-11-30 12:26:12 | INFO | MONITOR | Paper trades checked (next in 60s)
2025-11-30 12:26:12 | INFO | MONITOR_SLEEP | Sleeping for 20s (base=20s, consecutive_errors=0, monitoring_suspended=False)
2025-11-30 12:26:32 | INFO | MONITOR_SLEEP | Sleeping for 20s (base=20s, consecutive_errors=0, monitoring_suspended=False)
2025-11-30 12:26:52 | INFO | MONITOR_SLEEP | Sleeping for 20s (base=20s, consecutive_errors=0, monitoring_suspended=False)
2025-11-30 12:27:12 | INFO | MONITOR | Paper trades checked (next in 60s)
2025-11-30 12:27:12 | INFO | MONITOR_SLEEP | Sleeping for 20s (base=20s, consecutive_errors=0, monitoring_suspended=False)
2025-11-30 12:27:32 | INFO | MONITOR_SLEEP | Sleeping for 20s (base=20s, consecutive_errors=0, monitoring_suspended=False)
2025-11-30 12:27:52 | INFO | MONITOR_SLEEP | Sleeping for 20s (base=20s, consecutive_errors=0, monitoring_suspended=False)
2025-11-30 12:28:12 | INFO | MONITOR | Paper trades checked (next in 60s)
2025-11-30 12:28:12 | INFO | MONITOR_SLEEP | Sleeping for 20s (base=20s, consecutive_errors=0, monitoring_suspended=False)
2025-11-30 12:28:32 | INFO | MONITOR_SLEEP | Sleeping for 20s (base=20s, consecutive_errors=0, monitoring_suspended=False)
2025-11-30 12:28:52 | INFO | MONITOR_SLEEP | Sleeping for 20s (base=20s, consecutive_errors=0, monitoring_suspended=False)
2025-11-30 12:29:12 | INFO | MONITOR | Paper trades checked (next in 60s)
2025-11-30 12:29:12 | INFO | MONITOR_SLEEP | Sleeping for 20s (base=20s, consecutive_errors=0, monitoring_suspended=False)
2025-11-30 12:29:32 | INFO | MONITOR_SLEEP | Sleeping for 20s (base=20s, consecutive_errors=0, monitoring_suspended=False)
2025-11-30 12:29:52 | INFO | MONITOR_SLEEP | Sleeping for 20s (base=20s, consecutive_errors=0, monitoring_suspended=False)
2025-11-30 12:30:12 | INFO | MONITOR | Paper trades checked (next in 60s)
2025-11-30 12:30:12 | INFO | MONITOR_SLEEP | Sleeping for 20s (base=20s, consecutive_errors=0, monitoring_suspended=False)
2025-11-30 12:30:32 | INFO | MONITOR_SLEEP | Sleeping for 20s (base=20s, consecutive_errors=0, monitoring_suspended=False)
2025-11-30 12:30:52 | INFO | MONITOR_SLEEP | Sleeping for 20s (base=20s, consecutive_errors=0, monitoring_suspended=False)
2025-11-30 12:31:12 | INFO | MONITOR | Paper trades checked (next in 60s)
2025-11-30 12:31:12 | INFO | MONITOR_SLEEP | Sleeping for 20s (base=20s, consecutive_errors=0, monitoring_suspended=False)
2025-11-30 12:31:32 | INFO | MONITOR_SLEEP | Sleeping for 20s (base=20s, consecutive_errors=0, monitoring_suspended=False)
2025-11-30 12:31:52 | INFO | MONITOR_SLEEP | Sleeping for 20s (base=20s, consecutive_errors=0, monitoring_suspended=False)
2025-11-30 12:32:12 | INFO | MONITOR | Paper trades checked (next in 60s)
2025-11-30 12:32:12 | INFO | MONITOR_SLEEP | Sleeping for 20s (base=20s, consecutive_errors=0, monitoring_suspended=False)
2025-11-30 12:32:32 | INFO | MONITOR_SLEEP | Sleeping for 20s (base=20s, consecutive_errors=0, monitoring_suspended=False)
2025-11-30 12:32:52 | INFO | MONITOR_SLEEP | Sleeping for 20s (base=20s, consecutive_errors=0, monitoring_suspended=False)
2025-11-30 12:33:12 | INFO | MONITOR | Paper trades checked (next in 60s)
2025-11-30 12:33:12 | INFO | MONITOR_SLEEP | Sleeping for 20s (base=20s, consecutive_errors=0, monitoring_suspended=False)
2025-11-30 12:33:32 | INFO | MONITOR_SLEEP | Sleeping for 20s (base=20s, consecutive_errors=0, monitoring_suspended=False)
2025-11-30 12:33:52 | INFO | MONITOR_SLEEP | Sleeping for 20s (base=20s, consecutive_errors=0, monitoring_suspended=False)
2025-11-30 12:34:12 | INFO | MONITOR | Paper trades checked (next in 60s)
2025-11-30 12:34:12 | INFO | MONITOR_SLEEP | Sleeping for 20s (base=20s, consecutive_errors=0, monitoring_suspended=False)
2025-11-30 12:34:32 | INFO | MONITOR_SLEEP | Sleeping for 20s (base=20s, consecutive_errors=0, monitoring_suspended=False)
2025-11-30 12:34:52 | INFO | MONITOR_SLEEP | Sleeping for 20s (base=20s, consecutive_errors=0, monitoring_suspended=False)
2025-11-30 12:35:12 | INFO | MONITOR | Paper trades checked (next in 60s)
2025-11-30 12:35:12 | INFO | MONITOR_SLEEP | Sleeping for 20s (base=20s, consecutive_errors=0, monitoring_suspended=False)
2025-11-30 12:35:32 | INFO | MONITOR_SLEEP | Sleeping for 20s (base=20s, consecutive_errors=0, monitoring_suspended=False)
2025-11-30 12:35:52 | INFO | MONITOR_SLEEP | Sleeping for 20s (base=20s, consecutive_errors=0, monitoring_suspended=False)
2025-11-30 12:36:12 | INFO | MONITOR | Paper trades checked (next in 60s)
2025-11-30 12:36:12 | INFO | MONITOR_SLEEP | Sleeping for 20s (base=20s, consecutive_errors=0, monitoring_suspended=False)
2025-11-30 12:36:32 | INFO | MONITOR_SLEEP | Sleeping for 20s (base=20s, consecutive_errors=0, monitoring_suspended=False)
2025-11-30 12:36:52 | INFO | MONITOR_SLEEP | Sleeping for 20s (base=20s, consecutive_errors=0, monitoring_suspended=False)
2025-11-30 12:37:12 | INFO | MONITOR | Paper trades checked (next in 60s)
2025-11-30 12:37:12 | INFO | MONITOR_SLEEP | Sleeping for 20s (base=20s, consecutive_errors=0, monitoring_suspended=False)
2025-11-30 12:37:32 | INFO | MONITOR_SLEEP | Sleeping for 20s (base=20s, consecutive_errors=0, monitoring_suspended=False)
2025-11-30 12:37:52 | INFO | MONITOR_SLEEP | Sleeping for 20s (base=20s, consecutive_errors=0, monitoring_suspended=False)
2025-11-30 12:38:12 | INFO | MONITOR | Paper trades checked (next in 60s)
2025-11-30 12:38:12 | INFO | MONITOR_SLEEP | Sleeping for 20s (base=20s, consecutive_errors=0, monitoring_suspended=False)
2025-11-30 12:38:32 | INFO | MONITOR_SLEEP | Sleeping for 20s (base=20s, consecutive_errors=0, monitoring_suspended=False)
2025-11-30 12:38:52 | INFO | MONITOR_SLEEP | Sleeping for 20s (base=20s, consecutive_errors=0, monitoring_suspended=False)
2025-11-30 12:39:12 | INFO | MONITOR | Paper trades checked (next in 60s)
2025-11-30 12:39:12 | INFO | MONITOR_SLEEP | Sleeping for 20s (base=20s, consecutive_errors=0, monitoring_suspended=False)
2025-11-30 12:39:32 | INFO | MONITOR_SLEEP | Sleeping for 20s (base=20s, consecutive_errors=0, monitoring_suspended=False)
2025-11-30 12:39:52 | INFO | MONITOR_SLEEP | Sleeping for 20s (base=20s, consecutive_errors=0, monitoring_suspended=False)
2025-11-30 12:40:12 | INFO | MONITOR | Paper trades checked (next in 60s)
2025-11-30 12:40:12 | INFO | MONITOR_SLEEP | Sleeping for 20s (base=20s, consecutive_errors=0, monitoring_suspended=False)
2025-11-30 12:40:32 | INFO | MONITOR_SLEEP | Sleeping for 20s (base=20s, consecutive_errors=0, monitoring_suspended=False)
2025-11-30 12:40:52 | INFO | MONITOR_SLEEP | Sleeping for 20s (base=20s, consecutive_errors=0, monitoring_suspended=False)
2025-11-30 12:41:12 | INFO | MONITOR | Paper trades checked (next in 60s)
2025-11-30 12:41:12 | INFO | MONITOR_SLEEP | Sleeping for 20s (base=20s, consecutive_errors=0, monitoring_suspended=False)
2025-11-30 12:41:32 | INFO | MONITOR_SLEEP | Sleeping for 20s (base=20s, consecutive_errors=0, monitoring_suspended=False)
2025-11-30 12:41:52 | INFO | MONITOR_SLEEP | Sleeping for 20s (base=20s, consecutive_errors=0, monitoring_suspended=False)
2025-11-30 12:42:12 | INFO | MONITOR | Paper trades checked (next in 60s)
2025-11-30 12:42:12 | INFO | MONITOR_SLEEP | Sleeping for 20s (base=20s, consecutive_errors=0, monitoring_suspended=False)
2025-11-30 12:42:32 | INFO | MONITOR_SLEEP | Sleeping for 20s (base=20s, consecutive_errors=0, monitoring_suspended=False)
2025-11-30 12:42:52 | INFO | MONITOR_SLEEP | Sleeping for 20s (base=20s, consecutive_errors=0, monitoring_suspended=False)
2025-11-30 12:43:12 | INFO | MONITOR | Paper trades checked (next in 60s)
2025-11-30 12:43:12 | INFO | MONITOR_SLEEP | Sleeping for 20s (base=20s, consecutive_errors=0, monitoring_suspended=False)
2025-11-30 12:43:32 | INFO | MONITOR_SLEEP | Sleeping for 20s (base=20s, consecutive_errors=0, monitoring_suspended=False)
2025-11-30 12:43:52 | INFO | MONITOR_SLEEP | Sleeping for 20s (base=20s, consecutive_errors=0, monitoring_suspended=False)
2025-11-30 12:44:12 | INFO | MONITOR | Paper trades checked (next in 60s)
2025-11-30 12:44:12 | INFO | MONITOR_SLEEP | Sleeping for 20s (base=20s, consecutive_errors=0, monitoring_suspended=False)
2025-11-30 12:44:32 | INFO | MONITOR_SLEEP | Sleeping for 20s (base=20s, consecutive_errors=0, monitoring_suspended=False)
2025-11-30 12:44:52 | INFO | MONITOR_SLEEP | Sleeping for 20s (base=20s, consecutive_errors=0, monitoring_suspended=False)
2025-11-30 12:45:12 | INFO | MONITOR | Paper trades checked (next in 60s)
2025-11-30 12:45:12 | INFO | MONITOR_SLEEP | Sleeping for 20s (base=20s, consecutive_errors=0, monitoring_suspended=False)
2025-11-30 12:45:32 | INFO | MONITOR_SLEEP | Sleeping for 20s (base=20s, consecutive_errors=0, monitoring_suspended=False)
2025-11-30 12:45:52 | INFO | MONITOR_SLEEP | Sleeping for 20s (base=20s, consecutive_errors=0, monitoring_suspended=False)
2025-11-30 12:46:12 | INFO | MONITOR | Paper trades checked (next in 60s)
2025-11-30 12:46:12 | INFO | MONITOR_SLEEP | Sleeping for 20s (base=20s, consecutive_errors=0, monitoring_suspended=False)
2025-11-30 12:46:32 | INFO | MONITOR_SLEEP | Sleeping for 20s (base=20s, consecutive_errors=0, monitoring_suspended=False)
2025-11-30 12:46:52 | INFO | MONITOR_SLEEP | Sleeping for 20s (base=20s, consecutive_errors=0, monitoring_suspended=False)
2025-11-30 12:47:12 | INFO | MONITOR | Paper trades checked (next in 60s)
2025-11-30 12:47:12 | INFO | MONITOR_SLEEP | Sleeping for 20s (base=20s, consecutive_errors=0, monitoring_suspended=False)
2025-11-30 12:47:32 | INFO | MONITOR_SLEEP | Sleeping for 20s (base=20s, consecutive_errors=0, monitoring_suspended=False)
2025-11-30 12:47:52 | INFO | MONITOR_SLEEP | Sleeping for 20s (base=20s, consecutive_errors=0, monitoring_suspended=False)
2025-11-30 12:48:12 | INFO | MONITOR | Paper trades checked (next in 60s)
2025-11-30 12:48:12 | INFO | MONITOR_SLEEP | Sleeping for 20s (base=20s, consecutive_errors=0, monitoring_suspended=False)
2025-11-30 12:48:32 | INFO | MONITOR_SLEEP | Sleeping for 20s (base=20s, consecutive_errors=0, monitoring_suspended=False)
2025-11-30 12:48:52 | INFO | MONITOR_SLEEP | Sleeping for 20s (base=20s, consecutive_errors=0, monitoring_suspended=False)
2025-11-30 12:49:12 | INFO | MONITOR | Paper trades checked (next in 60s)
2025-11-30 12:49:12 | INFO | MONITOR_SLEEP | Sleeping for 20s (base=20s, consecutive_errors=0, monitoring_suspended=False)
2025-11-30 12:49:32 | INFO | MONITOR_SLEEP | Sleeping for 20s (base=20s, consecutive_errors=0, monitoring_suspended=False)
2025-11-30 12:49:52 | INFO | MONITOR_SLEEP | Sleeping for 20s (base=20s, consecutive_errors=0, monitoring_suspended=False)
2025-11-30 12:50:12 | INFO | MONITOR | Paper trades checked (next in 60s)
2025-11-30 12:50:12 | INFO | MONITOR_SLEEP | Sleeping for 20s (base=20s, consecutive_errors=0, monitoring_suspended=False)
2025-11-30 12:50:32 | INFO | MONITOR_SLEEP | Sleeping for 20s (base=20s, consecutive_errors=0, monitoring_suspended=False)
2025-11-30 12:50:52 | INFO | MONITOR_SLEEP | Sleeping for 20s (base=20s, consecutive_errors=0, monitoring_suspended=False)
2025-11-30 12:51:12 | INFO | MONITOR | Paper trades checked (next in 60s)
2025-11-30 12:51:12 | INFO | MONITOR_SLEEP | Sleeping for 20s (base=20s, consecutive_errors=0, monitoring_suspended=False)
2025-11-30 12:51:32 | INFO | MONITOR_SLEEP | Sleeping for 20s (base=20s, consecutive_errors=0, monitoring_suspended=False)
2025-11-30 12:51:52 | INFO | MONITOR_SLEEP | Sleeping for 20s (base=20s, consecutive_errors=0, monitoring_suspended=False)
2025-11-30 12:52:12 | INFO | MONITOR | Paper trades checked (next in 60s)
2025-11-30 12:52:12 | INFO | MONITOR_SLEEP | Sleeping for 20s (base=20s, consecutive_errors=0, monitoring_suspended=False)
2025-11-30 12:52:32 | INFO | MONITOR_SLEEP | Sleeping for 20s (base=20s, consecutive_errors=0, monitoring_suspended=False)
2025-11-30 12:52:52 | INFO | MONITOR_SLEEP | Sleeping for 20s (base=20s, consecutive_errors=0, monitoring_suspended=False)
2025-11-30 12:53:12 | INFO | MONITOR | Paper trades checked (next in 60s)
2025-11-30 12:53:12 | INFO | MONITOR_SLEEP | Sleeping for 20s (base=20s, consecutive_errors=0, monitoring_suspended=False)
2025-11-30 12:53:32 | INFO | MONITOR_SLEEP | Sleeping for 20s (base=20s, consecutive_errors=0, monitoring_suspended=False)
2025-11-30 12:53:52 | INFO | MONITOR_SLEEP | Sleeping for 20s (base=20s, consecutive_errors=0, monitoring_suspended=False)
2025-11-30 12:54:12 | INFO | MONITOR | Paper trades checked (next in 60s)
2025-11-30 12:54:12 | INFO | MONITOR_SLEEP | Sleeping for 20s (base=20s, consecutive_errors=0, monitoring_suspended=False)
2025-11-30 12:54:32 | INFO | MONITOR_SLEEP | Sleeping for 20s (base=20s, consecutive_errors=0, monitoring_suspended=False)
2025-11-30 12:54:52 | INFO | MONITOR_SLEEP | Sleeping for 20s (base=20s, consecutive_errors=0, monitoring_suspended=False)
2025-11-30 12:55:12 | INFO | MONITOR | Paper trades checked (next in 60s)
2025-11-30 12:55:12 | INFO | MONITOR_SLEEP | Sleeping for 20s (base=20s, consecutive_errors=0, monitoring_suspended=False)
2025-11-30 12:55:32 | INFO | MONITOR_SLEEP | Sleeping for 20s (base=20s, consecutive_errors=0, monitoring_suspended=False)
2025-11-30 12:55:52 | INFO | MONITOR_SLEEP | Sleeping for 20s (base=20s, consecutive_errors=0, monitoring_suspended=False)
2025-11-30 12:56:12 | INFO | MONITOR | Paper trades checked (next in 60s)
2025-11-30 12:56:12 | INFO | MONITOR_SLEEP | Sleeping for 20s (base=20s, consecutive_errors=0, monitoring_suspended=False)
2025-11-30 12:56:32 | INFO | MONITOR_SLEEP | Sleeping for 20s (base=20s, consecutive_errors=0, monitoring_suspended=False)
2025-11-30 12:56:52 | INFO | MONITOR_SLEEP | Sleeping for 20s (base=20s, consecutive_errors=0, monitoring_suspended=False)
2025-11-30 12:57:12 | INFO | MONITOR | Paper trades checked (next in 60s)
2025-11-30 12:57:12 | INFO | MONITOR_SLEEP | Sleeping for 20s (base=20s, consecutive_errors=0, monitoring_suspended=False)
2025-11-30 12:57:32 | INFO | MONITOR_SLEEP | Sleeping for 20s (base=20s, consecutive_errors=0, monitoring_suspended=False)
2025-11-30 12:57:52 | INFO | MONITOR_SLEEP | Sleeping for 20s (base=20s, consecutive_errors=0, monitoring_suspended=False)
2025-11-30 12:58:12 | INFO | MONITOR | Paper trades checked (next in 60s)
2025-11-30 12:58:12 | INFO | MONITOR_SLEEP | Sleeping for 20s (base=20s, consecutive_errors=0, monitoring_suspended=False)
2025-11-30 12:58:32 | INFO | MONITOR_SLEEP | Sleeping for 20s (base=20s, consecutive_errors=0, monitoring_suspended=False)
2025-11-30 12:58:52 | INFO | MONITOR_SLEEP | Sleeping for 20s (base=20s, consecutive_errors=0, monitoring_suspended=False)
2025-11-30 12:59:12 | INFO | MONITOR | Paper trades checked (next in 60s)
2025-11-30 12:59:12 | INFO | MONITOR_SLEEP | Sleeping for 20s (base=20s, consecutive_errors=0, monitoring_suspended=False)
2025-11-30 12:59:32 | INFO | MONITOR_SLEEP | Sleeping for 20s (base=20s, consecutive_errors=0, monitoring_suspended=False)
2025-11-30 12:59:52 | INFO | MONITOR_SLEEP | Sleeping for 20s (base=20s, consecutive_errors=0, monitoring_suspended=False)
2025-11-30 13:00:12 | INFO | MONITOR | Paper trades checked (next in 60s)
2025-11-30 13:00:12 | INFO | MONITOR_SLEEP | Sleeping for 20s (base=20s, consecutive_errors=0, monitoring_suspended=False)
2025-11-30 13:00:32 | INFO | MONITOR_SLEEP | Sleeping for 20s (base=20s, consecutive_errors=0, monitoring_suspended=False)
2025-11-30 13:00:52 | INFO | MONITOR_SLEEP | Sleeping for 20s (base=20s, consecutive_errors=0, monitoring_suspended=False)
2025-11-30 13:01:12 | INFO | MONITOR | Paper trades checked (next in 60s)
2025-11-30 13:01:12 | INFO | MONITOR_SLEEP | Sleeping for 20s (base=20s, consecutive_errors=0, monitoring_suspended=False)
2025-11-30 13:01:32 | INFO | MONITOR_SLEEP | Sleeping for 20s (base=20s, consecutive_errors=0, monitoring_suspended=False)
2025-11-30 13:01:52 | INFO | MONITOR_SLEEP | Sleeping for 20s (base=20s, consecutive_errors=0, monitoring_suspended=False)
2025-11-30 13:02:12 | INFO | MONITOR | Paper trades checked (next in 60s)
2025-11-30 13:02:12 | INFO | MONITOR_SLEEP | Sleeping for 20s (base=20s, consecutive_errors=0, monitoring_suspended=False)
2025-11-30 13:02:32 | INFO | MONITOR_SLEEP | Sleeping for 20s (base=20s, consecutive_errors=0, monitoring_suspended=False)
2025-11-30 13:02:52 | INFO | MONITOR_SLEEP | Sleeping for 20s (base=20s, consecutive_errors=0, monitoring_suspended=False)
2025-11-30 13:03:12 | INFO | MONITOR | Paper trades checked (next in 60s)
2025-11-30 13:03:12 | INFO | MONITOR_SLEEP | Sleeping for 20s (base=20s, consecutive_errors=0, monitoring_suspended=False)
2025-11-30 13:03:32 | INFO | MONITOR_SLEEP | Sleeping for 20s (base=20s, consecutive_errors=0, monitoring_suspended=False)
2025-11-30 13:03:52 | INFO | MONITOR_SLEEP | Sleeping for 20s (base=20s, consecutive_errors=0, monitoring_suspended=False)
2025-11-30 13:04:12 | INFO | MONITOR | Paper trades checked (next in 60s)
2025-11-30 13:04:12 | INFO | MONITOR_SLEEP | Sleeping for 20s (base=20s, consecutive_errors=0, monitoring_suspended=False)
2025-11-30 13:04:32 | INFO | MONITOR_SLEEP | Sleeping for 20s (base=20s, consecutive_errors=0, monitoring_suspended=False)
2025-11-30 13:04:52 | INFO | MONITOR_SLEEP | Sleeping for 20s (base=20s, consecutive_errors=0, monitoring_suspended=False)
2025-11-30 13:05:12 | INFO | MONITOR | Paper trades checked (next in 60s)
2025-11-30 13:05:12 | INFO | MONITOR_SLEEP | Sleeping for 20s (base=20s, consecutive_errors=0, monitoring_suspended=False)
2025-11-30 13:05:32 | INFO | MONITOR_SLEEP | Sleeping for 20s (base=20s, consecutive_errors=0, monitoring_suspended=False)
2025-11-30 13:05:52 | INFO | MONITOR_SLEEP | Sleeping for 20s (base=20s, consecutive_errors=0, monitoring_suspended=False)
2025-11-30 13:06:12 | INFO | MONITOR | Paper trades checked (next in 60s)
2025-11-30 13:06:12 | INFO | MONITOR_SLEEP | Sleeping for 20s (base=20s, consecutive_errors=0, monitoring_suspended=False)
2025-11-30 13:06:32 | INFO | MONITOR_SLEEP | Sleeping for 20s (base=20s, consecutive_errors=0, monitoring_suspended=False)
2025-11-30 13:06:52 | INFO | MONITOR_SLEEP | Sleeping for 20s (base=20s, consecutive_errors=0, monitoring_suspended=False)
2025-11-30 13:07:12 | INFO | MONITOR | Paper trades checked (next in 60s)
2025-11-30 13:07:12 | INFO | MONITOR_SLEEP | Sleeping for 20s (base=20s, consecutive_errors=0, monitoring_suspended=False)
2025-11-30 13:07:32 | INFO | MONITOR_SLEEP | Sleeping for 20s (base=20s, consecutive_errors=0, monitoring_suspended=False)
2025-11-30 13:07:52 | INFO | MONITOR_SLEEP | Sleeping for 20s (base=20s, consecutive_errors=0, monitoring_suspended=False)
2025-11-30 13:08:12 | INFO | MONITOR | Paper trades checked (next in 60s)
2025-11-30 13:08:12 | INFO | MONITOR_SLEEP | Sleeping for 20s (base=20s, consecutive_errors=0, monitoring_suspended=False)
2025-11-30 13:08:32 | INFO | MONITOR_SLEEP | Sleeping for 20s (base=20s, consecutive_errors=0, monitoring_suspended=False)
2025-11-30 13:08:52 | INFO | MONITOR_SLEEP | Sleeping for 20s (base=20s, consecutive_errors=0, monitoring_suspended=False)
2025-11-30 13:09:12 | INFO | MONITOR | Paper trades checked (next in 60s)
2025-11-30 13:09:12 | INFO | MONITOR_SLEEP | Sleeping for 20s (base=20s, consecutive_errors=0, monitoring_suspended=False)
2025-11-30 13:09:32 | INFO | MONITOR_SLEEP | Sleeping for 20s (base=20s, consecutive_errors=0, monitoring_suspended=False)
2025-11-30 13:09:52 | INFO | MONITOR_SLEEP | Sleeping for 20s (base=20s, consecutive_errors=0, monitoring_suspended=False)
2025-11-30 13:10:12 | INFO | MONITOR | Paper trades checked (next in 60s)
2025-11-30 13:10:12 | INFO | MONITOR_SLEEP | Sleeping for 20s (base=20s, consecutive_errors=0, monitoring_suspended=False)
2025-11-30 13:10:32 | INFO | MONITOR_SLEEP | Sleeping for 20s (base=20s, consecutive_errors=0, monitoring_suspended=False)
2025-11-30 13:10:52 | INFO | MONITOR_SLEEP | Sleeping for 20s (base=20s, consecutive_errors=0, monitoring_suspended=False)
2025-11-30 13:11:12 | INFO | MONITOR | Paper trades checked (next in 60s)
2025-11-30 13:11:12 | INFO | MONITOR_SLEEP | Sleeping for 20s (base=20s, consecutive_errors=0, monitoring_suspended=False)
2025-11-30 13:11:32 | INFO | MONITOR_SLEEP | Sleeping for 20s (base=20s, consecutive_errors=0, monitoring_suspended=False)
2025-11-30 13:11:52 | INFO | MONITOR_SLEEP | Sleeping for 20s (base=20s, consecutive_errors=0, monitoring_suspended=False)
2025-11-30 13:12:12 | INFO | MONITOR | Paper trades checked (next in 60s)
2025-11-30 13:12:12 | INFO | MONITOR_SLEEP | Sleeping for 20s (base=20s, consecutive_errors=0, monitoring_suspended=False)
2025-11-30 13:12:32 | INFO | MONITOR_SLEEP | Sleeping for 20s (base=20s, consecutive_errors=0, monitoring_suspended=False)
2025-11-30 13:12:52 | INFO | MONITOR_SLEEP | Sleeping for 20s (base=20s, consecutive_errors=0, monitoring_suspended=False)
2025-11-30 13:13:12 | INFO | MONITOR | Paper trades checked (next in 60s)
2025-11-30 13:13:12 | INFO | MONITOR_SLEEP | Sleeping for 20s (base=20s, consecutive_errors=0, monitoring_suspended=False)
2025-11-30 13:13:32 | INFO | MONITOR_SLEEP | Sleeping for 20s (base=20s, consecutive_errors=0, monitoring_suspended=False)
2025-11-30 13:13:52 | INFO | MONITOR_SLEEP | Sleeping for 20s (base=20s, consecutive_errors=0, monitoring_suspended=False)
2025-11-30 13:14:12 | INFO | MONITOR | Paper trades checked (next in 60s)
2025-11-30 13:14:12 | INFO | MONITOR_SLEEP | Sleeping for 20s (base=20s, consecutive_errors=0, monitoring_suspended=False)
2025-11-30 13:14:32 | INFO | MONITOR_SLEEP | Sleeping for 20s (base=20s, consecutive_errors=0, monitoring_suspended=False)
2025-11-30 13:14:52 | INFO | MONITOR_SLEEP | Sleeping for 20s (base=20s, consecutive_errors=0, monitoring_suspended=False)
2025-11-30 13:15:12 | INFO | MONITOR | Paper trades checked (next in 60s)
2025-11-30 13:15:12 | INFO | MONITOR_SLEEP | Sleeping for 20s (base=20s, consecutive_errors=0, monitoring_suspended=False)
2025-11-30 13:15:32 | INFO | MONITOR_SLEEP | Sleeping for 20s (base=20s, consecutive_errors=0, monitoring_suspended=False)
2025-11-30 13:15:52 | INFO | MONITOR_SLEEP | Sleeping for 20s (base=20s, consecutive_errors=0, monitoring_suspended=False)
2025-11-30 13:16:12 | INFO | MONITOR | Paper trades checked (next in 60s)
2025-11-30 13:16:12 | INFO | MONITOR_SLEEP | Sleeping for 20s (base=20s, consecutive_errors=0, monitoring_suspended=False)
2025-11-30 13:16:32 | INFO | MONITOR_SLEEP | Sleeping for 20s (base=20s, consecutive_errors=0, monitoring_suspended=False)
2025-11-30 13:16:52 | INFO | MONITOR_SLEEP | Sleeping for 20s (base=20s, consecutive_errors=0, monitoring_suspended=False)
2025-11-30 13:17:12 | INFO | MONITOR | Paper trades checked (next in 60s)
2025-11-30 13:17:12 | INFO | MONITOR_SLEEP | Sleeping for 20s (base=20s, consecutive_errors=0, monitoring_suspended=False)
2025-11-30 13:17:32 | INFO | MONITOR_SLEEP | Sleeping for 20s (base=20s, consecutive_errors=0, monitoring_suspended=False)
2025-11-30 13:17:52 | INFO | MONITOR_SLEEP | Sleeping for 20s (base=20s, consecutive_errors=0, monitoring_suspended=False)
2025-11-30 13:18:12 | INFO | MONITOR | Paper trades checked (next in 60s)
2025-11-30 13:18:12 | INFO | MONITOR_SLEEP | Sleeping for 20s (base=20s, consecutive_errors=0, monitoring_suspended=False)
2025-11-30 13:18:32 | INFO | MONITOR_SLEEP | Sleeping for 20s (base=20s, consecutive_errors=0, monitoring_suspended=False)
2025-11-30 13:18:52 | INFO | MONITOR_SLEEP | Sleeping for 20s (base=20s, consecutive_errors=0, monitoring_suspended=False)
2025-11-30 13:19:12 | INFO | MONITOR | Paper trades checked (next in 60s)
2025-11-30 13:19:12 | INFO | MONITOR_SLEEP | Sleeping for 20s (base=20s, consecutive_errors=0, monitoring_suspended=False)
2025-11-30 13:19:32 | INFO | MONITOR_SLEEP | Sleeping for 20s (base=20s, consecutive_errors=0, monitoring_suspended=False)
2025-11-30 13:19:52 | INFO | MONITOR_SLEEP | Sleeping for 20s (base=20s, consecutive_errors=0, monitoring_suspended=False)
2025-11-30 13:20:12 | INFO | MONITOR | Paper trades checked (next in 60s)
2025-11-30 13:20:12 | INFO | MONITOR_SLEEP | Sleeping for 20s (base=20s, consecutive_errors=0, monitoring_suspended=False)
2025-11-30 13:20:32 | INFO | MONITOR_SLEEP | Sleeping for 20s (base=20s, consecutive_errors=0, monitoring_suspended=False)
2025-11-30 13:20:52 | INFO | MONITOR_SLEEP | Sleeping for 20s (base=20s, consecutive_errors=0, monitoring_suspended=False)
2025-11-30 13:21:12 | INFO | MONITOR | Paper trades checked (next in 60s)
2025-11-30 13:21:12 | INFO | MONITOR_SLEEP | Sleeping for 20s (base=20s, consecutive_errors=0, monitoring_suspended=False)
2025-11-30 13:21:32 | INFO | MONITOR_SLEEP | Sleeping for 20s (base=20s, consecutive_errors=0, monitoring_suspended=False)
2025-11-30 13:21:52 | INFO | MONITOR_SLEEP | Sleeping for 20s (base=20s, consecutive_errors=0, monitoring_suspended=False)
2025-11-30 13:22:12 | INFO | MONITOR | Paper trades checked (next in 60s)
2025-11-30 13:22:12 | INFO | MONITOR_SLEEP | Sleeping for 20s (base=20s, consecutive_errors=0, monitoring_suspended=False)
2025-11-30 13:22:32 | INFO | MONITOR_SLEEP | Sleeping for 20s (base=20s, consecutive_errors=0, monitoring_suspended=False)
2025-11-30 13:22:52 | INFO | MONITOR_SLEEP | Sleeping for 20s (base=20s, consecutive_errors=0, monitoring_suspended=False)
2025-11-30 13:23:12 | INFO | MONITOR | Paper trades checked (next in 60s)
2025-11-30 13:23:12 | INFO | MONITOR_SLEEP | Sleeping for 20s (base=20s, consecutive_errors=0, monitoring_suspended=False)
2025-11-30 13:23:32 | INFO | MONITOR_SLEEP | Sleeping for 20s (base=20s, consecutive_errors=0, monitoring_suspended=False)
2025-11-30 13:23:52 | INFO | MONITOR_SLEEP | Sleeping for 20s (base=20s, consecutive_errors=0, monitoring_suspended=False)
2025-11-30 13:24:12 | INFO | MONITOR | Paper trades checked (next in 60s)
2025-11-30 13:24:12 | INFO | MONITOR_SLEEP | Sleeping for 20s (base=20s, consecutive_errors=0, monitoring_suspended=False)
2025-11-30 13:24:32 | INFO | MONITOR_SLEEP | Sleeping for 20s (base=20s, consecutive_errors=0, monitoring_suspended=False)
2025-11-30 13:24:52 | INFO | MONITOR_SLEEP | Sleeping for 20s (base=20s, consecutive_errors=0, monitoring_suspended=False)
2025-11-30 13:25:12 | INFO | MONITOR | Paper trades checked (next in 60s)
2025-11-30 13:25:12 | INFO | MONITOR_SLEEP | Sleeping for 20s (base=20s, consecutive_errors=0, monitoring_suspended=False)
2025-11-30 13:25:32 | INFO | MONITOR_SLEEP | Sleeping for 20s (base=20s, consecutive_errors=0, monitoring_suspended=False)
2025-11-30 13:25:52 | INFO | MONITOR_SLEEP | Sleeping for 20s (base=20s, consecutive_errors=0, monitoring_suspended=False)
2025-11-30 13:26:12 | INFO | MONITOR | Paper trades checked (next in 60s)
2025-11-30 13:26:12 | INFO | MONITOR_SLEEP | Sleeping for 20s (base=20s, consecutive_errors=0, monitoring_suspended=False)
2025-11-30 13:26:32 | INFO | MONITOR_SLEEP | Sleeping for 20s (base=20s, consecutive_errors=0, monitoring_suspended=False)
2025-11-30 13:26:52 | INFO | MONITOR_SLEEP | Sleeping for 20s (base=20s, consecutive_errors=0, monitoring_suspended=False)
2025-11-30 13:27:12 | INFO | MONITOR | Paper trades checked (next in 60s)
2025-11-30 13:27:12 | INFO | MONITOR_SLEEP | Sleeping for 20s (base=20s, consecutive_errors=0, monitoring_suspended=False)
2025-11-30 13:27:32 | INFO | MONITOR_SLEEP | Sleeping for 20s (base=20s, consecutive_errors=0, monitoring_suspended=False)
2025-11-30 13:27:52 | INFO | MONITOR_SLEEP | Sleeping for 20s (base=20s, consecutive_errors=0, monitoring_suspended=False)
2025-11-30 13:28:12 | INFO | MONITOR | Paper trades checked (next in 60s)
2025-11-30 13:28:12 | INFO | MONITOR_SLEEP | Sleeping for 20s (base=20s, consecutive_errors=0, monitoring_suspended=False)
2025-11-30 13:28:32 | INFO | MONITOR_SLEEP | Sleeping for 20s (base=20s, consecutive_errors=0, monitoring_suspended=False)
2025-11-30 13:28:52 | INFO | MONITOR_SLEEP | Sleeping for 20s (base=20s, consecutive_errors=0, monitoring_suspended=False)
2025-11-30 13:29:12 | INFO | MONITOR | Paper trades checked (next in 60s)
2025-11-30 13:29:12 | INFO | MONITOR_SLEEP | Sleeping for 20s (base=20s, consecutive_errors=0, monitoring_suspended=False)
2025-11-30 13:29:32 | INFO | MONITOR_SLEEP | Sleeping for 20s (base=20s, consecutive_errors=0, monitoring_suspended=False)
2025-11-30 13:29:52 | INFO | MONITOR_SLEEP | Sleeping for 20s (base=20s, consecutive_errors=0, monitoring_suspended=False)
2025-11-30 13:30:12 | INFO | MONITOR | Paper trades checked (next in 60s)
2025-11-30 13:30:12 | INFO | MONITOR_SLEEP | Sleeping for 20s (base=20s, consecutive_errors=0, monitoring_suspended=False)
2025-11-30 13:30:32 | INFO | MONITOR_SLEEP | Sleeping for 20s (base=20s, consecutive_errors=0, monitoring_suspended=False)
2025-11-30 13:30:52 | INFO | MONITOR_SLEEP | Sleeping for 20s (base=20s, consecutive_errors=0, monitoring_suspended=False)
2025-11-30 13:31:12 | INFO | MONITOR | Paper trades checked (next in 60s)
2025-11-30 13:31:12 | INFO | MONITOR_SLEEP | Sleeping for 20s (base=20s, consecutive_errors=0, monitoring_suspended=False)
2025-11-30 13:31:32 | INFO | MONITOR_SLEEP | Sleeping for 20s (base=20s, consecutive_errors=0, monitoring_suspended=False)
2025-11-30 13:31:52 | INFO | MONITOR_SLEEP | Sleeping for 20s (base=20s, consecutive_errors=0, monitoring_suspended=False)
2025-11-30 13:32:12 | INFO | MONITOR | Paper trades checked (next in 60s)
2025-11-30 13:32:12 | INFO | MONITOR_SLEEP | Sleeping for 20s (base=20s, consecutive_errors=0, monitoring_suspended=False)
2025-11-30 13:32:32 | INFO | MONITOR_SLEEP | Sleeping for 20s (base=20s, consecutive_errors=0, monitoring_suspended=False)
2025-11-30 13:32:52 | INFO | MONITOR_SLEEP | Sleeping for 20s (base=20s, consecutive_errors=0, monitoring_suspended=False)
2025-11-30 13:33:12 | INFO | MONITOR | Paper trades checked (next in 60s)
2025-11-30 13:33:12 | INFO | MONITOR_SLEEP | Sleeping for 20s (base=20s, consecutive_errors=0, monitoring_suspended=False)
2025-11-30 13:33:32 | INFO | MONITOR_SLEEP | Sleeping for 20s (base=20s, consecutive_errors=0, monitoring_suspended=False)
2025-11-30 13:33:52 | INFO | MONITOR_SLEEP | Sleeping for 20s (base=20s, consecutive_errors=0, monitoring_suspended=False)
2025-11-30 13:34:12 | INFO | MONITOR | Paper trades checked (next in 60s)
2025-11-30 13:34:12 | INFO | MONITOR_SLEEP | Sleeping for 20s (base=20s, consecutive_errors=0, monitoring_suspended=False)
2025-11-30 13:34:32 | INFO | MONITOR_SLEEP | Sleeping for 20s (base=20s, consecutive_errors=0, monitoring_suspended=False)
2025-11-30 13:34:52 | INFO | MONITOR_SLEEP | Sleeping for 20s (base=20s, consecutive_errors=0, monitoring_suspended=False)
2025-11-30 13:35:12 | INFO | MONITOR | Paper trades checked (next in 60s)
2025-11-30 13:35:12 | INFO | MONITOR_SLEEP | Sleeping for 20s (base=20s, consecutive_errors=0, monitoring_suspended=False)
2025-11-30 13:35:32 | INFO | MONITOR_SLEEP | Sleeping for 20s (base=20s, consecutive_errors=0, monitoring_suspended=False)
2025-11-30 13:35:52 | INFO | MONITOR_SLEEP | Sleeping for 20s (base=20s, consecutive_errors=0, monitoring_suspended=False)
2025-11-30 13:36:12 | INFO | MONITOR | Paper trades checked (next in 60s)
2025-11-30 13:36:12 | INFO | MONITOR_SLEEP | Sleeping for 20s (base=20s, consecutive_errors=0, monitoring_suspended=False)
2025-11-30 13:36:32 | INFO | MONITOR_SLEEP | Sleeping for 20s (base=20s, consecutive_errors=0, monitoring_suspended=False)
2025-11-30 13:36:52 | INFO | MONITOR_SLEEP | Sleeping for 20s (base=20s, consecutive_errors=0, monitoring_suspended=False)
2025-11-30 13:37:12 | INFO | MONITOR | Paper trades checked (next in 60s)
2025-11-30 13:37:12 | INFO | MONITOR_SLEEP | Sleeping for 20s (base=20s, consecutive_errors=0, monitoring_suspended=False)
2025-11-30 13:37:32 | INFO | MONITOR_SLEEP | Sleeping for 20s (base=20s, consecutive_errors=0, monitoring_suspended=False)
2025-11-30 13:37:52 | INFO | MONITOR_SLEEP | Sleeping for 20s (base=20s, consecutive_errors=0, monitoring_suspended=False)
2025-11-30 13:38:12 | INFO | MONITOR | Paper trades checked (next in 60s)
2025-11-30 13:38:12 | INFO | MONITOR_SLEEP | Sleeping for 20s (base=20s, consecutive_errors=0, monitoring_suspended=False)
2025-11-30 13:38:32 | INFO | MONITOR_SLEEP | Sleeping for 20s (base=20s, consecutive_errors=0, monitoring_suspended=False)
2025-11-30 13:38:52 | INFO | MONITOR_SLEEP | Sleeping for 20s (base=20s, consecutive_errors=0, monitoring_suspended=False)
2025-11-30 13:39:12 | INFO | MONITOR | Paper trades checked (next in 60s)
2025-11-30 13:39:12 | INFO | MONITOR_SLEEP | Sleeping for 20s (base=20s, consecutive_errors=0, monitoring_suspended=False)
2025-11-30 13:39:32 | INFO | MONITOR_SLEEP | Sleeping for 20s (base=20s, consecutive_errors=0, monitoring_suspended=False)
2025-11-30 13:39:52 | INFO | MONITOR_SLEEP | Sleeping for 20s (base=20s, consecutive_errors=0, monitoring_suspended=False)
2025-11-30 13:40:12 | INFO | MONITOR | Paper trades checked (next in 60s)
2025-11-30 13:40:12 | INFO | MONITOR_SLEEP | Sleeping for 20s (base=20s, consecutive_errors=0, monitoring_suspended=False)
2025-11-30 13:40:32 | INFO | MONITOR_SLEEP | Sleeping for 20s (base=20s, consecutive_errors=0, monitoring_suspended=False)
2025-11-30 13:40:52 | INFO | MONITOR_SLEEP | Sleeping for 20s (base=20s, consecutive_errors=0, monitoring_suspended=False)
2025-11-30 13:41:12 | INFO | MONITOR | Paper trades checked (next in 60s)
2025-11-30 13:41:12 | INFO | MONITOR_SLEEP | Sleeping for 20s (base=20s, consecutive_errors=0, monitoring_suspended=False)
2025-11-30 13:41:32 | INFO | MONITOR_SLEEP | Sleeping for 20s (base=20s, consecutive_errors=0, monitoring_suspended=False)
2025-11-30 13:41:52 | INFO | MONITOR_SLEEP | Sleeping for 20s (base=20s, consecutive_errors=0, monitoring_suspended=False)
2025-11-30 13:42:12 | INFO | MONITOR | Paper trades checked (next in 60s)
2025-11-30 13:42:12 | INFO | MONITOR_SLEEP | Sleeping for 20s (base=20s, consecutive_errors=0, monitoring_suspended=False)
2025-11-30 13:42:32 | INFO | MONITOR_SLEEP | Sleeping for 20s (base=20s, consecutive_errors=0, monitoring_suspended=False)
2025-11-30 13:42:52 | INFO | MONITOR_SLEEP | Sleeping for 20s (base=20s, consecutive_errors=0, monitoring_suspended=False)
2025-11-30 13:43:12 | INFO | MONITOR | Paper trades checked (next in 60s)
2025-11-30 13:43:12 | INFO | MONITOR_SLEEP | Sleeping for 20s (base=20s, consecutive_errors=0, monitoring_suspended=False)
2025-11-30 13:43:32 | INFO | MONITOR_SLEEP | Sleeping for 20s (base=20s, consecutive_errors=0, monitoring_suspended=False)
2025-11-30 13:43:52 | INFO | MONITOR_SLEEP | Sleeping for 20s (base=20s, consecutive_errors=0, monitoring_suspended=False)
2025-11-30 13:44:12 | INFO | MONITOR | Paper trades checked (next in 60s)
2025-11-30 13:44:12 | INFO | MONITOR_SLEEP | Sleeping for 20s (base=20s, consecutive_errors=0, monitoring_suspended=False)
2025-11-30 13:44:32 | INFO | MONITOR_SLEEP | Sleeping for 20s (base=20s, consecutive_errors=0, monitoring_suspended=False)
2025-11-30 13:44:52 | INFO | MONITOR_SLEEP | Sleeping for 20s (base=20s, consecutive_errors=0, monitoring_suspended=False)
2025-11-30 13:45:12 | INFO | MONITOR | Paper trades checked (next in 60s)
2025-11-30 13:45:12 | INFO | MONITOR_SLEEP | Sleeping for 20s (base=20s, consecutive_errors=0, monitoring_suspended=False)
2025-11-30 13:45:32 | INFO | MONITOR_SLEEP | Sleeping for 20s (base=20s, consecutive_errors=0, monitoring_suspended=False)
2025-11-30 13:45:52 | INFO | MONITOR_SLEEP | Sleeping for 20s (base=20s, consecutive_errors=0, monitoring_suspended=False)
2025-11-30 13:46:12 | INFO | MONITOR | Paper trades checked (next in 60s)
2025-11-30 13:46:12 | INFO | MONITOR_SLEEP | Sleeping for 20s (base=20s, consecutive_errors=0, monitoring_suspended=False)
2025-11-30 13:46:32 | INFO | MONITOR_SLEEP | Sleeping for 20s (base=20s, consecutive_errors=0, monitoring_suspended=False)
2025-11-30 13:46:52 | INFO | MONITOR_SLEEP | Sleeping for 20s (base=20s, consecutive_errors=0, monitoring_suspended=False)
2025-11-30 13:47:12 | INFO | MONITOR | Paper trades checked (next in 60s)
2025-11-30 13:47:12 | INFO | MONITOR_SLEEP | Sleeping for 20s (base=20s, consecutive_errors=0, monitoring_suspended=False)
2025-11-30 13:47:32 | INFO | MONITOR_SLEEP | Sleeping for 20s (base=20s, consecutive_errors=0, monitoring_suspended=False)
2025-11-30 13:47:52 | INFO | MONITOR_SLEEP | Sleeping for 20s (base=20s, consecutive_errors=0, monitoring_suspended=False)
2025-11-30 13:48:12 | INFO | MONITOR | Paper trades checked (next in 60s)
2025-11-30 13:48:12 | INFO | MONITOR_SLEEP | Sleeping for 20s (base=20s, consecutive_errors=0, monitoring_suspended=False)
2025-11-30 13:48:32 | INFO | MONITOR_SLEEP | Sleeping for 20s (base=20s, consecutive_errors=0, monitoring_suspended=False)
2025-11-30 13:48:52 | INFO | MONITOR_SLEEP | Sleeping for 20s (base=20s, consecutive_errors=0, monitoring_suspended=False)
2025-11-30 13:49:12 | INFO | MONITOR | Paper trades checked (next in 60s)
2025-11-30 13:49:12 | INFO | MONITOR_SLEEP | Sleeping for 20s (base=20s, consecutive_errors=0, monitoring_suspended=False)
2025-11-30 13:49:32 | INFO | MONITOR_SLEEP | Sleeping for 20s (base=20s, consecutive_errors=0, monitoring_suspended=False)
2025-11-30 13:49:52 | INFO | MONITOR_SLEEP | Sleeping for 20s (base=20s, consecutive_errors=0, monitoring_suspended=False)
2025-11-30 13:50:12 | INFO | MONITOR | Paper trades checked (next in 60s)
2025-11-30 13:50:12 | INFO | MONITOR_SLEEP | Sleeping for 20s (base=20s, consecutive_errors=0, monitoring_suspended=False)
2025-11-30 13:50:32 | INFO | MONITOR_SLEEP | Sleeping for 20s (base=20s, consecutive_errors=0, monitoring_suspended=False)
2025-11-30 13:50:52 | INFO | MONITOR_SLEEP | Sleeping for 20s (base=20s, consecutive_errors=0, monitoring_suspended=False)
2025-11-30 13:51:12 | INFO | MONITOR | Paper trades checked (next in 60s)
2025-11-30 13:51:12 | INFO | MONITOR_SLEEP | Sleeping for 20s (base=20s, consecutive_errors=0, monitoring_suspended=False)
2025-11-30 13:51:32 | INFO | MONITOR_SLEEP | Sleeping for 20s (base=20s, consecutive_errors=0, monitoring_suspended=False)
2025-11-30 13:51:52 | INFO | MONITOR_SLEEP | Sleeping for 20s (base=20s, consecutive_errors=0, monitoring_suspended=False)
2025-11-30 13:52:12 | INFO | MONITOR | Paper trades checked (next in 60s)
2025-11-30 13:52:12 | INFO | MONITOR_SLEEP | Sleeping for 20s (base=20s, consecutive_errors=0, monitoring_suspended=False)
2025-11-30 13:52:32 | INFO | MONITOR_SLEEP | Sleeping for 20s (base=20s, consecutive_errors=0, monitoring_suspended=False)
2025-11-30 13:52:52 | INFO | MONITOR_SLEEP | Sleeping for 20s (base=20s, consecutive_errors=0, monitoring_suspended=False)
2025-11-30 13:53:12 | INFO | MONITOR | Paper trades checked (next in 60s)
2025-11-30 13:53:12 | INFO | MONITOR_SLEEP | Sleeping for 20s (base=20s, consecutive_errors=0, monitoring_suspended=False)
2025-11-30 13:53:32 | INFO | MONITOR_SLEEP | Sleeping for 20s (base=20s, consecutive_errors=0, monitoring_suspended=False)
2025-11-30 13:53:52 | INFO | MONITOR_SLEEP | Sleeping for 20s (base=20s, consecutive_errors=0, monitoring_suspended=False)
2025-11-30 13:54:12 | INFO | MONITOR | Paper trades checked (next in 60s)
2025-11-30 13:54:12 | INFO | MONITOR_SLEEP | Sleeping for 20s (base=20s, consecutive_errors=0, monitoring_suspended=False)
2025-11-30 13:54:32 | INFO | MONITOR_SLEEP | Sleeping for 20s (base=20s, consecutive_errors=0, monitoring_suspended=False)
2025-11-30 13:54:52 | INFO | MONITOR_SLEEP | Sleeping for 20s (base=20s, consecutive_errors=0, monitoring_suspended=False)
2025-11-30 13:55:12 | INFO | MONITOR | Paper trades checked (next in 60s)
2025-11-30 13:55:12 | INFO | MONITOR_SLEEP | Sleeping for 20s (base=20s, consecutive_errors=0, monitoring_suspended=False)
2025-11-30 13:55:32 | INFO | MONITOR_SLEEP | Sleeping for 20s (base=20s, consecutive_errors=0, monitoring_suspended=False)
2025-11-30 13:55:52 | INFO | MONITOR_SLEEP | Sleeping for 20s (base=20s, consecutive_errors=0, monitoring_suspended=False)
2025-11-30 13:56:12 | INFO | MONITOR | Paper trades checked (next in 60s)
2025-11-30 13:56:12 | INFO | MONITOR_SLEEP | Sleeping for 20s (base=20s, consecutive_errors=0, monitoring_suspended=False)
2025-11-30 13:56:32 | INFO | MONITOR_SLEEP | Sleeping for 20s (base=20s, consecutive_errors=0, monitoring_suspended=False)
2025-11-30 13:56:52 | INFO | MONITOR_SLEEP | Sleeping for 20s (base=20s, consecutive_errors=0, monitoring_suspended=False)
2025-11-30 13:57:12 | INFO | MONITOR | Paper trades checked (next in 60s)
2025-11-30 13:57:12 | INFO | MONITOR_SLEEP | Sleeping for 20s (base=20s, consecutive_errors=0, monitoring_suspended=False)
2025-11-30 13:57:32 | INFO | MONITOR_SLEEP | Sleeping for 20s (base=20s, consecutive_errors=0, monitoring_suspended=False)
2025-11-30 13:57:52 | INFO | MONITOR_SLEEP | Sleeping for 20s (base=20s, consecutive_errors=0, monitoring_suspended=False)
2025-11-30 13:58:12 | INFO | MONITOR | Paper trades checked (next in 60s)
2025-11-30 13:58:12 | INFO | MONITOR_SLEEP | Sleeping for 20s (base=20s, consecutive_errors=0, monitoring_suspended=False)
2025-11-30 13:58:32 | INFO | MONITOR_SLEEP | Sleeping for 20s (base=20s, consecutive_errors=0, monitoring_suspended=False)
2025-11-30 13:58:52 | INFO | MONITOR_SLEEP | Sleeping for 20s (base=20s, consecutive_errors=0, monitoring_suspended=False)
2025-11-30 13:59:12 | INFO | MONITOR | Paper trades checked (next in 60s)
2025-11-30 13:59:12 | INFO | MONITOR_SLEEP | Sleeping for 20s (base=20s, consecutive_errors=0, monitoring_suspended=False)
2025-11-30 13:59:32 | INFO | MONITOR_SLEEP | Sleeping for 20s (base=20s, consecutive_errors=0, monitoring_suspended=False)
2025-11-30 13:59:52 | INFO | MONITOR_SLEEP | Sleeping for 20s (base=20s, consecutive_errors=0, monitoring_suspended=False)
2025-11-30 14:00:12 | INFO | MONITOR | Paper trades checked (next in 60s)
2025-11-30 14:00:12 | INFO | MONITOR_SLEEP | Sleeping for 20s (base=20s, consecutive_errors=0, monitoring_suspended=False)
2025-11-30 14:00:32 | INFO | MONITOR_SLEEP | Sleeping for 20s (base=20s, consecutive_errors=0, monitoring_suspended=False)
2025-11-30 14:00:52 | INFO | MONITOR_SLEEP | Sleeping for 20s (base=20s, consecutive_errors=0, monitoring_suspended=False)
2025-11-30 14:01:12 | INFO | MONITOR | Paper trades checked (next in 60s)
2025-11-30 14:01:12 | INFO | MONITOR_SLEEP | Sleeping for 20s (base=20s, consecutive_errors=0, monitoring_suspended=False)
2025-11-30 14:01:32 | INFO | MONITOR_SLEEP | Sleeping for 20s (base=20s, consecutive_errors=0, monitoring_suspended=False)
2025-11-30 14:01:52 | INFO | MONITOR_SLEEP | Sleeping for 20s (base=20s, consecutive_errors=0, monitoring_suspended=False)
2025-11-30 14:02:12 | INFO | MONITOR | Paper trades checked (next in 60s)
2025-11-30 14:02:12 | INFO | MONITOR_SLEEP | Sleeping for 20s (base=20s, consecutive_errors=0, monitoring_suspended=False)
2025-11-30 14:02:32 | INFO | MONITOR_SLEEP | Sleeping for 20s (base=20s, consecutive_errors=0, monitoring_suspended=False)
2025-11-30 14:02:52 | INFO | MONITOR_SLEEP | Sleeping for 20s (base=20s, consecutive_errors=0, monitoring_suspended=False)
2025-11-30 14:03:12 | INFO | MONITOR | Paper trades checked (next in 60s)
2025-11-30 14:03:12 | INFO | MONITOR_SLEEP | Sleeping for 20s (base=20s, consecutive_errors=0, monitoring_suspended=False)
2025-11-30 14:03:32 | INFO | MONITOR_SLEEP | Sleeping for 20s (base=20s, consecutive_errors=0, monitoring_suspended=False)
2025-11-30 14:03:52 | INFO | MONITOR_SLEEP | Sleeping for 20s (base=20s, consecutive_errors=0, monitoring_suspended=False)
2025-11-30 14:04:12 | INFO | MONITOR | Paper trades checked (next in 60s)
2025-11-30 14:04:12 | INFO | MONITOR_SLEEP | Sleeping for 20s (base=20s, consecutive_errors=0, monitoring_suspended=False)
2025-11-30 14:04:32 | INFO | MONITOR_SLEEP | Sleeping for 20s (base=20s, consecutive_errors=0, monitoring_suspended=False)
2025-11-30 14:04:52 | INFO | MONITOR_SLEEP | Sleeping for 20s (base=20s, consecutive_errors=0, monitoring_suspended=False)
2025-11-30 14:05:12 | INFO | MONITOR | Paper trades checked (next in 60s)
2025-11-30 14:05:12 | INFO | MONITOR_SLEEP | Sleeping for 20s (base=20s, consecutive_errors=0, monitoring_suspended=False)
2025-11-30 14:05:32 | INFO | MONITOR_SLEEP | Sleeping for 20s (base=20s, consecutive_errors=0, monitoring_suspended=False)
2025-11-30 14:05:52 | INFO | MONITOR_SLEEP | Sleeping for 20s (base=20s, consecutive_errors=0, monitoring_suspended=False)
2025-11-30 14:06:12 | INFO | MONITOR | Paper trades checked (next in 60s)
2025-11-30 14:06:12 | INFO | MONITOR_SLEEP | Sleeping for 20s (base=20s, consecutive_errors=0, monitoring_suspended=False)
2025-11-30 14:06:32 | INFO | MONITOR_SLEEP | Sleeping for 20s (base=20s, consecutive_errors=0, monitoring_suspended=False)
2025-11-30 14:06:52 | INFO | MONITOR_SLEEP | Sleeping for 20s (base=20s, consecutive_errors=0, monitoring_suspended=False)
2025-11-30 14:07:12 | INFO | MONITOR | Paper trades checked (next in 60s)
2025-11-30 14:07:12 | INFO | MONITOR_SLEEP | Sleeping for 20s (base=20s, consecutive_errors=0, monitoring_suspended=False)
2025-11-30 14:07:32 | INFO | MONITOR_SLEEP | Sleeping for 20s (base=20s, consecutive_errors=0, monitoring_suspended=False)
2025-11-30 14:07:52 | INFO | MONITOR_SLEEP | Sleeping for 20s (base=20s, consecutive_errors=0, monitoring_suspended=False)
2025-11-30 14:08:12 | INFO | MONITOR | Paper trades checked (next in 60s)
2025-11-30 14:08:12 | INFO | MONITOR_SLEEP | Sleeping for 20s (base=20s, consecutive_errors=0, monitoring_suspended=False)
2025-11-30 14:08:32 | INFO | MONITOR_SLEEP | Sleeping for 20s (base=20s, consecutive_errors=0, monitoring_suspended=False)
2025-11-30 14:08:52 | INFO | MONITOR_SLEEP | Sleeping for 20s (base=20s, consecutive_errors=0, monitoring_suspended=False)
2025-11-30 14:09:12 | INFO | MONITOR | Paper trades checked (next in 60s)
2025-11-30 14:09:12 | INFO | MONITOR_SLEEP | Sleeping for 20s (base=20s, consecutive_errors=0, monitoring_suspended=False)
2025-11-30 14:09:32 | INFO | MONITOR_SLEEP | Sleeping for 20s (base=20s, consecutive_errors=0, monitoring_suspended=False)
2025-11-30 14:09:53 | INFO | MONITOR_SLEEP | Sleeping for 20s (base=20s, consecutive_errors=0, monitoring_suspended=False)
2025-11-30 14:10:13 | INFO | MONITOR | Paper trades checked (next in 60s)
2025-11-30 14:10:13 | INFO | MONITOR_SLEEP | Sleeping for 20s (base=20s, consecutive_errors=0, monitoring_suspended=False)
2025-11-30 14:10:33 | INFO | MONITOR_SLEEP | Sleeping for 20s (base=20s, consecutive_errors=0, monitoring_suspended=False)
2025-11-30 14:10:53 | INFO | MONITOR_SLEEP | Sleeping for 20s (base=20s, consecutive_errors=0, monitoring_suspended=False)
2025-11-30 14:11:13 | INFO | MONITOR | Paper trades checked (next in 60s)
2025-11-30 14:11:13 | INFO | MONITOR_SLEEP | Sleeping for 20s (base=20s, consecutive_errors=0, monitoring_suspended=False)
2025-11-30 14:11:33 | INFO | MONITOR_SLEEP | Sleeping for 20s (base=20s, consecutive_errors=0, monitoring_suspended=False)
2025-11-30 14:11:53 | INFO | MONITOR_SLEEP | Sleeping for 20s (base=20s, consecutive_errors=0, monitoring_suspended=False)
2025-11-30 14:12:13 | INFO | MONITOR | Paper trades checked (next in 60s)
2025-11-30 14:12:13 | INFO | MONITOR_SLEEP | Sleeping for 20s (base=20s, consecutive_errors=0, monitoring_suspended=False)
2025-11-30 14:12:33 | INFO | MONITOR_SLEEP | Sleeping for 20s (base=20s, consecutive_errors=0, monitoring_suspended=False)
2025-11-30 14:12:53 | INFO | MONITOR_SLEEP | Sleeping for 20s (base=20s, consecutive_errors=0, monitoring_suspended=False)
2025-11-30 14:13:13 | INFO | MONITOR | Paper trades checked (next in 60s)
2025-11-30 14:13:13 | INFO | MONITOR_SLEEP | Sleeping for 20s (base=20s, consecutive_errors=0, monitoring_suspended=False)
2025-11-30 14:13:33 | INFO | MONITOR_SLEEP | Sleeping for 20s (base=20s, consecutive_errors=0, monitoring_suspended=False)
2025-11-30 14:13:53 | INFO | MONITOR_SLEEP | Sleeping for 20s (base=20s, consecutive_errors=0, monitoring_suspended=False)
2025-11-30 14:14:13 | INFO | MONITOR | Paper trades checked (next in 60s)
2025-11-30 14:14:13 | INFO | MONITOR_SLEEP | Sleeping for 20s (base=20s, consecutive_errors=0, monitoring_suspended=False)
2025-11-30 14:14:33 | INFO | MONITOR_SLEEP | Sleeping for 20s (base=20s, consecutive_errors=0, monitoring_suspended=False)
2025-11-30 14:14:53 | INFO | MONITOR_SLEEP | Sleeping for 20s (base=20s, consecutive_errors=0, monitoring_suspended=False)
2025-11-30 14:15:13 | INFO | MONITOR | Paper trades checked (next in 60s)
2025-11-30 14:15:13 | INFO | MONITOR_SLEEP | Sleeping for 20s (base=20s, consecutive_errors=0, monitoring_suspended=False)
2025-11-30 14:15:33 | INFO | MONITOR_SLEEP | Sleeping for 20s (base=20s, consecutive_errors=0, monitoring_suspended=False)
2025-11-30 14:15:53 | INFO | MONITOR_SLEEP | Sleeping for 20s (base=20s, consecutive_errors=0, monitoring_suspended=False)
2025-11-30 14:16:13 | INFO | MONITOR | Paper trades checked (next in 60s)
2025-11-30 14:16:13 | INFO | MONITOR_SLEEP | Sleeping for 20s (base=20s, consecutive_errors=0, monitoring_suspended=False)
2025-11-30 14:16:33 | INFO | MONITOR_SLEEP | Sleeping for 20s (base=20s, consecutive_errors=0, monitoring_suspended=False)
2025-11-30 14:16:53 | INFO | MONITOR_SLEEP | Sleeping for 20s (base=20s, consecutive_errors=0, monitoring_suspended=False)
2025-11-30 14:17:13 | INFO | MONITOR | Paper trades checked (next in 60s)
2025-11-30 14:17:13 | INFO | MONITOR_SLEEP | Sleeping for 20s (base=20s, consecutive_errors=0, monitoring_suspended=False)
2025-11-30 14:17:33 | INFO | MONITOR_SLEEP | Sleeping for 20s (base=20s, consecutive_errors=0, monitoring_suspended=False)
2025-11-30 14:17:53 | INFO | MONITOR_SLEEP | Sleeping for 20s (base=20s, consecutive_errors=0, monitoring_suspended=False)
2025-11-30 14:18:13 | INFO | MONITOR | Paper trades checked (next in 60s)
2025-11-30 14:18:13 | INFO | MONITOR_SLEEP | Sleeping for 20s (base=20s, consecutive_errors=0, monitoring_suspended=False)
2025-11-30 14:18:33 | INFO | MONITOR_SLEEP | Sleeping for 20s (base=20s, consecutive_errors=0, monitoring_suspended=False)
2025-11-30 14:18:53 | INFO | MONITOR_SLEEP | Sleeping for 20s (base=20s, consecutive_errors=0, monitoring_suspended=False)
2025-11-30 14:19:13 | INFO | MONITOR | Paper trades checked (next in 60s)
2025-11-30 14:19:13 | INFO | MONITOR_SLEEP | Sleeping for 20s (base=20s, consecutive_errors=0, monitoring_suspended=False)
2025-11-30 14:19:33 | INFO | MONITOR_SLEEP | Sleeping for 20s (base=20s, consecutive_errors=0, monitoring_suspended=False)
2025-11-30 14:19:53 | INFO | MONITOR_SLEEP | Sleeping for 20s (base=20s, consecutive_errors=0, monitoring_suspended=False)
2025-11-30 14:20:13 | INFO | MONITOR | Paper trades checked (next in 60s)
2025-11-30 14:20:13 | INFO | MONITOR_SLEEP | Sleeping for 20s (base=20s, consecutive_errors=0, monitoring_suspended=False)
2025-11-30 14:20:33 | INFO | MONITOR_SLEEP | Sleeping for 20s (base=20s, consecutive_errors=0, monitoring_suspended=False)
2025-11-30 14:20:53 | INFO | MONITOR_SLEEP | Sleeping for 20s (base=20s, consecutive_errors=0, monitoring_suspended=False)
2025-11-30 14:21:13 | INFO | MONITOR | Paper trades checked (next in 60s)
2025-11-30 14:21:13 | INFO | MONITOR_SLEEP | Sleeping for 20s (base=20s, consecutive_errors=0, monitoring_suspended=False)
2025-11-30 14:21:33 | INFO | MONITOR_SLEEP | Sleeping for 20s (base=20s, consecutive_errors=0, monitoring_suspended=False)
2025-11-30 14:21:53 | INFO | MONITOR_SLEEP | Sleeping for 20s (base=20s, consecutive_errors=0, monitoring_suspended=False)
2025-11-30 14:22:13 | INFO | MONITOR | Paper trades checked (next in 60s)
2025-11-30 14:22:13 | INFO | MONITOR_SLEEP | Sleeping for 20s (base=20s, consecutive_errors=0, monitoring_suspended=False)
2025-11-30 14:22:33 | INFO | MONITOR_SLEEP | Sleeping for 20s (base=20s, consecutive_errors=0, monitoring_suspended=False)
2025-11-30 14:22:53 | INFO | MONITOR_SLEEP | Sleeping for 20s (base=20s, consecutive_errors=0, monitoring_suspended=False)
2025-11-30 14:23:13 | INFO | MONITOR | Paper trades checked (next in 60s)
2025-11-30 14:23:13 | INFO | MONITOR_SLEEP | Sleeping for 20s (base=20s, consecutive_errors=0, monitoring_suspended=False)
2025-11-30 14:23:33 | INFO | MONITOR_SLEEP | Sleeping for 20s (base=20s, consecutive_errors=0, monitoring_suspended=False)
2025-11-30 14:23:53 | INFO | MONITOR_SLEEP | Sleeping for 20s (base=20s, consecutive_errors=0, monitoring_suspended=False)
2025-11-30 14:24:13 | INFO | MONITOR | Paper trades checked (next in 60s)
2025-11-30 14:24:13 | INFO | MONITOR_SLEEP | Sleeping for 20s (base=20s, consecutive_errors=0, monitoring_suspended=False)
2025-11-30 14:24:33 | INFO | MONITOR_SLEEP | Sleeping for 20s (base=20s, consecutive_errors=0, monitoring_suspended=False)
2025-11-30 14:24:53 | INFO | MONITOR_SLEEP | Sleeping for 20s (base=20s, consecutive_errors=0, monitoring_suspended=False)
2025-11-30 14:25:13 | INFO | MONITOR | Paper trades checked (next in 60s)
2025-11-30 14:25:13 | INFO | MONITOR_SLEEP | Sleeping for 20s (base=20s, consecutive_errors=0, monitoring_suspended=False)
2025-11-30 14:25:33 | INFO | MONITOR_SLEEP | Sleeping for 20s (base=20s, consecutive_errors=0, monitoring_suspended=False)
2025-11-30 14:25:53 | INFO | MONITOR_SLEEP | Sleeping for 20s (base=20s, consecutive_errors=0, monitoring_suspended=False)
2025-11-30 14:26:13 | INFO | MONITOR | Paper trades checked (next in 60s)
2025-11-30 14:26:13 | INFO | MONITOR_SLEEP | Sleeping for 20s (base=20s, consecutive_errors=0, monitoring_suspended=False)
2025-11-30 14:26:33 | INFO | MONITOR_SLEEP | Sleeping for 20s (base=20s, consecutive_errors=0, monitoring_suspended=False)
2025-11-30 14:26:53 | INFO | MONITOR_SLEEP | Sleeping for 20s (base=20s, consecutive_errors=0, monitoring_suspended=False)
2025-11-30 14:27:13 | INFO | MONITOR | Paper trades checked (next in 60s)
2025-11-30 14:27:13 | INFO | MONITOR_SLEEP | Sleeping for 20s (base=20s, consecutive_errors=0, monitoring_suspended=False)
2025-11-30 14:27:33 | INFO | MONITOR_SLEEP | Sleeping for 20s (base=20s, consecutive_errors=0, monitoring_suspended=False)
2025-11-30 14:27:53 | INFO | MONITOR_SLEEP | Sleeping for 20s (base=20s, consecutive_errors=0, monitoring_suspended=False)
2025-11-30 14:28:13 | INFO | MONITOR | Paper trades checked (next in 60s)
2025-11-30 14:28:13 | INFO | MONITOR_SLEEP | Sleeping for 20s (base=20s, consecutive_errors=0, monitoring_suspended=False)
2025-11-30 14:28:33 | INFO | MONITOR_SLEEP | Sleeping for 20s (base=20s, consecutive_errors=0, monitoring_suspended=False)
2025-11-30 14:28:53 | INFO | MONITOR_SLEEP | Sleeping for 20s (base=20s, consecutive_errors=0, monitoring_suspended=False)
2025-11-30 14:29:13 | INFO | MONITOR | Paper trades checked (next in 60s)
2025-11-30 14:29:13 | INFO | MONITOR_SLEEP | Sleeping for 20s (base=20s, consecutive_errors=0, monitoring_suspended=False)
2025-11-30 14:29:33 | INFO | MONITOR_SLEEP | Sleeping for 20s (base=20s, consecutive_errors=0, monitoring_suspended=False)
2025-11-30 14:29:53 | INFO | MONITOR_SLEEP | Sleeping for 20s (base=20s, consecutive_errors=0, monitoring_suspended=False)
2025-11-30 14:30:13 | INFO | MONITOR | Paper trades checked (next in 60s)
2025-11-30 14:30:13 | INFO | MONITOR_SLEEP | Sleeping for 20s (base=20s, consecutive_errors=0, monitoring_suspended=False)
2025-11-30 14:30:33 | INFO | MONITOR_SLEEP | Sleeping for 20s (base=20s, consecutive_errors=0, monitoring_suspended=False)
2025-11-30 14:30:53 | INFO | MONITOR_SLEEP | Sleeping for 20s (base=20s, consecutive_errors=0, monitoring_suspended=False)
2025-11-30 14:31:13 | INFO | MONITOR | Paper trades checked (next in 60s)
2025-11-30 14:31:13 | INFO | MONITOR_SLEEP | Sleeping for 20s (base=20s, consecutive_errors=0, monitoring_suspended=False)
2025-11-30 14:31:33 | INFO | MONITOR_SLEEP | Sleeping for 20s (base=20s, consecutive_errors=0, monitoring_suspended=False)
2025-11-30 14:31:53 | INFO | MONITOR_SLEEP | Sleeping for 20s (base=20s, consecutive_errors=0, monitoring_suspended=False)
2025-11-30 14:32:13 | INFO | MONITOR | Paper trades checked (next in 60s)
2025-11-30 14:32:13 | INFO | MONITOR_SLEEP | Sleeping for 20s (base=20s, consecutive_errors=0, monitoring_suspended=False)
2025-11-30 14:32:33 | INFO | MONITOR_SLEEP | Sleeping for 20s (base=20s, consecutive_errors=0, monitoring_suspended=False)
2025-11-30 14:32:53 | INFO | MONITOR_SLEEP | Sleeping for 20s (base=20s, consecutive_errors=0, monitoring_suspended=False)
2025-11-30 14:33:13 | INFO | MONITOR | Paper trades checked (next in 60s)
2025-11-30 14:33:13 | INFO | MONITOR_SLEEP | Sleeping for 20s (base=20s, consecutive_errors=0, monitoring_suspended=False)
2025-11-30 14:33:33 | INFO | MONITOR_SLEEP | Sleeping for 20s (base=20s, consecutive_errors=0, monitoring_suspended=False)
2025-11-30 14:33:53 | INFO | MONITOR_SLEEP | Sleeping for 20s (base=20s, consecutive_errors=0, monitoring_suspended=False)
2025-11-30 14:34:13 | INFO | MONITOR | Paper trades checked (next in 60s)
2025-11-30 14:34:13 | INFO | MONITOR_SLEEP | Sleeping for 20s (base=20s, consecutive_errors=0, monitoring_suspended=False)
2025-11-30 14:34:33 | INFO | MONITOR_SLEEP | Sleeping for 20s (base=20s, consecutive_errors=0, monitoring_suspended=False)
2025-11-30 14:34:53 | INFO | MONITOR_SLEEP | Sleeping for 20s (base=20s, consecutive_errors=0, monitoring_suspended=False)
2025-11-30 14:35:13 | INFO | MONITOR | Paper trades checked (next in 60s)
2025-11-30 14:35:13 | INFO | MONITOR_SLEEP | Sleeping for 20s (base=20s, consecutive_errors=0, monitoring_suspended=False)
2025-11-30 14:35:33 | INFO | MONITOR_SLEEP | Sleeping for 20s (base=20s, consecutive_errors=0, monitoring_suspended=False)
2025-11-30 14:35:53 | INFO | MONITOR_SLEEP | Sleeping for 20s (base=20s, consecutive_errors=0, monitoring_suspended=False)
2025-11-30 14:36:13 | INFO | MONITOR | Paper trades checked (next in 60s)
2025-11-30 14:36:13 | INFO | MONITOR_SLEEP | Sleeping for 20s (base=20s, consecutive_errors=0, monitoring_suspended=False)
2025-11-30 14:36:33 | INFO | MONITOR_SLEEP | Sleeping for 20s (base=20s, consecutive_errors=0, monitoring_suspended=False)
2025-11-30 14:36:53 | INFO | MONITOR_SLEEP | Sleeping for 20s (base=20s, consecutive_errors=0, monitoring_suspended=False)
2025-11-30 14:37:13 | INFO | MONITOR | Paper trades checked (next in 60s)
2025-11-30 14:37:13 | INFO | MONITOR_SLEEP | Sleeping for 20s (base=20s, consecutive_errors=0, monitoring_suspended=False)
2025-11-30 14:37:33 | INFO | MONITOR_SLEEP | Sleeping for 20s (base=20s, consecutive_errors=0, monitoring_suspended=False)
2025-11-30 14:37:53 | INFO | MONITOR_SLEEP | Sleeping for 20s (base=20s, consecutive_errors=0, monitoring_suspended=False)
2025-11-30 14:38:13 | INFO | MONITOR | Paper trades checked (next in 60s)
2025-11-30 14:38:13 | INFO | MONITOR_SLEEP | Sleeping for 20s (base=20s, consecutive_errors=0, monitoring_suspended=False)
2025-11-30 14:38:33 | INFO | MONITOR_SLEEP | Sleeping for 20s (base=20s, consecutive_errors=0, monitoring_suspended=False)
2025-11-30 14:38:53 | INFO | MONITOR_SLEEP | Sleeping for 20s (base=20s, consecutive_errors=0, monitoring_suspended=False)
2025-11-30 14:39:13 | INFO | MONITOR | Paper trades checked (next in 60s)
2025-11-30 14:39:13 | INFO | MONITOR_SLEEP | Sleeping for 20s (base=20s, consecutive_errors=0, monitoring_suspended=False)
2025-11-30 14:39:33 | INFO | MONITOR_SLEEP | Sleeping for 20s (base=20s, consecutive_errors=0, monitoring_suspended=False)
2025-11-30 14:39:53 | INFO | MONITOR_SLEEP | Sleeping for 20s (base=20s, consecutive_errors=0, monitoring_suspended=False)
2025-11-30 14:40:13 | INFO | MONITOR | Paper trades checked (next in 60s)
2025-11-30 14:40:13 | INFO | MONITOR_SLEEP | Sleeping for 20s (base=20s, consecutive_errors=0, monitoring_suspended=False)
2025-11-30 14:40:33 | INFO | MONITOR_SLEEP | Sleeping for 20s (base=20s, consecutive_errors=0, monitoring_suspended=False)
2025-11-30 14:40:53 | INFO | MONITOR_SLEEP | Sleeping for 20s (base=20s, consecutive_errors=0, monitoring_suspended=False)
2025-11-30 14:41:13 | INFO | MONITOR | Paper trades checked (next in 60s)
2025-11-30 14:41:13 | INFO | MONITOR_SLEEP | Sleeping for 20s (base=20s, consecutive_errors=0, monitoring_suspended=False)
2025-11-30 14:41:33 | INFO | MONITOR_SLEEP | Sleeping for 20s (base=20s, consecutive_errors=0, monitoring_suspended=False)
2025-11-30 14:41:53 | INFO | MONITOR_SLEEP | Sleeping for 20s (base=20s, consecutive_errors=0, monitoring_suspended=False)
2025-11-30 14:42:13 | INFO | MONITOR | Paper trades checked (next in 60s)
2025-11-30 14:42:13 | INFO | MONITOR_SLEEP | Sleeping for 20s (base=20s, consecutive_errors=0, monitoring_suspended=False)
2025-11-30 14:42:33 | INFO | MONITOR_SLEEP | Sleeping for 20s (base=20s, consecutive_errors=0, monitoring_suspended=False)
2025-11-30 14:42:53 | INFO | MONITOR_SLEEP | Sleeping for 20s (base=20s, consecutive_errors=0, monitoring_suspended=False)
2025-11-30 14:43:13 | INFO | MONITOR | Paper trades checked (next in 60s)
2025-11-30 14:43:13 | INFO | MONITOR_SLEEP | Sleeping for 20s (base=20s, consecutive_errors=0, monitoring_suspended=False)
2025-11-30 14:43:33 | INFO | MONITOR_SLEEP | Sleeping for 20s (base=20s, consecutive_errors=0, monitoring_suspended=False)
2025-11-30 14:43:53 | INFO | MONITOR_SLEEP | Sleeping for 20s (base=20s, consecutive_errors=0, monitoring_suspended=False)
2025-11-30 14:44:13 | INFO | MONITOR | Paper trades checked (next in 60s)
2025-11-30 14:44:13 | INFO | MONITOR_SLEEP | Sleeping for 20s (base=20s, consecutive_errors=0, monitoring_suspended=False)
2025-11-30 14:44:33 | INFO | MONITOR_SLEEP | Sleeping for 20s (base=20s, consecutive_errors=0, monitoring_suspended=False)
2025-11-30 14:44:53 | INFO | MONITOR_SLEEP | Sleeping for 20s (base=20s, consecutive_errors=0, monitoring_suspended=False)
2025-11-30 14:45:13 | INFO | MONITOR | Paper trades checked (next in 60s)
2025-11-30 14:45:13 | INFO | MONITOR_SLEEP | Sleeping for 20s (base=20s, consecutive_errors=0, monitoring_suspended=False)
2025-11-30 14:45:33 | INFO | MONITOR_SLEEP | Sleeping for 20s (base=20s, consecutive_errors=0, monitoring_suspended=False)
2025-11-30 14:45:53 | INFO | MONITOR_SLEEP | Sleeping for 20s (base=20s, consecutive_errors=0, monitoring_suspended=False)
2025-11-30 14:46:13 | INFO | MONITOR | Paper trades checked (next in 60s)
2025-11-30 14:46:13 | INFO | MONITOR_SLEEP | Sleeping for 20s (base=20s, consecutive_errors=0, monitoring_suspended=False)
2025-11-30 14:46:33 | INFO | MONITOR_SLEEP | Sleeping for 20s (base=20s, consecutive_errors=0, monitoring_suspended=False)
2025-11-30 14:46:53 | INFO | MONITOR_SLEEP | Sleeping for 20s (base=20s, consecutive_errors=0, monitoring_suspended=False)
2025-11-30 14:47:13 | INFO | MONITOR | Paper trades checked (next in 60s)
2025-11-30 14:47:13 | INFO | MONITOR_SLEEP | Sleeping for 20s (base=20s, consecutive_errors=0, monitoring_suspended=False)
2025-11-30 14:47:33 | INFO | MONITOR_SLEEP | Sleeping for 20s (base=20s, consecutive_errors=0, monitoring_suspended=False)
2025-11-30 14:47:53 | INFO | MONITOR_SLEEP | Sleeping for 20s (base=20s, consecutive_errors=0, monitoring_suspended=False)
2025-11-30 14:48:13 | INFO | MONITOR | Paper trades checked (next in 60s)
2025-11-30 14:48:13 | INFO | MONITOR_SLEEP | Sleeping for 20s (base=20s, consecutive_errors=0, monitoring_suspended=False)
2025-11-30 14:48:33 | INFO | MONITOR_SLEEP | Sleeping for 20s (base=20s, consecutive_errors=0, monitoring_suspended=False)
2025-11-30 14:48:53 | INFO | MONITOR_SLEEP | Sleeping for 20s (base=20s, consecutive_errors=0, monitoring_suspended=False)
2025-11-30 14:49:13 | INFO | MONITOR | Paper trades checked (next in 60s)
2025-11-30 14:49:13 | INFO | MONITOR_SLEEP | Sleeping for 20s (base=20s, consecutive_errors=0, monitoring_suspended=False)
2025-11-30 14:49:33 | INFO | MONITOR_SLEEP | Sleeping for 20s (base=20s, consecutive_errors=0, monitoring_suspended=False)
2025-11-30 14:49:53 | INFO | MONITOR_SLEEP | Sleeping for 20s (base=20s, consecutive_errors=0, monitoring_suspended=False)
2025-11-30 14:50:13 | INFO | MONITOR | Paper trades checked (next in 60s)
2025-11-30 14:50:13 | INFO | MONITOR_SLEEP | Sleeping for 20s (base=20s, consecutive_errors=0, monitoring_suspended=False)
2025-11-30 14:50:33 | INFO | MONITOR_SLEEP | Sleeping for 20s (base=20s, consecutive_errors=0, monitoring_suspended=False)
2025-11-30 14:50:53 | INFO | MONITOR_SLEEP | Sleeping for 20s (base=20s, consecutive_errors=0, monitoring_suspended=False)
2025-11-30 14:51:13 | INFO | MONITOR | Paper trades checked (next in 60s)
2025-11-30 14:51:13 | INFO | MONITOR_SLEEP | Sleeping for 20s (base=20s, consecutive_errors=0, monitoring_suspended=False)
2025-11-30 14:51:33 | INFO | MONITOR_SLEEP | Sleeping for 20s (base=20s, consecutive_errors=0, monitoring_suspended=False)
2025-11-30 14:51:53 | INFO | MONITOR_SLEEP | Sleeping for 20s (base=20s, consecutive_errors=0, monitoring_suspended=False)
2025-11-30 14:52:13 | INFO | MONITOR | Paper trades checked (next in 60s)
2025-11-30 14:52:13 | INFO | MONITOR_SLEEP | Sleeping for 20s (base=20s, consecutive_errors=0, monitoring_suspended=False)
2025-11-30 14:52:33 | INFO | MONITOR_SLEEP | Sleeping for 20s (base=20s, consecutive_errors=0, monitoring_suspended=False)
2025-11-30 14:52:53 | INFO | MONITOR_SLEEP | Sleeping for 20s (base=20s, consecutive_errors=0, monitoring_suspended=False)
2025-11-30 14:53:13 | INFO | MONITOR | Paper trades checked (next in 60s)
2025-11-30 14:53:13 | INFO | MONITOR_SLEEP | Sleeping for 20s (base=20s, consecutive_errors=0, monitoring_suspended=False)
2025-11-30 14:53:33 | INFO | MONITOR_SLEEP | Sleeping for 20s (base=20s, consecutive_errors=0, monitoring_suspended=False)
2025-11-30 14:53:53 | INFO | MONITOR_SLEEP | Sleeping for 20s (base=20s, consecutive_errors=0, monitoring_suspended=False)
2025-11-30 14:54:13 | INFO | MONITOR | Paper trades checked (next in 60s)
2025-11-30 14:54:13 | INFO | MONITOR_SLEEP | Sleeping for 20s (base=20s, consecutive_errors=0, monitoring_suspended=False)
2025-11-30 14:54:33 | INFO | MONITOR_SLEEP | Sleeping for 20s (base=20s, consecutive_errors=0, monitoring_suspended=False)
2025-11-30 14:54:53 | INFO | MONITOR_SLEEP | Sleeping for 20s (base=20s, consecutive_errors=0, monitoring_suspended=False)
2025-11-30 14:55:13 | INFO | MONITOR | Paper trades checked (next in 60s)
2025-11-30 14:55:13 | INFO | MONITOR_SLEEP | Sleeping for 20s (base=20s, consecutive_errors=0, monitoring_suspended=False)
2025-11-30 14:55:33 | INFO | MONITOR_SLEEP | Sleeping for 20s (base=20s, consecutive_errors=0, monitoring_suspended=False)
2025-11-30 14:55:53 | INFO | MONITOR_SLEEP | Sleeping for 20s (base=20s, consecutive_errors=0, monitoring_suspended=False)
2025-11-30 14:56:13 | INFO | MONITOR | Paper trades checked (next in 60s)
2025-11-30 14:56:13 | INFO | MONITOR_SLEEP | Sleeping for 20s (base=20s, consecutive_errors=0, monitoring_suspended=False)
2025-11-30 14:56:33 | INFO | MONITOR_SLEEP | Sleeping for 20s (base=20s, consecutive_errors=0, monitoring_suspended=False)
2025-11-30 14:56:53 | INFO | MONITOR_SLEEP | Sleeping for 20s (base=20s, consecutive_errors=0, monitoring_suspended=False)
2025-11-30 14:57:13 | INFO | MONITOR | Paper trades checked (next in 60s)
2025-11-30 14:57:13 | INFO | MONITOR_SLEEP | Sleeping for 20s (base=20s, consecutive_errors=0, monitoring_suspended=False)
2025-11-30 14:57:33 | INFO | MONITOR_SLEEP | Sleeping for 20s (base=20s, consecutive_errors=0, monitoring_suspended=False)
2025-11-30 14:57:53 | INFO | MONITOR_SLEEP | Sleeping for 20s (base=20s, consecutive_errors=0, monitoring_suspended=False)
2025-11-30 14:58:13 | INFO | MONITOR | Paper trades checked (next in 60s)
2025-11-30 14:58:13 | INFO | MONITOR_SLEEP | Sleeping for 20s (base=20s, consecutive_errors=0, monitoring_suspended=False)
2025-11-30 14:58:33 | INFO | MONITOR_SLEEP | Sleeping for 20s (base=20s, consecutive_errors=0, monitoring_suspended=False)
2025-11-30 14:58:53 | INFO | MONITOR_SLEEP | Sleeping for 20s (base=20s, consecutive_errors=0, monitoring_suspended=False)
2025-11-30 14:59:13 | INFO | MONITOR | Paper trades checked (next in 60s)
2025-11-30 14:59:13 | INFO | MONITOR_SLEEP | Sleeping for 20s (base=20s, consecutive_errors=0, monitoring_suspended=False)
2025-11-30 14:59:33 | INFO | MONITOR_SLEEP | Sleeping for 20s (base=20s, consecutive_errors=0, monitoring_suspended=False)
2025-11-30 14:59:53 | INFO | MONITOR_SLEEP | Sleeping for 20s (base=20s, consecutive_errors=0, monitoring_suspended=False)
2025-11-30 15:00:10 | INFO | STARTUP | Logging initialized | log_dir=/root/santhosh/trading/equity/logs/2025-11-30
2025-11-30 15:00:12 | INFO | FEEDBACK_INIT | PerformanceFeedback initialized for adaptive trading
2025-11-30 15:00:12 | INFO | MONITOR | Backed up stale positions.json to positions.json.startup_1764495012
2025-11-30 15:00:12 | INFO | MONITOR | ✓ Cleared stale positions.json - will rebuild from broker holdings
2025-11-30 15:00:12 | INFO | MONITOR | Skipping file load - broker will be source of truth
2025-11-30 15:00:12 | INFO | HOLDINGS_SYNC | Fetching positions and holdings from broker...
2025-11-30 15:00:12 | INFO | HOLDINGS_SYNC | No positions or holdings found at broker
2025-11-30 15:00:12 | INFO | MONITOR | Position monitoring started with bucketed LTP checking
2025-11-30 15:00:12 | INFO | MONITOR | Event loop thread started
2025-11-30 15:00:12 | INFO | MONITOR | Event loop started successfully for priority queue
2025-11-30 15:00:13 | INFO | MONITOR | Priority API queue enabled and started
2025-11-30 15:00:13 | INFO | SL_RETRY | SL retry thread started - waiting 30s before initial placement (conserve startup API quota)
2025-11-30 15:00:13 | INFO | SL_RETRY | SL retry thread started successfully
2025-11-30 15:00:13 | INFO | MONITOR_SLEEP | Sleeping for 20s (base=20s, consecutive_errors=0, monitoring_suspended=False)
2025-11-30 15:00:33 | INFO | MONITOR_SLEEP | Sleeping for 20s (base=20s, consecutive_errors=0, monitoring_suspended=False)
2025-11-30 15:00:43 | INFO | SL_RETRY | SL retry thread active - conservative mode (1 SL per 20s, max 10 retries)
2025-11-30 15:00:53 | INFO | MONITOR_SLEEP | Sleeping for 20s (base=20s, consecutive_errors=0, monitoring_suspended=False)
2025-11-30 15:01:13 | INFO | MONITOR | Paper trades checked (next in 60s)
2025-11-30 15:01:13 | INFO | MONITOR_SLEEP | Sleeping for 20s (base=20s, consecutive_errors=0, monitoring_suspended=False)
2025-11-30 15:01:33 | INFO | MONITOR_SLEEP | Sleeping for 20s (base=20s, consecutive_errors=0, monitoring_suspended=False)
2025-11-30 15:01:53 | INFO | MONITOR_SLEEP | Sleeping for 20s (base=20s, consecutive_errors=0, monitoring_suspended=False)
2025-11-30 15:02:13 | INFO | MONITOR | Paper trades checked (next in 60s)
2025-11-30 15:02:13 | INFO | MONITOR_SLEEP | Sleeping for 20s (base=20s, consecutive_errors=0, monitoring_suspended=False)
2025-11-30 15:02:33 | INFO | MONITOR_SLEEP | Sleeping for 20s (base=20s, consecutive_errors=0, monitoring_suspended=False)
2025-11-30 15:02:53 | INFO | MONITOR_SLEEP | Sleeping for 20s (base=20s, consecutive_errors=0, monitoring_suspended=False)
2025-11-30 15:03:13 | INFO | MONITOR | Paper trades checked (next in 60s)
2025-11-30 15:03:13 | INFO | MONITOR_SLEEP | Sleeping for 20s (base=20s, consecutive_errors=0, monitoring_suspended=False)
2025-11-30 15:03:33 | INFO | MONITOR_SLEEP | Sleeping for 20s (base=20s, consecutive_errors=0, monitoring_suspended=False)
2025-11-30 15:03:53 | INFO | MONITOR_SLEEP | Sleeping for 20s (base=20s, consecutive_errors=0, monitoring_suspended=False)
2025-11-30 15:04:13 | INFO | MONITOR | Paper trades checked (next in 60s)
2025-11-30 15:04:13 | INFO | MONITOR_SLEEP | Sleeping for 20s (base=20s, consecutive_errors=0, monitoring_suspended=False)
2025-11-30 15:04:33 | INFO | MONITOR_SLEEP | Sleeping for 20s (base=20s, consecutive_errors=0, monitoring_suspended=False)
2025-11-30 15:04:53 | INFO | MONITOR_SLEEP | Sleeping for 20s (base=20s, consecutive_errors=0, monitoring_suspended=False)
2025-11-30 15:05:10 | INFO | STARTUP | Logging initialized | log_dir=/root/santhosh/trading/equity/logs/2025-11-30
2025-11-30 15:05:11 | INFO | FEEDBACK_INIT | PerformanceFeedback initialized for adaptive trading
2025-11-30 15:05:11 | INFO | MONITOR | Backed up stale positions.json to positions.json.startup_1764495311
2025-11-30 15:05:11 | INFO | MONITOR | ✓ Cleared stale positions.json - will rebuild from broker holdings
2025-11-30 15:05:11 | INFO | MONITOR | Skipping file load - broker will be source of truth
2025-11-30 15:05:11 | INFO | HOLDINGS_SYNC | Fetching positions and holdings from broker...
2025-11-30 15:05:12 | INFO | HOLDINGS_SYNC | No positions or holdings found at broker
2025-11-30 15:05:12 | INFO | MONITOR | Position monitoring started with bucketed LTP checking
2025-11-30 15:05:12 | INFO | MONITOR | Event loop thread started
2025-11-30 15:05:12 | INFO | MONITOR | Event loop started successfully for priority queue
2025-11-30 15:05:12 | INFO | MONITOR | Priority API queue enabled and started
2025-11-30 15:05:12 | INFO | SL_RETRY | SL retry thread started - waiting 30s before initial placement (conserve startup API quota)
2025-11-30 15:05:12 | INFO | SL_RETRY | SL retry thread started successfully
2025-11-30 15:05:12 | INFO | MONITOR_SLEEP | Sleeping for 20s (base=20s, consecutive_errors=0, monitoring_suspended=False)
2025-11-30 15:05:32 | INFO | MONITOR_SLEEP | Sleeping for 20s (base=20s, consecutive_errors=0, monitoring_suspended=False)
2025-11-30 15:05:42 | INFO | SL_RETRY | SL retry thread active - conservative mode (1 SL per 20s, max 10 retries)
2025-11-30 15:05:52 | INFO | MONITOR_SLEEP | Sleeping for 20s (base=20s, consecutive_errors=0, monitoring_suspended=False)
2025-11-30 15:06:12 | INFO | MONITOR | Paper trades checked (next in 60s)
2025-11-30 15:06:12 | INFO | MONITOR_SLEEP | Sleeping for 20s (base=20s, consecutive_errors=0, monitoring_suspended=False)
2025-11-30 15:06:32 | INFO | MONITOR_SLEEP | Sleeping for 20s (base=20s, consecutive_errors=0, monitoring_suspended=False)
2025-11-30 15:06:52 | INFO | MONITOR_SLEEP | Sleeping for 20s (base=20s, consecutive_errors=0, monitoring_suspended=False)
2025-11-30 15:07:12 | INFO | MONITOR | Paper trades checked (next in 60s)
2025-11-30 15:07:12 | INFO | MONITOR_SLEEP | Sleeping for 20s (base=20s, consecutive_errors=0, monitoring_suspended=False)
2025-11-30 15:07:32 | INFO | MONITOR_SLEEP | Sleeping for 20s (base=20s, consecutive_errors=0, monitoring_suspended=False)
2025-11-30 15:07:52 | INFO | MONITOR_SLEEP | Sleeping for 20s (base=20s, consecutive_errors=0, monitoring_suspended=False)
2025-11-30 15:08:12 | INFO | MONITOR | Paper trades checked (next in 60s)
2025-11-30 15:08:12 | INFO | MONITOR_SLEEP | Sleeping for 20s (base=20s, consecutive_errors=0, monitoring_suspended=False)
2025-11-30 15:08:32 | INFO | MONITOR_SLEEP | Sleeping for 20s (base=20s, consecutive_errors=0, monitoring_suspended=False)
2025-11-30 15:08:52 | INFO | MONITOR_SLEEP | Sleeping for 20s (base=20s, consecutive_errors=0, monitoring_suspended=False)
2025-11-30 15:09:12 | INFO | MONITOR | Paper trades checked (next in 60s)
2025-11-30 15:09:12 | INFO | MONITOR_SLEEP | Sleeping for 20s (base=20s, consecutive_errors=0, monitoring_suspended=False)
2025-11-30 15:09:32 | INFO | MONITOR_SLEEP | Sleeping for 20s (base=20s, consecutive_errors=0, monitoring_suspended=False)
2025-11-30 15:09:52 | INFO | MONITOR_SLEEP | Sleeping for 20s (base=20s, consecutive_errors=0, monitoring_suspended=False)
2025-11-30 15:10:12 | INFO | STARTUP | Logging initialized | log_dir=/root/santhosh/trading/equity/logs/2025-11-30
2025-11-30 15:10:13 | INFO | FEEDBACK_INIT | PerformanceFeedback initialized for adaptive trading
2025-11-30 15:10:13 | INFO | MONITOR | Backed up stale positions.json to positions.json.startup_1764495613
2025-11-30 15:10:13 | INFO | MONITOR | ✓ Cleared stale positions.json - will rebuild from broker holdings
2025-11-30 15:10:13 | INFO | MONITOR | Skipping file load - broker will be source of truth
2025-11-30 15:10:13 | INFO | HOLDINGS_SYNC | Fetching positions and holdings from broker...
2025-11-30 15:10:13 | INFO | HOLDINGS_SYNC | No positions or holdings found at broker
2025-11-30 15:10:13 | INFO | MONITOR | Position monitoring started with bucketed LTP checking
2025-11-30 15:10:13 | INFO | MONITOR | Event loop thread started
2025-11-30 15:10:14 | INFO | MONITOR | Event loop started successfully for priority queue
2025-11-30 15:10:14 | INFO | MONITOR | Priority API queue enabled and started
2025-11-30 15:10:14 | INFO | SL_RETRY | SL retry thread started - waiting 30s before initial placement (conserve startup API quota)
2025-11-30 15:10:14 | INFO | SL_RETRY | SL retry thread started successfully
2025-11-30 15:10:14 | INFO | MONITOR_SLEEP | Sleeping for 20s (base=20s, consecutive_errors=0, monitoring_suspended=False)
2025-11-30 15:10:34 | INFO | MONITOR_SLEEP | Sleeping for 20s (base=20s, consecutive_errors=0, monitoring_suspended=False)
2025-11-30 15:10:44 | INFO | SL_RETRY | SL retry thread active - conservative mode (1 SL per 20s, max 10 retries)
2025-11-30 15:10:54 | INFO | MONITOR_SLEEP | Sleeping for 20s (base=20s, consecutive_errors=0, monitoring_suspended=False)
2025-11-30 15:11:14 | INFO | MONITOR | Paper trades checked (next in 60s)
2025-11-30 15:11:14 | INFO | MONITOR_SLEEP | Sleeping for 20s (base=20s, consecutive_errors=0, monitoring_suspended=False)
2025-11-30 15:11:34 | INFO | MONITOR_SLEEP | Sleeping for 20s (base=20s, consecutive_errors=0, monitoring_suspended=False)
2025-11-30 15:11:54 | INFO | MONITOR_SLEEP | Sleeping for 20s (base=20s, consecutive_errors=0, monitoring_suspended=False)
2025-11-30 15:12:14 | INFO | MONITOR | Paper trades checked (next in 60s)
2025-11-30 15:12:14 | INFO | MONITOR_SLEEP | Sleeping for 20s (base=20s, consecutive_errors=0, monitoring_suspended=False)
2025-11-30 15:12:34 | INFO | MONITOR_SLEEP | Sleeping for 20s (base=20s, consecutive_errors=0, monitoring_suspended=False)
2025-11-30 15:12:54 | INFO | MONITOR_SLEEP | Sleeping for 20s (base=20s, consecutive_errors=0, monitoring_suspended=False)
2025-11-30 15:13:14 | INFO | MONITOR | Paper trades checked (next in 60s)
2025-11-30 15:13:14 | INFO | MONITOR_SLEEP | Sleeping for 20s (base=20s, consecutive_errors=0, monitoring_suspended=False)
2025-11-30 15:13:34 | INFO | MONITOR_SLEEP | Sleeping for 20s (base=20s, consecutive_errors=0, monitoring_suspended=False)
2025-11-30 15:13:54 | INFO | MONITOR_SLEEP | Sleeping for 20s (base=20s, consecutive_errors=0, monitoring_suspended=False)
2025-11-30 15:14:14 | INFO | MONITOR | Paper trades checked (next in 60s)
2025-11-30 15:14:14 | INFO | MONITOR_SLEEP | Sleeping for 20s (base=20s, consecutive_errors=0, monitoring_suspended=False)
2025-11-30 15:14:34 | INFO | MONITOR_SLEEP | Sleeping for 20s (base=20s, consecutive_errors=0, monitoring_suspended=False)
2025-11-30 15:14:54 | INFO | MONITOR_SLEEP | Sleeping for 20s (base=20s, consecutive_errors=0, monitoring_suspended=False)
2025-11-30 15:15:13 | INFO | STARTUP | Logging initialized | log_dir=/root/santhosh/trading/equity/logs/2025-11-30
2025-11-30 15:15:15 | INFO | FEEDBACK_INIT | PerformanceFeedback initialized for adaptive trading
2025-11-30 15:15:15 | INFO | MONITOR | Backed up stale positions.json to positions.json.startup_1764495915
2025-11-30 15:15:15 | INFO | MONITOR | ✓ Cleared stale positions.json - will rebuild from broker holdings
2025-11-30 15:15:15 | INFO | MONITOR | Skipping file load - broker will be source of truth
2025-11-30 15:15:15 | INFO | HOLDINGS_SYNC | Fetching positions and holdings from broker...
2025-11-30 15:15:15 | INFO | HOLDINGS_SYNC | No positions or holdings found at broker
2025-11-30 15:15:15 | INFO | MONITOR | Position monitoring started with bucketed LTP checking
2025-11-30 15:15:15 | INFO | MONITOR | Event loop thread started
2025-11-30 15:15:15 | INFO | MONITOR | Event loop started successfully for priority queue
2025-11-30 15:15:16 | INFO | MONITOR | Priority API queue enabled and started
2025-11-30 15:15:16 | INFO | SL_RETRY | SL retry thread started - waiting 30s before initial placement (conserve startup API quota)
2025-11-30 15:15:16 | INFO | SL_RETRY | SL retry thread started successfully
2025-11-30 15:15:16 | INFO | MONITOR_SLEEP | Sleeping for 20s (base=20s, consecutive_errors=0, monitoring_suspended=False)
2025-11-30 15:15:36 | INFO | MONITOR_SLEEP | Sleeping for 20s (base=20s, consecutive_errors=0, monitoring_suspended=False)
2025-11-30 15:15:46 | INFO | SL_RETRY | SL retry thread active - conservative mode (1 SL per 20s, max 10 retries)
2025-11-30 15:15:56 | INFO | MONITOR_SLEEP | Sleeping for 20s (base=20s, consecutive_errors=0, monitoring_suspended=False)
2025-11-30 15:16:16 | INFO | MONITOR | Paper trades checked (next in 60s)
2025-11-30 15:16:16 | INFO | MONITOR_SLEEP | Sleeping for 20s (base=20s, consecutive_errors=0, monitoring_suspended=False)
2025-11-30 15:16:36 | INFO | MONITOR_SLEEP | Sleeping for 20s (base=20s, consecutive_errors=0, monitoring_suspended=False)
2025-11-30 15:16:56 | INFO | MONITOR_SLEEP | Sleeping for 20s (base=20s, consecutive_errors=0, monitoring_suspended=False)
2025-11-30 15:17:16 | INFO | MONITOR | Paper trades checked (next in 60s)
2025-11-30 15:17:16 | INFO | MONITOR_SLEEP | Sleeping for 20s (base=20s, consecutive_errors=0, monitoring_suspended=False)
2025-11-30 15:17:36 | INFO | MONITOR_SLEEP | Sleeping for 20s (base=20s, consecutive_errors=0, monitoring_suspended=False)
2025-11-30 15:17:56 | INFO | MONITOR_SLEEP | Sleeping for 20s (base=20s, consecutive_errors=0, monitoring_suspended=False)
2025-11-30 15:18:16 | INFO | MONITOR | Paper trades checked (next in 60s)
2025-11-30 15:18:16 | INFO | MONITOR_SLEEP | Sleeping for 20s (base=20s, consecutive_errors=0, monitoring_suspended=False)
2025-11-30 15:18:36 | INFO | MONITOR_SLEEP | Sleeping for 20s (base=20s, consecutive_errors=0, monitoring_suspended=False)
2025-11-30 15:18:56 | INFO | MONITOR_SLEEP | Sleeping for 20s (base=20s, consecutive_errors=0, monitoring_suspended=False)
2025-11-30 15:19:16 | INFO | MONITOR | Paper trades checked (next in 60s)
2025-11-30 15:19:16 | INFO | MONITOR_SLEEP | Sleeping for 20s (base=20s, consecutive_errors=0, monitoring_suspended=False)
2025-11-30 15:19:36 | INFO | MONITOR_SLEEP | Sleeping for 20s (base=20s, consecutive_errors=0, monitoring_suspended=False)
2025-11-30 15:19:56 | INFO | MONITOR_SLEEP | Sleeping for 20s (base=20s, consecutive_errors=0, monitoring_suspended=False)
2025-11-30 15:20:11 | INFO | STARTUP | Logging initialized | log_dir=/root/santhosh/trading/equity/logs/2025-11-30
2025-11-30 15:20:12 | INFO | FEEDBACK_INIT | PerformanceFeedback initialized for adaptive trading
2025-11-30 15:20:12 | INFO | MONITOR | Backed up stale positions.json to positions.json.startup_1764496212
2025-11-30 15:20:12 | INFO | MONITOR | ✓ Cleared stale positions.json - will rebuild from broker holdings
2025-11-30 15:20:13 | INFO | MONITOR | Skipping file load - broker will be source of truth
2025-11-30 15:20:13 | INFO | HOLDINGS_SYNC | Fetching positions and holdings from broker...
2025-11-30 15:20:13 | INFO | HOLDINGS_SYNC | No positions or holdings found at broker
2025-11-30 15:20:13 | INFO | MONITOR | Position monitoring started with bucketed LTP checking
2025-11-30 15:20:13 | INFO | MONITOR | Event loop thread started
2025-11-30 15:20:13 | INFO | MONITOR | Event loop started successfully for priority queue
2025-11-30 15:20:13 | INFO | MONITOR | Priority API queue enabled and started
2025-11-30 15:20:13 | INFO | SL_RETRY | SL retry thread started - waiting 30s before initial placement (conserve startup API quota)
2025-11-30 15:20:13 | INFO | SL_RETRY | SL retry thread started successfully
2025-11-30 15:20:13 | INFO | MONITOR_SLEEP | Sleeping for 20s (base=20s, consecutive_errors=0, monitoring_suspended=False)
2025-11-30 15:20:33 | INFO | MONITOR_SLEEP | Sleeping for 20s (base=20s, consecutive_errors=0, monitoring_suspended=False)
2025-11-30 15:20:43 | INFO | SL_RETRY | SL retry thread active - conservative mode (1 SL per 20s, max 10 retries)
2025-11-30 15:20:53 | INFO | MONITOR_SLEEP | Sleeping for 20s (base=20s, consecutive_errors=0, monitoring_suspended=False)
2025-11-30 15:21:13 | INFO | MONITOR | Paper trades checked (next in 60s)
2025-11-30 15:21:13 | INFO | MONITOR_SLEEP | Sleeping for 20s (base=20s, consecutive_errors=0, monitoring_suspended=False)
2025-11-30 15:21:33 | INFO | MONITOR_SLEEP | Sleeping for 20s (base=20s, consecutive_errors=0, monitoring_suspended=False)
2025-11-30 15:21:53 | INFO | MONITOR_SLEEP | Sleeping for 20s (base=20s, consecutive_errors=0, monitoring_suspended=False)
2025-11-30 15:22:13 | INFO | MONITOR | Paper trades checked (next in 60s)
2025-11-30 15:22:13 | INFO | MONITOR_SLEEP | Sleeping for 20s (base=20s, consecutive_errors=0, monitoring_suspended=False)
2025-11-30 15:22:33 | INFO | MONITOR_SLEEP | Sleeping for 20s (base=20s, consecutive_errors=0, monitoring_suspended=False)
2025-11-30 15:22:53 | INFO | MONITOR_SLEEP | Sleeping for 20s (base=20s, consecutive_errors=0, monitoring_suspended=False)
2025-11-30 15:23:13 | INFO | MONITOR | Paper trades checked (next in 60s)
2025-11-30 15:23:13 | INFO | MONITOR_SLEEP | Sleeping for 20s (base=20s, consecutive_errors=0, monitoring_suspended=False)
2025-11-30 15:23:33 | INFO | MONITOR_SLEEP | Sleeping for 20s (base=20s, consecutive_errors=0, monitoring_suspended=False)
2025-11-30 15:23:53 | INFO | MONITOR_SLEEP | Sleeping for 20s (base=20s, consecutive_errors=0, monitoring_suspended=False)
2025-11-30 15:24:13 | INFO | MONITOR | Paper trades checked (next in 60s)
2025-11-30 15:24:13 | INFO | MONITOR_SLEEP | Sleeping for 20s (base=20s, consecutive_errors=0, monitoring_suspended=False)
2025-11-30 15:24:33 | INFO | MONITOR_SLEEP | Sleeping for 20s (base=20s, consecutive_errors=0, monitoring_suspended=False)
2025-11-30 15:24:53 | INFO | MONITOR_SLEEP | Sleeping for 20s (base=20s, consecutive_errors=0, monitoring_suspended=False)
2025-11-30 15:25:12 | INFO | STARTUP | Logging initialized | log_dir=/root/santhosh/trading/equity/logs/2025-11-30
2025-11-30 15:25:13 | INFO | FEEDBACK_INIT | PerformanceFeedback initialized for adaptive trading
2025-11-30 15:25:13 | INFO | MONITOR | Backed up stale positions.json to positions.json.startup_1764496513
2025-11-30 15:25:13 | INFO | MONITOR | ✓ Cleared stale positions.json - will rebuild from broker holdings
2025-11-30 15:25:13 | INFO | MONITOR | Skipping file load - broker will be source of truth
2025-11-30 15:25:13 | INFO | HOLDINGS_SYNC | Fetching positions and holdings from broker...
2025-11-30 15:25:13 | INFO | HOLDINGS_SYNC | No positions or holdings found at broker
2025-11-30 15:25:13 | INFO | MONITOR | Position monitoring started with bucketed LTP checking
2025-11-30 15:25:13 | INFO | MONITOR | Event loop thread started
2025-11-30 15:25:14 | INFO | MONITOR | Event loop started successfully for priority queue
2025-11-30 15:25:14 | INFO | MONITOR | Priority API queue enabled and started
2025-11-30 15:25:14 | INFO | SL_RETRY | SL retry thread started - waiting 30s before initial placement (conserve startup API quota)
2025-11-30 15:25:14 | INFO | SL_RETRY | SL retry thread started successfully
2025-11-30 15:25:14 | INFO | MONITOR_SLEEP | Sleeping for 20s (base=20s, consecutive_errors=0, monitoring_suspended=False)
2025-11-30 15:25:34 | INFO | MONITOR_SLEEP | Sleeping for 20s (base=20s, consecutive_errors=0, monitoring_suspended=False)
2025-11-30 15:25:44 | INFO | SL_RETRY | SL retry thread active - conservative mode (1 SL per 20s, max 10 retries)
2025-11-30 15:25:54 | INFO | MONITOR_SLEEP | Sleeping for 20s (base=20s, consecutive_errors=0, monitoring_suspended=False)
2025-11-30 15:26:14 | INFO | MONITOR | Paper trades checked (next in 60s)
2025-11-30 15:26:14 | INFO | MONITOR_SLEEP | Sleeping for 20s (base=20s, consecutive_errors=0, monitoring_suspended=False)
2025-11-30 15:26:34 | INFO | MONITOR_SLEEP | Sleeping for 20s (base=20s, consecutive_errors=0, monitoring_suspended=False)
2025-11-30 15:26:54 | INFO | MONITOR_SLEEP | Sleeping for 20s (base=20s, consecutive_errors=0, monitoring_suspended=False)
2025-11-30 15:27:14 | INFO | MONITOR | Paper trades checked (next in 60s)
2025-11-30 15:27:14 | INFO | MONITOR_SLEEP | Sleeping for 20s (base=20s, consecutive_errors=0, monitoring_suspended=False)
2025-11-30 15:27:34 | INFO | MONITOR_SLEEP | Sleeping for 20s (base=20s, consecutive_errors=0, monitoring_suspended=False)
2025-11-30 15:27:54 | INFO | MONITOR_SLEEP | Sleeping for 20s (base=20s, consecutive_errors=0, monitoring_suspended=False)
2025-11-30 15:28:14 | INFO | MONITOR | Paper trades checked (next in 60s)
2025-11-30 15:28:14 | INFO | MONITOR_SLEEP | Sleeping for 20s (base=20s, consecutive_errors=0, monitoring_suspended=False)
2025-11-30 15:28:34 | INFO | MONITOR_SLEEP | Sleeping for 20s (base=20s, consecutive_errors=0, monitoring_suspended=False)
2025-11-30 15:28:54 | INFO | MONITOR_SLEEP | Sleeping for 20s (base=20s, consecutive_errors=0, monitoring_suspended=False)
2025-11-30 15:29:14 | INFO | MONITOR | Paper trades checked (next in 60s)
2025-11-30 15:29:14 | INFO | MONITOR_SLEEP | Sleeping for 20s (base=20s, consecutive_errors=0, monitoring_suspended=False)
2025-11-30 15:29:34 | INFO | MONITOR_SLEEP | Sleeping for 20s (base=20s, consecutive_errors=0, monitoring_suspended=False)
2025-11-30 15:29:54 | INFO | MONITOR_SLEEP | Sleeping for 20s (base=20s, consecutive_errors=0, monitoring_suspended=False)
2025-11-30 15:30:13 | INFO | STARTUP | Logging initialized | log_dir=/root/santhosh/trading/equity/logs/2025-11-30
2025-11-30 15:30:15 | INFO | FEEDBACK_INIT | PerformanceFeedback initialized for adaptive trading
2025-11-30 15:30:15 | INFO | MONITOR | Backed up stale positions.json to positions.json.startup_1764496815
2025-11-30 15:30:15 | INFO | MONITOR | ✓ Cleared stale positions.json - will rebuild from broker holdings
2025-11-30 15:30:15 | INFO | MONITOR | Skipping file load - broker will be source of truth
2025-11-30 15:30:15 | INFO | HOLDINGS_SYNC | Fetching positions and holdings from broker...
2025-11-30 15:30:15 | INFO | HOLDINGS_SYNC | No positions or holdings found at broker
2025-11-30 15:30:15 | INFO | MONITOR | Position monitoring started with bucketed LTP checking
2025-11-30 15:30:15 | INFO | MONITOR | Event loop thread started
2025-11-30 15:30:15 | INFO | MONITOR | Event loop started successfully for priority queue
2025-11-30 15:30:16 | INFO | MONITOR | Priority API queue enabled and started
2025-11-30 15:30:16 | INFO | SL_RETRY | SL retry thread started - waiting 30s before initial placement (conserve startup API quota)
2025-11-30 15:30:16 | INFO | SL_RETRY | SL retry thread started successfully
2025-11-30 15:30:16 | INFO | MONITOR_SLEEP | Sleeping for 20s (base=20s, consecutive_errors=0, monitoring_suspended=False)
2025-11-30 15:30:36 | INFO | MONITOR_SLEEP | Sleeping for 20s (base=20s, consecutive_errors=0, monitoring_suspended=False)
2025-11-30 15:30:46 | INFO | SL_RETRY | SL retry thread active - conservative mode (1 SL per 20s, max 10 retries)
2025-11-30 15:30:56 | INFO | MONITOR_SLEEP | Sleeping for 20s (base=20s, consecutive_errors=0, monitoring_suspended=False)
2025-11-30 15:31:16 | INFO | MONITOR | Paper trades checked (next in 60s)
2025-11-30 15:31:16 | INFO | MONITOR_SLEEP | Sleeping for 20s (base=20s, consecutive_errors=0, monitoring_suspended=False)
2025-11-30 15:31:36 | INFO | MONITOR_SLEEP | Sleeping for 20s (base=20s, consecutive_errors=0, monitoring_suspended=False)
2025-11-30 15:31:56 | INFO | MONITOR_SLEEP | Sleeping for 20s (base=20s, consecutive_errors=0, monitoring_suspended=False)
2025-11-30 15:32:16 | INFO | MONITOR | Paper trades checked (next in 60s)
2025-11-30 15:32:16 | INFO | MONITOR_SLEEP | Sleeping for 20s (base=20s, consecutive_errors=0, monitoring_suspended=False)
2025-11-30 15:32:36 | INFO | MONITOR_SLEEP | Sleeping for 20s (base=20s, consecutive_errors=0, monitoring_suspended=False)
2025-11-30 15:32:56 | INFO | MONITOR_SLEEP | Sleeping for 20s (base=20s, consecutive_errors=0, monitoring_suspended=False)
2025-11-30 15:33:16 | INFO | MONITOR | Paper trades checked (next in 60s)
2025-11-30 15:33:16 | INFO | MONITOR_SLEEP | Sleeping for 20s (base=20s, consecutive_errors=0, monitoring_suspended=False)
2025-11-30 15:33:36 | INFO | MONITOR_SLEEP | Sleeping for 20s (base=20s, consecutive_errors=0, monitoring_suspended=False)
2025-11-30 15:33:56 | INFO | MONITOR_SLEEP | Sleeping for 20s (base=20s, consecutive_errors=0, monitoring_suspended=False)
2025-11-30 15:34:16 | INFO | MONITOR | Paper trades checked (next in 60s)
2025-11-30 15:34:16 | INFO | MONITOR_SLEEP | Sleeping for 20s (base=20s, consecutive_errors=0, monitoring_suspended=False)
2025-11-30 15:34:36 | INFO | MONITOR_SLEEP | Sleeping for 20s (base=20s, consecutive_errors=0, monitoring_suspended=False)
2025-11-30 15:34:56 | INFO | MONITOR_SLEEP | Sleeping for 20s (base=20s, consecutive_errors=0, monitoring_suspended=False)
2025-11-30 15:35:11 | INFO | STARTUP | Logging initialized | log_dir=/root/santhosh/trading/equity/logs/2025-11-30
2025-11-30 15:35:15 | INFO | FEEDBACK_INIT | PerformanceFeedback initialized for adaptive trading
2025-11-30 15:35:15 | INFO | MONITOR | Backed up stale positions.json to positions.json.startup_1764497115
2025-11-30 15:35:15 | INFO | MONITOR | ✓ Cleared stale positions.json - will rebuild from broker holdings
2025-11-30 15:35:15 | INFO | MONITOR | Skipping file load - broker will be source of truth
2025-11-30 15:35:15 | INFO | HOLDINGS_SYNC | Fetching positions and holdings from broker...
2025-11-30 15:35:15 | INFO | HOLDINGS_SYNC | No positions or holdings found at broker
2025-11-30 15:35:15 | INFO | MONITOR | Position monitoring started with bucketed LTP checking
2025-11-30 15:35:15 | INFO | MONITOR | Event loop thread started
2025-11-30 15:35:15 | INFO | MONITOR | Event loop started successfully for priority queue
2025-11-30 15:35:16 | INFO | MONITOR | Priority API queue enabled and started
2025-11-30 15:35:16 | INFO | SL_RETRY | SL retry thread started - waiting 30s before initial placement (conserve startup API quota)
2025-11-30 15:35:16 | INFO | SL_RETRY | SL retry thread started successfully
2025-11-30 15:35:16 | INFO | MONITOR_SLEEP | Sleeping for 20s (base=20s, consecutive_errors=0, monitoring_suspended=False)
2025-11-30 15:35:36 | INFO | MONITOR_SLEEP | Sleeping for 20s (base=20s, consecutive_errors=0, monitoring_suspended=False)
2025-11-30 15:35:46 | INFO | SL_RETRY | SL retry thread active - conservative mode (1 SL per 20s, max 10 retries)
2025-11-30 15:35:56 | INFO | MONITOR_SLEEP | Sleeping for 20s (base=20s, consecutive_errors=0, monitoring_suspended=False)
2025-11-30 15:36:16 | INFO | MONITOR | Paper trades checked (next in 60s)
2025-11-30 15:36:16 | INFO | MONITOR_SLEEP | Sleeping for 20s (base=20s, consecutive_errors=0, monitoring_suspended=False)
2025-11-30 15:36:36 | INFO | MONITOR_SLEEP | Sleeping for 20s (base=20s, consecutive_errors=0, monitoring_suspended=False)
2025-11-30 15:36:56 | INFO | MONITOR_SLEEP | Sleeping for 20s (base=20s, consecutive_errors=0, monitoring_suspended=False)
2025-11-30 15:37:16 | INFO | MONITOR | Paper trades checked (next in 60s)
2025-11-30 15:37:16 | INFO | MONITOR_SLEEP | Sleeping for 20s (base=20s, consecutive_errors=0, monitoring_suspended=False)
2025-11-30 15:37:36 | INFO | MONITOR_SLEEP | Sleeping for 20s (base=20s, consecutive_errors=0, monitoring_suspended=False)
2025-11-30 15:37:56 | INFO | MONITOR_SLEEP | Sleeping for 20s (base=20s, consecutive_errors=0, monitoring_suspended=False)
2025-11-30 15:38:16 | INFO | MONITOR | Paper trades checked (next in 60s)
2025-11-30 15:38:16 | INFO | MONITOR_SLEEP | Sleeping for 20s (base=20s, consecutive_errors=0, monitoring_suspended=False)
2025-11-30 15:38:36 | INFO | MONITOR_SLEEP | Sleeping for 20s (base=20s, consecutive_errors=0, monitoring_suspended=False)
2025-11-30 15:38:56 | INFO | MONITOR_SLEEP | Sleeping for 20s (base=20s, consecutive_errors=0, monitoring_suspended=False)
2025-11-30 15:39:16 | INFO | MONITOR | Paper trades checked (next in 60s)
2025-11-30 15:39:16 | INFO | MONITOR_SLEEP | Sleeping for 20s (base=20s, consecutive_errors=0, monitoring_suspended=False)
2025-11-30 15:39:36 | INFO | MONITOR_SLEEP | Sleeping for 20s (base=20s, consecutive_errors=0, monitoring_suspended=False)
2025-11-30 15:39:56 | INFO | MONITOR_SLEEP | Sleeping for 20s (base=20s, consecutive_errors=0, monitoring_suspended=False)
2025-11-30 15:40:11 | INFO | STARTUP | Logging initialized | log_dir=/root/santhosh/trading/equity/logs/2025-11-30
2025-11-30 15:40:12 | INFO | FEEDBACK_INIT | PerformanceFeedback initialized for adaptive trading
2025-11-30 15:40:12 | INFO | MONITOR | Backed up stale positions.json to positions.json.startup_1764497412
2025-11-30 15:40:12 | INFO | MONITOR | ✓ Cleared stale positions.json - will rebuild from broker holdings
2025-11-30 15:40:12 | INFO | MONITOR | Skipping file load - broker will be source of truth
2025-11-30 15:40:12 | INFO | HOLDINGS_SYNC | Fetching positions and holdings from broker...
2025-11-30 15:40:12 | INFO | HOLDINGS_SYNC | No positions or holdings found at broker
2025-11-30 15:40:12 | INFO | MONITOR | Position monitoring started with bucketed LTP checking
2025-11-30 15:40:12 | INFO | MONITOR | Event loop thread started
2025-11-30 15:40:12 | INFO | MONITOR | Event loop started successfully for priority queue
2025-11-30 15:40:13 | INFO | MONITOR | Priority API queue enabled and started
2025-11-30 15:40:13 | INFO | SL_RETRY | SL retry thread started - waiting 30s before initial placement (conserve startup API quota)
2025-11-30 15:40:13 | INFO | SL_RETRY | SL retry thread started successfully
2025-11-30 15:40:13 | INFO | MONITOR_SLEEP | Sleeping for 20s (base=20s, consecutive_errors=0, monitoring_suspended=False)
2025-11-30 15:40:33 | INFO | MONITOR_SLEEP | Sleeping for 20s (base=20s, consecutive_errors=0, monitoring_suspended=False)
2025-11-30 15:40:43 | INFO | SL_RETRY | SL retry thread active - conservative mode (1 SL per 20s, max 10 retries)
2025-11-30 15:40:53 | INFO | MONITOR_SLEEP | Sleeping for 20s (base=20s, consecutive_errors=0, monitoring_suspended=False)
2025-11-30 15:41:13 | INFO | MONITOR | Paper trades checked (next in 60s)
2025-11-30 15:41:13 | INFO | MONITOR_SLEEP | Sleeping for 20s (base=20s, consecutive_errors=0, monitoring_suspended=False)
2025-11-30 15:41:33 | INFO | MONITOR_SLEEP | Sleeping for 20s (base=20s, consecutive_errors=0, monitoring_suspended=False)
2025-11-30 15:41:53 | INFO | MONITOR_SLEEP | Sleeping for 20s (base=20s, consecutive_errors=0, monitoring_suspended=False)
2025-11-30 15:42:13 | INFO | MONITOR | Paper trades checked (next in 60s)
2025-11-30 15:42:13 | INFO | MONITOR_SLEEP | Sleeping for 20s (base=20s, consecutive_errors=0, monitoring_suspended=False)
2025-11-30 15:42:33 | INFO | MONITOR_SLEEP | Sleeping for 20s (base=20s, consecutive_errors=0, monitoring_suspended=False)
2025-11-30 15:42:53 | INFO | MONITOR_SLEEP | Sleeping for 20s (base=20s, consecutive_errors=0, monitoring_suspended=False)
2025-11-30 15:43:13 | INFO | MONITOR | Paper trades checked (next in 60s)
2025-11-30 15:43:13 | INFO | MONITOR_SLEEP | Sleeping for 20s (base=20s, consecutive_errors=0, monitoring_suspended=False)
2025-11-30 15:43:33 | INFO | MONITOR_SLEEP | Sleeping for 20s (base=20s, consecutive_errors=0, monitoring_suspended=False)
2025-11-30 15:43:53 | INFO | MONITOR_SLEEP | Sleeping for 20s (base=20s, consecutive_errors=0, monitoring_suspended=False)
2025-11-30 15:44:13 | INFO | MONITOR | Paper trades checked (next in 60s)
2025-11-30 15:44:13 | INFO | MONITOR_SLEEP | Sleeping for 20s (base=20s, consecutive_errors=0, monitoring_suspended=False)
2025-11-30 15:44:33 | INFO | MONITOR_SLEEP | Sleeping for 20s (base=20s, consecutive_errors=0, monitoring_suspended=False)
2025-11-30 15:44:53 | INFO | MONITOR_SLEEP | Sleeping for 20s (base=20s, consecutive_errors=0, monitoring_suspended=False)
2025-11-30 15:45:13 | INFO | STARTUP | Logging initialized | log_dir=/root/santhosh/trading/equity/logs/2025-11-30
2025-11-30 15:45:14 | INFO | FEEDBACK_INIT | PerformanceFeedback initialized for adaptive trading
2025-11-30 15:45:14 | INFO | MONITOR | Backed up stale positions.json to positions.json.startup_1764497714
2025-11-30 15:45:14 | INFO | MONITOR | ✓ Cleared stale positions.json - will rebuild from broker holdings
2025-11-30 15:45:14 | INFO | MONITOR | Skipping file load - broker will be source of truth
2025-11-30 15:45:14 | INFO | HOLDINGS_SYNC | Fetching positions and holdings from broker...
2025-11-30 15:45:14 | INFO | HOLDINGS_SYNC | No positions or holdings found at broker
2025-11-30 15:45:14 | INFO | MONITOR | Position monitoring started with bucketed LTP checking
2025-11-30 15:45:14 | INFO | MONITOR | Event loop thread started
2025-11-30 15:45:14 | INFO | MONITOR | Event loop started successfully for priority queue
2025-11-30 15:45:15 | INFO | MONITOR | Priority API queue enabled and started
2025-11-30 15:45:15 | INFO | SL_RETRY | SL retry thread started - waiting 30s before initial placement (conserve startup API quota)
2025-11-30 15:45:15 | INFO | SL_RETRY | SL retry thread started successfully
2025-11-30 15:45:15 | INFO | MONITOR_SLEEP | Sleeping for 20s (base=20s, consecutive_errors=0, monitoring_suspended=False)
2025-11-30 15:45:35 | INFO | MONITOR_SLEEP | Sleeping for 20s (base=20s, consecutive_errors=0, monitoring_suspended=False)
2025-11-30 15:45:45 | INFO | SL_RETRY | SL retry thread active - conservative mode (1 SL per 20s, max 10 retries)
2025-11-30 15:45:55 | INFO | MONITOR_SLEEP | Sleeping for 20s (base=20s, consecutive_errors=0, monitoring_suspended=False)
2025-11-30 15:46:15 | INFO | MONITOR | Paper trades checked (next in 60s)
2025-11-30 15:46:15 | INFO | MONITOR_SLEEP | Sleeping for 20s (base=20s, consecutive_errors=0, monitoring_suspended=False)
2025-11-30 15:46:35 | INFO | MONITOR_SLEEP | Sleeping for 20s (base=20s, consecutive_errors=0, monitoring_suspended=False)
2025-11-30 15:46:55 | INFO | MONITOR_SLEEP | Sleeping for 20s (base=20s, consecutive_errors=0, monitoring_suspended=False)
2025-11-30 15:47:15 | INFO | MONITOR | Paper trades checked (next in 60s)
2025-11-30 15:47:15 | INFO | MONITOR_SLEEP | Sleeping for 20s (base=20s, consecutive_errors=0, monitoring_suspended=False)
2025-11-30 15:47:35 | INFO | MONITOR_SLEEP | Sleeping for 20s (base=20s, consecutive_errors=0, monitoring_suspended=False)
2025-11-30 15:47:55 | INFO | MONITOR_SLEEP | Sleeping for 20s (base=20s, consecutive_errors=0, monitoring_suspended=False)
2025-11-30 15:48:15 | INFO | MONITOR | Paper trades checked (next in 60s)
2025-11-30 15:48:15 | INFO | MONITOR_SLEEP | Sleeping for 20s (base=20s, consecutive_errors=0, monitoring_suspended=False)
2025-11-30 15:48:35 | INFO | MONITOR_SLEEP | Sleeping for 20s (base=20s, consecutive_errors=0, monitoring_suspended=False)
2025-11-30 15:48:55 | INFO | MONITOR_SLEEP | Sleeping for 20s (base=20s, consecutive_errors=0, monitoring_suspended=False)
2025-11-30 15:49:15 | INFO | MONITOR | Paper trades checked (next in 60s)
2025-11-30 15:49:15 | INFO | MONITOR_SLEEP | Sleeping for 20s (base=20s, consecutive_errors=0, monitoring_suspended=False)
2025-11-30 15:49:35 | INFO | MONITOR_SLEEP | Sleeping for 20s (base=20s, consecutive_errors=0, monitoring_suspended=False)
2025-11-30 15:49:55 | INFO | MONITOR_SLEEP | Sleeping for 20s (base=20s, consecutive_errors=0, monitoring_suspended=False)
2025-11-30 15:50:11 | INFO | STARTUP | Logging initialized | log_dir=/root/santhosh/trading/equity/logs/2025-11-30
2025-11-30 15:50:12 | INFO | FEEDBACK_INIT | PerformanceFeedback initialized for adaptive trading
2025-11-30 15:50:12 | INFO | MONITOR | Backed up stale positions.json to positions.json.startup_1764498012
2025-11-30 15:50:12 | INFO | MONITOR | ✓ Cleared stale positions.json - will rebuild from broker holdings
2025-11-30 15:50:12 | INFO | MONITOR | Skipping file load - broker will be source of truth
2025-11-30 15:50:12 | INFO | HOLDINGS_SYNC | Fetching positions and holdings from broker...
2025-11-30 15:50:12 | INFO | HOLDINGS_SYNC | No positions or holdings found at broker
2025-11-30 15:50:12 | INFO | MONITOR | Position monitoring started with bucketed LTP checking
2025-11-30 15:50:12 | INFO | MONITOR | Event loop thread started
2025-11-30 15:50:12 | INFO | MONITOR | Event loop started successfully for priority queue
2025-11-30 15:50:13 | INFO | MONITOR | Priority API queue enabled and started
2025-11-30 15:50:13 | INFO | SL_RETRY | SL retry thread started - waiting 30s before initial placement (conserve startup API quota)
2025-11-30 15:50:13 | INFO | SL_RETRY | SL retry thread started successfully
2025-11-30 15:50:13 | INFO | MONITOR_SLEEP | Sleeping for 20s (base=20s, consecutive_errors=0, monitoring_suspended=False)
2025-11-30 15:50:33 | INFO | MONITOR_SLEEP | Sleeping for 20s (base=20s, consecutive_errors=0, monitoring_suspended=False)
2025-11-30 15:50:43 | INFO | SL_RETRY | SL retry thread active - conservative mode (1 SL per 20s, max 10 retries)
2025-11-30 15:50:53 | INFO | MONITOR_SLEEP | Sleeping for 20s (base=20s, consecutive_errors=0, monitoring_suspended=False)
2025-11-30 15:51:13 | INFO | MONITOR | Paper trades checked (next in 60s)
2025-11-30 15:51:13 | INFO | MONITOR_SLEEP | Sleeping for 20s (base=20s, consecutive_errors=0, monitoring_suspended=False)
2025-11-30 15:51:33 | INFO | MONITOR_SLEEP | Sleeping for 20s (base=20s, consecutive_errors=0, monitoring_suspended=False)
2025-11-30 15:51:53 | INFO | MONITOR_SLEEP | Sleeping for 20s (base=20s, consecutive_errors=0, monitoring_suspended=False)
2025-11-30 15:52:13 | INFO | MONITOR | Paper trades checked (next in 60s)
2025-11-30 15:52:13 | INFO | MONITOR_SLEEP | Sleeping for 20s (base=20s, consecutive_errors=0, monitoring_suspended=False)
2025-11-30 15:52:33 | INFO | MONITOR_SLEEP | Sleeping for 20s (base=20s, consecutive_errors=0, monitoring_suspended=False)
2025-11-30 15:52:53 | INFO | MONITOR_SLEEP | Sleeping for 20s (base=20s, consecutive_errors=0, monitoring_suspended=False)
2025-11-30 15:53:13 | INFO | MONITOR | Paper trades checked (next in 60s)
2025-11-30 15:53:13 | INFO | MONITOR_SLEEP | Sleeping for 20s (base=20s, consecutive_errors=0, monitoring_suspended=False)
2025-11-30 15:53:33 | INFO | MONITOR_SLEEP | Sleeping for 20s (base=20s, consecutive_errors=0, monitoring_suspended=False)
2025-11-30 15:53:53 | INFO | MONITOR_SLEEP | Sleeping for 20s (base=20s, consecutive_errors=0, monitoring_suspended=False)
2025-11-30 15:54:13 | INFO | MONITOR | Paper trades checked (next in 60s)
2025-11-30 15:54:13 | INFO | MONITOR_SLEEP | Sleeping for 20s (base=20s, consecutive_errors=0, monitoring_suspended=False)
2025-11-30 15:54:33 | INFO | MONITOR_SLEEP | Sleeping for 20s (base=20s, consecutive_errors=0, monitoring_suspended=False)
2025-11-30 15:54:53 | INFO | MONITOR_SLEEP | Sleeping for 20s (base=20s, consecutive_errors=0, monitoring_suspended=False)
2025-11-30 15:55:13 | INFO | STARTUP | Logging initialized | log_dir=/root/santhosh/trading/equity/logs/2025-11-30
2025-11-30 15:55:14 | INFO | FEEDBACK_INIT | PerformanceFeedback initialized for adaptive trading
2025-11-30 15:55:14 | INFO | MONITOR | Backed up stale positions.json to positions.json.startup_1764498314
2025-11-30 15:55:14 | INFO | MONITOR | ✓ Cleared stale positions.json - will rebuild from broker holdings
2025-11-30 15:55:14 | INFO | MONITOR | Skipping file load - broker will be source of truth
2025-11-30 15:55:14 | INFO | HOLDINGS_SYNC | Fetching positions and holdings from broker...
2025-11-30 15:55:14 | INFO | HOLDINGS_SYNC | No positions or holdings found at broker
2025-11-30 15:55:14 | INFO | MONITOR | Position monitoring started with bucketed LTP checking
2025-11-30 15:55:14 | INFO | MONITOR | Event loop thread started
2025-11-30 15:55:14 | INFO | MONITOR | Event loop started successfully for priority queue
2025-11-30 15:55:15 | INFO | MONITOR | Priority API queue enabled and started
2025-11-30 15:55:15 | INFO | SL_RETRY | SL retry thread started - waiting 30s before initial placement (conserve startup API quota)
2025-11-30 15:55:15 | INFO | SL_RETRY | SL retry thread started successfully
2025-11-30 15:55:15 | INFO | MONITOR_SLEEP | Sleeping for 20s (base=20s, consecutive_errors=0, monitoring_suspended=False)
2025-11-30 15:55:35 | INFO | MONITOR_SLEEP | Sleeping for 20s (base=20s, consecutive_errors=0, monitoring_suspended=False)
2025-11-30 15:55:45 | INFO | SL_RETRY | SL retry thread active - conservative mode (1 SL per 20s, max 10 retries)
2025-11-30 15:55:55 | INFO | MONITOR_SLEEP | Sleeping for 20s (base=20s, consecutive_errors=0, monitoring_suspended=False)
2025-11-30 15:56:15 | INFO | MONITOR | Paper trades checked (next in 60s)
2025-11-30 15:56:15 | INFO | MONITOR_SLEEP | Sleeping for 20s (base=20s, consecutive_errors=0, monitoring_suspended=False)
2025-11-30 15:56:35 | INFO | MONITOR_SLEEP | Sleeping for 20s (base=20s, consecutive_errors=0, monitoring_suspended=False)
2025-11-30 15:56:55 | INFO | MONITOR_SLEEP | Sleeping for 20s (base=20s, consecutive_errors=0, monitoring_suspended=False)
2025-11-30 15:57:15 | INFO | MONITOR | Paper trades checked (next in 60s)
2025-11-30 15:57:15 | INFO | MONITOR_SLEEP | Sleeping for 20s (base=20s, consecutive_errors=0, monitoring_suspended=False)
2025-11-30 15:57:35 | INFO | MONITOR_SLEEP | Sleeping for 20s (base=20s, consecutive_errors=0, monitoring_suspended=False)
2025-11-30 15:57:55 | INFO | MONITOR_SLEEP | Sleeping for 20s (base=20s, consecutive_errors=0, monitoring_suspended=False)
2025-11-30 15:58:15 | INFO | MONITOR | Paper trades checked (next in 60s)
2025-11-30 15:58:15 | INFO | MONITOR_SLEEP | Sleeping for 20s (base=20s, consecutive_errors=0, monitoring_suspended=False)
2025-11-30 15:58:35 | INFO | MONITOR_SLEEP | Sleeping for 20s (base=20s, consecutive_errors=0, monitoring_suspended=False)
2025-11-30 15:58:55 | INFO | MONITOR_SLEEP | Sleeping for 20s (base=20s, consecutive_errors=0, monitoring_suspended=False)
2025-11-30 15:59:15 | INFO | MONITOR | Paper trades checked (next in 60s)
2025-11-30 15:59:15 | INFO | MONITOR_SLEEP | Sleeping for 20s (base=20s, consecutive_errors=0, monitoring_suspended=False)
2025-11-30 15:59:35 | INFO | MONITOR_SLEEP | Sleeping for 20s (base=20s, consecutive_errors=0, monitoring_suspended=False)
2025-11-30 15:59:55 | INFO | MONITOR_SLEEP | Sleeping for 20s (base=20s, consecutive_errors=0, monitoring_suspended=False)
2025-11-30 16:00:15 | INFO | STARTUP | Logging initialized | log_dir=/root/santhosh/trading/equity/logs/2025-11-30
2025-11-30 16:00:16 | INFO | FEEDBACK_INIT | PerformanceFeedback initialized for adaptive trading
2025-11-30 16:00:16 | INFO | MONITOR | Backed up stale positions.json to positions.json.startup_1764498616
2025-11-30 16:00:16 | INFO | MONITOR | ✓ Cleared stale positions.json - will rebuild from broker holdings
2025-11-30 16:00:16 | INFO | MONITOR | Skipping file load - broker will be source of truth
2025-11-30 16:00:16 | INFO | HOLDINGS_SYNC | Fetching positions and holdings from broker...
2025-11-30 16:00:16 | INFO | HOLDINGS_SYNC | No positions or holdings found at broker
2025-11-30 16:00:16 | INFO | MONITOR | Position monitoring started with bucketed LTP checking
2025-11-30 16:00:16 | INFO | MONITOR | Event loop thread started
2025-11-30 16:00:16 | INFO | MONITOR | Event loop started successfully for priority queue
2025-11-30 16:00:16 | INFO | MONITOR | Priority API queue enabled and started
2025-11-30 16:00:16 | INFO | SL_RETRY | SL retry thread started - waiting 30s before initial placement (conserve startup API quota)
2025-11-30 16:00:16 | INFO | SL_RETRY | SL retry thread started successfully
2025-11-30 16:00:16 | INFO | MONITOR_SLEEP | Sleeping for 20s (base=20s, consecutive_errors=0, monitoring_suspended=False)
2025-11-30 16:00:36 | INFO | MONITOR_SLEEP | Sleeping for 20s (base=20s, consecutive_errors=0, monitoring_suspended=False)
2025-11-30 16:00:46 | INFO | SL_RETRY | SL retry thread active - conservative mode (1 SL per 20s, max 10 retries)
2025-11-30 16:00:56 | INFO | MONITOR_SLEEP | Sleeping for 20s (base=20s, consecutive_errors=0, monitoring_suspended=False)
2025-11-30 16:01:16 | INFO | MONITOR | Paper trades checked (next in 60s)
2025-11-30 16:01:16 | INFO | MONITOR_SLEEP | Sleeping for 20s (base=20s, consecutive_errors=0, monitoring_suspended=False)
2025-11-30 16:01:36 | INFO | MONITOR_SLEEP | Sleeping for 20s (base=20s, consecutive_errors=0, monitoring_suspended=False)
2025-11-30 16:01:56 | INFO | MONITOR_SLEEP | Sleeping for 20s (base=20s, consecutive_errors=0, monitoring_suspended=False)
2025-11-30 16:02:16 | INFO | MONITOR | Paper trades checked (next in 60s)
2025-11-30 16:02:16 | INFO | MONITOR_SLEEP | Sleeping for 20s (base=20s, consecutive_errors=0, monitoring_suspended=False)
2025-11-30 16:02:36 | INFO | MONITOR_SLEEP | Sleeping for 20s (base=20s, consecutive_errors=0, monitoring_suspended=False)
2025-11-30 16:02:56 | INFO | MONITOR_SLEEP | Sleeping for 20s (base=20s, consecutive_errors=0, monitoring_suspended=False)
2025-11-30 16:03:16 | INFO | MONITOR | Paper trades checked (next in 60s)
2025-11-30 16:03:16 | INFO | MONITOR_SLEEP | Sleeping for 20s (base=20s, consecutive_errors=0, monitoring_suspended=False)
2025-11-30 16:03:36 | INFO | MONITOR_SLEEP | Sleeping for 20s (base=20s, consecutive_errors=0, monitoring_suspended=False)
2025-11-30 16:03:56 | INFO | MONITOR_SLEEP | Sleeping for 20s (base=20s, consecutive_errors=0, monitoring_suspended=False)
2025-11-30 16:04:16 | INFO | MONITOR | Paper trades checked (next in 60s)
2025-11-30 16:04:16 | INFO | MONITOR_SLEEP | Sleeping for 20s (base=20s, consecutive_errors=0, monitoring_suspended=False)
2025-11-30 16:04:36 | INFO | MONITOR_SLEEP | Sleeping for 20s (base=20s, consecutive_errors=0, monitoring_suspended=False)
2025-11-30 16:04:56 | INFO | MONITOR_SLEEP | Sleeping for 20s (base=20s, consecutive_errors=0, monitoring_suspended=False)
2025-11-30 16:05:13 | INFO | STARTUP | Logging initialized | log_dir=/root/santhosh/trading/equity/logs/2025-11-30
2025-11-30 16:05:14 | INFO | FEEDBACK_INIT | PerformanceFeedback initialized for adaptive trading
2025-11-30 16:05:14 | INFO | MONITOR | Backed up stale positions.json to positions.json.startup_1764498914
2025-11-30 16:05:14 | INFO | MONITOR | ✓ Cleared stale positions.json - will rebuild from broker holdings
2025-11-30 16:05:14 | INFO | MONITOR | Skipping file load - broker will be source of truth
2025-11-30 16:05:14 | INFO | HOLDINGS_SYNC | Fetching positions and holdings from broker...
2025-11-30 16:05:14 | INFO | HOLDINGS_SYNC | No positions or holdings found at broker
2025-11-30 16:05:14 | INFO | MONITOR | Position monitoring started with bucketed LTP checking
2025-11-30 16:05:14 | INFO | MONITOR | Event loop thread started
2025-11-30 16:05:14 | INFO | MONITOR | Event loop started successfully for priority queue
2025-11-30 16:05:15 | INFO | MONITOR | Priority API queue enabled and started
2025-11-30 16:05:15 | INFO | SL_RETRY | SL retry thread started - waiting 30s before initial placement (conserve startup API quota)
2025-11-30 16:05:15 | INFO | SL_RETRY | SL retry thread started successfully
2025-11-30 16:05:15 | INFO | MONITOR_SLEEP | Sleeping for 20s (base=20s, consecutive_errors=0, monitoring_suspended=False)
2025-11-30 16:05:35 | INFO | MONITOR_SLEEP | Sleeping for 20s (base=20s, consecutive_errors=0, monitoring_suspended=False)
2025-11-30 16:05:45 | INFO | SL_RETRY | SL retry thread active - conservative mode (1 SL per 20s, max 10 retries)
2025-11-30 16:05:55 | INFO | MONITOR_SLEEP | Sleeping for 20s (base=20s, consecutive_errors=0, monitoring_suspended=False)
2025-11-30 16:06:15 | INFO | MONITOR | Paper trades checked (next in 60s)
2025-11-30 16:06:15 | INFO | MONITOR_SLEEP | Sleeping for 20s (base=20s, consecutive_errors=0, monitoring_suspended=False)
2025-11-30 16:06:35 | INFO | MONITOR_SLEEP | Sleeping for 20s (base=20s, consecutive_errors=0, monitoring_suspended=False)
2025-11-30 16:06:55 | INFO | MONITOR_SLEEP | Sleeping for 20s (base=20s, consecutive_errors=0, monitoring_suspended=False)
2025-11-30 16:07:15 | INFO | MONITOR | Paper trades checked (next in 60s)
2025-11-30 16:07:15 | INFO | MONITOR_SLEEP | Sleeping for 20s (base=20s, consecutive_errors=0, monitoring_suspended=False)
2025-11-30 16:07:35 | INFO | MONITOR_SLEEP | Sleeping for 20s (base=20s, consecutive_errors=0, monitoring_suspended=False)
2025-11-30 16:07:55 | INFO | MONITOR_SLEEP | Sleeping for 20s (base=20s, consecutive_errors=0, monitoring_suspended=False)
2025-11-30 16:08:15 | INFO | MONITOR | Paper trades checked (next in 60s)
2025-11-30 16:08:15 | INFO | MONITOR_SLEEP | Sleeping for 20s (base=20s, consecutive_errors=0, monitoring_suspended=False)
2025-11-30 16:08:35 | INFO | MONITOR_SLEEP | Sleeping for 20s (base=20s, consecutive_errors=0, monitoring_suspended=False)
2025-11-30 16:08:55 | INFO | MONITOR_SLEEP | Sleeping for 20s (base=20s, consecutive_errors=0, monitoring_suspended=False)
2025-11-30 16:09:15 | INFO | MONITOR | Paper trades checked (next in 60s)
2025-11-30 16:09:15 | INFO | MONITOR_SLEEP | Sleeping for 20s (base=20s, consecutive_errors=0, monitoring_suspended=False)
2025-11-30 16:09:35 | INFO | MONITOR_SLEEP | Sleeping for 20s (base=20s, consecutive_errors=0, monitoring_suspended=False)
2025-11-30 16:09:55 | INFO | MONITOR_SLEEP | Sleeping for 20s (base=20s, consecutive_errors=0, monitoring_suspended=False)
2025-11-30 16:10:11 | INFO | STARTUP | Logging initialized | log_dir=/root/santhosh/trading/equity/logs/2025-11-30
2025-11-30 16:10:12 | INFO | FEEDBACK_INIT | PerformanceFeedback initialized for adaptive trading
2025-11-30 16:10:12 | INFO | MONITOR | Backed up stale positions.json to positions.json.startup_1764499212
2025-11-30 16:10:12 | INFO | MONITOR | ✓ Cleared stale positions.json - will rebuild from broker holdings
2025-11-30 16:10:12 | INFO | MONITOR | Skipping file load - broker will be source of truth
2025-11-30 16:10:12 | INFO | HOLDINGS_SYNC | Fetching positions and holdings from broker...
2025-11-30 16:10:13 | INFO | HOLDINGS_SYNC | No positions or holdings found at broker
2025-11-30 16:10:13 | INFO | MONITOR | Position monitoring started with bucketed LTP checking
2025-11-30 16:10:13 | INFO | MONITOR | Event loop thread started
2025-11-30 16:10:13 | INFO | MONITOR | Event loop started successfully for priority queue
2025-11-30 16:10:13 | INFO | MONITOR | Priority API queue enabled and started
2025-11-30 16:10:13 | INFO | SL_RETRY | SL retry thread started - waiting 30s before initial placement (conserve startup API quota)
2025-11-30 16:10:13 | INFO | SL_RETRY | SL retry thread started successfully
2025-11-30 16:10:13 | INFO | MONITOR_SLEEP | Sleeping for 20s (base=20s, consecutive_errors=0, monitoring_suspended=False)
2025-11-30 16:10:33 | INFO | MONITOR_SLEEP | Sleeping for 20s (base=20s, consecutive_errors=0, monitoring_suspended=False)
2025-11-30 16:10:43 | INFO | SL_RETRY | SL retry thread active - conservative mode (1 SL per 20s, max 10 retries)
2025-11-30 16:10:53 | INFO | MONITOR_SLEEP | Sleeping for 20s (base=20s, consecutive_errors=0, monitoring_suspended=False)
2025-11-30 16:11:13 | INFO | MONITOR | Paper trades checked (next in 60s)
2025-11-30 16:11:13 | INFO | MONITOR_SLEEP | Sleeping for 20s (base=20s, consecutive_errors=0, monitoring_suspended=False)
2025-11-30 16:11:33 | INFO | MONITOR_SLEEP | Sleeping for 20s (base=20s, consecutive_errors=0, monitoring_suspended=False)
2025-11-30 16:11:53 | INFO | MONITOR_SLEEP | Sleeping for 20s (base=20s, consecutive_errors=0, monitoring_suspended=False)
2025-11-30 16:12:13 | INFO | MONITOR | Paper trades checked (next in 60s)
2025-11-30 16:12:13 | INFO | MONITOR_SLEEP | Sleeping for 20s (base=20s, consecutive_errors=0, monitoring_suspended=False)
2025-11-30 16:12:33 | INFO | MONITOR_SLEEP | Sleeping for 20s (base=20s, consecutive_errors=0, monitoring_suspended=False)
2025-11-30 16:12:53 | INFO | MONITOR_SLEEP | Sleeping for 20s (base=20s, consecutive_errors=0, monitoring_suspended=False)
2025-11-30 16:13:13 | INFO | MONITOR | Paper trades checked (next in 60s)
2025-11-30 16:13:13 | INFO | MONITOR_SLEEP | Sleeping for 20s (base=20s, consecutive_errors=0, monitoring_suspended=False)
2025-11-30 16:13:33 | INFO | MONITOR_SLEEP | Sleeping for 20s (base=20s, consecutive_errors=0, monitoring_suspended=False)
2025-11-30 16:13:53 | INFO | MONITOR_SLEEP | Sleeping for 20s (base=20s, consecutive_errors=0, monitoring_suspended=False)
2025-11-30 16:14:13 | INFO | MONITOR | Paper trades checked (next in 60s)
2025-11-30 16:14:13 | INFO | MONITOR_SLEEP | Sleeping for 20s (base=20s, consecutive_errors=0, monitoring_suspended=False)
2025-11-30 16:14:33 | INFO | MONITOR_SLEEP | Sleeping for 20s (base=20s, consecutive_errors=0, monitoring_suspended=False)
2025-11-30 16:14:53 | INFO | MONITOR_SLEEP | Sleeping for 20s (base=20s, consecutive_errors=0, monitoring_suspended=False)
2025-11-30 16:15:13 | INFO | STARTUP | Logging initialized | log_dir=/root/santhosh/trading/equity/logs/2025-11-30
2025-11-30 16:15:13 | INFO | FEEDBACK_INIT | PerformanceFeedback initialized for adaptive trading
2025-11-30 16:15:13 | INFO | MONITOR | Backed up stale positions.json to positions.json.startup_1764499513
2025-11-30 16:15:13 | INFO | MONITOR | ✓ Cleared stale positions.json - will rebuild from broker holdings
2025-11-30 16:15:13 | INFO | MONITOR | Skipping file load - broker will be source of truth
2025-11-30 16:15:13 | INFO | HOLDINGS_SYNC | Fetching positions and holdings from broker...
2025-11-30 16:15:14 | INFO | HOLDINGS_SYNC | No positions or holdings found at broker
2025-11-30 16:15:14 | INFO | MONITOR | Position monitoring started with bucketed LTP checking
2025-11-30 16:15:14 | INFO | MONITOR | Event loop thread started
2025-11-30 16:15:14 | INFO | MONITOR | Event loop started successfully for priority queue
2025-11-30 16:15:14 | INFO | MONITOR | Priority API queue enabled and started
2025-11-30 16:15:14 | INFO | SL_RETRY | SL retry thread started - waiting 30s before initial placement (conserve startup API quota)
2025-11-30 16:15:14 | INFO | SL_RETRY | SL retry thread started successfully
2025-11-30 16:15:14 | INFO | MONITOR_SLEEP | Sleeping for 20s (base=20s, consecutive_errors=0, monitoring_suspended=False)
2025-11-30 16:15:34 | INFO | MONITOR_SLEEP | Sleeping for 20s (base=20s, consecutive_errors=0, monitoring_suspended=False)
2025-11-30 16:15:44 | INFO | SL_RETRY | SL retry thread active - conservative mode (1 SL per 20s, max 10 retries)
2025-11-30 16:15:54 | INFO | MONITOR_SLEEP | Sleeping for 20s (base=20s, consecutive_errors=0, monitoring_suspended=False)
2025-11-30 16:16:14 | INFO | MONITOR | Paper trades checked (next in 60s)
2025-11-30 16:16:14 | INFO | MONITOR_SLEEP | Sleeping for 20s (base=20s, consecutive_errors=0, monitoring_suspended=False)
2025-11-30 16:16:34 | INFO | MONITOR_SLEEP | Sleeping for 20s (base=20s, consecutive_errors=0, monitoring_suspended=False)
2025-11-30 16:16:54 | INFO | MONITOR_SLEEP | Sleeping for 20s (base=20s, consecutive_errors=0, monitoring_suspended=False)
2025-11-30 16:17:14 | INFO | MONITOR | Paper trades checked (next in 60s)
2025-11-30 16:17:14 | INFO | MONITOR_SLEEP | Sleeping for 20s (base=20s, consecutive_errors=0, monitoring_suspended=False)
2025-11-30 16:17:34 | INFO | MONITOR_SLEEP | Sleeping for 20s (base=20s, consecutive_errors=0, monitoring_suspended=False)
2025-11-30 16:17:54 | INFO | MONITOR_SLEEP | Sleeping for 20s (base=20s, consecutive_errors=0, monitoring_suspended=False)
2025-11-30 16:18:14 | INFO | MONITOR | Paper trades checked (next in 60s)
2025-11-30 16:18:14 | INFO | MONITOR_SLEEP | Sleeping for 20s (base=20s, consecutive_errors=0, monitoring_suspended=False)
2025-11-30 16:18:34 | INFO | MONITOR_SLEEP | Sleeping for 20s (base=20s, consecutive_errors=0, monitoring_suspended=False)
2025-11-30 16:18:54 | INFO | MONITOR_SLEEP | Sleeping for 20s (base=20s, consecutive_errors=0, monitoring_suspended=False)
2025-11-30 16:19:14 | INFO | MONITOR | Paper trades checked (next in 60s)
2025-11-30 16:19:14 | INFO | MONITOR_SLEEP | Sleeping for 20s (base=20s, consecutive_errors=0, monitoring_suspended=False)
2025-11-30 16:19:34 | INFO | MONITOR_SLEEP | Sleeping for 20s (base=20s, consecutive_errors=0, monitoring_suspended=False)
2025-11-30 16:19:54 | INFO | MONITOR_SLEEP | Sleeping for 20s (base=20s, consecutive_errors=0, monitoring_suspended=False)
2025-11-30 16:20:13 | INFO | STARTUP | Logging initialized | log_dir=/root/santhosh/trading/equity/logs/2025-11-30
2025-11-30 16:20:14 | INFO | FEEDBACK_INIT | PerformanceFeedback initialized for adaptive trading
2025-11-30 16:20:14 | INFO | MONITOR | Backed up stale positions.json to positions.json.startup_1764499814
2025-11-30 16:20:14 | INFO | MONITOR | ✓ Cleared stale positions.json - will rebuild from broker holdings
2025-11-30 16:20:14 | INFO | MONITOR | Skipping file load - broker will be source of truth
2025-11-30 16:20:14 | INFO | HOLDINGS_SYNC | Fetching positions and holdings from broker...
2025-11-30 16:20:14 | INFO | HOLDINGS_SYNC | No positions or holdings found at broker
2025-11-30 16:20:14 | INFO | MONITOR | Position monitoring started with bucketed LTP checking
2025-11-30 16:20:14 | INFO | MONITOR | Event loop thread started
2025-11-30 16:20:14 | INFO | MONITOR | Event loop started successfully for priority queue
2025-11-30 16:20:15 | INFO | MONITOR | Priority API queue enabled and started
2025-11-30 16:20:15 | INFO | SL_RETRY | SL retry thread started - waiting 30s before initial placement (conserve startup API quota)
2025-11-30 16:20:15 | INFO | SL_RETRY | SL retry thread started successfully
2025-11-30 16:20:15 | INFO | MONITOR_SLEEP | Sleeping for 20s (base=20s, consecutive_errors=0, monitoring_suspended=False)
2025-11-30 16:20:35 | INFO | MONITOR_SLEEP | Sleeping for 20s (base=20s, consecutive_errors=0, monitoring_suspended=False)
2025-11-30 16:20:45 | INFO | SL_RETRY | SL retry thread active - conservative mode (1 SL per 20s, max 10 retries)
2025-11-30 16:20:55 | INFO | MONITOR_SLEEP | Sleeping for 20s (base=20s, consecutive_errors=0, monitoring_suspended=False)
2025-11-30 16:21:15 | INFO | MONITOR | Paper trades checked (next in 60s)
2025-11-30 16:21:15 | INFO | MONITOR_SLEEP | Sleeping for 20s (base=20s, consecutive_errors=0, monitoring_suspended=False)
2025-11-30 16:21:35 | INFO | MONITOR_SLEEP | Sleeping for 20s (base=20s, consecutive_errors=0, monitoring_suspended=False)
2025-11-30 16:21:55 | INFO | MONITOR_SLEEP | Sleeping for 20s (base=20s, consecutive_errors=0, monitoring_suspended=False)
2025-11-30 16:22:15 | INFO | MONITOR | Paper trades checked (next in 60s)
2025-11-30 16:22:15 | INFO | MONITOR_SLEEP | Sleeping for 20s (base=20s, consecutive_errors=0, monitoring_suspended=False)
2025-11-30 16:22:35 | INFO | MONITOR_SLEEP | Sleeping for 20s (base=20s, consecutive_errors=0, monitoring_suspended=False)
2025-11-30 16:22:55 | INFO | MONITOR_SLEEP | Sleeping for 20s (base=20s, consecutive_errors=0, monitoring_suspended=False)
2025-11-30 16:23:15 | INFO | MONITOR | Paper trades checked (next in 60s)
2025-11-30 16:23:15 | INFO | MONITOR_SLEEP | Sleeping for 20s (base=20s, consecutive_errors=0, monitoring_suspended=False)
2025-11-30 16:23:35 | INFO | MONITOR_SLEEP | Sleeping for 20s (base=20s, consecutive_errors=0, monitoring_suspended=False)
2025-11-30 16:23:55 | INFO | MONITOR_SLEEP | Sleeping for 20s (base=20s, consecutive_errors=0, monitoring_suspended=False)
2025-11-30 16:24:15 | INFO | MONITOR | Paper trades checked (next in 60s)
2025-11-30 16:24:15 | INFO | MONITOR_SLEEP | Sleeping for 20s (base=20s, consecutive_errors=0, monitoring_suspended=False)
2025-11-30 16:24:35 | INFO | MONITOR_SLEEP | Sleeping for 20s (base=20s, consecutive_errors=0, monitoring_suspended=False)
2025-11-30 16:24:55 | INFO | MONITOR_SLEEP | Sleeping for 20s (base=20s, consecutive_errors=0, monitoring_suspended=False)
2025-11-30 16:25:11 | INFO | STARTUP | Logging initialized | log_dir=/root/santhosh/trading/equity/logs/2025-11-30
2025-11-30 16:25:12 | INFO | FEEDBACK_INIT | PerformanceFeedback initialized for adaptive trading
2025-11-30 16:25:12 | INFO | MONITOR | Backed up stale positions.json to positions.json.startup_1764500112
2025-11-30 16:25:12 | INFO | MONITOR | ✓ Cleared stale positions.json - will rebuild from broker holdings
2025-11-30 16:25:12 | INFO | MONITOR | Skipping file load - broker will be source of truth
2025-11-30 16:25:12 | INFO | HOLDINGS_SYNC | Fetching positions and holdings from broker...
2025-11-30 16:25:12 | INFO | HOLDINGS_SYNC | No positions or holdings found at broker
2025-11-30 16:25:12 | INFO | MONITOR | Position monitoring started with bucketed LTP checking
2025-11-30 16:25:12 | INFO | MONITOR | Event loop thread started
2025-11-30 16:25:12 | INFO | MONITOR | Event loop started successfully for priority queue
2025-11-30 16:25:12 | INFO | MONITOR | Priority API queue enabled and started
2025-11-30 16:25:12 | INFO | SL_RETRY | SL retry thread started - waiting 30s before initial placement (conserve startup API quota)
2025-11-30 16:25:12 | INFO | SL_RETRY | SL retry thread started successfully
2025-11-30 16:25:12 | INFO | MONITOR_SLEEP | Sleeping for 20s (base=20s, consecutive_errors=0, monitoring_suspended=False)
2025-11-30 16:25:32 | INFO | MONITOR_SLEEP | Sleeping for 20s (base=20s, consecutive_errors=0, monitoring_suspended=False)
2025-11-30 16:25:42 | INFO | SL_RETRY | SL retry thread active - conservative mode (1 SL per 20s, max 10 retries)
2025-11-30 16:25:52 | INFO | MONITOR_SLEEP | Sleeping for 20s (base=20s, consecutive_errors=0, monitoring_suspended=False)
2025-11-30 16:26:12 | INFO | MONITOR | Paper trades checked (next in 60s)
2025-11-30 16:26:12 | INFO | MONITOR_SLEEP | Sleeping for 20s (base=20s, consecutive_errors=0, monitoring_suspended=False)
2025-11-30 16:26:32 | INFO | MONITOR_SLEEP | Sleeping for 20s (base=20s, consecutive_errors=0, monitoring_suspended=False)
2025-11-30 16:26:52 | INFO | MONITOR_SLEEP | Sleeping for 20s (base=20s, consecutive_errors=0, monitoring_suspended=False)
2025-11-30 16:27:12 | INFO | MONITOR | Paper trades checked (next in 60s)
2025-11-30 16:27:12 | INFO | MONITOR_SLEEP | Sleeping for 20s (base=20s, consecutive_errors=0, monitoring_suspended=False)
2025-11-30 16:27:32 | INFO | MONITOR_SLEEP | Sleeping for 20s (base=20s, consecutive_errors=0, monitoring_suspended=False)
2025-11-30 16:27:52 | INFO | MONITOR_SLEEP | Sleeping for 20s (base=20s, consecutive_errors=0, monitoring_suspended=False)
2025-11-30 16:28:12 | INFO | MONITOR | Paper trades checked (next in 60s)
2025-11-30 16:28:12 | INFO | MONITOR_SLEEP | Sleeping for 20s (base=20s, consecutive_errors=0, monitoring_suspended=False)
2025-11-30 16:28:32 | INFO | MONITOR_SLEEP | Sleeping for 20s (base=20s, consecutive_errors=0, monitoring_suspended=False)
2025-11-30 16:28:52 | INFO | MONITOR_SLEEP | Sleeping for 20s (base=20s, consecutive_errors=0, monitoring_suspended=False)
2025-11-30 16:29:12 | INFO | MONITOR | Paper trades checked (next in 60s)
2025-11-30 16:29:12 | INFO | MONITOR_SLEEP | Sleeping for 20s (base=20s, consecutive_errors=0, monitoring_suspended=False)
2025-11-30 16:29:32 | INFO | MONITOR_SLEEP | Sleeping for 20s (base=20s, consecutive_errors=0, monitoring_suspended=False)
2025-11-30 16:29:52 | INFO | MONITOR_SLEEP | Sleeping for 20s (base=20s, consecutive_errors=0, monitoring_suspended=False)
2025-11-30 16:30:14 | INFO | STARTUP | Logging initialized | log_dir=/root/santhosh/trading/equity/logs/2025-11-30
2025-11-30 16:30:15 | INFO | FEEDBACK_INIT | PerformanceFeedback initialized for adaptive trading
2025-11-30 16:30:15 | INFO | MONITOR | Backed up stale positions.json to positions.json.startup_1764500415
2025-11-30 16:30:15 | INFO | MONITOR | ✓ Cleared stale positions.json - will rebuild from broker holdings
2025-11-30 16:30:15 | INFO | MONITOR | Skipping file load - broker will be source of truth
2025-11-30 16:30:15 | INFO | HOLDINGS_SYNC | Fetching positions and holdings from broker...
2025-11-30 16:30:16 | INFO | HOLDINGS_SYNC | No positions or holdings found at broker
2025-11-30 16:30:16 | INFO | MONITOR | Position monitoring started with bucketed LTP checking
2025-11-30 16:30:16 | INFO | MONITOR | Event loop thread started
2025-11-30 16:30:16 | INFO | MONITOR | Event loop started successfully for priority queue
2025-11-30 16:30:16 | INFO | MONITOR | Priority API queue enabled and started
2025-11-30 16:30:16 | INFO | SL_RETRY | SL retry thread started - waiting 30s before initial placement (conserve startup API quota)
2025-11-30 16:30:16 | INFO | SL_RETRY | SL retry thread started successfully
2025-11-30 16:30:16 | INFO | MONITOR_SLEEP | Sleeping for 20s (base=20s, consecutive_errors=0, monitoring_suspended=False)
2025-11-30 16:30:36 | INFO | MONITOR_SLEEP | Sleeping for 20s (base=20s, consecutive_errors=0, monitoring_suspended=False)
2025-11-30 16:30:46 | INFO | SL_RETRY | SL retry thread active - conservative mode (1 SL per 20s, max 10 retries)
2025-11-30 16:30:56 | INFO | MONITOR_SLEEP | Sleeping for 20s (base=20s, consecutive_errors=0, monitoring_suspended=False)
2025-11-30 16:31:16 | INFO | MONITOR | Paper trades checked (next in 60s)
2025-11-30 16:31:16 | INFO | MONITOR_SLEEP | Sleeping for 20s (base=20s, consecutive_errors=0, monitoring_suspended=False)
2025-11-30 16:31:36 | INFO | MONITOR_SLEEP | Sleeping for 20s (base=20s, consecutive_errors=0, monitoring_suspended=False)
2025-11-30 16:31:56 | INFO | MONITOR_SLEEP | Sleeping for 20s (base=20s, consecutive_errors=0, monitoring_suspended=False)
2025-11-30 16:32:16 | INFO | MONITOR | Paper trades checked (next in 60s)
2025-11-30 16:32:16 | INFO | MONITOR_SLEEP | Sleeping for 20s (base=20s, consecutive_errors=0, monitoring_suspended=False)
2025-11-30 16:32:36 | INFO | MONITOR_SLEEP | Sleeping for 20s (base=20s, consecutive_errors=0, monitoring_suspended=False)
2025-11-30 16:32:56 | INFO | MONITOR_SLEEP | Sleeping for 20s (base=20s, consecutive_errors=0, monitoring_suspended=False)
2025-11-30 16:33:16 | INFO | MONITOR | Paper trades checked (next in 60s)
2025-11-30 16:33:16 | INFO | MONITOR_SLEEP | Sleeping for 20s (base=20s, consecutive_errors=0, monitoring_suspended=False)
2025-11-30 16:33:36 | INFO | MONITOR_SLEEP | Sleeping for 20s (base=20s, consecutive_errors=0, monitoring_suspended=False)
2025-11-30 16:33:56 | INFO | MONITOR_SLEEP | Sleeping for 20s (base=20s, consecutive_errors=0, monitoring_suspended=False)
2025-11-30 16:34:16 | INFO | MONITOR | Paper trades checked (next in 60s)
2025-11-30 16:34:16 | INFO | MONITOR_SLEEP | Sleeping for 20s (base=20s, consecutive_errors=0, monitoring_suspended=False)
2025-11-30 16:34:36 | INFO | MONITOR_SLEEP | Sleeping for 20s (base=20s, consecutive_errors=0, monitoring_suspended=False)
2025-11-30 16:34:56 | INFO | MONITOR_SLEEP | Sleeping for 20s (base=20s, consecutive_errors=0, monitoring_suspended=False)
2025-11-30 16:35:11 | INFO | STARTUP | Logging initialized | log_dir=/root/santhosh/trading/equity/logs/2025-11-30
2025-11-30 16:35:12 | INFO | FEEDBACK_INIT | PerformanceFeedback initialized for adaptive trading
2025-11-30 16:35:12 | INFO | MONITOR | Backed up stale positions.json to positions.json.startup_1764500712
2025-11-30 16:35:12 | INFO | MONITOR | ✓ Cleared stale positions.json - will rebuild from broker holdings
2025-11-30 16:35:12 | INFO | MONITOR | Skipping file load - broker will be source of truth
2025-11-30 16:35:12 | INFO | HOLDINGS_SYNC | Fetching positions and holdings from broker...
2025-11-30 16:35:12 | INFO | HOLDINGS_SYNC | No positions or holdings found at broker
2025-11-30 16:35:12 | INFO | MONITOR | Position monitoring started with bucketed LTP checking
2025-11-30 16:35:12 | INFO | MONITOR | Event loop thread started
2025-11-30 16:35:12 | INFO | MONITOR | Event loop started successfully for priority queue
2025-11-30 16:35:13 | INFO | MONITOR | Priority API queue enabled and started
2025-11-30 16:35:13 | INFO | SL_RETRY | SL retry thread started - waiting 30s before initial placement (conserve startup API quota)
2025-11-30 16:35:13 | INFO | SL_RETRY | SL retry thread started successfully
2025-11-30 16:35:13 | INFO | MONITOR_SLEEP | Sleeping for 20s (base=20s, consecutive_errors=0, monitoring_suspended=False)
2025-11-30 16:35:33 | INFO | MONITOR_SLEEP | Sleeping for 20s (base=20s, consecutive_errors=0, monitoring_suspended=False)
2025-11-30 16:35:43 | INFO | SL_RETRY | SL retry thread active - conservative mode (1 SL per 20s, max 10 retries)
2025-11-30 16:35:53 | INFO | MONITOR_SLEEP | Sleeping for 20s (base=20s, consecutive_errors=0, monitoring_suspended=False)
2025-11-30 16:36:13 | INFO | MONITOR | Paper trades checked (next in 60s)
2025-11-30 16:36:13 | INFO | MONITOR_SLEEP | Sleeping for 20s (base=20s, consecutive_errors=0, monitoring_suspended=False)
2025-11-30 16:36:33 | INFO | MONITOR_SLEEP | Sleeping for 20s (base=20s, consecutive_errors=0, monitoring_suspended=False)
2025-11-30 16:36:53 | INFO | MONITOR_SLEEP | Sleeping for 20s (base=20s, consecutive_errors=0, monitoring_suspended=False)
2025-11-30 16:37:13 | INFO | MONITOR | Paper trades checked (next in 60s)
2025-11-30 16:37:13 | INFO | MONITOR_SLEEP | Sleeping for 20s (base=20s, consecutive_errors=0, monitoring_suspended=False)
2025-11-30 16:37:33 | INFO | MONITOR_SLEEP | Sleeping for 20s (base=20s, consecutive_errors=0, monitoring_suspended=False)
2025-11-30 16:37:53 | INFO | MONITOR_SLEEP | Sleeping for 20s (base=20s, consecutive_errors=0, monitoring_suspended=False)
2025-11-30 16:38:13 | INFO | MONITOR | Paper trades checked (next in 60s)
2025-11-30 16:38:13 | INFO | MONITOR_SLEEP | Sleeping for 20s (base=20s, consecutive_errors=0, monitoring_suspended=False)
2025-11-30 16:38:33 | INFO | MONITOR_SLEEP | Sleeping for 20s (base=20s, consecutive_errors=0, monitoring_suspended=False)
2025-11-30 16:38:53 | INFO | MONITOR_SLEEP | Sleeping for 20s (base=20s, consecutive_errors=0, monitoring_suspended=False)
2025-11-30 16:39:13 | INFO | MONITOR | Paper trades checked (next in 60s)
2025-11-30 16:39:13 | INFO | MONITOR_SLEEP | Sleeping for 20s (base=20s, consecutive_errors=0, monitoring_suspended=False)
2025-11-30 16:39:33 | INFO | MONITOR_SLEEP | Sleeping for 20s (base=20s, consecutive_errors=0, monitoring_suspended=False)
2025-11-30 16:39:53 | INFO | MONITOR_SLEEP | Sleeping for 20s (base=20s, consecutive_errors=0, monitoring_suspended=False)
2025-11-30 16:40:14 | INFO | STARTUP | Logging initialized | log_dir=/root/santhosh/trading/equity/logs/2025-11-30
2025-11-30 16:40:14 | INFO | FEEDBACK_INIT | PerformanceFeedback initialized for adaptive trading
2025-11-30 16:40:14 | INFO | MONITOR | Backed up stale positions.json to positions.json.startup_1764501014
2025-11-30 16:40:14 | INFO | MONITOR | ✓ Cleared stale positions.json - will rebuild from broker holdings
2025-11-30 16:40:14 | INFO | MONITOR | Skipping file load - broker will be source of truth
2025-11-30 16:40:14 | INFO | HOLDINGS_SYNC | Fetching positions and holdings from broker...
2025-11-30 16:40:15 | INFO | HOLDINGS_SYNC | No positions or holdings found at broker
2025-11-30 16:40:15 | INFO | MONITOR | Position monitoring started with bucketed LTP checking
2025-11-30 16:40:15 | INFO | MONITOR | Event loop thread started
2025-11-30 16:40:15 | INFO | MONITOR | Event loop started successfully for priority queue
2025-11-30 16:40:15 | INFO | MONITOR | Priority API queue enabled and started
2025-11-30 16:40:15 | INFO | SL_RETRY | SL retry thread started - waiting 30s before initial placement (conserve startup API quota)
2025-11-30 16:40:15 | INFO | SL_RETRY | SL retry thread started successfully
2025-11-30 16:40:15 | INFO | MONITOR_SLEEP | Sleeping for 20s (base=20s, consecutive_errors=0, monitoring_suspended=False)
2025-11-30 16:40:35 | INFO | MONITOR_SLEEP | Sleeping for 20s (base=20s, consecutive_errors=0, monitoring_suspended=False)
2025-11-30 16:40:45 | INFO | SL_RETRY | SL retry thread active - conservative mode (1 SL per 20s, max 10 retries)
2025-11-30 16:40:55 | INFO | MONITOR_SLEEP | Sleeping for 20s (base=20s, consecutive_errors=0, monitoring_suspended=False)
2025-11-30 16:41:15 | INFO | MONITOR | Paper trades checked (next in 60s)
2025-11-30 16:41:15 | INFO | MONITOR_SLEEP | Sleeping for 20s (base=20s, consecutive_errors=0, monitoring_suspended=False)
2025-11-30 16:41:35 | INFO | MONITOR_SLEEP | Sleeping for 20s (base=20s, consecutive_errors=0, monitoring_suspended=False)
2025-11-30 16:41:55 | INFO | MONITOR_SLEEP | Sleeping for 20s (base=20s, consecutive_errors=0, monitoring_suspended=False)
2025-11-30 16:42:15 | INFO | MONITOR | Paper trades checked (next in 60s)
2025-11-30 16:42:15 | INFO | MONITOR_SLEEP | Sleeping for 20s (base=20s, consecutive_errors=0, monitoring_suspended=False)
2025-11-30 16:42:35 | INFO | MONITOR_SLEEP | Sleeping for 20s (base=20s, consecutive_errors=0, monitoring_suspended=False)
2025-11-30 16:42:55 | INFO | MONITOR_SLEEP | Sleeping for 20s (base=20s, consecutive_errors=0, monitoring_suspended=False)
2025-11-30 16:43:15 | INFO | MONITOR | Paper trades checked (next in 60s)
2025-11-30 16:43:15 | INFO | MONITOR_SLEEP | Sleeping for 20s (base=20s, consecutive_errors=0, monitoring_suspended=False)
2025-11-30 16:43:35 | INFO | MONITOR_SLEEP | Sleeping for 20s (base=20s, consecutive_errors=0, monitoring_suspended=False)
2025-11-30 16:43:55 | INFO | MONITOR_SLEEP | Sleeping for 20s (base=20s, consecutive_errors=0, monitoring_suspended=False)
2025-11-30 16:44:15 | INFO | MONITOR | Paper trades checked (next in 60s)
2025-11-30 16:44:15 | INFO | MONITOR_SLEEP | Sleeping for 20s (base=20s, consecutive_errors=0, monitoring_suspended=False)
2025-11-30 16:44:35 | INFO | MONITOR_SLEEP | Sleeping for 20s (base=20s, consecutive_errors=0, monitoring_suspended=False)
2025-11-30 16:44:55 | INFO | MONITOR_SLEEP | Sleeping for 20s (base=20s, consecutive_errors=0, monitoring_suspended=False)
2025-11-30 16:45:12 | INFO | STARTUP | Logging initialized | log_dir=/root/santhosh/trading/equity/logs/2025-11-30
2025-11-30 16:45:13 | INFO | FEEDBACK_INIT | PerformanceFeedback initialized for adaptive trading
2025-11-30 16:45:13 | INFO | MONITOR | Backed up stale positions.json to positions.json.startup_1764501313
2025-11-30 16:45:13 | INFO | MONITOR | ✓ Cleared stale positions.json - will rebuild from broker holdings
2025-11-30 16:45:13 | INFO | MONITOR | Skipping file load - broker will be source of truth
2025-11-30 16:45:13 | INFO | HOLDINGS_SYNC | Fetching positions and holdings from broker...
2025-11-30 16:45:13 | INFO | HOLDINGS_SYNC | No positions or holdings found at broker
2025-11-30 16:45:13 | INFO | MONITOR | Position monitoring started with bucketed LTP checking
2025-11-30 16:45:13 | INFO | MONITOR | Event loop thread started
2025-11-30 16:45:13 | INFO | MONITOR | Event loop started successfully for priority queue
2025-11-30 16:45:14 | INFO | MONITOR | Priority API queue enabled and started
2025-11-30 16:45:14 | INFO | SL_RETRY | SL retry thread started - waiting 30s before initial placement (conserve startup API quota)
2025-11-30 16:45:14 | INFO | SL_RETRY | SL retry thread started successfully
2025-11-30 16:45:14 | INFO | MONITOR_SLEEP | Sleeping for 20s (base=20s, consecutive_errors=0, monitoring_suspended=False)
2025-11-30 16:45:34 | INFO | MONITOR_SLEEP | Sleeping for 20s (base=20s, consecutive_errors=0, monitoring_suspended=False)
2025-11-30 16:45:44 | INFO | SL_RETRY | SL retry thread active - conservative mode (1 SL per 20s, max 10 retries)
2025-11-30 16:45:54 | INFO | MONITOR_SLEEP | Sleeping for 20s (base=20s, consecutive_errors=0, monitoring_suspended=False)
2025-11-30 16:46:14 | INFO | MONITOR | Paper trades checked (next in 60s)
2025-11-30 16:46:14 | INFO | MONITOR_SLEEP | Sleeping for 20s (base=20s, consecutive_errors=0, monitoring_suspended=False)
2025-11-30 16:46:34 | INFO | MONITOR_SLEEP | Sleeping for 20s (base=20s, consecutive_errors=0, monitoring_suspended=False)
2025-11-30 16:46:54 | INFO | MONITOR_SLEEP | Sleeping for 20s (base=20s, consecutive_errors=0, monitoring_suspended=False)
2025-11-30 16:47:14 | INFO | MONITOR | Paper trades checked (next in 60s)
2025-11-30 16:47:14 | INFO | MONITOR_SLEEP | Sleeping for 20s (base=20s, consecutive_errors=0, monitoring_suspended=False)
2025-11-30 16:47:34 | INFO | MONITOR_SLEEP | Sleeping for 20s (base=20s, consecutive_errors=0, monitoring_suspended=False)
2025-11-30 16:47:54 | INFO | MONITOR_SLEEP | Sleeping for 20s (base=20s, consecutive_errors=0, monitoring_suspended=False)
2025-11-30 16:48:14 | INFO | MONITOR | Paper trades checked (next in 60s)
2025-11-30 16:48:14 | INFO | MONITOR_SLEEP | Sleeping for 20s (base=20s, consecutive_errors=0, monitoring_suspended=False)
2025-11-30 16:48:34 | INFO | MONITOR_SLEEP | Sleeping for 20s (base=20s, consecutive_errors=0, monitoring_suspended=False)
2025-11-30 16:48:54 | INFO | MONITOR_SLEEP | Sleeping for 20s (base=20s, consecutive_errors=0, monitoring_suspended=False)
2025-11-30 16:49:14 | INFO | MONITOR | Paper trades checked (next in 60s)
2025-11-30 16:49:14 | INFO | MONITOR_SLEEP | Sleeping for 20s (base=20s, consecutive_errors=0, monitoring_suspended=False)
2025-11-30 16:49:34 | INFO | MONITOR_SLEEP | Sleeping for 20s (base=20s, consecutive_errors=0, monitoring_suspended=False)
2025-11-30 16:49:54 | INFO | MONITOR_SLEEP | Sleeping for 20s (base=20s, consecutive_errors=0, monitoring_suspended=False)
2025-11-30 16:50:14 | INFO | STARTUP | Logging initialized | log_dir=/root/santhosh/trading/equity/logs/2025-11-30
2025-11-30 16:50:15 | INFO | FEEDBACK_INIT | PerformanceFeedback initialized for adaptive trading
2025-11-30 16:50:15 | INFO | MONITOR | Backed up stale positions.json to positions.json.startup_1764501615
2025-11-30 16:50:15 | INFO | MONITOR | ✓ Cleared stale positions.json - will rebuild from broker holdings
2025-11-30 16:50:15 | INFO | MONITOR | Skipping file load - broker will be source of truth
2025-11-30 16:50:15 | INFO | HOLDINGS_SYNC | Fetching positions and holdings from broker...
2025-11-30 16:50:15 | INFO | HOLDINGS_SYNC | No positions or holdings found at broker
2025-11-30 16:50:15 | INFO | MONITOR | Position monitoring started with bucketed LTP checking
2025-11-30 16:50:15 | INFO | MONITOR | Event loop thread started
2025-11-30 16:50:15 | INFO | MONITOR | Event loop started successfully for priority queue
2025-11-30 16:50:16 | INFO | MONITOR | Priority API queue enabled and started
2025-11-30 16:50:16 | INFO | SL_RETRY | SL retry thread started - waiting 30s before initial placement (conserve startup API quota)
2025-11-30 16:50:16 | INFO | SL_RETRY | SL retry thread started successfully
2025-11-30 16:50:16 | INFO | MONITOR_SLEEP | Sleeping for 20s (base=20s, consecutive_errors=0, monitoring_suspended=False)
2025-11-30 16:50:36 | INFO | MONITOR_SLEEP | Sleeping for 20s (base=20s, consecutive_errors=0, monitoring_suspended=False)
2025-11-30 16:50:46 | INFO | SL_RETRY | SL retry thread active - conservative mode (1 SL per 20s, max 10 retries)
2025-11-30 16:50:56 | INFO | MONITOR_SLEEP | Sleeping for 20s (base=20s, consecutive_errors=0, monitoring_suspended=False)
2025-11-30 16:51:16 | INFO | MONITOR | Paper trades checked (next in 60s)
2025-11-30 16:51:16 | INFO | MONITOR_SLEEP | Sleeping for 20s (base=20s, consecutive_errors=0, monitoring_suspended=False)
2025-11-30 16:51:36 | INFO | MONITOR_SLEEP | Sleeping for 20s (base=20s, consecutive_errors=0, monitoring_suspended=False)
2025-11-30 16:51:56 | INFO | MONITOR_SLEEP | Sleeping for 20s (base=20s, consecutive_errors=0, monitoring_suspended=False)
2025-11-30 16:52:16 | INFO | MONITOR | Paper trades checked (next in 60s)
2025-11-30 16:52:16 | INFO | MONITOR_SLEEP | Sleeping for 20s (base=20s, consecutive_errors=0, monitoring_suspended=False)
2025-11-30 16:52:36 | INFO | MONITOR_SLEEP | Sleeping for 20s (base=20s, consecutive_errors=0, monitoring_suspended=False)
2025-11-30 16:52:56 | INFO | MONITOR_SLEEP | Sleeping for 20s (base=20s, consecutive_errors=0, monitoring_suspended=False)
2025-11-30 16:53:16 | INFO | MONITOR | Paper trades checked (next in 60s)
2025-11-30 16:53:16 | INFO | MONITOR_SLEEP | Sleeping for 20s (base=20s, consecutive_errors=0, monitoring_suspended=False)
2025-11-30 16:53:36 | INFO | MONITOR_SLEEP | Sleeping for 20s (base=20s, consecutive_errors=0, monitoring_suspended=False)
2025-11-30 16:53:56 | INFO | MONITOR_SLEEP | Sleeping for 20s (base=20s, consecutive_errors=0, monitoring_suspended=False)
2025-11-30 16:54:16 | INFO | MONITOR | Paper trades checked (next in 60s)
2025-11-30 16:54:16 | INFO | MONITOR_SLEEP | Sleeping for 20s (base=20s, consecutive_errors=0, monitoring_suspended=False)
2025-11-30 16:54:36 | INFO | MONITOR_SLEEP | Sleeping for 20s (base=20s, consecutive_errors=0, monitoring_suspended=False)
2025-11-30 16:54:56 | INFO | MONITOR_SLEEP | Sleeping for 20s (base=20s, consecutive_errors=0, monitoring_suspended=False)
2025-11-30 16:55:12 | INFO | STARTUP | Logging initialized | log_dir=/root/santhosh/trading/equity/logs/2025-11-30
2025-11-30 16:55:13 | INFO | FEEDBACK_INIT | PerformanceFeedback initialized for adaptive trading
2025-11-30 16:55:13 | INFO | MONITOR | Backed up stale positions.json to positions.json.startup_1764501913
2025-11-30 16:55:13 | INFO | MONITOR | ✓ Cleared stale positions.json - will rebuild from broker holdings
2025-11-30 16:55:13 | INFO | MONITOR | Skipping file load - broker will be source of truth
2025-11-30 16:55:13 | INFO | HOLDINGS_SYNC | Fetching positions and holdings from broker...
2025-11-30 16:55:13 | INFO | HOLDINGS_SYNC | No positions or holdings found at broker
2025-11-30 16:55:13 | INFO | MONITOR | Position monitoring started with bucketed LTP checking
2025-11-30 16:55:13 | INFO | MONITOR | Event loop thread started
2025-11-30 16:55:13 | INFO | MONITOR | Event loop started successfully for priority queue
2025-11-30 16:55:14 | INFO | MONITOR | Priority API queue enabled and started
2025-11-30 16:55:14 | INFO | SL_RETRY | SL retry thread started - waiting 30s before initial placement (conserve startup API quota)
2025-11-30 16:55:14 | INFO | SL_RETRY | SL retry thread started successfully
2025-11-30 16:55:14 | INFO | MONITOR_SLEEP | Sleeping for 20s (base=20s, consecutive_errors=0, monitoring_suspended=False)
2025-11-30 16:55:34 | INFO | MONITOR_SLEEP | Sleeping for 20s (base=20s, consecutive_errors=0, monitoring_suspended=False)
2025-11-30 16:55:44 | INFO | SL_RETRY | SL retry thread active - conservative mode (1 SL per 20s, max 10 retries)
2025-11-30 16:55:54 | INFO | MONITOR_SLEEP | Sleeping for 20s (base=20s, consecutive_errors=0, monitoring_suspended=False)
2025-11-30 16:56:14 | INFO | MONITOR | Paper trades checked (next in 60s)
2025-11-30 16:56:14 | INFO | MONITOR_SLEEP | Sleeping for 20s (base=20s, consecutive_errors=0, monitoring_suspended=False)
2025-11-30 16:56:34 | INFO | MONITOR_SLEEP | Sleeping for 20s (base=20s, consecutive_errors=0, monitoring_suspended=False)
2025-11-30 16:56:54 | INFO | MONITOR_SLEEP | Sleeping for 20s (base=20s, consecutive_errors=0, monitoring_suspended=False)
2025-11-30 16:57:14 | INFO | MONITOR | Paper trades checked (next in 60s)
2025-11-30 16:57:14 | INFO | MONITOR_SLEEP | Sleeping for 20s (base=20s, consecutive_errors=0, monitoring_suspended=False)
2025-11-30 16:57:34 | INFO | MONITOR_SLEEP | Sleeping for 20s (base=20s, consecutive_errors=0, monitoring_suspended=False)
2025-11-30 16:57:54 | INFO | MONITOR_SLEEP | Sleeping for 20s (base=20s, consecutive_errors=0, monitoring_suspended=False)
2025-11-30 16:58:14 | INFO | MONITOR | Paper trades checked (next in 60s)
2025-11-30 16:58:14 | INFO | MONITOR_SLEEP | Sleeping for 20s (base=20s, consecutive_errors=0, monitoring_suspended=False)
2025-11-30 16:58:34 | INFO | MONITOR_SLEEP | Sleeping for 20s (base=20s, consecutive_errors=0, monitoring_suspended=False)
2025-11-30 16:58:54 | INFO | MONITOR_SLEEP | Sleeping for 20s (base=20s, consecutive_errors=0, monitoring_suspended=False)
2025-11-30 16:59:14 | INFO | MONITOR | Paper trades checked (next in 60s)
2025-11-30 16:59:14 | INFO | MONITOR_SLEEP | Sleeping for 20s (base=20s, consecutive_errors=0, monitoring_suspended=False)
2025-11-30 16:59:34 | INFO | MONITOR_SLEEP | Sleeping for 20s (base=20s, consecutive_errors=0, monitoring_suspended=False)
2025-11-30 16:59:54 | INFO | MONITOR_SLEEP | Sleeping for 20s (base=20s, consecutive_errors=0, monitoring_suspended=False)
2025-11-30 17:00:14 | INFO | STARTUP | Logging initialized | log_dir=/root/santhosh/trading/equity/logs/2025-11-30
2025-11-30 17:00:15 | INFO | FEEDBACK_INIT | PerformanceFeedback initialized for adaptive trading
2025-11-30 17:00:15 | INFO | MONITOR | Backed up stale positions.json to positions.json.startup_1764502215
2025-11-30 17:00:15 | INFO | MONITOR | ✓ Cleared stale positions.json - will rebuild from broker holdings
2025-11-30 17:00:15 | INFO | MONITOR | Skipping file load - broker will be source of truth
2025-11-30 17:00:15 | INFO | HOLDINGS_SYNC | Fetching positions and holdings from broker...
2025-11-30 17:00:15 | INFO | HOLDINGS_SYNC | No positions or holdings found at broker
2025-11-30 17:00:15 | INFO | MONITOR | Position monitoring started with bucketed LTP checking
2025-11-30 17:00:15 | INFO | MONITOR | Event loop thread started
2025-11-30 17:00:15 | INFO | MONITOR | Event loop started successfully for priority queue
2025-11-30 17:00:15 | INFO | MONITOR | Priority API queue enabled and started
2025-11-30 17:00:15 | INFO | SL_RETRY | SL retry thread started - waiting 30s before initial placement (conserve startup API quota)
2025-11-30 17:00:15 | INFO | SL_RETRY | SL retry thread started successfully
2025-11-30 17:00:15 | INFO | MONITOR_SLEEP | Sleeping for 20s (base=20s, consecutive_errors=0, monitoring_suspended=False)
2025-11-30 17:00:35 | INFO | MONITOR_SLEEP | Sleeping for 20s (base=20s, consecutive_errors=0, monitoring_suspended=False)
2025-11-30 17:00:45 | INFO | SL_RETRY | SL retry thread active - conservative mode (1 SL per 20s, max 10 retries)
2025-11-30 17:00:55 | INFO | MONITOR_SLEEP | Sleeping for 20s (base=20s, consecutive_errors=0, monitoring_suspended=False)
2025-11-30 17:01:15 | INFO | MONITOR | Paper trades checked (next in 60s)
2025-11-30 17:01:15 | INFO | MONITOR_SLEEP | Sleeping for 20s (base=20s, consecutive_errors=0, monitoring_suspended=False)
2025-11-30 17:01:35 | INFO | MONITOR_SLEEP | Sleeping for 20s (base=20s, consecutive_errors=0, monitoring_suspended=False)
2025-11-30 17:01:55 | INFO | MONITOR_SLEEP | Sleeping for 20s (base=20s, consecutive_errors=0, monitoring_suspended=False)
2025-11-30 17:02:15 | INFO | MONITOR | Paper trades checked (next in 60s)
2025-11-30 17:02:15 | INFO | MONITOR_SLEEP | Sleeping for 20s (base=20s, consecutive_errors=0, monitoring_suspended=False)
2025-11-30 17:02:35 | INFO | MONITOR_SLEEP | Sleeping for 20s (base=20s, consecutive_errors=0, monitoring_suspended=False)
2025-11-30 17:02:55 | INFO | MONITOR_SLEEP | Sleeping for 20s (base=20s, consecutive_errors=0, monitoring_suspended=False)
2025-11-30 17:03:15 | INFO | MONITOR | Paper trades checked (next in 60s)
2025-11-30 17:03:15 | INFO | MONITOR_SLEEP | Sleeping for 20s (base=20s, consecutive_errors=0, monitoring_suspended=False)
2025-11-30 17:03:35 | INFO | MONITOR_SLEEP | Sleeping for 20s (base=20s, consecutive_errors=0, monitoring_suspended=False)
2025-11-30 17:03:55 | INFO | MONITOR_SLEEP | Sleeping for 20s (base=20s, consecutive_errors=0, monitoring_suspended=False)
2025-11-30 17:04:15 | INFO | MONITOR | Paper trades checked (next in 60s)
2025-11-30 17:04:15 | INFO | MONITOR_SLEEP | Sleeping for 20s (base=20s, consecutive_errors=0, monitoring_suspended=False)
2025-11-30 17:04:35 | INFO | MONITOR_SLEEP | Sleeping for 20s (base=20s, consecutive_errors=0, monitoring_suspended=False)
2025-11-30 17:04:55 | INFO | MONITOR_SLEEP | Sleeping for 20s (base=20s, consecutive_errors=0, monitoring_suspended=False)
2025-11-30 17:05:11 | INFO | STARTUP | Logging initialized | log_dir=/root/santhosh/trading/equity/logs/2025-11-30
2025-11-30 17:05:12 | INFO | FEEDBACK_INIT | PerformanceFeedback initialized for adaptive trading
2025-11-30 17:05:12 | INFO | MONITOR | Backed up stale positions.json to positions.json.startup_1764502512
2025-11-30 17:05:12 | INFO | MONITOR | ✓ Cleared stale positions.json - will rebuild from broker holdings
2025-11-30 17:05:12 | INFO | MONITOR | Skipping file load - broker will be source of truth
2025-11-30 17:05:12 | INFO | HOLDINGS_SYNC | Fetching positions and holdings from broker...
2025-11-30 17:05:12 | INFO | HOLDINGS_SYNC | No positions or holdings found at broker
2025-11-30 17:05:12 | INFO | MONITOR | Position monitoring started with bucketed LTP checking
2025-11-30 17:05:12 | INFO | MONITOR | Event loop thread started
2025-11-30 17:05:12 | INFO | MONITOR | Event loop started successfully for priority queue
2025-11-30 17:05:13 | INFO | MONITOR | Priority API queue enabled and started
2025-11-30 17:05:13 | INFO | SL_RETRY | SL retry thread started - waiting 30s before initial placement (conserve startup API quota)
2025-11-30 17:05:13 | INFO | SL_RETRY | SL retry thread started successfully
2025-11-30 17:05:13 | INFO | MONITOR_SLEEP | Sleeping for 20s (base=20s, consecutive_errors=0, monitoring_suspended=False)
2025-11-30 17:05:33 | INFO | MONITOR_SLEEP | Sleeping for 20s (base=20s, consecutive_errors=0, monitoring_suspended=False)
2025-11-30 17:05:43 | INFO | SL_RETRY | SL retry thread active - conservative mode (1 SL per 20s, max 10 retries)
2025-11-30 17:05:53 | INFO | MONITOR_SLEEP | Sleeping for 20s (base=20s, consecutive_errors=0, monitoring_suspended=False)
2025-11-30 17:06:13 | INFO | MONITOR | Paper trades checked (next in 60s)
2025-11-30 17:06:13 | INFO | MONITOR_SLEEP | Sleeping for 20s (base=20s, consecutive_errors=0, monitoring_suspended=False)
2025-11-30 17:06:33 | INFO | MONITOR_SLEEP | Sleeping for 20s (base=20s, consecutive_errors=0, monitoring_suspended=False)
2025-11-30 17:06:53 | INFO | MONITOR_SLEEP | Sleeping for 20s (base=20s, consecutive_errors=0, monitoring_suspended=False)
2025-11-30 17:07:13 | INFO | MONITOR | Paper trades checked (next in 60s)
2025-11-30 17:07:13 | INFO | MONITOR_SLEEP | Sleeping for 20s (base=20s, consecutive_errors=0, monitoring_suspended=False)
2025-11-30 17:07:33 | INFO | MONITOR_SLEEP | Sleeping for 20s (base=20s, consecutive_errors=0, monitoring_suspended=False)
2025-11-30 17:07:53 | INFO | MONITOR_SLEEP | Sleeping for 20s (base=20s, consecutive_errors=0, monitoring_suspended=False)
2025-11-30 17:08:13 | INFO | MONITOR | Paper trades checked (next in 60s)
2025-11-30 17:08:13 | INFO | MONITOR_SLEEP | Sleeping for 20s (base=20s, consecutive_errors=0, monitoring_suspended=False)
2025-11-30 17:08:33 | INFO | MONITOR_SLEEP | Sleeping for 20s (base=20s, consecutive_errors=0, monitoring_suspended=False)
2025-11-30 17:08:53 | INFO | MONITOR_SLEEP | Sleeping for 20s (base=20s, consecutive_errors=0, monitoring_suspended=False)
2025-11-30 17:09:13 | INFO | MONITOR | Paper trades checked (next in 60s)
2025-11-30 17:09:13 | INFO | MONITOR_SLEEP | Sleeping for 20s (base=20s, consecutive_errors=0, monitoring_suspended=False)
2025-11-30 17:09:33 | INFO | MONITOR_SLEEP | Sleeping for 20s (base=20s, consecutive_errors=0, monitoring_suspended=False)
2025-11-30 17:09:53 | INFO | MONITOR_SLEEP | Sleeping for 20s (base=20s, consecutive_errors=0, monitoring_suspended=False)
2025-11-30 17:10:12 | INFO | STARTUP | Logging initialized | log_dir=/root/santhosh/trading/equity/logs/2025-11-30
2025-11-30 17:10:13 | INFO | FEEDBACK_INIT | PerformanceFeedback initialized for adaptive trading
2025-11-30 17:10:13 | INFO | MONITOR | Backed up stale positions.json to positions.json.startup_1764502813
2025-11-30 17:10:13 | INFO | MONITOR | ✓ Cleared stale positions.json - will rebuild from broker holdings
2025-11-30 17:10:13 | INFO | MONITOR | Skipping file load - broker will be source of truth
2025-11-30 17:10:13 | INFO | HOLDINGS_SYNC | Fetching positions and holdings from broker...
2025-11-30 17:10:13 | INFO | HOLDINGS_SYNC | No positions or holdings found at broker
2025-11-30 17:10:13 | INFO | MONITOR | Position monitoring started with bucketed LTP checking
2025-11-30 17:10:13 | INFO | MONITOR | Event loop thread started
2025-11-30 17:10:13 | INFO | MONITOR | Event loop started successfully for priority queue
2025-11-30 17:10:14 | INFO | MONITOR | Priority API queue enabled and started
2025-11-30 17:10:14 | INFO | SL_RETRY | SL retry thread started - waiting 30s before initial placement (conserve startup API quota)
2025-11-30 17:10:14 | INFO | SL_RETRY | SL retry thread started successfully
2025-11-30 17:10:14 | INFO | MONITOR_SLEEP | Sleeping for 20s (base=20s, consecutive_errors=0, monitoring_suspended=False)
2025-11-30 17:10:34 | INFO | MONITOR_SLEEP | Sleeping for 20s (base=20s, consecutive_errors=0, monitoring_suspended=False)
2025-11-30 17:10:44 | INFO | SL_RETRY | SL retry thread active - conservative mode (1 SL per 20s, max 10 retries)
2025-11-30 17:10:54 | INFO | MONITOR_SLEEP | Sleeping for 20s (base=20s, consecutive_errors=0, monitoring_suspended=False)
2025-11-30 17:11:14 | INFO | MONITOR | Paper trades checked (next in 60s)
2025-11-30 17:11:14 | INFO | MONITOR_SLEEP | Sleeping for 20s (base=20s, consecutive_errors=0, monitoring_suspended=False)
2025-11-30 17:11:34 | INFO | MONITOR_SLEEP | Sleeping for 20s (base=20s, consecutive_errors=0, monitoring_suspended=False)
2025-11-30 17:11:54 | INFO | MONITOR_SLEEP | Sleeping for 20s (base=20s, consecutive_errors=0, monitoring_suspended=False)
2025-11-30 17:12:14 | INFO | MONITOR | Paper trades checked (next in 60s)
2025-11-30 17:12:14 | INFO | MONITOR_SLEEP | Sleeping for 20s (base=20s, consecutive_errors=0, monitoring_suspended=False)
2025-11-30 17:12:34 | INFO | MONITOR_SLEEP | Sleeping for 20s (base=20s, consecutive_errors=0, monitoring_suspended=False)
2025-11-30 17:12:54 | INFO | MONITOR_SLEEP | Sleeping for 20s (base=20s, consecutive_errors=0, monitoring_suspended=False)
2025-11-30 17:13:14 | INFO | MONITOR | Paper trades checked (next in 60s)
2025-11-30 17:13:14 | INFO | MONITOR_SLEEP | Sleeping for 20s (base=20s, consecutive_errors=0, monitoring_suspended=False)
2025-11-30 17:13:34 | INFO | MONITOR_SLEEP | Sleeping for 20s (base=20s, consecutive_errors=0, monitoring_suspended=False)
2025-11-30 17:13:54 | INFO | MONITOR_SLEEP | Sleeping for 20s (base=20s, consecutive_errors=0, monitoring_suspended=False)
2025-11-30 17:14:14 | INFO | MONITOR | Paper trades checked (next in 60s)
2025-11-30 17:14:14 | INFO | MONITOR_SLEEP | Sleeping for 20s (base=20s, consecutive_errors=0, monitoring_suspended=False)
2025-11-30 17:14:34 | INFO | MONITOR_SLEEP | Sleeping for 20s (base=20s, consecutive_errors=0, monitoring_suspended=False)
2025-11-30 17:14:54 | INFO | MONITOR_SLEEP | Sleeping for 20s (base=20s, consecutive_errors=0, monitoring_suspended=False)
2025-11-30 17:15:10 | INFO | STARTUP | Logging initialized | log_dir=/root/santhosh/trading/equity/logs/2025-11-30
2025-11-30 17:15:11 | INFO | FEEDBACK_INIT | PerformanceFeedback initialized for adaptive trading
2025-11-30 17:15:11 | INFO | MONITOR | Backed up stale positions.json to positions.json.startup_1764503111
2025-11-30 17:15:11 | INFO | MONITOR | ✓ Cleared stale positions.json - will rebuild from broker holdings
2025-11-30 17:15:11 | INFO | MONITOR | Skipping file load - broker will be source of truth
2025-11-30 17:15:11 | INFO | HOLDINGS_SYNC | Fetching positions and holdings from broker...
2025-11-30 17:15:11 | INFO | HOLDINGS_SYNC | No positions or holdings found at broker
2025-11-30 17:15:11 | INFO | MONITOR | Position monitoring started with bucketed LTP checking
2025-11-30 17:15:11 | INFO | MONITOR | Event loop thread started
2025-11-30 17:15:11 | INFO | MONITOR | Event loop started successfully for priority queue
2025-11-30 17:15:12 | INFO | MONITOR | Priority API queue enabled and started
2025-11-30 17:15:12 | INFO | SL_RETRY | SL retry thread started - waiting 30s before initial placement (conserve startup API quota)
2025-11-30 17:15:12 | INFO | SL_RETRY | SL retry thread started successfully
2025-11-30 17:15:12 | INFO | MONITOR_SLEEP | Sleeping for 20s (base=20s, consecutive_errors=0, monitoring_suspended=False)
2025-11-30 17:15:32 | INFO | MONITOR_SLEEP | Sleeping for 20s (base=20s, consecutive_errors=0, monitoring_suspended=False)
2025-11-30 17:15:42 | INFO | SL_RETRY | SL retry thread active - conservative mode (1 SL per 20s, max 10 retries)
2025-11-30 17:15:52 | INFO | MONITOR_SLEEP | Sleeping for 20s (base=20s, consecutive_errors=0, monitoring_suspended=False)
2025-11-30 17:16:12 | INFO | MONITOR | Paper trades checked (next in 60s)
2025-11-30 17:16:12 | INFO | MONITOR_SLEEP | Sleeping for 20s (base=20s, consecutive_errors=0, monitoring_suspended=False)
2025-11-30 17:16:32 | INFO | MONITOR_SLEEP | Sleeping for 20s (base=20s, consecutive_errors=0, monitoring_suspended=False)
2025-11-30 17:16:52 | INFO | MONITOR_SLEEP | Sleeping for 20s (base=20s, consecutive_errors=0, monitoring_suspended=False)
2025-11-30 17:17:12 | INFO | MONITOR | Paper trades checked (next in 60s)
2025-11-30 17:17:12 | INFO | MONITOR_SLEEP | Sleeping for 20s (base=20s, consecutive_errors=0, monitoring_suspended=False)
2025-11-30 17:17:32 | INFO | MONITOR_SLEEP | Sleeping for 20s (base=20s, consecutive_errors=0, monitoring_suspended=False)
2025-11-30 17:17:52 | INFO | MONITOR_SLEEP | Sleeping for 20s (base=20s, consecutive_errors=0, monitoring_suspended=False)
2025-11-30 17:18:12 | INFO | MONITOR | Paper trades checked (next in 60s)
2025-11-30 17:18:12 | INFO | MONITOR_SLEEP | Sleeping for 20s (base=20s, consecutive_errors=0, monitoring_suspended=False)
2025-11-30 17:18:32 | INFO | MONITOR_SLEEP | Sleeping for 20s (base=20s, consecutive_errors=0, monitoring_suspended=False)
2025-11-30 17:18:52 | INFO | MONITOR_SLEEP | Sleeping for 20s (base=20s, consecutive_errors=0, monitoring_suspended=False)
2025-11-30 17:19:12 | INFO | MONITOR | Paper trades checked (next in 60s)
2025-11-30 17:19:12 | INFO | MONITOR_SLEEP | Sleeping for 20s (base=20s, consecutive_errors=0, monitoring_suspended=False)
2025-11-30 17:19:32 | INFO | MONITOR_SLEEP | Sleeping for 20s (base=20s, consecutive_errors=0, monitoring_suspended=False)
2025-11-30 17:19:52 | INFO | MONITOR_SLEEP | Sleeping for 20s (base=20s, consecutive_errors=0, monitoring_suspended=False)
2025-11-30 17:20:12 | INFO | STARTUP | Logging initialized | log_dir=/root/santhosh/trading/equity/logs/2025-11-30
2025-11-30 17:20:13 | INFO | FEEDBACK_INIT | PerformanceFeedback initialized for adaptive trading
2025-11-30 17:20:13 | INFO | MONITOR | Backed up stale positions.json to positions.json.startup_1764503413
2025-11-30 17:20:13 | INFO | MONITOR | ✓ Cleared stale positions.json - will rebuild from broker holdings
2025-11-30 17:20:13 | INFO | MONITOR | Skipping file load - broker will be source of truth
2025-11-30 17:20:13 | INFO | HOLDINGS_SYNC | Fetching positions and holdings from broker...
2025-11-30 17:20:13 | INFO | HOLDINGS_SYNC | No positions or holdings found at broker
2025-11-30 17:20:13 | INFO | MONITOR | Position monitoring started with bucketed LTP checking
2025-11-30 17:20:13 | INFO | MONITOR | Event loop thread started
2025-11-30 17:20:13 | INFO | MONITOR | Event loop started successfully for priority queue
2025-11-30 17:20:13 | INFO | MONITOR | Priority API queue enabled and started
2025-11-30 17:20:13 | INFO | SL_RETRY | SL retry thread started - waiting 30s before initial placement (conserve startup API quota)
2025-11-30 17:20:13 | INFO | SL_RETRY | SL retry thread started successfully
2025-11-30 17:20:13 | INFO | MONITOR_SLEEP | Sleeping for 20s (base=20s, consecutive_errors=0, monitoring_suspended=False)
2025-11-30 17:20:33 | INFO | MONITOR_SLEEP | Sleeping for 20s (base=20s, consecutive_errors=0, monitoring_suspended=False)
2025-11-30 17:20:43 | INFO | SL_RETRY | SL retry thread active - conservative mode (1 SL per 20s, max 10 retries)
2025-11-30 17:20:53 | INFO | MONITOR_SLEEP | Sleeping for 20s (base=20s, consecutive_errors=0, monitoring_suspended=False)
2025-11-30 17:21:13 | INFO | MONITOR | Paper trades checked (next in 60s)
2025-11-30 17:21:13 | INFO | MONITOR_SLEEP | Sleeping for 20s (base=20s, consecutive_errors=0, monitoring_suspended=False)
2025-11-30 17:21:33 | INFO | MONITOR_SLEEP | Sleeping for 20s (base=20s, consecutive_errors=0, monitoring_suspended=False)
2025-11-30 17:21:53 | INFO | MONITOR_SLEEP | Sleeping for 20s (base=20s, consecutive_errors=0, monitoring_suspended=False)
2025-11-30 17:22:13 | INFO | MONITOR | Paper trades checked (next in 60s)
2025-11-30 17:22:13 | INFO | MONITOR_SLEEP | Sleeping for 20s (base=20s, consecutive_errors=0, monitoring_suspended=False)
2025-11-30 17:22:33 | INFO | MONITOR_SLEEP | Sleeping for 20s (base=20s, consecutive_errors=0, monitoring_suspended=False)
2025-11-30 17:22:53 | INFO | MONITOR_SLEEP | Sleeping for 20s (base=20s, consecutive_errors=0, monitoring_suspended=False)
2025-11-30 17:23:13 | INFO | MONITOR | Paper trades checked (next in 60s)
2025-11-30 17:23:13 | INFO | MONITOR_SLEEP | Sleeping for 20s (base=20s, consecutive_errors=0, monitoring_suspended=False)
2025-11-30 17:23:33 | INFO | MONITOR_SLEEP | Sleeping for 20s (base=20s, consecutive_errors=0, monitoring_suspended=False)
2025-11-30 17:23:53 | INFO | MONITOR_SLEEP | Sleeping for 20s (base=20s, consecutive_errors=0, monitoring_suspended=False)
2025-11-30 17:24:13 | INFO | MONITOR | Paper trades checked (next in 60s)
2025-11-30 17:24:13 | INFO | MONITOR_SLEEP | Sleeping for 20s (base=20s, consecutive_errors=0, monitoring_suspended=False)
2025-11-30 17:24:33 | INFO | MONITOR_SLEEP | Sleeping for 20s (base=20s, consecutive_errors=0, monitoring_suspended=False)
2025-11-30 17:24:53 | INFO | MONITOR_SLEEP | Sleeping for 20s (base=20s, consecutive_errors=0, monitoring_suspended=False)
2025-11-30 17:25:13 | INFO | STARTUP | Logging initialized | log_dir=/root/santhosh/trading/equity/logs/2025-11-30
2025-11-30 17:25:14 | INFO | FEEDBACK_INIT | PerformanceFeedback initialized for adaptive trading
2025-11-30 17:25:14 | INFO | MONITOR | Backed up stale positions.json to positions.json.startup_1764503714
2025-11-30 17:25:14 | INFO | MONITOR | ✓ Cleared stale positions.json - will rebuild from broker holdings
2025-11-30 17:25:14 | INFO | MONITOR | Skipping file load - broker will be source of truth
2025-11-30 17:25:14 | INFO | HOLDINGS_SYNC | Fetching positions and holdings from broker...
2025-11-30 17:25:14 | INFO | HOLDINGS_SYNC | No positions or holdings found at broker
2025-11-30 17:25:14 | INFO | MONITOR | Position monitoring started with bucketed LTP checking
2025-11-30 17:25:14 | INFO | MONITOR | Event loop thread started
2025-11-30 17:25:14 | INFO | MONITOR | Event loop started successfully for priority queue
2025-11-30 17:25:15 | INFO | MONITOR | Priority API queue enabled and started
2025-11-30 17:25:15 | INFO | SL_RETRY | SL retry thread started - waiting 30s before initial placement (conserve startup API quota)
2025-11-30 17:25:15 | INFO | SL_RETRY | SL retry thread started successfully
2025-11-30 17:25:15 | INFO | MONITOR_SLEEP | Sleeping for 20s (base=20s, consecutive_errors=0, monitoring_suspended=False)
2025-11-30 17:25:35 | INFO | MONITOR_SLEEP | Sleeping for 20s (base=20s, consecutive_errors=0, monitoring_suspended=False)
2025-11-30 17:25:45 | INFO | SL_RETRY | SL retry thread active - conservative mode (1 SL per 20s, max 10 retries)
2025-11-30 17:25:55 | INFO | MONITOR_SLEEP | Sleeping for 20s (base=20s, consecutive_errors=0, monitoring_suspended=False)
2025-11-30 17:26:15 | INFO | MONITOR | Paper trades checked (next in 60s)
2025-11-30 17:26:15 | INFO | MONITOR_SLEEP | Sleeping for 20s (base=20s, consecutive_errors=0, monitoring_suspended=False)
2025-11-30 17:26:35 | INFO | MONITOR_SLEEP | Sleeping for 20s (base=20s, consecutive_errors=0, monitoring_suspended=False)
2025-11-30 17:26:55 | INFO | MONITOR_SLEEP | Sleeping for 20s (base=20s, consecutive_errors=0, monitoring_suspended=False)
2025-11-30 17:27:15 | INFO | MONITOR | Paper trades checked (next in 60s)
2025-11-30 17:27:15 | INFO | MONITOR_SLEEP | Sleeping for 20s (base=20s, consecutive_errors=0, monitoring_suspended=False)
2025-11-30 17:27:35 | INFO | MONITOR_SLEEP | Sleeping for 20s (base=20s, consecutive_errors=0, monitoring_suspended=False)
2025-11-30 17:27:55 | INFO | MONITOR_SLEEP | Sleeping for 20s (base=20s, consecutive_errors=0, monitoring_suspended=False)
2025-11-30 17:28:15 | INFO | MONITOR | Paper trades checked (next in 60s)
2025-11-30 17:28:15 | INFO | MONITOR_SLEEP | Sleeping for 20s (base=20s, consecutive_errors=0, monitoring_suspended=False)
2025-11-30 17:28:35 | INFO | MONITOR_SLEEP | Sleeping for 20s (base=20s, consecutive_errors=0, monitoring_suspended=False)
2025-11-30 17:28:55 | INFO | MONITOR_SLEEP | Sleeping for 20s (base=20s, consecutive_errors=0, monitoring_suspended=False)
2025-11-30 17:29:15 | INFO | MONITOR | Paper trades checked (next in 60s)
2025-11-30 17:29:15 | INFO | MONITOR_SLEEP | Sleeping for 20s (base=20s, consecutive_errors=0, monitoring_suspended=False)
2025-11-30 17:29:35 | INFO | MONITOR_SLEEP | Sleeping for 20s (base=20s, consecutive_errors=0, monitoring_suspended=False)
2025-11-30 17:29:55 | INFO | MONITOR_SLEEP | Sleeping for 20s (base=20s, consecutive_errors=0, monitoring_suspended=False)
2025-11-30 17:30:15 | INFO | STARTUP | Logging initialized | log_dir=/root/santhosh/trading/equity/logs/2025-11-30
2025-11-30 17:30:17 | INFO | FEEDBACK_INIT | PerformanceFeedback initialized for adaptive trading
2025-11-30 17:30:17 | INFO | MONITOR | Backed up stale positions.json to positions.json.startup_1764504017
2025-11-30 17:30:17 | INFO | MONITOR | ✓ Cleared stale positions.json - will rebuild from broker holdings
2025-11-30 17:30:17 | INFO | MONITOR | Skipping file load - broker will be source of truth
2025-11-30 17:30:17 | INFO | HOLDINGS_SYNC | Fetching positions and holdings from broker...
2025-11-30 17:30:17 | INFO | HOLDINGS_SYNC | No positions or holdings found at broker
2025-11-30 17:30:17 | INFO | MONITOR | Position monitoring started with bucketed LTP checking
2025-11-30 17:30:17 | INFO | MONITOR | Event loop thread started
2025-11-30 17:30:17 | INFO | MONITOR | Event loop started successfully for priority queue
2025-11-30 17:30:18 | INFO | MONITOR | Priority API queue enabled and started
2025-11-30 17:30:18 | INFO | SL_RETRY | SL retry thread started - waiting 30s before initial placement (conserve startup API quota)
2025-11-30 17:30:18 | INFO | SL_RETRY | SL retry thread started successfully
2025-11-30 17:30:18 | INFO | MONITOR_SLEEP | Sleeping for 20s (base=20s, consecutive_errors=0, monitoring_suspended=False)
2025-11-30 17:30:38 | INFO | MONITOR_SLEEP | Sleeping for 20s (base=20s, consecutive_errors=0, monitoring_suspended=False)
2025-11-30 17:30:48 | INFO | SL_RETRY | SL retry thread active - conservative mode (1 SL per 20s, max 10 retries)
2025-11-30 17:30:58 | INFO | MONITOR_SLEEP | Sleeping for 20s (base=20s, consecutive_errors=0, monitoring_suspended=False)
2025-11-30 17:31:18 | INFO | MONITOR | Paper trades checked (next in 60s)
2025-11-30 17:31:18 | INFO | MONITOR_SLEEP | Sleeping for 20s (base=20s, consecutive_errors=0, monitoring_suspended=False)
2025-11-30 17:31:38 | INFO | MONITOR_SLEEP | Sleeping for 20s (base=20s, consecutive_errors=0, monitoring_suspended=False)
2025-11-30 17:31:58 | INFO | MONITOR_SLEEP | Sleeping for 20s (base=20s, consecutive_errors=0, monitoring_suspended=False)
2025-11-30 17:32:18 | INFO | MONITOR | Paper trades checked (next in 60s)
2025-11-30 17:32:18 | INFO | MONITOR_SLEEP | Sleeping for 20s (base=20s, consecutive_errors=0, monitoring_suspended=False)
2025-11-30 17:32:38 | INFO | MONITOR_SLEEP | Sleeping for 20s (base=20s, consecutive_errors=0, monitoring_suspended=False)
2025-11-30 17:32:58 | INFO | MONITOR_SLEEP | Sleeping for 20s (base=20s, consecutive_errors=0, monitoring_suspended=False)
2025-11-30 17:33:18 | INFO | MONITOR | Paper trades checked (next in 60s)
2025-11-30 17:33:18 | INFO | MONITOR_SLEEP | Sleeping for 20s (base=20s, consecutive_errors=0, monitoring_suspended=False)
2025-11-30 17:33:38 | INFO | MONITOR_SLEEP | Sleeping for 20s (base=20s, consecutive_errors=0, monitoring_suspended=False)
2025-11-30 17:33:58 | INFO | MONITOR_SLEEP | Sleeping for 20s (base=20s, consecutive_errors=0, monitoring_suspended=False)
2025-11-30 17:34:18 | INFO | MONITOR | Paper trades checked (next in 60s)
2025-11-30 17:34:18 | INFO | MONITOR_SLEEP | Sleeping for 20s (base=20s, consecutive_errors=0, monitoring_suspended=False)
2025-11-30 17:34:38 | INFO | MONITOR_SLEEP | Sleeping for 20s (base=20s, consecutive_errors=0, monitoring_suspended=False)
2025-11-30 17:34:58 | INFO | MONITOR_SLEEP | Sleeping for 20s (base=20s, consecutive_errors=0, monitoring_suspended=False)
2025-11-30 17:35:13 | INFO | STARTUP | Logging initialized | log_dir=/root/santhosh/trading/equity/logs/2025-11-30
2025-11-30 17:35:14 | INFO | FEEDBACK_INIT | PerformanceFeedback initialized for adaptive trading
2025-11-30 17:35:14 | INFO | MONITOR | Backed up stale positions.json to positions.json.startup_1764504314
2025-11-30 17:35:14 | INFO | MONITOR | ✓ Cleared stale positions.json - will rebuild from broker holdings
2025-11-30 17:35:14 | INFO | MONITOR | Skipping file load - broker will be source of truth
2025-11-30 17:35:14 | INFO | HOLDINGS_SYNC | Fetching positions and holdings from broker...
2025-11-30 17:35:14 | INFO | HOLDINGS_SYNC | No positions or holdings found at broker
2025-11-30 17:35:14 | INFO | MONITOR | Position monitoring started with bucketed LTP checking
2025-11-30 17:35:14 | INFO | MONITOR | Event loop thread started
2025-11-30 17:35:14 | INFO | MONITOR | Event loop started successfully for priority queue
2025-11-30 17:35:15 | INFO | MONITOR | Priority API queue enabled and started
2025-11-30 17:35:15 | INFO | SL_RETRY | SL retry thread started - waiting 30s before initial placement (conserve startup API quota)
2025-11-30 17:35:15 | INFO | SL_RETRY | SL retry thread started successfully
2025-11-30 17:35:15 | INFO | MONITOR_SLEEP | Sleeping for 20s (base=20s, consecutive_errors=0, monitoring_suspended=False)
2025-11-30 17:35:35 | INFO | MONITOR_SLEEP | Sleeping for 20s (base=20s, consecutive_errors=0, monitoring_suspended=False)
2025-11-30 17:35:45 | INFO | SL_RETRY | SL retry thread active - conservative mode (1 SL per 20s, max 10 retries)
2025-11-30 17:35:55 | INFO | MONITOR_SLEEP | Sleeping for 20s (base=20s, consecutive_errors=0, monitoring_suspended=False)
2025-11-30 17:36:15 | INFO | MONITOR | Paper trades checked (next in 60s)
2025-11-30 17:36:15 | INFO | MONITOR_SLEEP | Sleeping for 20s (base=20s, consecutive_errors=0, monitoring_suspended=False)
2025-11-30 17:36:35 | INFO | MONITOR_SLEEP | Sleeping for 20s (base=20s, consecutive_errors=0, monitoring_suspended=False)
2025-11-30 17:36:55 | INFO | MONITOR_SLEEP | Sleeping for 20s (base=20s, consecutive_errors=0, monitoring_suspended=False)
2025-11-30 17:37:15 | INFO | MONITOR | Paper trades checked (next in 60s)
2025-11-30 17:37:15 | INFO | MONITOR_SLEEP | Sleeping for 20s (base=20s, consecutive_errors=0, monitoring_suspended=False)
2025-11-30 17:37:35 | INFO | MONITOR_SLEEP | Sleeping for 20s (base=20s, consecutive_errors=0, monitoring_suspended=False)
2025-11-30 17:37:55 | INFO | MONITOR_SLEEP | Sleeping for 20s (base=20s, consecutive_errors=0, monitoring_suspended=False)
2025-11-30 17:38:15 | INFO | MONITOR | Paper trades checked (next in 60s)
2025-11-30 17:38:15 | INFO | MONITOR_SLEEP | Sleeping for 20s (base=20s, consecutive_errors=0, monitoring_suspended=False)
2025-11-30 17:38:35 | INFO | MONITOR_SLEEP | Sleeping for 20s (base=20s, consecutive_errors=0, monitoring_suspended=False)
2025-11-30 17:38:55 | INFO | MONITOR_SLEEP | Sleeping for 20s (base=20s, consecutive_errors=0, monitoring_suspended=False)
2025-11-30 17:39:15 | INFO | MONITOR | Paper trades checked (next in 60s)
2025-11-30 17:39:15 | INFO | MONITOR_SLEEP | Sleeping for 20s (base=20s, consecutive_errors=0, monitoring_suspended=False)
2025-11-30 17:39:35 | INFO | MONITOR_SLEEP | Sleeping for 20s (base=20s, consecutive_errors=0, monitoring_suspended=False)
2025-11-30 17:39:55 | INFO | MONITOR_SLEEP | Sleeping for 20s (base=20s, consecutive_errors=0, monitoring_suspended=False)
2025-11-30 17:40:11 | INFO | STARTUP | Logging initialized | log_dir=/root/santhosh/trading/equity/logs/2025-11-30
2025-11-30 17:40:12 | INFO | FEEDBACK_INIT | PerformanceFeedback initialized for adaptive trading
2025-11-30 17:40:12 | INFO | MONITOR | Backed up stale positions.json to positions.json.startup_1764504612
2025-11-30 17:40:12 | INFO | MONITOR | ✓ Cleared stale positions.json - will rebuild from broker holdings
2025-11-30 17:40:12 | INFO | MONITOR | Skipping file load - broker will be source of truth
2025-11-30 17:40:12 | INFO | HOLDINGS_SYNC | Fetching positions and holdings from broker...
2025-11-30 17:40:12 | INFO | HOLDINGS_SYNC | No positions or holdings found at broker
2025-11-30 17:40:12 | INFO | MONITOR | Position monitoring started with bucketed LTP checking
2025-11-30 17:40:12 | INFO | MONITOR | Event loop thread started
2025-11-30 17:40:12 | INFO | MONITOR | Event loop started successfully for priority queue
2025-11-30 17:40:13 | INFO | MONITOR | Priority API queue enabled and started
2025-11-30 17:40:13 | INFO | SL_RETRY | SL retry thread started - waiting 30s before initial placement (conserve startup API quota)
2025-11-30 17:40:13 | INFO | SL_RETRY | SL retry thread started successfully
2025-11-30 17:40:13 | INFO | MONITOR_SLEEP | Sleeping for 20s (base=20s, consecutive_errors=0, monitoring_suspended=False)
2025-11-30 17:40:33 | INFO | MONITOR_SLEEP | Sleeping for 20s (base=20s, consecutive_errors=0, monitoring_suspended=False)
2025-11-30 17:40:43 | INFO | SL_RETRY | SL retry thread active - conservative mode (1 SL per 20s, max 10 retries)
2025-11-30 17:40:53 | INFO | MONITOR_SLEEP | Sleeping for 20s (base=20s, consecutive_errors=0, monitoring_suspended=False)
2025-11-30 17:41:13 | INFO | MONITOR | Paper trades checked (next in 60s)
2025-11-30 17:41:13 | INFO | MONITOR_SLEEP | Sleeping for 20s (base=20s, consecutive_errors=0, monitoring_suspended=False)
2025-11-30 17:41:33 | INFO | MONITOR_SLEEP | Sleeping for 20s (base=20s, consecutive_errors=0, monitoring_suspended=False)
2025-11-30 17:41:53 | INFO | MONITOR_SLEEP | Sleeping for 20s (base=20s, consecutive_errors=0, monitoring_suspended=False)
2025-11-30 17:42:13 | INFO | MONITOR | Paper trades checked (next in 60s)
2025-11-30 17:42:13 | INFO | MONITOR_SLEEP | Sleeping for 20s (base=20s, consecutive_errors=0, monitoring_suspended=False)
2025-11-30 17:42:33 | INFO | MONITOR_SLEEP | Sleeping for 20s (base=20s, consecutive_errors=0, monitoring_suspended=False)
2025-11-30 17:42:53 | INFO | MONITOR_SLEEP | Sleeping for 20s (base=20s, consecutive_errors=0, monitoring_suspended=False)
2025-11-30 17:43:13 | INFO | MONITOR | Paper trades checked (next in 60s)
2025-11-30 17:43:13 | INFO | MONITOR_SLEEP | Sleeping for 20s (base=20s, consecutive_errors=0, monitoring_suspended=False)
2025-11-30 17:43:33 | INFO | MONITOR_SLEEP | Sleeping for 20s (base=20s, consecutive_errors=0, monitoring_suspended=False)
2025-11-30 17:43:53 | INFO | MONITOR_SLEEP | Sleeping for 20s (base=20s, consecutive_errors=0, monitoring_suspended=False)
2025-11-30 17:44:13 | INFO | MONITOR | Paper trades checked (next in 60s)
2025-11-30 17:44:13 | INFO | MONITOR_SLEEP | Sleeping for 20s (base=20s, consecutive_errors=0, monitoring_suspended=False)
2025-11-30 17:44:33 | INFO | MONITOR_SLEEP | Sleeping for 20s (base=20s, consecutive_errors=0, monitoring_suspended=False)
2025-11-30 17:44:53 | INFO | MONITOR_SLEEP | Sleeping for 20s (base=20s, consecutive_errors=0, monitoring_suspended=False)
2025-11-30 17:45:11 | INFO | STARTUP | Logging initialized | log_dir=/root/santhosh/trading/equity/logs/2025-11-30
2025-11-30 17:45:12 | INFO | FEEDBACK_INIT | PerformanceFeedback initialized for adaptive trading
2025-11-30 17:45:12 | INFO | MONITOR | Backed up stale positions.json to positions.json.startup_1764504912
2025-11-30 17:45:12 | INFO | MONITOR | ✓ Cleared stale positions.json - will rebuild from broker holdings
2025-11-30 17:45:12 | INFO | MONITOR | Skipping file load - broker will be source of truth
2025-11-30 17:45:12 | INFO | HOLDINGS_SYNC | Fetching positions and holdings from broker...
2025-11-30 17:45:12 | INFO | HOLDINGS_SYNC | No positions or holdings found at broker
2025-11-30 17:45:12 | INFO | MONITOR | Position monitoring started with bucketed LTP checking
2025-11-30 17:45:12 | INFO | MONITOR | Event loop thread started
2025-11-30 17:45:12 | INFO | MONITOR | Event loop started successfully for priority queue
2025-11-30 17:45:13 | INFO | MONITOR | Priority API queue enabled and started
2025-11-30 17:45:13 | INFO | SL_RETRY | SL retry thread started - waiting 30s before initial placement (conserve startup API quota)
2025-11-30 17:45:13 | INFO | SL_RETRY | SL retry thread started successfully
2025-11-30 17:45:13 | INFO | MONITOR_SLEEP | Sleeping for 20s (base=20s, consecutive_errors=0, monitoring_suspended=False)
2025-11-30 17:45:33 | INFO | MONITOR_SLEEP | Sleeping for 20s (base=20s, consecutive_errors=0, monitoring_suspended=False)
2025-11-30 17:45:43 | INFO | SL_RETRY | SL retry thread active - conservative mode (1 SL per 20s, max 10 retries)
2025-11-30 17:45:53 | INFO | MONITOR_SLEEP | Sleeping for 20s (base=20s, consecutive_errors=0, monitoring_suspended=False)
2025-11-30 17:46:13 | INFO | MONITOR | Paper trades checked (next in 60s)
2025-11-30 17:46:13 | INFO | MONITOR_SLEEP | Sleeping for 20s (base=20s, consecutive_errors=0, monitoring_suspended=False)
2025-11-30 17:46:33 | INFO | MONITOR_SLEEP | Sleeping for 20s (base=20s, consecutive_errors=0, monitoring_suspended=False)
2025-11-30 17:46:53 | INFO | MONITOR_SLEEP | Sleeping for 20s (base=20s, consecutive_errors=0, monitoring_suspended=False)
2025-11-30 17:47:13 | INFO | MONITOR | Paper trades checked (next in 60s)
2025-11-30 17:47:13 | INFO | MONITOR_SLEEP | Sleeping for 20s (base=20s, consecutive_errors=0, monitoring_suspended=False)
2025-11-30 17:47:33 | INFO | MONITOR_SLEEP | Sleeping for 20s (base=20s, consecutive_errors=0, monitoring_suspended=False)
2025-11-30 17:47:53 | INFO | MONITOR_SLEEP | Sleeping for 20s (base=20s, consecutive_errors=0, monitoring_suspended=False)
2025-11-30 17:48:13 | INFO | MONITOR | Paper trades checked (next in 60s)
2025-11-30 17:48:13 | INFO | MONITOR_SLEEP | Sleeping for 20s (base=20s, consecutive_errors=0, monitoring_suspended=False)
2025-11-30 17:48:33 | INFO | MONITOR_SLEEP | Sleeping for 20s (base=20s, consecutive_errors=0, monitoring_suspended=False)
2025-11-30 17:48:53 | INFO | MONITOR_SLEEP | Sleeping for 20s (base=20s, consecutive_errors=0, monitoring_suspended=False)
2025-11-30 17:49:13 | INFO | MONITOR | Paper trades checked (next in 60s)
2025-11-30 17:49:13 | INFO | MONITOR_SLEEP | Sleeping for 20s (base=20s, consecutive_errors=0, monitoring_suspended=False)
2025-11-30 17:49:33 | INFO | MONITOR_SLEEP | Sleeping for 20s (base=20s, consecutive_errors=0, monitoring_suspended=False)
2025-11-30 17:49:53 | INFO | MONITOR_SLEEP | Sleeping for 20s (base=20s, consecutive_errors=0, monitoring_suspended=False)
2025-11-30 17:50:12 | INFO | STARTUP | Logging initialized | log_dir=/root/santhosh/trading/equity/logs/2025-11-30
2025-11-30 17:50:13 | INFO | FEEDBACK_INIT | PerformanceFeedback initialized for adaptive trading
2025-11-30 17:50:13 | INFO | MONITOR | Backed up stale positions.json to positions.json.startup_1764505213
2025-11-30 17:50:13 | INFO | MONITOR | ✓ Cleared stale positions.json - will rebuild from broker holdings
2025-11-30 17:50:13 | INFO | MONITOR | Skipping file load - broker will be source of truth
2025-11-30 17:50:13 | INFO | HOLDINGS_SYNC | Fetching positions and holdings from broker...
2025-11-30 17:50:13 | INFO | HOLDINGS_SYNC | No positions or holdings found at broker
2025-11-30 17:50:13 | INFO | MONITOR | Position monitoring started with bucketed LTP checking
2025-11-30 17:50:13 | INFO | MONITOR | Event loop thread started
2025-11-30 17:50:13 | INFO | MONITOR | Event loop started successfully for priority queue
2025-11-30 17:50:14 | INFO | MONITOR | Priority API queue enabled and started
2025-11-30 17:50:14 | INFO | SL_RETRY | SL retry thread started - waiting 30s before initial placement (conserve startup API quota)
2025-11-30 17:50:14 | INFO | SL_RETRY | SL retry thread started successfully
2025-11-30 17:50:14 | INFO | MONITOR_SLEEP | Sleeping for 20s (base=20s, consecutive_errors=0, monitoring_suspended=False)
2025-11-30 17:50:34 | INFO | MONITOR_SLEEP | Sleeping for 20s (base=20s, consecutive_errors=0, monitoring_suspended=False)
2025-11-30 17:50:44 | INFO | SL_RETRY | SL retry thread active - conservative mode (1 SL per 20s, max 10 retries)
2025-11-30 17:50:54 | INFO | MONITOR_SLEEP | Sleeping for 20s (base=20s, consecutive_errors=0, monitoring_suspended=False)
2025-11-30 17:51:14 | INFO | MONITOR | Paper trades checked (next in 60s)
2025-11-30 17:51:14 | INFO | MONITOR_SLEEP | Sleeping for 20s (base=20s, consecutive_errors=0, monitoring_suspended=False)
2025-11-30 17:51:34 | INFO | MONITOR_SLEEP | Sleeping for 20s (base=20s, consecutive_errors=0, monitoring_suspended=False)
2025-11-30 17:51:54 | INFO | MONITOR_SLEEP | Sleeping for 20s (base=20s, consecutive_errors=0, monitoring_suspended=False)
2025-11-30 17:52:14 | INFO | MONITOR | Paper trades checked (next in 60s)
2025-11-30 17:52:14 | INFO | MONITOR_SLEEP | Sleeping for 20s (base=20s, consecutive_errors=0, monitoring_suspended=False)
2025-11-30 17:52:34 | INFO | MONITOR_SLEEP | Sleeping for 20s (base=20s, consecutive_errors=0, monitoring_suspended=False)
2025-11-30 17:52:54 | INFO | MONITOR_SLEEP | Sleeping for 20s (base=20s, consecutive_errors=0, monitoring_suspended=False)
2025-11-30 17:53:14 | INFO | MONITOR | Paper trades checked (next in 60s)
2025-11-30 17:53:14 | INFO | MONITOR_SLEEP | Sleeping for 20s (base=20s, consecutive_errors=0, monitoring_suspended=False)
2025-11-30 17:53:34 | INFO | MONITOR_SLEEP | Sleeping for 20s (base=20s, consecutive_errors=0, monitoring_suspended=False)
2025-11-30 17:53:54 | INFO | MONITOR_SLEEP | Sleeping for 20s (base=20s, consecutive_errors=0, monitoring_suspended=False)
2025-11-30 17:54:14 | INFO | MONITOR | Paper trades checked (next in 60s)
2025-11-30 17:54:14 | INFO | MONITOR_SLEEP | Sleeping for 20s (base=20s, consecutive_errors=0, monitoring_suspended=False)
2025-11-30 17:54:34 | INFO | MONITOR_SLEEP | Sleeping for 20s (base=20s, consecutive_errors=0, monitoring_suspended=False)
2025-11-30 17:54:54 | INFO | MONITOR_SLEEP | Sleeping for 20s (base=20s, consecutive_errors=0, monitoring_suspended=False)
2025-11-30 17:55:11 | INFO | STARTUP | Logging initialized | log_dir=/root/santhosh/trading/equity/logs/2025-11-30
2025-11-30 17:55:12 | INFO | FEEDBACK_INIT | PerformanceFeedback initialized for adaptive trading
2025-11-30 17:55:12 | INFO | MONITOR | Backed up stale positions.json to positions.json.startup_1764505512
2025-11-30 17:55:12 | INFO | MONITOR | ✓ Cleared stale positions.json - will rebuild from broker holdings
2025-11-30 17:55:12 | INFO | MONITOR | Skipping file load - broker will be source of truth
2025-11-30 17:55:12 | INFO | HOLDINGS_SYNC | Fetching positions and holdings from broker...
2025-11-30 17:55:12 | INFO | HOLDINGS_SYNC | No positions or holdings found at broker
2025-11-30 17:55:12 | INFO | MONITOR | Position monitoring started with bucketed LTP checking
2025-11-30 17:55:12 | INFO | MONITOR | Event loop thread started
2025-11-30 17:55:12 | INFO | MONITOR | Event loop started successfully for priority queue
2025-11-30 17:55:13 | INFO | MONITOR | Priority API queue enabled and started
2025-11-30 17:55:13 | INFO | SL_RETRY | SL retry thread started - waiting 30s before initial placement (conserve startup API quota)
2025-11-30 17:55:13 | INFO | SL_RETRY | SL retry thread started successfully
2025-11-30 17:55:13 | INFO | MONITOR_SLEEP | Sleeping for 20s (base=20s, consecutive_errors=0, monitoring_suspended=False)
2025-11-30 17:55:33 | INFO | MONITOR_SLEEP | Sleeping for 20s (base=20s, consecutive_errors=0, monitoring_suspended=False)
2025-11-30 17:55:43 | INFO | SL_RETRY | SL retry thread active - conservative mode (1 SL per 20s, max 10 retries)
2025-11-30 17:55:53 | INFO | MONITOR_SLEEP | Sleeping for 20s (base=20s, consecutive_errors=0, monitoring_suspended=False)
2025-11-30 17:56:13 | INFO | MONITOR | Paper trades checked (next in 60s)
2025-11-30 17:56:13 | INFO | MONITOR_SLEEP | Sleeping for 20s (base=20s, consecutive_errors=0, monitoring_suspended=False)
2025-11-30 17:56:33 | INFO | MONITOR_SLEEP | Sleeping for 20s (base=20s, consecutive_errors=0, monitoring_suspended=False)
2025-11-30 17:56:53 | INFO | MONITOR_SLEEP | Sleeping for 20s (base=20s, consecutive_errors=0, monitoring_suspended=False)
2025-11-30 17:57:13 | INFO | MONITOR | Paper trades checked (next in 60s)
2025-11-30 17:57:13 | INFO | MONITOR_SLEEP | Sleeping for 20s (base=20s, consecutive_errors=0, monitoring_suspended=False)
2025-11-30 17:57:33 | INFO | MONITOR_SLEEP | Sleeping for 20s (base=20s, consecutive_errors=0, monitoring_suspended=False)
2025-11-30 17:57:53 | INFO | MONITOR_SLEEP | Sleeping for 20s (base=20s, consecutive_errors=0, monitoring_suspended=False)
2025-11-30 17:58:13 | INFO | MONITOR | Paper trades checked (next in 60s)
2025-11-30 17:58:13 | INFO | MONITOR_SLEEP | Sleeping for 20s (base=20s, consecutive_errors=0, monitoring_suspended=False)
2025-11-30 17:58:33 | INFO | MONITOR_SLEEP | Sleeping for 20s (base=20s, consecutive_errors=0, monitoring_suspended=False)
2025-11-30 17:58:53 | INFO | MONITOR_SLEEP | Sleeping for 20s (base=20s, consecutive_errors=0, monitoring_suspended=False)
2025-11-30 17:59:13 | INFO | MONITOR | Paper trades checked (next in 60s)
2025-11-30 17:59:13 | INFO | MONITOR_SLEEP | Sleeping for 20s (base=20s, consecutive_errors=0, monitoring_suspended=False)
2025-11-30 17:59:33 | INFO | MONITOR_SLEEP | Sleeping for 20s (base=20s, consecutive_errors=0, monitoring_suspended=False)
2025-11-30 17:59:53 | INFO | MONITOR_SLEEP | Sleeping for 20s (base=20s, consecutive_errors=0, monitoring_suspended=False)
2025-11-30 18:00:11 | INFO | STARTUP | Logging initialized | log_dir=/root/santhosh/trading/equity/logs/2025-11-30
2025-11-30 18:00:12 | INFO | FEEDBACK_INIT | PerformanceFeedback initialized for adaptive trading
2025-11-30 18:00:12 | INFO | MONITOR | Backed up stale positions.json to positions.json.startup_1764505812
2025-11-30 18:00:12 | INFO | MONITOR | ✓ Cleared stale positions.json - will rebuild from broker holdings
2025-11-30 18:00:12 | INFO | MONITOR | Skipping file load - broker will be source of truth
2025-11-30 18:00:12 | INFO | HOLDINGS_SYNC | Fetching positions and holdings from broker...
2025-11-30 18:00:12 | INFO | HOLDINGS_SYNC | No positions or holdings found at broker
2025-11-30 18:00:12 | INFO | MONITOR | Position monitoring started with bucketed LTP checking
2025-11-30 18:00:12 | INFO | MONITOR | Event loop thread started
2025-11-30 18:00:12 | INFO | MONITOR | Event loop started successfully for priority queue
2025-11-30 18:00:12 | INFO | MONITOR | Priority API queue enabled and started
2025-11-30 18:00:12 | INFO | SL_RETRY | SL retry thread started - waiting 30s before initial placement (conserve startup API quota)
2025-11-30 18:00:12 | INFO | SL_RETRY | SL retry thread started successfully
2025-11-30 18:00:12 | INFO | MONITOR_SLEEP | Sleeping for 20s (base=20s, consecutive_errors=0, monitoring_suspended=False)
2025-11-30 18:00:32 | INFO | MONITOR_SLEEP | Sleeping for 20s (base=20s, consecutive_errors=0, monitoring_suspended=False)
2025-11-30 18:00:42 | INFO | SL_RETRY | SL retry thread active - conservative mode (1 SL per 20s, max 10 retries)
2025-11-30 18:00:52 | INFO | MONITOR_SLEEP | Sleeping for 20s (base=20s, consecutive_errors=0, monitoring_suspended=False)
2025-11-30 18:01:12 | INFO | MONITOR | Paper trades checked (next in 60s)
2025-11-30 18:01:12 | INFO | MONITOR_SLEEP | Sleeping for 20s (base=20s, consecutive_errors=0, monitoring_suspended=False)
2025-11-30 18:01:32 | INFO | MONITOR_SLEEP | Sleeping for 20s (base=20s, consecutive_errors=0, monitoring_suspended=False)
2025-11-30 18:01:52 | INFO | MONITOR_SLEEP | Sleeping for 20s (base=20s, consecutive_errors=0, monitoring_suspended=False)
2025-11-30 18:02:12 | INFO | MONITOR | Paper trades checked (next in 60s)
2025-11-30 18:02:12 | INFO | MONITOR_SLEEP | Sleeping for 20s (base=20s, consecutive_errors=0, monitoring_suspended=False)
2025-11-30 18:02:32 | INFO | MONITOR_SLEEP | Sleeping for 20s (base=20s, consecutive_errors=0, monitoring_suspended=False)
2025-11-30 18:02:52 | INFO | MONITOR_SLEEP | Sleeping for 20s (base=20s, consecutive_errors=0, monitoring_suspended=False)
2025-11-30 18:03:12 | INFO | MONITOR | Paper trades checked (next in 60s)
2025-11-30 18:03:12 | INFO | MONITOR_SLEEP | Sleeping for 20s (base=20s, consecutive_errors=0, monitoring_suspended=False)
2025-11-30 18:03:32 | INFO | MONITOR_SLEEP | Sleeping for 20s (base=20s, consecutive_errors=0, monitoring_suspended=False)
2025-11-30 18:03:52 | INFO | MONITOR_SLEEP | Sleeping for 20s (base=20s, consecutive_errors=0, monitoring_suspended=False)
2025-11-30 18:04:12 | INFO | MONITOR | Paper trades checked (next in 60s)
2025-11-30 18:04:12 | INFO | MONITOR_SLEEP | Sleeping for 20s (base=20s, consecutive_errors=0, monitoring_suspended=False)
2025-11-30 18:04:32 | INFO | MONITOR_SLEEP | Sleeping for 20s (base=20s, consecutive_errors=0, monitoring_suspended=False)
2025-11-30 18:04:52 | INFO | MONITOR_SLEEP | Sleeping for 20s (base=20s, consecutive_errors=0, monitoring_suspended=False)
2025-11-30 18:05:12 | INFO | STARTUP | Logging initialized | log_dir=/root/santhosh/trading/equity/logs/2025-11-30
2025-11-30 18:05:13 | INFO | FEEDBACK_INIT | PerformanceFeedback initialized for adaptive trading
2025-11-30 18:05:13 | INFO | MONITOR | Backed up stale positions.json to positions.json.startup_1764506113
2025-11-30 18:05:13 | INFO | MONITOR | ✓ Cleared stale positions.json - will rebuild from broker holdings
2025-11-30 18:05:13 | INFO | MONITOR | Skipping file load - broker will be source of truth
2025-11-30 18:05:13 | INFO | HOLDINGS_SYNC | Fetching positions and holdings from broker...
2025-11-30 18:05:13 | INFO | HOLDINGS_SYNC | No positions or holdings found at broker
2025-11-30 18:05:13 | INFO | MONITOR | Position monitoring started with bucketed LTP checking
2025-11-30 18:05:13 | INFO | MONITOR | Event loop thread started
2025-11-30 18:05:13 | INFO | MONITOR | Event loop started successfully for priority queue
2025-11-30 18:05:14 | INFO | MONITOR | Priority API queue enabled and started
2025-11-30 18:05:14 | INFO | SL_RETRY | SL retry thread started - waiting 30s before initial placement (conserve startup API quota)
2025-11-30 18:05:14 | INFO | SL_RETRY | SL retry thread started successfully
2025-11-30 18:05:14 | INFO | MONITOR_SLEEP | Sleeping for 20s (base=20s, consecutive_errors=0, monitoring_suspended=False)
2025-11-30 18:05:34 | INFO | MONITOR_SLEEP | Sleeping for 20s (base=20s, consecutive_errors=0, monitoring_suspended=False)
2025-11-30 18:05:44 | INFO | SL_RETRY | SL retry thread active - conservative mode (1 SL per 20s, max 10 retries)
2025-11-30 18:05:54 | INFO | MONITOR_SLEEP | Sleeping for 20s (base=20s, consecutive_errors=0, monitoring_suspended=False)
2025-11-30 18:06:14 | INFO | MONITOR | Paper trades checked (next in 60s)
2025-11-30 18:06:14 | INFO | MONITOR_SLEEP | Sleeping for 20s (base=20s, consecutive_errors=0, monitoring_suspended=False)
2025-11-30 18:06:34 | INFO | MONITOR_SLEEP | Sleeping for 20s (base=20s, consecutive_errors=0, monitoring_suspended=False)
2025-11-30 18:06:54 | INFO | MONITOR_SLEEP | Sleeping for 20s (base=20s, consecutive_errors=0, monitoring_suspended=False)
2025-11-30 18:07:14 | INFO | MONITOR | Paper trades checked (next in 60s)
2025-11-30 18:07:14 | INFO | MONITOR_SLEEP | Sleeping for 20s (base=20s, consecutive_errors=0, monitoring_suspended=False)
2025-11-30 18:07:34 | INFO | MONITOR_SLEEP | Sleeping for 20s (base=20s, consecutive_errors=0, monitoring_suspended=False)
2025-11-30 18:07:54 | INFO | MONITOR_SLEEP | Sleeping for 20s (base=20s, consecutive_errors=0, monitoring_suspended=False)
2025-11-30 18:08:14 | INFO | MONITOR | Paper trades checked (next in 60s)
2025-11-30 18:08:14 | INFO | MONITOR_SLEEP | Sleeping for 20s (base=20s, consecutive_errors=0, monitoring_suspended=False)
2025-11-30 18:08:34 | INFO | MONITOR_SLEEP | Sleeping for 20s (base=20s, consecutive_errors=0, monitoring_suspended=False)
2025-11-30 18:08:54 | INFO | MONITOR_SLEEP | Sleeping for 20s (base=20s, consecutive_errors=0, monitoring_suspended=False)
2025-11-30 18:09:14 | INFO | MONITOR | Paper trades checked (next in 60s)
2025-11-30 18:09:14 | INFO | MONITOR_SLEEP | Sleeping for 20s (base=20s, consecutive_errors=0, monitoring_suspended=False)
2025-11-30 18:09:34 | INFO | MONITOR_SLEEP | Sleeping for 20s (base=20s, consecutive_errors=0, monitoring_suspended=False)
2025-11-30 18:09:54 | INFO | MONITOR_SLEEP | Sleeping for 20s (base=20s, consecutive_errors=0, monitoring_suspended=False)
2025-11-30 18:10:12 | INFO | STARTUP | Logging initialized | log_dir=/root/santhosh/trading/equity/logs/2025-11-30
2025-11-30 18:10:13 | INFO | FEEDBACK_INIT | PerformanceFeedback initialized for adaptive trading
2025-11-30 18:10:13 | INFO | MONITOR | Backed up stale positions.json to positions.json.startup_1764506413
2025-11-30 18:10:13 | INFO | MONITOR | ✓ Cleared stale positions.json - will rebuild from broker holdings
2025-11-30 18:10:13 | INFO | MONITOR | Skipping file load - broker will be source of truth
2025-11-30 18:10:13 | INFO | HOLDINGS_SYNC | Fetching positions and holdings from broker...
2025-11-30 18:10:13 | INFO | HOLDINGS_SYNC | No positions or holdings found at broker
2025-11-30 18:10:13 | INFO | MONITOR | Position monitoring started with bucketed LTP checking
2025-11-30 18:10:13 | INFO | MONITOR | Event loop thread started
2025-11-30 18:10:13 | INFO | MONITOR | Event loop started successfully for priority queue
2025-11-30 18:10:14 | INFO | MONITOR | Priority API queue enabled and started
2025-11-30 18:10:14 | INFO | SL_RETRY | SL retry thread started - waiting 30s before initial placement (conserve startup API quota)
2025-11-30 18:10:14 | INFO | SL_RETRY | SL retry thread started successfully
2025-11-30 18:10:14 | INFO | MONITOR_SLEEP | Sleeping for 20s (base=20s, consecutive_errors=0, monitoring_suspended=False)
2025-11-30 18:10:34 | INFO | MONITOR_SLEEP | Sleeping for 20s (base=20s, consecutive_errors=0, monitoring_suspended=False)
2025-11-30 18:10:44 | INFO | SL_RETRY | SL retry thread active - conservative mode (1 SL per 20s, max 10 retries)
2025-11-30 18:10:54 | INFO | MONITOR_SLEEP | Sleeping for 20s (base=20s, consecutive_errors=0, monitoring_suspended=False)
2025-11-30 18:11:14 | INFO | MONITOR | Paper trades checked (next in 60s)
2025-11-30 18:11:14 | INFO | MONITOR_SLEEP | Sleeping for 20s (base=20s, consecutive_errors=0, monitoring_suspended=False)
2025-11-30 18:11:34 | INFO | MONITOR_SLEEP | Sleeping for 20s (base=20s, consecutive_errors=0, monitoring_suspended=False)
2025-11-30 18:11:54 | INFO | MONITOR_SLEEP | Sleeping for 20s (base=20s, consecutive_errors=0, monitoring_suspended=False)
2025-11-30 18:12:14 | INFO | MONITOR | Paper trades checked (next in 60s)
2025-11-30 18:12:14 | INFO | MONITOR_SLEEP | Sleeping for 20s (base=20s, consecutive_errors=0, monitoring_suspended=False)
2025-11-30 18:12:34 | INFO | MONITOR_SLEEP | Sleeping for 20s (base=20s, consecutive_errors=0, monitoring_suspended=False)
2025-11-30 18:12:54 | INFO | MONITOR_SLEEP | Sleeping for 20s (base=20s, consecutive_errors=0, monitoring_suspended=False)
2025-11-30 18:13:14 | INFO | MONITOR | Paper trades checked (next in 60s)
2025-11-30 18:13:14 | INFO | MONITOR_SLEEP | Sleeping for 20s (base=20s, consecutive_errors=0, monitoring_suspended=False)
2025-11-30 18:13:34 | INFO | MONITOR_SLEEP | Sleeping for 20s (base=20s, consecutive_errors=0, monitoring_suspended=False)
2025-11-30 18:13:54 | INFO | MONITOR_SLEEP | Sleeping for 20s (base=20s, consecutive_errors=0, monitoring_suspended=False)
2025-11-30 18:14:14 | INFO | MONITOR | Paper trades checked (next in 60s)
2025-11-30 18:14:14 | INFO | MONITOR_SLEEP | Sleeping for 20s (base=20s, consecutive_errors=0, monitoring_suspended=False)
2025-11-30 18:14:34 | INFO | MONITOR_SLEEP | Sleeping for 20s (base=20s, consecutive_errors=0, monitoring_suspended=False)
2025-11-30 18:14:54 | INFO | MONITOR_SLEEP | Sleeping for 20s (base=20s, consecutive_errors=0, monitoring_suspended=False)
2025-11-30 18:15:13 | INFO | STARTUP | Logging initialized | log_dir=/root/santhosh/trading/equity/logs/2025-11-30
2025-11-30 18:15:14 | INFO | FEEDBACK_INIT | PerformanceFeedback initialized for adaptive trading
2025-11-30 18:15:14 | INFO | MONITOR | Backed up stale positions.json to positions.json.startup_1764506714
2025-11-30 18:15:14 | INFO | MONITOR | ✓ Cleared stale positions.json - will rebuild from broker holdings
2025-11-30 18:15:14 | INFO | MONITOR | Skipping file load - broker will be source of truth
2025-11-30 18:15:14 | INFO | HOLDINGS_SYNC | Fetching positions and holdings from broker...
2025-11-30 18:15:14 | INFO | HOLDINGS_SYNC | No positions or holdings found at broker
2025-11-30 18:15:14 | INFO | MONITOR | Position monitoring started with bucketed LTP checking
2025-11-30 18:15:14 | INFO | MONITOR | Event loop thread started
2025-11-30 18:15:14 | INFO | MONITOR | Event loop started successfully for priority queue
2025-11-30 18:15:15 | INFO | MONITOR | Priority API queue enabled and started
2025-11-30 18:15:15 | INFO | SL_RETRY | SL retry thread started - waiting 30s before initial placement (conserve startup API quota)
2025-11-30 18:15:15 | INFO | SL_RETRY | SL retry thread started successfully
2025-11-30 18:15:15 | INFO | MONITOR_SLEEP | Sleeping for 20s (base=20s, consecutive_errors=0, monitoring_suspended=False)
2025-11-30 18:15:35 | INFO | MONITOR_SLEEP | Sleeping for 20s (base=20s, consecutive_errors=0, monitoring_suspended=False)
2025-11-30 18:15:45 | INFO | SL_RETRY | SL retry thread active - conservative mode (1 SL per 20s, max 10 retries)
2025-11-30 18:15:55 | INFO | MONITOR_SLEEP | Sleeping for 20s (base=20s, consecutive_errors=0, monitoring_suspended=False)
2025-11-30 18:16:15 | INFO | MONITOR | Paper trades checked (next in 60s)
2025-11-30 18:16:15 | INFO | MONITOR_SLEEP | Sleeping for 20s (base=20s, consecutive_errors=0, monitoring_suspended=False)
2025-11-30 18:16:35 | INFO | MONITOR_SLEEP | Sleeping for 20s (base=20s, consecutive_errors=0, monitoring_suspended=False)
2025-11-30 18:16:55 | INFO | MONITOR_SLEEP | Sleeping for 20s (base=20s, consecutive_errors=0, monitoring_suspended=False)
2025-11-30 18:17:15 | INFO | MONITOR | Paper trades checked (next in 60s)
2025-11-30 18:17:15 | INFO | MONITOR_SLEEP | Sleeping for 20s (base=20s, consecutive_errors=0, monitoring_suspended=False)
2025-11-30 18:17:35 | INFO | MONITOR_SLEEP | Sleeping for 20s (base=20s, consecutive_errors=0, monitoring_suspended=False)
2025-11-30 18:17:55 | INFO | MONITOR_SLEEP | Sleeping for 20s (base=20s, consecutive_errors=0, monitoring_suspended=False)
2025-11-30 18:18:15 | INFO | MONITOR | Paper trades checked (next in 60s)
2025-11-30 18:18:15 | INFO | MONITOR_SLEEP | Sleeping for 20s (base=20s, consecutive_errors=0, monitoring_suspended=False)
2025-11-30 18:18:35 | INFO | MONITOR_SLEEP | Sleeping for 20s (base=20s, consecutive_errors=0, monitoring_suspended=False)
2025-11-30 18:18:55 | INFO | MONITOR_SLEEP | Sleeping for 20s (base=20s, consecutive_errors=0, monitoring_suspended=False)
2025-11-30 18:19:15 | INFO | MONITOR | Paper trades checked (next in 60s)
2025-11-30 18:19:15 | INFO | MONITOR_SLEEP | Sleeping for 20s (base=20s, consecutive_errors=0, monitoring_suspended=False)
2025-11-30 18:19:35 | INFO | MONITOR_SLEEP | Sleeping for 20s (base=20s, consecutive_errors=0, monitoring_suspended=False)
2025-11-30 18:19:55 | INFO | MONITOR_SLEEP | Sleeping for 20s (base=20s, consecutive_errors=0, monitoring_suspended=False)
2025-11-30 18:20:11 | INFO | STARTUP | Logging initialized | log_dir=/root/santhosh/trading/equity/logs/2025-11-30
2025-11-30 18:20:12 | INFO | FEEDBACK_INIT | PerformanceFeedback initialized for adaptive trading
2025-11-30 18:20:12 | INFO | MONITOR | Backed up stale positions.json to positions.json.startup_1764507012
2025-11-30 18:20:12 | INFO | MONITOR | ✓ Cleared stale positions.json - will rebuild from broker holdings
2025-11-30 18:20:12 | INFO | MONITOR | Skipping file load - broker will be source of truth
2025-11-30 18:20:12 | INFO | HOLDINGS_SYNC | Fetching positions and holdings from broker...
2025-11-30 18:20:12 | INFO | HOLDINGS_SYNC | No positions or holdings found at broker
2025-11-30 18:20:12 | INFO | MONITOR | Position monitoring started with bucketed LTP checking
2025-11-30 18:20:12 | INFO | MONITOR | Event loop thread started
2025-11-30 18:20:13 | INFO | MONITOR | Event loop started successfully for priority queue
2025-11-30 18:20:13 | INFO | MONITOR | Priority API queue enabled and started
2025-11-30 18:20:13 | INFO | SL_RETRY | SL retry thread started - waiting 30s before initial placement (conserve startup API quota)
2025-11-30 18:20:13 | INFO | SL_RETRY | SL retry thread started successfully
2025-11-30 18:20:13 | INFO | MONITOR_SLEEP | Sleeping for 20s (base=20s, consecutive_errors=0, monitoring_suspended=False)
2025-11-30 18:20:33 | INFO | MONITOR_SLEEP | Sleeping for 20s (base=20s, consecutive_errors=0, monitoring_suspended=False)
2025-11-30 18:20:43 | INFO | SL_RETRY | SL retry thread active - conservative mode (1 SL per 20s, max 10 retries)
2025-11-30 18:20:53 | INFO | MONITOR_SLEEP | Sleeping for 20s (base=20s, consecutive_errors=0, monitoring_suspended=False)
2025-11-30 18:21:13 | INFO | MONITOR | Paper trades checked (next in 60s)
2025-11-30 18:21:13 | INFO | MONITOR_SLEEP | Sleeping for 20s (base=20s, consecutive_errors=0, monitoring_suspended=False)
2025-11-30 18:21:33 | INFO | MONITOR_SLEEP | Sleeping for 20s (base=20s, consecutive_errors=0, monitoring_suspended=False)
2025-11-30 18:21:53 | INFO | MONITOR_SLEEP | Sleeping for 20s (base=20s, consecutive_errors=0, monitoring_suspended=False)
2025-11-30 18:22:13 | INFO | MONITOR | Paper trades checked (next in 60s)
2025-11-30 18:22:13 | INFO | MONITOR_SLEEP | Sleeping for 20s (base=20s, consecutive_errors=0, monitoring_suspended=False)
2025-11-30 18:22:33 | INFO | MONITOR_SLEEP | Sleeping for 20s (base=20s, consecutive_errors=0, monitoring_suspended=False)
2025-11-30 18:22:53 | INFO | MONITOR_SLEEP | Sleeping for 20s (base=20s, consecutive_errors=0, monitoring_suspended=False)
2025-11-30 18:23:13 | INFO | MONITOR | Paper trades checked (next in 60s)
2025-11-30 18:23:13 | INFO | MONITOR_SLEEP | Sleeping for 20s (base=20s, consecutive_errors=0, monitoring_suspended=False)
2025-11-30 18:23:33 | INFO | MONITOR_SLEEP | Sleeping for 20s (base=20s, consecutive_errors=0, monitoring_suspended=False)
2025-11-30 18:23:53 | INFO | MONITOR_SLEEP | Sleeping for 20s (base=20s, consecutive_errors=0, monitoring_suspended=False)
2025-11-30 18:24:13 | INFO | MONITOR | Paper trades checked (next in 60s)
2025-11-30 18:24:13 | INFO | MONITOR_SLEEP | Sleeping for 20s (base=20s, consecutive_errors=0, monitoring_suspended=False)
2025-11-30 18:24:33 | INFO | MONITOR_SLEEP | Sleeping for 20s (base=20s, consecutive_errors=0, monitoring_suspended=False)
2025-11-30 18:24:53 | INFO | MONITOR_SLEEP | Sleeping for 20s (base=20s, consecutive_errors=0, monitoring_suspended=False)
2025-11-30 18:25:10 | INFO | STARTUP | Logging initialized | log_dir=/root/santhosh/trading/equity/logs/2025-11-30
2025-11-30 18:25:11 | INFO | FEEDBACK_INIT | PerformanceFeedback initialized for adaptive trading
2025-11-30 18:25:11 | INFO | MONITOR | Backed up stale positions.json to positions.json.startup_1764507311
2025-11-30 18:25:11 | INFO | MONITOR | ✓ Cleared stale positions.json - will rebuild from broker holdings
2025-11-30 18:25:11 | INFO | MONITOR | Skipping file load - broker will be source of truth
2025-11-30 18:25:11 | INFO | HOLDINGS_SYNC | Fetching positions and holdings from broker...
2025-11-30 18:25:11 | INFO | HOLDINGS_SYNC | No positions or holdings found at broker
2025-11-30 18:25:11 | INFO | MONITOR | Position monitoring started with bucketed LTP checking
2025-11-30 18:25:11 | INFO | MONITOR | Event loop thread started
2025-11-30 18:25:11 | INFO | MONITOR | Event loop started successfully for priority queue
2025-11-30 18:25:12 | INFO | MONITOR | Priority API queue enabled and started
2025-11-30 18:25:12 | INFO | SL_RETRY | SL retry thread started - waiting 30s before initial placement (conserve startup API quota)
2025-11-30 18:25:12 | INFO | SL_RETRY | SL retry thread started successfully
2025-11-30 18:25:12 | INFO | MONITOR_SLEEP | Sleeping for 20s (base=20s, consecutive_errors=0, monitoring_suspended=False)
2025-11-30 18:25:32 | INFO | MONITOR_SLEEP | Sleeping for 20s (base=20s, consecutive_errors=0, monitoring_suspended=False)
2025-11-30 18:25:42 | INFO | SL_RETRY | SL retry thread active - conservative mode (1 SL per 20s, max 10 retries)
2025-11-30 18:25:52 | INFO | MONITOR_SLEEP | Sleeping for 20s (base=20s, consecutive_errors=0, monitoring_suspended=False)
2025-11-30 18:26:12 | INFO | MONITOR | Paper trades checked (next in 60s)
2025-11-30 18:26:12 | INFO | MONITOR_SLEEP | Sleeping for 20s (base=20s, consecutive_errors=0, monitoring_suspended=False)
2025-11-30 18:26:32 | INFO | MONITOR_SLEEP | Sleeping for 20s (base=20s, consecutive_errors=0, monitoring_suspended=False)
2025-11-30 18:26:52 | INFO | MONITOR_SLEEP | Sleeping for 20s (base=20s, consecutive_errors=0, monitoring_suspended=False)
2025-11-30 18:27:12 | INFO | MONITOR | Paper trades checked (next in 60s)
2025-11-30 18:27:12 | INFO | MONITOR_SLEEP | Sleeping for 20s (base=20s, consecutive_errors=0, monitoring_suspended=False)
2025-11-30 18:27:32 | INFO | MONITOR_SLEEP | Sleeping for 20s (base=20s, consecutive_errors=0, monitoring_suspended=False)
2025-11-30 18:27:52 | INFO | MONITOR_SLEEP | Sleeping for 20s (base=20s, consecutive_errors=0, monitoring_suspended=False)
2025-11-30 18:28:12 | INFO | MONITOR | Paper trades checked (next in 60s)
2025-11-30 18:28:12 | INFO | MONITOR_SLEEP | Sleeping for 20s (base=20s, consecutive_errors=0, monitoring_suspended=False)
2025-11-30 18:28:32 | INFO | MONITOR_SLEEP | Sleeping for 20s (base=20s, consecutive_errors=0, monitoring_suspended=False)
2025-11-30 18:28:52 | INFO | MONITOR_SLEEP | Sleeping for 20s (base=20s, consecutive_errors=0, monitoring_suspended=False)
2025-11-30 18:29:12 | INFO | MONITOR | Paper trades checked (next in 60s)
2025-11-30 18:29:12 | INFO | MONITOR_SLEEP | Sleeping for 20s (base=20s, consecutive_errors=0, monitoring_suspended=False)
2025-11-30 18:29:32 | INFO | MONITOR_SLEEP | Sleeping for 20s (base=20s, consecutive_errors=0, monitoring_suspended=False)
2025-11-30 18:29:52 | INFO | MONITOR_SLEEP | Sleeping for 20s (base=20s, consecutive_errors=0, monitoring_suspended=False)
2025-11-30 18:30:17 | INFO | STARTUP | Logging initialized | log_dir=/root/santhosh/trading/equity/logs/2025-11-30
2025-11-30 18:30:18 | INFO | FEEDBACK_INIT | PerformanceFeedback initialized for adaptive trading
2025-11-30 18:30:18 | INFO | MONITOR | Backed up stale positions.json to positions.json.startup_1764507618
2025-11-30 18:30:18 | INFO | MONITOR | ✓ Cleared stale positions.json - will rebuild from broker holdings
2025-11-30 18:30:18 | INFO | MONITOR | Skipping file load - broker will be source of truth
2025-11-30 18:30:18 | INFO | HOLDINGS_SYNC | Fetching positions and holdings from broker...
2025-11-30 18:30:18 | INFO | HOLDINGS_SYNC | No positions or holdings found at broker
2025-11-30 18:30:18 | INFO | MONITOR | Position monitoring started with bucketed LTP checking
2025-11-30 18:30:18 | INFO | MONITOR | Event loop thread started
2025-11-30 18:30:18 | INFO | MONITOR | Event loop started successfully for priority queue
2025-11-30 18:30:19 | INFO | MONITOR | Priority API queue enabled and started
2025-11-30 18:30:19 | INFO | SL_RETRY | SL retry thread started - waiting 30s before initial placement (conserve startup API quota)
2025-11-30 18:30:19 | INFO | SL_RETRY | SL retry thread started successfully
2025-11-30 18:30:19 | INFO | MONITOR_SLEEP | Sleeping for 20s (base=20s, consecutive_errors=0, monitoring_suspended=False)
2025-11-30 18:30:39 | INFO | MONITOR_SLEEP | Sleeping for 20s (base=20s, consecutive_errors=0, monitoring_suspended=False)
2025-11-30 18:30:49 | INFO | SL_RETRY | SL retry thread active - conservative mode (1 SL per 20s, max 10 retries)
2025-11-30 18:30:59 | INFO | MONITOR_SLEEP | Sleeping for 20s (base=20s, consecutive_errors=0, monitoring_suspended=False)
2025-11-30 18:31:19 | INFO | MONITOR | Paper trades checked (next in 60s)
2025-11-30 18:31:19 | INFO | MONITOR_SLEEP | Sleeping for 20s (base=20s, consecutive_errors=0, monitoring_suspended=False)
2025-11-30 18:31:39 | INFO | MONITOR_SLEEP | Sleeping for 20s (base=20s, consecutive_errors=0, monitoring_suspended=False)
2025-11-30 18:31:59 | INFO | MONITOR_SLEEP | Sleeping for 20s (base=20s, consecutive_errors=0, monitoring_suspended=False)
2025-11-30 18:32:19 | INFO | MONITOR | Paper trades checked (next in 60s)
2025-11-30 18:32:19 | INFO | MONITOR_SLEEP | Sleeping for 20s (base=20s, consecutive_errors=0, monitoring_suspended=False)
2025-11-30 18:32:39 | INFO | MONITOR_SLEEP | Sleeping for 20s (base=20s, consecutive_errors=0, monitoring_suspended=False)
2025-11-30 18:32:59 | INFO | MONITOR_SLEEP | Sleeping for 20s (base=20s, consecutive_errors=0, monitoring_suspended=False)
2025-11-30 18:33:19 | INFO | MONITOR | Paper trades checked (next in 60s)
2025-11-30 18:33:19 | INFO | MONITOR_SLEEP | Sleeping for 20s (base=20s, consecutive_errors=0, monitoring_suspended=False)
2025-11-30 18:33:39 | INFO | MONITOR_SLEEP | Sleeping for 20s (base=20s, consecutive_errors=0, monitoring_suspended=False)
2025-11-30 18:33:59 | INFO | MONITOR_SLEEP | Sleeping for 20s (base=20s, consecutive_errors=0, monitoring_suspended=False)
2025-11-30 18:34:19 | INFO | MONITOR | Paper trades checked (next in 60s)
2025-11-30 18:34:19 | INFO | MONITOR_SLEEP | Sleeping for 20s (base=20s, consecutive_errors=0, monitoring_suspended=False)
2025-11-30 18:34:39 | INFO | MONITOR_SLEEP | Sleeping for 20s (base=20s, consecutive_errors=0, monitoring_suspended=False)
2025-11-30 18:34:59 | INFO | MONITOR_SLEEP | Sleeping for 20s (base=20s, consecutive_errors=0, monitoring_suspended=False)
2025-11-30 18:35:13 | INFO | STARTUP | Logging initialized | log_dir=/root/santhosh/trading/equity/logs/2025-11-30
2025-11-30 18:35:14 | INFO | FEEDBACK_INIT | PerformanceFeedback initialized for adaptive trading
2025-11-30 18:35:14 | INFO | MONITOR | Backed up stale positions.json to positions.json.startup_1764507914
2025-11-30 18:35:14 | INFO | MONITOR | ✓ Cleared stale positions.json - will rebuild from broker holdings
2025-11-30 18:35:14 | INFO | MONITOR | Skipping file load - broker will be source of truth
2025-11-30 18:35:14 | INFO | HOLDINGS_SYNC | Fetching positions and holdings from broker...
2025-11-30 18:35:15 | INFO | HOLDINGS_SYNC | No positions or holdings found at broker
2025-11-30 18:35:15 | INFO | MONITOR | Position monitoring started with bucketed LTP checking
2025-11-30 18:35:15 | INFO | MONITOR | Event loop thread started
2025-11-30 18:35:15 | INFO | MONITOR | Event loop started successfully for priority queue
2025-11-30 18:35:15 | INFO | MONITOR | Priority API queue enabled and started
2025-11-30 18:35:15 | INFO | SL_RETRY | SL retry thread started - waiting 30s before initial placement (conserve startup API quota)
2025-11-30 18:35:15 | INFO | SL_RETRY | SL retry thread started successfully
2025-11-30 18:35:15 | INFO | MONITOR_SLEEP | Sleeping for 20s (base=20s, consecutive_errors=0, monitoring_suspended=False)
2025-11-30 18:35:35 | INFO | MONITOR_SLEEP | Sleeping for 20s (base=20s, consecutive_errors=0, monitoring_suspended=False)
2025-11-30 18:35:45 | INFO | SL_RETRY | SL retry thread active - conservative mode (1 SL per 20s, max 10 retries)
2025-11-30 18:35:55 | INFO | MONITOR_SLEEP | Sleeping for 20s (base=20s, consecutive_errors=0, monitoring_suspended=False)
2025-11-30 18:36:15 | INFO | MONITOR | Paper trades checked (next in 60s)
2025-11-30 18:36:15 | INFO | MONITOR_SLEEP | Sleeping for 20s (base=20s, consecutive_errors=0, monitoring_suspended=False)
2025-11-30 18:36:35 | INFO | MONITOR_SLEEP | Sleeping for 20s (base=20s, consecutive_errors=0, monitoring_suspended=False)
2025-11-30 18:36:55 | INFO | MONITOR_SLEEP | Sleeping for 20s (base=20s, consecutive_errors=0, monitoring_suspended=False)
2025-11-30 18:37:15 | INFO | MONITOR | Paper trades checked (next in 60s)
2025-11-30 18:37:15 | INFO | MONITOR_SLEEP | Sleeping for 20s (base=20s, consecutive_errors=0, monitoring_suspended=False)
2025-11-30 18:37:35 | INFO | MONITOR_SLEEP | Sleeping for 20s (base=20s, consecutive_errors=0, monitoring_suspended=False)
2025-11-30 18:37:55 | INFO | MONITOR_SLEEP | Sleeping for 20s (base=20s, consecutive_errors=0, monitoring_suspended=False)
2025-11-30 18:38:15 | INFO | MONITOR | Paper trades checked (next in 60s)
2025-11-30 18:38:15 | INFO | MONITOR_SLEEP | Sleeping for 20s (base=20s, consecutive_errors=0, monitoring_suspended=False)
2025-11-30 18:38:35 | INFO | MONITOR_SLEEP | Sleeping for 20s (base=20s, consecutive_errors=0, monitoring_suspended=False)
2025-11-30 18:38:55 | INFO | MONITOR_SLEEP | Sleeping for 20s (base=20s, consecutive_errors=0, monitoring_suspended=False)
2025-11-30 18:39:15 | INFO | MONITOR | Paper trades checked (next in 60s)
2025-11-30 18:39:15 | INFO | MONITOR_SLEEP | Sleeping for 20s (base=20s, consecutive_errors=0, monitoring_suspended=False)
2025-11-30 18:39:35 | INFO | MONITOR_SLEEP | Sleeping for 20s (base=20s, consecutive_errors=0, monitoring_suspended=False)
2025-11-30 18:39:55 | INFO | MONITOR_SLEEP | Sleeping for 20s (base=20s, consecutive_errors=0, monitoring_suspended=False)
2025-11-30 18:40:12 | INFO | STARTUP | Logging initialized | log_dir=/root/santhosh/trading/equity/logs/2025-11-30
2025-11-30 18:40:13 | INFO | FEEDBACK_INIT | PerformanceFeedback initialized for adaptive trading
2025-11-30 18:40:13 | INFO | MONITOR | Backed up stale positions.json to positions.json.startup_1764508213
2025-11-30 18:40:13 | INFO | MONITOR | ✓ Cleared stale positions.json - will rebuild from broker holdings
2025-11-30 18:40:13 | INFO | MONITOR | Skipping file load - broker will be source of truth
2025-11-30 18:40:13 | INFO | HOLDINGS_SYNC | Fetching positions and holdings from broker...
2025-11-30 18:40:13 | INFO | HOLDINGS_SYNC | No positions or holdings found at broker
2025-11-30 18:40:13 | INFO | MONITOR | Position monitoring started with bucketed LTP checking
2025-11-30 18:40:13 | INFO | MONITOR | Event loop thread started
2025-11-30 18:40:13 | INFO | MONITOR | Event loop started successfully for priority queue
2025-11-30 18:40:14 | INFO | MONITOR | Priority API queue enabled and started
2025-11-30 18:40:14 | INFO | SL_RETRY | SL retry thread started - waiting 30s before initial placement (conserve startup API quota)
2025-11-30 18:40:14 | INFO | SL_RETRY | SL retry thread started successfully
2025-11-30 18:40:14 | INFO | MONITOR_SLEEP | Sleeping for 20s (base=20s, consecutive_errors=0, monitoring_suspended=False)
2025-11-30 18:40:34 | INFO | MONITOR_SLEEP | Sleeping for 20s (base=20s, consecutive_errors=0, monitoring_suspended=False)
2025-11-30 18:40:44 | INFO | SL_RETRY | SL retry thread active - conservative mode (1 SL per 20s, max 10 retries)
2025-11-30 18:40:54 | INFO | MONITOR_SLEEP | Sleeping for 20s (base=20s, consecutive_errors=0, monitoring_suspended=False)
2025-11-30 18:41:14 | INFO | MONITOR | Paper trades checked (next in 60s)
2025-11-30 18:41:14 | INFO | MONITOR_SLEEP | Sleeping for 20s (base=20s, consecutive_errors=0, monitoring_suspended=False)
2025-11-30 18:41:34 | INFO | MONITOR_SLEEP | Sleeping for 20s (base=20s, consecutive_errors=0, monitoring_suspended=False)
2025-11-30 18:41:54 | INFO | MONITOR_SLEEP | Sleeping for 20s (base=20s, consecutive_errors=0, monitoring_suspended=False)
2025-11-30 18:42:14 | INFO | MONITOR | Paper trades checked (next in 60s)
2025-11-30 18:42:14 | INFO | MONITOR_SLEEP | Sleeping for 20s (base=20s, consecutive_errors=0, monitoring_suspended=False)
2025-11-30 18:42:34 | INFO | MONITOR_SLEEP | Sleeping for 20s (base=20s, consecutive_errors=0, monitoring_suspended=False)
2025-11-30 18:42:54 | INFO | MONITOR_SLEEP | Sleeping for 20s (base=20s, consecutive_errors=0, monitoring_suspended=False)
2025-11-30 18:43:14 | INFO | MONITOR | Paper trades checked (next in 60s)
2025-11-30 18:43:14 | INFO | MONITOR_SLEEP | Sleeping for 20s (base=20s, consecutive_errors=0, monitoring_suspended=False)
2025-11-30 18:43:34 | INFO | MONITOR_SLEEP | Sleeping for 20s (base=20s, consecutive_errors=0, monitoring_suspended=False)
2025-11-30 18:43:54 | INFO | MONITOR_SLEEP | Sleeping for 20s (base=20s, consecutive_errors=0, monitoring_suspended=False)
2025-11-30 18:44:14 | INFO | MONITOR | Paper trades checked (next in 60s)
2025-11-30 18:44:14 | INFO | MONITOR_SLEEP | Sleeping for 20s (base=20s, consecutive_errors=0, monitoring_suspended=False)
2025-11-30 18:44:34 | INFO | MONITOR_SLEEP | Sleeping for 20s (base=20s, consecutive_errors=0, monitoring_suspended=False)
2025-11-30 18:44:54 | INFO | MONITOR_SLEEP | Sleeping for 20s (base=20s, consecutive_errors=0, monitoring_suspended=False)
2025-11-30 18:45:14 | INFO | STARTUP | Logging initialized | log_dir=/root/santhosh/trading/equity/logs/2025-11-30
2025-11-30 18:45:15 | INFO | FEEDBACK_INIT | PerformanceFeedback initialized for adaptive trading
2025-11-30 18:45:15 | INFO | MONITOR | Backed up stale positions.json to positions.json.startup_1764508515
2025-11-30 18:45:15 | INFO | MONITOR | ✓ Cleared stale positions.json - will rebuild from broker holdings
2025-11-30 18:45:15 | INFO | MONITOR | Skipping file load - broker will be source of truth
2025-11-30 18:45:15 | INFO | HOLDINGS_SYNC | Fetching positions and holdings from broker...
2025-11-30 18:45:15 | INFO | HOLDINGS_SYNC | No positions or holdings found at broker
2025-11-30 18:45:15 | INFO | MONITOR | Position monitoring started with bucketed LTP checking
2025-11-30 18:45:15 | INFO | MONITOR | Event loop thread started
2025-11-30 18:45:15 | INFO | MONITOR | Event loop started successfully for priority queue
2025-11-30 18:45:16 | INFO | MONITOR | Priority API queue enabled and started
2025-11-30 18:45:16 | INFO | SL_RETRY | SL retry thread started - waiting 30s before initial placement (conserve startup API quota)
2025-11-30 18:45:16 | INFO | SL_RETRY | SL retry thread started successfully
2025-11-30 18:45:16 | INFO | MONITOR_SLEEP | Sleeping for 20s (base=20s, consecutive_errors=0, monitoring_suspended=False)
2025-11-30 18:45:36 | INFO | MONITOR_SLEEP | Sleeping for 20s (base=20s, consecutive_errors=0, monitoring_suspended=False)
2025-11-30 18:45:46 | INFO | SL_RETRY | SL retry thread active - conservative mode (1 SL per 20s, max 10 retries)
2025-11-30 18:45:56 | INFO | MONITOR_SLEEP | Sleeping for 20s (base=20s, consecutive_errors=0, monitoring_suspended=False)
2025-11-30 18:46:16 | INFO | MONITOR | Paper trades checked (next in 60s)
2025-11-30 18:46:16 | INFO | MONITOR_SLEEP | Sleeping for 20s (base=20s, consecutive_errors=0, monitoring_suspended=False)
2025-11-30 18:46:36 | INFO | MONITOR_SLEEP | Sleeping for 20s (base=20s, consecutive_errors=0, monitoring_suspended=False)
2025-11-30 18:46:56 | INFO | MONITOR_SLEEP | Sleeping for 20s (base=20s, consecutive_errors=0, monitoring_suspended=False)
2025-11-30 18:47:16 | INFO | MONITOR | Paper trades checked (next in 60s)
2025-11-30 18:47:16 | INFO | MONITOR_SLEEP | Sleeping for 20s (base=20s, consecutive_errors=0, monitoring_suspended=False)
2025-11-30 18:47:36 | INFO | MONITOR_SLEEP | Sleeping for 20s (base=20s, consecutive_errors=0, monitoring_suspended=False)
2025-11-30 18:47:56 | INFO | MONITOR_SLEEP | Sleeping for 20s (base=20s, consecutive_errors=0, monitoring_suspended=False)
2025-11-30 18:48:16 | INFO | MONITOR | Paper trades checked (next in 60s)
2025-11-30 18:48:16 | INFO | MONITOR_SLEEP | Sleeping for 20s (base=20s, consecutive_errors=0, monitoring_suspended=False)
2025-11-30 18:48:36 | INFO | MONITOR_SLEEP | Sleeping for 20s (base=20s, consecutive_errors=0, monitoring_suspended=False)
2025-11-30 18:48:56 | INFO | MONITOR_SLEEP | Sleeping for 20s (base=20s, consecutive_errors=0, monitoring_suspended=False)
2025-11-30 18:49:16 | INFO | MONITOR | Paper trades checked (next in 60s)
2025-11-30 18:49:16 | INFO | MONITOR_SLEEP | Sleeping for 20s (base=20s, consecutive_errors=0, monitoring_suspended=False)
2025-11-30 18:49:36 | INFO | MONITOR_SLEEP | Sleeping for 20s (base=20s, consecutive_errors=0, monitoring_suspended=False)
2025-11-30 18:49:56 | INFO | MONITOR_SLEEP | Sleeping for 20s (base=20s, consecutive_errors=0, monitoring_suspended=False)
2025-11-30 18:50:10 | INFO | STARTUP | Logging initialized | log_dir=/root/santhosh/trading/equity/logs/2025-11-30
2025-11-30 18:50:11 | INFO | FEEDBACK_INIT | PerformanceFeedback initialized for adaptive trading
2025-11-30 18:50:11 | INFO | MONITOR | Backed up stale positions.json to positions.json.startup_1764508811
2025-11-30 18:50:11 | INFO | MONITOR | ✓ Cleared stale positions.json - will rebuild from broker holdings
2025-11-30 18:50:11 | INFO | MONITOR | Skipping file load - broker will be source of truth
2025-11-30 18:50:11 | INFO | HOLDINGS_SYNC | Fetching positions and holdings from broker...
2025-11-30 18:50:12 | INFO | HOLDINGS_SYNC | No positions or holdings found at broker
2025-11-30 18:50:12 | INFO | MONITOR | Position monitoring started with bucketed LTP checking
2025-11-30 18:50:12 | INFO | MONITOR | Event loop thread started
2025-11-30 18:50:12 | INFO | MONITOR | Event loop started successfully for priority queue
2025-11-30 18:50:13 | INFO | MONITOR | Priority API queue enabled and started
2025-11-30 18:50:13 | INFO | SL_RETRY | SL retry thread started - waiting 30s before initial placement (conserve startup API quota)
2025-11-30 18:50:13 | INFO | SL_RETRY | SL retry thread started successfully
2025-11-30 18:50:13 | INFO | MONITOR_SLEEP | Sleeping for 20s (base=20s, consecutive_errors=0, monitoring_suspended=False)
2025-11-30 18:50:33 | INFO | MONITOR_SLEEP | Sleeping for 20s (base=20s, consecutive_errors=0, monitoring_suspended=False)
2025-11-30 18:50:43 | INFO | SL_RETRY | SL retry thread active - conservative mode (1 SL per 20s, max 10 retries)
2025-11-30 18:50:53 | INFO | MONITOR_SLEEP | Sleeping for 20s (base=20s, consecutive_errors=0, monitoring_suspended=False)
2025-11-30 18:51:13 | INFO | MONITOR | Paper trades checked (next in 60s)
2025-11-30 18:51:13 | INFO | MONITOR_SLEEP | Sleeping for 20s (base=20s, consecutive_errors=0, monitoring_suspended=False)
2025-11-30 18:51:33 | INFO | MONITOR_SLEEP | Sleeping for 20s (base=20s, consecutive_errors=0, monitoring_suspended=False)
2025-11-30 18:51:53 | INFO | MONITOR_SLEEP | Sleeping for 20s (base=20s, consecutive_errors=0, monitoring_suspended=False)
2025-11-30 18:52:13 | INFO | MONITOR | Paper trades checked (next in 60s)
2025-11-30 18:52:13 | INFO | MONITOR_SLEEP | Sleeping for 20s (base=20s, consecutive_errors=0, monitoring_suspended=False)
2025-11-30 18:52:33 | INFO | MONITOR_SLEEP | Sleeping for 20s (base=20s, consecutive_errors=0, monitoring_suspended=False)
2025-11-30 18:52:53 | INFO | MONITOR_SLEEP | Sleeping for 20s (base=20s, consecutive_errors=0, monitoring_suspended=False)
2025-11-30 18:53:13 | INFO | MONITOR | Paper trades checked (next in 60s)
2025-11-30 18:53:13 | INFO | MONITOR_SLEEP | Sleeping for 20s (base=20s, consecutive_errors=0, monitoring_suspended=False)
2025-11-30 18:53:33 | INFO | MONITOR_SLEEP | Sleeping for 20s (base=20s, consecutive_errors=0, monitoring_suspended=False)
2025-11-30 18:53:53 | INFO | MONITOR_SLEEP | Sleeping for 20s (base=20s, consecutive_errors=0, monitoring_suspended=False)
2025-11-30 18:54:13 | INFO | MONITOR | Paper trades checked (next in 60s)
2025-11-30 18:54:13 | INFO | MONITOR_SLEEP | Sleeping for 20s (base=20s, consecutive_errors=0, monitoring_suspended=False)
2025-11-30 18:54:33 | INFO | MONITOR_SLEEP | Sleeping for 20s (base=20s, consecutive_errors=0, monitoring_suspended=False)
2025-11-30 18:54:53 | INFO | MONITOR_SLEEP | Sleeping for 20s (base=20s, consecutive_errors=0, monitoring_suspended=False)
2025-11-30 18:55:11 | INFO | STARTUP | Logging initialized | log_dir=/root/santhosh/trading/equity/logs/2025-11-30
2025-11-30 18:55:12 | INFO | FEEDBACK_INIT | PerformanceFeedback initialized for adaptive trading
2025-11-30 18:55:12 | INFO | MONITOR | Backed up stale positions.json to positions.json.startup_1764509112
2025-11-30 18:55:12 | INFO | MONITOR | ✓ Cleared stale positions.json - will rebuild from broker holdings
2025-11-30 18:55:12 | INFO | MONITOR | Skipping file load - broker will be source of truth
2025-11-30 18:55:12 | INFO | HOLDINGS_SYNC | Fetching positions and holdings from broker...
2025-11-30 18:55:12 | INFO | HOLDINGS_SYNC | No positions or holdings found at broker
2025-11-30 18:55:12 | INFO | MONITOR | Position monitoring started with bucketed LTP checking
2025-11-30 18:55:12 | INFO | MONITOR | Event loop thread started
2025-11-30 18:55:12 | INFO | MONITOR | Event loop started successfully for priority queue
2025-11-30 18:55:13 | INFO | MONITOR | Priority API queue enabled and started
2025-11-30 18:55:13 | INFO | SL_RETRY | SL retry thread started - waiting 30s before initial placement (conserve startup API quota)
2025-11-30 18:55:13 | INFO | SL_RETRY | SL retry thread started successfully
2025-11-30 18:55:13 | INFO | MONITOR_SLEEP | Sleeping for 20s (base=20s, consecutive_errors=0, monitoring_suspended=False)
2025-11-30 18:55:33 | INFO | MONITOR_SLEEP | Sleeping for 20s (base=20s, consecutive_errors=0, monitoring_suspended=False)
2025-11-30 18:55:43 | INFO | SL_RETRY | SL retry thread active - conservative mode (1 SL per 20s, max 10 retries)
2025-11-30 18:55:53 | INFO | MONITOR_SLEEP | Sleeping for 20s (base=20s, consecutive_errors=0, monitoring_suspended=False)
2025-11-30 18:56:13 | INFO | MONITOR | Paper trades checked (next in 60s)
2025-11-30 18:56:13 | INFO | MONITOR_SLEEP | Sleeping for 20s (base=20s, consecutive_errors=0, monitoring_suspended=False)
2025-11-30 18:56:33 | INFO | MONITOR_SLEEP | Sleeping for 20s (base=20s, consecutive_errors=0, monitoring_suspended=False)
2025-11-30 18:56:53 | INFO | MONITOR_SLEEP | Sleeping for 20s (base=20s, consecutive_errors=0, monitoring_suspended=False)
2025-11-30 18:57:13 | INFO | MONITOR | Paper trades checked (next in 60s)
2025-11-30 18:57:13 | INFO | MONITOR_SLEEP | Sleeping for 20s (base=20s, consecutive_errors=0, monitoring_suspended=False)
2025-11-30 18:57:33 | INFO | MONITOR_SLEEP | Sleeping for 20s (base=20s, consecutive_errors=0, monitoring_suspended=False)
2025-11-30 18:57:53 | INFO | MONITOR_SLEEP | Sleeping for 20s (base=20s, consecutive_errors=0, monitoring_suspended=False)
2025-11-30 18:58:13 | INFO | MONITOR | Paper trades checked (next in 60s)
2025-11-30 18:58:13 | INFO | MONITOR_SLEEP | Sleeping for 20s (base=20s, consecutive_errors=0, monitoring_suspended=False)
2025-11-30 18:58:33 | INFO | MONITOR_SLEEP | Sleeping for 20s (base=20s, consecutive_errors=0, monitoring_suspended=False)
2025-11-30 18:58:53 | INFO | MONITOR_SLEEP | Sleeping for 20s (base=20s, consecutive_errors=0, monitoring_suspended=False)
2025-11-30 18:59:13 | INFO | MONITOR | Paper trades checked (next in 60s)
2025-11-30 18:59:13 | INFO | MONITOR_SLEEP | Sleeping for 20s (base=20s, consecutive_errors=0, monitoring_suspended=False)
2025-11-30 18:59:33 | INFO | MONITOR_SLEEP | Sleeping for 20s (base=20s, consecutive_errors=0, monitoring_suspended=False)
2025-11-30 18:59:53 | INFO | MONITOR_SLEEP | Sleeping for 20s (base=20s, consecutive_errors=0, monitoring_suspended=False)
2025-11-30 19:00:13 | INFO | STARTUP | Logging initialized | log_dir=/root/santhosh/trading/equity/logs/2025-11-30
2025-11-30 19:00:14 | INFO | FEEDBACK_INIT | PerformanceFeedback initialized for adaptive trading
2025-11-30 19:00:14 | INFO | MONITOR | Backed up stale positions.json to positions.json.startup_1764509414
2025-11-30 19:00:14 | INFO | MONITOR | ✓ Cleared stale positions.json - will rebuild from broker holdings
2025-11-30 19:00:14 | INFO | MONITOR | Skipping file load - broker will be source of truth
2025-11-30 19:00:14 | INFO | HOLDINGS_SYNC | Fetching positions and holdings from broker...
2025-11-30 19:00:14 | INFO | HOLDINGS_SYNC | No positions or holdings found at broker
2025-11-30 19:00:14 | INFO | MONITOR | Position monitoring started with bucketed LTP checking
2025-11-30 19:00:14 | INFO | MONITOR | Event loop thread started
2025-11-30 19:00:14 | INFO | MONITOR | Event loop started successfully for priority queue
2025-11-30 19:00:14 | INFO | MONITOR | Priority API queue enabled and started
2025-11-30 19:00:14 | INFO | SL_RETRY | SL retry thread started - waiting 30s before initial placement (conserve startup API quota)
2025-11-30 19:00:14 | INFO | SL_RETRY | SL retry thread started successfully
2025-11-30 19:00:14 | INFO | MONITOR_SLEEP | Sleeping for 20s (base=20s, consecutive_errors=0, monitoring_suspended=False)
2025-11-30 19:00:34 | INFO | MONITOR_SLEEP | Sleeping for 20s (base=20s, consecutive_errors=0, monitoring_suspended=False)
2025-11-30 19:00:44 | INFO | SL_RETRY | SL retry thread active - conservative mode (1 SL per 20s, max 10 retries)
2025-11-30 19:00:54 | INFO | MONITOR_SLEEP | Sleeping for 20s (base=20s, consecutive_errors=0, monitoring_suspended=False)
2025-11-30 19:01:14 | INFO | MONITOR | Paper trades checked (next in 60s)
2025-11-30 19:01:14 | INFO | MONITOR_SLEEP | Sleeping for 20s (base=20s, consecutive_errors=0, monitoring_suspended=False)
2025-11-30 19:01:34 | INFO | MONITOR_SLEEP | Sleeping for 20s (base=20s, consecutive_errors=0, monitoring_suspended=False)
2025-11-30 19:01:54 | INFO | MONITOR_SLEEP | Sleeping for 20s (base=20s, consecutive_errors=0, monitoring_suspended=False)
2025-11-30 19:02:14 | INFO | MONITOR | Paper trades checked (next in 60s)
2025-11-30 19:02:14 | INFO | MONITOR_SLEEP | Sleeping for 20s (base=20s, consecutive_errors=0, monitoring_suspended=False)
2025-11-30 19:02:34 | INFO | MONITOR_SLEEP | Sleeping for 20s (base=20s, consecutive_errors=0, monitoring_suspended=False)
2025-11-30 19:02:54 | INFO | MONITOR_SLEEP | Sleeping for 20s (base=20s, consecutive_errors=0, monitoring_suspended=False)
2025-11-30 19:03:14 | INFO | MONITOR | Paper trades checked (next in 60s)
2025-11-30 19:03:14 | INFO | MONITOR_SLEEP | Sleeping for 20s (base=20s, consecutive_errors=0, monitoring_suspended=False)
2025-11-30 19:03:34 | INFO | MONITOR_SLEEP | Sleeping for 20s (base=20s, consecutive_errors=0, monitoring_suspended=False)
2025-11-30 19:03:54 | INFO | MONITOR_SLEEP | Sleeping for 20s (base=20s, consecutive_errors=0, monitoring_suspended=False)
2025-11-30 19:04:14 | INFO | MONITOR | Paper trades checked (next in 60s)
2025-11-30 19:04:14 | INFO | MONITOR_SLEEP | Sleeping for 20s (base=20s, consecutive_errors=0, monitoring_suspended=False)
2025-11-30 19:04:34 | INFO | MONITOR_SLEEP | Sleeping for 20s (base=20s, consecutive_errors=0, monitoring_suspended=False)
2025-11-30 19:04:54 | INFO | MONITOR_SLEEP | Sleeping for 20s (base=20s, consecutive_errors=0, monitoring_suspended=False)
2025-11-30 19:05:11 | INFO | STARTUP | Logging initialized | log_dir=/root/santhosh/trading/equity/logs/2025-11-30
2025-11-30 19:05:12 | INFO | FEEDBACK_INIT | PerformanceFeedback initialized for adaptive trading
2025-11-30 19:05:12 | INFO | MONITOR | Backed up stale positions.json to positions.json.startup_1764509712
2025-11-30 19:05:12 | INFO | MONITOR | ✓ Cleared stale positions.json - will rebuild from broker holdings
2025-11-30 19:05:12 | INFO | MONITOR | Skipping file load - broker will be source of truth
2025-11-30 19:05:12 | INFO | HOLDINGS_SYNC | Fetching positions and holdings from broker...
2025-11-30 19:05:12 | INFO | HOLDINGS_SYNC | No positions or holdings found at broker
2025-11-30 19:05:12 | INFO | MONITOR | Position monitoring started with bucketed LTP checking
2025-11-30 19:05:12 | INFO | MONITOR | Event loop thread started
2025-11-30 19:05:13 | INFO | MONITOR | Event loop started successfully for priority queue
2025-11-30 19:05:13 | INFO | MONITOR | Priority API queue enabled and started
2025-11-30 19:05:13 | INFO | SL_RETRY | SL retry thread started - waiting 30s before initial placement (conserve startup API quota)
2025-11-30 19:05:13 | INFO | SL_RETRY | SL retry thread started successfully
2025-11-30 19:05:13 | INFO | MONITOR_SLEEP | Sleeping for 20s (base=20s, consecutive_errors=0, monitoring_suspended=False)
2025-11-30 19:05:33 | INFO | MONITOR_SLEEP | Sleeping for 20s (base=20s, consecutive_errors=0, monitoring_suspended=False)
2025-11-30 19:05:43 | INFO | SL_RETRY | SL retry thread active - conservative mode (1 SL per 20s, max 10 retries)
2025-11-30 19:05:53 | INFO | MONITOR_SLEEP | Sleeping for 20s (base=20s, consecutive_errors=0, monitoring_suspended=False)
2025-11-30 19:06:13 | INFO | MONITOR | Paper trades checked (next in 60s)
2025-11-30 19:06:13 | INFO | MONITOR_SLEEP | Sleeping for 20s (base=20s, consecutive_errors=0, monitoring_suspended=False)
2025-11-30 19:06:33 | INFO | MONITOR_SLEEP | Sleeping for 20s (base=20s, consecutive_errors=0, monitoring_suspended=False)
2025-11-30 19:06:53 | INFO | MONITOR_SLEEP | Sleeping for 20s (base=20s, consecutive_errors=0, monitoring_suspended=False)
2025-11-30 19:07:13 | INFO | MONITOR | Paper trades checked (next in 60s)
2025-11-30 19:07:13 | INFO | MONITOR_SLEEP | Sleeping for 20s (base=20s, consecutive_errors=0, monitoring_suspended=False)
2025-11-30 19:07:33 | INFO | MONITOR_SLEEP | Sleeping for 20s (base=20s, consecutive_errors=0, monitoring_suspended=False)
2025-11-30 19:07:53 | INFO | MONITOR_SLEEP | Sleeping for 20s (base=20s, consecutive_errors=0, monitoring_suspended=False)
2025-11-30 19:08:13 | INFO | MONITOR | Paper trades checked (next in 60s)
2025-11-30 19:08:13 | INFO | MONITOR_SLEEP | Sleeping for 20s (base=20s, consecutive_errors=0, monitoring_suspended=False)
2025-11-30 19:08:33 | INFO | MONITOR_SLEEP | Sleeping for 20s (base=20s, consecutive_errors=0, monitoring_suspended=False)
2025-11-30 19:08:53 | INFO | MONITOR_SLEEP | Sleeping for 20s (base=20s, consecutive_errors=0, monitoring_suspended=False)
2025-11-30 19:09:13 | INFO | MONITOR | Paper trades checked (next in 60s)
2025-11-30 19:09:13 | INFO | MONITOR_SLEEP | Sleeping for 20s (base=20s, consecutive_errors=0, monitoring_suspended=False)
2025-11-30 19:09:33 | INFO | MONITOR_SLEEP | Sleeping for 20s (base=20s, consecutive_errors=0, monitoring_suspended=False)
2025-11-30 19:09:53 | INFO | MONITOR_SLEEP | Sleeping for 20s (base=20s, consecutive_errors=0, monitoring_suspended=False)
2025-11-30 19:10:11 | INFO | STARTUP | Logging initialized | log_dir=/root/santhosh/trading/equity/logs/2025-11-30
2025-11-30 19:10:13 | INFO | FEEDBACK_INIT | PerformanceFeedback initialized for adaptive trading
2025-11-30 19:10:13 | INFO | MONITOR | Backed up stale positions.json to positions.json.startup_1764510013
2025-11-30 19:10:13 | INFO | MONITOR | ✓ Cleared stale positions.json - will rebuild from broker holdings
2025-11-30 19:10:13 | INFO | MONITOR | Skipping file load - broker will be source of truth
2025-11-30 19:10:13 | INFO | HOLDINGS_SYNC | Fetching positions and holdings from broker...
2025-11-30 19:10:13 | INFO | HOLDINGS_SYNC | No positions or holdings found at broker
2025-11-30 19:10:13 | INFO | MONITOR | Position monitoring started with bucketed LTP checking
2025-11-30 19:10:13 | INFO | MONITOR | Event loop thread started
2025-11-30 19:10:13 | INFO | MONITOR | Event loop started successfully for priority queue
2025-11-30 19:10:13 | INFO | MONITOR | Priority API queue enabled and started
2025-11-30 19:10:13 | INFO | SL_RETRY | SL retry thread started - waiting 30s before initial placement (conserve startup API quota)
2025-11-30 19:10:13 | INFO | SL_RETRY | SL retry thread started successfully
2025-11-30 19:10:13 | INFO | MONITOR_SLEEP | Sleeping for 20s (base=20s, consecutive_errors=0, monitoring_suspended=False)
2025-11-30 19:10:33 | INFO | MONITOR_SLEEP | Sleeping for 20s (base=20s, consecutive_errors=0, monitoring_suspended=False)
2025-11-30 19:10:43 | INFO | SL_RETRY | SL retry thread active - conservative mode (1 SL per 20s, max 10 retries)
2025-11-30 19:10:53 | INFO | MONITOR_SLEEP | Sleeping for 20s (base=20s, consecutive_errors=0, monitoring_suspended=False)
2025-11-30 19:11:13 | INFO | MONITOR | Paper trades checked (next in 60s)
2025-11-30 19:11:13 | INFO | MONITOR_SLEEP | Sleeping for 20s (base=20s, consecutive_errors=0, monitoring_suspended=False)
2025-11-30 19:11:33 | INFO | MONITOR_SLEEP | Sleeping for 20s (base=20s, consecutive_errors=0, monitoring_suspended=False)
2025-11-30 19:11:53 | INFO | MONITOR_SLEEP | Sleeping for 20s (base=20s, consecutive_errors=0, monitoring_suspended=False)
2025-11-30 19:12:13 | INFO | MONITOR | Paper trades checked (next in 60s)
2025-11-30 19:12:13 | INFO | MONITOR_SLEEP | Sleeping for 20s (base=20s, consecutive_errors=0, monitoring_suspended=False)
2025-11-30 19:12:33 | INFO | MONITOR_SLEEP | Sleeping for 20s (base=20s, consecutive_errors=0, monitoring_suspended=False)
2025-11-30 19:12:53 | INFO | MONITOR_SLEEP | Sleeping for 20s (base=20s, consecutive_errors=0, monitoring_suspended=False)
2025-11-30 19:13:13 | INFO | MONITOR | Paper trades checked (next in 60s)
2025-11-30 19:13:13 | INFO | MONITOR_SLEEP | Sleeping for 20s (base=20s, consecutive_errors=0, monitoring_suspended=False)
2025-11-30 19:13:33 | INFO | MONITOR_SLEEP | Sleeping for 20s (base=20s, consecutive_errors=0, monitoring_suspended=False)
2025-11-30 19:13:53 | INFO | MONITOR_SLEEP | Sleeping for 20s (base=20s, consecutive_errors=0, monitoring_suspended=False)
2025-11-30 19:14:13 | INFO | MONITOR | Paper trades checked (next in 60s)
2025-11-30 19:14:13 | INFO | MONITOR_SLEEP | Sleeping for 20s (base=20s, consecutive_errors=0, monitoring_suspended=False)
2025-11-30 19:14:33 | INFO | MONITOR_SLEEP | Sleeping for 20s (base=20s, consecutive_errors=0, monitoring_suspended=False)
2025-11-30 19:14:53 | INFO | MONITOR_SLEEP | Sleeping for 20s (base=20s, consecutive_errors=0, monitoring_suspended=False)
2025-11-30 19:15:12 | INFO | STARTUP | Logging initialized | log_dir=/root/santhosh/trading/equity/logs/2025-11-30
2025-11-30 19:15:13 | INFO | FEEDBACK_INIT | PerformanceFeedback initialized for adaptive trading
2025-11-30 19:15:13 | INFO | MONITOR | Backed up stale positions.json to positions.json.startup_1764510313
2025-11-30 19:15:13 | INFO | MONITOR | ✓ Cleared stale positions.json - will rebuild from broker holdings
2025-11-30 19:15:13 | INFO | MONITOR | Skipping file load - broker will be source of truth
2025-11-30 19:15:13 | INFO | HOLDINGS_SYNC | Fetching positions and holdings from broker...
2025-11-30 19:15:13 | INFO | HOLDINGS_SYNC | No positions or holdings found at broker
2025-11-30 19:15:13 | INFO | MONITOR | Position monitoring started with bucketed LTP checking
2025-11-30 19:15:13 | INFO | MONITOR | Event loop thread started
2025-11-30 19:15:13 | INFO | MONITOR | Event loop started successfully for priority queue
2025-11-30 19:15:13 | INFO | MONITOR | Priority API queue enabled and started
2025-11-30 19:15:13 | INFO | SL_RETRY | SL retry thread started - waiting 30s before initial placement (conserve startup API quota)
2025-11-30 19:15:13 | INFO | SL_RETRY | SL retry thread started successfully
2025-11-30 19:15:13 | INFO | MONITOR_SLEEP | Sleeping for 20s (base=20s, consecutive_errors=0, monitoring_suspended=False)
2025-11-30 19:15:33 | INFO | MONITOR_SLEEP | Sleeping for 20s (base=20s, consecutive_errors=0, monitoring_suspended=False)
2025-11-30 19:15:43 | INFO | SL_RETRY | SL retry thread active - conservative mode (1 SL per 20s, max 10 retries)
2025-11-30 19:15:53 | INFO | MONITOR_SLEEP | Sleeping for 20s (base=20s, consecutive_errors=0, monitoring_suspended=False)
2025-11-30 19:16:13 | INFO | MONITOR | Paper trades checked (next in 60s)
2025-11-30 19:16:13 | INFO | MONITOR_SLEEP | Sleeping for 20s (base=20s, consecutive_errors=0, monitoring_suspended=False)
2025-11-30 19:16:33 | INFO | MONITOR_SLEEP | Sleeping for 20s (base=20s, consecutive_errors=0, monitoring_suspended=False)
2025-11-30 19:16:53 | INFO | MONITOR_SLEEP | Sleeping for 20s (base=20s, consecutive_errors=0, monitoring_suspended=False)
2025-11-30 19:17:13 | INFO | MONITOR | Paper trades checked (next in 60s)
2025-11-30 19:17:13 | INFO | MONITOR_SLEEP | Sleeping for 20s (base=20s, consecutive_errors=0, monitoring_suspended=False)
2025-11-30 19:17:33 | INFO | MONITOR_SLEEP | Sleeping for 20s (base=20s, consecutive_errors=0, monitoring_suspended=False)
2025-11-30 19:17:53 | INFO | MONITOR_SLEEP | Sleeping for 20s (base=20s, consecutive_errors=0, monitoring_suspended=False)
2025-11-30 19:18:13 | INFO | MONITOR | Paper trades checked (next in 60s)
2025-11-30 19:18:13 | INFO | MONITOR_SLEEP | Sleeping for 20s (base=20s, consecutive_errors=0, monitoring_suspended=False)
2025-11-30 19:18:33 | INFO | MONITOR_SLEEP | Sleeping for 20s (base=20s, consecutive_errors=0, monitoring_suspended=False)
2025-11-30 19:18:53 | INFO | MONITOR_SLEEP | Sleeping for 20s (base=20s, consecutive_errors=0, monitoring_suspended=False)
2025-11-30 19:19:13 | INFO | MONITOR | Paper trades checked (next in 60s)
2025-11-30 19:19:13 | INFO | MONITOR_SLEEP | Sleeping for 20s (base=20s, consecutive_errors=0, monitoring_suspended=False)
2025-11-30 19:19:33 | INFO | MONITOR_SLEEP | Sleeping for 20s (base=20s, consecutive_errors=0, monitoring_suspended=False)
2025-11-30 19:19:53 | INFO | MONITOR_SLEEP | Sleeping for 20s (base=20s, consecutive_errors=0, monitoring_suspended=False)
2025-11-30 19:20:10 | INFO | STARTUP | Logging initialized | log_dir=/root/santhosh/trading/equity/logs/2025-11-30
2025-11-30 19:20:11 | INFO | FEEDBACK_INIT | PerformanceFeedback initialized for adaptive trading
2025-11-30 19:20:11 | INFO | MONITOR | Backed up stale positions.json to positions.json.startup_1764510611
2025-11-30 19:20:11 | INFO | MONITOR | ✓ Cleared stale positions.json - will rebuild from broker holdings
2025-11-30 19:20:11 | INFO | MONITOR | Skipping file load - broker will be source of truth
2025-11-30 19:20:11 | INFO | HOLDINGS_SYNC | Fetching positions and holdings from broker...
2025-11-30 19:20:11 | INFO | HOLDINGS_SYNC | No positions or holdings found at broker
2025-11-30 19:20:11 | INFO | MONITOR | Position monitoring started with bucketed LTP checking
2025-11-30 19:20:11 | INFO | MONITOR | Event loop thread started
2025-11-30 19:20:12 | INFO | MONITOR | Event loop started successfully for priority queue
2025-11-30 19:20:12 | INFO | MONITOR | Priority API queue enabled and started
2025-11-30 19:20:12 | INFO | SL_RETRY | SL retry thread started - waiting 30s before initial placement (conserve startup API quota)
2025-11-30 19:20:12 | INFO | SL_RETRY | SL retry thread started successfully
2025-11-30 19:20:12 | INFO | MONITOR_SLEEP | Sleeping for 20s (base=20s, consecutive_errors=0, monitoring_suspended=False)
2025-11-30 19:20:32 | INFO | MONITOR_SLEEP | Sleeping for 20s (base=20s, consecutive_errors=0, monitoring_suspended=False)
2025-11-30 19:20:42 | INFO | SL_RETRY | SL retry thread active - conservative mode (1 SL per 20s, max 10 retries)
2025-11-30 19:20:52 | INFO | MONITOR_SLEEP | Sleeping for 20s (base=20s, consecutive_errors=0, monitoring_suspended=False)
2025-11-30 19:21:12 | INFO | MONITOR | Paper trades checked (next in 60s)
2025-11-30 19:21:12 | INFO | MONITOR_SLEEP | Sleeping for 20s (base=20s, consecutive_errors=0, monitoring_suspended=False)
2025-11-30 19:21:32 | INFO | MONITOR_SLEEP | Sleeping for 20s (base=20s, consecutive_errors=0, monitoring_suspended=False)
2025-11-30 19:21:52 | INFO | MONITOR_SLEEP | Sleeping for 20s (base=20s, consecutive_errors=0, monitoring_suspended=False)
2025-11-30 19:22:12 | INFO | MONITOR | Paper trades checked (next in 60s)
2025-11-30 19:22:12 | INFO | MONITOR_SLEEP | Sleeping for 20s (base=20s, consecutive_errors=0, monitoring_suspended=False)
2025-11-30 19:22:32 | INFO | MONITOR_SLEEP | Sleeping for 20s (base=20s, consecutive_errors=0, monitoring_suspended=False)
2025-11-30 19:22:52 | INFO | MONITOR_SLEEP | Sleeping for 20s (base=20s, consecutive_errors=0, monitoring_suspended=False)
2025-11-30 19:23:12 | INFO | MONITOR | Paper trades checked (next in 60s)
2025-11-30 19:23:12 | INFO | MONITOR_SLEEP | Sleeping for 20s (base=20s, consecutive_errors=0, monitoring_suspended=False)
2025-11-30 19:23:32 | INFO | MONITOR_SLEEP | Sleeping for 20s (base=20s, consecutive_errors=0, monitoring_suspended=False)
2025-11-30 19:23:52 | INFO | MONITOR_SLEEP | Sleeping for 20s (base=20s, consecutive_errors=0, monitoring_suspended=False)
2025-11-30 19:24:12 | INFO | MONITOR | Paper trades checked (next in 60s)
2025-11-30 19:24:12 | INFO | MONITOR_SLEEP | Sleeping for 20s (base=20s, consecutive_errors=0, monitoring_suspended=False)
2025-11-30 19:24:32 | INFO | MONITOR_SLEEP | Sleeping for 20s (base=20s, consecutive_errors=0, monitoring_suspended=False)
2025-11-30 19:24:52 | INFO | MONITOR_SLEEP | Sleeping for 20s (base=20s, consecutive_errors=0, monitoring_suspended=False)
2025-11-30 19:25:12 | INFO | STARTUP | Logging initialized | log_dir=/root/santhosh/trading/equity/logs/2025-11-30
2025-11-30 19:25:13 | INFO | FEEDBACK_INIT | PerformanceFeedback initialized for adaptive trading
2025-11-30 19:25:13 | INFO | MONITOR | Backed up stale positions.json to positions.json.startup_1764510913
2025-11-30 19:25:13 | INFO | MONITOR | ✓ Cleared stale positions.json - will rebuild from broker holdings
2025-11-30 19:25:13 | INFO | MONITOR | Skipping file load - broker will be source of truth
2025-11-30 19:25:13 | INFO | HOLDINGS_SYNC | Fetching positions and holdings from broker...
2025-11-30 19:25:13 | INFO | HOLDINGS_SYNC | No positions or holdings found at broker
2025-11-30 19:25:13 | INFO | MONITOR | Position monitoring started with bucketed LTP checking
2025-11-30 19:25:13 | INFO | MONITOR | Event loop thread started
2025-11-30 19:25:13 | INFO | MONITOR | Event loop started successfully for priority queue
2025-11-30 19:25:14 | INFO | MONITOR | Priority API queue enabled and started
2025-11-30 19:25:14 | INFO | SL_RETRY | SL retry thread started - waiting 30s before initial placement (conserve startup API quota)
2025-11-30 19:25:14 | INFO | SL_RETRY | SL retry thread started successfully
2025-11-30 19:25:14 | INFO | MONITOR_SLEEP | Sleeping for 20s (base=20s, consecutive_errors=0, monitoring_suspended=False)
2025-11-30 19:25:34 | INFO | MONITOR_SLEEP | Sleeping for 20s (base=20s, consecutive_errors=0, monitoring_suspended=False)
2025-11-30 19:25:44 | INFO | SL_RETRY | SL retry thread active - conservative mode (1 SL per 20s, max 10 retries)
2025-11-30 19:25:54 | INFO | MONITOR_SLEEP | Sleeping for 20s (base=20s, consecutive_errors=0, monitoring_suspended=False)
2025-11-30 19:26:14 | INFO | MONITOR | Paper trades checked (next in 60s)
2025-11-30 19:26:14 | INFO | MONITOR_SLEEP | Sleeping for 20s (base=20s, consecutive_errors=0, monitoring_suspended=False)
2025-11-30 19:26:34 | INFO | MONITOR_SLEEP | Sleeping for 20s (base=20s, consecutive_errors=0, monitoring_suspended=False)
2025-11-30 19:26:54 | INFO | MONITOR_SLEEP | Sleeping for 20s (base=20s, consecutive_errors=0, monitoring_suspended=False)
2025-11-30 19:27:14 | INFO | MONITOR | Paper trades checked (next in 60s)
2025-11-30 19:27:14 | INFO | MONITOR_SLEEP | Sleeping for 20s (base=20s, consecutive_errors=0, monitoring_suspended=False)
2025-11-30 19:27:34 | INFO | MONITOR_SLEEP | Sleeping for 20s (base=20s, consecutive_errors=0, monitoring_suspended=False)
2025-11-30 19:27:54 | INFO | MONITOR_SLEEP | Sleeping for 20s (base=20s, consecutive_errors=0, monitoring_suspended=False)
2025-11-30 19:28:14 | INFO | MONITOR | Paper trades checked (next in 60s)
2025-11-30 19:28:14 | INFO | MONITOR_SLEEP | Sleeping for 20s (base=20s, consecutive_errors=0, monitoring_suspended=False)
2025-11-30 19:28:34 | INFO | MONITOR_SLEEP | Sleeping for 20s (base=20s, consecutive_errors=0, monitoring_suspended=False)
2025-11-30 19:28:54 | INFO | MONITOR_SLEEP | Sleeping for 20s (base=20s, consecutive_errors=0, monitoring_suspended=False)
2025-11-30 19:29:14 | INFO | MONITOR | Paper trades checked (next in 60s)
2025-11-30 19:29:14 | INFO | MONITOR_SLEEP | Sleeping for 20s (base=20s, consecutive_errors=0, monitoring_suspended=False)
2025-11-30 19:29:34 | INFO | MONITOR_SLEEP | Sleeping for 20s (base=20s, consecutive_errors=0, monitoring_suspended=False)
2025-11-30 19:29:54 | INFO | MONITOR_SLEEP | Sleeping for 20s (base=20s, consecutive_errors=0, monitoring_suspended=False)
2025-11-30 19:30:14 | INFO | STARTUP | Logging initialized | log_dir=/root/santhosh/trading/equity/logs/2025-11-30
2025-11-30 19:30:16 | INFO | FEEDBACK_INIT | PerformanceFeedback initialized for adaptive trading
2025-11-30 19:30:16 | INFO | MONITOR | Backed up stale positions.json to positions.json.startup_1764511216
2025-11-30 19:30:16 | INFO | MONITOR | ✓ Cleared stale positions.json - will rebuild from broker holdings
2025-11-30 19:30:16 | INFO | MONITOR | Skipping file load - broker will be source of truth
2025-11-30 19:30:16 | INFO | HOLDINGS_SYNC | Fetching positions and holdings from broker...
2025-11-30 19:30:16 | INFO | HOLDINGS_SYNC | No positions or holdings found at broker
2025-11-30 19:30:16 | INFO | MONITOR | Position monitoring started with bucketed LTP checking
2025-11-30 19:30:16 | INFO | MONITOR | Event loop thread started
2025-11-30 19:30:16 | INFO | MONITOR | Event loop started successfully for priority queue
2025-11-30 19:30:17 | INFO | MONITOR | Priority API queue enabled and started
2025-11-30 19:30:17 | INFO | SL_RETRY | SL retry thread started - waiting 30s before initial placement (conserve startup API quota)
2025-11-30 19:30:17 | INFO | SL_RETRY | SL retry thread started successfully
2025-11-30 19:30:17 | INFO | MONITOR_SLEEP | Sleeping for 20s (base=20s, consecutive_errors=0, monitoring_suspended=False)
2025-11-30 19:30:37 | INFO | MONITOR_SLEEP | Sleeping for 20s (base=20s, consecutive_errors=0, monitoring_suspended=False)
2025-11-30 19:30:47 | INFO | SL_RETRY | SL retry thread active - conservative mode (1 SL per 20s, max 10 retries)
2025-11-30 19:30:57 | INFO | MONITOR_SLEEP | Sleeping for 20s (base=20s, consecutive_errors=0, monitoring_suspended=False)
2025-11-30 19:31:17 | INFO | MONITOR | Paper trades checked (next in 60s)
2025-11-30 19:31:17 | INFO | MONITOR_SLEEP | Sleeping for 20s (base=20s, consecutive_errors=0, monitoring_suspended=False)
2025-11-30 19:31:37 | INFO | MONITOR_SLEEP | Sleeping for 20s (base=20s, consecutive_errors=0, monitoring_suspended=False)
2025-11-30 19:31:57 | INFO | MONITOR_SLEEP | Sleeping for 20s (base=20s, consecutive_errors=0, monitoring_suspended=False)
2025-11-30 19:32:17 | INFO | MONITOR | Paper trades checked (next in 60s)
2025-11-30 19:32:17 | INFO | MONITOR_SLEEP | Sleeping for 20s (base=20s, consecutive_errors=0, monitoring_suspended=False)
2025-11-30 19:32:37 | INFO | MONITOR_SLEEP | Sleeping for 20s (base=20s, consecutive_errors=0, monitoring_suspended=False)
2025-11-30 19:32:57 | INFO | MONITOR_SLEEP | Sleeping for 20s (base=20s, consecutive_errors=0, monitoring_suspended=False)
2025-11-30 19:33:17 | INFO | MONITOR | Paper trades checked (next in 60s)
2025-11-30 19:33:17 | INFO | MONITOR_SLEEP | Sleeping for 20s (base=20s, consecutive_errors=0, monitoring_suspended=False)
2025-11-30 19:33:37 | INFO | MONITOR_SLEEP | Sleeping for 20s (base=20s, consecutive_errors=0, monitoring_suspended=False)
2025-11-30 19:33:57 | INFO | MONITOR_SLEEP | Sleeping for 20s (base=20s, consecutive_errors=0, monitoring_suspended=False)
2025-11-30 19:34:17 | INFO | MONITOR | Paper trades checked (next in 60s)
2025-11-30 19:34:17 | INFO | MONITOR_SLEEP | Sleeping for 20s (base=20s, consecutive_errors=0, monitoring_suspended=False)
2025-11-30 19:34:37 | INFO | MONITOR_SLEEP | Sleeping for 20s (base=20s, consecutive_errors=0, monitoring_suspended=False)
2025-11-30 19:34:57 | INFO | MONITOR_SLEEP | Sleeping for 20s (base=20s, consecutive_errors=0, monitoring_suspended=False)
2025-11-30 19:35:13 | INFO | STARTUP | Logging initialized | log_dir=/root/santhosh/trading/equity/logs/2025-11-30
2025-11-30 19:35:14 | INFO | FEEDBACK_INIT | PerformanceFeedback initialized for adaptive trading
2025-11-30 19:35:14 | INFO | MONITOR | Backed up stale positions.json to positions.json.startup_1764511514
2025-11-30 19:35:14 | INFO | MONITOR | ✓ Cleared stale positions.json - will rebuild from broker holdings
2025-11-30 19:35:14 | INFO | MONITOR | Skipping file load - broker will be source of truth
2025-11-30 19:35:14 | INFO | HOLDINGS_SYNC | Fetching positions and holdings from broker...
2025-11-30 19:35:14 | INFO | HOLDINGS_SYNC | No positions or holdings found at broker
2025-11-30 19:35:14 | INFO | MONITOR | Position monitoring started with bucketed LTP checking
2025-11-30 19:35:14 | INFO | MONITOR | Event loop thread started
2025-11-30 19:35:14 | INFO | MONITOR | Event loop started successfully for priority queue
2025-11-30 19:35:14 | INFO | MONITOR | Priority API queue enabled and started
2025-11-30 19:35:14 | INFO | SL_RETRY | SL retry thread started - waiting 30s before initial placement (conserve startup API quota)
2025-11-30 19:35:14 | INFO | SL_RETRY | SL retry thread started successfully
2025-11-30 19:35:14 | INFO | MONITOR_SLEEP | Sleeping for 20s (base=20s, consecutive_errors=0, monitoring_suspended=False)
2025-11-30 19:35:34 | INFO | MONITOR_SLEEP | Sleeping for 20s (base=20s, consecutive_errors=0, monitoring_suspended=False)
2025-11-30 19:35:44 | INFO | SL_RETRY | SL retry thread active - conservative mode (1 SL per 20s, max 10 retries)
2025-11-30 19:35:54 | INFO | MONITOR_SLEEP | Sleeping for 20s (base=20s, consecutive_errors=0, monitoring_suspended=False)
2025-11-30 19:36:14 | INFO | MONITOR | Paper trades checked (next in 60s)
2025-11-30 19:36:14 | INFO | MONITOR_SLEEP | Sleeping for 20s (base=20s, consecutive_errors=0, monitoring_suspended=False)
2025-11-30 19:36:34 | INFO | MONITOR_SLEEP | Sleeping for 20s (base=20s, consecutive_errors=0, monitoring_suspended=False)
2025-11-30 19:36:54 | INFO | MONITOR_SLEEP | Sleeping for 20s (base=20s, consecutive_errors=0, monitoring_suspended=False)
2025-11-30 19:37:14 | INFO | MONITOR | Paper trades checked (next in 60s)
2025-11-30 19:37:14 | INFO | MONITOR_SLEEP | Sleeping for 20s (base=20s, consecutive_errors=0, monitoring_suspended=False)
2025-11-30 19:37:34 | INFO | MONITOR_SLEEP | Sleeping for 20s (base=20s, consecutive_errors=0, monitoring_suspended=False)
2025-11-30 19:37:54 | INFO | MONITOR_SLEEP | Sleeping for 20s (base=20s, consecutive_errors=0, monitoring_suspended=False)
2025-11-30 19:38:14 | INFO | MONITOR | Paper trades checked (next in 60s)
2025-11-30 19:38:14 | INFO | MONITOR_SLEEP | Sleeping for 20s (base=20s, consecutive_errors=0, monitoring_suspended=False)
2025-11-30 19:38:34 | INFO | MONITOR_SLEEP | Sleeping for 20s (base=20s, consecutive_errors=0, monitoring_suspended=False)
2025-11-30 19:38:54 | INFO | MONITOR_SLEEP | Sleeping for 20s (base=20s, consecutive_errors=0, monitoring_suspended=False)
2025-11-30 19:39:14 | INFO | MONITOR | Paper trades checked (next in 60s)
2025-11-30 19:39:14 | INFO | MONITOR_SLEEP | Sleeping for 20s (base=20s, consecutive_errors=0, monitoring_suspended=False)
2025-11-30 19:39:34 | INFO | MONITOR_SLEEP | Sleeping for 20s (base=20s, consecutive_errors=0, monitoring_suspended=False)
2025-11-30 19:39:54 | INFO | MONITOR_SLEEP | Sleeping for 20s (base=20s, consecutive_errors=0, monitoring_suspended=False)
2025-11-30 19:40:10 | INFO | STARTUP | Logging initialized | log_dir=/root/santhosh/trading/equity/logs/2025-11-30
2025-11-30 19:40:11 | INFO | FEEDBACK_INIT | PerformanceFeedback initialized for adaptive trading
2025-11-30 19:40:11 | INFO | MONITOR | Backed up stale positions.json to positions.json.startup_1764511811
2025-11-30 19:40:11 | INFO | MONITOR | ✓ Cleared stale positions.json - will rebuild from broker holdings
2025-11-30 19:40:11 | INFO | MONITOR | Skipping file load - broker will be source of truth
2025-11-30 19:40:11 | INFO | HOLDINGS_SYNC | Fetching positions and holdings from broker...
2025-11-30 19:40:11 | INFO | HOLDINGS_SYNC | No positions or holdings found at broker
2025-11-30 19:40:11 | INFO | MONITOR | Position monitoring started with bucketed LTP checking
2025-11-30 19:40:11 | INFO | MONITOR | Event loop thread started
2025-11-30 19:40:11 | INFO | MONITOR | Event loop started successfully for priority queue
2025-11-30 19:40:12 | INFO | MONITOR | Priority API queue enabled and started
2025-11-30 19:40:12 | INFO | SL_RETRY | SL retry thread started - waiting 30s before initial placement (conserve startup API quota)
2025-11-30 19:40:12 | INFO | SL_RETRY | SL retry thread started successfully
2025-11-30 19:40:12 | INFO | MONITOR_SLEEP | Sleeping for 20s (base=20s, consecutive_errors=0, monitoring_suspended=False)
2025-11-30 19:40:32 | INFO | MONITOR_SLEEP | Sleeping for 20s (base=20s, consecutive_errors=0, monitoring_suspended=False)
2025-11-30 19:40:42 | INFO | SL_RETRY | SL retry thread active - conservative mode (1 SL per 20s, max 10 retries)
2025-11-30 19:40:52 | INFO | MONITOR_SLEEP | Sleeping for 20s (base=20s, consecutive_errors=0, monitoring_suspended=False)
2025-11-30 19:41:12 | INFO | MONITOR | Paper trades checked (next in 60s)
2025-11-30 19:41:12 | INFO | MONITOR_SLEEP | Sleeping for 20s (base=20s, consecutive_errors=0, monitoring_suspended=False)
2025-11-30 19:41:32 | INFO | MONITOR_SLEEP | Sleeping for 20s (base=20s, consecutive_errors=0, monitoring_suspended=False)
2025-11-30 19:41:52 | INFO | MONITOR_SLEEP | Sleeping for 20s (base=20s, consecutive_errors=0, monitoring_suspended=False)
2025-11-30 19:42:12 | INFO | MONITOR | Paper trades checked (next in 60s)
2025-11-30 19:42:12 | INFO | MONITOR_SLEEP | Sleeping for 20s (base=20s, consecutive_errors=0, monitoring_suspended=False)
2025-11-30 19:42:32 | INFO | MONITOR_SLEEP | Sleeping for 20s (base=20s, consecutive_errors=0, monitoring_suspended=False)
2025-11-30 19:42:52 | INFO | MONITOR_SLEEP | Sleeping for 20s (base=20s, consecutive_errors=0, monitoring_suspended=False)
2025-11-30 19:43:12 | INFO | MONITOR | Paper trades checked (next in 60s)
2025-11-30 19:43:12 | INFO | MONITOR_SLEEP | Sleeping for 20s (base=20s, consecutive_errors=0, monitoring_suspended=False)
2025-11-30 19:43:32 | INFO | MONITOR_SLEEP | Sleeping for 20s (base=20s, consecutive_errors=0, monitoring_suspended=False)
2025-11-30 19:43:52 | INFO | MONITOR_SLEEP | Sleeping for 20s (base=20s, consecutive_errors=0, monitoring_suspended=False)
2025-11-30 19:44:12 | INFO | MONITOR | Paper trades checked (next in 60s)
2025-11-30 19:44:12 | INFO | MONITOR_SLEEP | Sleeping for 20s (base=20s, consecutive_errors=0, monitoring_suspended=False)
2025-11-30 19:44:32 | INFO | MONITOR_SLEEP | Sleeping for 20s (base=20s, consecutive_errors=0, monitoring_suspended=False)
2025-11-30 19:44:52 | INFO | MONITOR_SLEEP | Sleeping for 20s (base=20s, consecutive_errors=0, monitoring_suspended=False)
2025-11-30 19:45:12 | INFO | STARTUP | Logging initialized | log_dir=/root/santhosh/trading/equity/logs/2025-11-30
2025-11-30 19:45:13 | INFO | FEEDBACK_INIT | PerformanceFeedback initialized for adaptive trading
2025-11-30 19:45:13 | INFO | MONITOR | Backed up stale positions.json to positions.json.startup_1764512113
2025-11-30 19:45:13 | INFO | MONITOR | ✓ Cleared stale positions.json - will rebuild from broker holdings
2025-11-30 19:45:13 | INFO | MONITOR | Skipping file load - broker will be source of truth
2025-11-30 19:45:13 | INFO | HOLDINGS_SYNC | Fetching positions and holdings from broker...
2025-11-30 19:45:13 | INFO | HOLDINGS_SYNC | No positions or holdings found at broker
2025-11-30 19:45:13 | INFO | MONITOR | Position monitoring started with bucketed LTP checking
2025-11-30 19:45:13 | INFO | MONITOR | Event loop thread started
2025-11-30 19:45:13 | INFO | MONITOR | Event loop started successfully for priority queue
2025-11-30 19:45:14 | INFO | MONITOR | Priority API queue enabled and started
2025-11-30 19:45:14 | INFO | SL_RETRY | SL retry thread started - waiting 30s before initial placement (conserve startup API quota)
2025-11-30 19:45:14 | INFO | SL_RETRY | SL retry thread started successfully
2025-11-30 19:45:14 | INFO | MONITOR_SLEEP | Sleeping for 20s (base=20s, consecutive_errors=0, monitoring_suspended=False)
2025-11-30 19:45:34 | INFO | MONITOR_SLEEP | Sleeping for 20s (base=20s, consecutive_errors=0, monitoring_suspended=False)
2025-11-30 19:45:44 | INFO | SL_RETRY | SL retry thread active - conservative mode (1 SL per 20s, max 10 retries)
2025-11-30 19:45:54 | INFO | MONITOR_SLEEP | Sleeping for 20s (base=20s, consecutive_errors=0, monitoring_suspended=False)
2025-11-30 19:46:14 | INFO | MONITOR | Paper trades checked (next in 60s)
2025-11-30 19:46:14 | INFO | MONITOR_SLEEP | Sleeping for 20s (base=20s, consecutive_errors=0, monitoring_suspended=False)
2025-11-30 19:46:34 | INFO | MONITOR_SLEEP | Sleeping for 20s (base=20s, consecutive_errors=0, monitoring_suspended=False)
2025-11-30 19:46:54 | INFO | MONITOR_SLEEP | Sleeping for 20s (base=20s, consecutive_errors=0, monitoring_suspended=False)
2025-11-30 19:47:14 | INFO | MONITOR | Paper trades checked (next in 60s)
2025-11-30 19:47:14 | INFO | MONITOR_SLEEP | Sleeping for 20s (base=20s, consecutive_errors=0, monitoring_suspended=False)
2025-11-30 19:47:34 | INFO | MONITOR_SLEEP | Sleeping for 20s (base=20s, consecutive_errors=0, monitoring_suspended=False)
2025-11-30 19:47:54 | INFO | MONITOR_SLEEP | Sleeping for 20s (base=20s, consecutive_errors=0, monitoring_suspended=False)
2025-11-30 19:48:14 | INFO | MONITOR | Paper trades checked (next in 60s)
2025-11-30 19:48:14 | INFO | MONITOR_SLEEP | Sleeping for 20s (base=20s, consecutive_errors=0, monitoring_suspended=False)
2025-11-30 19:48:34 | INFO | MONITOR_SLEEP | Sleeping for 20s (base=20s, consecutive_errors=0, monitoring_suspended=False)
2025-11-30 19:48:54 | INFO | MONITOR_SLEEP | Sleeping for 20s (base=20s, consecutive_errors=0, monitoring_suspended=False)
2025-11-30 19:49:14 | INFO | MONITOR | Paper trades checked (next in 60s)
2025-11-30 19:49:14 | INFO | MONITOR_SLEEP | Sleeping for 20s (base=20s, consecutive_errors=0, monitoring_suspended=False)
2025-11-30 19:49:34 | INFO | MONITOR_SLEEP | Sleeping for 20s (base=20s, consecutive_errors=0, monitoring_suspended=False)
2025-11-30 19:49:54 | INFO | MONITOR_SLEEP | Sleeping for 20s (base=20s, consecutive_errors=0, monitoring_suspended=False)
2025-11-30 19:50:10 | INFO | STARTUP | Logging initialized | log_dir=/root/santhosh/trading/equity/logs/2025-11-30
2025-11-30 19:50:11 | INFO | FEEDBACK_INIT | PerformanceFeedback initialized for adaptive trading
2025-11-30 19:50:11 | INFO | MONITOR | Backed up stale positions.json to positions.json.startup_1764512411
2025-11-30 19:50:11 | INFO | MONITOR | ✓ Cleared stale positions.json - will rebuild from broker holdings
2025-11-30 19:50:11 | INFO | MONITOR | Skipping file load - broker will be source of truth
2025-11-30 19:50:11 | INFO | HOLDINGS_SYNC | Fetching positions and holdings from broker...
2025-11-30 19:50:11 | INFO | HOLDINGS_SYNC | No positions or holdings found at broker
2025-11-30 19:50:11 | INFO | MONITOR | Position monitoring started with bucketed LTP checking
2025-11-30 19:50:11 | INFO | MONITOR | Event loop thread started
2025-11-30 19:50:11 | INFO | MONITOR | Event loop started successfully for priority queue
2025-11-30 19:50:12 | INFO | MONITOR | Priority API queue enabled and started
2025-11-30 19:50:12 | INFO | SL_RETRY | SL retry thread started - waiting 30s before initial placement (conserve startup API quota)
2025-11-30 19:50:12 | INFO | SL_RETRY | SL retry thread started successfully
2025-11-30 19:50:12 | INFO | MONITOR_SLEEP | Sleeping for 20s (base=20s, consecutive_errors=0, monitoring_suspended=False)
2025-11-30 19:50:32 | INFO | MONITOR_SLEEP | Sleeping for 20s (base=20s, consecutive_errors=0, monitoring_suspended=False)
2025-11-30 19:50:42 | INFO | SL_RETRY | SL retry thread active - conservative mode (1 SL per 20s, max 10 retries)
2025-11-30 19:50:52 | INFO | MONITOR_SLEEP | Sleeping for 20s (base=20s, consecutive_errors=0, monitoring_suspended=False)
2025-11-30 19:51:12 | INFO | MONITOR | Paper trades checked (next in 60s)
2025-11-30 19:51:12 | INFO | MONITOR_SLEEP | Sleeping for 20s (base=20s, consecutive_errors=0, monitoring_suspended=False)
2025-11-30 19:51:32 | INFO | MONITOR_SLEEP | Sleeping for 20s (base=20s, consecutive_errors=0, monitoring_suspended=False)
2025-11-30 19:51:52 | INFO | MONITOR_SLEEP | Sleeping for 20s (base=20s, consecutive_errors=0, monitoring_suspended=False)
2025-11-30 19:52:12 | INFO | MONITOR | Paper trades checked (next in 60s)
2025-11-30 19:52:12 | INFO | MONITOR_SLEEP | Sleeping for 20s (base=20s, consecutive_errors=0, monitoring_suspended=False)
2025-11-30 19:52:32 | INFO | MONITOR_SLEEP | Sleeping for 20s (base=20s, consecutive_errors=0, monitoring_suspended=False)
2025-11-30 19:52:52 | INFO | MONITOR_SLEEP | Sleeping for 20s (base=20s, consecutive_errors=0, monitoring_suspended=False)
2025-11-30 19:53:12 | INFO | MONITOR | Paper trades checked (next in 60s)
2025-11-30 19:53:12 | INFO | MONITOR_SLEEP | Sleeping for 20s (base=20s, consecutive_errors=0, monitoring_suspended=False)
2025-11-30 19:53:32 | INFO | MONITOR_SLEEP | Sleeping for 20s (base=20s, consecutive_errors=0, monitoring_suspended=False)
2025-11-30 19:53:52 | INFO | MONITOR_SLEEP | Sleeping for 20s (base=20s, consecutive_errors=0, monitoring_suspended=False)
2025-11-30 19:54:12 | INFO | MONITOR | Paper trades checked (next in 60s)
2025-11-30 19:54:12 | INFO | MONITOR_SLEEP | Sleeping for 20s (base=20s, consecutive_errors=0, monitoring_suspended=False)
2025-11-30 19:54:32 | INFO | MONITOR_SLEEP | Sleeping for 20s (base=20s, consecutive_errors=0, monitoring_suspended=False)
2025-11-30 19:54:52 | INFO | MONITOR_SLEEP | Sleeping for 20s (base=20s, consecutive_errors=0, monitoring_suspended=False)
2025-11-30 19:55:13 | INFO | STARTUP | Logging initialized | log_dir=/root/santhosh/trading/equity/logs/2025-11-30
2025-11-30 19:55:14 | INFO | FEEDBACK_INIT | PerformanceFeedback initialized for adaptive trading
2025-11-30 19:55:14 | INFO | MONITOR | Backed up stale positions.json to positions.json.startup_1764512714
2025-11-30 19:55:14 | INFO | MONITOR | ✓ Cleared stale positions.json - will rebuild from broker holdings
2025-11-30 19:55:14 | INFO | MONITOR | Skipping file load - broker will be source of truth
2025-11-30 19:55:14 | INFO | HOLDINGS_SYNC | Fetching positions and holdings from broker...
2025-11-30 19:55:15 | INFO | HOLDINGS_SYNC | No positions or holdings found at broker
2025-11-30 19:55:15 | INFO | MONITOR | Position monitoring started with bucketed LTP checking
2025-11-30 19:55:15 | INFO | MONITOR | Event loop thread started
2025-11-30 19:55:15 | INFO | MONITOR | Event loop started successfully for priority queue
2025-11-30 19:55:15 | INFO | MONITOR | Priority API queue enabled and started
2025-11-30 19:55:15 | INFO | SL_RETRY | SL retry thread started - waiting 30s before initial placement (conserve startup API quota)
2025-11-30 19:55:15 | INFO | SL_RETRY | SL retry thread started successfully
2025-11-30 19:55:15 | INFO | MONITOR_SLEEP | Sleeping for 20s (base=20s, consecutive_errors=0, monitoring_suspended=False)
2025-11-30 19:55:35 | INFO | MONITOR_SLEEP | Sleeping for 20s (base=20s, consecutive_errors=0, monitoring_suspended=False)
2025-11-30 19:55:45 | INFO | SL_RETRY | SL retry thread active - conservative mode (1 SL per 20s, max 10 retries)
2025-11-30 19:55:55 | INFO | MONITOR_SLEEP | Sleeping for 20s (base=20s, consecutive_errors=0, monitoring_suspended=False)
2025-11-30 19:56:15 | INFO | MONITOR | Paper trades checked (next in 60s)
2025-11-30 19:56:15 | INFO | MONITOR_SLEEP | Sleeping for 20s (base=20s, consecutive_errors=0, monitoring_suspended=False)
2025-11-30 19:56:35 | INFO | MONITOR_SLEEP | Sleeping for 20s (base=20s, consecutive_errors=0, monitoring_suspended=False)
2025-11-30 19:56:55 | INFO | MONITOR_SLEEP | Sleeping for 20s (base=20s, consecutive_errors=0, monitoring_suspended=False)
2025-11-30 19:57:15 | INFO | MONITOR | Paper trades checked (next in 60s)
2025-11-30 19:57:15 | INFO | MONITOR_SLEEP | Sleeping for 20s (base=20s, consecutive_errors=0, monitoring_suspended=False)
2025-11-30 19:57:35 | INFO | MONITOR_SLEEP | Sleeping for 20s (base=20s, consecutive_errors=0, monitoring_suspended=False)
2025-11-30 19:57:55 | INFO | MONITOR_SLEEP | Sleeping for 20s (base=20s, consecutive_errors=0, monitoring_suspended=False)
2025-11-30 19:58:15 | INFO | MONITOR | Paper trades checked (next in 60s)
2025-11-30 19:58:15 | INFO | MONITOR_SLEEP | Sleeping for 20s (base=20s, consecutive_errors=0, monitoring_suspended=False)
2025-11-30 19:58:35 | INFO | MONITOR_SLEEP | Sleeping for 20s (base=20s, consecutive_errors=0, monitoring_suspended=False)
2025-11-30 19:58:55 | INFO | MONITOR_SLEEP | Sleeping for 20s (base=20s, consecutive_errors=0, monitoring_suspended=False)
2025-11-30 19:59:15 | INFO | MONITOR | Paper trades checked (next in 60s)
2025-11-30 19:59:15 | INFO | MONITOR_SLEEP | Sleeping for 20s (base=20s, consecutive_errors=0, monitoring_suspended=False)
2025-11-30 19:59:35 | INFO | MONITOR_SLEEP | Sleeping for 20s (base=20s, consecutive_errors=0, monitoring_suspended=False)
2025-11-30 19:59:55 | INFO | MONITOR_SLEEP | Sleeping for 20s (base=20s, consecutive_errors=0, monitoring_suspended=False)
2025-11-30 20:00:13 | INFO | STARTUP | Logging initialized | log_dir=/root/santhosh/trading/equity/logs/2025-11-30
2025-11-30 20:00:14 | INFO | FEEDBACK_INIT | PerformanceFeedback initialized for adaptive trading
2025-11-30 20:00:14 | INFO | MONITOR | Backed up stale positions.json to positions.json.startup_1764513014
2025-11-30 20:00:14 | INFO | MONITOR | ✓ Cleared stale positions.json - will rebuild from broker holdings
2025-11-30 20:00:14 | INFO | MONITOR | Skipping file load - broker will be source of truth
2025-11-30 20:00:14 | INFO | HOLDINGS_SYNC | Fetching positions and holdings from broker...
2025-11-30 20:00:14 | INFO | HOLDINGS_SYNC | No positions or holdings found at broker
2025-11-30 20:00:14 | INFO | MONITOR | Position monitoring started with bucketed LTP checking
2025-11-30 20:00:14 | INFO | MONITOR | Event loop thread started
2025-11-30 20:00:14 | INFO | MONITOR | Event loop started successfully for priority queue
2025-11-30 20:00:15 | INFO | MONITOR | Priority API queue enabled and started
2025-11-30 20:00:15 | INFO | SL_RETRY | SL retry thread started - waiting 30s before initial placement (conserve startup API quota)
2025-11-30 20:00:15 | INFO | SL_RETRY | SL retry thread started successfully
2025-11-30 20:00:15 | INFO | MONITOR_SLEEP | Sleeping for 20s (base=20s, consecutive_errors=0, monitoring_suspended=False)
2025-11-30 20:00:35 | INFO | MONITOR_SLEEP | Sleeping for 20s (base=20s, consecutive_errors=0, monitoring_suspended=False)
2025-11-30 20:00:45 | INFO | SL_RETRY | SL retry thread active - conservative mode (1 SL per 20s, max 10 retries)
2025-11-30 20:00:55 | INFO | MONITOR_SLEEP | Sleeping for 20s (base=20s, consecutive_errors=0, monitoring_suspended=False)
2025-11-30 20:01:15 | INFO | MONITOR | Paper trades checked (next in 60s)
2025-11-30 20:01:15 | INFO | MONITOR_SLEEP | Sleeping for 20s (base=20s, consecutive_errors=0, monitoring_suspended=False)
2025-11-30 20:01:35 | INFO | MONITOR_SLEEP | Sleeping for 20s (base=20s, consecutive_errors=0, monitoring_suspended=False)
2025-11-30 20:01:55 | INFO | MONITOR_SLEEP | Sleeping for 20s (base=20s, consecutive_errors=0, monitoring_suspended=False)
2025-11-30 20:02:15 | INFO | MONITOR | Paper trades checked (next in 60s)
2025-11-30 20:02:15 | INFO | MONITOR_SLEEP | Sleeping for 20s (base=20s, consecutive_errors=0, monitoring_suspended=False)
2025-11-30 20:02:35 | INFO | MONITOR_SLEEP | Sleeping for 20s (base=20s, consecutive_errors=0, monitoring_suspended=False)
2025-11-30 20:02:55 | INFO | MONITOR_SLEEP | Sleeping for 20s (base=20s, consecutive_errors=0, monitoring_suspended=False)
2025-11-30 20:03:15 | INFO | MONITOR | Paper trades checked (next in 60s)
2025-11-30 20:03:15 | INFO | MONITOR_SLEEP | Sleeping for 20s (base=20s, consecutive_errors=0, monitoring_suspended=False)
2025-11-30 20:03:35 | INFO | MONITOR_SLEEP | Sleeping for 20s (base=20s, consecutive_errors=0, monitoring_suspended=False)
2025-11-30 20:03:55 | INFO | MONITOR_SLEEP | Sleeping for 20s (base=20s, consecutive_errors=0, monitoring_suspended=False)
2025-11-30 20:04:15 | INFO | MONITOR | Paper trades checked (next in 60s)
2025-11-30 20:04:15 | INFO | MONITOR_SLEEP | Sleeping for 20s (base=20s, consecutive_errors=0, monitoring_suspended=False)
2025-11-30 20:04:35 | INFO | MONITOR_SLEEP | Sleeping for 20s (base=20s, consecutive_errors=0, monitoring_suspended=False)
2025-11-30 20:04:55 | INFO | MONITOR_SLEEP | Sleeping for 20s (base=20s, consecutive_errors=0, monitoring_suspended=False)
2025-11-30 20:05:11 | INFO | STARTUP | Logging initialized | log_dir=/root/santhosh/trading/equity/logs/2025-11-30
2025-11-30 20:05:12 | INFO | FEEDBACK_INIT | PerformanceFeedback initialized for adaptive trading
2025-11-30 20:05:12 | INFO | MONITOR | Backed up stale positions.json to positions.json.startup_1764513312
2025-11-30 20:05:12 | INFO | MONITOR | ✓ Cleared stale positions.json - will rebuild from broker holdings
2025-11-30 20:05:12 | INFO | MONITOR | Skipping file load - broker will be source of truth
2025-11-30 20:05:12 | INFO | HOLDINGS_SYNC | Fetching positions and holdings from broker...
2025-11-30 20:05:12 | INFO | HOLDINGS_SYNC | No positions or holdings found at broker
2025-11-30 20:05:12 | INFO | MONITOR | Position monitoring started with bucketed LTP checking
2025-11-30 20:05:12 | INFO | MONITOR | Event loop thread started
2025-11-30 20:05:12 | INFO | MONITOR | Event loop started successfully for priority queue
2025-11-30 20:05:13 | INFO | MONITOR | Priority API queue enabled and started
2025-11-30 20:05:13 | INFO | SL_RETRY | SL retry thread started - waiting 30s before initial placement (conserve startup API quota)
2025-11-30 20:05:13 | INFO | SL_RETRY | SL retry thread started successfully
2025-11-30 20:05:13 | INFO | MONITOR_SLEEP | Sleeping for 20s (base=20s, consecutive_errors=0, monitoring_suspended=False)
2025-11-30 20:05:33 | INFO | MONITOR_SLEEP | Sleeping for 20s (base=20s, consecutive_errors=0, monitoring_suspended=False)
2025-11-30 20:05:43 | INFO | SL_RETRY | SL retry thread active - conservative mode (1 SL per 20s, max 10 retries)
2025-11-30 20:05:53 | INFO | MONITOR_SLEEP | Sleeping for 20s (base=20s, consecutive_errors=0, monitoring_suspended=False)
2025-11-30 20:06:13 | INFO | MONITOR | Paper trades checked (next in 60s)
2025-11-30 20:06:13 | INFO | MONITOR_SLEEP | Sleeping for 20s (base=20s, consecutive_errors=0, monitoring_suspended=False)
2025-11-30 20:06:33 | INFO | MONITOR_SLEEP | Sleeping for 20s (base=20s, consecutive_errors=0, monitoring_suspended=False)
2025-11-30 20:06:53 | INFO | MONITOR_SLEEP | Sleeping for 20s (base=20s, consecutive_errors=0, monitoring_suspended=False)
2025-11-30 20:07:13 | INFO | MONITOR | Paper trades checked (next in 60s)
2025-11-30 20:07:13 | INFO | MONITOR_SLEEP | Sleeping for 20s (base=20s, consecutive_errors=0, monitoring_suspended=False)
2025-11-30 20:07:33 | INFO | MONITOR_SLEEP | Sleeping for 20s (base=20s, consecutive_errors=0, monitoring_suspended=False)
2025-11-30 20:07:53 | INFO | MONITOR_SLEEP | Sleeping for 20s (base=20s, consecutive_errors=0, monitoring_suspended=False)
2025-11-30 20:08:13 | INFO | MONITOR | Paper trades checked (next in 60s)
2025-11-30 20:08:13 | INFO | MONITOR_SLEEP | Sleeping for 20s (base=20s, consecutive_errors=0, monitoring_suspended=False)
2025-11-30 20:08:33 | INFO | MONITOR_SLEEP | Sleeping for 20s (base=20s, consecutive_errors=0, monitoring_suspended=False)
2025-11-30 20:08:53 | INFO | MONITOR_SLEEP | Sleeping for 20s (base=20s, consecutive_errors=0, monitoring_suspended=False)
2025-11-30 20:09:13 | INFO | MONITOR | Paper trades checked (next in 60s)
2025-11-30 20:09:13 | INFO | MONITOR_SLEEP | Sleeping for 20s (base=20s, consecutive_errors=0, monitoring_suspended=False)
2025-11-30 20:09:33 | INFO | MONITOR_SLEEP | Sleeping for 20s (base=20s, consecutive_errors=0, monitoring_suspended=False)
2025-11-30 20:09:53 | INFO | MONITOR_SLEEP | Sleeping for 20s (base=20s, consecutive_errors=0, monitoring_suspended=False)
2025-11-30 20:10:14 | INFO | STARTUP | Logging initialized | log_dir=/root/santhosh/trading/equity/logs/2025-11-30
2025-11-30 20:10:15 | INFO | FEEDBACK_INIT | PerformanceFeedback initialized for adaptive trading
2025-11-30 20:10:15 | INFO | MONITOR | Backed up stale positions.json to positions.json.startup_1764513615
2025-11-30 20:10:15 | INFO | MONITOR | ✓ Cleared stale positions.json - will rebuild from broker holdings
2025-11-30 20:10:15 | INFO | MONITOR | Skipping file load - broker will be source of truth
2025-11-30 20:10:15 | INFO | HOLDINGS_SYNC | Fetching positions and holdings from broker...
2025-11-30 20:10:15 | INFO | HOLDINGS_SYNC | No positions or holdings found at broker
2025-11-30 20:10:15 | INFO | MONITOR | Position monitoring started with bucketed LTP checking
2025-11-30 20:10:15 | INFO | MONITOR | Event loop thread started
2025-11-30 20:10:15 | INFO | MONITOR | Event loop started successfully for priority queue
2025-11-30 20:10:15 | INFO | MONITOR | Priority API queue enabled and started
2025-11-30 20:10:15 | INFO | SL_RETRY | SL retry thread started - waiting 30s before initial placement (conserve startup API quota)
2025-11-30 20:10:15 | INFO | SL_RETRY | SL retry thread started successfully
2025-11-30 20:10:15 | INFO | MONITOR_SLEEP | Sleeping for 20s (base=20s, consecutive_errors=0, monitoring_suspended=False)
2025-11-30 20:10:35 | INFO | MONITOR_SLEEP | Sleeping for 20s (base=20s, consecutive_errors=0, monitoring_suspended=False)
2025-11-30 20:10:45 | INFO | SL_RETRY | SL retry thread active - conservative mode (1 SL per 20s, max 10 retries)
2025-11-30 20:10:55 | INFO | MONITOR_SLEEP | Sleeping for 20s (base=20s, consecutive_errors=0, monitoring_suspended=False)
2025-11-30 20:11:15 | INFO | MONITOR | Paper trades checked (next in 60s)
2025-11-30 20:11:15 | INFO | MONITOR_SLEEP | Sleeping for 20s (base=20s, consecutive_errors=0, monitoring_suspended=False)
2025-11-30 20:11:35 | INFO | MONITOR_SLEEP | Sleeping for 20s (base=20s, consecutive_errors=0, monitoring_suspended=False)
2025-11-30 20:11:55 | INFO | MONITOR_SLEEP | Sleeping for 20s (base=20s, consecutive_errors=0, monitoring_suspended=False)
2025-11-30 20:12:15 | INFO | MONITOR | Paper trades checked (next in 60s)
2025-11-30 20:12:15 | INFO | MONITOR_SLEEP | Sleeping for 20s (base=20s, consecutive_errors=0, monitoring_suspended=False)
2025-11-30 20:12:35 | INFO | MONITOR_SLEEP | Sleeping for 20s (base=20s, consecutive_errors=0, monitoring_suspended=False)
2025-11-30 20:12:55 | INFO | MONITOR_SLEEP | Sleeping for 20s (base=20s, consecutive_errors=0, monitoring_suspended=False)
2025-11-30 20:13:15 | INFO | MONITOR | Paper trades checked (next in 60s)
2025-11-30 20:13:15 | INFO | MONITOR_SLEEP | Sleeping for 20s (base=20s, consecutive_errors=0, monitoring_suspended=False)
2025-11-30 20:13:35 | INFO | MONITOR_SLEEP | Sleeping for 20s (base=20s, consecutive_errors=0, monitoring_suspended=False)
2025-11-30 20:13:55 | INFO | MONITOR_SLEEP | Sleeping for 20s (base=20s, consecutive_errors=0, monitoring_suspended=False)
2025-11-30 20:14:15 | INFO | MONITOR | Paper trades checked (next in 60s)
2025-11-30 20:14:15 | INFO | MONITOR_SLEEP | Sleeping for 20s (base=20s, consecutive_errors=0, monitoring_suspended=False)
2025-11-30 20:14:35 | INFO | MONITOR_SLEEP | Sleeping for 20s (base=20s, consecutive_errors=0, monitoring_suspended=False)
2025-11-30 20:14:55 | INFO | MONITOR_SLEEP | Sleeping for 20s (base=20s, consecutive_errors=0, monitoring_suspended=False)
2025-11-30 20:15:11 | INFO | STARTUP | Logging initialized | log_dir=/root/santhosh/trading/equity/logs/2025-11-30
2025-11-30 20:15:12 | INFO | FEEDBACK_INIT | PerformanceFeedback initialized for adaptive trading
2025-11-30 20:15:12 | INFO | MONITOR | Backed up stale positions.json to positions.json.startup_1764513912
2025-11-30 20:15:12 | INFO | MONITOR | ✓ Cleared stale positions.json - will rebuild from broker holdings
2025-11-30 20:15:12 | INFO | MONITOR | Skipping file load - broker will be source of truth
2025-11-30 20:15:12 | INFO | HOLDINGS_SYNC | Fetching positions and holdings from broker...
2025-11-30 20:15:12 | INFO | HOLDINGS_SYNC | No positions or holdings found at broker
2025-11-30 20:15:12 | INFO | MONITOR | Position monitoring started with bucketed LTP checking
2025-11-30 20:15:12 | INFO | MONITOR | Event loop thread started
2025-11-30 20:15:12 | INFO | MONITOR | Event loop started successfully for priority queue
2025-11-30 20:15:13 | INFO | MONITOR | Priority API queue enabled and started
2025-11-30 20:15:13 | INFO | SL_RETRY | SL retry thread started - waiting 30s before initial placement (conserve startup API quota)
2025-11-30 20:15:13 | INFO | SL_RETRY | SL retry thread started successfully
2025-11-30 20:15:13 | INFO | MONITOR_SLEEP | Sleeping for 20s (base=20s, consecutive_errors=0, monitoring_suspended=False)
2025-11-30 20:15:33 | INFO | MONITOR_SLEEP | Sleeping for 20s (base=20s, consecutive_errors=0, monitoring_suspended=False)
2025-11-30 20:15:43 | INFO | SL_RETRY | SL retry thread active - conservative mode (1 SL per 20s, max 10 retries)
2025-11-30 20:15:53 | INFO | MONITOR_SLEEP | Sleeping for 20s (base=20s, consecutive_errors=0, monitoring_suspended=False)
2025-11-30 20:16:13 | INFO | MONITOR | Paper trades checked (next in 60s)
2025-11-30 20:16:13 | INFO | MONITOR_SLEEP | Sleeping for 20s (base=20s, consecutive_errors=0, monitoring_suspended=False)
2025-11-30 20:16:33 | INFO | MONITOR_SLEEP | Sleeping for 20s (base=20s, consecutive_errors=0, monitoring_suspended=False)
2025-11-30 20:16:53 | INFO | MONITOR_SLEEP | Sleeping for 20s (base=20s, consecutive_errors=0, monitoring_suspended=False)
2025-11-30 20:17:13 | INFO | MONITOR | Paper trades checked (next in 60s)
2025-11-30 20:17:13 | INFO | MONITOR_SLEEP | Sleeping for 20s (base=20s, consecutive_errors=0, monitoring_suspended=False)
2025-11-30 20:17:33 | INFO | MONITOR_SLEEP | Sleeping for 20s (base=20s, consecutive_errors=0, monitoring_suspended=False)
2025-11-30 20:17:53 | INFO | MONITOR_SLEEP | Sleeping for 20s (base=20s, consecutive_errors=0, monitoring_suspended=False)
2025-11-30 20:18:13 | INFO | MONITOR | Paper trades checked (next in 60s)
2025-11-30 20:18:13 | INFO | MONITOR_SLEEP | Sleeping for 20s (base=20s, consecutive_errors=0, monitoring_suspended=False)
2025-11-30 20:18:33 | INFO | MONITOR_SLEEP | Sleeping for 20s (base=20s, consecutive_errors=0, monitoring_suspended=False)
2025-11-30 20:18:53 | INFO | MONITOR_SLEEP | Sleeping for 20s (base=20s, consecutive_errors=0, monitoring_suspended=False)
2025-11-30 20:19:13 | INFO | MONITOR | Paper trades checked (next in 60s)
2025-11-30 20:19:13 | INFO | MONITOR_SLEEP | Sleeping for 20s (base=20s, consecutive_errors=0, monitoring_suspended=False)
2025-11-30 20:19:33 | INFO | MONITOR_SLEEP | Sleeping for 20s (base=20s, consecutive_errors=0, monitoring_suspended=False)
2025-11-30 20:19:53 | INFO | MONITOR_SLEEP | Sleeping for 20s (base=20s, consecutive_errors=0, monitoring_suspended=False)
2025-11-30 20:20:10 | INFO | STARTUP | Logging initialized | log_dir=/root/santhosh/trading/equity/logs/2025-11-30
2025-11-30 20:20:11 | INFO | FEEDBACK_INIT | PerformanceFeedback initialized for adaptive trading
2025-11-30 20:20:11 | INFO | MONITOR | Backed up stale positions.json to positions.json.startup_1764514211
2025-11-30 20:20:11 | INFO | MONITOR | ✓ Cleared stale positions.json - will rebuild from broker holdings
2025-11-30 20:20:11 | INFO | MONITOR | Skipping file load - broker will be source of truth
2025-11-30 20:20:11 | INFO | HOLDINGS_SYNC | Fetching positions and holdings from broker...
2025-11-30 20:20:11 | INFO | HOLDINGS_SYNC | No positions or holdings found at broker
2025-11-30 20:20:11 | INFO | MONITOR | Position monitoring started with bucketed LTP checking
2025-11-30 20:20:11 | INFO | MONITOR | Event loop thread started
2025-11-30 20:20:11 | INFO | MONITOR | Event loop started successfully for priority queue
2025-11-30 20:20:12 | INFO | MONITOR | Priority API queue enabled and started
2025-11-30 20:20:12 | INFO | SL_RETRY | SL retry thread started - waiting 30s before initial placement (conserve startup API quota)
2025-11-30 20:20:12 | INFO | SL_RETRY | SL retry thread started successfully
2025-11-30 20:20:12 | INFO | MONITOR_SLEEP | Sleeping for 20s (base=20s, consecutive_errors=0, monitoring_suspended=False)
2025-11-30 20:20:32 | INFO | MONITOR_SLEEP | Sleeping for 20s (base=20s, consecutive_errors=0, monitoring_suspended=False)
2025-11-30 20:20:42 | INFO | SL_RETRY | SL retry thread active - conservative mode (1 SL per 20s, max 10 retries)
2025-11-30 20:20:52 | INFO | MONITOR_SLEEP | Sleeping for 20s (base=20s, consecutive_errors=0, monitoring_suspended=False)
2025-11-30 20:21:12 | INFO | MONITOR | Paper trades checked (next in 60s)
2025-11-30 20:21:12 | INFO | MONITOR_SLEEP | Sleeping for 20s (base=20s, consecutive_errors=0, monitoring_suspended=False)
2025-11-30 20:21:32 | INFO | MONITOR_SLEEP | Sleeping for 20s (base=20s, consecutive_errors=0, monitoring_suspended=False)
2025-11-30 20:21:52 | INFO | MONITOR_SLEEP | Sleeping for 20s (base=20s, consecutive_errors=0, monitoring_suspended=False)
2025-11-30 20:22:12 | INFO | MONITOR | Paper trades checked (next in 60s)
2025-11-30 20:22:12 | INFO | MONITOR_SLEEP | Sleeping for 20s (base=20s, consecutive_errors=0, monitoring_suspended=False)
2025-11-30 20:22:32 | INFO | MONITOR_SLEEP | Sleeping for 20s (base=20s, consecutive_errors=0, monitoring_suspended=False)
2025-11-30 20:22:52 | INFO | MONITOR_SLEEP | Sleeping for 20s (base=20s, consecutive_errors=0, monitoring_suspended=False)
2025-11-30 20:23:12 | INFO | MONITOR | Paper trades checked (next in 60s)
2025-11-30 20:23:12 | INFO | MONITOR_SLEEP | Sleeping for 20s (base=20s, consecutive_errors=0, monitoring_suspended=False)
2025-11-30 20:23:32 | INFO | MONITOR_SLEEP | Sleeping for 20s (base=20s, consecutive_errors=0, monitoring_suspended=False)
2025-11-30 20:23:52 | INFO | MONITOR_SLEEP | Sleeping for 20s (base=20s, consecutive_errors=0, monitoring_suspended=False)
2025-11-30 20:24:12 | INFO | MONITOR | Paper trades checked (next in 60s)
2025-11-30 20:24:12 | INFO | MONITOR_SLEEP | Sleeping for 20s (base=20s, consecutive_errors=0, monitoring_suspended=False)
2025-11-30 20:24:32 | INFO | MONITOR_SLEEP | Sleeping for 20s (base=20s, consecutive_errors=0, monitoring_suspended=False)
2025-11-30 20:24:52 | INFO | MONITOR_SLEEP | Sleeping for 20s (base=20s, consecutive_errors=0, monitoring_suspended=False)
2025-11-30 20:25:13 | INFO | STARTUP | Logging initialized | log_dir=/root/santhosh/trading/equity/logs/2025-11-30
2025-11-30 20:25:13 | INFO | FEEDBACK_INIT | PerformanceFeedback initialized for adaptive trading
2025-11-30 20:25:13 | INFO | MONITOR | Backed up stale positions.json to positions.json.startup_1764514513
2025-11-30 20:25:13 | INFO | MONITOR | ✓ Cleared stale positions.json - will rebuild from broker holdings
2025-11-30 20:25:13 | INFO | MONITOR | Skipping file load - broker will be source of truth
2025-11-30 20:25:13 | INFO | HOLDINGS_SYNC | Fetching positions and holdings from broker...
2025-11-30 20:25:13 | INFO | HOLDINGS_SYNC | No positions or holdings found at broker
2025-11-30 20:25:13 | INFO | MONITOR | Position monitoring started with bucketed LTP checking
2025-11-30 20:25:13 | INFO | MONITOR | Event loop thread started
2025-11-30 20:25:14 | INFO | MONITOR | Event loop started successfully for priority queue
2025-11-30 20:25:14 | INFO | MONITOR | Priority API queue enabled and started
2025-11-30 20:25:14 | INFO | SL_RETRY | SL retry thread started - waiting 30s before initial placement (conserve startup API quota)
2025-11-30 20:25:14 | INFO | SL_RETRY | SL retry thread started successfully
2025-11-30 20:25:14 | INFO | MONITOR_SLEEP | Sleeping for 20s (base=20s, consecutive_errors=0, monitoring_suspended=False)
2025-11-30 20:25:34 | INFO | MONITOR_SLEEP | Sleeping for 20s (base=20s, consecutive_errors=0, monitoring_suspended=False)
2025-11-30 20:25:44 | INFO | SL_RETRY | SL retry thread active - conservative mode (1 SL per 20s, max 10 retries)
2025-11-30 20:25:54 | INFO | MONITOR_SLEEP | Sleeping for 20s (base=20s, consecutive_errors=0, monitoring_suspended=False)
2025-11-30 20:26:14 | INFO | MONITOR | Paper trades checked (next in 60s)
2025-11-30 20:26:14 | INFO | MONITOR_SLEEP | Sleeping for 20s (base=20s, consecutive_errors=0, monitoring_suspended=False)
2025-11-30 20:26:34 | INFO | MONITOR_SLEEP | Sleeping for 20s (base=20s, consecutive_errors=0, monitoring_suspended=False)
2025-11-30 20:26:54 | INFO | MONITOR_SLEEP | Sleeping for 20s (base=20s, consecutive_errors=0, monitoring_suspended=False)
2025-11-30 20:27:14 | INFO | MONITOR | Paper trades checked (next in 60s)
2025-11-30 20:27:14 | INFO | MONITOR_SLEEP | Sleeping for 20s (base=20s, consecutive_errors=0, monitoring_suspended=False)
2025-11-30 20:27:34 | INFO | MONITOR_SLEEP | Sleeping for 20s (base=20s, consecutive_errors=0, monitoring_suspended=False)
2025-11-30 20:27:54 | INFO | MONITOR_SLEEP | Sleeping for 20s (base=20s, consecutive_errors=0, monitoring_suspended=False)
2025-11-30 20:28:14 | INFO | MONITOR | Paper trades checked (next in 60s)
2025-11-30 20:28:14 | INFO | MONITOR_SLEEP | Sleeping for 20s (base=20s, consecutive_errors=0, monitoring_suspended=False)
2025-11-30 20:28:34 | INFO | MONITOR_SLEEP | Sleeping for 20s (base=20s, consecutive_errors=0, monitoring_suspended=False)
2025-11-30 20:28:54 | INFO | MONITOR_SLEEP | Sleeping for 20s (base=20s, consecutive_errors=0, monitoring_suspended=False)
2025-11-30 20:29:14 | INFO | MONITOR | Paper trades checked (next in 60s)
2025-11-30 20:29:14 | INFO | MONITOR_SLEEP | Sleeping for 20s (base=20s, consecutive_errors=0, monitoring_suspended=False)
2025-11-30 20:29:34 | INFO | MONITOR_SLEEP | Sleeping for 20s (base=20s, consecutive_errors=0, monitoring_suspended=False)
2025-11-30 20:29:54 | INFO | MONITOR_SLEEP | Sleeping for 20s (base=20s, consecutive_errors=0, monitoring_suspended=False)
2025-11-30 20:30:16 | INFO | STARTUP | Logging initialized | log_dir=/root/santhosh/trading/equity/logs/2025-11-30
2025-11-30 20:30:17 | INFO | FEEDBACK_INIT | PerformanceFeedback initialized for adaptive trading
2025-11-30 20:30:17 | INFO | MONITOR | Backed up stale positions.json to positions.json.startup_1764514817
2025-11-30 20:30:17 | INFO | MONITOR | ✓ Cleared stale positions.json - will rebuild from broker holdings
2025-11-30 20:30:17 | INFO | MONITOR | Skipping file load - broker will be source of truth
2025-11-30 20:30:17 | INFO | HOLDINGS_SYNC | Fetching positions and holdings from broker...
2025-11-30 20:30:17 | INFO | HOLDINGS_SYNC | No positions or holdings found at broker
2025-11-30 20:30:17 | INFO | MONITOR | Position monitoring started with bucketed LTP checking
2025-11-30 20:30:17 | INFO | MONITOR | Event loop thread started
2025-11-30 20:30:17 | INFO | MONITOR | Event loop started successfully for priority queue
2025-11-30 20:30:18 | INFO | MONITOR | Priority API queue enabled and started
2025-11-30 20:30:18 | INFO | SL_RETRY | SL retry thread started - waiting 30s before initial placement (conserve startup API quota)
2025-11-30 20:30:18 | INFO | SL_RETRY | SL retry thread started successfully
2025-11-30 20:30:18 | INFO | MONITOR_SLEEP | Sleeping for 20s (base=20s, consecutive_errors=0, monitoring_suspended=False)
2025-11-30 20:30:38 | INFO | MONITOR_SLEEP | Sleeping for 20s (base=20s, consecutive_errors=0, monitoring_suspended=False)
2025-11-30 20:30:48 | INFO | SL_RETRY | SL retry thread active - conservative mode (1 SL per 20s, max 10 retries)
2025-11-30 20:30:58 | INFO | MONITOR_SLEEP | Sleeping for 20s (base=20s, consecutive_errors=0, monitoring_suspended=False)
2025-11-30 20:31:18 | INFO | MONITOR | Paper trades checked (next in 60s)
2025-11-30 20:31:18 | INFO | MONITOR_SLEEP | Sleeping for 20s (base=20s, consecutive_errors=0, monitoring_suspended=False)
2025-11-30 20:31:38 | INFO | MONITOR_SLEEP | Sleeping for 20s (base=20s, consecutive_errors=0, monitoring_suspended=False)
2025-11-30 20:31:58 | INFO | MONITOR_SLEEP | Sleeping for 20s (base=20s, consecutive_errors=0, monitoring_suspended=False)
2025-11-30 20:32:18 | INFO | MONITOR | Paper trades checked (next in 60s)
2025-11-30 20:32:18 | INFO | MONITOR_SLEEP | Sleeping for 20s (base=20s, consecutive_errors=0, monitoring_suspended=False)
2025-11-30 20:32:38 | INFO | MONITOR_SLEEP | Sleeping for 20s (base=20s, consecutive_errors=0, monitoring_suspended=False)
2025-11-30 20:32:58 | INFO | MONITOR_SLEEP | Sleeping for 20s (base=20s, consecutive_errors=0, monitoring_suspended=False)
2025-11-30 20:33:18 | INFO | MONITOR | Paper trades checked (next in 60s)
2025-11-30 20:33:18 | INFO | MONITOR_SLEEP | Sleeping for 20s (base=20s, consecutive_errors=0, monitoring_suspended=False)
2025-11-30 20:33:38 | INFO | MONITOR_SLEEP | Sleeping for 20s (base=20s, consecutive_errors=0, monitoring_suspended=False)
2025-11-30 20:33:58 | INFO | MONITOR_SLEEP | Sleeping for 20s (base=20s, consecutive_errors=0, monitoring_suspended=False)
2025-11-30 20:34:18 | INFO | MONITOR | Paper trades checked (next in 60s)
2025-11-30 20:34:18 | INFO | MONITOR_SLEEP | Sleeping for 20s (base=20s, consecutive_errors=0, monitoring_suspended=False)
2025-11-30 20:34:38 | INFO | MONITOR_SLEEP | Sleeping for 20s (base=20s, consecutive_errors=0, monitoring_suspended=False)
2025-11-30 20:34:58 | INFO | MONITOR_SLEEP | Sleeping for 20s (base=20s, consecutive_errors=0, monitoring_suspended=False)
2025-11-30 20:35:12 | INFO | STARTUP | Logging initialized | log_dir=/root/santhosh/trading/equity/logs/2025-11-30
2025-11-30 20:35:13 | INFO | FEEDBACK_INIT | PerformanceFeedback initialized for adaptive trading
2025-11-30 20:35:13 | INFO | MONITOR | Backed up stale positions.json to positions.json.startup_1764515113
2025-11-30 20:35:13 | INFO | MONITOR | ✓ Cleared stale positions.json - will rebuild from broker holdings
2025-11-30 20:35:13 | INFO | MONITOR | Skipping file load - broker will be source of truth
2025-11-30 20:35:13 | INFO | HOLDINGS_SYNC | Fetching positions and holdings from broker...
2025-11-30 20:35:13 | INFO | HOLDINGS_SYNC | No positions or holdings found at broker
2025-11-30 20:35:13 | INFO | MONITOR | Position monitoring started with bucketed LTP checking
2025-11-30 20:35:13 | INFO | MONITOR | Event loop thread started
2025-11-30 20:35:13 | INFO | MONITOR | Event loop started successfully for priority queue
2025-11-30 20:35:13 | INFO | MONITOR | Priority API queue enabled and started
2025-11-30 20:35:13 | INFO | SL_RETRY | SL retry thread started - waiting 30s before initial placement (conserve startup API quota)
2025-11-30 20:35:13 | INFO | SL_RETRY | SL retry thread started successfully
2025-11-30 20:35:13 | INFO | MONITOR_SLEEP | Sleeping for 20s (base=20s, consecutive_errors=0, monitoring_suspended=False)
2025-11-30 20:35:33 | INFO | MONITOR_SLEEP | Sleeping for 20s (base=20s, consecutive_errors=0, monitoring_suspended=False)
2025-11-30 20:35:43 | INFO | SL_RETRY | SL retry thread active - conservative mode (1 SL per 20s, max 10 retries)
2025-11-30 20:35:53 | INFO | MONITOR_SLEEP | Sleeping for 20s (base=20s, consecutive_errors=0, monitoring_suspended=False)
2025-11-30 20:36:13 | INFO | MONITOR | Paper trades checked (next in 60s)
2025-11-30 20:36:13 | INFO | MONITOR_SLEEP | Sleeping for 20s (base=20s, consecutive_errors=0, monitoring_suspended=False)
2025-11-30 20:36:33 | INFO | MONITOR_SLEEP | Sleeping for 20s (base=20s, consecutive_errors=0, monitoring_suspended=False)
2025-11-30 20:36:53 | INFO | MONITOR_SLEEP | Sleeping for 20s (base=20s, consecutive_errors=0, monitoring_suspended=False)
2025-11-30 20:37:13 | INFO | MONITOR | Paper trades checked (next in 60s)
2025-11-30 20:37:13 | INFO | MONITOR_SLEEP | Sleeping for 20s (base=20s, consecutive_errors=0, monitoring_suspended=False)
2025-11-30 20:37:33 | INFO | MONITOR_SLEEP | Sleeping for 20s (base=20s, consecutive_errors=0, monitoring_suspended=False)
2025-11-30 20:37:53 | INFO | MONITOR_SLEEP | Sleeping for 20s (base=20s, consecutive_errors=0, monitoring_suspended=False)
2025-11-30 20:38:13 | INFO | MONITOR | Paper trades checked (next in 60s)
2025-11-30 20:38:13 | INFO | MONITOR_SLEEP | Sleeping for 20s (base=20s, consecutive_errors=0, monitoring_suspended=False)
2025-11-30 20:38:33 | INFO | MONITOR_SLEEP | Sleeping for 20s (base=20s, consecutive_errors=0, monitoring_suspended=False)
2025-11-30 20:38:53 | INFO | MONITOR_SLEEP | Sleeping for 20s (base=20s, consecutive_errors=0, monitoring_suspended=False)
2025-11-30 20:39:13 | INFO | MONITOR | Paper trades checked (next in 60s)
2025-11-30 20:39:13 | INFO | MONITOR_SLEEP | Sleeping for 20s (base=20s, consecutive_errors=0, monitoring_suspended=False)
2025-11-30 20:39:33 | INFO | MONITOR_SLEEP | Sleeping for 20s (base=20s, consecutive_errors=0, monitoring_suspended=False)
2025-11-30 20:39:53 | INFO | MONITOR_SLEEP | Sleeping for 20s (base=20s, consecutive_errors=0, monitoring_suspended=False)
2025-11-30 20:40:11 | INFO | STARTUP | Logging initialized | log_dir=/root/santhosh/trading/equity/logs/2025-11-30
2025-11-30 20:40:12 | INFO | FEEDBACK_INIT | PerformanceFeedback initialized for adaptive trading
2025-11-30 20:40:12 | INFO | MONITOR | Backed up stale positions.json to positions.json.startup_1764515412
2025-11-30 20:40:12 | INFO | MONITOR | ✓ Cleared stale positions.json - will rebuild from broker holdings
2025-11-30 20:40:12 | INFO | MONITOR | Skipping file load - broker will be source of truth
2025-11-30 20:40:12 | INFO | HOLDINGS_SYNC | Fetching positions and holdings from broker...
2025-11-30 20:40:13 | INFO | HOLDINGS_SYNC | No positions or holdings found at broker
2025-11-30 20:40:13 | INFO | MONITOR | Position monitoring started with bucketed LTP checking
2025-11-30 20:40:13 | INFO | MONITOR | Event loop thread started
2025-11-30 20:40:13 | INFO | MONITOR | Event loop started successfully for priority queue
2025-11-30 20:40:13 | INFO | MONITOR | Priority API queue enabled and started
2025-11-30 20:40:13 | INFO | SL_RETRY | SL retry thread started - waiting 30s before initial placement (conserve startup API quota)
2025-11-30 20:40:13 | INFO | SL_RETRY | SL retry thread started successfully
2025-11-30 20:40:13 | INFO | MONITOR_SLEEP | Sleeping for 20s (base=20s, consecutive_errors=0, monitoring_suspended=False)
2025-11-30 20:40:33 | INFO | MONITOR_SLEEP | Sleeping for 20s (base=20s, consecutive_errors=0, monitoring_suspended=False)
2025-11-30 20:40:43 | INFO | SL_RETRY | SL retry thread active - conservative mode (1 SL per 20s, max 10 retries)
2025-11-30 20:40:53 | INFO | MONITOR_SLEEP | Sleeping for 20s (base=20s, consecutive_errors=0, monitoring_suspended=False)
2025-11-30 20:41:13 | INFO | MONITOR | Paper trades checked (next in 60s)
2025-11-30 20:41:13 | INFO | MONITOR_SLEEP | Sleeping for 20s (base=20s, consecutive_errors=0, monitoring_suspended=False)
2025-11-30 20:41:33 | INFO | MONITOR_SLEEP | Sleeping for 20s (base=20s, consecutive_errors=0, monitoring_suspended=False)
2025-11-30 20:41:53 | INFO | MONITOR_SLEEP | Sleeping for 20s (base=20s, consecutive_errors=0, monitoring_suspended=False)
2025-11-30 20:42:13 | INFO | MONITOR | Paper trades checked (next in 60s)
2025-11-30 20:42:13 | INFO | MONITOR_SLEEP | Sleeping for 20s (base=20s, consecutive_errors=0, monitoring_suspended=False)
2025-11-30 20:42:33 | INFO | MONITOR_SLEEP | Sleeping for 20s (base=20s, consecutive_errors=0, monitoring_suspended=False)
2025-11-30 20:42:53 | INFO | MONITOR_SLEEP | Sleeping for 20s (base=20s, consecutive_errors=0, monitoring_suspended=False)
2025-11-30 20:43:13 | INFO | MONITOR | Paper trades checked (next in 60s)
2025-11-30 20:43:13 | INFO | MONITOR_SLEEP | Sleeping for 20s (base=20s, consecutive_errors=0, monitoring_suspended=False)
2025-11-30 20:43:33 | INFO | MONITOR_SLEEP | Sleeping for 20s (base=20s, consecutive_errors=0, monitoring_suspended=False)
2025-11-30 20:43:53 | INFO | MONITOR_SLEEP | Sleeping for 20s (base=20s, consecutive_errors=0, monitoring_suspended=False)
2025-11-30 20:44:13 | INFO | MONITOR | Paper trades checked (next in 60s)
2025-11-30 20:44:13 | INFO | MONITOR_SLEEP | Sleeping for 20s (base=20s, consecutive_errors=0, monitoring_suspended=False)
2025-11-30 20:44:33 | INFO | MONITOR_SLEEP | Sleeping for 20s (base=20s, consecutive_errors=0, monitoring_suspended=False)
2025-11-30 20:44:53 | INFO | MONITOR_SLEEP | Sleeping for 20s (base=20s, consecutive_errors=0, monitoring_suspended=False)
2025-11-30 20:45:10 | INFO | STARTUP | Logging initialized | log_dir=/root/santhosh/trading/equity/logs/2025-11-30
2025-11-30 20:45:11 | INFO | FEEDBACK_INIT | PerformanceFeedback initialized for adaptive trading
2025-11-30 20:45:11 | INFO | MONITOR | Backed up stale positions.json to positions.json.startup_1764515711
2025-11-30 20:45:11 | INFO | MONITOR | ✓ Cleared stale positions.json - will rebuild from broker holdings
2025-11-30 20:45:11 | INFO | MONITOR | Skipping file load - broker will be source of truth
2025-11-30 20:45:11 | INFO | HOLDINGS_SYNC | Fetching positions and holdings from broker...
2025-11-30 20:45:11 | INFO | HOLDINGS_SYNC | No positions or holdings found at broker
2025-11-30 20:45:11 | INFO | MONITOR | Position monitoring started with bucketed LTP checking
2025-11-30 20:45:11 | INFO | MONITOR | Event loop thread started
2025-11-30 20:45:11 | INFO | MONITOR | Event loop started successfully for priority queue
2025-11-30 20:45:12 | INFO | MONITOR | Priority API queue enabled and started
2025-11-30 20:45:12 | INFO | SL_RETRY | SL retry thread started - waiting 30s before initial placement (conserve startup API quota)
2025-11-30 20:45:12 | INFO | SL_RETRY | SL retry thread started successfully
2025-11-30 20:45:12 | INFO | MONITOR_SLEEP | Sleeping for 20s (base=20s, consecutive_errors=0, monitoring_suspended=False)
2025-11-30 20:45:32 | INFO | MONITOR_SLEEP | Sleeping for 20s (base=20s, consecutive_errors=0, monitoring_suspended=False)
2025-11-30 20:45:42 | INFO | SL_RETRY | SL retry thread active - conservative mode (1 SL per 20s, max 10 retries)
2025-11-30 20:45:52 | INFO | MONITOR_SLEEP | Sleeping for 20s (base=20s, consecutive_errors=0, monitoring_suspended=False)
2025-11-30 20:46:12 | INFO | MONITOR | Paper trades checked (next in 60s)
2025-11-30 20:46:12 | INFO | MONITOR_SLEEP | Sleeping for 20s (base=20s, consecutive_errors=0, monitoring_suspended=False)
2025-11-30 20:46:32 | INFO | MONITOR_SLEEP | Sleeping for 20s (base=20s, consecutive_errors=0, monitoring_suspended=False)
2025-11-30 20:46:52 | INFO | MONITOR_SLEEP | Sleeping for 20s (base=20s, consecutive_errors=0, monitoring_suspended=False)
2025-11-30 20:47:12 | INFO | MONITOR | Paper trades checked (next in 60s)
2025-11-30 20:47:12 | INFO | MONITOR_SLEEP | Sleeping for 20s (base=20s, consecutive_errors=0, monitoring_suspended=False)
2025-11-30 20:47:32 | INFO | MONITOR_SLEEP | Sleeping for 20s (base=20s, consecutive_errors=0, monitoring_suspended=False)
2025-11-30 20:47:52 | INFO | MONITOR_SLEEP | Sleeping for 20s (base=20s, consecutive_errors=0, monitoring_suspended=False)
2025-11-30 20:48:12 | INFO | MONITOR | Paper trades checked (next in 60s)
2025-11-30 20:48:12 | INFO | MONITOR_SLEEP | Sleeping for 20s (base=20s, consecutive_errors=0, monitoring_suspended=False)
2025-11-30 20:48:32 | INFO | MONITOR_SLEEP | Sleeping for 20s (base=20s, consecutive_errors=0, monitoring_suspended=False)
2025-11-30 20:48:52 | INFO | MONITOR_SLEEP | Sleeping for 20s (base=20s, consecutive_errors=0, monitoring_suspended=False)
2025-11-30 20:49:12 | INFO | MONITOR | Paper trades checked (next in 60s)
2025-11-30 20:49:12 | INFO | MONITOR_SLEEP | Sleeping for 20s (base=20s, consecutive_errors=0, monitoring_suspended=False)
2025-11-30 20:49:32 | INFO | MONITOR_SLEEP | Sleeping for 20s (base=20s, consecutive_errors=0, monitoring_suspended=False)
2025-11-30 20:49:52 | INFO | MONITOR_SLEEP | Sleeping for 20s (base=20s, consecutive_errors=0, monitoring_suspended=False)
2025-11-30 20:50:10 | INFO | STARTUP | Logging initialized | log_dir=/root/santhosh/trading/equity/logs/2025-11-30
2025-11-30 20:50:11 | INFO | FEEDBACK_INIT | PerformanceFeedback initialized for adaptive trading
2025-11-30 20:50:11 | INFO | MONITOR | Backed up stale positions.json to positions.json.startup_1764516011
2025-11-30 20:50:11 | INFO | MONITOR | ✓ Cleared stale positions.json - will rebuild from broker holdings
2025-11-30 20:50:11 | INFO | MONITOR | Skipping file load - broker will be source of truth
2025-11-30 20:50:11 | INFO | HOLDINGS_SYNC | Fetching positions and holdings from broker...
2025-11-30 20:50:11 | INFO | HOLDINGS_SYNC | No positions or holdings found at broker
2025-11-30 20:50:11 | INFO | MONITOR | Position monitoring started with bucketed LTP checking
2025-11-30 20:50:11 | INFO | MONITOR | Event loop thread started
2025-11-30 20:50:11 | INFO | MONITOR | Event loop started successfully for priority queue
2025-11-30 20:50:12 | INFO | MONITOR | Priority API queue enabled and started
2025-11-30 20:50:12 | INFO | SL_RETRY | SL retry thread started - waiting 30s before initial placement (conserve startup API quota)
2025-11-30 20:50:12 | INFO | SL_RETRY | SL retry thread started successfully
2025-11-30 20:50:12 | INFO | MONITOR_SLEEP | Sleeping for 20s (base=20s, consecutive_errors=0, monitoring_suspended=False)
2025-11-30 20:50:32 | INFO | MONITOR_SLEEP | Sleeping for 20s (base=20s, consecutive_errors=0, monitoring_suspended=False)
2025-11-30 20:50:42 | INFO | SL_RETRY | SL retry thread active - conservative mode (1 SL per 20s, max 10 retries)
2025-11-30 20:50:52 | INFO | MONITOR_SLEEP | Sleeping for 20s (base=20s, consecutive_errors=0, monitoring_suspended=False)
2025-11-30 20:51:12 | INFO | MONITOR | Paper trades checked (next in 60s)
2025-11-30 20:51:12 | INFO | MONITOR_SLEEP | Sleeping for 20s (base=20s, consecutive_errors=0, monitoring_suspended=False)
2025-11-30 20:51:32 | INFO | MONITOR_SLEEP | Sleeping for 20s (base=20s, consecutive_errors=0, monitoring_suspended=False)
2025-11-30 20:51:52 | INFO | MONITOR_SLEEP | Sleeping for 20s (base=20s, consecutive_errors=0, monitoring_suspended=False)
2025-11-30 20:52:12 | INFO | MONITOR | Paper trades checked (next in 60s)
2025-11-30 20:52:12 | INFO | MONITOR_SLEEP | Sleeping for 20s (base=20s, consecutive_errors=0, monitoring_suspended=False)
2025-11-30 20:52:32 | INFO | MONITOR_SLEEP | Sleeping for 20s (base=20s, consecutive_errors=0, monitoring_suspended=False)
2025-11-30 20:52:52 | INFO | MONITOR_SLEEP | Sleeping for 20s (base=20s, consecutive_errors=0, monitoring_suspended=False)
2025-11-30 20:53:12 | INFO | MONITOR | Paper trades checked (next in 60s)
2025-11-30 20:53:12 | INFO | MONITOR_SLEEP | Sleeping for 20s (base=20s, consecutive_errors=0, monitoring_suspended=False)
2025-11-30 20:53:32 | INFO | MONITOR_SLEEP | Sleeping for 20s (base=20s, consecutive_errors=0, monitoring_suspended=False)
2025-11-30 20:53:52 | INFO | MONITOR_SLEEP | Sleeping for 20s (base=20s, consecutive_errors=0, monitoring_suspended=False)
2025-11-30 20:54:12 | INFO | MONITOR | Paper trades checked (next in 60s)
2025-11-30 20:54:12 | INFO | MONITOR_SLEEP | Sleeping for 20s (base=20s, consecutive_errors=0, monitoring_suspended=False)
2025-11-30 20:54:32 | INFO | MONITOR_SLEEP | Sleeping for 20s (base=20s, consecutive_errors=0, monitoring_suspended=False)
2025-11-30 20:54:52 | INFO | MONITOR_SLEEP | Sleeping for 20s (base=20s, consecutive_errors=0, monitoring_suspended=False)
2025-11-30 20:55:12 | INFO | STARTUP | Logging initialized | log_dir=/root/santhosh/trading/equity/logs/2025-11-30
2025-11-30 20:55:13 | INFO | FEEDBACK_INIT | PerformanceFeedback initialized for adaptive trading
2025-11-30 20:55:13 | INFO | MONITOR | Backed up stale positions.json to positions.json.startup_1764516313
2025-11-30 20:55:13 | INFO | MONITOR | ✓ Cleared stale positions.json - will rebuild from broker holdings
2025-11-30 20:55:13 | INFO | MONITOR | Skipping file load - broker will be source of truth
2025-11-30 20:55:13 | INFO | HOLDINGS_SYNC | Fetching positions and holdings from broker...
2025-11-30 20:55:13 | INFO | HOLDINGS_SYNC | No positions or holdings found at broker
2025-11-30 20:55:13 | INFO | MONITOR | Position monitoring started with bucketed LTP checking
2025-11-30 20:55:13 | INFO | MONITOR | Event loop thread started
2025-11-30 20:55:13 | INFO | MONITOR | Event loop started successfully for priority queue
2025-11-30 20:55:13 | INFO | MONITOR | Priority API queue enabled and started
2025-11-30 20:55:13 | INFO | SL_RETRY | SL retry thread started - waiting 30s before initial placement (conserve startup API quota)
2025-11-30 20:55:13 | INFO | SL_RETRY | SL retry thread started successfully
2025-11-30 20:55:13 | INFO | MONITOR_SLEEP | Sleeping for 20s (base=20s, consecutive_errors=0, monitoring_suspended=False)
2025-11-30 20:55:33 | INFO | MONITOR_SLEEP | Sleeping for 20s (base=20s, consecutive_errors=0, monitoring_suspended=False)
2025-11-30 20:55:43 | INFO | SL_RETRY | SL retry thread active - conservative mode (1 SL per 20s, max 10 retries)
2025-11-30 20:55:53 | INFO | MONITOR_SLEEP | Sleeping for 20s (base=20s, consecutive_errors=0, monitoring_suspended=False)
2025-11-30 20:56:13 | INFO | MONITOR | Paper trades checked (next in 60s)
2025-11-30 20:56:13 | INFO | MONITOR_SLEEP | Sleeping for 20s (base=20s, consecutive_errors=0, monitoring_suspended=False)
2025-11-30 20:56:33 | INFO | MONITOR_SLEEP | Sleeping for 20s (base=20s, consecutive_errors=0, monitoring_suspended=False)
2025-11-30 20:56:53 | INFO | MONITOR_SLEEP | Sleeping for 20s (base=20s, consecutive_errors=0, monitoring_suspended=False)
2025-11-30 20:57:13 | INFO | MONITOR | Paper trades checked (next in 60s)
2025-11-30 20:57:13 | INFO | MONITOR_SLEEP | Sleeping for 20s (base=20s, consecutive_errors=0, monitoring_suspended=False)
2025-11-30 20:57:33 | INFO | MONITOR_SLEEP | Sleeping for 20s (base=20s, consecutive_errors=0, monitoring_suspended=False)
2025-11-30 20:57:53 | INFO | MONITOR_SLEEP | Sleeping for 20s (base=20s, consecutive_errors=0, monitoring_suspended=False)
2025-11-30 20:58:13 | INFO | MONITOR | Paper trades checked (next in 60s)
2025-11-30 20:58:13 | INFO | MONITOR_SLEEP | Sleeping for 20s (base=20s, consecutive_errors=0, monitoring_suspended=False)
2025-11-30 20:58:33 | INFO | MONITOR_SLEEP | Sleeping for 20s (base=20s, consecutive_errors=0, monitoring_suspended=False)
2025-11-30 20:58:53 | INFO | MONITOR_SLEEP | Sleeping for 20s (base=20s, consecutive_errors=0, monitoring_suspended=False)
2025-11-30 20:59:13 | INFO | MONITOR | Paper trades checked (next in 60s)
2025-11-30 20:59:13 | INFO | MONITOR_SLEEP | Sleeping for 20s (base=20s, consecutive_errors=0, monitoring_suspended=False)
2025-11-30 20:59:33 | INFO | MONITOR_SLEEP | Sleeping for 20s (base=20s, consecutive_errors=0, monitoring_suspended=False)
2025-11-30 20:59:53 | INFO | MONITOR_SLEEP | Sleeping for 20s (base=20s, consecutive_errors=0, monitoring_suspended=False)
2025-11-30 21:00:11 | INFO | STARTUP | Logging initialized | log_dir=/root/santhosh/trading/equity/logs/2025-11-30
2025-11-30 21:00:12 | INFO | FEEDBACK_INIT | PerformanceFeedback initialized for adaptive trading
2025-11-30 21:00:12 | INFO | MONITOR | Backed up stale positions.json to positions.json.startup_1764516612
2025-11-30 21:00:12 | INFO | MONITOR | ✓ Cleared stale positions.json - will rebuild from broker holdings
2025-11-30 21:00:12 | INFO | MONITOR | Skipping file load - broker will be source of truth
2025-11-30 21:00:12 | INFO | HOLDINGS_SYNC | Fetching positions and holdings from broker...
2025-11-30 21:00:12 | INFO | HOLDINGS_SYNC | No positions or holdings found at broker
2025-11-30 21:00:12 | INFO | MONITOR | Position monitoring started with bucketed LTP checking
2025-11-30 21:00:12 | INFO | MONITOR | Event loop thread started
2025-11-30 21:00:12 | INFO | MONITOR | Event loop started successfully for priority queue
2025-11-30 21:00:13 | INFO | MONITOR | Priority API queue enabled and started
2025-11-30 21:00:13 | INFO | SL_RETRY | SL retry thread started - waiting 30s before initial placement (conserve startup API quota)
2025-11-30 21:00:13 | INFO | SL_RETRY | SL retry thread started successfully
2025-11-30 21:00:13 | INFO | MONITOR_SLEEP | Sleeping for 20s (base=20s, consecutive_errors=0, monitoring_suspended=False)
2025-11-30 21:00:33 | INFO | MONITOR_SLEEP | Sleeping for 20s (base=20s, consecutive_errors=0, monitoring_suspended=False)
2025-11-30 21:00:43 | INFO | SL_RETRY | SL retry thread active - conservative mode (1 SL per 20s, max 10 retries)
2025-11-30 21:00:53 | INFO | MONITOR_SLEEP | Sleeping for 20s (base=20s, consecutive_errors=0, monitoring_suspended=False)
2025-11-30 21:01:13 | INFO | MONITOR | Paper trades checked (next in 60s)
2025-11-30 21:01:13 | INFO | MONITOR_SLEEP | Sleeping for 20s (base=20s, consecutive_errors=0, monitoring_suspended=False)
2025-11-30 21:01:33 | INFO | MONITOR_SLEEP | Sleeping for 20s (base=20s, consecutive_errors=0, monitoring_suspended=False)
2025-11-30 21:01:53 | INFO | MONITOR_SLEEP | Sleeping for 20s (base=20s, consecutive_errors=0, monitoring_suspended=False)
2025-11-30 21:02:13 | INFO | MONITOR | Paper trades checked (next in 60s)
2025-11-30 21:02:13 | INFO | MONITOR_SLEEP | Sleeping for 20s (base=20s, consecutive_errors=0, monitoring_suspended=False)
2025-11-30 21:02:33 | INFO | MONITOR_SLEEP | Sleeping for 20s (base=20s, consecutive_errors=0, monitoring_suspended=False)
2025-11-30 21:02:53 | INFO | MONITOR_SLEEP | Sleeping for 20s (base=20s, consecutive_errors=0, monitoring_suspended=False)
2025-11-30 21:03:13 | INFO | MONITOR | Paper trades checked (next in 60s)
2025-11-30 21:03:13 | INFO | MONITOR_SLEEP | Sleeping for 20s (base=20s, consecutive_errors=0, monitoring_suspended=False)
2025-11-30 21:03:33 | INFO | MONITOR_SLEEP | Sleeping for 20s (base=20s, consecutive_errors=0, monitoring_suspended=False)
2025-11-30 21:03:53 | INFO | MONITOR_SLEEP | Sleeping for 20s (base=20s, consecutive_errors=0, monitoring_suspended=False)
2025-11-30 21:04:13 | INFO | MONITOR | Paper trades checked (next in 60s)
2025-11-30 21:04:13 | INFO | MONITOR_SLEEP | Sleeping for 20s (base=20s, consecutive_errors=0, monitoring_suspended=False)
2025-11-30 21:04:33 | INFO | MONITOR_SLEEP | Sleeping for 20s (base=20s, consecutive_errors=0, monitoring_suspended=False)
2025-11-30 21:04:53 | INFO | MONITOR_SLEEP | Sleeping for 20s (base=20s, consecutive_errors=0, monitoring_suspended=False)
2025-11-30 21:05:11 | INFO | STARTUP | Logging initialized | log_dir=/root/santhosh/trading/equity/logs/2025-11-30
2025-11-30 21:05:12 | INFO | FEEDBACK_INIT | PerformanceFeedback initialized for adaptive trading
2025-11-30 21:05:12 | INFO | MONITOR | Backed up stale positions.json to positions.json.startup_1764516912
2025-11-30 21:05:12 | INFO | MONITOR | ✓ Cleared stale positions.json - will rebuild from broker holdings
2025-11-30 21:05:12 | INFO | MONITOR | Skipping file load - broker will be source of truth
2025-11-30 21:05:12 | INFO | HOLDINGS_SYNC | Fetching positions and holdings from broker...
2025-11-30 21:05:12 | INFO | HOLDINGS_SYNC | No positions or holdings found at broker
2025-11-30 21:05:12 | INFO | MONITOR | Position monitoring started with bucketed LTP checking
2025-11-30 21:05:12 | INFO | MONITOR | Event loop thread started
2025-11-30 21:05:12 | INFO | MONITOR | Event loop started successfully for priority queue
2025-11-30 21:05:13 | INFO | MONITOR | Priority API queue enabled and started
2025-11-30 21:05:13 | INFO | SL_RETRY | SL retry thread started - waiting 30s before initial placement (conserve startup API quota)
2025-11-30 21:05:13 | INFO | SL_RETRY | SL retry thread started successfully
2025-11-30 21:05:13 | INFO | MONITOR_SLEEP | Sleeping for 20s (base=20s, consecutive_errors=0, monitoring_suspended=False)
2025-11-30 21:05:33 | INFO | MONITOR_SLEEP | Sleeping for 20s (base=20s, consecutive_errors=0, monitoring_suspended=False)
2025-11-30 21:05:43 | INFO | SL_RETRY | SL retry thread active - conservative mode (1 SL per 20s, max 10 retries)
2025-11-30 21:05:53 | INFO | MONITOR_SLEEP | Sleeping for 20s (base=20s, consecutive_errors=0, monitoring_suspended=False)
2025-11-30 21:06:13 | INFO | MONITOR | Paper trades checked (next in 60s)
2025-11-30 21:06:13 | INFO | MONITOR_SLEEP | Sleeping for 20s (base=20s, consecutive_errors=0, monitoring_suspended=False)
2025-11-30 21:06:33 | INFO | MONITOR_SLEEP | Sleeping for 20s (base=20s, consecutive_errors=0, monitoring_suspended=False)
2025-11-30 21:06:53 | INFO | MONITOR_SLEEP | Sleeping for 20s (base=20s, consecutive_errors=0, monitoring_suspended=False)
2025-11-30 21:07:13 | INFO | MONITOR | Paper trades checked (next in 60s)
2025-11-30 21:07:13 | INFO | MONITOR_SLEEP | Sleeping for 20s (base=20s, consecutive_errors=0, monitoring_suspended=False)
2025-11-30 21:07:33 | INFO | MONITOR_SLEEP | Sleeping for 20s (base=20s, consecutive_errors=0, monitoring_suspended=False)
2025-11-30 21:07:53 | INFO | MONITOR_SLEEP | Sleeping for 20s (base=20s, consecutive_errors=0, monitoring_suspended=False)
2025-11-30 21:08:13 | INFO | MONITOR | Paper trades checked (next in 60s)
2025-11-30 21:08:13 | INFO | MONITOR_SLEEP | Sleeping for 20s (base=20s, consecutive_errors=0, monitoring_suspended=False)
2025-11-30 21:08:33 | INFO | MONITOR_SLEEP | Sleeping for 20s (base=20s, consecutive_errors=0, monitoring_suspended=False)
2025-11-30 21:08:53 | INFO | MONITOR_SLEEP | Sleeping for 20s (base=20s, consecutive_errors=0, monitoring_suspended=False)
2025-11-30 21:09:13 | INFO | MONITOR | Paper trades checked (next in 60s)
2025-11-30 21:09:13 | INFO | MONITOR_SLEEP | Sleeping for 20s (base=20s, consecutive_errors=0, monitoring_suspended=False)
2025-11-30 21:09:33 | INFO | MONITOR_SLEEP | Sleeping for 20s (base=20s, consecutive_errors=0, monitoring_suspended=False)
2025-11-30 21:09:53 | INFO | MONITOR_SLEEP | Sleeping for 20s (base=20s, consecutive_errors=0, monitoring_suspended=False)
2025-11-30 21:10:12 | INFO | STARTUP | Logging initialized | log_dir=/root/santhosh/trading/equity/logs/2025-11-30
2025-11-30 21:10:13 | INFO | FEEDBACK_INIT | PerformanceFeedback initialized for adaptive trading
2025-11-30 21:10:13 | INFO | MONITOR | Backed up stale positions.json to positions.json.startup_1764517213
2025-11-30 21:10:13 | INFO | MONITOR | ✓ Cleared stale positions.json - will rebuild from broker holdings
2025-11-30 21:10:13 | INFO | MONITOR | Skipping file load - broker will be source of truth
2025-11-30 21:10:13 | INFO | HOLDINGS_SYNC | Fetching positions and holdings from broker...
2025-11-30 21:10:13 | INFO | HOLDINGS_SYNC | No positions or holdings found at broker
2025-11-30 21:10:13 | INFO | MONITOR | Position monitoring started with bucketed LTP checking
2025-11-30 21:10:13 | INFO | MONITOR | Event loop thread started
2025-11-30 21:10:13 | INFO | MONITOR | Event loop started successfully for priority queue
2025-11-30 21:10:13 | INFO | MONITOR | Priority API queue enabled and started
2025-11-30 21:10:13 | INFO | SL_RETRY | SL retry thread started - waiting 30s before initial placement (conserve startup API quota)
2025-11-30 21:10:13 | INFO | SL_RETRY | SL retry thread started successfully
2025-11-30 21:10:13 | INFO | MONITOR_SLEEP | Sleeping for 20s (base=20s, consecutive_errors=0, monitoring_suspended=False)
2025-11-30 21:10:33 | INFO | MONITOR_SLEEP | Sleeping for 20s (base=20s, consecutive_errors=0, monitoring_suspended=False)
2025-11-30 21:10:43 | INFO | SL_RETRY | SL retry thread active - conservative mode (1 SL per 20s, max 10 retries)
2025-11-30 21:10:53 | INFO | MONITOR_SLEEP | Sleeping for 20s (base=20s, consecutive_errors=0, monitoring_suspended=False)
2025-11-30 21:11:13 | INFO | MONITOR | Paper trades checked (next in 60s)
2025-11-30 21:11:13 | INFO | MONITOR_SLEEP | Sleeping for 20s (base=20s, consecutive_errors=0, monitoring_suspended=False)
2025-11-30 21:11:33 | INFO | MONITOR_SLEEP | Sleeping for 20s (base=20s, consecutive_errors=0, monitoring_suspended=False)
2025-11-30 21:11:53 | INFO | MONITOR_SLEEP | Sleeping for 20s (base=20s, consecutive_errors=0, monitoring_suspended=False)
2025-11-30 21:12:13 | INFO | MONITOR | Paper trades checked (next in 60s)
2025-11-30 21:12:13 | INFO | MONITOR_SLEEP | Sleeping for 20s (base=20s, consecutive_errors=0, monitoring_suspended=False)
2025-11-30 21:12:33 | INFO | MONITOR_SLEEP | Sleeping for 20s (base=20s, consecutive_errors=0, monitoring_suspended=False)
2025-11-30 21:12:53 | INFO | MONITOR_SLEEP | Sleeping for 20s (base=20s, consecutive_errors=0, monitoring_suspended=False)
2025-11-30 21:13:13 | INFO | MONITOR | Paper trades checked (next in 60s)
2025-11-30 21:13:13 | INFO | MONITOR_SLEEP | Sleeping for 20s (base=20s, consecutive_errors=0, monitoring_suspended=False)
2025-11-30 21:13:33 | INFO | MONITOR_SLEEP | Sleeping for 20s (base=20s, consecutive_errors=0, monitoring_suspended=False)
2025-11-30 21:13:53 | INFO | MONITOR_SLEEP | Sleeping for 20s (base=20s, consecutive_errors=0, monitoring_suspended=False)
2025-11-30 21:14:13 | INFO | MONITOR | Paper trades checked (next in 60s)
2025-11-30 21:14:13 | INFO | MONITOR_SLEEP | Sleeping for 20s (base=20s, consecutive_errors=0, monitoring_suspended=False)
2025-11-30 21:14:33 | INFO | MONITOR_SLEEP | Sleeping for 20s (base=20s, consecutive_errors=0, monitoring_suspended=False)
2025-11-30 21:14:53 | INFO | MONITOR_SLEEP | Sleeping for 20s (base=20s, consecutive_errors=0, monitoring_suspended=False)
2025-11-30 21:15:13 | INFO | STARTUP | Logging initialized | log_dir=/root/santhosh/trading/equity/logs/2025-11-30
2025-11-30 21:15:14 | INFO | FEEDBACK_INIT | PerformanceFeedback initialized for adaptive trading
2025-11-30 21:15:14 | INFO | MONITOR | Backed up stale positions.json to positions.json.startup_1764517514
2025-11-30 21:15:14 | INFO | MONITOR | ✓ Cleared stale positions.json - will rebuild from broker holdings
2025-11-30 21:15:14 | INFO | MONITOR | Skipping file load - broker will be source of truth
2025-11-30 21:15:14 | INFO | HOLDINGS_SYNC | Fetching positions and holdings from broker...
2025-11-30 21:15:14 | INFO | HOLDINGS_SYNC | No positions or holdings found at broker
2025-11-30 21:15:14 | INFO | MONITOR | Position monitoring started with bucketed LTP checking
2025-11-30 21:15:14 | INFO | MONITOR | Event loop thread started
2025-11-30 21:15:14 | INFO | MONITOR | Event loop started successfully for priority queue
2025-11-30 21:15:15 | INFO | MONITOR | Priority API queue enabled and started
2025-11-30 21:15:15 | INFO | SL_RETRY | SL retry thread started - waiting 30s before initial placement (conserve startup API quota)
2025-11-30 21:15:15 | INFO | SL_RETRY | SL retry thread started successfully
2025-11-30 21:15:15 | INFO | MONITOR_SLEEP | Sleeping for 20s (base=20s, consecutive_errors=0, monitoring_suspended=False)
2025-11-30 21:15:35 | INFO | MONITOR_SLEEP | Sleeping for 20s (base=20s, consecutive_errors=0, monitoring_suspended=False)
2025-11-30 21:15:45 | INFO | SL_RETRY | SL retry thread active - conservative mode (1 SL per 20s, max 10 retries)
2025-11-30 21:15:55 | INFO | MONITOR_SLEEP | Sleeping for 20s (base=20s, consecutive_errors=0, monitoring_suspended=False)
2025-11-30 21:16:15 | INFO | MONITOR | Paper trades checked (next in 60s)
2025-11-30 21:16:15 | INFO | MONITOR_SLEEP | Sleeping for 20s (base=20s, consecutive_errors=0, monitoring_suspended=False)
2025-11-30 21:16:35 | INFO | MONITOR_SLEEP | Sleeping for 20s (base=20s, consecutive_errors=0, monitoring_suspended=False)
2025-11-30 21:16:55 | INFO | MONITOR_SLEEP | Sleeping for 20s (base=20s, consecutive_errors=0, monitoring_suspended=False)
2025-11-30 21:17:15 | INFO | MONITOR | Paper trades checked (next in 60s)
2025-11-30 21:17:15 | INFO | MONITOR_SLEEP | Sleeping for 20s (base=20s, consecutive_errors=0, monitoring_suspended=False)
2025-11-30 21:17:35 | INFO | MONITOR_SLEEP | Sleeping for 20s (base=20s, consecutive_errors=0, monitoring_suspended=False)
2025-11-30 21:17:55 | INFO | MONITOR_SLEEP | Sleeping for 20s (base=20s, consecutive_errors=0, monitoring_suspended=False)
2025-11-30 21:18:15 | INFO | MONITOR | Paper trades checked (next in 60s)
2025-11-30 21:18:15 | INFO | MONITOR_SLEEP | Sleeping for 20s (base=20s, consecutive_errors=0, monitoring_suspended=False)
2025-11-30 21:18:35 | INFO | MONITOR_SLEEP | Sleeping for 20s (base=20s, consecutive_errors=0, monitoring_suspended=False)
2025-11-30 21:18:55 | INFO | MONITOR_SLEEP | Sleeping for 20s (base=20s, consecutive_errors=0, monitoring_suspended=False)
2025-11-30 21:19:15 | INFO | MONITOR | Paper trades checked (next in 60s)
2025-11-30 21:19:15 | INFO | MONITOR_SLEEP | Sleeping for 20s (base=20s, consecutive_errors=0, monitoring_suspended=False)
2025-11-30 21:19:35 | INFO | MONITOR_SLEEP | Sleeping for 20s (base=20s, consecutive_errors=0, monitoring_suspended=False)
2025-11-30 21:19:55 | INFO | MONITOR_SLEEP | Sleeping for 20s (base=20s, consecutive_errors=0, monitoring_suspended=False)
2025-11-30 21:20:11 | INFO | STARTUP | Logging initialized | log_dir=/root/santhosh/trading/equity/logs/2025-11-30
2025-11-30 21:20:12 | INFO | FEEDBACK_INIT | PerformanceFeedback initialized for adaptive trading
2025-11-30 21:20:12 | INFO | MONITOR | Backed up stale positions.json to positions.json.startup_1764517812
2025-11-30 21:20:12 | INFO | MONITOR | ✓ Cleared stale positions.json - will rebuild from broker holdings
2025-11-30 21:20:12 | INFO | MONITOR | Skipping file load - broker will be source of truth
2025-11-30 21:20:12 | INFO | HOLDINGS_SYNC | Fetching positions and holdings from broker...
2025-11-30 21:20:12 | INFO | HOLDINGS_SYNC | No positions or holdings found at broker
2025-11-30 21:20:12 | INFO | MONITOR | Position monitoring started with bucketed LTP checking
2025-11-30 21:20:12 | INFO | MONITOR | Event loop thread started
2025-11-30 21:20:12 | INFO | MONITOR | Event loop started successfully for priority queue
2025-11-30 21:20:13 | INFO | MONITOR | Priority API queue enabled and started
2025-11-30 21:20:13 | INFO | SL_RETRY | SL retry thread started - waiting 30s before initial placement (conserve startup API quota)
2025-11-30 21:20:13 | INFO | SL_RETRY | SL retry thread started successfully
2025-11-30 21:20:13 | INFO | MONITOR_SLEEP | Sleeping for 20s (base=20s, consecutive_errors=0, monitoring_suspended=False)
2025-11-30 21:20:33 | INFO | MONITOR_SLEEP | Sleeping for 20s (base=20s, consecutive_errors=0, monitoring_suspended=False)
2025-11-30 21:20:43 | INFO | SL_RETRY | SL retry thread active - conservative mode (1 SL per 20s, max 10 retries)
2025-11-30 21:20:53 | INFO | MONITOR_SLEEP | Sleeping for 20s (base=20s, consecutive_errors=0, monitoring_suspended=False)
2025-11-30 21:21:13 | INFO | MONITOR | Paper trades checked (next in 60s)
2025-11-30 21:21:13 | INFO | MONITOR_SLEEP | Sleeping for 20s (base=20s, consecutive_errors=0, monitoring_suspended=False)
2025-11-30 21:21:33 | INFO | MONITOR_SLEEP | Sleeping for 20s (base=20s, consecutive_errors=0, monitoring_suspended=False)
2025-11-30 21:21:53 | INFO | MONITOR_SLEEP | Sleeping for 20s (base=20s, consecutive_errors=0, monitoring_suspended=False)
2025-11-30 21:22:13 | INFO | MONITOR | Paper trades checked (next in 60s)
2025-11-30 21:22:13 | INFO | MONITOR_SLEEP | Sleeping for 20s (base=20s, consecutive_errors=0, monitoring_suspended=False)
2025-11-30 21:22:33 | INFO | MONITOR_SLEEP | Sleeping for 20s (base=20s, consecutive_errors=0, monitoring_suspended=False)
2025-11-30 21:22:53 | INFO | MONITOR_SLEEP | Sleeping for 20s (base=20s, consecutive_errors=0, monitoring_suspended=False)
2025-11-30 21:23:13 | INFO | MONITOR | Paper trades checked (next in 60s)
2025-11-30 21:23:13 | INFO | MONITOR_SLEEP | Sleeping for 20s (base=20s, consecutive_errors=0, monitoring_suspended=False)
2025-11-30 21:23:33 | INFO | MONITOR_SLEEP | Sleeping for 20s (base=20s, consecutive_errors=0, monitoring_suspended=False)
2025-11-30 21:23:53 | INFO | MONITOR_SLEEP | Sleeping for 20s (base=20s, consecutive_errors=0, monitoring_suspended=False)
2025-11-30 21:24:13 | INFO | MONITOR | Paper trades checked (next in 60s)
2025-11-30 21:24:13 | INFO | MONITOR_SLEEP | Sleeping for 20s (base=20s, consecutive_errors=0, monitoring_suspended=False)
2025-11-30 21:24:33 | INFO | MONITOR_SLEEP | Sleeping for 20s (base=20s, consecutive_errors=0, monitoring_suspended=False)
2025-11-30 21:24:53 | INFO | MONITOR_SLEEP | Sleeping for 20s (base=20s, consecutive_errors=0, monitoring_suspended=False)
2025-11-30 21:25:10 | INFO | STARTUP | Logging initialized | log_dir=/root/santhosh/trading/equity/logs/2025-11-30
2025-11-30 21:25:11 | INFO | FEEDBACK_INIT | PerformanceFeedback initialized for adaptive trading
2025-11-30 21:25:11 | INFO | MONITOR | Backed up stale positions.json to positions.json.startup_1764518111
2025-11-30 21:25:11 | INFO | MONITOR | ✓ Cleared stale positions.json - will rebuild from broker holdings
2025-11-30 21:25:11 | INFO | MONITOR | Skipping file load - broker will be source of truth
2025-11-30 21:25:11 | INFO | HOLDINGS_SYNC | Fetching positions and holdings from broker...
2025-11-30 21:25:11 | INFO | HOLDINGS_SYNC | No positions or holdings found at broker
2025-11-30 21:25:11 | INFO | MONITOR | Position monitoring started with bucketed LTP checking
2025-11-30 21:25:11 | INFO | MONITOR | Event loop thread started
2025-11-30 21:25:11 | INFO | MONITOR | Event loop started successfully for priority queue
2025-11-30 21:25:12 | INFO | MONITOR | Priority API queue enabled and started
2025-11-30 21:25:12 | INFO | SL_RETRY | SL retry thread started - waiting 30s before initial placement (conserve startup API quota)
2025-11-30 21:25:12 | INFO | SL_RETRY | SL retry thread started successfully
2025-11-30 21:25:12 | INFO | MONITOR_SLEEP | Sleeping for 20s (base=20s, consecutive_errors=0, monitoring_suspended=False)
2025-11-30 21:25:32 | INFO | MONITOR_SLEEP | Sleeping for 20s (base=20s, consecutive_errors=0, monitoring_suspended=False)
2025-11-30 21:25:42 | INFO | SL_RETRY | SL retry thread active - conservative mode (1 SL per 20s, max 10 retries)
2025-11-30 21:25:52 | INFO | MONITOR_SLEEP | Sleeping for 20s (base=20s, consecutive_errors=0, monitoring_suspended=False)
2025-11-30 21:26:12 | INFO | MONITOR | Paper trades checked (next in 60s)
2025-11-30 21:26:12 | INFO | MONITOR_SLEEP | Sleeping for 20s (base=20s, consecutive_errors=0, monitoring_suspended=False)
2025-11-30 21:26:32 | INFO | MONITOR_SLEEP | Sleeping for 20s (base=20s, consecutive_errors=0, monitoring_suspended=False)
2025-11-30 21:26:52 | INFO | MONITOR_SLEEP | Sleeping for 20s (base=20s, consecutive_errors=0, monitoring_suspended=False)
2025-11-30 21:27:12 | INFO | MONITOR | Paper trades checked (next in 60s)
2025-11-30 21:27:12 | INFO | MONITOR_SLEEP | Sleeping for 20s (base=20s, consecutive_errors=0, monitoring_suspended=False)
2025-11-30 21:27:32 | INFO | MONITOR_SLEEP | Sleeping for 20s (base=20s, consecutive_errors=0, monitoring_suspended=False)
2025-11-30 21:27:52 | INFO | MONITOR_SLEEP | Sleeping for 20s (base=20s, consecutive_errors=0, monitoring_suspended=False)
2025-11-30 21:28:12 | INFO | MONITOR | Paper trades checked (next in 60s)
2025-11-30 21:28:12 | INFO | MONITOR_SLEEP | Sleeping for 20s (base=20s, consecutive_errors=0, monitoring_suspended=False)
2025-11-30 21:28:32 | INFO | MONITOR_SLEEP | Sleeping for 20s (base=20s, consecutive_errors=0, monitoring_suspended=False)
2025-11-30 21:28:52 | INFO | MONITOR_SLEEP | Sleeping for 20s (base=20s, consecutive_errors=0, monitoring_suspended=False)
2025-11-30 21:29:12 | INFO | MONITOR | Paper trades checked (next in 60s)
2025-11-30 21:29:12 | INFO | MONITOR_SLEEP | Sleeping for 20s (base=20s, consecutive_errors=0, monitoring_suspended=False)
2025-11-30 21:29:32 | INFO | MONITOR_SLEEP | Sleeping for 20s (base=20s, consecutive_errors=0, monitoring_suspended=False)
2025-11-30 21:29:52 | INFO | MONITOR_SLEEP | Sleeping for 20s (base=20s, consecutive_errors=0, monitoring_suspended=False)
2025-11-30 21:30:12 | INFO | STARTUP | Logging initialized | log_dir=/root/santhosh/trading/equity/logs/2025-11-30
2025-11-30 21:30:13 | INFO | FEEDBACK_INIT | PerformanceFeedback initialized for adaptive trading
2025-11-30 21:30:13 | INFO | MONITOR | Backed up stale positions.json to positions.json.startup_1764518413
2025-11-30 21:30:13 | INFO | MONITOR | ✓ Cleared stale positions.json - will rebuild from broker holdings
2025-11-30 21:30:13 | INFO | MONITOR | Skipping file load - broker will be source of truth
2025-11-30 21:30:13 | INFO | HOLDINGS_SYNC | Fetching positions and holdings from broker...
2025-11-30 21:30:14 | INFO | HOLDINGS_SYNC | No positions or holdings found at broker
2025-11-30 21:30:14 | INFO | MONITOR | Position monitoring started with bucketed LTP checking
2025-11-30 21:30:14 | INFO | MONITOR | Event loop thread started
2025-11-30 21:30:14 | INFO | MONITOR | Event loop started successfully for priority queue
2025-11-30 21:30:14 | INFO | MONITOR | Priority API queue enabled and started
2025-11-30 21:30:14 | INFO | SL_RETRY | SL retry thread started - waiting 30s before initial placement (conserve startup API quota)
2025-11-30 21:30:14 | INFO | SL_RETRY | SL retry thread started successfully
2025-11-30 21:30:14 | INFO | MONITOR_SLEEP | Sleeping for 20s (base=20s, consecutive_errors=0, monitoring_suspended=False)
2025-11-30 21:30:34 | INFO | MONITOR_SLEEP | Sleeping for 20s (base=20s, consecutive_errors=0, monitoring_suspended=False)
2025-11-30 21:30:44 | INFO | SL_RETRY | SL retry thread active - conservative mode (1 SL per 20s, max 10 retries)
2025-11-30 21:30:54 | INFO | MONITOR_SLEEP | Sleeping for 20s (base=20s, consecutive_errors=0, monitoring_suspended=False)
2025-11-30 21:31:14 | INFO | MONITOR | Paper trades checked (next in 60s)
2025-11-30 21:31:14 | INFO | MONITOR_SLEEP | Sleeping for 20s (base=20s, consecutive_errors=0, monitoring_suspended=False)
2025-11-30 21:31:34 | INFO | MONITOR_SLEEP | Sleeping for 20s (base=20s, consecutive_errors=0, monitoring_suspended=False)
2025-11-30 21:31:54 | INFO | MONITOR_SLEEP | Sleeping for 20s (base=20s, consecutive_errors=0, monitoring_suspended=False)
2025-11-30 21:32:14 | INFO | MONITOR | Paper trades checked (next in 60s)
2025-11-30 21:32:14 | INFO | MONITOR_SLEEP | Sleeping for 20s (base=20s, consecutive_errors=0, monitoring_suspended=False)
2025-11-30 21:32:34 | INFO | MONITOR_SLEEP | Sleeping for 20s (base=20s, consecutive_errors=0, monitoring_suspended=False)
2025-11-30 21:32:54 | INFO | MONITOR_SLEEP | Sleeping for 20s (base=20s, consecutive_errors=0, monitoring_suspended=False)
2025-11-30 21:33:14 | INFO | MONITOR | Paper trades checked (next in 60s)
2025-11-30 21:33:14 | INFO | MONITOR_SLEEP | Sleeping for 20s (base=20s, consecutive_errors=0, monitoring_suspended=False)
2025-11-30 21:33:34 | INFO | MONITOR_SLEEP | Sleeping for 20s (base=20s, consecutive_errors=0, monitoring_suspended=False)
2025-11-30 21:33:54 | INFO | MONITOR_SLEEP | Sleeping for 20s (base=20s, consecutive_errors=0, monitoring_suspended=False)
2025-11-30 21:34:14 | INFO | MONITOR | Paper trades checked (next in 60s)
2025-11-30 21:34:14 | INFO | MONITOR_SLEEP | Sleeping for 20s (base=20s, consecutive_errors=0, monitoring_suspended=False)
2025-11-30 21:34:34 | INFO | MONITOR_SLEEP | Sleeping for 20s (base=20s, consecutive_errors=0, monitoring_suspended=False)
2025-11-30 21:34:54 | INFO | MONITOR_SLEEP | Sleeping for 20s (base=20s, consecutive_errors=0, monitoring_suspended=False)
2025-11-30 21:35:11 | INFO | STARTUP | Logging initialized | log_dir=/root/santhosh/trading/equity/logs/2025-11-30
2025-11-30 21:35:12 | INFO | FEEDBACK_INIT | PerformanceFeedback initialized for adaptive trading
2025-11-30 21:35:12 | INFO | MONITOR | Backed up stale positions.json to positions.json.startup_1764518712
2025-11-30 21:35:12 | INFO | MONITOR | ✓ Cleared stale positions.json - will rebuild from broker holdings
2025-11-30 21:35:12 | INFO | MONITOR | Skipping file load - broker will be source of truth
2025-11-30 21:35:12 | INFO | HOLDINGS_SYNC | Fetching positions and holdings from broker...
2025-11-30 21:35:12 | INFO | HOLDINGS_SYNC | No positions or holdings found at broker
2025-11-30 21:35:12 | INFO | MONITOR | Position monitoring started with bucketed LTP checking
2025-11-30 21:35:12 | INFO | MONITOR | Event loop thread started
2025-11-30 21:35:12 | INFO | MONITOR | Event loop started successfully for priority queue
2025-11-30 21:35:13 | INFO | MONITOR | Priority API queue enabled and started
2025-11-30 21:35:13 | INFO | SL_RETRY | SL retry thread started - waiting 30s before initial placement (conserve startup API quota)
2025-11-30 21:35:13 | INFO | SL_RETRY | SL retry thread started successfully
2025-11-30 21:35:13 | INFO | MONITOR_SLEEP | Sleeping for 20s (base=20s, consecutive_errors=0, monitoring_suspended=False)
2025-11-30 21:35:33 | INFO | MONITOR_SLEEP | Sleeping for 20s (base=20s, consecutive_errors=0, monitoring_suspended=False)
2025-11-30 21:35:43 | INFO | SL_RETRY | SL retry thread active - conservative mode (1 SL per 20s, max 10 retries)
2025-11-30 21:35:53 | INFO | MONITOR_SLEEP | Sleeping for 20s (base=20s, consecutive_errors=0, monitoring_suspended=False)
2025-11-30 21:36:13 | INFO | MONITOR | Paper trades checked (next in 60s)
2025-11-30 21:36:13 | INFO | MONITOR_SLEEP | Sleeping for 20s (base=20s, consecutive_errors=0, monitoring_suspended=False)
2025-11-30 21:36:33 | INFO | MONITOR_SLEEP | Sleeping for 20s (base=20s, consecutive_errors=0, monitoring_suspended=False)
2025-11-30 21:36:53 | INFO | MONITOR_SLEEP | Sleeping for 20s (base=20s, consecutive_errors=0, monitoring_suspended=False)
2025-11-30 21:37:13 | INFO | MONITOR | Paper trades checked (next in 60s)
2025-11-30 21:37:13 | INFO | MONITOR_SLEEP | Sleeping for 20s (base=20s, consecutive_errors=0, monitoring_suspended=False)
2025-11-30 21:37:33 | INFO | MONITOR_SLEEP | Sleeping for 20s (base=20s, consecutive_errors=0, monitoring_suspended=False)
2025-11-30 21:37:53 | INFO | MONITOR_SLEEP | Sleeping for 20s (base=20s, consecutive_errors=0, monitoring_suspended=False)
2025-11-30 21:38:13 | INFO | MONITOR | Paper trades checked (next in 60s)
2025-11-30 21:38:13 | INFO | MONITOR_SLEEP | Sleeping for 20s (base=20s, consecutive_errors=0, monitoring_suspended=False)
2025-11-30 21:38:33 | INFO | MONITOR_SLEEP | Sleeping for 20s (base=20s, consecutive_errors=0, monitoring_suspended=False)
2025-11-30 21:38:53 | INFO | MONITOR_SLEEP | Sleeping for 20s (base=20s, consecutive_errors=0, monitoring_suspended=False)
2025-11-30 21:39:13 | INFO | MONITOR | Paper trades checked (next in 60s)
2025-11-30 21:39:13 | INFO | MONITOR_SLEEP | Sleeping for 20s (base=20s, consecutive_errors=0, monitoring_suspended=False)
2025-11-30 21:39:33 | INFO | MONITOR_SLEEP | Sleeping for 20s (base=20s, consecutive_errors=0, monitoring_suspended=False)
2025-11-30 21:39:53 | INFO | MONITOR_SLEEP | Sleeping for 20s (base=20s, consecutive_errors=0, monitoring_suspended=False)
2025-11-30 21:40:10 | INFO | STARTUP | Logging initialized | log_dir=/root/santhosh/trading/equity/logs/2025-11-30
2025-11-30 21:40:11 | INFO | FEEDBACK_INIT | PerformanceFeedback initialized for adaptive trading
2025-11-30 21:40:11 | INFO | MONITOR | Backed up stale positions.json to positions.json.startup_1764519011
2025-11-30 21:40:11 | INFO | MONITOR | ✓ Cleared stale positions.json - will rebuild from broker holdings
2025-11-30 21:40:11 | INFO | MONITOR | Skipping file load - broker will be source of truth
2025-11-30 21:40:11 | INFO | HOLDINGS_SYNC | Fetching positions and holdings from broker...
2025-11-30 21:40:12 | INFO | HOLDINGS_SYNC | No positions or holdings found at broker
2025-11-30 21:40:12 | INFO | MONITOR | Position monitoring started with bucketed LTP checking
2025-11-30 21:40:12 | INFO | MONITOR | Event loop thread started
2025-11-30 21:40:12 | INFO | MONITOR | Event loop started successfully for priority queue
2025-11-30 21:40:12 | INFO | MONITOR | Priority API queue enabled and started
2025-11-30 21:40:12 | INFO | SL_RETRY | SL retry thread started - waiting 30s before initial placement (conserve startup API quota)
2025-11-30 21:40:12 | INFO | SL_RETRY | SL retry thread started successfully
2025-11-30 21:40:12 | INFO | MONITOR_SLEEP | Sleeping for 20s (base=20s, consecutive_errors=0, monitoring_suspended=False)
2025-11-30 21:40:32 | INFO | MONITOR_SLEEP | Sleeping for 20s (base=20s, consecutive_errors=0, monitoring_suspended=False)
2025-11-30 21:40:42 | INFO | SL_RETRY | SL retry thread active - conservative mode (1 SL per 20s, max 10 retries)
2025-11-30 21:40:52 | INFO | MONITOR_SLEEP | Sleeping for 20s (base=20s, consecutive_errors=0, monitoring_suspended=False)
2025-11-30 21:41:12 | INFO | MONITOR | Paper trades checked (next in 60s)
2025-11-30 21:41:12 | INFO | MONITOR_SLEEP | Sleeping for 20s (base=20s, consecutive_errors=0, monitoring_suspended=False)
2025-11-30 21:41:32 | INFO | MONITOR_SLEEP | Sleeping for 20s (base=20s, consecutive_errors=0, monitoring_suspended=False)
2025-11-30 21:41:52 | INFO | MONITOR_SLEEP | Sleeping for 20s (base=20s, consecutive_errors=0, monitoring_suspended=False)
2025-11-30 21:42:12 | INFO | MONITOR | Paper trades checked (next in 60s)
2025-11-30 21:42:12 | INFO | MONITOR_SLEEP | Sleeping for 20s (base=20s, consecutive_errors=0, monitoring_suspended=False)
2025-11-30 21:42:32 | INFO | MONITOR_SLEEP | Sleeping for 20s (base=20s, consecutive_errors=0, monitoring_suspended=False)
2025-11-30 21:42:52 | INFO | MONITOR_SLEEP | Sleeping for 20s (base=20s, consecutive_errors=0, monitoring_suspended=False)
2025-11-30 21:43:12 | INFO | MONITOR | Paper trades checked (next in 60s)
2025-11-30 21:43:12 | INFO | MONITOR_SLEEP | Sleeping for 20s (base=20s, consecutive_errors=0, monitoring_suspended=False)
2025-11-30 21:43:32 | INFO | MONITOR_SLEEP | Sleeping for 20s (base=20s, consecutive_errors=0, monitoring_suspended=False)
2025-11-30 21:43:52 | INFO | MONITOR_SLEEP | Sleeping for 20s (base=20s, consecutive_errors=0, monitoring_suspended=False)
2025-11-30 21:44:12 | INFO | MONITOR | Paper trades checked (next in 60s)
2025-11-30 21:44:12 | INFO | MONITOR_SLEEP | Sleeping for 20s (base=20s, consecutive_errors=0, monitoring_suspended=False)
2025-11-30 21:44:32 | INFO | MONITOR_SLEEP | Sleeping for 20s (base=20s, consecutive_errors=0, monitoring_suspended=False)
2025-11-30 21:44:52 | INFO | MONITOR_SLEEP | Sleeping for 20s (base=20s, consecutive_errors=0, monitoring_suspended=False)
2025-11-30 21:45:10 | INFO | STARTUP | Logging initialized | log_dir=/root/santhosh/trading/equity/logs/2025-11-30
2025-11-30 21:45:11 | INFO | FEEDBACK_INIT | PerformanceFeedback initialized for adaptive trading
2025-11-30 21:45:11 | INFO | MONITOR | Backed up stale positions.json to positions.json.startup_1764519311
2025-11-30 21:45:11 | INFO | MONITOR | ✓ Cleared stale positions.json - will rebuild from broker holdings
2025-11-30 21:45:11 | INFO | MONITOR | Skipping file load - broker will be source of truth
2025-11-30 21:45:11 | INFO | HOLDINGS_SYNC | Fetching positions and holdings from broker...
2025-11-30 21:45:11 | INFO | HOLDINGS_SYNC | No positions or holdings found at broker
2025-11-30 21:45:11 | INFO | MONITOR | Position monitoring started with bucketed LTP checking
2025-11-30 21:45:11 | INFO | MONITOR | Event loop thread started
2025-11-30 21:45:11 | INFO | MONITOR | Event loop started successfully for priority queue
2025-11-30 21:45:11 | INFO | MONITOR | Priority API queue enabled and started
2025-11-30 21:45:11 | INFO | SL_RETRY | SL retry thread started - waiting 30s before initial placement (conserve startup API quota)
2025-11-30 21:45:11 | INFO | SL_RETRY | SL retry thread started successfully
2025-11-30 21:45:11 | INFO | MONITOR_SLEEP | Sleeping for 20s (base=20s, consecutive_errors=0, monitoring_suspended=False)
2025-11-30 21:45:31 | INFO | MONITOR_SLEEP | Sleeping for 20s (base=20s, consecutive_errors=0, monitoring_suspended=False)
2025-11-30 21:45:41 | INFO | SL_RETRY | SL retry thread active - conservative mode (1 SL per 20s, max 10 retries)
2025-11-30 21:45:51 | INFO | MONITOR_SLEEP | Sleeping for 20s (base=20s, consecutive_errors=0, monitoring_suspended=False)
2025-11-30 21:46:11 | INFO | MONITOR | Paper trades checked (next in 60s)
2025-11-30 21:46:11 | INFO | MONITOR_SLEEP | Sleeping for 20s (base=20s, consecutive_errors=0, monitoring_suspended=False)
2025-11-30 21:46:31 | INFO | MONITOR_SLEEP | Sleeping for 20s (base=20s, consecutive_errors=0, monitoring_suspended=False)
2025-11-30 21:46:51 | INFO | MONITOR_SLEEP | Sleeping for 20s (base=20s, consecutive_errors=0, monitoring_suspended=False)
2025-11-30 21:47:11 | INFO | MONITOR | Paper trades checked (next in 60s)
2025-11-30 21:47:11 | INFO | MONITOR_SLEEP | Sleeping for 20s (base=20s, consecutive_errors=0, monitoring_suspended=False)
2025-11-30 21:47:31 | INFO | MONITOR_SLEEP | Sleeping for 20s (base=20s, consecutive_errors=0, monitoring_suspended=False)
2025-11-30 21:47:51 | INFO | MONITOR_SLEEP | Sleeping for 20s (base=20s, consecutive_errors=0, monitoring_suspended=False)
2025-11-30 21:48:11 | INFO | MONITOR | Paper trades checked (next in 60s)
2025-11-30 21:48:11 | INFO | MONITOR_SLEEP | Sleeping for 20s (base=20s, consecutive_errors=0, monitoring_suspended=False)
2025-11-30 21:48:31 | INFO | MONITOR_SLEEP | Sleeping for 20s (base=20s, consecutive_errors=0, monitoring_suspended=False)
2025-11-30 21:48:51 | INFO | MONITOR_SLEEP | Sleeping for 20s (base=20s, consecutive_errors=0, monitoring_suspended=False)
2025-11-30 21:49:11 | INFO | MONITOR | Paper trades checked (next in 60s)
2025-11-30 21:49:11 | INFO | MONITOR_SLEEP | Sleeping for 20s (base=20s, consecutive_errors=0, monitoring_suspended=False)
2025-11-30 21:49:31 | INFO | MONITOR_SLEEP | Sleeping for 20s (base=20s, consecutive_errors=0, monitoring_suspended=False)
2025-11-30 21:49:51 | INFO | MONITOR_SLEEP | Sleeping for 20s (base=20s, consecutive_errors=0, monitoring_suspended=False)
2025-11-30 21:50:10 | INFO | STARTUP | Logging initialized | log_dir=/root/santhosh/trading/equity/logs/2025-11-30
2025-11-30 21:50:11 | INFO | FEEDBACK_INIT | PerformanceFeedback initialized for adaptive trading
2025-11-30 21:50:11 | INFO | MONITOR | Backed up stale positions.json to positions.json.startup_1764519611
2025-11-30 21:50:11 | INFO | MONITOR | ✓ Cleared stale positions.json - will rebuild from broker holdings
2025-11-30 21:50:11 | INFO | MONITOR | Skipping file load - broker will be source of truth
2025-11-30 21:50:11 | INFO | HOLDINGS_SYNC | Fetching positions and holdings from broker...
2025-11-30 21:50:11 | INFO | HOLDINGS_SYNC | No positions or holdings found at broker
2025-11-30 21:50:11 | INFO | MONITOR | Position monitoring started with bucketed LTP checking
2025-11-30 21:50:11 | INFO | MONITOR | Event loop thread started
2025-11-30 21:50:12 | INFO | MONITOR | Event loop started successfully for priority queue
2025-11-30 21:50:12 | INFO | MONITOR | Priority API queue enabled and started
2025-11-30 21:50:12 | INFO | SL_RETRY | SL retry thread started - waiting 30s before initial placement (conserve startup API quota)
2025-11-30 21:50:12 | INFO | SL_RETRY | SL retry thread started successfully
2025-11-30 21:50:12 | INFO | MONITOR_SLEEP | Sleeping for 20s (base=20s, consecutive_errors=0, monitoring_suspended=False)
2025-11-30 21:50:32 | INFO | MONITOR_SLEEP | Sleeping for 20s (base=20s, consecutive_errors=0, monitoring_suspended=False)
2025-11-30 21:50:42 | INFO | SL_RETRY | SL retry thread active - conservative mode (1 SL per 20s, max 10 retries)
2025-11-30 21:50:52 | INFO | MONITOR_SLEEP | Sleeping for 20s (base=20s, consecutive_errors=0, monitoring_suspended=False)
2025-11-30 21:51:12 | INFO | MONITOR | Paper trades checked (next in 60s)
2025-11-30 21:51:12 | INFO | MONITOR_SLEEP | Sleeping for 20s (base=20s, consecutive_errors=0, monitoring_suspended=False)
2025-11-30 21:51:32 | INFO | MONITOR_SLEEP | Sleeping for 20s (base=20s, consecutive_errors=0, monitoring_suspended=False)
2025-11-30 21:51:52 | INFO | MONITOR_SLEEP | Sleeping for 20s (base=20s, consecutive_errors=0, monitoring_suspended=False)
2025-11-30 21:52:12 | INFO | MONITOR | Paper trades checked (next in 60s)
2025-11-30 21:52:12 | INFO | MONITOR_SLEEP | Sleeping for 20s (base=20s, consecutive_errors=0, monitoring_suspended=False)
2025-11-30 21:52:32 | INFO | MONITOR_SLEEP | Sleeping for 20s (base=20s, consecutive_errors=0, monitoring_suspended=False)
2025-11-30 21:52:52 | INFO | MONITOR_SLEEP | Sleeping for 20s (base=20s, consecutive_errors=0, monitoring_suspended=False)
2025-11-30 21:53:12 | INFO | MONITOR | Paper trades checked (next in 60s)
2025-11-30 21:53:12 | INFO | MONITOR_SLEEP | Sleeping for 20s (base=20s, consecutive_errors=0, monitoring_suspended=False)
2025-11-30 21:53:32 | INFO | MONITOR_SLEEP | Sleeping for 20s (base=20s, consecutive_errors=0, monitoring_suspended=False)
2025-11-30 21:53:52 | INFO | MONITOR_SLEEP | Sleeping for 20s (base=20s, consecutive_errors=0, monitoring_suspended=False)
2025-11-30 21:54:12 | INFO | MONITOR | Paper trades checked (next in 60s)
2025-11-30 21:54:12 | INFO | MONITOR_SLEEP | Sleeping for 20s (base=20s, consecutive_errors=0, monitoring_suspended=False)
2025-11-30 21:54:32 | INFO | MONITOR_SLEEP | Sleeping for 20s (base=20s, consecutive_errors=0, monitoring_suspended=False)
2025-11-30 21:54:52 | INFO | MONITOR_SLEEP | Sleeping for 20s (base=20s, consecutive_errors=0, monitoring_suspended=False)
2025-11-30 21:55:11 | INFO | STARTUP | Logging initialized | log_dir=/root/santhosh/trading/equity/logs/2025-11-30
2025-11-30 21:55:12 | INFO | FEEDBACK_INIT | PerformanceFeedback initialized for adaptive trading
2025-11-30 21:55:12 | INFO | MONITOR | Backed up stale positions.json to positions.json.startup_1764519912
2025-11-30 21:55:12 | INFO | MONITOR | ✓ Cleared stale positions.json - will rebuild from broker holdings
2025-11-30 21:55:12 | INFO | MONITOR | Skipping file load - broker will be source of truth
2025-11-30 21:55:12 | INFO | HOLDINGS_SYNC | Fetching positions and holdings from broker...
2025-11-30 21:55:12 | INFO | HOLDINGS_SYNC | No positions or holdings found at broker
2025-11-30 21:55:12 | INFO | MONITOR | Position monitoring started with bucketed LTP checking
2025-11-30 21:55:12 | INFO | MONITOR | Event loop thread started
2025-11-30 21:55:12 | INFO | MONITOR | Event loop started successfully for priority queue
2025-11-30 21:55:13 | INFO | MONITOR | Priority API queue enabled and started
2025-11-30 21:55:13 | INFO | SL_RETRY | SL retry thread started - waiting 30s before initial placement (conserve startup API quota)
2025-11-30 21:55:13 | INFO | SL_RETRY | SL retry thread started successfully
2025-11-30 21:55:13 | INFO | MONITOR_SLEEP | Sleeping for 20s (base=20s, consecutive_errors=0, monitoring_suspended=False)
2025-11-30 21:55:33 | INFO | MONITOR_SLEEP | Sleeping for 20s (base=20s, consecutive_errors=0, monitoring_suspended=False)
2025-11-30 21:55:43 | INFO | SL_RETRY | SL retry thread active - conservative mode (1 SL per 20s, max 10 retries)
2025-11-30 21:55:53 | INFO | MONITOR_SLEEP | Sleeping for 20s (base=20s, consecutive_errors=0, monitoring_suspended=False)
2025-11-30 21:56:13 | INFO | MONITOR | Paper trades checked (next in 60s)
2025-11-30 21:56:13 | INFO | MONITOR_SLEEP | Sleeping for 20s (base=20s, consecutive_errors=0, monitoring_suspended=False)
2025-11-30 21:56:33 | INFO | MONITOR_SLEEP | Sleeping for 20s (base=20s, consecutive_errors=0, monitoring_suspended=False)
2025-11-30 21:56:53 | INFO | MONITOR_SLEEP | Sleeping for 20s (base=20s, consecutive_errors=0, monitoring_suspended=False)
2025-11-30 21:57:13 | INFO | MONITOR | Paper trades checked (next in 60s)
2025-11-30 21:57:13 | INFO | MONITOR_SLEEP | Sleeping for 20s (base=20s, consecutive_errors=0, monitoring_suspended=False)
2025-11-30 21:57:33 | INFO | MONITOR_SLEEP | Sleeping for 20s (base=20s, consecutive_errors=0, monitoring_suspended=False)
2025-11-30 21:57:53 | INFO | MONITOR_SLEEP | Sleeping for 20s (base=20s, consecutive_errors=0, monitoring_suspended=False)
2025-11-30 21:58:13 | INFO | MONITOR | Paper trades checked (next in 60s)
2025-11-30 21:58:13 | INFO | MONITOR_SLEEP | Sleeping for 20s (base=20s, consecutive_errors=0, monitoring_suspended=False)
2025-11-30 21:58:33 | INFO | MONITOR_SLEEP | Sleeping for 20s (base=20s, consecutive_errors=0, monitoring_suspended=False)
2025-11-30 21:58:53 | INFO | MONITOR_SLEEP | Sleeping for 20s (base=20s, consecutive_errors=0, monitoring_suspended=False)
2025-11-30 21:59:13 | INFO | MONITOR | Paper trades checked (next in 60s)
2025-11-30 21:59:13 | INFO | MONITOR_SLEEP | Sleeping for 20s (base=20s, consecutive_errors=0, monitoring_suspended=False)
2025-11-30 21:59:33 | INFO | MONITOR_SLEEP | Sleeping for 20s (base=20s, consecutive_errors=0, monitoring_suspended=False)
2025-11-30 21:59:53 | INFO | MONITOR_SLEEP | Sleeping for 20s (base=20s, consecutive_errors=0, monitoring_suspended=False)
2025-11-30 22:00:12 | INFO | STARTUP | Logging initialized | log_dir=/root/santhosh/trading/equity/logs/2025-11-30
2025-11-30 22:00:13 | INFO | FEEDBACK_INIT | PerformanceFeedback initialized for adaptive trading
2025-11-30 22:00:13 | INFO | MONITOR | Backed up stale positions.json to positions.json.startup_1764520213
2025-11-30 22:00:13 | INFO | MONITOR | ✓ Cleared stale positions.json - will rebuild from broker holdings
2025-11-30 22:00:13 | INFO | MONITOR | Skipping file load - broker will be source of truth
2025-11-30 22:00:13 | INFO | HOLDINGS_SYNC | Fetching positions and holdings from broker...
2025-11-30 22:00:14 | INFO | HOLDINGS_SYNC | No positions or holdings found at broker
2025-11-30 22:00:14 | INFO | MONITOR | Position monitoring started with bucketed LTP checking
2025-11-30 22:00:14 | INFO | MONITOR | Event loop thread started
2025-11-30 22:00:14 | INFO | MONITOR | Event loop started successfully for priority queue
2025-11-30 22:00:14 | INFO | MONITOR | Priority API queue enabled and started
2025-11-30 22:00:14 | INFO | SL_RETRY | SL retry thread started - waiting 30s before initial placement (conserve startup API quota)
2025-11-30 22:00:14 | INFO | SL_RETRY | SL retry thread started successfully
2025-11-30 22:00:14 | INFO | MONITOR_SLEEP | Sleeping for 20s (base=20s, consecutive_errors=0, monitoring_suspended=False)
2025-11-30 22:00:34 | INFO | MONITOR_SLEEP | Sleeping for 20s (base=20s, consecutive_errors=0, monitoring_suspended=False)
2025-11-30 22:00:44 | INFO | SL_RETRY | SL retry thread active - conservative mode (1 SL per 20s, max 10 retries)
2025-11-30 22:00:54 | INFO | MONITOR_SLEEP | Sleeping for 20s (base=20s, consecutive_errors=0, monitoring_suspended=False)
2025-11-30 22:01:14 | INFO | MONITOR | Paper trades checked (next in 60s)
2025-11-30 22:01:14 | INFO | MONITOR_SLEEP | Sleeping for 20s (base=20s, consecutive_errors=0, monitoring_suspended=False)
2025-11-30 22:01:34 | INFO | MONITOR_SLEEP | Sleeping for 20s (base=20s, consecutive_errors=0, monitoring_suspended=False)
2025-11-30 22:01:54 | INFO | MONITOR_SLEEP | Sleeping for 20s (base=20s, consecutive_errors=0, monitoring_suspended=False)
2025-11-30 22:02:14 | INFO | MONITOR | Paper trades checked (next in 60s)
2025-11-30 22:02:14 | INFO | MONITOR_SLEEP | Sleeping for 20s (base=20s, consecutive_errors=0, monitoring_suspended=False)
2025-11-30 22:02:34 | INFO | MONITOR_SLEEP | Sleeping for 20s (base=20s, consecutive_errors=0, monitoring_suspended=False)
2025-11-30 22:02:54 | INFO | MONITOR_SLEEP | Sleeping for 20s (base=20s, consecutive_errors=0, monitoring_suspended=False)
2025-11-30 22:03:14 | INFO | MONITOR | Paper trades checked (next in 60s)
2025-11-30 22:03:14 | INFO | MONITOR_SLEEP | Sleeping for 20s (base=20s, consecutive_errors=0, monitoring_suspended=False)
2025-11-30 22:03:34 | INFO | MONITOR_SLEEP | Sleeping for 20s (base=20s, consecutive_errors=0, monitoring_suspended=False)
2025-11-30 22:03:54 | INFO | MONITOR_SLEEP | Sleeping for 20s (base=20s, consecutive_errors=0, monitoring_suspended=False)
2025-11-30 22:04:14 | INFO | MONITOR | Paper trades checked (next in 60s)
2025-11-30 22:04:14 | INFO | MONITOR_SLEEP | Sleeping for 20s (base=20s, consecutive_errors=0, monitoring_suspended=False)
2025-11-30 22:04:34 | INFO | MONITOR_SLEEP | Sleeping for 20s (base=20s, consecutive_errors=0, monitoring_suspended=False)
2025-11-30 22:04:54 | INFO | MONITOR_SLEEP | Sleeping for 20s (base=20s, consecutive_errors=0, monitoring_suspended=False)
2025-11-30 22:05:12 | INFO | STARTUP | Logging initialized | log_dir=/root/santhosh/trading/equity/logs/2025-11-30
2025-11-30 22:05:13 | INFO | FEEDBACK_INIT | PerformanceFeedback initialized for adaptive trading
2025-11-30 22:05:14 | INFO | MONITOR | Backed up stale positions.json to positions.json.startup_1764520513
2025-11-30 22:05:14 | INFO | MONITOR | ✓ Cleared stale positions.json - will rebuild from broker holdings
2025-11-30 22:05:14 | INFO | MONITOR | Skipping file load - broker will be source of truth
2025-11-30 22:05:14 | INFO | HOLDINGS_SYNC | Fetching positions and holdings from broker...
2025-11-30 22:05:14 | INFO | HOLDINGS_SYNC | No positions or holdings found at broker
2025-11-30 22:05:14 | INFO | MONITOR | Position monitoring started with bucketed LTP checking
2025-11-30 22:05:14 | INFO | MONITOR | Event loop thread started
2025-11-30 22:05:14 | INFO | MONITOR | Event loop started successfully for priority queue
2025-11-30 22:05:14 | INFO | MONITOR | Priority API queue enabled and started
2025-11-30 22:05:14 | INFO | SL_RETRY | SL retry thread started - waiting 30s before initial placement (conserve startup API quota)
2025-11-30 22:05:14 | INFO | SL_RETRY | SL retry thread started successfully
2025-11-30 22:05:14 | INFO | MONITOR_SLEEP | Sleeping for 20s (base=20s, consecutive_errors=0, monitoring_suspended=False)
2025-11-30 22:05:34 | INFO | MONITOR_SLEEP | Sleeping for 20s (base=20s, consecutive_errors=0, monitoring_suspended=False)
2025-11-30 22:05:44 | INFO | SL_RETRY | SL retry thread active - conservative mode (1 SL per 20s, max 10 retries)
2025-11-30 22:05:54 | INFO | MONITOR_SLEEP | Sleeping for 20s (base=20s, consecutive_errors=0, monitoring_suspended=False)
2025-11-30 22:06:14 | INFO | MONITOR | Paper trades checked (next in 60s)
2025-11-30 22:06:14 | INFO | MONITOR_SLEEP | Sleeping for 20s (base=20s, consecutive_errors=0, monitoring_suspended=False)
2025-11-30 22:06:34 | INFO | MONITOR_SLEEP | Sleeping for 20s (base=20s, consecutive_errors=0, monitoring_suspended=False)
2025-11-30 22:06:54 | INFO | MONITOR_SLEEP | Sleeping for 20s (base=20s, consecutive_errors=0, monitoring_suspended=False)
2025-11-30 22:07:14 | INFO | MONITOR | Paper trades checked (next in 60s)
2025-11-30 22:07:14 | INFO | MONITOR_SLEEP | Sleeping for 20s (base=20s, consecutive_errors=0, monitoring_suspended=False)
2025-11-30 22:07:34 | INFO | MONITOR_SLEEP | Sleeping for 20s (base=20s, consecutive_errors=0, monitoring_suspended=False)
2025-11-30 22:07:54 | INFO | MONITOR_SLEEP | Sleeping for 20s (base=20s, consecutive_errors=0, monitoring_suspended=False)
2025-11-30 22:08:14 | INFO | MONITOR | Paper trades checked (next in 60s)
2025-11-30 22:08:14 | INFO | MONITOR_SLEEP | Sleeping for 20s (base=20s, consecutive_errors=0, monitoring_suspended=False)
2025-11-30 22:08:34 | INFO | MONITOR_SLEEP | Sleeping for 20s (base=20s, consecutive_errors=0, monitoring_suspended=False)
2025-11-30 22:08:54 | INFO | MONITOR_SLEEP | Sleeping for 20s (base=20s, consecutive_errors=0, monitoring_suspended=False)
2025-11-30 22:09:14 | INFO | MONITOR | Paper trades checked (next in 60s)
2025-11-30 22:09:14 | INFO | MONITOR_SLEEP | Sleeping for 20s (base=20s, consecutive_errors=0, monitoring_suspended=False)
2025-11-30 22:09:34 | INFO | MONITOR_SLEEP | Sleeping for 20s (base=20s, consecutive_errors=0, monitoring_suspended=False)
2025-11-30 22:09:54 | INFO | MONITOR_SLEEP | Sleeping for 20s (base=20s, consecutive_errors=0, monitoring_suspended=False)
2025-11-30 22:10:13 | INFO | STARTUP | Logging initialized | log_dir=/root/santhosh/trading/equity/logs/2025-11-30
2025-11-30 22:10:13 | INFO | FEEDBACK_INIT | PerformanceFeedback initialized for adaptive trading
2025-11-30 22:10:13 | INFO | MONITOR | Backed up stale positions.json to positions.json.startup_1764520813
2025-11-30 22:10:13 | INFO | MONITOR | ✓ Cleared stale positions.json - will rebuild from broker holdings
2025-11-30 22:10:13 | INFO | MONITOR | Skipping file load - broker will be source of truth
2025-11-30 22:10:13 | INFO | HOLDINGS_SYNC | Fetching positions and holdings from broker...
2025-11-30 22:10:14 | INFO | HOLDINGS_SYNC | No positions or holdings found at broker
2025-11-30 22:10:14 | INFO | MONITOR | Position monitoring started with bucketed LTP checking
2025-11-30 22:10:14 | INFO | MONITOR | Event loop thread started
2025-11-30 22:10:14 | INFO | MONITOR | Event loop started successfully for priority queue
2025-11-30 22:10:14 | INFO | MONITOR | Priority API queue enabled and started
2025-11-30 22:10:14 | INFO | SL_RETRY | SL retry thread started - waiting 30s before initial placement (conserve startup API quota)
2025-11-30 22:10:14 | INFO | SL_RETRY | SL retry thread started successfully
2025-11-30 22:10:14 | INFO | MONITOR_SLEEP | Sleeping for 20s (base=20s, consecutive_errors=0, monitoring_suspended=False)
2025-11-30 22:10:34 | INFO | MONITOR_SLEEP | Sleeping for 20s (base=20s, consecutive_errors=0, monitoring_suspended=False)
2025-11-30 22:10:44 | INFO | SL_RETRY | SL retry thread active - conservative mode (1 SL per 20s, max 10 retries)
2025-11-30 22:10:54 | INFO | MONITOR_SLEEP | Sleeping for 20s (base=20s, consecutive_errors=0, monitoring_suspended=False)
2025-11-30 22:11:14 | INFO | MONITOR | Paper trades checked (next in 60s)
2025-11-30 22:11:14 | INFO | MONITOR_SLEEP | Sleeping for 20s (base=20s, consecutive_errors=0, monitoring_suspended=False)
2025-11-30 22:11:34 | INFO | MONITOR_SLEEP | Sleeping for 20s (base=20s, consecutive_errors=0, monitoring_suspended=False)
2025-11-30 22:11:54 | INFO | MONITOR_SLEEP | Sleeping for 20s (base=20s, consecutive_errors=0, monitoring_suspended=False)
2025-11-30 22:12:14 | INFO | MONITOR | Paper trades checked (next in 60s)
2025-11-30 22:12:14 | INFO | MONITOR_SLEEP | Sleeping for 20s (base=20s, consecutive_errors=0, monitoring_suspended=False)
2025-11-30 22:12:34 | INFO | MONITOR_SLEEP | Sleeping for 20s (base=20s, consecutive_errors=0, monitoring_suspended=False)
2025-11-30 22:12:54 | INFO | MONITOR_SLEEP | Sleeping for 20s (base=20s, consecutive_errors=0, monitoring_suspended=False)
2025-11-30 22:13:14 | INFO | MONITOR | Paper trades checked (next in 60s)
2025-11-30 22:13:14 | INFO | MONITOR_SLEEP | Sleeping for 20s (base=20s, consecutive_errors=0, monitoring_suspended=False)
2025-11-30 22:13:34 | INFO | MONITOR_SLEEP | Sleeping for 20s (base=20s, consecutive_errors=0, monitoring_suspended=False)
2025-11-30 22:13:54 | INFO | MONITOR_SLEEP | Sleeping for 20s (base=20s, consecutive_errors=0, monitoring_suspended=False)
2025-11-30 22:14:14 | INFO | MONITOR | Paper trades checked (next in 60s)
2025-11-30 22:14:14 | INFO | MONITOR_SLEEP | Sleeping for 20s (base=20s, consecutive_errors=0, monitoring_suspended=False)
2025-11-30 22:14:34 | INFO | MONITOR_SLEEP | Sleeping for 20s (base=20s, consecutive_errors=0, monitoring_suspended=False)
2025-11-30 22:14:54 | INFO | MONITOR_SLEEP | Sleeping for 20s (base=20s, consecutive_errors=0, monitoring_suspended=False)
2025-11-30 22:15:11 | INFO | STARTUP | Logging initialized | log_dir=/root/santhosh/trading/equity/logs/2025-11-30
2025-11-30 22:15:12 | INFO | FEEDBACK_INIT | PerformanceFeedback initialized for adaptive trading
2025-11-30 22:15:12 | INFO | MONITOR | Backed up stale positions.json to positions.json.startup_1764521112
2025-11-30 22:15:12 | INFO | MONITOR | ✓ Cleared stale positions.json - will rebuild from broker holdings
2025-11-30 22:15:12 | INFO | MONITOR | Skipping file load - broker will be source of truth
2025-11-30 22:15:12 | INFO | HOLDINGS_SYNC | Fetching positions and holdings from broker...
2025-11-30 22:15:12 | INFO | HOLDINGS_SYNC | No positions or holdings found at broker
2025-11-30 22:15:12 | INFO | MONITOR | Position monitoring started with bucketed LTP checking
2025-11-30 22:15:12 | INFO | MONITOR | Event loop thread started
2025-11-30 22:15:12 | INFO | MONITOR | Event loop started successfully for priority queue
2025-11-30 22:15:13 | INFO | MONITOR | Priority API queue enabled and started
2025-11-30 22:15:13 | INFO | SL_RETRY | SL retry thread started - waiting 30s before initial placement (conserve startup API quota)
2025-11-30 22:15:13 | INFO | SL_RETRY | SL retry thread started successfully
2025-11-30 22:15:13 | INFO | MONITOR_SLEEP | Sleeping for 20s (base=20s, consecutive_errors=0, monitoring_suspended=False)
2025-11-30 22:15:33 | INFO | MONITOR_SLEEP | Sleeping for 20s (base=20s, consecutive_errors=0, monitoring_suspended=False)
2025-11-30 22:15:43 | INFO | SL_RETRY | SL retry thread active - conservative mode (1 SL per 20s, max 10 retries)
2025-11-30 22:15:53 | INFO | MONITOR_SLEEP | Sleeping for 20s (base=20s, consecutive_errors=0, monitoring_suspended=False)
2025-11-30 22:16:13 | INFO | MONITOR | Paper trades checked (next in 60s)
2025-11-30 22:16:13 | INFO | MONITOR_SLEEP | Sleeping for 20s (base=20s, consecutive_errors=0, monitoring_suspended=False)
2025-11-30 22:16:33 | INFO | MONITOR_SLEEP | Sleeping for 20s (base=20s, consecutive_errors=0, monitoring_suspended=False)
2025-11-30 22:16:53 | INFO | MONITOR_SLEEP | Sleeping for 20s (base=20s, consecutive_errors=0, monitoring_suspended=False)
2025-11-30 22:17:13 | INFO | MONITOR | Paper trades checked (next in 60s)
2025-11-30 22:17:13 | INFO | MONITOR_SLEEP | Sleeping for 20s (base=20s, consecutive_errors=0, monitoring_suspended=False)
2025-11-30 22:17:33 | INFO | MONITOR_SLEEP | Sleeping for 20s (base=20s, consecutive_errors=0, monitoring_suspended=False)
2025-11-30 22:17:53 | INFO | MONITOR_SLEEP | Sleeping for 20s (base=20s, consecutive_errors=0, monitoring_suspended=False)
2025-11-30 22:18:13 | INFO | MONITOR | Paper trades checked (next in 60s)
2025-11-30 22:18:13 | INFO | MONITOR_SLEEP | Sleeping for 20s (base=20s, consecutive_errors=0, monitoring_suspended=False)
2025-11-30 22:18:33 | INFO | MONITOR_SLEEP | Sleeping for 20s (base=20s, consecutive_errors=0, monitoring_suspended=False)
2025-11-30 22:18:53 | INFO | MONITOR_SLEEP | Sleeping for 20s (base=20s, consecutive_errors=0, monitoring_suspended=False)
2025-11-30 22:19:13 | INFO | MONITOR | Paper trades checked (next in 60s)
2025-11-30 22:19:13 | INFO | MONITOR_SLEEP | Sleeping for 20s (base=20s, consecutive_errors=0, monitoring_suspended=False)
2025-11-30 22:19:33 | INFO | MONITOR_SLEEP | Sleeping for 20s (base=20s, consecutive_errors=0, monitoring_suspended=False)
2025-11-30 22:19:53 | INFO | MONITOR_SLEEP | Sleeping for 20s (base=20s, consecutive_errors=0, monitoring_suspended=False)
2025-11-30 22:20:11 | INFO | STARTUP | Logging initialized | log_dir=/root/santhosh/trading/equity/logs/2025-11-30
2025-11-30 22:20:12 | INFO | FEEDBACK_INIT | PerformanceFeedback initialized for adaptive trading
2025-11-30 22:20:12 | INFO | MONITOR | Backed up stale positions.json to positions.json.startup_1764521412
2025-11-30 22:20:12 | INFO | MONITOR | ✓ Cleared stale positions.json - will rebuild from broker holdings
2025-11-30 22:20:12 | INFO | MONITOR | Skipping file load - broker will be source of truth
2025-11-30 22:20:12 | INFO | HOLDINGS_SYNC | Fetching positions and holdings from broker...
2025-11-30 22:20:13 | INFO | HOLDINGS_SYNC | No positions or holdings found at broker
2025-11-30 22:20:13 | INFO | MONITOR | Position monitoring started with bucketed LTP checking
2025-11-30 22:20:13 | INFO | MONITOR | Event loop thread started
2025-11-30 22:20:13 | INFO | MONITOR | Event loop started successfully for priority queue
2025-11-30 22:20:13 | INFO | MONITOR | Priority API queue enabled and started
2025-11-30 22:20:13 | INFO | SL_RETRY | SL retry thread started - waiting 30s before initial placement (conserve startup API quota)
2025-11-30 22:20:13 | INFO | SL_RETRY | SL retry thread started successfully
2025-11-30 22:20:13 | INFO | MONITOR_SLEEP | Sleeping for 20s (base=20s, consecutive_errors=0, monitoring_suspended=False)
2025-11-30 22:20:33 | INFO | MONITOR_SLEEP | Sleeping for 20s (base=20s, consecutive_errors=0, monitoring_suspended=False)
2025-11-30 22:20:43 | INFO | SL_RETRY | SL retry thread active - conservative mode (1 SL per 20s, max 10 retries)
2025-11-30 22:20:53 | INFO | MONITOR_SLEEP | Sleeping for 20s (base=20s, consecutive_errors=0, monitoring_suspended=False)
2025-11-30 22:21:13 | INFO | MONITOR | Paper trades checked (next in 60s)
2025-11-30 22:21:13 | INFO | MONITOR_SLEEP | Sleeping for 20s (base=20s, consecutive_errors=0, monitoring_suspended=False)
2025-11-30 22:21:33 | INFO | MONITOR_SLEEP | Sleeping for 20s (base=20s, consecutive_errors=0, monitoring_suspended=False)
2025-11-30 22:21:53 | INFO | MONITOR_SLEEP | Sleeping for 20s (base=20s, consecutive_errors=0, monitoring_suspended=False)
2025-11-30 22:22:13 | INFO | MONITOR | Paper trades checked (next in 60s)
2025-11-30 22:22:13 | INFO | MONITOR_SLEEP | Sleeping for 20s (base=20s, consecutive_errors=0, monitoring_suspended=False)
2025-11-30 22:22:33 | INFO | MONITOR_SLEEP | Sleeping for 20s (base=20s, consecutive_errors=0, monitoring_suspended=False)
2025-11-30 22:22:53 | INFO | MONITOR_SLEEP | Sleeping for 20s (base=20s, consecutive_errors=0, monitoring_suspended=False)
2025-11-30 22:23:13 | INFO | MONITOR | Paper trades checked (next in 60s)
2025-11-30 22:23:13 | INFO | MONITOR_SLEEP | Sleeping for 20s (base=20s, consecutive_errors=0, monitoring_suspended=False)
2025-11-30 22:23:33 | INFO | MONITOR_SLEEP | Sleeping for 20s (base=20s, consecutive_errors=0, monitoring_suspended=False)
2025-11-30 22:23:53 | INFO | MONITOR_SLEEP | Sleeping for 20s (base=20s, consecutive_errors=0, monitoring_suspended=False)
2025-11-30 22:24:13 | INFO | MONITOR | Paper trades checked (next in 60s)
2025-11-30 22:24:13 | INFO | MONITOR_SLEEP | Sleeping for 20s (base=20s, consecutive_errors=0, monitoring_suspended=False)
2025-11-30 22:24:33 | INFO | MONITOR_SLEEP | Sleeping for 20s (base=20s, consecutive_errors=0, monitoring_suspended=False)
2025-11-30 22:24:53 | INFO | MONITOR_SLEEP | Sleeping for 20s (base=20s, consecutive_errors=0, monitoring_suspended=False)
2025-11-30 22:25:12 | INFO | STARTUP | Logging initialized | log_dir=/root/santhosh/trading/equity/logs/2025-11-30
2025-11-30 22:25:13 | INFO | FEEDBACK_INIT | PerformanceFeedback initialized for adaptive trading
2025-11-30 22:25:13 | INFO | MONITOR | Backed up stale positions.json to positions.json.startup_1764521713
2025-11-30 22:25:13 | INFO | MONITOR | ✓ Cleared stale positions.json - will rebuild from broker holdings
2025-11-30 22:25:13 | INFO | MONITOR | Skipping file load - broker will be source of truth
2025-11-30 22:25:13 | INFO | HOLDINGS_SYNC | Fetching positions and holdings from broker...
2025-11-30 22:25:14 | INFO | HOLDINGS_SYNC | No positions or holdings found at broker
2025-11-30 22:25:14 | INFO | MONITOR | Position monitoring started with bucketed LTP checking
2025-11-30 22:25:14 | INFO | MONITOR | Event loop thread started
2025-11-30 22:25:14 | INFO | MONITOR | Event loop started successfully for priority queue
2025-11-30 22:25:14 | INFO | MONITOR | Priority API queue enabled and started
2025-11-30 22:25:14 | INFO | SL_RETRY | SL retry thread started - waiting 30s before initial placement (conserve startup API quota)
2025-11-30 22:25:14 | INFO | SL_RETRY | SL retry thread started successfully
2025-11-30 22:25:14 | INFO | MONITOR_SLEEP | Sleeping for 20s (base=20s, consecutive_errors=0, monitoring_suspended=False)
2025-11-30 22:25:34 | INFO | MONITOR_SLEEP | Sleeping for 20s (base=20s, consecutive_errors=0, monitoring_suspended=False)
2025-11-30 22:25:44 | INFO | SL_RETRY | SL retry thread active - conservative mode (1 SL per 20s, max 10 retries)
2025-11-30 22:25:54 | INFO | MONITOR_SLEEP | Sleeping for 20s (base=20s, consecutive_errors=0, monitoring_suspended=False)
2025-11-30 22:26:14 | INFO | MONITOR | Paper trades checked (next in 60s)
2025-11-30 22:26:14 | INFO | MONITOR_SLEEP | Sleeping for 20s (base=20s, consecutive_errors=0, monitoring_suspended=False)
2025-11-30 22:26:34 | INFO | MONITOR_SLEEP | Sleeping for 20s (base=20s, consecutive_errors=0, monitoring_suspended=False)
2025-11-30 22:26:54 | INFO | MONITOR_SLEEP | Sleeping for 20s (base=20s, consecutive_errors=0, monitoring_suspended=False)
2025-11-30 22:27:14 | INFO | MONITOR | Paper trades checked (next in 60s)
2025-11-30 22:27:14 | INFO | MONITOR_SLEEP | Sleeping for 20s (base=20s, consecutive_errors=0, monitoring_suspended=False)
2025-11-30 22:27:34 | INFO | MONITOR_SLEEP | Sleeping for 20s (base=20s, consecutive_errors=0, monitoring_suspended=False)
2025-11-30 22:27:54 | INFO | MONITOR_SLEEP | Sleeping for 20s (base=20s, consecutive_errors=0, monitoring_suspended=False)
2025-11-30 22:28:14 | INFO | MONITOR | Paper trades checked (next in 60s)
2025-11-30 22:28:14 | INFO | MONITOR_SLEEP | Sleeping for 20s (base=20s, consecutive_errors=0, monitoring_suspended=False)
2025-11-30 22:28:34 | INFO | MONITOR_SLEEP | Sleeping for 20s (base=20s, consecutive_errors=0, monitoring_suspended=False)
2025-11-30 22:28:54 | INFO | MONITOR_SLEEP | Sleeping for 20s (base=20s, consecutive_errors=0, monitoring_suspended=False)
2025-11-30 22:29:14 | INFO | MONITOR | Paper trades checked (next in 60s)
2025-11-30 22:29:14 | INFO | MONITOR_SLEEP | Sleeping for 20s (base=20s, consecutive_errors=0, monitoring_suspended=False)
2025-11-30 22:29:34 | INFO | MONITOR_SLEEP | Sleeping for 20s (base=20s, consecutive_errors=0, monitoring_suspended=False)
2025-11-30 22:29:54 | INFO | MONITOR_SLEEP | Sleeping for 20s (base=20s, consecutive_errors=0, monitoring_suspended=False)
2025-11-30 22:30:13 | INFO | STARTUP | Logging initialized | log_dir=/root/santhosh/trading/equity/logs/2025-11-30
2025-11-30 22:30:15 | INFO | FEEDBACK_INIT | PerformanceFeedback initialized for adaptive trading
2025-11-30 22:30:15 | INFO | MONITOR | Backed up stale positions.json to positions.json.startup_1764522015
2025-11-30 22:30:15 | INFO | MONITOR | ✓ Cleared stale positions.json - will rebuild from broker holdings
2025-11-30 22:30:15 | INFO | MONITOR | Skipping file load - broker will be source of truth
2025-11-30 22:30:15 | INFO | HOLDINGS_SYNC | Fetching positions and holdings from broker...
2025-11-30 22:30:15 | INFO | HOLDINGS_SYNC | No positions or holdings found at broker
2025-11-30 22:30:15 | INFO | MONITOR | Position monitoring started with bucketed LTP checking
2025-11-30 22:30:15 | INFO | MONITOR | Event loop thread started
2025-11-30 22:30:15 | INFO | MONITOR | Event loop started successfully for priority queue
2025-11-30 22:30:16 | INFO | MONITOR | Priority API queue enabled and started
2025-11-30 22:30:16 | INFO | SL_RETRY | SL retry thread started - waiting 30s before initial placement (conserve startup API quota)
2025-11-30 22:30:16 | INFO | SL_RETRY | SL retry thread started successfully
2025-11-30 22:30:16 | INFO | MONITOR_SLEEP | Sleeping for 20s (base=20s, consecutive_errors=0, monitoring_suspended=False)
2025-11-30 22:30:36 | INFO | MONITOR_SLEEP | Sleeping for 20s (base=20s, consecutive_errors=0, monitoring_suspended=False)
2025-11-30 22:30:46 | INFO | SL_RETRY | SL retry thread active - conservative mode (1 SL per 20s, max 10 retries)
2025-11-30 22:30:56 | INFO | MONITOR_SLEEP | Sleeping for 20s (base=20s, consecutive_errors=0, monitoring_suspended=False)
2025-11-30 22:31:16 | INFO | MONITOR | Paper trades checked (next in 60s)
2025-11-30 22:31:16 | INFO | MONITOR_SLEEP | Sleeping for 20s (base=20s, consecutive_errors=0, monitoring_suspended=False)
2025-11-30 22:31:36 | INFO | MONITOR_SLEEP | Sleeping for 20s (base=20s, consecutive_errors=0, monitoring_suspended=False)
2025-11-30 22:31:56 | INFO | MONITOR_SLEEP | Sleeping for 20s (base=20s, consecutive_errors=0, monitoring_suspended=False)
2025-11-30 22:32:16 | INFO | MONITOR | Paper trades checked (next in 60s)
2025-11-30 22:32:16 | INFO | MONITOR_SLEEP | Sleeping for 20s (base=20s, consecutive_errors=0, monitoring_suspended=False)
2025-11-30 22:32:36 | INFO | MONITOR_SLEEP | Sleeping for 20s (base=20s, consecutive_errors=0, monitoring_suspended=False)
2025-11-30 22:32:56 | INFO | MONITOR_SLEEP | Sleeping for 20s (base=20s, consecutive_errors=0, monitoring_suspended=False)
2025-11-30 22:33:16 | INFO | MONITOR | Paper trades checked (next in 60s)
2025-11-30 22:33:16 | INFO | MONITOR_SLEEP | Sleeping for 20s (base=20s, consecutive_errors=0, monitoring_suspended=False)
2025-11-30 22:33:36 | INFO | MONITOR_SLEEP | Sleeping for 20s (base=20s, consecutive_errors=0, monitoring_suspended=False)
2025-11-30 22:33:56 | INFO | MONITOR_SLEEP | Sleeping for 20s (base=20s, consecutive_errors=0, monitoring_suspended=False)
2025-11-30 22:34:16 | INFO | MONITOR | Paper trades checked (next in 60s)
2025-11-30 22:34:16 | INFO | MONITOR_SLEEP | Sleeping for 20s (base=20s, consecutive_errors=0, monitoring_suspended=False)
2025-11-30 22:34:36 | INFO | MONITOR_SLEEP | Sleeping for 20s (base=20s, consecutive_errors=0, monitoring_suspended=False)
2025-11-30 22:34:56 | INFO | MONITOR_SLEEP | Sleeping for 20s (base=20s, consecutive_errors=0, monitoring_suspended=False)
2025-11-30 22:35:13 | INFO | STARTUP | Logging initialized | log_dir=/root/santhosh/trading/equity/logs/2025-11-30
2025-11-30 22:35:14 | INFO | FEEDBACK_INIT | PerformanceFeedback initialized for adaptive trading
2025-11-30 22:35:14 | INFO | MONITOR | Backed up stale positions.json to positions.json.startup_1764522314
2025-11-30 22:35:14 | INFO | MONITOR | ✓ Cleared stale positions.json - will rebuild from broker holdings
2025-11-30 22:35:14 | INFO | MONITOR | Skipping file load - broker will be source of truth
2025-11-30 22:35:14 | INFO | HOLDINGS_SYNC | Fetching positions and holdings from broker...
2025-11-30 22:35:15 | INFO | HOLDINGS_SYNC | No positions or holdings found at broker
2025-11-30 22:35:15 | INFO | MONITOR | Position monitoring started with bucketed LTP checking
2025-11-30 22:35:15 | INFO | MONITOR | Event loop thread started
2025-11-30 22:35:15 | INFO | MONITOR | Event loop started successfully for priority queue
2025-11-30 22:35:15 | INFO | MONITOR | Priority API queue enabled and started
2025-11-30 22:35:15 | INFO | SL_RETRY | SL retry thread started - waiting 30s before initial placement (conserve startup API quota)
2025-11-30 22:35:15 | INFO | SL_RETRY | SL retry thread started successfully
2025-11-30 22:35:15 | INFO | MONITOR_SLEEP | Sleeping for 20s (base=20s, consecutive_errors=0, monitoring_suspended=False)
2025-11-30 22:35:35 | INFO | MONITOR_SLEEP | Sleeping for 20s (base=20s, consecutive_errors=0, monitoring_suspended=False)
2025-11-30 22:35:45 | INFO | SL_RETRY | SL retry thread active - conservative mode (1 SL per 20s, max 10 retries)
2025-11-30 22:35:55 | INFO | MONITOR_SLEEP | Sleeping for 20s (base=20s, consecutive_errors=0, monitoring_suspended=False)
2025-11-30 22:36:15 | INFO | MONITOR | Paper trades checked (next in 60s)
2025-11-30 22:36:15 | INFO | MONITOR_SLEEP | Sleeping for 20s (base=20s, consecutive_errors=0, monitoring_suspended=False)
2025-11-30 22:36:35 | INFO | MONITOR_SLEEP | Sleeping for 20s (base=20s, consecutive_errors=0, monitoring_suspended=False)
2025-11-30 22:36:55 | INFO | MONITOR_SLEEP | Sleeping for 20s (base=20s, consecutive_errors=0, monitoring_suspended=False)
2025-11-30 22:37:15 | INFO | MONITOR | Paper trades checked (next in 60s)
2025-11-30 22:37:15 | INFO | MONITOR_SLEEP | Sleeping for 20s (base=20s, consecutive_errors=0, monitoring_suspended=False)
2025-11-30 22:37:35 | INFO | MONITOR_SLEEP | Sleeping for 20s (base=20s, consecutive_errors=0, monitoring_suspended=False)
2025-11-30 22:37:55 | INFO | MONITOR_SLEEP | Sleeping for 20s (base=20s, consecutive_errors=0, monitoring_suspended=False)
2025-11-30 22:38:15 | INFO | MONITOR | Paper trades checked (next in 60s)
2025-11-30 22:38:15 | INFO | MONITOR_SLEEP | Sleeping for 20s (base=20s, consecutive_errors=0, monitoring_suspended=False)
2025-11-30 22:38:35 | INFO | MONITOR_SLEEP | Sleeping for 20s (base=20s, consecutive_errors=0, monitoring_suspended=False)
2025-11-30 22:38:55 | INFO | MONITOR_SLEEP | Sleeping for 20s (base=20s, consecutive_errors=0, monitoring_suspended=False)
2025-11-30 22:39:15 | INFO | MONITOR | Paper trades checked (next in 60s)
2025-11-30 22:39:15 | INFO | MONITOR_SLEEP | Sleeping for 20s (base=20s, consecutive_errors=0, monitoring_suspended=False)
2025-11-30 22:39:35 | INFO | MONITOR_SLEEP | Sleeping for 20s (base=20s, consecutive_errors=0, monitoring_suspended=False)
2025-11-30 22:39:55 | INFO | MONITOR_SLEEP | Sleeping for 20s (base=20s, consecutive_errors=0, monitoring_suspended=False)
2025-11-30 22:40:12 | INFO | STARTUP | Logging initialized | log_dir=/root/santhosh/trading/equity/logs/2025-11-30
2025-11-30 22:40:13 | INFO | FEEDBACK_INIT | PerformanceFeedback initialized for adaptive trading
2025-11-30 22:40:13 | INFO | MONITOR | Backed up stale positions.json to positions.json.startup_1764522613
2025-11-30 22:40:13 | INFO | MONITOR | ✓ Cleared stale positions.json - will rebuild from broker holdings
2025-11-30 22:40:13 | INFO | MONITOR | Skipping file load - broker will be source of truth
2025-11-30 22:40:13 | INFO | HOLDINGS_SYNC | Fetching positions and holdings from broker...
2025-11-30 22:40:13 | INFO | HOLDINGS_SYNC | No positions or holdings found at broker
2025-11-30 22:40:13 | INFO | MONITOR | Position monitoring started with bucketed LTP checking
2025-11-30 22:40:13 | INFO | MONITOR | Event loop thread started
2025-11-30 22:40:13 | INFO | MONITOR | Event loop started successfully for priority queue
2025-11-30 22:40:14 | INFO | MONITOR | Priority API queue enabled and started
2025-11-30 22:40:14 | INFO | SL_RETRY | SL retry thread started - waiting 30s before initial placement (conserve startup API quota)
2025-11-30 22:40:14 | INFO | SL_RETRY | SL retry thread started successfully
2025-11-30 22:40:14 | INFO | MONITOR_SLEEP | Sleeping for 20s (base=20s, consecutive_errors=0, monitoring_suspended=False)
2025-11-30 22:40:34 | INFO | MONITOR_SLEEP | Sleeping for 20s (base=20s, consecutive_errors=0, monitoring_suspended=False)
2025-11-30 22:40:44 | INFO | SL_RETRY | SL retry thread active - conservative mode (1 SL per 20s, max 10 retries)
2025-11-30 22:40:54 | INFO | MONITOR_SLEEP | Sleeping for 20s (base=20s, consecutive_errors=0, monitoring_suspended=False)
2025-11-30 22:41:14 | INFO | MONITOR | Paper trades checked (next in 60s)
2025-11-30 22:41:14 | INFO | MONITOR_SLEEP | Sleeping for 20s (base=20s, consecutive_errors=0, monitoring_suspended=False)
2025-11-30 22:41:34 | INFO | MONITOR_SLEEP | Sleeping for 20s (base=20s, consecutive_errors=0, monitoring_suspended=False)
2025-11-30 22:41:54 | INFO | MONITOR_SLEEP | Sleeping for 20s (base=20s, consecutive_errors=0, monitoring_suspended=False)
2025-11-30 22:42:14 | INFO | MONITOR | Paper trades checked (next in 60s)
2025-11-30 22:42:14 | INFO | MONITOR_SLEEP | Sleeping for 20s (base=20s, consecutive_errors=0, monitoring_suspended=False)
2025-11-30 22:42:34 | INFO | MONITOR_SLEEP | Sleeping for 20s (base=20s, consecutive_errors=0, monitoring_suspended=False)
2025-11-30 22:42:54 | INFO | MONITOR_SLEEP | Sleeping for 20s (base=20s, consecutive_errors=0, monitoring_suspended=False)
2025-11-30 22:43:14 | INFO | MONITOR | Paper trades checked (next in 60s)
2025-11-30 22:43:14 | INFO | MONITOR_SLEEP | Sleeping for 20s (base=20s, consecutive_errors=0, monitoring_suspended=False)
2025-11-30 22:43:34 | INFO | MONITOR_SLEEP | Sleeping for 20s (base=20s, consecutive_errors=0, monitoring_suspended=False)
2025-11-30 22:43:54 | INFO | MONITOR_SLEEP | Sleeping for 20s (base=20s, consecutive_errors=0, monitoring_suspended=False)
2025-11-30 22:44:14 | INFO | MONITOR | Paper trades checked (next in 60s)
2025-11-30 22:44:14 | INFO | MONITOR_SLEEP | Sleeping for 20s (base=20s, consecutive_errors=0, monitoring_suspended=False)
2025-11-30 22:44:34 | INFO | MONITOR_SLEEP | Sleeping for 20s (base=20s, consecutive_errors=0, monitoring_suspended=False)
2025-11-30 22:44:54 | INFO | MONITOR_SLEEP | Sleeping for 20s (base=20s, consecutive_errors=0, monitoring_suspended=False)
2025-11-30 22:45:11 | INFO | STARTUP | Logging initialized | log_dir=/root/santhosh/trading/equity/logs/2025-11-30
2025-11-30 22:45:12 | INFO | FEEDBACK_INIT | PerformanceFeedback initialized for adaptive trading
2025-11-30 22:45:12 | INFO | MONITOR | Backed up stale positions.json to positions.json.startup_1764522912
2025-11-30 22:45:12 | INFO | MONITOR | ✓ Cleared stale positions.json - will rebuild from broker holdings
2025-11-30 22:45:12 | INFO | MONITOR | Skipping file load - broker will be source of truth
2025-11-30 22:45:12 | INFO | HOLDINGS_SYNC | Fetching positions and holdings from broker...
2025-11-30 22:45:12 | INFO | HOLDINGS_SYNC | No positions or holdings found at broker
2025-11-30 22:45:12 | INFO | MONITOR | Position monitoring started with bucketed LTP checking
2025-11-30 22:45:12 | INFO | MONITOR | Event loop thread started
2025-11-30 22:45:12 | INFO | MONITOR | Event loop started successfully for priority queue
2025-11-30 22:45:13 | INFO | MONITOR | Priority API queue enabled and started
2025-11-30 22:45:13 | INFO | SL_RETRY | SL retry thread started - waiting 30s before initial placement (conserve startup API quota)
2025-11-30 22:45:13 | INFO | SL_RETRY | SL retry thread started successfully
2025-11-30 22:45:13 | INFO | MONITOR_SLEEP | Sleeping for 20s (base=20s, consecutive_errors=0, monitoring_suspended=False)
2025-11-30 22:45:33 | INFO | MONITOR_SLEEP | Sleeping for 20s (base=20s, consecutive_errors=0, monitoring_suspended=False)
2025-11-30 22:45:43 | INFO | SL_RETRY | SL retry thread active - conservative mode (1 SL per 20s, max 10 retries)
2025-11-30 22:45:53 | INFO | MONITOR_SLEEP | Sleeping for 20s (base=20s, consecutive_errors=0, monitoring_suspended=False)
2025-11-30 22:46:13 | INFO | MONITOR | Paper trades checked (next in 60s)
2025-11-30 22:46:13 | INFO | MONITOR_SLEEP | Sleeping for 20s (base=20s, consecutive_errors=0, monitoring_suspended=False)
2025-11-30 22:46:33 | INFO | MONITOR_SLEEP | Sleeping for 20s (base=20s, consecutive_errors=0, monitoring_suspended=False)
2025-11-30 22:46:53 | INFO | MONITOR_SLEEP | Sleeping for 20s (base=20s, consecutive_errors=0, monitoring_suspended=False)
2025-11-30 22:47:13 | INFO | MONITOR | Paper trades checked (next in 60s)
2025-11-30 22:47:13 | INFO | MONITOR_SLEEP | Sleeping for 20s (base=20s, consecutive_errors=0, monitoring_suspended=False)
2025-11-30 22:47:33 | INFO | MONITOR_SLEEP | Sleeping for 20s (base=20s, consecutive_errors=0, monitoring_suspended=False)
2025-11-30 22:47:53 | INFO | MONITOR_SLEEP | Sleeping for 20s (base=20s, consecutive_errors=0, monitoring_suspended=False)
2025-11-30 22:48:13 | INFO | MONITOR | Paper trades checked (next in 60s)
2025-11-30 22:48:13 | INFO | MONITOR_SLEEP | Sleeping for 20s (base=20s, consecutive_errors=0, monitoring_suspended=False)
2025-11-30 22:48:33 | INFO | MONITOR_SLEEP | Sleeping for 20s (base=20s, consecutive_errors=0, monitoring_suspended=False)
2025-11-30 22:48:53 | INFO | MONITOR_SLEEP | Sleeping for 20s (base=20s, consecutive_errors=0, monitoring_suspended=False)
2025-11-30 22:49:13 | INFO | MONITOR | Paper trades checked (next in 60s)
2025-11-30 22:49:13 | INFO | MONITOR_SLEEP | Sleeping for 20s (base=20s, consecutive_errors=0, monitoring_suspended=False)
2025-11-30 22:49:33 | INFO | MONITOR_SLEEP | Sleeping for 20s (base=20s, consecutive_errors=0, monitoring_suspended=False)
2025-11-30 22:49:53 | INFO | MONITOR_SLEEP | Sleeping for 20s (base=20s, consecutive_errors=0, monitoring_suspended=False)
2025-11-30 22:50:12 | INFO | STARTUP | Logging initialized | log_dir=/root/santhosh/trading/equity/logs/2025-11-30
2025-11-30 22:50:13 | INFO | FEEDBACK_INIT | PerformanceFeedback initialized for adaptive trading
2025-11-30 22:50:13 | INFO | MONITOR | Backed up stale positions.json to positions.json.startup_1764523213
2025-11-30 22:50:13 | INFO | MONITOR | ✓ Cleared stale positions.json - will rebuild from broker holdings
2025-11-30 22:50:13 | INFO | MONITOR | Skipping file load - broker will be source of truth
2025-11-30 22:50:13 | INFO | HOLDINGS_SYNC | Fetching positions and holdings from broker...
2025-11-30 22:50:13 | INFO | HOLDINGS_SYNC | No positions or holdings found at broker
2025-11-30 22:50:13 | INFO | MONITOR | Position monitoring started with bucketed LTP checking
2025-11-30 22:50:13 | INFO | MONITOR | Event loop thread started
2025-11-30 22:50:13 | INFO | MONITOR | Event loop started successfully for priority queue
2025-11-30 22:50:14 | INFO | MONITOR | Priority API queue enabled and started
2025-11-30 22:50:14 | INFO | SL_RETRY | SL retry thread started - waiting 30s before initial placement (conserve startup API quota)
2025-11-30 22:50:14 | INFO | SL_RETRY | SL retry thread started successfully
2025-11-30 22:50:14 | INFO | MONITOR_SLEEP | Sleeping for 20s (base=20s, consecutive_errors=0, monitoring_suspended=False)
2025-11-30 22:50:34 | INFO | MONITOR_SLEEP | Sleeping for 20s (base=20s, consecutive_errors=0, monitoring_suspended=False)
2025-11-30 22:50:44 | INFO | SL_RETRY | SL retry thread active - conservative mode (1 SL per 20s, max 10 retries)
2025-11-30 22:50:54 | INFO | MONITOR_SLEEP | Sleeping for 20s (base=20s, consecutive_errors=0, monitoring_suspended=False)
2025-11-30 22:51:14 | INFO | MONITOR | Paper trades checked (next in 60s)
2025-11-30 22:51:14 | INFO | MONITOR_SLEEP | Sleeping for 20s (base=20s, consecutive_errors=0, monitoring_suspended=False)
2025-11-30 22:51:34 | INFO | MONITOR_SLEEP | Sleeping for 20s (base=20s, consecutive_errors=0, monitoring_suspended=False)
2025-11-30 22:51:54 | INFO | MONITOR_SLEEP | Sleeping for 20s (base=20s, consecutive_errors=0, monitoring_suspended=False)
2025-11-30 22:52:14 | INFO | MONITOR | Paper trades checked (next in 60s)
2025-11-30 22:52:14 | INFO | MONITOR_SLEEP | Sleeping for 20s (base=20s, consecutive_errors=0, monitoring_suspended=False)
2025-11-30 22:52:34 | INFO | MONITOR_SLEEP | Sleeping for 20s (base=20s, consecutive_errors=0, monitoring_suspended=False)
2025-11-30 22:52:54 | INFO | MONITOR_SLEEP | Sleeping for 20s (base=20s, consecutive_errors=0, monitoring_suspended=False)
2025-11-30 22:53:14 | INFO | MONITOR | Paper trades checked (next in 60s)
2025-11-30 22:53:14 | INFO | MONITOR_SLEEP | Sleeping for 20s (base=20s, consecutive_errors=0, monitoring_suspended=False)
2025-11-30 22:53:34 | INFO | MONITOR_SLEEP | Sleeping for 20s (base=20s, consecutive_errors=0, monitoring_suspended=False)
2025-11-30 22:53:54 | INFO | MONITOR_SLEEP | Sleeping for 20s (base=20s, consecutive_errors=0, monitoring_suspended=False)
2025-11-30 22:54:14 | INFO | MONITOR | Paper trades checked (next in 60s)
2025-11-30 22:54:14 | INFO | MONITOR_SLEEP | Sleeping for 20s (base=20s, consecutive_errors=0, monitoring_suspended=False)
2025-11-30 22:54:34 | INFO | MONITOR_SLEEP | Sleeping for 20s (base=20s, consecutive_errors=0, monitoring_suspended=False)
2025-11-30 22:54:54 | INFO | MONITOR_SLEEP | Sleeping for 20s (base=20s, consecutive_errors=0, monitoring_suspended=False)
2025-11-30 22:55:10 | INFO | STARTUP | Logging initialized | log_dir=/root/santhosh/trading/equity/logs/2025-11-30
2025-11-30 22:55:11 | INFO | FEEDBACK_INIT | PerformanceFeedback initialized for adaptive trading
2025-11-30 22:55:11 | INFO | MONITOR | Backed up stale positions.json to positions.json.startup_1764523511
2025-11-30 22:55:11 | INFO | MONITOR | ✓ Cleared stale positions.json - will rebuild from broker holdings
2025-11-30 22:55:11 | INFO | MONITOR | Skipping file load - broker will be source of truth
2025-11-30 22:55:11 | INFO | HOLDINGS_SYNC | Fetching positions and holdings from broker...
2025-11-30 22:55:12 | INFO | HOLDINGS_SYNC | No positions or holdings found at broker
2025-11-30 22:55:12 | INFO | MONITOR | Position monitoring started with bucketed LTP checking
2025-11-30 22:55:12 | INFO | MONITOR | Event loop thread started
2025-11-30 22:55:12 | INFO | MONITOR | Event loop started successfully for priority queue
2025-11-30 22:55:12 | INFO | MONITOR | Priority API queue enabled and started
2025-11-30 22:55:12 | INFO | SL_RETRY | SL retry thread started - waiting 30s before initial placement (conserve startup API quota)
2025-11-30 22:55:12 | INFO | SL_RETRY | SL retry thread started successfully
2025-11-30 22:55:12 | INFO | MONITOR_SLEEP | Sleeping for 20s (base=20s, consecutive_errors=0, monitoring_suspended=False)
2025-11-30 22:55:32 | INFO | MONITOR_SLEEP | Sleeping for 20s (base=20s, consecutive_errors=0, monitoring_suspended=False)
2025-11-30 22:55:42 | INFO | SL_RETRY | SL retry thread active - conservative mode (1 SL per 20s, max 10 retries)
2025-11-30 22:55:52 | INFO | MONITOR_SLEEP | Sleeping for 20s (base=20s, consecutive_errors=0, monitoring_suspended=False)
2025-11-30 22:56:12 | INFO | MONITOR | Paper trades checked (next in 60s)
2025-11-30 22:56:12 | INFO | MONITOR_SLEEP | Sleeping for 20s (base=20s, consecutive_errors=0, monitoring_suspended=False)
2025-11-30 22:56:32 | INFO | MONITOR_SLEEP | Sleeping for 20s (base=20s, consecutive_errors=0, monitoring_suspended=False)
2025-11-30 22:56:52 | INFO | MONITOR_SLEEP | Sleeping for 20s (base=20s, consecutive_errors=0, monitoring_suspended=False)
2025-11-30 22:57:12 | INFO | MONITOR | Paper trades checked (next in 60s)
2025-11-30 22:57:12 | INFO | MONITOR_SLEEP | Sleeping for 20s (base=20s, consecutive_errors=0, monitoring_suspended=False)
2025-11-30 22:57:32 | INFO | MONITOR_SLEEP | Sleeping for 20s (base=20s, consecutive_errors=0, monitoring_suspended=False)
2025-11-30 22:57:52 | INFO | MONITOR_SLEEP | Sleeping for 20s (base=20s, consecutive_errors=0, monitoring_suspended=False)
2025-11-30 22:58:12 | INFO | MONITOR | Paper trades checked (next in 60s)
2025-11-30 22:58:12 | INFO | MONITOR_SLEEP | Sleeping for 20s (base=20s, consecutive_errors=0, monitoring_suspended=False)
2025-11-30 22:58:32 | INFO | MONITOR_SLEEP | Sleeping for 20s (base=20s, consecutive_errors=0, monitoring_suspended=False)
2025-11-30 22:58:52 | INFO | MONITOR_SLEEP | Sleeping for 20s (base=20s, consecutive_errors=0, monitoring_suspended=False)
2025-11-30 22:59:12 | INFO | MONITOR | Paper trades checked (next in 60s)
2025-11-30 22:59:12 | INFO | MONITOR_SLEEP | Sleeping for 20s (base=20s, consecutive_errors=0, monitoring_suspended=False)
2025-11-30 22:59:32 | INFO | MONITOR_SLEEP | Sleeping for 20s (base=20s, consecutive_errors=0, monitoring_suspended=False)
2025-11-30 22:59:52 | INFO | MONITOR_SLEEP | Sleeping for 20s (base=20s, consecutive_errors=0, monitoring_suspended=False)
2025-11-30 23:00:10 | INFO | STARTUP | Logging initialized | log_dir=/root/santhosh/trading/equity/logs/2025-11-30
2025-11-30 23:00:11 | INFO | FEEDBACK_INIT | PerformanceFeedback initialized for adaptive trading
2025-11-30 23:00:11 | INFO | MONITOR | Backed up stale positions.json to positions.json.startup_1764523811
2025-11-30 23:00:11 | INFO | MONITOR | ✓ Cleared stale positions.json - will rebuild from broker holdings
2025-11-30 23:00:11 | INFO | MONITOR | Skipping file load - broker will be source of truth
2025-11-30 23:00:11 | INFO | HOLDINGS_SYNC | Fetching positions and holdings from broker...
2025-11-30 23:00:11 | INFO | HOLDINGS_SYNC | No positions or holdings found at broker
2025-11-30 23:00:11 | INFO | MONITOR | Position monitoring started with bucketed LTP checking
2025-11-30 23:00:11 | INFO | MONITOR | Event loop thread started
2025-11-30 23:00:11 | INFO | MONITOR | Event loop started successfully for priority queue
2025-11-30 23:00:11 | INFO | MONITOR | Priority API queue enabled and started
2025-11-30 23:00:11 | INFO | SL_RETRY | SL retry thread started - waiting 30s before initial placement (conserve startup API quota)
2025-11-30 23:00:11 | INFO | SL_RETRY | SL retry thread started successfully
2025-11-30 23:00:11 | INFO | MONITOR_SLEEP | Sleeping for 20s (base=20s, consecutive_errors=0, monitoring_suspended=False)
2025-11-30 23:00:31 | INFO | MONITOR_SLEEP | Sleeping for 20s (base=20s, consecutive_errors=0, monitoring_suspended=False)
2025-11-30 23:00:41 | INFO | SL_RETRY | SL retry thread active - conservative mode (1 SL per 20s, max 10 retries)
2025-11-30 23:00:51 | INFO | MONITOR_SLEEP | Sleeping for 20s (base=20s, consecutive_errors=0, monitoring_suspended=False)
2025-11-30 23:01:11 | INFO | MONITOR | Paper trades checked (next in 60s)
2025-11-30 23:01:11 | INFO | MONITOR_SLEEP | Sleeping for 20s (base=20s, consecutive_errors=0, monitoring_suspended=False)
2025-11-30 23:01:31 | INFO | MONITOR_SLEEP | Sleeping for 20s (base=20s, consecutive_errors=0, monitoring_suspended=False)
2025-11-30 23:01:51 | INFO | MONITOR_SLEEP | Sleeping for 20s (base=20s, consecutive_errors=0, monitoring_suspended=False)
2025-11-30 23:02:11 | INFO | MONITOR | Paper trades checked (next in 60s)
2025-11-30 23:02:11 | INFO | MONITOR_SLEEP | Sleeping for 20s (base=20s, consecutive_errors=0, monitoring_suspended=False)
2025-11-30 23:02:31 | INFO | MONITOR_SLEEP | Sleeping for 20s (base=20s, consecutive_errors=0, monitoring_suspended=False)
2025-11-30 23:02:51 | INFO | MONITOR_SLEEP | Sleeping for 20s (base=20s, consecutive_errors=0, monitoring_suspended=False)
2025-11-30 23:03:11 | INFO | MONITOR | Paper trades checked (next in 60s)
2025-11-30 23:03:11 | INFO | MONITOR_SLEEP | Sleeping for 20s (base=20s, consecutive_errors=0, monitoring_suspended=False)
2025-11-30 23:03:31 | INFO | MONITOR_SLEEP | Sleeping for 20s (base=20s, consecutive_errors=0, monitoring_suspended=False)
2025-11-30 23:03:51 | INFO | MONITOR_SLEEP | Sleeping for 20s (base=20s, consecutive_errors=0, monitoring_suspended=False)
2025-11-30 23:04:11 | INFO | MONITOR | Paper trades checked (next in 60s)
2025-11-30 23:04:11 | INFO | MONITOR_SLEEP | Sleeping for 20s (base=20s, consecutive_errors=0, monitoring_suspended=False)
2025-11-30 23:04:31 | INFO | MONITOR_SLEEP | Sleeping for 20s (base=20s, consecutive_errors=0, monitoring_suspended=False)
2025-11-30 23:04:51 | INFO | MONITOR_SLEEP | Sleeping for 20s (base=20s, consecutive_errors=0, monitoring_suspended=False)
2025-11-30 23:05:13 | INFO | STARTUP | Logging initialized | log_dir=/root/santhosh/trading/equity/logs/2025-11-30
2025-11-30 23:05:14 | INFO | FEEDBACK_INIT | PerformanceFeedback initialized for adaptive trading
2025-11-30 23:05:14 | INFO | MONITOR | Backed up stale positions.json to positions.json.startup_1764524114
2025-11-30 23:05:14 | INFO | MONITOR | ✓ Cleared stale positions.json - will rebuild from broker holdings
2025-11-30 23:05:14 | INFO | MONITOR | Skipping file load - broker will be source of truth
2025-11-30 23:05:14 | INFO | HOLDINGS_SYNC | Fetching positions and holdings from broker...
2025-11-30 23:05:14 | INFO | HOLDINGS_SYNC | No positions or holdings found at broker
2025-11-30 23:05:14 | INFO | MONITOR | Position monitoring started with bucketed LTP checking
2025-11-30 23:05:14 | INFO | MONITOR | Event loop thread started
2025-11-30 23:05:14 | INFO | MONITOR | Event loop started successfully for priority queue
2025-11-30 23:05:14 | INFO | MONITOR | Priority API queue enabled and started
2025-11-30 23:05:14 | INFO | SL_RETRY | SL retry thread started - waiting 30s before initial placement (conserve startup API quota)
2025-11-30 23:05:14 | INFO | SL_RETRY | SL retry thread started successfully
2025-11-30 23:05:14 | INFO | MONITOR_SLEEP | Sleeping for 20s (base=20s, consecutive_errors=0, monitoring_suspended=False)
2025-11-30 23:05:34 | INFO | MONITOR_SLEEP | Sleeping for 20s (base=20s, consecutive_errors=0, monitoring_suspended=False)
2025-11-30 23:05:44 | INFO | SL_RETRY | SL retry thread active - conservative mode (1 SL per 20s, max 10 retries)
2025-11-30 23:05:54 | INFO | MONITOR_SLEEP | Sleeping for 20s (base=20s, consecutive_errors=0, monitoring_suspended=False)
2025-11-30 23:06:14 | INFO | MONITOR | Paper trades checked (next in 60s)
2025-11-30 23:06:14 | INFO | MONITOR_SLEEP | Sleeping for 20s (base=20s, consecutive_errors=0, monitoring_suspended=False)
2025-11-30 23:06:34 | INFO | MONITOR_SLEEP | Sleeping for 20s (base=20s, consecutive_errors=0, monitoring_suspended=False)
2025-11-30 23:06:54 | INFO | MONITOR_SLEEP | Sleeping for 20s (base=20s, consecutive_errors=0, monitoring_suspended=False)
2025-11-30 23:07:14 | INFO | MONITOR | Paper trades checked (next in 60s)
2025-11-30 23:07:14 | INFO | MONITOR_SLEEP | Sleeping for 20s (base=20s, consecutive_errors=0, monitoring_suspended=False)
2025-11-30 23:07:34 | INFO | MONITOR_SLEEP | Sleeping for 20s (base=20s, consecutive_errors=0, monitoring_suspended=False)
2025-11-30 23:07:54 | INFO | MONITOR_SLEEP | Sleeping for 20s (base=20s, consecutive_errors=0, monitoring_suspended=False)
2025-11-30 23:08:14 | INFO | MONITOR | Paper trades checked (next in 60s)
2025-11-30 23:08:14 | INFO | MONITOR_SLEEP | Sleeping for 20s (base=20s, consecutive_errors=0, monitoring_suspended=False)
2025-11-30 23:08:34 | INFO | MONITOR_SLEEP | Sleeping for 20s (base=20s, consecutive_errors=0, monitoring_suspended=False)
2025-11-30 23:08:54 | INFO | MONITOR_SLEEP | Sleeping for 20s (base=20s, consecutive_errors=0, monitoring_suspended=False)
2025-11-30 23:09:14 | INFO | MONITOR | Paper trades checked (next in 60s)
2025-11-30 23:09:14 | INFO | MONITOR_SLEEP | Sleeping for 20s (base=20s, consecutive_errors=0, monitoring_suspended=False)
2025-11-30 23:09:34 | INFO | MONITOR_SLEEP | Sleeping for 20s (base=20s, consecutive_errors=0, monitoring_suspended=False)
2025-11-30 23:09:54 | INFO | MONITOR_SLEEP | Sleeping for 20s (base=20s, consecutive_errors=0, monitoring_suspended=False)
2025-11-30 23:10:13 | INFO | STARTUP | Logging initialized | log_dir=/root/santhosh/trading/equity/logs/2025-11-30
2025-11-30 23:10:14 | INFO | FEEDBACK_INIT | PerformanceFeedback initialized for adaptive trading
2025-11-30 23:10:14 | INFO | MONITOR | Backed up stale positions.json to positions.json.startup_1764524414
2025-11-30 23:10:14 | INFO | MONITOR | ✓ Cleared stale positions.json - will rebuild from broker holdings
2025-11-30 23:10:14 | INFO | MONITOR | Skipping file load - broker will be source of truth
2025-11-30 23:10:14 | INFO | HOLDINGS_SYNC | Fetching positions and holdings from broker...
2025-11-30 23:10:14 | INFO | HOLDINGS_SYNC | No positions or holdings found at broker
2025-11-30 23:10:14 | INFO | MONITOR | Position monitoring started with bucketed LTP checking
2025-11-30 23:10:14 | INFO | MONITOR | Event loop thread started
2025-11-30 23:10:14 | INFO | MONITOR | Event loop started successfully for priority queue
2025-11-30 23:10:14 | INFO | MONITOR | Priority API queue enabled and started
2025-11-30 23:10:14 | INFO | SL_RETRY | SL retry thread started - waiting 30s before initial placement (conserve startup API quota)
2025-11-30 23:10:14 | INFO | SL_RETRY | SL retry thread started successfully
2025-11-30 23:10:14 | INFO | MONITOR_SLEEP | Sleeping for 20s (base=20s, consecutive_errors=0, monitoring_suspended=False)
2025-11-30 23:10:34 | INFO | MONITOR_SLEEP | Sleeping for 20s (base=20s, consecutive_errors=0, monitoring_suspended=False)
2025-11-30 23:10:44 | INFO | SL_RETRY | SL retry thread active - conservative mode (1 SL per 20s, max 10 retries)
2025-11-30 23:10:54 | INFO | MONITOR_SLEEP | Sleeping for 20s (base=20s, consecutive_errors=0, monitoring_suspended=False)
2025-11-30 23:11:14 | INFO | MONITOR | Paper trades checked (next in 60s)
2025-11-30 23:11:14 | INFO | MONITOR_SLEEP | Sleeping for 20s (base=20s, consecutive_errors=0, monitoring_suspended=False)
2025-11-30 23:11:34 | INFO | MONITOR_SLEEP | Sleeping for 20s (base=20s, consecutive_errors=0, monitoring_suspended=False)
2025-11-30 23:11:54 | INFO | MONITOR_SLEEP | Sleeping for 20s (base=20s, consecutive_errors=0, monitoring_suspended=False)
2025-11-30 23:12:14 | INFO | MONITOR | Paper trades checked (next in 60s)
2025-11-30 23:12:14 | INFO | MONITOR_SLEEP | Sleeping for 20s (base=20s, consecutive_errors=0, monitoring_suspended=False)
2025-11-30 23:12:34 | INFO | MONITOR_SLEEP | Sleeping for 20s (base=20s, consecutive_errors=0, monitoring_suspended=False)
2025-11-30 23:12:54 | INFO | MONITOR_SLEEP | Sleeping for 20s (base=20s, consecutive_errors=0, monitoring_suspended=False)
2025-11-30 23:13:14 | INFO | MONITOR | Paper trades checked (next in 60s)
2025-11-30 23:13:14 | INFO | MONITOR_SLEEP | Sleeping for 20s (base=20s, consecutive_errors=0, monitoring_suspended=False)
2025-11-30 23:13:34 | INFO | MONITOR_SLEEP | Sleeping for 20s (base=20s, consecutive_errors=0, monitoring_suspended=False)
2025-11-30 23:13:54 | INFO | MONITOR_SLEEP | Sleeping for 20s (base=20s, consecutive_errors=0, monitoring_suspended=False)
2025-11-30 23:14:14 | INFO | MONITOR | Paper trades checked (next in 60s)
2025-11-30 23:14:14 | INFO | MONITOR_SLEEP | Sleeping for 20s (base=20s, consecutive_errors=0, monitoring_suspended=False)
2025-11-30 23:14:34 | INFO | MONITOR_SLEEP | Sleeping for 20s (base=20s, consecutive_errors=0, monitoring_suspended=False)
2025-11-30 23:14:54 | INFO | MONITOR_SLEEP | Sleeping for 20s (base=20s, consecutive_errors=0, monitoring_suspended=False)
2025-11-30 23:15:11 | INFO | STARTUP | Logging initialized | log_dir=/root/santhosh/trading/equity/logs/2025-11-30
2025-11-30 23:15:12 | INFO | FEEDBACK_INIT | PerformanceFeedback initialized for adaptive trading
2025-11-30 23:15:12 | INFO | MONITOR | Backed up stale positions.json to positions.json.startup_1764524712
2025-11-30 23:15:12 | INFO | MONITOR | ✓ Cleared stale positions.json - will rebuild from broker holdings
2025-11-30 23:15:12 | INFO | MONITOR | Skipping file load - broker will be source of truth
2025-11-30 23:15:12 | INFO | HOLDINGS_SYNC | Fetching positions and holdings from broker...
2025-11-30 23:15:12 | INFO | HOLDINGS_SYNC | No positions or holdings found at broker
2025-11-30 23:15:12 | INFO | MONITOR | Position monitoring started with bucketed LTP checking
2025-11-30 23:15:12 | INFO | MONITOR | Event loop thread started
2025-11-30 23:15:12 | INFO | MONITOR | Event loop started successfully for priority queue
2025-11-30 23:15:13 | INFO | MONITOR | Priority API queue enabled and started
2025-11-30 23:15:13 | INFO | SL_RETRY | SL retry thread started - waiting 30s before initial placement (conserve startup API quota)
2025-11-30 23:15:13 | INFO | SL_RETRY | SL retry thread started successfully
2025-11-30 23:15:13 | INFO | MONITOR_SLEEP | Sleeping for 20s (base=20s, consecutive_errors=0, monitoring_suspended=False)
2025-11-30 23:15:33 | INFO | MONITOR_SLEEP | Sleeping for 20s (base=20s, consecutive_errors=0, monitoring_suspended=False)
2025-11-30 23:15:43 | INFO | SL_RETRY | SL retry thread active - conservative mode (1 SL per 20s, max 10 retries)
2025-11-30 23:15:53 | INFO | MONITOR_SLEEP | Sleeping for 20s (base=20s, consecutive_errors=0, monitoring_suspended=False)
2025-11-30 23:16:13 | INFO | MONITOR | Paper trades checked (next in 60s)
2025-11-30 23:16:13 | INFO | MONITOR_SLEEP | Sleeping for 20s (base=20s, consecutive_errors=0, monitoring_suspended=False)
2025-11-30 23:16:33 | INFO | MONITOR_SLEEP | Sleeping for 20s (base=20s, consecutive_errors=0, monitoring_suspended=False)
2025-11-30 23:16:53 | INFO | MONITOR_SLEEP | Sleeping for 20s (base=20s, consecutive_errors=0, monitoring_suspended=False)
2025-11-30 23:17:13 | INFO | MONITOR | Paper trades checked (next in 60s)
2025-11-30 23:17:13 | INFO | MONITOR_SLEEP | Sleeping for 20s (base=20s, consecutive_errors=0, monitoring_suspended=False)
2025-11-30 23:17:33 | INFO | MONITOR_SLEEP | Sleeping for 20s (base=20s, consecutive_errors=0, monitoring_suspended=False)
2025-11-30 23:17:53 | INFO | MONITOR_SLEEP | Sleeping for 20s (base=20s, consecutive_errors=0, monitoring_suspended=False)
2025-11-30 23:18:13 | INFO | MONITOR | Paper trades checked (next in 60s)
2025-11-30 23:18:13 | INFO | MONITOR_SLEEP | Sleeping for 20s (base=20s, consecutive_errors=0, monitoring_suspended=False)
2025-11-30 23:18:33 | INFO | MONITOR_SLEEP | Sleeping for 20s (base=20s, consecutive_errors=0, monitoring_suspended=False)
2025-11-30 23:18:53 | INFO | MONITOR_SLEEP | Sleeping for 20s (base=20s, consecutive_errors=0, monitoring_suspended=False)
2025-11-30 23:19:13 | INFO | MONITOR | Paper trades checked (next in 60s)
2025-11-30 23:19:13 | INFO | MONITOR_SLEEP | Sleeping for 20s (base=20s, consecutive_errors=0, monitoring_suspended=False)
2025-11-30 23:19:33 | INFO | MONITOR_SLEEP | Sleeping for 20s (base=20s, consecutive_errors=0, monitoring_suspended=False)
2025-11-30 23:19:53 | INFO | MONITOR_SLEEP | Sleeping for 20s (base=20s, consecutive_errors=0, monitoring_suspended=False)
2025-11-30 23:20:12 | INFO | STARTUP | Logging initialized | log_dir=/root/santhosh/trading/equity/logs/2025-11-30
2025-11-30 23:20:13 | INFO | FEEDBACK_INIT | PerformanceFeedback initialized for adaptive trading
2025-11-30 23:20:13 | INFO | MONITOR | Backed up stale positions.json to positions.json.startup_1764525013
2025-11-30 23:20:13 | INFO | MONITOR | ✓ Cleared stale positions.json - will rebuild from broker holdings
2025-11-30 23:20:13 | INFO | MONITOR | Skipping file load - broker will be source of truth
2025-11-30 23:20:13 | INFO | HOLDINGS_SYNC | Fetching positions and holdings from broker...
2025-11-30 23:20:13 | INFO | HOLDINGS_SYNC | No positions or holdings found at broker
2025-11-30 23:20:13 | INFO | MONITOR | Position monitoring started with bucketed LTP checking
2025-11-30 23:20:13 | INFO | MONITOR | Event loop thread started
2025-11-30 23:20:13 | INFO | MONITOR | Event loop started successfully for priority queue
2025-11-30 23:20:14 | INFO | MONITOR | Priority API queue enabled and started
2025-11-30 23:20:14 | INFO | SL_RETRY | SL retry thread started - waiting 30s before initial placement (conserve startup API quota)
2025-11-30 23:20:14 | INFO | SL_RETRY | SL retry thread started successfully
2025-11-30 23:20:14 | INFO | MONITOR_SLEEP | Sleeping for 20s (base=20s, consecutive_errors=0, monitoring_suspended=False)
2025-11-30 23:20:34 | INFO | MONITOR_SLEEP | Sleeping for 20s (base=20s, consecutive_errors=0, monitoring_suspended=False)
2025-11-30 23:20:44 | INFO | SL_RETRY | SL retry thread active - conservative mode (1 SL per 20s, max 10 retries)
2025-11-30 23:20:54 | INFO | MONITOR_SLEEP | Sleeping for 20s (base=20s, consecutive_errors=0, monitoring_suspended=False)
2025-11-30 23:21:14 | INFO | MONITOR | Paper trades checked (next in 60s)
2025-11-30 23:21:14 | INFO | MONITOR_SLEEP | Sleeping for 20s (base=20s, consecutive_errors=0, monitoring_suspended=False)
2025-11-30 23:21:34 | INFO | MONITOR_SLEEP | Sleeping for 20s (base=20s, consecutive_errors=0, monitoring_suspended=False)
2025-11-30 23:21:54 | INFO | MONITOR_SLEEP | Sleeping for 20s (base=20s, consecutive_errors=0, monitoring_suspended=False)
2025-11-30 23:22:14 | INFO | MONITOR | Paper trades checked (next in 60s)
2025-11-30 23:22:14 | INFO | MONITOR_SLEEP | Sleeping for 20s (base=20s, consecutive_errors=0, monitoring_suspended=False)
2025-11-30 23:22:34 | INFO | MONITOR_SLEEP | Sleeping for 20s (base=20s, consecutive_errors=0, monitoring_suspended=False)
2025-11-30 23:22:54 | INFO | MONITOR_SLEEP | Sleeping for 20s (base=20s, consecutive_errors=0, monitoring_suspended=False)
2025-11-30 23:23:14 | INFO | MONITOR | Paper trades checked (next in 60s)
2025-11-30 23:23:14 | INFO | MONITOR_SLEEP | Sleeping for 20s (base=20s, consecutive_errors=0, monitoring_suspended=False)
2025-11-30 23:23:34 | INFO | MONITOR_SLEEP | Sleeping for 20s (base=20s, consecutive_errors=0, monitoring_suspended=False)
2025-11-30 23:23:54 | INFO | MONITOR_SLEEP | Sleeping for 20s (base=20s, consecutive_errors=0, monitoring_suspended=False)
2025-11-30 23:24:14 | INFO | MONITOR | Paper trades checked (next in 60s)
2025-11-30 23:24:14 | INFO | MONITOR_SLEEP | Sleeping for 20s (base=20s, consecutive_errors=0, monitoring_suspended=False)
2025-11-30 23:24:34 | INFO | MONITOR_SLEEP | Sleeping for 20s (base=20s, consecutive_errors=0, monitoring_suspended=False)
2025-11-30 23:24:54 | INFO | MONITOR_SLEEP | Sleeping for 20s (base=20s, consecutive_errors=0, monitoring_suspended=False)
2025-11-30 23:25:13 | INFO | STARTUP | Logging initialized | log_dir=/root/santhosh/trading/equity/logs/2025-11-30
2025-11-30 23:25:14 | INFO | FEEDBACK_INIT | PerformanceFeedback initialized for adaptive trading
2025-11-30 23:25:14 | INFO | MONITOR | Backed up stale positions.json to positions.json.startup_1764525314
2025-11-30 23:25:14 | INFO | MONITOR | ✓ Cleared stale positions.json - will rebuild from broker holdings
2025-11-30 23:25:14 | INFO | MONITOR | Skipping file load - broker will be source of truth
2025-11-30 23:25:14 | INFO | HOLDINGS_SYNC | Fetching positions and holdings from broker...
2025-11-30 23:25:14 | INFO | HOLDINGS_SYNC | No positions or holdings found at broker
2025-11-30 23:25:14 | INFO | MONITOR | Position monitoring started with bucketed LTP checking
2025-11-30 23:25:14 | INFO | MONITOR | Event loop thread started
2025-11-30 23:25:14 | INFO | MONITOR | Event loop started successfully for priority queue
2025-11-30 23:25:15 | INFO | MONITOR | Priority API queue enabled and started
2025-11-30 23:25:15 | INFO | SL_RETRY | SL retry thread started - waiting 30s before initial placement (conserve startup API quota)
2025-11-30 23:25:15 | INFO | SL_RETRY | SL retry thread started successfully
2025-11-30 23:25:15 | INFO | MONITOR_SLEEP | Sleeping for 20s (base=20s, consecutive_errors=0, monitoring_suspended=False)
2025-11-30 23:25:35 | INFO | MONITOR_SLEEP | Sleeping for 20s (base=20s, consecutive_errors=0, monitoring_suspended=False)
2025-11-30 23:25:45 | INFO | SL_RETRY | SL retry thread active - conservative mode (1 SL per 20s, max 10 retries)
2025-11-30 23:25:55 | INFO | MONITOR_SLEEP | Sleeping for 20s (base=20s, consecutive_errors=0, monitoring_suspended=False)
2025-11-30 23:26:15 | INFO | MONITOR | Paper trades checked (next in 60s)
2025-11-30 23:26:15 | INFO | MONITOR_SLEEP | Sleeping for 20s (base=20s, consecutive_errors=0, monitoring_suspended=False)
2025-11-30 23:26:35 | INFO | MONITOR_SLEEP | Sleeping for 20s (base=20s, consecutive_errors=0, monitoring_suspended=False)
2025-11-30 23:26:55 | INFO | MONITOR_SLEEP | Sleeping for 20s (base=20s, consecutive_errors=0, monitoring_suspended=False)
2025-11-30 23:27:15 | INFO | MONITOR | Paper trades checked (next in 60s)
2025-11-30 23:27:15 | INFO | MONITOR_SLEEP | Sleeping for 20s (base=20s, consecutive_errors=0, monitoring_suspended=False)
2025-11-30 23:27:35 | INFO | MONITOR_SLEEP | Sleeping for 20s (base=20s, consecutive_errors=0, monitoring_suspended=False)
2025-11-30 23:27:55 | INFO | MONITOR_SLEEP | Sleeping for 20s (base=20s, consecutive_errors=0, monitoring_suspended=False)
2025-11-30 23:28:15 | INFO | MONITOR | Paper trades checked (next in 60s)
2025-11-30 23:28:15 | INFO | MONITOR_SLEEP | Sleeping for 20s (base=20s, consecutive_errors=0, monitoring_suspended=False)
2025-11-30 23:28:35 | INFO | MONITOR_SLEEP | Sleeping for 20s (base=20s, consecutive_errors=0, monitoring_suspended=False)
2025-11-30 23:28:55 | INFO | MONITOR_SLEEP | Sleeping for 20s (base=20s, consecutive_errors=0, monitoring_suspended=False)
2025-11-30 23:29:15 | INFO | MONITOR | Paper trades checked (next in 60s)
2025-11-30 23:29:15 | INFO | MONITOR_SLEEP | Sleeping for 20s (base=20s, consecutive_errors=0, monitoring_suspended=False)
2025-11-30 23:29:35 | INFO | MONITOR_SLEEP | Sleeping for 20s (base=20s, consecutive_errors=0, monitoring_suspended=False)
2025-11-30 23:29:55 | INFO | MONITOR_SLEEP | Sleeping for 20s (base=20s, consecutive_errors=0, monitoring_suspended=False)
2025-11-30 23:30:14 | INFO | STARTUP | Logging initialized | log_dir=/root/santhosh/trading/equity/logs/2025-11-30
2025-11-30 23:30:15 | INFO | FEEDBACK_INIT | PerformanceFeedback initialized for adaptive trading
2025-11-30 23:30:15 | INFO | MONITOR | Backed up stale positions.json to positions.json.startup_1764525615
2025-11-30 23:30:15 | INFO | MONITOR | ✓ Cleared stale positions.json - will rebuild from broker holdings
2025-11-30 23:30:15 | INFO | MONITOR | Skipping file load - broker will be source of truth
2025-11-30 23:30:15 | INFO | HOLDINGS_SYNC | Fetching positions and holdings from broker...
2025-11-30 23:30:15 | INFO | HOLDINGS_SYNC | No positions or holdings found at broker
2025-11-30 23:30:15 | INFO | MONITOR | Position monitoring started with bucketed LTP checking
2025-11-30 23:30:15 | INFO | MONITOR | Event loop thread started
2025-11-30 23:30:15 | INFO | MONITOR | Event loop started successfully for priority queue
2025-11-30 23:30:16 | INFO | MONITOR | Priority API queue enabled and started
2025-11-30 23:30:16 | INFO | SL_RETRY | SL retry thread started - waiting 30s before initial placement (conserve startup API quota)
2025-11-30 23:30:16 | INFO | SL_RETRY | SL retry thread started successfully
2025-11-30 23:30:16 | INFO | MONITOR_SLEEP | Sleeping for 20s (base=20s, consecutive_errors=0, monitoring_suspended=False)
2025-11-30 23:30:36 | INFO | MONITOR_SLEEP | Sleeping for 20s (base=20s, consecutive_errors=0, monitoring_suspended=False)
2025-11-30 23:30:46 | INFO | SL_RETRY | SL retry thread active - conservative mode (1 SL per 20s, max 10 retries)
2025-11-30 23:30:56 | INFO | MONITOR_SLEEP | Sleeping for 20s (base=20s, consecutive_errors=0, monitoring_suspended=False)
2025-11-30 23:31:16 | INFO | MONITOR | Paper trades checked (next in 60s)
2025-11-30 23:31:16 | INFO | MONITOR_SLEEP | Sleeping for 20s (base=20s, consecutive_errors=0, monitoring_suspended=False)
2025-11-30 23:31:36 | INFO | MONITOR_SLEEP | Sleeping for 20s (base=20s, consecutive_errors=0, monitoring_suspended=False)
2025-11-30 23:31:56 | INFO | MONITOR_SLEEP | Sleeping for 20s (base=20s, consecutive_errors=0, monitoring_suspended=False)
2025-11-30 23:32:16 | INFO | MONITOR | Paper trades checked (next in 60s)
2025-11-30 23:32:16 | INFO | MONITOR_SLEEP | Sleeping for 20s (base=20s, consecutive_errors=0, monitoring_suspended=False)
2025-11-30 23:32:36 | INFO | MONITOR_SLEEP | Sleeping for 20s (base=20s, consecutive_errors=0, monitoring_suspended=False)
2025-11-30 23:32:56 | INFO | MONITOR_SLEEP | Sleeping for 20s (base=20s, consecutive_errors=0, monitoring_suspended=False)
2025-11-30 23:33:16 | INFO | MONITOR | Paper trades checked (next in 60s)
2025-11-30 23:33:16 | INFO | MONITOR_SLEEP | Sleeping for 20s (base=20s, consecutive_errors=0, monitoring_suspended=False)
2025-11-30 23:33:36 | INFO | MONITOR_SLEEP | Sleeping for 20s (base=20s, consecutive_errors=0, monitoring_suspended=False)
2025-11-30 23:33:56 | INFO | MONITOR_SLEEP | Sleeping for 20s (base=20s, consecutive_errors=0, monitoring_suspended=False)
2025-11-30 23:34:16 | INFO | MONITOR | Paper trades checked (next in 60s)
2025-11-30 23:34:16 | INFO | MONITOR_SLEEP | Sleeping for 20s (base=20s, consecutive_errors=0, monitoring_suspended=False)
2025-11-30 23:34:36 | INFO | MONITOR_SLEEP | Sleeping for 20s (base=20s, consecutive_errors=0, monitoring_suspended=False)
2025-11-30 23:34:56 | INFO | MONITOR_SLEEP | Sleeping for 20s (base=20s, consecutive_errors=0, monitoring_suspended=False)
2025-11-30 23:35:13 | INFO | STARTUP | Logging initialized | log_dir=/root/santhosh/trading/equity/logs/2025-11-30
2025-11-30 23:35:13 | INFO | FEEDBACK_INIT | PerformanceFeedback initialized for adaptive trading
2025-11-30 23:35:13 | INFO | MONITOR | Backed up stale positions.json to positions.json.startup_1764525913
2025-11-30 23:35:13 | INFO | MONITOR | ✓ Cleared stale positions.json - will rebuild from broker holdings
2025-11-30 23:35:13 | INFO | MONITOR | Skipping file load - broker will be source of truth
2025-11-30 23:35:13 | INFO | HOLDINGS_SYNC | Fetching positions and holdings from broker...
2025-11-30 23:35:14 | INFO | HOLDINGS_SYNC | No positions or holdings found at broker
2025-11-30 23:35:14 | INFO | MONITOR | Position monitoring started with bucketed LTP checking
2025-11-30 23:35:14 | INFO | MONITOR | Event loop thread started
2025-11-30 23:35:14 | INFO | MONITOR | Event loop started successfully for priority queue
2025-11-30 23:35:14 | INFO | MONITOR | Priority API queue enabled and started
2025-11-30 23:35:14 | INFO | SL_RETRY | SL retry thread started - waiting 30s before initial placement (conserve startup API quota)
2025-11-30 23:35:14 | INFO | SL_RETRY | SL retry thread started successfully
2025-11-30 23:35:14 | INFO | MONITOR_SLEEP | Sleeping for 20s (base=20s, consecutive_errors=0, monitoring_suspended=False)
2025-11-30 23:35:34 | INFO | MONITOR_SLEEP | Sleeping for 20s (base=20s, consecutive_errors=0, monitoring_suspended=False)
2025-11-30 23:35:44 | INFO | SL_RETRY | SL retry thread active - conservative mode (1 SL per 20s, max 10 retries)
2025-11-30 23:35:54 | INFO | MONITOR_SLEEP | Sleeping for 20s (base=20s, consecutive_errors=0, monitoring_suspended=False)
2025-11-30 23:36:14 | INFO | MONITOR | Paper trades checked (next in 60s)
2025-11-30 23:36:14 | INFO | MONITOR_SLEEP | Sleeping for 20s (base=20s, consecutive_errors=0, monitoring_suspended=False)
2025-11-30 23:36:34 | INFO | MONITOR_SLEEP | Sleeping for 20s (base=20s, consecutive_errors=0, monitoring_suspended=False)
2025-11-30 23:36:54 | INFO | MONITOR_SLEEP | Sleeping for 20s (base=20s, consecutive_errors=0, monitoring_suspended=False)
2025-11-30 23:37:14 | INFO | MONITOR | Paper trades checked (next in 60s)
2025-11-30 23:37:14 | INFO | MONITOR_SLEEP | Sleeping for 20s (base=20s, consecutive_errors=0, monitoring_suspended=False)
2025-11-30 23:37:34 | INFO | MONITOR_SLEEP | Sleeping for 20s (base=20s, consecutive_errors=0, monitoring_suspended=False)
2025-11-30 23:37:54 | INFO | MONITOR_SLEEP | Sleeping for 20s (base=20s, consecutive_errors=0, monitoring_suspended=False)
2025-11-30 23:38:14 | INFO | MONITOR | Paper trades checked (next in 60s)
2025-11-30 23:38:14 | INFO | MONITOR_SLEEP | Sleeping for 20s (base=20s, consecutive_errors=0, monitoring_suspended=False)
2025-11-30 23:38:34 | INFO | MONITOR_SLEEP | Sleeping for 20s (base=20s, consecutive_errors=0, monitoring_suspended=False)
2025-11-30 23:38:54 | INFO | MONITOR_SLEEP | Sleeping for 20s (base=20s, consecutive_errors=0, monitoring_suspended=False)
2025-11-30 23:39:14 | INFO | MONITOR | Paper trades checked (next in 60s)
2025-11-30 23:39:14 | INFO | MONITOR_SLEEP | Sleeping for 20s (base=20s, consecutive_errors=0, monitoring_suspended=False)
2025-11-30 23:39:34 | INFO | MONITOR_SLEEP | Sleeping for 20s (base=20s, consecutive_errors=0, monitoring_suspended=False)
2025-11-30 23:39:54 | INFO | MONITOR_SLEEP | Sleeping for 20s (base=20s, consecutive_errors=0, monitoring_suspended=False)
2025-11-30 23:40:12 | INFO | STARTUP | Logging initialized | log_dir=/root/santhosh/trading/equity/logs/2025-11-30
2025-11-30 23:40:13 | INFO | FEEDBACK_INIT | PerformanceFeedback initialized for adaptive trading
2025-11-30 23:40:13 | INFO | MONITOR | Backed up stale positions.json to positions.json.startup_1764526213
2025-11-30 23:40:13 | INFO | MONITOR | ✓ Cleared stale positions.json - will rebuild from broker holdings
2025-11-30 23:40:13 | INFO | MONITOR | Skipping file load - broker will be source of truth
2025-11-30 23:40:13 | INFO | HOLDINGS_SYNC | Fetching positions and holdings from broker...
2025-11-30 23:40:13 | INFO | HOLDINGS_SYNC | No positions or holdings found at broker
2025-11-30 23:40:13 | INFO | MONITOR | Position monitoring started with bucketed LTP checking
2025-11-30 23:40:13 | INFO | MONITOR | Event loop thread started
2025-11-30 23:40:13 | INFO | MONITOR | Event loop started successfully for priority queue
2025-11-30 23:40:13 | INFO | MONITOR | Priority API queue enabled and started
2025-11-30 23:40:13 | INFO | SL_RETRY | SL retry thread started - waiting 30s before initial placement (conserve startup API quota)
2025-11-30 23:40:13 | INFO | SL_RETRY | SL retry thread started successfully
2025-11-30 23:40:13 | INFO | MONITOR_SLEEP | Sleeping for 20s (base=20s, consecutive_errors=0, monitoring_suspended=False)
2025-11-30 23:40:33 | INFO | MONITOR_SLEEP | Sleeping for 20s (base=20s, consecutive_errors=0, monitoring_suspended=False)
2025-11-30 23:40:43 | INFO | SL_RETRY | SL retry thread active - conservative mode (1 SL per 20s, max 10 retries)
2025-11-30 23:40:53 | INFO | MONITOR_SLEEP | Sleeping for 20s (base=20s, consecutive_errors=0, monitoring_suspended=False)
2025-11-30 23:41:13 | INFO | MONITOR | Paper trades checked (next in 60s)
2025-11-30 23:41:13 | INFO | MONITOR_SLEEP | Sleeping for 20s (base=20s, consecutive_errors=0, monitoring_suspended=False)
2025-11-30 23:41:33 | INFO | MONITOR_SLEEP | Sleeping for 20s (base=20s, consecutive_errors=0, monitoring_suspended=False)
2025-11-30 23:41:53 | INFO | MONITOR_SLEEP | Sleeping for 20s (base=20s, consecutive_errors=0, monitoring_suspended=False)
2025-11-30 23:42:13 | INFO | MONITOR | Paper trades checked (next in 60s)
2025-11-30 23:42:13 | INFO | MONITOR_SLEEP | Sleeping for 20s (base=20s, consecutive_errors=0, monitoring_suspended=False)
2025-11-30 23:42:33 | INFO | MONITOR_SLEEP | Sleeping for 20s (base=20s, consecutive_errors=0, monitoring_suspended=False)
2025-11-30 23:42:53 | INFO | MONITOR_SLEEP | Sleeping for 20s (base=20s, consecutive_errors=0, monitoring_suspended=False)
2025-11-30 23:43:13 | INFO | MONITOR | Paper trades checked (next in 60s)
2025-11-30 23:43:13 | INFO | MONITOR_SLEEP | Sleeping for 20s (base=20s, consecutive_errors=0, monitoring_suspended=False)
2025-11-30 23:43:33 | INFO | MONITOR_SLEEP | Sleeping for 20s (base=20s, consecutive_errors=0, monitoring_suspended=False)
2025-11-30 23:43:53 | INFO | MONITOR_SLEEP | Sleeping for 20s (base=20s, consecutive_errors=0, monitoring_suspended=False)
2025-11-30 23:44:13 | INFO | MONITOR | Paper trades checked (next in 60s)
2025-11-30 23:44:13 | INFO | MONITOR_SLEEP | Sleeping for 20s (base=20s, consecutive_errors=0, monitoring_suspended=False)
2025-11-30 23:44:33 | INFO | MONITOR_SLEEP | Sleeping for 20s (base=20s, consecutive_errors=0, monitoring_suspended=False)
2025-11-30 23:44:53 | INFO | MONITOR_SLEEP | Sleeping for 20s (base=20s, consecutive_errors=0, monitoring_suspended=False)
2025-11-30 23:45:10 | INFO | STARTUP | Logging initialized | log_dir=/root/santhosh/trading/equity/logs/2025-11-30
2025-11-30 23:45:11 | INFO | FEEDBACK_INIT | PerformanceFeedback initialized for adaptive trading
2025-11-30 23:45:11 | INFO | MONITOR | Backed up stale positions.json to positions.json.startup_1764526511
2025-11-30 23:45:11 | INFO | MONITOR | ✓ Cleared stale positions.json - will rebuild from broker holdings
2025-11-30 23:45:11 | INFO | MONITOR | Skipping file load - broker will be source of truth
2025-11-30 23:45:11 | INFO | HOLDINGS_SYNC | Fetching positions and holdings from broker...
2025-11-30 23:45:11 | INFO | HOLDINGS_SYNC | No positions or holdings found at broker
2025-11-30 23:45:11 | INFO | MONITOR | Position monitoring started with bucketed LTP checking
2025-11-30 23:45:11 | INFO | MONITOR | Event loop thread started
2025-11-30 23:45:11 | INFO | MONITOR | Event loop started successfully for priority queue
2025-11-30 23:45:12 | INFO | MONITOR | Priority API queue enabled and started
2025-11-30 23:45:12 | INFO | SL_RETRY | SL retry thread started - waiting 30s before initial placement (conserve startup API quota)
2025-11-30 23:45:12 | INFO | SL_RETRY | SL retry thread started successfully
2025-11-30 23:45:12 | INFO | MONITOR_SLEEP | Sleeping for 20s (base=20s, consecutive_errors=0, monitoring_suspended=False)
2025-11-30 23:45:32 | INFO | MONITOR_SLEEP | Sleeping for 20s (base=20s, consecutive_errors=0, monitoring_suspended=False)
2025-11-30 23:45:42 | INFO | SL_RETRY | SL retry thread active - conservative mode (1 SL per 20s, max 10 retries)
2025-11-30 23:45:52 | INFO | MONITOR_SLEEP | Sleeping for 20s (base=20s, consecutive_errors=0, monitoring_suspended=False)
2025-11-30 23:46:12 | INFO | MONITOR | Paper trades checked (next in 60s)
2025-11-30 23:46:12 | INFO | MONITOR_SLEEP | Sleeping for 20s (base=20s, consecutive_errors=0, monitoring_suspended=False)
2025-11-30 23:46:32 | INFO | MONITOR_SLEEP | Sleeping for 20s (base=20s, consecutive_errors=0, monitoring_suspended=False)
2025-11-30 23:46:52 | INFO | MONITOR_SLEEP | Sleeping for 20s (base=20s, consecutive_errors=0, monitoring_suspended=False)
2025-11-30 23:47:12 | INFO | MONITOR | Paper trades checked (next in 60s)
2025-11-30 23:47:12 | INFO | MONITOR_SLEEP | Sleeping for 20s (base=20s, consecutive_errors=0, monitoring_suspended=False)
2025-11-30 23:47:32 | INFO | MONITOR_SLEEP | Sleeping for 20s (base=20s, consecutive_errors=0, monitoring_suspended=False)
2025-11-30 23:47:52 | INFO | MONITOR_SLEEP | Sleeping for 20s (base=20s, consecutive_errors=0, monitoring_suspended=False)
2025-11-30 23:48:12 | INFO | MONITOR | Paper trades checked (next in 60s)
2025-11-30 23:48:12 | INFO | MONITOR_SLEEP | Sleeping for 20s (base=20s, consecutive_errors=0, monitoring_suspended=False)
2025-11-30 23:48:32 | INFO | MONITOR_SLEEP | Sleeping for 20s (base=20s, consecutive_errors=0, monitoring_suspended=False)
2025-11-30 23:48:52 | INFO | MONITOR_SLEEP | Sleeping for 20s (base=20s, consecutive_errors=0, monitoring_suspended=False)
2025-11-30 23:49:12 | INFO | MONITOR | Paper trades checked (next in 60s)
2025-11-30 23:49:12 | INFO | MONITOR_SLEEP | Sleeping for 20s (base=20s, consecutive_errors=0, monitoring_suspended=False)
2025-11-30 23:49:32 | INFO | MONITOR_SLEEP | Sleeping for 20s (base=20s, consecutive_errors=0, monitoring_suspended=False)
2025-11-30 23:49:52 | INFO | MONITOR_SLEEP | Sleeping for 20s (base=20s, consecutive_errors=0, monitoring_suspended=False)
2025-11-30 23:50:11 | INFO | STARTUP | Logging initialized | log_dir=/root/santhosh/trading/equity/logs/2025-11-30
2025-11-30 23:50:12 | INFO | FEEDBACK_INIT | PerformanceFeedback initialized for adaptive trading
2025-11-30 23:50:12 | INFO | MONITOR | Backed up stale positions.json to positions.json.startup_1764526812
2025-11-30 23:50:12 | INFO | MONITOR | ✓ Cleared stale positions.json - will rebuild from broker holdings
2025-11-30 23:50:12 | INFO | MONITOR | Skipping file load - broker will be source of truth
2025-11-30 23:50:12 | INFO | HOLDINGS_SYNC | Fetching positions and holdings from broker...
2025-11-30 23:50:12 | INFO | HOLDINGS_SYNC | No positions or holdings found at broker
2025-11-30 23:50:12 | INFO | MONITOR | Position monitoring started with bucketed LTP checking
2025-11-30 23:50:12 | INFO | MONITOR | Event loop thread started
2025-11-30 23:50:13 | INFO | MONITOR | Event loop started successfully for priority queue
2025-11-30 23:50:13 | INFO | MONITOR | Priority API queue enabled and started
2025-11-30 23:50:13 | INFO | SL_RETRY | SL retry thread started - waiting 30s before initial placement (conserve startup API quota)
2025-11-30 23:50:13 | INFO | SL_RETRY | SL retry thread started successfully
2025-11-30 23:50:13 | INFO | MONITOR_SLEEP | Sleeping for 20s (base=20s, consecutive_errors=0, monitoring_suspended=False)
2025-11-30 23:50:33 | INFO | MONITOR_SLEEP | Sleeping for 20s (base=20s, consecutive_errors=0, monitoring_suspended=False)
2025-11-30 23:50:43 | INFO | SL_RETRY | SL retry thread active - conservative mode (1 SL per 20s, max 10 retries)
2025-11-30 23:50:53 | INFO | MONITOR_SLEEP | Sleeping for 20s (base=20s, consecutive_errors=0, monitoring_suspended=False)
2025-11-30 23:51:13 | INFO | MONITOR | Paper trades checked (next in 60s)
2025-11-30 23:51:13 | INFO | MONITOR_SLEEP | Sleeping for 20s (base=20s, consecutive_errors=0, monitoring_suspended=False)
2025-11-30 23:51:33 | INFO | MONITOR_SLEEP | Sleeping for 20s (base=20s, consecutive_errors=0, monitoring_suspended=False)
2025-11-30 23:51:53 | INFO | MONITOR_SLEEP | Sleeping for 20s (base=20s, consecutive_errors=0, monitoring_suspended=False)
2025-11-30 23:52:13 | INFO | MONITOR | Paper trades checked (next in 60s)
2025-11-30 23:52:13 | INFO | MONITOR_SLEEP | Sleeping for 20s (base=20s, consecutive_errors=0, monitoring_suspended=False)
2025-11-30 23:52:33 | INFO | MONITOR_SLEEP | Sleeping for 20s (base=20s, consecutive_errors=0, monitoring_suspended=False)
2025-11-30 23:52:53 | INFO | MONITOR_SLEEP | Sleeping for 20s (base=20s, consecutive_errors=0, monitoring_suspended=False)
2025-11-30 23:53:13 | INFO | MONITOR | Paper trades checked (next in 60s)
2025-11-30 23:53:13 | INFO | MONITOR_SLEEP | Sleeping for 20s (base=20s, consecutive_errors=0, monitoring_suspended=False)
2025-11-30 23:53:33 | INFO | MONITOR_SLEEP | Sleeping for 20s (base=20s, consecutive_errors=0, monitoring_suspended=False)
2025-11-30 23:53:53 | INFO | MONITOR_SLEEP | Sleeping for 20s (base=20s, consecutive_errors=0, monitoring_suspended=False)
2025-11-30 23:54:13 | INFO | MONITOR | Paper trades checked (next in 60s)
2025-11-30 23:54:13 | INFO | MONITOR_SLEEP | Sleeping for 20s (base=20s, consecutive_errors=0, monitoring_suspended=False)
2025-11-30 23:54:33 | INFO | MONITOR_SLEEP | Sleeping for 20s (base=20s, consecutive_errors=0, monitoring_suspended=False)
2025-11-30 23:54:53 | INFO | MONITOR_SLEEP | Sleeping for 20s (base=20s, consecutive_errors=0, monitoring_suspended=False)
2025-11-30 23:55:10 | INFO | STARTUP | Logging initialized | log_dir=/root/santhosh/trading/equity/logs/2025-11-30
2025-11-30 23:55:11 | INFO | FEEDBACK_INIT | PerformanceFeedback initialized for adaptive trading
2025-11-30 23:55:11 | INFO | MONITOR | Backed up stale positions.json to positions.json.startup_1764527111
2025-11-30 23:55:11 | INFO | MONITOR | ✓ Cleared stale positions.json - will rebuild from broker holdings
2025-11-30 23:55:11 | INFO | MONITOR | Skipping file load - broker will be source of truth
2025-11-30 23:55:11 | INFO | HOLDINGS_SYNC | Fetching positions and holdings from broker...
2025-11-30 23:55:11 | INFO | HOLDINGS_SYNC | No positions or holdings found at broker
2025-11-30 23:55:11 | INFO | MONITOR | Position monitoring started with bucketed LTP checking
2025-11-30 23:55:11 | INFO | MONITOR | Event loop thread started
2025-11-30 23:55:11 | INFO | MONITOR | Event loop started successfully for priority queue
2025-11-30 23:55:11 | INFO | MONITOR | Priority API queue enabled and started
2025-11-30 23:55:11 | INFO | SL_RETRY | SL retry thread started - waiting 30s before initial placement (conserve startup API quota)
2025-11-30 23:55:11 | INFO | SL_RETRY | SL retry thread started successfully
2025-11-30 23:55:11 | INFO | MONITOR_SLEEP | Sleeping for 20s (base=20s, consecutive_errors=0, monitoring_suspended=False)
2025-11-30 23:55:31 | INFO | MONITOR_SLEEP | Sleeping for 20s (base=20s, consecutive_errors=0, monitoring_suspended=False)
2025-11-30 23:55:41 | INFO | SL_RETRY | SL retry thread active - conservative mode (1 SL per 20s, max 10 retries)
2025-11-30 23:55:51 | INFO | MONITOR_SLEEP | Sleeping for 20s (base=20s, consecutive_errors=0, monitoring_suspended=False)
2025-11-30 23:56:11 | INFO | MONITOR | Paper trades checked (next in 60s)
2025-11-30 23:56:11 | INFO | MONITOR_SLEEP | Sleeping for 20s (base=20s, consecutive_errors=0, monitoring_suspended=False)
2025-11-30 23:56:31 | INFO | MONITOR_SLEEP | Sleeping for 20s (base=20s, consecutive_errors=0, monitoring_suspended=False)
2025-11-30 23:56:51 | INFO | MONITOR_SLEEP | Sleeping for 20s (base=20s, consecutive_errors=0, monitoring_suspended=False)
2025-11-30 23:57:11 | INFO | MONITOR | Paper trades checked (next in 60s)
2025-11-30 23:57:11 | INFO | MONITOR_SLEEP | Sleeping for 20s (base=20s, consecutive_errors=0, monitoring_suspended=False)
2025-11-30 23:57:31 | INFO | MONITOR_SLEEP | Sleeping for 20s (base=20s, consecutive_errors=0, monitoring_suspended=False)
2025-11-30 23:57:51 | INFO | MONITOR_SLEEP | Sleeping for 20s (base=20s, consecutive_errors=0, monitoring_suspended=False)
2025-11-30 23:58:11 | INFO | MONITOR | Paper trades checked (next in 60s)
2025-11-30 23:58:11 | INFO | MONITOR_SLEEP | Sleeping for 20s (base=20s, consecutive_errors=0, monitoring_suspended=False)
2025-11-30 23:58:31 | INFO | MONITOR_SLEEP | Sleeping for 20s (base=20s, consecutive_errors=0, monitoring_suspended=False)
2025-11-30 23:58:51 | INFO | MONITOR_SLEEP | Sleeping for 20s (base=20s, consecutive_errors=0, monitoring_suspended=False)
2025-11-30 23:59:11 | INFO | MONITOR | Paper trades checked (next in 60s)
2025-11-30 23:59:11 | INFO | MONITOR_SLEEP | Sleeping for 20s (base=20s, consecutive_errors=0, monitoring_suspended=False)
2025-11-30 23:59:31 | INFO | MONITOR_SLEEP | Sleeping for 20s (base=20s, consecutive_errors=0, monitoring_suspended=False)
2025-11-30 23:59:51 | INFO | MONITOR_SLEEP | Sleeping for 20s (base=20s, consecutive_errors=0, monitoring_suspended=False)
