timestamp,stage,symbol,action,details
2025-11-30T11:03:03.684181,ALERT_RECEIVED,HDFC-EQ,BUY,{"price": 1111.93, "confidence": null, "score": null}
2025-11-30T11:03:03.686468,VALIDATION_PASSED,HDFC-EQ,BUY,{"price": 1111.93, "confidence": null, "score": null}
2025-11-30T11:03:03.687888,ANALYTICS_APPROVED,HDFC-EQ,BUY,{"tv_score": null, "analytics_signal": "ERROR_FALLBACK"}
2025-11-30T11:03:03.689296,POSITION_SIZE_CALCULATED,HDFC-EQ,BUY,{"quantity": 8, "required_capital": 1812.1680000000001, "charges": 33.08}
2025-11-30T11:03:03.689855,CAPITAL_CHECK_PASSED,HDFC-EQ,BUY,{"available_capital": 20000.0, "available_slots": 10}
2025-11-30T11:03:03.690710,ORDER_PLACING,HDFC-EQ,BUY,{"quantity": 8, "price": 1111.93, "order_type": "MARKET"}
2025-11-30T11:03:03.694209,ORDER_PLACEMENT_FAILED,HDFC-EQ,BUY,{"reason": "Broker API call failed", "detailed_reason": "Broker API error: Broker API call failed", "rejection_type": "API_ERROR", "quantity": 8, "capital_released": 1812.1680000000001}
2025-11-30T11:03:05.196126,ALERT_RECEIVED,KOTAKBANK-EQ,BUY,{"price": 164.49, "confidence": null, "score": null}
2025-11-30T11:03:05.197037,VALIDATION_PASSED,KOTAKBANK-EQ,BUY,{"price": 164.49, "confidence": null, "score": null}
2025-11-30T11:03:05.198223,ANALYTICS_APPROVED,KOTAKBANK-EQ,BUY,{"tv_score": null, "analytics_signal": "ERROR_FALLBACK"}
2025-11-30T11:03:05.199464,POSITION_SIZE_CALCULATED,KOTAKBANK-EQ,BUY,{"quantity": 59, "required_capital": 1974.922, "charges": 33.94}
2025-11-30T11:03:05.199778,CAPITAL_CHECK_PASSED,KOTAKBANK-EQ,BUY,{"available_capital": 20000.0, "available_slots": 10}
2025-11-30T11:03:05.200101,ORDER_PLACING,KOTAKBANK-EQ,BUY,{"quantity": 59, "price": 164.49, "order_type": "MARKET"}
2025-11-30T11:03:05.250917,ORDER_PLACEMENT_FAILED,KOTAKBANK-EQ,BUY,{"reason": "Broker API call failed", "detailed_reason": "Broker API error: Broker API call failed", "rejection_type": "API_ERROR", "quantity": 59, "capital_released": 1974.922}
2025-11-30T11:03:06.753026,ALERT_RECEIVED,HDFCBANK-EQ,BUY,{"price": 726.28, "confidence": null, "score": null}
2025-11-30T11:03:06.753895,VALIDATION_PASSED,HDFCBANK-EQ,BUY,{"price": 726.28, "confidence": null, "score": null}
2025-11-30T11:03:06.755457,ANALYTICS_APPROVED,HDFCBANK-EQ,BUY,{"tv_score": null, "analytics_signal": "ERROR_FALLBACK"}
2025-11-30T11:03:06.757881,POSITION_SIZE_CALCULATED,HDFCBANK-EQ,BUY,{"quantity": 13, "required_capital": 1921.988, "charges": 33.66}
2025-11-30T11:03:06.758876,CAPITAL_CHECK_PASSED,HDFCBANK-EQ,BUY,{"available_capital": 20000.0, "available_slots": 10}
2025-11-30T11:03:06.759962,ORDER_PLACING,HDFCBANK-EQ,BUY,{"quantity": 13, "price": 726.28, "order_type": "MARKET"}
2025-11-30T11:03:06.764003,ORDER_PLACEMENT_FAILED,HDFCBANK-EQ,BUY,{"reason": "Broker API call failed", "detailed_reason": "Broker API error: Broker API call failed", "rejection_type": "API_ERROR", "quantity": 13, "capital_released": 1921.988}
2025-11-30T11:03:08.267940,ALERT_RECEIVED,BAJFINANCE-EQ,BUY,{"price": 127.93, "confidence": null, "score": null}
2025-11-30T11:03:08.268742,VALIDATION_PASSED,BAJFINANCE-EQ,BUY,{"price": 127.93, "confidence": null, "score": null}
2025-11-30T11:03:08.269984,ANALYTICS_APPROVED,BAJFINANCE-EQ,BUY,{"tv_score": null, "analytics_signal": "ERROR_FALLBACK"}
2025-11-30T11:03:08.271029,POSITION_SIZE_CALCULATED,BAJFINANCE-EQ,BUY,{"quantity": 76, "required_capital": 1978.496, "charges": 33.96}
2025-11-30T11:03:08.271833,CAPITAL_CHECK_PASSED,BAJFINANCE-EQ,BUY,{"available_capital": 20000.0, "available_slots": 10}
2025-11-30T11:03:08.273188,ORDER_PLACING,BAJFINANCE-EQ,BUY,{"quantity": 76, "price": 127.93, "order_type": "MARKET"}
2025-11-30T11:03:08.276713,ORDER_PLACEMENT_FAILED,BAJFINANCE-EQ,BUY,{"reason": "Broker API call failed", "detailed_reason": "Broker API error: Broker API call failed", "rejection_type": "API_ERROR", "quantity": 76, "capital_released": 1978.496}
2025-11-30T11:03:09.779188,ALERT_RECEIVED,TITAN-EQ,BUY,{"price": 415.4, "confidence": null, "score": null}
2025-11-30T11:03:09.779993,VALIDATION_PASSED,TITAN-EQ,BUY,{"price": 415.4, "confidence": null, "score": null}
2025-11-30T11:03:09.781822,ANALYTICS_APPROVED,TITAN-EQ,BUY,{"tv_score": null, "analytics_signal": "ERROR_FALLBACK"}
2025-11-30T11:03:09.783116,POSITION_SIZE_CALCULATED,TITAN-EQ,BUY,{"quantity": 23, "required_capital": 1944.62, "charges": 33.78}
2025-11-30T11:03:09.783520,CAPITAL_CHECK_PASSED,TITAN-EQ,BUY,{"available_capital": 20000.0, "available_slots": 10}
2025-11-30T11:03:09.784947,ORDER_PLACING,TITAN-EQ,BUY,{"quantity": 23, "price": 415.4, "order_type": "MARKET"}
2025-11-30T11:03:09.788181,ORDER_PLACEMENT_FAILED,TITAN-EQ,BUY,{"reason": "Broker API call failed", "detailed_reason": "Broker API error: Broker API call failed", "rejection_type": "API_ERROR", "quantity": 23, "capital_released": 1944.62}
2025-11-30T11:03:11.289960,ALERT_RECEIVED,INFY-EQ,BUY,{"price": 1849.01, "confidence": null, "score": null}
2025-11-30T11:03:11.290319,VALIDATION_PASSED,INFY-EQ,BUY,{"price": 1849.01, "confidence": null, "score": null}
2025-11-30T11:03:11.291439,ANALYTICS_APPROVED,INFY-EQ,BUY,{"tv_score": null, "analytics_signal": "ERROR_FALLBACK"}
2025-11-30T11:03:11.292526,POSITION_SIZE_CALCULATED,INFY-EQ,BUY,{"quantity": 5, "required_capital": 1882.46, "charges": 33.45}
2025-11-30T11:03:11.292872,CAPITAL_CHECK_PASSED,INFY-EQ,BUY,{"available_capital": 20000.0, "available_slots": 10}
2025-11-30T11:03:11.294164,ORDER_PLACING,INFY-EQ,BUY,{"quantity": 5, "price": 1849.01, "order_type": "MARKET"}
2025-11-30T11:03:11.296987,ORDER_PLACEMENT_FAILED,INFY-EQ,BUY,{"reason": "Broker API call failed", "detailed_reason": "Broker API error: Broker API call failed", "rejection_type": "API_ERROR", "quantity": 5, "capital_released": 1882.46}
2025-11-30T11:03:12.799467,ALERT_RECEIVED,LT-EQ,BUY,{"price": 1858.8, "confidence": null, "score": null}
2025-11-30T11:03:12.799888,VALIDATION_PASSED,LT-EQ,BUY,{"price": 1858.8, "confidence": null, "score": null}
2025-11-30T11:03:12.800337,ANALYTICS_APPROVED,LT-EQ,BUY,{"tv_score": null, "analytics_signal": "ERROR_FALLBACK"}
2025-11-30T11:03:12.801422,POSITION_SIZE_CALCULATED,LT-EQ,BUY,{"quantity": 5, "required_capital": 1892.3000000000002, "charges": 33.5}
2025-11-30T11:03:12.801922,CAPITAL_CHECK_PASSED,LT-EQ,BUY,{"available_capital": 20000.0, "available_slots": 10}
2025-11-30T11:03:12.802734,ORDER_PLACING,LT-EQ,BUY,{"quantity": 5, "price": 1858.8, "order_type": "MARKET"}
2025-11-30T11:03:12.804916,ORDER_PLACEMENT_FAILED,LT-EQ,BUY,{"reason": "Broker API call failed", "detailed_reason": "Broker API error: Broker API call failed", "rejection_type": "API_ERROR", "quantity": 5, "capital_released": 1892.3000000000002}
2025-11-30T11:03:14.307498,ALERT_RECEIVED,M&M-EQ,BUY,{"price": 1662.44, "confidence": null, "score": null}
2025-11-30T11:03:14.308045,VALIDATION_PASSED,M&M-EQ,BUY,{"price": 1662.44, "confidence": null, "score": null}
2025-11-30T11:03:14.309165,ANALYTICS_APPROVED,M&M-EQ,BUY,{"tv_score": null, "analytics_signal": "ERROR_FALLBACK"}
2025-11-30T11:03:14.310589,POSITION_SIZE_CALCULATED,M&M-EQ,BUY,{"quantity": 5, "required_capital": 1694.9000000000003, "charges": 32.46}
2025-11-30T11:03:14.311111,CAPITAL_CHECK_PASSED,M&M-EQ,BUY,{"available_capital": 20000.0, "available_slots": 10}
2025-11-30T11:03:14.312187,ORDER_PLACING,M&M-EQ,BUY,{"quantity": 5, "price": 1662.44, "order_type": "MARKET"}
2025-11-30T11:03:14.315544,ORDER_PLACEMENT_FAILED,M&M-EQ,BUY,{"reason": "Broker API call failed", "detailed_reason": "Broker API error: Broker API call failed", "rejection_type": "API_ERROR", "quantity": 5, "capital_released": 1694.9000000000003}
2025-11-30T11:03:15.818439,ALERT_RECEIVED,MARUTI-EQ,BUY,{"price": 2434.67, "confidence": null, "score": null}
2025-11-30T11:03:15.819155,VALIDATION_PASSED,MARUTI-EQ,BUY,{"price": 2434.67, "confidence": null, "score": null}
2025-11-30T11:03:15.821556,ANALYTICS_APPROVED,MARUTI-EQ,BUY,{"tv_score": null, "analytics_signal": "ERROR_FALLBACK"}
2025-11-30T11:03:15.824361,POSITION_SIZE_CALCULATED,MARUTI-EQ,BUY,{"quantity": 4, "required_capital": 1981.7160000000001, "charges": 33.98}
2025-11-30T11:03:15.825172,CAPITAL_CHECK_PASSED,MARUTI-EQ,BUY,{"available_capital": 20000.0, "available_slots": 10}
2025-11-30T11:03:15.827107,ORDER_PLACING,MARUTI-EQ,BUY,{"quantity": 4, "price": 2434.67, "order_type": "MARKET"}
2025-11-30T11:03:15.831618,ORDER_PLACEMENT_FAILED,MARUTI-EQ,BUY,{"reason": "Broker API call failed", "detailed_reason": "Broker API error: Broker API call failed", "rejection_type": "API_ERROR", "quantity": 4, "capital_released": 1981.7160000000001}
2025-11-30T11:03:17.334331,ALERT_RECEIVED,ULTRACEMCO-EQ,BUY,{"price": 715.59, "confidence": null, "score": null}
2025-11-30T11:03:17.334772,VALIDATION_PASSED,ULTRACEMCO-EQ,BUY,{"price": 715.59, "confidence": null, "score": null}
2025-11-30T11:03:17.336083,ANALYTICS_APPROVED,ULTRACEMCO-EQ,BUY,{"tv_score": null, "analytics_signal": "ERROR_FALLBACK"}
2025-11-30T11:03:17.337113,POSITION_SIZE_CALCULATED,ULTRACEMCO-EQ,BUY,{"quantity": 13, "required_capital": 1894.044, "charges": 33.51}
2025-11-30T11:03:17.337467,CAPITAL_CHECK_PASSED,ULTRACEMCO-EQ,BUY,{"available_capital": 20000.0, "available_slots": 10}
2025-11-30T11:03:17.338204,ORDER_PLACING,ULTRACEMCO-EQ,BUY,{"quantity": 13, "price": 715.59, "order_type": "MARKET"}
2025-11-30T11:03:17.340248,ORDER_PLACEMENT_FAILED,ULTRACEMCO-EQ,BUY,{"reason": "Broker API call failed", "detailed_reason": "Broker API error: Broker API call failed", "rejection_type": "API_ERROR", "quantity": 13, "capital_released": 1894.044}
2025-11-30T11:03:18.843208,ALERT_RECEIVED,NESTLEIND-EQ,BUY,{"price": 457.64, "confidence": null, "score": null}
2025-11-30T11:03:18.843931,VALIDATION_PASSED,NESTLEIND-EQ,BUY,{"price": 457.64, "confidence": null, "score": null}
2025-11-30T11:03:18.845372,ANALYTICS_APPROVED,NESTLEIND-EQ,BUY,{"tv_score": null, "analytics_signal": "ERROR_FALLBACK"}
2025-11-30T11:03:18.846421,POSITION_SIZE_CALCULATED,NESTLEIND-EQ,BUY,{"quantity": 21, "required_capital": 1955.928, "charges": 33.84}
2025-11-30T11:03:18.846774,CAPITAL_CHECK_PASSED,NESTLEIND-EQ,BUY,{"available_capital": 20000.0, "available_slots": 10}
2025-11-30T11:03:18.847533,ORDER_PLACING,NESTLEIND-EQ,BUY,{"quantity": 21, "price": 457.64, "order_type": "MARKET"}
2025-11-30T11:03:18.848952,ORDER_PLACEMENT_FAILED,NESTLEIND-EQ,BUY,{"reason": "Broker API call failed", "detailed_reason": "Broker API error: Broker API call failed", "rejection_type": "API_ERROR", "quantity": 21, "capital_released": 1955.928}
2025-11-30T11:03:20.351883,ALERT_RECEIVED,M&M-EQ,BUY,{"price": 1662.59, "confidence": null, "score": null}
2025-11-30T11:03:20.352687,VALIDATION_PASSED,M&M-EQ,BUY,{"price": 1662.59, "confidence": null, "score": null}
2025-11-30T11:03:20.353996,ANALYTICS_APPROVED,M&M-EQ,BUY,{"tv_score": null, "analytics_signal": "ERROR_FALLBACK"}
2025-11-30T11:03:20.355136,POSITION_SIZE_CALCULATED,M&M-EQ,BUY,{"quantity": 5, "required_capital": 1695.05, "charges": 32.46}
2025-11-30T11:03:20.355725,CAPITAL_CHECK_PASSED,M&M-EQ,BUY,{"available_capital": 20000.0, "available_slots": 10}
2025-11-30T11:03:20.356539,ORDER_PLACING,M&M-EQ,BUY,{"quantity": 5, "price": 1662.59, "order_type": "MARKET"}
2025-11-30T11:03:20.359837,ORDER_PLACEMENT_FAILED,M&M-EQ,BUY,{"reason": "Broker API call failed", "detailed_reason": "Broker API error: Broker API call failed", "rejection_type": "API_ERROR", "quantity": 5, "capital_released": 1695.05}
2025-11-30T11:03:21.862310,ALERT_RECEIVED,M&M-EQ,BUY,{"price": 1663.16, "confidence": null, "score": null}
2025-11-30T11:03:21.862840,VALIDATION_PASSED,M&M-EQ,BUY,{"price": 1663.16, "confidence": null, "score": null}
2025-11-30T11:03:21.863369,ANALYTICS_APPROVED,M&M-EQ,BUY,{"tv_score": null, "analytics_signal": "ERROR_FALLBACK"}
2025-11-30T11:03:21.864175,POSITION_SIZE_CALCULATED,M&M-EQ,BUY,{"quantity": 5, "required_capital": 1695.6200000000003, "charges": 32.46}
2025-11-30T11:03:21.864669,CAPITAL_CHECK_PASSED,M&M-EQ,BUY,{"available_capital": 20000.0, "available_slots": 10}
2025-11-30T11:03:21.865485,ORDER_PLACING,M&M-EQ,BUY,{"quantity": 5, "price": 1663.16, "order_type": "MARKET"}
2025-11-30T11:03:21.866594,ORDER_PLACEMENT_FAILED,M&M-EQ,BUY,{"reason": "Broker API call failed", "detailed_reason": "Broker API error: Broker API call failed", "rejection_type": "API_ERROR", "quantity": 5, "capital_released": 1695.6200000000003}
2025-11-30T11:03:23.369122,ALERT_RECEIVED,LT-EQ,BUY,{"price": 1858.69, "confidence": null, "score": null}
2025-11-30T11:03:23.369541,VALIDATION_PASSED,LT-EQ,BUY,{"price": 1858.69, "confidence": null, "score": null}
2025-11-30T11:03:23.370798,ANALYTICS_APPROVED,LT-EQ,BUY,{"tv_score": null, "analytics_signal": "ERROR_FALLBACK"}
2025-11-30T11:03:23.371818,POSITION_SIZE_CALCULATED,LT-EQ,BUY,{"quantity": 5, "required_capital": 1892.1900000000003, "charges": 33.5}
2025-11-30T11:03:23.372119,CAPITAL_CHECK_PASSED,LT-EQ,BUY,{"available_capital": 20000.0, "available_slots": 10}
2025-11-30T11:03:23.372950,ORDER_PLACING,LT-EQ,BUY,{"quantity": 5, "price": 1858.69, "order_type": "MARKET"}
2025-11-30T11:03:23.375893,ORDER_PLACEMENT_FAILED,LT-EQ,BUY,{"reason": "Broker API call failed", "detailed_reason": "Broker API error: Broker API call failed", "rejection_type": "API_ERROR", "quantity": 5, "capital_released": 1892.1900000000003}
2025-11-30T11:03:24.878590,ALERT_RECEIVED,ULTRACEMCO-EQ,BUY,{"price": 714.82, "confidence": null, "score": null}
2025-11-30T11:03:24.878890,VALIDATION_PASSED,ULTRACEMCO-EQ,BUY,{"price": 714.82, "confidence": null, "score": null}
2025-11-30T11:03:24.879359,ANALYTICS_APPROVED,ULTRACEMCO-EQ,BUY,{"tv_score": null, "analytics_signal": "ERROR_FALLBACK"}
2025-11-30T11:03:24.880705,POSITION_SIZE_CALCULATED,ULTRACEMCO-EQ,BUY,{"quantity": 13, "required_capital": 1892.0320000000002, "charges": 33.5}
2025-11-30T11:03:24.881246,CAPITAL_CHECK_PASSED,ULTRACEMCO-EQ,BUY,{"available_capital": 20000.0, "available_slots": 10}
2025-11-30T11:03:24.882187,ORDER_PLACING,ULTRACEMCO-EQ,BUY,{"quantity": 13, "price": 714.82, "order_type": "MARKET"}
2025-11-30T11:03:24.885494,ORDER_PLACEMENT_FAILED,ULTRACEMCO-EQ,BUY,{"reason": "Broker API call failed", "detailed_reason": "Broker API error: Broker API call failed", "rejection_type": "API_ERROR", "quantity": 13, "capital_released": 1892.0320000000002}
2025-11-30T11:03:26.388091,ALERT_RECEIVED,LT-EQ,BUY,{"price": 1859.17, "confidence": null, "score": null}
2025-11-30T11:03:26.388692,VALIDATION_PASSED,LT-EQ,BUY,{"price": 1859.17, "confidence": null, "score": null}
2025-11-30T11:03:26.390868,ANALYTICS_APPROVED,LT-EQ,BUY,{"tv_score": null, "analytics_signal": "ERROR_FALLBACK"}
2025-11-30T11:03:26.392911,POSITION_SIZE_CALCULATED,LT-EQ,BUY,{"quantity": 5, "required_capital": 1892.67, "charges": 33.5}
2025-11-30T11:03:26.393422,CAPITAL_CHECK_PASSED,LT-EQ,BUY,{"available_capital": 20000.0, "available_slots": 10}
2025-11-30T11:03:26.394744,ORDER_PLACING,LT-EQ,BUY,{"quantity": 5, "price": 1859.17, "order_type": "MARKET"}
2025-11-30T11:03:26.396134,ORDER_PLACEMENT_FAILED,LT-EQ,BUY,{"reason": "Broker API call failed", "detailed_reason": "Broker API error: Broker API call failed", "rejection_type": "API_ERROR", "quantity": 5, "capital_released": 1892.67}
2025-11-30T11:03:27.898544,ALERT_RECEIVED,ULTRACEMCO-EQ,BUY,{"price": 715.71, "confidence": null, "score": null}
2025-11-30T11:03:27.899258,VALIDATION_PASSED,ULTRACEMCO-EQ,BUY,{"price": 715.71, "confidence": null, "score": null}
2025-11-30T11:03:27.900292,ANALYTICS_APPROVED,ULTRACEMCO-EQ,BUY,{"tv_score": null, "analytics_signal": "ERROR_FALLBACK"}
2025-11-30T11:03:27.901356,POSITION_SIZE_CALCULATED,ULTRACEMCO-EQ,BUY,{"quantity": 13, "required_capital": 1894.356, "charges": 33.51}
2025-11-30T11:03:27.901713,CAPITAL_CHECK_PASSED,ULTRACEMCO-EQ,BUY,{"available_capital": 20000.0, "available_slots": 10}
2025-11-30T11:03:27.902449,ORDER_PLACING,ULTRACEMCO-EQ,BUY,{"quantity": 13, "price": 715.71, "order_type": "MARKET"}
2025-11-30T11:03:27.903458,ORDER_PLACEMENT_FAILED,ULTRACEMCO-EQ,BUY,{"reason": "Broker API call failed", "detailed_reason": "Broker API error: Broker API call failed", "rejection_type": "API_ERROR", "quantity": 13, "capital_released": 1894.356}
2025-11-30T11:03:29.406544,ALERT_RECEIVED,HDFCBANK-EQ,BUY,{"price": 726.95, "confidence": null, "score": null}
2025-11-30T11:03:29.407239,VALIDATION_PASSED,HDFCBANK-EQ,BUY,{"price": 726.95, "confidence": null, "score": null}
2025-11-30T11:03:29.408334,ANALYTICS_APPROVED,HDFCBANK-EQ,BUY,{"tv_score": null, "analytics_signal": "ERROR_FALLBACK"}
2025-11-30T11:03:29.409487,POSITION_SIZE_CALCULATED,HDFCBANK-EQ,BUY,{"quantity": 13, "required_capital": 1923.7400000000002, "charges": 33.67}
2025-11-30T11:03:29.409894,CAPITAL_CHECK_PASSED,HDFCBANK-EQ,BUY,{"available_capital": 20000.0, "available_slots": 10}
2025-11-30T11:03:29.410576,ORDER_PLACING,HDFCBANK-EQ,BUY,{"quantity": 13, "price": 726.95, "order_type": "MARKET"}
2025-11-30T11:03:29.413327,ORDER_PLACEMENT_FAILED,HDFCBANK-EQ,BUY,{"reason": "Broker API call failed", "detailed_reason": "Broker API error: Broker API call failed", "rejection_type": "API_ERROR", "quantity": 13, "capital_released": 1923.7400000000002}
2025-11-30T11:03:30.915800,ALERT_RECEIVED,ITC-EQ,BUY,{"price": 1303.89, "confidence": null, "score": null}
2025-11-30T11:03:30.916075,VALIDATION_PASSED,ITC-EQ,BUY,{"price": 1303.89, "confidence": null, "score": null}
2025-11-30T11:03:30.916617,ANALYTICS_APPROVED,ITC-EQ,BUY,{"tv_score": null, "analytics_signal": "ERROR_FALLBACK"}
2025-11-30T11:03:30.918104,POSITION_SIZE_CALCULATED,ITC-EQ,BUY,{"quantity": 7, "required_capital": 1858.7760000000003, "charges": 33.33}
2025-11-30T11:03:30.918473,CAPITAL_CHECK_PASSED,ITC-EQ,BUY,{"available_capital": 20000.0, "available_slots": 10}
2025-11-30T11:03:30.919216,ORDER_PLACING,ITC-EQ,BUY,{"quantity": 7, "price": 1303.89, "order_type": "MARKET"}
2025-11-30T11:03:30.921292,ORDER_PLACEMENT_FAILED,ITC-EQ,BUY,{"reason": "Broker API call failed", "detailed_reason": "Broker API error: Broker API call failed", "rejection_type": "API_ERROR", "quantity": 7, "capital_released": 1858.7760000000003}
2025-11-30T11:03:32.423959,ALERT_RECEIVED,ICICIBANK-EQ,BUY,{"price": 2130.91, "confidence": null, "score": null}
2025-11-30T11:03:32.424323,VALIDATION_PASSED,ICICIBANK-EQ,BUY,{"price": 2130.91, "confidence": null, "score": null}
2025-11-30T11:03:32.425634,ANALYTICS_APPROVED,ICICIBANK-EQ,BUY,{"tv_score": null, "analytics_signal": "ERROR_FALLBACK"}
2025-11-30T11:03:32.426655,POSITION_SIZE_CALCULATED,ICICIBANK-EQ,BUY,{"quantity": 4, "required_capital": 1737.4080000000001, "charges": 32.68}
2025-11-30T11:03:32.427063,CAPITAL_CHECK_PASSED,ICICIBANK-EQ,BUY,{"available_capital": 20000.0, "available_slots": 10}
2025-11-30T11:03:32.427832,ORDER_PLACING,ICICIBANK-EQ,BUY,{"quantity": 4, "price": 2130.91, "order_type": "MARKET"}
2025-11-30T11:03:32.430211,ORDER_PLACEMENT_FAILED,ICICIBANK-EQ,BUY,{"reason": "Broker API call failed", "detailed_reason": "Broker API error: Broker API call failed", "rejection_type": "API_ERROR", "quantity": 4, "capital_released": 1737.4080000000001}
2025-11-30T11:03:33.933137,ALERT_RECEIVED,NESTLEIND-EQ,BUY,{"price": 457.68, "confidence": null, "score": null}
2025-11-30T11:03:33.933844,VALIDATION_PASSED,NESTLEIND-EQ,BUY,{"price": 457.68, "confidence": null, "score": null}
2025-11-30T11:03:33.935105,ANALYTICS_APPROVED,NESTLEIND-EQ,BUY,{"tv_score": null, "analytics_signal": "ERROR_FALLBACK"}
2025-11-30T11:03:33.936228,POSITION_SIZE_CALCULATED,NESTLEIND-EQ,BUY,{"quantity": 21, "required_capital": 1956.0960000000002, "charges": 33.84}
2025-11-30T11:03:33.936662,CAPITAL_CHECK_PASSED,NESTLEIND-EQ,BUY,{"available_capital": 20000.0, "available_slots": 10}
2025-11-30T11:03:33.937522,ORDER_PLACING,NESTLEIND-EQ,BUY,{"quantity": 21, "price": 457.68, "order_type": "MARKET"}
2025-11-30T11:03:33.941073,ORDER_PLACEMENT_FAILED,NESTLEIND-EQ,BUY,{"reason": "Broker API call failed", "detailed_reason": "Broker API error: Broker API call failed", "rejection_type": "API_ERROR", "quantity": 21, "capital_released": 1956.0960000000002}
2025-11-30T11:03:35.443772,ALERT_RECEIVED,KOTAKBANK-EQ,BUY,{"price": 165.08, "confidence": null, "score": null}
2025-11-30T11:03:35.444614,VALIDATION_PASSED,KOTAKBANK-EQ,BUY,{"price": 165.08, "confidence": null, "score": null}
2025-11-30T11:03:35.446013,ANALYTICS_APPROVED,KOTAKBANK-EQ,BUY,{"tv_score": null, "analytics_signal": "ERROR_FALLBACK"}
2025-11-30T11:03:35.447007,POSITION_SIZE_CALCULATED,KOTAKBANK-EQ,BUY,{"quantity": 59, "required_capital": 1981.9240000000004, "charges": 33.98}
2025-11-30T11:03:35.447192,CAPITAL_CHECK_PASSED,KOTAKBANK-EQ,BUY,{"available_capital": 20000.0, "available_slots": 10}
2025-11-30T11:03:35.447535,ORDER_PLACING,KOTAKBANK-EQ,BUY,{"quantity": 59, "price": 165.08, "order_type": "MARKET"}
2025-11-30T11:03:35.450365,ORDER_PLACEMENT_FAILED,KOTAKBANK-EQ,BUY,{"reason": "Broker API call failed", "detailed_reason": "Broker API error: Broker API call failed", "rejection_type": "API_ERROR", "quantity": 59, "capital_released": 1981.9240000000004}
2025-11-30T11:03:36.957163,ALERT_RECEIVED,ULTRACEMCO-EQ,BUY,{"price": 714.76, "confidence": null, "score": null}
2025-11-30T11:03:36.958935,VALIDATION_PASSED,ULTRACEMCO-EQ,BUY,{"price": 714.76, "confidence": null, "score": null}
2025-11-30T11:03:36.965065,ANALYTICS_APPROVED,ULTRACEMCO-EQ,BUY,{"tv_score": null, "analytics_signal": "ERROR_FALLBACK"}
2025-11-30T11:03:36.971217,POSITION_SIZE_CALCULATED,ULTRACEMCO-EQ,BUY,{"quantity": 13, "required_capital": 1891.876, "charges": 33.5}
2025-11-30T11:03:36.972880,CAPITAL_CHECK_PASSED,ULTRACEMCO-EQ,BUY,{"available_capital": 20000.0, "available_slots": 10}
2025-11-30T11:03:36.977761,ORDER_PLACING,ULTRACEMCO-EQ,BUY,{"quantity": 13, "price": 714.76, "order_type": "MARKET"}
2025-11-30T11:03:36.989719,ORDER_PLACEMENT_FAILED,ULTRACEMCO-EQ,BUY,{"reason": "Broker API call failed", "detailed_reason": "Broker API error: Broker API call failed", "rejection_type": "API_ERROR", "quantity": 13, "capital_released": 1891.876}
2025-11-30T11:03:38.494055,ALERT_RECEIVED,NESTLEIND-EQ,BUY,{"price": 457.09, "confidence": null, "score": null}
2025-11-30T11:03:38.494523,VALIDATION_PASSED,NESTLEIND-EQ,BUY,{"price": 457.09, "confidence": null, "score": null}
2025-11-30T11:03:38.496589,ANALYTICS_APPROVED,NESTLEIND-EQ,BUY,{"tv_score": null, "analytics_signal": "ERROR_FALLBACK"}
2025-11-30T11:03:38.498809,POSITION_SIZE_CALCULATED,NESTLEIND-EQ,BUY,{"quantity": 21, "required_capital": 1953.608, "charges": 33.83}
2025-11-30T11:03:38.498991,CAPITAL_CHECK_PASSED,NESTLEIND-EQ,BUY,{"available_capital": 20000.0, "available_slots": 10}
2025-11-30T11:03:38.500844,ORDER_PLACING,NESTLEIND-EQ,BUY,{"quantity": 21, "price": 457.09, "order_type": "MARKET"}
2025-11-30T11:03:38.502043,ORDER_PLACEMENT_FAILED,NESTLEIND-EQ,BUY,{"reason": "Broker API call failed", "detailed_reason": "Broker API error: Broker API call failed", "rejection_type": "API_ERROR", "quantity": 21, "capital_released": 1953.608}
2025-11-30T11:03:40.005914,ALERT_RECEIVED,KOTAKBANK-EQ,BUY,{"price": 164.61, "confidence": null, "score": null}
2025-11-30T11:03:40.007938,VALIDATION_PASSED,KOTAKBANK-EQ,BUY,{"price": 164.61, "confidence": null, "score": null}
2025-11-30T11:03:40.011674,ANALYTICS_APPROVED,KOTAKBANK-EQ,BUY,{"tv_score": null, "analytics_signal": "ERROR_FALLBACK"}
2025-11-30T11:03:40.015070,POSITION_SIZE_CALCULATED,KOTAKBANK-EQ,BUY,{"quantity": 59, "required_capital": 1976.3480000000004, "charges": 33.95}
2025-11-30T11:03:40.015247,CAPITAL_CHECK_PASSED,KOTAKBANK-EQ,BUY,{"available_capital": 20000.0, "available_slots": 10}
2025-11-30T11:03:40.017575,ORDER_PLACING,KOTAKBANK-EQ,BUY,{"quantity": 59, "price": 164.61, "order_type": "MARKET"}
2025-11-30T11:03:40.022834,ORDER_PLACEMENT_FAILED,KOTAKBANK-EQ,BUY,{"reason": "Broker API call failed", "detailed_reason": "Broker API error: Broker API call failed", "rejection_type": "API_ERROR", "quantity": 59, "capital_released": 1976.3480000000004}
2025-11-30T11:03:41.525301,ALERT_RECEIVED,BAJFINANCE-EQ,BUY,{"price": 127.66, "confidence": null, "score": null}
2025-11-30T11:03:41.525739,VALIDATION_PASSED,BAJFINANCE-EQ,BUY,{"price": 127.66, "confidence": null, "score": null}
2025-11-30T11:03:41.526486,ANALYTICS_APPROVED,BAJFINANCE-EQ,BUY,{"tv_score": null, "analytics_signal": "ERROR_FALLBACK"}
2025-11-30T11:03:41.528525,POSITION_SIZE_CALCULATED,BAJFINANCE-EQ,BUY,{"quantity": 76, "required_capital": 1974.372, "charges": 33.94}
2025-11-30T11:03:41.529175,CAPITAL_CHECK_PASSED,BAJFINANCE-EQ,BUY,{"available_capital": 20000.0, "available_slots": 10}
2025-11-30T11:03:41.530409,ORDER_PLACING,BAJFINANCE-EQ,BUY,{"quantity": 76, "price": 127.66, "order_type": "MARKET"}
2025-11-30T11:03:41.534875,ORDER_PLACEMENT_FAILED,BAJFINANCE-EQ,BUY,{"reason": "Broker API call failed", "detailed_reason": "Broker API error: Broker API call failed", "rejection_type": "API_ERROR", "quantity": 76, "capital_released": 1974.372}
2025-11-30T11:03:43.037207,ALERT_RECEIVED,NESTLEIND-EQ,BUY,{"price": 457.22, "confidence": null, "score": null}
2025-11-30T11:03:43.038192,VALIDATION_PASSED,NESTLEIND-EQ,BUY,{"price": 457.22, "confidence": null, "score": null}
2025-11-30T11:03:43.039304,ANALYTICS_APPROVED,NESTLEIND-EQ,BUY,{"tv_score": null, "analytics_signal": "ERROR_FALLBACK"}
2025-11-30T11:03:43.040250,POSITION_SIZE_CALCULATED,NESTLEIND-EQ,BUY,{"quantity": 21, "required_capital": 1954.1540000000002, "charges": 33.83}
2025-11-30T11:03:43.040639,CAPITAL_CHECK_PASSED,NESTLEIND-EQ,BUY,{"available_capital": 20000.0, "available_slots": 10}
2025-11-30T11:03:43.041401,ORDER_PLACING,NESTLEIND-EQ,BUY,{"quantity": 21, "price": 457.22, "order_type": "MARKET"}
2025-11-30T11:03:43.045738,ORDER_PLACEMENT_FAILED,NESTLEIND-EQ,BUY,{"reason": "Broker API call failed", "detailed_reason": "Broker API error: Broker API call failed", "rejection_type": "API_ERROR", "quantity": 21, "capital_released": 1954.1540000000002}
2025-11-30T11:03:44.547059,ALERT_RECEIVED,NESTLEIND-EQ,BUY,{"price": 456.88, "confidence": null, "score": null}
2025-11-30T11:03:44.547861,VALIDATION_PASSED,NESTLEIND-EQ,BUY,{"price": 456.88, "confidence": null, "score": null}
2025-11-30T11:03:44.548403,ANALYTICS_APPROVED,NESTLEIND-EQ,BUY,{"tv_score": null, "analytics_signal": "ERROR_FALLBACK"}
2025-11-30T11:03:44.549489,POSITION_SIZE_CALCULATED,NESTLEIND-EQ,BUY,{"quantity": 21, "required_capital": 1952.716, "charges": 33.82}
2025-11-30T11:03:44.549870,CAPITAL_CHECK_PASSED,NESTLEIND-EQ,BUY,{"available_capital": 20000.0, "available_slots": 10}
2025-11-30T11:03:44.550725,ORDER_PLACING,NESTLEIND-EQ,BUY,{"quantity": 21, "price": 456.88, "order_type": "MARKET"}
2025-11-30T11:03:44.552449,ORDER_PLACEMENT_FAILED,NESTLEIND-EQ,BUY,{"reason": "Broker API call failed", "detailed_reason": "Broker API error: Broker API call failed", "rejection_type": "API_ERROR", "quantity": 21, "capital_released": 1952.716}
2025-11-30T11:03:46.055448,ALERT_RECEIVED,KOTAKBANK-EQ,BUY,{"price": 165.15, "confidence": null, "score": null}
2025-11-30T11:03:46.056090,VALIDATION_PASSED,KOTAKBANK-EQ,BUY,{"price": 165.15, "confidence": null, "score": null}
2025-11-30T11:03:46.057378,ANALYTICS_APPROVED,KOTAKBANK-EQ,BUY,{"tv_score": null, "analytics_signal": "ERROR_FALLBACK"}
2025-11-30T11:03:46.058456,POSITION_SIZE_CALCULATED,KOTAKBANK-EQ,BUY,{"quantity": 59, "required_capital": 1982.7500000000002, "charges": 33.98}
2025-11-30T11:03:46.058789,CAPITAL_CHECK_PASSED,KOTAKBANK-EQ,BUY,{"available_capital": 20000.0, "available_slots": 10}
2025-11-30T11:03:46.059075,ORDER_PLACING,KOTAKBANK-EQ,BUY,{"quantity": 59, "price": 165.15, "order_type": "MARKET"}
2025-11-30T11:03:46.061658,ORDER_PLACEMENT_FAILED,KOTAKBANK-EQ,BUY,{"reason": "Broker API call failed", "detailed_reason": "Broker API error: Broker API call failed", "rejection_type": "API_ERROR", "quantity": 59, "capital_released": 1982.7500000000002}
2025-11-30T11:03:47.564329,ALERT_RECEIVED,ICICIBANK-EQ,BUY,{"price": 2131.95, "confidence": null, "score": null}
2025-11-30T11:03:47.565085,VALIDATION_PASSED,ICICIBANK-EQ,BUY,{"price": 2131.95, "confidence": null, "score": null}
2025-11-30T11:03:47.566248,ANALYTICS_APPROVED,ICICIBANK-EQ,BUY,{"tv_score": null, "analytics_signal": "ERROR_FALLBACK"}
2025-11-30T11:03:47.567190,POSITION_SIZE_CALCULATED,ICICIBANK-EQ,BUY,{"quantity": 4, "required_capital": 1738.25, "charges": 32.69}
2025-11-30T11:03:47.567504,CAPITAL_CHECK_PASSED,ICICIBANK-EQ,BUY,{"available_capital": 20000.0, "available_slots": 10}
2025-11-30T11:03:47.568390,ORDER_PLACING,ICICIBANK-EQ,BUY,{"quantity": 4, "price": 2131.95, "order_type": "MARKET"}
2025-11-30T11:03:47.571777,ORDER_PLACEMENT_FAILED,ICICIBANK-EQ,BUY,{"reason": "Broker API call failed", "detailed_reason": "Broker API error: Broker API call failed", "rejection_type": "API_ERROR", "quantity": 4, "capital_released": 1738.25}
2025-11-30T11:03:49.075078,ALERT_RECEIVED,NESTLEIND-EQ,BUY,{"price": 457.94, "confidence": null, "score": null}
2025-11-30T11:03:49.075381,VALIDATION_PASSED,NESTLEIND-EQ,BUY,{"price": 457.94, "confidence": null, "score": null}
2025-11-30T11:03:49.077832,ANALYTICS_APPROVED,NESTLEIND-EQ,BUY,{"tv_score": null, "analytics_signal": "ERROR_FALLBACK"}
2025-11-30T11:03:49.079945,POSITION_SIZE_CALCULATED,NESTLEIND-EQ,BUY,{"quantity": 21, "required_capital": 1957.1979999999999, "charges": 33.85}
2025-11-30T11:03:49.080237,CAPITAL_CHECK_PASSED,NESTLEIND-EQ,BUY,{"available_capital": 20000.0, "available_slots": 10}
2025-11-30T11:03:49.085385,ORDER_PLACING,NESTLEIND-EQ,BUY,{"quantity": 21, "price": 457.94, "order_type": "MARKET"}
2025-11-30T11:03:49.095151,ORDER_PLACEMENT_FAILED,NESTLEIND-EQ,BUY,{"reason": "Broker API call failed", "detailed_reason": "Broker API error: Broker API call failed", "rejection_type": "API_ERROR", "quantity": 21, "capital_released": 1957.1979999999999}
2025-11-30T11:03:50.597587,ALERT_RECEIVED,LT-EQ,BUY,{"price": 1859.08, "confidence": null, "score": null}
2025-11-30T11:03:50.597974,VALIDATION_PASSED,LT-EQ,BUY,{"price": 1859.08, "confidence": null, "score": null}
2025-11-30T11:03:50.598524,ANALYTICS_APPROVED,LT-EQ,BUY,{"tv_score": null, "analytics_signal": "ERROR_FALLBACK"}
2025-11-30T11:03:50.600061,POSITION_SIZE_CALCULATED,LT-EQ,BUY,{"quantity": 5, "required_capital": 1892.58, "charges": 33.5}
2025-11-30T11:03:50.600465,CAPITAL_CHECK_PASSED,LT-EQ,BUY,{"available_capital": 20000.0, "available_slots": 10}
2025-11-30T11:03:50.601472,ORDER_PLACING,LT-EQ,BUY,{"quantity": 5, "price": 1859.08, "order_type": "MARKET"}
2025-11-30T11:03:50.603779,ORDER_PLACEMENT_FAILED,LT-EQ,BUY,{"reason": "Broker API call failed", "detailed_reason": "Broker API error: Broker API call failed", "rejection_type": "API_ERROR", "quantity": 5, "capital_released": 1892.58}
2025-11-30T11:03:52.106346,ALERT_RECEIVED,LT-EQ,BUY,{"price": 1857.8, "confidence": null, "score": null}
2025-11-30T11:03:52.106676,VALIDATION_PASSED,LT-EQ,BUY,{"price": 1857.8, "confidence": null, "score": null}
2025-11-30T11:03:52.107198,ANALYTICS_APPROVED,LT-EQ,BUY,{"tv_score": null, "analytics_signal": "ERROR_FALLBACK"}
2025-11-30T11:03:52.107640,POSITION_SIZE_CALCULATED,LT-EQ,BUY,{"quantity": 5, "required_capital": 1891.3000000000002, "charges": 33.5}
2025-11-30T11:03:52.108947,CAPITAL_CHECK_PASSED,LT-EQ,BUY,{"available_capital": 20000.0, "available_slots": 10}
2025-11-30T11:03:52.110012,ORDER_PLACING,LT-EQ,BUY,{"quantity": 5, "price": 1857.8, "order_type": "MARKET"}
2025-11-30T11:03:52.111039,ORDER_PLACEMENT_FAILED,LT-EQ,BUY,{"reason": "Broker API call failed", "detailed_reason": "Broker API error: Broker API call failed", "rejection_type": "API_ERROR", "quantity": 5, "capital_released": 1891.3000000000002}
2025-11-30T11:03:53.613780,ALERT_RECEIVED,M&M-EQ,BUY,{"price": 1662.15, "confidence": null, "score": null}
2025-11-30T11:03:53.614318,VALIDATION_PASSED,M&M-EQ,BUY,{"price": 1662.15, "confidence": null, "score": null}
2025-11-30T11:03:53.616205,ANALYTICS_APPROVED,M&M-EQ,BUY,{"tv_score": null, "analytics_signal": "ERROR_FALLBACK"}
2025-11-30T11:03:53.617918,POSITION_SIZE_CALCULATED,M&M-EQ,BUY,{"quantity": 5, "required_capital": 1694.6100000000001, "charges": 32.46}
2025-11-30T11:03:53.618487,CAPITAL_CHECK_PASSED,M&M-EQ,BUY,{"available_capital": 20000.0, "available_slots": 10}
2025-11-30T11:03:53.619690,ORDER_PLACING,M&M-EQ,BUY,{"quantity": 5, "price": 1662.15, "order_type": "MARKET"}
2025-11-30T11:03:53.625426,ORDER_PLACEMENT_FAILED,M&M-EQ,BUY,{"reason": "Broker API call failed", "detailed_reason": "Broker API error: Broker API call failed", "rejection_type": "API_ERROR", "quantity": 5, "capital_released": 1694.6100000000001}
2025-11-30T11:03:55.128963,ALERT_RECEIVED,BAJFINANCE-EQ,BUY,{"price": 127.27, "confidence": null, "score": null}
2025-11-30T11:03:55.129757,VALIDATION_PASSED,BAJFINANCE-EQ,BUY,{"price": 127.27, "confidence": null, "score": null}
2025-11-30T11:03:55.130315,ANALYTICS_APPROVED,BAJFINANCE-EQ,BUY,{"tv_score": null, "analytics_signal": "ERROR_FALLBACK"}
2025-11-30T11:03:55.131028,POSITION_SIZE_CALCULATED,BAJFINANCE-EQ,BUY,{"quantity": 77, "required_capital": 1993.9979999999998, "charges": 34.04}
2025-11-30T11:03:55.131454,CAPITAL_CHECK_PASSED,BAJFINANCE-EQ,BUY,{"available_capital": 20000.0, "available_slots": 10}
2025-11-30T11:03:55.132355,ORDER_PLACING,BAJFINANCE-EQ,BUY,{"quantity": 77, "price": 127.27, "order_type": "MARKET"}
2025-11-30T11:03:55.135943,ORDER_PLACEMENT_FAILED,BAJFINANCE-EQ,BUY,{"reason": "Broker API call failed", "detailed_reason": "Broker API error: Broker API call failed", "rejection_type": "API_ERROR", "quantity": 77, "capital_released": 1993.9979999999998}
2025-11-30T11:03:56.638746,ALERT_RECEIVED,RELIANCE-EQ,BUY,{"price": 1235.15, "confidence": null, "score": null}
2025-11-30T11:03:56.639060,VALIDATION_PASSED,RELIANCE-EQ,BUY,{"price": 1235.15, "confidence": null, "score": null}
2025-11-30T11:03:56.639542,ANALYTICS_APPROVED,RELIANCE-EQ,BUY,{"tv_score": null, "analytics_signal": "ERROR_FALLBACK"}
2025-11-30T11:03:56.641312,POSITION_SIZE_CALCULATED,RELIANCE-EQ,BUY,{"quantity": 7, "required_capital": 1762.0200000000002, "charges": 32.81}
2025-11-30T11:03:56.641750,CAPITAL_CHECK_PASSED,RELIANCE-EQ,BUY,{"available_capital": 20000.0, "available_slots": 10}
2025-11-30T11:03:56.642545,ORDER_PLACING,RELIANCE-EQ,BUY,{"quantity": 7, "price": 1235.15, "order_type": "MARKET"}
2025-11-30T11:03:56.644768,ORDER_PLACEMENT_FAILED,RELIANCE-EQ,BUY,{"reason": "Broker API call failed", "detailed_reason": "Broker API error: Broker API call failed", "rejection_type": "API_ERROR", "quantity": 7, "capital_released": 1762.0200000000002}
2025-11-30T11:03:58.147738,ALERT_RECEIVED,KOTAKBANK-EQ,BUY,{"price": 164.87, "confidence": null, "score": null}
2025-11-30T11:03:58.148125,VALIDATION_PASSED,KOTAKBANK-EQ,BUY,{"price": 164.87, "confidence": null, "score": null}
2025-11-30T11:03:58.150067,ANALYTICS_APPROVED,KOTAKBANK-EQ,BUY,{"tv_score": null, "analytics_signal": "ERROR_FALLBACK"}
2025-11-30T11:03:58.151481,POSITION_SIZE_CALCULATED,KOTAKBANK-EQ,BUY,{"quantity": 59, "required_capital": 1979.4260000000002, "charges": 33.96}
2025-11-30T11:03:58.152146,CAPITAL_CHECK_PASSED,KOTAKBANK-EQ,BUY,{"available_capital": 20000.0, "available_slots": 10}
2025-11-30T11:03:58.153491,ORDER_PLACING,KOTAKBANK-EQ,BUY,{"quantity": 59, "price": 164.87, "order_type": "MARKET"}
2025-11-30T11:03:58.160293,ORDER_PLACEMENT_FAILED,KOTAKBANK-EQ,BUY,{"reason": "Broker API call failed", "detailed_reason": "Broker API error: Broker API call failed", "rejection_type": "API_ERROR", "quantity": 59, "capital_released": 1979.4260000000002}
2025-11-30T11:03:59.664005,ALERT_RECEIVED,ICICIBANK-EQ,BUY,{"price": 2131.04, "confidence": null, "score": null}
2025-11-30T11:03:59.664724,VALIDATION_PASSED,ICICIBANK-EQ,BUY,{"price": 2131.04, "confidence": null, "score": null}
2025-11-30T11:03:59.666125,ANALYTICS_APPROVED,ICICIBANK-EQ,BUY,{"tv_score": null, "analytics_signal": "ERROR_FALLBACK"}
2025-11-30T11:03:59.667292,POSITION_SIZE_CALCULATED,ICICIBANK-EQ,BUY,{"quantity": 4, "required_capital": 1737.5120000000002, "charges": 32.68}
2025-11-30T11:03:59.667667,CAPITAL_CHECK_PASSED,ICICIBANK-EQ,BUY,{"available_capital": 20000.0, "available_slots": 10}
2025-11-30T11:03:59.668460,ORDER_PLACING,ICICIBANK-EQ,BUY,{"quantity": 4, "price": 2131.04, "order_type": "MARKET"}
2025-11-30T11:03:59.671706,ORDER_PLACEMENT_FAILED,ICICIBANK-EQ,BUY,{"reason": "Broker API call failed", "detailed_reason": "Broker API error: Broker API call failed", "rejection_type": "API_ERROR", "quantity": 4, "capital_released": 1737.5120000000002}
2025-11-30T11:04:01.175216,ALERT_RECEIVED,RELIANCE-EQ,BUY,{"price": 1234.1, "confidence": null, "score": null}
2025-11-30T11:04:01.175507,VALIDATION_PASSED,RELIANCE-EQ,BUY,{"price": 1234.1, "confidence": null, "score": null}
2025-11-30T11:04:01.177204,ANALYTICS_APPROVED,RELIANCE-EQ,BUY,{"tv_score": null, "analytics_signal": "ERROR_FALLBACK"}
2025-11-30T11:04:01.178265,POSITION_SIZE_CALCULATED,RELIANCE-EQ,BUY,{"quantity": 7, "required_capital": 1760.5399999999997, "charges": 32.8}
2025-11-30T11:04:01.178697,CAPITAL_CHECK_PASSED,RELIANCE-EQ,BUY,{"available_capital": 20000.0, "available_slots": 10}
2025-11-30T11:04:01.179480,ORDER_PLACING,RELIANCE-EQ,BUY,{"quantity": 7, "price": 1234.1, "order_type": "MARKET"}
2025-11-30T11:04:01.180668,ORDER_PLACEMENT_FAILED,RELIANCE-EQ,BUY,{"reason": "Broker API call failed", "detailed_reason": "Broker API error: Broker API call failed", "rejection_type": "API_ERROR", "quantity": 7, "capital_released": 1760.5399999999997}
2025-11-30T11:04:02.683341,ALERT_RECEIVED,MARUTI-EQ,BUY,{"price": 2434.29, "confidence": null, "score": null}
2025-11-30T11:04:02.683872,VALIDATION_PASSED,MARUTI-EQ,BUY,{"price": 2434.29, "confidence": null, "score": null}
2025-11-30T11:04:02.684425,ANALYTICS_APPROVED,MARUTI-EQ,BUY,{"tv_score": null, "analytics_signal": "ERROR_FALLBACK"}
2025-11-30T11:04:02.686249,POSITION_SIZE_CALCULATED,MARUTI-EQ,BUY,{"quantity": 4, "required_capital": 1981.402, "charges": 33.97}
2025-11-30T11:04:02.686749,CAPITAL_CHECK_PASSED,MARUTI-EQ,BUY,{"available_capital": 20000.0, "available_slots": 10}
2025-11-30T11:04:02.687617,ORDER_PLACING,MARUTI-EQ,BUY,{"quantity": 4, "price": 2434.29, "order_type": "MARKET"}
2025-11-30T11:04:02.692031,ORDER_PLACEMENT_FAILED,MARUTI-EQ,BUY,{"reason": "Broker API call failed", "detailed_reason": "Broker API error: Broker API call failed", "rejection_type": "API_ERROR", "quantity": 4, "capital_released": 1981.402}
2025-11-30T11:04:04.194611,ALERT_RECEIVED,ICICIBANK-EQ,BUY,{"price": 2131.51, "confidence": null, "score": null}
2025-11-30T11:04:04.195131,VALIDATION_PASSED,ICICIBANK-EQ,BUY,{"price": 2131.51, "confidence": null, "score": null}
2025-11-30T11:04:04.196513,ANALYTICS_APPROVED,ICICIBANK-EQ,BUY,{"tv_score": null, "analytics_signal": "ERROR_FALLBACK"}
2025-11-30T11:04:04.197700,POSITION_SIZE_CALCULATED,ICICIBANK-EQ,BUY,{"quantity": 4, "required_capital": 1737.8880000000004, "charges": 32.68}
2025-11-30T11:04:04.198146,CAPITAL_CHECK_PASSED,ICICIBANK-EQ,BUY,{"available_capital": 20000.0, "available_slots": 10}
2025-11-30T11:04:04.199286,ORDER_PLACING,ICICIBANK-EQ,BUY,{"quantity": 4, "price": 2131.51, "order_type": "MARKET"}
2025-11-30T11:04:04.200771,ORDER_PLACEMENT_FAILED,ICICIBANK-EQ,BUY,{"reason": "Broker API call failed", "detailed_reason": "Broker API error: Broker API call failed", "rejection_type": "API_ERROR", "quantity": 4, "capital_released": 1737.8880000000004}
2025-11-30T11:04:05.704882,ALERT_RECEIVED,RELIANCE-EQ,BUY,{"price": 1234.87, "confidence": null, "score": null}
2025-11-30T11:04:05.705282,VALIDATION_PASSED,RELIANCE-EQ,BUY,{"price": 1234.87, "confidence": null, "score": null}
2025-11-30T11:04:05.707925,ANALYTICS_APPROVED,RELIANCE-EQ,BUY,{"tv_score": null, "analytics_signal": "ERROR_FALLBACK"}
2025-11-30T11:04:05.710242,POSITION_SIZE_CALCULATED,RELIANCE-EQ,BUY,{"quantity": 7, "required_capital": 1761.6280000000002, "charges": 32.81}
2025-11-30T11:04:05.710795,CAPITAL_CHECK_PASSED,RELIANCE-EQ,BUY,{"available_capital": 20000.0, "available_slots": 10}
2025-11-30T11:04:05.713000,ORDER_PLACING,RELIANCE-EQ,BUY,{"quantity": 7, "price": 1234.87, "order_type": "MARKET"}
2025-11-30T11:04:05.717857,ORDER_PLACEMENT_FAILED,RELIANCE-EQ,BUY,{"reason": "Broker API call failed", "detailed_reason": "Broker API error: Broker API call failed", "rejection_type": "API_ERROR", "quantity": 7, "capital_released": 1761.6280000000002}
2025-11-30T11:04:07.221052,ALERT_RECEIVED,NESTLEIND-EQ,BUY,{"price": 457.26, "confidence": null, "score": null}
2025-11-30T11:04:07.221332,VALIDATION_PASSED,NESTLEIND-EQ,BUY,{"price": 457.26, "confidence": null, "score": null}
2025-11-30T11:04:07.223100,ANALYTICS_APPROVED,NESTLEIND-EQ,BUY,{"tv_score": null, "analytics_signal": "ERROR_FALLBACK"}
2025-11-30T11:04:07.224883,POSITION_SIZE_CALCULATED,NESTLEIND-EQ,BUY,{"quantity": 21, "required_capital": 1954.322, "charges": 33.83}
2025-11-30T11:04:07.225428,CAPITAL_CHECK_PASSED,NESTLEIND-EQ,BUY,{"available_capital": 20000.0, "available_slots": 10}
2025-11-30T11:04:07.226287,ORDER_PLACING,NESTLEIND-EQ,BUY,{"quantity": 21, "price": 457.26, "order_type": "MARKET"}
2025-11-30T11:04:07.229251,ORDER_PLACEMENT_FAILED,NESTLEIND-EQ,BUY,{"reason": "Broker API call failed", "detailed_reason": "Broker API error: Broker API call failed", "rejection_type": "API_ERROR", "quantity": 21, "capital_released": 1954.322}
2025-11-30T11:04:08.731113,ALERT_RECEIVED,TCS-EQ,BUY,{"price": 464.2, "confidence": null, "score": null}
2025-11-30T11:04:08.731381,VALIDATION_PASSED,TCS-EQ,BUY,{"price": 464.2, "confidence": null, "score": null}
2025-11-30T11:04:08.734110,ANALYTICS_APPROVED,TCS-EQ,BUY,{"tv_score": null, "analytics_signal": "ERROR_FALLBACK"}
2025-11-30T11:04:08.735309,POSITION_SIZE_CALCULATED,TCS-EQ,BUY,{"quantity": 21, "required_capital": 1983.6299999999999, "charges": 33.99}
2025-11-30T11:04:08.735764,CAPITAL_CHECK_PASSED,TCS-EQ,BUY,{"available_capital": 20000.0, "available_slots": 10}
2025-11-30T11:04:08.736565,ORDER_PLACING,TCS-EQ,BUY,{"quantity": 21, "price": 464.2, "order_type": "MARKET"}
2025-11-30T11:04:08.739933,ORDER_PLACEMENT_FAILED,TCS-EQ,BUY,{"reason": "Broker API call failed", "detailed_reason": "Broker API error: Broker API call failed", "rejection_type": "API_ERROR", "quantity": 21, "capital_released": 1983.6299999999999}
2025-11-30T11:04:10.244881,ALERT_RECEIVED,SUNPHARMA-EQ,BUY,{"price": 2287.76, "confidence": null, "score": null}
2025-11-30T11:04:10.245234,VALIDATION_PASSED,SUNPHARMA-EQ,BUY,{"price": 2287.76, "confidence": null, "score": null}
2025-11-30T11:04:10.247369,ANALYTICS_APPROVED,SUNPHARMA-EQ,BUY,{"tv_score": null, "analytics_signal": "ERROR_FALLBACK"}
2025-11-30T11:04:10.248487,POSITION_SIZE_CALCULATED,SUNPHARMA-EQ,BUY,{"quantity": 4, "required_capital": 1863.5580000000002, "charges": 33.35}
2025-11-30T11:04:10.248925,CAPITAL_CHECK_PASSED,SUNPHARMA-EQ,BUY,{"available_capital": 20000.0, "available_slots": 10}
2025-11-30T11:04:10.250998,ORDER_PLACING,SUNPHARMA-EQ,BUY,{"quantity": 4, "price": 2287.76, "order_type": "MARKET"}
2025-11-30T11:04:10.257358,ORDER_PLACEMENT_FAILED,SUNPHARMA-EQ,BUY,{"reason": "Broker API call failed", "detailed_reason": "Broker API error: Broker API call failed", "rejection_type": "API_ERROR", "quantity": 4, "capital_released": 1863.5580000000002}
2025-11-30T11:04:11.760435,ALERT_RECEIVED,BAJFINANCE-EQ,BUY,{"price": 128.09, "confidence": null, "score": null}
2025-11-30T11:04:11.760952,VALIDATION_PASSED,BAJFINANCE-EQ,BUY,{"price": 128.09, "confidence": null, "score": null}
2025-11-30T11:04:11.761391,ANALYTICS_APPROVED,BAJFINANCE-EQ,BUY,{"tv_score": null, "analytics_signal": "ERROR_FALLBACK"}
2025-11-30T11:04:11.762361,POSITION_SIZE_CALCULATED,BAJFINANCE-EQ,BUY,{"quantity": 76, "required_capital": 1980.938, "charges": 33.97}
2025-11-30T11:04:11.762874,CAPITAL_CHECK_PASSED,BAJFINANCE-EQ,BUY,{"available_capital": 20000.0, "available_slots": 10}
2025-11-30T11:04:11.763742,ORDER_PLACING,BAJFINANCE-EQ,BUY,{"quantity": 76, "price": 128.09, "order_type": "MARKET"}
2025-11-30T11:04:11.766101,ORDER_PLACEMENT_FAILED,BAJFINANCE-EQ,BUY,{"reason": "Broker API call failed", "detailed_reason": "Broker API error: Broker API call failed", "rejection_type": "API_ERROR", "quantity": 76, "capital_released": 1980.938}
2025-11-30T11:04:13.268675,ALERT_RECEIVED,HDFC-EQ,BUY,{"price": 1111.34, "confidence": null, "score": null}
2025-11-30T11:04:13.269485,VALIDATION_PASSED,HDFC-EQ,BUY,{"price": 1111.34, "confidence": null, "score": null}
2025-11-30T11:04:13.271321,ANALYTICS_APPROVED,HDFC-EQ,BUY,{"tv_score": null, "analytics_signal": "ERROR_FALLBACK"}
2025-11-30T11:04:13.272300,POSITION_SIZE_CALCULATED,HDFC-EQ,BUY,{"quantity": 8, "required_capital": 1811.214, "charges": 33.07}
2025-11-30T11:04:13.272813,CAPITAL_CHECK_PASSED,HDFC-EQ,BUY,{"available_capital": 20000.0, "available_slots": 10}
2025-11-30T11:04:13.273551,ORDER_PLACING,HDFC-EQ,BUY,{"quantity": 8, "price": 1111.34, "order_type": "MARKET"}
2025-11-30T11:04:13.277138,ORDER_PLACEMENT_FAILED,HDFC-EQ,BUY,{"reason": "Broker API call failed", "detailed_reason": "Broker API error: Broker API call failed", "rejection_type": "API_ERROR", "quantity": 8, "capital_released": 1811.214}
2025-11-30T11:04:14.779672,ALERT_RECEIVED,NESTLEIND-EQ,BUY,{"price": 456.75, "confidence": null, "score": null}
2025-11-30T11:04:14.779976,VALIDATION_PASSED,NESTLEIND-EQ,BUY,{"price": 456.75, "confidence": null, "score": null}
2025-11-30T11:04:14.780484,ANALYTICS_APPROVED,NESTLEIND-EQ,BUY,{"tv_score": null, "analytics_signal": "ERROR_FALLBACK"}
2025-11-30T11:04:14.783401,POSITION_SIZE_CALCULATED,NESTLEIND-EQ,BUY,{"quantity": 21, "required_capital": 1952.17, "charges": 33.82}
2025-11-30T11:04:14.783767,CAPITAL_CHECK_PASSED,NESTLEIND-EQ,BUY,{"available_capital": 20000.0, "available_slots": 10}
2025-11-30T11:04:14.784609,ORDER_PLACING,NESTLEIND-EQ,BUY,{"quantity": 21, "price": 456.75, "order_type": "MARKET"}
2025-11-30T11:04:14.787758,ORDER_PLACEMENT_FAILED,NESTLEIND-EQ,BUY,{"reason": "Broker API call failed", "detailed_reason": "Broker API error: Broker API call failed", "rejection_type": "API_ERROR", "quantity": 21, "capital_released": 1952.17}
2025-11-30T11:04:16.289172,ALERT_RECEIVED,TITAN-EQ,BUY,{"price": 414.71, "confidence": null, "score": null}
2025-11-30T11:04:16.289474,VALIDATION_PASSED,TITAN-EQ,BUY,{"price": 414.71, "confidence": null, "score": null}
2025-11-30T11:04:16.291105,ANALYTICS_APPROVED,TITAN-EQ,BUY,{"tv_score": null, "analytics_signal": "ERROR_FALLBACK"}
2025-11-30T11:04:16.292044,POSITION_SIZE_CALCULATED,TITAN-EQ,BUY,{"quantity": 23, "required_capital": 1941.4260000000002, "charges": 33.76}
2025-11-30T11:04:16.292450,CAPITAL_CHECK_PASSED,TITAN-EQ,BUY,{"available_capital": 20000.0, "available_slots": 10}
2025-11-30T11:04:16.293231,ORDER_PLACING,TITAN-EQ,BUY,{"quantity": 23, "price": 414.71, "order_type": "MARKET"}
2025-11-30T11:04:16.296813,ORDER_PLACEMENT_FAILED,TITAN-EQ,BUY,{"reason": "Broker API call failed", "detailed_reason": "Broker API error: Broker API call failed", "rejection_type": "API_ERROR", "quantity": 23, "capital_released": 1941.4260000000002}
2025-11-30T11:04:17.799106,ALERT_RECEIVED,BAJFINANCE-EQ,BUY,{"price": 128.78, "confidence": null, "score": null}
2025-11-30T11:04:17.799492,VALIDATION_PASSED,BAJFINANCE-EQ,BUY,{"price": 128.78, "confidence": null, "score": null}
2025-11-30T11:04:17.801401,ANALYTICS_APPROVED,BAJFINANCE-EQ,BUY,{"tv_score": null, "analytics_signal": "ERROR_FALLBACK"}
2025-11-30T11:04:17.802494,POSITION_SIZE_CALCULATED,BAJFINANCE-EQ,BUY,{"quantity": 76, "required_capital": 1991.486, "charges": 34.03}
2025-11-30T11:04:17.802908,CAPITAL_CHECK_PASSED,BAJFINANCE-EQ,BUY,{"available_capital": 20000.0, "available_slots": 10}
2025-11-30T11:04:17.805030,ORDER_PLACING,BAJFINANCE-EQ,BUY,{"quantity": 76, "price": 128.78, "order_type": "MARKET"}
2025-11-30T11:04:17.809553,ORDER_PLACEMENT_FAILED,BAJFINANCE-EQ,BUY,{"reason": "Broker API call failed", "detailed_reason": "Broker API error: Broker API call failed", "rejection_type": "API_ERROR", "quantity": 76, "capital_released": 1991.486}
2025-11-30T11:04:19.312261,ALERT_RECEIVED,BAJFINANCE-EQ,BUY,{"price": 127.57, "confidence": null, "score": null}
2025-11-30T11:04:19.313131,VALIDATION_PASSED,BAJFINANCE-EQ,BUY,{"price": 127.57, "confidence": null, "score": null}
2025-11-30T11:04:19.314278,ANALYTICS_APPROVED,BAJFINANCE-EQ,BUY,{"tv_score": null, "analytics_signal": "ERROR_FALLBACK"}
2025-11-30T11:04:19.315327,POSITION_SIZE_CALCULATED,BAJFINANCE-EQ,BUY,{"quantity": 77, "required_capital": 1998.648, "charges": 34.07}
2025-11-30T11:04:19.315759,CAPITAL_CHECK_PASSED,BAJFINANCE-EQ,BUY,{"available_capital": 20000.0, "available_slots": 10}
2025-11-30T11:04:19.317206,ORDER_PLACING,BAJFINANCE-EQ,BUY,{"quantity": 77, "price": 127.57, "order_type": "MARKET"}
2025-11-30T11:04:19.319859,ORDER_PLACEMENT_FAILED,BAJFINANCE-EQ,BUY,{"reason": "Broker API call failed", "detailed_reason": "Broker API error: Broker API call failed", "rejection_type": "API_ERROR", "quantity": 77, "capital_released": 1998.648}
2025-11-30T11:04:20.822206,ALERT_RECEIVED,BAJFINANCE-EQ,BUY,{"price": 128.75, "confidence": null, "score": null}
2025-11-30T11:04:20.822546,VALIDATION_PASSED,BAJFINANCE-EQ,BUY,{"price": 128.75, "confidence": null, "score": null}
2025-11-30T11:04:20.824043,ANALYTICS_APPROVED,BAJFINANCE-EQ,BUY,{"tv_score": null, "analytics_signal": "ERROR_FALLBACK"}
2025-11-30T11:04:20.825071,POSITION_SIZE_CALCULATED,BAJFINANCE-EQ,BUY,{"quantity": 76, "required_capital": 1991.03, "charges": 34.03}
2025-11-30T11:04:20.825465,CAPITAL_CHECK_PASSED,BAJFINANCE-EQ,BUY,{"available_capital": 20000.0, "available_slots": 10}
2025-11-30T11:04:20.826215,ORDER_PLACING,BAJFINANCE-EQ,BUY,{"quantity": 76, "price": 128.75, "order_type": "MARKET"}
2025-11-30T11:04:20.827259,ORDER_PLACEMENT_FAILED,BAJFINANCE-EQ,BUY,{"reason": "Broker API call failed", "detailed_reason": "Broker API error: Broker API call failed", "rejection_type": "API_ERROR", "quantity": 76, "capital_released": 1991.03}
2025-11-30T11:04:22.329771,ALERT_RECEIVED,NESTLEIND-EQ,BUY,{"price": 457.84, "confidence": null, "score": null}
2025-11-30T11:04:22.330053,VALIDATION_PASSED,NESTLEIND-EQ,BUY,{"price": 457.84, "confidence": null, "score": null}
2025-11-30T11:04:22.330487,ANALYTICS_APPROVED,NESTLEIND-EQ,BUY,{"tv_score": null, "analytics_signal": "ERROR_FALLBACK"}
2025-11-30T11:04:22.332106,POSITION_SIZE_CALCULATED,NESTLEIND-EQ,BUY,{"quantity": 21, "required_capital": 1956.7679999999998, "charges": 33.84}
2025-11-30T11:04:22.332441,CAPITAL_CHECK_PASSED,NESTLEIND-EQ,BUY,{"available_capital": 20000.0, "available_slots": 10}
2025-11-30T11:04:22.333296,ORDER_PLACING,NESTLEIND-EQ,BUY,{"quantity": 21, "price": 457.84, "order_type": "MARKET"}
2025-11-30T11:04:22.335296,ORDER_PLACEMENT_FAILED,NESTLEIND-EQ,BUY,{"reason": "Broker API call failed", "detailed_reason": "Broker API error: Broker API call failed", "rejection_type": "API_ERROR", "quantity": 21, "capital_released": 1956.7679999999998}
2025-11-30T11:04:23.837871,ALERT_RECEIVED,HDFC-EQ,BUY,{"price": 1110.67, "confidence": null, "score": null}
2025-11-30T11:04:23.838425,VALIDATION_PASSED,HDFC-EQ,BUY,{"price": 1110.67, "confidence": null, "score": null}
2025-11-30T11:04:23.840821,ANALYTICS_APPROVED,HDFC-EQ,BUY,{"tv_score": null, "analytics_signal": "ERROR_FALLBACK"}
2025-11-30T11:04:23.842192,POSITION_SIZE_CALCULATED,HDFC-EQ,BUY,{"quantity": 8, "required_capital": 1810.142, "charges": 33.07}
2025-11-30T11:04:23.842612,CAPITAL_CHECK_PASSED,HDFC-EQ,BUY,{"available_capital": 20000.0, "available_slots": 10}
2025-11-30T11:04:23.843666,ORDER_PLACING,HDFC-EQ,BUY,{"quantity": 8, "price": 1110.67, "order_type": "MARKET"}
2025-11-30T11:04:23.847593,ORDER_PLACEMENT_FAILED,HDFC-EQ,BUY,{"reason": "Broker API call failed", "detailed_reason": "Broker API error: Broker API call failed", "rejection_type": "API_ERROR", "quantity": 8, "capital_released": 1810.142}
2025-11-30T11:04:25.349264,ALERT_RECEIVED,TITAN-EQ,BUY,{"price": 415.81, "confidence": null, "score": null}
2025-11-30T11:04:25.349813,VALIDATION_PASSED,TITAN-EQ,BUY,{"price": 415.81, "confidence": null, "score": null}
2025-11-30T11:04:25.350608,ANALYTICS_APPROVED,TITAN-EQ,BUY,{"tv_score": null, "analytics_signal": "ERROR_FALLBACK"}
2025-11-30T11:04:25.353287,POSITION_SIZE_CALCULATED,TITAN-EQ,BUY,{"quantity": 23, "required_capital": 1946.5159999999998, "charges": 33.79}
2025-11-30T11:04:25.353686,CAPITAL_CHECK_PASSED,TITAN-EQ,BUY,{"available_capital": 20000.0, "available_slots": 10}
2025-11-30T11:04:25.354526,ORDER_PLACING,TITAN-EQ,BUY,{"quantity": 23, "price": 415.81, "order_type": "MARKET"}
2025-11-30T11:04:25.357167,ORDER_PLACEMENT_FAILED,TITAN-EQ,BUY,{"reason": "Broker API call failed", "detailed_reason": "Broker API error: Broker API call failed", "rejection_type": "API_ERROR", "quantity": 23, "capital_released": 1946.5159999999998}
2025-11-30T11:04:26.860414,ALERT_RECEIVED,BAJFINANCE-EQ,BUY,{"price": 128.56, "confidence": null, "score": null}
2025-11-30T11:04:26.860922,VALIDATION_PASSED,BAJFINANCE-EQ,BUY,{"price": 128.56, "confidence": null, "score": null}
2025-11-30T11:04:26.861446,ANALYTICS_APPROVED,BAJFINANCE-EQ,BUY,{"tv_score": null, "analytics_signal": "ERROR_FALLBACK"}
2025-11-30T11:04:26.863135,POSITION_SIZE_CALCULATED,BAJFINANCE-EQ,BUY,{"quantity": 76, "required_capital": 1988.122, "charges": 34.01}
2025-11-30T11:04:26.863518,CAPITAL_CHECK_PASSED,BAJFINANCE-EQ,BUY,{"available_capital": 20000.0, "available_slots": 10}
2025-11-30T11:04:26.864609,ORDER_PLACING,BAJFINANCE-EQ,BUY,{"quantity": 76, "price": 128.56, "order_type": "MARKET"}
2025-11-30T11:04:26.867110,ORDER_PLACEMENT_FAILED,BAJFINANCE-EQ,BUY,{"reason": "Broker API call failed", "detailed_reason": "Broker API error: Broker API call failed", "rejection_type": "API_ERROR", "quantity": 76, "capital_released": 1988.122}
2025-11-30T11:04:28.371527,ALERT_RECEIVED,NESTLEIND-EQ,BUY,{"price": 458.16, "confidence": null, "score": null}
2025-11-30T11:04:28.371913,VALIDATION_PASSED,NESTLEIND-EQ,BUY,{"price": 458.16, "confidence": null, "score": null}
2025-11-30T11:04:28.372383,ANALYTICS_APPROVED,NESTLEIND-EQ,BUY,{"tv_score": null, "analytics_signal": "ERROR_FALLBACK"}
2025-11-30T11:04:28.373843,POSITION_SIZE_CALCULATED,NESTLEIND-EQ,BUY,{"quantity": 21, "required_capital": 1958.122, "charges": 33.85}
2025-11-30T11:04:28.374302,CAPITAL_CHECK_PASSED,NESTLEIND-EQ,BUY,{"available_capital": 20000.0, "available_slots": 10}
2025-11-30T11:04:28.375079,ORDER_PLACING,NESTLEIND-EQ,BUY,{"quantity": 21, "price": 458.16, "order_type": "MARKET"}
2025-11-30T11:04:28.377284,ORDER_PLACEMENT_FAILED,NESTLEIND-EQ,BUY,{"reason": "Broker API call failed", "detailed_reason": "Broker API error: Broker API call failed", "rejection_type": "API_ERROR", "quantity": 21, "capital_released": 1958.122}
2025-11-30T11:04:29.879702,ALERT_RECEIVED,AXISBANK-EQ,BUY,{"price": 1860.63, "confidence": null, "score": null}
2025-11-30T11:04:29.880535,VALIDATION_PASSED,AXISBANK-EQ,BUY,{"price": 1860.63, "confidence": null, "score": null}
2025-11-30T11:04:29.882038,ANALYTICS_APPROVED,AXISBANK-EQ,BUY,{"tv_score": null, "analytics_signal": "ERROR_FALLBACK"}
2025-11-30T11:04:29.883135,POSITION_SIZE_CALCULATED,AXISBANK-EQ,BUY,{"quantity": 5, "required_capital": 1894.1400000000003, "charges": 33.51}
2025-11-30T11:04:29.883512,CAPITAL_CHECK_PASSED,AXISBANK-EQ,BUY,{"available_capital": 20000.0, "available_slots": 10}
2025-11-30T11:04:29.884261,ORDER_PLACING,AXISBANK-EQ,BUY,{"quantity": 5, "price": 1860.63, "order_type": "MARKET"}
2025-11-30T11:04:29.888803,ORDER_PLACEMENT_FAILED,AXISBANK-EQ,BUY,{"reason": "Broker API call failed", "detailed_reason": "Broker API error: Broker API call failed", "rejection_type": "API_ERROR", "quantity": 5, "capital_released": 1894.1400000000003}
2025-11-30T11:04:31.391349,ALERT_RECEIVED,M&M-EQ,BUY,{"price": 1662.04, "confidence": null, "score": null}
2025-11-30T11:04:31.391792,VALIDATION_PASSED,M&M-EQ,BUY,{"price": 1662.04, "confidence": null, "score": null}
2025-11-30T11:04:31.392460,ANALYTICS_APPROVED,M&M-EQ,BUY,{"tv_score": null, "analytics_signal": "ERROR_FALLBACK"}
2025-11-30T11:04:31.394914,POSITION_SIZE_CALCULATED,M&M-EQ,BUY,{"quantity": 5, "required_capital": 1694.4900000000002, "charges": 32.45}
2025-11-30T11:04:31.395336,CAPITAL_CHECK_PASSED,M&M-EQ,BUY,{"available_capital": 20000.0, "available_slots": 10}
2025-11-30T11:04:31.396559,ORDER_PLACING,M&M-EQ,BUY,{"quantity": 5, "price": 1662.04, "order_type": "MARKET"}
2025-11-30T11:04:31.399847,ORDER_PLACEMENT_FAILED,M&M-EQ,BUY,{"reason": "Broker API call failed", "detailed_reason": "Broker API error: Broker API call failed", "rejection_type": "API_ERROR", "quantity": 5, "capital_released": 1694.4900000000002}
2025-11-30T11:04:32.902775,ALERT_RECEIVED,M&M-EQ,BUY,{"price": 1663.01, "confidence": null, "score": null}
2025-11-30T11:04:32.903691,VALIDATION_PASSED,M&M-EQ,BUY,{"price": 1663.01, "confidence": null, "score": null}
2025-11-30T11:04:32.905018,ANALYTICS_APPROVED,M&M-EQ,BUY,{"tv_score": null, "analytics_signal": "ERROR_FALLBACK"}
2025-11-30T11:04:32.906031,POSITION_SIZE_CALCULATED,M&M-EQ,BUY,{"quantity": 5, "required_capital": 1695.47, "charges": 32.46}
2025-11-30T11:04:32.906279,CAPITAL_CHECK_PASSED,M&M-EQ,BUY,{"available_capital": 20000.0, "available_slots": 10}
2025-11-30T11:04:32.907102,ORDER_PLACING,M&M-EQ,BUY,{"quantity": 5, "price": 1663.01, "order_type": "MARKET"}
2025-11-30T11:04:32.908620,ORDER_PLACEMENT_FAILED,M&M-EQ,BUY,{"reason": "Broker API call failed", "detailed_reason": "Broker API error: Broker API call failed", "rejection_type": "API_ERROR", "quantity": 5, "capital_released": 1695.47}
2025-11-30T11:04:34.411078,ALERT_RECEIVED,SUNPHARMA-EQ,BUY,{"price": 2287.13, "confidence": null, "score": null}
2025-11-30T11:04:34.411422,VALIDATION_PASSED,SUNPHARMA-EQ,BUY,{"price": 2287.13, "confidence": null, "score": null}
2025-11-30T11:04:34.412906,ANALYTICS_APPROVED,SUNPHARMA-EQ,BUY,{"tv_score": null, "analytics_signal": "ERROR_FALLBACK"}
2025-11-30T11:04:34.414106,POSITION_SIZE_CALCULATED,SUNPHARMA-EQ,BUY,{"quantity": 4, "required_capital": 1863.054, "charges": 33.35}
2025-11-30T11:04:34.414524,CAPITAL_CHECK_PASSED,SUNPHARMA-EQ,BUY,{"available_capital": 20000.0, "available_slots": 10}
2025-11-30T11:04:34.415600,ORDER_PLACING,SUNPHARMA-EQ,BUY,{"quantity": 4, "price": 2287.13, "order_type": "MARKET"}
2025-11-30T11:04:34.418929,ORDER_PLACEMENT_FAILED,SUNPHARMA-EQ,BUY,{"reason": "Broker API call failed", "detailed_reason": "Broker API error: Broker API call failed", "rejection_type": "API_ERROR", "quantity": 4, "capital_released": 1863.054}
2025-11-30T11:04:35.921269,ALERT_RECEIVED,M&M-EQ,BUY,{"price": 1662.89, "confidence": null, "score": null}
2025-11-30T11:04:35.921573,VALIDATION_PASSED,M&M-EQ,BUY,{"price": 1662.89, "confidence": null, "score": null}
2025-11-30T11:04:35.923130,ANALYTICS_APPROVED,M&M-EQ,BUY,{"tv_score": null, "analytics_signal": "ERROR_FALLBACK"}
2025-11-30T11:04:35.924181,POSITION_SIZE_CALCULATED,M&M-EQ,BUY,{"quantity": 5, "required_capital": 1695.3500000000004, "charges": 32.46}
2025-11-30T11:04:35.924662,CAPITAL_CHECK_PASSED,M&M-EQ,BUY,{"available_capital": 20000.0, "available_slots": 10}
2025-11-30T11:04:35.925526,ORDER_PLACING,M&M-EQ,BUY,{"quantity": 5, "price": 1662.89, "order_type": "MARKET"}
2025-11-30T11:04:35.926525,ORDER_PLACEMENT_FAILED,M&M-EQ,BUY,{"reason": "Broker API call failed", "detailed_reason": "Broker API error: Broker API call failed", "rejection_type": "API_ERROR", "quantity": 5, "capital_released": 1695.3500000000004}
2025-11-30T11:04:37.429204,ALERT_RECEIVED,SUNPHARMA-EQ,BUY,{"price": 2288.19, "confidence": null, "score": null}
2025-11-30T11:04:37.429775,VALIDATION_PASSED,SUNPHARMA-EQ,BUY,{"price": 2288.19, "confidence": null, "score": null}
2025-11-30T11:04:37.430469,ANALYTICS_APPROVED,SUNPHARMA-EQ,BUY,{"tv_score": null, "analytics_signal": "ERROR_FALLBACK"}
2025-11-30T11:04:37.432294,POSITION_SIZE_CALCULATED,SUNPHARMA-EQ,BUY,{"quantity": 4, "required_capital": 1863.902, "charges": 33.35}
2025-11-30T11:04:37.432763,CAPITAL_CHECK_PASSED,SUNPHARMA-EQ,BUY,{"available_capital": 20000.0, "available_slots": 10}
2025-11-30T11:04:37.433563,ORDER_PLACING,SUNPHARMA-EQ,BUY,{"quantity": 4, "price": 2288.19, "order_type": "MARKET"}
2025-11-30T11:04:37.434566,ORDER_PLACEMENT_FAILED,SUNPHARMA-EQ,BUY,{"reason": "Broker API call failed", "detailed_reason": "Broker API error: Broker API call failed", "rejection_type": "API_ERROR", "quantity": 4, "capital_released": 1863.902}
2025-11-30T11:04:38.937139,ALERT_RECEIVED,HDFC-EQ,BUY,{"price": 1111.29, "confidence": null, "score": null}
2025-11-30T11:04:38.937417,VALIDATION_PASSED,HDFC-EQ,BUY,{"price": 1111.29, "confidence": null, "score": null}
2025-11-30T11:04:38.938692,ANALYTICS_APPROVED,HDFC-EQ,BUY,{"tv_score": null, "analytics_signal": "ERROR_FALLBACK"}
2025-11-30T11:04:38.939715,POSITION_SIZE_CALCULATED,HDFC-EQ,BUY,{"quantity": 8, "required_capital": 1811.134, "charges": 33.07}
2025-11-30T11:04:38.940033,CAPITAL_CHECK_PASSED,HDFC-EQ,BUY,{"available_capital": 20000.0, "available_slots": 10}
2025-11-30T11:04:38.940877,ORDER_PLACING,HDFC-EQ,BUY,{"quantity": 8, "price": 1111.29, "order_type": "MARKET"}
2025-11-30T11:04:38.943730,ORDER_PLACEMENT_FAILED,HDFC-EQ,BUY,{"reason": "Broker API call failed", "detailed_reason": "Broker API error: Broker API call failed", "rejection_type": "API_ERROR", "quantity": 8, "capital_released": 1811.134}
2025-11-30T11:04:40.447959,ALERT_RECEIVED,BAJFINANCE-EQ,BUY,{"price": 128.77, "confidence": null, "score": null}
2025-11-30T11:04:40.448673,VALIDATION_PASSED,BAJFINANCE-EQ,BUY,{"price": 128.77, "confidence": null, "score": null}
2025-11-30T11:04:40.450515,ANALYTICS_APPROVED,BAJFINANCE-EQ,BUY,{"tv_score": null, "analytics_signal": "ERROR_FALLBACK"}
2025-11-30T11:04:40.452189,POSITION_SIZE_CALCULATED,BAJFINANCE-EQ,BUY,{"quantity": 76, "required_capital": 1991.334, "charges": 34.03}
2025-11-30T11:04:40.452444,CAPITAL_CHECK_PASSED,BAJFINANCE-EQ,BUY,{"available_capital": 20000.0, "available_slots": 10}
2025-11-30T11:04:40.454634,ORDER_PLACING,BAJFINANCE-EQ,BUY,{"quantity": 76, "price": 128.77, "order_type": "MARKET"}
2025-11-30T11:04:40.458404,ORDER_PLACEMENT_FAILED,BAJFINANCE-EQ,BUY,{"reason": "Broker API call failed", "detailed_reason": "Broker API error: Broker API call failed", "rejection_type": "API_ERROR", "quantity": 76, "capital_released": 1991.334}
2025-11-30T11:04:41.960917,ALERT_RECEIVED,BAJFINANCE-EQ,BUY,{"price": 128.33, "confidence": null, "score": null}
2025-11-30T11:04:41.961885,VALIDATION_PASSED,BAJFINANCE-EQ,BUY,{"price": 128.33, "confidence": null, "score": null}
2025-11-30T11:04:41.962951,ANALYTICS_APPROVED,BAJFINANCE-EQ,BUY,{"tv_score": null, "analytics_signal": "ERROR_FALLBACK"}
2025-11-30T11:04:41.963301,POSITION_SIZE_CALCULATED,BAJFINANCE-EQ,BUY,{"quantity": 76, "required_capital": 1984.6060000000004, "charges": 33.99}
2025-11-30T11:04:41.963432,CAPITAL_CHECK_PASSED,BAJFINANCE-EQ,BUY,{"available_capital": 20000.0, "available_slots": 10}
2025-11-30T11:04:41.964110,ORDER_PLACING,BAJFINANCE-EQ,BUY,{"quantity": 76, "price": 128.33, "order_type": "MARKET"}
2025-11-30T11:04:41.965216,ORDER_PLACEMENT_FAILED,BAJFINANCE-EQ,BUY,{"reason": "Broker API call failed", "detailed_reason": "Broker API error: Broker API call failed", "rejection_type": "API_ERROR", "quantity": 76, "capital_released": 1984.6060000000004}
2025-11-30T11:04:43.467802,ALERT_RECEIVED,HDFC-EQ,BUY,{"price": 1110.91, "confidence": null, "score": null}
2025-11-30T11:04:43.468189,VALIDATION_PASSED,HDFC-EQ,BUY,{"price": 1110.91, "confidence": null, "score": null}
2025-11-30T11:04:43.469260,ANALYTICS_APPROVED,HDFC-EQ,BUY,{"tv_score": null, "analytics_signal": "ERROR_FALLBACK"}
2025-11-30T11:04:43.470321,POSITION_SIZE_CALCULATED,HDFC-EQ,BUY,{"quantity": 8, "required_capital": 1810.526, "charges": 33.07}
2025-11-30T11:04:43.470731,CAPITAL_CHECK_PASSED,HDFC-EQ,BUY,{"available_capital": 20000.0, "available_slots": 10}
2025-11-30T11:04:43.471524,ORDER_PLACING,HDFC-EQ,BUY,{"quantity": 8, "price": 1110.91, "order_type": "MARKET"}
2025-11-30T11:04:43.472598,ORDER_PLACEMENT_FAILED,HDFC-EQ,BUY,{"reason": "Broker API call failed", "detailed_reason": "Broker API error: Broker API call failed", "rejection_type": "API_ERROR", "quantity": 8, "capital_released": 1810.526}
2025-11-30T11:04:44.975061,ALERT_RECEIVED,TITAN-EQ,BUY,{"price": 414.49, "confidence": null, "score": null}
2025-11-30T11:04:44.975333,VALIDATION_PASSED,TITAN-EQ,BUY,{"price": 414.49, "confidence": null, "score": null}
2025-11-30T11:04:44.979072,ANALYTICS_APPROVED,TITAN-EQ,BUY,{"tv_score": null, "analytics_signal": "ERROR_FALLBACK"}
2025-11-30T11:04:44.981334,POSITION_SIZE_CALCULATED,TITAN-EQ,BUY,{"quantity": 23, "required_capital": 1940.4140000000002, "charges": 33.76}
2025-11-30T11:04:44.982974,CAPITAL_CHECK_PASSED,TITAN-EQ,BUY,{"available_capital": 20000.0, "available_slots": 10}
2025-11-30T11:04:44.985973,ORDER_PLACING,TITAN-EQ,BUY,{"quantity": 23, "price": 414.49, "order_type": "MARKET"}
2025-11-30T11:04:44.992235,ORDER_PLACEMENT_FAILED,TITAN-EQ,BUY,{"reason": "Broker API call failed", "detailed_reason": "Broker API error: Broker API call failed", "rejection_type": "API_ERROR", "quantity": 23, "capital_released": 1940.4140000000002}
2025-11-30T11:04:46.494740,ALERT_RECEIVED,SUNPHARMA-EQ,BUY,{"price": 2287.97, "confidence": null, "score": null}
2025-11-30T11:04:46.495496,VALIDATION_PASSED,SUNPHARMA-EQ,BUY,{"price": 2287.97, "confidence": null, "score": null}
2025-11-30T11:04:46.497401,ANALYTICS_APPROVED,SUNPHARMA-EQ,BUY,{"tv_score": null, "analytics_signal": "ERROR_FALLBACK"}
2025-11-30T11:04:46.498959,POSITION_SIZE_CALCULATED,SUNPHARMA-EQ,BUY,{"quantity": 4, "required_capital": 1863.7259999999999, "charges": 33.35}
2025-11-30T11:04:46.499422,CAPITAL_CHECK_PASSED,SUNPHARMA-EQ,BUY,{"available_capital": 20000.0, "available_slots": 10}
2025-11-30T11:04:46.500727,ORDER_PLACING,SUNPHARMA-EQ,BUY,{"quantity": 4, "price": 2287.97, "order_type": "MARKET"}
2025-11-30T11:04:46.505007,ORDER_PLACEMENT_FAILED,SUNPHARMA-EQ,BUY,{"reason": "Broker API call failed", "detailed_reason": "Broker API error: Broker API call failed", "rejection_type": "API_ERROR", "quantity": 4, "capital_released": 1863.7259999999999}
2025-11-30T11:04:48.007241,ALERT_RECEIVED,AXISBANK-EQ,BUY,{"price": 1861.28, "confidence": null, "score": null}
2025-11-30T11:04:48.008138,VALIDATION_PASSED,AXISBANK-EQ,BUY,{"price": 1861.28, "confidence": null, "score": null}
2025-11-30T11:04:48.009406,ANALYTICS_APPROVED,AXISBANK-EQ,BUY,{"tv_score": null, "analytics_signal": "ERROR_FALLBACK"}
2025-11-30T11:04:48.010266,POSITION_SIZE_CALCULATED,AXISBANK-EQ,BUY,{"quantity": 5, "required_capital": 1894.8, "charges": 33.52}
2025-11-30T11:04:48.010697,CAPITAL_CHECK_PASSED,AXISBANK-EQ,BUY,{"available_capital": 20000.0, "available_slots": 10}
2025-11-30T11:04:48.011587,ORDER_PLACING,AXISBANK-EQ,BUY,{"quantity": 5, "price": 1861.28, "order_type": "MARKET"}
2025-11-30T11:04:48.014598,ORDER_PLACEMENT_FAILED,AXISBANK-EQ,BUY,{"reason": "Broker API call failed", "detailed_reason": "Broker API error: Broker API call failed", "rejection_type": "API_ERROR", "quantity": 5, "capital_released": 1894.8}
2025-11-30T11:04:49.517717,ALERT_RECEIVED,HDFC-EQ,BUY,{"price": 1110.67, "confidence": null, "score": null}
2025-11-30T11:04:49.518905,VALIDATION_PASSED,HDFC-EQ,BUY,{"price": 1110.67, "confidence": null, "score": null}
2025-11-30T11:04:49.520845,ANALYTICS_APPROVED,HDFC-EQ,BUY,{"tv_score": null, "analytics_signal": "ERROR_FALLBACK"}
2025-11-30T11:04:49.522401,POSITION_SIZE_CALCULATED,HDFC-EQ,BUY,{"quantity": 8, "required_capital": 1810.142, "charges": 33.07}
2025-11-30T11:04:49.523380,CAPITAL_CHECK_PASSED,HDFC-EQ,BUY,{"available_capital": 20000.0, "available_slots": 10}
2025-11-30T11:04:49.525117,ORDER_PLACING,HDFC-EQ,BUY,{"quantity": 8, "price": 1110.67, "order_type": "MARKET"}
2025-11-30T11:04:49.531476,ORDER_PLACEMENT_FAILED,HDFC-EQ,BUY,{"reason": "Broker API call failed", "detailed_reason": "Broker API error: Broker API call failed", "rejection_type": "API_ERROR", "quantity": 8, "capital_released": 1810.142}
2025-11-30T11:04:51.035081,ALERT_RECEIVED,TITAN-EQ,BUY,{"price": 415.44, "confidence": null, "score": null}
2025-11-30T11:04:51.035873,VALIDATION_PASSED,TITAN-EQ,BUY,{"price": 415.44, "confidence": null, "score": null}
2025-11-30T11:04:51.037000,ANALYTICS_APPROVED,TITAN-EQ,BUY,{"tv_score": null, "analytics_signal": "ERROR_FALLBACK"}
2025-11-30T11:04:51.038027,POSITION_SIZE_CALCULATED,TITAN-EQ,BUY,{"quantity": 23, "required_capital": 1944.8040000000003, "charges": 33.78}
2025-11-30T11:04:51.038336,CAPITAL_CHECK_PASSED,TITAN-EQ,BUY,{"available_capital": 20000.0, "available_slots": 10}
2025-11-30T11:04:51.038610,ORDER_PLACING,TITAN-EQ,BUY,{"quantity": 23, "price": 415.44, "order_type": "MARKET"}
2025-11-30T11:04:51.041515,ORDER_PLACEMENT_FAILED,TITAN-EQ,BUY,{"reason": "Broker API call failed", "detailed_reason": "Broker API error: Broker API call failed", "rejection_type": "API_ERROR", "quantity": 23, "capital_released": 1944.8040000000003}
2025-11-30T11:04:52.544881,ALERT_RECEIVED,LT-EQ,BUY,{"price": 1859.02, "confidence": null, "score": null}
2025-11-30T11:04:52.545168,VALIDATION_PASSED,LT-EQ,BUY,{"price": 1859.02, "confidence": null, "score": null}
2025-11-30T11:04:52.545614,ANALYTICS_APPROVED,LT-EQ,BUY,{"tv_score": null, "analytics_signal": "ERROR_FALLBACK"}
2025-11-30T11:04:52.547299,POSITION_SIZE_CALCULATED,LT-EQ,BUY,{"quantity": 5, "required_capital": 1892.5200000000002, "charges": 33.5}
2025-11-30T11:04:52.547632,CAPITAL_CHECK_PASSED,LT-EQ,BUY,{"available_capital": 20000.0, "available_slots": 10}
2025-11-30T11:04:52.548396,ORDER_PLACING,LT-EQ,BUY,{"quantity": 5, "price": 1859.02, "order_type": "MARKET"}
2025-11-30T11:04:52.550602,ORDER_PLACEMENT_FAILED,LT-EQ,BUY,{"reason": "Broker API call failed", "detailed_reason": "Broker API error: Broker API call failed", "rejection_type": "API_ERROR", "quantity": 5, "capital_released": 1892.5200000000002}
2025-11-30T11:04:54.053340,ALERT_RECEIVED,INFY-EQ,BUY,{"price": 1848.46, "confidence": null, "score": null}
2025-11-30T11:04:54.054310,VALIDATION_PASSED,INFY-EQ,BUY,{"price": 1848.46, "confidence": null, "score": null}
2025-11-30T11:04:54.055706,ANALYTICS_APPROVED,INFY-EQ,BUY,{"tv_score": null, "analytics_signal": "ERROR_FALLBACK"}
2025-11-30T11:04:54.056984,POSITION_SIZE_CALCULATED,INFY-EQ,BUY,{"quantity": 5, "required_capital": 1881.91, "charges": 33.45}
2025-11-30T11:04:54.057450,CAPITAL_CHECK_PASSED,INFY-EQ,BUY,{"available_capital": 20000.0, "available_slots": 10}
2025-11-30T11:04:54.058252,ORDER_PLACING,INFY-EQ,BUY,{"quantity": 5, "price": 1848.46, "order_type": "MARKET"}
2025-11-30T11:04:54.061254,ORDER_PLACEMENT_FAILED,INFY-EQ,BUY,{"reason": "Broker API call failed", "detailed_reason": "Broker API error: Broker API call failed", "rejection_type": "API_ERROR", "quantity": 5, "capital_released": 1881.91}
2025-11-30T11:04:55.565939,ALERT_RECEIVED,LT-EQ,BUY,{"price": 1858.9, "confidence": null, "score": null}
2025-11-30T11:04:55.566233,VALIDATION_PASSED,LT-EQ,BUY,{"price": 1858.9, "confidence": null, "score": null}
2025-11-30T11:04:55.568152,ANALYTICS_APPROVED,LT-EQ,BUY,{"tv_score": null, "analytics_signal": "ERROR_FALLBACK"}
2025-11-30T11:04:55.569942,POSITION_SIZE_CALCULATED,LT-EQ,BUY,{"quantity": 5, "required_capital": 1892.4, "charges": 33.5}
2025-11-30T11:04:55.570347,CAPITAL_CHECK_PASSED,LT-EQ,BUY,{"available_capital": 20000.0, "available_slots": 10}
2025-11-30T11:04:55.571895,ORDER_PLACING,LT-EQ,BUY,{"quantity": 5, "price": 1858.9, "order_type": "MARKET"}
2025-11-30T11:04:55.573818,ORDER_PLACEMENT_FAILED,LT-EQ,BUY,{"reason": "Broker API call failed", "detailed_reason": "Broker API error: Broker API call failed", "rejection_type": "API_ERROR", "quantity": 5, "capital_released": 1892.4}
2025-11-30T11:04:57.076298,ALERT_RECEIVED,ICICIBANK-EQ,BUY,{"price": 2130.42, "confidence": null, "score": null}
2025-11-30T11:04:57.076786,VALIDATION_PASSED,ICICIBANK-EQ,BUY,{"price": 2130.42, "confidence": null, "score": null}
2025-11-30T11:04:57.077312,ANALYTICS_APPROVED,ICICIBANK-EQ,BUY,{"tv_score": null, "analytics_signal": "ERROR_FALLBACK"}
2025-11-30T11:04:57.078316,POSITION_SIZE_CALCULATED,ICICIBANK-EQ,BUY,{"quantity": 4, "required_capital": 1737.0160000000003, "charges": 32.68}
2025-11-30T11:04:57.078765,CAPITAL_CHECK_PASSED,ICICIBANK-EQ,BUY,{"available_capital": 20000.0, "available_slots": 10}
2025-11-30T11:04:57.079535,ORDER_PLACING,ICICIBANK-EQ,BUY,{"quantity": 4, "price": 2130.42, "order_type": "MARKET"}
2025-11-30T11:04:57.081808,ORDER_PLACEMENT_FAILED,ICICIBANK-EQ,BUY,{"reason": "Broker API call failed", "detailed_reason": "Broker API error: Broker API call failed", "rejection_type": "API_ERROR", "quantity": 4, "capital_released": 1737.0160000000003}
2025-11-30T11:04:58.584328,ALERT_RECEIVED,ICICIBANK-EQ,BUY,{"price": 2130.5, "confidence": null, "score": null}
2025-11-30T11:04:58.584858,VALIDATION_PASSED,ICICIBANK-EQ,BUY,{"price": 2130.5, "confidence": null, "score": null}
2025-11-30T11:04:58.585390,ANALYTICS_APPROVED,ICICIBANK-EQ,BUY,{"tv_score": null, "analytics_signal": "ERROR_FALLBACK"}
2025-11-30T11:04:58.586618,POSITION_SIZE_CALCULATED,ICICIBANK-EQ,BUY,{"quantity": 4, "required_capital": 1737.0800000000002, "charges": 32.68}
2025-11-30T11:04:58.587043,CAPITAL_CHECK_PASSED,ICICIBANK-EQ,BUY,{"available_capital": 20000.0, "available_slots": 10}
2025-11-30T11:04:58.587853,ORDER_PLACING,ICICIBANK-EQ,BUY,{"quantity": 4, "price": 2130.5, "order_type": "MARKET"}
2025-11-30T11:04:58.588981,ORDER_PLACEMENT_FAILED,ICICIBANK-EQ,BUY,{"reason": "Broker API call failed", "detailed_reason": "Broker API error: Broker API call failed", "rejection_type": "API_ERROR", "quantity": 4, "capital_released": 1737.0800000000002}
2025-11-30T11:05:00.091504,ALERT_RECEIVED,HDFCBANK-EQ,BUY,{"price": 727.48, "confidence": null, "score": null}
2025-11-30T11:05:00.091974,VALIDATION_PASSED,HDFCBANK-EQ,BUY,{"price": 727.48, "confidence": null, "score": null}
2025-11-30T11:05:00.093982,ANALYTICS_APPROVED,HDFCBANK-EQ,BUY,{"tv_score": null, "analytics_signal": "ERROR_FALLBACK"}
2025-11-30T11:05:00.095581,POSITION_SIZE_CALCULATED,HDFCBANK-EQ,BUY,{"quantity": 13, "required_capital": 1925.1280000000002, "charges": 33.68}
2025-11-30T11:05:00.096151,CAPITAL_CHECK_PASSED,HDFCBANK-EQ,BUY,{"available_capital": 20000.0, "available_slots": 10}
2025-11-30T11:05:00.097464,ORDER_PLACING,HDFCBANK-EQ,BUY,{"quantity": 13, "price": 727.48, "order_type": "MARKET"}
2025-11-30T11:05:00.102723,ORDER_PLACEMENT_FAILED,HDFCBANK-EQ,BUY,{"reason": "Broker API call failed", "detailed_reason": "Broker API error: Broker API call failed", "rejection_type": "API_ERROR", "quantity": 13, "capital_released": 1925.1280000000002}
2025-11-30T11:05:01.606489,ALERT_RECEIVED,ICICIBANK-EQ,BUY,{"price": 2130.48, "confidence": null, "score": null}
2025-11-30T11:05:01.608018,VALIDATION_PASSED,ICICIBANK-EQ,BUY,{"price": 2130.48, "confidence": null, "score": null}
2025-11-30T11:05:01.612937,ANALYTICS_APPROVED,ICICIBANK-EQ,BUY,{"tv_score": null, "analytics_signal": "ERROR_FALLBACK"}
2025-11-30T11:05:01.624554,POSITION_SIZE_CALCULATED,ICICIBANK-EQ,BUY,{"quantity": 4, "required_capital": 1737.064, "charges": 32.68}
2025-11-30T11:05:01.628344,CAPITAL_CHECK_PASSED,ICICIBANK-EQ,BUY,{"available_capital": 20000.0, "available_slots": 10}
2025-11-30T11:05:01.639486,ORDER_PLACING,ICICIBANK-EQ,BUY,{"quantity": 4, "price": 2130.48, "order_type": "MARKET"}
2025-11-30T11:05:01.652000,ORDER_PLACEMENT_FAILED,ICICIBANK-EQ,BUY,{"reason": "Broker API call failed", "detailed_reason": "Broker API error: Broker API call failed", "rejection_type": "API_ERROR", "quantity": 4, "capital_released": 1737.064}
2025-11-30T11:05:03.159208,ALERT_RECEIVED,AXISBANK-EQ,BUY,{"price": 1860.26, "confidence": null, "score": null}
2025-11-30T11:05:03.161214,VALIDATION_PASSED,AXISBANK-EQ,BUY,{"price": 1860.26, "confidence": null, "score": null}
2025-11-30T11:05:03.164552,ANALYTICS_APPROVED,AXISBANK-EQ,BUY,{"tv_score": null, "analytics_signal": "ERROR_FALLBACK"}
2025-11-30T11:05:03.171370,POSITION_SIZE_CALCULATED,AXISBANK-EQ,BUY,{"quantity": 5, "required_capital": 1893.77, "charges": 33.51}
2025-11-30T11:05:03.174815,CAPITAL_CHECK_PASSED,AXISBANK-EQ,BUY,{"available_capital": 20000.0, "available_slots": 10}
2025-11-30T11:05:03.178600,ORDER_PLACING,AXISBANK-EQ,BUY,{"quantity": 5, "price": 1860.26, "order_type": "MARKET"}
2025-11-30T11:05:03.189287,ORDER_PLACEMENT_FAILED,AXISBANK-EQ,BUY,{"reason": "Broker API call failed", "detailed_reason": "Broker API error: Broker API call failed", "rejection_type": "API_ERROR", "quantity": 5, "capital_released": 1893.77}
2025-11-30T11:05:04.694483,ALERT_RECEIVED,INFY-EQ,BUY,{"price": 1847.86, "confidence": null, "score": null}
2025-11-30T11:05:04.696068,VALIDATION_PASSED,INFY-EQ,BUY,{"price": 1847.86, "confidence": null, "score": null}
2025-11-30T11:05:04.698247,ANALYTICS_APPROVED,INFY-EQ,BUY,{"tv_score": null, "analytics_signal": "ERROR_FALLBACK"}
2025-11-30T11:05:04.700908,POSITION_SIZE_CALCULATED,INFY-EQ,BUY,{"quantity": 5, "required_capital": 1881.3, "charges": 33.44}
2025-11-30T11:05:04.701627,CAPITAL_CHECK_PASSED,INFY-EQ,BUY,{"available_capital": 20000.0, "available_slots": 10}
2025-11-30T11:05:04.703417,ORDER_PLACING,INFY-EQ,BUY,{"quantity": 5, "price": 1847.86, "order_type": "MARKET"}
2025-11-30T11:05:04.717050,ORDER_PLACEMENT_FAILED,INFY-EQ,BUY,{"reason": "Broker API call failed", "detailed_reason": "Broker API error: Broker API call failed", "rejection_type": "API_ERROR", "quantity": 5, "capital_released": 1881.3}
2025-11-30T11:09:43.681251,ALERT_RECEIVED,ICICIBANK-EQ,BUY,{"price": 2039.51, "confidence": null, "score": null}
2025-11-30T11:09:43.681981,VALIDATION_PASSED,ICICIBANK-EQ,BUY,{"price": 2039.51, "confidence": null, "score": null}
2025-11-30T11:09:43.682547,ANALYTICS_APPROVED,ICICIBANK-EQ,BUY,{"tv_score": null, "analytics_signal": "ERROR_FALLBACK"}
2025-11-30T11:09:43.684029,POSITION_SIZE_CALCULATED,ICICIBANK-EQ,BUY,{"quantity": 4, "required_capital": 1663.8980000000001, "charges": 32.29}
2025-11-30T11:09:43.684204,CAPITAL_CHECK_PASSED,ICICIBANK-EQ,BUY,{"available_capital": 20000.0, "available_slots": 10}
2025-11-30T11:09:43.684483,ORDER_PLACING,ICICIBANK-EQ,BUY,{"quantity": 4, "price": 2039.51, "order_type": "MARKET"}
2025-11-30T11:09:43.713871,ORDER_PLACEMENT_FAILED,ICICIBANK-EQ,BUY,{"reason": "Broker API call failed", "detailed_reason": "Broker API error: Broker API call failed", "rejection_type": "API_ERROR", "quantity": 4, "capital_released": 1663.8980000000001}
2025-11-30T11:09:45.216145,ALERT_RECEIVED,SBIN-EQ,BUY,{"price": 2223.57, "confidence": null, "score": null}
2025-11-30T11:09:45.216825,VALIDATION_PASSED,SBIN-EQ,BUY,{"price": 2223.57, "confidence": null, "score": null}
2025-11-30T11:09:45.217381,ANALYTICS_APPROVED,SBIN-EQ,BUY,{"tv_score": null, "analytics_signal": "ERROR_FALLBACK"}
2025-11-30T11:09:45.217931,POSITION_SIZE_CALCULATED,SBIN-EQ,BUY,{"quantity": 4, "required_capital": 1811.9360000000001, "charges": 33.08}
2025-11-30T11:09:45.218210,CAPITAL_CHECK_PASSED,SBIN-EQ,BUY,{"available_capital": 20000.0, "available_slots": 10}
2025-11-30T11:09:45.218555,ORDER_PLACING,SBIN-EQ,BUY,{"quantity": 4, "price": 2223.57, "order_type": "MARKET"}
2025-11-30T11:09:45.219890,ORDER_PLACEMENT_FAILED,SBIN-EQ,BUY,{"reason": "Broker API call failed", "detailed_reason": "Broker API error: Broker API call failed", "rejection_type": "API_ERROR", "quantity": 4, "capital_released": 1811.9360000000001}
2025-11-30T11:09:46.722298,ALERT_RECEIVED,BAJFINANCE-EQ,BUY,{"price": 1703.58, "confidence": null, "score": null}
2025-11-30T11:09:46.722693,VALIDATION_PASSED,BAJFINANCE-EQ,BUY,{"price": 1703.58, "confidence": null, "score": null}
2025-11-30T11:09:46.723332,ANALYTICS_APPROVED,BAJFINANCE-EQ,BUY,{"tv_score": null, "analytics_signal": "ERROR_FALLBACK"}
2025-11-30T11:09:46.723634,POSITION_SIZE_CALCULATED,BAJFINANCE-EQ,BUY,{"quantity": 5, "required_capital": 1736.26, "charges": 32.68}
2025-11-30T11:09:46.724179,CAPITAL_CHECK_PASSED,BAJFINANCE-EQ,BUY,{"available_capital": 20000.0, "available_slots": 10}
2025-11-30T11:09:46.724758,ORDER_PLACING,BAJFINANCE-EQ,BUY,{"quantity": 5, "price": 1703.58, "order_type": "MARKET"}
2025-11-30T11:09:46.726027,ORDER_PLACEMENT_FAILED,BAJFINANCE-EQ,BUY,{"reason": "Broker API call failed", "detailed_reason": "Broker API error: Broker API call failed", "rejection_type": "API_ERROR", "quantity": 5, "capital_released": 1736.26}
2025-11-30T11:09:48.228404,ALERT_RECEIVED,KOTAKBANK-EQ,BUY,{"price": 151.41, "confidence": null, "score": null}
2025-11-30T11:09:48.228972,VALIDATION_PASSED,KOTAKBANK-EQ,BUY,{"price": 151.41, "confidence": null, "score": null}
2025-11-30T11:09:48.229403,ANALYTICS_APPROVED,KOTAKBANK-EQ,BUY,{"tv_score": null, "analytics_signal": "ERROR_FALLBACK"}
2025-11-30T11:09:48.230287,POSITION_SIZE_CALCULATED,KOTAKBANK-EQ,BUY,{"quantity": 64, "required_capital": 1971.968, "charges": 33.92}
2025-11-30T11:09:48.230480,CAPITAL_CHECK_PASSED,KOTAKBANK-EQ,BUY,{"available_capital": 20000.0, "available_slots": 10}
2025-11-30T11:09:48.230824,ORDER_PLACING,KOTAKBANK-EQ,BUY,{"quantity": 64, "price": 151.41, "order_type": "MARKET"}
2025-11-30T11:09:48.236776,ORDER_PLACEMENT_FAILED,KOTAKBANK-EQ,BUY,{"reason": "Broker API call failed", "detailed_reason": "Broker API error: Broker API call failed", "rejection_type": "API_ERROR", "quantity": 64, "capital_released": 1971.968}
2025-11-30T11:09:49.739732,ALERT_RECEIVED,MARUTI-EQ,BUY,{"price": 854.02, "confidence": null, "score": null}
2025-11-30T11:09:49.740001,VALIDATION_PASSED,MARUTI-EQ,BUY,{"price": 854.02, "confidence": null, "score": null}
2025-11-30T11:09:49.740596,ANALYTICS_APPROVED,MARUTI-EQ,BUY,{"tv_score": null, "analytics_signal": "ERROR_FALLBACK"}
2025-11-30T11:09:49.741960,POSITION_SIZE_CALCULATED,MARUTI-EQ,BUY,{"quantity": 11, "required_capital": 1912.454, "charges": 33.61}
2025-11-30T11:09:49.742282,CAPITAL_CHECK_PASSED,MARUTI-EQ,BUY,{"available_capital": 20000.0, "available_slots": 10}
2025-11-30T11:09:49.742570,ORDER_PLACING,MARUTI-EQ,BUY,{"quantity": 11, "price": 854.02, "order_type": "MARKET"}
2025-11-30T11:09:49.743914,ORDER_PLACEMENT_FAILED,MARUTI-EQ,BUY,{"reason": "Broker API call failed", "detailed_reason": "Broker API error: Broker API call failed", "rejection_type": "API_ERROR", "quantity": 11, "capital_released": 1912.454}
2025-11-30T11:09:51.246254,ALERT_RECEIVED,ITC-EQ,BUY,{"price": 773.43, "confidence": null, "score": null}
2025-11-30T11:09:51.246636,VALIDATION_PASSED,ITC-EQ,BUY,{"price": 773.43, "confidence": null, "score": null}
2025-11-30T11:09:51.247119,ANALYTICS_APPROVED,ITC-EQ,BUY,{"tv_score": null, "analytics_signal": "ERROR_FALLBACK"}
2025-11-30T11:09:51.247431,POSITION_SIZE_CALCULATED,ITC-EQ,BUY,{"quantity": 12, "required_capital": 1889.722, "charges": 33.49}
2025-11-30T11:09:51.247552,CAPITAL_CHECK_PASSED,ITC-EQ,BUY,{"available_capital": 20000.0, "available_slots": 10}
2025-11-30T11:09:51.248333,ORDER_PLACING,ITC-EQ,BUY,{"quantity": 12, "price": 773.43, "order_type": "MARKET"}
2025-11-30T11:09:51.249297,ORDER_PLACEMENT_FAILED,ITC-EQ,BUY,{"reason": "Broker API call failed", "detailed_reason": "Broker API error: Broker API call failed", "rejection_type": "API_ERROR", "quantity": 12, "capital_released": 1889.722}
2025-11-30T11:09:52.751790,ALERT_RECEIVED,BAJFINANCE-EQ,BUY,{"price": 1704.07, "confidence": null, "score": null}
2025-11-30T11:09:52.752219,VALIDATION_PASSED,BAJFINANCE-EQ,BUY,{"price": 1704.07, "confidence": null, "score": null}
2025-11-30T11:09:52.753472,ANALYTICS_APPROVED,BAJFINANCE-EQ,BUY,{"tv_score": null, "analytics_signal": "ERROR_FALLBACK"}
2025-11-30T11:09:52.754700,POSITION_SIZE_CALCULATED,BAJFINANCE-EQ,BUY,{"quantity": 5, "required_capital": 1736.7500000000002, "charges": 32.68}
2025-11-30T11:09:52.755185,CAPITAL_CHECK_PASSED,BAJFINANCE-EQ,BUY,{"available_capital": 20000.0, "available_slots": 10}
2025-11-30T11:09:52.755609,ORDER_PLACING,BAJFINANCE-EQ,BUY,{"quantity": 5, "price": 1704.07, "order_type": "MARKET"}
2025-11-30T11:09:52.756605,ORDER_PLACEMENT_FAILED,BAJFINANCE-EQ,BUY,{"reason": "Broker API call failed", "detailed_reason": "Broker API error: Broker API call failed", "rejection_type": "API_ERROR", "quantity": 5, "capital_released": 1736.7500000000002}
2025-11-30T11:09:54.259418,ALERT_RECEIVED,TITAN-EQ,BUY,{"price": 968.79, "confidence": null, "score": null}
2025-11-30T11:09:54.259867,VALIDATION_PASSED,TITAN-EQ,BUY,{"price": 968.79, "confidence": null, "score": null}
2025-11-30T11:09:54.260296,ANALYTICS_APPROVED,TITAN-EQ,BUY,{"tv_score": null, "analytics_signal": "ERROR_FALLBACK"}
2025-11-30T11:09:54.261519,POSITION_SIZE_CALCULATED,TITAN-EQ,BUY,{"quantity": 10, "required_capital": 1971.5, "charges": 33.92}
2025-11-30T11:09:54.261801,CAPITAL_CHECK_PASSED,TITAN-EQ,BUY,{"available_capital": 20000.0, "available_slots": 10}
2025-11-30T11:09:54.262093,ORDER_PLACING,TITAN-EQ,BUY,{"quantity": 10, "price": 968.79, "order_type": "MARKET"}
2025-11-30T11:09:54.263537,ORDER_PLACEMENT_FAILED,TITAN-EQ,BUY,{"reason": "Broker API call failed", "detailed_reason": "Broker API error: Broker API call failed", "rejection_type": "API_ERROR", "quantity": 10, "capital_released": 1971.5}
2025-11-30T11:09:55.765861,ALERT_RECEIVED,ITC-EQ,BUY,{"price": 773.47, "confidence": null, "score": null}
2025-11-30T11:09:55.766363,VALIDATION_PASSED,ITC-EQ,BUY,{"price": 773.47, "confidence": null, "score": null}
2025-11-30T11:09:55.767063,ANALYTICS_APPROVED,ITC-EQ,BUY,{"tv_score": null, "analytics_signal": "ERROR_FALLBACK"}
2025-11-30T11:09:55.767441,POSITION_SIZE_CALCULATED,ITC-EQ,BUY,{"quantity": 12, "required_capital": 1889.818, "charges": 33.49}
2025-11-30T11:09:55.767571,CAPITAL_CHECK_PASSED,ITC-EQ,BUY,{"available_capital": 20000.0, "available_slots": 10}
2025-11-30T11:09:55.768243,ORDER_PLACING,ITC-EQ,BUY,{"quantity": 12, "price": 773.47, "order_type": "MARKET"}
2025-11-30T11:09:55.768822,ORDER_PLACEMENT_FAILED,ITC-EQ,BUY,{"reason": "Broker API call failed", "detailed_reason": "Broker API error: Broker API call failed", "rejection_type": "API_ERROR", "quantity": 12, "capital_released": 1889.818}
2025-11-30T11:09:57.272401,ALERT_RECEIVED,BAJFINANCE-EQ,BUY,{"price": 1703.72, "confidence": null, "score": null}
2025-11-30T11:09:57.274896,VALIDATION_PASSED,BAJFINANCE-EQ,BUY,{"price": 1703.72, "confidence": null, "score": null}
2025-11-30T11:09:57.275381,ANALYTICS_APPROVED,BAJFINANCE-EQ,BUY,{"tv_score": null, "analytics_signal": "ERROR_FALLBACK"}
2025-11-30T11:09:57.276154,POSITION_SIZE_CALCULATED,BAJFINANCE-EQ,BUY,{"quantity": 5, "required_capital": 1736.4000000000003, "charges": 32.68}
2025-11-30T11:09:57.277773,CAPITAL_CHECK_PASSED,BAJFINANCE-EQ,BUY,{"available_capital": 20000.0, "available_slots": 10}
2025-11-30T11:09:57.278078,ORDER_PLACING,BAJFINANCE-EQ,BUY,{"quantity": 5, "price": 1703.72, "order_type": "MARKET"}
2025-11-30T11:09:57.278454,ORDER_PLACEMENT_FAILED,BAJFINANCE-EQ,BUY,{"reason": "Broker API call failed", "detailed_reason": "Broker API error: Broker API call failed", "rejection_type": "API_ERROR", "quantity": 5, "capital_released": 1736.4000000000003}
2025-11-30T11:09:58.780132,ALERT_RECEIVED,NTPC-EQ,BUY,{"price": 695.14, "confidence": null, "score": null}
2025-11-30T11:09:58.781973,VALIDATION_PASSED,NTPC-EQ,BUY,{"price": 695.14, "confidence": null, "score": null}
2025-11-30T11:09:58.782477,ANALYTICS_APPROVED,NTPC-EQ,BUY,{"tv_score": null, "analytics_signal": "ERROR_FALLBACK"}
2025-11-30T11:09:58.783298,POSITION_SIZE_CALCULATED,NTPC-EQ,BUY,{"quantity": 14, "required_capital": 1980.3619999999999, "charges": 33.97}
2025-11-30T11:09:58.784795,CAPITAL_CHECK_PASSED,NTPC-EQ,BUY,{"available_capital": 20000.0, "available_slots": 10}
2025-11-30T11:09:58.785102,ORDER_PLACING,NTPC-EQ,BUY,{"quantity": 14, "price": 695.14, "order_type": "MARKET"}
2025-11-30T11:09:58.788390,ORDER_PLACEMENT_FAILED,NTPC-EQ,BUY,{"reason": "Broker API call failed", "detailed_reason": "Broker API error: Broker API call failed", "rejection_type": "API_ERROR", "quantity": 14, "capital_released": 1980.3619999999999}
2025-11-30T11:10:00.290926,ALERT_RECEIVED,M&M-EQ,BUY,{"price": 1872.63, "confidence": null, "score": null}
2025-11-30T11:10:00.291468,VALIDATION_PASSED,M&M-EQ,BUY,{"price": 1872.63, "confidence": null, "score": null}
2025-11-30T11:10:00.292199,ANALYTICS_APPROVED,M&M-EQ,BUY,{"tv_score": null, "analytics_signal": "ERROR_FALLBACK"}
2025-11-30T11:10:00.292870,POSITION_SIZE_CALCULATED,M&M-EQ,BUY,{"quantity": 5, "required_capital": 1906.2100000000003, "charges": 33.58}
2025-11-30T11:10:00.293261,CAPITAL_CHECK_PASSED,M&M-EQ,BUY,{"available_capital": 20000.0, "available_slots": 10}
2025-11-30T11:10:00.293723,ORDER_PLACING,M&M-EQ,BUY,{"quantity": 5, "price": 1872.63, "order_type": "MARKET"}
2025-11-30T11:10:00.294591,ORDER_PLACEMENT_FAILED,M&M-EQ,BUY,{"reason": "Broker API call failed", "detailed_reason": "Broker API error: Broker API call failed", "rejection_type": "API_ERROR", "quantity": 5, "capital_released": 1906.2100000000003}
2025-11-30T11:10:01.797229,ALERT_RECEIVED,ITC-EQ,BUY,{"price": 773.07, "confidence": null, "score": null}
2025-11-30T11:10:01.798055,VALIDATION_PASSED,ITC-EQ,BUY,{"price": 773.07, "confidence": null, "score": null}
2025-11-30T11:10:01.799082,ANALYTICS_APPROVED,ITC-EQ,BUY,{"tv_score": null, "analytics_signal": "ERROR_FALLBACK"}
2025-11-30T11:10:01.800097,POSITION_SIZE_CALCULATED,ITC-EQ,BUY,{"quantity": 12, "required_capital": 1888.8480000000002, "charges": 33.48}
2025-11-30T11:10:01.800824,CAPITAL_CHECK_PASSED,ITC-EQ,BUY,{"available_capital": 20000.0, "available_slots": 10}
2025-11-30T11:10:01.801833,ORDER_PLACING,ITC-EQ,BUY,{"quantity": 12, "price": 773.07, "order_type": "MARKET"}
2025-11-30T11:10:01.803927,ORDER_PLACEMENT_FAILED,ITC-EQ,BUY,{"reason": "Broker API call failed", "detailed_reason": "Broker API error: Broker API call failed", "rejection_type": "API_ERROR", "quantity": 12, "capital_released": 1888.8480000000002}
2025-11-30T11:10:03.306674,ALERT_RECEIVED,INFY-EQ,BUY,{"price": 2333.26, "confidence": null, "score": null}
2025-11-30T11:10:03.307411,VALIDATION_PASSED,INFY-EQ,BUY,{"price": 2333.26, "confidence": null, "score": null}
2025-11-30T11:10:03.308355,ANALYTICS_APPROVED,INFY-EQ,BUY,{"tv_score": null, "analytics_signal": "ERROR_FALLBACK"}
2025-11-30T11:10:03.309606,POSITION_SIZE_CALCULATED,INFY-EQ,BUY,{"quantity": 4, "required_capital": 1900.1480000000001, "charges": 33.54}
2025-11-30T11:10:03.309930,CAPITAL_CHECK_PASSED,INFY-EQ,BUY,{"available_capital": 20000.0, "available_slots": 10}
2025-11-30T11:10:03.310384,ORDER_PLACING,INFY-EQ,BUY,{"quantity": 4, "price": 2333.26, "order_type": "MARKET"}
2025-11-30T11:10:03.312936,ORDER_PLACEMENT_FAILED,INFY-EQ,BUY,{"reason": "Broker API call failed", "detailed_reason": "Broker API error: Broker API call failed", "rejection_type": "API_ERROR", "quantity": 4, "capital_released": 1900.1480000000001}
2025-11-30T11:10:04.815175,ALERT_RECEIVED,AXISBANK-EQ,BUY,{"price": 1574.41, "confidence": null, "score": null}
2025-11-30T11:10:04.816591,VALIDATION_PASSED,AXISBANK-EQ,BUY,{"price": 1574.41, "confidence": null, "score": null}
2025-11-30T11:10:04.818297,ANALYTICS_APPROVED,AXISBANK-EQ,BUY,{"tv_score": null, "analytics_signal": "ERROR_FALLBACK"}
2025-11-30T11:10:04.821237,POSITION_SIZE_CALCULATED,AXISBANK-EQ,BUY,{"quantity": 6, "required_capital": 1922.9620000000004, "charges": 33.67}
2025-11-30T11:10:04.823332,CAPITAL_CHECK_PASSED,AXISBANK-EQ,BUY,{"available_capital": 20000.0, "available_slots": 10}
2025-11-30T11:10:04.825823,ORDER_PLACING,AXISBANK-EQ,BUY,{"quantity": 6, "price": 1574.41, "order_type": "MARKET"}
2025-11-30T11:10:04.830933,ORDER_PLACEMENT_FAILED,AXISBANK-EQ,BUY,{"reason": "Broker API call failed", "detailed_reason": "Broker API error: Broker API call failed", "rejection_type": "API_ERROR", "quantity": 6, "capital_released": 1922.9620000000004}
2025-11-30T11:10:06.333954,ALERT_RECEIVED,INFY-EQ,BUY,{"price": 2334.08, "confidence": null, "score": null}
2025-11-30T11:10:06.334320,VALIDATION_PASSED,INFY-EQ,BUY,{"price": 2334.08, "confidence": null, "score": null}
2025-11-30T11:10:06.338222,ANALYTICS_APPROVED,INFY-EQ,BUY,{"tv_score": null, "analytics_signal": "ERROR_FALLBACK"}
2025-11-30T11:10:06.339194,POSITION_SIZE_CALCULATED,INFY-EQ,BUY,{"quantity": 4, "required_capital": 1900.814, "charges": 33.55}
2025-11-30T11:10:06.339450,CAPITAL_CHECK_PASSED,INFY-EQ,BUY,{"available_capital": 20000.0, "available_slots": 10}
2025-11-30T11:10:06.343179,ORDER_PLACING,INFY-EQ,BUY,{"quantity": 4, "price": 2334.08, "order_type": "MARKET"}
2025-11-30T11:10:06.343908,ORDER_PLACEMENT_FAILED,INFY-EQ,BUY,{"reason": "Broker API call failed", "detailed_reason": "Broker API error: Broker API call failed", "rejection_type": "API_ERROR", "quantity": 4, "capital_released": 1900.814}
2025-11-30T11:12:05.197178,ALERT_RECEIVED,ULTRACEMCO-EQ,BUY,{"price": 810.42, "confidence": null, "score": null}
2025-11-30T11:12:05.197816,VALIDATION_PASSED,ULTRACEMCO-EQ,BUY,{"price": 810.42, "confidence": null, "score": null}
2025-11-30T11:12:05.198257,ANALYTICS_APPROVED,ULTRACEMCO-EQ,BUY,{"tv_score": null, "analytics_signal": "ERROR_FALLBACK"}
2025-11-30T11:12:05.198632,POSITION_SIZE_CALCULATED,ULTRACEMCO-EQ,BUY,{"quantity": 12, "required_capital": 1978.9679999999998, "charges": 33.96}
2025-11-30T11:12:05.199430,CAPITAL_CHECK_PASSED,ULTRACEMCO-EQ,BUY,{"available_capital": 20000.0, "available_slots": 10}
2025-11-30T11:12:05.199987,ORDER_PLACING,ULTRACEMCO-EQ,BUY,{"quantity": 12, "price": 810.42, "order_type": "MARKET"}
2025-11-30T11:12:05.225833,ORDER_PLACEMENT_FAILED,ULTRACEMCO-EQ,BUY,{"reason": "Broker API call failed", "detailed_reason": "Broker API error: Broker API call failed", "rejection_type": "API_ERROR", "quantity": 12, "capital_released": 1978.9679999999998}
2025-11-30T11:12:06.728142,ALERT_RECEIVED,ONGC-EQ,BUY,{"price": 1194.29, "confidence": null, "score": null}
2025-11-30T11:12:06.728579,VALIDATION_PASSED,ONGC-EQ,BUY,{"price": 1194.29, "confidence": null, "score": null}
2025-11-30T11:12:06.729196,ANALYTICS_APPROVED,ONGC-EQ,BUY,{"tv_score": null, "analytics_signal": "ERROR_FALLBACK"}
2025-11-30T11:12:06.729512,POSITION_SIZE_CALCULATED,ONGC-EQ,BUY,{"quantity": 8, "required_capital": 1944.644, "charges": 33.78}
2025-11-30T11:12:06.729640,CAPITAL_CHECK_PASSED,ONGC-EQ,BUY,{"available_capital": 20000.0, "available_slots": 10}
2025-11-30T11:12:06.730692,ORDER_PLACING,ONGC-EQ,BUY,{"quantity": 8, "price": 1194.29, "order_type": "MARKET"}
2025-11-30T11:12:06.732183,ORDER_PLACEMENT_FAILED,ONGC-EQ,BUY,{"reason": "Broker API call failed", "detailed_reason": "Broker API error: Broker API call failed", "rejection_type": "API_ERROR", "quantity": 8, "capital_released": 1944.644}
2025-11-30T11:12:08.234715,ALERT_RECEIVED,LT-EQ,BUY,{"price": 1045.15, "confidence": null, "score": null}
2025-11-30T11:12:08.235217,VALIDATION_PASSED,LT-EQ,BUY,{"price": 1045.15, "confidence": null, "score": null}
2025-11-30T11:12:08.235869,ANALYTICS_APPROVED,LT-EQ,BUY,{"tv_score": null, "analytics_signal": "ERROR_FALLBACK"}
2025-11-30T11:12:08.236575,POSITION_SIZE_CALCULATED,LT-EQ,BUY,{"quantity": 9, "required_capital": 1914.89, "charges": 33.62}
2025-11-30T11:12:08.236770,CAPITAL_CHECK_PASSED,LT-EQ,BUY,{"available_capital": 20000.0, "available_slots": 10}
2025-11-30T11:12:08.237051,ORDER_PLACING,LT-EQ,BUY,{"quantity": 9, "price": 1045.15, "order_type": "MARKET"}
2025-11-30T11:12:08.238517,ORDER_PLACEMENT_FAILED,LT-EQ,BUY,{"reason": "Broker API call failed", "detailed_reason": "Broker API error: Broker API call failed", "rejection_type": "API_ERROR", "quantity": 9, "capital_released": 1914.89}
2025-11-30T11:12:09.740954,ALERT_RECEIVED,NTPC-EQ,BUY,{"price": 137.93, "confidence": null, "score": null}
2025-11-30T11:12:09.741351,VALIDATION_PASSED,NTPC-EQ,BUY,{"price": 137.93, "confidence": null, "score": null}
2025-11-30T11:12:09.742119,ANALYTICS_APPROVED,NTPC-EQ,BUY,{"tv_score": null, "analytics_signal": "ERROR_FALLBACK"}
2025-11-30T11:12:09.742490,POSITION_SIZE_CALCULATED,NTPC-EQ,BUY,{"quantity": 71, "required_capital": 1992.6360000000002, "charges": 34.03}
2025-11-30T11:12:09.743074,CAPITAL_CHECK_PASSED,NTPC-EQ,BUY,{"available_capital": 20000.0, "available_slots": 10}
2025-11-30T11:12:09.743554,ORDER_PLACING,NTPC-EQ,BUY,{"quantity": 71, "price": 137.93, "order_type": "MARKET"}
2025-11-30T11:12:09.744510,ORDER_PLACEMENT_FAILED,NTPC-EQ,BUY,{"reason": "Broker API call failed", "detailed_reason": "Broker API error: Broker API call failed", "rejection_type": "API_ERROR", "quantity": 71, "capital_released": 1992.6360000000002}
2025-11-30T11:12:11.247120,ALERT_RECEIVED,BHARTIARTL-EQ,BUY,{"price": 1055.42, "confidence": null, "score": null}
2025-11-30T11:12:11.247755,VALIDATION_PASSED,BHARTIARTL-EQ,BUY,{"price": 1055.42, "confidence": null, "score": null}
2025-11-30T11:12:11.248459,ANALYTICS_APPROVED,BHARTIARTL-EQ,BUY,{"tv_score": null, "analytics_signal": "ERROR_FALLBACK"}
2025-11-30T11:12:11.249663,POSITION_SIZE_CALCULATED,BHARTIARTL-EQ,BUY,{"quantity": 9, "required_capital": 1933.4760000000003, "charges": 33.72}
2025-11-30T11:12:11.250019,CAPITAL_CHECK_PASSED,BHARTIARTL-EQ,BUY,{"available_capital": 20000.0, "available_slots": 10}
2025-11-30T11:12:11.250368,ORDER_PLACING,BHARTIARTL-EQ,BUY,{"quantity": 9, "price": 1055.42, "order_type": "MARKET"}
2025-11-30T11:12:11.252410,ORDER_PLACEMENT_FAILED,BHARTIARTL-EQ,BUY,{"reason": "Broker API call failed", "detailed_reason": "Broker API error: Broker API call failed", "rejection_type": "API_ERROR", "quantity": 9, "capital_released": 1933.4760000000003}
2025-11-30T11:12:12.760922,ALERT_RECEIVED,INFY-EQ,BUY,{"price": 2366.31, "confidence": null, "score": null}
2025-11-30T11:12:12.761213,VALIDATION_PASSED,INFY-EQ,BUY,{"price": 2366.31, "confidence": null, "score": null}
2025-11-30T11:12:12.766926,ANALYTICS_APPROVED,INFY-EQ,BUY,{"tv_score": null, "analytics_signal": "ERROR_FALLBACK"}
2025-11-30T11:12:12.767369,POSITION_SIZE_CALCULATED,INFY-EQ,BUY,{"quantity": 4, "required_capital": 1926.738, "charges": 33.69}
2025-11-30T11:12:12.767502,CAPITAL_CHECK_PASSED,INFY-EQ,BUY,{"available_capital": 20000.0, "available_slots": 10}
2025-11-30T11:12:12.770061,ORDER_PLACING,INFY-EQ,BUY,{"quantity": 4, "price": 2366.31, "order_type": "MARKET"}
2025-11-30T11:12:12.771486,ORDER_PLACEMENT_FAILED,INFY-EQ,BUY,{"reason": "Broker API call failed", "detailed_reason": "Broker API error: Broker API call failed", "rejection_type": "API_ERROR", "quantity": 4, "capital_released": 1926.738}
2025-11-30T11:12:14.273850,ALERT_RECEIVED,M&M-EQ,BUY,{"price": 338.29, "confidence": null, "score": null}
2025-11-30T11:12:14.274319,VALIDATION_PASSED,M&M-EQ,BUY,{"price": 338.29, "confidence": null, "score": null}
2025-11-30T11:12:14.275018,ANALYTICS_APPROVED,M&M-EQ,BUY,{"tv_score": null, "analytics_signal": "ERROR_FALLBACK"}
2025-11-30T11:12:14.275365,POSITION_SIZE_CALCULATED,M&M-EQ,BUY,{"quantity": 29, "required_capital": 1996.132, "charges": 34.05}
2025-11-30T11:12:14.275497,CAPITAL_CHECK_PASSED,M&M-EQ,BUY,{"available_capital": 20000.0, "available_slots": 10}
2025-11-30T11:12:14.276347,ORDER_PLACING,M&M-EQ,BUY,{"quantity": 29, "price": 338.29, "order_type": "MARKET"}
2025-11-30T11:12:14.278094,ORDER_PLACEMENT_FAILED,M&M-EQ,BUY,{"reason": "Broker API call failed", "detailed_reason": "Broker API error: Broker API call failed", "rejection_type": "API_ERROR", "quantity": 29, "capital_released": 1996.132}
2025-11-30T11:12:15.780635,ALERT_RECEIVED,ADANIENT-EQ,BUY,{"price": 1420.67, "confidence": null, "score": null}
2025-11-30T11:12:15.781159,VALIDATION_PASSED,ADANIENT-EQ,BUY,{"price": 1420.67, "confidence": null, "score": null}
2025-11-30T11:12:15.781887,ANALYTICS_APPROVED,ADANIENT-EQ,BUY,{"tv_score": null, "analytics_signal": "ERROR_FALLBACK"}
2025-11-30T11:12:15.782454,POSITION_SIZE_CALCULATED,ADANIENT-EQ,BUY,{"quantity": 6, "required_capital": 1737.4840000000002, "charges": 32.68}
2025-11-30T11:12:15.782586,CAPITAL_CHECK_PASSED,ADANIENT-EQ,BUY,{"available_capital": 20000.0, "available_slots": 10}
2025-11-30T11:12:15.783267,ORDER_PLACING,ADANIENT-EQ,BUY,{"quantity": 6, "price": 1420.67, "order_type": "MARKET"}
2025-11-30T11:12:15.784431,ORDER_PLACEMENT_FAILED,ADANIENT-EQ,BUY,{"reason": "Broker API call failed", "detailed_reason": "Broker API error: Broker API call failed", "rejection_type": "API_ERROR", "quantity": 6, "capital_released": 1737.4840000000002}
2025-11-30T11:12:17.286512,ALERT_RECEIVED,ADANIPORTS-EQ,BUY,{"price": 1913.91, "confidence": null, "score": null}
2025-11-30T11:12:17.286899,VALIDATION_PASSED,ADANIPORTS-EQ,BUY,{"price": 1913.91, "confidence": null, "score": null}
2025-11-30T11:12:17.287338,ANALYTICS_APPROVED,ADANIPORTS-EQ,BUY,{"tv_score": null, "analytics_signal": "ERROR_FALLBACK"}
2025-11-30T11:12:17.288245,POSITION_SIZE_CALCULATED,ADANIPORTS-EQ,BUY,{"quantity": 5, "required_capital": 1947.7100000000003, "charges": 33.8}
2025-11-30T11:12:17.288587,CAPITAL_CHECK_PASSED,ADANIPORTS-EQ,BUY,{"available_capital": 20000.0, "available_slots": 10}
2025-11-30T11:12:17.288882,ORDER_PLACING,ADANIPORTS-EQ,BUY,{"quantity": 5, "price": 1913.91, "order_type": "MARKET"}
2025-11-30T11:12:17.290023,ORDER_PLACEMENT_FAILED,ADANIPORTS-EQ,BUY,{"reason": "Broker API call failed", "detailed_reason": "Broker API error: Broker API call failed", "rejection_type": "API_ERROR", "quantity": 5, "capital_released": 1947.7100000000003}
2025-11-30T11:12:18.792067,ALERT_RECEIVED,AXISBANK-EQ,BUY,{"price": 1385.81, "confidence": null, "score": null}
2025-11-30T11:12:18.792999,VALIDATION_PASSED,AXISBANK-EQ,BUY,{"price": 1385.81, "confidence": null, "score": null}
2025-11-30T11:12:18.794236,ANALYTICS_APPROVED,AXISBANK-EQ,BUY,{"tv_score": null, "analytics_signal": "ERROR_FALLBACK"}
2025-11-30T11:12:18.794635,POSITION_SIZE_CALCULATED,AXISBANK-EQ,BUY,{"quantity": 7, "required_capital": 1974.074, "charges": 33.94}
2025-11-30T11:12:18.794803,CAPITAL_CHECK_PASSED,AXISBANK-EQ,BUY,{"available_capital": 20000.0, "available_slots": 10}
2025-11-30T11:12:18.795048,ORDER_PLACING,AXISBANK-EQ,BUY,{"quantity": 7, "price": 1385.81, "order_type": "MARKET"}
2025-11-30T11:12:18.797628,ORDER_PLACEMENT_FAILED,AXISBANK-EQ,BUY,{"reason": "Broker API call failed", "detailed_reason": "Broker API error: Broker API call failed", "rejection_type": "API_ERROR", "quantity": 7, "capital_released": 1974.074}
2025-11-30T11:12:20.300038,ALERT_RECEIVED,AXISBANK-EQ,BUY,{"price": 1385.71, "confidence": null, "score": null}
2025-11-30T11:12:20.300474,VALIDATION_PASSED,AXISBANK-EQ,BUY,{"price": 1385.71, "confidence": null, "score": null}
2025-11-30T11:12:20.301118,ANALYTICS_APPROVED,AXISBANK-EQ,BUY,{"tv_score": null, "analytics_signal": "ERROR_FALLBACK"}
2025-11-30T11:12:20.301446,POSITION_SIZE_CALCULATED,AXISBANK-EQ,BUY,{"quantity": 7, "required_capital": 1973.9340000000004, "charges": 33.94}
2025-11-30T11:12:20.301569,CAPITAL_CHECK_PASSED,AXISBANK-EQ,BUY,{"available_capital": 20000.0, "available_slots": 10}
2025-11-30T11:12:20.302293,ORDER_PLACING,AXISBANK-EQ,BUY,{"quantity": 7, "price": 1385.71, "order_type": "MARKET"}
2025-11-30T11:12:20.302809,ORDER_PLACEMENT_FAILED,AXISBANK-EQ,BUY,{"reason": "Broker API call failed", "detailed_reason": "Broker API error: Broker API call failed", "rejection_type": "API_ERROR", "quantity": 7, "capital_released": 1973.9340000000004}
2025-11-30T11:12:21.804037,ALERT_RECEIVED,ONGC-EQ,BUY,{"price": 1194.81, "confidence": null, "score": null}
2025-11-30T11:12:21.804609,VALIDATION_PASSED,ONGC-EQ,BUY,{"price": 1194.81, "confidence": null, "score": null}
2025-11-30T11:12:21.805109,ANALYTICS_APPROVED,ONGC-EQ,BUY,{"tv_score": null, "analytics_signal": "ERROR_FALLBACK"}
2025-11-30T11:12:21.805427,POSITION_SIZE_CALCULATED,ONGC-EQ,BUY,{"quantity": 8, "required_capital": 1945.4759999999999, "charges": 33.78}
2025-11-30T11:12:21.805564,CAPITAL_CHECK_PASSED,ONGC-EQ,BUY,{"available_capital": 20000.0, "available_slots": 10}
2025-11-30T11:12:21.806417,ORDER_PLACING,ONGC-EQ,BUY,{"quantity": 8, "price": 1194.81, "order_type": "MARKET"}
2025-11-30T11:12:21.807823,ORDER_PLACEMENT_FAILED,ONGC-EQ,BUY,{"reason": "Broker API call failed", "detailed_reason": "Broker API error: Broker API call failed", "rejection_type": "API_ERROR", "quantity": 8, "capital_released": 1945.4759999999999}
2025-11-30T11:12:23.310251,ALERT_RECEIVED,ADANIPORTS-EQ,BUY,{"price": 1913.48, "confidence": null, "score": null}
2025-11-30T11:12:23.310735,VALIDATION_PASSED,ADANIPORTS-EQ,BUY,{"price": 1913.48, "confidence": null, "score": null}
2025-11-30T11:12:23.311370,ANALYTICS_APPROVED,ADANIPORTS-EQ,BUY,{"tv_score": null, "analytics_signal": "ERROR_FALLBACK"}
2025-11-30T11:12:23.311839,POSITION_SIZE_CALCULATED,ADANIPORTS-EQ,BUY,{"quantity": 5, "required_capital": 1947.27, "charges": 33.79}
2025-11-30T11:12:23.311998,CAPITAL_CHECK_PASSED,ADANIPORTS-EQ,BUY,{"available_capital": 20000.0, "available_slots": 10}
2025-11-30T11:12:23.312235,ORDER_PLACING,ADANIPORTS-EQ,BUY,{"quantity": 5, "price": 1913.48, "order_type": "MARKET"}
2025-11-30T11:12:23.313570,ORDER_PLACEMENT_FAILED,ADANIPORTS-EQ,BUY,{"reason": "Broker API call failed", "detailed_reason": "Broker API error: Broker API call failed", "rejection_type": "API_ERROR", "quantity": 5, "capital_released": 1947.27}
2025-11-30T11:12:24.815891,ALERT_RECEIVED,AXISBANK-EQ,BUY,{"price": 1386.68, "confidence": null, "score": null}
2025-11-30T11:12:24.816347,VALIDATION_PASSED,AXISBANK-EQ,BUY,{"price": 1386.68, "confidence": null, "score": null}
2025-11-30T11:12:24.818434,ANALYTICS_APPROVED,AXISBANK-EQ,BUY,{"tv_score": null, "analytics_signal": "ERROR_FALLBACK"}
2025-11-30T11:12:24.818913,POSITION_SIZE_CALCULATED,AXISBANK-EQ,BUY,{"quantity": 7, "required_capital": 1975.2920000000001, "charges": 33.94}
2025-11-30T11:12:24.819253,CAPITAL_CHECK_PASSED,AXISBANK-EQ,BUY,{"available_capital": 20000.0, "available_slots": 10}
2025-11-30T11:12:24.819540,ORDER_PLACING,AXISBANK-EQ,BUY,{"quantity": 7, "price": 1386.68, "order_type": "MARKET"}
2025-11-30T11:12:24.822049,ORDER_PLACEMENT_FAILED,AXISBANK-EQ,BUY,{"reason": "Broker API call failed", "detailed_reason": "Broker API error: Broker API call failed", "rejection_type": "API_ERROR", "quantity": 7, "capital_released": 1975.2920000000001}
2025-11-30T11:12:26.324385,ALERT_RECEIVED,NTPC-EQ,BUY,{"price": 138.08, "confidence": null, "score": null}
2025-11-30T11:12:26.324972,VALIDATION_PASSED,NTPC-EQ,BUY,{"price": 138.08, "confidence": null, "score": null}
2025-11-30T11:12:26.325588,ANALYTICS_APPROVED,NTPC-EQ,BUY,{"tv_score": null, "analytics_signal": "ERROR_FALLBACK"}
2025-11-30T11:12:26.326538,POSITION_SIZE_CALCULATED,NTPC-EQ,BUY,{"quantity": 71, "required_capital": 1994.786, "charges": 34.05}
2025-11-30T11:12:26.326788,CAPITAL_CHECK_PASSED,NTPC-EQ,BUY,{"available_capital": 20000.0, "available_slots": 10}
2025-11-30T11:12:26.327231,ORDER_PLACING,NTPC-EQ,BUY,{"quantity": 71, "price": 138.08, "order_type": "MARKET"}
2025-11-30T11:12:26.329318,ORDER_PLACEMENT_FAILED,NTPC-EQ,BUY,{"reason": "Broker API call failed", "detailed_reason": "Broker API error: Broker API call failed", "rejection_type": "API_ERROR", "quantity": 71, "capital_released": 1994.786}
2025-11-30T11:12:27.831880,ALERT_RECEIVED,NTPC-EQ,BUY,{"price": 137.88, "confidence": null, "score": null}
2025-11-30T11:12:27.832418,VALIDATION_PASSED,NTPC-EQ,BUY,{"price": 137.88, "confidence": null, "score": null}
2025-11-30T11:12:27.833251,ANALYTICS_APPROVED,NTPC-EQ,BUY,{"tv_score": null, "analytics_signal": "ERROR_FALLBACK"}
2025-11-30T11:12:27.833826,POSITION_SIZE_CALCULATED,NTPC-EQ,BUY,{"quantity": 71, "required_capital": 1991.926, "charges": 34.03}
2025-11-30T11:12:27.834119,CAPITAL_CHECK_PASSED,NTPC-EQ,BUY,{"available_capital": 20000.0, "available_slots": 10}
2025-11-30T11:12:27.834491,ORDER_PLACING,NTPC-EQ,BUY,{"quantity": 71, "price": 137.88, "order_type": "MARKET"}
2025-11-30T11:12:27.834823,ORDER_PLACEMENT_FAILED,NTPC-EQ,BUY,{"reason": "Broker API call failed", "detailed_reason": "Broker API error: Broker API call failed", "rejection_type": "API_ERROR", "quantity": 71, "capital_released": 1991.926}
2025-11-30T11:12:29.337294,ALERT_RECEIVED,NTPC-EQ,BUY,{"price": 137.8, "confidence": null, "score": null}
2025-11-30T11:12:29.337786,VALIDATION_PASSED,NTPC-EQ,BUY,{"price": 137.8, "confidence": null, "score": null}
2025-11-30T11:12:29.338360,ANALYTICS_APPROVED,NTPC-EQ,BUY,{"tv_score": null, "analytics_signal": "ERROR_FALLBACK"}
2025-11-30T11:12:29.338837,POSITION_SIZE_CALCULATED,NTPC-EQ,BUY,{"quantity": 71, "required_capital": 1990.7800000000002, "charges": 34.02}
2025-11-30T11:12:29.339164,CAPITAL_CHECK_PASSED,NTPC-EQ,BUY,{"available_capital": 20000.0, "available_slots": 10}
2025-11-30T11:12:29.339593,ORDER_PLACING,NTPC-EQ,BUY,{"quantity": 71, "price": 137.8, "order_type": "MARKET"}
2025-11-30T11:12:29.339934,ORDER_PLACEMENT_FAILED,NTPC-EQ,BUY,{"reason": "Broker API call failed", "detailed_reason": "Broker API error: Broker API call failed", "rejection_type": "API_ERROR", "quantity": 71, "capital_released": 1990.7800000000002}
2025-11-30T11:12:30.841264,ALERT_RECEIVED,HDFCBANK-EQ,BUY,{"price": 1208.08, "confidence": null, "score": null}
2025-11-30T11:12:30.841749,VALIDATION_PASSED,HDFCBANK-EQ,BUY,{"price": 1208.08, "confidence": null, "score": null}
2025-11-30T11:12:30.842289,ANALYTICS_APPROVED,HDFCBANK-EQ,BUY,{"tv_score": null, "analytics_signal": "ERROR_FALLBACK"}
2025-11-30T11:12:30.842957,POSITION_SIZE_CALCULATED,HDFCBANK-EQ,BUY,{"quantity": 8, "required_capital": 1966.828, "charges": 33.9}
2025-11-30T11:12:30.843237,CAPITAL_CHECK_PASSED,HDFCBANK-EQ,BUY,{"available_capital": 20000.0, "available_slots": 10}
2025-11-30T11:12:30.843723,ORDER_PLACING,HDFCBANK-EQ,BUY,{"quantity": 8, "price": 1208.08, "order_type": "MARKET"}
2025-11-30T11:12:30.845135,ORDER_PLACEMENT_FAILED,HDFCBANK-EQ,BUY,{"reason": "Broker API call failed", "detailed_reason": "Broker API error: Broker API call failed", "rejection_type": "API_ERROR", "quantity": 8, "capital_released": 1966.828}
2025-11-30T11:12:32.347488,ALERT_RECEIVED,ADANIENT-EQ,BUY,{"price": 1420.92, "confidence": null, "score": null}
2025-11-30T11:12:32.347960,VALIDATION_PASSED,ADANIENT-EQ,BUY,{"price": 1420.92, "confidence": null, "score": null}
2025-11-30T11:12:32.348417,ANALYTICS_APPROVED,ADANIENT-EQ,BUY,{"tv_score": null, "analytics_signal": "ERROR_FALLBACK"}
2025-11-30T11:12:32.349296,POSITION_SIZE_CALCULATED,ADANIENT-EQ,BUY,{"quantity": 6, "required_capital": 1737.7840000000003, "charges": 32.68}
2025-11-30T11:12:32.349559,CAPITAL_CHECK_PASSED,ADANIENT-EQ,BUY,{"available_capital": 20000.0, "available_slots": 10}
2025-11-30T11:12:32.349835,ORDER_PLACING,ADANIENT-EQ,BUY,{"quantity": 6, "price": 1420.92, "order_type": "MARKET"}
2025-11-30T11:12:32.351262,ORDER_PLACEMENT_FAILED,ADANIENT-EQ,BUY,{"reason": "Broker API call failed", "detailed_reason": "Broker API error: Broker API call failed", "rejection_type": "API_ERROR", "quantity": 6, "capital_released": 1737.7840000000003}
2025-11-30T11:12:33.853747,ALERT_RECEIVED,HDFCBANK-EQ,BUY,{"price": 1207.7, "confidence": null, "score": null}
2025-11-30T11:12:33.854318,VALIDATION_PASSED,HDFCBANK-EQ,BUY,{"price": 1207.7, "confidence": null, "score": null}
2025-11-30T11:12:33.855172,ANALYTICS_APPROVED,HDFCBANK-EQ,BUY,{"tv_score": null, "analytics_signal": "ERROR_FALLBACK"}
2025-11-30T11:12:33.855613,POSITION_SIZE_CALCULATED,HDFCBANK-EQ,BUY,{"quantity": 8, "required_capital": 1966.2100000000003, "charges": 33.89}
2025-11-30T11:12:33.856218,CAPITAL_CHECK_PASSED,HDFCBANK-EQ,BUY,{"available_capital": 20000.0, "available_slots": 10}
2025-11-30T11:12:33.856741,ORDER_PLACING,HDFCBANK-EQ,BUY,{"quantity": 8, "price": 1207.7, "order_type": "MARKET"}
2025-11-30T11:12:33.857191,ORDER_PLACEMENT_FAILED,HDFCBANK-EQ,BUY,{"reason": "Broker API call failed", "detailed_reason": "Broker API error: Broker API call failed", "rejection_type": "API_ERROR", "quantity": 8, "capital_released": 1966.2100000000003}
2025-11-30T11:12:35.359906,ALERT_RECEIVED,AXISBANK-EQ,BUY,{"price": 1386.0, "confidence": null, "score": null}
2025-11-30T11:12:35.360169,VALIDATION_PASSED,AXISBANK-EQ,BUY,{"price": 1386.0, "confidence": null, "score": null}
2025-11-30T11:12:35.360971,ANALYTICS_APPROVED,AXISBANK-EQ,BUY,{"tv_score": null, "analytics_signal": "ERROR_FALLBACK"}
2025-11-30T11:12:35.361575,POSITION_SIZE_CALCULATED,AXISBANK-EQ,BUY,{"quantity": 7, "required_capital": 1974.3400000000001, "charges": 33.94}
2025-11-30T11:12:35.361733,CAPITAL_CHECK_PASSED,AXISBANK-EQ,BUY,{"available_capital": 20000.0, "available_slots": 10}
2025-11-30T11:12:35.361997,ORDER_PLACING,AXISBANK-EQ,BUY,{"quantity": 7, "price": 1386.0, "order_type": "MARKET"}
2025-11-30T11:12:35.363888,ORDER_PLACEMENT_FAILED,AXISBANK-EQ,BUY,{"reason": "Broker API call failed", "detailed_reason": "Broker API error: Broker API call failed", "rejection_type": "API_ERROR", "quantity": 7, "capital_released": 1974.3400000000001}
2025-11-30T11:12:36.866218,ALERT_RECEIVED,TITAN-EQ,BUY,{"price": 693.07, "confidence": null, "score": null}
2025-11-30T11:12:36.866662,VALIDATION_PASSED,TITAN-EQ,BUY,{"price": 693.07, "confidence": null, "score": null}
2025-11-30T11:12:36.867282,ANALYTICS_APPROVED,TITAN-EQ,BUY,{"tv_score": null, "analytics_signal": "ERROR_FALLBACK"}
2025-11-30T11:12:36.867579,POSITION_SIZE_CALCULATED,TITAN-EQ,BUY,{"quantity": 14, "required_capital": 1974.5360000000005, "charges": 33.94}
2025-11-30T11:12:36.867942,CAPITAL_CHECK_PASSED,TITAN-EQ,BUY,{"available_capital": 20000.0, "available_slots": 10}
2025-11-30T11:12:36.868318,ORDER_PLACING,TITAN-EQ,BUY,{"quantity": 14, "price": 693.07, "order_type": "MARKET"}
2025-11-30T11:12:36.869482,ORDER_PLACEMENT_FAILED,TITAN-EQ,BUY,{"reason": "Broker API call failed", "detailed_reason": "Broker API error: Broker API call failed", "rejection_type": "API_ERROR", "quantity": 14, "capital_released": 1974.5360000000005}
2025-11-30T11:12:38.371963,ALERT_RECEIVED,ADANIENT-EQ,BUY,{"price": 1421.43, "confidence": null, "score": null}
2025-11-30T11:12:38.372556,VALIDATION_PASSED,ADANIENT-EQ,BUY,{"price": 1421.43, "confidence": null, "score": null}
2025-11-30T11:12:38.373161,ANALYTICS_APPROVED,ADANIENT-EQ,BUY,{"tv_score": null, "analytics_signal": "ERROR_FALLBACK"}
2025-11-30T11:12:38.373485,POSITION_SIZE_CALCULATED,ADANIENT-EQ,BUY,{"quantity": 6, "required_capital": 1738.4060000000002, "charges": 32.69}
2025-11-30T11:12:38.373626,CAPITAL_CHECK_PASSED,ADANIENT-EQ,BUY,{"available_capital": 20000.0, "available_slots": 10}
2025-11-30T11:12:38.374418,ORDER_PLACING,ADANIENT-EQ,BUY,{"quantity": 6, "price": 1421.43, "order_type": "MARKET"}
2025-11-30T11:12:38.375807,ORDER_PLACEMENT_FAILED,ADANIENT-EQ,BUY,{"reason": "Broker API call failed", "detailed_reason": "Broker API error: Broker API call failed", "rejection_type": "API_ERROR", "quantity": 6, "capital_released": 1738.4060000000002}
2025-11-30T11:12:39.878166,ALERT_RECEIVED,M&M-EQ,BUY,{"price": 337.27, "confidence": null, "score": null}
2025-11-30T11:12:39.878612,VALIDATION_PASSED,M&M-EQ,BUY,{"price": 337.27, "confidence": null, "score": null}
2025-11-30T11:12:39.879153,ANALYTICS_APPROVED,M&M-EQ,BUY,{"tv_score": null, "analytics_signal": "ERROR_FALLBACK"}
2025-11-30T11:12:39.879470,POSITION_SIZE_CALCULATED,M&M-EQ,BUY,{"quantity": 29, "required_capital": 1990.1860000000001, "charges": 34.02}
2025-11-30T11:12:39.879641,CAPITAL_CHECK_PASSED,M&M-EQ,BUY,{"available_capital": 20000.0, "available_slots": 10}
2025-11-30T11:12:39.880429,ORDER_PLACING,M&M-EQ,BUY,{"quantity": 29, "price": 337.27, "order_type": "MARKET"}
2025-11-30T11:12:39.881558,ORDER_PLACEMENT_FAILED,M&M-EQ,BUY,{"reason": "Broker API call failed", "detailed_reason": "Broker API error: Broker API call failed", "rejection_type": "API_ERROR", "quantity": 29, "capital_released": 1990.1860000000001}
2025-11-30T11:12:41.382934,ALERT_RECEIVED,POWERGRID-EQ,BUY,{"price": 2298.5, "confidence": null, "score": null}
2025-11-30T11:12:41.383288,VALIDATION_PASSED,POWERGRID-EQ,BUY,{"price": 2298.5, "confidence": null, "score": null}
2025-11-30T11:12:41.384009,ANALYTICS_APPROVED,POWERGRID-EQ,BUY,{"tv_score": null, "analytics_signal": "ERROR_FALLBACK"}
2025-11-30T11:12:41.384456,POSITION_SIZE_CALCULATED,POWERGRID-EQ,BUY,{"quantity": 4, "required_capital": 1872.2000000000003, "charges": 33.4}
2025-11-30T11:12:41.384698,CAPITAL_CHECK_PASSED,POWERGRID-EQ,BUY,{"available_capital": 20000.0, "available_slots": 10}
2025-11-30T11:12:41.384948,ORDER_PLACING,POWERGRID-EQ,BUY,{"quantity": 4, "price": 2298.5, "order_type": "MARKET"}
2025-11-30T11:12:41.386191,ORDER_PLACEMENT_FAILED,POWERGRID-EQ,BUY,{"reason": "Broker API call failed", "detailed_reason": "Broker API error: Broker API call failed", "rejection_type": "API_ERROR", "quantity": 4, "capital_released": 1872.2000000000003}
2025-11-30T11:12:42.888561,ALERT_RECEIVED,POWERGRID-EQ,BUY,{"price": 2298.4, "confidence": null, "score": null}
2025-11-30T11:12:42.889033,VALIDATION_PASSED,POWERGRID-EQ,BUY,{"price": 2298.4, "confidence": null, "score": null}
2025-11-30T11:12:42.889504,ANALYTICS_APPROVED,POWERGRID-EQ,BUY,{"tv_score": null, "analytics_signal": "ERROR_FALLBACK"}
2025-11-30T11:12:42.890182,POSITION_SIZE_CALCULATED,POWERGRID-EQ,BUY,{"quantity": 4, "required_capital": 1872.1200000000003, "charges": 33.4}
2025-11-30T11:12:42.890509,CAPITAL_CHECK_PASSED,POWERGRID-EQ,BUY,{"available_capital": 20000.0, "available_slots": 10}
2025-11-30T11:12:42.890850,ORDER_PLACING,POWERGRID-EQ,BUY,{"quantity": 4, "price": 2298.4, "order_type": "MARKET"}
2025-11-30T11:12:42.891161,ORDER_PLACEMENT_FAILED,POWERGRID-EQ,BUY,{"reason": "Broker API call failed", "detailed_reason": "Broker API error: Broker API call failed", "rejection_type": "API_ERROR", "quantity": 4, "capital_released": 1872.1200000000003}
2025-11-30T11:12:44.393721,ALERT_RECEIVED,POWERGRID-EQ,BUY,{"price": 2298.01, "confidence": null, "score": null}
2025-11-30T11:12:44.394180,VALIDATION_PASSED,POWERGRID-EQ,BUY,{"price": 2298.01, "confidence": null, "score": null}
2025-11-30T11:12:44.394622,ANALYTICS_APPROVED,POWERGRID-EQ,BUY,{"tv_score": null, "analytics_signal": "ERROR_FALLBACK"}
2025-11-30T11:12:44.395168,POSITION_SIZE_CALCULATED,POWERGRID-EQ,BUY,{"quantity": 4, "required_capital": 1871.7980000000005, "charges": 33.39}
2025-11-30T11:12:44.395301,CAPITAL_CHECK_PASSED,POWERGRID-EQ,BUY,{"available_capital": 20000.0, "available_slots": 10}
2025-11-30T11:12:44.395528,ORDER_PLACING,POWERGRID-EQ,BUY,{"quantity": 4, "price": 2298.01, "order_type": "MARKET"}
2025-11-30T11:12:44.396340,ORDER_PLACEMENT_FAILED,POWERGRID-EQ,BUY,{"reason": "Broker API call failed", "detailed_reason": "Broker API error: Broker API call failed", "rejection_type": "API_ERROR", "quantity": 4, "capital_released": 1871.7980000000005}
2025-11-30T11:12:45.898075,ALERT_RECEIVED,NTPC-EQ,BUY,{"price": 137.31, "confidence": null, "score": null}
2025-11-30T11:12:45.898505,VALIDATION_PASSED,NTPC-EQ,BUY,{"price": 137.31, "confidence": null, "score": null}
2025-11-30T11:12:45.899006,ANALYTICS_APPROVED,NTPC-EQ,BUY,{"tv_score": null, "analytics_signal": "ERROR_FALLBACK"}
2025-11-30T11:12:45.899365,POSITION_SIZE_CALCULATED,NTPC-EQ,BUY,{"quantity": 71, "required_capital": 1983.7920000000001, "charges": 33.99}
2025-11-30T11:12:45.899502,CAPITAL_CHECK_PASSED,NTPC-EQ,BUY,{"available_capital": 20000.0, "available_slots": 10}
2025-11-30T11:12:45.900264,ORDER_PLACING,NTPC-EQ,BUY,{"quantity": 71, "price": 137.31, "order_type": "MARKET"}
2025-11-30T11:12:45.901834,ORDER_PLACEMENT_FAILED,NTPC-EQ,BUY,{"reason": "Broker API call failed", "detailed_reason": "Broker API error: Broker API call failed", "rejection_type": "API_ERROR", "quantity": 71, "capital_released": 1983.7920000000001}
2025-11-30T11:12:47.404184,ALERT_RECEIVED,POWERGRID-EQ,BUY,{"price": 2297.8, "confidence": null, "score": null}
2025-11-30T11:12:47.404735,VALIDATION_PASSED,POWERGRID-EQ,BUY,{"price": 2297.8, "confidence": null, "score": null}
2025-11-30T11:12:47.405276,ANALYTICS_APPROVED,POWERGRID-EQ,BUY,{"tv_score": null, "analytics_signal": "ERROR_FALLBACK"}
2025-11-30T11:12:47.405636,POSITION_SIZE_CALCULATED,POWERGRID-EQ,BUY,{"quantity": 4, "required_capital": 1871.6300000000003, "charges": 33.39}
2025-11-30T11:12:47.406316,CAPITAL_CHECK_PASSED,POWERGRID-EQ,BUY,{"available_capital": 20000.0, "available_slots": 10}
2025-11-30T11:12:47.406821,ORDER_PLACING,POWERGRID-EQ,BUY,{"quantity": 4, "price": 2297.8, "order_type": "MARKET"}
2025-11-30T11:12:47.408018,ORDER_PLACEMENT_FAILED,POWERGRID-EQ,BUY,{"reason": "Broker API call failed", "detailed_reason": "Broker API error: Broker API call failed", "rejection_type": "API_ERROR", "quantity": 4, "capital_released": 1871.6300000000003}
2025-11-30T11:12:48.910366,ALERT_RECEIVED,POWERGRID-EQ,BUY,{"price": 2297.78, "confidence": null, "score": null}
2025-11-30T11:12:48.910761,VALIDATION_PASSED,POWERGRID-EQ,BUY,{"price": 2297.78, "confidence": null, "score": null}
2025-11-30T11:12:48.911895,ANALYTICS_APPROVED,POWERGRID-EQ,BUY,{"tv_score": null, "analytics_signal": "ERROR_FALLBACK"}
2025-11-30T11:12:48.912428,POSITION_SIZE_CALCULATED,POWERGRID-EQ,BUY,{"quantity": 4, "required_capital": 1871.6140000000003, "charges": 33.39}
2025-11-30T11:12:48.913056,CAPITAL_CHECK_PASSED,POWERGRID-EQ,BUY,{"available_capital": 20000.0, "available_slots": 10}
2025-11-30T11:12:48.913506,ORDER_PLACING,POWERGRID-EQ,BUY,{"quantity": 4, "price": 2297.78, "order_type": "MARKET"}
2025-11-30T11:12:48.914070,ORDER_PLACEMENT_FAILED,POWERGRID-EQ,BUY,{"reason": "Broker API call failed", "detailed_reason": "Broker API error: Broker API call failed", "rejection_type": "API_ERROR", "quantity": 4, "capital_released": 1871.6140000000003}
2025-11-30T11:12:50.416674,ALERT_RECEIVED,ONGC-EQ,BUY,{"price": 1195.15, "confidence": null, "score": null}
2025-11-30T11:12:50.417846,VALIDATION_PASSED,ONGC-EQ,BUY,{"price": 1195.15, "confidence": null, "score": null}
2025-11-30T11:12:50.418354,ANALYTICS_APPROVED,ONGC-EQ,BUY,{"tv_score": null, "analytics_signal": "ERROR_FALLBACK"}
2025-11-30T11:12:50.419711,POSITION_SIZE_CALCULATED,ONGC-EQ,BUY,{"quantity": 8, "required_capital": 1946.0300000000002, "charges": 33.79}
2025-11-30T11:12:50.420007,CAPITAL_CHECK_PASSED,ONGC-EQ,BUY,{"available_capital": 20000.0, "available_slots": 10}
2025-11-30T11:12:50.420288,ORDER_PLACING,ONGC-EQ,BUY,{"quantity": 8, "price": 1195.15, "order_type": "MARKET"}
2025-11-30T11:12:50.424390,ORDER_PLACEMENT_FAILED,ONGC-EQ,BUY,{"reason": "Broker API call failed", "detailed_reason": "Broker API error: Broker API call failed", "rejection_type": "API_ERROR", "quantity": 8, "capital_released": 1946.0300000000002}
2025-11-30T11:12:51.926804,ALERT_RECEIVED,ADANIPORTS-EQ,BUY,{"price": 1914.33, "confidence": null, "score": null}
2025-11-30T11:12:51.927091,VALIDATION_PASSED,ADANIPORTS-EQ,BUY,{"price": 1914.33, "confidence": null, "score": null}
2025-11-30T11:12:51.927531,ANALYTICS_APPROVED,ADANIPORTS-EQ,BUY,{"tv_score": null, "analytics_signal": "ERROR_FALLBACK"}
2025-11-30T11:12:51.928760,POSITION_SIZE_CALCULATED,ADANIPORTS-EQ,BUY,{"quantity": 5, "required_capital": 1948.1299999999999, "charges": 33.8}
2025-11-30T11:12:51.928925,CAPITAL_CHECK_PASSED,ADANIPORTS-EQ,BUY,{"available_capital": 20000.0, "available_slots": 10}
2025-11-30T11:12:51.929279,ORDER_PLACING,ADANIPORTS-EQ,BUY,{"quantity": 5, "price": 1914.33, "order_type": "MARKET"}
2025-11-30T11:12:51.930565,ORDER_PLACEMENT_FAILED,ADANIPORTS-EQ,BUY,{"reason": "Broker API call failed", "detailed_reason": "Broker API error: Broker API call failed", "rejection_type": "API_ERROR", "quantity": 5, "capital_released": 1948.1299999999999}
2025-11-30T11:12:53.433017,ALERT_RECEIVED,M&M-EQ,BUY,{"price": 337.96, "confidence": null, "score": null}
2025-11-30T11:12:53.433291,VALIDATION_PASSED,M&M-EQ,BUY,{"price": 337.96, "confidence": null, "score": null}
2025-11-30T11:12:53.434296,ANALYTICS_APPROVED,M&M-EQ,BUY,{"tv_score": null, "analytics_signal": "ERROR_FALLBACK"}
2025-11-30T11:12:53.434776,POSITION_SIZE_CALCULATED,M&M-EQ,BUY,{"quantity": 29, "required_capital": 1994.208, "charges": 34.04}
2025-11-30T11:12:53.434908,CAPITAL_CHECK_PASSED,M&M-EQ,BUY,{"available_capital": 20000.0, "available_slots": 10}
2025-11-30T11:12:53.435129,ORDER_PLACING,M&M-EQ,BUY,{"quantity": 29, "price": 337.96, "order_type": "MARKET"}
2025-11-30T11:12:53.436879,ORDER_PLACEMENT_FAILED,M&M-EQ,BUY,{"reason": "Broker API call failed", "detailed_reason": "Broker API error: Broker API call failed", "rejection_type": "API_ERROR", "quantity": 29, "capital_released": 1994.208}
2025-11-30T11:12:54.939130,ALERT_RECEIVED,TITAN-EQ,BUY,{"price": 692.46, "confidence": null, "score": null}
2025-11-30T11:12:54.939791,VALIDATION_PASSED,TITAN-EQ,BUY,{"price": 692.46, "confidence": null, "score": null}
2025-11-30T11:12:54.940596,ANALYTICS_APPROVED,TITAN-EQ,BUY,{"tv_score": null, "analytics_signal": "ERROR_FALLBACK"}
2025-11-30T11:12:54.940982,POSITION_SIZE_CALCULATED,TITAN-EQ,BUY,{"quantity": 14, "required_capital": 1972.8180000000002, "charges": 33.93}
2025-11-30T11:12:54.941133,CAPITAL_CHECK_PASSED,TITAN-EQ,BUY,{"available_capital": 20000.0, "available_slots": 10}
2025-11-30T11:12:54.941403,ORDER_PLACING,TITAN-EQ,BUY,{"quantity": 14, "price": 692.46, "order_type": "MARKET"}
2025-11-30T11:12:54.943367,ORDER_PLACEMENT_FAILED,TITAN-EQ,BUY,{"reason": "Broker API call failed", "detailed_reason": "Broker API error: Broker API call failed", "rejection_type": "API_ERROR", "quantity": 14, "capital_released": 1972.8180000000002}
2025-11-30T11:12:56.445822,ALERT_RECEIVED,NTPC-EQ,BUY,{"price": 137.41, "confidence": null, "score": null}
2025-11-30T11:12:56.446103,VALIDATION_PASSED,NTPC-EQ,BUY,{"price": 137.41, "confidence": null, "score": null}
2025-11-30T11:12:56.446531,ANALYTICS_APPROVED,NTPC-EQ,BUY,{"tv_score": null, "analytics_signal": "ERROR_FALLBACK"}
2025-11-30T11:12:56.447607,POSITION_SIZE_CALCULATED,NTPC-EQ,BUY,{"quantity": 71, "required_capital": 1985.2220000000002, "charges": 34.0}
2025-11-30T11:12:56.447860,CAPITAL_CHECK_PASSED,NTPC-EQ,BUY,{"available_capital": 20000.0, "available_slots": 10}
2025-11-30T11:12:56.448142,ORDER_PLACING,NTPC-EQ,BUY,{"quantity": 71, "price": 137.41, "order_type": "MARKET"}
2025-11-30T11:12:56.449886,ORDER_PLACEMENT_FAILED,NTPC-EQ,BUY,{"reason": "Broker API call failed", "detailed_reason": "Broker API error: Broker API call failed", "rejection_type": "API_ERROR", "quantity": 71, "capital_released": 1985.2220000000002}
2025-11-30T11:12:57.952322,ALERT_RECEIVED,WIPRO-EQ,BUY,{"price": 308.44, "confidence": null, "score": null}
2025-11-30T11:12:57.952962,VALIDATION_PASSED,WIPRO-EQ,BUY,{"price": 308.44, "confidence": null, "score": null}
2025-11-30T11:12:57.954250,ANALYTICS_APPROVED,WIPRO-EQ,BUY,{"tv_score": null, "analytics_signal": "ERROR_FALLBACK"}
2025-11-30T11:12:57.954809,POSITION_SIZE_CALCULATED,WIPRO-EQ,BUY,{"quantity": 31, "required_capital": 1946.118, "charges": 33.79}
2025-11-30T11:12:57.954970,CAPITAL_CHECK_PASSED,WIPRO-EQ,BUY,{"available_capital": 20000.0, "available_slots": 10}
2025-11-30T11:12:57.955197,ORDER_PLACING,WIPRO-EQ,BUY,{"quantity": 31, "price": 308.44, "order_type": "MARKET"}
2025-11-30T11:12:57.956891,ORDER_PLACEMENT_FAILED,WIPRO-EQ,BUY,{"reason": "Broker API call failed", "detailed_reason": "Broker API error: Broker API call failed", "rejection_type": "API_ERROR", "quantity": 31, "capital_released": 1946.118}
2025-11-30T11:12:59.459287,ALERT_RECEIVED,AXISBANK-EQ,BUY,{"price": 1386.59, "confidence": null, "score": null}
2025-11-30T11:12:59.459723,VALIDATION_PASSED,AXISBANK-EQ,BUY,{"price": 1386.59, "confidence": null, "score": null}
2025-11-30T11:12:59.460331,ANALYTICS_APPROVED,AXISBANK-EQ,BUY,{"tv_score": null, "analytics_signal": "ERROR_FALLBACK"}
2025-11-30T11:12:59.461442,POSITION_SIZE_CALCULATED,AXISBANK-EQ,BUY,{"quantity": 7, "required_capital": 1975.166, "charges": 33.94}
2025-11-30T11:12:59.461734,CAPITAL_CHECK_PASSED,AXISBANK-EQ,BUY,{"available_capital": 20000.0, "available_slots": 10}
2025-11-30T11:12:59.462390,ORDER_PLACING,AXISBANK-EQ,BUY,{"quantity": 7, "price": 1386.59, "order_type": "MARKET"}
2025-11-30T11:12:59.464022,ORDER_PLACEMENT_FAILED,AXISBANK-EQ,BUY,{"reason": "Broker API call failed", "detailed_reason": "Broker API error: Broker API call failed", "rejection_type": "API_ERROR", "quantity": 7, "capital_released": 1975.166}
2025-11-30T11:13:00.966546,ALERT_RECEIVED,POWERGRID-EQ,BUY,{"price": 2299.2, "confidence": null, "score": null}
2025-11-30T11:13:00.966850,VALIDATION_PASSED,POWERGRID-EQ,BUY,{"price": 2299.2, "confidence": null, "score": null}
2025-11-30T11:13:00.967334,ANALYTICS_APPROVED,POWERGRID-EQ,BUY,{"tv_score": null, "analytics_signal": "ERROR_FALLBACK"}
2025-11-30T11:13:00.968154,POSITION_SIZE_CALCULATED,POWERGRID-EQ,BUY,{"quantity": 4, "required_capital": 1872.76, "charges": 33.4}
2025-11-30T11:13:00.968554,CAPITAL_CHECK_PASSED,POWERGRID-EQ,BUY,{"available_capital": 20000.0, "available_slots": 10}
2025-11-30T11:13:00.969059,ORDER_PLACING,POWERGRID-EQ,BUY,{"quantity": 4, "price": 2299.2, "order_type": "MARKET"}
2025-11-30T11:13:00.970265,ORDER_PLACEMENT_FAILED,POWERGRID-EQ,BUY,{"reason": "Broker API call failed", "detailed_reason": "Broker API error: Broker API call failed", "rejection_type": "API_ERROR", "quantity": 4, "capital_released": 1872.76}
2025-11-30T11:13:02.472803,ALERT_RECEIVED,POWERGRID-EQ,BUY,{"price": 2299.03, "confidence": null, "score": null}
2025-11-30T11:13:02.473273,VALIDATION_PASSED,POWERGRID-EQ,BUY,{"price": 2299.03, "confidence": null, "score": null}
2025-11-30T11:13:02.474416,ANALYTICS_APPROVED,POWERGRID-EQ,BUY,{"tv_score": null, "analytics_signal": "ERROR_FALLBACK"}
2025-11-30T11:13:02.474964,POSITION_SIZE_CALCULATED,POWERGRID-EQ,BUY,{"quantity": 4, "required_capital": 1872.6240000000003, "charges": 33.4}
2025-11-30T11:13:02.475155,CAPITAL_CHECK_PASSED,POWERGRID-EQ,BUY,{"available_capital": 20000.0, "available_slots": 10}
2025-11-30T11:13:02.475497,ORDER_PLACING,POWERGRID-EQ,BUY,{"quantity": 4, "price": 2299.03, "order_type": "MARKET"}
2025-11-30T11:13:02.476721,ORDER_PLACEMENT_FAILED,POWERGRID-EQ,BUY,{"reason": "Broker API call failed", "detailed_reason": "Broker API error: Broker API call failed", "rejection_type": "API_ERROR", "quantity": 4, "capital_released": 1872.6240000000003}
2025-11-30T11:13:03.979130,ALERT_RECEIVED,POWERGRID-EQ,BUY,{"price": 2298.86, "confidence": null, "score": null}
2025-11-30T11:13:03.979413,VALIDATION_PASSED,POWERGRID-EQ,BUY,{"price": 2298.86, "confidence": null, "score": null}
2025-11-30T11:13:03.979880,ANALYTICS_APPROVED,POWERGRID-EQ,BUY,{"tv_score": null, "analytics_signal": "ERROR_FALLBACK"}
2025-11-30T11:13:03.980300,POSITION_SIZE_CALCULATED,POWERGRID-EQ,BUY,{"quantity": 4, "required_capital": 1872.4880000000003, "charges": 33.4}
2025-11-30T11:13:03.980439,CAPITAL_CHECK_PASSED,POWERGRID-EQ,BUY,{"available_capital": 20000.0, "available_slots": 10}
2025-11-30T11:13:03.981758,ORDER_PLACING,POWERGRID-EQ,BUY,{"quantity": 4, "price": 2298.86, "order_type": "MARKET"}
2025-11-30T11:13:03.982390,ORDER_PLACEMENT_FAILED,POWERGRID-EQ,BUY,{"reason": "Broker API call failed", "detailed_reason": "Broker API error: Broker API call failed", "rejection_type": "API_ERROR", "quantity": 4, "capital_released": 1872.4880000000003}
2025-11-30T11:13:05.484743,ALERT_RECEIVED,ADANIENT-EQ,BUY,{"price": 1421.14, "confidence": null, "score": null}
2025-11-30T11:13:05.485162,VALIDATION_PASSED,ADANIENT-EQ,BUY,{"price": 1421.14, "confidence": null, "score": null}
2025-11-30T11:13:05.485593,ANALYTICS_APPROVED,ADANIENT-EQ,BUY,{"tv_score": null, "analytics_signal": "ERROR_FALLBACK"}
2025-11-30T11:13:05.486512,POSITION_SIZE_CALCULATED,ADANIENT-EQ,BUY,{"quantity": 6, "required_capital": 1738.0580000000002, "charges": 32.69}
2025-11-30T11:13:05.486666,CAPITAL_CHECK_PASSED,ADANIENT-EQ,BUY,{"available_capital": 20000.0, "available_slots": 10}
2025-11-30T11:13:05.486912,ORDER_PLACING,ADANIENT-EQ,BUY,{"quantity": 6, "price": 1421.14, "order_type": "MARKET"}
2025-11-30T11:13:05.488456,ORDER_PLACEMENT_FAILED,ADANIENT-EQ,BUY,{"reason": "Broker API call failed", "detailed_reason": "Broker API error: Broker API call failed", "rejection_type": "API_ERROR", "quantity": 6, "capital_released": 1738.0580000000002}
2025-11-30T11:13:06.990871,ALERT_RECEIVED,POWERGRID-EQ,BUY,{"price": 2298.07, "confidence": null, "score": null}
2025-11-30T11:13:06.991395,VALIDATION_PASSED,POWERGRID-EQ,BUY,{"price": 2298.07, "confidence": null, "score": null}
2025-11-30T11:13:06.992694,ANALYTICS_APPROVED,POWERGRID-EQ,BUY,{"tv_score": null, "analytics_signal": "ERROR_FALLBACK"}
2025-11-30T11:13:06.993181,POSITION_SIZE_CALCULATED,POWERGRID-EQ,BUY,{"quantity": 4, "required_capital": 1871.8460000000002, "charges": 33.39}
2025-11-30T11:13:06.993326,CAPITAL_CHECK_PASSED,POWERGRID-EQ,BUY,{"available_capital": 20000.0, "available_slots": 10}
2025-11-30T11:13:06.993581,ORDER_PLACING,POWERGRID-EQ,BUY,{"quantity": 4, "price": 2298.07, "order_type": "MARKET"}
2025-11-30T11:13:06.994955,ORDER_PLACEMENT_FAILED,POWERGRID-EQ,BUY,{"reason": "Broker API call failed", "detailed_reason": "Broker API error: Broker API call failed", "rejection_type": "API_ERROR", "quantity": 4, "capital_released": 1871.8460000000002}
2025-11-30T11:13:08.497224,ALERT_RECEIVED,WIPRO-EQ,BUY,{"price": 308.59, "confidence": null, "score": null}
2025-11-30T11:13:08.497739,VALIDATION_PASSED,WIPRO-EQ,BUY,{"price": 308.59, "confidence": null, "score": null}
2025-11-30T11:13:08.498242,ANALYTICS_APPROVED,WIPRO-EQ,BUY,{"tv_score": null, "analytics_signal": "ERROR_FALLBACK"}
2025-11-30T11:13:08.498582,POSITION_SIZE_CALCULATED,WIPRO-EQ,BUY,{"quantity": 31, "required_capital": 1947.0479999999998, "charges": 33.79}
2025-11-30T11:13:08.499290,CAPITAL_CHECK_PASSED,WIPRO-EQ,BUY,{"available_capital": 20000.0, "available_slots": 10}
2025-11-30T11:13:08.499950,ORDER_PLACING,WIPRO-EQ,BUY,{"quantity": 31, "price": 308.59, "order_type": "MARKET"}
2025-11-30T11:13:08.501488,ORDER_PLACEMENT_FAILED,WIPRO-EQ,BUY,{"reason": "Broker API call failed", "detailed_reason": "Broker API error: Broker API call failed", "rejection_type": "API_ERROR", "quantity": 31, "capital_released": 1947.0479999999998}
2025-11-30T11:13:10.003996,ALERT_RECEIVED,AXISBANK-EQ,BUY,{"price": 1385.86, "confidence": null, "score": null}
2025-11-30T11:13:10.004426,VALIDATION_PASSED,AXISBANK-EQ,BUY,{"price": 1385.86, "confidence": null, "score": null}
2025-11-30T11:13:10.005636,ANALYTICS_APPROVED,AXISBANK-EQ,BUY,{"tv_score": null, "analytics_signal": "ERROR_FALLBACK"}
2025-11-30T11:13:10.006057,POSITION_SIZE_CALCULATED,AXISBANK-EQ,BUY,{"quantity": 7, "required_capital": 1974.1439999999998, "charges": 33.94}
2025-11-30T11:13:10.006194,CAPITAL_CHECK_PASSED,AXISBANK-EQ,BUY,{"available_capital": 20000.0, "available_slots": 10}
2025-11-30T11:13:10.006424,ORDER_PLACING,AXISBANK-EQ,BUY,{"quantity": 7, "price": 1385.86, "order_type": "MARKET"}
2025-11-30T11:13:10.008949,ORDER_PLACEMENT_FAILED,AXISBANK-EQ,BUY,{"reason": "Broker API call failed", "detailed_reason": "Broker API error: Broker API call failed", "rejection_type": "API_ERROR", "quantity": 7, "capital_released": 1974.1439999999998}
2025-11-30T11:13:11.511600,ALERT_RECEIVED,ADANIENT-EQ,BUY,{"price": 1421.32, "confidence": null, "score": null}
2025-11-30T11:13:11.511998,VALIDATION_PASSED,ADANIENT-EQ,BUY,{"price": 1421.32, "confidence": null, "score": null}
2025-11-30T11:13:11.513198,ANALYTICS_APPROVED,ADANIENT-EQ,BUY,{"tv_score": null, "analytics_signal": "ERROR_FALLBACK"}
2025-11-30T11:13:11.514193,POSITION_SIZE_CALCULATED,ADANIENT-EQ,BUY,{"quantity": 6, "required_capital": 1738.2740000000001, "charges": 32.69}
2025-11-30T11:13:11.514434,CAPITAL_CHECK_PASSED,ADANIENT-EQ,BUY,{"available_capital": 20000.0, "available_slots": 10}
2025-11-30T11:13:11.515174,ORDER_PLACING,ADANIENT-EQ,BUY,{"quantity": 6, "price": 1421.32, "order_type": "MARKET"}
2025-11-30T11:13:11.516306,ORDER_PLACEMENT_FAILED,ADANIENT-EQ,BUY,{"reason": "Broker API call failed", "detailed_reason": "Broker API error: Broker API call failed", "rejection_type": "API_ERROR", "quantity": 6, "capital_released": 1738.2740000000001}
2025-11-30T11:13:13.018943,ALERT_RECEIVED,ADANIENT-EQ,BUY,{"price": 1420.79, "confidence": null, "score": null}
2025-11-30T11:13:13.019429,VALIDATION_PASSED,ADANIENT-EQ,BUY,{"price": 1420.79, "confidence": null, "score": null}
2025-11-30T11:13:13.020462,ANALYTICS_APPROVED,ADANIENT-EQ,BUY,{"tv_score": null, "analytics_signal": "ERROR_FALLBACK"}
2025-11-30T11:13:13.021068,POSITION_SIZE_CALCULATED,ADANIENT-EQ,BUY,{"quantity": 6, "required_capital": 1737.6280000000002, "charges": 32.68}
2025-11-30T11:13:13.021247,CAPITAL_CHECK_PASSED,ADANIENT-EQ,BUY,{"available_capital": 20000.0, "available_slots": 10}
2025-11-30T11:13:13.021541,ORDER_PLACING,ADANIENT-EQ,BUY,{"quantity": 6, "price": 1420.79, "order_type": "MARKET"}
2025-11-30T11:13:13.022360,ORDER_PLACEMENT_FAILED,ADANIENT-EQ,BUY,{"reason": "Broker API call failed", "detailed_reason": "Broker API error: Broker API call failed", "rejection_type": "API_ERROR", "quantity": 6, "capital_released": 1737.6280000000002}
2025-11-30T11:13:14.524922,ALERT_RECEIVED,ONGC-EQ,BUY,{"price": 1195.11, "confidence": null, "score": null}
2025-11-30T11:13:14.525309,VALIDATION_PASSED,ONGC-EQ,BUY,{"price": 1195.11, "confidence": null, "score": null}
2025-11-30T11:13:14.526853,ANALYTICS_APPROVED,ONGC-EQ,BUY,{"tv_score": null, "analytics_signal": "ERROR_FALLBACK"}
2025-11-30T11:13:14.527498,POSITION_SIZE_CALCULATED,ONGC-EQ,BUY,{"quantity": 8, "required_capital": 1945.966, "charges": 33.79}
2025-11-30T11:13:14.527963,CAPITAL_CHECK_PASSED,ONGC-EQ,BUY,{"available_capital": 20000.0, "available_slots": 10}
2025-11-30T11:13:14.528799,ORDER_PLACING,ONGC-EQ,BUY,{"quantity": 8, "price": 1195.11, "order_type": "MARKET"}
2025-11-30T11:13:14.530881,ORDER_PLACEMENT_FAILED,ONGC-EQ,BUY,{"reason": "Broker API call failed", "detailed_reason": "Broker API error: Broker API call failed", "rejection_type": "API_ERROR", "quantity": 8, "capital_released": 1945.966}
2025-11-30T11:13:16.033389,ALERT_RECEIVED,HDFCBANK-EQ,BUY,{"price": 1208.01, "confidence": null, "score": null}
2025-11-30T11:13:16.033678,VALIDATION_PASSED,HDFCBANK-EQ,BUY,{"price": 1208.01, "confidence": null, "score": null}
2025-11-30T11:13:16.034578,ANALYTICS_APPROVED,HDFCBANK-EQ,BUY,{"tv_score": null, "analytics_signal": "ERROR_FALLBACK"}
2025-11-30T11:13:16.035759,POSITION_SIZE_CALCULATED,HDFCBANK-EQ,BUY,{"quantity": 8, "required_capital": 1966.7160000000001, "charges": 33.9}
2025-11-30T11:13:16.035972,CAPITAL_CHECK_PASSED,HDFCBANK-EQ,BUY,{"available_capital": 20000.0, "available_slots": 10}
2025-11-30T11:13:16.036226,ORDER_PLACING,HDFCBANK-EQ,BUY,{"quantity": 8, "price": 1208.01, "order_type": "MARKET"}
2025-11-30T11:13:16.037721,ORDER_PLACEMENT_FAILED,HDFCBANK-EQ,BUY,{"reason": "Broker API call failed", "detailed_reason": "Broker API error: Broker API call failed", "rejection_type": "API_ERROR", "quantity": 8, "capital_released": 1966.7160000000001}
2025-11-30T11:13:17.540085,ALERT_RECEIVED,BAJFINANCE-EQ,BUY,{"price": 535.9, "confidence": null, "score": null}
2025-11-30T11:13:17.540516,VALIDATION_PASSED,BAJFINANCE-EQ,BUY,{"price": 535.9, "confidence": null, "score": null}
2025-11-30T11:13:17.541060,ANALYTICS_APPROVED,BAJFINANCE-EQ,BUY,{"tv_score": null, "analytics_signal": "ERROR_FALLBACK"}
2025-11-30T11:13:17.541438,POSITION_SIZE_CALCULATED,BAJFINANCE-EQ,BUY,{"quantity": 18, "required_capital": 1963.12, "charges": 33.88}
2025-11-30T11:13:17.541610,CAPITAL_CHECK_PASSED,BAJFINANCE-EQ,BUY,{"available_capital": 20000.0, "available_slots": 10}
2025-11-30T11:13:17.542708,ORDER_PLACING,BAJFINANCE-EQ,BUY,{"quantity": 18, "price": 535.9, "order_type": "MARKET"}
2025-11-30T11:13:17.544167,ORDER_PLACEMENT_FAILED,BAJFINANCE-EQ,BUY,{"reason": "Broker API call failed", "detailed_reason": "Broker API error: Broker API call failed", "rejection_type": "API_ERROR", "quantity": 18, "capital_released": 1963.12}
2025-11-30T11:13:19.047065,ALERT_RECEIVED,HINDUNILVR-EQ,BUY,{"price": 818.63, "confidence": null, "score": null}
2025-11-30T11:13:19.047331,VALIDATION_PASSED,HINDUNILVR-EQ,BUY,{"price": 818.63, "confidence": null, "score": null}
2025-11-30T11:13:19.049341,ANALYTICS_APPROVED,HINDUNILVR-EQ,BUY,{"tv_score": null, "analytics_signal": "ERROR_FALLBACK"}
2025-11-30T11:13:19.049872,POSITION_SIZE_CALCULATED,HINDUNILVR-EQ,BUY,{"quantity": 12, "required_capital": 1998.782, "charges": 34.07}
2025-11-30T11:13:19.050011,CAPITAL_CHECK_PASSED,HINDUNILVR-EQ,BUY,{"available_capital": 20000.0, "available_slots": 10}
2025-11-30T11:13:19.050237,ORDER_PLACING,HINDUNILVR-EQ,BUY,{"quantity": 12, "price": 818.63, "order_type": "MARKET"}
2025-11-30T11:13:19.051780,ORDER_PLACEMENT_FAILED,HINDUNILVR-EQ,BUY,{"reason": "Broker API call failed", "detailed_reason": "Broker API error: Broker API call failed", "rejection_type": "API_ERROR", "quantity": 12, "capital_released": 1998.782}
2025-11-30T11:13:20.554023,ALERT_RECEIVED,LT-EQ,BUY,{"price": 1045.19, "confidence": null, "score": null}
2025-11-30T11:13:20.554618,VALIDATION_PASSED,LT-EQ,BUY,{"price": 1045.19, "confidence": null, "score": null}
2025-11-30T11:13:20.555300,ANALYTICS_APPROVED,LT-EQ,BUY,{"tv_score": null, "analytics_signal": "ERROR_FALLBACK"}
2025-11-30T11:13:20.555620,POSITION_SIZE_CALCULATED,LT-EQ,BUY,{"quantity": 9, "required_capital": 1914.9620000000002, "charges": 33.62}
2025-11-30T11:13:20.556318,CAPITAL_CHECK_PASSED,LT-EQ,BUY,{"available_capital": 20000.0, "available_slots": 10}
2025-11-30T11:13:20.556940,ORDER_PLACING,LT-EQ,BUY,{"quantity": 9, "price": 1045.19, "order_type": "MARKET"}
2025-11-30T11:13:20.558356,ORDER_PLACEMENT_FAILED,LT-EQ,BUY,{"reason": "Broker API call failed", "detailed_reason": "Broker API error: Broker API call failed", "rejection_type": "API_ERROR", "quantity": 9, "capital_released": 1914.9620000000002}
2025-11-30T11:13:22.060798,ALERT_RECEIVED,COALINDIA-EQ,BUY,{"price": 427.8, "confidence": null, "score": null}
2025-11-30T11:13:22.061074,VALIDATION_PASSED,COALINDIA-EQ,BUY,{"price": 427.8, "confidence": null, "score": null}
2025-11-30T11:13:22.061506,ANALYTICS_APPROVED,COALINDIA-EQ,BUY,{"tv_score": null, "analytics_signal": "ERROR_FALLBACK"}
2025-11-30T11:13:22.062511,POSITION_SIZE_CALCULATED,COALINDIA-EQ,BUY,{"quantity": 22, "required_capital": 1915.9500000000003, "charges": 33.63}
2025-11-30T11:13:22.062887,CAPITAL_CHECK_PASSED,COALINDIA-EQ,BUY,{"available_capital": 20000.0, "available_slots": 10}
2025-11-30T11:13:22.063156,ORDER_PLACING,COALINDIA-EQ,BUY,{"quantity": 22, "price": 427.8, "order_type": "MARKET"}
2025-11-30T11:13:22.064987,ORDER_PLACEMENT_FAILED,COALINDIA-EQ,BUY,{"reason": "Broker API call failed", "detailed_reason": "Broker API error: Broker API call failed", "rejection_type": "API_ERROR", "quantity": 22, "capital_released": 1915.9500000000003}
2025-11-30T11:13:23.567514,ALERT_RECEIVED,BEL-EQ,BUY,{"price": 823.39, "confidence": null, "score": null}
2025-11-30T11:13:23.568071,VALIDATION_PASSED,BEL-EQ,BUY,{"price": 823.39, "confidence": null, "score": null}
2025-11-30T11:13:23.568618,ANALYTICS_APPROVED,BEL-EQ,BUY,{"tv_score": null, "analytics_signal": "ERROR_FALLBACK"}
2025-11-30T11:13:23.569711,POSITION_SIZE_CALCULATED,BEL-EQ,BUY,{"quantity": 11, "required_capital": 1844.7079999999999, "charges": 33.25}
2025-11-30T11:13:23.570019,CAPITAL_CHECK_PASSED,BEL-EQ,BUY,{"available_capital": 20000.0, "available_slots": 10}
2025-11-30T11:13:23.570452,ORDER_PLACING,BEL-EQ,BUY,{"quantity": 11, "price": 823.39, "order_type": "MARKET"}
2025-11-30T11:13:23.572286,ORDER_PLACEMENT_FAILED,BEL-EQ,BUY,{"reason": "Broker API call failed", "detailed_reason": "Broker API error: Broker API call failed", "rejection_type": "API_ERROR", "quantity": 11, "capital_released": 1844.7079999999999}
2025-11-30T11:13:25.074734,ALERT_RECEIVED,COALINDIA-EQ,BUY,{"price": 427.96, "confidence": null, "score": null}
2025-11-30T11:13:25.075037,VALIDATION_PASSED,COALINDIA-EQ,BUY,{"price": 427.96, "confidence": null, "score": null}
2025-11-30T11:13:25.075489,ANALYTICS_APPROVED,COALINDIA-EQ,BUY,{"tv_score": null, "analytics_signal": "ERROR_FALLBACK"}
2025-11-30T11:13:25.076568,POSITION_SIZE_CALCULATED,COALINDIA-EQ,BUY,{"quantity": 22, "required_capital": 1916.654, "charges": 33.63}
2025-11-30T11:13:25.076898,CAPITAL_CHECK_PASSED,COALINDIA-EQ,BUY,{"available_capital": 20000.0, "available_slots": 10}
2025-11-30T11:13:25.077223,ORDER_PLACING,COALINDIA-EQ,BUY,{"quantity": 22, "price": 427.96, "order_type": "MARKET"}
2025-11-30T11:13:25.077527,ORDER_PLACEMENT_FAILED,COALINDIA-EQ,BUY,{"reason": "Broker API call failed", "detailed_reason": "Broker API error: Broker API call failed", "rejection_type": "API_ERROR", "quantity": 22, "capital_released": 1916.654}
2025-11-30T11:13:26.580066,ALERT_RECEIVED,BAJFINANCE-EQ,BUY,{"price": 536.2, "confidence": null, "score": null}
2025-11-30T11:13:26.580381,VALIDATION_PASSED,BAJFINANCE-EQ,BUY,{"price": 536.2, "confidence": null, "score": null}
2025-11-30T11:13:26.581473,ANALYTICS_APPROVED,BAJFINANCE-EQ,BUY,{"tv_score": null, "analytics_signal": "ERROR_FALLBACK"}
2025-11-30T11:13:26.582038,POSITION_SIZE_CALCULATED,BAJFINANCE-EQ,BUY,{"quantity": 18, "required_capital": 1964.2000000000003, "charges": 33.88}
2025-11-30T11:13:26.582252,CAPITAL_CHECK_PASSED,BAJFINANCE-EQ,BUY,{"available_capital": 20000.0, "available_slots": 10}
2025-11-30T11:13:26.582997,ORDER_PLACING,BAJFINANCE-EQ,BUY,{"quantity": 18, "price": 536.2, "order_type": "MARKET"}
2025-11-30T11:13:26.584454,ORDER_PLACEMENT_FAILED,BAJFINANCE-EQ,BUY,{"reason": "Broker API call failed", "detailed_reason": "Broker API error: Broker API call failed", "rejection_type": "API_ERROR", "quantity": 18, "capital_released": 1964.2000000000003}
2025-11-30T11:13:28.087066,ALERT_RECEIVED,MARUTI-EQ,BUY,{"price": 1953.47, "confidence": null, "score": null}
2025-11-30T11:13:28.087408,VALIDATION_PASSED,MARUTI-EQ,BUY,{"price": 1953.47, "confidence": null, "score": null}
2025-11-30T11:13:28.088252,ANALYTICS_APPROVED,MARUTI-EQ,BUY,{"tv_score": null, "analytics_signal": "ERROR_FALLBACK"}
2025-11-30T11:13:28.088764,POSITION_SIZE_CALCULATED,MARUTI-EQ,BUY,{"quantity": 5, "required_capital": 1987.4800000000002, "charges": 34.01}
2025-11-30T11:13:28.088900,CAPITAL_CHECK_PASSED,MARUTI-EQ,BUY,{"available_capital": 20000.0, "available_slots": 10}
2025-11-30T11:13:28.089158,ORDER_PLACING,MARUTI-EQ,BUY,{"quantity": 5, "price": 1953.47, "order_type": "MARKET"}
2025-11-30T11:13:28.090740,ORDER_PLACEMENT_FAILED,MARUTI-EQ,BUY,{"reason": "Broker API call failed", "detailed_reason": "Broker API error: Broker API call failed", "rejection_type": "API_ERROR", "quantity": 5, "capital_released": 1987.4800000000002}
2025-11-30T11:13:29.593060,ALERT_RECEIVED,BHARTIARTL-EQ,BUY,{"price": 1055.12, "confidence": null, "score": null}
2025-11-30T11:13:29.593315,VALIDATION_PASSED,BHARTIARTL-EQ,BUY,{"price": 1055.12, "confidence": null, "score": null}
2025-11-30T11:13:29.594250,ANALYTICS_APPROVED,BHARTIARTL-EQ,BUY,{"tv_score": null, "analytics_signal": "ERROR_FALLBACK"}
2025-11-30T11:13:29.594745,POSITION_SIZE_CALCULATED,BHARTIARTL-EQ,BUY,{"quantity": 9, "required_capital": 1932.9359999999997, "charges": 33.72}
2025-11-30T11:13:29.594924,CAPITAL_CHECK_PASSED,BHARTIARTL-EQ,BUY,{"available_capital": 20000.0, "available_slots": 10}
2025-11-30T11:13:29.595196,ORDER_PLACING,BHARTIARTL-EQ,BUY,{"quantity": 9, "price": 1055.12, "order_type": "MARKET"}
2025-11-30T11:13:29.596710,ORDER_PLACEMENT_FAILED,BHARTIARTL-EQ,BUY,{"reason": "Broker API call failed", "detailed_reason": "Broker API error: Broker API call failed", "rejection_type": "API_ERROR", "quantity": 9, "capital_released": 1932.9359999999997}
2025-11-30T11:13:31.098631,ALERT_RECEIVED,BHARTIARTL-EQ,BUY,{"price": 1055.75, "confidence": null, "score": null}
2025-11-30T11:13:31.098886,VALIDATION_PASSED,BHARTIARTL-EQ,BUY,{"price": 1055.75, "confidence": null, "score": null}
2025-11-30T11:13:31.099302,ANALYTICS_APPROVED,BHARTIARTL-EQ,BUY,{"tv_score": null, "analytics_signal": "ERROR_FALLBACK"}
2025-11-30T11:13:31.099618,POSITION_SIZE_CALCULATED,BHARTIARTL-EQ,BUY,{"quantity": 9, "required_capital": 1934.0700000000002, "charges": 33.72}
2025-11-30T11:13:31.101948,CAPITAL_CHECK_PASSED,BHARTIARTL-EQ,BUY,{"available_capital": 20000.0, "available_slots": 10}
2025-11-30T11:13:31.102368,ORDER_PLACING,BHARTIARTL-EQ,BUY,{"quantity": 9, "price": 1055.75, "order_type": "MARKET"}
2025-11-30T11:13:31.104864,ORDER_PLACEMENT_FAILED,BHARTIARTL-EQ,BUY,{"reason": "Broker API call failed", "detailed_reason": "Broker API error: Broker API call failed", "rejection_type": "API_ERROR", "quantity": 9, "capital_released": 1934.0700000000002}
2025-11-30T11:13:32.607294,ALERT_RECEIVED,NESTLEIND-EQ,BUY,{"price": 1786.52, "confidence": null, "score": null}
2025-11-30T11:13:32.607568,VALIDATION_PASSED,NESTLEIND-EQ,BUY,{"price": 1786.52, "confidence": null, "score": null}
2025-11-30T11:13:32.608027,ANALYTICS_APPROVED,NESTLEIND-EQ,BUY,{"tv_score": null, "analytics_signal": "ERROR_FALLBACK"}
2025-11-30T11:13:32.608353,POSITION_SIZE_CALCULATED,NESTLEIND-EQ,BUY,{"quantity": 5, "required_capital": 1819.64, "charges": 33.12}
2025-11-30T11:13:32.608575,CAPITAL_CHECK_PASSED,NESTLEIND-EQ,BUY,{"available_capital": 20000.0, "available_slots": 10}
2025-11-30T11:13:32.609448,ORDER_PLACING,NESTLEIND-EQ,BUY,{"quantity": 5, "price": 1786.52, "order_type": "MARKET"}
2025-11-30T11:13:32.610441,ORDER_PLACEMENT_FAILED,NESTLEIND-EQ,BUY,{"reason": "Broker API call failed", "detailed_reason": "Broker API error: Broker API call failed", "rejection_type": "API_ERROR", "quantity": 5, "capital_released": 1819.64}
2025-11-30T11:13:34.113007,ALERT_RECEIVED,BEL-EQ,BUY,{"price": 824.47, "confidence": null, "score": null}
2025-11-30T11:13:34.113461,VALIDATION_PASSED,BEL-EQ,BUY,{"price": 824.47, "confidence": null, "score": null}
2025-11-30T11:13:34.114037,ANALYTICS_APPROVED,BEL-EQ,BUY,{"tv_score": null, "analytics_signal": "ERROR_FALLBACK"}
2025-11-30T11:13:34.114363,POSITION_SIZE_CALCULATED,BEL-EQ,BUY,{"quantity": 11, "required_capital": 1847.094, "charges": 33.26}
2025-11-30T11:13:34.114488,CAPITAL_CHECK_PASSED,BEL-EQ,BUY,{"available_capital": 20000.0, "available_slots": 10}
2025-11-30T11:13:34.115196,ORDER_PLACING,BEL-EQ,BUY,{"quantity": 11, "price": 824.47, "order_type": "MARKET"}
2025-11-30T11:13:34.116840,ORDER_PLACEMENT_FAILED,BEL-EQ,BUY,{"reason": "Broker API call failed", "detailed_reason": "Broker API error: Broker API call failed", "rejection_type": "API_ERROR", "quantity": 11, "capital_released": 1847.094}
2025-11-30T11:13:35.619247,ALERT_RECEIVED,LT-EQ,BUY,{"price": 1044.8, "confidence": null, "score": null}
2025-11-30T11:13:35.619698,VALIDATION_PASSED,LT-EQ,BUY,{"price": 1044.8, "confidence": null, "score": null}
2025-11-30T11:13:35.620178,ANALYTICS_APPROVED,LT-EQ,BUY,{"tv_score": null, "analytics_signal": "ERROR_FALLBACK"}
2025-11-30T11:13:35.620561,POSITION_SIZE_CALCULATED,LT-EQ,BUY,{"quantity": 9, "required_capital": 1914.2599999999998, "charges": 33.62}
2025-11-30T11:13:35.621111,CAPITAL_CHECK_PASSED,LT-EQ,BUY,{"available_capital": 20000.0, "available_slots": 10}
2025-11-30T11:13:35.622083,ORDER_PLACING,LT-EQ,BUY,{"quantity": 9, "price": 1044.8, "order_type": "MARKET"}
2025-11-30T11:13:35.623407,ORDER_PLACEMENT_FAILED,LT-EQ,BUY,{"reason": "Broker API call failed", "detailed_reason": "Broker API error: Broker API call failed", "rejection_type": "API_ERROR", "quantity": 9, "capital_released": 1914.2599999999998}
2025-11-30T11:13:37.125766,ALERT_RECEIVED,MARUTI-EQ,BUY,{"price": 1953.63, "confidence": null, "score": null}
2025-11-30T11:13:37.126041,VALIDATION_PASSED,MARUTI-EQ,BUY,{"price": 1953.63, "confidence": null, "score": null}
2025-11-30T11:13:37.126466,ANALYTICS_APPROVED,MARUTI-EQ,BUY,{"tv_score": null, "analytics_signal": "ERROR_FALLBACK"}
2025-11-30T11:13:37.127237,POSITION_SIZE_CALCULATED,MARUTI-EQ,BUY,{"quantity": 5, "required_capital": 1987.6400000000003, "charges": 34.01}
2025-11-30T11:13:37.127496,CAPITAL_CHECK_PASSED,MARUTI-EQ,BUY,{"available_capital": 20000.0, "available_slots": 10}
2025-11-30T11:13:37.127834,ORDER_PLACING,MARUTI-EQ,BUY,{"quantity": 5, "price": 1953.63, "order_type": "MARKET"}
2025-11-30T11:13:37.129186,ORDER_PLACEMENT_FAILED,MARUTI-EQ,BUY,{"reason": "Broker API call failed", "detailed_reason": "Broker API error: Broker API call failed", "rejection_type": "API_ERROR", "quantity": 5, "capital_released": 1987.6400000000003}
2025-11-30T11:13:38.631626,ALERT_RECEIVED,LT-EQ,BUY,{"price": 1043.94, "confidence": null, "score": null}
2025-11-30T11:13:38.632094,VALIDATION_PASSED,LT-EQ,BUY,{"price": 1043.94, "confidence": null, "score": null}
2025-11-30T11:13:38.632617,ANALYTICS_APPROVED,LT-EQ,BUY,{"tv_score": null, "analytics_signal": "ERROR_FALLBACK"}
2025-11-30T11:13:38.633324,POSITION_SIZE_CALCULATED,LT-EQ,BUY,{"quantity": 9, "required_capital": 1912.7020000000002, "charges": 33.61}
2025-11-30T11:13:38.633470,CAPITAL_CHECK_PASSED,LT-EQ,BUY,{"available_capital": 20000.0, "available_slots": 10}
2025-11-30T11:13:38.633720,ORDER_PLACING,LT-EQ,BUY,{"quantity": 9, "price": 1043.94, "order_type": "MARKET"}
2025-11-30T11:13:38.634028,ORDER_PLACEMENT_FAILED,LT-EQ,BUY,{"reason": "Broker API call failed", "detailed_reason": "Broker API error: Broker API call failed", "rejection_type": "API_ERROR", "quantity": 9, "capital_released": 1912.7020000000002}
2025-11-30T11:13:40.136003,ALERT_RECEIVED,COALINDIA-EQ,BUY,{"price": 428.36, "confidence": null, "score": null}
2025-11-30T11:13:40.136375,VALIDATION_PASSED,COALINDIA-EQ,BUY,{"price": 428.36, "confidence": null, "score": null}
2025-11-30T11:13:40.137095,ANALYTICS_APPROVED,COALINDIA-EQ,BUY,{"tv_score": null, "analytics_signal": "ERROR_FALLBACK"}
2025-11-30T11:13:40.137414,POSITION_SIZE_CALCULATED,COALINDIA-EQ,BUY,{"quantity": 22, "required_capital": 1918.4240000000002, "charges": 33.64}
2025-11-30T11:13:40.137542,CAPITAL_CHECK_PASSED,COALINDIA-EQ,BUY,{"available_capital": 20000.0, "available_slots": 10}
2025-11-30T11:13:40.138184,ORDER_PLACING,COALINDIA-EQ,BUY,{"quantity": 22, "price": 428.36, "order_type": "MARKET"}
2025-11-30T11:13:40.139165,ORDER_PLACEMENT_FAILED,COALINDIA-EQ,BUY,{"reason": "Broker API call failed", "detailed_reason": "Broker API error: Broker API call failed", "rejection_type": "API_ERROR", "quantity": 22, "capital_released": 1918.4240000000002}
2025-11-30T11:13:41.641675,ALERT_RECEIVED,LT-EQ,BUY,{"price": 1044.18, "confidence": null, "score": null}
2025-11-30T11:13:41.642256,VALIDATION_PASSED,LT-EQ,BUY,{"price": 1044.18, "confidence": null, "score": null}
2025-11-30T11:13:41.643203,ANALYTICS_APPROVED,LT-EQ,BUY,{"tv_score": null, "analytics_signal": "ERROR_FALLBACK"}
2025-11-30T11:13:41.643906,POSITION_SIZE_CALCULATED,LT-EQ,BUY,{"quantity": 9, "required_capital": 1913.1340000000002, "charges": 33.61}
2025-11-30T11:13:41.644280,CAPITAL_CHECK_PASSED,LT-EQ,BUY,{"available_capital": 20000.0, "available_slots": 10}
2025-11-30T11:13:41.644899,ORDER_PLACING,LT-EQ,BUY,{"quantity": 9, "price": 1044.18, "order_type": "MARKET"}
2025-11-30T11:13:41.646627,ORDER_PLACEMENT_FAILED,LT-EQ,BUY,{"reason": "Broker API call failed", "detailed_reason": "Broker API error: Broker API call failed", "rejection_type": "API_ERROR", "quantity": 9, "capital_released": 1913.1340000000002}
2025-11-30T11:13:43.149126,ALERT_RECEIVED,LT-EQ,BUY,{"price": 1044.3, "confidence": null, "score": null}
2025-11-30T11:13:43.149618,VALIDATION_PASSED,LT-EQ,BUY,{"price": 1044.3, "confidence": null, "score": null}
2025-11-30T11:13:43.150356,ANALYTICS_APPROVED,LT-EQ,BUY,{"tv_score": null, "analytics_signal": "ERROR_FALLBACK"}
2025-11-30T11:13:43.150834,POSITION_SIZE_CALCULATED,LT-EQ,BUY,{"quantity": 9, "required_capital": 1913.3499999999997, "charges": 33.61}
2025-11-30T11:13:43.150976,CAPITAL_CHECK_PASSED,LT-EQ,BUY,{"available_capital": 20000.0, "available_slots": 10}
2025-11-30T11:13:43.151288,ORDER_PLACING,LT-EQ,BUY,{"quantity": 9, "price": 1044.3, "order_type": "MARKET"}
2025-11-30T11:13:43.151612,ORDER_PLACEMENT_FAILED,LT-EQ,BUY,{"reason": "Broker API call failed", "detailed_reason": "Broker API error: Broker API call failed", "rejection_type": "API_ERROR", "quantity": 9, "capital_released": 1913.3499999999997}
2025-11-30T11:13:44.654354,ALERT_RECEIVED,BEL-EQ,BUY,{"price": 823.95, "confidence": null, "score": null}
2025-11-30T11:13:44.654619,VALIDATION_PASSED,BEL-EQ,BUY,{"price": 823.95, "confidence": null, "score": null}
2025-11-30T11:13:44.655085,ANALYTICS_APPROVED,BEL-EQ,BUY,{"tv_score": null, "analytics_signal": "ERROR_FALLBACK"}
2025-11-30T11:13:44.655398,POSITION_SIZE_CALCULATED,BEL-EQ,BUY,{"quantity": 11, "required_capital": 1845.9500000000003, "charges": 33.26}
2025-11-30T11:13:44.655519,CAPITAL_CHECK_PASSED,BEL-EQ,BUY,{"available_capital": 20000.0, "available_slots": 10}
2025-11-30T11:13:44.656386,ORDER_PLACING,BEL-EQ,BUY,{"quantity": 11, "price": 823.95, "order_type": "MARKET"}
2025-11-30T11:13:44.657943,ORDER_PLACEMENT_FAILED,BEL-EQ,BUY,{"reason": "Broker API call failed", "detailed_reason": "Broker API error: Broker API call failed", "rejection_type": "API_ERROR", "quantity": 11, "capital_released": 1845.9500000000003}
2025-11-30T11:13:46.160149,ALERT_RECEIVED,BHARTIARTL-EQ,BUY,{"price": 1056.11, "confidence": null, "score": null}
2025-11-30T11:13:46.160699,VALIDATION_PASSED,BHARTIARTL-EQ,BUY,{"price": 1056.11, "confidence": null, "score": null}
2025-11-30T11:13:46.161331,ANALYTICS_APPROVED,BHARTIARTL-EQ,BUY,{"tv_score": null, "analytics_signal": "ERROR_FALLBACK"}
2025-11-30T11:13:46.162048,POSITION_SIZE_CALCULATED,BHARTIARTL-EQ,BUY,{"quantity": 9, "required_capital": 1934.728, "charges": 33.73}
2025-11-30T11:13:46.162336,CAPITAL_CHECK_PASSED,BHARTIARTL-EQ,BUY,{"available_capital": 20000.0, "available_slots": 10}
2025-11-30T11:13:46.162943,ORDER_PLACING,BHARTIARTL-EQ,BUY,{"quantity": 9, "price": 1056.11, "order_type": "MARKET"}
2025-11-30T11:13:46.164295,ORDER_PLACEMENT_FAILED,BHARTIARTL-EQ,BUY,{"reason": "Broker API call failed", "detailed_reason": "Broker API error: Broker API call failed", "rejection_type": "API_ERROR", "quantity": 9, "capital_released": 1934.728}
2025-11-30T11:13:47.666219,ALERT_RECEIVED,MARUTI-EQ,BUY,{"price": 1953.79, "confidence": null, "score": null}
2025-11-30T11:13:47.666500,VALIDATION_PASSED,MARUTI-EQ,BUY,{"price": 1953.79, "confidence": null, "score": null}
2025-11-30T11:13:47.667198,ANALYTICS_APPROVED,MARUTI-EQ,BUY,{"tv_score": null, "analytics_signal": "ERROR_FALLBACK"}
2025-11-30T11:13:47.670261,POSITION_SIZE_CALCULATED,MARUTI-EQ,BUY,{"quantity": 5, "required_capital": 1987.8000000000002, "charges": 34.01}
2025-11-30T11:13:47.670546,CAPITAL_CHECK_PASSED,MARUTI-EQ,BUY,{"available_capital": 20000.0, "available_slots": 10}
2025-11-30T11:13:47.671005,ORDER_PLACING,MARUTI-EQ,BUY,{"quantity": 5, "price": 1953.79, "order_type": "MARKET"}
2025-11-30T11:13:47.674252,ORDER_PLACEMENT_FAILED,MARUTI-EQ,BUY,{"reason": "Broker API call failed", "detailed_reason": "Broker API error: Broker API call failed", "rejection_type": "API_ERROR", "quantity": 5, "capital_released": 1987.8000000000002}
2025-11-30T11:13:49.176741,ALERT_RECEIVED,NESTLEIND-EQ,BUY,{"price": 1786.63, "confidence": null, "score": null}
2025-11-30T11:13:49.177198,VALIDATION_PASSED,NESTLEIND-EQ,BUY,{"price": 1786.63, "confidence": null, "score": null}
2025-11-30T11:13:49.177814,ANALYTICS_APPROVED,NESTLEIND-EQ,BUY,{"tv_score": null, "analytics_signal": "ERROR_FALLBACK"}
2025-11-30T11:13:49.178559,POSITION_SIZE_CALCULATED,NESTLEIND-EQ,BUY,{"quantity": 5, "required_capital": 1819.7500000000002, "charges": 33.12}
2025-11-30T11:13:49.178805,CAPITAL_CHECK_PASSED,NESTLEIND-EQ,BUY,{"available_capital": 20000.0, "available_slots": 10}
2025-11-30T11:13:49.179231,ORDER_PLACING,NESTLEIND-EQ,BUY,{"quantity": 5, "price": 1786.63, "order_type": "MARKET"}
2025-11-30T11:13:49.180762,ORDER_PLACEMENT_FAILED,NESTLEIND-EQ,BUY,{"reason": "Broker API call failed", "detailed_reason": "Broker API error: Broker API call failed", "rejection_type": "API_ERROR", "quantity": 5, "capital_released": 1819.7500000000002}
2025-11-30T11:13:50.683039,ALERT_RECEIVED,HINDUNILVR-EQ,BUY,{"price": 819.32, "confidence": null, "score": null}
2025-11-30T11:13:50.683500,VALIDATION_PASSED,HINDUNILVR-EQ,BUY,{"price": 819.32, "confidence": null, "score": null}
2025-11-30T11:13:50.684122,ANALYTICS_APPROVED,HINDUNILVR-EQ,BUY,{"tv_score": null, "analytics_signal": "ERROR_FALLBACK"}
2025-11-30T11:13:50.684455,POSITION_SIZE_CALCULATED,HINDUNILVR-EQ,BUY,{"quantity": 11, "required_capital": 1835.7040000000002, "charges": 33.2}
2025-11-30T11:13:50.684931,CAPITAL_CHECK_PASSED,HINDUNILVR-EQ,BUY,{"available_capital": 20000.0, "available_slots": 10}
2025-11-30T11:13:50.685669,ORDER_PLACING,HINDUNILVR-EQ,BUY,{"quantity": 11, "price": 819.32, "order_type": "MARKET"}
2025-11-30T11:13:50.687144,ORDER_PLACEMENT_FAILED,HINDUNILVR-EQ,BUY,{"reason": "Broker API call failed", "detailed_reason": "Broker API error: Broker API call failed", "rejection_type": "API_ERROR", "quantity": 11, "capital_released": 1835.7040000000002}
2025-11-30T11:13:52.189522,ALERT_RECEIVED,COALINDIA-EQ,BUY,{"price": 427.98, "confidence": null, "score": null}
2025-11-30T11:13:52.190025,VALIDATION_PASSED,COALINDIA-EQ,BUY,{"price": 427.98, "confidence": null, "score": null}
2025-11-30T11:13:52.190770,ANALYTICS_APPROVED,COALINDIA-EQ,BUY,{"tv_score": null, "analytics_signal": "ERROR_FALLBACK"}
2025-11-30T11:13:52.191373,POSITION_SIZE_CALCULATED,COALINDIA-EQ,BUY,{"quantity": 22, "required_capital": 1916.7420000000004, "charges": 33.63}
2025-11-30T11:13:52.191505,CAPITAL_CHECK_PASSED,COALINDIA-EQ,BUY,{"available_capital": 20000.0, "available_slots": 10}
2025-11-30T11:13:52.192090,ORDER_PLACING,COALINDIA-EQ,BUY,{"quantity": 22, "price": 427.98, "order_type": "MARKET"}
2025-11-30T11:13:52.193241,ORDER_PLACEMENT_FAILED,COALINDIA-EQ,BUY,{"reason": "Broker API call failed", "detailed_reason": "Broker API error: Broker API call failed", "rejection_type": "API_ERROR", "quantity": 22, "capital_released": 1916.7420000000004}
2025-11-30T11:13:53.694825,ALERT_RECEIVED,BHARTIARTL-EQ,BUY,{"price": 1055.17, "confidence": null, "score": null}
2025-11-30T11:13:53.695580,VALIDATION_PASSED,BHARTIARTL-EQ,BUY,{"price": 1055.17, "confidence": null, "score": null}
2025-11-30T11:13:53.696222,ANALYTICS_APPROVED,BHARTIARTL-EQ,BUY,{"tv_score": null, "analytics_signal": "ERROR_FALLBACK"}
2025-11-30T11:13:53.696630,POSITION_SIZE_CALCULATED,BHARTIARTL-EQ,BUY,{"quantity": 9, "required_capital": 1933.0260000000003, "charges": 33.72}
2025-11-30T11:13:53.697088,CAPITAL_CHECK_PASSED,BHARTIARTL-EQ,BUY,{"available_capital": 20000.0, "available_slots": 10}
2025-11-30T11:13:53.697694,ORDER_PLACING,BHARTIARTL-EQ,BUY,{"quantity": 9, "price": 1055.17, "order_type": "MARKET"}
2025-11-30T11:13:53.699345,ORDER_PLACEMENT_FAILED,BHARTIARTL-EQ,BUY,{"reason": "Broker API call failed", "detailed_reason": "Broker API error: Broker API call failed", "rejection_type": "API_ERROR", "quantity": 9, "capital_released": 1933.0260000000003}
2025-11-30T11:13:55.202024,ALERT_RECEIVED,COALINDIA-EQ,BUY,{"price": 427.17, "confidence": null, "score": null}
2025-11-30T11:13:55.202785,VALIDATION_PASSED,COALINDIA-EQ,BUY,{"price": 427.17, "confidence": null, "score": null}
2025-11-30T11:13:55.203857,ANALYTICS_APPROVED,COALINDIA-EQ,BUY,{"tv_score": null, "analytics_signal": "ERROR_FALLBACK"}
2025-11-30T11:13:55.204448,POSITION_SIZE_CALCULATED,COALINDIA-EQ,BUY,{"quantity": 23, "required_capital": 1999.052, "charges": 34.07}
2025-11-30T11:13:55.205096,CAPITAL_CHECK_PASSED,COALINDIA-EQ,BUY,{"available_capital": 20000.0, "available_slots": 10}
2025-11-30T11:13:55.206030,ORDER_PLACING,COALINDIA-EQ,BUY,{"quantity": 23, "price": 427.17, "order_type": "MARKET"}
2025-11-30T11:13:55.206986,ORDER_PLACEMENT_FAILED,COALINDIA-EQ,BUY,{"reason": "Broker API call failed", "detailed_reason": "Broker API error: Broker API call failed", "rejection_type": "API_ERROR", "quantity": 23, "capital_released": 1999.052}
2025-11-30T11:13:56.709594,ALERT_RECEIVED,NESTLEIND-EQ,BUY,{"price": 1787.4, "confidence": null, "score": null}
2025-11-30T11:13:56.710123,VALIDATION_PASSED,NESTLEIND-EQ,BUY,{"price": 1787.4, "confidence": null, "score": null}
2025-11-30T11:13:56.710567,ANALYTICS_APPROVED,NESTLEIND-EQ,BUY,{"tv_score": null, "analytics_signal": "ERROR_FALLBACK"}
2025-11-30T11:13:56.711335,POSITION_SIZE_CALCULATED,NESTLEIND-EQ,BUY,{"quantity": 5, "required_capital": 1820.52, "charges": 33.12}
2025-11-30T11:13:56.711524,CAPITAL_CHECK_PASSED,NESTLEIND-EQ,BUY,{"available_capital": 20000.0, "available_slots": 10}
2025-11-30T11:13:56.711863,ORDER_PLACING,NESTLEIND-EQ,BUY,{"quantity": 5, "price": 1787.4, "order_type": "MARKET"}
2025-11-30T11:13:56.713254,ORDER_PLACEMENT_FAILED,NESTLEIND-EQ,BUY,{"reason": "Broker API call failed", "detailed_reason": "Broker API error: Broker API call failed", "rejection_type": "API_ERROR", "quantity": 5, "capital_released": 1820.52}
2025-11-30T11:13:58.215738,ALERT_RECEIVED,NESTLEIND-EQ,BUY,{"price": 1786.11, "confidence": null, "score": null}
2025-11-30T11:13:58.216298,VALIDATION_PASSED,NESTLEIND-EQ,BUY,{"price": 1786.11, "confidence": null, "score": null}
2025-11-30T11:13:58.217533,ANALYTICS_APPROVED,NESTLEIND-EQ,BUY,{"tv_score": null, "analytics_signal": "ERROR_FALLBACK"}
2025-11-30T11:13:58.218241,POSITION_SIZE_CALCULATED,NESTLEIND-EQ,BUY,{"quantity": 5, "required_capital": 1819.2299999999998, "charges": 33.12}
2025-11-30T11:13:58.218461,CAPITAL_CHECK_PASSED,NESTLEIND-EQ,BUY,{"available_capital": 20000.0, "available_slots": 10}
2025-11-30T11:13:58.219468,ORDER_PLACING,NESTLEIND-EQ,BUY,{"quantity": 5, "price": 1786.11, "order_type": "MARKET"}
2025-11-30T11:13:58.220460,ORDER_PLACEMENT_FAILED,NESTLEIND-EQ,BUY,{"reason": "Broker API call failed", "detailed_reason": "Broker API error: Broker API call failed", "rejection_type": "API_ERROR", "quantity": 5, "capital_released": 1819.2299999999998}
2025-11-30T11:13:59.723213,ALERT_RECEIVED,NESTLEIND-EQ,BUY,{"price": 1785.92, "confidence": null, "score": null}
2025-11-30T11:13:59.723995,VALIDATION_PASSED,NESTLEIND-EQ,BUY,{"price": 1785.92, "confidence": null, "score": null}
2025-11-30T11:13:59.724988,ANALYTICS_APPROVED,NESTLEIND-EQ,BUY,{"tv_score": null, "analytics_signal": "ERROR_FALLBACK"}
2025-11-30T11:13:59.726223,POSITION_SIZE_CALCULATED,NESTLEIND-EQ,BUY,{"quantity": 5, "required_capital": 1819.03, "charges": 33.11}
2025-11-30T11:13:59.726694,CAPITAL_CHECK_PASSED,NESTLEIND-EQ,BUY,{"available_capital": 20000.0, "available_slots": 10}
2025-11-30T11:13:59.727210,ORDER_PLACING,NESTLEIND-EQ,BUY,{"quantity": 5, "price": 1785.92, "order_type": "MARKET"}
2025-11-30T11:13:59.728091,ORDER_PLACEMENT_FAILED,NESTLEIND-EQ,BUY,{"reason": "Broker API call failed", "detailed_reason": "Broker API error: Broker API call failed", "rejection_type": "API_ERROR", "quantity": 5, "capital_released": 1819.03}
2025-11-30T11:14:01.231456,ALERT_RECEIVED,COALINDIA-EQ,BUY,{"price": 428.17, "confidence": null, "score": null}
2025-11-30T11:14:01.231662,VALIDATION_PASSED,COALINDIA-EQ,BUY,{"price": 428.17, "confidence": null, "score": null}
2025-11-30T11:14:01.232131,ANALYTICS_APPROVED,COALINDIA-EQ,BUY,{"tv_score": null, "analytics_signal": "ERROR_FALLBACK"}
2025-11-30T11:14:01.232456,POSITION_SIZE_CALCULATED,COALINDIA-EQ,BUY,{"quantity": 22, "required_capital": 1917.5880000000002, "charges": 33.64}
2025-11-30T11:14:01.233537,CAPITAL_CHECK_PASSED,COALINDIA-EQ,BUY,{"available_capital": 20000.0, "available_slots": 10}
2025-11-30T11:14:01.234138,ORDER_PLACING,COALINDIA-EQ,BUY,{"quantity": 22, "price": 428.17, "order_type": "MARKET"}
2025-11-30T11:14:01.235714,ORDER_PLACEMENT_FAILED,COALINDIA-EQ,BUY,{"reason": "Broker API call failed", "detailed_reason": "Broker API error: Broker API call failed", "rejection_type": "API_ERROR", "quantity": 22, "capital_released": 1917.5880000000002}
2025-11-30T11:14:02.738052,ALERT_RECEIVED,MARUTI-EQ,BUY,{"price": 1953.53, "confidence": null, "score": null}
2025-11-30T11:14:02.738458,VALIDATION_PASSED,MARUTI-EQ,BUY,{"price": 1953.53, "confidence": null, "score": null}
2025-11-30T11:14:02.738923,ANALYTICS_APPROVED,MARUTI-EQ,BUY,{"tv_score": null, "analytics_signal": "ERROR_FALLBACK"}
2025-11-30T11:14:02.739299,POSITION_SIZE_CALCULATED,MARUTI-EQ,BUY,{"quantity": 5, "required_capital": 1987.54, "charges": 34.01}
2025-11-30T11:14:02.739475,CAPITAL_CHECK_PASSED,MARUTI-EQ,BUY,{"available_capital": 20000.0, "available_slots": 10}
2025-11-30T11:14:02.740260,ORDER_PLACING,MARUTI-EQ,BUY,{"quantity": 5, "price": 1953.53, "order_type": "MARKET"}
2025-11-30T11:14:02.741893,ORDER_PLACEMENT_FAILED,MARUTI-EQ,BUY,{"reason": "Broker API call failed", "detailed_reason": "Broker API error: Broker API call failed", "rejection_type": "API_ERROR", "quantity": 5, "capital_released": 1987.54}
2025-11-30T11:14:04.244313,ALERT_RECEIVED,BAJFINANCE-EQ,BUY,{"price": 536.02, "confidence": null, "score": null}
2025-11-30T11:14:04.244688,VALIDATION_PASSED,BAJFINANCE-EQ,BUY,{"price": 536.02, "confidence": null, "score": null}
2025-11-30T11:14:04.245267,ANALYTICS_APPROVED,BAJFINANCE-EQ,BUY,{"tv_score": null, "analytics_signal": "ERROR_FALLBACK"}
2025-11-30T11:14:04.245595,POSITION_SIZE_CALCULATED,BAJFINANCE-EQ,BUY,{"quantity": 18, "required_capital": 1963.5520000000004, "charges": 33.88}
2025-11-30T11:14:04.246231,CAPITAL_CHECK_PASSED,BAJFINANCE-EQ,BUY,{"available_capital": 20000.0, "available_slots": 10}
2025-11-30T11:14:04.246797,ORDER_PLACING,BAJFINANCE-EQ,BUY,{"quantity": 18, "price": 536.02, "order_type": "MARKET"}
2025-11-30T11:14:04.248284,ORDER_PLACEMENT_FAILED,BAJFINANCE-EQ,BUY,{"reason": "Broker API call failed", "detailed_reason": "Broker API error: Broker API call failed", "rejection_type": "API_ERROR", "quantity": 18, "capital_released": 1963.5520000000004}
2025-11-30T11:14:05.750846,ALERT_RECEIVED,BHARTIARTL-EQ,BUY,{"price": 1055.19, "confidence": null, "score": null}
2025-11-30T11:14:05.751113,VALIDATION_PASSED,BHARTIARTL-EQ,BUY,{"price": 1055.19, "confidence": null, "score": null}
2025-11-30T11:14:05.751568,ANALYTICS_APPROVED,BHARTIARTL-EQ,BUY,{"tv_score": null, "analytics_signal": "ERROR_FALLBACK"}
2025-11-30T11:14:05.752461,POSITION_SIZE_CALCULATED,BHARTIARTL-EQ,BUY,{"quantity": 9, "required_capital": 1933.0620000000004, "charges": 33.72}
2025-11-30T11:14:05.752849,CAPITAL_CHECK_PASSED,BHARTIARTL-EQ,BUY,{"available_capital": 20000.0, "available_slots": 10}
2025-11-30T11:14:05.753137,ORDER_PLACING,BHARTIARTL-EQ,BUY,{"quantity": 9, "price": 1055.19, "order_type": "MARKET"}
2025-11-30T11:14:05.754585,ORDER_PLACEMENT_FAILED,BHARTIARTL-EQ,BUY,{"reason": "Broker API call failed", "detailed_reason": "Broker API error: Broker API call failed", "rejection_type": "API_ERROR", "quantity": 9, "capital_released": 1933.0620000000004}
2025-11-30T11:14:07.256883,ALERT_RECEIVED,ICICIBANK-EQ,BUY,{"price": 478.32, "confidence": null, "score": null}
2025-11-30T11:14:07.257480,VALIDATION_PASSED,ICICIBANK-EQ,BUY,{"price": 478.32, "confidence": null, "score": null}
2025-11-30T11:14:07.258184,ANALYTICS_APPROVED,ICICIBANK-EQ,BUY,{"tv_score": null, "analytics_signal": "ERROR_FALLBACK"}
2025-11-30T11:14:07.258494,POSITION_SIZE_CALCULATED,ICICIBANK-EQ,BUY,{"quantity": 20, "required_capital": 1947.07, "charges": 33.79}
2025-11-30T11:14:07.258625,CAPITAL_CHECK_PASSED,ICICIBANK-EQ,BUY,{"available_capital": 20000.0, "available_slots": 10}
2025-11-30T11:14:07.259386,ORDER_PLACING,ICICIBANK-EQ,BUY,{"quantity": 20, "price": 478.32, "order_type": "MARKET"}
2025-11-30T11:14:07.260552,ORDER_PLACEMENT_FAILED,ICICIBANK-EQ,BUY,{"reason": "Broker API call failed", "detailed_reason": "Broker API error: Broker API call failed", "rejection_type": "API_ERROR", "quantity": 20, "capital_released": 1947.07}
2025-11-30T11:14:08.762980,ALERT_RECEIVED,TCS-EQ,BUY,{"price": 2241.53, "confidence": null, "score": null}
2025-11-30T11:14:08.763522,VALIDATION_PASSED,TCS-EQ,BUY,{"price": 2241.53, "confidence": null, "score": null}
2025-11-30T11:14:08.764105,ANALYTICS_APPROVED,TCS-EQ,BUY,{"tv_score": null, "analytics_signal": "ERROR_FALLBACK"}
2025-11-30T11:14:08.764564,POSITION_SIZE_CALCULATED,TCS-EQ,BUY,{"quantity": 4, "required_capital": 1826.3740000000003, "charges": 33.15}
2025-11-30T11:14:08.765050,CAPITAL_CHECK_PASSED,TCS-EQ,BUY,{"available_capital": 20000.0, "available_slots": 10}
2025-11-30T11:14:08.765554,ORDER_PLACING,TCS-EQ,BUY,{"quantity": 4, "price": 2241.53, "order_type": "MARKET"}
2025-11-30T11:14:08.766516,ORDER_PLACEMENT_FAILED,TCS-EQ,BUY,{"reason": "Broker API call failed", "detailed_reason": "Broker API error: Broker API call failed", "rejection_type": "API_ERROR", "quantity": 4, "capital_released": 1826.3740000000003}
2025-11-30T11:14:10.269052,ALERT_RECEIVED,ICICIBANK-EQ,BUY,{"price": 478.93, "confidence": null, "score": null}
2025-11-30T11:14:10.269634,VALIDATION_PASSED,ICICIBANK-EQ,BUY,{"price": 478.93, "confidence": null, "score": null}
2025-11-30T11:14:10.270174,ANALYTICS_APPROVED,ICICIBANK-EQ,BUY,{"tv_score": null, "analytics_signal": "ERROR_FALLBACK"}
2025-11-30T11:14:10.270478,POSITION_SIZE_CALCULATED,ICICIBANK-EQ,BUY,{"quantity": 20, "required_capital": 1949.5300000000002, "charges": 33.81}
2025-11-30T11:14:10.270600,CAPITAL_CHECK_PASSED,ICICIBANK-EQ,BUY,{"available_capital": 20000.0, "available_slots": 10}
2025-11-30T11:14:10.271330,ORDER_PLACING,ICICIBANK-EQ,BUY,{"quantity": 20, "price": 478.93, "order_type": "MARKET"}
2025-11-30T11:14:10.271871,ORDER_PLACEMENT_FAILED,ICICIBANK-EQ,BUY,{"reason": "Broker API call failed", "detailed_reason": "Broker API error: Broker API call failed", "rejection_type": "API_ERROR", "quantity": 20, "capital_released": 1949.5300000000002}
2025-11-30T11:14:11.774204,ALERT_RECEIVED,KOTAKBANK-EQ,BUY,{"price": 2429.06, "confidence": null, "score": null}
2025-11-30T11:14:11.774674,VALIDATION_PASSED,KOTAKBANK-EQ,BUY,{"price": 2429.06, "confidence": null, "score": null}
2025-11-30T11:14:11.775405,ANALYTICS_APPROVED,KOTAKBANK-EQ,BUY,{"tv_score": null, "analytics_signal": "ERROR_FALLBACK"}
2025-11-30T11:14:11.776013,POSITION_SIZE_CALCULATED,KOTAKBANK-EQ,BUY,{"quantity": 4, "required_capital": 1977.198, "charges": 33.95}
2025-11-30T11:14:11.776155,CAPITAL_CHECK_PASSED,KOTAKBANK-EQ,BUY,{"available_capital": 20000.0, "available_slots": 10}
2025-11-30T11:14:11.776431,ORDER_PLACING,KOTAKBANK-EQ,BUY,{"quantity": 4, "price": 2429.06, "order_type": "MARKET"}
2025-11-30T11:14:11.778039,ORDER_PLACEMENT_FAILED,KOTAKBANK-EQ,BUY,{"reason": "Broker API call failed", "detailed_reason": "Broker API error: Broker API call failed", "rejection_type": "API_ERROR", "quantity": 4, "capital_released": 1977.198}
2025-11-30T11:14:13.280242,ALERT_RECEIVED,SUNPHARMA-EQ,BUY,{"price": 484.24, "confidence": null, "score": null}
2025-11-30T11:14:13.282361,VALIDATION_PASSED,SUNPHARMA-EQ,BUY,{"price": 484.24, "confidence": null, "score": null}
2025-11-30T11:14:13.283463,ANALYTICS_APPROVED,SUNPHARMA-EQ,BUY,{"tv_score": null, "analytics_signal": "ERROR_FALLBACK"}
2025-11-30T11:14:13.285177,POSITION_SIZE_CALCULATED,SUNPHARMA-EQ,BUY,{"quantity": 20, "required_capital": 1970.88, "charges": 33.92}
2025-11-30T11:14:13.285406,CAPITAL_CHECK_PASSED,SUNPHARMA-EQ,BUY,{"available_capital": 20000.0, "available_slots": 10}
2025-11-30T11:14:13.287929,ORDER_PLACING,SUNPHARMA-EQ,BUY,{"quantity": 20, "price": 484.24, "order_type": "MARKET"}
2025-11-30T11:14:13.290564,ORDER_PLACEMENT_FAILED,SUNPHARMA-EQ,BUY,{"reason": "Broker API call failed", "detailed_reason": "Broker API error: Broker API call failed", "rejection_type": "API_ERROR", "quantity": 20, "capital_released": 1970.88}
2025-11-30T11:14:14.794153,ALERT_RECEIVED,TCS-EQ,BUY,{"price": 2242.61, "confidence": null, "score": null}
2025-11-30T11:14:14.794412,VALIDATION_PASSED,TCS-EQ,BUY,{"price": 2242.61, "confidence": null, "score": null}
2025-11-30T11:14:14.794920,ANALYTICS_APPROVED,TCS-EQ,BUY,{"tv_score": null, "analytics_signal": "ERROR_FALLBACK"}
2025-11-30T11:14:14.795281,POSITION_SIZE_CALCULATED,TCS-EQ,BUY,{"quantity": 4, "required_capital": 1827.2480000000003, "charges": 33.16}
2025-11-30T11:14:14.795408,CAPITAL_CHECK_PASSED,TCS-EQ,BUY,{"available_capital": 20000.0, "available_slots": 10}
2025-11-30T11:14:14.796296,ORDER_PLACING,TCS-EQ,BUY,{"quantity": 4, "price": 2242.61, "order_type": "MARKET"}
2025-11-30T11:14:14.797799,ORDER_PLACEMENT_FAILED,TCS-EQ,BUY,{"reason": "Broker API call failed", "detailed_reason": "Broker API error: Broker API call failed", "rejection_type": "API_ERROR", "quantity": 4, "capital_released": 1827.2480000000003}
2025-11-30T11:14:16.300144,ALERT_RECEIVED,BHARTIARTL-EQ,BUY,{"price": 1055.93, "confidence": null, "score": null}
2025-11-30T11:14:16.300408,VALIDATION_PASSED,BHARTIARTL-EQ,BUY,{"price": 1055.93, "confidence": null, "score": null}
2025-11-30T11:14:16.301038,ANALYTICS_APPROVED,BHARTIARTL-EQ,BUY,{"tv_score": null, "analytics_signal": "ERROR_FALLBACK"}
2025-11-30T11:14:16.301380,POSITION_SIZE_CALCULATED,BHARTIARTL-EQ,BUY,{"quantity": 9, "required_capital": 1934.4040000000002, "charges": 33.73}
2025-11-30T11:14:16.301507,CAPITAL_CHECK_PASSED,BHARTIARTL-EQ,BUY,{"available_capital": 20000.0, "available_slots": 10}
2025-11-30T11:14:16.302572,ORDER_PLACING,BHARTIARTL-EQ,BUY,{"quantity": 9, "price": 1055.93, "order_type": "MARKET"}
2025-11-30T11:14:16.303973,ORDER_PLACEMENT_FAILED,BHARTIARTL-EQ,BUY,{"reason": "Broker API call failed", "detailed_reason": "Broker API error: Broker API call failed", "rejection_type": "API_ERROR", "quantity": 9, "capital_released": 1934.4040000000002}
2025-11-30T11:14:17.806352,ALERT_RECEIVED,ICICIBANK-EQ,BUY,{"price": 479.03, "confidence": null, "score": null}
2025-11-30T11:14:17.807047,VALIDATION_PASSED,ICICIBANK-EQ,BUY,{"price": 479.03, "confidence": null, "score": null}
2025-11-30T11:14:17.807580,ANALYTICS_APPROVED,ICICIBANK-EQ,BUY,{"tv_score": null, "analytics_signal": "ERROR_FALLBACK"}
2025-11-30T11:14:17.808199,POSITION_SIZE_CALCULATED,ICICIBANK-EQ,BUY,{"quantity": 20, "required_capital": 1949.9299999999998, "charges": 33.81}
2025-11-30T11:14:17.808340,CAPITAL_CHECK_PASSED,ICICIBANK-EQ,BUY,{"available_capital": 20000.0, "available_slots": 10}
2025-11-30T11:14:17.808867,ORDER_PLACING,ICICIBANK-EQ,BUY,{"quantity": 20, "price": 479.03, "order_type": "MARKET"}
2025-11-30T11:14:17.810045,ORDER_PLACEMENT_FAILED,ICICIBANK-EQ,BUY,{"reason": "Broker API call failed", "detailed_reason": "Broker API error: Broker API call failed", "rejection_type": "API_ERROR", "quantity": 20, "capital_released": 1949.9299999999998}
2025-11-30T11:14:19.312385,ALERT_RECEIVED,TCS-EQ,BUY,{"price": 2242.54, "confidence": null, "score": null}
2025-11-30T11:14:19.312800,VALIDATION_PASSED,TCS-EQ,BUY,{"price": 2242.54, "confidence": null, "score": null}
2025-11-30T11:14:19.313326,ANALYTICS_APPROVED,TCS-EQ,BUY,{"tv_score": null, "analytics_signal": "ERROR_FALLBACK"}
2025-11-30T11:14:19.314328,POSITION_SIZE_CALCULATED,TCS-EQ,BUY,{"quantity": 4, "required_capital": 1827.1920000000002, "charges": 33.16}
2025-11-30T11:14:19.314706,CAPITAL_CHECK_PASSED,TCS-EQ,BUY,{"available_capital": 20000.0, "available_slots": 10}
2025-11-30T11:14:19.315269,ORDER_PLACING,TCS-EQ,BUY,{"quantity": 4, "price": 2242.54, "order_type": "MARKET"}
2025-11-30T11:14:19.315593,ORDER_PLACEMENT_FAILED,TCS-EQ,BUY,{"reason": "Broker API call failed", "detailed_reason": "Broker API error: Broker API call failed", "rejection_type": "API_ERROR", "quantity": 4, "capital_released": 1827.1920000000002}
2025-11-30T11:14:20.819155,ALERT_RECEIVED,ICICIBANK-EQ,BUY,{"price": 478.44, "confidence": null, "score": null}
2025-11-30T11:14:20.819526,VALIDATION_PASSED,ICICIBANK-EQ,BUY,{"price": 478.44, "confidence": null, "score": null}
2025-11-30T11:14:20.820052,ANALYTICS_APPROVED,ICICIBANK-EQ,BUY,{"tv_score": null, "analytics_signal": "ERROR_FALLBACK"}
2025-11-30T11:14:20.820367,POSITION_SIZE_CALCULATED,ICICIBANK-EQ,BUY,{"quantity": 20, "required_capital": 1947.56, "charges": 33.8}
2025-11-30T11:14:20.820531,CAPITAL_CHECK_PASSED,ICICIBANK-EQ,BUY,{"available_capital": 20000.0, "available_slots": 10}
2025-11-30T11:14:20.823983,ORDER_PLACING,ICICIBANK-EQ,BUY,{"quantity": 20, "price": 478.44, "order_type": "MARKET"}
2025-11-30T11:14:20.824347,ORDER_PLACEMENT_FAILED,ICICIBANK-EQ,BUY,{"reason": "Broker API call failed", "detailed_reason": "Broker API error: Broker API call failed", "rejection_type": "API_ERROR", "quantity": 20, "capital_released": 1947.56}
2025-11-30T11:14:22.326983,ALERT_RECEIVED,ICICIBANK-EQ,BUY,{"price": 477.85, "confidence": null, "score": null}
2025-11-30T11:14:22.327249,VALIDATION_PASSED,ICICIBANK-EQ,BUY,{"price": 477.85, "confidence": null, "score": null}
2025-11-30T11:14:22.327954,ANALYTICS_APPROVED,ICICIBANK-EQ,BUY,{"tv_score": null, "analytics_signal": "ERROR_FALLBACK"}
2025-11-30T11:14:22.328384,POSITION_SIZE_CALCULATED,ICICIBANK-EQ,BUY,{"quantity": 20, "required_capital": 1945.18, "charges": 33.78}
2025-11-30T11:14:22.328636,CAPITAL_CHECK_PASSED,ICICIBANK-EQ,BUY,{"available_capital": 20000.0, "available_slots": 10}
2025-11-30T11:14:22.329665,ORDER_PLACING,ICICIBANK-EQ,BUY,{"quantity": 20, "price": 477.85, "order_type": "MARKET"}
2025-11-30T11:14:22.330519,ORDER_PLACEMENT_FAILED,ICICIBANK-EQ,BUY,{"reason": "Broker API call failed", "detailed_reason": "Broker API error: Broker API call failed", "rejection_type": "API_ERROR", "quantity": 20, "capital_released": 1945.18}
2025-11-30T11:14:23.832962,ALERT_RECEIVED,BHARTIARTL-EQ,BUY,{"price": 1055.44, "confidence": null, "score": null}
2025-11-30T11:14:23.833405,VALIDATION_PASSED,BHARTIARTL-EQ,BUY,{"price": 1055.44, "confidence": null, "score": null}
2025-11-30T11:14:23.834253,ANALYTICS_APPROVED,BHARTIARTL-EQ,BUY,{"tv_score": null, "analytics_signal": "ERROR_FALLBACK"}
2025-11-30T11:14:23.834593,POSITION_SIZE_CALCULATED,BHARTIARTL-EQ,BUY,{"quantity": 9, "required_capital": 1933.5120000000004, "charges": 33.72}
2025-11-30T11:14:23.834742,CAPITAL_CHECK_PASSED,BHARTIARTL-EQ,BUY,{"available_capital": 20000.0, "available_slots": 10}
2025-11-30T11:14:23.834974,ORDER_PLACING,BHARTIARTL-EQ,BUY,{"quantity": 9, "price": 1055.44, "order_type": "MARKET"}
2025-11-30T11:14:23.836413,ORDER_PLACEMENT_FAILED,BHARTIARTL-EQ,BUY,{"reason": "Broker API call failed", "detailed_reason": "Broker API error: Broker API call failed", "rejection_type": "API_ERROR", "quantity": 9, "capital_released": 1933.5120000000004}
2025-11-30T11:14:25.338853,ALERT_RECEIVED,BHARTIARTL-EQ,BUY,{"price": 1055.5, "confidence": null, "score": null}
2025-11-30T11:14:25.339120,VALIDATION_PASSED,BHARTIARTL-EQ,BUY,{"price": 1055.5, "confidence": null, "score": null}
2025-11-30T11:14:25.339573,ANALYTICS_APPROVED,BHARTIARTL-EQ,BUY,{"tv_score": null, "analytics_signal": "ERROR_FALLBACK"}
2025-11-30T11:14:25.340815,POSITION_SIZE_CALCULATED,BHARTIARTL-EQ,BUY,{"quantity": 9, "required_capital": 1933.6200000000001, "charges": 33.72}
2025-11-30T11:14:25.341165,CAPITAL_CHECK_PASSED,BHARTIARTL-EQ,BUY,{"available_capital": 20000.0, "available_slots": 10}
2025-11-30T11:14:25.341526,ORDER_PLACING,BHARTIARTL-EQ,BUY,{"quantity": 9, "price": 1055.5, "order_type": "MARKET"}
2025-11-30T11:14:25.342285,ORDER_PLACEMENT_FAILED,BHARTIARTL-EQ,BUY,{"reason": "Broker API call failed", "detailed_reason": "Broker API error: Broker API call failed", "rejection_type": "API_ERROR", "quantity": 9, "capital_released": 1933.6200000000001}
2025-11-30T11:14:26.844785,ALERT_RECEIVED,COALINDIA-EQ,BUY,{"price": 427.65, "confidence": null, "score": null}
2025-11-30T11:14:26.845359,VALIDATION_PASSED,COALINDIA-EQ,BUY,{"price": 427.65, "confidence": null, "score": null}
2025-11-30T11:14:26.846089,ANALYTICS_APPROVED,COALINDIA-EQ,BUY,{"tv_score": null, "analytics_signal": "ERROR_FALLBACK"}
2025-11-30T11:14:26.846410,POSITION_SIZE_CALCULATED,COALINDIA-EQ,BUY,{"quantity": 22, "required_capital": 1915.2799999999997, "charges": 33.62}
2025-11-30T11:14:26.846532,CAPITAL_CHECK_PASSED,COALINDIA-EQ,BUY,{"available_capital": 20000.0, "available_slots": 10}
2025-11-30T11:14:26.847179,ORDER_PLACING,COALINDIA-EQ,BUY,{"quantity": 22, "price": 427.65, "order_type": "MARKET"}
2025-11-30T11:14:26.848387,ORDER_PLACEMENT_FAILED,COALINDIA-EQ,BUY,{"reason": "Broker API call failed", "detailed_reason": "Broker API error: Broker API call failed", "rejection_type": "API_ERROR", "quantity": 22, "capital_released": 1915.2799999999997}
2025-11-30T11:14:28.350912,ALERT_RECEIVED,M&M-EQ,BUY,{"price": 337.69, "confidence": null, "score": null}
2025-11-30T11:14:28.351399,VALIDATION_PASSED,M&M-EQ,BUY,{"price": 337.69, "confidence": null, "score": null}
2025-11-30T11:14:28.352098,ANALYTICS_APPROVED,M&M-EQ,BUY,{"tv_score": null, "analytics_signal": "ERROR_FALLBACK"}
2025-11-30T11:14:28.352438,POSITION_SIZE_CALCULATED,M&M-EQ,BUY,{"quantity": 29, "required_capital": 1992.632, "charges": 34.03}
2025-11-30T11:14:28.352641,CAPITAL_CHECK_PASSED,M&M-EQ,BUY,{"available_capital": 20000.0, "available_slots": 10}
2025-11-30T11:14:28.353395,ORDER_PLACING,M&M-EQ,BUY,{"quantity": 29, "price": 337.69, "order_type": "MARKET"}
2025-11-30T11:14:28.354242,ORDER_PLACEMENT_FAILED,M&M-EQ,BUY,{"reason": "Broker API call failed", "detailed_reason": "Broker API error: Broker API call failed", "rejection_type": "API_ERROR", "quantity": 29, "capital_released": 1992.632}
2025-11-30T11:14:29.856766,ALERT_RECEIVED,MARUTI-EQ,BUY,{"price": 1954.66, "confidence": null, "score": null}
2025-11-30T11:14:29.857213,VALIDATION_PASSED,MARUTI-EQ,BUY,{"price": 1954.66, "confidence": null, "score": null}
2025-11-30T11:14:29.858301,ANALYTICS_APPROVED,MARUTI-EQ,BUY,{"tv_score": null, "analytics_signal": "ERROR_FALLBACK"}
2025-11-30T11:14:29.858828,POSITION_SIZE_CALCULATED,MARUTI-EQ,BUY,{"quantity": 5, "required_capital": 1988.6700000000003, "charges": 34.01}
2025-11-30T11:14:29.858962,CAPITAL_CHECK_PASSED,MARUTI-EQ,BUY,{"available_capital": 20000.0, "available_slots": 10}
2025-11-30T11:14:29.859203,ORDER_PLACING,MARUTI-EQ,BUY,{"quantity": 5, "price": 1954.66, "order_type": "MARKET"}
2025-11-30T11:14:29.860691,ORDER_PLACEMENT_FAILED,MARUTI-EQ,BUY,{"reason": "Broker API call failed", "detailed_reason": "Broker API error: Broker API call failed", "rejection_type": "API_ERROR", "quantity": 5, "capital_released": 1988.6700000000003}
2025-11-30T11:14:31.364955,ALERT_RECEIVED,POWERGRID-EQ,BUY,{"price": 2298.12, "confidence": null, "score": null}
2025-11-30T11:14:31.365329,VALIDATION_PASSED,POWERGRID-EQ,BUY,{"price": 2298.12, "confidence": null, "score": null}
2025-11-30T11:14:31.368270,ANALYTICS_APPROVED,POWERGRID-EQ,BUY,{"tv_score": null, "analytics_signal": "ERROR_FALLBACK"}
2025-11-30T11:14:31.371162,POSITION_SIZE_CALCULATED,POWERGRID-EQ,BUY,{"quantity": 4, "required_capital": 1871.8860000000002, "charges": 33.39}
2025-11-30T11:14:31.371413,CAPITAL_CHECK_PASSED,POWERGRID-EQ,BUY,{"available_capital": 20000.0, "available_slots": 10}
2025-11-30T11:14:31.373697,ORDER_PLACING,POWERGRID-EQ,BUY,{"quantity": 4, "price": 2298.12, "order_type": "MARKET"}
2025-11-30T11:14:31.377328,ORDER_PLACEMENT_FAILED,POWERGRID-EQ,BUY,{"reason": "Broker API call failed", "detailed_reason": "Broker API error: Broker API call failed", "rejection_type": "API_ERROR", "quantity": 4, "capital_released": 1871.8860000000002}
2025-11-30T11:14:32.879891,ALERT_RECEIVED,MARUTI-EQ,BUY,{"price": 1953.57, "confidence": null, "score": null}
2025-11-30T11:14:32.880157,VALIDATION_PASSED,MARUTI-EQ,BUY,{"price": 1953.57, "confidence": null, "score": null}
2025-11-30T11:14:32.881148,ANALYTICS_APPROVED,MARUTI-EQ,BUY,{"tv_score": null, "analytics_signal": "ERROR_FALLBACK"}
2025-11-30T11:14:32.881734,POSITION_SIZE_CALCULATED,MARUTI-EQ,BUY,{"quantity": 5, "required_capital": 1987.5800000000002, "charges": 34.01}
2025-11-30T11:14:32.881875,CAPITAL_CHECK_PASSED,MARUTI-EQ,BUY,{"available_capital": 20000.0, "available_slots": 10}
2025-11-30T11:14:32.882121,ORDER_PLACING,MARUTI-EQ,BUY,{"quantity": 5, "price": 1953.57, "order_type": "MARKET"}
2025-11-30T11:14:32.882460,ORDER_PLACEMENT_FAILED,MARUTI-EQ,BUY,{"reason": "Broker API call failed", "detailed_reason": "Broker API error: Broker API call failed", "rejection_type": "API_ERROR", "quantity": 5, "capital_released": 1987.5800000000002}
2025-11-30T11:14:34.385599,ALERT_RECEIVED,ICICIBANK-EQ,BUY,{"price": 479.01, "confidence": null, "score": null}
2025-11-30T11:14:34.385904,VALIDATION_PASSED,ICICIBANK-EQ,BUY,{"price": 479.01, "confidence": null, "score": null}
2025-11-30T11:14:34.386392,ANALYTICS_APPROVED,ICICIBANK-EQ,BUY,{"tv_score": null, "analytics_signal": "ERROR_FALLBACK"}
2025-11-30T11:14:34.387272,POSITION_SIZE_CALCULATED,ICICIBANK-EQ,BUY,{"quantity": 20, "required_capital": 1949.8500000000001, "charges": 33.81}
2025-11-30T11:14:34.387550,CAPITAL_CHECK_PASSED,ICICIBANK-EQ,BUY,{"available_capital": 20000.0, "available_slots": 10}
2025-11-30T11:14:34.387835,ORDER_PLACING,ICICIBANK-EQ,BUY,{"quantity": 20, "price": 479.01, "order_type": "MARKET"}
2025-11-30T11:14:34.389265,ORDER_PLACEMENT_FAILED,ICICIBANK-EQ,BUY,{"reason": "Broker API call failed", "detailed_reason": "Broker API error: Broker API call failed", "rejection_type": "API_ERROR", "quantity": 20, "capital_released": 1949.8500000000001}
2025-11-30T11:14:35.891755,ALERT_RECEIVED,TCS-EQ,BUY,{"price": 2241.44, "confidence": null, "score": null}
2025-11-30T11:14:35.892142,VALIDATION_PASSED,TCS-EQ,BUY,{"price": 2241.44, "confidence": null, "score": null}
2025-11-30T11:14:35.893575,ANALYTICS_APPROVED,TCS-EQ,BUY,{"tv_score": null, "analytics_signal": "ERROR_FALLBACK"}
2025-11-30T11:14:35.894247,POSITION_SIZE_CALCULATED,TCS-EQ,BUY,{"quantity": 4, "required_capital": 1826.3020000000001, "charges": 33.15}
2025-11-30T11:14:35.894387,CAPITAL_CHECK_PASSED,TCS-EQ,BUY,{"available_capital": 20000.0, "available_slots": 10}
2025-11-30T11:14:35.895311,ORDER_PLACING,TCS-EQ,BUY,{"quantity": 4, "price": 2241.44, "order_type": "MARKET"}
2025-11-30T11:14:35.896387,ORDER_PLACEMENT_FAILED,TCS-EQ,BUY,{"reason": "Broker API call failed", "detailed_reason": "Broker API error: Broker API call failed", "rejection_type": "API_ERROR", "quantity": 4, "capital_released": 1826.3020000000001}
2025-11-30T11:14:37.398771,ALERT_RECEIVED,MARUTI-EQ,BUY,{"price": 1954.71, "confidence": null, "score": null}
2025-11-30T11:14:37.399128,VALIDATION_PASSED,MARUTI-EQ,BUY,{"price": 1954.71, "confidence": null, "score": null}
2025-11-30T11:14:37.399548,ANALYTICS_APPROVED,MARUTI-EQ,BUY,{"tv_score": null, "analytics_signal": "ERROR_FALLBACK"}
2025-11-30T11:14:37.400464,POSITION_SIZE_CALCULATED,MARUTI-EQ,BUY,{"quantity": 5, "required_capital": 1988.72, "charges": 34.01}
2025-11-30T11:14:37.400863,CAPITAL_CHECK_PASSED,MARUTI-EQ,BUY,{"available_capital": 20000.0, "available_slots": 10}
2025-11-30T11:14:37.401239,ORDER_PLACING,MARUTI-EQ,BUY,{"quantity": 5, "price": 1954.71, "order_type": "MARKET"}
2025-11-30T11:14:37.402580,ORDER_PLACEMENT_FAILED,MARUTI-EQ,BUY,{"reason": "Broker API call failed", "detailed_reason": "Broker API error: Broker API call failed", "rejection_type": "API_ERROR", "quantity": 5, "capital_released": 1988.72}
2025-11-30T11:14:38.905136,ALERT_RECEIVED,SUNPHARMA-EQ,BUY,{"price": 483.44, "confidence": null, "score": null}
2025-11-30T11:14:38.905694,VALIDATION_PASSED,SUNPHARMA-EQ,BUY,{"price": 483.44, "confidence": null, "score": null}
2025-11-30T11:14:38.906148,ANALYTICS_APPROVED,SUNPHARMA-EQ,BUY,{"tv_score": null, "analytics_signal": "ERROR_FALLBACK"}
2025-11-30T11:14:38.906446,POSITION_SIZE_CALCULATED,SUNPHARMA-EQ,BUY,{"quantity": 20, "required_capital": 1967.66, "charges": 33.9}
2025-11-30T11:14:38.906566,CAPITAL_CHECK_PASSED,SUNPHARMA-EQ,BUY,{"available_capital": 20000.0, "available_slots": 10}
2025-11-30T11:14:38.907571,ORDER_PLACING,SUNPHARMA-EQ,BUY,{"quantity": 20, "price": 483.44, "order_type": "MARKET"}
2025-11-30T11:14:38.909102,ORDER_PLACEMENT_FAILED,SUNPHARMA-EQ,BUY,{"reason": "Broker API call failed", "detailed_reason": "Broker API error: Broker API call failed", "rejection_type": "API_ERROR", "quantity": 20, "capital_released": 1967.66}
2025-11-30T11:14:40.411509,ALERT_RECEIVED,M&M-EQ,BUY,{"price": 337.67, "confidence": null, "score": null}
2025-11-30T11:14:40.412252,VALIDATION_PASSED,M&M-EQ,BUY,{"price": 337.67, "confidence": null, "score": null}
2025-11-30T11:14:40.413107,ANALYTICS_APPROVED,M&M-EQ,BUY,{"tv_score": null, "analytics_signal": "ERROR_FALLBACK"}
2025-11-30T11:14:40.413515,POSITION_SIZE_CALCULATED,M&M-EQ,BUY,{"quantity": 29, "required_capital": 1992.516, "charges": 34.03}
2025-11-30T11:14:40.413640,CAPITAL_CHECK_PASSED,M&M-EQ,BUY,{"available_capital": 20000.0, "available_slots": 10}
2025-11-30T11:14:40.413986,ORDER_PLACING,M&M-EQ,BUY,{"quantity": 29, "price": 337.67, "order_type": "MARKET"}
2025-11-30T11:14:40.415356,ORDER_PLACEMENT_FAILED,M&M-EQ,BUY,{"reason": "Broker API call failed", "detailed_reason": "Broker API error: Broker API call failed", "rejection_type": "API_ERROR", "quantity": 29, "capital_released": 1992.516}
2025-11-30T11:14:41.917716,ALERT_RECEIVED,BHARTIARTL-EQ,BUY,{"price": 1054.83, "confidence": null, "score": null}
2025-11-30T11:14:41.918112,VALIDATION_PASSED,BHARTIARTL-EQ,BUY,{"price": 1054.83, "confidence": null, "score": null}
2025-11-30T11:14:41.918584,ANALYTICS_APPROVED,BHARTIARTL-EQ,BUY,{"tv_score": null, "analytics_signal": "ERROR_FALLBACK"}
2025-11-30T11:14:41.919493,POSITION_SIZE_CALCULATED,BHARTIARTL-EQ,BUY,{"quantity": 9, "required_capital": 1932.414, "charges": 33.72}
2025-11-30T11:14:41.919715,CAPITAL_CHECK_PASSED,BHARTIARTL-EQ,BUY,{"available_capital": 20000.0, "available_slots": 10}
2025-11-30T11:14:41.919969,ORDER_PLACING,BHARTIARTL-EQ,BUY,{"quantity": 9, "price": 1054.83, "order_type": "MARKET"}
2025-11-30T11:14:41.921419,ORDER_PLACEMENT_FAILED,BHARTIARTL-EQ,BUY,{"reason": "Broker API call failed", "detailed_reason": "Broker API error: Broker API call failed", "rejection_type": "API_ERROR", "quantity": 9, "capital_released": 1932.414}
2025-11-30T11:14:43.423858,ALERT_RECEIVED,ICICIBANK-EQ,BUY,{"price": 478.67, "confidence": null, "score": null}
2025-11-30T11:14:43.424529,VALIDATION_PASSED,ICICIBANK-EQ,BUY,{"price": 478.67, "confidence": null, "score": null}
2025-11-30T11:14:43.425097,ANALYTICS_APPROVED,ICICIBANK-EQ,BUY,{"tv_score": null, "analytics_signal": "ERROR_FALLBACK"}
2025-11-30T11:14:43.425404,POSITION_SIZE_CALCULATED,ICICIBANK-EQ,BUY,{"quantity": 20, "required_capital": 1948.48, "charges": 33.8}
2025-11-30T11:14:43.425525,CAPITAL_CHECK_PASSED,ICICIBANK-EQ,BUY,{"available_capital": 20000.0, "available_slots": 10}
2025-11-30T11:14:43.426191,ORDER_PLACING,ICICIBANK-EQ,BUY,{"quantity": 20, "price": 478.67, "order_type": "MARKET"}
2025-11-30T11:14:43.427527,ORDER_PLACEMENT_FAILED,ICICIBANK-EQ,BUY,{"reason": "Broker API call failed", "detailed_reason": "Broker API error: Broker API call failed", "rejection_type": "API_ERROR", "quantity": 20, "capital_released": 1948.48}
2025-11-30T11:14:44.929105,ALERT_RECEIVED,POWERGRID-EQ,BUY,{"price": 2298.55, "confidence": null, "score": null}
2025-11-30T11:14:44.929441,VALIDATION_PASSED,POWERGRID-EQ,BUY,{"price": 2298.55, "confidence": null, "score": null}
2025-11-30T11:14:44.930491,ANALYTICS_APPROVED,POWERGRID-EQ,BUY,{"tv_score": null, "analytics_signal": "ERROR_FALLBACK"}
2025-11-30T11:14:44.931012,POSITION_SIZE_CALCULATED,POWERGRID-EQ,BUY,{"quantity": 4, "required_capital": 1872.2400000000002, "charges": 33.4}
2025-11-30T11:14:44.931145,CAPITAL_CHECK_PASSED,POWERGRID-EQ,BUY,{"available_capital": 20000.0, "available_slots": 10}
2025-11-30T11:14:44.931379,ORDER_PLACING,POWERGRID-EQ,BUY,{"quantity": 4, "price": 2298.55, "order_type": "MARKET"}
2025-11-30T11:14:44.933052,ORDER_PLACEMENT_FAILED,POWERGRID-EQ,BUY,{"reason": "Broker API call failed", "detailed_reason": "Broker API error: Broker API call failed", "rejection_type": "API_ERROR", "quantity": 4, "capital_released": 1872.2400000000002}
2025-11-30T11:14:46.435438,ALERT_RECEIVED,MARUTI-EQ,BUY,{"price": 1954.43, "confidence": null, "score": null}
2025-11-30T11:14:46.435743,VALIDATION_PASSED,MARUTI-EQ,BUY,{"price": 1954.43, "confidence": null, "score": null}
2025-11-30T11:14:46.436251,ANALYTICS_APPROVED,MARUTI-EQ,BUY,{"tv_score": null, "analytics_signal": "ERROR_FALLBACK"}
2025-11-30T11:14:46.437157,POSITION_SIZE_CALCULATED,MARUTI-EQ,BUY,{"quantity": 5, "required_capital": 1988.44, "charges": 34.01}
2025-11-30T11:14:46.437596,CAPITAL_CHECK_PASSED,MARUTI-EQ,BUY,{"available_capital": 20000.0, "available_slots": 10}
2025-11-30T11:14:46.438203,ORDER_PLACING,MARUTI-EQ,BUY,{"quantity": 5, "price": 1954.43, "order_type": "MARKET"}
2025-11-30T11:14:46.439376,ORDER_PLACEMENT_FAILED,MARUTI-EQ,BUY,{"reason": "Broker API call failed", "detailed_reason": "Broker API error: Broker API call failed", "rejection_type": "API_ERROR", "quantity": 5, "capital_released": 1988.44}
2025-11-30T11:14:47.941819,ALERT_RECEIVED,ICICIBANK-EQ,BUY,{"price": 479.38, "confidence": null, "score": null}
2025-11-30T11:14:47.942086,VALIDATION_PASSED,ICICIBANK-EQ,BUY,{"price": 479.38, "confidence": null, "score": null}
2025-11-30T11:14:47.942560,ANALYTICS_APPROVED,ICICIBANK-EQ,BUY,{"tv_score": null, "analytics_signal": "ERROR_FALLBACK"}
2025-11-30T11:14:47.943741,POSITION_SIZE_CALCULATED,ICICIBANK-EQ,BUY,{"quantity": 20, "required_capital": 1951.3400000000001, "charges": 33.82}
2025-11-30T11:14:47.944018,CAPITAL_CHECK_PASSED,ICICIBANK-EQ,BUY,{"available_capital": 20000.0, "available_slots": 10}
2025-11-30T11:14:47.944271,ORDER_PLACING,ICICIBANK-EQ,BUY,{"quantity": 20, "price": 479.38, "order_type": "MARKET"}
2025-11-30T11:14:47.944903,ORDER_PLACEMENT_FAILED,ICICIBANK-EQ,BUY,{"reason": "Broker API call failed", "detailed_reason": "Broker API error: Broker API call failed", "rejection_type": "API_ERROR", "quantity": 20, "capital_released": 1951.3400000000001}
2025-11-30T11:14:49.447305,ALERT_RECEIVED,KOTAKBANK-EQ,BUY,{"price": 2428.93, "confidence": null, "score": null}
2025-11-30T11:14:49.447641,VALIDATION_PASSED,KOTAKBANK-EQ,BUY,{"price": 2428.93, "confidence": null, "score": null}
2025-11-30T11:14:49.448239,ANALYTICS_APPROVED,KOTAKBANK-EQ,BUY,{"tv_score": null, "analytics_signal": "ERROR_FALLBACK"}
2025-11-30T11:14:49.449420,POSITION_SIZE_CALCULATED,KOTAKBANK-EQ,BUY,{"quantity": 4, "required_capital": 1977.094, "charges": 33.95}
2025-11-30T11:14:49.449897,CAPITAL_CHECK_PASSED,KOTAKBANK-EQ,BUY,{"available_capital": 20000.0, "available_slots": 10}
2025-11-30T11:14:49.450434,ORDER_PLACING,KOTAKBANK-EQ,BUY,{"quantity": 4, "price": 2428.93, "order_type": "MARKET"}
2025-11-30T11:14:49.452240,ORDER_PLACEMENT_FAILED,KOTAKBANK-EQ,BUY,{"reason": "Broker API call failed", "detailed_reason": "Broker API error: Broker API call failed", "rejection_type": "API_ERROR", "quantity": 4, "capital_released": 1977.094}
2025-11-30T11:14:50.954763,ALERT_RECEIVED,ICICIBANK-EQ,BUY,{"price": 478.43, "confidence": null, "score": null}
2025-11-30T11:14:50.955061,VALIDATION_PASSED,ICICIBANK-EQ,BUY,{"price": 478.43, "confidence": null, "score": null}
2025-11-30T11:14:50.955496,ANALYTICS_APPROVED,ICICIBANK-EQ,BUY,{"tv_score": null, "analytics_signal": "ERROR_FALLBACK"}
2025-11-30T11:14:50.956552,POSITION_SIZE_CALCULATED,ICICIBANK-EQ,BUY,{"quantity": 20, "required_capital": 1947.5200000000002, "charges": 33.8}
2025-11-30T11:14:50.956902,CAPITAL_CHECK_PASSED,ICICIBANK-EQ,BUY,{"available_capital": 20000.0, "available_slots": 10}
2025-11-30T11:14:50.957195,ORDER_PLACING,ICICIBANK-EQ,BUY,{"quantity": 20, "price": 478.43, "order_type": "MARKET"}
2025-11-30T11:14:50.958670,ORDER_PLACEMENT_FAILED,ICICIBANK-EQ,BUY,{"reason": "Broker API call failed", "detailed_reason": "Broker API error: Broker API call failed", "rejection_type": "API_ERROR", "quantity": 20, "capital_released": 1947.5200000000002}
2025-11-30T11:14:52.461259,ALERT_RECEIVED,MARUTI-EQ,BUY,{"price": 1954.25, "confidence": null, "score": null}
2025-11-30T11:14:52.461901,VALIDATION_PASSED,MARUTI-EQ,BUY,{"price": 1954.25, "confidence": null, "score": null}
2025-11-30T11:14:52.462463,ANALYTICS_APPROVED,MARUTI-EQ,BUY,{"tv_score": null, "analytics_signal": "ERROR_FALLBACK"}
2025-11-30T11:14:52.463756,POSITION_SIZE_CALCULATED,MARUTI-EQ,BUY,{"quantity": 5, "required_capital": 1988.26, "charges": 34.01}
2025-11-30T11:14:52.464219,CAPITAL_CHECK_PASSED,MARUTI-EQ,BUY,{"available_capital": 20000.0, "available_slots": 10}
2025-11-30T11:14:52.464622,ORDER_PLACING,MARUTI-EQ,BUY,{"quantity": 5, "price": 1954.25, "order_type": "MARKET"}
2025-11-30T11:14:52.466218,ORDER_PLACEMENT_FAILED,MARUTI-EQ,BUY,{"reason": "Broker API call failed", "detailed_reason": "Broker API error: Broker API call failed", "rejection_type": "API_ERROR", "quantity": 5, "capital_released": 1988.26}
2025-11-30T11:14:53.968795,ALERT_RECEIVED,TCS-EQ,BUY,{"price": 2241.71, "confidence": null, "score": null}
2025-11-30T11:14:53.969063,VALIDATION_PASSED,TCS-EQ,BUY,{"price": 2241.71, "confidence": null, "score": null}
2025-11-30T11:14:53.969502,ANALYTICS_APPROVED,TCS-EQ,BUY,{"tv_score": null, "analytics_signal": "ERROR_FALLBACK"}
2025-11-30T11:14:53.970556,POSITION_SIZE_CALCULATED,TCS-EQ,BUY,{"quantity": 4, "required_capital": 1826.5180000000003, "charges": 33.15}
2025-11-30T11:14:53.970853,CAPITAL_CHECK_PASSED,TCS-EQ,BUY,{"available_capital": 20000.0, "available_slots": 10}
2025-11-30T11:14:53.971111,ORDER_PLACING,TCS-EQ,BUY,{"quantity": 4, "price": 2241.71, "order_type": "MARKET"}
2025-11-30T11:14:53.972412,ORDER_PLACEMENT_FAILED,TCS-EQ,BUY,{"reason": "Broker API call failed", "detailed_reason": "Broker API error: Broker API call failed", "rejection_type": "API_ERROR", "quantity": 4, "capital_released": 1826.5180000000003}
2025-11-30T11:14:55.474867,ALERT_RECEIVED,ICICIBANK-EQ,BUY,{"price": 478.53, "confidence": null, "score": null}
2025-11-30T11:14:55.475152,VALIDATION_PASSED,ICICIBANK-EQ,BUY,{"price": 478.53, "confidence": null, "score": null}
2025-11-30T11:14:55.475599,ANALYTICS_APPROVED,ICICIBANK-EQ,BUY,{"tv_score": null, "analytics_signal": "ERROR_FALLBACK"}
2025-11-30T11:14:55.476433,POSITION_SIZE_CALCULATED,ICICIBANK-EQ,BUY,{"quantity": 20, "required_capital": 1947.9199999999998, "charges": 33.8}
2025-11-30T11:14:55.476733,CAPITAL_CHECK_PASSED,ICICIBANK-EQ,BUY,{"available_capital": 20000.0, "available_slots": 10}
2025-11-30T11:14:55.477029,ORDER_PLACING,ICICIBANK-EQ,BUY,{"quantity": 20, "price": 478.53, "order_type": "MARKET"}
2025-11-30T11:14:55.477400,ORDER_PLACEMENT_FAILED,ICICIBANK-EQ,BUY,{"reason": "Broker API call failed", "detailed_reason": "Broker API error: Broker API call failed", "rejection_type": "API_ERROR", "quantity": 20, "capital_released": 1947.9199999999998}
2025-11-30T11:14:56.980074,ALERT_RECEIVED,WIPRO-EQ,BUY,{"price": 308.54, "confidence": null, "score": null}
2025-11-30T11:14:56.980369,VALIDATION_PASSED,WIPRO-EQ,BUY,{"price": 308.54, "confidence": null, "score": null}
2025-11-30T11:14:56.981727,ANALYTICS_APPROVED,WIPRO-EQ,BUY,{"tv_score": null, "analytics_signal": "ERROR_FALLBACK"}
2025-11-30T11:14:56.982221,POSITION_SIZE_CALCULATED,WIPRO-EQ,BUY,{"quantity": 31, "required_capital": 1946.738, "charges": 33.79}
2025-11-30T11:14:56.982410,CAPITAL_CHECK_PASSED,WIPRO-EQ,BUY,{"available_capital": 20000.0, "available_slots": 10}
2025-11-30T11:14:56.982947,ORDER_PLACING,WIPRO-EQ,BUY,{"quantity": 31, "price": 308.54, "order_type": "MARKET"}
2025-11-30T11:14:56.984352,ORDER_PLACEMENT_FAILED,WIPRO-EQ,BUY,{"reason": "Broker API call failed", "detailed_reason": "Broker API error: Broker API call failed", "rejection_type": "API_ERROR", "quantity": 31, "capital_released": 1946.738}
2025-11-30T11:14:58.486773,ALERT_RECEIVED,KOTAKBANK-EQ,BUY,{"price": 2429.32, "confidence": null, "score": null}
2025-11-30T11:14:58.487042,VALIDATION_PASSED,KOTAKBANK-EQ,BUY,{"price": 2429.32, "confidence": null, "score": null}
2025-11-30T11:14:58.487489,ANALYTICS_APPROVED,KOTAKBANK-EQ,BUY,{"tv_score": null, "analytics_signal": "ERROR_FALLBACK"}
2025-11-30T11:14:58.488628,POSITION_SIZE_CALCULATED,KOTAKBANK-EQ,BUY,{"quantity": 4, "required_capital": 1977.4060000000002, "charges": 33.95}
2025-11-30T11:14:58.488990,CAPITAL_CHECK_PASSED,KOTAKBANK-EQ,BUY,{"available_capital": 20000.0, "available_slots": 10}
2025-11-30T11:14:58.489269,ORDER_PLACING,KOTAKBANK-EQ,BUY,{"quantity": 4, "price": 2429.32, "order_type": "MARKET"}
2025-11-30T11:14:58.490811,ORDER_PLACEMENT_FAILED,KOTAKBANK-EQ,BUY,{"reason": "Broker API call failed", "detailed_reason": "Broker API error: Broker API call failed", "rejection_type": "API_ERROR", "quantity": 4, "capital_released": 1977.4060000000002}
2025-11-30T11:14:59.993323,ALERT_RECEIVED,WIPRO-EQ,BUY,{"price": 308.5, "confidence": null, "score": null}
2025-11-30T11:14:59.993715,VALIDATION_PASSED,WIPRO-EQ,BUY,{"price": 308.5, "confidence": null, "score": null}
2025-11-30T11:14:59.994356,ANALYTICS_APPROVED,WIPRO-EQ,BUY,{"tv_score": null, "analytics_signal": "ERROR_FALLBACK"}
2025-11-30T11:14:59.995822,POSITION_SIZE_CALCULATED,WIPRO-EQ,BUY,{"quantity": 31, "required_capital": 1946.49, "charges": 33.79}
2025-11-30T11:14:59.996298,CAPITAL_CHECK_PASSED,WIPRO-EQ,BUY,{"available_capital": 20000.0, "available_slots": 10}
2025-11-30T11:14:59.997276,ORDER_PLACING,WIPRO-EQ,BUY,{"quantity": 31, "price": 308.5, "order_type": "MARKET"}
2025-11-30T11:14:59.997972,ORDER_PLACEMENT_FAILED,WIPRO-EQ,BUY,{"reason": "Broker API call failed", "detailed_reason": "Broker API error: Broker API call failed", "rejection_type": "API_ERROR", "quantity": 31, "capital_released": 1946.49}
2025-11-30T11:15:01.500412,ALERT_RECEIVED,KOTAKBANK-EQ,BUY,{"price": 2428.72, "confidence": null, "score": null}
2025-11-30T11:15:01.501269,VALIDATION_PASSED,KOTAKBANK-EQ,BUY,{"price": 2428.72, "confidence": null, "score": null}
2025-11-30T11:15:01.503263,ANALYTICS_APPROVED,KOTAKBANK-EQ,BUY,{"tv_score": null, "analytics_signal": "ERROR_FALLBACK"}
2025-11-30T11:15:01.504402,POSITION_SIZE_CALCULATED,KOTAKBANK-EQ,BUY,{"quantity": 4, "required_capital": 1976.926, "charges": 33.95}
2025-11-30T11:15:01.505099,CAPITAL_CHECK_PASSED,KOTAKBANK-EQ,BUY,{"available_capital": 20000.0, "available_slots": 10}
2025-11-30T11:15:01.506696,ORDER_PLACING,KOTAKBANK-EQ,BUY,{"quantity": 4, "price": 2428.72, "order_type": "MARKET"}
2025-11-30T11:15:01.509298,ORDER_PLACEMENT_FAILED,KOTAKBANK-EQ,BUY,{"reason": "Broker API call failed", "detailed_reason": "Broker API error: Broker API call failed", "rejection_type": "API_ERROR", "quantity": 4, "capital_released": 1976.926}
2025-11-30T11:15:03.012232,ALERT_RECEIVED,ICICIBANK-EQ,BUY,{"price": 478.29, "confidence": null, "score": null}
2025-11-30T11:15:03.013979,VALIDATION_PASSED,ICICIBANK-EQ,BUY,{"price": 478.29, "confidence": null, "score": null}
2025-11-30T11:15:03.017879,ANALYTICS_APPROVED,ICICIBANK-EQ,BUY,{"tv_score": null, "analytics_signal": "ERROR_FALLBACK"}
2025-11-30T11:15:03.019976,POSITION_SIZE_CALCULATED,ICICIBANK-EQ,BUY,{"quantity": 20, "required_capital": 1946.9500000000003, "charges": 33.79}
2025-11-30T11:15:03.021051,CAPITAL_CHECK_PASSED,ICICIBANK-EQ,BUY,{"available_capital": 20000.0, "available_slots": 10}
2025-11-30T11:15:03.022367,ORDER_PLACING,ICICIBANK-EQ,BUY,{"quantity": 20, "price": 478.29, "order_type": "MARKET"}
2025-11-30T11:15:03.029714,ORDER_PLACEMENT_FAILED,ICICIBANK-EQ,BUY,{"reason": "Broker API call failed", "detailed_reason": "Broker API error: Broker API call failed", "rejection_type": "API_ERROR", "quantity": 20, "capital_released": 1946.9500000000003}
2025-11-30T15:10:41.307878,ALERT_RECEIVED,NIFTY50-EQ,BUY,{"price": 23150.0, "confidence": null, "score": null}
2025-11-30T15:10:41.309215,VALIDATION_PASSED,NIFTY50-EQ,BUY,{"price": 23150.0, "confidence": null, "score": null}
2025-11-30T15:10:41.311121,ANALYTICS_APPROVED,NIFTY50-EQ,BUY,{"tv_score": null, "analytics_signal": "ERROR_FALLBACK"}
2025-11-30T15:10:41.312369,POSITION_SIZE_CALCULATED,NIFTY50-EQ,BUY,{"quantity": 1, "required_capital": 4678.27, "charges": 48.27}
2025-11-30T15:10:41.313018,CAPITAL_CHECK_FAILED,NIFTY50-EQ,BUY,{"required_capital": 4678.27, "reason": "Trade capital exceeds limit (need: 4678.27, limit: 2000.0)", "available_capital": 20000.0, "available_slots": 10}
